kmer_id	chromosome	bin_100kb	bin_start_0based	outside_broad_CenSat	exact_hits
k16_00c14d34	chr1	1269	126900000	0	34
k16_00c14d34	chr1	1270	127000000	0	38
k16_00c14d34	chr1	1271	127100000	0	35
k16_00c14d34	chr1	1272	127200000	0	9
k16_00c14d34	chr1	1273	127300000	0	26
k16_00c14d34	chr1	1274	127400000	0	47
k16_00c14d34	chr1	1287	128700000	0	11
k16_00c14d34	chr1	1290	129000000	0	35
k16_00c14d34	chr1	1291	129100000	0	32
k16_00c14d34	chr1	1292	129200000	0	31
k16_00c14d34	chr1	1293	129300000	0	26
k16_00c14d34	chr1	1294	129400000	0	11
k16_00c14d34	chr1	1295	129500000	0	21
k16_00c14d34	chr1	1296	129600000	0	30
k16_00c14d34	chr1	1297	129700000	0	50
k16_00c14d34	chr1	1298	129800000	0	48
k16_00c14d34	chr1	1299	129900000	0	55
k16_00c14d34	chr1	1300	130000000	0	63
k16_00c14d34	chr1	1301	130100000	0	70
k16_00c14d34	chr1	1302	130200000	0	55
k16_00c14d34	chr1	1303	130300000	0	50
k16_00c14d34	chr1	1304	130400000	0	50
k16_00c14d34	chr1	1305	130500000	0	47
k16_00c14d34	chr1	1306	130600000	0	60
k16_00c14d34	chr1	1307	130700000	0	58
k16_00c14d34	chr1	1308	130800000	0	51
k16_00c14d34	chr1	1309	130900000	0	60
k16_00c14d34	chr1	1310	131000000	0	71
k16_00c14d34	chr1	1311	131100000	0	56
k16_00c14d34	chr1	1312	131200000	0	57
k16_00c14d34	chr1	1313	131300000	0	54
k16_00c14d34	chr1	1314	131400000	0	56
k16_00c14d34	chr1	1315	131500000	0	58
k16_00c14d34	chr1	1316	131600000	0	56
k16_00c14d34	chr1	1317	131700000	0	56
k16_00c14d34	chr1	1318	131800000	0	55
k16_00c14d34	chr1	1319	131900000	0	73
k16_00c14d34	chr1	1320	132000000	0	57
k16_00c14d34	chr1	1321	132100000	0	49
k16_00c14d34	chr1	1322	132200000	0	55
k16_00c14d34	chr1	1323	132300000	0	73
k16_00c14d34	chr1	1324	132400000	0	67
k16_00c14d34	chr1	1325	132500000	0	58
k16_00c14d34	chr1	1326	132600000	0	56
k16_00c14d34	chr1	1327	132700000	0	58
k16_00c14d34	chr1	1328	132800000	0	54
k16_00c14d34	chr1	1329	132900000	0	66
k16_00c14d34	chr1	1330	133000000	0	54
k16_00c14d34	chr1	1331	133100000	0	54
k16_00c14d34	chr1	1332	133200000	0	49
k16_00c14d34	chr1	1333	133300000	0	57
k16_00c14d34	chr1	1334	133400000	0	55
k16_00c14d34	chr1	1335	133500000	0	52
k16_00c14d34	chr1	1336	133600000	0	48
k16_00c14d34	chr1	1337	133700000	0	57
k16_00c14d34	chr1	1338	133800000	0	58
k16_00c14d34	chr1	1339	133900000	0	74
k16_00c14d34	chr1	1340	134000000	0	59
k16_00c14d34	chr1	1341	134100000	0	52
k16_00c14d34	chr1	1342	134200000	0	53
k16_00c14d34	chr1	1343	134300000	0	56
k16_00c14d34	chr1	1344	134400000	0	77
k16_00c14d34	chr1	1345	134500000	0	56
k16_00c14d34	chr1	1346	134600000	0	51
k16_00c14d34	chr1	1347	134700000	0	55
k16_00c14d34	chr1	1348	134800000	0	53
k16_00c14d34	chr1	1349	134900000	0	54
k16_00c14d34	chr1	1350	135000000	0	53
k16_00c14d34	chr1	1351	135100000	0	57
k16_00c14d34	chr1	1352	135200000	0	53
k16_00c14d34	chr1	1353	135300000	0	53
k16_00c14d34	chr1	1354	135400000	0	52
k16_00c14d34	chr1	1355	135500000	0	58
k16_00c14d34	chr1	1356	135600000	0	55
k16_00c14d34	chr1	1357	135700000	0	62
k16_00c14d34	chr1	1358	135800000	0	59
k16_00c14d34	chr1	1359	135900000	0	57
k16_00c14d34	chr1	1360	136000000	0	56
k16_00c14d34	chr1	1361	136100000	0	56
k16_00c14d34	chr1	1362	136200000	0	55
k16_00c14d34	chr1	1363	136300000	0	66
k16_00c14d34	chr1	1364	136400000	0	61
k16_00c14d34	chr1	1365	136500000	0	60
k16_00c14d34	chr1	1366	136600000	0	62
k16_00c14d34	chr1	1367	136700000	0	54
k16_00c14d34	chr1	1368	136800000	0	50
k16_00c14d34	chr1	1369	136900000	0	62
k16_00c14d34	chr1	1370	137000000	0	63
k16_00c14d34	chr1	1371	137100000	0	57
k16_00c14d34	chr1	1372	137200000	0	57
k16_00c14d34	chr1	1373	137300000	0	49
k16_00c14d34	chr1	1374	137400000	0	49
k16_00c14d34	chr1	1375	137500000	0	48
k16_00c14d34	chr1	1376	137600000	0	59
k16_00c14d34	chr1	1377	137700000	0	57
k16_00c14d34	chr1	1378	137800000	0	48
k16_00c14d34	chr1	1379	137900000	0	52
k16_00c14d34	chr1	1380	138000000	0	63
k16_00c14d34	chr1	1381	138100000	0	54
k16_00c14d34	chr1	1382	138200000	0	58
k16_00c14d34	chr1	1383	138300000	0	61
k16_00c14d34	chr1	1384	138400000	0	55
k16_00c14d34	chr1	1385	138500000	0	46
k16_00c14d34	chr1	1386	138600000	0	59
k16_00c14d34	chr1	1387	138700000	0	59
k16_00c14d34	chr1	1388	138800000	0	58
k16_00c14d34	chr1	1389	138900000	0	57
k16_00c14d34	chr1	1390	139000000	0	56
k16_00c14d34	chr1	1391	139100000	0	57
k16_00c14d34	chr1	1392	139200000	0	53
k16_00c14d34	chr1	1393	139300000	0	57
k16_00c14d34	chr1	1394	139400000	0	53
k16_00c14d34	chr1	1395	139500000	0	42
k16_00c14d34	chr1	1396	139600000	0	36
k16_00c14d34	chr1	1397	139700000	0	45
k16_00c14d34	chr1	1398	139800000	0	60
k16_00c14d34	chr1	1399	139900000	0	59
k16_00c14d34	chr1	1400	140000000	0	33
k16_00c14d34	chr1	1401	140100000	0	40
k16_00c14d34	chr1	1402	140200000	0	45
k16_00c14d34	chr1	1403	140300000	0	46
k16_00c14d34	chr1	1404	140400000	0	46
k16_00c14d34	chr1	1405	140500000	0	42
k16_00c14d34	chr1	1406	140600000	0	53
k16_00c14d34	chr1	1407	140700000	0	64
k16_00c14d34	chr1	1408	140800000	0	57
k16_00c14d34	chr1	1409	140900000	0	37
k16_00c14d34	chr1	1410	141000000	0	46
k16_00c14d34	chr1	1411	141100000	0	44
k16_00c14d34	chr1	1412	141200000	0	52
k16_00c14d34	chr1	1413	141300000	0	59
k16_00c14d34	chr1	1414	141400000	0	62
k16_00c14d34	chr1	1415	141500000	0	48
k16_00c14d34	chr1	1416	141600000	0	40
k16_00c14d34	chr1	1417	141700000	0	46
k16_00c14d34	chr1	1418	141800000	0	45
k16_00c14d34	chr1	1419	141900000	0	50
k16_00c14d34	chr1	1420	142000000	0	36
k16_00c14d34	chr1	1421	142100000	0	48
k16_00c14d34	chr1	1422	142200000	0	25
k16_00c14d34	chr2	480	48000000	1	1
k16_00c14d34	chr2	1357	135700000	1	1
k16_00c14d34	chr6	968	96800000	1	1
k16_00c14d34	chr8	1357	135700000	1	1
k16_00c14d34	chr10	420	42000000	0	3
k16_00c14d34	chr10	425	42500000	0	11
k16_00c14d34	chr10	426	42600000	0	29
k16_00c14d34	chr10	427	42700000	0	19
k16_00c14d34	chr10	429	42900000	0	5
k16_00c14d34	chr10	738	73800000	1	1
k16_00c14d34	chr10	867	86700000	1	1
k16_00c14d34	chr13	351	35100000	1	1
k16_00c14d34	chr13	958	95800000	1	1
k16_00c14d34	chr14	278	27800000	1	1
k16_00c14d34	chr15	851	85100000	1	1
k16_00c14d34	chr16	152	15200000	1	1
k16_00c14d34	chr16	165	16500000	1	1
k16_00c14d34	chr16	182	18200000	1	1
k16_00c14d34	chr20	509	50900000	1	1
k16_00c14d34	chr21	333	33300000	1	1
k16_00c14d34	chrX	1286	128600000	1	1
k16_0320c806	chr20	325	32500000	0	4
k16_0320c806	chr20	326	32600000	0	11
k16_0320c806	chr20	327	32700000	0	21
k16_0534d0fa	chr1	1269	126900000	0	37
k16_0534d0fa	chr1	1270	127000000	0	43
k16_0534d0fa	chr1	1271	127100000	0	34
k16_0534d0fa	chr1	1272	127200000	0	15
k16_0534d0fa	chr1	1273	127300000	0	26
k16_0534d0fa	chr1	1274	127400000	0	47
k16_0534d0fa	chr1	1287	128700000	0	8
k16_0534d0fa	chr1	1290	129000000	0	35
k16_0534d0fa	chr1	1291	129100000	0	31
k16_0534d0fa	chr1	1292	129200000	0	31
k16_0534d0fa	chr1	1293	129300000	0	24
k16_0534d0fa	chr1	1294	129400000	0	12
k16_0534d0fa	chr1	1295	129500000	0	20
k16_0534d0fa	chr1	1296	129600000	0	34
k16_0534d0fa	chr1	1297	129700000	0	50
k16_0534d0fa	chr1	1298	129800000	0	48
k16_0534d0fa	chr1	1299	129900000	0	43
k16_0534d0fa	chr1	1300	130000000	0	47
k16_0534d0fa	chr1	1301	130100000	0	55
k16_0534d0fa	chr1	1302	130200000	0	47
k16_0534d0fa	chr1	1303	130300000	0	42
k16_0534d0fa	chr1	1304	130400000	0	51
k16_0534d0fa	chr1	1305	130500000	0	51
k16_0534d0fa	chr1	1306	130600000	0	61
k16_0534d0fa	chr1	1307	130700000	0	57
k16_0534d0fa	chr1	1308	130800000	0	51
k16_0534d0fa	chr1	1309	130900000	0	54
k16_0534d0fa	chr1	1310	131000000	0	52
k16_0534d0fa	chr1	1311	131100000	0	49
k16_0534d0fa	chr1	1312	131200000	0	53
k16_0534d0fa	chr1	1313	131300000	0	53
k16_0534d0fa	chr1	1314	131400000	0	50
k16_0534d0fa	chr1	1315	131500000	0	50
k16_0534d0fa	chr1	1316	131600000	0	51
k16_0534d0fa	chr1	1317	131700000	0	55
k16_0534d0fa	chr1	1318	131800000	0	55
k16_0534d0fa	chr1	1319	131900000	0	52
k16_0534d0fa	chr1	1320	132000000	0	49
k16_0534d0fa	chr1	1321	132100000	0	49
k16_0534d0fa	chr1	1322	132200000	0	44
k16_0534d0fa	chr1	1323	132300000	0	49
k16_0534d0fa	chr1	1324	132400000	0	53
k16_0534d0fa	chr1	1325	132500000	0	51
k16_0534d0fa	chr1	1326	132600000	0	52
k16_0534d0fa	chr1	1327	132700000	0	57
k16_0534d0fa	chr1	1328	132800000	0	54
k16_0534d0fa	chr1	1329	132900000	0	51
k16_0534d0fa	chr1	1330	133000000	0	49
k16_0534d0fa	chr1	1331	133100000	0	51
k16_0534d0fa	chr1	1332	133200000	0	39
k16_0534d0fa	chr1	1333	133300000	0	54
k16_0534d0fa	chr1	1334	133400000	0	52
k16_0534d0fa	chr1	1335	133500000	0	51
k16_0534d0fa	chr1	1336	133600000	0	38
k16_0534d0fa	chr1	1337	133700000	0	56
k16_0534d0fa	chr1	1338	133800000	0	51
k16_0534d0fa	chr1	1339	133900000	0	51
k16_0534d0fa	chr1	1340	134000000	0	55
k16_0534d0fa	chr1	1341	134100000	0	52
k16_0534d0fa	chr1	1342	134200000	0	50
k16_0534d0fa	chr1	1343	134300000	0	53
k16_0534d0fa	chr1	1344	134400000	0	52
k16_0534d0fa	chr1	1345	134500000	0	52
k16_0534d0fa	chr1	1346	134600000	0	51
k16_0534d0fa	chr1	1347	134700000	0	48
k16_0534d0fa	chr1	1348	134800000	0	49
k16_0534d0fa	chr1	1349	134900000	0	54
k16_0534d0fa	chr1	1350	135000000	0	53
k16_0534d0fa	chr1	1351	135100000	0	57
k16_0534d0fa	chr1	1352	135200000	0	53
k16_0534d0fa	chr1	1353	135300000	0	53
k16_0534d0fa	chr1	1354	135400000	0	48
k16_0534d0fa	chr1	1355	135500000	0	48
k16_0534d0fa	chr1	1356	135600000	0	47
k16_0534d0fa	chr1	1357	135700000	0	55
k16_0534d0fa	chr1	1358	135800000	0	54
k16_0534d0fa	chr1	1359	135900000	0	54
k16_0534d0fa	chr1	1360	136000000	0	56
k16_0534d0fa	chr1	1361	136100000	0	55
k16_0534d0fa	chr1	1362	136200000	0	53
k16_0534d0fa	chr1	1363	136300000	0	52
k16_0534d0fa	chr1	1364	136400000	0	42
k16_0534d0fa	chr1	1365	136500000	0	56
k16_0534d0fa	chr1	1366	136600000	0	57
k16_0534d0fa	chr1	1367	136700000	0	54
k16_0534d0fa	chr1	1368	136800000	0	50
k16_0534d0fa	chr1	1369	136900000	0	55
k16_0534d0fa	chr1	1370	137000000	0	48
k16_0534d0fa	chr1	1371	137100000	0	53
k16_0534d0fa	chr1	1372	137200000	0	50
k16_0534d0fa	chr1	1373	137300000	0	47
k16_0534d0fa	chr1	1374	137400000	0	49
k16_0534d0fa	chr1	1375	137500000	0	49
k16_0534d0fa	chr1	1376	137600000	0	53
k16_0534d0fa	chr1	1377	137700000	0	51
k16_0534d0fa	chr1	1378	137800000	0	48
k16_0534d0fa	chr1	1379	137900000	0	53
k16_0534d0fa	chr1	1380	138000000	0	53
k16_0534d0fa	chr1	1381	138100000	0	49
k16_0534d0fa	chr1	1382	138200000	0	58
k16_0534d0fa	chr1	1383	138300000	0	59
k16_0534d0fa	chr1	1384	138400000	0	48
k16_0534d0fa	chr1	1385	138500000	0	41
k16_0534d0fa	chr1	1386	138600000	0	59
k16_0534d0fa	chr1	1387	138700000	0	59
k16_0534d0fa	chr1	1388	138800000	0	58
k16_0534d0fa	chr1	1389	138900000	0	58
k16_0534d0fa	chr1	1390	139000000	0	55
k16_0534d0fa	chr1	1391	139100000	0	56
k16_0534d0fa	chr1	1392	139200000	0	53
k16_0534d0fa	chr1	1393	139300000	0	56
k16_0534d0fa	chr1	1394	139400000	0	56
k16_0534d0fa	chr1	1395	139500000	0	35
k16_0534d0fa	chr1	1396	139600000	0	44
k16_0534d0fa	chr1	1397	139700000	0	48
k16_0534d0fa	chr1	1398	139800000	0	61
k16_0534d0fa	chr1	1399	139900000	0	60
k16_0534d0fa	chr1	1400	140000000	0	35
k16_0534d0fa	chr1	1401	140100000	0	42
k16_0534d0fa	chr1	1402	140200000	0	43
k16_0534d0fa	chr1	1403	140300000	0	45
k16_0534d0fa	chr1	1404	140400000	0	46
k16_0534d0fa	chr1	1405	140500000	0	41
k16_0534d0fa	chr1	1406	140600000	0	41
k16_0534d0fa	chr1	1407	140700000	0	64
k16_0534d0fa	chr1	1408	140800000	0	57
k16_0534d0fa	chr1	1409	140900000	0	40
k16_0534d0fa	chr1	1410	141000000	0	44
k16_0534d0fa	chr1	1411	141100000	0	43
k16_0534d0fa	chr1	1412	141200000	0	51
k16_0534d0fa	chr1	1413	141300000	0	60
k16_0534d0fa	chr1	1414	141400000	0	62
k16_0534d0fa	chr1	1415	141500000	0	48
k16_0534d0fa	chr1	1416	141600000	0	43
k16_0534d0fa	chr1	1417	141700000	0	45
k16_0534d0fa	chr1	1418	141800000	0	44
k16_0534d0fa	chr1	1419	141900000	0	50
k16_0534d0fa	chr1	1420	142000000	0	37
k16_0534d0fa	chr1	1421	142100000	0	45
k16_0534d0fa	chr1	1422	142200000	0	20
k16_0534d0fa	chr10	420	42000000	0	2
k16_0534d0fa	chr10	425	42500000	0	9
k16_0534d0fa	chr10	426	42600000	0	25
k16_0534d0fa	chr10	427	42700000	0	16
k16_0534d0fa	chr10	429	42900000	0	6
k16_0560c43a	chr9	484	48400000	0	2
k16_0560c43a	chr9	485	48500000	0	3
k16_0560c43a	chr9	493	49300000	0	2
k16_0560c43a	chr9	494	49400000	0	12
k16_0560c43a	chr9	495	49500000	0	11
k16_0560c43a	chr9	496	49600000	0	9
k16_0560c43a	chr9	497	49700000	0	13
k16_0560c43a	chr9	498	49800000	0	14
k16_0560c43a	chr9	499	49900000	0	12
k16_0560c43a	chr9	500	50000000	0	13
k16_0560c43a	chr9	501	50100000	0	15
k16_0560c43a	chr9	502	50200000	0	13
k16_0560c43a	chr9	503	50300000	0	13
k16_0560c43a	chr9	504	50400000	0	15
k16_0560c43a	chr9	505	50500000	0	16
k16_0560c43a	chr9	506	50600000	0	11
k16_0560c43a	chr9	507	50700000	0	17
k16_0560c43a	chr9	508	50800000	0	13
k16_0560c43a	chr9	509	50900000	0	17
k16_0560c43a	chr9	510	51000000	0	12
k16_0560c43a	chr9	511	51100000	0	18
k16_0560c43a	chr9	512	51200000	0	6
k16_0560c43a	chr9	513	51300000	0	4
k16_0560c43a	chr9	514	51400000	0	9
k16_0560c43a	chr9	515	51500000	0	13
k16_0560c43a	chr9	516	51600000	0	17
k16_0560c43a	chr9	517	51700000	0	1
k16_0560c43a	chr9	518	51800000	0	6
k16_0560c43a	chr9	519	51900000	0	13
k16_0560c43a	chr9	520	52000000	0	13
k16_0560c43a	chr9	521	52100000	0	10
k16_0560c43a	chr9	522	52200000	0	13
k16_0560c43a	chr9	523	52300000	0	14
k16_0560c43a	chr9	524	52400000	0	8
k16_0560c43a	chr9	525	52500000	0	17
k16_0560c43a	chr9	526	52600000	0	11
k16_0560c43a	chr9	527	52700000	0	6
k16_0560c43a	chr9	528	52800000	0	16
k16_0560c43a	chr9	529	52900000	0	13
k16_0560c43a	chr9	530	53000000	0	16
k16_0560c43a	chr9	531	53100000	0	17
k16_0560c43a	chr9	532	53200000	0	8
k16_0560c43a	chr9	533	53300000	0	8
k16_0560c43a	chr9	534	53400000	0	7
k16_0560c43a	chr9	535	53500000	0	14
k16_0560c43a	chr9	536	53600000	0	8
k16_0560c43a	chr9	537	53700000	0	17
k16_0560c43a	chr9	538	53800000	0	10
k16_0560c43a	chr9	539	53900000	0	13
k16_0560c43a	chr9	540	54000000	0	14
k16_0560c43a	chr9	541	54100000	0	19
k16_0560c43a	chr9	542	54200000	0	17
k16_0560c43a	chr9	543	54300000	0	18
k16_0560c43a	chr9	544	54400000	0	12
k16_0560c43a	chr9	545	54500000	0	16
k16_0560c43a	chr9	546	54600000	0	12
k16_0560c43a	chr9	547	54700000	0	11
k16_0560c43a	chr9	548	54800000	0	19
k16_0560c43a	chr9	549	54900000	0	12
k16_0560c43a	chr9	550	55000000	0	25
k16_0560c43a	chr9	551	55100000	0	13
k16_0560c43a	chr9	552	55200000	0	9
k16_0560c43a	chr9	553	55300000	0	19
k16_0560c43a	chr9	554	55400000	0	16
k16_0560c43a	chr9	555	55500000	0	10
k16_0560c43a	chr9	556	55600000	0	12
k16_0560c43a	chr9	557	55700000	0	13
k16_0560c43a	chr9	558	55800000	0	5
k16_0560c43a	chr9	559	55900000	0	12
k16_0560c43a	chr9	560	56000000	0	11
k16_0560c43a	chr9	561	56100000	0	24
k16_0560c43a	chr9	562	56200000	0	21
k16_0560c43a	chr9	563	56300000	0	19
k16_0560c43a	chr9	564	56400000	0	20
k16_0560c43a	chr9	565	56500000	0	16
k16_0560c43a	chr9	566	56600000	0	10
k16_0560c43a	chr9	567	56700000	0	13
k16_0560c43a	chr9	568	56800000	0	12
k16_0560c43a	chr9	569	56900000	0	14
k16_0560c43a	chr9	570	57000000	0	13
k16_0560c43a	chr9	571	57100000	0	5
k16_0560c43a	chr9	572	57200000	0	25
k16_0560c43a	chr9	573	57300000	0	18
k16_0560c43a	chr9	574	57400000	0	10
k16_0560c43a	chr9	575	57500000	0	6
k16_0560c43a	chr9	576	57600000	0	11
k16_0560c43a	chr9	577	57700000	0	8
k16_0560c43a	chr9	578	57800000	0	17
k16_0560c43a	chr9	579	57900000	0	13
k16_0560c43a	chr9	580	58000000	0	20
k16_0560c43a	chr9	581	58100000	0	14
k16_0560c43a	chr9	582	58200000	0	7
k16_0560c43a	chr9	583	58300000	0	10
k16_0560c43a	chr9	584	58400000	0	9
k16_0560c43a	chr9	585	58500000	0	11
k16_0560c43a	chr9	586	58600000	0	17
k16_0560c43a	chr9	587	58700000	0	7
k16_0560c43a	chr9	588	58800000	0	6
k16_0560c43a	chr9	589	58900000	0	15
k16_0560c43a	chr9	590	59000000	0	17
k16_0560c43a	chr9	591	59100000	0	16
k16_0560c43a	chr9	592	59200000	0	12
k16_0560c43a	chr9	593	59300000	0	19
k16_0560c43a	chr9	594	59400000	0	12
k16_0560c43a	chr9	595	59500000	0	15
k16_0560c43a	chr9	596	59600000	0	28
k16_0560c43a	chr9	597	59700000	0	27
k16_0560c43a	chr9	598	59800000	0	16
k16_0560c43a	chr9	599	59900000	0	15
k16_0560c43a	chr9	600	60000000	0	10
k16_0560c43a	chr9	601	60100000	0	11
k16_0560c43a	chr9	602	60200000	0	14
k16_0560c43a	chr9	603	60300000	0	12
k16_0560c43a	chr9	604	60400000	0	10
k16_0560c43a	chr9	605	60500000	0	6
k16_0560c43a	chr9	606	60600000	0	12
k16_0560c43a	chr9	607	60700000	0	10
k16_0560c43a	chr9	608	60800000	0	11
k16_0560c43a	chr9	609	60900000	0	10
k16_0560c43a	chr9	610	61000000	0	17
k16_0560c43a	chr9	611	61100000	0	14
k16_0560c43a	chr9	612	61200000	0	11
k16_0560c43a	chr9	613	61300000	0	17
k16_0560c43a	chr9	614	61400000	0	7
k16_0560c43a	chr9	615	61500000	0	11
k16_0560c43a	chr9	616	61600000	0	16
k16_0560c43a	chr9	617	61700000	0	13
k16_0560c43a	chr9	618	61800000	0	20
k16_0560c43a	chr9	619	61900000	0	9
k16_0560c43a	chr9	620	62000000	0	7
k16_0560c43a	chr9	621	62100000	0	14
k16_0560c43a	chr9	622	62200000	0	11
k16_0560c43a	chr9	623	62300000	0	9
k16_0560c43a	chr9	624	62400000	0	15
k16_0560c43a	chr9	625	62500000	0	13
k16_0560c43a	chr9	626	62600000	0	9
k16_0560c43a	chr9	627	62700000	0	15
k16_0560c43a	chr9	628	62800000	0	9
k16_0560c43a	chr9	629	62900000	0	31
k16_0560c43a	chr9	630	63000000	0	16
k16_0560c43a	chr9	631	63100000	0	17
k16_0560c43a	chr9	632	63200000	0	15
k16_0560c43a	chr9	633	63300000	0	13
k16_0560c43a	chr9	634	63400000	0	23
k16_0560c43a	chr9	635	63500000	0	11
k16_0560c43a	chr9	636	63600000	0	19
k16_0560c43a	chr9	637	63700000	0	15
k16_0560c43a	chr9	638	63800000	0	7
k16_0560c43a	chr9	639	63900000	0	8
k16_0560c43a	chr9	640	64000000	0	7
k16_0560c43a	chr9	641	64100000	0	10
k16_0560c43a	chr9	642	64200000	0	11
k16_0560c43a	chr9	643	64300000	0	10
k16_0560c43a	chr9	644	64400000	0	15
k16_0560c43a	chr9	645	64500000	0	15
k16_0560c43a	chr9	646	64600000	0	6
k16_0560c43a	chr9	647	64700000	0	18
k16_0560c43a	chr9	648	64800000	0	11
k16_0560c43a	chr9	649	64900000	0	6
k16_0560c43a	chr9	650	65000000	0	13
k16_0560c43a	chr9	651	65100000	0	13
k16_0560c43a	chr9	652	65200000	0	12
k16_0560c43a	chr9	653	65300000	0	9
k16_0560c43a	chr9	654	65400000	0	17
k16_0560c43a	chr9	655	65500000	0	17
k16_0560c43a	chr9	656	65600000	0	20
k16_0560c43a	chr9	657	65700000	0	15
k16_0560c43a	chr9	658	65800000	0	7
k16_0560c43a	chr9	659	65900000	0	21
k16_0560c43a	chr9	660	66000000	0	16
k16_0560c43a	chr9	661	66100000	0	7
k16_0560c43a	chr9	662	66200000	0	10
k16_0560c43a	chr9	663	66300000	0	14
k16_0560c43a	chr9	664	66400000	0	6
k16_0560c43a	chr9	665	66500000	0	12
k16_0560c43a	chr9	666	66600000	0	8
k16_0560c43a	chr9	667	66700000	0	16
k16_0560c43a	chr9	668	66800000	0	26
k16_0560c43a	chr9	669	66900000	0	23
k16_0560c43a	chr9	670	67000000	0	18
k16_0560c43a	chr9	671	67100000	0	18
k16_0560c43a	chr9	672	67200000	0	9
k16_0560c43a	chr9	673	67300000	0	14
k16_0560c43a	chr9	674	67400000	0	10
k16_0560c43a	chr9	675	67500000	0	15
k16_0560c43a	chr9	676	67600000	0	14
k16_0560c43a	chr9	677	67700000	0	5
k16_0560c43a	chr9	678	67800000	0	23
k16_0560c43a	chr9	679	67900000	0	18
k16_0560c43a	chr9	680	68000000	0	10
k16_0560c43a	chr9	681	68100000	0	7
k16_0560c43a	chr9	682	68200000	0	14
k16_0560c43a	chr9	683	68300000	0	7
k16_0560c43a	chr9	684	68400000	0	12
k16_0560c43a	chr9	685	68500000	0	15
k16_0560c43a	chr9	686	68600000	0	21
k16_0560c43a	chr9	687	68700000	0	12
k16_0560c43a	chr9	688	68800000	0	11
k16_0560c43a	chr9	689	68900000	0	8
k16_0560c43a	chr9	690	69000000	0	12
k16_0560c43a	chr9	691	69100000	0	10
k16_0560c43a	chr9	692	69200000	0	19
k16_0560c43a	chr9	693	69300000	0	7
k16_0560c43a	chr9	694	69400000	0	6
k16_0560c43a	chr9	695	69500000	0	17
k16_0560c43a	chr9	696	69600000	0	16
k16_0560c43a	chr9	697	69700000	0	19
k16_0560c43a	chr9	698	69800000	0	12
k16_0560c43a	chr9	699	69900000	0	18
k16_0560c43a	chr9	700	70000000	0	11
k16_0560c43a	chr9	701	70100000	0	16
k16_0560c43a	chr9	702	70200000	0	27
k16_0560c43a	chr9	703	70300000	0	29
k16_0560c43a	chr9	704	70400000	0	19
k16_0560c43a	chr9	705	70500000	0	12
k16_0560c43a	chr9	706	70600000	0	11
k16_0560c43a	chr9	707	70700000	0	11
k16_0560c43a	chr9	708	70800000	0	10
k16_0560c43a	chr9	709	70900000	0	15
k16_0560c43a	chr9	710	71000000	0	9
k16_0560c43a	chr9	711	71100000	0	9
k16_0560c43a	chr9	712	71200000	0	7
k16_0560c43a	chr9	713	71300000	0	14
k16_0560c43a	chr9	714	71400000	0	14
k16_0560c43a	chr9	715	71500000	0	12
k16_0560c43a	chr9	716	71600000	0	15
k16_0560c43a	chr9	717	71700000	0	8
k16_0560c43a	chr9	718	71800000	0	25
k16_0560c43a	chr9	719	71900000	0	14
k16_0560c43a	chr9	720	72000000	0	19
k16_0560c43a	chr9	721	72100000	0	12
k16_0560c43a	chr9	722	72200000	0	11
k16_0560c43a	chr9	723	72300000	0	15
k16_0560c43a	chr9	724	72400000	0	9
k16_0560c43a	chr9	725	72500000	0	9
k16_0560c43a	chr9	726	72600000	0	12
k16_0560c43a	chr9	727	72700000	0	15
k16_0560c43a	chr9	728	72800000	0	14
k16_0560c43a	chr9	729	72900000	0	18
k16_0560c43a	chr9	730	73000000	0	21
k16_0560c43a	chr9	731	73100000	0	16
k16_0560c43a	chr9	732	73200000	0	10
k16_0560c43a	chr9	733	73300000	0	11
k16_0560c43a	chr9	734	73400000	0	12
k16_0560c43a	chr9	735	73500000	0	23
k16_0560c43a	chr9	736	73600000	0	24
k16_0560c43a	chr9	737	73700000	0	14
k16_0560c43a	chr9	738	73800000	0	9
k16_0560c43a	chr9	739	73900000	0	15
k16_0560c43a	chr9	740	74000000	0	12
k16_0560c43a	chr9	741	74100000	0	15
k16_0560c43a	chr9	742	74200000	0	18
k16_0560c43a	chr9	743	74300000	0	12
k16_0560c43a	chr9	744	74400000	0	14
k16_0560c43a	chr9	745	74500000	0	12
k16_0560c43a	chr9	746	74600000	0	13
k16_0560c43a	chr9	747	74700000	0	37
k16_0560c43a	chr9	748	74800000	0	16
k16_0560c43a	chr9	749	74900000	0	16
k16_0560c43a	chr9	750	75000000	0	28
k16_0560c43a	chr9	751	75100000	0	27
k16_0560c43a	chr9	752	75200000	0	7
k16_0560c43a	chr9	753	75300000	0	14
k16_0560c43a	chr9	754	75400000	0	10
k16_0560c43a	chr9	755	75500000	0	13
k16_0560c43a	chr9	756	75600000	0	10
k16_0560c43a	chr9	757	75700000	0	14
k16_0560c43a	chr9	758	75800000	0	16
k16_0560c43a	chr9	759	75900000	0	24
k16_0560c43a	chr9	760	76000000	0	6
k16_0560c43a	chr9	761	76100000	0	16
k16_0560c43a	chr9	762	76200000	0	16
k16_0560c43a	chr9	763	76300000	0	11
k16_0560c43a	chr9	764	76400000	0	19
k16_0560c43a	chr9	765	76500000	0	9
k16_0b34d83a	chr1	1269	126900000	0	1
k16_0b34d83a	chr1	1287	128700000	0	1
k16_0b34d83a	chr1	1297	129700000	0	1
k16_0b34d83a	chr1	1306	130600000	0	4
k16_0b34d83a	chr1	1308	130800000	0	2
k16_0b34d83a	chr1	1309	130900000	0	1
k16_0b34d83a	chr1	1318	131800000	0	1
k16_0b34d83a	chr1	1322	132200000	0	3
k16_0b34d83a	chr1	1328	132800000	0	1
k16_0b34d83a	chr1	1332	133200000	0	2
k16_0b34d83a	chr1	1336	133600000	0	2
k16_0b34d83a	chr1	1338	133800000	0	1
k16_0b34d83a	chr1	1343	134300000	0	1
k16_0b34d83a	chr1	1348	134800000	0	2
k16_0b34d83a	chr1	1362	136200000	0	1
k16_0b34d83a	chr1	1368	136800000	0	2
k16_0b34d83a	chr1	1369	136900000	0	1
k16_0b34d83a	chr1	1371	137100000	0	1
k16_0b34d83a	chr1	1372	137200000	0	1
k16_0b34d83a	chr1	1374	137400000	0	1
k16_0b34d83a	chr1	1375	137500000	0	1
k16_0b34d83a	chr1	1376	137600000	0	1
k16_0b34d83a	chr1	1378	137800000	0	1
k16_0b34d83a	chr1	1379	137900000	0	2
k16_0b34d83a	chr1	1396	139600000	0	2
k16_0b34d83a	chr1	1398	139800000	0	6
k16_0b34d83a	chr1	1399	139900000	0	1
k16_0b34d83a	chr1	1401	140100000	0	2
k16_0b34d83a	chr1	1402	140200000	0	5
k16_0b34d83a	chr1	1403	140300000	0	8
k16_0b34d83a	chr1	1404	140400000	0	2
k16_0b34d83a	chr1	1406	140600000	0	1
k16_0b34d83a	chr1	1407	140700000	0	6
k16_0b34d83a	chr1	1410	141000000	0	4
k16_0b34d83a	chr1	1411	141100000	0	10
k16_0b34d83a	chr1	1413	141300000	0	4
k16_0b34d83a	chr1	1414	141400000	0	2
k16_0b34d83a	chr1	1416	141600000	0	4
k16_0b34d83a	chr1	1417	141700000	0	3
k16_0b34d83a	chr1	1418	141800000	0	9
k16_0b34d83a	chr22	168	16800000	0	1
k16_0d340683	chr1	582	58200000	1	1
k16_0d340683	chr1	1271	127100000	0	1
k16_0d340683	chr1	1274	127400000	0	3
k16_0d340683	chr1	1288	128800000	0	1
k16_0d340683	chr1	1290	129000000	0	1
k16_0d340683	chr1	1296	129600000	0	1
k16_0d340683	chr1	1321	132100000	0	3
k16_0d340683	chr1	1330	133000000	0	1
k16_0d340683	chr1	1331	133100000	0	1
k16_0d340683	chr1	1335	133500000	0	3
k16_0d340683	chr1	1341	134100000	0	2
k16_0d340683	chr1	1342	134200000	0	2
k16_0d340683	chr1	1346	134600000	0	4
k16_0d340683	chr1	1396	139600000	0	2
k16_0d340683	chr1	1405	140500000	0	2
k16_0d340683	chr1	1413	141300000	0	1
k16_0d340683	chr1	1420	142000000	0	6
k16_0d340683	chr2	893	89300000	0	1
k16_0d340683	chr2	898	89800000	0	2
k16_0d340683	chr2	903	90300000	0	1
k16_0d340683	chr2	914	91400000	0	4
k16_0d340683	chr2	915	91500000	0	1
k16_0d340683	chr2	916	91600000	0	1
k16_0d340683	chr7	586	58600000	0	1
k16_0d340683	chr7	590	59000000	0	1
k16_0d340683	chr7	598	59800000	0	2
k16_0d340683	chr7	599	59900000	0	1
k16_0d340683	chr10	425	42500000	0	4
k16_0d340683	chr10	426	42600000	0	4
k16_0d340683	chr10	427	42700000	0	11
k16_0d340683	chr10	429	42900000	0	1
k16_0d340683	chr10	430	43000000	0	1
k16_0d340683	chr16	391	39100000	0	1
k16_0d340683	chr16	392	39200000	0	1
k16_0d340683	chr16	394	39400000	0	1
k16_0d340683	chr16	395	39500000	0	2
k16_0d340683	chr16	396	39600000	0	8
k16_0d340683	chr16	397	39700000	0	8
k16_0d340683	chr16	398	39800000	0	5
k16_0d340683	chr16	399	39900000	0	3
k16_0d340683	chr16	400	40000000	0	6
k16_0d340683	chr16	401	40100000	0	8
k16_0d340683	chr16	402	40200000	0	12
k16_0d340683	chr16	403	40300000	0	5
k16_0d340683	chr16	404	40400000	0	11
k16_0d340683	chr16	405	40500000	0	3
k16_0d340683	chr16	406	40600000	0	13
k16_0d340683	chr16	407	40700000	0	3
k16_0d340683	chr16	408	40800000	0	12
k16_0d340683	chr16	409	40900000	0	8
k16_0d340683	chr16	410	41000000	0	9
k16_0d340683	chr16	411	41100000	0	7
k16_0d340683	chr16	412	41200000	0	12
k16_0d340683	chr16	413	41300000	0	10
k16_0d340683	chr16	414	41400000	0	6
k16_0d340683	chr16	415	41500000	0	9
k16_0d340683	chr16	416	41600000	0	16
k16_0d340683	chr16	417	41700000	0	7
k16_0d340683	chr16	418	41800000	0	6
k16_0d340683	chr16	419	41900000	0	6
k16_0d340683	chr16	420	42000000	0	7
k16_0d340683	chr16	421	42100000	0	9
k16_0d340683	chr16	422	42200000	0	8
k16_0d340683	chr16	423	42300000	0	10
k16_0d340683	chr16	424	42400000	0	4
k16_0d340683	chr16	425	42500000	0	2
k16_0d340683	chr16	426	42600000	0	2
k16_0d340683	chr16	427	42700000	0	9
k16_0d340683	chr16	428	42800000	0	3
k16_0d340683	chr16	429	42900000	0	3
k16_0d340683	chr16	430	43000000	0	3
k16_0d340683	chr16	431	43100000	0	10
k16_0d340683	chr16	432	43200000	0	2
k16_0d340683	chr16	433	43300000	0	11
k16_0d340683	chr16	434	43400000	0	7
k16_0d340683	chr16	436	43600000	0	5
k16_0d340683	chr16	437	43700000	0	14
k16_0d340683	chr16	438	43800000	0	13
k16_0d340683	chr16	439	43900000	0	5
k16_0d340683	chr16	440	44000000	0	14
k16_0d340683	chr16	442	44200000	0	5
k16_0d340683	chr16	443	44300000	0	6
k16_0d340683	chr16	444	44400000	0	6
k16_0d340683	chr16	446	44600000	0	14
k16_0d340683	chr16	447	44700000	0	7
k16_0d340683	chr16	448	44800000	0	6
k16_0d340683	chr16	449	44900000	0	1
k16_0d340683	chr16	450	45000000	0	3
k16_0d340683	chr16	451	45100000	0	14
k16_0d340683	chr16	452	45200000	0	11
k16_0d340683	chr16	453	45300000	0	3
k16_0d340683	chr16	454	45400000	0	6
k16_0d340683	chr16	455	45500000	0	2
k16_0d340683	chr16	456	45600000	0	2
k16_0d340683	chr16	457	45700000	0	15
k16_0d340683	chr16	458	45800000	0	11
k16_0d340683	chr16	459	45900000	0	6
k16_0d340683	chr16	460	46000000	0	16
k16_0d340683	chr16	461	46100000	0	15
k16_0d340683	chr16	462	46200000	0	9
k16_0d340683	chr16	464	46400000	0	3
k16_0d340683	chr16	465	46500000	0	7
k16_0d340683	chr16	466	46600000	0	6
k16_0d340683	chr16	467	46700000	0	12
k16_0d340683	chr16	468	46800000	0	8
k16_0d340683	chr16	469	46900000	0	5
k16_0d340683	chr16	470	47000000	0	2
k16_0d340683	chr16	471	47100000	0	3
k16_0d340683	chr16	472	47200000	0	13
k16_0d340683	chr16	473	47300000	0	11
k16_0d340683	chr16	475	47500000	0	6
k16_0d340683	chr16	476	47600000	0	13
k16_0d340683	chr16	477	47700000	0	4
k16_0d340683	chr16	479	47900000	0	6
k16_0d340683	chr16	480	48000000	0	4
k16_0d340683	chr16	481	48100000	0	9
k16_0d340683	chr16	482	48200000	0	8
k16_0d340683	chr16	483	48300000	0	12
k16_0d340683	chr16	484	48400000	0	10
k16_0d340683	chr16	485	48500000	0	6
k16_0d340683	chr16	486	48600000	0	5
k16_0d340683	chr16	487	48700000	0	9
k16_0d340683	chr16	488	48800000	0	10
k16_0d340683	chr16	489	48900000	0	6
k16_0d340683	chr16	490	49000000	0	3
k16_0d340683	chr16	491	49100000	0	7
k16_0d340683	chr16	492	49200000	0	8
k16_0d340683	chr16	493	49300000	0	7
k16_0d340683	chr16	494	49400000	0	3
k16_0d340683	chr16	495	49500000	0	7
k16_0d340683	chr16	496	49600000	0	5
k16_0d340683	chr16	497	49700000	0	1
k16_0d340683	chr16	498	49800000	0	7
k16_0d340683	chr16	499	49900000	0	7
k16_0d340683	chr16	500	50000000	0	8
k16_0d340683	chr16	501	50100000	0	11
k16_0d340683	chr16	502	50200000	0	7
k16_0d340683	chr16	503	50300000	0	1
k16_0d340683	chr16	504	50400000	0	2
k16_0d340683	chr16	505	50500000	0	7
k16_0d340683	chr16	506	50600000	0	3
k16_0d340683	chr16	507	50700000	0	14
k16_0d340683	chr16	508	50800000	0	19
k16_0d340683	chr16	509	50900000	0	18
k16_0d340683	chr16	510	51000000	0	5
k16_0d340683	chr16	511	51100000	0	5
k16_0d340683	chr16	512	51200000	0	19
k16_0d340683	chr16	513	51300000	0	15
k16_0d340683	chr16	514	51400000	0	7
k16_0d340683	chr16	515	51500000	0	10
k16_0d340683	chr16	516	51600000	0	16
k16_0d340683	chr16	517	51700000	0	12
k16_0d340683	chr16	518	51800000	0	13
k16_0d340683	chr16	519	51900000	0	4
k16_0d340683	chr16	520	52000000	0	1
k16_0d340683	chr16	521	52100000	0	2
k16_0d340683	chr16	522	52200000	0	1
k16_0d340683	chr22	170	17000000	0	1
k16_0d34d43a	chr1	1268	126800000	0	6
k16_0d34d43a	chr1	1269	126900000	0	48
k16_0d34d43a	chr1	1270	127000000	0	74
k16_0d34d43a	chr1	1271	127100000	0	63
k16_0d34d43a	chr1	1272	127200000	0	63
k16_0d34d43a	chr1	1273	127300000	0	68
k16_0d34d43a	chr1	1274	127400000	0	14
k16_0d34d43a	chr1	1287	128700000	0	14
k16_0d34d43a	chr1	1288	128800000	0	1
k16_0d34d43a	chr1	1290	129000000	0	42
k16_0d34d43a	chr1	1291	129100000	0	67
k16_0d34d43a	chr1	1292	129200000	0	68
k16_0d34d43a	chr1	1293	129300000	0	65
k16_0d34d43a	chr1	1294	129400000	0	76
k16_0d34d43a	chr1	1295	129500000	0	63
k16_0d34d43a	chr1	1296	129600000	0	34
k16_0d34d43a	chr1	1297	129700000	0	7
k16_0d34d43a	chr1	1298	129800000	0	32
k16_0d34d43a	chr1	1299	129900000	0	4
k16_0d34d43a	chr1	1300	130000000	0	11
k16_0d34d43a	chr1	1301	130100000	0	25
k16_0d34d43a	chr1	1302	130200000	0	9
k16_0d34d43a	chr1	1303	130300000	0	9
k16_0d34d43a	chr1	1304	130400000	0	17
k16_0d34d43a	chr1	1305	130500000	0	14
k16_0d34d43a	chr1	1306	130600000	0	16
k16_0d34d43a	chr1	1307	130700000	0	22
k16_0d34d43a	chr1	1308	130800000	0	28
k16_0d34d43a	chr1	1309	130900000	0	19
k16_0d34d43a	chr1	1310	131000000	0	14
k16_0d34d43a	chr1	1311	131100000	0	12
k16_0d34d43a	chr1	1312	131200000	0	28
k16_0d34d43a	chr1	1313	131300000	0	12
k16_0d34d43a	chr1	1314	131400000	0	11
k16_0d34d43a	chr1	1315	131500000	0	15
k16_0d34d43a	chr1	1316	131600000	0	34
k16_0d34d43a	chr1	1317	131700000	0	13
k16_0d34d43a	chr1	1318	131800000	0	29
k16_0d34d43a	chr1	1319	131900000	0	11
k16_0d34d43a	chr1	1320	132000000	0	12
k16_0d34d43a	chr1	1321	132100000	0	3
k16_0d34d43a	chr1	1322	132200000	0	11
k16_0d34d43a	chr1	1323	132300000	0	11
k16_0d34d43a	chr1	1324	132400000	0	14
k16_0d34d43a	chr1	1325	132500000	0	20
k16_0d34d43a	chr1	1326	132600000	0	32
k16_0d34d43a	chr1	1327	132700000	0	16
k16_0d34d43a	chr1	1328	132800000	0	33
k16_0d34d43a	chr1	1329	132900000	0	10
k16_0d34d43a	chr1	1330	133000000	0	14
k16_0d34d43a	chr1	1331	133100000	0	1
k16_0d34d43a	chr1	1332	133200000	0	9
k16_0d34d43a	chr1	1333	133300000	0	20
k16_0d34d43a	chr1	1334	133400000	0	18
k16_0d34d43a	chr1	1335	133500000	0	1
k16_0d34d43a	chr1	1336	133600000	0	7
k16_0d34d43a	chr1	1337	133700000	0	20
k16_0d34d43a	chr1	1338	133800000	0	21
k16_0d34d43a	chr1	1339	133900000	0	11
k16_0d34d43a	chr1	1340	134000000	0	9
k16_0d34d43a	chr1	1341	134100000	0	8
k16_0d34d43a	chr1	1342	134200000	0	1
k16_0d34d43a	chr1	1343	134300000	0	18
k16_0d34d43a	chr1	1344	134400000	0	9
k16_0d34d43a	chr1	1345	134500000	0	10
k16_0d34d43a	chr1	1346	134600000	0	2
k16_0d34d43a	chr1	1348	134800000	0	9
k16_0d34d43a	chr1	1349	134900000	0	34
k16_0d34d43a	chr1	1350	135000000	0	32
k16_0d34d43a	chr1	1351	135100000	0	35
k16_0d34d43a	chr1	1352	135200000	0	30
k16_0d34d43a	chr1	1353	135300000	0	39
k16_0d34d43a	chr1	1354	135400000	0	17
k16_0d34d43a	chr1	1355	135500000	0	12
k16_0d34d43a	chr1	1356	135600000	0	10
k16_0d34d43a	chr1	1357	135700000	0	15
k16_0d34d43a	chr1	1358	135800000	0	21
k16_0d34d43a	chr1	1359	135900000	0	23
k16_0d34d43a	chr1	1360	136000000	0	39
k16_0d34d43a	chr1	1361	136100000	0	40
k16_0d34d43a	chr1	1362	136200000	0	31
k16_0d34d43a	chr1	1363	136300000	0	8
k16_0d34d43a	chr1	1364	136400000	0	8
k16_0d34d43a	chr1	1365	136500000	0	11
k16_0d34d43a	chr1	1366	136600000	0	25
k16_0d34d43a	chr1	1367	136700000	0	39
k16_0d34d43a	chr1	1368	136800000	0	30
k16_0d34d43a	chr1	1369	136900000	0	17
k16_0d34d43a	chr1	1370	137000000	0	5
k16_0d34d43a	chr1	1371	137100000	0	6
k16_0d34d43a	chr1	1372	137200000	0	23
k16_0d34d43a	chr1	1373	137300000	0	25
k16_0d34d43a	chr1	1374	137400000	0	29
k16_0d34d43a	chr1	1375	137500000	0	22
k16_0d34d43a	chr1	1376	137600000	0	19
k16_0d34d43a	chr1	1377	137700000	0	17
k16_0d34d43a	chr1	1378	137800000	0	32
k16_0d34d43a	chr1	1379	137900000	0	18
k16_0d34d43a	chr1	1380	138000000	0	18
k16_0d34d43a	chr1	1381	138100000	0	20
k16_0d34d43a	chr1	1382	138200000	0	26
k16_0d34d43a	chr1	1383	138300000	0	22
k16_0d34d43a	chr1	1384	138400000	0	21
k16_0d34d43a	chr1	1385	138500000	0	16
k16_0d34d43a	chr1	1386	138600000	0	30
k16_0d34d43a	chr1	1387	138700000	0	25
k16_0d34d43a	chr1	1388	138800000	0	22
k16_0d34d43a	chr1	1389	138900000	0	20
k16_0d34d43a	chr1	1390	139000000	0	26
k16_0d34d43a	chr1	1391	139100000	0	19
k16_0d34d43a	chr1	1392	139200000	0	23
k16_0d34d43a	chr1	1393	139300000	0	34
k16_0d34d43a	chr1	1394	139400000	0	29
k16_0d34d43a	chr1	1395	139500000	0	11
k16_0d34d43a	chr1	1396	139600000	0	18
k16_0d34d43a	chr1	1397	139700000	0	13
k16_0d34d43a	chr1	1398	139800000	0	18
k16_0d34d43a	chr1	1399	139900000	0	11
k16_0d34d43a	chr1	1400	140000000	0	14
k16_0d34d43a	chr1	1401	140100000	0	9
k16_0d34d43a	chr1	1402	140200000	0	15
k16_0d34d43a	chr1	1403	140300000	0	13
k16_0d34d43a	chr1	1404	140400000	0	2
k16_0d34d43a	chr1	1405	140500000	0	4
k16_0d34d43a	chr1	1406	140600000	0	1
k16_0d34d43a	chr1	1407	140700000	0	17
k16_0d34d43a	chr1	1408	140800000	0	8
k16_0d34d43a	chr1	1409	140900000	0	11
k16_0d34d43a	chr1	1410	141000000	0	7
k16_0d34d43a	chr1	1411	141100000	0	17
k16_0d34d43a	chr1	1412	141200000	0	1
k16_0d34d43a	chr1	1413	141300000	0	5
k16_0d34d43a	chr1	1414	141400000	0	14
k16_0d34d43a	chr1	1415	141500000	0	9
k16_0d34d43a	chr1	1416	141600000	0	14
k16_0d34d43a	chr1	1417	141700000	0	9
k16_0d34d43a	chr1	1418	141800000	0	10
k16_0d34d43a	chr1	1421	142100000	0	21
k16_0d34d43a	chr1	1422	142200000	0	22
k16_0d34d43a	chr2	893	89300000	0	2
k16_0d34d43a	chr2	894	89400000	0	5
k16_0d34d43a	chr2	903	90300000	0	8
k16_0d34d43a	chr2	909	90900000	0	1
k16_0d34d43a	chr2	910	91000000	0	2
k16_0d34d43a	chr2	913	91300000	0	1
k16_0d34d43a	chr2	914	91400000	0	4
k16_0d34d43a	chr2	915	91500000	0	1
k16_0d34d43a	chr2	922	92200000	0	5
k16_0d34d43a	chr2	948	94800000	0	3
k16_0d34d43a	chr7	577	57700000	0	1
k16_0d34d43a	chr7	582	58200000	0	2
k16_0d34d43a	chr7	583	58300000	0	2
k16_0d34d43a	chr7	586	58600000	0	4
k16_0d34d43a	chr7	587	58700000	0	1
k16_0d34d43a	chr7	588	58800000	0	1
k16_0d34d43a	chr7	589	58900000	0	1
k16_0d34d43a	chr7	590	59000000	0	5
k16_0d34d43a	chr7	591	59100000	0	2
k16_0d34d43a	chr7	592	59200000	0	5
k16_0d34d43a	chr7	593	59300000	0	4
k16_0d34d43a	chr7	598	59800000	0	5
k16_0d34d43a	chr7	599	59900000	0	1
k16_0d34d43a	chr9	449	44900000	0	8
k16_0d34d43a	chr10	386	38600000	0	5
k16_0d34d43a	chr10	420	42000000	0	5
k16_0d34d43a	chr10	425	42500000	0	10
k16_0d34d43a	chr10	426	42600000	0	26
k16_0d34d43a	chr10	427	42700000	0	25
k16_0d34d43a	chr10	428	42800000	0	55
k16_0d34d43a	chr10	429	42900000	0	45
k16_0d34d43a	chr10	430	43000000	0	1
k16_0d34d43a	chr16	356	35600000	0	10
k16_0d34d43a	chr16	378	37800000	0	2
k16_0d34d43a	chr16	379	37900000	0	12
k16_0d34d43a	chr16	392	39200000	0	6
k16_0d34d43a	chr16	393	39300000	0	4
k16_0d34d43a	chr16	394	39400000	0	8
k16_0d34d43a	chr16	395	39500000	0	3
k16_0d34d43a	chr16	396	39600000	0	2
k16_0d34d43a	chr16	397	39700000	0	6
k16_0d34d43a	chr16	398	39800000	0	6
k16_0d34d43a	chr16	399	39900000	0	4
k16_0d34d43a	chr16	400	40000000	0	6
k16_0d34d43a	chr16	401	40100000	0	11
k16_0d34d43a	chr16	404	40400000	0	1
k16_0d34d43a	chr16	405	40500000	0	1
k16_0d34d43a	chr16	407	40700000	0	2
k16_0d34d43a	chr16	408	40800000	0	1
k16_0d34d43a	chr16	411	41100000	0	2
k16_0d34d43a	chr16	413	41300000	0	4
k16_0d34d43a	chr16	414	41400000	0	11
k16_0d34d43a	chr16	418	41800000	0	3
k16_0d34d43a	chr16	419	41900000	0	9
k16_0d34d43a	chr16	420	42000000	0	6
k16_0d34d43a	chr16	423	42300000	0	1
k16_0d34d43a	chr16	426	42600000	0	3
k16_0d34d43a	chr16	429	42900000	0	3
k16_0d34d43a	chr16	430	43000000	0	7
k16_0d34d43a	chr16	433	43300000	0	1
k16_0d34d43a	chr16	436	43600000	0	3
k16_0d34d43a	chr16	442	44200000	0	4
k16_0d34d43a	chr16	443	44300000	0	3
k16_0d34d43a	chr16	447	44700000	0	1
k16_0d34d43a	chr16	449	44900000	0	3
k16_0d34d43a	chr16	455	45500000	0	3
k16_0d34d43a	chr16	464	46400000	0	5
k16_0d34d43a	chr16	465	46500000	0	8
k16_0d34d43a	chr16	468	46800000	0	1
k16_0d34d43a	chr16	470	47000000	0	3
k16_0d34d43a	chr16	478	47800000	0	2
k16_0d34d43a	chr16	479	47900000	0	6
k16_0d34d43a	chr16	482	48200000	0	5
k16_0d34d43a	chr16	485	48500000	0	10
k16_0d34d43a	chr16	488	48800000	0	6
k16_0d34d43a	chr16	489	48900000	0	1
k16_0d34d43a	chr16	490	49000000	0	1
k16_0d34d43a	chr16	492	49200000	0	4
k16_0d34d43a	chr16	493	49300000	0	1
k16_0d34d43a	chr16	494	49400000	0	1
k16_0d34d43a	chr16	497	49700000	0	1
k16_0d34d43a	chr16	498	49800000	0	8
k16_0d34d43a	chr16	503	50300000	0	3
k16_0d34d43a	chr16	504	50400000	0	1
k16_0d34d43a	chr16	505	50500000	0	1
k16_0d34d43a	chr16	506	50600000	0	6
k16_0d34d43a	chr16	512	51200000	0	1
k16_0d34d43a	chr16	514	51400000	0	1
k16_0d34d43a	chr16	520	52000000	0	2
k16_0d34d43a	chr16	521	52100000	0	4
k16_0d34d43a	chr16	522	52200000	0	1
k16_0d34d43a	chr17	222	22200000	0	3
k16_0d34d43a	chr17	223	22300000	0	12
k16_0d34d43a	chr22	63	6300000	0	1
k16_0d34d43a	chr22	168	16800000	0	4
k16_0d34d43a	chr22	169	16900000	0	14
k16_0d34d43a	chr22	170	17000000	0	7
k16_0d34d43a	chrY	117	11700000	0	1
k16_0d83a0b3	chr1	1287	128700000	0	3
k16_0d83a0b3	chr1	1297	129700000	0	1
k16_0d83a0b3	chr1	1306	130600000	0	4
k16_0d83a0b3	chr1	1308	130800000	0	2
k16_0d83a0b3	chr1	1309	130900000	0	1
k16_0d83a0b3	chr1	1318	131800000	0	1
k16_0d83a0b3	chr1	1322	132200000	0	2
k16_0d83a0b3	chr1	1328	132800000	0	1
k16_0d83a0b3	chr1	1332	133200000	0	1
k16_0d83a0b3	chr1	1336	133600000	0	1
k16_0d83a0b3	chr1	1338	133800000	0	1
k16_0d83a0b3	chr1	1343	134300000	0	1
k16_0d83a0b3	chr1	1348	134800000	0	2
k16_0d83a0b3	chr1	1362	136200000	0	2
k16_0d83a0b3	chr1	1368	136800000	0	2
k16_0d83a0b3	chr1	1371	137100000	0	1
k16_0d83a0b3	chr1	1372	137200000	0	1
k16_0d83a0b3	chr1	1374	137400000	0	1
k16_0d83a0b3	chr1	1378	137800000	0	1
k16_0d83a0b3	chr1	1393	139300000	0	1
k16_0d83a0b3	chr1	1396	139600000	0	2
k16_0d83a0b3	chr1	1398	139800000	0	6
k16_0d83a0b3	chr1	1399	139900000	0	1
k16_0d83a0b3	chr1	1401	140100000	0	3
k16_0d83a0b3	chr1	1402	140200000	0	5
k16_0d83a0b3	chr1	1403	140300000	0	9
k16_0d83a0b3	chr1	1404	140400000	0	2
k16_0d83a0b3	chr1	1406	140600000	0	1
k16_0d83a0b3	chr1	1407	140700000	0	6
k16_0d83a0b3	chr1	1410	141000000	0	3
k16_0d83a0b3	chr1	1411	141100000	0	10
k16_0d83a0b3	chr1	1413	141300000	0	4
k16_0d83a0b3	chr1	1414	141400000	0	2
k16_0d83a0b3	chr1	1416	141600000	0	2
k16_0d83a0b3	chr1	1417	141700000	0	4
k16_0d83a0b3	chr1	1418	141800000	0	9
k16_0d83a0b3	chr16	378	37800000	0	1
k16_0e834158	chr1	1275	127500000	0	132
k16_0e834158	chr1	1276	127600000	0	128
k16_0e834158	chr1	1277	127700000	0	24
k16_0e834158	chr1	1280	128000000	0	97
k16_0e834158	chr2	893	89300000	0	32
k16_0e834158	chr2	903	90300000	0	35
k16_0e834158	chr3	954	95400000	0	9
k16_0e834158	chr4	490	49000000	0	72
k16_0e834158	chr4	491	49100000	0	36
k16_0e834158	chr5	495	49500000	0	3
k16_0e834158	chr5	496	49600000	0	314
k16_0e834158	chr5	497	49700000	0	244
k16_0e834158	chr5	498	49800000	0	242
k16_0e834158	chr5	499	49900000	0	135
k16_0e834158	chr7	583	58300000	0	29
k16_0e834158	chr7	584	58400000	0	80
k16_0e834158	chr7	585	58500000	0	108
k16_0e834158	chr7	587	58700000	0	120
k16_0e834158	chr7	589	58900000	0	66
k16_0e834158	chr7	590	59000000	0	64
k16_0e834158	chr9	484	48400000	0	67
k16_0e834158	chr9	485	48500000	0	258
k16_0e834158	chr9	486	48600000	0	339
k16_0e834158	chr9	487	48700000	0	208
k16_0e834158	chr9	488	48800000	0	17
k16_0e834158	chr9	490	49000000	0	90
k16_0e834158	chr9	491	49100000	0	229
k16_0e834158	chr9	492	49200000	0	200
k16_0e834158	chr9	493	49300000	0	283
k16_0e834158	chr9	494	49400000	0	325
k16_0e834158	chr9	495	49500000	0	340
k16_0e834158	chr9	496	49600000	0	308
k16_0e834158	chr9	497	49700000	0	304
k16_0e834158	chr9	498	49800000	0	353
k16_0e834158	chr9	499	49900000	0	315
k16_0e834158	chr9	500	50000000	0	285
k16_0e834158	chr9	501	50100000	0	310
k16_0e834158	chr9	502	50200000	0	303
k16_0e834158	chr9	503	50300000	0	295
k16_0e834158	chr9	504	50400000	0	303
k16_0e834158	chr9	505	50500000	0	327
k16_0e834158	chr9	506	50600000	0	300
k16_0e834158	chr9	507	50700000	0	281
k16_0e834158	chr9	508	50800000	0	326
k16_0e834158	chr9	509	50900000	0	302
k16_0e834158	chr9	510	51000000	0	307
k16_0e834158	chr9	511	51100000	0	308
k16_0e834158	chr9	512	51200000	0	304
k16_0e834158	chr9	513	51300000	0	227
k16_0e834158	chr9	514	51400000	0	303
k16_0e834158	chr9	515	51500000	0	288
k16_0e834158	chr9	516	51600000	0	343
k16_0e834158	chr9	517	51700000	0	273
k16_0e834158	chr9	518	51800000	0	318
k16_0e834158	chr9	519	51900000	0	327
k16_0e834158	chr9	520	52000000	0	316
k16_0e834158	chr9	521	52100000	0	297
k16_0e834158	chr9	522	52200000	0	281
k16_0e834158	chr9	523	52300000	0	258
k16_0e834158	chr9	524	52400000	0	278
k16_0e834158	chr9	525	52500000	0	273
k16_0e834158	chr9	526	52600000	0	308
k16_0e834158	chr9	527	52700000	0	290
k16_0e834158	chr9	528	52800000	0	340
k16_0e834158	chr9	529	52900000	0	294
k16_0e834158	chr9	530	53000000	0	286
k16_0e834158	chr9	531	53100000	0	280
k16_0e834158	chr9	532	53200000	0	299
k16_0e834158	chr9	533	53300000	0	269
k16_0e834158	chr9	534	53400000	0	292
k16_0e834158	chr9	535	53500000	0	314
k16_0e834158	chr9	536	53600000	0	313
k16_0e834158	chr9	537	53700000	0	301
k16_0e834158	chr9	538	53800000	0	292
k16_0e834158	chr9	539	53900000	0	280
k16_0e834158	chr9	540	54000000	0	253
k16_0e834158	chr9	541	54100000	0	309
k16_0e834158	chr9	542	54200000	0	293
k16_0e834158	chr9	543	54300000	0	293
k16_0e834158	chr9	544	54400000	0	242
k16_0e834158	chr9	545	54500000	0	290
k16_0e834158	chr9	546	54600000	0	280
k16_0e834158	chr9	547	54700000	0	280
k16_0e834158	chr9	548	54800000	0	296
k16_0e834158	chr9	549	54900000	0	306
k16_0e834158	chr9	550	55000000	0	289
k16_0e834158	chr9	551	55100000	0	278
k16_0e834158	chr9	552	55200000	0	309
k16_0e834158	chr9	553	55300000	0	297
k16_0e834158	chr9	554	55400000	0	294
k16_0e834158	chr9	555	55500000	0	300
k16_0e834158	chr9	556	55600000	0	299
k16_0e834158	chr9	557	55700000	0	299
k16_0e834158	chr9	558	55800000	0	251
k16_0e834158	chr9	559	55900000	0	335
k16_0e834158	chr9	560	56000000	0	311
k16_0e834158	chr9	561	56100000	0	294
k16_0e834158	chr9	562	56200000	0	312
k16_0e834158	chr9	563	56300000	0	278
k16_0e834158	chr9	564	56400000	0	278
k16_0e834158	chr9	565	56500000	0	285
k16_0e834158	chr9	566	56600000	0	288
k16_0e834158	chr9	567	56700000	0	327
k16_0e834158	chr9	568	56800000	0	313
k16_0e834158	chr9	569	56900000	0	315
k16_0e834158	chr9	570	57000000	0	312
k16_0e834158	chr9	571	57100000	0	293
k16_0e834158	chr9	572	57200000	0	294
k16_0e834158	chr9	573	57300000	0	263
k16_0e834158	chr9	574	57400000	0	291
k16_0e834158	chr9	575	57500000	0	281
k16_0e834158	chr9	576	57600000	0	288
k16_0e834158	chr9	577	57700000	0	256
k16_0e834158	chr9	578	57800000	0	308
k16_0e834158	chr9	579	57900000	0	295
k16_0e834158	chr9	580	58000000	0	303
k16_0e834158	chr9	581	58100000	0	299
k16_0e834158	chr9	582	58200000	0	262
k16_0e834158	chr9	583	58300000	0	266
k16_0e834158	chr9	584	58400000	0	339
k16_0e834158	chr9	585	58500000	0	303
k16_0e834158	chr9	586	58600000	0	314
k16_0e834158	chr9	587	58700000	0	299
k16_0e834158	chr9	588	58800000	0	284
k16_0e834158	chr9	589	58900000	0	242
k16_0e834158	chr9	590	59000000	0	288
k16_0e834158	chr9	591	59100000	0	292
k16_0e834158	chr9	592	59200000	0	253
k16_0e834158	chr9	593	59300000	0	308
k16_0e834158	chr9	594	59400000	0	298
k16_0e834158	chr9	595	59500000	0	314
k16_0e834158	chr9	596	59600000	0	293
k16_0e834158	chr9	597	59700000	0	291
k16_0e834158	chr9	598	59800000	0	274
k16_0e834158	chr9	599	59900000	0	277
k16_0e834158	chr9	600	60000000	0	312
k16_0e834158	chr9	601	60100000	0	309
k16_0e834158	chr9	602	60200000	0	289
k16_0e834158	chr9	603	60300000	0	295
k16_0e834158	chr9	604	60400000	0	295
k16_0e834158	chr9	605	60500000	0	323
k16_0e834158	chr9	606	60600000	0	328
k16_0e834158	chr9	607	60700000	0	319
k16_0e834158	chr9	608	60800000	0	305
k16_0e834158	chr9	609	60900000	0	266
k16_0e834158	chr9	610	61000000	0	270
k16_0e834158	chr9	611	61100000	0	292
k16_0e834158	chr9	612	61200000	0	270
k16_0e834158	chr9	613	61300000	0	304
k16_0e834158	chr9	614	61400000	0	277
k16_0e834158	chr9	615	61500000	0	335
k16_0e834158	chr9	616	61600000	0	305
k16_0e834158	chr9	617	61700000	0	289
k16_0e834158	chr9	618	61800000	0	283
k16_0e834158	chr9	619	61900000	0	287
k16_0e834158	chr9	620	62000000	0	269
k16_0e834158	chr9	621	62100000	0	345
k16_0e834158	chr9	622	62200000	0	275
k16_0e834158	chr9	623	62300000	0	325
k16_0e834158	chr9	624	62400000	0	297
k16_0e834158	chr9	625	62500000	0	303
k16_0e834158	chr9	626	62600000	0	298
k16_0e834158	chr9	627	62700000	0	263
k16_0e834158	chr9	628	62800000	0	270
k16_0e834158	chr9	629	62900000	0	320
k16_0e834158	chr9	630	63000000	0	295
k16_0e834158	chr9	631	63100000	0	291
k16_0e834158	chr9	632	63200000	0	253
k16_0e834158	chr9	633	63300000	0	283
k16_0e834158	chr9	634	63400000	0	293
k16_0e834158	chr9	635	63500000	0	287
k16_0e834158	chr9	636	63600000	0	288
k16_0e834158	chr9	637	63700000	0	314
k16_0e834158	chr9	638	63800000	0	322
k16_0e834158	chr9	639	63900000	0	264
k16_0e834158	chr9	640	64000000	0	257
k16_0e834158	chr9	641	64100000	0	311
k16_0e834158	chr9	642	64200000	0	305
k16_0e834158	chr9	643	64300000	0	250
k16_0e834158	chr9	644	64400000	0	281
k16_0e834158	chr9	645	64500000	0	275
k16_0e834158	chr9	646	64600000	0	268
k16_0e834158	chr9	647	64700000	0	311
k16_0e834158	chr9	648	64800000	0	266
k16_0e834158	chr9	649	64900000	0	311
k16_0e834158	chr9	650	65000000	0	252
k16_0e834158	chr9	651	65100000	0	301
k16_0e834158	chr9	652	65200000	0	267
k16_0e834158	chr9	653	65300000	0	302
k16_0e834158	chr9	654	65400000	0	300
k16_0e834158	chr9	655	65500000	0	294
k16_0e834158	chr9	656	65600000	0	300
k16_0e834158	chr9	657	65700000	0	269
k16_0e834158	chr9	658	65800000	0	305
k16_0e834158	chr9	659	65900000	0	298
k16_0e834158	chr9	660	66000000	0	302
k16_0e834158	chr9	661	66100000	0	289
k16_0e834158	chr9	662	66200000	0	301
k16_0e834158	chr9	663	66300000	0	296
k16_0e834158	chr9	664	66400000	0	261
k16_0e834158	chr9	665	66500000	0	337
k16_0e834158	chr9	666	66600000	0	301
k16_0e834158	chr9	667	66700000	0	294
k16_0e834158	chr9	668	66800000	0	298
k16_0e834158	chr9	669	66900000	0	290
k16_0e834158	chr9	670	67000000	0	284
k16_0e834158	chr9	671	67100000	0	269
k16_0e834158	chr9	672	67200000	0	290
k16_0e834158	chr9	673	67300000	0	326
k16_0e834158	chr9	674	67400000	0	330
k16_0e834158	chr9	675	67500000	0	303
k16_0e834158	chr9	676	67600000	0	322
k16_0e834158	chr9	677	67700000	0	276
k16_0e834158	chr9	678	67800000	0	307
k16_0e834158	chr9	679	67900000	0	261
k16_0e834158	chr9	680	68000000	0	297
k16_0e834158	chr9	681	68100000	0	273
k16_0e834158	chr9	682	68200000	0	291
k16_0e834158	chr9	683	68300000	0	261
k16_0e834158	chr9	684	68400000	0	294
k16_0e834158	chr9	685	68500000	0	291
k16_0e834158	chr9	686	68600000	0	322
k16_0e834158	chr9	687	68700000	0	280
k16_0e834158	chr9	688	68800000	0	280
k16_0e834158	chr9	689	68900000	0	264
k16_0e834158	chr9	690	69000000	0	318
k16_0e834158	chr9	691	69100000	0	316
k16_0e834158	chr9	692	69200000	0	309
k16_0e834158	chr9	693	69300000	0	304
k16_0e834158	chr9	694	69400000	0	290
k16_0e834158	chr9	695	69500000	0	244
k16_0e834158	chr9	696	69600000	0	274
k16_0e834158	chr9	697	69700000	0	290
k16_0e834158	chr9	698	69800000	0	260
k16_0e834158	chr9	699	69900000	0	293
k16_0e834158	chr9	700	70000000	0	297
k16_0e834158	chr9	701	70100000	0	301
k16_0e834158	chr9	702	70200000	0	311
k16_0e834158	chr9	703	70300000	0	285
k16_0e834158	chr9	704	70400000	0	290
k16_0e834158	chr9	705	70500000	0	262
k16_0e834158	chr9	706	70600000	0	298
k16_0e834158	chr9	707	70700000	0	330
k16_0e834158	chr9	708	70800000	0	275
k16_0e834158	chr9	709	70900000	0	276
k16_0e834158	chr9	710	71000000	0	312
k16_0e834158	chr9	711	71100000	0	288
k16_0e834158	chr9	712	71200000	0	361
k16_0e834158	chr9	713	71300000	0	282
k16_0e834158	chr9	714	71400000	0	283
k16_0e834158	chr9	715	71500000	0	302
k16_0e834158	chr9	716	71600000	0	292
k16_0e834158	chr9	717	71700000	0	271
k16_0e834158	chr9	718	71800000	0	296
k16_0e834158	chr9	719	71900000	0	305
k16_0e834158	chr9	720	72000000	0	315
k16_0e834158	chr9	721	72100000	0	331
k16_0e834158	chr9	722	72200000	0	264
k16_0e834158	chr9	723	72300000	0	288
k16_0e834158	chr9	724	72400000	0	330
k16_0e834158	chr9	725	72500000	0	279
k16_0e834158	chr9	726	72600000	0	298
k16_0e834158	chr9	727	72700000	0	272
k16_0e834158	chr9	728	72800000	0	253
k16_0e834158	chr9	729	72900000	0	302
k16_0e834158	chr9	730	73000000	0	305
k16_0e834158	chr9	731	73100000	0	317
k16_0e834158	chr9	732	73200000	0	287
k16_0e834158	chr9	733	73300000	0	333
k16_0e834158	chr9	734	73400000	0	314
k16_0e834158	chr9	735	73500000	0	269
k16_0e834158	chr9	736	73600000	0	304
k16_0e834158	chr9	737	73700000	0	336
k16_0e834158	chr9	738	73800000	0	271
k16_0e834158	chr9	739	73900000	0	277
k16_0e834158	chr9	740	74000000	0	299
k16_0e834158	chr9	741	74100000	0	280
k16_0e834158	chr9	742	74200000	0	271
k16_0e834158	chr9	743	74300000	0	309
k16_0e834158	chr9	744	74400000	0	271
k16_0e834158	chr9	745	74500000	0	272
k16_0e834158	chr9	746	74600000	0	261
k16_0e834158	chr9	747	74700000	0	319
k16_0e834158	chr9	748	74800000	0	295
k16_0e834158	chr9	749	74900000	0	256
k16_0e834158	chr9	750	75000000	0	277
k16_0e834158	chr9	751	75100000	0	310
k16_0e834158	chr9	752	75200000	0	318
k16_0e834158	chr9	753	75300000	0	352
k16_0e834158	chr9	754	75400000	0	277
k16_0e834158	chr9	755	75500000	0	320
k16_0e834158	chr9	756	75600000	0	311
k16_0e834158	chr9	757	75700000	0	299
k16_0e834158	chr9	758	75800000	0	262
k16_0e834158	chr9	759	75900000	0	269
k16_0e834158	chr9	760	76000000	0	299
k16_0e834158	chr9	761	76100000	0	288
k16_0e834158	chr9	762	76200000	0	335
k16_0e834158	chr9	763	76300000	0	328
k16_0e834158	chr9	764	76400000	0	331
k16_0e834158	chr9	765	76500000	0	183
k16_0e834158	chr10	420	42000000	0	28
k16_0e834158	chr10	421	42100000	0	144
k16_0e834158	chr10	422	42200000	0	119
k16_0e834158	chr10	423	42300000	0	138
k16_0e834158	chr10	424	42400000	0	111
k16_0e834158	chr13	0	0	0	85
k16_0e834158	chr13	50	5000000	0	10
k16_0e834158	chr13	98	9800000	0	123
k16_0e834158	chr13	102	10200000	0	187
k16_0e834158	chr13	103	10300000	0	191
k16_0e834158	chr13	104	10400000	0	16
k16_0e834158	chr13	118	11800000	0	1
k16_0e834158	chr14	9	900000	0	80
k16_0e834158	chr14	10	1000000	0	186
k16_0e834158	chr14	11	1100000	0	189
k16_0e834158	chr14	12	1200000	0	98
k16_0e834158	chr14	32	3200000	0	52
k16_0e834158	chr14	33	3300000	0	87
k16_0e834158	chr14	37	3700000	0	184
k16_0e834158	chr14	38	3800000	0	179
k16_0e834158	chr14	39	3900000	0	13
k16_0e834158	chr14	46	4600000	0	2
k16_0e834158	chr14	47	4700000	0	48
k16_0e834158	chr14	48	4800000	0	52
k16_0e834158	chr14	58	5800000	0	29
k16_0e834158	chr14	74	7400000	0	1
k16_0e834158	chr15	10	1000000	0	6
k16_0e834158	chr15	11	1100000	0	179
k16_0e834158	chr15	12	1200000	0	65
k16_0e834158	chr15	16	1600000	0	10
k16_0e834158	chr15	51	5100000	0	104
k16_0e834158	chr15	52	5200000	0	32
k16_0e834158	chr17	219	21900000	0	84
k16_0e834158	chr17	220	22000000	0	65
k16_0e834158	chr17	221	22100000	0	63
k16_0e834158	chr17	222	22200000	0	39
k16_0e834158	chr20	320	32000000	0	98
k16_0e834158	chr20	321	32100000	0	56
k16_0e834158	chr20	322	32200000	0	135
k16_0e834158	chr20	323	32300000	0	132
k16_0e834158	chr20	324	32400000	0	136
k16_0e834158	chr20	325	32500000	0	161
k16_0e834158	chr20	326	32600000	0	140
k16_0e834158	chr20	327	32700000	0	111
k16_0e834158	chr20	328	32800000	0	131
k16_0e834158	chr20	329	32900000	0	7
k16_0e834158	chr21	11	1100000	0	139
k16_0e834158	chr21	12	1200000	0	70
k16_0e834158	chr21	20	2000000	0	10
k16_0e834158	chr21	64	6400000	0	35
k16_0e834158	chr21	66	6600000	0	51
k16_0e834158	chr21	67	6700000	0	125
k16_0e834158	chr21	68	6800000	0	66
k16_0e834158	chr21	71	7100000	0	41
k16_0e834158	chr21	72	7200000	0	171
k16_0e834158	chr21	73	7300000	0	115
k16_0e834158	chr21	76	7600000	0	27
k16_0e834158	chr21	77	7700000	0	42
k16_0e834158	chr21	89	8900000	0	1
k16_0e834158	chr22	23	2300000	0	16
k16_0e834158	chr22	24	2400000	0	120
k16_0e834158	chr22	25	2500000	0	129
k16_0e834158	chr22	26	2600000	0	23
k16_0e834158	chr22	35	3500000	0	10
k16_0e834158	chr22	71	7100000	0	152
k16_0e834158	chr22	72	7200000	0	151
k16_0e834158	chr22	73	7300000	0	160
k16_0e834158	chr22	74	7400000	0	84
k16_0e834158	chr22	78	7800000	0	69
k16_0e834158	chr22	81	8100000	0	1
k16_0e834158	chr22	96	9600000	0	26
k16_0e834158	chr22	107	10700000	0	123
k16_0e834158	chr22	108	10800000	0	136
k16_0e834158	chr22	109	10900000	0	84
k16_0e834158	chrY	115	11500000	0	5
k16_0e834158	chrY	126	12600000	0	1
k16_1483a0d8	chr9	486	48600000	0	1
k16_1483a0d8	chr9	548	54800000	0	1
k16_1483a0d8	chr9	577	57700000	0	1
k16_1483a0d8	chr9	586	58600000	0	3
k16_1483a0d8	chr9	592	59200000	0	1
k16_1483a0d8	chr9	654	65400000	0	1
k16_1483a0d8	chr9	684	68400000	0	1
k16_1483a0d8	chr9	693	69300000	0	2
k16_1483a0d8	chr9	698	69800000	0	1
k16_1483a0d8	chr9	732	73200000	0	1
k16_1483a0d8	chr9	755	75500000	0	1
k16_158ba0ed	chr5	496	49600000	0	7
k16_158ba0ed	chr5	497	49700000	0	6
k16_158ba0ed	chr9	485	48500000	0	1
k16_158ba0ed	chr9	487	48700000	0	1
k16_158ba0ed	chr9	514	51400000	0	1
k16_158ba0ed	chr9	515	51500000	0	1
k16_158ba0ed	chr9	569	56900000	0	1
k16_158ba0ed	chr9	643	64300000	0	1
k16_158ba0ed	chr9	645	64500000	0	1
k16_158ba0ed	chr9	675	67500000	0	1
k16_1d1f53d4	chr1	1286	128600000	0	3
k16_1d1f53d4	chr1	1287	128700000	0	1
k16_1d1f53d4	chr3	709	70900000	1	1
k16_1d1f53d4	chr13	111	11100000	0	1
k16_1d1f53d4	chr14	54	5400000	0	1
k16_1d1f53d4	chr14	55	5500000	0	1
k16_1d1f53d4	chr14	82	8200000	0	1
k16_1d1f53d4	chr15	11	1100000	0	1
k16_1d1f53d4	chr15	139	13900000	0	1
k16_1d1f53d4	chr17	218	21800000	0	1
k16_1d1f53d4	chr20	321	32100000	0	1
k16_1d1f53d4	chr20	329	32900000	0	1
k16_1d1f53d4	chr21	11	1100000	0	2
k16_1d1f53d4	chr21	58	5800000	0	2
k16_1d1f53d4	chr21	59	5900000	0	2
k16_1d1f53d4	chr21	81	8100000	0	1
k16_1d1f53d4	chr22	83	8300000	0	1
k16_1d1f53d4	chr22	84	8400000	0	1
k16_1d1f53d4	chr22	170	17000000	0	1
k16_1d1f53d4	chrY	109	10900000	0	3
k16_1d1f53d4	chrY	281	28100000	0	2
k16_1d1f53d4	chrY	294	29400000	0	2
k16_1d1f53d4	chrY	363	36300000	0	1
k16_1d1f53d4	chrY	368	36800000	0	2
k16_1d1f53d4	chrY	389	38900000	0	1
k16_1d1f53d4	chrY	393	39300000	0	2
k16_1d1f53d4	chrY	394	39400000	0	2
k16_1d1f53d4	chrY	441	44100000	0	1
k16_1d1f53d4	chrY	445	44500000	0	2
k16_1d1f53d4	chrY	558	55800000	0	1
k16_1dabe3d4	chr1	1275	127500000	0	117
k16_1dabe3d4	chr1	1276	127600000	0	132
k16_1dabe3d4	chr1	1277	127700000	0	26
k16_1dabe3d4	chr1	1280	128000000	0	74
k16_1dabe3d4	chr2	893	89300000	0	31
k16_1dabe3d4	chr2	903	90300000	0	33
k16_1dabe3d4	chr3	954	95400000	0	9
k16_1dabe3d4	chr4	490	49000000	0	68
k16_1dabe3d4	chr4	491	49100000	0	29
k16_1dabe3d4	chr5	495	49500000	0	3
k16_1dabe3d4	chr5	496	49600000	0	235
k16_1dabe3d4	chr5	497	49700000	0	215
k16_1dabe3d4	chr5	498	49800000	0	199
k16_1dabe3d4	chr5	499	49900000	0	126
k16_1dabe3d4	chr7	583	58300000	0	23
k16_1dabe3d4	chr7	584	58400000	0	73
k16_1dabe3d4	chr7	585	58500000	0	88
k16_1dabe3d4	chr7	587	58700000	0	81
k16_1dabe3d4	chr7	589	58900000	0	52
k16_1dabe3d4	chr7	590	59000000	0	40
k16_1dabe3d4	chr9	484	48400000	0	51
k16_1dabe3d4	chr9	485	48500000	0	179
k16_1dabe3d4	chr9	486	48600000	0	269
k16_1dabe3d4	chr9	487	48700000	0	172
k16_1dabe3d4	chr9	488	48800000	0	11
k16_1dabe3d4	chr9	490	49000000	0	89
k16_1dabe3d4	chr9	491	49100000	0	230
k16_1dabe3d4	chr9	492	49200000	0	168
k16_1dabe3d4	chr9	493	49300000	0	252
k16_1dabe3d4	chr9	494	49400000	0	311
k16_1dabe3d4	chr9	495	49500000	0	332
k16_1dabe3d4	chr9	496	49600000	0	291
k16_1dabe3d4	chr9	497	49700000	0	287
k16_1dabe3d4	chr9	498	49800000	0	344
k16_1dabe3d4	chr9	499	49900000	0	297
k16_1dabe3d4	chr9	500	50000000	0	270
k16_1dabe3d4	chr9	501	50100000	0	296
k16_1dabe3d4	chr9	502	50200000	0	285
k16_1dabe3d4	chr9	503	50300000	0	281
k16_1dabe3d4	chr9	504	50400000	0	291
k16_1dabe3d4	chr9	505	50500000	0	312
k16_1dabe3d4	chr9	506	50600000	0	289
k16_1dabe3d4	chr9	507	50700000	0	265
k16_1dabe3d4	chr9	508	50800000	0	311
k16_1dabe3d4	chr9	509	50900000	0	276
k16_1dabe3d4	chr9	510	51000000	0	282
k16_1dabe3d4	chr9	511	51100000	0	284
k16_1dabe3d4	chr9	512	51200000	0	276
k16_1dabe3d4	chr9	513	51300000	0	202
k16_1dabe3d4	chr9	514	51400000	0	272
k16_1dabe3d4	chr9	515	51500000	0	278
k16_1dabe3d4	chr9	516	51600000	0	315
k16_1dabe3d4	chr9	517	51700000	0	259
k16_1dabe3d4	chr9	518	51800000	0	306
k16_1dabe3d4	chr9	519	51900000	0	309
k16_1dabe3d4	chr9	520	52000000	0	289
k16_1dabe3d4	chr9	521	52100000	0	281
k16_1dabe3d4	chr9	522	52200000	0	246
k16_1dabe3d4	chr9	523	52300000	0	229
k16_1dabe3d4	chr9	524	52400000	0	249
k16_1dabe3d4	chr9	525	52500000	0	262
k16_1dabe3d4	chr9	526	52600000	0	293
k16_1dabe3d4	chr9	527	52700000	0	283
k16_1dabe3d4	chr9	528	52800000	0	321
k16_1dabe3d4	chr9	529	52900000	0	267
k16_1dabe3d4	chr9	530	53000000	0	288
k16_1dabe3d4	chr9	531	53100000	0	272
k16_1dabe3d4	chr9	532	53200000	0	275
k16_1dabe3d4	chr9	533	53300000	0	257
k16_1dabe3d4	chr9	534	53400000	0	280
k16_1dabe3d4	chr9	535	53500000	0	294
k16_1dabe3d4	chr9	536	53600000	0	298
k16_1dabe3d4	chr9	537	53700000	0	287
k16_1dabe3d4	chr9	538	53800000	0	270
k16_1dabe3d4	chr9	539	53900000	0	267
k16_1dabe3d4	chr9	540	54000000	0	234
k16_1dabe3d4	chr9	541	54100000	0	292
k16_1dabe3d4	chr9	542	54200000	0	280
k16_1dabe3d4	chr9	543	54300000	0	279
k16_1dabe3d4	chr9	544	54400000	0	207
k16_1dabe3d4	chr9	545	54500000	0	270
k16_1dabe3d4	chr9	546	54600000	0	268
k16_1dabe3d4	chr9	547	54700000	0	264
k16_1dabe3d4	chr9	548	54800000	0	288
k16_1dabe3d4	chr9	549	54900000	0	293
k16_1dabe3d4	chr9	550	55000000	0	272
k16_1dabe3d4	chr9	551	55100000	0	256
k16_1dabe3d4	chr9	552	55200000	0	294
k16_1dabe3d4	chr9	553	55300000	0	286
k16_1dabe3d4	chr9	554	55400000	0	284
k16_1dabe3d4	chr9	555	55500000	0	278
k16_1dabe3d4	chr9	556	55600000	0	275
k16_1dabe3d4	chr9	557	55700000	0	284
k16_1dabe3d4	chr9	558	55800000	0	232
k16_1dabe3d4	chr9	559	55900000	0	321
k16_1dabe3d4	chr9	560	56000000	0	285
k16_1dabe3d4	chr9	561	56100000	0	286
k16_1dabe3d4	chr9	562	56200000	0	296
k16_1dabe3d4	chr9	563	56300000	0	277
k16_1dabe3d4	chr9	564	56400000	0	265
k16_1dabe3d4	chr9	565	56500000	0	267
k16_1dabe3d4	chr9	566	56600000	0	289
k16_1dabe3d4	chr9	567	56700000	0	328
k16_1dabe3d4	chr9	568	56800000	0	305
k16_1dabe3d4	chr9	569	56900000	0	302
k16_1dabe3d4	chr9	570	57000000	0	301
k16_1dabe3d4	chr9	571	57100000	0	270
k16_1dabe3d4	chr9	572	57200000	0	282
k16_1dabe3d4	chr9	573	57300000	0	250
k16_1dabe3d4	chr9	574	57400000	0	271
k16_1dabe3d4	chr9	575	57500000	0	266
k16_1dabe3d4	chr9	576	57600000	0	276
k16_1dabe3d4	chr9	577	57700000	0	243
k16_1dabe3d4	chr9	578	57800000	0	298
k16_1dabe3d4	chr9	579	57900000	0	300
k16_1dabe3d4	chr9	580	58000000	0	299
k16_1dabe3d4	chr9	581	58100000	0	276
k16_1dabe3d4	chr9	582	58200000	0	259
k16_1dabe3d4	chr9	583	58300000	0	244
k16_1dabe3d4	chr9	584	58400000	0	330
k16_1dabe3d4	chr9	585	58500000	0	287
k16_1dabe3d4	chr9	586	58600000	0	295
k16_1dabe3d4	chr9	587	58700000	0	282
k16_1dabe3d4	chr9	588	58800000	0	271
k16_1dabe3d4	chr9	589	58900000	0	228
k16_1dabe3d4	chr9	590	59000000	0	280
k16_1dabe3d4	chr9	591	59100000	0	270
k16_1dabe3d4	chr9	592	59200000	0	244
k16_1dabe3d4	chr9	593	59300000	0	298
k16_1dabe3d4	chr9	594	59400000	0	284
k16_1dabe3d4	chr9	595	59500000	0	306
k16_1dabe3d4	chr9	596	59600000	0	278
k16_1dabe3d4	chr9	597	59700000	0	292
k16_1dabe3d4	chr9	598	59800000	0	255
k16_1dabe3d4	chr9	599	59900000	0	251
k16_1dabe3d4	chr9	600	60000000	0	288
k16_1dabe3d4	chr9	601	60100000	0	307
k16_1dabe3d4	chr9	602	60200000	0	277
k16_1dabe3d4	chr9	603	60300000	0	285
k16_1dabe3d4	chr9	604	60400000	0	284
k16_1dabe3d4	chr9	605	60500000	0	309
k16_1dabe3d4	chr9	606	60600000	0	316
k16_1dabe3d4	chr9	607	60700000	0	291
k16_1dabe3d4	chr9	608	60800000	0	285
k16_1dabe3d4	chr9	609	60900000	0	235
k16_1dabe3d4	chr9	610	61000000	0	239
k16_1dabe3d4	chr9	611	61100000	0	264
k16_1dabe3d4	chr9	612	61200000	0	249
k16_1dabe3d4	chr9	613	61300000	0	291
k16_1dabe3d4	chr9	614	61400000	0	266
k16_1dabe3d4	chr9	615	61500000	0	320
k16_1dabe3d4	chr9	616	61600000	0	287
k16_1dabe3d4	chr9	617	61700000	0	277
k16_1dabe3d4	chr9	618	61800000	0	281
k16_1dabe3d4	chr9	619	61900000	0	266
k16_1dabe3d4	chr9	620	62000000	0	253
k16_1dabe3d4	chr9	621	62100000	0	340
k16_1dabe3d4	chr9	622	62200000	0	255
k16_1dabe3d4	chr9	623	62300000	0	315
k16_1dabe3d4	chr9	624	62400000	0	278
k16_1dabe3d4	chr9	625	62500000	0	283
k16_1dabe3d4	chr9	626	62600000	0	281
k16_1dabe3d4	chr9	627	62700000	0	253
k16_1dabe3d4	chr9	628	62800000	0	250
k16_1dabe3d4	chr9	629	62900000	0	307
k16_1dabe3d4	chr9	630	63000000	0	282
k16_1dabe3d4	chr9	631	63100000	0	274
k16_1dabe3d4	chr9	632	63200000	0	222
k16_1dabe3d4	chr9	633	63300000	0	261
k16_1dabe3d4	chr9	634	63400000	0	291
k16_1dabe3d4	chr9	635	63500000	0	272
k16_1dabe3d4	chr9	636	63600000	0	273
k16_1dabe3d4	chr9	637	63700000	0	308
k16_1dabe3d4	chr9	638	63800000	0	304
k16_1dabe3d4	chr9	639	63900000	0	263
k16_1dabe3d4	chr9	640	64000000	0	240
k16_1dabe3d4	chr9	641	64100000	0	292
k16_1dabe3d4	chr9	642	64200000	0	284
k16_1dabe3d4	chr9	643	64300000	0	232
k16_1dabe3d4	chr9	644	64400000	0	255
k16_1dabe3d4	chr9	645	64500000	0	271
k16_1dabe3d4	chr9	646	64600000	0	251
k16_1dabe3d4	chr9	647	64700000	0	296
k16_1dabe3d4	chr9	648	64800000	0	241
k16_1dabe3d4	chr9	649	64900000	0	275
k16_1dabe3d4	chr9	650	65000000	0	238
k16_1dabe3d4	chr9	651	65100000	0	289
k16_1dabe3d4	chr9	652	65200000	0	252
k16_1dabe3d4	chr9	653	65300000	0	285
k16_1dabe3d4	chr9	654	65400000	0	290
k16_1dabe3d4	chr9	655	65500000	0	285
k16_1dabe3d4	chr9	656	65600000	0	283
k16_1dabe3d4	chr9	657	65700000	0	245
k16_1dabe3d4	chr9	658	65800000	0	291
k16_1dabe3d4	chr9	659	65900000	0	282
k16_1dabe3d4	chr9	660	66000000	0	300
k16_1dabe3d4	chr9	661	66100000	0	271
k16_1dabe3d4	chr9	662	66200000	0	276
k16_1dabe3d4	chr9	663	66300000	0	281
k16_1dabe3d4	chr9	664	66400000	0	242
k16_1dabe3d4	chr9	665	66500000	0	323
k16_1dabe3d4	chr9	666	66600000	0	278
k16_1dabe3d4	chr9	667	66700000	0	282
k16_1dabe3d4	chr9	668	66800000	0	284
k16_1dabe3d4	chr9	669	66900000	0	282
k16_1dabe3d4	chr9	670	67000000	0	274
k16_1dabe3d4	chr9	671	67100000	0	253
k16_1dabe3d4	chr9	672	67200000	0	292
k16_1dabe3d4	chr9	673	67300000	0	325
k16_1dabe3d4	chr9	674	67400000	0	316
k16_1dabe3d4	chr9	675	67500000	0	298
k16_1dabe3d4	chr9	676	67600000	0	309
k16_1dabe3d4	chr9	677	67700000	0	260
k16_1dabe3d4	chr9	678	67800000	0	291
k16_1dabe3d4	chr9	679	67900000	0	248
k16_1dabe3d4	chr9	680	68000000	0	276
k16_1dabe3d4	chr9	681	68100000	0	254
k16_1dabe3d4	chr9	682	68200000	0	283
k16_1dabe3d4	chr9	683	68300000	0	249
k16_1dabe3d4	chr9	684	68400000	0	285
k16_1dabe3d4	chr9	685	68500000	0	290
k16_1dabe3d4	chr9	686	68600000	0	326
k16_1dabe3d4	chr9	687	68700000	0	261
k16_1dabe3d4	chr9	688	68800000	0	265
k16_1dabe3d4	chr9	689	68900000	0	253
k16_1dabe3d4	chr9	690	69000000	0	305
k16_1dabe3d4	chr9	691	69100000	0	307
k16_1dabe3d4	chr9	692	69200000	0	283
k16_1dabe3d4	chr9	693	69300000	0	290
k16_1dabe3d4	chr9	694	69400000	0	274
k16_1dabe3d4	chr9	695	69500000	0	236
k16_1dabe3d4	chr9	696	69600000	0	260
k16_1dabe3d4	chr9	697	69700000	0	280
k16_1dabe3d4	chr9	698	69800000	0	237
k16_1dabe3d4	chr9	699	69900000	0	288
k16_1dabe3d4	chr9	700	70000000	0	287
k16_1dabe3d4	chr9	701	70100000	0	291
k16_1dabe3d4	chr9	702	70200000	0	304
k16_1dabe3d4	chr9	703	70300000	0	281
k16_1dabe3d4	chr9	704	70400000	0	276
k16_1dabe3d4	chr9	705	70500000	0	232
k16_1dabe3d4	chr9	706	70600000	0	278
k16_1dabe3d4	chr9	707	70700000	0	320
k16_1dabe3d4	chr9	708	70800000	0	268
k16_1dabe3d4	chr9	709	70900000	0	269
k16_1dabe3d4	chr9	710	71000000	0	297
k16_1dabe3d4	chr9	711	71100000	0	271
k16_1dabe3d4	chr9	712	71200000	0	347
k16_1dabe3d4	chr9	713	71300000	0	272
k16_1dabe3d4	chr9	714	71400000	0	276
k16_1dabe3d4	chr9	715	71500000	0	281
k16_1dabe3d4	chr9	716	71600000	0	285
k16_1dabe3d4	chr9	717	71700000	0	250
k16_1dabe3d4	chr9	718	71800000	0	279
k16_1dabe3d4	chr9	719	71900000	0	296
k16_1dabe3d4	chr9	720	72000000	0	310
k16_1dabe3d4	chr9	721	72100000	0	315
k16_1dabe3d4	chr9	722	72200000	0	254
k16_1dabe3d4	chr9	723	72300000	0	279
k16_1dabe3d4	chr9	724	72400000	0	313
k16_1dabe3d4	chr9	725	72500000	0	261
k16_1dabe3d4	chr9	726	72600000	0	288
k16_1dabe3d4	chr9	727	72700000	0	263
k16_1dabe3d4	chr9	728	72800000	0	245
k16_1dabe3d4	chr9	729	72900000	0	289
k16_1dabe3d4	chr9	730	73000000	0	291
k16_1dabe3d4	chr9	731	73100000	0	313
k16_1dabe3d4	chr9	732	73200000	0	273
k16_1dabe3d4	chr9	733	73300000	0	336
k16_1dabe3d4	chr9	734	73400000	0	280
k16_1dabe3d4	chr9	735	73500000	0	267
k16_1dabe3d4	chr9	736	73600000	0	280
k16_1dabe3d4	chr9	737	73700000	0	315
k16_1dabe3d4	chr9	738	73800000	0	261
k16_1dabe3d4	chr9	739	73900000	0	267
k16_1dabe3d4	chr9	740	74000000	0	288
k16_1dabe3d4	chr9	741	74100000	0	258
k16_1dabe3d4	chr9	742	74200000	0	263
k16_1dabe3d4	chr9	743	74300000	0	285
k16_1dabe3d4	chr9	744	74400000	0	263
k16_1dabe3d4	chr9	745	74500000	0	268
k16_1dabe3d4	chr9	746	74600000	0	245
k16_1dabe3d4	chr9	747	74700000	0	311
k16_1dabe3d4	chr9	748	74800000	0	272
k16_1dabe3d4	chr9	749	74900000	0	246
k16_1dabe3d4	chr9	750	75000000	0	268
k16_1dabe3d4	chr9	751	75100000	0	300
k16_1dabe3d4	chr9	752	75200000	0	297
k16_1dabe3d4	chr9	753	75300000	0	338
k16_1dabe3d4	chr9	754	75400000	0	266
k16_1dabe3d4	chr9	755	75500000	0	302
k16_1dabe3d4	chr9	756	75600000	0	297
k16_1dabe3d4	chr9	757	75700000	0	288
k16_1dabe3d4	chr9	758	75800000	0	255
k16_1dabe3d4	chr9	759	75900000	0	247
k16_1dabe3d4	chr9	760	76000000	0	280
k16_1dabe3d4	chr9	761	76100000	0	278
k16_1dabe3d4	chr9	762	76200000	0	318
k16_1dabe3d4	chr9	763	76300000	0	306
k16_1dabe3d4	chr9	764	76400000	0	311
k16_1dabe3d4	chr9	765	76500000	0	163
k16_1dabe3d4	chr10	420	42000000	0	29
k16_1dabe3d4	chr10	421	42100000	0	122
k16_1dabe3d4	chr10	422	42200000	0	126
k16_1dabe3d4	chr10	423	42300000	0	127
k16_1dabe3d4	chr10	424	42400000	0	129
k16_1dabe3d4	chr13	0	0	0	49
k16_1dabe3d4	chr13	50	5000000	0	11
k16_1dabe3d4	chr13	98	9800000	0	93
k16_1dabe3d4	chr13	102	10200000	0	171
k16_1dabe3d4	chr13	103	10300000	0	195
k16_1dabe3d4	chr13	104	10400000	0	11
k16_1dabe3d4	chr13	118	11800000	0	2
k16_1dabe3d4	chr14	9	900000	0	31
k16_1dabe3d4	chr14	10	1000000	0	73
k16_1dabe3d4	chr14	11	1100000	0	118
k16_1dabe3d4	chr14	12	1200000	0	50
k16_1dabe3d4	chr14	32	3200000	0	43
k16_1dabe3d4	chr14	33	3300000	0	70
k16_1dabe3d4	chr14	37	3700000	0	170
k16_1dabe3d4	chr14	38	3800000	0	168
k16_1dabe3d4	chr14	39	3900000	0	9
k16_1dabe3d4	chr14	46	4600000	0	1
k16_1dabe3d4	chr14	47	4700000	0	38
k16_1dabe3d4	chr14	48	4800000	0	49
k16_1dabe3d4	chr14	58	5800000	0	35
k16_1dabe3d4	chr14	74	7400000	0	2
k16_1dabe3d4	chr15	10	1000000	0	2
k16_1dabe3d4	chr15	11	1100000	0	92
k16_1dabe3d4	chr15	12	1200000	0	29
k16_1dabe3d4	chr15	16	1600000	0	11
k16_1dabe3d4	chr15	51	5100000	0	87
k16_1dabe3d4	chr15	52	5200000	0	18
k16_1dabe3d4	chr17	219	21900000	0	67
k16_1dabe3d4	chr17	220	22000000	0	64
k16_1dabe3d4	chr17	221	22100000	0	60
k16_1dabe3d4	chr17	222	22200000	0	35
k16_1dabe3d4	chr20	320	32000000	0	69
k16_1dabe3d4	chr20	321	32100000	0	43
k16_1dabe3d4	chr20	322	32200000	0	110
k16_1dabe3d4	chr20	323	32300000	0	111
k16_1dabe3d4	chr20	324	32400000	0	112
k16_1dabe3d4	chr20	325	32500000	0	131
k16_1dabe3d4	chr20	326	32600000	0	118
k16_1dabe3d4	chr20	327	32700000	0	95
k16_1dabe3d4	chr20	328	32800000	0	92
k16_1dabe3d4	chr20	329	32900000	0	6
k16_1dabe3d4	chr21	11	1100000	0	64
k16_1dabe3d4	chr21	12	1200000	0	34
k16_1dabe3d4	chr21	20	2000000	0	11
k16_1dabe3d4	chr21	64	6400000	0	21
k16_1dabe3d4	chr21	66	6600000	0	33
k16_1dabe3d4	chr21	67	6700000	0	106
k16_1dabe3d4	chr21	68	6800000	0	53
k16_1dabe3d4	chr21	71	7100000	0	38
k16_1dabe3d4	chr21	72	7200000	0	145
k16_1dabe3d4	chr21	73	7300000	0	117
k16_1dabe3d4	chr21	76	7600000	0	30
k16_1dabe3d4	chr21	77	7700000	0	63
k16_1dabe3d4	chr21	89	8900000	0	2
k16_1dabe3d4	chr22	23	2300000	0	8
k16_1dabe3d4	chr22	24	2400000	0	65
k16_1dabe3d4	chr22	25	2500000	0	71
k16_1dabe3d4	chr22	26	2600000	0	5
k16_1dabe3d4	chr22	35	3500000	0	11
k16_1dabe3d4	chr22	71	7100000	0	139
k16_1dabe3d4	chr22	72	7200000	0	110
k16_1dabe3d4	chr22	73	7300000	0	137
k16_1dabe3d4	chr22	74	7400000	0	69
k16_1dabe3d4	chr22	78	7800000	0	54
k16_1dabe3d4	chr22	81	8100000	0	1
k16_1dabe3d4	chr22	96	9600000	0	17
k16_1dabe3d4	chr22	107	10700000	0	162
k16_1dabe3d4	chr22	108	10800000	0	190
k16_1dabe3d4	chr22	109	10900000	0	133
k16_1dabe3d4	chrY	115	11500000	0	3
k16_1dabe3d4	chrY	126	12600000	0	1
k16_238f53da	chr1	1274	127400000	0	42
k16_238f53da	chr1	1288	128800000	0	2
k16_238f53da	chr1	1289	128900000	0	1
k16_238f53da	chr1	1296	129600000	0	34
k16_238f53da	chr1	1297	129700000	0	81
k16_238f53da	chr1	1298	129800000	0	108
k16_238f53da	chr1	1299	129900000	0	95
k16_238f53da	chr1	1300	130000000	0	99
k16_238f53da	chr1	1301	130100000	0	107
k16_238f53da	chr1	1302	130200000	0	95
k16_238f53da	chr1	1303	130300000	0	102
k16_238f53da	chr1	1304	130400000	0	99
k16_238f53da	chr1	1305	130500000	0	100
k16_238f53da	chr1	1306	130600000	0	100
k16_238f53da	chr1	1307	130700000	0	111
k16_238f53da	chr1	1308	130800000	0	105
k16_238f53da	chr1	1309	130900000	0	103
k16_238f53da	chr1	1310	131000000	0	100
k16_238f53da	chr1	1311	131100000	0	108
k16_238f53da	chr1	1312	131200000	0	105
k16_238f53da	chr1	1313	131300000	0	94
k16_238f53da	chr1	1314	131400000	0	102
k16_238f53da	chr1	1315	131500000	0	106
k16_238f53da	chr1	1316	131600000	0	106
k16_238f53da	chr1	1317	131700000	0	94
k16_238f53da	chr1	1318	131800000	0	106
k16_238f53da	chr1	1319	131900000	0	103
k16_238f53da	chr1	1320	132000000	0	99
k16_238f53da	chr1	1321	132100000	0	87
k16_238f53da	chr1	1322	132200000	0	92
k16_238f53da	chr1	1323	132300000	0	101
k16_238f53da	chr1	1324	132400000	0	104
k16_238f53da	chr1	1325	132500000	0	106
k16_238f53da	chr1	1326	132600000	0	102
k16_238f53da	chr1	1327	132700000	0	97
k16_238f53da	chr1	1328	132800000	0	105
k16_238f53da	chr1	1329	132900000	0	93
k16_238f53da	chr1	1330	133000000	0	105
k16_238f53da	chr1	1331	133100000	0	93
k16_238f53da	chr1	1332	133200000	0	92
k16_238f53da	chr1	1333	133300000	0	101
k16_238f53da	chr1	1334	133400000	0	106
k16_238f53da	chr1	1335	133500000	0	87
k16_238f53da	chr1	1336	133600000	0	91
k16_238f53da	chr1	1337	133700000	0	105
k16_238f53da	chr1	1338	133800000	0	106
k16_238f53da	chr1	1339	133900000	0	99
k16_238f53da	chr1	1340	134000000	0	102
k16_238f53da	chr1	1341	134100000	0	95
k16_238f53da	chr1	1342	134200000	0	87
k16_238f53da	chr1	1343	134300000	0	107
k16_238f53da	chr1	1344	134400000	0	98
k16_238f53da	chr1	1345	134500000	0	101
k16_238f53da	chr1	1346	134600000	0	82
k16_238f53da	chr1	1347	134700000	0	89
k16_238f53da	chr1	1348	134800000	0	97
k16_238f53da	chr1	1349	134900000	0	110
k16_238f53da	chr1	1350	135000000	0	104
k16_238f53da	chr1	1351	135100000	0	109
k16_238f53da	chr1	1352	135200000	0	108
k16_238f53da	chr1	1353	135300000	0	106
k16_238f53da	chr1	1354	135400000	0	108
k16_238f53da	chr1	1355	135500000	0	109
k16_238f53da	chr1	1356	135600000	0	103
k16_238f53da	chr1	1357	135700000	0	109
k16_238f53da	chr1	1358	135800000	0	99
k16_238f53da	chr1	1359	135900000	0	97
k16_238f53da	chr1	1360	136000000	0	111
k16_238f53da	chr1	1361	136100000	0	112
k16_238f53da	chr1	1362	136200000	0	98
k16_238f53da	chr1	1363	136300000	0	109
k16_238f53da	chr1	1364	136400000	0	98
k16_238f53da	chr1	1365	136500000	0	102
k16_238f53da	chr1	1366	136600000	0	107
k16_238f53da	chr1	1367	136700000	0	112
k16_238f53da	chr1	1368	136800000	0	101
k16_238f53da	chr1	1369	136900000	0	108
k16_238f53da	chr1	1370	137000000	0	93
k16_238f53da	chr1	1371	137100000	0	100
k16_238f53da	chr1	1372	137200000	0	104
k16_238f53da	chr1	1373	137300000	0	112
k16_238f53da	chr1	1374	137400000	0	111
k16_238f53da	chr1	1375	137500000	0	107
k16_238f53da	chr1	1376	137600000	0	96
k16_238f53da	chr1	1377	137700000	0	89
k16_238f53da	chr1	1378	137800000	0	107
k16_238f53da	chr1	1379	137900000	0	102
k16_238f53da	chr1	1380	138000000	0	94
k16_238f53da	chr1	1381	138100000	0	96
k16_238f53da	chr1	1382	138200000	0	114
k16_238f53da	chr1	1383	138300000	0	103
k16_238f53da	chr1	1384	138400000	0	98
k16_238f53da	chr1	1385	138500000	0	100
k16_238f53da	chr1	1386	138600000	0	111
k16_238f53da	chr1	1387	138700000	0	115
k16_238f53da	chr1	1388	138800000	0	107
k16_238f53da	chr1	1389	138900000	0	111
k16_238f53da	chr1	1390	139000000	0	109
k16_238f53da	chr1	1391	139100000	0	112
k16_238f53da	chr1	1392	139200000	0	102
k16_238f53da	chr1	1393	139300000	0	115
k16_238f53da	chr1	1394	139400000	0	109
k16_238f53da	chr1	1395	139500000	0	95
k16_238f53da	chr1	1396	139600000	0	79
k16_238f53da	chr1	1397	139700000	0	90
k16_238f53da	chr1	1398	139800000	0	103
k16_238f53da	chr1	1399	139900000	0	111
k16_238f53da	chr1	1400	140000000	0	64
k16_238f53da	chr1	1401	140100000	0	77
k16_238f53da	chr1	1402	140200000	0	77
k16_238f53da	chr1	1403	140300000	0	100
k16_238f53da	chr1	1404	140400000	0	122
k16_238f53da	chr1	1405	140500000	0	88
k16_238f53da	chr1	1406	140600000	0	65
k16_238f53da	chr1	1407	140700000	0	108
k16_238f53da	chr1	1408	140800000	0	114
k16_238f53da	chr1	1409	140900000	0	80
k16_238f53da	chr1	1410	141000000	0	74
k16_238f53da	chr1	1411	141100000	0	98
k16_238f53da	chr1	1412	141200000	0	115
k16_238f53da	chr1	1413	141300000	0	102
k16_238f53da	chr1	1414	141400000	0	112
k16_238f53da	chr1	1415	141500000	0	100
k16_238f53da	chr1	1416	141600000	0	83
k16_238f53da	chr1	1417	141700000	0	80
k16_238f53da	chr1	1418	141800000	0	105
k16_238f53da	chr1	1419	141900000	0	116
k16_238f53da	chr1	1420	142000000	0	85
k16_238f53da	chr1	1421	142100000	0	57
k16_238f53da	chr2	894	89400000	0	1
k16_238f53da	chr2	903	90300000	0	1
k16_238f53da	chr2	922	92200000	0	1
k16_238f53da	chr7	583	58300000	0	2
k16_238f53da	chr7	586	58600000	0	2
k16_238f53da	chr7	590	59000000	0	2
k16_238f53da	chr7	593	59300000	0	2
k16_238f53da	chr7	598	59800000	0	1
k16_238f53da	chr10	420	42000000	0	1
k16_238f53da	chr16	393	39300000	0	1
k16_238f53da	chr16	394	39400000	0	1
k16_238f53da	chr17	223	22300000	0	1
k16_238f53da	chr22	169	16900000	0	1
k16_238f53da	chr22	170	17000000	0	1
k16_281a0283	chr8	681	68100000	1	1
k16_281a0283	chr9	495	49500000	0	4
k16_281a0283	chr9	499	49900000	0	1
k16_281a0283	chr9	500	50000000	0	1
k16_281a0283	chr9	502	50200000	0	1
k16_281a0283	chr9	503	50300000	0	1
k16_281a0283	chr9	506	50600000	0	1
k16_281a0283	chr9	507	50700000	0	1
k16_281a0283	chr9	516	51600000	0	6
k16_281a0283	chr9	519	51900000	0	2
k16_281a0283	chr9	530	53000000	0	3
k16_281a0283	chr9	531	53100000	0	2
k16_281a0283	chr9	537	53700000	0	1
k16_281a0283	chr9	538	53800000	0	1
k16_281a0283	chr9	545	54500000	0	1
k16_281a0283	chr9	550	55000000	0	1
k16_281a0283	chr9	554	55400000	0	4
k16_281a0283	chr9	555	55500000	0	1
k16_281a0283	chr9	556	55600000	0	1
k16_281a0283	chr9	558	55800000	0	3
k16_281a0283	chr9	560	56000000	0	5
k16_281a0283	chr9	561	56100000	0	1
k16_281a0283	chr9	562	56200000	0	1
k16_281a0283	chr9	568	56800000	0	1
k16_281a0283	chr9	585	58500000	0	1
k16_281a0283	chr9	590	59000000	0	1
k16_281a0283	chr9	591	59100000	0	1
k16_281a0283	chr9	598	59800000	0	1
k16_281a0283	chr9	617	61700000	0	3
k16_281a0283	chr9	618	61800000	0	3
k16_281a0283	chr9	624	62400000	0	1
k16_281a0283	chr9	625	62500000	0	1
k16_281a0283	chr9	633	63300000	0	1
k16_281a0283	chr9	637	63700000	0	2
k16_281a0283	chr9	638	63800000	0	1
k16_281a0283	chr9	643	64300000	0	3
k16_281a0283	chr9	656	65600000	0	1
k16_281a0283	chr9	660	66000000	0	5
k16_281a0283	chr9	662	66200000	0	1
k16_281a0283	chr9	663	66300000	0	2
k16_281a0283	chr9	664	66400000	0	1
k16_281a0283	chr9	666	66600000	0	2
k16_281a0283	chr9	667	66700000	0	3
k16_281a0283	chr9	668	66800000	0	1
k16_281a0283	chr9	674	67400000	0	1
k16_281a0283	chr9	691	69100000	0	1
k16_281a0283	chr9	696	69600000	0	1
k16_281a0283	chr9	697	69700000	0	1
k16_281a0283	chr9	704	70400000	0	1
k16_281a0283	chr9	731	73100000	0	3
k16_281a0283	chr9	737	73700000	0	1
k16_281a0283	chr9	741	74100000	0	1
k16_281a0283	chr9	746	74600000	0	1
k16_281a0283	chr10	389	38900000	0	1
k16_281a0283	chr13	98	9800000	0	1
k16_281a0283	chr13	102	10200000	0	4
k16_281a0283	chr13	134	13400000	0	1
k16_281a0283	chr13	333	33300000	1	1
k16_281a0283	chr14	32	3200000	0	1
k16_281a0283	chr14	37	3700000	0	3
k16_281a0283	chr14	60	6000000	0	1
k16_281a0283	chr14	92	9200000	0	1
k16_281a0283	chr15	11	1100000	0	1
k16_281a0283	chr15	12	1200000	0	1
k16_281a0283	chr15	51	5100000	0	1
k16_281a0283	chr15	142	14200000	0	1
k16_281a0283	chr15	834	83400000	1	1
k16_281a0283	chr17	219	21900000	0	1
k16_281a0283	chr20	322	32200000	0	1
k16_281a0283	chr20	325	32500000	0	3
k16_281a0283	chr20	326	32600000	0	11
k16_281a0283	chr20	327	32700000	0	21
k16_281a0283	chr20	329	32900000	0	1
k16_281a0283	chr21	12	1200000	0	1
k16_281a0283	chr21	71	7100000	0	1
k16_281a0283	chr21	72	7200000	0	1
k16_281a0283	chr21	73	7300000	0	1
k16_281a0283	chr21	104	10400000	0	1
k16_281a0283	chr22	73	7300000	0	1
k16_281a0283	chr22	80	8000000	0	1
k16_281a0283	chr22	88	8800000	0	1
k16_281a0283	chr22	89	8900000	0	1
k16_281a0283	chr22	102	10200000	0	1
k16_281a0283	chr22	103	10300000	0	1
k16_281a0283	chr22	120	12000000	0	1
k16_281a0283	chrY	110	11000000	0	1
k16_281a0283	chrY	117	11700000	0	1
k16_2d0f4f63	chr1	1296	129600000	0	2
k16_2d0f4f63	chr1	1297	129700000	0	11
k16_2d0f4f63	chr1	1298	129800000	0	52
k16_2d0f4f63	chr1	1299	129900000	0	9
k16_2d0f4f63	chr1	1300	130000000	0	17
k16_2d0f4f63	chr1	1301	130100000	0	32
k16_2d0f4f63	chr1	1302	130200000	0	34
k16_2d0f4f63	chr1	1303	130300000	0	5
k16_2d0f4f63	chr1	1304	130400000	0	27
k16_2d0f4f63	chr1	1305	130500000	0	30
k16_2d0f4f63	chr1	1306	130600000	0	44
k16_2d0f4f63	chr1	1307	130700000	0	49
k16_2d0f4f63	chr1	1308	130800000	0	49
k16_2d0f4f63	chr1	1309	130900000	0	40
k16_2d0f4f63	chr1	1310	131000000	0	34
k16_2d0f4f63	chr1	1311	131100000	0	32
k16_2d0f4f63	chr1	1312	131200000	0	55
k16_2d0f4f63	chr1	1313	131300000	0	55
k16_2d0f4f63	chr1	1314	131400000	0	33
k16_2d0f4f63	chr1	1315	131500000	0	53
k16_2d0f4f63	chr1	1316	131600000	0	55
k16_2d0f4f63	chr1	1317	131700000	0	55
k16_2d0f4f63	chr1	1318	131800000	0	51
k16_2d0f4f63	chr1	1319	131900000	0	25
k16_2d0f4f63	chr1	1320	132000000	0	28
k16_2d0f4f63	chr1	1321	132100000	0	7
k16_2d0f4f63	chr1	1322	132200000	0	13
k16_2d0f4f63	chr1	1323	132300000	0	29
k16_2d0f4f63	chr1	1324	132400000	0	21
k16_2d0f4f63	chr1	1325	132500000	0	53
k16_2d0f4f63	chr1	1326	132600000	0	55
k16_2d0f4f63	chr1	1327	132700000	0	54
k16_2d0f4f63	chr1	1328	132800000	0	52
k16_2d0f4f63	chr1	1329	132900000	0	19
k16_2d0f4f63	chr1	1330	133000000	0	51
k16_2d0f4f63	chr1	1331	133100000	0	6
k16_2d0f4f63	chr1	1332	133200000	0	24
k16_2d0f4f63	chr1	1333	133300000	0	54
k16_2d0f4f63	chr1	1334	133400000	0	52
k16_2d0f4f63	chr1	1335	133500000	0	4
k16_2d0f4f63	chr1	1336	133600000	0	24
k16_2d0f4f63	chr1	1337	133700000	0	53
k16_2d0f4f63	chr1	1338	133800000	0	44
k16_2d0f4f63	chr1	1339	133900000	0	12
k16_2d0f4f63	chr1	1340	134000000	0	40
k16_2d0f4f63	chr1	1341	134100000	0	27
k16_2d0f4f63	chr1	1342	134200000	0	13
k16_2d0f4f63	chr1	1343	134300000	0	44
k16_2d0f4f63	chr1	1344	134400000	0	11
k16_2d0f4f63	chr1	1345	134500000	0	42
k16_2d0f4f63	chr1	1346	134600000	0	8
k16_2d0f4f63	chr1	1347	134700000	0	17
k16_2d0f4f63	chr1	1348	134800000	0	17
k16_2d0f4f63	chr1	1349	134900000	0	55
k16_2d0f4f63	chr1	1350	135000000	0	49
k16_2d0f4f63	chr1	1351	135100000	0	54
k16_2d0f4f63	chr1	1352	135200000	0	50
k16_2d0f4f63	chr1	1353	135300000	0	54
k16_2d0f4f63	chr1	1354	135400000	0	39
k16_2d0f4f63	chr1	1355	135500000	0	30
k16_2d0f4f63	chr1	1356	135600000	0	34
k16_2d0f4f63	chr1	1357	135700000	0	39
k16_2d0f4f63	chr1	1358	135800000	0	56
k16_2d0f4f63	chr1	1359	135900000	0	51
k16_2d0f4f63	chr1	1360	136000000	0	55
k16_2d0f4f63	chr1	1361	136100000	0	47
k16_2d0f4f63	chr1	1362	136200000	0	51
k16_2d0f4f63	chr1	1363	136300000	0	44
k16_2d0f4f63	chr1	1364	136400000	0	9
k16_2d0f4f63	chr1	1365	136500000	0	20
k16_2d0f4f63	chr1	1366	136600000	0	24
k16_2d0f4f63	chr1	1367	136700000	0	29
k16_2d0f4f63	chr1	1368	136800000	0	46
k16_2d0f4f63	chr1	1369	136900000	0	44
k16_2d0f4f63	chr1	1370	137000000	0	12
k16_2d0f4f63	chr1	1371	137100000	0	31
k16_2d0f4f63	chr1	1372	137200000	0	21
k16_2d0f4f63	chr1	1373	137300000	0	36
k16_2d0f4f63	chr1	1374	137400000	0	46
k16_2d0f4f63	chr1	1375	137500000	0	54
k16_2d0f4f63	chr1	1376	137600000	0	27
k16_2d0f4f63	chr1	1377	137700000	0	14
k16_2d0f4f63	chr1	1378	137800000	0	45
k16_2d0f4f63	chr1	1379	137900000	0	44
k16_2d0f4f63	chr1	1380	138000000	0	21
k16_2d0f4f63	chr1	1381	138100000	0	16
k16_2d0f4f63	chr1	1382	138200000	0	52
k16_2d0f4f63	chr1	1383	138300000	0	35
k16_2d0f4f63	chr1	1384	138400000	0	16
k16_2d0f4f63	chr1	1385	138500000	0	17
k16_2d0f4f63	chr1	1386	138600000	0	45
k16_2d0f4f63	chr1	1387	138700000	0	49
k16_2d0f4f63	chr1	1388	138800000	0	41
k16_2d0f4f63	chr1	1389	138900000	0	55
k16_2d0f4f63	chr1	1390	139000000	0	53
k16_2d0f4f63	chr1	1391	139100000	0	46
k16_2d0f4f63	chr1	1392	139200000	0	40
k16_2d0f4f63	chr1	1393	139300000	0	50
k16_2d0f4f63	chr1	1394	139400000	0	49
k16_2d0f4f63	chr1	1395	139500000	0	3
k16_2d0f4f63	chr1	1396	139600000	0	9
k16_2d0f4f63	chr1	1397	139700000	0	28
k16_2d0f4f63	chr1	1398	139800000	0	38
k16_2d0f4f63	chr1	1399	139900000	0	50
k16_2d0f4f63	chr1	1400	140000000	0	4
k16_2d0f4f63	chr1	1401	140100000	0	5
k16_2d0f4f63	chr1	1402	140200000	0	5
k16_2d0f4f63	chr1	1403	140300000	0	8
k16_2d0f4f63	chr1	1404	140400000	0	9
k16_2d0f4f63	chr1	1406	140600000	0	3
k16_2d0f4f63	chr1	1407	140700000	0	51
k16_2d0f4f63	chr1	1408	140800000	0	47
k16_2d0f4f63	chr1	1409	140900000	0	8
k16_2d0f4f63	chr1	1410	141000000	0	8
k16_2d0f4f63	chr1	1411	141100000	0	9
k16_2d0f4f63	chr1	1412	141200000	0	8
k16_2d0f4f63	chr1	1413	141300000	0	24
k16_2d0f4f63	chr1	1414	141400000	0	49
k16_2d0f4f63	chr1	1415	141500000	0	27
k16_2d0f4f63	chr1	1416	141600000	0	11
k16_2d0f4f63	chr1	1417	141700000	0	7
k16_2d0f4f63	chr1	1418	141800000	0	9
k16_2d0f4f63	chr1	1419	141900000	0	5
k16_2d0f4f63	chr10	426	42600000	0	1
k16_2d0f4f63	chr10	427	42700000	0	1
k16_2ec3c158	chr20	324	32400000	0	2
k16_2ec3c158	chr20	325	32500000	0	1
k16_2ec3c158	chr20	326	32600000	0	10
k16_2ec3c158	chr20	327	32700000	0	21
k16_2f53c4f5	chr1	667	66700000	1	1
k16_2f53c4f5	chr9	488	48800000	0	1
k16_2f53c4f5	chr9	493	49300000	0	1
k16_2f53c4f5	chr9	510	51000000	0	3
k16_2f53c4f5	chr9	514	51400000	0	1
k16_2f53c4f5	chr9	521	52100000	0	1
k16_2f53c4f5	chr9	524	52400000	0	1
k16_2f53c4f5	chr9	529	52900000	0	1
k16_2f53c4f5	chr9	533	53300000	0	1
k16_2f53c4f5	chr9	537	53700000	0	1
k16_2f53c4f5	chr9	538	53800000	0	1
k16_2f53c4f5	chr9	560	56000000	0	6
k16_2f53c4f5	chr9	562	56200000	0	1
k16_2f53c4f5	chr9	570	57000000	0	1
k16_2f53c4f5	chr9	571	57100000	0	4
k16_2f53c4f5	chr9	587	58700000	0	2
k16_2f53c4f5	chr9	591	59100000	0	2
k16_2f53c4f5	chr9	608	60800000	0	2
k16_2f53c4f5	chr9	611	61100000	0	1
k16_2f53c4f5	chr9	617	61700000	0	1
k16_2f53c4f5	chr9	620	62000000	0	1
k16_2f53c4f5	chr9	625	62500000	0	2
k16_2f53c4f5	chr9	641	64100000	0	2
k16_2f53c4f5	chr9	647	64700000	0	1
k16_2f53c4f5	chr9	666	66600000	0	4
k16_2f53c4f5	chr9	667	66700000	0	1
k16_2f53c4f5	chr9	668	66800000	0	1
k16_2f53c4f5	chr9	676	67600000	0	1
k16_2f53c4f5	chr9	677	67700000	0	2
k16_2f53c4f5	chr9	678	67800000	0	2
k16_2f53c4f5	chr9	693	69300000	0	2
k16_2f53c4f5	chr9	697	69700000	0	2
k16_2f53c4f5	chr9	743	74300000	0	4
k16_2f53c4f5	chr9	746	74600000	0	2
k16_2f53c4f5	chr9	760	76000000	0	1
k16_2f53c4f5	chr9	762	76200000	0	2
k16_2f53c4f5	chr13	98	9800000	0	1
k16_2f53c4f5	chr14	33	3300000	0	1
k16_2f53c4f5	chr15	52	5200000	0	1
k16_2f53c4f5	chr15	75	7500000	0	5
k16_2f53c4f5	chr15	79	7900000	0	1
k16_2f53c4f5	chr15	83	8300000	0	3
k16_2f53c4f5	chr15	84	8400000	0	4
k16_2f53c4f5	chr15	88	8800000	0	1
k16_2f53c4f5	chr15	92	9200000	0	1
k16_2f53c4f5	chr15	104	10400000	0	7
k16_2f53c4f5	chr15	112	11200000	0	5
k16_2f53c4f5	chr15	115	11500000	0	2
k16_2f53c4f5	chr15	116	11600000	0	12
k16_2f53c4f5	chr15	121	12100000	0	2
k16_2f53c4f5	chr15	122	12200000	0	1
k16_2f53c4f5	chr15	126	12600000	0	12
k16_2f53c4f5	chr15	132	13200000	0	3
k16_2f53c4f5	chr21	71	7100000	0	1
k16_2f53c4f5	chr22	24	2400000	0	1
k16_2f53c4f5	chr22	72	7200000	0	3
k16_34d83a51	chr1	1269	126900000	0	1
k16_34d83a51	chr1	1287	128700000	0	2
k16_34d83a51	chr1	1290	129000000	0	1
k16_34d83a51	chr7	582	58200000	0	1
k16_34d83a51	chr7	598	59800000	0	1
k16_34d83a51	chr10	420	42000000	0	4
k16_34d83a51	chr10	425	42500000	0	18
k16_34d83a51	chr10	426	42600000	0	40
k16_34d83a51	chr10	427	42700000	0	42
k16_34d83a51	chr10	428	42800000	0	37
k16_34d83a51	chr10	429	42900000	0	24
k16_34d83a51	chr16	378	37800000	0	1
k16_34d83a51	chr16	394	39400000	0	1
k16_34d83a51	chr16	511	51100000	0	1
k16_360e8045	chr1	1269	126900000	0	47
k16_360e8045	chr1	1270	127000000	0	77
k16_360e8045	chr1	1271	127100000	0	46
k16_360e8045	chr1	1272	127200000	0	52
k16_360e8045	chr1	1273	127300000	0	38
k16_360e8045	chr1	1274	127400000	0	33
k16_360e8045	chr1	1287	128700000	0	12
k16_360e8045	chr1	1290	129000000	0	43
k16_360e8045	chr1	1291	129100000	0	44
k16_360e8045	chr1	1292	129200000	0	42
k16_360e8045	chr1	1293	129300000	0	40
k16_360e8045	chr1	1294	129400000	0	54
k16_360e8045	chr1	1295	129500000	0	47
k16_360e8045	chr1	1296	129600000	0	43
k16_360e8045	chr1	1297	129700000	0	36
k16_360e8045	chr1	1298	129800000	0	34
k16_360e8045	chr1	1299	129900000	0	36
k16_360e8045	chr1	1300	130000000	0	28
k16_360e8045	chr1	1301	130100000	0	30
k16_360e8045	chr1	1302	130200000	0	27
k16_360e8045	chr1	1303	130300000	0	21
k16_360e8045	chr1	1304	130400000	0	34
k16_360e8045	chr1	1305	130500000	0	40
k16_360e8045	chr1	1306	130600000	0	40
k16_360e8045	chr1	1307	130700000	0	49
k16_360e8045	chr1	1308	130800000	0	46
k16_360e8045	chr1	1309	130900000	0	43
k16_360e8045	chr1	1310	131000000	0	26
k16_360e8045	chr1	1311	131100000	0	28
k16_360e8045	chr1	1312	131200000	0	42
k16_360e8045	chr1	1313	131300000	0	34
k16_360e8045	chr1	1314	131400000	0	45
k16_360e8045	chr1	1315	131500000	0	25
k16_360e8045	chr1	1316	131600000	0	46
k16_360e8045	chr1	1317	131700000	0	37
k16_360e8045	chr1	1318	131800000	0	47
k16_360e8045	chr1	1319	131900000	0	23
k16_360e8045	chr1	1320	132000000	0	26
k16_360e8045	chr1	1321	132100000	0	37
k16_360e8045	chr1	1322	132200000	0	31
k16_360e8045	chr1	1323	132300000	0	20
k16_360e8045	chr1	1324	132400000	0	26
k16_360e8045	chr1	1325	132500000	0	29
k16_360e8045	chr1	1326	132600000	0	40
k16_360e8045	chr1	1327	132700000	0	47
k16_360e8045	chr1	1328	132800000	0	44
k16_360e8045	chr1	1329	132900000	0	25
k16_360e8045	chr1	1330	133000000	0	33
k16_360e8045	chr1	1331	133100000	0	31
k16_360e8045	chr1	1332	133200000	0	26
k16_360e8045	chr1	1333	133300000	0	52
k16_360e8045	chr1	1334	133400000	0	40
k16_360e8045	chr1	1335	133500000	0	38
k16_360e8045	chr1	1336	133600000	0	26
k16_360e8045	chr1	1337	133700000	0	54
k16_360e8045	chr1	1338	133800000	0	33
k16_360e8045	chr1	1339	133900000	0	22
k16_360e8045	chr1	1340	134000000	0	23
k16_360e8045	chr1	1341	134100000	0	36
k16_360e8045	chr1	1342	134200000	0	29
k16_360e8045	chr1	1343	134300000	0	27
k16_360e8045	chr1	1344	134400000	0	23
k16_360e8045	chr1	1345	134500000	0	27
k16_360e8045	chr1	1346	134600000	0	40
k16_360e8045	chr1	1347	134700000	0	17
k16_360e8045	chr1	1348	134800000	0	25
k16_360e8045	chr1	1349	134900000	0	54
k16_360e8045	chr1	1350	135000000	0	50
k16_360e8045	chr1	1351	135100000	0	53
k16_360e8045	chr1	1352	135200000	0	46
k16_360e8045	chr1	1353	135300000	0	55
k16_360e8045	chr1	1354	135400000	0	42
k16_360e8045	chr1	1355	135500000	0	25
k16_360e8045	chr1	1356	135600000	0	22
k16_360e8045	chr1	1357	135700000	0	28
k16_360e8045	chr1	1358	135800000	0	36
k16_360e8045	chr1	1359	135900000	0	57
k16_360e8045	chr1	1360	136000000	0	54
k16_360e8045	chr1	1361	136100000	0	49
k16_360e8045	chr1	1362	136200000	0	29
k16_360e8045	chr1	1363	136300000	0	26
k16_360e8045	chr1	1364	136400000	0	26
k16_360e8045	chr1	1365	136500000	0	22
k16_360e8045	chr1	1366	136600000	0	18
k16_360e8045	chr1	1367	136700000	0	41
k16_360e8045	chr1	1368	136800000	0	36
k16_360e8045	chr1	1369	136900000	0	33
k16_360e8045	chr1	1370	137000000	0	23
k16_360e8045	chr1	1371	137100000	0	20
k16_360e8045	chr1	1372	137200000	0	27
k16_360e8045	chr1	1373	137300000	0	21
k16_360e8045	chr1	1374	137400000	0	33
k16_360e8045	chr1	1375	137500000	0	38
k16_360e8045	chr1	1376	137600000	0	38
k16_360e8045	chr1	1377	137700000	0	29
k16_360e8045	chr1	1378	137800000	0	41
k16_360e8045	chr1	1379	137900000	0	34
k16_360e8045	chr1	1380	138000000	0	42
k16_360e8045	chr1	1381	138100000	0	26
k16_360e8045	chr1	1382	138200000	0	48
k16_360e8045	chr1	1383	138300000	0	33
k16_360e8045	chr1	1384	138400000	0	21
k16_360e8045	chr1	1385	138500000	0	19
k16_360e8045	chr1	1386	138600000	0	44
k16_360e8045	chr1	1387	138700000	0	43
k16_360e8045	chr1	1388	138800000	0	40
k16_360e8045	chr1	1389	138900000	0	42
k16_360e8045	chr1	1390	139000000	0	46
k16_360e8045	chr1	1391	139100000	0	35
k16_360e8045	chr1	1392	139200000	0	42
k16_360e8045	chr1	1393	139300000	0	46
k16_360e8045	chr1	1394	139400000	0	47
k16_360e8045	chr1	1395	139500000	0	9
k16_360e8045	chr1	1396	139600000	0	32
k16_360e8045	chr1	1397	139700000	0	43
k16_360e8045	chr1	1398	139800000	0	43
k16_360e8045	chr1	1399	139900000	0	38
k16_360e8045	chr1	1400	140000000	0	41
k16_360e8045	chr1	1401	140100000	0	34
k16_360e8045	chr1	1402	140200000	0	34
k16_360e8045	chr1	1403	140300000	0	14
k16_360e8045	chr1	1404	140400000	0	5
k16_360e8045	chr1	1405	140500000	0	38
k16_360e8045	chr1	1406	140600000	0	43
k16_360e8045	chr1	1407	140700000	0	37
k16_360e8045	chr1	1408	140800000	0	35
k16_360e8045	chr1	1409	140900000	0	37
k16_360e8045	chr1	1410	141000000	0	32
k16_360e8045	chr1	1411	141100000	0	19
k16_360e8045	chr1	1412	141200000	0	7
k16_360e8045	chr1	1413	141300000	0	30
k16_360e8045	chr1	1414	141400000	0	38
k16_360e8045	chr1	1415	141500000	0	33
k16_360e8045	chr1	1416	141600000	0	32
k16_360e8045	chr1	1417	141700000	0	31
k16_360e8045	chr1	1418	141800000	0	14
k16_360e8045	chr1	1419	141900000	0	11
k16_360e8045	chr1	1420	142000000	0	34
k16_360e8045	chr1	1421	142100000	0	44
k16_360e8045	chr1	1422	142200000	0	16
k16_360e8045	chr2	911	91100000	0	3
k16_360e8045	chr2	913	91300000	0	1
k16_360e8045	chr7	588	58800000	0	1
k16_360e8045	chr7	589	58900000	0	1
k16_360e8045	chr7	592	59200000	0	1
k16_360e8045	chr7	598	59800000	0	3
k16_360e8045	chr9	537	53700000	0	1
k16_360e8045	chr9	625	62500000	0	1
k16_360e8045	chr10	386	38600000	0	1
k16_360e8045	chr10	420	42000000	0	7
k16_360e8045	chr10	425	42500000	0	14
k16_360e8045	chr10	426	42600000	0	15
k16_360e8045	chr10	427	42700000	0	23
k16_360e8045	chr10	428	42800000	0	8
k16_360e8045	chr10	429	42900000	0	10
k16_360e8045	chr16	379	37900000	0	2
k16_360e8045	chr16	392	39200000	0	2
k16_360e8045	chr16	393	39300000	0	1
k16_360e8045	chr16	394	39400000	0	1
k16_360e8045	chr17	223	22300000	0	1
k16_360e8045	chr22	168	16800000	0	1
k16_360e8045	chr22	170	17000000	0	2
k16_360e8560	chr1	1268	126800000	0	1
k16_360e8560	chr1	1269	126900000	0	1
k16_360e8560	chr1	1271	127100000	0	4
k16_360e8560	chr1	1272	127200000	0	11
k16_360e8560	chr1	1273	127300000	0	3
k16_360e8560	chr1	1274	127400000	0	50
k16_360e8560	chr1	1287	128700000	0	1
k16_360e8560	chr1	1288	128800000	0	2
k16_360e8560	chr1	1290	129000000	0	2
k16_360e8560	chr1	1291	129100000	0	8
k16_360e8560	chr1	1292	129200000	0	16
k16_360e8560	chr1	1293	129300000	0	9
k16_360e8560	chr1	1294	129400000	0	2
k16_360e8560	chr1	1295	129500000	0	4
k16_360e8560	chr1	1296	129600000	0	44
k16_360e8560	chr1	1297	129700000	0	87
k16_360e8560	chr1	1298	129800000	0	108
k16_360e8560	chr1	1299	129900000	0	90
k16_360e8560	chr1	1300	130000000	0	97
k16_360e8560	chr1	1301	130100000	0	104
k16_360e8560	chr1	1302	130200000	0	98
k16_360e8560	chr1	1303	130300000	0	94
k16_360e8560	chr1	1304	130400000	0	92
k16_360e8560	chr1	1305	130500000	0	86
k16_360e8560	chr1	1306	130600000	0	91
k16_360e8560	chr1	1307	130700000	0	100
k16_360e8560	chr1	1308	130800000	0	105
k16_360e8560	chr1	1309	130900000	0	97
k16_360e8560	chr1	1310	131000000	0	108
k16_360e8560	chr1	1311	131100000	0	106
k16_360e8560	chr1	1312	131200000	0	108
k16_360e8560	chr1	1313	131300000	0	108
k16_360e8560	chr1	1314	131400000	0	113
k16_360e8560	chr1	1315	131500000	0	102
k16_360e8560	chr1	1316	131600000	0	109
k16_360e8560	chr1	1317	131700000	0	107
k16_360e8560	chr1	1318	131800000	0	107
k16_360e8560	chr1	1319	131900000	0	107
k16_360e8560	chr1	1320	132000000	0	95
k16_360e8560	chr1	1321	132100000	0	87
k16_360e8560	chr1	1322	132200000	0	85
k16_360e8560	chr1	1323	132300000	0	112
k16_360e8560	chr1	1324	132400000	0	104
k16_360e8560	chr1	1325	132500000	0	100
k16_360e8560	chr1	1326	132600000	0	109
k16_360e8560	chr1	1327	132700000	0	107
k16_360e8560	chr1	1328	132800000	0	107
k16_360e8560	chr1	1329	132900000	0	101
k16_360e8560	chr1	1330	133000000	0	96
k16_360e8560	chr1	1331	133100000	0	90
k16_360e8560	chr1	1332	133200000	0	89
k16_360e8560	chr1	1333	133300000	0	109
k16_360e8560	chr1	1334	133400000	0	99
k16_360e8560	chr1	1335	133500000	0	91
k16_360e8560	chr1	1336	133600000	0	88
k16_360e8560	chr1	1337	133700000	0	109
k16_360e8560	chr1	1338	133800000	0	105
k16_360e8560	chr1	1339	133900000	0	101
k16_360e8560	chr1	1340	134000000	0	103
k16_360e8560	chr1	1341	134100000	0	95
k16_360e8560	chr1	1342	134200000	0	92
k16_360e8560	chr1	1343	134300000	0	101
k16_360e8560	chr1	1344	134400000	0	99
k16_360e8560	chr1	1345	134500000	0	100
k16_360e8560	chr1	1346	134600000	0	86
k16_360e8560	chr1	1347	134700000	0	95
k16_360e8560	chr1	1348	134800000	0	92
k16_360e8560	chr1	1349	134900000	0	110
k16_360e8560	chr1	1350	135000000	0	103
k16_360e8560	chr1	1351	135100000	0	112
k16_360e8560	chr1	1352	135200000	0	105
k16_360e8560	chr1	1353	135300000	0	111
k16_360e8560	chr1	1354	135400000	0	98
k16_360e8560	chr1	1355	135500000	0	104
k16_360e8560	chr1	1356	135600000	0	86
k16_360e8560	chr1	1357	135700000	0	102
k16_360e8560	chr1	1358	135800000	0	94
k16_360e8560	chr1	1359	135900000	0	99
k16_360e8560	chr1	1360	136000000	0	111
k16_360e8560	chr1	1361	136100000	0	105
k16_360e8560	chr1	1362	136200000	0	99
k16_360e8560	chr1	1363	136300000	0	103
k16_360e8560	chr1	1364	136400000	0	102
k16_360e8560	chr1	1365	136500000	0	89
k16_360e8560	chr1	1366	136600000	0	97
k16_360e8560	chr1	1367	136700000	0	110
k16_360e8560	chr1	1368	136800000	0	102
k16_360e8560	chr1	1369	136900000	0	106
k16_360e8560	chr1	1370	137000000	0	94
k16_360e8560	chr1	1371	137100000	0	94
k16_360e8560	chr1	1372	137200000	0	101
k16_360e8560	chr1	1373	137300000	0	104
k16_360e8560	chr1	1374	137400000	0	106
k16_360e8560	chr1	1375	137500000	0	108
k16_360e8560	chr1	1376	137600000	0	106
k16_360e8560	chr1	1377	137700000	0	103
k16_360e8560	chr1	1378	137800000	0	104
k16_360e8560	chr1	1379	137900000	0	107
k16_360e8560	chr1	1380	138000000	0	104
k16_360e8560	chr1	1381	138100000	0	108
k16_360e8560	chr1	1382	138200000	0	106
k16_360e8560	chr1	1383	138300000	0	108
k16_360e8560	chr1	1384	138400000	0	105
k16_360e8560	chr1	1385	138500000	0	100
k16_360e8560	chr1	1386	138600000	0	105
k16_360e8560	chr1	1387	138700000	0	105
k16_360e8560	chr1	1388	138800000	0	113
k16_360e8560	chr1	1389	138900000	0	110
k16_360e8560	chr1	1390	139000000	0	106
k16_360e8560	chr1	1391	139100000	0	102
k16_360e8560	chr1	1392	139200000	0	119
k16_360e8560	chr1	1393	139300000	0	109
k16_360e8560	chr1	1394	139400000	0	109
k16_360e8560	chr1	1395	139500000	0	94
k16_360e8560	chr1	1396	139600000	0	76
k16_360e8560	chr1	1397	139700000	0	89
k16_360e8560	chr1	1398	139800000	0	93
k16_360e8560	chr1	1399	139900000	0	99
k16_360e8560	chr1	1400	140000000	0	79
k16_360e8560	chr1	1401	140100000	0	70
k16_360e8560	chr1	1402	140200000	0	84
k16_360e8560	chr1	1403	140300000	0	106
k16_360e8560	chr1	1404	140400000	0	109
k16_360e8560	chr1	1405	140500000	0	88
k16_360e8560	chr1	1406	140600000	0	81
k16_360e8560	chr1	1407	140700000	0	95
k16_360e8560	chr1	1408	140800000	0	94
k16_360e8560	chr1	1409	140900000	0	75
k16_360e8560	chr1	1410	141000000	0	83
k16_360e8560	chr1	1411	141100000	0	107
k16_360e8560	chr1	1412	141200000	0	113
k16_360e8560	chr1	1413	141300000	0	88
k16_360e8560	chr1	1414	141400000	0	101
k16_360e8560	chr1	1415	141500000	0	83
k16_360e8560	chr1	1416	141600000	0	75
k16_360e8560	chr1	1417	141700000	0	85
k16_360e8560	chr1	1418	141800000	0	112
k16_360e8560	chr1	1419	141900000	0	110
k16_360e8560	chr1	1420	142000000	0	86
k16_360e8560	chr1	1421	142100000	0	60
k16_360e8560	chr1	1422	142200000	0	1
k16_360e8560	chr2	893	89300000	0	1
k16_360e8560	chr2	898	89800000	0	2
k16_360e8560	chr2	903	90300000	0	1
k16_360e8560	chr2	909	90900000	0	1
k16_360e8560	chr2	913	91300000	0	2
k16_360e8560	chr2	915	91500000	0	1
k16_360e8560	chr2	922	92200000	0	1
k16_360e8560	chr2	948	94800000	0	4
k16_360e8560	chr7	586	58600000	0	1
k16_360e8560	chr7	590	59000000	0	1
k16_360e8560	chr7	592	59200000	0	2
k16_360e8560	chr7	593	59300000	0	1
k16_360e8560	chr7	598	59800000	0	2
k16_360e8560	chr7	599	59900000	0	2
k16_360e8560	chr7	600	60000000	0	1
k16_360e8560	chr9	449	44900000	0	2
k16_360e8560	chr10	426	42600000	0	2
k16_360e8560	chr10	427	42700000	0	2
k16_360e8560	chr10	428	42800000	0	6
k16_360e8560	chr10	429	42900000	0	6
k16_360e8560	chr16	356	35600000	0	2
k16_360e8560	chr16	378	37800000	0	1
k16_360e8560	chr16	379	37900000	0	1
k16_360e8560	chr16	392	39200000	0	1
k16_360e8560	chr16	394	39400000	0	1
k16_360e8560	chr16	395	39500000	0	1
k16_360e8560	chr16	402	40200000	0	1
k16_360e8560	chr16	403	40300000	0	1
k16_360e8560	chr16	405	40500000	0	1
k16_360e8560	chr16	409	40900000	0	1
k16_360e8560	chr16	486	48600000	0	1
k16_360e8560	chr16	497	49700000	0	1
k16_360e8560	chr16	503	50300000	0	1
k16_360e8560	chr16	521	52100000	0	1
k16_360e8560	chr17	223	22300000	0	5
k16_360e8560	chr22	168	16800000	0	2
k16_360e8560	chr22	169	16900000	0	1
k16_360e8560	chr22	170	17000000	0	1
k16_390e83a8	chr1	1276	127600000	0	1
k16_390e83a8	chr3	954	95400000	0	2
k16_390e83a8	chr3	955	95500000	0	1
k16_390e83a8	chr4	495	49500000	0	1
k16_390e83a8	chr4	496	49600000	0	2
k16_390e83a8	chr7	587	58700000	0	1
k16_390e83a8	chr7	590	59000000	0	1
k16_390e83a8	chr9	492	49200000	0	24
k16_390e83a8	chr9	493	49300000	0	4
k16_390e83a8	chr9	509	50900000	0	1
k16_390e83a8	chr9	513	51300000	0	12
k16_390e83a8	chr9	514	51400000	0	1
k16_390e83a8	chr9	522	52200000	0	2
k16_390e83a8	chr9	523	52300000	0	10
k16_390e83a8	chr9	524	52400000	0	9
k16_390e83a8	chr9	527	52700000	0	1
k16_390e83a8	chr9	529	52900000	0	11
k16_390e83a8	chr9	530	53000000	0	1
k16_390e83a8	chr9	532	53200000	0	6
k16_390e83a8	chr9	533	53300000	0	7
k16_390e83a8	chr9	534	53400000	0	13
k16_390e83a8	chr9	536	53600000	0	7
k16_390e83a8	chr9	537	53700000	0	1
k16_390e83a8	chr9	538	53800000	0	1
k16_390e83a8	chr9	539	53900000	0	5
k16_390e83a8	chr9	540	54000000	0	3
k16_390e83a8	chr9	541	54100000	0	5
k16_390e83a8	chr9	542	54200000	0	1
k16_390e83a8	chr9	544	54400000	0	18
k16_390e83a8	chr9	546	54600000	0	2
k16_390e83a8	chr9	547	54700000	0	7
k16_390e83a8	chr9	549	54900000	0	6
k16_390e83a8	chr9	551	55100000	0	7
k16_390e83a8	chr9	553	55300000	0	6
k16_390e83a8	chr9	555	55500000	0	1
k16_390e83a8	chr9	557	55700000	0	2
k16_390e83a8	chr9	558	55800000	0	6
k16_390e83a8	chr9	559	55900000	0	1
k16_390e83a8	chr9	565	56500000	0	3
k16_390e83a8	chr9	570	57000000	0	2
k16_390e83a8	chr9	571	57100000	0	6
k16_390e83a8	chr9	572	57200000	0	1
k16_390e83a8	chr9	574	57400000	0	5
k16_390e83a8	chr9	576	57600000	0	1
k16_390e83a8	chr9	577	57700000	0	3
k16_390e83a8	chr9	582	58200000	0	4
k16_390e83a8	chr9	583	58300000	0	9
k16_390e83a8	chr9	585	58500000	0	2
k16_390e83a8	chr9	586	58600000	0	1
k16_390e83a8	chr9	587	58700000	0	3
k16_390e83a8	chr9	588	58800000	0	1
k16_390e83a8	chr9	589	58900000	0	7
k16_390e83a8	chr9	590	59000000	0	3
k16_390e83a8	chr9	591	59100000	0	2
k16_390e83a8	chr9	592	59200000	0	3
k16_390e83a8	chr9	593	59300000	0	6
k16_390e83a8	chr9	597	59700000	0	1
k16_390e83a8	chr9	598	59800000	0	6
k16_390e83a8	chr9	599	59900000	0	3
k16_390e83a8	chr9	600	60000000	0	4
k16_390e83a8	chr9	601	60100000	0	5
k16_390e83a8	chr9	602	60200000	0	6
k16_390e83a8	chr9	603	60300000	0	2
k16_390e83a8	chr9	604	60400000	0	2
k16_390e83a8	chr9	605	60500000	0	6
k16_390e83a8	chr9	606	60600000	0	2
k16_390e83a8	chr9	607	60700000	0	1
k16_390e83a8	chr9	609	60900000	0	2
k16_390e83a8	chr9	610	61000000	0	12
k16_390e83a8	chr9	612	61200000	0	7
k16_390e83a8	chr9	614	61400000	0	1
k16_390e83a8	chr9	616	61600000	0	6
k16_390e83a8	chr9	617	61700000	0	4
k16_390e83a8	chr9	619	61900000	0	5
k16_390e83a8	chr9	620	62000000	0	7
k16_390e83a8	chr9	622	62200000	0	11
k16_390e83a8	chr9	624	62400000	0	7
k16_390e83a8	chr9	625	62500000	0	2
k16_390e83a8	chr9	627	62700000	0	5
k16_390e83a8	chr9	628	62800000	0	4
k16_390e83a8	chr9	629	62900000	0	1
k16_390e83a8	chr9	630	63000000	0	1
k16_390e83a8	chr9	632	63200000	0	18
k16_390e83a8	chr9	634	63400000	0	3
k16_390e83a8	chr9	635	63500000	0	1
k16_390e83a8	chr9	636	63600000	0	2
k16_390e83a8	chr9	637	63700000	0	1
k16_390e83a8	chr9	640	64000000	0	14
k16_390e83a8	chr9	642	64200000	0	3
k16_390e83a8	chr9	643	64300000	0	19
k16_390e83a8	chr9	644	64400000	0	7
k16_390e83a8	chr9	645	64500000	0	12
k16_390e83a8	chr9	646	64600000	0	5
k16_390e83a8	chr9	647	64700000	0	6
k16_390e83a8	chr9	648	64800000	0	11
k16_390e83a8	chr9	649	64900000	0	9
k16_390e83a8	chr9	650	65000000	0	8
k16_390e83a8	chr9	651	65100000	0	1
k16_390e83a8	chr9	652	65200000	0	6
k16_390e83a8	chr9	653	65300000	0	3
k16_390e83a8	chr9	655	65500000	0	6
k16_390e83a8	chr9	656	65600000	0	1
k16_390e83a8	chr9	657	65700000	0	6
k16_390e83a8	chr9	658	65800000	0	6
k16_390e83a8	chr9	661	66100000	0	2
k16_390e83a8	chr9	662	66200000	0	1
k16_390e83a8	chr9	663	66300000	0	1
k16_390e83a8	chr9	664	66400000	0	5
k16_390e83a8	chr9	665	66500000	0	2
k16_390e83a8	chr9	671	67100000	0	2
k16_390e83a8	chr9	676	67600000	0	2
k16_390e83a8	chr9	677	67700000	0	6
k16_390e83a8	chr9	678	67800000	0	1
k16_390e83a8	chr9	680	68000000	0	5
k16_390e83a8	chr9	682	68200000	0	1
k16_390e83a8	chr9	683	68300000	0	3
k16_390e83a8	chr9	688	68800000	0	5
k16_390e83a8	chr9	689	68900000	0	9
k16_390e83a8	chr9	691	69100000	0	2
k16_390e83a8	chr9	692	69200000	0	1
k16_390e83a8	chr9	693	69300000	0	3
k16_390e83a8	chr9	694	69400000	0	1
k16_390e83a8	chr9	695	69500000	0	3
k16_390e83a8	chr9	696	69600000	0	7
k16_390e83a8	chr9	697	69700000	0	1
k16_390e83a8	chr9	698	69800000	0	4
k16_390e83a8	chr9	699	69900000	0	6
k16_390e83a8	chr9	700	70000000	0	1
k16_390e83a8	chr9	703	70300000	0	1
k16_390e83a8	chr9	704	70400000	0	1
k16_390e83a8	chr9	705	70500000	0	8
k16_390e83a8	chr9	706	70600000	0	4
k16_390e83a8	chr9	707	70700000	0	3
k16_390e83a8	chr9	708	70800000	0	7
k16_390e83a8	chr9	709	70900000	0	4
k16_390e83a8	chr9	710	71000000	0	3
k16_390e83a8	chr9	711	71100000	0	5
k16_390e83a8	chr9	712	71200000	0	1
k16_390e83a8	chr9	713	71300000	0	5
k16_390e83a8	chr9	714	71400000	0	2
k16_390e83a8	chr9	715	71500000	0	12
k16_390e83a8	chr9	717	71700000	0	10
k16_390e83a8	chr9	719	71900000	0	3
k16_390e83a8	chr9	721	72100000	0	1
k16_390e83a8	chr9	722	72200000	0	3
k16_390e83a8	chr9	723	72300000	0	3
k16_390e83a8	chr9	724	72400000	0	4
k16_390e83a8	chr9	725	72500000	0	8
k16_390e83a8	chr9	727	72700000	0	5
k16_390e83a8	chr9	728	72800000	0	3
k16_390e83a8	chr9	729	72900000	0	4
k16_390e83a8	chr9	731	73100000	0	1
k16_390e83a8	chr9	732	73200000	0	1
k16_390e83a8	chr9	733	73300000	0	1
k16_390e83a8	chr9	735	73500000	0	1
k16_390e83a8	chr9	739	73900000	0	6
k16_390e83a8	chr9	740	74000000	0	8
k16_390e83a8	chr9	741	74100000	0	5
k16_390e83a8	chr9	742	74200000	0	7
k16_390e83a8	chr9	743	74300000	0	8
k16_390e83a8	chr9	744	74400000	0	3
k16_390e83a8	chr9	746	74600000	0	4
k16_390e83a8	chr9	750	75000000	0	4
k16_390e83a8	chr9	752	75200000	0	6
k16_390e83a8	chr9	754	75400000	0	4
k16_390e83a8	chr9	755	75500000	0	6
k16_390e83a8	chr9	756	75600000	0	2
k16_390e83a8	chr9	757	75700000	0	2
k16_390e83a8	chr9	758	75800000	0	3
k16_390e83a8	chr9	759	75900000	0	4
k16_390e83a8	chr9	761	76100000	0	1
k16_390e83a8	chr9	762	76200000	0	1
k16_390e83a8	chr9	763	76300000	0	2
k16_390e83a8	chr9	766	76600000	0	2
k16_390e83a8	chr10	185	18500000	1	1
k16_390e83a8	chr10	421	42100000	0	1
k16_390e83a8	chr12	1156	115600000	1	1
k16_390e83a8	chr13	50	5000000	0	2
k16_390e83a8	chr13	51	5100000	0	1
k16_390e83a8	chr13	98	9800000	0	1
k16_390e83a8	chr13	107	10700000	0	1
k16_390e83a8	chr13	111	11100000	0	1
k16_390e83a8	chr13	119	11900000	0	1
k16_390e83a8	chr13	131	13100000	0	1
k16_390e83a8	chr13	133	13300000	0	2
k16_390e83a8	chr14	7	700000	0	2
k16_390e83a8	chr14	11	1100000	0	1
k16_390e83a8	chr14	12	1200000	0	1
k16_390e83a8	chr14	13	1300000	0	2
k16_390e83a8	chr14	33	3300000	0	1
k16_390e83a8	chr14	38	3800000	0	8
k16_390e83a8	chr14	46	4600000	0	1
k16_390e83a8	chr14	47	4700000	0	4
k16_390e83a8	chr14	58	5800000	0	1
k16_390e83a8	chr14	60	6000000	0	2
k16_390e83a8	chr14	73	7300000	0	1
k16_390e83a8	chr14	82	8200000	0	1
k16_390e83a8	chr14	97	9700000	0	1
k16_390e83a8	chr15	3	300000	0	2
k16_390e83a8	chr15	15	1500000	0	2
k16_390e83a8	chr15	16	1600000	0	1
k16_390e83a8	chr15	52	5200000	0	1
k16_390e83a8	chr15	139	13900000	0	1
k16_390e83a8	chr15	152	15200000	0	2
k16_390e83a8	chr15	153	15300000	0	2
k16_390e83a8	chr15	157	15700000	0	2
k16_390e83a8	chr17	218	21800000	0	2
k16_390e83a8	chr17	222	22200000	0	1
k16_390e83a8	chr17	224	22400000	0	1
k16_390e83a8	chr17	277	27700000	0	3
k16_390e83a8	chr17	278	27800000	0	1
k16_390e83a8	chr20	320	32000000	0	5
k16_390e83a8	chr20	324	32400000	0	1
k16_390e83a8	chr20	325	32500000	0	2
k16_390e83a8	chr20	326	32600000	0	10
k16_390e83a8	chr20	327	32700000	0	21
k16_390e83a8	chr20	329	32900000	0	2
k16_390e83a8	chr21	4	400000	0	2
k16_390e83a8	chr21	20	2000000	0	2
k16_390e83a8	chr21	21	2100000	0	1
k16_390e83a8	chr21	64	6400000	0	4
k16_390e83a8	chr21	71	7100000	0	1
k16_390e83a8	chr21	72	7200000	0	1
k16_390e83a8	chr21	77	7700000	0	1
k16_390e83a8	chr21	81	8100000	0	1
k16_390e83a8	chr21	90	9000000	0	1
k16_390e83a8	chr21	102	10200000	0	3
k16_390e83a8	chr21	104	10400000	0	2
k16_390e83a8	chr21	445	44500000	1	1
k16_390e83a8	chr22	4	400000	0	2
k16_390e83a8	chr22	35	3500000	0	2
k16_390e83a8	chr22	36	3600000	0	1
k16_390e83a8	chr22	80	8000000	0	1
k16_390e83a8	chr22	82	8200000	0	1
k16_390e83a8	chr22	84	8400000	0	2
k16_390e83a8	chr22	89	8900000	0	1
k16_390e83a8	chr22	102	10200000	0	1
k16_390e83a8	chr22	109	10900000	0	1
k16_390e83a8	chr22	124	12400000	0	1
k16_390e83a8	chrY	109	10900000	0	1
k16_390e83a8	chrY	112	11200000	0	1
k16_390e83a8	chrY	117	11700000	0	1
k16_390e83a8	chrY	122	12200000	0	1
k16_390e83a8	chrY	286	28600000	0	2
k16_390e83a8	chrY	297	29700000	0	1
k16_390e83a8	chrY	301	30100000	0	2
k16_390e83a8	chrY	302	30200000	0	1
k16_390e83a8	chrY	306	30600000	0	1
k16_390e83a8	chrY	307	30700000	0	1
k16_390e83a8	chrY	309	30900000	0	2
k16_390e83a8	chrY	510	51000000	0	3
k16_390e83a8	chrY	527	52700000	0	1
k16_390e83a8	chrY	559	55900000	0	1
k16_390e83a8	chrY	576	57600000	0	1
k16_390e83a8	chrY	596	59600000	0	1
k16_390e83a8	chrY	615	61500000	0	1
k16_390e83a8	chrY	618	61800000	0	2
k16_390e83a8	chrY	619	61900000	0	18
k16_390e83a8	chrY	620	62000000	0	1
k16_3a0d0662	chr1	1275	127500000	0	7
k16_3a0d0662	chr1	1276	127600000	0	16
k16_3a0d0662	chr1	1280	128000000	0	1
k16_3a0d0662	chr3	954	95400000	0	1
k16_3a0d0662	chr4	491	49100000	0	1
k16_3a0d0662	chr5	496	49600000	0	14
k16_3a0d0662	chr5	497	49700000	0	4
k16_3a0d0662	chr5	499	49900000	0	35
k16_3a0d0662	chr7	584	58400000	0	9
k16_3a0d0662	chr7	585	58500000	0	1
k16_3a0d0662	chr7	587	58700000	0	11
k16_3a0d0662	chr7	589	58900000	0	13
k16_3a0d0662	chr7	590	59000000	0	3
k16_3a0d0662	chr9	485	48500000	0	5
k16_3a0d0662	chr9	486	48600000	0	7
k16_3a0d0662	chr9	487	48700000	0	5
k16_3a0d0662	chr9	488	48800000	0	2
k16_3a0d0662	chr9	491	49100000	0	1
k16_3a0d0662	chr9	492	49200000	0	8
k16_3a0d0662	chr9	493	49300000	0	42
k16_3a0d0662	chr9	494	49400000	0	69
k16_3a0d0662	chr9	495	49500000	0	76
k16_3a0d0662	chr9	496	49600000	0	72
k16_3a0d0662	chr9	497	49700000	0	63
k16_3a0d0662	chr9	498	49800000	0	70
k16_3a0d0662	chr9	499	49900000	0	70
k16_3a0d0662	chr9	500	50000000	0	64
k16_3a0d0662	chr9	501	50100000	0	71
k16_3a0d0662	chr9	502	50200000	0	61
k16_3a0d0662	chr9	503	50300000	0	82
k16_3a0d0662	chr9	504	50400000	0	45
k16_3a0d0662	chr9	505	50500000	0	71
k16_3a0d0662	chr9	506	50600000	0	72
k16_3a0d0662	chr9	507	50700000	0	73
k16_3a0d0662	chr9	508	50800000	0	79
k16_3a0d0662	chr9	509	50900000	0	71
k16_3a0d0662	chr9	510	51000000	0	56
k16_3a0d0662	chr9	511	51100000	0	72
k16_3a0d0662	chr9	512	51200000	0	84
k16_3a0d0662	chr9	513	51300000	0	29
k16_3a0d0662	chr9	514	51400000	0	63
k16_3a0d0662	chr9	515	51500000	0	59
k16_3a0d0662	chr9	516	51600000	0	74
k16_3a0d0662	chr9	517	51700000	0	74
k16_3a0d0662	chr9	518	51800000	0	68
k16_3a0d0662	chr9	519	51900000	0	75
k16_3a0d0662	chr9	520	52000000	0	73
k16_3a0d0662	chr9	521	52100000	0	75
k16_3a0d0662	chr9	522	52200000	0	67
k16_3a0d0662	chr9	523	52300000	0	31
k16_3a0d0662	chr9	524	52400000	0	41
k16_3a0d0662	chr9	525	52500000	0	64
k16_3a0d0662	chr9	526	52600000	0	82
k16_3a0d0662	chr9	527	52700000	0	90
k16_3a0d0662	chr9	528	52800000	0	72
k16_3a0d0662	chr9	529	52900000	0	54
k16_3a0d0662	chr9	530	53000000	0	93
k16_3a0d0662	chr9	531	53100000	0	92
k16_3a0d0662	chr9	532	53200000	0	63
k16_3a0d0662	chr9	533	53300000	0	46
k16_3a0d0662	chr9	534	53400000	0	44
k16_3a0d0662	chr9	535	53500000	0	75
k16_3a0d0662	chr9	536	53600000	0	54
k16_3a0d0662	chr9	537	53700000	0	85
k16_3a0d0662	chr9	538	53800000	0	68
k16_3a0d0662	chr9	539	53900000	0	52
k16_3a0d0662	chr9	540	54000000	0	62
k16_3a0d0662	chr9	541	54100000	0	77
k16_3a0d0662	chr9	542	54200000	0	70
k16_3a0d0662	chr9	543	54300000	0	76
k16_3a0d0662	chr9	544	54400000	0	36
k16_3a0d0662	chr9	545	54500000	0	70
k16_3a0d0662	chr9	546	54600000	0	73
k16_3a0d0662	chr9	547	54700000	0	63
k16_3a0d0662	chr9	548	54800000	0	59
k16_3a0d0662	chr9	549	54900000	0	63
k16_3a0d0662	chr9	550	55000000	0	82
k16_3a0d0662	chr9	551	55100000	0	52
k16_3a0d0662	chr9	552	55200000	0	74
k16_3a0d0662	chr9	553	55300000	0	57
k16_3a0d0662	chr9	554	55400000	0	73
k16_3a0d0662	chr9	555	55500000	0	85
k16_3a0d0662	chr9	556	55600000	0	65
k16_3a0d0662	chr9	557	55700000	0	72
k16_3a0d0662	chr9	558	55800000	0	39
k16_3a0d0662	chr9	559	55900000	0	80
k16_3a0d0662	chr9	560	56000000	0	66
k16_3a0d0662	chr9	561	56100000	0	74
k16_3a0d0662	chr9	562	56200000	0	71
k16_3a0d0662	chr9	563	56300000	0	89
k16_3a0d0662	chr9	564	56400000	0	86
k16_3a0d0662	chr9	565	56500000	0	73
k16_3a0d0662	chr9	566	56600000	0	77
k16_3a0d0662	chr9	567	56700000	0	76
k16_3a0d0662	chr9	568	56800000	0	82
k16_3a0d0662	chr9	569	56900000	0	76
k16_3a0d0662	chr9	570	57000000	0	53
k16_3a0d0662	chr9	571	57100000	0	52
k16_3a0d0662	chr9	572	57200000	0	72
k16_3a0d0662	chr9	573	57300000	0	75
k16_3a0d0662	chr9	574	57400000	0	61
k16_3a0d0662	chr9	575	57500000	0	64
k16_3a0d0662	chr9	576	57600000	0	65
k16_3a0d0662	chr9	577	57700000	0	86
k16_3a0d0662	chr9	578	57800000	0	68
k16_3a0d0662	chr9	579	57900000	0	84
k16_3a0d0662	chr9	580	58000000	0	79
k16_3a0d0662	chr9	581	58100000	0	78
k16_3a0d0662	chr9	582	58200000	0	30
k16_3a0d0662	chr9	583	58300000	0	60
k16_3a0d0662	chr9	584	58400000	0	70
k16_3a0d0662	chr9	585	58500000	0	90
k16_3a0d0662	chr9	586	58600000	0	79
k16_3a0d0662	chr9	587	58700000	0	69
k16_3a0d0662	chr9	588	58800000	0	94
k16_3a0d0662	chr9	589	58900000	0	62
k16_3a0d0662	chr9	590	59000000	0	91
k16_3a0d0662	chr9	591	59100000	0	56
k16_3a0d0662	chr9	592	59200000	0	86
k16_3a0d0662	chr9	593	59300000	0	73
k16_3a0d0662	chr9	594	59400000	0	73
k16_3a0d0662	chr9	595	59500000	0	79
k16_3a0d0662	chr9	596	59600000	0	73
k16_3a0d0662	chr9	597	59700000	0	84
k16_3a0d0662	chr9	598	59800000	0	76
k16_3a0d0662	chr9	599	59900000	0	69
k16_3a0d0662	chr9	600	60000000	0	54
k16_3a0d0662	chr9	601	60100000	0	54
k16_3a0d0662	chr9	602	60200000	0	63
k16_3a0d0662	chr9	603	60300000	0	53
k16_3a0d0662	chr9	604	60400000	0	61
k16_3a0d0662	chr9	605	60500000	0	54
k16_3a0d0662	chr9	606	60600000	0	59
k16_3a0d0662	chr9	607	60700000	0	66
k16_3a0d0662	chr9	608	60800000	0	67
k16_3a0d0662	chr9	609	60900000	0	64
k16_3a0d0662	chr9	610	61000000	0	36
k16_3a0d0662	chr9	611	61100000	0	44
k16_3a0d0662	chr9	612	61200000	0	50
k16_3a0d0662	chr9	613	61300000	0	71
k16_3a0d0662	chr9	614	61400000	0	85
k16_3a0d0662	chr9	615	61500000	0	79
k16_3a0d0662	chr9	616	61600000	0	64
k16_3a0d0662	chr9	617	61700000	0	84
k16_3a0d0662	chr9	618	61800000	0	92
k16_3a0d0662	chr9	619	61900000	0	68
k16_3a0d0662	chr9	620	62000000	0	48
k16_3a0d0662	chr9	621	62100000	0	69
k16_3a0d0662	chr9	622	62200000	0	55
k16_3a0d0662	chr9	623	62300000	0	67
k16_3a0d0662	chr9	624	62400000	0	60
k16_3a0d0662	chr9	625	62500000	0	84
k16_3a0d0662	chr9	626	62600000	0	77
k16_3a0d0662	chr9	627	62700000	0	45
k16_3a0d0662	chr9	628	62800000	0	62
k16_3a0d0662	chr9	629	62900000	0	81
k16_3a0d0662	chr9	630	63000000	0	70
k16_3a0d0662	chr9	631	63100000	0	81
k16_3a0d0662	chr9	632	63200000	0	33
k16_3a0d0662	chr9	633	63300000	0	71
k16_3a0d0662	chr9	634	63400000	0	78
k16_3a0d0662	chr9	635	63500000	0	94
k16_3a0d0662	chr9	636	63600000	0	80
k16_3a0d0662	chr9	637	63700000	0	76
k16_3a0d0662	chr9	638	63800000	0	79
k16_3a0d0662	chr9	639	63900000	0	94
k16_3a0d0662	chr9	640	64000000	0	53
k16_3a0d0662	chr9	641	64100000	0	74
k16_3a0d0662	chr9	642	64200000	0	77
k16_3a0d0662	chr9	643	64300000	0	49
k16_3a0d0662	chr9	644	64400000	0	55
k16_3a0d0662	chr9	645	64500000	0	36
k16_3a0d0662	chr9	646	64600000	0	42
k16_3a0d0662	chr9	647	64700000	0	74
k16_3a0d0662	chr9	648	64800000	0	45
k16_3a0d0662	chr9	649	64900000	0	44
k16_3a0d0662	chr9	650	65000000	0	38
k16_3a0d0662	chr9	651	65100000	0	74
k16_3a0d0662	chr9	652	65200000	0	69
k16_3a0d0662	chr9	653	65300000	0	69
k16_3a0d0662	chr9	654	65400000	0	50
k16_3a0d0662	chr9	655	65500000	0	73
k16_3a0d0662	chr9	656	65600000	0	80
k16_3a0d0662	chr9	657	65700000	0	51
k16_3a0d0662	chr9	658	65800000	0	64
k16_3a0d0662	chr9	659	65900000	0	67
k16_3a0d0662	chr9	660	66000000	0	78
k16_3a0d0662	chr9	661	66100000	0	85
k16_3a0d0662	chr9	662	66200000	0	68
k16_3a0d0662	chr9	663	66300000	0	71
k16_3a0d0662	chr9	664	66400000	0	32
k16_3a0d0662	chr9	665	66500000	0	78
k16_3a0d0662	chr9	666	66600000	0	66
k16_3a0d0662	chr9	667	66700000	0	80
k16_3a0d0662	chr9	668	66800000	0	70
k16_3a0d0662	chr9	669	66900000	0	77
k16_3a0d0662	chr9	670	67000000	0	85
k16_3a0d0662	chr9	671	67100000	0	73
k16_3a0d0662	chr9	672	67200000	0	80
k16_3a0d0662	chr9	673	67300000	0	80
k16_3a0d0662	chr9	674	67400000	0	76
k16_3a0d0662	chr9	675	67500000	0	83
k16_3a0d0662	chr9	676	67600000	0	58
k16_3a0d0662	chr9	677	67700000	0	50
k16_3a0d0662	chr9	678	67800000	0	71
k16_3a0d0662	chr9	679	67900000	0	74
k16_3a0d0662	chr9	680	68000000	0	63
k16_3a0d0662	chr9	681	68100000	0	66
k16_3a0d0662	chr9	682	68200000	0	62
k16_3a0d0662	chr9	683	68300000	0	85
k16_3a0d0662	chr9	684	68400000	0	73
k16_3a0d0662	chr9	685	68500000	0	80
k16_3a0d0662	chr9	686	68600000	0	72
k16_3a0d0662	chr9	687	68700000	0	79
k16_3a0d0662	chr9	688	68800000	0	47
k16_3a0d0662	chr9	689	68900000	0	47
k16_3a0d0662	chr9	690	69000000	0	72
k16_3a0d0662	chr9	691	69100000	0	85
k16_3a0d0662	chr9	692	69200000	0	88
k16_3a0d0662	chr9	693	69300000	0	60
k16_3a0d0662	chr9	694	69400000	0	92
k16_3a0d0662	chr9	695	69500000	0	93
k16_3a0d0662	chr9	696	69600000	0	70
k16_3a0d0662	chr9	697	69700000	0	75
k16_3a0d0662	chr9	698	69800000	0	67
k16_3a0d0662	chr9	699	69900000	0	74
k16_3a0d0662	chr9	700	70000000	0	82
k16_3a0d0662	chr9	701	70100000	0	67
k16_3a0d0662	chr9	702	70200000	0	79
k16_3a0d0662	chr9	703	70300000	0	80
k16_3a0d0662	chr9	704	70400000	0	89
k16_3a0d0662	chr9	705	70500000	0	53
k16_3a0d0662	chr9	706	70600000	0	65
k16_3a0d0662	chr9	707	70700000	0	64
k16_3a0d0662	chr9	708	70800000	0	55
k16_3a0d0662	chr9	709	70900000	0	53
k16_3a0d0662	chr9	710	71000000	0	53
k16_3a0d0662	chr9	711	71100000	0	57
k16_3a0d0662	chr9	712	71200000	0	66
k16_3a0d0662	chr9	713	71300000	0	53
k16_3a0d0662	chr9	714	71400000	0	77
k16_3a0d0662	chr9	715	71500000	0	55
k16_3a0d0662	chr9	716	71600000	0	68
k16_3a0d0662	chr9	717	71700000	0	49
k16_3a0d0662	chr9	718	71800000	0	82
k16_3a0d0662	chr9	719	71900000	0	62
k16_3a0d0662	chr9	720	72000000	0	57
k16_3a0d0662	chr9	721	72100000	0	62
k16_3a0d0662	chr9	722	72200000	0	61
k16_3a0d0662	chr9	723	72300000	0	62
k16_3a0d0662	chr9	724	72400000	0	64
k16_3a0d0662	chr9	725	72500000	0	50
k16_3a0d0662	chr9	726	72600000	0	78
k16_3a0d0662	chr9	727	72700000	0	66
k16_3a0d0662	chr9	728	72800000	0	59
k16_3a0d0662	chr9	729	72900000	0	53
k16_3a0d0662	chr9	730	73000000	0	81
k16_3a0d0662	chr9	731	73100000	0	89
k16_3a0d0662	chr9	732	73200000	0	92
k16_3a0d0662	chr9	733	73300000	0	82
k16_3a0d0662	chr9	734	73400000	0	51
k16_3a0d0662	chr9	735	73500000	0	72
k16_3a0d0662	chr9	736	73600000	0	54
k16_3a0d0662	chr9	737	73700000	0	73
k16_3a0d0662	chr9	738	73800000	0	96
k16_3a0d0662	chr9	739	73900000	0	65
k16_3a0d0662	chr9	740	74000000	0	45
k16_3a0d0662	chr9	741	74100000	0	57
k16_3a0d0662	chr9	742	74200000	0	52
k16_3a0d0662	chr9	743	74300000	0	61
k16_3a0d0662	chr9	744	74400000	0	74
k16_3a0d0662	chr9	745	74500000	0	77
k16_3a0d0662	chr9	746	74600000	0	44
k16_3a0d0662	chr9	747	74700000	0	64
k16_3a0d0662	chr9	748	74800000	0	65
k16_3a0d0662	chr9	749	74900000	0	78
k16_3a0d0662	chr9	750	75000000	0	81
k16_3a0d0662	chr9	751	75100000	0	83
k16_3a0d0662	chr9	752	75200000	0	46
k16_3a0d0662	chr9	753	75300000	0	78
k16_3a0d0662	chr9	754	75400000	0	57
k16_3a0d0662	chr9	755	75500000	0	45
k16_3a0d0662	chr9	756	75600000	0	60
k16_3a0d0662	chr9	757	75700000	0	69
k16_3a0d0662	chr9	758	75800000	0	37
k16_3a0d0662	chr9	759	75900000	0	70
k16_3a0d0662	chr9	760	76000000	0	77
k16_3a0d0662	chr9	761	76100000	0	85
k16_3a0d0662	chr9	762	76200000	0	62
k16_3a0d0662	chr9	763	76300000	0	49
k16_3a0d0662	chr9	764	76400000	0	70
k16_3a0d0662	chr9	765	76500000	0	20
k16_3a0d0662	chr10	420	42000000	0	3
k16_3a0d0662	chr10	421	42100000	0	6
k16_3a0d0662	chr10	422	42200000	0	4
k16_3a0d0662	chr10	423	42300000	0	7
k16_3a0d0662	chr13	102	10200000	0	1
k16_3a0d0662	chr13	103	10300000	0	4
k16_3a0d0662	chr14	9	900000	0	2
k16_3a0d0662	chr14	32	3200000	0	1
k16_3a0d0662	chr14	38	3800000	0	3
k16_3a0d0662	chr15	12	1200000	0	1
k16_3a0d0662	chr17	219	21900000	0	6
k16_3a0d0662	chr17	222	22200000	0	1
k16_3a0d0662	chr20	320	32000000	0	17
k16_3a0d0662	chr20	321	32100000	0	1
k16_3a0d0662	chr20	322	32200000	0	9
k16_3a0d0662	chr20	323	32300000	0	7
k16_3a0d0662	chr20	324	32400000	0	10
k16_3a0d0662	chr20	325	32500000	0	7
k16_3a0d0662	chr20	326	32600000	0	3
k16_3a0d0662	chr20	327	32700000	0	1
k16_3a0d0662	chr20	328	32800000	0	3
k16_3a0d0662	chr21	12	1200000	0	1
k16_3a0d0662	chr21	64	6400000	0	3
k16_3a0d0662	chr21	66	6600000	0	1
k16_3a0d0662	chr21	71	7100000	0	1
k16_3a0d0662	chr21	72	7200000	0	3
k16_3a0d0662	chr21	73	7300000	0	1
k16_3a0d0662	chr22	24	2400000	0	4
k16_3a0d0662	chr22	35	3500000	0	2
k16_3a0d0662	chr22	71	7100000	0	5
k16_3a0d0662	chr22	78	7800000	0	1
k16_3a0e80c1	chr1	547	54700000	1	1
k16_3a0e80c1	chr1	1280	128000000	0	4
k16_3a0e80c1	chr3	1576	157600000	1	1
k16_3a0e80c1	chr6	1557	155700000	1	1
k16_3a0e80c1	chr7	432	43200000	1	1
k16_3a0e80c1	chr7	587	58700000	0	1
k16_3a0e80c1	chr7	590	59000000	0	1
k16_3a0e80c1	chr9	486	48600000	0	1
k16_3a0e80c1	chr9	491	49100000	0	4
k16_3a0e80c1	chr9	492	49200000	0	8
k16_3a0e80c1	chr9	493	49300000	0	6
k16_3a0e80c1	chr9	494	49400000	0	1
k16_3a0e80c1	chr9	495	49500000	0	2
k16_3a0e80c1	chr9	496	49600000	0	2
k16_3a0e80c1	chr9	513	51300000	0	6
k16_3a0e80c1	chr9	514	51400000	0	4
k16_3a0e80c1	chr9	515	51500000	0	1
k16_3a0e80c1	chr9	516	51600000	0	2
k16_3a0e80c1	chr9	517	51700000	0	1
k16_3a0e80c1	chr9	521	52100000	0	1
k16_3a0e80c1	chr9	522	52200000	0	1
k16_3a0e80c1	chr9	523	52300000	0	1
k16_3a0e80c1	chr9	524	52400000	0	1
k16_3a0e80c1	chr9	525	52500000	0	3
k16_3a0e80c1	chr9	528	52800000	0	1
k16_3a0e80c1	chr9	529	52900000	0	1
k16_3a0e80c1	chr9	530	53000000	0	1
k16_3a0e80c1	chr9	531	53100000	0	1
k16_3a0e80c1	chr9	533	53300000	0	1
k16_3a0e80c1	chr9	536	53600000	0	1
k16_3a0e80c1	chr9	537	53700000	0	3
k16_3a0e80c1	chr9	538	53800000	0	2
k16_3a0e80c1	chr9	539	53900000	0	2
k16_3a0e80c1	chr9	540	54000000	0	1
k16_3a0e80c1	chr9	541	54100000	0	2
k16_3a0e80c1	chr9	544	54400000	0	2
k16_3a0e80c1	chr9	547	54700000	0	1
k16_3a0e80c1	chr9	548	54800000	0	1
k16_3a0e80c1	chr9	552	55200000	0	5
k16_3a0e80c1	chr9	553	55300000	0	2
k16_3a0e80c1	chr9	554	55400000	0	2
k16_3a0e80c1	chr9	558	55800000	0	2
k16_3a0e80c1	chr9	560	56000000	0	3
k16_3a0e80c1	chr9	562	56200000	0	2
k16_3a0e80c1	chr9	563	56300000	0	1
k16_3a0e80c1	chr9	565	56500000	0	1
k16_3a0e80c1	chr9	567	56700000	0	1
k16_3a0e80c1	chr9	570	57000000	0	1
k16_3a0e80c1	chr9	571	57100000	0	1
k16_3a0e80c1	chr9	572	57200000	0	1
k16_3a0e80c1	chr9	575	57500000	0	2
k16_3a0e80c1	chr9	576	57600000	0	1
k16_3a0e80c1	chr9	579	57900000	0	2
k16_3a0e80c1	chr9	580	58000000	0	1
k16_3a0e80c1	chr9	581	58100000	0	1
k16_3a0e80c1	chr9	582	58200000	0	1
k16_3a0e80c1	chr9	583	58300000	0	2
k16_3a0e80c1	chr9	588	58800000	0	1
k16_3a0e80c1	chr9	593	59300000	0	2
k16_3a0e80c1	chr9	595	59500000	0	1
k16_3a0e80c1	chr9	596	59600000	0	1
k16_3a0e80c1	chr9	601	60100000	0	1
k16_3a0e80c1	chr9	604	60400000	0	1
k16_3a0e80c1	chr9	608	60800000	0	1
k16_3a0e80c1	chr9	609	60900000	0	1
k16_3a0e80c1	chr9	610	61000000	0	1
k16_3a0e80c1	chr9	611	61100000	0	3
k16_3a0e80c1	chr9	612	61200000	0	1
k16_3a0e80c1	chr9	613	61300000	0	2
k16_3a0e80c1	chr9	615	61500000	0	1
k16_3a0e80c1	chr9	616	61600000	0	1
k16_3a0e80c1	chr9	617	61700000	0	1
k16_3a0e80c1	chr9	618	61800000	0	1
k16_3a0e80c1	chr9	621	62100000	0	1
k16_3a0e80c1	chr9	624	62400000	0	1
k16_3a0e80c1	chr9	625	62500000	0	2
k16_3a0e80c1	chr9	626	62600000	0	3
k16_3a0e80c1	chr9	627	62700000	0	3
k16_3a0e80c1	chr9	628	62800000	0	1
k16_3a0e80c1	chr9	629	62900000	0	3
k16_3a0e80c1	chr9	632	63200000	0	2
k16_3a0e80c1	chr9	640	64000000	0	2
k16_3a0e80c1	chr9	641	64100000	0	3
k16_3a0e80c1	chr9	642	64200000	0	1
k16_3a0e80c1	chr9	643	64300000	0	1
k16_3a0e80c1	chr9	644	64400000	0	1
k16_3a0e80c1	chr9	648	64800000	0	3
k16_3a0e80c1	chr9	649	64900000	0	1
k16_3a0e80c1	chr9	653	65300000	0	1
k16_3a0e80c1	chr9	654	65400000	0	1
k16_3a0e80c1	chr9	658	65800000	0	5
k16_3a0e80c1	chr9	659	65900000	0	4
k16_3a0e80c1	chr9	664	66400000	0	2
k16_3a0e80c1	chr9	666	66600000	0	2
k16_3a0e80c1	chr9	668	66800000	0	2
k16_3a0e80c1	chr9	669	66900000	0	1
k16_3a0e80c1	chr9	671	67100000	0	1
k16_3a0e80c1	chr9	673	67300000	0	1
k16_3a0e80c1	chr9	676	67600000	0	1
k16_3a0e80c1	chr9	677	67700000	0	1
k16_3a0e80c1	chr9	678	67800000	0	1
k16_3a0e80c1	chr9	682	68200000	0	3
k16_3a0e80c1	chr9	685	68500000	0	2
k16_3a0e80c1	chr9	686	68600000	0	1
k16_3a0e80c1	chr9	688	68800000	0	1
k16_3a0e80c1	chr9	689	68900000	0	1
k16_3a0e80c1	chr9	690	69000000	0	2
k16_3a0e80c1	chr9	694	69400000	0	1
k16_3a0e80c1	chr9	699	69900000	0	2
k16_3a0e80c1	chr9	701	70100000	0	1
k16_3a0e80c1	chr9	702	70200000	0	1
k16_3a0e80c1	chr9	707	70700000	0	1
k16_3a0e80c1	chr9	711	71100000	0	1
k16_3a0e80c1	chr9	715	71500000	0	1
k16_3a0e80c1	chr9	716	71600000	0	5
k16_3a0e80c1	chr9	720	72000000	0	1
k16_3a0e80c1	chr9	721	72100000	0	1
k16_3a0e80c1	chr9	722	72200000	0	1
k16_3a0e80c1	chr9	724	72400000	0	1
k16_3a0e80c1	chr9	728	72800000	0	1
k16_3a0e80c1	chr9	729	72900000	0	2
k16_3a0e80c1	chr9	730	73000000	0	2
k16_3a0e80c1	chr9	734	73400000	0	1
k16_3a0e80c1	chr9	736	73600000	0	2
k16_3a0e80c1	chr9	737	73700000	0	1
k16_3a0e80c1	chr9	741	74100000	0	1
k16_3a0e80c1	chr9	743	74300000	0	5
k16_3a0e80c1	chr9	746	74600000	0	1
k16_3a0e80c1	chr9	761	76100000	0	1
k16_3a0e80c1	chr9	763	76300000	0	1
k16_3a0e80c1	chr10	386	38600000	0	1
k16_3a0e80c1	chr10	424	42400000	0	1
k16_3a0e80c1	chr13	103	10300000	0	1
k16_3a0e80c1	chr13	118	11800000	0	1
k16_3a0e80c1	chr14	11	1100000	0	1
k16_3a0e80c1	chr14	12	1200000	0	2
k16_3a0e80c1	chr14	74	7400000	0	1
k16_3a0e80c1	chr14	815	81500000	1	1
k16_3a0e80c1	chr17	431	43100000	1	1
k16_3a0e80c1	chr20	321	32100000	0	15
k16_3a0e80c1	chr21	11	1100000	0	2
k16_3a0e80c1	chr21	64	6400000	0	5
k16_3a0e80c1	chr21	66	6600000	0	5
k16_3a0e80c1	chr21	67	6700000	0	5
k16_3a0e80c1	chr21	72	7200000	0	1
k16_3a0e80c1	chr21	73	7300000	0	1
k16_3a0e80c1	chr21	89	8900000	0	1
k16_3d4f91da	chr1	1275	127500000	0	4
k16_3d4f91da	chr1	1277	127700000	0	2
k16_3d4f91da	chr1	1280	128000000	0	7
k16_3d4f91da	chr2	893	89300000	0	1
k16_3d4f91da	chr2	903	90300000	0	1
k16_3d4f91da	chr3	954	95400000	0	1
k16_3d4f91da	chr5	496	49600000	0	46
k16_3d4f91da	chr5	497	49700000	0	57
k16_3d4f91da	chr5	498	49800000	0	71
k16_3d4f91da	chr5	499	49900000	0	6
k16_3d4f91da	chr7	585	58500000	0	20
k16_3d4f91da	chr7	587	58700000	0	5
k16_3d4f91da	chr7	589	58900000	0	4
k16_3d4f91da	chr7	590	59000000	0	4
k16_3d4f91da	chr9	484	48400000	0	10
k16_3d4f91da	chr9	485	48500000	0	31
k16_3d4f91da	chr9	486	48600000	0	22
k16_3d4f91da	chr9	487	48700000	0	28
k16_3d4f91da	chr9	488	48800000	0	2
k16_3d4f91da	chr9	490	49000000	0	34
k16_3d4f91da	chr9	491	49100000	0	59
k16_3d4f91da	chr9	492	49200000	0	51
k16_3d4f91da	chr9	493	49300000	0	96
k16_3d4f91da	chr9	494	49400000	0	119
k16_3d4f91da	chr9	495	49500000	0	103
k16_3d4f91da	chr9	496	49600000	0	98
k16_3d4f91da	chr9	497	49700000	0	87
k16_3d4f91da	chr9	498	49800000	0	115
k16_3d4f91da	chr9	499	49900000	0	109
k16_3d4f91da	chr9	500	50000000	0	95
k16_3d4f91da	chr9	501	50100000	0	102
k16_3d4f91da	chr9	502	50200000	0	100
k16_3d4f91da	chr9	503	50300000	0	99
k16_3d4f91da	chr9	504	50400000	0	101
k16_3d4f91da	chr9	505	50500000	0	105
k16_3d4f91da	chr9	506	50600000	0	104
k16_3d4f91da	chr9	507	50700000	0	95
k16_3d4f91da	chr9	508	50800000	0	113
k16_3d4f91da	chr9	509	50900000	0	74
k16_3d4f91da	chr9	510	51000000	0	68
k16_3d4f91da	chr9	511	51100000	0	96
k16_3d4f91da	chr9	512	51200000	0	73
k16_3d4f91da	chr9	513	51300000	0	58
k16_3d4f91da	chr9	514	51400000	0	98
k16_3d4f91da	chr9	515	51500000	0	109
k16_3d4f91da	chr9	516	51600000	0	110
k16_3d4f91da	chr9	517	51700000	0	93
k16_3d4f91da	chr9	518	51800000	0	105
k16_3d4f91da	chr9	519	51900000	0	114
k16_3d4f91da	chr9	520	52000000	0	79
k16_3d4f91da	chr9	521	52100000	0	90
k16_3d4f91da	chr9	522	52200000	0	75
k16_3d4f91da	chr9	523	52300000	0	59
k16_3d4f91da	chr9	524	52400000	0	80
k16_3d4f91da	chr9	525	52500000	0	76
k16_3d4f91da	chr9	526	52600000	0	88
k16_3d4f91da	chr9	527	52700000	0	99
k16_3d4f91da	chr9	528	52800000	0	105
k16_3d4f91da	chr9	529	52900000	0	64
k16_3d4f91da	chr9	530	53000000	0	102
k16_3d4f91da	chr9	531	53100000	0	78
k16_3d4f91da	chr9	532	53200000	0	89
k16_3d4f91da	chr9	533	53300000	0	68
k16_3d4f91da	chr9	534	53400000	0	75
k16_3d4f91da	chr9	535	53500000	0	91
k16_3d4f91da	chr9	536	53600000	0	106
k16_3d4f91da	chr9	537	53700000	0	88
k16_3d4f91da	chr9	538	53800000	0	88
k16_3d4f91da	chr9	539	53900000	0	68
k16_3d4f91da	chr9	540	54000000	0	61
k16_3d4f91da	chr9	541	54100000	0	102
k16_3d4f91da	chr9	542	54200000	0	90
k16_3d4f91da	chr9	543	54300000	0	87
k16_3d4f91da	chr9	544	54400000	0	56
k16_3d4f91da	chr9	545	54500000	0	75
k16_3d4f91da	chr9	546	54600000	0	68
k16_3d4f91da	chr9	547	54700000	0	78
k16_3d4f91da	chr9	548	54800000	0	102
k16_3d4f91da	chr9	549	54900000	0	92
k16_3d4f91da	chr9	550	55000000	0	80
k16_3d4f91da	chr9	551	55100000	0	82
k16_3d4f91da	chr9	552	55200000	0	96
k16_3d4f91da	chr9	553	55300000	0	79
k16_3d4f91da	chr9	554	55400000	0	93
k16_3d4f91da	chr9	555	55500000	0	99
k16_3d4f91da	chr9	556	55600000	0	98
k16_3d4f91da	chr9	557	55700000	0	85
k16_3d4f91da	chr9	558	55800000	0	48
k16_3d4f91da	chr9	559	55900000	0	96
k16_3d4f91da	chr9	560	56000000	0	89
k16_3d4f91da	chr9	561	56100000	0	84
k16_3d4f91da	chr9	562	56200000	0	79
k16_3d4f91da	chr9	563	56300000	0	77
k16_3d4f91da	chr9	564	56400000	0	93
k16_3d4f91da	chr9	565	56500000	0	85
k16_3d4f91da	chr9	566	56600000	0	105
k16_3d4f91da	chr9	567	56700000	0	124
k16_3d4f91da	chr9	568	56800000	0	110
k16_3d4f91da	chr9	569	56900000	0	89
k16_3d4f91da	chr9	570	57000000	0	92
k16_3d4f91da	chr9	571	57100000	0	74
k16_3d4f91da	chr9	572	57200000	0	77
k16_3d4f91da	chr9	573	57300000	0	87
k16_3d4f91da	chr9	574	57400000	0	93
k16_3d4f91da	chr9	575	57500000	0	71
k16_3d4f91da	chr9	576	57600000	0	65
k16_3d4f91da	chr9	577	57700000	0	78
k16_3d4f91da	chr9	578	57800000	0	109
k16_3d4f91da	chr9	579	57900000	0	105
k16_3d4f91da	chr9	580	58000000	0	111
k16_3d4f91da	chr9	581	58100000	0	92
k16_3d4f91da	chr9	582	58200000	0	42
k16_3d4f91da	chr9	583	58300000	0	71
k16_3d4f91da	chr9	584	58400000	0	106
k16_3d4f91da	chr9	585	58500000	0	107
k16_3d4f91da	chr9	586	58600000	0	91
k16_3d4f91da	chr9	587	58700000	0	87
k16_3d4f91da	chr9	588	58800000	0	94
k16_3d4f91da	chr9	589	58900000	0	67
k16_3d4f91da	chr9	590	59000000	0	97
k16_3d4f91da	chr9	591	59100000	0	74
k16_3d4f91da	chr9	592	59200000	0	87
k16_3d4f91da	chr9	593	59300000	0	97
k16_3d4f91da	chr9	594	59400000	0	88
k16_3d4f91da	chr9	595	59500000	0	90
k16_3d4f91da	chr9	596	59600000	0	76
k16_3d4f91da	chr9	597	59700000	0	106
k16_3d4f91da	chr9	598	59800000	0	75
k16_3d4f91da	chr9	599	59900000	0	77
k16_3d4f91da	chr9	600	60000000	0	94
k16_3d4f91da	chr9	601	60100000	0	104
k16_3d4f91da	chr9	602	60200000	0	78
k16_3d4f91da	chr9	603	60300000	0	95
k16_3d4f91da	chr9	604	60400000	0	96
k16_3d4f91da	chr9	605	60500000	0	100
k16_3d4f91da	chr9	606	60600000	0	99
k16_3d4f91da	chr9	607	60700000	0	73
k16_3d4f91da	chr9	608	60800000	0	85
k16_3d4f91da	chr9	609	60900000	0	69
k16_3d4f91da	chr9	610	61000000	0	67
k16_3d4f91da	chr9	611	61100000	0	89
k16_3d4f91da	chr9	612	61200000	0	69
k16_3d4f91da	chr9	613	61300000	0	75
k16_3d4f91da	chr9	614	61400000	0	89
k16_3d4f91da	chr9	615	61500000	0	112
k16_3d4f91da	chr9	616	61600000	0	81
k16_3d4f91da	chr9	617	61700000	0	83
k16_3d4f91da	chr9	618	61800000	0	85
k16_3d4f91da	chr9	619	61900000	0	83
k16_3d4f91da	chr9	620	62000000	0	69
k16_3d4f91da	chr9	621	62100000	0	107
k16_3d4f91da	chr9	622	62200000	0	66
k16_3d4f91da	chr9	623	62300000	0	110
k16_3d4f91da	chr9	624	62400000	0	87
k16_3d4f91da	chr9	625	62500000	0	92
k16_3d4f91da	chr9	626	62600000	0	89
k16_3d4f91da	chr9	627	62700000	0	63
k16_3d4f91da	chr9	628	62800000	0	73
k16_3d4f91da	chr9	629	62900000	0	89
k16_3d4f91da	chr9	630	63000000	0	90
k16_3d4f91da	chr9	631	63100000	0	88
k16_3d4f91da	chr9	632	63200000	0	59
k16_3d4f91da	chr9	633	63300000	0	75
k16_3d4f91da	chr9	634	63400000	0	86
k16_3d4f91da	chr9	635	63500000	0	107
k16_3d4f91da	chr9	636	63600000	0	117
k16_3d4f91da	chr9	637	63700000	0	72
k16_3d4f91da	chr9	638	63800000	0	99
k16_3d4f91da	chr9	639	63900000	0	100
k16_3d4f91da	chr9	640	64000000	0	69
k16_3d4f91da	chr9	641	64100000	0	88
k16_3d4f91da	chr9	642	64200000	0	89
k16_3d4f91da	chr9	643	64300000	0	71
k16_3d4f91da	chr9	644	64400000	0	74
k16_3d4f91da	chr9	645	64500000	0	73
k16_3d4f91da	chr9	646	64600000	0	59
k16_3d4f91da	chr9	647	64700000	0	104
k16_3d4f91da	chr9	648	64800000	0	56
k16_3d4f91da	chr9	649	64900000	0	77
k16_3d4f91da	chr9	650	65000000	0	43
k16_3d4f91da	chr9	651	65100000	0	94
k16_3d4f91da	chr9	652	65200000	0	61
k16_3d4f91da	chr9	653	65300000	0	91
k16_3d4f91da	chr9	654	65400000	0	100
k16_3d4f91da	chr9	655	65500000	0	94
k16_3d4f91da	chr9	656	65600000	0	84
k16_3d4f91da	chr9	657	65700000	0	74
k16_3d4f91da	chr9	658	65800000	0	93
k16_3d4f91da	chr9	659	65900000	0	74
k16_3d4f91da	chr9	660	66000000	0	108
k16_3d4f91da	chr9	661	66100000	0	94
k16_3d4f91da	chr9	662	66200000	0	99
k16_3d4f91da	chr9	663	66300000	0	85
k16_3d4f91da	chr9	664	66400000	0	48
k16_3d4f91da	chr9	665	66500000	0	96
k16_3d4f91da	chr9	666	66600000	0	85
k16_3d4f91da	chr9	667	66700000	0	86
k16_3d4f91da	chr9	668	66800000	0	81
k16_3d4f91da	chr9	669	66900000	0	64
k16_3d4f91da	chr9	670	67000000	0	97
k16_3d4f91da	chr9	671	67100000	0	77
k16_3d4f91da	chr9	672	67200000	0	106
k16_3d4f91da	chr9	673	67300000	0	121
k16_3d4f91da	chr9	674	67400000	0	118
k16_3d4f91da	chr9	675	67500000	0	81
k16_3d4f91da	chr9	676	67600000	0	109
k16_3d4f91da	chr9	677	67700000	0	67
k16_3d4f91da	chr9	678	67800000	0	78
k16_3d4f91da	chr9	679	67900000	0	84
k16_3d4f91da	chr9	680	68000000	0	95
k16_3d4f91da	chr9	681	68100000	0	69
k16_3d4f91da	chr9	682	68200000	0	72
k16_3d4f91da	chr9	683	68300000	0	75
k16_3d4f91da	chr9	684	68400000	0	97
k16_3d4f91da	chr9	685	68500000	0	108
k16_3d4f91da	chr9	686	68600000	0	115
k16_3d4f91da	chr9	687	68700000	0	91
k16_3d4f91da	chr9	688	68800000	0	59
k16_3d4f91da	chr9	689	68900000	0	62
k16_3d4f91da	chr9	690	69000000	0	97
k16_3d4f91da	chr9	691	69100000	0	112
k16_3d4f91da	chr9	692	69200000	0	80
k16_3d4f91da	chr9	693	69300000	0	100
k16_3d4f91da	chr9	694	69400000	0	98
k16_3d4f91da	chr9	695	69500000	0	81
k16_3d4f91da	chr9	696	69600000	0	82
k16_3d4f91da	chr9	697	69700000	0	84
k16_3d4f91da	chr9	698	69800000	0	66
k16_3d4f91da	chr9	699	69900000	0	107
k16_3d4f91da	chr9	700	70000000	0	86
k16_3d4f91da	chr9	701	70100000	0	95
k16_3d4f91da	chr9	702	70200000	0	77
k16_3d4f91da	chr9	703	70300000	0	103
k16_3d4f91da	chr9	704	70400000	0	90
k16_3d4f91da	chr9	705	70500000	0	49
k16_3d4f91da	chr9	706	70600000	0	98
k16_3d4f91da	chr9	707	70700000	0	114
k16_3d4f91da	chr9	708	70800000	0	79
k16_3d4f91da	chr9	709	70900000	0	85
k16_3d4f91da	chr9	710	71000000	0	95
k16_3d4f91da	chr9	711	71100000	0	86
k16_3d4f91da	chr9	712	71200000	0	123
k16_3d4f91da	chr9	713	71300000	0	72
k16_3d4f91da	chr9	714	71400000	0	81
k16_3d4f91da	chr9	715	71500000	0	92
k16_3d4f91da	chr9	716	71600000	0	86
k16_3d4f91da	chr9	717	71700000	0	66
k16_3d4f91da	chr9	718	71800000	0	88
k16_3d4f91da	chr9	719	71900000	0	89
k16_3d4f91da	chr9	720	72000000	0	113
k16_3d4f91da	chr9	721	72100000	0	112
k16_3d4f91da	chr9	722	72200000	0	76
k16_3d4f91da	chr9	723	72300000	0	72
k16_3d4f91da	chr9	724	72400000	0	99
k16_3d4f91da	chr9	725	72500000	0	75
k16_3d4f91da	chr9	726	72600000	0	111
k16_3d4f91da	chr9	727	72700000	0	73
k16_3d4f91da	chr9	728	72800000	0	70
k16_3d4f91da	chr9	729	72900000	0	85
k16_3d4f91da	chr9	730	73000000	0	79
k16_3d4f91da	chr9	731	73100000	0	104
k16_3d4f91da	chr9	732	73200000	0	91
k16_3d4f91da	chr9	733	73300000	0	114
k16_3d4f91da	chr9	734	73400000	0	92
k16_3d4f91da	chr9	735	73500000	0	70
k16_3d4f91da	chr9	736	73600000	0	76
k16_3d4f91da	chr9	737	73700000	0	92
k16_3d4f91da	chr9	738	73800000	0	108
k16_3d4f91da	chr9	739	73900000	0	86
k16_3d4f91da	chr9	740	74000000	0	75
k16_3d4f91da	chr9	741	74100000	0	70
k16_3d4f91da	chr9	742	74200000	0	65
k16_3d4f91da	chr9	743	74300000	0	77
k16_3d4f91da	chr9	744	74400000	0	93
k16_3d4f91da	chr9	745	74500000	0	62
k16_3d4f91da	chr9	746	74600000	0	80
k16_3d4f91da	chr9	747	74700000	0	80
k16_3d4f91da	chr9	748	74800000	0	85
k16_3d4f91da	chr9	749	74900000	0	81
k16_3d4f91da	chr9	750	75000000	0	84
k16_3d4f91da	chr9	751	75100000	0	88
k16_3d4f91da	chr9	752	75200000	0	95
k16_3d4f91da	chr9	753	75300000	0	107
k16_3d4f91da	chr9	754	75400000	0	72
k16_3d4f91da	chr9	755	75500000	0	87
k16_3d4f91da	chr9	756	75600000	0	99
k16_3d4f91da	chr9	757	75700000	0	99
k16_3d4f91da	chr9	758	75800000	0	63
k16_3d4f91da	chr9	759	75900000	0	71
k16_3d4f91da	chr9	760	76000000	0	103
k16_3d4f91da	chr9	761	76100000	0	114
k16_3d4f91da	chr9	762	76200000	0	107
k16_3d4f91da	chr9	763	76300000	0	96
k16_3d4f91da	chr9	764	76400000	0	96
k16_3d4f91da	chr9	765	76500000	0	28
k16_3d4f91da	chr10	420	42000000	0	2
k16_3d4f91da	chr10	421	42100000	0	9
k16_3d4f91da	chr10	422	42200000	0	6
k16_3d4f91da	chr10	423	42300000	0	9
k16_3d4f91da	chr10	424	42400000	0	29
k16_3d4f91da	chr13	0	0	0	1
k16_3d4f91da	chr13	50	5000000	0	1
k16_3d4f91da	chr13	98	9800000	0	5
k16_3d4f91da	chr13	103	10300000	0	1
k16_3d4f91da	chr14	9	900000	0	2
k16_3d4f91da	chr14	10	1000000	0	3
k16_3d4f91da	chr14	11	1100000	0	3
k16_3d4f91da	chr14	12	1200000	0	5
k16_3d4f91da	chr14	32	3200000	0	2
k16_3d4f91da	chr14	33	3300000	0	3
k16_3d4f91da	chr14	37	3700000	0	6
k16_3d4f91da	chr14	58	5800000	0	5
k16_3d4f91da	chr15	16	1600000	0	1
k16_3d4f91da	chr15	51	5100000	0	3
k16_3d4f91da	chr15	52	5200000	0	1
k16_3d4f91da	chr15	60	6000000	0	1
k16_3d4f91da	chr15	63	6300000	0	1
k16_3d4f91da	chr15	88	8800000	0	1
k16_3d4f91da	chr15	117	11700000	0	2
k16_3d4f91da	chr15	122	12200000	0	1
k16_3d4f91da	chr15	127	12700000	0	2
k16_3d4f91da	chr15	133	13300000	0	1
k16_3d4f91da	chr17	219	21900000	0	3
k16_3d4f91da	chr17	220	22000000	0	1
k16_3d4f91da	chr17	221	22100000	0	4
k16_3d4f91da	chr17	222	22200000	0	4
k16_3d4f91da	chr20	320	32000000	0	11
k16_3d4f91da	chr20	322	32200000	0	7
k16_3d4f91da	chr20	323	32300000	0	7
k16_3d4f91da	chr20	324	32400000	0	16
k16_3d4f91da	chr20	325	32500000	0	6
k16_3d4f91da	chr20	326	32600000	0	1
k16_3d4f91da	chr21	20	2000000	0	1
k16_3d4f91da	chr21	64	6400000	0	3
k16_3d4f91da	chr21	66	6600000	0	3
k16_3d4f91da	chr21	67	6700000	0	1
k16_3d4f91da	chr21	68	6800000	0	1
k16_3d4f91da	chr21	72	7200000	0	2
k16_3d4f91da	chr21	73	7300000	0	4
k16_3d4f91da	chr21	76	7600000	0	4
k16_3d4f91da	chr21	77	7700000	0	8
k16_3d4f91da	chr22	25	2500000	0	1
k16_3d4f91da	chr22	35	3500000	0	1
k16_3d4f91da	chr22	71	7100000	0	3
k16_3d4f91da	chr22	72	7200000	0	1
k16_3d4f91da	chr22	73	7300000	0	5
k16_3d4f91da	chr22	74	7400000	0	3
k16_3d4f91da	chr22	78	7800000	0	7
k16_3d4f91da	chr22	107	10700000	0	16
k16_3d4f91da	chr22	108	10800000	0	16
k16_3d4f91da	chr22	109	10900000	0	17
k16_3d4f91da	chrY	111	11100000	0	1
k16_3dab53d8	chr1	1268	126800000	0	1
k16_3dab53d8	chr1	1269	126900000	0	1
k16_3dab53d8	chr1	1271	127100000	0	4
k16_3dab53d8	chr1	1272	127200000	0	11
k16_3dab53d8	chr1	1273	127300000	0	3
k16_3dab53d8	chr1	1274	127400000	0	50
k16_3dab53d8	chr1	1287	128700000	0	1
k16_3dab53d8	chr1	1288	128800000	0	2
k16_3dab53d8	chr1	1290	129000000	0	2
k16_3dab53d8	chr1	1291	129100000	0	8
k16_3dab53d8	chr1	1292	129200000	0	16
k16_3dab53d8	chr1	1293	129300000	0	9
k16_3dab53d8	chr1	1294	129400000	0	2
k16_3dab53d8	chr1	1295	129500000	0	4
k16_3dab53d8	chr1	1296	129600000	0	44
k16_3dab53d8	chr1	1297	129700000	0	88
k16_3dab53d8	chr1	1298	129800000	0	113
k16_3dab53d8	chr1	1299	129900000	0	95
k16_3dab53d8	chr1	1300	130000000	0	100
k16_3dab53d8	chr1	1301	130100000	0	103
k16_3dab53d8	chr1	1302	130200000	0	98
k16_3dab53d8	chr1	1303	130300000	0	94
k16_3dab53d8	chr1	1304	130400000	0	94
k16_3dab53d8	chr1	1305	130500000	0	86
k16_3dab53d8	chr1	1306	130600000	0	89
k16_3dab53d8	chr1	1307	130700000	0	99
k16_3dab53d8	chr1	1308	130800000	0	105
k16_3dab53d8	chr1	1309	130900000	0	100
k16_3dab53d8	chr1	1310	131000000	0	108
k16_3dab53d8	chr1	1311	131100000	0	108
k16_3dab53d8	chr1	1312	131200000	0	109
k16_3dab53d8	chr1	1313	131300000	0	108
k16_3dab53d8	chr1	1314	131400000	0	114
k16_3dab53d8	chr1	1315	131500000	0	101
k16_3dab53d8	chr1	1316	131600000	0	109
k16_3dab53d8	chr1	1317	131700000	0	108
k16_3dab53d8	chr1	1318	131800000	0	107
k16_3dab53d8	chr1	1319	131900000	0	107
k16_3dab53d8	chr1	1320	132000000	0	97
k16_3dab53d8	chr1	1321	132100000	0	85
k16_3dab53d8	chr1	1322	132200000	0	85
k16_3dab53d8	chr1	1323	132300000	0	112
k16_3dab53d8	chr1	1324	132400000	0	104
k16_3dab53d8	chr1	1325	132500000	0	100
k16_3dab53d8	chr1	1326	132600000	0	109
k16_3dab53d8	chr1	1327	132700000	0	108
k16_3dab53d8	chr1	1328	132800000	0	107
k16_3dab53d8	chr1	1329	132900000	0	103
k16_3dab53d8	chr1	1330	133000000	0	96
k16_3dab53d8	chr1	1331	133100000	0	89
k16_3dab53d8	chr1	1332	133200000	0	88
k16_3dab53d8	chr1	1333	133300000	0	109
k16_3dab53d8	chr1	1334	133400000	0	99
k16_3dab53d8	chr1	1335	133500000	0	89
k16_3dab53d8	chr1	1336	133600000	0	88
k16_3dab53d8	chr1	1337	133700000	0	109
k16_3dab53d8	chr1	1338	133800000	0	105
k16_3dab53d8	chr1	1339	133900000	0	101
k16_3dab53d8	chr1	1340	134000000	0	103
k16_3dab53d8	chr1	1341	134100000	0	94
k16_3dab53d8	chr1	1342	134200000	0	90
k16_3dab53d8	chr1	1343	134300000	0	101
k16_3dab53d8	chr1	1344	134400000	0	99
k16_3dab53d8	chr1	1345	134500000	0	100
k16_3dab53d8	chr1	1346	134600000	0	84
k16_3dab53d8	chr1	1347	134700000	0	95
k16_3dab53d8	chr1	1348	134800000	0	90
k16_3dab53d8	chr1	1349	134900000	0	110
k16_3dab53d8	chr1	1350	135000000	0	103
k16_3dab53d8	chr1	1351	135100000	0	112
k16_3dab53d8	chr1	1352	135200000	0	105
k16_3dab53d8	chr1	1353	135300000	0	111
k16_3dab53d8	chr1	1354	135400000	0	99
k16_3dab53d8	chr1	1355	135500000	0	106
k16_3dab53d8	chr1	1356	135600000	0	88
k16_3dab53d8	chr1	1357	135700000	0	103
k16_3dab53d8	chr1	1358	135800000	0	96
k16_3dab53d8	chr1	1359	135900000	0	99
k16_3dab53d8	chr1	1360	136000000	0	111
k16_3dab53d8	chr1	1361	136100000	0	105
k16_3dab53d8	chr1	1362	136200000	0	101
k16_3dab53d8	chr1	1363	136300000	0	104
k16_3dab53d8	chr1	1364	136400000	0	108
k16_3dab53d8	chr1	1365	136500000	0	89
k16_3dab53d8	chr1	1366	136600000	0	97
k16_3dab53d8	chr1	1367	136700000	0	110
k16_3dab53d8	chr1	1368	136800000	0	102
k16_3dab53d8	chr1	1369	136900000	0	106
k16_3dab53d8	chr1	1370	137000000	0	95
k16_3dab53d8	chr1	1371	137100000	0	96
k16_3dab53d8	chr1	1372	137200000	0	101
k16_3dab53d8	chr1	1373	137300000	0	104
k16_3dab53d8	chr1	1374	137400000	0	106
k16_3dab53d8	chr1	1375	137500000	0	109
k16_3dab53d8	chr1	1376	137600000	0	106
k16_3dab53d8	chr1	1377	137700000	0	102
k16_3dab53d8	chr1	1378	137800000	0	104
k16_3dab53d8	chr1	1379	137900000	0	108
k16_3dab53d8	chr1	1380	138000000	0	105
k16_3dab53d8	chr1	1381	138100000	0	104
k16_3dab53d8	chr1	1382	138200000	0	106
k16_3dab53d8	chr1	1383	138300000	0	107
k16_3dab53d8	chr1	1384	138400000	0	99
k16_3dab53d8	chr1	1385	138500000	0	100
k16_3dab53d8	chr1	1386	138600000	0	105
k16_3dab53d8	chr1	1387	138700000	0	105
k16_3dab53d8	chr1	1388	138800000	0	113
k16_3dab53d8	chr1	1389	138900000	0	110
k16_3dab53d8	chr1	1390	139000000	0	106
k16_3dab53d8	chr1	1391	139100000	0	102
k16_3dab53d8	chr1	1392	139200000	0	119
k16_3dab53d8	chr1	1393	139300000	0	109
k16_3dab53d8	chr1	1394	139400000	0	109
k16_3dab53d8	chr1	1395	139500000	0	91
k16_3dab53d8	chr1	1396	139600000	0	77
k16_3dab53d8	chr1	1397	139700000	0	89
k16_3dab53d8	chr1	1398	139800000	0	92
k16_3dab53d8	chr1	1399	139900000	0	98
k16_3dab53d8	chr1	1400	140000000	0	80
k16_3dab53d8	chr1	1401	140100000	0	70
k16_3dab53d8	chr1	1402	140200000	0	84
k16_3dab53d8	chr1	1403	140300000	0	106
k16_3dab53d8	chr1	1404	140400000	0	107
k16_3dab53d8	chr1	1405	140500000	0	88
k16_3dab53d8	chr1	1406	140600000	0	81
k16_3dab53d8	chr1	1407	140700000	0	92
k16_3dab53d8	chr1	1408	140800000	0	95
k16_3dab53d8	chr1	1409	140900000	0	78
k16_3dab53d8	chr1	1410	141000000	0	84
k16_3dab53d8	chr1	1411	141100000	0	107
k16_3dab53d8	chr1	1412	141200000	0	109
k16_3dab53d8	chr1	1413	141300000	0	88
k16_3dab53d8	chr1	1414	141400000	0	100
k16_3dab53d8	chr1	1415	141500000	0	84
k16_3dab53d8	chr1	1416	141600000	0	77
k16_3dab53d8	chr1	1417	141700000	0	85
k16_3dab53d8	chr1	1418	141800000	0	112
k16_3dab53d8	chr1	1419	141900000	0	108
k16_3dab53d8	chr1	1420	142000000	0	86
k16_3dab53d8	chr1	1421	142100000	0	60
k16_3dab53d8	chr1	1422	142200000	0	1
k16_3dab53d8	chr2	893	89300000	0	1
k16_3dab53d8	chr2	898	89800000	0	2
k16_3dab53d8	chr2	903	90300000	0	1
k16_3dab53d8	chr2	909	90900000	0	1
k16_3dab53d8	chr2	913	91300000	0	2
k16_3dab53d8	chr2	914	91400000	0	1
k16_3dab53d8	chr2	915	91500000	0	1
k16_3dab53d8	chr2	922	92200000	0	1
k16_3dab53d8	chr2	948	94800000	0	4
k16_3dab53d8	chr7	582	58200000	0	1
k16_3dab53d8	chr7	586	58600000	0	1
k16_3dab53d8	chr7	590	59000000	0	1
k16_3dab53d8	chr7	592	59200000	0	3
k16_3dab53d8	chr7	593	59300000	0	1
k16_3dab53d8	chr7	598	59800000	0	2
k16_3dab53d8	chr7	599	59900000	0	2
k16_3dab53d8	chr7	600	60000000	0	1
k16_3dab53d8	chr9	449	44900000	0	2
k16_3dab53d8	chr10	426	42600000	0	2
k16_3dab53d8	chr10	427	42700000	0	2
k16_3dab53d8	chr10	428	42800000	0	6
k16_3dab53d8	chr10	429	42900000	0	6
k16_3dab53d8	chr16	356	35600000	0	1
k16_3dab53d8	chr16	378	37800000	0	1
k16_3dab53d8	chr16	379	37900000	0	2
k16_3dab53d8	chr16	391	39100000	0	1
k16_3dab53d8	chr16	394	39400000	0	1
k16_3dab53d8	chr16	402	40200000	0	1
k16_3dab53d8	chr16	403	40300000	0	1
k16_3dab53d8	chr16	405	40500000	0	1
k16_3dab53d8	chr16	409	40900000	0	1
k16_3dab53d8	chr16	486	48600000	0	1
k16_3dab53d8	chr16	497	49700000	0	1
k16_3dab53d8	chr16	521	52100000	0	1
k16_3dab53d8	chr17	223	22300000	0	5
k16_3dab53d8	chr22	168	16800000	0	2
k16_3dab53d8	chr22	169	16900000	0	1
k16_3dab53d8	chr22	170	17000000	0	1
k16_3dbf535a	chr1	1293	129300000	0	2
k16_3dbf535a	chr1	1306	130600000	0	1
k16_3dbf535a	chr1	1308	130800000	0	2
k16_3dbf535a	chr1	1361	136100000	0	1
k16_3dbf535a	chr1	1368	136800000	0	3
k16_3dbf535a	chr1	1374	137400000	0	1
k16_3dbf535a	chr1	1378	137800000	0	1
k16_3dbf535a	chr10	420	42000000	0	1
k16_3dbf535a	chr10	425	42500000	0	9
k16_3dbf535a	chr10	426	42600000	0	26
k16_3dbf535a	chr10	427	42700000	0	22
k16_3dbf535a	chr10	428	42800000	0	43
k16_3dbf535a	chr10	429	42900000	0	31
k16_3e476af8	chr1	1275	127500000	0	3
k16_3e476af8	chr1	1276	127600000	0	5
k16_3e476af8	chr1	1277	127700000	0	2
k16_3e476af8	chr2	893	89300000	0	1
k16_3e476af8	chr2	903	90300000	0	1
k16_3e476af8	chr3	954	95400000	0	1
k16_3e476af8	chr4	490	49000000	0	2
k16_3e476af8	chr5	496	49600000	0	58
k16_3e476af8	chr5	497	49700000	0	56
k16_3e476af8	chr5	498	49800000	0	59
k16_3e476af8	chr5	499	49900000	0	5
k16_3e476af8	chr7	585	58500000	0	20
k16_3e476af8	chr7	587	58700000	0	4
k16_3e476af8	chr7	589	58900000	0	5
k16_3e476af8	chr7	590	59000000	0	2
k16_3e476af8	chr9	484	48400000	0	15
k16_3e476af8	chr9	485	48500000	0	39
k16_3e476af8	chr9	486	48600000	0	42
k16_3e476af8	chr9	487	48700000	0	34
k16_3e476af8	chr9	488	48800000	0	2
k16_3e476af8	chr9	490	49000000	0	30
k16_3e476af8	chr9	491	49100000	0	60
k16_3e476af8	chr9	492	49200000	0	81
k16_3e476af8	chr9	493	49300000	0	117
k16_3e476af8	chr9	494	49400000	0	137
k16_3e476af8	chr9	495	49500000	0	148
k16_3e476af8	chr9	496	49600000	0	107
k16_3e476af8	chr9	497	49700000	0	116
k16_3e476af8	chr9	498	49800000	0	136
k16_3e476af8	chr9	499	49900000	0	124
k16_3e476af8	chr9	500	50000000	0	104
k16_3e476af8	chr9	501	50100000	0	122
k16_3e476af8	chr9	502	50200000	0	113
k16_3e476af8	chr9	503	50300000	0	115
k16_3e476af8	chr9	504	50400000	0	120
k16_3e476af8	chr9	505	50500000	0	133
k16_3e476af8	chr9	506	50600000	0	122
k16_3e476af8	chr9	507	50700000	0	102
k16_3e476af8	chr9	508	50800000	0	142
k16_3e476af8	chr9	509	50900000	0	87
k16_3e476af8	chr9	510	51000000	0	90
k16_3e476af8	chr9	511	51100000	0	107
k16_3e476af8	chr9	512	51200000	0	86
k16_3e476af8	chr9	513	51300000	0	75
k16_3e476af8	chr9	514	51400000	0	116
k16_3e476af8	chr9	515	51500000	0	123
k16_3e476af8	chr9	516	51600000	0	122
k16_3e476af8	chr9	517	51700000	0	73
k16_3e476af8	chr9	518	51800000	0	132
k16_3e476af8	chr9	519	51900000	0	124
k16_3e476af8	chr9	520	52000000	0	92
k16_3e476af8	chr9	521	52100000	0	112
k16_3e476af8	chr9	522	52200000	0	105
k16_3e476af8	chr9	523	52300000	0	65
k16_3e476af8	chr9	524	52400000	0	100
k16_3e476af8	chr9	525	52500000	0	93
k16_3e476af8	chr9	526	52600000	0	105
k16_3e476af8	chr9	527	52700000	0	115
k16_3e476af8	chr9	528	52800000	0	134
k16_3e476af8	chr9	529	52900000	0	97
k16_3e476af8	chr9	530	53000000	0	117
k16_3e476af8	chr9	531	53100000	0	103
k16_3e476af8	chr9	532	53200000	0	115
k16_3e476af8	chr9	533	53300000	0	99
k16_3e476af8	chr9	534	53400000	0	120
k16_3e476af8	chr9	535	53500000	0	117
k16_3e476af8	chr9	536	53600000	0	141
k16_3e476af8	chr9	537	53700000	0	119
k16_3e476af8	chr9	538	53800000	0	92
k16_3e476af8	chr9	539	53900000	0	88
k16_3e476af8	chr9	540	54000000	0	78
k16_3e476af8	chr9	541	54100000	0	123
k16_3e476af8	chr9	542	54200000	0	93
k16_3e476af8	chr9	543	54300000	0	109
k16_3e476af8	chr9	544	54400000	0	79
k16_3e476af8	chr9	545	54500000	0	86
k16_3e476af8	chr9	546	54600000	0	88
k16_3e476af8	chr9	547	54700000	0	106
k16_3e476af8	chr9	548	54800000	0	112
k16_3e476af8	chr9	549	54900000	0	109
k16_3e476af8	chr9	550	55000000	0	97
k16_3e476af8	chr9	551	55100000	0	95
k16_3e476af8	chr9	552	55200000	0	116
k16_3e476af8	chr9	553	55300000	0	100
k16_3e476af8	chr9	554	55400000	0	122
k16_3e476af8	chr9	555	55500000	0	114
k16_3e476af8	chr9	556	55600000	0	108
k16_3e476af8	chr9	557	55700000	0	98
k16_3e476af8	chr9	558	55800000	0	79
k16_3e476af8	chr9	559	55900000	0	117
k16_3e476af8	chr9	560	56000000	0	105
k16_3e476af8	chr9	561	56100000	0	97
k16_3e476af8	chr9	562	56200000	0	103
k16_3e476af8	chr9	563	56300000	0	97
k16_3e476af8	chr9	564	56400000	0	97
k16_3e476af8	chr9	565	56500000	0	105
k16_3e476af8	chr9	566	56600000	0	109
k16_3e476af8	chr9	567	56700000	0	135
k16_3e476af8	chr9	568	56800000	0	125
k16_3e476af8	chr9	569	56900000	0	106
k16_3e476af8	chr9	570	57000000	0	115
k16_3e476af8	chr9	571	57100000	0	97
k16_3e476af8	chr9	572	57200000	0	88
k16_3e476af8	chr9	573	57300000	0	94
k16_3e476af8	chr9	574	57400000	0	106
k16_3e476af8	chr9	575	57500000	0	107
k16_3e476af8	chr9	576	57600000	0	91
k16_3e476af8	chr9	577	57700000	0	103
k16_3e476af8	chr9	578	57800000	0	129
k16_3e476af8	chr9	579	57900000	0	126
k16_3e476af8	chr9	580	58000000	0	122
k16_3e476af8	chr9	581	58100000	0	113
k16_3e476af8	chr9	582	58200000	0	80
k16_3e476af8	chr9	583	58300000	0	106
k16_3e476af8	chr9	584	58400000	0	122
k16_3e476af8	chr9	585	58500000	0	132
k16_3e476af8	chr9	586	58600000	0	106
k16_3e476af8	chr9	587	58700000	0	111
k16_3e476af8	chr9	588	58800000	0	121
k16_3e476af8	chr9	589	58900000	0	89
k16_3e476af8	chr9	590	59000000	0	102
k16_3e476af8	chr9	591	59100000	0	89
k16_3e476af8	chr9	592	59200000	0	108
k16_3e476af8	chr9	593	59300000	0	103
k16_3e476af8	chr9	594	59400000	0	89
k16_3e476af8	chr9	595	59500000	0	104
k16_3e476af8	chr9	596	59600000	0	85
k16_3e476af8	chr9	597	59700000	0	124
k16_3e476af8	chr9	598	59800000	0	111
k16_3e476af8	chr9	599	59900000	0	102
k16_3e476af8	chr9	600	60000000	0	118
k16_3e476af8	chr9	601	60100000	0	135
k16_3e476af8	chr9	602	60200000	0	99
k16_3e476af8	chr9	603	60300000	0	119
k16_3e476af8	chr9	604	60400000	0	116
k16_3e476af8	chr9	605	60500000	0	136
k16_3e476af8	chr9	606	60600000	0	136
k16_3e476af8	chr9	607	60700000	0	92
k16_3e476af8	chr9	608	60800000	0	111
k16_3e476af8	chr9	609	60900000	0	98
k16_3e476af8	chr9	610	61000000	0	70
k16_3e476af8	chr9	611	61100000	0	97
k16_3e476af8	chr9	612	61200000	0	88
k16_3e476af8	chr9	613	61300000	0	98
k16_3e476af8	chr9	614	61400000	0	98
k16_3e476af8	chr9	615	61500000	0	141
k16_3e476af8	chr9	616	61600000	0	112
k16_3e476af8	chr9	617	61700000	0	105
k16_3e476af8	chr9	618	61800000	0	108
k16_3e476af8	chr9	619	61900000	0	109
k16_3e476af8	chr9	620	62000000	0	104
k16_3e476af8	chr9	621	62100000	0	145
k16_3e476af8	chr9	622	62200000	0	101
k16_3e476af8	chr9	623	62300000	0	137
k16_3e476af8	chr9	624	62400000	0	126
k16_3e476af8	chr9	625	62500000	0	110
k16_3e476af8	chr9	626	62600000	0	98
k16_3e476af8	chr9	627	62700000	0	82
k16_3e476af8	chr9	628	62800000	0	97
k16_3e476af8	chr9	629	62900000	0	116
k16_3e476af8	chr9	630	63000000	0	95
k16_3e476af8	chr9	631	63100000	0	109
k16_3e476af8	chr9	632	63200000	0	86
k16_3e476af8	chr9	633	63300000	0	85
k16_3e476af8	chr9	634	63400000	0	103
k16_3e476af8	chr9	635	63500000	0	114
k16_3e476af8	chr9	636	63600000	0	130
k16_3e476af8	chr9	637	63700000	0	102
k16_3e476af8	chr9	638	63800000	0	122
k16_3e476af8	chr9	639	63900000	0	110
k16_3e476af8	chr9	640	64000000	0	110
k16_3e476af8	chr9	641	64100000	0	118
k16_3e476af8	chr9	642	64200000	0	109
k16_3e476af8	chr9	643	64300000	0	82
k16_3e476af8	chr9	644	64400000	0	92
k16_3e476af8	chr9	645	64500000	0	104
k16_3e476af8	chr9	646	64600000	0	83
k16_3e476af8	chr9	647	64700000	0	115
k16_3e476af8	chr9	648	64800000	0	94
k16_3e476af8	chr9	649	64900000	0	121
k16_3e476af8	chr9	650	65000000	0	78
k16_3e476af8	chr9	651	65100000	0	120
k16_3e476af8	chr9	652	65200000	0	80
k16_3e476af8	chr9	653	65300000	0	118
k16_3e476af8	chr9	654	65400000	0	110
k16_3e476af8	chr9	655	65500000	0	110
k16_3e476af8	chr9	656	65600000	0	98
k16_3e476af8	chr9	657	65700000	0	89
k16_3e476af8	chr9	658	65800000	0	115
k16_3e476af8	chr9	659	65900000	0	93
k16_3e476af8	chr9	660	66000000	0	135
k16_3e476af8	chr9	661	66100000	0	111
k16_3e476af8	chr9	662	66200000	0	102
k16_3e476af8	chr9	663	66300000	0	99
k16_3e476af8	chr9	664	66400000	0	80
k16_3e476af8	chr9	665	66500000	0	120
k16_3e476af8	chr9	666	66600000	0	108
k16_3e476af8	chr9	667	66700000	0	96
k16_3e476af8	chr9	668	66800000	0	103
k16_3e476af8	chr9	669	66900000	0	84
k16_3e476af8	chr9	670	67000000	0	103
k16_3e476af8	chr9	671	67100000	0	91
k16_3e476af8	chr9	672	67200000	0	116
k16_3e476af8	chr9	673	67300000	0	131
k16_3e476af8	chr9	674	67400000	0	132
k16_3e476af8	chr9	675	67500000	0	105
k16_3e476af8	chr9	676	67600000	0	123
k16_3e476af8	chr9	677	67700000	0	89
k16_3e476af8	chr9	678	67800000	0	93
k16_3e476af8	chr9	679	67900000	0	92
k16_3e476af8	chr9	680	68000000	0	107
k16_3e476af8	chr9	681	68100000	0	102
k16_3e476af8	chr9	682	68200000	0	94
k16_3e476af8	chr9	683	68300000	0	108
k16_3e476af8	chr9	684	68400000	0	119
k16_3e476af8	chr9	685	68500000	0	129
k16_3e476af8	chr9	686	68600000	0	122
k16_3e476af8	chr9	687	68700000	0	109
k16_3e476af8	chr9	688	68800000	0	95
k16_3e476af8	chr9	689	68900000	0	103
k16_3e476af8	chr9	690	69000000	0	108
k16_3e476af8	chr9	691	69100000	0	138
k16_3e476af8	chr9	692	69200000	0	100
k16_3e476af8	chr9	693	69300000	0	117
k16_3e476af8	chr9	694	69400000	0	127
k16_3e476af8	chr9	695	69500000	0	93
k16_3e476af8	chr9	696	69600000	0	101
k16_3e476af8	chr9	697	69700000	0	87
k16_3e476af8	chr9	698	69800000	0	93
k16_3e476af8	chr9	699	69900000	0	114
k16_3e476af8	chr9	700	70000000	0	90
k16_3e476af8	chr9	701	70100000	0	96
k16_3e476af8	chr9	702	70200000	0	93
k16_3e476af8	chr9	703	70300000	0	113
k16_3e476af8	chr9	704	70400000	0	129
k16_3e476af8	chr9	705	70500000	0	76
k16_3e476af8	chr9	706	70600000	0	121
k16_3e476af8	chr9	707	70700000	0	147
k16_3e476af8	chr9	708	70800000	0	99
k16_3e476af8	chr9	709	70900000	0	102
k16_3e476af8	chr9	710	71000000	0	122
k16_3e476af8	chr9	711	71100000	0	113
k16_3e476af8	chr9	712	71200000	0	159
k16_3e476af8	chr9	713	71300000	0	102
k16_3e476af8	chr9	714	71400000	0	95
k16_3e476af8	chr9	715	71500000	0	123
k16_3e476af8	chr9	716	71600000	0	105
k16_3e476af8	chr9	717	71700000	0	78
k16_3e476af8	chr9	718	71800000	0	108
k16_3e476af8	chr9	719	71900000	0	104
k16_3e476af8	chr9	720	72000000	0	120
k16_3e476af8	chr9	721	72100000	0	126
k16_3e476af8	chr9	722	72200000	0	100
k16_3e476af8	chr9	723	72300000	0	92
k16_3e476af8	chr9	724	72400000	0	144
k16_3e476af8	chr9	725	72500000	0	102
k16_3e476af8	chr9	726	72600000	0	132
k16_3e476af8	chr9	727	72700000	0	87
k16_3e476af8	chr9	728	72800000	0	97
k16_3e476af8	chr9	729	72900000	0	104
k16_3e476af8	chr9	730	73000000	0	104
k16_3e476af8	chr9	731	73100000	0	131
k16_3e476af8	chr9	732	73200000	0	106
k16_3e476af8	chr9	733	73300000	0	143
k16_3e476af8	chr9	734	73400000	0	120
k16_3e476af8	chr9	735	73500000	0	85
k16_3e476af8	chr9	736	73600000	0	89
k16_3e476af8	chr9	737	73700000	0	118
k16_3e476af8	chr9	738	73800000	0	114
k16_3e476af8	chr9	739	73900000	0	114
k16_3e476af8	chr9	740	74000000	0	107
k16_3e476af8	chr9	741	74100000	0	100
k16_3e476af8	chr9	742	74200000	0	90
k16_3e476af8	chr9	743	74300000	0	110
k16_3e476af8	chr9	744	74400000	0	101
k16_3e476af8	chr9	745	74500000	0	87
k16_3e476af8	chr9	746	74600000	0	102
k16_3e476af8	chr9	747	74700000	0	110
k16_3e476af8	chr9	748	74800000	0	102
k16_3e476af8	chr9	749	74900000	0	85
k16_3e476af8	chr9	750	75000000	0	88
k16_3e476af8	chr9	751	75100000	0	108
k16_3e476af8	chr9	752	75200000	0	121
k16_3e476af8	chr9	753	75300000	0	141
k16_3e476af8	chr9	754	75400000	0	89
k16_3e476af8	chr9	755	75500000	0	110
k16_3e476af8	chr9	756	75600000	0	115
k16_3e476af8	chr9	757	75700000	0	114
k16_3e476af8	chr9	758	75800000	0	86
k16_3e476af8	chr9	759	75900000	0	83
k16_3e476af8	chr9	760	76000000	0	114
k16_3e476af8	chr9	761	76100000	0	120
k16_3e476af8	chr9	762	76200000	0	126
k16_3e476af8	chr9	763	76300000	0	110
k16_3e476af8	chr9	764	76400000	0	137
k16_3e476af8	chr9	765	76500000	0	38
k16_3e476af8	chr10	420	42000000	0	2
k16_3e476af8	chr10	421	42100000	0	5
k16_3e476af8	chr10	422	42200000	0	5
k16_3e476af8	chr10	423	42300000	0	10
k16_3e476af8	chr10	424	42400000	0	28
k16_3e476af8	chr13	50	5000000	0	1
k16_3e476af8	chr13	98	9800000	0	4
k16_3e476af8	chr14	9	900000	0	3
k16_3e476af8	chr14	10	1000000	0	3
k16_3e476af8	chr14	11	1100000	0	3
k16_3e476af8	chr14	12	1200000	0	5
k16_3e476af8	chr14	32	3200000	0	1
k16_3e476af8	chr14	33	3300000	0	3
k16_3e476af8	chr14	37	3700000	0	5
k16_3e476af8	chr14	38	3800000	0	2
k16_3e476af8	chr14	58	5800000	0	5
k16_3e476af8	chr15	16	1600000	0	1
k16_3e476af8	chr15	51	5100000	0	2
k16_3e476af8	chr15	52	5200000	0	1
k16_3e476af8	chr17	219	21900000	0	4
k16_3e476af8	chr17	221	22100000	0	4
k16_3e476af8	chr17	222	22200000	0	3
k16_3e476af8	chr20	320	32000000	0	5
k16_3e476af8	chr20	322	32200000	0	6
k16_3e476af8	chr20	323	32300000	0	8
k16_3e476af8	chr20	324	32400000	0	12
k16_3e476af8	chr20	325	32500000	0	4
k16_3e476af8	chr20	326	32600000	0	2
k16_3e476af8	chr21	20	2000000	0	1
k16_3e476af8	chr21	64	6400000	0	1
k16_3e476af8	chr21	72	7200000	0	4
k16_3e476af8	chr21	73	7300000	0	3
k16_3e476af8	chr21	76	7600000	0	4
k16_3e476af8	chr21	77	7700000	0	7
k16_3e476af8	chr22	25	2500000	0	1
k16_3e476af8	chr22	35	3500000	0	1
k16_3e476af8	chr22	73	7300000	0	5
k16_3e476af8	chr22	74	7400000	0	4
k16_3e476af8	chr22	78	7800000	0	7
k16_3e476af8	chr22	107	10700000	0	15
k16_3e476af8	chr22	108	10800000	0	14
k16_3e476af8	chr22	109	10900000	0	17
k16_4118ba0e	chr1	1275	127500000	0	20
k16_4118ba0e	chr1	1276	127600000	0	30
k16_4118ba0e	chr1	1277	127700000	0	7
k16_4118ba0e	chr1	1280	128000000	0	2
k16_4118ba0e	chr2	893	89300000	0	5
k16_4118ba0e	chr2	903	90300000	0	5
k16_4118ba0e	chr4	490	49000000	0	8
k16_4118ba0e	chr4	491	49100000	0	1
k16_4118ba0e	chr5	496	49600000	0	21
k16_4118ba0e	chr5	497	49700000	0	8
k16_4118ba0e	chr5	498	49800000	0	9
k16_4118ba0e	chr5	499	49900000	0	101
k16_4118ba0e	chr7	583	58300000	0	4
k16_4118ba0e	chr7	584	58400000	0	34
k16_4118ba0e	chr7	585	58500000	0	34
k16_4118ba0e	chr7	587	58700000	0	24
k16_4118ba0e	chr7	589	58900000	0	15
k16_4118ba0e	chr7	590	59000000	0	13
k16_4118ba0e	chr9	484	48400000	0	3
k16_4118ba0e	chr9	485	48500000	0	15
k16_4118ba0e	chr9	486	48600000	0	30
k16_4118ba0e	chr9	487	48700000	0	34
k16_4118ba0e	chr9	488	48800000	0	5
k16_4118ba0e	chr9	490	49000000	0	7
k16_4118ba0e	chr9	491	49100000	0	8
k16_4118ba0e	chr9	492	49200000	0	38
k16_4118ba0e	chr9	493	49300000	0	53
k16_4118ba0e	chr9	494	49400000	0	45
k16_4118ba0e	chr9	495	49500000	0	60
k16_4118ba0e	chr9	496	49600000	0	39
k16_4118ba0e	chr9	497	49700000	0	46
k16_4118ba0e	chr9	498	49800000	0	69
k16_4118ba0e	chr9	499	49900000	0	54
k16_4118ba0e	chr9	500	50000000	0	43
k16_4118ba0e	chr9	501	50100000	0	65
k16_4118ba0e	chr9	502	50200000	0	46
k16_4118ba0e	chr9	503	50300000	0	50
k16_4118ba0e	chr9	504	50400000	0	51
k16_4118ba0e	chr9	505	50500000	0	64
k16_4118ba0e	chr9	506	50600000	0	53
k16_4118ba0e	chr9	507	50700000	0	53
k16_4118ba0e	chr9	508	50800000	0	70
k16_4118ba0e	chr9	509	50900000	0	44
k16_4118ba0e	chr9	510	51000000	0	49
k16_4118ba0e	chr9	511	51100000	0	58
k16_4118ba0e	chr9	512	51200000	0	49
k16_4118ba0e	chr9	513	51300000	0	40
k16_4118ba0e	chr9	514	51400000	0	49
k16_4118ba0e	chr9	515	51500000	0	46
k16_4118ba0e	chr9	516	51600000	0	45
k16_4118ba0e	chr9	517	51700000	0	46
k16_4118ba0e	chr9	518	51800000	0	60
k16_4118ba0e	chr9	519	51900000	0	63
k16_4118ba0e	chr9	520	52000000	0	41
k16_4118ba0e	chr9	521	52100000	0	54
k16_4118ba0e	chr9	522	52200000	0	52
k16_4118ba0e	chr9	523	52300000	0	24
k16_4118ba0e	chr9	524	52400000	0	37
k16_4118ba0e	chr9	525	52500000	0	33
k16_4118ba0e	chr9	526	52600000	0	54
k16_4118ba0e	chr9	527	52700000	0	48
k16_4118ba0e	chr9	528	52800000	0	46
k16_4118ba0e	chr9	529	52900000	0	29
k16_4118ba0e	chr9	530	53000000	0	48
k16_4118ba0e	chr9	531	53100000	0	60
k16_4118ba0e	chr9	532	53200000	0	47
k16_4118ba0e	chr9	533	53300000	0	37
k16_4118ba0e	chr9	534	53400000	0	30
k16_4118ba0e	chr9	535	53500000	0	49
k16_4118ba0e	chr9	536	53600000	0	46
k16_4118ba0e	chr9	537	53700000	0	56
k16_4118ba0e	chr9	538	53800000	0	46
k16_4118ba0e	chr9	539	53900000	0	42
k16_4118ba0e	chr9	540	54000000	0	47
k16_4118ba0e	chr9	541	54100000	0	50
k16_4118ba0e	chr9	542	54200000	0	43
k16_4118ba0e	chr9	543	54300000	0	55
k16_4118ba0e	chr9	544	54400000	0	34
k16_4118ba0e	chr9	545	54500000	0	38
k16_4118ba0e	chr9	546	54600000	0	41
k16_4118ba0e	chr9	547	54700000	0	42
k16_4118ba0e	chr9	548	54800000	0	55
k16_4118ba0e	chr9	549	54900000	0	32
k16_4118ba0e	chr9	550	55000000	0	47
k16_4118ba0e	chr9	551	55100000	0	40
k16_4118ba0e	chr9	552	55200000	0	57
k16_4118ba0e	chr9	553	55300000	0	54
k16_4118ba0e	chr9	554	55400000	0	62
k16_4118ba0e	chr9	555	55500000	0	40
k16_4118ba0e	chr9	556	55600000	0	48
k16_4118ba0e	chr9	557	55700000	0	45
k16_4118ba0e	chr9	558	55800000	0	43
k16_4118ba0e	chr9	559	55900000	0	47
k16_4118ba0e	chr9	560	56000000	0	45
k16_4118ba0e	chr9	561	56100000	0	45
k16_4118ba0e	chr9	562	56200000	0	48
k16_4118ba0e	chr9	563	56300000	0	62
k16_4118ba0e	chr9	564	56400000	0	49
k16_4118ba0e	chr9	565	56500000	0	40
k16_4118ba0e	chr9	566	56600000	0	49
k16_4118ba0e	chr9	567	56700000	0	51
k16_4118ba0e	chr9	568	56800000	0	64
k16_4118ba0e	chr9	569	56900000	0	52
k16_4118ba0e	chr9	570	57000000	0	47
k16_4118ba0e	chr9	571	57100000	0	41
k16_4118ba0e	chr9	572	57200000	0	39
k16_4118ba0e	chr9	573	57300000	0	49
k16_4118ba0e	chr9	574	57400000	0	50
k16_4118ba0e	chr9	575	57500000	0	54
k16_4118ba0e	chr9	576	57600000	0	52
k16_4118ba0e	chr9	577	57700000	0	51
k16_4118ba0e	chr9	578	57800000	0	67
k16_4118ba0e	chr9	579	57900000	0	45
k16_4118ba0e	chr9	580	58000000	0	44
k16_4118ba0e	chr9	581	58100000	0	33
k16_4118ba0e	chr9	582	58200000	0	38
k16_4118ba0e	chr9	583	58300000	0	38
k16_4118ba0e	chr9	584	58400000	0	42
k16_4118ba0e	chr9	585	58500000	0	48
k16_4118ba0e	chr9	586	58600000	0	56
k16_4118ba0e	chr9	587	58700000	0	55
k16_4118ba0e	chr9	588	58800000	0	58
k16_4118ba0e	chr9	589	58900000	0	45
k16_4118ba0e	chr9	590	59000000	0	41
k16_4118ba0e	chr9	591	59100000	0	34
k16_4118ba0e	chr9	592	59200000	0	52
k16_4118ba0e	chr9	593	59300000	0	53
k16_4118ba0e	chr9	594	59400000	0	46
k16_4118ba0e	chr9	595	59500000	0	59
k16_4118ba0e	chr9	596	59600000	0	46
k16_4118ba0e	chr9	597	59700000	0	37
k16_4118ba0e	chr9	598	59800000	0	48
k16_4118ba0e	chr9	599	59900000	0	55
k16_4118ba0e	chr9	600	60000000	0	42
k16_4118ba0e	chr9	601	60100000	0	44
k16_4118ba0e	chr9	602	60200000	0	36
k16_4118ba0e	chr9	603	60300000	0	41
k16_4118ba0e	chr9	604	60400000	0	50
k16_4118ba0e	chr9	605	60500000	0	35
k16_4118ba0e	chr9	606	60600000	0	56
k16_4118ba0e	chr9	607	60700000	0	31
k16_4118ba0e	chr9	608	60800000	0	53
k16_4118ba0e	chr9	609	60900000	0	47
k16_4118ba0e	chr9	610	61000000	0	27
k16_4118ba0e	chr9	611	61100000	0	31
k16_4118ba0e	chr9	612	61200000	0	35
k16_4118ba0e	chr9	613	61300000	0	41
k16_4118ba0e	chr9	614	61400000	0	53
k16_4118ba0e	chr9	615	61500000	0	48
k16_4118ba0e	chr9	616	61600000	0	33
k16_4118ba0e	chr9	617	61700000	0	43
k16_4118ba0e	chr9	618	61800000	0	58
k16_4118ba0e	chr9	619	61900000	0	53
k16_4118ba0e	chr9	620	62000000	0	32
k16_4118ba0e	chr9	621	62100000	0	52
k16_4118ba0e	chr9	622	62200000	0	28
k16_4118ba0e	chr9	623	62300000	0	53
k16_4118ba0e	chr9	624	62400000	0	57
k16_4118ba0e	chr9	625	62500000	0	45
k16_4118ba0e	chr9	626	62600000	0	54
k16_4118ba0e	chr9	627	62700000	0	39
k16_4118ba0e	chr9	628	62800000	0	49
k16_4118ba0e	chr9	629	62900000	0	57
k16_4118ba0e	chr9	630	63000000	0	43
k16_4118ba0e	chr9	631	63100000	0	55
k16_4118ba0e	chr9	632	63200000	0	32
k16_4118ba0e	chr9	633	63300000	0	44
k16_4118ba0e	chr9	634	63400000	0	56
k16_4118ba0e	chr9	635	63500000	0	46
k16_4118ba0e	chr9	636	63600000	0	56
k16_4118ba0e	chr9	637	63700000	0	59
k16_4118ba0e	chr9	638	63800000	0	49
k16_4118ba0e	chr9	639	63900000	0	44
k16_4118ba0e	chr9	640	64000000	0	27
k16_4118ba0e	chr9	641	64100000	0	43
k16_4118ba0e	chr9	642	64200000	0	63
k16_4118ba0e	chr9	643	64300000	0	25
k16_4118ba0e	chr9	644	64400000	0	33
k16_4118ba0e	chr9	645	64500000	0	39
k16_4118ba0e	chr9	646	64600000	0	47
k16_4118ba0e	chr9	647	64700000	0	45
k16_4118ba0e	chr9	648	64800000	0	29
k16_4118ba0e	chr9	649	64900000	0	41
k16_4118ba0e	chr9	650	65000000	0	31
k16_4118ba0e	chr9	651	65100000	0	39
k16_4118ba0e	chr9	652	65200000	0	46
k16_4118ba0e	chr9	653	65300000	0	49
k16_4118ba0e	chr9	654	65400000	0	41
k16_4118ba0e	chr9	655	65500000	0	39
k16_4118ba0e	chr9	656	65600000	0	49
k16_4118ba0e	chr9	657	65700000	0	43
k16_4118ba0e	chr9	658	65800000	0	52
k16_4118ba0e	chr9	659	65900000	0	61
k16_4118ba0e	chr9	660	66000000	0	56
k16_4118ba0e	chr9	661	66100000	0	40
k16_4118ba0e	chr9	662	66200000	0	46
k16_4118ba0e	chr9	663	66300000	0	50
k16_4118ba0e	chr9	664	66400000	0	40
k16_4118ba0e	chr9	665	66500000	0	47
k16_4118ba0e	chr9	666	66600000	0	43
k16_4118ba0e	chr9	667	66700000	0	56
k16_4118ba0e	chr9	668	66800000	0	37
k16_4118ba0e	chr9	669	66900000	0	58
k16_4118ba0e	chr9	670	67000000	0	51
k16_4118ba0e	chr9	671	67100000	0	38
k16_4118ba0e	chr9	672	67200000	0	49
k16_4118ba0e	chr9	673	67300000	0	52
k16_4118ba0e	chr9	674	67400000	0	63
k16_4118ba0e	chr9	675	67500000	0	52
k16_4118ba0e	chr9	676	67600000	0	55
k16_4118ba0e	chr9	677	67700000	0	36
k16_4118ba0e	chr9	678	67800000	0	42
k16_4118ba0e	chr9	679	67900000	0	45
k16_4118ba0e	chr9	680	68000000	0	54
k16_4118ba0e	chr9	681	68100000	0	54
k16_4118ba0e	chr9	682	68200000	0	51
k16_4118ba0e	chr9	683	68300000	0	54
k16_4118ba0e	chr9	684	68400000	0	61
k16_4118ba0e	chr9	685	68500000	0	52
k16_4118ba0e	chr9	686	68600000	0	36
k16_4118ba0e	chr9	687	68700000	0	32
k16_4118ba0e	chr9	688	68800000	0	40
k16_4118ba0e	chr9	689	68900000	0	31
k16_4118ba0e	chr9	690	69000000	0	54
k16_4118ba0e	chr9	691	69100000	0	43
k16_4118ba0e	chr9	692	69200000	0	53
k16_4118ba0e	chr9	693	69300000	0	51
k16_4118ba0e	chr9	694	69400000	0	58
k16_4118ba0e	chr9	695	69500000	0	59
k16_4118ba0e	chr9	696	69600000	0	44
k16_4118ba0e	chr9	697	69700000	0	30
k16_4118ba0e	chr9	698	69800000	0	55
k16_4118ba0e	chr9	699	69900000	0	44
k16_4118ba0e	chr9	700	70000000	0	49
k16_4118ba0e	chr9	701	70100000	0	51
k16_4118ba0e	chr9	702	70200000	0	55
k16_4118ba0e	chr9	703	70300000	0	30
k16_4118ba0e	chr9	704	70400000	0	58
k16_4118ba0e	chr9	705	70500000	0	45
k16_4118ba0e	chr9	706	70600000	0	46
k16_4118ba0e	chr9	707	70700000	0	51
k16_4118ba0e	chr9	708	70800000	0	33
k16_4118ba0e	chr9	709	70900000	0	34
k16_4118ba0e	chr9	710	71000000	0	47
k16_4118ba0e	chr9	711	71100000	0	42
k16_4118ba0e	chr9	712	71200000	0	54
k16_4118ba0e	chr9	713	71300000	0	43
k16_4118ba0e	chr9	714	71400000	0	41
k16_4118ba0e	chr9	715	71500000	0	46
k16_4118ba0e	chr9	716	71600000	0	47
k16_4118ba0e	chr9	717	71700000	0	28
k16_4118ba0e	chr9	718	71800000	0	52
k16_4118ba0e	chr9	719	71900000	0	32
k16_4118ba0e	chr9	720	72000000	0	53
k16_4118ba0e	chr9	721	72100000	0	46
k16_4118ba0e	chr9	722	72200000	0	45
k16_4118ba0e	chr9	723	72300000	0	41
k16_4118ba0e	chr9	724	72400000	0	53
k16_4118ba0e	chr9	725	72500000	0	37
k16_4118ba0e	chr9	726	72600000	0	56
k16_4118ba0e	chr9	727	72700000	0	36
k16_4118ba0e	chr9	728	72800000	0	38
k16_4118ba0e	chr9	729	72900000	0	55
k16_4118ba0e	chr9	730	73000000	0	59
k16_4118ba0e	chr9	731	73100000	0	50
k16_4118ba0e	chr9	732	73200000	0	53
k16_4118ba0e	chr9	733	73300000	0	65
k16_4118ba0e	chr9	734	73400000	0	52
k16_4118ba0e	chr9	735	73500000	0	58
k16_4118ba0e	chr9	736	73600000	0	63
k16_4118ba0e	chr9	737	73700000	0	47
k16_4118ba0e	chr9	738	73800000	0	49
k16_4118ba0e	chr9	739	73900000	0	40
k16_4118ba0e	chr9	740	74000000	0	34
k16_4118ba0e	chr9	741	74100000	0	40
k16_4118ba0e	chr9	742	74200000	0	33
k16_4118ba0e	chr9	743	74300000	0	47
k16_4118ba0e	chr9	744	74400000	0	41
k16_4118ba0e	chr9	745	74500000	0	59
k16_4118ba0e	chr9	746	74600000	0	43
k16_4118ba0e	chr9	747	74700000	0	42
k16_4118ba0e	chr9	748	74800000	0	41
k16_4118ba0e	chr9	749	74900000	0	35
k16_4118ba0e	chr9	750	75000000	0	49
k16_4118ba0e	chr9	751	75100000	0	57
k16_4118ba0e	chr9	752	75200000	0	44
k16_4118ba0e	chr9	753	75300000	0	67
k16_4118ba0e	chr9	754	75400000	0	40
k16_4118ba0e	chr9	755	75500000	0	45
k16_4118ba0e	chr9	756	75600000	0	46
k16_4118ba0e	chr9	757	75700000	0	51
k16_4118ba0e	chr9	758	75800000	0	30
k16_4118ba0e	chr9	759	75900000	0	43
k16_4118ba0e	chr9	760	76000000	0	53
k16_4118ba0e	chr9	761	76100000	0	45
k16_4118ba0e	chr9	762	76200000	0	43
k16_4118ba0e	chr9	763	76300000	0	41
k16_4118ba0e	chr9	764	76400000	0	42
k16_4118ba0e	chr9	765	76500000	0	24
k16_4118ba0e	chr10	420	42000000	0	1
k16_4118ba0e	chr10	421	42100000	0	15
k16_4118ba0e	chr10	422	42200000	0	13
k16_4118ba0e	chr10	423	42300000	0	19
k16_4118ba0e	chr10	424	42400000	0	7
k16_4118ba0e	chr13	0	0	0	38
k16_4118ba0e	chr13	98	9800000	0	5
k16_4118ba0e	chr13	102	10200000	0	18
k16_4118ba0e	chr13	103	10300000	0	28
k16_4118ba0e	chr13	118	11800000	0	2
k16_4118ba0e	chr14	9	900000	0	28
k16_4118ba0e	chr14	10	1000000	0	62
k16_4118ba0e	chr14	11	1100000	0	62
k16_4118ba0e	chr14	12	1200000	0	20
k16_4118ba0e	chr14	32	3200000	0	4
k16_4118ba0e	chr14	37	3700000	0	16
k16_4118ba0e	chr14	38	3800000	0	44
k16_4118ba0e	chr14	46	4600000	0	1
k16_4118ba0e	chr14	48	4800000	0	1
k16_4118ba0e	chr14	58	5800000	0	4
k16_4118ba0e	chr14	62	6200000	0	1
k16_4118ba0e	chr14	74	7400000	0	2
k16_4118ba0e	chr15	10	1000000	0	1
k16_4118ba0e	chr15	11	1100000	0	59
k16_4118ba0e	chr15	12	1200000	0	23
k16_4118ba0e	chr15	51	5100000	0	5
k16_4118ba0e	chr15	52	5200000	0	1
k16_4118ba0e	chr15	152	15200000	0	2
k16_4118ba0e	chr17	219	21900000	0	17
k16_4118ba0e	chr17	220	22000000	0	6
k16_4118ba0e	chr17	221	22100000	0	8
k16_4118ba0e	chr17	222	22200000	0	14
k16_4118ba0e	chr20	320	32000000	0	13
k16_4118ba0e	chr20	321	32100000	0	68
k16_4118ba0e	chr20	322	32200000	0	31
k16_4118ba0e	chr20	323	32300000	0	40
k16_4118ba0e	chr20	324	32400000	0	40
k16_4118ba0e	chr20	325	32500000	0	34
k16_4118ba0e	chr20	326	32600000	0	35
k16_4118ba0e	chr20	327	32700000	0	51
k16_4118ba0e	chr20	328	32800000	0	20
k16_4118ba0e	chr20	329	32900000	0	3
k16_4118ba0e	chr21	11	1100000	0	33
k16_4118ba0e	chr21	12	1200000	0	29
k16_4118ba0e	chr21	64	6400000	0	18
k16_4118ba0e	chr21	66	6600000	0	10
k16_4118ba0e	chr21	67	6700000	0	19
k16_4118ba0e	chr21	68	6800000	0	8
k16_4118ba0e	chr21	71	7100000	0	3
k16_4118ba0e	chr21	72	7200000	0	26
k16_4118ba0e	chr21	73	7300000	0	31
k16_4118ba0e	chr21	76	7600000	0	1
k16_4118ba0e	chr21	77	7700000	0	1
k16_4118ba0e	chr21	89	8900000	0	2
k16_4118ba0e	chr22	23	2300000	0	1
k16_4118ba0e	chr22	24	2400000	0	43
k16_4118ba0e	chr22	25	2500000	0	63
k16_4118ba0e	chr22	26	2600000	0	4
k16_4118ba0e	chr22	71	7100000	0	11
k16_4118ba0e	chr22	72	7200000	0	1
k16_4118ba0e	chr22	73	7300000	0	40
k16_4118ba0e	chr22	74	7400000	0	18
k16_4118ba0e	chr22	78	7800000	0	2
k16_4118ba0e	chr22	96	9600000	0	2
k16_4118ba0e	chr22	107	10700000	0	1
k16_4118ba0e	chr22	109	10900000	0	1
k16_4118ba0e	chrY	115	11500000	0	1
k16_43143e38	chr1	1269	126900000	0	45
k16_43143e38	chr1	1270	127000000	0	64
k16_43143e38	chr1	1271	127100000	0	53
k16_43143e38	chr1	1272	127200000	0	44
k16_43143e38	chr1	1273	127300000	0	54
k16_43143e38	chr1	1274	127400000	0	55
k16_43143e38	chr1	1287	128700000	0	8
k16_43143e38	chr1	1290	129000000	0	34
k16_43143e38	chr1	1291	129100000	0	38
k16_43143e38	chr1	1292	129200000	0	50
k16_43143e38	chr1	1293	129300000	0	55
k16_43143e38	chr1	1294	129400000	0	52
k16_43143e38	chr1	1295	129500000	0	50
k16_43143e38	chr1	1296	129600000	0	49
k16_43143e38	chr1	1297	129700000	0	51
k16_43143e38	chr1	1298	129800000	0	48
k16_43143e38	chr1	1299	129900000	0	47
k16_43143e38	chr1	1300	130000000	0	51
k16_43143e38	chr1	1301	130100000	0	52
k16_43143e38	chr1	1302	130200000	0	50
k16_43143e38	chr1	1303	130300000	0	41
k16_43143e38	chr1	1304	130400000	0	51
k16_43143e38	chr1	1305	130500000	0	50
k16_43143e38	chr1	1306	130600000	0	61
k16_43143e38	chr1	1307	130700000	0	57
k16_43143e38	chr1	1308	130800000	0	48
k16_43143e38	chr1	1309	130900000	0	53
k16_43143e38	chr1	1310	131000000	0	53
k16_43143e38	chr1	1311	131100000	0	51
k16_43143e38	chr1	1312	131200000	0	52
k16_43143e38	chr1	1313	131300000	0	53
k16_43143e38	chr1	1314	131400000	0	52
k16_43143e38	chr1	1315	131500000	0	51
k16_43143e38	chr1	1316	131600000	0	51
k16_43143e38	chr1	1317	131700000	0	54
k16_43143e38	chr1	1318	131800000	0	55
k16_43143e38	chr1	1319	131900000	0	53
k16_43143e38	chr1	1320	132000000	0	49
k16_43143e38	chr1	1321	132100000	0	48
k16_43143e38	chr1	1322	132200000	0	47
k16_43143e38	chr1	1323	132300000	0	50
k16_43143e38	chr1	1324	132400000	0	52
k16_43143e38	chr1	1325	132500000	0	52
k16_43143e38	chr1	1326	132600000	0	53
k16_43143e38	chr1	1327	132700000	0	54
k16_43143e38	chr1	1328	132800000	0	54
k16_43143e38	chr1	1329	132900000	0	52
k16_43143e38	chr1	1330	133000000	0	47
k16_43143e38	chr1	1331	133100000	0	47
k16_43143e38	chr1	1332	133200000	0	43
k16_43143e38	chr1	1333	133300000	0	53
k16_43143e38	chr1	1334	133400000	0	49
k16_43143e38	chr1	1335	133500000	0	48
k16_43143e38	chr1	1336	133600000	0	43
k16_43143e38	chr1	1337	133700000	0	56
k16_43143e38	chr1	1338	133800000	0	49
k16_43143e38	chr1	1339	133900000	0	54
k16_43143e38	chr1	1340	134000000	0	51
k16_43143e38	chr1	1341	134100000	0	48
k16_43143e38	chr1	1342	134200000	0	45
k16_43143e38	chr1	1343	134300000	0	52
k16_43143e38	chr1	1344	134400000	0	52
k16_43143e38	chr1	1345	134500000	0	51
k16_43143e38	chr1	1346	134600000	0	47
k16_43143e38	chr1	1347	134700000	0	41
k16_43143e38	chr1	1348	134800000	0	48
k16_43143e38	chr1	1349	134900000	0	54
k16_43143e38	chr1	1350	135000000	0	52
k16_43143e38	chr1	1351	135100000	0	57
k16_43143e38	chr1	1352	135200000	0	52
k16_43143e38	chr1	1353	135300000	0	54
k16_43143e38	chr1	1354	135400000	0	49
k16_43143e38	chr1	1355	135500000	0	50
k16_43143e38	chr1	1356	135600000	0	50
k16_43143e38	chr1	1357	135700000	0	50
k16_43143e38	chr1	1358	135800000	0	50
k16_43143e38	chr1	1359	135900000	0	54
k16_43143e38	chr1	1360	136000000	0	56
k16_43143e38	chr1	1361	136100000	0	54
k16_43143e38	chr1	1362	136200000	0	53
k16_43143e38	chr1	1363	136300000	0	50
k16_43143e38	chr1	1364	136400000	0	46
k16_43143e38	chr1	1365	136500000	0	60
k16_43143e38	chr1	1366	136600000	0	62
k16_43143e38	chr1	1367	136700000	0	56
k16_43143e38	chr1	1368	136800000	0	50
k16_43143e38	chr1	1369	136900000	0	55
k16_43143e38	chr1	1370	137000000	0	52
k16_43143e38	chr1	1371	137100000	0	56
k16_43143e38	chr1	1372	137200000	0	57
k16_43143e38	chr1	1373	137300000	0	58
k16_43143e38	chr1	1374	137400000	0	50
k16_43143e38	chr1	1375	137500000	0	50
k16_43143e38	chr1	1376	137600000	0	53
k16_43143e38	chr1	1377	137700000	0	51
k16_43143e38	chr1	1378	137800000	0	49
k16_43143e38	chr1	1379	137900000	0	53
k16_43143e38	chr1	1380	138000000	0	55
k16_43143e38	chr1	1381	138100000	0	46
k16_43143e38	chr1	1382	138200000	0	57
k16_43143e38	chr1	1383	138300000	0	59
k16_43143e38	chr1	1384	138400000	0	45
k16_43143e38	chr1	1385	138500000	0	35
k16_43143e38	chr1	1386	138600000	0	58
k16_43143e38	chr1	1387	138700000	0	58
k16_43143e38	chr1	1388	138800000	0	58
k16_43143e38	chr1	1389	138900000	0	58
k16_43143e38	chr1	1390	139000000	0	55
k16_43143e38	chr1	1391	139100000	0	56
k16_43143e38	chr1	1392	139200000	0	53
k16_43143e38	chr1	1393	139300000	0	57
k16_43143e38	chr1	1394	139400000	0	56
k16_43143e38	chr1	1395	139500000	0	34
k16_43143e38	chr1	1396	139600000	0	42
k16_43143e38	chr1	1397	139700000	0	46
k16_43143e38	chr1	1398	139800000	0	61
k16_43143e38	chr1	1399	139900000	0	59
k16_43143e38	chr1	1400	140000000	0	39
k16_43143e38	chr1	1401	140100000	0	42
k16_43143e38	chr1	1402	140200000	0	27
k16_43143e38	chr1	1403	140300000	0	41
k16_43143e38	chr1	1404	140400000	0	49
k16_43143e38	chr1	1405	140500000	0	40
k16_43143e38	chr1	1406	140600000	0	44
k16_43143e38	chr1	1407	140700000	0	63
k16_43143e38	chr1	1408	140800000	0	57
k16_43143e38	chr1	1409	140900000	0	41
k16_43143e38	chr1	1410	141000000	0	34
k16_43143e38	chr1	1411	141100000	0	41
k16_43143e38	chr1	1412	141200000	0	51
k16_43143e38	chr1	1413	141300000	0	60
k16_43143e38	chr1	1414	141400000	0	62
k16_43143e38	chr1	1415	141500000	0	46
k16_43143e38	chr1	1416	141600000	0	43
k16_43143e38	chr1	1417	141700000	0	35
k16_43143e38	chr1	1418	141800000	0	42
k16_43143e38	chr1	1419	141900000	0	52
k16_43143e38	chr1	1420	142000000	0	40
k16_43143e38	chr1	1421	142100000	0	45
k16_43143e38	chr1	1422	142200000	0	20
k16_43143e38	chr2	2121	212100000	1	1
k16_43143e38	chr5	1474	147400000	1	1
k16_43143e38	chr10	420	42000000	0	3
k16_43143e38	chr10	425	42500000	0	22
k16_43143e38	chr10	426	42600000	0	37
k16_43143e38	chr10	427	42700000	0	37
k16_43143e38	chr10	429	42900000	0	6
k16_43143e38	chr11	800	80000000	1	1
k16_43a0e814	chr1	1276	127600000	0	4
k16_43a0e814	chr4	477	47700000	0	1
k16_43a0e814	chr4	1232	123200000	1	1
k16_43a0e814	chr9	487	48700000	0	1
k16_43a0e814	chr9	491	49100000	0	2
k16_43a0e814	chr9	493	49300000	0	1
k16_43a0e814	chr9	495	49500000	0	2
k16_43a0e814	chr9	510	51000000	0	2
k16_43a0e814	chr9	511	51100000	0	1
k16_43a0e814	chr9	514	51400000	0	1
k16_43a0e814	chr9	516	51600000	0	1
k16_43a0e814	chr9	519	51900000	0	1
k16_43a0e814	chr9	520	52000000	0	1
k16_43a0e814	chr9	523	52300000	0	1
k16_43a0e814	chr9	526	52600000	0	3
k16_43a0e814	chr9	530	53000000	0	1
k16_43a0e814	chr9	531	53100000	0	1
k16_43a0e814	chr9	532	53200000	0	1
k16_43a0e814	chr9	535	53500000	0	1
k16_43a0e814	chr9	536	53600000	0	1
k16_43a0e814	chr9	537	53700000	0	1
k16_43a0e814	chr9	541	54100000	0	1
k16_43a0e814	chr9	542	54200000	0	2
k16_43a0e814	chr9	543	54300000	0	1
k16_43a0e814	chr9	545	54500000	0	2
k16_43a0e814	chr9	546	54600000	0	1
k16_43a0e814	chr9	549	54900000	0	1
k16_43a0e814	chr9	550	55000000	0	1
k16_43a0e814	chr9	553	55300000	0	4
k16_43a0e814	chr9	562	56200000	0	1
k16_43a0e814	chr9	563	56300000	0	2
k16_43a0e814	chr9	564	56400000	0	1
k16_43a0e814	chr9	565	56500000	0	3
k16_43a0e814	chr9	566	56600000	0	1
k16_43a0e814	chr9	567	56700000	0	2
k16_43a0e814	chr9	568	56800000	0	1
k16_43a0e814	chr9	572	57200000	0	1
k16_43a0e814	chr9	573	57300000	0	2
k16_43a0e814	chr9	577	57700000	0	2
k16_43a0e814	chr9	581	58100000	0	1
k16_43a0e814	chr9	583	58300000	0	1
k16_43a0e814	chr9	586	58600000	0	3
k16_43a0e814	chr9	587	58700000	0	2
k16_43a0e814	chr9	590	59000000	0	1
k16_43a0e814	chr9	592	59200000	0	1
k16_43a0e814	chr9	595	59500000	0	1
k16_43a0e814	chr9	597	59700000	0	6
k16_43a0e814	chr9	599	59900000	0	1
k16_43a0e814	chr9	600	60000000	0	1
k16_43a0e814	chr9	607	60700000	0	1
k16_43a0e814	chr9	610	61000000	0	2
k16_43a0e814	chr9	613	61300000	0	1
k16_43a0e814	chr9	614	61400000	0	2
k16_43a0e814	chr9	617	61700000	0	1
k16_43a0e814	chr9	618	61800000	0	1
k16_43a0e814	chr9	619	61900000	0	1
k16_43a0e814	chr9	622	62200000	0	1
k16_43a0e814	chr9	623	62300000	0	1
k16_43a0e814	chr9	624	62400000	0	1
k16_43a0e814	chr9	625	62500000	0	1
k16_43a0e814	chr9	629	62900000	0	1
k16_43a0e814	chr9	630	63000000	0	2
k16_43a0e814	chr9	631	63100000	0	1
k16_43a0e814	chr9	632	63200000	0	1
k16_43a0e814	chr9	634	63400000	0	1
k16_43a0e814	chr9	635	63500000	0	3
k16_43a0e814	chr9	637	63700000	0	2
k16_43a0e814	chr9	638	63800000	0	1
k16_43a0e814	chr9	644	64400000	0	1
k16_43a0e814	chr9	645	64500000	0	1
k16_43a0e814	chr9	648	64800000	0	1
k16_43a0e814	chr9	651	65100000	0	1
k16_43a0e814	chr9	655	65500000	0	1
k16_43a0e814	chr9	656	65600000	0	1
k16_43a0e814	chr9	658	65800000	0	1
k16_43a0e814	chr9	659	65900000	0	3
k16_43a0e814	chr9	669	66900000	0	3
k16_43a0e814	chr9	670	67000000	0	1
k16_43a0e814	chr9	671	67100000	0	3
k16_43a0e814	chr9	672	67200000	0	1
k16_43a0e814	chr9	673	67300000	0	2
k16_43a0e814	chr9	674	67400000	0	2
k16_43a0e814	chr9	679	67900000	0	3
k16_43a0e814	chr9	683	68300000	0	1
k16_43a0e814	chr9	684	68400000	0	1
k16_43a0e814	chr9	688	68800000	0	1
k16_43a0e814	chr9	689	68900000	0	1
k16_43a0e814	chr9	693	69300000	0	2
k16_43a0e814	chr9	696	69600000	0	1
k16_43a0e814	chr9	698	69800000	0	1
k16_43a0e814	chr9	701	70100000	0	1
k16_43a0e814	chr9	703	70300000	0	3
k16_43a0e814	chr9	704	70400000	0	3
k16_43a0e814	chr9	706	70600000	0	2
k16_43a0e814	chr9	714	71400000	0	1
k16_43a0e814	chr9	717	71700000	0	1
k16_43a0e814	chr9	718	71800000	0	1
k16_43a0e814	chr9	723	72300000	0	1
k16_43a0e814	chr9	729	72900000	0	3
k16_43a0e814	chr9	735	73500000	0	1
k16_43a0e814	chr9	738	73800000	0	3
k16_43a0e814	chr9	739	73900000	0	1
k16_43a0e814	chr9	741	74100000	0	1
k16_43a0e814	chr9	743	74300000	0	5
k16_43a0e814	chr9	747	74700000	0	1
k16_43a0e814	chr9	750	75000000	0	1
k16_43a0e814	chr9	757	75700000	0	2
k16_43a0e814	chr9	758	75800000	0	1
k16_43a0e814	chr9	759	75900000	0	1
k16_43a0e814	chr13	118	11800000	0	1
k16_43a0e814	chr14	74	7400000	0	1
k16_43a0e814	chr15	153	15300000	0	1
k16_43a0e814	chr15	968	96800000	1	1
k16_43a0e814	chr17	222	22200000	0	1
k16_43a0e814	chr20	321	32100000	0	39
k16_43a0e814	chr20	322	32200000	0	1
k16_43a0e814	chr20	323	32300000	0	1
k16_43a0e814	chr20	324	32400000	0	9
k16_43a0e814	chr20	325	32500000	0	12
k16_43a0e814	chr20	326	32600000	0	32
k16_43a0e814	chr20	327	32700000	0	31
k16_43a0e814	chr20	328	32800000	0	4
k16_43a0e814	chr21	89	8900000	0	1
k16_43a0e814	chrY	125	12500000	0	1
k16_476afbf4	chr1	1275	127500000	0	1
k16_476afbf4	chr1	1276	127600000	0	3
k16_476afbf4	chr1	1277	127700000	0	1
k16_476afbf4	chr9	485	48500000	0	1
k16_476afbf4	chr10	420	42000000	0	1
k16_476afbf4	chr10	424	42400000	0	2
k16_476afbf4	chr14	47	4700000	0	1
k16_476afbf4	chr17	222	22200000	0	1
k16_476afbf4	chr21	64	6400000	0	3
k16_476afbf4	chr21	71	7100000	0	1
k16_476afbf4	chr21	72	7200000	0	1
k16_476afbf4	chr21	73	7300000	0	1
k16_4d01a0d0	chr1	1268	126800000	0	2
k16_4d01a0d0	chr1	1269	126900000	0	46
k16_4d01a0d0	chr1	1270	127000000	0	69
k16_4d01a0d0	chr1	1271	127100000	0	60
k16_4d01a0d0	chr1	1272	127200000	0	70
k16_4d01a0d0	chr1	1273	127300000	0	57
k16_4d01a0d0	chr1	1274	127400000	0	36
k16_4d01a0d0	chr1	1287	128700000	0	13
k16_4d01a0d0	chr1	1288	128800000	0	1
k16_4d01a0d0	chr1	1290	129000000	0	46
k16_4d01a0d0	chr1	1291	129100000	0	40
k16_4d01a0d0	chr1	1292	129200000	0	48
k16_4d01a0d0	chr1	1293	129300000	0	55
k16_4d01a0d0	chr1	1294	129400000	0	47
k16_4d01a0d0	chr1	1295	129500000	0	53
k16_4d01a0d0	chr1	1296	129600000	0	53
k16_4d01a0d0	chr1	1297	129700000	0	22
k16_4d01a0d0	chr1	1298	129800000	0	1
k16_4d01a0d0	chr1	1299	129900000	0	12
k16_4d01a0d0	chr1	1300	130000000	0	5
k16_4d01a0d0	chr1	1301	130100000	0	2
k16_4d01a0d0	chr1	1302	130200000	0	8
k16_4d01a0d0	chr1	1303	130300000	0	3
k16_4d01a0d0	chr1	1304	130400000	0	16
k16_4d01a0d0	chr1	1305	130500000	0	18
k16_4d01a0d0	chr1	1306	130600000	0	8
k16_4d01a0d0	chr1	1308	130800000	0	4
k16_4d01a0d0	chr1	1309	130900000	0	2
k16_4d01a0d0	chr1	1310	131000000	0	3
k16_4d01a0d0	chr1	1311	131100000	0	6
k16_4d01a0d0	chr1	1312	131200000	0	1
k16_4d01a0d0	chr1	1313	131300000	0	3
k16_4d01a0d0	chr1	1314	131400000	0	5
k16_4d01a0d0	chr1	1315	131500000	0	1
k16_4d01a0d0	chr1	1317	131700000	0	3
k16_4d01a0d0	chr1	1319	131900000	0	1
k16_4d01a0d0	chr1	1320	132000000	0	7
k16_4d01a0d0	chr1	1321	132100000	0	14
k16_4d01a0d0	chr1	1322	132200000	0	9
k16_4d01a0d0	chr1	1323	132300000	0	3
k16_4d01a0d0	chr1	1324	132400000	0	3
k16_4d01a0d0	chr1	1325	132500000	0	2
k16_4d01a0d0	chr1	1326	132600000	0	1
k16_4d01a0d0	chr1	1327	132700000	0	3
k16_4d01a0d0	chr1	1328	132800000	0	1
k16_4d01a0d0	chr1	1329	132900000	0	6
k16_4d01a0d0	chr1	1330	133000000	0	5
k16_4d01a0d0	chr1	1331	133100000	0	11
k16_4d01a0d0	chr1	1332	133200000	0	6
k16_4d01a0d0	chr1	1333	133300000	0	1
k16_4d01a0d0	chr1	1334	133400000	0	4
k16_4d01a0d0	chr1	1335	133500000	0	15
k16_4d01a0d0	chr1	1336	133600000	0	8
k16_4d01a0d0	chr1	1339	133900000	0	4
k16_4d01a0d0	chr1	1340	134000000	0	7
k16_4d01a0d0	chr1	1341	134100000	0	11
k16_4d01a0d0	chr1	1342	134200000	0	18
k16_4d01a0d0	chr1	1343	134300000	0	5
k16_4d01a0d0	chr1	1344	134400000	0	3
k16_4d01a0d0	chr1	1345	134500000	0	7
k16_4d01a0d0	chr1	1346	134600000	0	16
k16_4d01a0d0	chr1	1347	134700000	0	17
k16_4d01a0d0	chr1	1348	134800000	0	7
k16_4d01a0d0	chr1	1350	135000000	0	4
k16_4d01a0d0	chr1	1352	135200000	0	5
k16_4d01a0d0	chr1	1354	135400000	0	2
k16_4d01a0d0	chr1	1355	135500000	0	3
k16_4d01a0d0	chr1	1356	135600000	0	6
k16_4d01a0d0	chr1	1357	135700000	0	5
k16_4d01a0d0	chr1	1358	135800000	0	5
k16_4d01a0d0	chr1	1362	136200000	0	2
k16_4d01a0d0	chr1	1363	136300000	0	2
k16_4d01a0d0	chr1	1364	136400000	0	8
k16_4d01a0d0	chr1	1365	136500000	0	8
k16_4d01a0d0	chr1	1366	136600000	0	8
k16_4d01a0d0	chr1	1368	136800000	0	7
k16_4d01a0d0	chr1	1369	136900000	0	1
k16_4d01a0d0	chr1	1370	137000000	0	10
k16_4d01a0d0	chr1	1371	137100000	0	9
k16_4d01a0d0	chr1	1372	137200000	0	4
k16_4d01a0d0	chr1	1373	137300000	0	4
k16_4d01a0d0	chr1	1374	137400000	0	4
k16_4d01a0d0	chr1	1375	137500000	0	3
k16_4d01a0d0	chr1	1376	137600000	0	1
k16_4d01a0d0	chr1	1377	137700000	0	8
k16_4d01a0d0	chr1	1378	137800000	0	5
k16_4d01a0d0	chr1	1379	137900000	0	4
k16_4d01a0d0	chr1	1380	138000000	0	2
k16_4d01a0d0	chr1	1381	138100000	0	9
k16_4d01a0d0	chr1	1383	138300000	0	7
k16_4d01a0d0	chr1	1384	138400000	0	10
k16_4d01a0d0	chr1	1385	138500000	0	15
k16_4d01a0d0	chr1	1386	138600000	0	1
k16_4d01a0d0	chr1	1387	138700000	0	1
k16_4d01a0d0	chr1	1388	138800000	0	4
k16_4d01a0d0	chr1	1389	138900000	0	2
k16_4d01a0d0	chr1	1390	139000000	0	5
k16_4d01a0d0	chr1	1391	139100000	0	5
k16_4d01a0d0	chr1	1392	139200000	0	2
k16_4d01a0d0	chr1	1393	139300000	0	1
k16_4d01a0d0	chr1	1394	139400000	0	4
k16_4d01a0d0	chr1	1395	139500000	0	11
k16_4d01a0d0	chr1	1396	139600000	0	29
k16_4d01a0d0	chr1	1397	139700000	0	20
k16_4d01a0d0	chr1	1398	139800000	0	9
k16_4d01a0d0	chr1	1399	139900000	0	1
k16_4d01a0d0	chr1	1400	140000000	0	36
k16_4d01a0d0	chr1	1401	140100000	0	27
k16_4d01a0d0	chr1	1402	140200000	0	9
k16_4d01a0d0	chr1	1403	140300000	0	6
k16_4d01a0d0	chr1	1404	140400000	0	1
k16_4d01a0d0	chr1	1405	140500000	0	16
k16_4d01a0d0	chr1	1406	140600000	0	19
k16_4d01a0d0	chr1	1407	140700000	0	2
k16_4d01a0d0	chr1	1408	140800000	0	2
k16_4d01a0d0	chr1	1409	140900000	0	27
k16_4d01a0d0	chr1	1410	141000000	0	17
k16_4d01a0d0	chr1	1411	141100000	0	5
k16_4d01a0d0	chr1	1413	141300000	0	7
k16_4d01a0d0	chr1	1414	141400000	0	1
k16_4d01a0d0	chr1	1415	141500000	0	13
k16_4d01a0d0	chr1	1416	141600000	0	17
k16_4d01a0d0	chr1	1417	141700000	0	17
k16_4d01a0d0	chr1	1418	141800000	0	4
k16_4d01a0d0	chr1	1419	141900000	0	4
k16_4d01a0d0	chr1	1420	142000000	0	17
k16_4d01a0d0	chr1	1421	142100000	0	19
k16_4d01a0d0	chr1	1422	142200000	0	12
k16_4d01a0d0	chr2	893	89300000	0	1
k16_4d01a0d0	chr2	903	90300000	0	2
k16_4d01a0d0	chr2	914	91400000	0	1
k16_4d01a0d0	chr2	916	91600000	0	1
k16_4d01a0d0	chr7	582	58200000	0	1
k16_4d01a0d0	chr7	583	58300000	0	1
k16_4d01a0d0	chr7	586	58600000	0	1
k16_4d01a0d0	chr7	590	59000000	0	1
k16_4d01a0d0	chr7	592	59200000	0	2
k16_4d01a0d0	chr7	599	59900000	0	1
k16_4d01a0d0	chr7	600	60000000	0	1
k16_4d01a0d0	chr9	449	44900000	0	1
k16_4d01a0d0	chr10	420	42000000	0	11
k16_4d01a0d0	chr10	425	42500000	0	28
k16_4d01a0d0	chr10	426	42600000	0	68
k16_4d01a0d0	chr10	427	42700000	0	58
k16_4d01a0d0	chr10	428	42800000	0	80
k16_4d01a0d0	chr10	429	42900000	0	60
k16_4d01a0d0	chr10	430	43000000	0	1
k16_4d01a0d0	chr16	379	37900000	0	1
k16_4d01a0d0	chr16	392	39200000	0	1
k16_4d01a0d0	chr16	393	39300000	0	3
k16_4d01a0d0	chr16	394	39400000	0	1
k16_4d01a0d0	chr16	414	41400000	0	1
k16_4d01a0d0	chr16	522	52200000	0	3
k16_4d01a0d0	chr17	223	22300000	0	2
k16_4d01a0d0	chr22	168	16800000	0	1
k16_4d01a0d0	chr22	169	16900000	0	1
k16_4d83a118	chr1	1269	126900000	0	8
k16_4d83a118	chr1	1270	127000000	0	9
k16_4d83a118	chr1	1271	127100000	0	1
k16_4d83a118	chr1	1272	127200000	0	2
k16_4d83a118	chr1	1274	127400000	0	7
k16_4d83a118	chr1	1287	128700000	0	9
k16_4d83a118	chr1	1288	128800000	0	5
k16_4d83a118	chr1	1289	128900000	0	1
k16_4d83a118	chr1	1290	129000000	0	9
k16_4d83a118	chr1	1291	129100000	0	1
k16_4d83a118	chr1	1292	129200000	0	5
k16_4d83a118	chr1	1293	129300000	0	8
k16_4d83a118	chr1	1294	129400000	0	1
k16_4d83a118	chr1	1295	129500000	0	2
k16_4d83a118	chr1	1296	129600000	0	1
k16_4d83a118	chr1	1297	129700000	0	5
k16_4d83a118	chr1	1299	129900000	0	5
k16_4d83a118	chr1	1301	130100000	0	4
k16_4d83a118	chr1	1302	130200000	0	1
k16_4d83a118	chr1	1303	130300000	0	4
k16_4d83a118	chr1	1304	130400000	0	2
k16_4d83a118	chr1	1305	130500000	0	2
k16_4d83a118	chr1	1310	131000000	0	6
k16_4d83a118	chr1	1311	131100000	0	1
k16_4d83a118	chr1	1314	131400000	0	1
k16_4d83a118	chr1	1319	131900000	0	2
k16_4d83a118	chr1	1320	132000000	0	1
k16_4d83a118	chr1	1321	132100000	0	2
k16_4d83a118	chr1	1323	132300000	0	5
k16_4d83a118	chr1	1324	132400000	0	4
k16_4d83a118	chr1	1330	133000000	0	2
k16_4d83a118	chr1	1331	133100000	0	1
k16_4d83a118	chr1	1334	133400000	0	2
k16_4d83a118	chr1	1335	133500000	0	1
k16_4d83a118	chr1	1338	133800000	0	2
k16_4d83a118	chr1	1339	133900000	0	1
k16_4d83a118	chr1	1340	134000000	0	1
k16_4d83a118	chr1	1341	134100000	0	3
k16_4d83a118	chr1	1343	134300000	0	2
k16_4d83a118	chr1	1344	134400000	0	1
k16_4d83a118	chr1	1345	134500000	0	1
k16_4d83a118	chr1	1346	134600000	0	2
k16_4d83a118	chr1	1360	136000000	0	2
k16_4d83a118	chr1	1363	136300000	0	2
k16_4d83a118	chr1	1371	137100000	0	1
k16_4d83a118	chr1	1374	137400000	0	2
k16_4d83a118	chr1	1378	137800000	0	1
k16_4d83a118	chr1	1387	138700000	0	1
k16_4d83a118	chr1	1388	138800000	0	3
k16_4d83a118	chr1	1389	138900000	0	1
k16_4d83a118	chr1	1390	139000000	0	1
k16_4d83a118	chr1	1391	139100000	0	2
k16_4d83a118	chr1	1392	139200000	0	3
k16_4d83a118	chr1	1393	139300000	0	1
k16_4d83a118	chr1	1396	139600000	0	3
k16_4d83a118	chr1	1400	140000000	0	4
k16_4d83a118	chr1	1401	140100000	0	2
k16_4d83a118	chr1	1404	140400000	0	1
k16_4d83a118	chr1	1405	140500000	0	2
k16_4d83a118	chr1	1409	140900000	0	3
k16_4d83a118	chr1	1410	141000000	0	3
k16_4d83a118	chr1	1415	141500000	0	1
k16_4d83a118	chr1	1416	141600000	0	1
k16_4d83a118	chr1	1417	141700000	0	2
k16_4d83a118	chr1	1419	141900000	0	1
k16_4d83a118	chr1	1422	142200000	0	2
k16_4d83a118	chr2	893	89300000	0	4
k16_4d83a118	chr2	898	89800000	0	3
k16_4d83a118	chr2	903	90300000	0	4
k16_4d83a118	chr2	909	90900000	0	6
k16_4d83a118	chr2	910	91000000	0	43
k16_4d83a118	chr2	911	91100000	0	49
k16_4d83a118	chr2	912	91200000	0	45
k16_4d83a118	chr2	913	91300000	0	44
k16_4d83a118	chr2	914	91400000	0	40
k16_4d83a118	chr2	915	91500000	0	46
k16_4d83a118	chr2	916	91600000	0	4
k16_4d83a118	chr2	922	92200000	0	2
k16_4d83a118	chr2	948	94800000	0	9
k16_4d83a118	chr7	582	58200000	0	3
k16_4d83a118	chr7	583	58300000	0	4
k16_4d83a118	chr7	586	58600000	0	4
k16_4d83a118	chr7	588	58800000	0	2
k16_4d83a118	chr7	589	58900000	0	2
k16_4d83a118	chr7	590	59000000	0	4
k16_4d83a118	chr7	591	59100000	0	2
k16_4d83a118	chr7	592	59200000	0	9
k16_4d83a118	chr7	593	59300000	0	5
k16_4d83a118	chr7	598	59800000	0	5
k16_4d83a118	chr7	599	59900000	0	3
k16_4d83a118	chr7	600	60000000	0	2
k16_4d83a118	chr7	667	66700000	0	1
k16_4d83a118	chr9	449	44900000	0	5
k16_4d83a118	chr10	386	38600000	0	2
k16_4d83a118	chr10	425	42500000	0	1
k16_4d83a118	chr10	426	42600000	0	10
k16_4d83a118	chr10	427	42700000	0	6
k16_4d83a118	chr10	428	42800000	0	52
k16_4d83a118	chr10	429	42900000	0	34
k16_4d83a118	chr16	356	35600000	0	1
k16_4d83a118	chr16	378	37800000	0	3
k16_4d83a118	chr16	379	37900000	0	8
k16_4d83a118	chr16	391	39100000	0	2
k16_4d83a118	chr16	392	39200000	0	4
k16_4d83a118	chr16	393	39300000	0	4
k16_4d83a118	chr16	394	39400000	0	6
k16_4d83a118	chr16	395	39500000	0	11
k16_4d83a118	chr16	396	39600000	0	16
k16_4d83a118	chr16	397	39700000	0	18
k16_4d83a118	chr16	398	39800000	0	21
k16_4d83a118	chr16	399	39900000	0	23
k16_4d83a118	chr16	400	40000000	0	21
k16_4d83a118	chr16	401	40100000	0	18
k16_4d83a118	chr16	402	40200000	0	16
k16_4d83a118	chr16	403	40300000	0	24
k16_4d83a118	chr16	404	40400000	0	16
k16_4d83a118	chr16	405	40500000	0	24
k16_4d83a118	chr16	406	40600000	0	18
k16_4d83a118	chr16	407	40700000	0	19
k16_4d83a118	chr16	408	40800000	0	15
k16_4d83a118	chr16	409	40900000	0	19
k16_4d83a118	chr16	410	41000000	0	17
k16_4d83a118	chr16	411	41100000	0	18
k16_4d83a118	chr16	412	41200000	0	18
k16_4d83a118	chr16	413	41300000	0	17
k16_4d83a118	chr16	414	41400000	0	21
k16_4d83a118	chr16	415	41500000	0	20
k16_4d83a118	chr16	416	41600000	0	17
k16_4d83a118	chr16	417	41700000	0	20
k16_4d83a118	chr16	418	41800000	0	21
k16_4d83a118	chr16	419	41900000	0	20
k16_4d83a118	chr16	420	42000000	0	18
k16_4d83a118	chr16	421	42100000	0	19
k16_4d83a118	chr16	422	42200000	0	18
k16_4d83a118	chr16	423	42300000	0	18
k16_4d83a118	chr16	424	42400000	0	16
k16_4d83a118	chr16	425	42500000	0	19
k16_4d83a118	chr16	426	42600000	0	23
k16_4d83a118	chr16	427	42700000	0	19
k16_4d83a118	chr16	428	42800000	0	21
k16_4d83a118	chr16	429	42900000	0	21
k16_4d83a118	chr16	430	43000000	0	19
k16_4d83a118	chr16	431	43100000	0	17
k16_4d83a118	chr16	432	43200000	0	23
k16_4d83a118	chr16	433	43300000	0	19
k16_4d83a118	chr16	434	43400000	0	17
k16_4d83a118	chr16	435	43500000	0	20
k16_4d83a118	chr16	436	43600000	0	20
k16_4d83a118	chr16	437	43700000	0	18
k16_4d83a118	chr16	438	43800000	0	21
k16_4d83a118	chr16	439	43900000	0	25
k16_4d83a118	chr16	440	44000000	0	17
k16_4d83a118	chr16	441	44100000	0	19
k16_4d83a118	chr16	442	44200000	0	21
k16_4d83a118	chr16	443	44300000	0	17
k16_4d83a118	chr16	444	44400000	0	22
k16_4d83a118	chr16	445	44500000	0	27
k16_4d83a118	chr16	446	44600000	0	17
k16_4d83a118	chr16	447	44700000	0	18
k16_4d83a118	chr16	448	44800000	0	17
k16_4d83a118	chr16	449	44900000	0	19
k16_4d83a118	chr16	450	45000000	0	25
k16_4d83a118	chr16	451	45100000	0	17
k16_4d83a118	chr16	452	45200000	0	23
k16_4d83a118	chr16	453	45300000	0	25
k16_4d83a118	chr16	454	45400000	0	17
k16_4d83a118	chr16	455	45500000	0	20
k16_4d83a118	chr16	456	45600000	0	24
k16_4d83a118	chr16	457	45700000	0	17
k16_4d83a118	chr16	458	45800000	0	22
k16_4d83a118	chr16	459	45900000	0	24
k16_4d83a118	chr16	460	46000000	0	18
k16_4d83a118	chr16	461	46100000	0	18
k16_4d83a118	chr16	462	46200000	0	17
k16_4d83a118	chr16	463	46300000	0	21
k16_4d83a118	chr16	464	46400000	0	21
k16_4d83a118	chr16	465	46500000	0	18
k16_4d83a118	chr16	466	46600000	0	22
k16_4d83a118	chr16	467	46700000	0	17
k16_4d83a118	chr16	468	46800000	0	18
k16_4d83a118	chr16	469	46900000	0	17
k16_4d83a118	chr16	470	47000000	0	20
k16_4d83a118	chr16	471	47100000	0	23
k16_4d83a118	chr16	472	47200000	0	17
k16_4d83a118	chr16	473	47300000	0	24
k16_4d83a118	chr16	474	47400000	0	25
k16_4d83a118	chr16	475	47500000	0	23
k16_4d83a118	chr16	476	47600000	0	16
k16_4d83a118	chr16	477	47700000	0	18
k16_4d83a118	chr16	478	47800000	0	20
k16_4d83a118	chr16	479	47900000	0	22
k16_4d83a118	chr16	480	48000000	0	21
k16_4d83a118	chr16	481	48100000	0	20
k16_4d83a118	chr16	482	48200000	0	18
k16_4d83a118	chr16	483	48300000	0	23
k16_4d83a118	chr16	484	48400000	0	19
k16_4d83a118	chr16	485	48500000	0	17
k16_4d83a118	chr16	486	48600000	0	18
k16_4d83a118	chr16	487	48700000	0	19
k16_4d83a118	chr16	488	48800000	0	17
k16_4d83a118	chr16	489	48900000	0	20
k16_4d83a118	chr16	490	49000000	0	18
k16_4d83a118	chr16	491	49100000	0	25
k16_4d83a118	chr16	492	49200000	0	21
k16_4d83a118	chr16	493	49300000	0	24
k16_4d83a118	chr16	494	49400000	0	17
k16_4d83a118	chr16	495	49500000	0	16
k16_4d83a118	chr16	496	49600000	0	18
k16_4d83a118	chr16	497	49700000	0	23
k16_4d83a118	chr16	498	49800000	0	17
k16_4d83a118	chr16	499	49900000	0	23
k16_4d83a118	chr16	500	50000000	0	24
k16_4d83a118	chr16	501	50100000	0	21
k16_4d83a118	chr16	502	50200000	0	22
k16_4d83a118	chr16	503	50300000	0	17
k16_4d83a118	chr16	504	50400000	0	18
k16_4d83a118	chr16	505	50500000	0	15
k16_4d83a118	chr16	506	50600000	0	19
k16_4d83a118	chr16	507	50700000	0	12
k16_4d83a118	chr16	508	50800000	0	17
k16_4d83a118	chr16	509	50900000	0	18
k16_4d83a118	chr16	510	51000000	0	25
k16_4d83a118	chr16	511	51100000	0	24
k16_4d83a118	chr16	512	51200000	0	19
k16_4d83a118	chr16	513	51300000	0	16
k16_4d83a118	chr16	514	51400000	0	23
k16_4d83a118	chr16	515	51500000	0	12
k16_4d83a118	chr16	516	51600000	0	15
k16_4d83a118	chr16	517	51700000	0	21
k16_4d83a118	chr16	518	51800000	0	18
k16_4d83a118	chr16	519	51900000	0	28
k16_4d83a118	chr16	520	52000000	0	24
k16_4d83a118	chr16	521	52100000	0	21
k16_4d83a118	chr16	522	52200000	0	4
k16_4d83a118	chr17	222	22200000	0	2
k16_4d83a118	chr17	223	22300000	0	14
k16_4d83a118	chr22	168	16800000	0	3
k16_4d83a118	chr22	169	16900000	0	5
k16_4d83a118	chr22	170	17000000	0	5
k16_4f5be4f5	chr1	1275	127500000	0	4
k16_4f5be4f5	chr1	1276	127600000	0	2
k16_4f5be4f5	chr1	1280	128000000	0	3
k16_4f5be4f5	chr1	1286	128600000	0	1
k16_4f5be4f5	chr1	1287	128700000	0	2
k16_4f5be4f5	chr2	893	89300000	0	3
k16_4f5be4f5	chr2	903	90300000	0	4
k16_4f5be4f5	chr3	954	95400000	0	1
k16_4f5be4f5	chr3	955	95500000	0	3
k16_4f5be4f5	chr4	491	49100000	0	3
k16_4f5be4f5	chr4	495	49500000	0	2
k16_4f5be4f5	chr4	496	49600000	0	1
k16_4f5be4f5	chr5	496	49600000	0	6
k16_4f5be4f5	chr5	497	49700000	0	4
k16_4f5be4f5	chr5	498	49800000	0	7
k16_4f5be4f5	chr5	499	49900000	0	17
k16_4f5be4f5	chr7	583	58300000	0	1
k16_4f5be4f5	chr7	585	58500000	0	1
k16_4f5be4f5	chr7	587	58700000	0	5
k16_4f5be4f5	chr7	590	59000000	0	3
k16_4f5be4f5	chr9	485	48500000	0	5
k16_4f5be4f5	chr9	486	48600000	0	23
k16_4f5be4f5	chr9	487	48700000	0	1
k16_4f5be4f5	chr9	490	49000000	0	3
k16_4f5be4f5	chr9	491	49100000	0	12
k16_4f5be4f5	chr9	492	49200000	0	8
k16_4f5be4f5	chr9	493	49300000	0	22
k16_4f5be4f5	chr9	494	49400000	0	18
k16_4f5be4f5	chr9	495	49500000	0	26
k16_4f5be4f5	chr9	496	49600000	0	23
k16_4f5be4f5	chr9	497	49700000	0	19
k16_4f5be4f5	chr9	498	49800000	0	22
k16_4f5be4f5	chr9	499	49900000	0	22
k16_4f5be4f5	chr9	500	50000000	0	22
k16_4f5be4f5	chr9	501	50100000	0	13
k16_4f5be4f5	chr9	502	50200000	0	26
k16_4f5be4f5	chr9	503	50300000	0	16
k16_4f5be4f5	chr9	504	50400000	0	13
k16_4f5be4f5	chr9	505	50500000	0	19
k16_4f5be4f5	chr9	506	50600000	0	24
k16_4f5be4f5	chr9	507	50700000	0	19
k16_4f5be4f5	chr9	508	50800000	0	24
k16_4f5be4f5	chr9	509	50900000	0	19
k16_4f5be4f5	chr9	510	51000000	0	12
k16_4f5be4f5	chr9	511	51100000	0	24
k16_4f5be4f5	chr9	512	51200000	0	35
k16_4f5be4f5	chr9	513	51300000	0	16
k16_4f5be4f5	chr9	514	51400000	0	16
k16_4f5be4f5	chr9	515	51500000	0	22
k16_4f5be4f5	chr9	516	51600000	0	29
k16_4f5be4f5	chr9	517	51700000	0	42
k16_4f5be4f5	chr9	518	51800000	0	25
k16_4f5be4f5	chr9	519	51900000	0	31
k16_4f5be4f5	chr9	520	52000000	0	17
k16_4f5be4f5	chr9	521	52100000	0	24
k16_4f5be4f5	chr9	522	52200000	0	27
k16_4f5be4f5	chr9	523	52300000	0	11
k16_4f5be4f5	chr9	524	52400000	0	12
k16_4f5be4f5	chr9	525	52500000	0	16
k16_4f5be4f5	chr9	526	52600000	0	25
k16_4f5be4f5	chr9	527	52700000	0	27
k16_4f5be4f5	chr9	528	52800000	0	26
k16_4f5be4f5	chr9	529	52900000	0	12
k16_4f5be4f5	chr9	530	53000000	0	29
k16_4f5be4f5	chr9	531	53100000	0	35
k16_4f5be4f5	chr9	532	53200000	0	27
k16_4f5be4f5	chr9	533	53300000	0	14
k16_4f5be4f5	chr9	534	53400000	0	15
k16_4f5be4f5	chr9	535	53500000	0	23
k16_4f5be4f5	chr9	536	53600000	0	21
k16_4f5be4f5	chr9	537	53700000	0	27
k16_4f5be4f5	chr9	538	53800000	0	24
k16_4f5be4f5	chr9	539	53900000	0	17
k16_4f5be4f5	chr9	540	54000000	0	18
k16_4f5be4f5	chr9	541	54100000	0	29
k16_4f5be4f5	chr9	542	54200000	0	23
k16_4f5be4f5	chr9	543	54300000	0	32
k16_4f5be4f5	chr9	544	54400000	0	12
k16_4f5be4f5	chr9	545	54500000	0	18
k16_4f5be4f5	chr9	546	54600000	0	19
k16_4f5be4f5	chr9	547	54700000	0	20
k16_4f5be4f5	chr9	548	54800000	0	26
k16_4f5be4f5	chr9	549	54900000	0	23
k16_4f5be4f5	chr9	550	55000000	0	25
k16_4f5be4f5	chr9	551	55100000	0	26
k16_4f5be4f5	chr9	552	55200000	0	29
k16_4f5be4f5	chr9	553	55300000	0	17
k16_4f5be4f5	chr9	554	55400000	0	28
k16_4f5be4f5	chr9	555	55500000	0	26
k16_4f5be4f5	chr9	556	55600000	0	23
k16_4f5be4f5	chr9	557	55700000	0	18
k16_4f5be4f5	chr9	558	55800000	0	10
k16_4f5be4f5	chr9	559	55900000	0	20
k16_4f5be4f5	chr9	560	56000000	0	13
k16_4f5be4f5	chr9	561	56100000	0	23
k16_4f5be4f5	chr9	562	56200000	0	22
k16_4f5be4f5	chr9	563	56300000	0	32
k16_4f5be4f5	chr9	564	56400000	0	23
k16_4f5be4f5	chr9	565	56500000	0	24
k16_4f5be4f5	chr9	566	56600000	0	26
k16_4f5be4f5	chr9	567	56700000	0	28
k16_4f5be4f5	chr9	568	56800000	0	25
k16_4f5be4f5	chr9	569	56900000	0	31
k16_4f5be4f5	chr9	570	57000000	0	18
k16_4f5be4f5	chr9	571	57100000	0	10
k16_4f5be4f5	chr9	572	57200000	0	30
k16_4f5be4f5	chr9	573	57300000	0	25
k16_4f5be4f5	chr9	574	57400000	0	22
k16_4f5be4f5	chr9	575	57500000	0	6
k16_4f5be4f5	chr9	576	57600000	0	17
k16_4f5be4f5	chr9	577	57700000	0	7
k16_4f5be4f5	chr9	578	57800000	0	22
k16_4f5be4f5	chr9	579	57900000	0	30
k16_4f5be4f5	chr9	580	58000000	0	27
k16_4f5be4f5	chr9	581	58100000	0	18
k16_4f5be4f5	chr9	582	58200000	0	8
k16_4f5be4f5	chr9	583	58300000	0	26
k16_4f5be4f5	chr9	584	58400000	0	32
k16_4f5be4f5	chr9	585	58500000	0	29
k16_4f5be4f5	chr9	586	58600000	0	27
k16_4f5be4f5	chr9	587	58700000	0	25
k16_4f5be4f5	chr9	588	58800000	0	12
k16_4f5be4f5	chr9	589	58900000	0	15
k16_4f5be4f5	chr9	590	59000000	0	28
k16_4f5be4f5	chr9	591	59100000	0	15
k16_4f5be4f5	chr9	592	59200000	0	16
k16_4f5be4f5	chr9	593	59300000	0	37
k16_4f5be4f5	chr9	594	59400000	0	25
k16_4f5be4f5	chr9	595	59500000	0	35
k16_4f5be4f5	chr9	596	59600000	0	26
k16_4f5be4f5	chr9	597	59700000	0	23
k16_4f5be4f5	chr9	598	59800000	0	34
k16_4f5be4f5	chr9	599	59900000	0	16
k16_4f5be4f5	chr9	600	60000000	0	20
k16_4f5be4f5	chr9	601	60100000	0	12
k16_4f5be4f5	chr9	602	60200000	0	19
k16_4f5be4f5	chr9	603	60300000	0	16
k16_4f5be4f5	chr9	604	60400000	0	22
k16_4f5be4f5	chr9	605	60500000	0	18
k16_4f5be4f5	chr9	606	60600000	0	22
k16_4f5be4f5	chr9	607	60700000	0	15
k16_4f5be4f5	chr9	608	60800000	0	21
k16_4f5be4f5	chr9	609	60900000	0	24
k16_4f5be4f5	chr9	610	61000000	0	15
k16_4f5be4f5	chr9	611	61100000	0	13
k16_4f5be4f5	chr9	612	61200000	0	11
k16_4f5be4f5	chr9	613	61300000	0	22
k16_4f5be4f5	chr9	614	61400000	0	29
k16_4f5be4f5	chr9	615	61500000	0	24
k16_4f5be4f5	chr9	616	61600000	0	19
k16_4f5be4f5	chr9	617	61700000	0	22
k16_4f5be4f5	chr9	618	61800000	0	37
k16_4f5be4f5	chr9	619	61900000	0	30
k16_4f5be4f5	chr9	620	62000000	0	9
k16_4f5be4f5	chr9	621	62100000	0	30
k16_4f5be4f5	chr9	622	62200000	0	16
k16_4f5be4f5	chr9	623	62300000	0	24
k16_4f5be4f5	chr9	624	62400000	0	21
k16_4f5be4f5	chr9	625	62500000	0	25
k16_4f5be4f5	chr9	626	62600000	0	23
k16_4f5be4f5	chr9	627	62700000	0	18
k16_4f5be4f5	chr9	628	62800000	0	18
k16_4f5be4f5	chr9	629	62900000	0	21
k16_4f5be4f5	chr9	630	63000000	0	23
k16_4f5be4f5	chr9	631	63100000	0	28
k16_4f5be4f5	chr9	632	63200000	0	15
k16_4f5be4f5	chr9	633	63300000	0	22
k16_4f5be4f5	chr9	634	63400000	0	31
k16_4f5be4f5	chr9	635	63500000	0	31
k16_4f5be4f5	chr9	636	63600000	0	36
k16_4f5be4f5	chr9	637	63700000	0	31
k16_4f5be4f5	chr9	638	63800000	0	14
k16_4f5be4f5	chr9	639	63900000	0	30
k16_4f5be4f5	chr9	640	64000000	0	21
k16_4f5be4f5	chr9	641	64100000	0	17
k16_4f5be4f5	chr9	642	64200000	0	18
k16_4f5be4f5	chr9	643	64300000	0	19
k16_4f5be4f5	chr9	644	64400000	0	20
k16_4f5be4f5	chr9	645	64500000	0	18
k16_4f5be4f5	chr9	646	64600000	0	14
k16_4f5be4f5	chr9	647	64700000	0	29
k16_4f5be4f5	chr9	648	64800000	0	18
k16_4f5be4f5	chr9	649	64900000	0	9
k16_4f5be4f5	chr9	650	65000000	0	11
k16_4f5be4f5	chr9	651	65100000	0	22
k16_4f5be4f5	chr9	652	65200000	0	19
k16_4f5be4f5	chr9	653	65300000	0	19
k16_4f5be4f5	chr9	654	65400000	0	21
k16_4f5be4f5	chr9	655	65500000	0	23
k16_4f5be4f5	chr9	656	65600000	0	25
k16_4f5be4f5	chr9	657	65700000	0	31
k16_4f5be4f5	chr9	658	65800000	0	23
k16_4f5be4f5	chr9	659	65900000	0	23
k16_4f5be4f5	chr9	660	66000000	0	26
k16_4f5be4f5	chr9	661	66100000	0	23
k16_4f5be4f5	chr9	662	66200000	0	22
k16_4f5be4f5	chr9	663	66300000	0	19
k16_4f5be4f5	chr9	664	66400000	0	8
k16_4f5be4f5	chr9	665	66500000	0	19
k16_4f5be4f5	chr9	666	66600000	0	15
k16_4f5be4f5	chr9	667	66700000	0	19
k16_4f5be4f5	chr9	668	66800000	0	26
k16_4f5be4f5	chr9	669	66900000	0	28
k16_4f5be4f5	chr9	670	67000000	0	23
k16_4f5be4f5	chr9	671	67100000	0	25
k16_4f5be4f5	chr9	672	67200000	0	28
k16_4f5be4f5	chr9	673	67300000	0	28
k16_4f5be4f5	chr9	674	67400000	0	24
k16_4f5be4f5	chr9	675	67500000	0	32
k16_4f5be4f5	chr9	676	67600000	0	22
k16_4f5be4f5	chr9	677	67700000	0	9
k16_4f5be4f5	chr9	678	67800000	0	27
k16_4f5be4f5	chr9	679	67900000	0	26
k16_4f5be4f5	chr9	680	68000000	0	23
k16_4f5be4f5	chr9	681	68100000	0	5
k16_4f5be4f5	chr9	682	68200000	0	20
k16_4f5be4f5	chr9	683	68300000	0	5
k16_4f5be4f5	chr9	684	68400000	0	18
k16_4f5be4f5	chr9	685	68500000	0	30
k16_4f5be4f5	chr9	686	68600000	0	26
k16_4f5be4f5	chr9	687	68700000	0	18
k16_4f5be4f5	chr9	688	68800000	0	12
k16_4f5be4f5	chr9	689	68900000	0	20
k16_4f5be4f5	chr9	690	69000000	0	35
k16_4f5be4f5	chr9	691	69100000	0	26
k16_4f5be4f5	chr9	692	69200000	0	35
k16_4f5be4f5	chr9	693	69300000	0	16
k16_4f5be4f5	chr9	694	69400000	0	12
k16_4f5be4f5	chr9	695	69500000	0	17
k16_4f5be4f5	chr9	696	69600000	0	25
k16_4f5be4f5	chr9	697	69700000	0	19
k16_4f5be4f5	chr9	698	69800000	0	13
k16_4f5be4f5	chr9	699	69900000	0	27
k16_4f5be4f5	chr9	700	70000000	0	32
k16_4f5be4f5	chr9	701	70100000	0	38
k16_4f5be4f5	chr9	702	70200000	0	27
k16_4f5be4f5	chr9	703	70300000	0	22
k16_4f5be4f5	chr9	704	70400000	0	37
k16_4f5be4f5	chr9	705	70500000	0	9
k16_4f5be4f5	chr9	706	70600000	0	24
k16_4f5be4f5	chr9	707	70700000	0	14
k16_4f5be4f5	chr9	708	70800000	0	13
k16_4f5be4f5	chr9	709	70900000	0	15
k16_4f5be4f5	chr9	710	71000000	0	21
k16_4f5be4f5	chr9	711	71100000	0	19
k16_4f5be4f5	chr9	712	71200000	0	24
k16_4f5be4f5	chr9	713	71300000	0	16
k16_4f5be4f5	chr9	714	71400000	0	24
k16_4f5be4f5	chr9	715	71500000	0	18
k16_4f5be4f5	chr9	716	71600000	0	22
k16_4f5be4f5	chr9	717	71700000	0	15
k16_4f5be4f5	chr9	718	71800000	0	30
k16_4f5be4f5	chr9	719	71900000	0	33
k16_4f5be4f5	chr9	720	72000000	0	20
k16_4f5be4f5	chr9	721	72100000	0	18
k16_4f5be4f5	chr9	722	72200000	0	23
k16_4f5be4f5	chr9	723	72300000	0	14
k16_4f5be4f5	chr9	724	72400000	0	18
k16_4f5be4f5	chr9	725	72500000	0	15
k16_4f5be4f5	chr9	726	72600000	0	24
k16_4f5be4f5	chr9	727	72700000	0	20
k16_4f5be4f5	chr9	728	72800000	0	19
k16_4f5be4f5	chr9	729	72900000	0	15
k16_4f5be4f5	chr9	730	73000000	0	30
k16_4f5be4f5	chr9	731	73100000	0	29
k16_4f5be4f5	chr9	732	73200000	0	30
k16_4f5be4f5	chr9	733	73300000	0	28
k16_4f5be4f5	chr9	734	73400000	0	16
k16_4f5be4f5	chr9	735	73500000	0	16
k16_4f5be4f5	chr9	736	73600000	0	15
k16_4f5be4f5	chr9	737	73700000	0	19
k16_4f5be4f5	chr9	738	73800000	0	31
k16_4f5be4f5	chr9	739	73900000	0	24
k16_4f5be4f5	chr9	740	74000000	0	20
k16_4f5be4f5	chr9	741	74100000	0	25
k16_4f5be4f5	chr9	742	74200000	0	25
k16_4f5be4f5	chr9	743	74300000	0	10
k16_4f5be4f5	chr9	744	74400000	0	31
k16_4f5be4f5	chr9	745	74500000	0	30
k16_4f5be4f5	chr9	746	74600000	0	12
k16_4f5be4f5	chr9	747	74700000	0	15
k16_4f5be4f5	chr9	748	74800000	0	18
k16_4f5be4f5	chr9	749	74900000	0	26
k16_4f5be4f5	chr9	750	75000000	0	24
k16_4f5be4f5	chr9	751	75100000	0	22
k16_4f5be4f5	chr9	752	75200000	0	18
k16_4f5be4f5	chr9	753	75300000	0	29
k16_4f5be4f5	chr9	754	75400000	0	21
k16_4f5be4f5	chr9	755	75500000	0	17
k16_4f5be4f5	chr9	756	75600000	0	19
k16_4f5be4f5	chr9	757	75700000	0	21
k16_4f5be4f5	chr9	758	75800000	0	21
k16_4f5be4f5	chr9	759	75900000	0	29
k16_4f5be4f5	chr9	760	76000000	0	16
k16_4f5be4f5	chr9	761	76100000	0	25
k16_4f5be4f5	chr9	762	76200000	0	17
k16_4f5be4f5	chr9	763	76300000	0	18
k16_4f5be4f5	chr9	764	76400000	0	21
k16_4f5be4f5	chr9	765	76500000	0	8
k16_4f5be4f5	chr9	766	76600000	0	1
k16_4f5be4f5	chr9	822	82200000	1	1
k16_4f5be4f5	chr10	385	38500000	0	3
k16_4f5be4f5	chr10	386	38600000	0	1
k16_4f5be4f5	chr10	388	38800000	0	3
k16_4f5be4f5	chr10	389	38900000	0	1
k16_4f5be4f5	chr10	420	42000000	0	3
k16_4f5be4f5	chr10	421	42100000	0	7
k16_4f5be4f5	chr10	422	42200000	0	23
k16_4f5be4f5	chr10	423	42300000	0	11
k16_4f5be4f5	chr10	424	42400000	0	8
k16_4f5be4f5	chr13	0	0	0	1
k16_4f5be4f5	chr13	51	5100000	0	3
k16_4f5be4f5	chr13	98	9800000	0	2
k16_4f5be4f5	chr13	102	10200000	0	3
k16_4f5be4f5	chr13	103	10300000	0	1
k16_4f5be4f5	chr13	106	10600000	0	1
k16_4f5be4f5	chr13	109	10900000	0	1
k16_4f5be4f5	chr13	111	11100000	0	1
k16_4f5be4f5	chr13	113	11300000	0	1
k16_4f5be4f5	chr13	118	11800000	0	2
k16_4f5be4f5	chr13	119	11900000	0	3
k16_4f5be4f5	chr13	131	13100000	0	3
k16_4f5be4f5	chr13	132	13200000	0	2
k16_4f5be4f5	chr13	133	13300000	0	1
k16_4f5be4f5	chr13	134	13400000	0	1
k16_4f5be4f5	chr14	10	1000000	0	17
k16_4f5be4f5	chr14	11	1100000	0	5
k16_4f5be4f5	chr14	14	1400000	0	4
k16_4f5be4f5	chr14	33	3300000	0	2
k16_4f5be4f5	chr14	37	3700000	0	10
k16_4f5be4f5	chr14	38	3800000	0	4
k16_4f5be4f5	chr14	49	4900000	0	2
k16_4f5be4f5	chr14	54	5400000	0	2
k16_4f5be4f5	chr14	55	5500000	0	3
k16_4f5be4f5	chr14	60	6000000	0	1
k16_4f5be4f5	chr14	61	6100000	0	1
k16_4f5be4f5	chr14	62	6200000	0	5
k16_4f5be4f5	chr14	73	7300000	0	4
k16_4f5be4f5	chr14	87	8700000	0	2
k16_4f5be4f5	chr14	88	8800000	0	4
k16_4f5be4f5	chr14	90	9000000	0	2
k16_4f5be4f5	chr14	91	9100000	0	1
k16_4f5be4f5	chr14	97	9700000	0	1
k16_4f5be4f5	chr15	11	1100000	0	16
k16_4f5be4f5	chr15	12	1200000	0	4
k16_4f5be4f5	chr15	16	1600000	0	3
k16_4f5be4f5	chr15	51	5100000	0	1
k16_4f5be4f5	chr15	52	5200000	0	2
k16_4f5be4f5	chr15	139	13900000	0	2
k16_4f5be4f5	chr15	141	14100000	0	4
k16_4f5be4f5	chr15	142	14200000	0	1
k16_4f5be4f5	chr15	147	14700000	0	1
k16_4f5be4f5	chr15	152	15200000	0	1
k16_4f5be4f5	chr15	153	15300000	0	3
k16_4f5be4f5	chr15	157	15700000	0	1
k16_4f5be4f5	chr15	158	15800000	0	1
k16_4f5be4f5	chr17	218	21800000	0	2
k16_4f5be4f5	chr17	219	21900000	0	3
k16_4f5be4f5	chr17	220	22000000	0	1
k16_4f5be4f5	chr17	221	22100000	0	2
k16_4f5be4f5	chr17	222	22200000	0	4
k16_4f5be4f5	chr17	224	22400000	0	2
k16_4f5be4f5	chr17	225	22500000	0	1
k16_4f5be4f5	chr17	277	27700000	0	7
k16_4f5be4f5	chr17	278	27800000	0	2
k16_4f5be4f5	chr20	298	29800000	0	2
k16_4f5be4f5	chr20	320	32000000	0	7
k16_4f5be4f5	chr20	321	32100000	0	2
k16_4f5be4f5	chr20	322	32200000	0	23
k16_4f5be4f5	chr20	323	32300000	0	21
k16_4f5be4f5	chr20	324	32400000	0	8
k16_4f5be4f5	chr20	325	32500000	0	12
k16_4f5be4f5	chr20	326	32600000	0	12
k16_4f5be4f5	chr20	327	32700000	0	19
k16_4f5be4f5	chr20	328	32800000	0	9
k16_4f5be4f5	chr20	329	32900000	0	1
k16_4f5be4f5	chr21	11	1100000	0	16
k16_4f5be4f5	chr21	12	1200000	0	7
k16_4f5be4f5	chr21	21	2100000	0	3
k16_4f5be4f5	chr21	58	5800000	0	2
k16_4f5be4f5	chr21	59	5900000	0	5
k16_4f5be4f5	chr21	63	6300000	0	1
k16_4f5be4f5	chr21	64	6400000	0	3
k16_4f5be4f5	chr21	68	6800000	0	1
k16_4f5be4f5	chr21	71	7100000	0	2
k16_4f5be4f5	chr21	72	7200000	0	3
k16_4f5be4f5	chr21	73	7300000	0	6
k16_4f5be4f5	chr21	79	7900000	0	1
k16_4f5be4f5	chr21	81	8100000	0	1
k16_4f5be4f5	chr21	84	8400000	0	1
k16_4f5be4f5	chr21	89	8900000	0	2
k16_4f5be4f5	chr21	90	9000000	0	3
k16_4f5be4f5	chr21	102	10200000	0	10
k16_4f5be4f5	chr21	103	10300000	0	2
k16_4f5be4f5	chr21	104	10400000	0	2
k16_4f5be4f5	chr22	23	2300000	0	2
k16_4f5be4f5	chr22	24	2400000	0	8
k16_4f5be4f5	chr22	25	2500000	0	3
k16_4f5be4f5	chr22	36	3600000	0	3
k16_4f5be4f5	chr22	71	7100000	0	6
k16_4f5be4f5	chr22	72	7200000	0	1
k16_4f5be4f5	chr22	73	7300000	0	9
k16_4f5be4f5	chr22	74	7400000	0	5
k16_4f5be4f5	chr22	77	7700000	0	4
k16_4f5be4f5	chr22	78	7800000	0	4
k16_4f5be4f5	chr22	81	8100000	0	3
k16_4f5be4f5	chr22	82	8200000	0	3
k16_4f5be4f5	chr22	83	8300000	0	1
k16_4f5be4f5	chr22	88	8800000	0	4
k16_4f5be4f5	chr22	90	9000000	0	1
k16_4f5be4f5	chr22	97	9700000	0	1
k16_4f5be4f5	chr22	101	10100000	0	2
k16_4f5be4f5	chr22	102	10200000	0	3
k16_4f5be4f5	chr22	103	10300000	0	1
k16_4f5be4f5	chr22	108	10800000	0	4
k16_4f5be4f5	chr22	112	11200000	0	1
k16_4f5be4f5	chr22	115	11500000	0	2
k16_4f5be4f5	chr22	116	11600000	0	2
k16_4f5be4f5	chr22	118	11800000	0	1
k16_4f5be4f5	chr22	119	11900000	0	2
k16_4f5be4f5	chr22	124	12400000	0	1
k16_4f5be4f5	chrY	108	10800000	0	1
k16_4f5be4f5	chrY	109	10900000	0	6
k16_4f5be4f5	chrY	110	11000000	0	4
k16_4f5be4f5	chrY	111	11100000	0	3
k16_4f5be4f5	chrY	117	11700000	0	2
k16_4f5be4f5	chrY	119	11900000	0	2
k16_4f5be4f5	chrY	120	12000000	0	2
k16_4f5be4f5	chrY	125	12500000	0	7
k16_4f5be4f5	chrY	291	29100000	0	1
k16_4f5be4f5	chrY	294	29400000	0	1
k16_4f5be4f5	chrY	301	30100000	0	1
k16_4f5be4f5	chrY	302	30200000	0	1
k16_4f5be4f5	chrY	307	30700000	0	1
k16_4f5be4f5	chrY	357	35700000	0	4
k16_4f5be4f5	chrY	358	35800000	0	4
k16_4f5be4f5	chrY	362	36200000	0	5
k16_4f5be4f5	chrY	366	36600000	0	6
k16_4f5be4f5	chrY	372	37200000	0	1
k16_4f5be4f5	chrY	383	38300000	0	7
k16_4f5be4f5	chrY	387	38700000	0	6
k16_4f5be4f5	chrY	391	39100000	0	1
k16_4f5be4f5	chrY	392	39200000	0	4
k16_4f5be4f5	chrY	406	40600000	0	1
k16_4f5be4f5	chrY	434	43400000	0	2
k16_4f5be4f5	chrY	435	43500000	0	6
k16_4f5be4f5	chrY	439	43900000	0	6
k16_4f5be4f5	chrY	443	44300000	0	3
k16_4f5be4f5	chrY	444	44400000	0	2
k16_4f5be4f5	chrY	458	45800000	0	1
k16_4f5be4f5	chrY	481	48100000	0	1
k16_4f5be4f5	chrY	487	48700000	0	2
k16_4f5be4f5	chrY	499	49900000	0	4
k16_4f5be4f5	chrY	522	52200000	0	1
k16_4f5be4f5	chrY	537	53700000	0	1
k16_4f5be4f5	chrY	574	57400000	0	2
k16_4f5be4f5	chrY	585	58500000	0	2
k16_4f5be4f5	chrY	594	59400000	0	2
k16_4f5be4f5	chrY	607	60700000	0	1
k16_4f5be4f5	chrY	608	60800000	0	4
k16_4f5be4f5	chrY	609	60900000	0	1
k16_4f62d4e8	chr1	1268	126800000	0	1
k16_4f62d4e8	chr1	1269	126900000	0	41
k16_4f62d4e8	chr1	1270	127000000	0	52
k16_4f62d4e8	chr1	1271	127100000	0	32
k16_4f62d4e8	chr1	1272	127200000	0	39
k16_4f62d4e8	chr1	1273	127300000	0	36
k16_4f62d4e8	chr1	1274	127400000	0	55
k16_4f62d4e8	chr1	1287	128700000	0	11
k16_4f62d4e8	chr1	1288	128800000	0	1
k16_4f62d4e8	chr1	1290	129000000	0	33
k16_4f62d4e8	chr1	1291	129100000	0	55
k16_4f62d4e8	chr1	1292	129200000	0	38
k16_4f62d4e8	chr1	1293	129300000	0	37
k16_4f62d4e8	chr1	1294	129400000	0	36
k16_4f62d4e8	chr1	1295	129500000	0	30
k16_4f62d4e8	chr1	1296	129600000	0	60
k16_4f62d4e8	chr1	1297	129700000	0	75
k16_4f62d4e8	chr1	1298	129800000	0	113
k16_4f62d4e8	chr1	1299	129900000	0	90
k16_4f62d4e8	chr1	1300	130000000	0	88
k16_4f62d4e8	chr1	1301	130100000	0	105
k16_4f62d4e8	chr1	1302	130200000	0	93
k16_4f62d4e8	chr1	1303	130300000	0	80
k16_4f62d4e8	chr1	1304	130400000	0	89
k16_4f62d4e8	chr1	1305	130500000	0	95
k16_4f62d4e8	chr1	1306	130600000	0	109
k16_4f62d4e8	chr1	1307	130700000	0	111
k16_4f62d4e8	chr1	1308	130800000	0	107
k16_4f62d4e8	chr1	1309	130900000	0	102
k16_4f62d4e8	chr1	1310	131000000	0	96
k16_4f62d4e8	chr1	1311	131100000	0	105
k16_4f62d4e8	chr1	1312	131200000	0	111
k16_4f62d4e8	chr1	1313	131300000	0	106
k16_4f62d4e8	chr1	1314	131400000	0	106
k16_4f62d4e8	chr1	1315	131500000	0	113
k16_4f62d4e8	chr1	1316	131600000	0	111
k16_4f62d4e8	chr1	1317	131700000	0	106
k16_4f62d4e8	chr1	1318	131800000	0	108
k16_4f62d4e8	chr1	1319	131900000	0	96
k16_4f62d4e8	chr1	1320	132000000	0	98
k16_4f62d4e8	chr1	1321	132100000	0	78
k16_4f62d4e8	chr1	1322	132200000	0	78
k16_4f62d4e8	chr1	1323	132300000	0	93
k16_4f62d4e8	chr1	1324	132400000	0	99
k16_4f62d4e8	chr1	1325	132500000	0	114
k16_4f62d4e8	chr1	1326	132600000	0	111
k16_4f62d4e8	chr1	1327	132700000	0	107
k16_4f62d4e8	chr1	1328	132800000	0	109
k16_4f62d4e8	chr1	1329	132900000	0	91
k16_4f62d4e8	chr1	1330	133000000	0	108
k16_4f62d4e8	chr1	1331	133100000	0	83
k16_4f62d4e8	chr1	1332	133200000	0	83
k16_4f62d4e8	chr1	1333	133300000	0	107
k16_4f62d4e8	chr1	1334	133400000	0	109
k16_4f62d4e8	chr1	1335	133500000	0	75
k16_4f62d4e8	chr1	1336	133600000	0	83
k16_4f62d4e8	chr1	1337	133700000	0	108
k16_4f62d4e8	chr1	1338	133800000	0	104
k16_4f62d4e8	chr1	1339	133900000	0	93
k16_4f62d4e8	chr1	1340	134000000	0	107
k16_4f62d4e8	chr1	1341	134100000	0	93
k16_4f62d4e8	chr1	1342	134200000	0	69
k16_4f62d4e8	chr1	1343	134300000	0	99
k16_4f62d4e8	chr1	1344	134400000	0	94
k16_4f62d4e8	chr1	1345	134500000	0	104
k16_4f62d4e8	chr1	1346	134600000	0	75
k16_4f62d4e8	chr1	1347	134700000	0	72
k16_4f62d4e8	chr1	1348	134800000	0	89
k16_4f62d4e8	chr1	1349	134900000	0	110
k16_4f62d4e8	chr1	1350	135000000	0	105
k16_4f62d4e8	chr1	1351	135100000	0	111
k16_4f62d4e8	chr1	1352	135200000	0	110
k16_4f62d4e8	chr1	1353	135300000	0	107
k16_4f62d4e8	chr1	1354	135400000	0	110
k16_4f62d4e8	chr1	1355	135500000	0	109
k16_4f62d4e8	chr1	1356	135600000	0	95
k16_4f62d4e8	chr1	1357	135700000	0	111
k16_4f62d4e8	chr1	1358	135800000	0	103
k16_4f62d4e8	chr1	1359	135900000	0	102
k16_4f62d4e8	chr1	1360	136000000	0	111
k16_4f62d4e8	chr1	1361	136100000	0	112
k16_4f62d4e8	chr1	1362	136200000	0	105
k16_4f62d4e8	chr1	1363	136300000	0	104
k16_4f62d4e8	chr1	1364	136400000	0	96
k16_4f62d4e8	chr1	1365	136500000	0	77
k16_4f62d4e8	chr1	1366	136600000	0	78
k16_4f62d4e8	chr1	1367	136700000	0	94
k16_4f62d4e8	chr1	1368	136800000	0	90
k16_4f62d4e8	chr1	1369	136900000	0	105
k16_4f62d4e8	chr1	1370	137000000	0	92
k16_4f62d4e8	chr1	1371	137100000	0	89
k16_4f62d4e8	chr1	1372	137200000	0	85
k16_4f62d4e8	chr1	1373	137300000	0	91
k16_4f62d4e8	chr1	1374	137400000	0	85
k16_4f62d4e8	chr1	1375	137500000	0	107
k16_4f62d4e8	chr1	1376	137600000	0	90
k16_4f62d4e8	chr1	1377	137700000	0	90
k16_4f62d4e8	chr1	1378	137800000	0	100
k16_4f62d4e8	chr1	1379	137900000	0	99
k16_4f62d4e8	chr1	1380	138000000	0	90
k16_4f62d4e8	chr1	1381	138100000	0	92
k16_4f62d4e8	chr1	1382	138200000	0	115
k16_4f62d4e8	chr1	1383	138300000	0	100
k16_4f62d4e8	chr1	1384	138400000	0	89
k16_4f62d4e8	chr1	1385	138500000	0	62
k16_4f62d4e8	chr1	1386	138600000	0	111
k16_4f62d4e8	chr1	1387	138700000	0	113
k16_4f62d4e8	chr1	1388	138800000	0	99
k16_4f62d4e8	chr1	1389	138900000	0	114
k16_4f62d4e8	chr1	1390	139000000	0	109
k16_4f62d4e8	chr1	1391	139100000	0	105
k16_4f62d4e8	chr1	1392	139200000	0	93
k16_4f62d4e8	chr1	1393	139300000	0	115
k16_4f62d4e8	chr1	1394	139400000	0	107
k16_4f62d4e8	chr1	1395	139500000	0	57
k16_4f62d4e8	chr1	1396	139600000	0	69
k16_4f62d4e8	chr1	1397	139700000	0	85
k16_4f62d4e8	chr1	1398	139800000	0	111
k16_4f62d4e8	chr1	1399	139900000	0	114
k16_4f62d4e8	chr1	1400	140000000	0	68
k16_4f62d4e8	chr1	1401	140100000	0	70
k16_4f62d4e8	chr1	1402	140200000	0	79
k16_4f62d4e8	chr1	1403	140300000	0	104
k16_4f62d4e8	chr1	1404	140400000	0	116
k16_4f62d4e8	chr1	1405	140500000	0	77
k16_4f62d4e8	chr1	1406	140600000	0	59
k16_4f62d4e8	chr1	1407	140700000	0	122
k16_4f62d4e8	chr1	1408	140800000	0	116
k16_4f62d4e8	chr1	1409	140900000	0	71
k16_4f62d4e8	chr1	1410	141000000	0	74
k16_4f62d4e8	chr1	1411	141100000	0	101
k16_4f62d4e8	chr1	1412	141200000	0	120
k16_4f62d4e8	chr1	1413	141300000	0	96
k16_4f62d4e8	chr1	1414	141400000	0	116
k16_4f62d4e8	chr1	1415	141500000	0	98
k16_4f62d4e8	chr1	1416	141600000	0	77
k16_4f62d4e8	chr1	1417	141700000	0	75
k16_4f62d4e8	chr1	1418	141800000	0	110
k16_4f62d4e8	chr1	1419	141900000	0	107
k16_4f62d4e8	chr1	1420	142000000	0	69
k16_4f62d4e8	chr1	1421	142100000	0	65
k16_4f62d4e8	chr1	1422	142200000	0	21
k16_4f62d4e8	chr2	922	92200000	0	1
k16_4f62d4e8	chr9	449	44900000	0	1
k16_4f62d4e8	chr10	420	42000000	0	7
k16_4f62d4e8	chr10	425	42500000	0	17
k16_4f62d4e8	chr10	426	42600000	0	41
k16_4f62d4e8	chr10	427	42700000	0	39
k16_4f62d4e8	chr10	428	42800000	0	48
k16_4f62d4e8	chr10	429	42900000	0	31
k16_4f62d4e8	chr16	392	39200000	0	1
k16_4f62d4e8	chr16	394	39400000	0	1
k16_4f62d4e8	chr16	395	39500000	0	1
k16_4f62d4e8	chr17	223	22300000	0	1
k16_4f62d4e8	chr22	168	16800000	0	1
k16_4f62d4e8	chr22	169	16900000	0	1
k16_4f6fd4d6	chr1	1269	126900000	0	41
k16_4f6fd4d6	chr1	1270	127000000	0	53
k16_4f6fd4d6	chr1	1271	127100000	0	59
k16_4f6fd4d6	chr1	1272	127200000	0	59
k16_4f6fd4d6	chr1	1273	127300000	0	68
k16_4f6fd4d6	chr1	1274	127400000	0	55
k16_4f6fd4d6	chr1	1287	128700000	0	14
k16_4f6fd4d6	chr1	1288	128800000	0	1
k16_4f6fd4d6	chr1	1290	129000000	0	47
k16_4f6fd4d6	chr1	1291	129100000	0	72
k16_4f6fd4d6	chr1	1292	129200000	0	68
k16_4f6fd4d6	chr1	1293	129300000	0	58
k16_4f6fd4d6	chr1	1294	129400000	0	62
k16_4f6fd4d6	chr1	1295	129500000	0	65
k16_4f6fd4d6	chr1	1296	129600000	0	68
k16_4f6fd4d6	chr1	1297	129700000	0	57
k16_4f6fd4d6	chr1	1298	129800000	0	50
k16_4f6fd4d6	chr1	1299	129900000	0	50
k16_4f6fd4d6	chr1	1300	130000000	0	47
k16_4f6fd4d6	chr1	1301	130100000	0	52
k16_4f6fd4d6	chr1	1302	130200000	0	57
k16_4f6fd4d6	chr1	1303	130300000	0	69
k16_4f6fd4d6	chr1	1304	130400000	0	55
k16_4f6fd4d6	chr1	1305	130500000	0	56
k16_4f6fd4d6	chr1	1306	130600000	0	55
k16_4f6fd4d6	chr1	1307	130700000	0	52
k16_4f6fd4d6	chr1	1308	130800000	0	52
k16_4f6fd4d6	chr1	1309	130900000	0	54
k16_4f6fd4d6	chr1	1310	131000000	0	49
k16_4f6fd4d6	chr1	1311	131100000	0	57
k16_4f6fd4d6	chr1	1312	131200000	0	49
k16_4f6fd4d6	chr1	1313	131300000	0	51
k16_4f6fd4d6	chr1	1314	131400000	0	50
k16_4f6fd4d6	chr1	1315	131500000	0	58
k16_4f6fd4d6	chr1	1316	131600000	0	49
k16_4f6fd4d6	chr1	1317	131700000	0	48
k16_4f6fd4d6	chr1	1318	131800000	0	48
k16_4f6fd4d6	chr1	1319	131900000	0	48
k16_4f6fd4d6	chr1	1320	132000000	0	58
k16_4f6fd4d6	chr1	1321	132100000	0	55
k16_4f6fd4d6	chr1	1322	132200000	0	59
k16_4f6fd4d6	chr1	1323	132300000	0	53
k16_4f6fd4d6	chr1	1324	132400000	0	50
k16_4f6fd4d6	chr1	1325	132500000	0	54
k16_4f6fd4d6	chr1	1326	132600000	0	53
k16_4f6fd4d6	chr1	1327	132700000	0	45
k16_4f6fd4d6	chr1	1328	132800000	0	53
k16_4f6fd4d6	chr1	1329	132900000	0	50
k16_4f6fd4d6	chr1	1330	133000000	0	62
k16_4f6fd4d6	chr1	1331	133100000	0	62
k16_4f6fd4d6	chr1	1332	133200000	0	54
k16_4f6fd4d6	chr1	1333	133300000	0	38
k16_4f6fd4d6	chr1	1334	133400000	0	57
k16_4f6fd4d6	chr1	1335	133500000	0	54
k16_4f6fd4d6	chr1	1336	133600000	0	60
k16_4f6fd4d6	chr1	1337	133700000	0	37
k16_4f6fd4d6	chr1	1338	133800000	0	55
k16_4f6fd4d6	chr1	1339	133900000	0	48
k16_4f6fd4d6	chr1	1340	134000000	0	57
k16_4f6fd4d6	chr1	1341	134100000	0	57
k16_4f6fd4d6	chr1	1342	134200000	0	67
k16_4f6fd4d6	chr1	1343	134300000	0	63
k16_4f6fd4d6	chr1	1344	134400000	0	45
k16_4f6fd4d6	chr1	1345	134500000	0	58
k16_4f6fd4d6	chr1	1346	134600000	0	56
k16_4f6fd4d6	chr1	1347	134700000	0	81
k16_4f6fd4d6	chr1	1348	134800000	0	56
k16_4f6fd4d6	chr1	1349	134900000	0	45
k16_4f6fd4d6	chr1	1350	135000000	0	48
k16_4f6fd4d6	chr1	1351	135100000	0	48
k16_4f6fd4d6	chr1	1352	135200000	0	48
k16_4f6fd4d6	chr1	1353	135300000	0	49
k16_4f6fd4d6	chr1	1354	135400000	0	56
k16_4f6fd4d6	chr1	1355	135500000	0	47
k16_4f6fd4d6	chr1	1356	135600000	0	55
k16_4f6fd4d6	chr1	1357	135700000	0	57
k16_4f6fd4d6	chr1	1358	135800000	0	52
k16_4f6fd4d6	chr1	1359	135900000	0	42
k16_4f6fd4d6	chr1	1360	136000000	0	43
k16_4f6fd4d6	chr1	1361	136100000	0	53
k16_4f6fd4d6	chr1	1362	136200000	0	51
k16_4f6fd4d6	chr1	1363	136300000	0	54
k16_4f6fd4d6	chr1	1364	136400000	0	39
k16_4f6fd4d6	chr1	1365	136500000	0	56
k16_4f6fd4d6	chr1	1366	136600000	0	60
k16_4f6fd4d6	chr1	1367	136700000	0	55
k16_4f6fd4d6	chr1	1368	136800000	0	58
k16_4f6fd4d6	chr1	1369	136900000	0	62
k16_4f6fd4d6	chr1	1370	137000000	0	48
k16_4f6fd4d6	chr1	1371	137100000	0	61
k16_4f6fd4d6	chr1	1372	137200000	0	55
k16_4f6fd4d6	chr1	1373	137300000	0	59
k16_4f6fd4d6	chr1	1374	137400000	0	52
k16_4f6fd4d6	chr1	1375	137500000	0	65
k16_4f6fd4d6	chr1	1376	137600000	0	51
k16_4f6fd4d6	chr1	1377	137700000	0	49
k16_4f6fd4d6	chr1	1378	137800000	0	58
k16_4f6fd4d6	chr1	1379	137900000	0	64
k16_4f6fd4d6	chr1	1380	138000000	0	43
k16_4f6fd4d6	chr1	1381	138100000	0	51
k16_4f6fd4d6	chr1	1382	138200000	0	51
k16_4f6fd4d6	chr1	1383	138300000	0	48
k16_4f6fd4d6	chr1	1384	138400000	0	48
k16_4f6fd4d6	chr1	1385	138500000	0	74
k16_4f6fd4d6	chr1	1386	138600000	0	47
k16_4f6fd4d6	chr1	1387	138700000	0	55
k16_4f6fd4d6	chr1	1388	138800000	0	47
k16_4f6fd4d6	chr1	1389	138900000	0	59
k16_4f6fd4d6	chr1	1390	139000000	0	55
k16_4f6fd4d6	chr1	1391	139100000	0	57
k16_4f6fd4d6	chr1	1392	139200000	0	54
k16_4f6fd4d6	chr1	1393	139300000	0	51
k16_4f6fd4d6	chr1	1394	139400000	0	53
k16_4f6fd4d6	chr1	1395	139500000	0	72
k16_4f6fd4d6	chr1	1396	139600000	0	58
k16_4f6fd4d6	chr1	1397	139700000	0	48
k16_4f6fd4d6	chr1	1398	139800000	0	52
k16_4f6fd4d6	chr1	1399	139900000	0	55
k16_4f6fd4d6	chr1	1400	140000000	0	55
k16_4f6fd4d6	chr1	1401	140100000	0	53
k16_4f6fd4d6	chr1	1402	140200000	0	46
k16_4f6fd4d6	chr1	1403	140300000	0	41
k16_4f6fd4d6	chr1	1404	140400000	0	38
k16_4f6fd4d6	chr1	1405	140500000	0	51
k16_4f6fd4d6	chr1	1406	140600000	0	40
k16_4f6fd4d6	chr1	1407	140700000	0	59
k16_4f6fd4d6	chr1	1408	140800000	0	51
k16_4f6fd4d6	chr1	1409	140900000	0	61
k16_4f6fd4d6	chr1	1410	141000000	0	54
k16_4f6fd4d6	chr1	1411	141100000	0	49
k16_4f6fd4d6	chr1	1412	141200000	0	35
k16_4f6fd4d6	chr1	1413	141300000	0	53
k16_4f6fd4d6	chr1	1414	141400000	0	54
k16_4f6fd4d6	chr1	1415	141500000	0	56
k16_4f6fd4d6	chr1	1416	141600000	0	59
k16_4f6fd4d6	chr1	1417	141700000	0	56
k16_4f6fd4d6	chr1	1418	141800000	0	42
k16_4f6fd4d6	chr1	1419	141900000	0	41
k16_4f6fd4d6	chr1	1420	142000000	0	50
k16_4f6fd4d6	chr1	1421	142100000	0	42
k16_4f6fd4d6	chr1	1422	142200000	0	18
k16_4f6fd4d6	chr2	922	92200000	0	1
k16_4f6fd4d6	chr9	449	44900000	0	1
k16_4f6fd4d6	chr10	420	42000000	0	6
k16_4f6fd4d6	chr10	425	42500000	0	9
k16_4f6fd4d6	chr10	426	42600000	0	28
k16_4f6fd4d6	chr10	427	42700000	0	27
k16_4f6fd4d6	chr10	428	42800000	0	43
k16_4f6fd4d6	chr10	429	42900000	0	31
k16_4f6fd4d6	chr16	392	39200000	0	3
k16_4f6fd4d6	chr22	168	16800000	0	1
k16_51d8e3d4	chr1	1268	126800000	0	1
k16_51d8e3d4	chr1	1269	126900000	0	49
k16_51d8e3d4	chr1	1270	127000000	0	68
k16_51d8e3d4	chr1	1271	127100000	0	69
k16_51d8e3d4	chr1	1272	127200000	0	64
k16_51d8e3d4	chr1	1273	127300000	0	74
k16_51d8e3d4	chr1	1274	127400000	0	65
k16_51d8e3d4	chr1	1287	128700000	0	11
k16_51d8e3d4	chr1	1288	128800000	0	3
k16_51d8e3d4	chr1	1290	129000000	0	39
k16_51d8e3d4	chr1	1291	129100000	0	69
k16_51d8e3d4	chr1	1292	129200000	0	75
k16_51d8e3d4	chr1	1293	129300000	0	74
k16_51d8e3d4	chr1	1294	129400000	0	70
k16_51d8e3d4	chr1	1295	129500000	0	74
k16_51d8e3d4	chr1	1296	129600000	0	62
k16_51d8e3d4	chr1	1297	129700000	0	47
k16_51d8e3d4	chr1	1298	129800000	0	44
k16_51d8e3d4	chr1	1299	129900000	0	48
k16_51d8e3d4	chr1	1300	130000000	0	54
k16_51d8e3d4	chr1	1301	130100000	0	53
k16_51d8e3d4	chr1	1302	130200000	0	52
k16_51d8e3d4	chr1	1303	130300000	0	40
k16_51d8e3d4	chr1	1304	130400000	0	50
k16_51d8e3d4	chr1	1305	130500000	0	49
k16_51d8e3d4	chr1	1306	130600000	0	59
k16_51d8e3d4	chr1	1307	130700000	0	60
k16_51d8e3d4	chr1	1308	130800000	0	58
k16_51d8e3d4	chr1	1309	130900000	0	53
k16_51d8e3d4	chr1	1310	131000000	0	60
k16_51d8e3d4	chr1	1311	131100000	0	53
k16_51d8e3d4	chr1	1312	131200000	0	51
k16_51d8e3d4	chr1	1313	131300000	0	55
k16_51d8e3d4	chr1	1314	131400000	0	52
k16_51d8e3d4	chr1	1315	131500000	0	60
k16_51d8e3d4	chr1	1316	131600000	0	50
k16_51d8e3d4	chr1	1317	131700000	0	58
k16_51d8e3d4	chr1	1318	131800000	0	54
k16_51d8e3d4	chr1	1319	131900000	0	58
k16_51d8e3d4	chr1	1320	132000000	0	56
k16_51d8e3d4	chr1	1321	132100000	0	51
k16_51d8e3d4	chr1	1322	132200000	0	54
k16_51d8e3d4	chr1	1323	132300000	0	57
k16_51d8e3d4	chr1	1324	132400000	0	55
k16_51d8e3d4	chr1	1325	132500000	0	61
k16_51d8e3d4	chr1	1326	132600000	0	51
k16_51d8e3d4	chr1	1327	132700000	0	60
k16_51d8e3d4	chr1	1328	132800000	0	51
k16_51d8e3d4	chr1	1329	132900000	0	55
k16_51d8e3d4	chr1	1330	133000000	0	55
k16_51d8e3d4	chr1	1331	133100000	0	51
k16_51d8e3d4	chr1	1332	133200000	0	54
k16_51d8e3d4	chr1	1333	133300000	0	57
k16_51d8e3d4	chr1	1334	133400000	0	56
k16_51d8e3d4	chr1	1335	133500000	0	52
k16_51d8e3d4	chr1	1336	133600000	0	52
k16_51d8e3d4	chr1	1337	133700000	0	57
k16_51d8e3d4	chr1	1338	133800000	0	52
k16_51d8e3d4	chr1	1339	133900000	0	54
k16_51d8e3d4	chr1	1340	134000000	0	61
k16_51d8e3d4	chr1	1341	134100000	0	52
k16_51d8e3d4	chr1	1342	134200000	0	51
k16_51d8e3d4	chr1	1343	134300000	0	49
k16_51d8e3d4	chr1	1344	134400000	0	58
k16_51d8e3d4	chr1	1345	134500000	0	56
k16_51d8e3d4	chr1	1346	134600000	0	50
k16_51d8e3d4	chr1	1347	134700000	0	45
k16_51d8e3d4	chr1	1348	134800000	0	48
k16_51d8e3d4	chr1	1349	134900000	0	53
k16_51d8e3d4	chr1	1350	135000000	0	58
k16_51d8e3d4	chr1	1351	135100000	0	55
k16_51d8e3d4	chr1	1352	135200000	0	58
k16_51d8e3d4	chr1	1353	135300000	0	57
k16_51d8e3d4	chr1	1354	135400000	0	52
k16_51d8e3d4	chr1	1355	135500000	0	52
k16_51d8e3d4	chr1	1356	135600000	0	58
k16_51d8e3d4	chr1	1357	135700000	0	66
k16_51d8e3d4	chr1	1358	135800000	0	53
k16_51d8e3d4	chr1	1359	135900000	0	52
k16_51d8e3d4	chr1	1360	136000000	0	51
k16_51d8e3d4	chr1	1361	136100000	0	50
k16_51d8e3d4	chr1	1362	136200000	0	47
k16_51d8e3d4	chr1	1363	136300000	0	57
k16_51d8e3d4	chr1	1364	136400000	0	50
k16_51d8e3d4	chr1	1365	136500000	0	61
k16_51d8e3d4	chr1	1366	136600000	0	68
k16_51d8e3d4	chr1	1367	136700000	0	48
k16_51d8e3d4	chr1	1368	136800000	0	49
k16_51d8e3d4	chr1	1369	136900000	0	59
k16_51d8e3d4	chr1	1370	137000000	0	53
k16_51d8e3d4	chr1	1371	137100000	0	62
k16_51d8e3d4	chr1	1372	137200000	0	52
k16_51d8e3d4	chr1	1373	137300000	0	65
k16_51d8e3d4	chr1	1374	137400000	0	50
k16_51d8e3d4	chr1	1375	137500000	0	47
k16_51d8e3d4	chr1	1376	137600000	0	63
k16_51d8e3d4	chr1	1377	137700000	0	51
k16_51d8e3d4	chr1	1378	137800000	0	47
k16_51d8e3d4	chr1	1379	137900000	0	55
k16_51d8e3d4	chr1	1380	138000000	0	60
k16_51d8e3d4	chr1	1381	138100000	0	48
k16_51d8e3d4	chr1	1382	138200000	0	59
k16_51d8e3d4	chr1	1383	138300000	0	57
k16_51d8e3d4	chr1	1384	138400000	0	49
k16_51d8e3d4	chr1	1385	138500000	0	46
k16_51d8e3d4	chr1	1386	138600000	0	60
k16_51d8e3d4	chr1	1387	138700000	0	64
k16_51d8e3d4	chr1	1388	138800000	0	56
k16_51d8e3d4	chr1	1389	138900000	0	58
k16_51d8e3d4	chr1	1390	139000000	0	56
k16_51d8e3d4	chr1	1391	139100000	0	55
k16_51d8e3d4	chr1	1392	139200000	0	55
k16_51d8e3d4	chr1	1393	139300000	0	60
k16_51d8e3d4	chr1	1394	139400000	0	54
k16_51d8e3d4	chr1	1395	139500000	0	38
k16_51d8e3d4	chr1	1396	139600000	0	45
k16_51d8e3d4	chr1	1397	139700000	0	51
k16_51d8e3d4	chr1	1398	139800000	0	59
k16_51d8e3d4	chr1	1399	139900000	0	56
k16_51d8e3d4	chr1	1400	140000000	0	44
k16_51d8e3d4	chr1	1401	140100000	0	45
k16_51d8e3d4	chr1	1402	140200000	0	54
k16_51d8e3d4	chr1	1403	140300000	0	50
k16_51d8e3d4	chr1	1404	140400000	0	50
k16_51d8e3d4	chr1	1405	140500000	0	42
k16_51d8e3d4	chr1	1406	140600000	0	50
k16_51d8e3d4	chr1	1407	140700000	0	63
k16_51d8e3d4	chr1	1408	140800000	0	54
k16_51d8e3d4	chr1	1409	140900000	0	45
k16_51d8e3d4	chr1	1410	141000000	0	53
k16_51d8e3d4	chr1	1411	141100000	0	49
k16_51d8e3d4	chr1	1412	141200000	0	51
k16_51d8e3d4	chr1	1413	141300000	0	56
k16_51d8e3d4	chr1	1414	141400000	0	60
k16_51d8e3d4	chr1	1415	141500000	0	43
k16_51d8e3d4	chr1	1416	141600000	0	49
k16_51d8e3d4	chr1	1417	141700000	0	49
k16_51d8e3d4	chr1	1418	141800000	0	51
k16_51d8e3d4	chr1	1419	141900000	0	48
k16_51d8e3d4	chr1	1420	142000000	0	41
k16_51d8e3d4	chr1	1421	142100000	0	39
k16_51d8e3d4	chr1	1422	142200000	0	16
k16_51d8e3d4	chr2	893	89300000	0	1
k16_51d8e3d4	chr2	894	89400000	0	1
k16_51d8e3d4	chr2	903	90300000	0	2
k16_51d8e3d4	chr2	910	91000000	0	16
k16_51d8e3d4	chr2	911	91100000	0	17
k16_51d8e3d4	chr2	912	91200000	0	16
k16_51d8e3d4	chr2	913	91300000	0	14
k16_51d8e3d4	chr2	914	91400000	0	7
k16_51d8e3d4	chr2	915	91500000	0	18
k16_51d8e3d4	chr2	916	91600000	0	1
k16_51d8e3d4	chr2	922	92200000	0	1
k16_51d8e3d4	chr7	583	58300000	0	1
k16_51d8e3d4	chr7	586	58600000	0	2
k16_51d8e3d4	chr7	590	59000000	0	2
k16_51d8e3d4	chr7	592	59200000	0	3
k16_51d8e3d4	chr7	593	59300000	0	1
k16_51d8e3d4	chr7	598	59800000	0	3
k16_51d8e3d4	chr9	449	44900000	0	3
k16_51d8e3d4	chr10	420	42000000	0	6
k16_51d8e3d4	chr10	425	42500000	0	27
k16_51d8e3d4	chr10	426	42600000	0	50
k16_51d8e3d4	chr10	427	42700000	0	46
k16_51d8e3d4	chr10	428	42800000	0	54
k16_51d8e3d4	chr10	429	42900000	0	45
k16_51d8e3d4	chr16	378	37800000	0	1
k16_51d8e3d4	chr16	379	37900000	0	2
k16_51d8e3d4	chr16	392	39200000	0	2
k16_51d8e3d4	chr16	393	39300000	0	1
k16_51d8e3d4	chr16	394	39400000	0	3
k16_51d8e3d4	chr16	395	39500000	0	7
k16_51d8e3d4	chr16	396	39600000	0	11
k16_51d8e3d4	chr16	397	39700000	0	11
k16_51d8e3d4	chr16	398	39800000	0	8
k16_51d8e3d4	chr16	399	39900000	0	15
k16_51d8e3d4	chr16	400	40000000	0	9
k16_51d8e3d4	chr16	401	40100000	0	4
k16_51d8e3d4	chr16	402	40200000	0	21
k16_51d8e3d4	chr16	403	40300000	0	21
k16_51d8e3d4	chr16	404	40400000	0	15
k16_51d8e3d4	chr16	405	40500000	0	22
k16_51d8e3d4	chr16	406	40600000	0	18
k16_51d8e3d4	chr16	407	40700000	0	15
k16_51d8e3d4	chr16	408	40800000	0	16
k16_51d8e3d4	chr16	409	40900000	0	21
k16_51d8e3d4	chr16	410	41000000	0	20
k16_51d8e3d4	chr16	411	41100000	0	16
k16_51d8e3d4	chr16	412	41200000	0	18
k16_51d8e3d4	chr16	413	41300000	0	10
k16_51d8e3d4	chr16	414	41400000	0	4
k16_51d8e3d4	chr16	415	41500000	0	14
k16_51d8e3d4	chr16	416	41600000	0	16
k16_51d8e3d4	chr16	417	41700000	0	17
k16_51d8e3d4	chr16	418	41800000	0	14
k16_51d8e3d4	chr16	419	41900000	0	9
k16_51d8e3d4	chr16	420	42000000	0	13
k16_51d8e3d4	chr16	421	42100000	0	14
k16_51d8e3d4	chr16	422	42200000	0	15
k16_51d8e3d4	chr16	423	42300000	0	15
k16_51d8e3d4	chr16	424	42400000	0	16
k16_51d8e3d4	chr16	425	42500000	0	16
k16_51d8e3d4	chr16	426	42600000	0	16
k16_51d8e3d4	chr16	427	42700000	0	14
k16_51d8e3d4	chr16	428	42800000	0	17
k16_51d8e3d4	chr16	429	42900000	0	15
k16_51d8e3d4	chr16	430	43000000	0	10
k16_51d8e3d4	chr16	431	43100000	0	16
k16_51d8e3d4	chr16	432	43200000	0	13
k16_51d8e3d4	chr16	433	43300000	0	14
k16_51d8e3d4	chr16	434	43400000	0	17
k16_51d8e3d4	chr16	435	43500000	0	15
k16_51d8e3d4	chr16	436	43600000	0	11
k16_51d8e3d4	chr16	437	43700000	0	17
k16_51d8e3d4	chr16	438	43800000	0	16
k16_51d8e3d4	chr16	439	43900000	0	17
k16_51d8e3d4	chr16	440	44000000	0	16
k16_51d8e3d4	chr16	441	44100000	0	17
k16_51d8e3d4	chr16	442	44200000	0	11
k16_51d8e3d4	chr16	443	44300000	0	15
k16_51d8e3d4	chr16	444	44400000	0	14
k16_51d8e3d4	chr16	445	44500000	0	10
k16_51d8e3d4	chr16	446	44600000	0	16
k16_51d8e3d4	chr16	447	44700000	0	15
k16_51d8e3d4	chr16	448	44800000	0	16
k16_51d8e3d4	chr16	449	44900000	0	12
k16_51d8e3d4	chr16	450	45000000	0	18
k16_51d8e3d4	chr16	451	45100000	0	15
k16_51d8e3d4	chr16	452	45200000	0	17
k16_51d8e3d4	chr16	453	45300000	0	13
k16_51d8e3d4	chr16	454	45400000	0	16
k16_51d8e3d4	chr16	455	45500000	0	13
k16_51d8e3d4	chr16	456	45600000	0	17
k16_51d8e3d4	chr16	457	45700000	0	16
k16_51d8e3d4	chr16	458	45800000	0	15
k16_51d8e3d4	chr16	459	45900000	0	19
k16_51d8e3d4	chr16	460	46000000	0	17
k16_51d8e3d4	chr16	461	46100000	0	17
k16_51d8e3d4	chr16	462	46200000	0	17
k16_51d8e3d4	chr16	463	46300000	0	17
k16_51d8e3d4	chr16	464	46400000	0	13
k16_51d8e3d4	chr16	465	46500000	0	10
k16_51d8e3d4	chr16	466	46600000	0	16
k16_51d8e3d4	chr16	467	46700000	0	12
k16_51d8e3d4	chr16	468	46800000	0	15
k16_51d8e3d4	chr16	469	46900000	0	15
k16_51d8e3d4	chr16	470	47000000	0	15
k16_51d8e3d4	chr16	471	47100000	0	16
k16_51d8e3d4	chr16	472	47200000	0	17
k16_51d8e3d4	chr16	473	47300000	0	15
k16_51d8e3d4	chr16	474	47400000	0	11
k16_51d8e3d4	chr16	475	47500000	0	12
k16_51d8e3d4	chr16	476	47600000	0	16
k16_51d8e3d4	chr16	477	47700000	0	16
k16_51d8e3d4	chr16	478	47800000	0	16
k16_51d8e3d4	chr16	479	47900000	0	13
k16_51d8e3d4	chr16	480	48000000	0	16
k16_51d8e3d4	chr16	481	48100000	0	18
k16_51d8e3d4	chr16	482	48200000	0	11
k16_51d8e3d4	chr16	483	48300000	0	16
k16_51d8e3d4	chr16	484	48400000	0	17
k16_51d8e3d4	chr16	485	48500000	0	6
k16_51d8e3d4	chr16	486	48600000	0	16
k16_51d8e3d4	chr16	487	48700000	0	18
k16_51d8e3d4	chr16	488	48800000	0	6
k16_51d8e3d4	chr16	489	48900000	0	22
k16_51d8e3d4	chr16	490	49000000	0	18
k16_51d8e3d4	chr16	491	49100000	0	25
k16_51d8e3d4	chr16	492	49200000	0	11
k16_51d8e3d4	chr16	493	49300000	0	15
k16_51d8e3d4	chr16	494	49400000	0	15
k16_51d8e3d4	chr16	495	49500000	0	17
k16_51d8e3d4	chr16	496	49600000	0	18
k16_51d8e3d4	chr16	497	49700000	0	15
k16_51d8e3d4	chr16	498	49800000	0	9
k16_51d8e3d4	chr16	499	49900000	0	18
k16_51d8e3d4	chr16	500	50000000	0	17
k16_51d8e3d4	chr16	501	50100000	0	18
k16_51d8e3d4	chr16	502	50200000	0	16
k16_51d8e3d4	chr16	503	50300000	0	18
k16_51d8e3d4	chr16	504	50400000	0	17
k16_51d8e3d4	chr16	505	50500000	0	14
k16_51d8e3d4	chr16	506	50600000	0	10
k16_51d8e3d4	chr16	507	50700000	0	17
k16_51d8e3d4	chr16	508	50800000	0	17
k16_51d8e3d4	chr16	509	50900000	0	18
k16_51d8e3d4	chr16	510	51000000	0	15
k16_51d8e3d4	chr16	511	51100000	0	15
k16_51d8e3d4	chr16	512	51200000	0	17
k16_51d8e3d4	chr16	513	51300000	0	17
k16_51d8e3d4	chr16	514	51400000	0	18
k16_51d8e3d4	chr16	515	51500000	0	18
k16_51d8e3d4	chr16	516	51600000	0	17
k16_51d8e3d4	chr16	517	51700000	0	19
k16_51d8e3d4	chr16	518	51800000	0	17
k16_51d8e3d4	chr16	519	51900000	0	16
k16_51d8e3d4	chr16	520	52000000	0	15
k16_51d8e3d4	chr16	521	52100000	0	12
k16_51d8e3d4	chr16	522	52200000	0	2
k16_51d8e3d4	chr17	223	22300000	0	2
k16_51d8e3d4	chr22	168	16800000	0	3
k16_51d8e3d4	chr22	169	16900000	0	2
k16_51d8e3d4	chr22	170	17000000	0	2
k16_51da7e3d	chr2	893	89300000	0	1
k16_51da7e3d	chr2	903	90300000	0	1
k16_51da7e3d	chr4	490	49000000	0	1
k16_51da7e3d	chr5	496	49600000	0	1
k16_51da7e3d	chr5	497	49700000	0	3
k16_51da7e3d	chr9	485	48500000	0	2
k16_51da7e3d	chr9	486	48600000	0	1
k16_51da7e3d	chr9	487	48700000	0	1
k16_51da7e3d	chr9	496	49600000	0	2
k16_51da7e3d	chr9	511	51100000	0	2
k16_51da7e3d	chr9	515	51500000	0	2
k16_51da7e3d	chr9	516	51600000	0	2
k16_51da7e3d	chr9	539	53900000	0	1
k16_51da7e3d	chr9	545	54500000	0	1
k16_51da7e3d	chr9	553	55300000	0	1
k16_51da7e3d	chr9	560	56000000	0	1
k16_51da7e3d	chr9	562	56200000	0	1
k16_51da7e3d	chr9	563	56300000	0	2
k16_51da7e3d	chr9	564	56400000	0	1
k16_51da7e3d	chr9	565	56500000	0	2
k16_51da7e3d	chr9	568	56800000	0	2
k16_51da7e3d	chr9	575	57500000	0	1
k16_51da7e3d	chr9	576	57600000	0	1
k16_51da7e3d	chr9	578	57800000	0	2
k16_51da7e3d	chr9	579	57900000	0	1
k16_51da7e3d	chr9	587	58700000	0	1
k16_51da7e3d	chr9	596	59600000	0	1
k16_51da7e3d	chr9	627	62700000	0	1
k16_51da7e3d	chr9	633	63300000	0	1
k16_51da7e3d	chr9	636	63600000	0	1
k16_51da7e3d	chr9	638	63800000	0	4
k16_51da7e3d	chr9	644	64400000	0	1
k16_51da7e3d	chr9	659	65900000	0	1
k16_51da7e3d	chr9	666	66600000	0	1
k16_51da7e3d	chr9	668	66800000	0	1
k16_51da7e3d	chr9	669	66900000	0	1
k16_51da7e3d	chr9	670	67000000	0	1
k16_51da7e3d	chr9	671	67100000	0	2
k16_51da7e3d	chr9	674	67400000	0	2
k16_51da7e3d	chr9	682	68200000	0	2
k16_51da7e3d	chr9	684	68400000	0	1
k16_51da7e3d	chr9	685	68500000	0	2
k16_51da7e3d	chr9	693	69300000	0	1
k16_51da7e3d	chr9	702	70200000	0	1
k16_51da7e3d	chr9	715	71500000	0	1
k16_51da7e3d	chr9	719	71900000	0	1
k16_51da7e3d	chr9	729	72900000	0	1
k16_51da7e3d	chr9	738	73800000	0	1
k16_51da7e3d	chr9	744	74400000	0	2
k16_51da7e3d	chr9	745	74500000	0	1
k16_51da7e3d	chr9	749	74900000	0	2
k16_51da7e3d	chr9	757	75700000	0	2
k16_51da7e3d	chr9	763	76300000	0	1
k16_51da7e3d	chr10	423	42300000	0	1
k16_51da7e3d	chr13	102	10200000	0	20
k16_51da7e3d	chr13	103	10300000	0	5
k16_51da7e3d	chr14	9	900000	0	3
k16_51da7e3d	chr14	11	1100000	0	1
k16_51da7e3d	chr14	12	1200000	0	1
k16_51da7e3d	chr14	37	3700000	0	5
k16_51da7e3d	chr14	38	3800000	0	4
k16_51da7e3d	chr14	47	4700000	0	6
k16_51da7e3d	chr14	48	4800000	0	1
k16_51da7e3d	chr20	320	32000000	0	5
k16_51da7e3d	chr20	322	32200000	0	15
k16_51da7e3d	chr20	323	32300000	0	12
k16_51da7e3d	chr20	324	32400000	0	6
k16_51da7e3d	chr20	325	32500000	0	3
k16_51da7e3d	chr20	326	32600000	0	12
k16_51da7e3d	chr20	327	32700000	0	24
k16_51da7e3d	chr20	328	32800000	0	2
k16_51da7e3d	chr20	329	32900000	0	1
k16_51da7e3d	chr21	66	6600000	0	2
k16_51da7e3d	chr21	67	6700000	0	3
k16_51da7e3d	chr21	68	6800000	0	3
k16_51da7e3d	chr21	73	7300000	0	2
k16_51da7e3d	chr22	71	7100000	0	3
k16_51dabc3c	chr20	324	32400000	0	2
k16_51dabc3c	chr20	325	32500000	0	2
k16_51dabc3c	chr20	326	32600000	0	10
k16_51dabc3c	chr20	327	32700000	0	21
k16_53d43eac	chr1	1276	127600000	0	2
k16_53d43eac	chr7	1164	116400000	1	1
k16_53d43eac	chr9	485	48500000	0	2
k16_53d43eac	chr9	488	48800000	0	1
k16_53d43eac	chr10	385	38500000	0	1
k16_53d43eac	chr10	421	42100000	0	3
k16_53d43eac	chr10	422	42200000	0	17
k16_53d43eac	chr10	423	42300000	0	12
k16_562e83b4	chr5	496	49600000	0	7
k16_562e83b4	chr5	497	49700000	0	6
k16_562e83b4	chr9	485	48500000	0	1
k16_562e83b4	chr9	487	48700000	0	1
k16_562e83b4	chr9	514	51400000	0	1
k16_562e83b4	chr9	515	51500000	0	1
k16_562e83b4	chr9	569	56900000	0	1
k16_562e83b4	chr9	643	64300000	0	1
k16_562e83b4	chr9	645	64500000	0	1
k16_562e83b4	chr9	675	67500000	0	1
k16_562e83b4	chr13	1040	104000000	1	1
k16_583a0d74	chr1	1269	126900000	0	43
k16_583a0d74	chr1	1270	127000000	0	52
k16_583a0d74	chr1	1271	127100000	0	66
k16_583a0d74	chr1	1272	127200000	0	63
k16_583a0d74	chr1	1273	127300000	0	59
k16_583a0d74	chr1	1274	127400000	0	41
k16_583a0d74	chr1	1287	128700000	0	9
k16_583a0d74	chr1	1290	129000000	0	36
k16_583a0d74	chr1	1291	129100000	0	70
k16_583a0d74	chr1	1292	129200000	0	69
k16_583a0d74	chr1	1293	129300000	0	60
k16_583a0d74	chr1	1294	129400000	0	63
k16_583a0d74	chr1	1295	129500000	0	68
k16_583a0d74	chr1	1296	129600000	0	50
k16_583a0d74	chr1	1297	129700000	0	39
k16_583a0d74	chr1	1298	129800000	0	55
k16_583a0d74	chr1	1299	129900000	0	39
k16_583a0d74	chr1	1300	130000000	0	49
k16_583a0d74	chr1	1301	130100000	0	55
k16_583a0d74	chr1	1302	130200000	0	46
k16_583a0d74	chr1	1303	130300000	0	45
k16_583a0d74	chr1	1304	130400000	0	45
k16_583a0d74	chr1	1305	130500000	0	46
k16_583a0d74	chr1	1306	130600000	0	55
k16_583a0d74	chr1	1307	130700000	0	58
k16_583a0d74	chr1	1308	130800000	0	50
k16_583a0d74	chr1	1309	130900000	0	52
k16_583a0d74	chr1	1310	131000000	0	60
k16_583a0d74	chr1	1311	131100000	0	50
k16_583a0d74	chr1	1312	131200000	0	56
k16_583a0d74	chr1	1313	131300000	0	57
k16_583a0d74	chr1	1314	131400000	0	48
k16_583a0d74	chr1	1315	131500000	0	60
k16_583a0d74	chr1	1316	131600000	0	54
k16_583a0d74	chr1	1317	131700000	0	58
k16_583a0d74	chr1	1318	131800000	0	57
k16_583a0d74	chr1	1319	131900000	0	59
k16_583a0d74	chr1	1320	132000000	0	50
k16_583a0d74	chr1	1321	132100000	0	46
k16_583a0d74	chr1	1322	132200000	0	45
k16_583a0d74	chr1	1323	132300000	0	59
k16_583a0d74	chr1	1324	132400000	0	52
k16_583a0d74	chr1	1325	132500000	0	61
k16_583a0d74	chr1	1326	132600000	0	55
k16_583a0d74	chr1	1327	132700000	0	58
k16_583a0d74	chr1	1328	132800000	0	56
k16_583a0d74	chr1	1329	132900000	0	53
k16_583a0d74	chr1	1330	133000000	0	55
k16_583a0d74	chr1	1331	133100000	0	43
k16_583a0d74	chr1	1332	133200000	0	50
k16_583a0d74	chr1	1333	133300000	0	59
k16_583a0d74	chr1	1334	133400000	0	56
k16_583a0d74	chr1	1335	133500000	0	43
k16_583a0d74	chr1	1336	133600000	0	46
k16_583a0d74	chr1	1337	133700000	0	59
k16_583a0d74	chr1	1338	133800000	0	56
k16_583a0d74	chr1	1339	133900000	0	52
k16_583a0d74	chr1	1340	134000000	0	55
k16_583a0d74	chr1	1341	134100000	0	51
k16_583a0d74	chr1	1342	134200000	0	36
k16_583a0d74	chr1	1343	134300000	0	51
k16_583a0d74	chr1	1344	134400000	0	52
k16_583a0d74	chr1	1345	134500000	0	52
k16_583a0d74	chr1	1346	134600000	0	44
k16_583a0d74	chr1	1347	134700000	0	31
k16_583a0d74	chr1	1348	134800000	0	44
k16_583a0d74	chr1	1349	134900000	0	57
k16_583a0d74	chr1	1350	135000000	0	56
k16_583a0d74	chr1	1351	135100000	0	57
k16_583a0d74	chr1	1352	135200000	0	55
k16_583a0d74	chr1	1353	135300000	0	56
k16_583a0d74	chr1	1354	135400000	0	49
k16_583a0d74	chr1	1355	135500000	0	52
k16_583a0d74	chr1	1356	135600000	0	46
k16_583a0d74	chr1	1357	135700000	0	54
k16_583a0d74	chr1	1358	135800000	0	55
k16_583a0d74	chr1	1359	135900000	0	57
k16_583a0d74	chr1	1360	136000000	0	56
k16_583a0d74	chr1	1361	136100000	0	57
k16_583a0d74	chr1	1362	136200000	0	55
k16_583a0d74	chr1	1363	136300000	0	56
k16_583a0d74	chr1	1364	136400000	0	44
k16_583a0d74	chr1	1365	136500000	0	43
k16_583a0d74	chr1	1366	136600000	0	55
k16_583a0d74	chr1	1367	136700000	0	56
k16_583a0d74	chr1	1368	136800000	0	44
k16_583a0d74	chr1	1369	136900000	0	58
k16_583a0d74	chr1	1370	137000000	0	43
k16_583a0d74	chr1	1371	137100000	0	45
k16_583a0d74	chr1	1372	137200000	0	50
k16_583a0d74	chr1	1373	137300000	0	56
k16_583a0d74	chr1	1374	137400000	0	49
k16_583a0d74	chr1	1375	137500000	0	50
k16_583a0d74	chr1	1376	137600000	0	56
k16_583a0d74	chr1	1377	137700000	0	46
k16_583a0d74	chr1	1378	137800000	0	49
k16_583a0d74	chr1	1379	137900000	0	49
k16_583a0d74	chr1	1380	138000000	0	56
k16_583a0d74	chr1	1381	138100000	0	43
k16_583a0d74	chr1	1382	138200000	0	57
k16_583a0d74	chr1	1383	138300000	0	51
k16_583a0d74	chr1	1384	138400000	0	46
k16_583a0d74	chr1	1385	138500000	0	45
k16_583a0d74	chr1	1386	138600000	0	57
k16_583a0d74	chr1	1387	138700000	0	57
k16_583a0d74	chr1	1388	138800000	0	53
k16_583a0d74	chr1	1389	138900000	0	56
k16_583a0d74	chr1	1390	139000000	0	52
k16_583a0d74	chr1	1391	139100000	0	52
k16_583a0d74	chr1	1392	139200000	0	53
k16_583a0d74	chr1	1393	139300000	0	58
k16_583a0d74	chr1	1394	139400000	0	50
k16_583a0d74	chr1	1395	139500000	0	42
k16_583a0d74	chr1	1396	139600000	0	37
k16_583a0d74	chr1	1397	139700000	0	41
k16_583a0d74	chr1	1398	139800000	0	53
k16_583a0d74	chr1	1399	139900000	0	59
k16_583a0d74	chr1	1400	140000000	0	39
k16_583a0d74	chr1	1401	140100000	0	38
k16_583a0d74	chr1	1402	140200000	0	39
k16_583a0d74	chr1	1403	140300000	0	31
k16_583a0d74	chr1	1404	140400000	0	46
k16_583a0d74	chr1	1405	140500000	0	40
k16_583a0d74	chr1	1406	140600000	0	52
k16_583a0d74	chr1	1407	140700000	0	62
k16_583a0d74	chr1	1408	140800000	0	58
k16_583a0d74	chr1	1409	140900000	0	34
k16_583a0d74	chr1	1410	141000000	0	46
k16_583a0d74	chr1	1411	141100000	0	24
k16_583a0d74	chr1	1412	141200000	0	49
k16_583a0d74	chr1	1413	141300000	0	57
k16_583a0d74	chr1	1414	141400000	0	62
k16_583a0d74	chr1	1415	141500000	0	47
k16_583a0d74	chr1	1416	141600000	0	35
k16_583a0d74	chr1	1417	141700000	0	39
k16_583a0d74	chr1	1418	141800000	0	32
k16_583a0d74	chr1	1419	141900000	0	51
k16_583a0d74	chr1	1420	142000000	0	42
k16_583a0d74	chr1	1421	142100000	0	43
k16_583a0d74	chr1	1422	142200000	0	10
k16_583a0d74	chr2	915	91500000	0	1
k16_583a0d74	chr9	449	44900000	0	1
k16_583a0d74	chr10	420	42000000	0	3
k16_583a0d74	chr10	425	42500000	0	15
k16_583a0d74	chr10	426	42600000	0	38
k16_583a0d74	chr10	427	42700000	0	32
k16_583a0d74	chr10	428	42800000	0	37
k16_583a0d74	chr10	429	42900000	0	32
k16_583a0d74	chr16	391	39100000	0	1
k16_583a0d74	chr16	394	39400000	0	1
k16_583a0d74	chr16	398	39800000	0	1
k16_583a0d74	chr16	401	40100000	0	1
k16_60e83458	chr1	1268	126800000	0	1
k16_60e83458	chr1	1269	126900000	0	47
k16_60e83458	chr1	1270	127000000	0	66
k16_60e83458	chr1	1271	127100000	0	69
k16_60e83458	chr1	1272	127200000	0	64
k16_60e83458	chr1	1273	127300000	0	61
k16_60e83458	chr1	1274	127400000	0	47
k16_60e83458	chr1	1287	128700000	0	11
k16_60e83458	chr1	1288	128800000	0	1
k16_60e83458	chr1	1290	129000000	0	32
k16_60e83458	chr1	1291	129100000	0	66
k16_60e83458	chr1	1292	129200000	0	65
k16_60e83458	chr1	1293	129300000	0	69
k16_60e83458	chr1	1294	129400000	0	72
k16_60e83458	chr1	1295	129500000	0	67
k16_60e83458	chr1	1296	129600000	0	48
k16_60e83458	chr1	1297	129700000	0	39
k16_60e83458	chr1	1298	129800000	0	34
k16_60e83458	chr1	1299	129900000	0	44
k16_60e83458	chr1	1300	130000000	0	48
k16_60e83458	chr1	1301	130100000	0	44
k16_60e83458	chr1	1302	130200000	0	56
k16_60e83458	chr1	1303	130300000	0	55
k16_60e83458	chr1	1304	130400000	0	46
k16_60e83458	chr1	1305	130500000	0	41
k16_60e83458	chr1	1306	130600000	0	50
k16_60e83458	chr1	1307	130700000	0	45
k16_60e83458	chr1	1308	130800000	0	54
k16_60e83458	chr1	1309	130900000	0	55
k16_60e83458	chr1	1310	131000000	0	54
k16_60e83458	chr1	1311	131100000	0	46
k16_60e83458	chr1	1312	131200000	0	53
k16_60e83458	chr1	1313	131300000	0	55
k16_60e83458	chr1	1314	131400000	0	46
k16_60e83458	chr1	1315	131500000	0	48
k16_60e83458	chr1	1316	131600000	0	53
k16_60e83458	chr1	1317	131700000	0	55
k16_60e83458	chr1	1318	131800000	0	46
k16_60e83458	chr1	1319	131900000	0	55
k16_60e83458	chr1	1320	132000000	0	48
k16_60e83458	chr1	1321	132100000	0	44
k16_60e83458	chr1	1322	132200000	0	54
k16_60e83458	chr1	1323	132300000	0	52
k16_60e83458	chr1	1324	132400000	0	48
k16_60e83458	chr1	1325	132500000	0	49
k16_60e83458	chr1	1326	132600000	0	53
k16_60e83458	chr1	1327	132700000	0	50
k16_60e83458	chr1	1328	132800000	0	50
k16_60e83458	chr1	1329	132900000	0	52
k16_60e83458	chr1	1330	133000000	0	46
k16_60e83458	chr1	1331	133100000	0	45
k16_60e83458	chr1	1332	133200000	0	54
k16_60e83458	chr1	1333	133300000	0	55
k16_60e83458	chr1	1334	133400000	0	47
k16_60e83458	chr1	1335	133500000	0	44
k16_60e83458	chr1	1336	133600000	0	51
k16_60e83458	chr1	1337	133700000	0	54
k16_60e83458	chr1	1338	133800000	0	52
k16_60e83458	chr1	1339	133900000	0	49
k16_60e83458	chr1	1340	134000000	0	53
k16_60e83458	chr1	1341	134100000	0	42
k16_60e83458	chr1	1342	134200000	0	46
k16_60e83458	chr1	1343	134300000	0	47
k16_60e83458	chr1	1344	134400000	0	52
k16_60e83458	chr1	1345	134500000	0	51
k16_60e83458	chr1	1346	134600000	0	43
k16_60e83458	chr1	1347	134700000	0	49
k16_60e83458	chr1	1348	134800000	0	51
k16_60e83458	chr1	1349	134900000	0	55
k16_60e83458	chr1	1350	135000000	0	55
k16_60e83458	chr1	1351	135100000	0	53
k16_60e83458	chr1	1352	135200000	0	52
k16_60e83458	chr1	1353	135300000	0	51
k16_60e83458	chr1	1354	135400000	0	51
k16_60e83458	chr1	1355	135500000	0	47
k16_60e83458	chr1	1356	135600000	0	42
k16_60e83458	chr1	1357	135700000	0	44
k16_60e83458	chr1	1358	135800000	0	52
k16_60e83458	chr1	1359	135900000	0	55
k16_60e83458	chr1	1360	136000000	0	55
k16_60e83458	chr1	1361	136100000	0	56
k16_60e83458	chr1	1362	136200000	0	51
k16_60e83458	chr1	1363	136300000	0	51
k16_60e83458	chr1	1364	136400000	0	42
k16_60e83458	chr1	1365	136500000	0	46
k16_60e83458	chr1	1366	136600000	0	48
k16_60e83458	chr1	1367	136700000	0	66
k16_60e83458	chr1	1368	136800000	0	53
k16_60e83458	chr1	1369	136900000	0	49
k16_60e83458	chr1	1370	137000000	0	47
k16_60e83458	chr1	1371	137100000	0	50
k16_60e83458	chr1	1372	137200000	0	56
k16_60e83458	chr1	1373	137300000	0	52
k16_60e83458	chr1	1374	137400000	0	59
k16_60e83458	chr1	1375	137500000	0	52
k16_60e83458	chr1	1376	137600000	0	57
k16_60e83458	chr1	1377	137700000	0	55
k16_60e83458	chr1	1378	137800000	0	51
k16_60e83458	chr1	1379	137900000	0	52
k16_60e83458	chr1	1380	138000000	0	57
k16_60e83458	chr1	1381	138100000	0	53
k16_60e83458	chr1	1382	138200000	0	49
k16_60e83458	chr1	1383	138300000	0	49
k16_60e83458	chr1	1384	138400000	0	54
k16_60e83458	chr1	1385	138500000	0	52
k16_60e83458	chr1	1386	138600000	0	52
k16_60e83458	chr1	1387	138700000	0	47
k16_60e83458	chr1	1388	138800000	0	50
k16_60e83458	chr1	1389	138900000	0	54
k16_60e83458	chr1	1390	139000000	0	48
k16_60e83458	chr1	1391	139100000	0	48
k16_60e83458	chr1	1392	139200000	0	58
k16_60e83458	chr1	1393	139300000	0	48
k16_60e83458	chr1	1394	139400000	0	49
k16_60e83458	chr1	1395	139500000	0	55
k16_60e83458	chr1	1396	139600000	0	40
k16_60e83458	chr1	1397	139700000	0	44
k16_60e83458	chr1	1398	139800000	0	50
k16_60e83458	chr1	1399	139900000	0	51
k16_60e83458	chr1	1400	140000000	0	32
k16_60e83458	chr1	1401	140100000	0	42
k16_60e83458	chr1	1402	140200000	0	47
k16_60e83458	chr1	1403	140300000	0	47
k16_60e83458	chr1	1404	140400000	0	50
k16_60e83458	chr1	1405	140500000	0	36
k16_60e83458	chr1	1406	140600000	0	50
k16_60e83458	chr1	1407	140700000	0	46
k16_60e83458	chr1	1408	140800000	0	50
k16_60e83458	chr1	1409	140900000	0	37
k16_60e83458	chr1	1410	141000000	0	49
k16_60e83458	chr1	1411	141100000	0	47
k16_60e83458	chr1	1412	141200000	0	51
k16_60e83458	chr1	1413	141300000	0	45
k16_60e83458	chr1	1414	141400000	0	48
k16_60e83458	chr1	1415	141500000	0	46
k16_60e83458	chr1	1416	141600000	0	40
k16_60e83458	chr1	1417	141700000	0	49
k16_60e83458	chr1	1418	141800000	0	46
k16_60e83458	chr1	1419	141900000	0	50
k16_60e83458	chr1	1420	142000000	0	39
k16_60e83458	chr1	1421	142100000	0	42
k16_60e83458	chr1	1422	142200000	0	22
k16_60e83458	chr2	898	89800000	0	1
k16_60e83458	chr2	914	91400000	0	3
k16_60e83458	chr7	582	58200000	0	1
k16_60e83458	chr7	583	58300000	0	2
k16_60e83458	chr7	586	58600000	0	2
k16_60e83458	chr7	588	58800000	0	1
k16_60e83458	chr7	589	58900000	0	1
k16_60e83458	chr7	590	59000000	0	2
k16_60e83458	chr7	591	59100000	0	2
k16_60e83458	chr7	592	59200000	0	5
k16_60e83458	chr7	593	59300000	0	1
k16_60e83458	chr7	598	59800000	0	2
k16_60e83458	chr7	599	59900000	0	1
k16_60e83458	chr7	600	60000000	0	2
k16_60e83458	chr9	449	44900000	0	2
k16_60e83458	chr10	420	42000000	0	8
k16_60e83458	chr10	425	42500000	0	24
k16_60e83458	chr10	426	42600000	0	49
k16_60e83458	chr10	427	42700000	0	42
k16_60e83458	chr10	428	42800000	0	96
k16_60e83458	chr10	429	42900000	0	66
k16_60e83458	chr16	379	37900000	0	7
k16_60e83458	chr16	393	39300000	0	1
k16_60e83458	chr16	394	39400000	0	2
k16_60e83458	chr16	398	39800000	0	1
k16_60e83458	chr16	399	39900000	0	2
k16_60e83458	chr16	400	40000000	0	2
k16_60e83458	chr16	401	40100000	0	2
k16_60e83458	chr16	405	40500000	0	1
k16_60e83458	chr16	407	40700000	0	1
k16_60e83458	chr16	428	42800000	0	1
k16_60e83458	chr16	437	43700000	0	1
k16_60e83458	chr16	438	43800000	0	2
k16_60e83458	chr16	451	45100000	0	1
k16_60e83458	chr16	452	45200000	0	3
k16_60e83458	chr16	457	45700000	0	1
k16_60e83458	chr16	458	45800000	0	2
k16_60e83458	chr16	472	47200000	0	1
k16_60e83458	chr16	473	47300000	0	2
k16_60e83458	chr16	482	48200000	0	1
k16_60e83458	chr16	488	48800000	0	3
k16_60e83458	chr16	490	49000000	0	1
k16_60e83458	chr16	515	51500000	0	1
k16_60e83458	chr16	517	51700000	0	1
k16_60e83458	chr16	522	52200000	0	1
k16_60e83458	chr17	222	22200000	0	1
k16_60e83458	chr17	223	22300000	0	6
k16_60e83458	chr22	168	16800000	0	2
k16_60e83458	chr22	169	16900000	0	2
k16_60e83458	chr22	170	17000000	0	1
k16_60e836d1	chr1	1291	129100000	0	2
k16_60e836d1	chr2	909	90900000	0	1
k16_60e836d1	chr7	592	59200000	0	1
k16_60e836d1	chr10	425	42500000	0	1
k16_60e836d1	chr10	426	42600000	0	15
k16_60e836d1	chr10	427	42700000	0	7
k16_60e836d1	chr10	428	42800000	0	44
k16_60e836d1	chr10	429	42900000	0	28
k16_6214f638	chr1	1269	126900000	0	47
k16_6214f638	chr1	1270	127000000	0	59
k16_6214f638	chr1	1271	127100000	0	68
k16_6214f638	chr1	1272	127200000	0	80
k16_6214f638	chr1	1273	127300000	0	71
k16_6214f638	chr1	1274	127400000	0	126
k16_6214f638	chr1	1287	128700000	0	21
k16_6214f638	chr1	1288	128800000	0	1
k16_6214f638	chr1	1290	129000000	0	53
k16_6214f638	chr1	1291	129100000	0	71
k16_6214f638	chr1	1292	129200000	0	68
k16_6214f638	chr1	1293	129300000	0	62
k16_6214f638	chr1	1294	129400000	0	68
k16_6214f638	chr1	1295	129500000	0	67
k16_6214f638	chr1	1296	129600000	0	92
k16_6214f638	chr1	1297	129700000	0	150
k16_6214f638	chr1	1298	129800000	0	149
k16_6214f638	chr1	1299	129900000	0	159
k16_6214f638	chr1	1300	130000000	0	148
k16_6214f638	chr1	1301	130100000	0	146
k16_6214f638	chr1	1302	130200000	0	136
k16_6214f638	chr1	1303	130300000	0	160
k16_6214f638	chr1	1304	130400000	0	156
k16_6214f638	chr1	1305	130500000	0	154
k16_6214f638	chr1	1306	130600000	0	151
k16_6214f638	chr1	1307	130700000	0	161
k16_6214f638	chr1	1308	130800000	0	145
k16_6214f638	chr1	1309	130900000	0	145
k16_6214f638	chr1	1310	131000000	0	153
k16_6214f638	chr1	1311	131100000	0	156
k16_6214f638	chr1	1312	131200000	0	150
k16_6214f638	chr1	1313	131300000	0	139
k16_6214f638	chr1	1314	131400000	0	158
k16_6214f638	chr1	1315	131500000	0	153
k16_6214f638	chr1	1316	131600000	0	151
k16_6214f638	chr1	1317	131700000	0	141
k16_6214f638	chr1	1318	131800000	0	146
k16_6214f638	chr1	1319	131900000	0	152
k16_6214f638	chr1	1320	132000000	0	158
k16_6214f638	chr1	1321	132100000	0	159
k16_6214f638	chr1	1322	132200000	0	161
k16_6214f638	chr1	1323	132300000	0	157
k16_6214f638	chr1	1324	132400000	0	157
k16_6214f638	chr1	1325	132500000	0	153
k16_6214f638	chr1	1326	132600000	0	143
k16_6214f638	chr1	1327	132700000	0	148
k16_6214f638	chr1	1328	132800000	0	145
k16_6214f638	chr1	1329	132900000	0	154
k16_6214f638	chr1	1330	133000000	0	159
k16_6214f638	chr1	1331	133100000	0	151
k16_6214f638	chr1	1332	133200000	0	162
k16_6214f638	chr1	1333	133300000	0	148
k16_6214f638	chr1	1334	133400000	0	161
k16_6214f638	chr1	1335	133500000	0	156
k16_6214f638	chr1	1336	133600000	0	155
k16_6214f638	chr1	1337	133700000	0	153
k16_6214f638	chr1	1338	133800000	0	149
k16_6214f638	chr1	1339	133900000	0	161
k16_6214f638	chr1	1340	134000000	0	149
k16_6214f638	chr1	1341	134100000	0	162
k16_6214f638	chr1	1342	134200000	0	141
k16_6214f638	chr1	1343	134300000	0	137
k16_6214f638	chr1	1344	134400000	0	162
k16_6214f638	chr1	1345	134500000	0	148
k16_6214f638	chr1	1346	134600000	0	160
k16_6214f638	chr1	1347	134700000	0	136
k16_6214f638	chr1	1348	134800000	0	166
k16_6214f638	chr1	1349	134900000	0	158
k16_6214f638	chr1	1350	135000000	0	157
k16_6214f638	chr1	1351	135100000	0	160
k16_6214f638	chr1	1352	135200000	0	154
k16_6214f638	chr1	1353	135300000	0	163
k16_6214f638	chr1	1354	135400000	0	153
k16_6214f638	chr1	1355	135500000	0	147
k16_6214f638	chr1	1356	135600000	0	159
k16_6214f638	chr1	1357	135700000	0	158
k16_6214f638	chr1	1358	135800000	0	146
k16_6214f638	chr1	1359	135900000	0	150
k16_6214f638	chr1	1360	136000000	0	159
k16_6214f638	chr1	1361	136100000	0	149
k16_6214f638	chr1	1362	136200000	0	137
k16_6214f638	chr1	1363	136300000	0	152
k16_6214f638	chr1	1364	136400000	0	162
k16_6214f638	chr1	1365	136500000	0	141
k16_6214f638	chr1	1366	136600000	0	138
k16_6214f638	chr1	1367	136700000	0	146
k16_6214f638	chr1	1368	136800000	0	131
k16_6214f638	chr1	1369	136900000	0	142
k16_6214f638	chr1	1370	137000000	0	142
k16_6214f638	chr1	1371	137100000	0	134
k16_6214f638	chr1	1372	137200000	0	140
k16_6214f638	chr1	1373	137300000	0	140
k16_6214f638	chr1	1374	137400000	0	135
k16_6214f638	chr1	1375	137500000	0	136
k16_6214f638	chr1	1376	137600000	0	151
k16_6214f638	chr1	1377	137700000	0	156
k16_6214f638	chr1	1378	137800000	0	148
k16_6214f638	chr1	1379	137900000	0	139
k16_6214f638	chr1	1380	138000000	0	146
k16_6214f638	chr1	1381	138100000	0	163
k16_6214f638	chr1	1382	138200000	0	159
k16_6214f638	chr1	1383	138300000	0	150
k16_6214f638	chr1	1384	138400000	0	152
k16_6214f638	chr1	1385	138500000	0	173
k16_6214f638	chr1	1386	138600000	0	159
k16_6214f638	chr1	1387	138700000	0	156
k16_6214f638	chr1	1388	138800000	0	157
k16_6214f638	chr1	1389	138900000	0	135
k16_6214f638	chr1	1390	139000000	0	159
k16_6214f638	chr1	1391	139100000	0	155
k16_6214f638	chr1	1392	139200000	0	152
k16_6214f638	chr1	1393	139300000	0	153
k16_6214f638	chr1	1394	139400000	0	157
k16_6214f638	chr1	1395	139500000	0	164
k16_6214f638	chr1	1396	139600000	0	152
k16_6214f638	chr1	1397	139700000	0	150
k16_6214f638	chr1	1398	139800000	0	153
k16_6214f638	chr1	1399	139900000	0	164
k16_6214f638	chr1	1400	140000000	0	145
k16_6214f638	chr1	1401	140100000	0	143
k16_6214f638	chr1	1402	140200000	0	146
k16_6214f638	chr1	1403	140300000	0	151
k16_6214f638	chr1	1404	140400000	0	173
k16_6214f638	chr1	1405	140500000	0	150
k16_6214f638	chr1	1406	140600000	0	142
k16_6214f638	chr1	1407	140700000	0	160
k16_6214f638	chr1	1408	140800000	0	158
k16_6214f638	chr1	1409	140900000	0	145
k16_6214f638	chr1	1410	141000000	0	150
k16_6214f638	chr1	1411	141100000	0	156
k16_6214f638	chr1	1412	141200000	0	168
k16_6214f638	chr1	1413	141300000	0	150
k16_6214f638	chr1	1414	141400000	0	157
k16_6214f638	chr1	1415	141500000	0	157
k16_6214f638	chr1	1416	141600000	0	151
k16_6214f638	chr1	1417	141700000	0	150
k16_6214f638	chr1	1418	141800000	0	158
k16_6214f638	chr1	1419	141900000	0	161
k16_6214f638	chr1	1420	142000000	0	149
k16_6214f638	chr1	1421	142100000	0	135
k16_6214f638	chr1	1422	142200000	0	42
k16_6214f638	chr2	898	89800000	0	2
k16_6214f638	chr2	914	91400000	0	3
k16_6214f638	chr2	922	92200000	0	2
k16_6214f638	chr3	1996	199600000	1	1
k16_6214f638	chr7	582	58200000	0	1
k16_6214f638	chr7	583	58300000	0	2
k16_6214f638	chr7	591	59100000	0	1
k16_6214f638	chr7	592	59200000	0	1
k16_6214f638	chr7	593	59300000	0	1
k16_6214f638	chr7	598	59800000	0	2
k16_6214f638	chr7	600	60000000	0	1
k16_6214f638	chr9	449	44900000	0	4
k16_6214f638	chr10	420	42000000	0	9
k16_6214f638	chr10	425	42500000	0	42
k16_6214f638	chr10	426	42600000	0	93
k16_6214f638	chr10	427	42700000	0	101
k16_6214f638	chr10	428	42800000	0	124
k16_6214f638	chr10	429	42900000	0	101
k16_6214f638	chr16	392	39200000	0	1
k16_6214f638	chr16	393	39300000	0	1
k16_6214f638	chr16	394	39400000	0	2
k16_6214f638	chr16	398	39800000	0	1
k16_6214f638	chr16	417	41700000	0	1
k16_6214f638	chr16	418	41800000	0	1
k16_6214f638	chr16	501	50100000	0	1
k16_6214f638	chr16	506	50600000	0	1
k16_6214f638	chr16	507	50700000	0	1
k16_6214f638	chr16	522	52200000	0	2
k16_6214f638	chr17	223	22300000	0	4
k16_6214f638	chr22	168	16800000	0	1
k16_6214f638	chr22	169	16900000	0	2
k16_6214f638	chr22	170	17000000	0	2
k16_62e83a02	chr1	1275	127500000	0	2
k16_62e83a02	chr1	1280	128000000	0	10
k16_62e83a02	chr1	1286	128600000	0	2
k16_62e83a02	chr2	893	89300000	0	4
k16_62e83a02	chr2	903	90300000	0	4
k16_62e83a02	chr5	495	49500000	0	1
k16_62e83a02	chr5	496	49600000	0	107
k16_62e83a02	chr5	497	49700000	0	71
k16_62e83a02	chr5	498	49800000	0	77
k16_62e83a02	chr5	499	49900000	0	22
k16_62e83a02	chr7	583	58300000	0	2
k16_62e83a02	chr7	584	58400000	0	30
k16_62e83a02	chr7	585	58500000	0	4
k16_62e83a02	chr7	587	58700000	0	8
k16_62e83a02	chr7	589	58900000	0	4
k16_62e83a02	chr7	590	59000000	0	3
k16_62e83a02	chr9	484	48400000	0	19
k16_62e83a02	chr9	485	48500000	0	63
k16_62e83a02	chr9	486	48600000	0	82
k16_62e83a02	chr9	487	48700000	0	40
k16_62e83a02	chr9	488	48800000	0	1
k16_62e83a02	chr9	490	49000000	0	24
k16_62e83a02	chr9	491	49100000	0	59
k16_62e83a02	chr9	492	49200000	0	29
k16_62e83a02	chr9	493	49300000	0	30
k16_62e83a02	chr9	494	49400000	0	23
k16_62e83a02	chr9	495	49500000	0	27
k16_62e83a02	chr9	496	49600000	0	21
k16_62e83a02	chr9	497	49700000	0	17
k16_62e83a02	chr9	498	49800000	0	13
k16_62e83a02	chr9	499	49900000	0	19
k16_62e83a02	chr9	500	50000000	0	21
k16_62e83a02	chr9	501	50100000	0	13
k16_62e83a02	chr9	502	50200000	0	23
k16_62e83a02	chr9	503	50300000	0	21
k16_62e83a02	chr9	504	50400000	0	9
k16_62e83a02	chr9	505	50500000	0	20
k16_62e83a02	chr9	506	50600000	0	22
k16_62e83a02	chr9	507	50700000	0	23
k16_62e83a02	chr9	508	50800000	0	19
k16_62e83a02	chr9	509	50900000	0	26
k16_62e83a02	chr9	510	51000000	0	36
k16_62e83a02	chr9	511	51100000	0	26
k16_62e83a02	chr9	512	51200000	0	35
k16_62e83a02	chr9	513	51300000	0	37
k16_62e83a02	chr9	514	51400000	0	23
k16_62e83a02	chr9	515	51500000	0	31
k16_62e83a02	chr9	516	51600000	0	22
k16_62e83a02	chr9	517	51700000	0	22
k16_62e83a02	chr9	518	51800000	0	19
k16_62e83a02	chr9	519	51900000	0	17
k16_62e83a02	chr9	520	52000000	0	19
k16_62e83a02	chr9	521	52100000	0	30
k16_62e83a02	chr9	522	52200000	0	22
k16_62e83a02	chr9	523	52300000	0	13
k16_62e83a02	chr9	524	52400000	0	11
k16_62e83a02	chr9	525	52500000	0	29
k16_62e83a02	chr9	526	52600000	0	24
k16_62e83a02	chr9	527	52700000	0	16
k16_62e83a02	chr9	528	52800000	0	28
k16_62e83a02	chr9	529	52900000	0	19
k16_62e83a02	chr9	530	53000000	0	33
k16_62e83a02	chr9	531	53100000	0	34
k16_62e83a02	chr9	532	53200000	0	20
k16_62e83a02	chr9	533	53300000	0	14
k16_62e83a02	chr9	534	53400000	0	14
k16_62e83a02	chr9	535	53500000	0	28
k16_62e83a02	chr9	536	53600000	0	17
k16_62e83a02	chr9	537	53700000	0	26
k16_62e83a02	chr9	538	53800000	0	16
k16_62e83a02	chr9	539	53900000	0	26
k16_62e83a02	chr9	540	54000000	0	26
k16_62e83a02	chr9	541	54100000	0	21
k16_62e83a02	chr9	542	54200000	0	19
k16_62e83a02	chr9	543	54300000	0	30
k16_62e83a02	chr9	544	54400000	0	13
k16_62e83a02	chr9	545	54500000	0	23
k16_62e83a02	chr9	546	54600000	0	24
k16_62e83a02	chr9	547	54700000	0	20
k16_62e83a02	chr9	548	54800000	0	19
k16_62e83a02	chr9	549	54900000	0	22
k16_62e83a02	chr9	550	55000000	0	25
k16_62e83a02	chr9	551	55100000	0	18
k16_62e83a02	chr9	552	55200000	0	27
k16_62e83a02	chr9	553	55300000	0	20
k16_62e83a02	chr9	554	55400000	0	32
k16_62e83a02	chr9	555	55500000	0	20
k16_62e83a02	chr9	556	55600000	0	16
k16_62e83a02	chr9	557	55700000	0	18
k16_62e83a02	chr9	558	55800000	0	18
k16_62e83a02	chr9	559	55900000	0	27
k16_62e83a02	chr9	560	56000000	0	25
k16_62e83a02	chr9	561	56100000	0	30
k16_62e83a02	chr9	562	56200000	0	24
k16_62e83a02	chr9	563	56300000	0	36
k16_62e83a02	chr9	564	56400000	0	31
k16_62e83a02	chr9	565	56500000	0	20
k16_62e83a02	chr9	566	56600000	0	24
k16_62e83a02	chr9	567	56700000	0	23
k16_62e83a02	chr9	568	56800000	0	24
k16_62e83a02	chr9	569	56900000	0	32
k16_62e83a02	chr9	570	57000000	0	21
k16_62e83a02	chr9	571	57100000	0	14
k16_62e83a02	chr9	572	57200000	0	28
k16_62e83a02	chr9	573	57300000	0	22
k16_62e83a02	chr9	574	57400000	0	21
k16_62e83a02	chr9	575	57500000	0	19
k16_62e83a02	chr9	576	57600000	0	23
k16_62e83a02	chr9	577	57700000	0	15
k16_62e83a02	chr9	578	57800000	0	24
k16_62e83a02	chr9	579	57900000	0	20
k16_62e83a02	chr9	580	58000000	0	25
k16_62e83a02	chr9	581	58100000	0	12
k16_62e83a02	chr9	582	58200000	0	10
k16_62e83a02	chr9	583	58300000	0	18
k16_62e83a02	chr9	584	58400000	0	29
k16_62e83a02	chr9	585	58500000	0	18
k16_62e83a02	chr9	586	58600000	0	24
k16_62e83a02	chr9	587	58700000	0	24
k16_62e83a02	chr9	588	58800000	0	16
k16_62e83a02	chr9	589	58900000	0	22
k16_62e83a02	chr9	590	59000000	0	25
k16_62e83a02	chr9	591	59100000	0	27
k16_62e83a02	chr9	592	59200000	0	16
k16_62e83a02	chr9	593	59300000	0	36
k16_62e83a02	chr9	594	59400000	0	26
k16_62e83a02	chr9	595	59500000	0	29
k16_62e83a02	chr9	596	59600000	0	28
k16_62e83a02	chr9	597	59700000	0	22
k16_62e83a02	chr9	598	59800000	0	30
k16_62e83a02	chr9	599	59900000	0	26
k16_62e83a02	chr9	600	60000000	0	18
k16_62e83a02	chr9	601	60100000	0	22
k16_62e83a02	chr9	602	60200000	0	18
k16_62e83a02	chr9	603	60300000	0	31
k16_62e83a02	chr9	604	60400000	0	22
k16_62e83a02	chr9	605	60500000	0	14
k16_62e83a02	chr9	606	60600000	0	26
k16_62e83a02	chr9	607	60700000	0	19
k16_62e83a02	chr9	608	60800000	0	26
k16_62e83a02	chr9	609	60900000	0	19
k16_62e83a02	chr9	610	61000000	0	17
k16_62e83a02	chr9	611	61100000	0	13
k16_62e83a02	chr9	612	61200000	0	19
k16_62e83a02	chr9	613	61300000	0	26
k16_62e83a02	chr9	614	61400000	0	22
k16_62e83a02	chr9	615	61500000	0	19
k16_62e83a02	chr9	616	61600000	0	27
k16_62e83a02	chr9	617	61700000	0	25
k16_62e83a02	chr9	618	61800000	0	41
k16_62e83a02	chr9	619	61900000	0	21
k16_62e83a02	chr9	620	62000000	0	15
k16_62e83a02	chr9	621	62100000	0	25
k16_62e83a02	chr9	622	62200000	0	16
k16_62e83a02	chr9	623	62300000	0	20
k16_62e83a02	chr9	624	62400000	0	26
k16_62e83a02	chr9	625	62500000	0	16
k16_62e83a02	chr9	626	62600000	0	25
k16_62e83a02	chr9	627	62700000	0	24
k16_62e83a02	chr9	628	62800000	0	21
k16_62e83a02	chr9	629	62900000	0	26
k16_62e83a02	chr9	630	63000000	0	18
k16_62e83a02	chr9	631	63100000	0	26
k16_62e83a02	chr9	632	63200000	0	14
k16_62e83a02	chr9	633	63300000	0	22
k16_62e83a02	chr9	634	63400000	0	26
k16_62e83a02	chr9	635	63500000	0	10
k16_62e83a02	chr9	636	63600000	0	24
k16_62e83a02	chr9	637	63700000	0	29
k16_62e83a02	chr9	638	63800000	0	17
k16_62e83a02	chr9	639	63900000	0	17
k16_62e83a02	chr9	640	64000000	0	14
k16_62e83a02	chr9	641	64100000	0	13
k16_62e83a02	chr9	642	64200000	0	28
k16_62e83a02	chr9	643	64300000	0	21
k16_62e83a02	chr9	644	64400000	0	15
k16_62e83a02	chr9	645	64500000	0	18
k16_62e83a02	chr9	646	64600000	0	18
k16_62e83a02	chr9	647	64700000	0	25
k16_62e83a02	chr9	648	64800000	0	13
k16_62e83a02	chr9	649	64900000	0	12
k16_62e83a02	chr9	650	65000000	0	23
k16_62e83a02	chr9	651	65100000	0	28
k16_62e83a02	chr9	652	65200000	0	26
k16_62e83a02	chr9	653	65300000	0	17
k16_62e83a02	chr9	654	65400000	0	20
k16_62e83a02	chr9	655	65500000	0	28
k16_62e83a02	chr9	656	65600000	0	18
k16_62e83a02	chr9	657	65700000	0	22
k16_62e83a02	chr9	658	65800000	0	24
k16_62e83a02	chr9	659	65900000	0	26
k16_62e83a02	chr9	660	66000000	0	27
k16_62e83a02	chr9	661	66100000	0	22
k16_62e83a02	chr9	662	66200000	0	17
k16_62e83a02	chr9	663	66300000	0	19
k16_62e83a02	chr9	664	66400000	0	18
k16_62e83a02	chr9	665	66500000	0	27
k16_62e83a02	chr9	666	66600000	0	23
k16_62e83a02	chr9	667	66700000	0	32
k16_62e83a02	chr9	668	66800000	0	28
k16_62e83a02	chr9	669	66900000	0	32
k16_62e83a02	chr9	670	67000000	0	28
k16_62e83a02	chr9	671	67100000	0	20
k16_62e83a02	chr9	672	67200000	0	27
k16_62e83a02	chr9	673	67300000	0	23
k16_62e83a02	chr9	674	67400000	0	21
k16_62e83a02	chr9	675	67500000	0	35
k16_62e83a02	chr9	676	67600000	0	18
k16_62e83a02	chr9	677	67700000	0	19
k16_62e83a02	chr9	678	67800000	0	25
k16_62e83a02	chr9	679	67900000	0	23
k16_62e83a02	chr9	680	68000000	0	16
k16_62e83a02	chr9	681	68100000	0	24
k16_62e83a02	chr9	682	68200000	0	23
k16_62e83a02	chr9	683	68300000	0	17
k16_62e83a02	chr9	684	68400000	0	23
k16_62e83a02	chr9	685	68500000	0	19
k16_62e83a02	chr9	686	68600000	0	21
k16_62e83a02	chr9	687	68700000	0	16
k16_62e83a02	chr9	688	68800000	0	11
k16_62e83a02	chr9	689	68900000	0	19
k16_62e83a02	chr9	690	69000000	0	27
k16_62e83a02	chr9	691	69100000	0	20
k16_62e83a02	chr9	692	69200000	0	29
k16_62e83a02	chr9	693	69300000	0	15
k16_62e83a02	chr9	694	69400000	0	16
k16_62e83a02	chr9	695	69500000	0	26
k16_62e83a02	chr9	696	69600000	0	19
k16_62e83a02	chr9	697	69700000	0	32
k16_62e83a02	chr9	698	69800000	0	15
k16_62e83a02	chr9	699	69900000	0	26
k16_62e83a02	chr9	700	70000000	0	36
k16_62e83a02	chr9	701	70100000	0	28
k16_62e83a02	chr9	702	70200000	0	27
k16_62e83a02	chr9	703	70300000	0	22
k16_62e83a02	chr9	704	70400000	0	35
k16_62e83a02	chr9	705	70500000	0	19
k16_62e83a02	chr9	706	70600000	0	22
k16_62e83a02	chr9	707	70700000	0	17
k16_62e83a02	chr9	708	70800000	0	19
k16_62e83a02	chr9	709	70900000	0	31
k16_62e83a02	chr9	710	71000000	0	22
k16_62e83a02	chr9	711	71100000	0	16
k16_62e83a02	chr9	712	71200000	0	24
k16_62e83a02	chr9	713	71300000	0	23
k16_62e83a02	chr9	714	71400000	0	23
k16_62e83a02	chr9	715	71500000	0	17
k16_62e83a02	chr9	716	71600000	0	25
k16_62e83a02	chr9	717	71700000	0	15
k16_62e83a02	chr9	718	71800000	0	26
k16_62e83a02	chr9	719	71900000	0	28
k16_62e83a02	chr9	720	72000000	0	23
k16_62e83a02	chr9	721	72100000	0	12
k16_62e83a02	chr9	722	72200000	0	28
k16_62e83a02	chr9	723	72300000	0	23
k16_62e83a02	chr9	724	72400000	0	29
k16_62e83a02	chr9	725	72500000	0	17
k16_62e83a02	chr9	726	72600000	0	32
k16_62e83a02	chr9	727	72700000	0	29
k16_62e83a02	chr9	728	72800000	0	28
k16_62e83a02	chr9	729	72900000	0	22
k16_62e83a02	chr9	730	73000000	0	28
k16_62e83a02	chr9	731	73100000	0	27
k16_62e83a02	chr9	732	73200000	0	28
k16_62e83a02	chr9	733	73300000	0	29
k16_62e83a02	chr9	734	73400000	0	16
k16_62e83a02	chr9	735	73500000	0	23
k16_62e83a02	chr9	736	73600000	0	24
k16_62e83a02	chr9	737	73700000	0	24
k16_62e83a02	chr9	738	73800000	0	28
k16_62e83a02	chr9	739	73900000	0	22
k16_62e83a02	chr9	740	74000000	0	26
k16_62e83a02	chr9	741	74100000	0	22
k16_62e83a02	chr9	742	74200000	0	22
k16_62e83a02	chr9	743	74300000	0	11
k16_62e83a02	chr9	744	74400000	0	18
k16_62e83a02	chr9	745	74500000	0	25
k16_62e83a02	chr9	746	74600000	0	15
k16_62e83a02	chr9	747	74700000	0	27
k16_62e83a02	chr9	748	74800000	0	18
k16_62e83a02	chr9	749	74900000	0	14
k16_62e83a02	chr9	750	75000000	0	25
k16_62e83a02	chr9	751	75100000	0	21
k16_62e83a02	chr9	752	75200000	0	12
k16_62e83a02	chr9	753	75300000	0	28
k16_62e83a02	chr9	754	75400000	0	27
k16_62e83a02	chr9	755	75500000	0	25
k16_62e83a02	chr9	756	75600000	0	26
k16_62e83a02	chr9	757	75700000	0	20
k16_62e83a02	chr9	758	75800000	0	24
k16_62e83a02	chr9	759	75900000	0	31
k16_62e83a02	chr9	760	76000000	0	10
k16_62e83a02	chr9	761	76100000	0	21
k16_62e83a02	chr9	762	76200000	0	24
k16_62e83a02	chr9	763	76300000	0	24
k16_62e83a02	chr9	764	76400000	0	26
k16_62e83a02	chr9	765	76500000	0	19
k16_62e83a02	chr10	420	42000000	0	1
k16_62e83a02	chr10	421	42100000	0	1
k16_62e83a02	chr10	422	42200000	0	9
k16_62e83a02	chr10	423	42300000	0	7
k16_62e83a02	chr10	424	42400000	0	8
k16_62e83a02	chr13	98	9800000	0	4
k16_62e83a02	chr13	103	10300000	0	7
k16_62e83a02	chr13	104	10400000	0	1
k16_62e83a02	chr13	118	11800000	0	4
k16_62e83a02	chr13	132	13200000	0	3
k16_62e83a02	chr13	134	13400000	0	1
k16_62e83a02	chr14	7	700000	0	1
k16_62e83a02	chr14	9	900000	0	2
k16_62e83a02	chr14	10	1000000	0	5
k16_62e83a02	chr14	11	1100000	0	8
k16_62e83a02	chr14	12	1200000	0	3
k16_62e83a02	chr14	32	3200000	0	2
k16_62e83a02	chr14	33	3300000	0	2
k16_62e83a02	chr14	37	3700000	0	2
k16_62e83a02	chr14	38	3800000	0	3
k16_62e83a02	chr14	39	3900000	0	1
k16_62e83a02	chr14	47	4700000	0	1
k16_62e83a02	chr14	54	5400000	0	2
k16_62e83a02	chr14	58	5800000	0	1
k16_62e83a02	chr14	60	6000000	0	1
k16_62e83a02	chr14	62	6200000	0	3
k16_62e83a02	chr14	73	7300000	0	1
k16_62e83a02	chr14	74	7400000	0	4
k16_62e83a02	chr14	91	9100000	0	1
k16_62e83a02	chr15	3	300000	0	1
k16_62e83a02	chr15	11	1100000	0	3
k16_62e83a02	chr15	12	1200000	0	4
k16_62e83a02	chr15	51	5100000	0	2
k16_62e83a02	chr15	52	5200000	0	2
k16_62e83a02	chr15	97	9700000	0	8
k16_62e83a02	chr15	138	13800000	0	15
k16_62e83a02	chr15	141	14100000	0	2
k16_62e83a02	chr15	152	15200000	0	4
k16_62e83a02	chr17	219	21900000	0	1
k16_62e83a02	chr17	220	22000000	0	1
k16_62e83a02	chr17	222	22200000	0	6
k16_62e83a02	chr17	224	22400000	0	1
k16_62e83a02	chr20	320	32000000	0	12
k16_62e83a02	chr20	322	32200000	0	17
k16_62e83a02	chr20	323	32300000	0	19
k16_62e83a02	chr20	324	32400000	0	4
k16_62e83a02	chr20	325	32500000	0	6
k16_62e83a02	chr20	326	32600000	0	10
k16_62e83a02	chr20	327	32700000	0	8
k16_62e83a02	chr20	328	32800000	0	16
k16_62e83a02	chr21	4	400000	0	1
k16_62e83a02	chr21	12	1200000	0	2
k16_62e83a02	chr21	59	5900000	0	1
k16_62e83a02	chr21	64	6400000	0	7
k16_62e83a02	chr21	66	6600000	0	1
k16_62e83a02	chr21	67	6700000	0	7
k16_62e83a02	chr21	68	6800000	0	2
k16_62e83a02	chr21	71	7100000	0	5
k16_62e83a02	chr21	72	7200000	0	15
k16_62e83a02	chr21	73	7300000	0	3
k16_62e83a02	chr21	89	8900000	0	4
k16_62e83a02	chr21	102	10200000	0	6
k16_62e83a02	chr21	104	10400000	0	1
k16_62e83a02	chr22	4	400000	0	1
k16_62e83a02	chr22	24	2400000	0	1
k16_62e83a02	chr22	25	2500000	0	1
k16_62e83a02	chr22	71	7100000	0	8
k16_62e83a02	chr22	73	7300000	0	1
k16_62e83a02	chr22	74	7400000	0	1
k16_62e83a02	chr22	78	7800000	0	3
k16_62e83a02	chr22	88	8800000	0	1
k16_62e83a02	chr22	96	9600000	0	1
k16_62e83a02	chr22	102	10200000	0	1
k16_62e83a02	chr22	107	10700000	0	3
k16_62e83a02	chr22	108	10800000	0	7
k16_62e83a02	chr22	119	11900000	0	2
k16_62e83a02	chr22	170	17000000	0	1
k16_62e83a02	chrY	110	11000000	0	1
k16_62e83f06	chr14	47	4700000	0	2
k16_62e83f06	chr21	64	6400000	0	2
k16_63d47638	chr1	1268	126800000	0	1
k16_63d47638	chr1	1269	126900000	0	43
k16_63d47638	chr1	1270	127000000	0	60
k16_63d47638	chr1	1271	127100000	0	64
k16_63d47638	chr1	1272	127200000	0	63
k16_63d47638	chr1	1273	127300000	0	59
k16_63d47638	chr1	1274	127400000	0	54
k16_63d47638	chr1	1287	128700000	0	8
k16_63d47638	chr1	1288	128800000	0	1
k16_63d47638	chr1	1290	129000000	0	36
k16_63d47638	chr1	1291	129100000	0	65
k16_63d47638	chr1	1292	129200000	0	65
k16_63d47638	chr1	1293	129300000	0	60
k16_63d47638	chr1	1294	129400000	0	51
k16_63d47638	chr1	1295	129500000	0	67
k16_63d47638	chr1	1296	129600000	0	53
k16_63d47638	chr1	1297	129700000	0	49
k16_63d47638	chr1	1298	129800000	0	42
k16_63d47638	chr1	1299	129900000	0	48
k16_63d47638	chr1	1300	130000000	0	52
k16_63d47638	chr1	1301	130100000	0	51
k16_63d47638	chr1	1302	130200000	0	48
k16_63d47638	chr1	1303	130300000	0	32
k16_63d47638	chr1	1304	130400000	0	50
k16_63d47638	chr1	1305	130500000	0	53
k16_63d47638	chr1	1306	130600000	0	55
k16_63d47638	chr1	1307	130700000	0	58
k16_63d47638	chr1	1308	130800000	0	54
k16_63d47638	chr1	1309	130900000	0	53
k16_63d47638	chr1	1310	131000000	0	55
k16_63d47638	chr1	1311	131100000	0	48
k16_63d47638	chr1	1312	131200000	0	51
k16_63d47638	chr1	1313	131300000	0	55
k16_63d47638	chr1	1314	131400000	0	53
k16_63d47638	chr1	1315	131500000	0	53
k16_63d47638	chr1	1316	131600000	0	51
k16_63d47638	chr1	1317	131700000	0	56
k16_63d47638	chr1	1318	131800000	0	53
k16_63d47638	chr1	1319	131900000	0	56
k16_63d47638	chr1	1320	132000000	0	52
k16_63d47638	chr1	1321	132100000	0	49
k16_63d47638	chr1	1322	132200000	0	53
k16_63d47638	chr1	1323	132300000	0	56
k16_63d47638	chr1	1324	132400000	0	50
k16_63d47638	chr1	1325	132500000	0	55
k16_63d47638	chr1	1326	132600000	0	51
k16_63d47638	chr1	1327	132700000	0	57
k16_63d47638	chr1	1328	132800000	0	52
k16_63d47638	chr1	1329	132900000	0	55
k16_63d47638	chr1	1330	133000000	0	50
k16_63d47638	chr1	1331	133100000	0	50
k16_63d47638	chr1	1332	133200000	0	51
k16_63d47638	chr1	1333	133300000	0	56
k16_63d47638	chr1	1334	133400000	0	50
k16_63d47638	chr1	1335	133500000	0	51
k16_63d47638	chr1	1336	133600000	0	52
k16_63d47638	chr1	1337	133700000	0	56
k16_63d47638	chr1	1338	133800000	0	52
k16_63d47638	chr1	1339	133900000	0	54
k16_63d47638	chr1	1340	134000000	0	55
k16_63d47638	chr1	1341	134100000	0	50
k16_63d47638	chr1	1342	134200000	0	51
k16_63d47638	chr1	1343	134300000	0	50
k16_63d47638	chr1	1344	134400000	0	57
k16_63d47638	chr1	1345	134500000	0	50
k16_63d47638	chr1	1346	134600000	0	51
k16_63d47638	chr1	1347	134700000	0	45
k16_63d47638	chr1	1348	134800000	0	46
k16_63d47638	chr1	1349	134900000	0	57
k16_63d47638	chr1	1350	135000000	0	56
k16_63d47638	chr1	1351	135100000	0	57
k16_63d47638	chr1	1352	135200000	0	58
k16_63d47638	chr1	1353	135300000	0	57
k16_63d47638	chr1	1354	135400000	0	51
k16_63d47638	chr1	1355	135500000	0	50
k16_63d47638	chr1	1356	135600000	0	53
k16_63d47638	chr1	1357	135700000	0	58
k16_63d47638	chr1	1358	135800000	0	52
k16_63d47638	chr1	1359	135900000	0	54
k16_63d47638	chr1	1360	136000000	0	50
k16_63d47638	chr1	1361	136100000	0	50
k16_63d47638	chr1	1362	136200000	0	47
k16_63d47638	chr1	1363	136300000	0	48
k16_63d47638	chr1	1364	136400000	0	52
k16_63d47638	chr1	1365	136500000	0	57
k16_63d47638	chr1	1366	136600000	0	61
k16_63d47638	chr1	1367	136700000	0	38
k16_63d47638	chr1	1368	136800000	0	49
k16_63d47638	chr1	1369	136900000	0	57
k16_63d47638	chr1	1370	137000000	0	52
k16_63d47638	chr1	1371	137100000	0	56
k16_63d47638	chr1	1372	137200000	0	50
k16_63d47638	chr1	1373	137300000	0	58
k16_63d47638	chr1	1374	137400000	0	49
k16_63d47638	chr1	1375	137500000	0	45
k16_63d47638	chr1	1376	137600000	0	54
k16_63d47638	chr1	1377	137700000	0	52
k16_63d47638	chr1	1378	137800000	0	47
k16_63d47638	chr1	1379	137900000	0	49
k16_63d47638	chr1	1380	138000000	0	56
k16_63d47638	chr1	1381	138100000	0	48
k16_63d47638	chr1	1382	138200000	0	57
k16_63d47638	chr1	1383	138300000	0	55
k16_63d47638	chr1	1384	138400000	0	47
k16_63d47638	chr1	1385	138500000	0	46
k16_63d47638	chr1	1386	138600000	0	56
k16_63d47638	chr1	1387	138700000	0	59
k16_63d47638	chr1	1388	138800000	0	56
k16_63d47638	chr1	1389	138900000	0	54
k16_63d47638	chr1	1390	139000000	0	55
k16_63d47638	chr1	1391	139100000	0	53
k16_63d47638	chr1	1392	139200000	0	54
k16_63d47638	chr1	1393	139300000	0	57
k16_63d47638	chr1	1394	139400000	0	54
k16_63d47638	chr1	1395	139500000	0	38
k16_63d47638	chr1	1396	139600000	0	42
k16_63d47638	chr1	1397	139700000	0	53
k16_63d47638	chr1	1398	139800000	0	55
k16_63d47638	chr1	1399	139900000	0	53
k16_63d47638	chr1	1400	140000000	0	45
k16_63d47638	chr1	1401	140100000	0	45
k16_63d47638	chr1	1402	140200000	0	54
k16_63d47638	chr1	1403	140300000	0	51
k16_63d47638	chr1	1404	140400000	0	48
k16_63d47638	chr1	1405	140500000	0	48
k16_63d47638	chr1	1406	140600000	0	55
k16_63d47638	chr1	1407	140700000	0	62
k16_63d47638	chr1	1408	140800000	0	50
k16_63d47638	chr1	1409	140900000	0	45
k16_63d47638	chr1	1410	141000000	0	53
k16_63d47638	chr1	1411	141100000	0	49
k16_63d47638	chr1	1412	141200000	0	53
k16_63d47638	chr1	1413	141300000	0	59
k16_63d47638	chr1	1414	141400000	0	58
k16_63d47638	chr1	1415	141500000	0	44
k16_63d47638	chr1	1416	141600000	0	48
k16_63d47638	chr1	1417	141700000	0	50
k16_63d47638	chr1	1418	141800000	0	50
k16_63d47638	chr1	1419	141900000	0	51
k16_63d47638	chr1	1420	142000000	0	48
k16_63d47638	chr1	1421	142100000	0	45
k16_63d47638	chr1	1422	142200000	0	18
k16_63d47638	chr2	894	89400000	0	1
k16_63d47638	chr2	903	90300000	0	2
k16_63d47638	chr2	914	91400000	0	4
k16_63d47638	chr7	583	58300000	0	2
k16_63d47638	chr7	591	59100000	0	1
k16_63d47638	chr7	592	59200000	0	4
k16_63d47638	chr7	593	59300000	0	1
k16_63d47638	chr7	599	59900000	0	2
k16_63d47638	chr7	600	60000000	0	1
k16_63d47638	chr7	667	66700000	0	1
k16_63d47638	chr9	449	44900000	0	2
k16_63d47638	chr10	420	42000000	0	3
k16_63d47638	chr10	425	42500000	0	27
k16_63d47638	chr10	426	42600000	0	51
k16_63d47638	chr10	427	42700000	0	47
k16_63d47638	chr10	428	42800000	0	54
k16_63d47638	chr10	429	42900000	0	44
k16_63d47638	chr10	430	43000000	0	1
k16_63d47638	chr16	379	37900000	0	6
k16_63d47638	chr16	394	39400000	0	4
k16_63d47638	chr16	395	39500000	0	6
k16_63d47638	chr16	396	39600000	0	14
k16_63d47638	chr16	397	39700000	0	11
k16_63d47638	chr16	398	39800000	0	13
k16_63d47638	chr16	399	39900000	0	22
k16_63d47638	chr16	400	40000000	0	11
k16_63d47638	chr16	401	40100000	0	4
k16_63d47638	chr16	402	40200000	0	15
k16_63d47638	chr16	403	40300000	0	25
k16_63d47638	chr16	404	40400000	0	13
k16_63d47638	chr16	405	40500000	0	23
k16_63d47638	chr16	406	40600000	0	19
k16_63d47638	chr16	407	40700000	0	13
k16_63d47638	chr16	408	40800000	0	22
k16_63d47638	chr16	409	40900000	0	25
k16_63d47638	chr16	410	41000000	0	15
k16_63d47638	chr16	411	41100000	0	13
k16_63d47638	chr16	412	41200000	0	19
k16_63d47638	chr16	413	41300000	0	12
k16_63d47638	chr16	414	41400000	0	4
k16_63d47638	chr16	415	41500000	0	20
k16_63d47638	chr16	416	41600000	0	17
k16_63d47638	chr16	417	41700000	0	18
k16_63d47638	chr16	418	41800000	0	16
k16_63d47638	chr16	419	41900000	0	15
k16_63d47638	chr16	420	42000000	0	11
k16_63d47638	chr16	421	42100000	0	24
k16_63d47638	chr16	422	42200000	0	19
k16_63d47638	chr16	423	42300000	0	17
k16_63d47638	chr16	424	42400000	0	16
k16_63d47638	chr16	425	42500000	0	20
k16_63d47638	chr16	426	42600000	0	18
k16_63d47638	chr16	427	42700000	0	17
k16_63d47638	chr16	428	42800000	0	19
k16_63d47638	chr16	429	42900000	0	18
k16_63d47638	chr16	430	43000000	0	13
k16_63d47638	chr16	431	43100000	0	18
k16_63d47638	chr16	432	43200000	0	26
k16_63d47638	chr16	433	43300000	0	18
k16_63d47638	chr16	434	43400000	0	16
k16_63d47638	chr16	435	43500000	0	22
k16_63d47638	chr16	436	43600000	0	14
k16_63d47638	chr16	437	43700000	0	15
k16_63d47638	chr16	438	43800000	0	20
k16_63d47638	chr16	439	43900000	0	28
k16_63d47638	chr16	440	44000000	0	16
k16_63d47638	chr16	441	44100000	0	23
k16_63d47638	chr16	442	44200000	0	15
k16_63d47638	chr16	443	44300000	0	12
k16_63d47638	chr16	444	44400000	0	26
k16_63d47638	chr16	445	44500000	0	27
k16_63d47638	chr16	446	44600000	0	20
k16_63d47638	chr16	447	44700000	0	16
k16_63d47638	chr16	448	44800000	0	16
k16_63d47638	chr16	449	44900000	0	19
k16_63d47638	chr16	450	45000000	0	20
k16_63d47638	chr16	451	45100000	0	16
k16_63d47638	chr16	452	45200000	0	18
k16_63d47638	chr16	453	45300000	0	27
k16_63d47638	chr16	454	45400000	0	14
k16_63d47638	chr16	455	45500000	0	17
k16_63d47638	chr16	456	45600000	0	21
k16_63d47638	chr16	457	45700000	0	16
k16_63d47638	chr16	458	45800000	0	18
k16_63d47638	chr16	459	45900000	0	27
k16_63d47638	chr16	460	46000000	0	17
k16_63d47638	chr16	461	46100000	0	19
k16_63d47638	chr16	462	46200000	0	16
k16_63d47638	chr16	463	46300000	0	19
k16_63d47638	chr16	464	46400000	0	17
k16_63d47638	chr16	465	46500000	0	12
k16_63d47638	chr16	466	46600000	0	22
k16_63d47638	chr16	467	46700000	0	21
k16_63d47638	chr16	468	46800000	0	17
k16_63d47638	chr16	469	46900000	0	18
k16_63d47638	chr16	470	47000000	0	18
k16_63d47638	chr16	471	47100000	0	20
k16_63d47638	chr16	472	47200000	0	15
k16_63d47638	chr16	473	47300000	0	20
k16_63d47638	chr16	474	47400000	0	27
k16_63d47638	chr16	475	47500000	0	22
k16_63d47638	chr16	476	47600000	0	16
k16_63d47638	chr16	477	47700000	0	22
k16_63d47638	chr16	478	47800000	0	18
k16_63d47638	chr16	479	47900000	0	15
k16_63d47638	chr16	480	48000000	0	21
k16_63d47638	chr16	481	48100000	0	17
k16_63d47638	chr16	482	48200000	0	14
k16_63d47638	chr16	483	48300000	0	19
k16_63d47638	chr16	484	48400000	0	19
k16_63d47638	chr16	485	48500000	0	6
k16_63d47638	chr16	486	48600000	0	19
k16_63d47638	chr16	487	48700000	0	14
k16_63d47638	chr16	488	48800000	0	8
k16_63d47638	chr16	489	48900000	0	6
k16_63d47638	chr16	490	49000000	0	12
k16_63d47638	chr16	491	49100000	0	23
k16_63d47638	chr16	492	49200000	0	18
k16_63d47638	chr16	493	49300000	0	20
k16_63d47638	chr16	494	49400000	0	17
k16_63d47638	chr16	495	49500000	0	16
k16_63d47638	chr16	496	49600000	0	25
k16_63d47638	chr16	497	49700000	0	14
k16_63d47638	chr16	498	49800000	0	10
k16_63d47638	chr16	499	49900000	0	21
k16_63d47638	chr16	500	50000000	0	20
k16_63d47638	chr16	501	50100000	0	20
k16_63d47638	chr16	502	50200000	0	22
k16_63d47638	chr16	503	50300000	0	18
k16_63d47638	chr16	504	50400000	0	16
k16_63d47638	chr16	505	50500000	0	20
k16_63d47638	chr16	506	50600000	0	17
k16_63d47638	chr16	507	50700000	0	16
k16_63d47638	chr16	508	50800000	0	16
k16_63d47638	chr16	509	50900000	0	18
k16_63d47638	chr16	510	51000000	0	23
k16_63d47638	chr16	511	51100000	0	21
k16_63d47638	chr16	512	51200000	0	17
k16_63d47638	chr16	513	51300000	0	16
k16_63d47638	chr16	514	51400000	0	25
k16_63d47638	chr16	515	51500000	0	15
k16_63d47638	chr16	516	51600000	0	16
k16_63d47638	chr16	517	51700000	0	21
k16_63d47638	chr16	518	51800000	0	17
k16_63d47638	chr16	519	51900000	0	29
k16_63d47638	chr16	520	52000000	0	21
k16_63d47638	chr16	521	52100000	0	13
k16_63d47638	chr16	522	52200000	0	2
k16_63d47638	chr17	223	22300000	0	1
k16_63d47638	chr22	168	16800000	0	1
k16_63d47638	chr22	169	16900000	0	2
k16_63d47638	chr22	170	17000000	0	2
k16_63e4f600	chr1	1269	126900000	0	1
k16_63e4f600	chr1	1296	129600000	0	1
k16_63e4f600	chr1	1302	130200000	0	1
k16_63e4f600	chr1	1311	131100000	0	2
k16_63e4f600	chr1	1313	131300000	0	1
k16_63e4f600	chr1	1315	131500000	0	2
k16_63e4f600	chr1	1316	131600000	0	1
k16_63e4f600	chr1	1320	132000000	0	2
k16_63e4f600	chr1	1325	132500000	0	1
k16_63e4f600	chr1	1326	132600000	0	1
k16_63e4f600	chr1	1329	132900000	0	1
k16_63e4f600	chr1	1330	133000000	0	2
k16_63e4f600	chr1	1334	133400000	0	1
k16_63e4f600	chr1	1338	133800000	0	2
k16_63e4f600	chr1	1340	134000000	0	3
k16_63e4f600	chr1	1345	134500000	0	2
k16_63e4f600	chr1	1354	135400000	0	1
k16_63e4f600	chr1	1356	135600000	0	2
k16_63e4f600	chr1	1357	135700000	0	1
k16_63e4f600	chr1	1362	136200000	0	1
k16_63e4f600	chr1	1364	136400000	0	1
k16_63e4f600	chr1	1369	136900000	0	1
k16_63e4f600	chr1	1371	137100000	0	1
k16_63e4f600	chr1	1372	137200000	0	1
k16_63e4f600	chr1	1373	137300000	0	2
k16_63e4f600	chr1	1374	137400000	0	3
k16_63e4f600	chr1	1376	137600000	0	1
k16_63e4f600	chr1	1379	137900000	0	1
k16_63e4f600	chr1	1388	138800000	0	1
k16_63e4f600	chr1	1391	139100000	0	2
k16_63e4f600	chr10	425	42500000	0	4
k16_63e4f600	chr10	426	42600000	0	12
k16_63e4f600	chr10	427	42700000	0	6
k16_66fbf53d	chr9	485	48500000	0	1
k16_66fbf53d	chr9	488	48800000	0	1
k16_66fbf53d	chr9	497	49700000	0	1
k16_66fbf53d	chr9	499	49900000	0	1
k16_66fbf53d	chr9	500	50000000	0	2
k16_66fbf53d	chr9	502	50200000	0	1
k16_66fbf53d	chr9	503	50300000	0	3
k16_66fbf53d	chr9	505	50500000	0	1
k16_66fbf53d	chr9	507	50700000	0	2
k16_66fbf53d	chr9	518	51800000	0	1
k16_66fbf53d	chr9	519	51900000	0	1
k16_66fbf53d	chr9	520	52000000	0	2
k16_66fbf53d	chr9	528	52800000	0	1
k16_66fbf53d	chr9	535	53500000	0	1
k16_66fbf53d	chr9	536	53600000	0	1
k16_66fbf53d	chr9	537	53700000	0	1
k16_66fbf53d	chr9	538	53800000	0	1
k16_66fbf53d	chr9	542	54200000	0	1
k16_66fbf53d	chr9	547	54700000	0	3
k16_66fbf53d	chr9	549	54900000	0	2
k16_66fbf53d	chr9	552	55200000	0	1
k16_66fbf53d	chr9	559	55900000	0	1
k16_66fbf53d	chr9	564	56400000	0	2
k16_66fbf53d	chr9	569	56900000	0	1
k16_66fbf53d	chr9	572	57200000	0	2
k16_66fbf53d	chr9	584	58400000	0	1
k16_66fbf53d	chr9	586	58600000	0	2
k16_66fbf53d	chr9	590	59000000	0	1
k16_66fbf53d	chr9	594	59400000	0	2
k16_66fbf53d	chr9	596	59600000	0	1
k16_66fbf53d	chr9	599	59900000	0	1
k16_66fbf53d	chr9	600	60000000	0	1
k16_66fbf53d	chr9	601	60100000	0	1
k16_66fbf53d	chr9	603	60300000	0	4
k16_66fbf53d	chr9	604	60400000	0	2
k16_66fbf53d	chr9	605	60500000	0	1
k16_66fbf53d	chr9	607	60700000	0	1
k16_66fbf53d	chr9	608	60800000	0	1
k16_66fbf53d	chr9	610	61000000	0	1
k16_66fbf53d	chr9	611	61100000	0	1
k16_66fbf53d	chr9	615	61500000	0	1
k16_66fbf53d	chr9	622	62200000	0	1
k16_66fbf53d	chr9	623	62300000	0	1
k16_66fbf53d	chr9	625	62500000	0	1
k16_66fbf53d	chr9	626	62600000	0	1
k16_66fbf53d	chr9	630	63000000	0	1
k16_66fbf53d	chr9	634	63400000	0	1
k16_66fbf53d	chr9	639	63900000	0	1
k16_66fbf53d	chr9	640	64000000	0	1
k16_66fbf53d	chr9	642	64200000	0	1
k16_66fbf53d	chr9	653	65300000	0	3
k16_66fbf53d	chr9	655	65500000	0	2
k16_66fbf53d	chr9	658	65800000	0	1
k16_66fbf53d	chr9	666	66600000	0	1
k16_66fbf53d	chr9	670	67000000	0	1
k16_66fbf53d	chr9	671	67100000	0	2
k16_66fbf53d	chr9	675	67500000	0	1
k16_66fbf53d	chr9	678	67800000	0	2
k16_66fbf53d	chr9	690	69000000	0	1
k16_66fbf53d	chr9	692	69200000	0	2
k16_66fbf53d	chr9	696	69600000	0	1
k16_66fbf53d	chr9	701	70100000	0	2
k16_66fbf53d	chr9	702	70200000	0	1
k16_66fbf53d	chr9	705	70500000	0	1
k16_66fbf53d	chr9	707	70700000	0	1
k16_66fbf53d	chr9	708	70800000	0	1
k16_66fbf53d	chr9	709	70900000	0	3
k16_66fbf53d	chr9	710	71000000	0	1
k16_66fbf53d	chr9	711	71100000	0	3
k16_66fbf53d	chr9	715	71500000	0	1
k16_66fbf53d	chr9	717	71700000	0	1
k16_66fbf53d	chr9	719	71900000	0	1
k16_66fbf53d	chr9	720	72000000	0	2
k16_66fbf53d	chr9	722	72200000	0	4
k16_66fbf53d	chr9	725	72500000	0	2
k16_66fbf53d	chr9	726	72600000	0	2
k16_66fbf53d	chr9	727	72700000	0	2
k16_66fbf53d	chr9	728	72800000	0	5
k16_66fbf53d	chr9	742	74200000	0	1
k16_66fbf53d	chr9	743	74300000	0	1
k16_66fbf53d	chr9	754	75400000	0	2
k16_66fbf53d	chr9	764	76400000	0	1
k16_66fbf53d	chr13	98	9800000	0	1
k16_66fbf53d	chr14	32	3200000	0	1
k16_66fbf53d	chr15	51	5100000	0	1
k16_66fbf53d	chr20	325	32500000	0	1
k16_66fbf53d	chr20	326	32600000	0	10
k16_66fbf53d	chr20	327	32700000	0	19
k16_66fbf53d	chr21	64	6400000	0	1
k16_66fbf53d	chr21	66	6600000	0	2
k16_6834d350	chr1	1268	126800000	0	2
k16_6834d350	chr1	1269	126900000	0	2
k16_6834d350	chr1	1271	127100000	0	1
k16_6834d350	chr1	1272	127200000	0	3
k16_6834d350	chr1	1274	127400000	0	1
k16_6834d350	chr1	1287	128700000	0	2
k16_6834d350	chr1	1290	129000000	0	8
k16_6834d350	chr1	1401	140100000	0	1
k16_6834d350	chr1	1410	141000000	0	1
k16_6834d350	chr1	1416	141600000	0	1
k16_6834d350	chr1	1422	142200000	0	1
k16_6834d350	chr2	893	89300000	0	2
k16_6834d350	chr2	894	89400000	0	2
k16_6834d350	chr2	903	90300000	0	5
k16_6834d350	chr2	922	92200000	0	1
k16_6834d350	chr7	586	58600000	0	1
k16_6834d350	chr7	590	59000000	0	1
k16_6834d350	chr7	598	59800000	0	1
k16_6834d350	chr10	420	42000000	0	2
k16_6834d350	chr10	425	42500000	0	7
k16_6834d350	chr10	426	42600000	0	18
k16_6834d350	chr10	427	42700000	0	17
k16_6834d350	chr10	428	42800000	0	52
k16_6834d350	chr10	429	42900000	0	39
k16_6834d350	chr16	356	35600000	0	3
k16_6834d350	chr16	379	37900000	0	2
k16_6834d350	chr17	222	22200000	0	1
k16_69f8f53d	chr2	893	89300000	0	1
k16_69f8f53d	chr2	903	90300000	0	1
k16_69f8f53d	chr4	490	49000000	0	1
k16_69f8f53d	chr5	496	49600000	0	2
k16_69f8f53d	chr5	497	49700000	0	3
k16_69f8f53d	chr9	485	48500000	0	5
k16_69f8f53d	chr9	486	48600000	0	1
k16_69f8f53d	chr9	487	48700000	0	1
k16_69f8f53d	chr9	493	49300000	0	3
k16_69f8f53d	chr9	496	49600000	0	3
k16_69f8f53d	chr9	497	49700000	0	1
k16_69f8f53d	chr9	509	50900000	0	2
k16_69f8f53d	chr9	511	51100000	0	2
k16_69f8f53d	chr9	514	51400000	0	4
k16_69f8f53d	chr9	515	51500000	0	1
k16_69f8f53d	chr9	516	51600000	0	2
k16_69f8f53d	chr9	517	51700000	0	1
k16_69f8f53d	chr9	518	51800000	0	1
k16_69f8f53d	chr9	519	51900000	0	1
k16_69f8f53d	chr9	520	52000000	0	1
k16_69f8f53d	chr9	523	52300000	0	1
k16_69f8f53d	chr9	525	52500000	0	1
k16_69f8f53d	chr9	526	52600000	0	1
k16_69f8f53d	chr9	527	52700000	0	2
k16_69f8f53d	chr9	528	52800000	0	1
k16_69f8f53d	chr9	538	53800000	0	1
k16_69f8f53d	chr9	539	53900000	0	5
k16_69f8f53d	chr9	541	54100000	0	2
k16_69f8f53d	chr9	545	54500000	0	4
k16_69f8f53d	chr9	548	54800000	0	2
k16_69f8f53d	chr9	551	55100000	0	1
k16_69f8f53d	chr9	554	55400000	0	1
k16_69f8f53d	chr9	556	55600000	0	1
k16_69f8f53d	chr9	560	56000000	0	2
k16_69f8f53d	chr9	563	56300000	0	2
k16_69f8f53d	chr9	565	56500000	0	2
k16_69f8f53d	chr9	571	57100000	0	1
k16_69f8f53d	chr9	573	57300000	0	4
k16_69f8f53d	chr9	580	58000000	0	1
k16_69f8f53d	chr9	583	58300000	0	1
k16_69f8f53d	chr9	584	58400000	0	2
k16_69f8f53d	chr9	585	58500000	0	1
k16_69f8f53d	chr9	587	58700000	0	4
k16_69f8f53d	chr9	588	58800000	0	1
k16_69f8f53d	chr9	591	59100000	0	3
k16_69f8f53d	chr9	593	59300000	0	1
k16_69f8f53d	chr9	596	59600000	0	1
k16_69f8f53d	chr9	606	60600000	0	1
k16_69f8f53d	chr9	607	60700000	0	1
k16_69f8f53d	chr9	610	61000000	0	2
k16_69f8f53d	chr9	613	61300000	0	2
k16_69f8f53d	chr9	615	61500000	0	2
k16_69f8f53d	chr9	616	61600000	0	1
k16_69f8f53d	chr9	624	62400000	0	1
k16_69f8f53d	chr9	626	62600000	0	5
k16_69f8f53d	chr9	627	62700000	0	2
k16_69f8f53d	chr9	629	62900000	0	2
k16_69f8f53d	chr9	630	63000000	0	1
k16_69f8f53d	chr9	633	63300000	0	3
k16_69f8f53d	chr9	634	63400000	0	1
k16_69f8f53d	chr9	638	63800000	0	2
k16_69f8f53d	chr9	639	63900000	0	1
k16_69f8f53d	chr9	640	64000000	0	2
k16_69f8f53d	chr9	642	64200000	0	1
k16_69f8f53d	chr9	644	64400000	0	1
k16_69f8f53d	chr9	648	64800000	0	2
k16_69f8f53d	chr9	649	64900000	0	2
k16_69f8f53d	chr9	654	65400000	0	1
k16_69f8f53d	chr9	657	65700000	0	1
k16_69f8f53d	chr9	660	66000000	0	1
k16_69f8f53d	chr9	662	66200000	0	1
k16_69f8f53d	chr9	666	66600000	0	1
k16_69f8f53d	chr9	667	66700000	0	1
k16_69f8f53d	chr9	669	66900000	0	1
k16_69f8f53d	chr9	671	67100000	0	2
k16_69f8f53d	chr9	678	67800000	0	1
k16_69f8f53d	chr9	679	67900000	0	4
k16_69f8f53d	chr9	686	68600000	0	1
k16_69f8f53d	chr9	689	68900000	0	1
k16_69f8f53d	chr9	690	69000000	0	2
k16_69f8f53d	chr9	691	69100000	0	1
k16_69f8f53d	chr9	693	69300000	0	4
k16_69f8f53d	chr9	694	69400000	0	1
k16_69f8f53d	chr9	695	69500000	0	1
k16_69f8f53d	chr9	697	69700000	0	1
k16_69f8f53d	chr9	698	69800000	0	2
k16_69f8f53d	chr9	699	69900000	0	1
k16_69f8f53d	chr9	702	70200000	0	1
k16_69f8f53d	chr9	712	71200000	0	1
k16_69f8f53d	chr9	719	71900000	0	3
k16_69f8f53d	chr9	720	72000000	0	2
k16_69f8f53d	chr9	724	72400000	0	2
k16_69f8f53d	chr9	737	73700000	0	2
k16_69f8f53d	chr9	738	73800000	0	2
k16_69f8f53d	chr9	740	74000000	0	1
k16_69f8f53d	chr9	744	74400000	0	4
k16_69f8f53d	chr9	745	74500000	0	2
k16_69f8f53d	chr9	746	74600000	0	1
k16_69f8f53d	chr9	748	74800000	0	1
k16_69f8f53d	chr9	749	74900000	0	3
k16_69f8f53d	chr9	750	75000000	0	3
k16_69f8f53d	chr9	751	75100000	0	3
k16_69f8f53d	chr9	757	75700000	0	2
k16_69f8f53d	chr9	758	75800000	0	1
k16_69f8f53d	chr9	759	75900000	0	2
k16_69f8f53d	chr9	761	76100000	0	1
k16_69f8f53d	chr9	762	76200000	0	1
k16_69f8f53d	chr9	763	76300000	0	4
k16_69f8f53d	chr9	764	76400000	0	1
k16_69f8f53d	chr9	765	76500000	0	2
k16_69f8f53d	chr10	423	42300000	0	1
k16_69f8f53d	chr13	102	10200000	0	20
k16_69f8f53d	chr14	11	1100000	0	2
k16_69f8f53d	chr14	12	1200000	0	1
k16_69f8f53d	chr14	37	3700000	0	7
k16_69f8f53d	chr15	10	1000000	0	1
k16_69f8f53d	chr17	219	21900000	0	1
k16_69f8f53d	chr17	222	22200000	0	3
k16_69f8f53d	chr20	320	32000000	0	7
k16_69f8f53d	chr20	321	32100000	0	2
k16_69f8f53d	chr20	322	32200000	0	2
k16_69f8f53d	chr20	324	32400000	0	9
k16_69f8f53d	chr20	325	32500000	0	2
k16_69f8f53d	chr20	326	32600000	0	12
k16_69f8f53d	chr20	327	32700000	0	24
k16_69f8f53d	chr20	329	32900000	0	1
k16_69f8f53d	chr21	11	1100000	0	1
k16_69f8f53d	chr21	66	6600000	0	1
k16_69f8f53d	chr21	67	6700000	0	3
k16_69f8f53d	chr21	68	6800000	0	3
k16_69f8f53d	chr21	72	7200000	0	2
k16_69f8f53d	chr21	73	7300000	0	2
k16_69f8f53d	chr22	23	2300000	0	2
k16_69f8f53d	chr22	24	2400000	0	9
k16_69f8f53d	chr22	71	7100000	0	5
k16_69f8f53d	chr22	74	7400000	0	1
k16_6c53d4f5	chr1	1280	128000000	0	1
k16_6c53d4f5	chr1	1286	128600000	0	1
k16_6c53d4f5	chr3	954	95400000	0	1
k16_6c53d4f5	chr5	495	49500000	0	1
k16_6c53d4f5	chr5	496	49600000	0	62
k16_6c53d4f5	chr5	497	49700000	0	59
k16_6c53d4f5	chr5	498	49800000	0	47
k16_6c53d4f5	chr5	499	49900000	0	6
k16_6c53d4f5	chr7	587	58700000	0	1
k16_6c53d4f5	chr7	590	59000000	0	1
k16_6c53d4f5	chr9	484	48400000	0	17
k16_6c53d4f5	chr9	485	48500000	0	40
k16_6c53d4f5	chr9	486	48600000	0	34
k16_6c53d4f5	chr9	487	48700000	0	25
k16_6c53d4f5	chr9	490	49000000	0	21
k16_6c53d4f5	chr9	491	49100000	0	43
k16_6c53d4f5	chr9	492	49200000	0	105
k16_6c53d4f5	chr9	493	49300000	0	62
k16_6c53d4f5	chr9	494	49400000	0	46
k16_6c53d4f5	chr9	495	49500000	0	25
k16_6c53d4f5	chr9	496	49600000	0	32
k16_6c53d4f5	chr9	497	49700000	0	34
k16_6c53d4f5	chr9	498	49800000	0	32
k16_6c53d4f5	chr9	499	49900000	0	41
k16_6c53d4f5	chr9	500	50000000	0	57
k16_6c53d4f5	chr9	501	50100000	0	46
k16_6c53d4f5	chr9	502	50200000	0	41
k16_6c53d4f5	chr9	503	50300000	0	52
k16_6c53d4f5	chr9	504	50400000	0	34
k16_6c53d4f5	chr9	505	50500000	0	45
k16_6c53d4f5	chr9	506	50600000	0	42
k16_6c53d4f5	chr9	507	50700000	0	47
k16_6c53d4f5	chr9	508	50800000	0	41
k16_6c53d4f5	chr9	509	50900000	0	40
k16_6c53d4f5	chr9	510	51000000	0	47
k16_6c53d4f5	chr9	511	51100000	0	37
k16_6c53d4f5	chr9	512	51200000	0	32
k16_6c53d4f5	chr9	513	51300000	0	86
k16_6c53d4f5	chr9	514	51400000	0	50
k16_6c53d4f5	chr9	515	51500000	0	30
k16_6c53d4f5	chr9	516	51600000	0	23
k16_6c53d4f5	chr9	517	51700000	0	33
k16_6c53d4f5	chr9	518	51800000	0	29
k16_6c53d4f5	chr9	519	51900000	0	44
k16_6c53d4f5	chr9	520	52000000	0	39
k16_6c53d4f5	chr9	521	52100000	0	30
k16_6c53d4f5	chr9	522	52200000	0	45
k16_6c53d4f5	chr9	523	52300000	0	50
k16_6c53d4f5	chr9	524	52400000	0	62
k16_6c53d4f5	chr9	525	52500000	0	58
k16_6c53d4f5	chr9	526	52600000	0	35
k16_6c53d4f5	chr9	527	52700000	0	29
k16_6c53d4f5	chr9	528	52800000	0	31
k16_6c53d4f5	chr9	529	52900000	0	49
k16_6c53d4f5	chr9	530	53000000	0	27
k16_6c53d4f5	chr9	531	53100000	0	34
k16_6c53d4f5	chr9	532	53200000	0	35
k16_6c53d4f5	chr9	533	53300000	0	56
k16_6c53d4f5	chr9	534	53400000	0	45
k16_6c53d4f5	chr9	535	53500000	0	25
k16_6c53d4f5	chr9	536	53600000	0	33
k16_6c53d4f5	chr9	537	53700000	0	30
k16_6c53d4f5	chr9	538	53800000	0	39
k16_6c53d4f5	chr9	539	53900000	0	41
k16_6c53d4f5	chr9	540	54000000	0	69
k16_6c53d4f5	chr9	541	54100000	0	29
k16_6c53d4f5	chr9	542	54200000	0	30
k16_6c53d4f5	chr9	543	54300000	0	45
k16_6c53d4f5	chr9	544	54400000	0	47
k16_6c53d4f5	chr9	545	54500000	0	38
k16_6c53d4f5	chr9	546	54600000	0	59
k16_6c53d4f5	chr9	547	54700000	0	45
k16_6c53d4f5	chr9	548	54800000	0	32
k16_6c53d4f5	chr9	549	54900000	0	40
k16_6c53d4f5	chr9	550	55000000	0	40
k16_6c53d4f5	chr9	551	55100000	0	50
k16_6c53d4f5	chr9	552	55200000	0	30
k16_6c53d4f5	chr9	553	55300000	0	30
k16_6c53d4f5	chr9	554	55400000	0	32
k16_6c53d4f5	chr9	555	55500000	0	36
k16_6c53d4f5	chr9	556	55600000	0	41
k16_6c53d4f5	chr9	557	55700000	0	33
k16_6c53d4f5	chr9	558	55800000	0	85
k16_6c53d4f5	chr9	559	55900000	0	38
k16_6c53d4f5	chr9	560	56000000	0	36
k16_6c53d4f5	chr9	561	56100000	0	39
k16_6c53d4f5	chr9	562	56200000	0	34
k16_6c53d4f5	chr9	563	56300000	0	31
k16_6c53d4f5	chr9	564	56400000	0	33
k16_6c53d4f5	chr9	565	56500000	0	48
k16_6c53d4f5	chr9	566	56600000	0	29
k16_6c53d4f5	chr9	567	56700000	0	27
k16_6c53d4f5	chr9	568	56800000	0	31
k16_6c53d4f5	chr9	569	56900000	0	35
k16_6c53d4f5	chr9	570	57000000	0	45
k16_6c53d4f5	chr9	571	57100000	0	44
k16_6c53d4f5	chr9	572	57200000	0	31
k16_6c53d4f5	chr9	573	57300000	0	35
k16_6c53d4f5	chr9	574	57400000	0	40
k16_6c53d4f5	chr9	575	57500000	0	76
k16_6c53d4f5	chr9	576	57600000	0	52
k16_6c53d4f5	chr9	577	57700000	0	51
k16_6c53d4f5	chr9	578	57800000	0	31
k16_6c53d4f5	chr9	579	57900000	0	30
k16_6c53d4f5	chr9	580	58000000	0	26
k16_6c53d4f5	chr9	581	58100000	0	33
k16_6c53d4f5	chr9	582	58200000	0	71
k16_6c53d4f5	chr9	583	58300000	0	42
k16_6c53d4f5	chr9	584	58400000	0	31
k16_6c53d4f5	chr9	585	58500000	0	38
k16_6c53d4f5	chr9	586	58600000	0	38
k16_6c53d4f5	chr9	587	58700000	0	34
k16_6c53d4f5	chr9	588	58800000	0	35
k16_6c53d4f5	chr9	589	58900000	0	63
k16_6c53d4f5	chr9	590	59000000	0	27
k16_6c53d4f5	chr9	591	59100000	0	45
k16_6c53d4f5	chr9	592	59200000	0	41
k16_6c53d4f5	chr9	593	59300000	0	36
k16_6c53d4f5	chr9	594	59400000	0	40
k16_6c53d4f5	chr9	595	59500000	0	26
k16_6c53d4f5	chr9	596	59600000	0	40
k16_6c53d4f5	chr9	597	59700000	0	23
k16_6c53d4f5	chr9	598	59800000	0	31
k16_6c53d4f5	chr9	599	59900000	0	57
k16_6c53d4f5	chr9	600	60000000	0	37
k16_6c53d4f5	chr9	601	60100000	0	50
k16_6c53d4f5	chr9	602	60200000	0	48
k16_6c53d4f5	chr9	603	60300000	0	53
k16_6c53d4f5	chr9	604	60400000	0	44
k16_6c53d4f5	chr9	605	60500000	0	41
k16_6c53d4f5	chr9	606	60600000	0	35
k16_6c53d4f5	chr9	607	60700000	0	44
k16_6c53d4f5	chr9	608	60800000	0	30
k16_6c53d4f5	chr9	609	60900000	0	45
k16_6c53d4f5	chr9	610	61000000	0	46
k16_6c53d4f5	chr9	611	61100000	0	57
k16_6c53d4f5	chr9	612	61200000	0	65
k16_6c53d4f5	chr9	613	61300000	0	41
k16_6c53d4f5	chr9	614	61400000	0	31
k16_6c53d4f5	chr9	615	61500000	0	31
k16_6c53d4f5	chr9	616	61600000	0	40
k16_6c53d4f5	chr9	617	61700000	0	34
k16_6c53d4f5	chr9	618	61800000	0	28
k16_6c53d4f5	chr9	619	61900000	0	38
k16_6c53d4f5	chr9	620	62000000	0	55
k16_6c53d4f5	chr9	621	62100000	0	28
k16_6c53d4f5	chr9	622	62200000	0	43
k16_6c53d4f5	chr9	623	62300000	0	27
k16_6c53d4f5	chr9	624	62400000	0	32
k16_6c53d4f5	chr9	625	62500000	0	32
k16_6c53d4f5	chr9	626	62600000	0	37
k16_6c53d4f5	chr9	627	62700000	0	45
k16_6c53d4f5	chr9	628	62800000	0	62
k16_6c53d4f5	chr9	629	62900000	0	34
k16_6c53d4f5	chr9	630	63000000	0	29
k16_6c53d4f5	chr9	631	63100000	0	41
k16_6c53d4f5	chr9	632	63200000	0	51
k16_6c53d4f5	chr9	633	63300000	0	37
k16_6c53d4f5	chr9	634	63400000	0	27
k16_6c53d4f5	chr9	635	63500000	0	22
k16_6c53d4f5	chr9	636	63600000	0	43
k16_6c53d4f5	chr9	637	63700000	0	30
k16_6c53d4f5	chr9	638	63800000	0	15
k16_6c53d4f5	chr9	639	63900000	0	37
k16_6c53d4f5	chr9	640	64000000	0	64
k16_6c53d4f5	chr9	641	64100000	0	28
k16_6c53d4f5	chr9	642	64200000	0	35
k16_6c53d4f5	chr9	643	64300000	0	64
k16_6c53d4f5	chr9	644	64400000	0	41
k16_6c53d4f5	chr9	645	64500000	0	42
k16_6c53d4f5	chr9	646	64600000	0	61
k16_6c53d4f5	chr9	647	64700000	0	34
k16_6c53d4f5	chr9	648	64800000	0	63
k16_6c53d4f5	chr9	649	64900000	0	56
k16_6c53d4f5	chr9	650	65000000	0	69
k16_6c53d4f5	chr9	651	65100000	0	36
k16_6c53d4f5	chr9	652	65200000	0	67
k16_6c53d4f5	chr9	653	65300000	0	30
k16_6c53d4f5	chr9	654	65400000	0	37
k16_6c53d4f5	chr9	655	65500000	0	39
k16_6c53d4f5	chr9	656	65600000	0	38
k16_6c53d4f5	chr9	657	65700000	0	49
k16_6c53d4f5	chr9	658	65800000	0	32
k16_6c53d4f5	chr9	659	65900000	0	31
k16_6c53d4f5	chr9	660	66000000	0	31
k16_6c53d4f5	chr9	661	66100000	0	35
k16_6c53d4f5	chr9	662	66200000	0	39
k16_6c53d4f5	chr9	663	66300000	0	34
k16_6c53d4f5	chr9	664	66400000	0	92
k16_6c53d4f5	chr9	665	66500000	0	35
k16_6c53d4f5	chr9	666	66600000	0	40
k16_6c53d4f5	chr9	667	66700000	0	38
k16_6c53d4f5	chr9	668	66800000	0	35
k16_6c53d4f5	chr9	669	66900000	0	35
k16_6c53d4f5	chr9	670	67000000	0	35
k16_6c53d4f5	chr9	671	67100000	0	45
k16_6c53d4f5	chr9	672	67200000	0	32
k16_6c53d4f5	chr9	673	67300000	0	27
k16_6c53d4f5	chr9	674	67400000	0	31
k16_6c53d4f5	chr9	675	67500000	0	32
k16_6c53d4f5	chr9	676	67600000	0	38
k16_6c53d4f5	chr9	677	67700000	0	55
k16_6c53d4f5	chr9	678	67800000	0	30
k16_6c53d4f5	chr9	679	67900000	0	33
k16_6c53d4f5	chr9	680	68000000	0	37
k16_6c53d4f5	chr9	681	68100000	0	81
k16_6c53d4f5	chr9	682	68200000	0	40
k16_6c53d4f5	chr9	683	68300000	0	58
k16_6c53d4f5	chr9	684	68400000	0	39
k16_6c53d4f5	chr9	685	68500000	0	29
k16_6c53d4f5	chr9	686	68600000	0	23
k16_6c53d4f5	chr9	687	68700000	0	31
k16_6c53d4f5	chr9	688	68800000	0	64
k16_6c53d4f5	chr9	689	68900000	0	48
k16_6c53d4f5	chr9	690	69000000	0	33
k16_6c53d4f5	chr9	691	69100000	0	38
k16_6c53d4f5	chr9	692	69200000	0	40
k16_6c53d4f5	chr9	693	69300000	0	34
k16_6c53d4f5	chr9	694	69400000	0	36
k16_6c53d4f5	chr9	695	69500000	0	62
k16_6c53d4f5	chr9	696	69600000	0	36
k16_6c53d4f5	chr9	697	69700000	0	38
k16_6c53d4f5	chr9	698	69800000	0	46
k16_6c53d4f5	chr9	699	69900000	0	35
k16_6c53d4f5	chr9	700	70000000	0	39
k16_6c53d4f5	chr9	701	70100000	0	35
k16_6c53d4f5	chr9	702	70200000	0	33
k16_6c53d4f5	chr9	703	70300000	0	26
k16_6c53d4f5	chr9	704	70400000	0	26
k16_6c53d4f5	chr9	705	70500000	0	60
k16_6c53d4f5	chr9	706	70600000	0	39
k16_6c53d4f5	chr9	707	70700000	0	35
k16_6c53d4f5	chr9	708	70800000	0	56
k16_6c53d4f5	chr9	709	70900000	0	58
k16_6c53d4f5	chr9	710	71000000	0	40
k16_6c53d4f5	chr9	711	71100000	0	47
k16_6c53d4f5	chr9	712	71200000	0	31
k16_6c53d4f5	chr9	713	71300000	0	48
k16_6c53d4f5	chr9	714	71400000	0	41
k16_6c53d4f5	chr9	715	71500000	0	30
k16_6c53d4f5	chr9	716	71600000	0	51
k16_6c53d4f5	chr9	717	71700000	0	50
k16_6c53d4f5	chr9	718	71800000	0	44
k16_6c53d4f5	chr9	719	71900000	0	42
k16_6c53d4f5	chr9	720	72000000	0	33
k16_6c53d4f5	chr9	721	72100000	0	37
k16_6c53d4f5	chr9	722	72200000	0	60
k16_6c53d4f5	chr9	723	72300000	0	47
k16_6c53d4f5	chr9	724	72400000	0	32
k16_6c53d4f5	chr9	725	72500000	0	63
k16_6c53d4f5	chr9	726	72600000	0	40
k16_6c53d4f5	chr9	727	72700000	0	54
k16_6c53d4f5	chr9	728	72800000	0	65
k16_6c53d4f5	chr9	729	72900000	0	33
k16_6c53d4f5	chr9	730	73000000	0	29
k16_6c53d4f5	chr9	731	73100000	0	33
k16_6c53d4f5	chr9	732	73200000	0	33
k16_6c53d4f5	chr9	733	73300000	0	27
k16_6c53d4f5	chr9	734	73400000	0	44
k16_6c53d4f5	chr9	735	73500000	0	41
k16_6c53d4f5	chr9	736	73600000	0	48
k16_6c53d4f5	chr9	737	73700000	0	42
k16_6c53d4f5	chr9	738	73800000	0	38
k16_6c53d4f5	chr9	739	73900000	0	50
k16_6c53d4f5	chr9	740	74000000	0	56
k16_6c53d4f5	chr9	741	74100000	0	41
k16_6c53d4f5	chr9	742	74200000	0	63
k16_6c53d4f5	chr9	743	74300000	0	39
k16_6c53d4f5	chr9	744	74400000	0	31
k16_6c53d4f5	chr9	745	74500000	0	28
k16_6c53d4f5	chr9	746	74600000	0	66
k16_6c53d4f5	chr9	747	74700000	0	31
k16_6c53d4f5	chr9	748	74800000	0	25
k16_6c53d4f5	chr9	749	74900000	0	34
k16_6c53d4f5	chr9	750	75000000	0	37
k16_6c53d4f5	chr9	751	75100000	0	32
k16_6c53d4f5	chr9	752	75200000	0	38
k16_6c53d4f5	chr9	753	75300000	0	31
k16_6c53d4f5	chr9	754	75400000	0	43
k16_6c53d4f5	chr9	755	75500000	0	31
k16_6c53d4f5	chr9	756	75600000	0	26
k16_6c53d4f5	chr9	757	75700000	0	42
k16_6c53d4f5	chr9	758	75800000	0	44
k16_6c53d4f5	chr9	759	75900000	0	35
k16_6c53d4f5	chr9	760	76000000	0	27
k16_6c53d4f5	chr9	761	76100000	0	37
k16_6c53d4f5	chr9	762	76200000	0	41
k16_6c53d4f5	chr9	763	76300000	0	38
k16_6c53d4f5	chr9	764	76400000	0	27
k16_6c53d4f5	chr9	765	76500000	0	10
k16_6c53d4f5	chr10	421	42100000	0	2
k16_6c53d4f5	chr13	0	0	0	1
k16_6c53d4f5	chr13	50	5000000	0	1
k16_6c53d4f5	chr13	102	10200000	0	1
k16_6c53d4f5	chr13	103	10300000	0	1
k16_6c53d4f5	chr14	11	1100000	0	1
k16_6c53d4f5	chr14	12	1200000	0	2
k16_6c53d4f5	chr14	47	4700000	0	1
k16_6c53d4f5	chr15	12	1200000	0	1
k16_6c53d4f5	chr15	16	1600000	0	1
k16_6c53d4f5	chr15	158	15800000	0	1
k16_6c53d4f5	chr17	218	21800000	0	1
k16_6c53d4f5	chr17	219	21900000	0	1
k16_6c53d4f5	chr17	224	22400000	0	1
k16_6c53d4f5	chr20	322	32200000	0	3
k16_6c53d4f5	chr20	323	32300000	0	3
k16_6c53d4f5	chr20	329	32900000	0	1
k16_6c53d4f5	chr21	12	1200000	0	1
k16_6c53d4f5	chr21	20	2000000	0	1
k16_6c53d4f5	chr21	59	5900000	0	1
k16_6c53d4f5	chr21	64	6400000	0	1
k16_6c53d4f5	chr21	67	6700000	0	1
k16_6c53d4f5	chr21	72	7200000	0	1
k16_6c53d4f5	chr21	73	7300000	0	1
k16_6c53d4f5	chr22	23	2300000	0	1
k16_6c53d4f5	chr22	25	2500000	0	1
k16_6c53d4f5	chr22	35	3500000	0	1
k16_6c53d4f5	chr22	71	7100000	0	2
k16_6c53d4f5	chr22	74	7400000	0	2
k16_6c53d4f5	chr22	78	7800000	0	1
k16_6c53d4f5	chr22	79	7900000	0	1
k16_6c53d4f5	chr22	89	8900000	0	1
k16_6c53d4f5	chr22	119	11900000	0	1
k16_6c53d4f5	chrY	110	11000000	0	1
k16_6c53d4f5	chrY	274	27400000	0	1
k16_6c53d4f5	chrY	293	29300000	0	1
k16_6c53d4f5	chrY	557	55700000	0	1
k16_6f12d4f5	chr1	1276	127600000	0	1
k16_6f12d4f5	chr1	1277	127700000	0	1
k16_6f12d4f5	chr9	694	69400000	0	1
k16_6f12d4f5	chr9	720	72000000	0	1
k16_6f12d4f5	chr10	420	42000000	0	2
k16_6f12d4f5	chr10	422	42200000	0	8
k16_6f12d4f5	chr10	423	42300000	0	5
k16_6f12d4f5	chr10	424	42400000	0	15
k16_6f12d4f5	chr13	0	0	0	1
k16_6f12d4f5	chr14	49	4900000	0	1
k16_6f12d4f5	chr14	91	9100000	0	1
k16_6f12d4f5	chr20	322	32200000	0	1
k16_6f12d4f5	chr20	326	32600000	0	1
k16_6f12d4f5	chr21	63	6300000	0	1
k16_6f12d4f5	chr21	76	7600000	0	1
k16_6f12d4f5	chr21	77	7700000	0	7
k16_6f12d4f5	chr22	25	2500000	0	1
k16_6f12d4f5	chr22	26	2600000	0	2
k16_6f12d4f5	chr22	107	10700000	0	17
k16_6f12d4f5	chr22	108	10800000	0	34
k16_6f12d4f5	chr22	109	10900000	0	17
k16_6f12d4f5	chrY	117	11700000	0	1
k16_6f12d4f5	chrY	278	27800000	0	12
k16_6f12d4f5	chrY	289	28900000	0	2
k16_6f12d4f5	chrY	312	31200000	0	1
k16_6f12d4f5	chrY	489	48900000	0	1
k16_6f12d4f5	chrY	555	55500000	0	1
k16_75ee83a0	chr5	496	49600000	0	1
k16_75ee83a0	chr5	497	49700000	0	14
k16_75ee83a0	chr5	498	49800000	0	1
k16_75ee83a0	chr8	1321	132100000	1	1
k16_75ee83a0	chr9	485	48500000	0	6
k16_75ee83a0	chr9	486	48600000	0	5
k16_75ee83a0	chr9	487	48700000	0	4
k16_75ee83a0	chr14	47	4700000	0	1
k16_75ee83a0	chr14	48	4800000	0	1
k16_80a0d3cd	chr1	1269	126900000	0	4
k16_80a0d3cd	chr1	1270	127000000	0	8
k16_80a0d3cd	chr1	1290	129000000	0	1
k16_80a0d3cd	chr1	1299	129900000	0	1
k16_80a0d3cd	chr1	1300	130000000	0	1
k16_80a0d3cd	chr2	914	91400000	0	1
k16_80a0d3cd	chr4	99	9900000	1	1
k16_80a0d3cd	chr7	582	58200000	0	1
k16_80a0d3cd	chr7	598	59800000	0	1
k16_80a0d3cd	chr7	599	59900000	0	1
k16_80a0d3cd	chr7	600	60000000	0	2
k16_80a0d3cd	chr7	1005	100500000	1	1
k16_80a0d3cd	chr10	265	26500000	1	1
k16_80a0d3cd	chr10	429	42900000	0	1
k16_80a0d3cd	chr14	528	52800000	1	1
k16_80a0d3cd	chr14	566	56600000	1	1
k16_80a0d3cd	chr16	356	35600000	0	2
k16_80a0d3cd	chr16	379	37900000	0	1
k16_80a0d3cd	chr16	391	39100000	0	1
k16_80a0d3cd	chr16	392	39200000	0	1
k16_80a0d3cd	chr16	393	39300000	0	1
k16_80a0d3cd	chr16	396	39600000	0	1
k16_80a0d3cd	chr16	397	39700000	0	3
k16_80a0d3cd	chr16	398	39800000	0	4
k16_80a0d3cd	chr16	399	39900000	0	3
k16_80a0d3cd	chr16	400	40000000	0	3
k16_80a0d3cd	chr16	401	40100000	0	6
k16_80a0d3cd	chr16	404	40400000	0	1
k16_80a0d3cd	chr16	407	40700000	0	2
k16_80a0d3cd	chr16	411	41100000	0	1
k16_80a0d3cd	chr16	412	41200000	0	1
k16_80a0d3cd	chr16	413	41300000	0	1
k16_80a0d3cd	chr16	414	41400000	0	6
k16_80a0d3cd	chr16	418	41800000	0	2
k16_80a0d3cd	chr16	419	41900000	0	5
k16_80a0d3cd	chr16	420	42000000	0	3
k16_80a0d3cd	chr16	426	42600000	0	2
k16_80a0d3cd	chr16	429	42900000	0	3
k16_80a0d3cd	chr16	430	43000000	0	3
k16_80a0d3cd	chr16	436	43600000	0	2
k16_80a0d3cd	chr16	442	44200000	0	3
k16_80a0d3cd	chr16	443	44300000	0	2
k16_80a0d3cd	chr16	449	44900000	0	2
k16_80a0d3cd	chr16	455	45500000	0	2
k16_80a0d3cd	chr16	464	46400000	0	3
k16_80a0d3cd	chr16	465	46500000	0	4
k16_80a0d3cd	chr16	470	47000000	0	2
k16_80a0d3cd	chr16	478	47800000	0	1
k16_80a0d3cd	chr16	479	47900000	0	4
k16_80a0d3cd	chr16	482	48200000	0	3
k16_80a0d3cd	chr16	485	48500000	0	6
k16_80a0d3cd	chr16	487	48700000	0	1
k16_80a0d3cd	chr16	488	48800000	0	4
k16_80a0d3cd	chr16	490	49000000	0	1
k16_80a0d3cd	chr16	492	49200000	0	2
k16_80a0d3cd	chr16	497	49700000	0	1
k16_80a0d3cd	chr16	498	49800000	0	3
k16_80a0d3cd	chr16	502	50200000	0	1
k16_80a0d3cd	chr16	503	50300000	0	1
k16_80a0d3cd	chr16	505	50500000	0	1
k16_80a0d3cd	chr16	506	50600000	0	2
k16_80a0d3cd	chr16	521	52100000	0	3
k16_80a0d3cd	chr22	169	16900000	0	1
k16_8320d364	chr1	1300	130000000	0	1
k16_8320d364	chr1	1303	130300000	0	5
k16_8320d364	chr1	1305	130500000	0	1
k16_8320d364	chr1	1309	130900000	0	2
k16_8320d364	chr1	1310	131000000	0	2
k16_8320d364	chr1	1324	132400000	0	1
k16_8320d364	chr1	1371	137100000	0	1
k16_8320d364	chr1	1397	139700000	0	1
k16_8320d364	chr1	1421	142100000	0	1
k16_8320d364	chr1	1422	142200000	0	1
k16_8320d364	chr10	425	42500000	0	3
k16_8320d364	chr10	426	42600000	0	7
k16_8320d364	chr10	427	42700000	0	3
k16_8320d364	chr10	428	42800000	0	2
k16_8320d364	chr10	429	42900000	0	3
k16_8320d364	chr16	395	39500000	0	9
k16_8320d364	chr16	396	39600000	0	14
k16_8320d364	chr16	397	39700000	0	10
k16_8320d364	chr16	398	39800000	0	9
k16_8320d364	chr16	399	39900000	0	12
k16_8320d364	chr16	400	40000000	0	9
k16_8320d364	chr16	401	40100000	0	3
k16_8320d364	chr16	402	40200000	0	16
k16_8320d364	chr16	403	40300000	0	6
k16_8320d364	chr16	404	40400000	0	14
k16_8320d364	chr16	405	40500000	0	4
k16_8320d364	chr16	406	40600000	0	13
k16_8320d364	chr16	407	40700000	0	11
k16_8320d364	chr16	408	40800000	0	9
k16_8320d364	chr16	409	40900000	0	8
k16_8320d364	chr16	410	41000000	0	10
k16_8320d364	chr16	411	41100000	0	11
k16_8320d364	chr16	412	41200000	0	13
k16_8320d364	chr16	413	41300000	0	12
k16_8320d364	chr16	414	41400000	0	4
k16_8320d364	chr16	415	41500000	0	16
k16_8320d364	chr16	416	41600000	0	17
k16_8320d364	chr16	417	41700000	0	18
k16_8320d364	chr16	418	41800000	0	13
k16_8320d364	chr16	419	41900000	0	9
k16_8320d364	chr16	420	42000000	0	8
k16_8320d364	chr16	421	42100000	0	20
k16_8320d364	chr16	422	42200000	0	17
k16_8320d364	chr16	423	42300000	0	17
k16_8320d364	chr16	424	42400000	0	19
k16_8320d364	chr16	425	42500000	0	17
k16_8320d364	chr16	426	42600000	0	12
k16_8320d364	chr16	427	42700000	0	14
k16_8320d364	chr16	428	42800000	0	17
k16_8320d364	chr16	429	42900000	0	13
k16_8320d364	chr16	430	43000000	0	6
k16_8320d364	chr16	431	43100000	0	16
k16_8320d364	chr16	432	43200000	0	20
k16_8320d364	chr16	433	43300000	0	18
k16_8320d364	chr16	434	43400000	0	17
k16_8320d364	chr16	435	43500000	0	18
k16_8320d364	chr16	436	43600000	0	10
k16_8320d364	chr16	437	43700000	0	15
k16_8320d364	chr16	438	43800000	0	18
k16_8320d364	chr16	439	43900000	0	21
k16_8320d364	chr16	440	44000000	0	19
k16_8320d364	chr16	441	44100000	0	18
k16_8320d364	chr16	442	44200000	0	10
k16_8320d364	chr16	443	44300000	0	10
k16_8320d364	chr16	444	44400000	0	19
k16_8320d364	chr16	445	44500000	0	24
k16_8320d364	chr16	446	44600000	0	17
k16_8320d364	chr16	447	44700000	0	15
k16_8320d364	chr16	448	44800000	0	19
k16_8320d364	chr16	449	44900000	0	13
k16_8320d364	chr16	450	45000000	0	13
k16_8320d364	chr16	451	45100000	0	16
k16_8320d364	chr16	452	45200000	0	17
k16_8320d364	chr16	453	45300000	0	22
k16_8320d364	chr16	454	45400000	0	18
k16_8320d364	chr16	455	45500000	0	12
k16_8320d364	chr16	456	45600000	0	15
k16_8320d364	chr16	457	45700000	0	16
k16_8320d364	chr16	458	45800000	0	17
k16_8320d364	chr16	459	45900000	0	20
k16_8320d364	chr16	460	46000000	0	16
k16_8320d364	chr16	461	46100000	0	16
k16_8320d364	chr16	462	46200000	0	17
k16_8320d364	chr16	463	46300000	0	17
k16_8320d364	chr16	464	46400000	0	12
k16_8320d364	chr16	465	46500000	0	7
k16_8320d364	chr16	466	46600000	0	19
k16_8320d364	chr16	467	46700000	0	18
k16_8320d364	chr16	468	46800000	0	17
k16_8320d364	chr16	469	46900000	0	19
k16_8320d364	chr16	470	47000000	0	11
k16_8320d364	chr16	471	47100000	0	15
k16_8320d364	chr16	472	47200000	0	15
k16_8320d364	chr16	473	47300000	0	19
k16_8320d364	chr16	474	47400000	0	22
k16_8320d364	chr16	475	47500000	0	20
k16_8320d364	chr16	476	47600000	0	17
k16_8320d364	chr16	477	47700000	0	19
k16_8320d364	chr16	478	47800000	0	15
k16_8320d364	chr16	479	47900000	0	9
k16_8320d364	chr16	480	48000000	0	16
k16_8320d364	chr16	481	48100000	0	14
k16_8320d364	chr16	482	48200000	0	11
k16_8320d364	chr16	483	48300000	0	17
k16_8320d364	chr16	484	48400000	0	17
k16_8320d364	chr16	485	48500000	0	4
k16_8320d364	chr16	486	48600000	0	17
k16_8320d364	chr16	487	48700000	0	12
k16_8320d364	chr16	488	48800000	0	7
k16_8320d364	chr16	489	48900000	0	22
k16_8320d364	chr16	490	49000000	0	11
k16_8320d364	chr16	491	49100000	0	6
k16_8320d364	chr16	492	49200000	0	15
k16_8320d364	chr16	493	49300000	0	16
k16_8320d364	chr16	494	49400000	0	16
k16_8320d364	chr16	495	49500000	0	17
k16_8320d364	chr16	496	49600000	0	15
k16_8320d364	chr16	497	49700000	0	12
k16_8320d364	chr16	498	49800000	0	12
k16_8320d364	chr16	499	49900000	0	18
k16_8320d364	chr16	500	50000000	0	15
k16_8320d364	chr16	501	50100000	0	16
k16_8320d364	chr16	502	50200000	0	15
k16_8320d364	chr16	503	50300000	0	11
k16_8320d364	chr16	504	50400000	0	15
k16_8320d364	chr16	505	50500000	0	15
k16_8320d364	chr16	506	50600000	0	11
k16_8320d364	chr16	507	50700000	0	16
k16_8320d364	chr16	508	50800000	0	16
k16_8320d364	chr16	509	50900000	0	18
k16_8320d364	chr16	510	51000000	0	18
k16_8320d364	chr16	511	51100000	0	18
k16_8320d364	chr16	512	51200000	0	19
k16_8320d364	chr16	513	51300000	0	16
k16_8320d364	chr16	514	51400000	0	18
k16_8320d364	chr16	515	51500000	0	15
k16_8320d364	chr16	516	51600000	0	16
k16_8320d364	chr16	517	51700000	0	15
k16_8320d364	chr16	518	51800000	0	16
k16_8320d364	chr16	519	51900000	0	18
k16_8320d364	chr16	520	52000000	0	15
k16_8320d364	chr16	521	52100000	0	10
k16_83415831	chr9	484	48400000	0	2
k16_83415831	chr9	485	48500000	0	3
k16_83415831	chr9	492	49200000	0	1
k16_83415831	chr9	495	49500000	0	5
k16_83415831	chr9	496	49600000	0	2
k16_83415831	chr9	499	49900000	0	1
k16_83415831	chr9	500	50000000	0	1
k16_83415831	chr9	502	50200000	0	1
k16_83415831	chr9	503	50300000	0	1
k16_83415831	chr9	505	50500000	0	1
k16_83415831	chr9	507	50700000	0	1
k16_83415831	chr9	508	50800000	0	1
k16_83415831	chr9	509	50900000	0	1
k16_83415831	chr9	512	51200000	0	5
k16_83415831	chr9	513	51300000	0	2
k16_83415831	chr9	516	51600000	0	6
k16_83415831	chr9	517	51700000	0	9
k16_83415831	chr9	518	51800000	0	1
k16_83415831	chr9	519	51900000	0	1
k16_83415831	chr9	522	52200000	0	3
k16_83415831	chr9	524	52400000	0	2
k16_83415831	chr9	526	52600000	0	1
k16_83415831	chr9	528	52800000	0	2
k16_83415831	chr9	533	53300000	0	1
k16_83415831	chr9	534	53400000	0	1
k16_83415831	chr9	535	53500000	0	1
k16_83415831	chr9	536	53600000	0	1
k16_83415831	chr9	538	53800000	0	1
k16_83415831	chr9	539	53900000	0	1
k16_83415831	chr9	540	54000000	0	1
k16_83415831	chr9	541	54100000	0	1
k16_83415831	chr9	543	54300000	0	2
k16_83415831	chr9	545	54500000	0	1
k16_83415831	chr9	549	54900000	0	1
k16_83415831	chr9	550	55000000	0	1
k16_83415831	chr9	553	55300000	0	1
k16_83415831	chr9	556	55600000	0	1
k16_83415831	chr9	560	56000000	0	3
k16_83415831	chr9	562	56200000	0	1
k16_83415831	chr9	566	56600000	0	1
k16_83415831	chr9	567	56700000	0	1
k16_83415831	chr9	568	56800000	0	2
k16_83415831	chr9	577	57700000	0	5
k16_83415831	chr9	585	58500000	0	1
k16_83415831	chr9	588	58800000	0	3
k16_83415831	chr9	592	59200000	0	5
k16_83415831	chr9	594	59400000	0	1
k16_83415831	chr9	595	59500000	0	1
k16_83415831	chr9	606	60600000	0	1
k16_83415831	chr9	609	60900000	0	1
k16_83415831	chr9	611	61100000	0	1
k16_83415831	chr9	612	61200000	0	1
k16_83415831	chr9	613	61300000	0	1
k16_83415831	chr9	615	61500000	0	2
k16_83415831	chr9	621	62100000	0	2
k16_83415831	chr9	622	62200000	0	1
k16_83415831	chr9	623	62300000	0	1
k16_83415831	chr9	626	62600000	0	2
k16_83415831	chr9	629	62900000	0	2
k16_83415831	chr9	631	63100000	0	2
k16_83415831	chr9	633	63300000	0	1
k16_83415831	chr9	636	63600000	0	3
k16_83415831	chr9	639	63900000	0	4
k16_83415831	chr9	642	64200000	0	2
k16_83415831	chr9	650	65000000	0	1
k16_83415831	chr9	655	65500000	0	1
k16_83415831	chr9	656	65600000	0	1
k16_83415831	chr9	659	65900000	0	1
k16_83415831	chr9	662	66200000	0	1
k16_83415831	chr9	666	66600000	0	2
k16_83415831	chr9	668	66800000	0	1
k16_83415831	chr9	673	67300000	0	2
k16_83415831	chr9	674	67400000	0	2
k16_83415831	chr9	683	68300000	0	4
k16_83415831	chr9	684	68400000	0	1
k16_83415831	chr9	691	69100000	0	1
k16_83415831	chr9	694	69400000	0	3
k16_83415831	chr9	698	69800000	0	5
k16_83415831	chr9	700	70000000	0	1
k16_83415831	chr9	712	71200000	0	1
k16_83415831	chr9	715	71500000	0	2
k16_83415831	chr9	719	71900000	0	1
k16_83415831	chr9	725	72500000	0	1
k16_83415831	chr9	737	73700000	0	2
k16_83415831	chr9	741	74100000	0	2
k16_83415831	chr9	746	74600000	0	2
k16_83415831	chr9	749	74900000	0	1
k16_83415831	chr9	750	75000000	0	1
k16_83415831	chr9	755	75500000	0	1
k16_83415831	chr9	759	75900000	0	1
k16_83415831	chr9	764	76400000	0	4
k16_8b53d0e1	chr1	1269	126900000	0	1
k16_8b53d0e1	chr1	1271	127100000	0	2
k16_8b53d0e1	chr1	1287	128700000	0	2
k16_8b53d0e1	chr1	1288	128800000	0	1
k16_8b53d0e1	chr1	1290	129000000	0	3
k16_8b53d0e1	chr1	1296	129600000	0	1
k16_8b53d0e1	chr1	1421	142100000	0	1
k16_8b53d0e1	chr2	893	89300000	0	2
k16_8b53d0e1	chr2	898	89800000	0	1
k16_8b53d0e1	chr2	903	90300000	0	2
k16_8b53d0e1	chr2	914	91400000	0	2
k16_8b53d0e1	chr2	922	92200000	0	1
k16_8b53d0e1	chr2	1416	141600000	1	1
k16_8b53d0e1	chr7	588	58800000	0	1
k16_8b53d0e1	chr7	589	58900000	0	1
k16_8b53d0e1	chr7	592	59200000	0	1
k16_8b53d0e1	chr7	593	59300000	0	2
k16_8b53d0e1	chr7	600	60000000	0	1
k16_8b53d0e1	chr8	931	93100000	1	1
k16_8b53d0e1	chr9	449	44900000	0	1
k16_8b53d0e1	chr10	420	42000000	0	1
k16_8b53d0e1	chr10	425	42500000	0	7
k16_8b53d0e1	chr10	426	42600000	0	7
k16_8b53d0e1	chr10	427	42700000	0	11
k16_8b53d0e1	chr10	429	42900000	0	2
k16_8b53d0e1	chr16	378	37800000	0	1
k16_8b53d0e1	chr16	392	39200000	0	1
k16_8b53d0e1	chr16	395	39500000	0	4
k16_8b53d0e1	chr16	396	39600000	0	12
k16_8b53d0e1	chr16	397	39700000	0	12
k16_8b53d0e1	chr16	398	39800000	0	9
k16_8b53d0e1	chr16	399	39900000	0	11
k16_8b53d0e1	chr16	400	40000000	0	12
k16_8b53d0e1	chr16	401	40100000	0	9
k16_8b53d0e1	chr16	402	40200000	0	14
k16_8b53d0e1	chr16	403	40300000	0	9
k16_8b53d0e1	chr16	404	40400000	0	11
k16_8b53d0e1	chr16	405	40500000	0	8
k16_8b53d0e1	chr16	406	40600000	0	11
k16_8b53d0e1	chr16	407	40700000	0	11
k16_8b53d0e1	chr16	408	40800000	0	13
k16_8b53d0e1	chr16	409	40900000	0	8
k16_8b53d0e1	chr16	410	41000000	0	16
k16_8b53d0e1	chr16	411	41100000	0	15
k16_8b53d0e1	chr16	412	41200000	0	13
k16_8b53d0e1	chr16	413	41300000	0	13
k16_8b53d0e1	chr16	414	41400000	0	7
k16_8b53d0e1	chr16	415	41500000	0	15
k16_8b53d0e1	chr16	416	41600000	0	15
k16_8b53d0e1	chr16	417	41700000	0	14
k16_8b53d0e1	chr16	418	41800000	0	11
k16_8b53d0e1	chr16	419	41900000	0	9
k16_8b53d0e1	chr16	420	42000000	0	12
k16_8b53d0e1	chr16	421	42100000	0	13
k16_8b53d0e1	chr16	422	42200000	0	15
k16_8b53d0e1	chr16	423	42300000	0	16
k16_8b53d0e1	chr16	424	42400000	0	15
k16_8b53d0e1	chr16	425	42500000	0	15
k16_8b53d0e1	chr16	426	42600000	0	9
k16_8b53d0e1	chr16	427	42700000	0	16
k16_8b53d0e1	chr16	428	42800000	0	16
k16_8b53d0e1	chr16	429	42900000	0	11
k16_8b53d0e1	chr16	430	43000000	0	10
k16_8b53d0e1	chr16	431	43100000	0	15
k16_8b53d0e1	chr16	432	43200000	0	11
k16_8b53d0e1	chr16	433	43300000	0	16
k16_8b53d0e1	chr16	434	43400000	0	14
k16_8b53d0e1	chr16	435	43500000	0	14
k16_8b53d0e1	chr16	436	43600000	0	12
k16_8b53d0e1	chr16	437	43700000	0	16
k16_8b53d0e1	chr16	438	43800000	0	13
k16_8b53d0e1	chr16	439	43900000	0	12
k16_8b53d0e1	chr16	440	44000000	0	15
k16_8b53d0e1	chr16	441	44100000	0	14
k16_8b53d0e1	chr16	442	44200000	0	11
k16_8b53d0e1	chr16	443	44300000	0	12
k16_8b53d0e1	chr16	444	44400000	0	13
k16_8b53d0e1	chr16	445	44500000	0	11
k16_8b53d0e1	chr16	446	44600000	0	15
k16_8b53d0e1	chr16	447	44700000	0	15
k16_8b53d0e1	chr16	448	44800000	0	15
k16_8b53d0e1	chr16	449	44900000	0	12
k16_8b53d0e1	chr16	450	45000000	0	13
k16_8b53d0e1	chr16	451	45100000	0	16
k16_8b53d0e1	chr16	452	45200000	0	13
k16_8b53d0e1	chr16	453	45300000	0	12
k16_8b53d0e1	chr16	454	45400000	0	15
k16_8b53d0e1	chr16	455	45500000	0	11
k16_8b53d0e1	chr16	456	45600000	0	13
k16_8b53d0e1	chr16	457	45700000	0	16
k16_8b53d0e1	chr16	458	45800000	0	14
k16_8b53d0e1	chr16	459	45900000	0	11
k16_8b53d0e1	chr16	460	46000000	0	17
k16_8b53d0e1	chr16	461	46100000	0	16
k16_8b53d0e1	chr16	462	46200000	0	13
k16_8b53d0e1	chr16	463	46300000	0	15
k16_8b53d0e1	chr16	464	46400000	0	10
k16_8b53d0e1	chr16	465	46500000	0	10
k16_8b53d0e1	chr16	466	46600000	0	13
k16_8b53d0e1	chr16	467	46700000	0	14
k16_8b53d0e1	chr16	468	46800000	0	16
k16_8b53d0e1	chr16	469	46900000	0	14
k16_8b53d0e1	chr16	470	47000000	0	12
k16_8b53d0e1	chr16	471	47100000	0	12
k16_8b53d0e1	chr16	472	47200000	0	17
k16_8b53d0e1	chr16	473	47300000	0	11
k16_8b53d0e1	chr16	474	47400000	0	12
k16_8b53d0e1	chr16	475	47500000	0	13
k16_8b53d0e1	chr16	476	47600000	0	16
k16_8b53d0e1	chr16	477	47700000	0	14
k16_8b53d0e1	chr16	478	47800000	0	13
k16_8b53d0e1	chr16	479	47900000	0	9
k16_8b53d0e1	chr16	480	48000000	0	14
k16_8b53d0e1	chr16	481	48100000	0	16
k16_8b53d0e1	chr16	482	48200000	0	11
k16_8b53d0e1	chr16	483	48300000	0	12
k16_8b53d0e1	chr16	484	48400000	0	15
k16_8b53d0e1	chr16	485	48500000	0	8
k16_8b53d0e1	chr16	486	48600000	0	13
k16_8b53d0e1	chr16	487	48700000	0	18
k16_8b53d0e1	chr16	488	48800000	0	11
k16_8b53d0e1	chr16	489	48900000	0	9
k16_8b53d0e1	chr16	490	49000000	0	11
k16_8b53d0e1	chr16	491	49100000	0	7
k16_8b53d0e1	chr16	492	49200000	0	12
k16_8b53d0e1	chr16	493	49300000	0	15
k16_8b53d0e1	chr16	494	49400000	0	14
k16_8b53d0e1	chr16	495	49500000	0	17
k16_8b53d0e1	chr16	496	49600000	0	15
k16_8b53d0e1	chr16	497	49700000	0	13
k16_8b53d0e1	chr16	498	49800000	0	12
k16_8b53d0e1	chr16	499	49900000	0	12
k16_8b53d0e1	chr16	500	50000000	0	12
k16_8b53d0e1	chr16	501	50100000	0	15
k16_8b53d0e1	chr16	502	50200000	0	14
k16_8b53d0e1	chr16	503	50300000	0	13
k16_8b53d0e1	chr16	504	50400000	0	12
k16_8b53d0e1	chr16	505	50500000	0	15
k16_8b53d0e1	chr16	506	50600000	0	9
k16_8b53d0e1	chr16	507	50700000	0	15
k16_8b53d0e1	chr16	508	50800000	0	14
k16_8b53d0e1	chr16	509	50900000	0	14
k16_8b53d0e1	chr16	510	51000000	0	11
k16_8b53d0e1	chr16	511	51100000	0	11
k16_8b53d0e1	chr16	512	51200000	0	13
k16_8b53d0e1	chr16	513	51300000	0	16
k16_8b53d0e1	chr16	514	51400000	0	12
k16_8b53d0e1	chr16	515	51500000	0	17
k16_8b53d0e1	chr16	516	51600000	0	17
k16_8b53d0e1	chr16	517	51700000	0	12
k16_8b53d0e1	chr16	518	51800000	0	13
k16_8b53d0e1	chr16	519	51900000	0	9
k16_8b53d0e1	chr16	520	52000000	0	13
k16_8b53d0e1	chr16	521	52100000	0	12
k16_8b53d0e1	chr16	522	52200000	0	1
k16_8b53d0e1	chr17	223	22300000	0	3
k16_8b53d0e1	chr21	64	6400000	0	1
k16_8b53d0e1	chr22	168	16800000	0	2
k16_8b53d0e1	chr22	169	16900000	0	1
k16_8ba0e809	chr1	1275	127500000	0	2
k16_8ba0e809	chr1	1286	128600000	0	2
k16_8ba0e809	chr2	1602	160200000	1	1
k16_8ba0e809	chr3	462	46200000	1	1
k16_8ba0e809	chr4	490	49000000	0	1
k16_8ba0e809	chr9	484	48400000	0	1
k16_8ba0e809	chr9	485	48500000	0	1
k16_8ba0e809	chr9	508	50800000	0	1
k16_8ba0e809	chr9	516	51600000	0	2
k16_8ba0e809	chr9	526	52600000	0	1
k16_8ba0e809	chr9	530	53000000	0	1
k16_8ba0e809	chr9	550	55000000	0	1
k16_8ba0e809	chr9	551	55100000	0	1
k16_8ba0e809	chr9	552	55200000	0	1
k16_8ba0e809	chr9	563	56300000	0	2
k16_8ba0e809	chr9	578	57800000	0	3
k16_8ba0e809	chr9	584	58400000	0	1
k16_8ba0e809	chr9	587	58700000	0	1
k16_8ba0e809	chr9	588	58800000	0	1
k16_8ba0e809	chr9	589	58900000	0	1
k16_8ba0e809	chr9	595	59500000	0	5
k16_8ba0e809	chr9	596	59600000	0	1
k16_8ba0e809	chr9	614	61400000	0	1
k16_8ba0e809	chr9	617	61700000	0	1
k16_8ba0e809	chr9	635	63500000	0	1
k16_8ba0e809	chr9	636	63600000	0	1
k16_8ba0e809	chr9	645	64500000	0	1
k16_8ba0e809	chr9	649	64900000	0	1
k16_8ba0e809	chr9	655	65500000	0	1
k16_8ba0e809	chr9	657	65700000	0	1
k16_8ba0e809	chr9	658	65800000	0	1
k16_8ba0e809	chr9	669	66900000	0	1
k16_8ba0e809	chr9	684	68400000	0	1
k16_8ba0e809	chr9	685	68500000	0	2
k16_8ba0e809	chr9	690	69000000	0	1
k16_8ba0e809	chr9	693	69300000	0	1
k16_8ba0e809	chr9	694	69400000	0	1
k16_8ba0e809	chr9	701	70100000	0	5
k16_8ba0e809	chr9	702	70200000	0	1
k16_8ba0e809	chr9	716	71600000	0	3
k16_8ba0e809	chr9	743	74300000	0	1
k16_8ba0e809	chr9	766	76600000	0	2
k16_8ba0e809	chr10	422	42200000	0	4
k16_8ba0e809	chr10	423	42300000	0	2
k16_8ba0e809	chr13	98	9800000	0	1
k16_8ba0e809	chr13	103	10300000	0	6
k16_8ba0e809	chr13	113	11300000	0	1
k16_8ba0e809	chr13	119	11900000	0	1
k16_8ba0e809	chr13	131	13100000	0	1
k16_8ba0e809	chr13	132	13200000	0	3
k16_8ba0e809	chr14	38	3800000	0	2
k16_8ba0e809	chr14	62	6200000	0	3
k16_8ba0e809	chr14	73	7300000	0	1
k16_8ba0e809	chr14	79	7900000	0	1
k16_8ba0e809	chr14	88	8800000	0	1
k16_8ba0e809	chr14	90	9000000	0	1
k16_8ba0e809	chr14	91	9100000	0	4
k16_8ba0e809	chr14	92	9200000	0	2
k16_8ba0e809	chr15	51	5100000	0	1
k16_8ba0e809	chr15	98	9800000	0	1
k16_8ba0e809	chr15	141	14100000	0	4
k16_8ba0e809	chr15	142	14200000	0	1
k16_8ba0e809	chr15	158	15800000	0	3
k16_8ba0e809	chr17	222	22200000	0	2
k16_8ba0e809	chr20	324	32400000	0	2
k16_8ba0e809	chr20	325	32500000	0	5
k16_8ba0e809	chr20	326	32600000	0	23
k16_8ba0e809	chr20	327	32700000	0	27
k16_8ba0e809	chr20	328	32800000	0	4
k16_8ba0e809	chr21	59	5900000	0	3
k16_8ba0e809	chr21	64	6400000	0	2
k16_8ba0e809	chr21	71	7100000	0	2
k16_8ba0e809	chr21	73	7300000	0	2
k16_8ba0e809	chr21	84	8400000	0	1
k16_8ba0e809	chr21	89	8900000	0	1
k16_8ba0e809	chr21	101	10100000	0	1
k16_8ba0e809	chr21	102	10200000	0	9
k16_8ba0e809	chr22	80	8000000	0	2
k16_8ba0e809	chr22	83	8300000	0	6
k16_8ba0e809	chr22	84	8400000	0	2
k16_8ba0e809	chr22	88	8800000	0	1
k16_8ba0e809	chr22	90	9000000	0	1
k16_8ba0e809	chr22	102	10200000	0	1
k16_8ba0e809	chr22	116	11600000	0	1
k16_8ba0e809	chr22	119	11900000	0	7
k16_8ba0e809	chr22	120	12000000	0	1
k16_8ba0e809	chrY	109	10900000	0	3
k16_8ba0e809	chrY	110	11000000	0	3
k16_8ba0e809	chrY	111	11100000	0	1
k16_8ba0e809	chrY	121	12100000	0	1
k16_8ba0e809	chrY	278	27800000	0	28
k16_8ba0e809	chrY	295	29500000	0	2
k16_8ba0e809	chrY	299	29900000	0	1
k16_8ba0e809	chrY	304	30400000	0	1
k16_8ba0e809	chrY	372	37200000	0	1
k16_8ba0e809	chrY	450	45000000	0	1
k16_8ba0e809	chrY	489	48900000	0	1
k16_8ba0e809	chrY	555	55500000	0	1
k16_8f53d4f9	chr1	1271	127100000	0	1
k16_8f53d4f9	chr1	1275	127500000	0	12
k16_8f53d4f9	chr1	1276	127600000	0	7
k16_8f53d4f9	chr1	1277	127700000	0	3
k16_8f53d4f9	chr1	1280	128000000	0	3
k16_8f53d4f9	chr1	1286	128600000	0	1
k16_8f53d4f9	chr1	1287	128700000	0	1
k16_8f53d4f9	chr1	1296	129600000	0	3
k16_8f53d4f9	chr1	1371	137100000	0	2
k16_8f53d4f9	chr1	1373	137300000	0	1
k16_8f53d4f9	chr2	893	89300000	0	4
k16_8f53d4f9	chr2	903	90300000	0	4
k16_8f53d4f9	chr3	954	95400000	0	6
k16_8f53d4f9	chr3	955	95500000	0	1
k16_8f53d4f9	chr4	490	49000000	0	5
k16_8f53d4f9	chr4	491	49100000	0	1
k16_8f53d4f9	chr4	495	49500000	0	1
k16_8f53d4f9	chr4	496	49600000	0	1
k16_8f53d4f9	chr5	496	49600000	0	17
k16_8f53d4f9	chr5	497	49700000	0	18
k16_8f53d4f9	chr5	498	49800000	0	26
k16_8f53d4f9	chr5	499	49900000	0	41
k16_8f53d4f9	chr7	583	58300000	0	9
k16_8f53d4f9	chr7	584	58400000	0	51
k16_8f53d4f9	chr7	585	58500000	0	11
k16_8f53d4f9	chr7	587	58700000	0	20
k16_8f53d4f9	chr7	589	58900000	0	18
k16_8f53d4f9	chr7	590	59000000	0	8
k16_8f53d4f9	chr8	1266	126600000	1	1
k16_8f53d4f9	chr9	484	48400000	0	4
k16_8f53d4f9	chr9	485	48500000	0	10
k16_8f53d4f9	chr9	486	48600000	0	14
k16_8f53d4f9	chr9	487	48700000	0	12
k16_8f53d4f9	chr9	488	48800000	0	1
k16_8f53d4f9	chr9	490	49000000	0	27
k16_8f53d4f9	chr9	491	49100000	0	167
k16_8f53d4f9	chr9	492	49200000	0	167
k16_8f53d4f9	chr9	493	49300000	0	247
k16_8f53d4f9	chr9	494	49400000	0	270
k16_8f53d4f9	chr9	495	49500000	0	281
k16_8f53d4f9	chr9	496	49600000	0	251
k16_8f53d4f9	chr9	497	49700000	0	267
k16_8f53d4f9	chr9	498	49800000	0	303
k16_8f53d4f9	chr9	499	49900000	0	302
k16_8f53d4f9	chr9	500	50000000	0	282
k16_8f53d4f9	chr9	501	50100000	0	298
k16_8f53d4f9	chr9	502	50200000	0	291
k16_8f53d4f9	chr9	503	50300000	0	286
k16_8f53d4f9	chr9	504	50400000	0	274
k16_8f53d4f9	chr9	505	50500000	0	294
k16_8f53d4f9	chr9	506	50600000	0	307
k16_8f53d4f9	chr9	507	50700000	0	288
k16_8f53d4f9	chr9	508	50800000	0	298
k16_8f53d4f9	chr9	509	50900000	0	264
k16_8f53d4f9	chr9	510	51000000	0	268
k16_8f53d4f9	chr9	511	51100000	0	260
k16_8f53d4f9	chr9	512	51200000	0	254
k16_8f53d4f9	chr9	513	51300000	0	198
k16_8f53d4f9	chr9	514	51400000	0	262
k16_8f53d4f9	chr9	515	51500000	0	264
k16_8f53d4f9	chr9	516	51600000	0	263
k16_8f53d4f9	chr9	517	51700000	0	263
k16_8f53d4f9	chr9	518	51800000	0	294
k16_8f53d4f9	chr9	519	51900000	0	305
k16_8f53d4f9	chr9	520	52000000	0	271
k16_8f53d4f9	chr9	521	52100000	0	273
k16_8f53d4f9	chr9	522	52200000	0	217
k16_8f53d4f9	chr9	523	52300000	0	181
k16_8f53d4f9	chr9	524	52400000	0	194
k16_8f53d4f9	chr9	525	52500000	0	209
k16_8f53d4f9	chr9	526	52600000	0	272
k16_8f53d4f9	chr9	527	52700000	0	281
k16_8f53d4f9	chr9	528	52800000	0	250
k16_8f53d4f9	chr9	529	52900000	0	196
k16_8f53d4f9	chr9	530	53000000	0	262
k16_8f53d4f9	chr9	531	53100000	0	260
k16_8f53d4f9	chr9	532	53200000	0	230
k16_8f53d4f9	chr9	533	53300000	0	208
k16_8f53d4f9	chr9	534	53400000	0	215
k16_8f53d4f9	chr9	535	53500000	0	276
k16_8f53d4f9	chr9	536	53600000	0	250
k16_8f53d4f9	chr9	537	53700000	0	253
k16_8f53d4f9	chr9	538	53800000	0	257
k16_8f53d4f9	chr9	539	53900000	0	212
k16_8f53d4f9	chr9	540	54000000	0	160
k16_8f53d4f9	chr9	541	54100000	0	259
k16_8f53d4f9	chr9	542	54200000	0	266
k16_8f53d4f9	chr9	543	54300000	0	261
k16_8f53d4f9	chr9	544	54400000	0	190
k16_8f53d4f9	chr9	545	54500000	0	222
k16_8f53d4f9	chr9	546	54600000	0	231
k16_8f53d4f9	chr9	547	54700000	0	237
k16_8f53d4f9	chr9	548	54800000	0	288
k16_8f53d4f9	chr9	549	54900000	0	231
k16_8f53d4f9	chr9	550	55000000	0	271
k16_8f53d4f9	chr9	551	55100000	0	228
k16_8f53d4f9	chr9	552	55200000	0	258
k16_8f53d4f9	chr9	553	55300000	0	216
k16_8f53d4f9	chr9	554	55400000	0	265
k16_8f53d4f9	chr9	555	55500000	0	274
k16_8f53d4f9	chr9	556	55600000	0	238
k16_8f53d4f9	chr9	557	55700000	0	254
k16_8f53d4f9	chr9	558	55800000	0	152
k16_8f53d4f9	chr9	559	55900000	0	272
k16_8f53d4f9	chr9	560	56000000	0	242
k16_8f53d4f9	chr9	561	56100000	0	246
k16_8f53d4f9	chr9	562	56200000	0	244
k16_8f53d4f9	chr9	563	56300000	0	259
k16_8f53d4f9	chr9	564	56400000	0	247
k16_8f53d4f9	chr9	565	56500000	0	233
k16_8f53d4f9	chr9	566	56600000	0	285
k16_8f53d4f9	chr9	567	56700000	0	284
k16_8f53d4f9	chr9	568	56800000	0	281
k16_8f53d4f9	chr9	569	56900000	0	262
k16_8f53d4f9	chr9	570	57000000	0	254
k16_8f53d4f9	chr9	571	57100000	0	242
k16_8f53d4f9	chr9	572	57200000	0	238
k16_8f53d4f9	chr9	573	57300000	0	256
k16_8f53d4f9	chr9	574	57400000	0	218
k16_8f53d4f9	chr9	575	57500000	0	163
k16_8f53d4f9	chr9	576	57600000	0	201
k16_8f53d4f9	chr9	577	57700000	0	276
k16_8f53d4f9	chr9	578	57800000	0	268
k16_8f53d4f9	chr9	579	57900000	0	269
k16_8f53d4f9	chr9	580	58000000	0	283
k16_8f53d4f9	chr9	581	58100000	0	269
k16_8f53d4f9	chr9	582	58200000	0	151
k16_8f53d4f9	chr9	583	58300000	0	205
k16_8f53d4f9	chr9	584	58400000	0	280
k16_8f53d4f9	chr9	585	58500000	0	282
k16_8f53d4f9	chr9	586	58600000	0	291
k16_8f53d4f9	chr9	587	58700000	0	276
k16_8f53d4f9	chr9	588	58800000	0	310
k16_8f53d4f9	chr9	589	58900000	0	175
k16_8f53d4f9	chr9	590	59000000	0	270
k16_8f53d4f9	chr9	591	59100000	0	240
k16_8f53d4f9	chr9	592	59200000	0	258
k16_8f53d4f9	chr9	593	59300000	0	272
k16_8f53d4f9	chr9	594	59400000	0	262
k16_8f53d4f9	chr9	595	59500000	0	285
k16_8f53d4f9	chr9	596	59600000	0	231
k16_8f53d4f9	chr9	597	59700000	0	276
k16_8f53d4f9	chr9	598	59800000	0	240
k16_8f53d4f9	chr9	599	59900000	0	232
k16_8f53d4f9	chr9	600	60000000	0	232
k16_8f53d4f9	chr9	601	60100000	0	256
k16_8f53d4f9	chr9	602	60200000	0	224
k16_8f53d4f9	chr9	603	60300000	0	219
k16_8f53d4f9	chr9	604	60400000	0	228
k16_8f53d4f9	chr9	605	60500000	0	216
k16_8f53d4f9	chr9	606	60600000	0	224
k16_8f53d4f9	chr9	607	60700000	0	245
k16_8f53d4f9	chr9	608	60800000	0	273
k16_8f53d4f9	chr9	609	60900000	0	209
k16_8f53d4f9	chr9	610	61000000	0	185
k16_8f53d4f9	chr9	611	61100000	0	223
k16_8f53d4f9	chr9	612	61200000	0	174
k16_8f53d4f9	chr9	613	61300000	0	262
k16_8f53d4f9	chr9	614	61400000	0	253
k16_8f53d4f9	chr9	615	61500000	0	297
k16_8f53d4f9	chr9	616	61600000	0	202
k16_8f53d4f9	chr9	617	61700000	0	255
k16_8f53d4f9	chr9	618	61800000	0	265
k16_8f53d4f9	chr9	619	61900000	0	234
k16_8f53d4f9	chr9	620	62000000	0	187
k16_8f53d4f9	chr9	621	62100000	0	267
k16_8f53d4f9	chr9	622	62200000	0	225
k16_8f53d4f9	chr9	623	62300000	0	281
k16_8f53d4f9	chr9	624	62400000	0	244
k16_8f53d4f9	chr9	625	62500000	0	253
k16_8f53d4f9	chr9	626	62600000	0	269
k16_8f53d4f9	chr9	627	62700000	0	207
k16_8f53d4f9	chr9	628	62800000	0	162
k16_8f53d4f9	chr9	629	62900000	0	268
k16_8f53d4f9	chr9	630	63000000	0	267
k16_8f53d4f9	chr9	631	63100000	0	260
k16_8f53d4f9	chr9	632	63200000	0	196
k16_8f53d4f9	chr9	633	63300000	0	233
k16_8f53d4f9	chr9	634	63400000	0	271
k16_8f53d4f9	chr9	635	63500000	0	242
k16_8f53d4f9	chr9	636	63600000	0	287
k16_8f53d4f9	chr9	637	63700000	0	259
k16_8f53d4f9	chr9	638	63800000	0	310
k16_8f53d4f9	chr9	639	63900000	0	245
k16_8f53d4f9	chr9	640	64000000	0	207
k16_8f53d4f9	chr9	641	64100000	0	298
k16_8f53d4f9	chr9	642	64200000	0	271
k16_8f53d4f9	chr9	643	64300000	0	203
k16_8f53d4f9	chr9	644	64400000	0	230
k16_8f53d4f9	chr9	645	64500000	0	178
k16_8f53d4f9	chr9	646	64600000	0	168
k16_8f53d4f9	chr9	647	64700000	0	263
k16_8f53d4f9	chr9	648	64800000	0	154
k16_8f53d4f9	chr9	649	64900000	0	218
k16_8f53d4f9	chr9	650	65000000	0	157
k16_8f53d4f9	chr9	651	65100000	0	229
k16_8f53d4f9	chr9	652	65200000	0	210
k16_8f53d4f9	chr9	653	65300000	0	299
k16_8f53d4f9	chr9	654	65400000	0	242
k16_8f53d4f9	chr9	655	65500000	0	263
k16_8f53d4f9	chr9	656	65600000	0	263
k16_8f53d4f9	chr9	657	65700000	0	227
k16_8f53d4f9	chr9	658	65800000	0	237
k16_8f53d4f9	chr9	659	65900000	0	248
k16_8f53d4f9	chr9	660	66000000	0	260
k16_8f53d4f9	chr9	661	66100000	0	261
k16_8f53d4f9	chr9	662	66200000	0	237
k16_8f53d4f9	chr9	663	66300000	0	249
k16_8f53d4f9	chr9	664	66400000	0	144
k16_8f53d4f9	chr9	665	66500000	0	269
k16_8f53d4f9	chr9	666	66600000	0	248
k16_8f53d4f9	chr9	667	66700000	0	249
k16_8f53d4f9	chr9	668	66800000	0	241
k16_8f53d4f9	chr9	669	66900000	0	243
k16_8f53d4f9	chr9	670	67000000	0	251
k16_8f53d4f9	chr9	671	67100000	0	230
k16_8f53d4f9	chr9	672	67200000	0	278
k16_8f53d4f9	chr9	673	67300000	0	279
k16_8f53d4f9	chr9	674	67400000	0	287
k16_8f53d4f9	chr9	675	67500000	0	262
k16_8f53d4f9	chr9	676	67600000	0	267
k16_8f53d4f9	chr9	677	67700000	0	214
k16_8f53d4f9	chr9	678	67800000	0	258
k16_8f53d4f9	chr9	679	67900000	0	250
k16_8f53d4f9	chr9	680	68000000	0	236
k16_8f53d4f9	chr9	681	68100000	0	137
k16_8f53d4f9	chr9	682	68200000	0	230
k16_8f53d4f9	chr9	683	68300000	0	247
k16_8f53d4f9	chr9	684	68400000	0	270
k16_8f53d4f9	chr9	685	68500000	0	268
k16_8f53d4f9	chr9	686	68600000	0	289
k16_8f53d4f9	chr9	687	68700000	0	262
k16_8f53d4f9	chr9	688	68800000	0	186
k16_8f53d4f9	chr9	689	68900000	0	175
k16_8f53d4f9	chr9	690	69000000	0	275
k16_8f53d4f9	chr9	691	69100000	0	276
k16_8f53d4f9	chr9	692	69200000	0	290
k16_8f53d4f9	chr9	693	69300000	0	278
k16_8f53d4f9	chr9	694	69400000	0	308
k16_8f53d4f9	chr9	695	69500000	0	221
k16_8f53d4f9	chr9	696	69600000	0	237
k16_8f53d4f9	chr9	697	69700000	0	261
k16_8f53d4f9	chr9	698	69800000	0	230
k16_8f53d4f9	chr9	699	69900000	0	265
k16_8f53d4f9	chr9	700	70000000	0	263
k16_8f53d4f9	chr9	701	70100000	0	277
k16_8f53d4f9	chr9	702	70200000	0	268
k16_8f53d4f9	chr9	703	70300000	0	245
k16_8f53d4f9	chr9	704	70400000	0	280
k16_8f53d4f9	chr9	705	70500000	0	200
k16_8f53d4f9	chr9	706	70600000	0	227
k16_8f53d4f9	chr9	707	70700000	0	300
k16_8f53d4f9	chr9	708	70800000	0	216
k16_8f53d4f9	chr9	709	70900000	0	212
k16_8f53d4f9	chr9	710	71000000	0	208
k16_8f53d4f9	chr9	711	71100000	0	224
k16_8f53d4f9	chr9	712	71200000	0	254
k16_8f53d4f9	chr9	713	71300000	0	203
k16_8f53d4f9	chr9	714	71400000	0	220
k16_8f53d4f9	chr9	715	71500000	0	227
k16_8f53d4f9	chr9	716	71600000	0	234
k16_8f53d4f9	chr9	717	71700000	0	198
k16_8f53d4f9	chr9	718	71800000	0	261
k16_8f53d4f9	chr9	719	71900000	0	245
k16_8f53d4f9	chr9	720	72000000	0	261
k16_8f53d4f9	chr9	721	72100000	0	306
k16_8f53d4f9	chr9	722	72200000	0	201
k16_8f53d4f9	chr9	723	72300000	0	215
k16_8f53d4f9	chr9	724	72400000	0	234
k16_8f53d4f9	chr9	725	72500000	0	201
k16_8f53d4f9	chr9	726	72600000	0	255
k16_8f53d4f9	chr9	727	72700000	0	221
k16_8f53d4f9	chr9	728	72800000	0	192
k16_8f53d4f9	chr9	729	72900000	0	221
k16_8f53d4f9	chr9	730	73000000	0	284
k16_8f53d4f9	chr9	731	73100000	0	278
k16_8f53d4f9	chr9	732	73200000	0	265
k16_8f53d4f9	chr9	733	73300000	0	290
k16_8f53d4f9	chr9	734	73400000	0	235
k16_8f53d4f9	chr9	735	73500000	0	250
k16_8f53d4f9	chr9	736	73600000	0	238
k16_8f53d4f9	chr9	737	73700000	0	273
k16_8f53d4f9	chr9	738	73800000	0	268
k16_8f53d4f9	chr9	739	73900000	0	214
k16_8f53d4f9	chr9	740	74000000	0	217
k16_8f53d4f9	chr9	741	74100000	0	253
k16_8f53d4f9	chr9	742	74200000	0	176
k16_8f53d4f9	chr9	743	74300000	0	209
k16_8f53d4f9	chr9	744	74400000	0	195
k16_8f53d4f9	chr9	745	74500000	0	247
k16_8f53d4f9	chr9	746	74600000	0	219
k16_8f53d4f9	chr9	747	74700000	0	278
k16_8f53d4f9	chr9	748	74800000	0	241
k16_8f53d4f9	chr9	749	74900000	0	237
k16_8f53d4f9	chr9	750	75000000	0	247
k16_8f53d4f9	chr9	751	75100000	0	262
k16_8f53d4f9	chr9	752	75200000	0	207
k16_8f53d4f9	chr9	753	75300000	0	268
k16_8f53d4f9	chr9	754	75400000	0	219
k16_8f53d4f9	chr9	755	75500000	0	228
k16_8f53d4f9	chr9	756	75600000	0	276
k16_8f53d4f9	chr9	757	75700000	0	280
k16_8f53d4f9	chr9	758	75800000	0	182
k16_8f53d4f9	chr9	759	75900000	0	226
k16_8f53d4f9	chr9	760	76000000	0	293
k16_8f53d4f9	chr9	761	76100000	0	293
k16_8f53d4f9	chr9	762	76200000	0	240
k16_8f53d4f9	chr9	763	76300000	0	218
k16_8f53d4f9	chr9	764	76400000	0	249
k16_8f53d4f9	chr9	765	76500000	0	96
k16_8f53d4f9	chr9	766	76600000	0	1
k16_8f53d4f9	chr10	385	38500000	0	7
k16_8f53d4f9	chr10	386	38600000	0	9
k16_8f53d4f9	chr10	420	42000000	0	1
k16_8f53d4f9	chr10	421	42100000	0	7
k16_8f53d4f9	chr10	422	42200000	0	17
k16_8f53d4f9	chr10	423	42300000	0	8
k16_8f53d4f9	chr10	424	42400000	0	5
k16_8f53d4f9	chr10	425	42500000	0	1
k16_8f53d4f9	chr10	426	42600000	0	3
k16_8f53d4f9	chr10	427	42700000	0	1
k16_8f53d4f9	chr10	428	42800000	0	2
k16_8f53d4f9	chr10	431	43100000	0	1
k16_8f53d4f9	chr13	0	0	0	2
k16_8f53d4f9	chr13	50	5000000	0	6
k16_8f53d4f9	chr13	51	5100000	0	1
k16_8f53d4f9	chr13	98	9800000	0	18
k16_8f53d4f9	chr13	102	10200000	0	5
k16_8f53d4f9	chr13	103	10300000	0	19
k16_8f53d4f9	chr13	104	10400000	0	1
k16_8f53d4f9	chr13	106	10600000	0	1
k16_8f53d4f9	chr13	107	10700000	0	1
k16_8f53d4f9	chr13	110	11000000	0	3
k16_8f53d4f9	chr13	111	11100000	0	1
k16_8f53d4f9	chr13	118	11800000	0	3
k16_8f53d4f9	chr13	133	13300000	0	1
k16_8f53d4f9	chr13	134	13400000	0	1
k16_8f53d4f9	chr14	9	900000	0	5
k16_8f53d4f9	chr14	10	1000000	0	9
k16_8f53d4f9	chr14	11	1100000	0	5
k16_8f53d4f9	chr14	12	1200000	0	8
k16_8f53d4f9	chr14	13	1300000	0	2
k16_8f53d4f9	chr14	14	1400000	0	2
k16_8f53d4f9	chr14	32	3200000	0	7
k16_8f53d4f9	chr14	33	3300000	0	15
k16_8f53d4f9	chr14	37	3700000	0	22
k16_8f53d4f9	chr14	38	3800000	0	9
k16_8f53d4f9	chr14	46	4600000	0	1
k16_8f53d4f9	chr14	47	4700000	0	6
k16_8f53d4f9	chr14	48	4800000	0	4
k16_8f53d4f9	chr14	49	4900000	0	1
k16_8f53d4f9	chr14	54	5400000	0	1
k16_8f53d4f9	chr14	55	5500000	0	1
k16_8f53d4f9	chr14	58	5800000	0	3
k16_8f53d4f9	chr14	60	6000000	0	2
k16_8f53d4f9	chr14	74	7400000	0	2
k16_8f53d4f9	chr14	82	8200000	0	2
k16_8f53d4f9	chr14	83	8300000	0	1
k16_8f53d4f9	chr14	87	8700000	0	3
k16_8f53d4f9	chr14	88	8800000	0	1
k16_8f53d4f9	chr14	90	9000000	0	1
k16_8f53d4f9	chr15	11	1100000	0	22
k16_8f53d4f9	chr15	12	1200000	0	6
k16_8f53d4f9	chr15	15	1500000	0	1
k16_8f53d4f9	chr15	16	1600000	0	3
k16_8f53d4f9	chr15	51	5100000	0	16
k16_8f53d4f9	chr15	52	5200000	0	4
k16_8f53d4f9	chr15	59	5900000	0	5
k16_8f53d4f9	chr15	60	6000000	0	25
k16_8f53d4f9	chr15	61	6100000	0	29
k16_8f53d4f9	chr15	62	6200000	0	23
k16_8f53d4f9	chr15	63	6300000	0	22
k16_8f53d4f9	chr15	64	6400000	0	53
k16_8f53d4f9	chr15	65	6500000	0	42
k16_8f53d4f9	chr15	66	6600000	0	40
k16_8f53d4f9	chr15	67	6700000	0	36
k16_8f53d4f9	chr15	68	6800000	0	51
k16_8f53d4f9	chr15	69	6900000	0	52
k16_8f53d4f9	chr15	70	7000000	0	50
k16_8f53d4f9	chr15	71	7100000	0	47
k16_8f53d4f9	chr15	72	7200000	0	54
k16_8f53d4f9	chr15	73	7300000	0	52
k16_8f53d4f9	chr15	74	7400000	0	44
k16_8f53d4f9	chr15	75	7500000	0	55
k16_8f53d4f9	chr15	76	7600000	0	52
k16_8f53d4f9	chr15	77	7700000	0	54
k16_8f53d4f9	chr15	78	7800000	0	51
k16_8f53d4f9	chr15	79	7900000	0	51
k16_8f53d4f9	chr15	80	8000000	0	56
k16_8f53d4f9	chr15	81	8100000	0	48
k16_8f53d4f9	chr15	82	8200000	0	49
k16_8f53d4f9	chr15	83	8300000	0	55
k16_8f53d4f9	chr15	84	8400000	0	56
k16_8f53d4f9	chr15	85	8500000	0	54
k16_8f53d4f9	chr15	86	8600000	0	49
k16_8f53d4f9	chr15	87	8700000	0	55
k16_8f53d4f9	chr15	88	8800000	0	54
k16_8f53d4f9	chr15	89	8900000	0	43
k16_8f53d4f9	chr15	90	9000000	0	48
k16_8f53d4f9	chr15	91	9100000	0	50
k16_8f53d4f9	chr15	92	9200000	0	53
k16_8f53d4f9	chr15	93	9300000	0	52
k16_8f53d4f9	chr15	94	9400000	0	49
k16_8f53d4f9	chr15	95	9500000	0	49
k16_8f53d4f9	chr15	96	9600000	0	40
k16_8f53d4f9	chr15	97	9700000	0	31
k16_8f53d4f9	chr15	98	9800000	0	52
k16_8f53d4f9	chr15	99	9900000	0	52
k16_8f53d4f9	chr15	100	10000000	0	54
k16_8f53d4f9	chr15	101	10100000	0	43
k16_8f53d4f9	chr15	102	10200000	0	50
k16_8f53d4f9	chr15	103	10300000	0	48
k16_8f53d4f9	chr15	104	10400000	0	54
k16_8f53d4f9	chr15	105	10500000	0	53
k16_8f53d4f9	chr15	106	10600000	0	39
k16_8f53d4f9	chr15	107	10700000	0	53
k16_8f53d4f9	chr15	108	10800000	0	51
k16_8f53d4f9	chr15	109	10900000	0	53
k16_8f53d4f9	chr15	110	11000000	0	45
k16_8f53d4f9	chr15	111	11100000	0	50
k16_8f53d4f9	chr15	112	11200000	0	55
k16_8f53d4f9	chr15	113	11300000	0	55
k16_8f53d4f9	chr15	114	11400000	0	52
k16_8f53d4f9	chr15	115	11500000	0	51
k16_8f53d4f9	chr15	116	11600000	0	44
k16_8f53d4f9	chr15	117	11700000	0	51
k16_8f53d4f9	chr15	118	11800000	0	54
k16_8f53d4f9	chr15	119	11900000	0	50
k16_8f53d4f9	chr15	120	12000000	0	49
k16_8f53d4f9	chr15	121	12100000	0	53
k16_8f53d4f9	chr15	122	12200000	0	47
k16_8f53d4f9	chr15	123	12300000	0	54
k16_8f53d4f9	chr15	124	12400000	0	53
k16_8f53d4f9	chr15	125	12500000	0	52
k16_8f53d4f9	chr15	126	12600000	0	48
k16_8f53d4f9	chr15	127	12700000	0	49
k16_8f53d4f9	chr15	128	12800000	0	53
k16_8f53d4f9	chr15	129	12900000	0	51
k16_8f53d4f9	chr15	130	13000000	0	47
k16_8f53d4f9	chr15	131	13100000	0	51
k16_8f53d4f9	chr15	132	13200000	0	55
k16_8f53d4f9	chr15	133	13300000	0	48
k16_8f53d4f9	chr15	134	13400000	0	52
k16_8f53d4f9	chr15	135	13500000	0	52
k16_8f53d4f9	chr15	136	13600000	0	43
k16_8f53d4f9	chr15	137	13700000	0	42
k16_8f53d4f9	chr15	138	13800000	0	29
k16_8f53d4f9	chr15	139	13900000	0	10
k16_8f53d4f9	chr15	152	15200000	0	2
k16_8f53d4f9	chr15	153	15300000	0	1
k16_8f53d4f9	chr16	356	35600000	0	2
k16_8f53d4f9	chr16	391	39100000	0	1
k16_8f53d4f9	chr16	394	39400000	0	1
k16_8f53d4f9	chr16	406	40600000	0	1
k16_8f53d4f9	chr16	410	41000000	0	1
k16_8f53d4f9	chr16	423	42300000	0	1
k16_8f53d4f9	chr16	433	43300000	0	1
k16_8f53d4f9	chr16	447	44700000	0	1
k16_8f53d4f9	chr16	468	46800000	0	1
k16_8f53d4f9	chr16	485	48500000	0	1
k16_8f53d4f9	chr16	493	49300000	0	1
k16_8f53d4f9	chr16	494	49400000	0	1
k16_8f53d4f9	chr17	218	21800000	0	5
k16_8f53d4f9	chr17	219	21900000	0	12
k16_8f53d4f9	chr17	220	22000000	0	1
k16_8f53d4f9	chr17	221	22100000	0	4
k16_8f53d4f9	chr17	222	22200000	0	9
k16_8f53d4f9	chr17	224	22400000	0	1
k16_8f53d4f9	chr17	225	22500000	0	1
k16_8f53d4f9	chr17	278	27800000	0	7
k16_8f53d4f9	chr20	320	32000000	0	8
k16_8f53d4f9	chr20	321	32100000	0	31
k16_8f53d4f9	chr20	322	32200000	0	43
k16_8f53d4f9	chr20	323	32300000	0	35
k16_8f53d4f9	chr20	324	32400000	0	13
k16_8f53d4f9	chr20	325	32500000	0	16
k16_8f53d4f9	chr20	326	32600000	0	5
k16_8f53d4f9	chr20	328	32800000	0	28
k16_8f53d4f9	chr20	329	32900000	0	5
k16_8f53d4f9	chr21	11	1100000	0	16
k16_8f53d4f9	chr21	12	1200000	0	11
k16_8f53d4f9	chr21	20	2000000	0	6
k16_8f53d4f9	chr21	21	2100000	0	1
k16_8f53d4f9	chr21	58	5800000	0	1
k16_8f53d4f9	chr21	59	5900000	0	1
k16_8f53d4f9	chr21	64	6400000	0	9
k16_8f53d4f9	chr21	66	6600000	0	1
k16_8f53d4f9	chr21	67	6700000	0	3
k16_8f53d4f9	chr21	68	6800000	0	2
k16_8f53d4f9	chr21	70	7000000	0	1
k16_8f53d4f9	chr21	71	7100000	0	5
k16_8f53d4f9	chr21	72	7200000	0	21
k16_8f53d4f9	chr21	73	7300000	0	28
k16_8f53d4f9	chr21	76	7600000	0	1
k16_8f53d4f9	chr21	81	8100000	0	4
k16_8f53d4f9	chr21	89	8900000	0	3
k16_8f53d4f9	chr21	104	10400000	0	2
k16_8f53d4f9	chr22	24	2400000	0	3
k16_8f53d4f9	chr22	25	2500000	0	1
k16_8f53d4f9	chr22	26	2600000	0	2
k16_8f53d4f9	chr22	35	3500000	0	3
k16_8f53d4f9	chr22	36	3600000	0	1
k16_8f53d4f9	chr22	65	6500000	0	1
k16_8f53d4f9	chr22	71	7100000	0	4
k16_8f53d4f9	chr22	72	7200000	0	23
k16_8f53d4f9	chr22	73	7300000	0	1
k16_8f53d4f9	chr22	74	7400000	0	1
k16_8f53d4f9	chr22	77	7700000	0	2
k16_8f53d4f9	chr22	78	7800000	0	8
k16_8f53d4f9	chr22	79	7900000	0	2
k16_8f53d4f9	chr22	80	8000000	0	1
k16_8f53d4f9	chr22	84	8400000	0	1
k16_8f53d4f9	chr22	89	8900000	0	3
k16_8f53d4f9	chr22	96	9600000	0	1
k16_8f53d4f9	chr22	102	10200000	0	2
k16_8f53d4f9	chr22	103	10300000	0	1
k16_8f53d4f9	chr22	107	10700000	0	1
k16_8f53d4f9	chr22	108	10800000	0	1
k16_8f53d4f9	chr22	115	11500000	0	2
k16_8f53d4f9	chr22	116	11600000	0	3
k16_8f53d4f9	chr22	118	11800000	0	1
k16_8f53d4f9	chr22	170	17000000	0	4
k16_8f53d4f9	chrX	423	42300000	1	1
k16_8f53d4f9	chrY	115	11500000	0	3
k16_8f53d4f9	chrY	117	11700000	0	1
k16_8f53d4f9	chrY	121	12100000	0	1
k16_8f53d4f9	chrY	123	12300000	0	2
k16_8f53d4f9	chrY	125	12500000	0	5
k16_8f53d4f9	chrY	126	12600000	0	3
k16_8f53d4f9	chrY	285	28500000	0	1
k16_8f53d4f9	chrY	296	29600000	0	2
k16_8f53d4f9	chrY	298	29800000	0	2
k16_8f53d4f9	chrY	300	30000000	0	2
k16_8f53d4f9	chrY	301	30100000	0	3
k16_8f53d4f9	chrY	302	30200000	0	1
k16_8f53d4f9	chrY	303	30300000	0	2
k16_8f53d4f9	chrY	306	30600000	0	2
k16_8f53d4f9	chrY	307	30700000	0	2
k16_8f53d4f9	chrY	309	30900000	0	2
k16_8f53d4f9	chrY	312	31200000	0	2
k16_8f53d4f9	chrY	313	31300000	0	3
k16_8f53d4f9	chrY	314	31400000	0	1
k16_8f53d4f9	chrY	315	31500000	0	2
k16_8f53d4f9	chrY	316	31600000	0	3
k16_8f53d4f9	chrY	317	31700000	0	1
k16_8f53d4f9	chrY	320	32000000	0	7
k16_8f53d4f9	chrY	321	32100000	0	4
k16_8f53d4f9	chrY	324	32400000	0	1
k16_8f53d4f9	chrY	325	32500000	0	1
k16_8f53d4f9	chrY	326	32600000	0	2
k16_8f53d4f9	chrY	327	32700000	0	2
k16_8f53d4f9	chrY	328	32800000	0	1
k16_8f53d4f9	chrY	332	33200000	0	1
k16_8f53d4f9	chrY	338	33800000	0	2
k16_8f53d4f9	chrY	339	33900000	0	4
k16_8f53d4f9	chrY	341	34100000	0	2
k16_8f53d4f9	chrY	342	34200000	0	1
k16_8f53d4f9	chrY	343	34300000	0	2
k16_8f53d4f9	chrY	344	34400000	0	3
k16_8f53d4f9	chrY	377	37700000	0	1
k16_8f53d4f9	chrY	378	37800000	0	2
k16_8f53d4f9	chrY	379	37900000	0	1
k16_8f53d4f9	chrY	380	38000000	0	1
k16_8f53d4f9	chrY	398	39800000	0	3
k16_8f53d4f9	chrY	402	40200000	0	1
k16_8f53d4f9	chrY	403	40300000	0	1
k16_8f53d4f9	chrY	404	40400000	0	1
k16_8f53d4f9	chrY	405	40500000	0	2
k16_8f53d4f9	chrY	406	40600000	0	2
k16_8f53d4f9	chrY	415	41500000	0	7
k16_8f53d4f9	chrY	416	41600000	0	1
k16_8f53d4f9	chrY	418	41800000	0	2
k16_8f53d4f9	chrY	419	41900000	0	1
k16_8f53d4f9	chrY	420	42000000	0	1
k16_8f53d4f9	chrY	422	42200000	0	3
k16_8f53d4f9	chrY	423	42300000	0	1
k16_8f53d4f9	chrY	424	42400000	0	2
k16_8f53d4f9	chrY	450	45000000	0	3
k16_8f53d4f9	chrY	455	45500000	0	1
k16_8f53d4f9	chrY	456	45600000	0	1
k16_8f53d4f9	chrY	457	45700000	0	1
k16_8f53d4f9	chrY	458	45800000	0	2
k16_8f53d4f9	chrY	459	45900000	0	1
k16_8f53d4f9	chrY	468	46800000	0	13
k16_8f53d4f9	chrY	469	46900000	0	2
k16_8f53d4f9	chrY	470	47000000	0	1
k16_8f53d4f9	chrY	471	47100000	0	3
k16_8f53d4f9	chrY	472	47200000	0	2
k16_8f53d4f9	chrY	474	47400000	0	3
k16_8f53d4f9	chrY	475	47500000	0	3
k16_8f53d4f9	chrY	483	48300000	0	1
k16_8f53d4f9	chrY	490	49000000	0	1
k16_8f53d4f9	chrY	510	51000000	0	2
k16_8f53d4f9	chrY	512	51200000	0	1
k16_8f53d4f9	chrY	519	51900000	0	1
k16_8f53d4f9	chrY	520	52000000	0	3
k16_8f53d4f9	chrY	525	52500000	0	1
k16_8f53d4f9	chrY	526	52600000	0	3
k16_8f53d4f9	chrY	528	52800000	0	1
k16_8f53d4f9	chrY	535	53500000	0	1
k16_8f53d4f9	chrY	536	53600000	0	3
k16_8f53d4f9	chrY	541	54100000	0	3
k16_8f53d4f9	chrY	550	55000000	0	2
k16_8f53d4f9	chrY	552	55200000	0	1
k16_8f53d4f9	chrY	563	56300000	0	1
k16_8f53d4f9	chrY	565	56500000	0	2
k16_8f53d4f9	chrY	578	57800000	0	1
k16_8f53d4f9	chrY	595	59500000	0	1
k16_8f53d4f9	chrY	609	60900000	0	1
k16_8f53d4f9	chrY	612	61200000	0	2
k16_8f53d4f9	chrY	613	61300000	0	8
k16_8f53d4f9	chrY	615	61500000	0	1
k16_8f53d4f9	chrY	617	61700000	0	4
k16_8f53d4f9	chrY	619	61900000	0	1
k16_8f53d4f9	chrY	620	62000000	0	1
k16_90ec3acc	chr1	1275	127500000	0	1
k16_90ec3acc	chr1	1277	127700000	0	1
k16_90ec3acc	chr10	420	42000000	0	1
k16_90ec3acc	chr10	421	42100000	0	6
k16_90ec3acc	chr10	422	42200000	0	17
k16_90ec3acc	chr10	423	42300000	0	17
k16_90ec3acc	chr10	424	42400000	0	8
k16_90ec3acc	chr14	58	5800000	0	3
k16_90ec3acc	chr21	76	7600000	0	6
k16_90ec3acc	chr21	77	7700000	0	8
k16_90ec3acc	chr22	107	10700000	0	33
k16_90ec3acc	chr22	108	10800000	0	29
k16_90ec3acc	chr22	109	10900000	0	23
k16_93d803d4	chr1	1296	129600000	0	1
k16_93d803d4	chr1	1302	130200000	0	1
k16_93d803d4	chr1	1311	131100000	0	2
k16_93d803d4	chr1	1313	131300000	0	1
k16_93d803d4	chr1	1315	131500000	0	2
k16_93d803d4	chr1	1316	131600000	0	1
k16_93d803d4	chr1	1320	132000000	0	2
k16_93d803d4	chr1	1325	132500000	0	1
k16_93d803d4	chr1	1326	132600000	0	1
k16_93d803d4	chr1	1329	132900000	0	1
k16_93d803d4	chr1	1330	133000000	0	2
k16_93d803d4	chr1	1334	133400000	0	1
k16_93d803d4	chr1	1338	133800000	0	2
k16_93d803d4	chr1	1340	134000000	0	3
k16_93d803d4	chr1	1345	134500000	0	2
k16_93d803d4	chr1	1354	135400000	0	1
k16_93d803d4	chr1	1356	135600000	0	2
k16_93d803d4	chr1	1357	135700000	0	1
k16_93d803d4	chr1	1362	136200000	0	1
k16_93d803d4	chr1	1364	136400000	0	1
k16_93d803d4	chr1	1369	136900000	0	1
k16_93d803d4	chr1	1371	137100000	0	1
k16_93d803d4	chr1	1372	137200000	0	1
k16_93d803d4	chr1	1373	137300000	0	2
k16_93d803d4	chr1	1374	137400000	0	3
k16_93d803d4	chr1	1376	137600000	0	1
k16_93d803d4	chr1	1379	137900000	0	1
k16_93d803d4	chr1	1388	138800000	0	1
k16_93d803d4	chr1	1391	139100000	0	2
k16_93d803d4	chr10	425	42500000	0	4
k16_93d803d4	chr10	426	42600000	0	12
k16_93d803d4	chr10	427	42700000	0	6
k16_a0d0562c	chr1	1275	127500000	0	6
k16_a0d0562c	chr1	1277	127700000	0	3
k16_a0d0562c	chr1	1280	128000000	0	6
k16_a0d0562c	chr3	954	95400000	0	1
k16_a0d0562c	chr4	490	49000000	0	4
k16_a0d0562c	chr5	496	49600000	0	7
k16_a0d0562c	chr5	497	49700000	0	8
k16_a0d0562c	chr5	498	49800000	0	7
k16_a0d0562c	chr5	499	49900000	0	1
k16_a0d0562c	chr7	585	58500000	0	11
k16_a0d0562c	chr7	587	58700000	0	1
k16_a0d0562c	chr7	589	58900000	0	1
k16_a0d0562c	chr7	590	59000000	0	1
k16_a0d0562c	chr9	484	48400000	0	1
k16_a0d0562c	chr9	485	48500000	0	5
k16_a0d0562c	chr9	486	48600000	0	1
k16_a0d0562c	chr9	487	48700000	0	3
k16_a0d0562c	chr9	488	48800000	0	2
k16_a0d0562c	chr9	492	49200000	0	11
k16_a0d0562c	chr9	493	49300000	0	57
k16_a0d0562c	chr9	494	49400000	0	68
k16_a0d0562c	chr9	495	49500000	0	94
k16_a0d0562c	chr9	496	49600000	0	68
k16_a0d0562c	chr9	497	49700000	0	70
k16_a0d0562c	chr9	498	49800000	0	81
k16_a0d0562c	chr9	499	49900000	0	81
k16_a0d0562c	chr9	500	50000000	0	69
k16_a0d0562c	chr9	501	50100000	0	74
k16_a0d0562c	chr9	502	50200000	0	70
k16_a0d0562c	chr9	503	50300000	0	81
k16_a0d0562c	chr9	504	50400000	0	55
k16_a0d0562c	chr9	505	50500000	0	78
k16_a0d0562c	chr9	506	50600000	0	83
k16_a0d0562c	chr9	507	50700000	0	76
k16_a0d0562c	chr9	508	50800000	0	82
k16_a0d0562c	chr9	509	50900000	0	63
k16_a0d0562c	chr9	510	51000000	0	80
k16_a0d0562c	chr9	511	51100000	0	69
k16_a0d0562c	chr9	512	51200000	0	94
k16_a0d0562c	chr9	513	51300000	0	29
k16_a0d0562c	chr9	514	51400000	0	72
k16_a0d0562c	chr9	515	51500000	0	71
k16_a0d0562c	chr9	516	51600000	0	75
k16_a0d0562c	chr9	517	51700000	0	76
k16_a0d0562c	chr9	518	51800000	0	80
k16_a0d0562c	chr9	519	51900000	0	92
k16_a0d0562c	chr9	520	52000000	0	70
k16_a0d0562c	chr9	521	52100000	0	83
k16_a0d0562c	chr9	522	52200000	0	61
k16_a0d0562c	chr9	523	52300000	0	40
k16_a0d0562c	chr9	524	52400000	0	54
k16_a0d0562c	chr9	525	52500000	0	55
k16_a0d0562c	chr9	526	52600000	0	77
k16_a0d0562c	chr9	527	52700000	0	72
k16_a0d0562c	chr9	528	52800000	0	64
k16_a0d0562c	chr9	529	52900000	0	51
k16_a0d0562c	chr9	530	53000000	0	64
k16_a0d0562c	chr9	531	53100000	0	69
k16_a0d0562c	chr9	532	53200000	0	65
k16_a0d0562c	chr9	533	53300000	0	40
k16_a0d0562c	chr9	534	53400000	0	49
k16_a0d0562c	chr9	535	53500000	0	81
k16_a0d0562c	chr9	536	53600000	0	72
k16_a0d0562c	chr9	537	53700000	0	72
k16_a0d0562c	chr9	538	53800000	0	68
k16_a0d0562c	chr9	539	53900000	0	60
k16_a0d0562c	chr9	540	54000000	0	26
k16_a0d0562c	chr9	541	54100000	0	64
k16_a0d0562c	chr9	542	54200000	0	62
k16_a0d0562c	chr9	543	54300000	0	76
k16_a0d0562c	chr9	544	54400000	0	29
k16_a0d0562c	chr9	545	54500000	0	65
k16_a0d0562c	chr9	546	54600000	0	53
k16_a0d0562c	chr9	547	54700000	0	56
k16_a0d0562c	chr9	548	54800000	0	67
k16_a0d0562c	chr9	549	54900000	0	60
k16_a0d0562c	chr9	550	55000000	0	74
k16_a0d0562c	chr9	551	55100000	0	45
k16_a0d0562c	chr9	552	55200000	0	82
k16_a0d0562c	chr9	553	55300000	0	60
k16_a0d0562c	chr9	554	55400000	0	71
k16_a0d0562c	chr9	555	55500000	0	66
k16_a0d0562c	chr9	556	55600000	0	63
k16_a0d0562c	chr9	557	55700000	0	72
k16_a0d0562c	chr9	558	55800000	0	22
k16_a0d0562c	chr9	559	55900000	0	81
k16_a0d0562c	chr9	560	56000000	0	71
k16_a0d0562c	chr9	561	56100000	0	67
k16_a0d0562c	chr9	562	56200000	0	65
k16_a0d0562c	chr9	563	56300000	0	73
k16_a0d0562c	chr9	564	56400000	0	63
k16_a0d0562c	chr9	565	56500000	0	52
k16_a0d0562c	chr9	566	56600000	0	85
k16_a0d0562c	chr9	567	56700000	0	86
k16_a0d0562c	chr9	568	56800000	0	76
k16_a0d0562c	chr9	569	56900000	0	92
k16_a0d0562c	chr9	570	57000000	0	70
k16_a0d0562c	chr9	571	57100000	0	57
k16_a0d0562c	chr9	572	57200000	0	59
k16_a0d0562c	chr9	573	57300000	0	58
k16_a0d0562c	chr9	574	57400000	0	56
k16_a0d0562c	chr9	575	57500000	0	39
k16_a0d0562c	chr9	576	57600000	0	51
k16_a0d0562c	chr9	577	57700000	0	74
k16_a0d0562c	chr9	578	57800000	0	77
k16_a0d0562c	chr9	579	57900000	0	66
k16_a0d0562c	chr9	580	58000000	0	60
k16_a0d0562c	chr9	581	58100000	0	58
k16_a0d0562c	chr9	582	58200000	0	32
k16_a0d0562c	chr9	583	58300000	0	58
k16_a0d0562c	chr9	584	58400000	0	84
k16_a0d0562c	chr9	585	58500000	0	76
k16_a0d0562c	chr9	586	58600000	0	103
k16_a0d0562c	chr9	587	58700000	0	69
k16_a0d0562c	chr9	588	58800000	0	96
k16_a0d0562c	chr9	589	58900000	0	33
k16_a0d0562c	chr9	590	59000000	0	62
k16_a0d0562c	chr9	591	59100000	0	64
k16_a0d0562c	chr9	592	59200000	0	67
k16_a0d0562c	chr9	593	59300000	0	78
k16_a0d0562c	chr9	594	59400000	0	77
k16_a0d0562c	chr9	595	59500000	0	94
k16_a0d0562c	chr9	596	59600000	0	71
k16_a0d0562c	chr9	597	59700000	0	60
k16_a0d0562c	chr9	598	59800000	0	66
k16_a0d0562c	chr9	599	59900000	0	57
k16_a0d0562c	chr9	600	60000000	0	67
k16_a0d0562c	chr9	601	60100000	0	69
k16_a0d0562c	chr9	602	60200000	0	62
k16_a0d0562c	chr9	603	60300000	0	55
k16_a0d0562c	chr9	604	60400000	0	68
k16_a0d0562c	chr9	605	60500000	0	56
k16_a0d0562c	chr9	606	60600000	0	76
k16_a0d0562c	chr9	607	60700000	0	63
k16_a0d0562c	chr9	608	60800000	0	85
k16_a0d0562c	chr9	609	60900000	0	56
k16_a0d0562c	chr9	610	61000000	0	44
k16_a0d0562c	chr9	611	61100000	0	64
k16_a0d0562c	chr9	612	61200000	0	41
k16_a0d0562c	chr9	613	61300000	0	76
k16_a0d0562c	chr9	614	61400000	0	67
k16_a0d0562c	chr9	615	61500000	0	72
k16_a0d0562c	chr9	616	61600000	0	53
k16_a0d0562c	chr9	617	61700000	0	65
k16_a0d0562c	chr9	618	61800000	0	69
k16_a0d0562c	chr9	619	61900000	0	65
k16_a0d0562c	chr9	620	62000000	0	37
k16_a0d0562c	chr9	621	62100000	0	85
k16_a0d0562c	chr9	622	62200000	0	44
k16_a0d0562c	chr9	623	62300000	0	92
k16_a0d0562c	chr9	624	62400000	0	66
k16_a0d0562c	chr9	625	62500000	0	73
k16_a0d0562c	chr9	626	62600000	0	73
k16_a0d0562c	chr9	627	62700000	0	49
k16_a0d0562c	chr9	628	62800000	0	35
k16_a0d0562c	chr9	629	62900000	0	72
k16_a0d0562c	chr9	630	63000000	0	63
k16_a0d0562c	chr9	631	63100000	0	79
k16_a0d0562c	chr9	632	63200000	0	38
k16_a0d0562c	chr9	633	63300000	0	65
k16_a0d0562c	chr9	634	63400000	0	77
k16_a0d0562c	chr9	635	63500000	0	75
k16_a0d0562c	chr9	636	63600000	0	66
k16_a0d0562c	chr9	637	63700000	0	99
k16_a0d0562c	chr9	638	63800000	0	103
k16_a0d0562c	chr9	639	63900000	0	67
k16_a0d0562c	chr9	640	64000000	0	50
k16_a0d0562c	chr9	641	64100000	0	78
k16_a0d0562c	chr9	642	64200000	0	88
k16_a0d0562c	chr9	643	64300000	0	39
k16_a0d0562c	chr9	644	64400000	0	66
k16_a0d0562c	chr9	645	64500000	0	50
k16_a0d0562c	chr9	646	64600000	0	40
k16_a0d0562c	chr9	647	64700000	0	72
k16_a0d0562c	chr9	648	64800000	0	36
k16_a0d0562c	chr9	649	64900000	0	57
k16_a0d0562c	chr9	650	65000000	0	30
k16_a0d0562c	chr9	651	65100000	0	59
k16_a0d0562c	chr9	652	65200000	0	48
k16_a0d0562c	chr9	653	65300000	0	72
k16_a0d0562c	chr9	654	65400000	0	59
k16_a0d0562c	chr9	655	65500000	0	69
k16_a0d0562c	chr9	656	65600000	0	67
k16_a0d0562c	chr9	657	65700000	0	54
k16_a0d0562c	chr9	658	65800000	0	69
k16_a0d0562c	chr9	659	65900000	0	72
k16_a0d0562c	chr9	660	66000000	0	68
k16_a0d0562c	chr9	661	66100000	0	61
k16_a0d0562c	chr9	662	66200000	0	69
k16_a0d0562c	chr9	663	66300000	0	66
k16_a0d0562c	chr9	664	66400000	0	23
k16_a0d0562c	chr9	665	66500000	0	79
k16_a0d0562c	chr9	666	66600000	0	64
k16_a0d0562c	chr9	667	66700000	0	74
k16_a0d0562c	chr9	668	66800000	0	68
k16_a0d0562c	chr9	669	66900000	0	68
k16_a0d0562c	chr9	670	67000000	0	70
k16_a0d0562c	chr9	671	67100000	0	43
k16_a0d0562c	chr9	672	67200000	0	85
k16_a0d0562c	chr9	673	67300000	0	85
k16_a0d0562c	chr9	674	67400000	0	77
k16_a0d0562c	chr9	675	67500000	0	87
k16_a0d0562c	chr9	676	67600000	0	82
k16_a0d0562c	chr9	677	67700000	0	45
k16_a0d0562c	chr9	678	67800000	0	65
k16_a0d0562c	chr9	679	67900000	0	60
k16_a0d0562c	chr9	680	68000000	0	60
k16_a0d0562c	chr9	681	68100000	0	27
k16_a0d0562c	chr9	682	68200000	0	61
k16_a0d0562c	chr9	683	68300000	0	63
k16_a0d0562c	chr9	684	68400000	0	79
k16_a0d0562c	chr9	685	68500000	0	68
k16_a0d0562c	chr9	686	68600000	0	64
k16_a0d0562c	chr9	687	68700000	0	48
k16_a0d0562c	chr9	688	68800000	0	45
k16_a0d0562c	chr9	689	68900000	0	41
k16_a0d0562c	chr9	690	69000000	0	89
k16_a0d0562c	chr9	691	69100000	0	78
k16_a0d0562c	chr9	692	69200000	0	92
k16_a0d0562c	chr9	693	69300000	0	79
k16_a0d0562c	chr9	694	69400000	0	95
k16_a0d0562c	chr9	695	69500000	0	44
k16_a0d0562c	chr9	696	69600000	0	54
k16_a0d0562c	chr9	697	69700000	0	71
k16_a0d0562c	chr9	698	69800000	0	65
k16_a0d0562c	chr9	699	69900000	0	64
k16_a0d0562c	chr9	700	70000000	0	77
k16_a0d0562c	chr9	701	70100000	0	87
k16_a0d0562c	chr9	702	70200000	0	89
k16_a0d0562c	chr9	703	70300000	0	52
k16_a0d0562c	chr9	704	70400000	0	76
k16_a0d0562c	chr9	705	70500000	0	48
k16_a0d0562c	chr9	706	70600000	0	68
k16_a0d0562c	chr9	707	70700000	0	77
k16_a0d0562c	chr9	708	70800000	0	54
k16_a0d0562c	chr9	709	70900000	0	47
k16_a0d0562c	chr9	710	71000000	0	70
k16_a0d0562c	chr9	711	71100000	0	52
k16_a0d0562c	chr9	712	71200000	0	77
k16_a0d0562c	chr9	713	71300000	0	62
k16_a0d0562c	chr9	714	71400000	0	63
k16_a0d0562c	chr9	715	71500000	0	53
k16_a0d0562c	chr9	716	71600000	0	67
k16_a0d0562c	chr9	717	71700000	0	44
k16_a0d0562c	chr9	718	71800000	0	71
k16_a0d0562c	chr9	719	71900000	0	66
k16_a0d0562c	chr9	720	72000000	0	74
k16_a0d0562c	chr9	721	72100000	0	79
k16_a0d0562c	chr9	722	72200000	0	47
k16_a0d0562c	chr9	723	72300000	0	52
k16_a0d0562c	chr9	724	72400000	0	79
k16_a0d0562c	chr9	725	72500000	0	41
k16_a0d0562c	chr9	726	72600000	0	74
k16_a0d0562c	chr9	727	72700000	0	55
k16_a0d0562c	chr9	728	72800000	0	39
k16_a0d0562c	chr9	729	72900000	0	64
k16_a0d0562c	chr9	730	73000000	0	76
k16_a0d0562c	chr9	731	73100000	0	74
k16_a0d0562c	chr9	732	73200000	0	80
k16_a0d0562c	chr9	733	73300000	0	97
k16_a0d0562c	chr9	734	73400000	0	51
k16_a0d0562c	chr9	735	73500000	0	58
k16_a0d0562c	chr9	736	73600000	0	62
k16_a0d0562c	chr9	737	73700000	0	87
k16_a0d0562c	chr9	738	73800000	0	61
k16_a0d0562c	chr9	739	73900000	0	41
k16_a0d0562c	chr9	740	74000000	0	56
k16_a0d0562c	chr9	741	74100000	0	54
k16_a0d0562c	chr9	742	74200000	0	44
k16_a0d0562c	chr9	743	74300000	0	70
k16_a0d0562c	chr9	744	74400000	0	53
k16_a0d0562c	chr9	745	74500000	0	74
k16_a0d0562c	chr9	746	74600000	0	49
k16_a0d0562c	chr9	747	74700000	0	67
k16_a0d0562c	chr9	748	74800000	0	58
k16_a0d0562c	chr9	749	74900000	0	52
k16_a0d0562c	chr9	750	75000000	0	64
k16_a0d0562c	chr9	751	75100000	0	81
k16_a0d0562c	chr9	752	75200000	0	62
k16_a0d0562c	chr9	753	75300000	0	93
k16_a0d0562c	chr9	754	75400000	0	58
k16_a0d0562c	chr9	755	75500000	0	79
k16_a0d0562c	chr9	756	75600000	0	74
k16_a0d0562c	chr9	757	75700000	0	77
k16_a0d0562c	chr9	758	75800000	0	47
k16_a0d0562c	chr9	759	75900000	0	64
k16_a0d0562c	chr9	760	76000000	0	68
k16_a0d0562c	chr9	761	76100000	0	66
k16_a0d0562c	chr9	762	76200000	0	73
k16_a0d0562c	chr9	763	76300000	0	67
k16_a0d0562c	chr9	764	76400000	0	77
k16_a0d0562c	chr9	765	76500000	0	28
k16_a0d0562c	chr10	421	42100000	0	6
k16_a0d0562c	chr10	422	42200000	0	7
k16_a0d0562c	chr10	423	42300000	0	16
k16_a0d0562c	chr10	424	42400000	0	28
k16_a0d0562c	chr13	50	5000000	0	1
k16_a0d0562c	chr13	98	9800000	0	2
k16_a0d0562c	chr13	102	10200000	0	18
k16_a0d0562c	chr13	103	10300000	0	35
k16_a0d0562c	chr14	10	1000000	0	1
k16_a0d0562c	chr14	33	3300000	0	3
k16_a0d0562c	chr14	37	3700000	0	11
k16_a0d0562c	chr14	38	3800000	0	35
k16_a0d0562c	chr14	47	4700000	0	6
k16_a0d0562c	chr14	48	4800000	0	2
k16_a0d0562c	chr15	11	1100000	0	2
k16_a0d0562c	chr15	12	1200000	0	2
k16_a0d0562c	chr15	16	1600000	0	1
k16_a0d0562c	chr15	51	5100000	0	2
k16_a0d0562c	chr17	220	22000000	0	1
k16_a0d0562c	chr17	221	22100000	0	1
k16_a0d0562c	chr17	222	22200000	0	2
k16_a0d0562c	chr20	320	32000000	0	3
k16_a0d0562c	chr20	322	32200000	0	8
k16_a0d0562c	chr20	323	32300000	0	10
k16_a0d0562c	chr20	324	32400000	0	4
k16_a0d0562c	chr20	325	32500000	0	4
k16_a0d0562c	chr20	326	32600000	0	2
k16_a0d0562c	chr20	328	32800000	0	4
k16_a0d0562c	chr20	329	32900000	0	1
k16_a0d0562c	chr21	12	1200000	0	1
k16_a0d0562c	chr21	20	2000000	0	1
k16_a0d0562c	chr21	66	6600000	0	1
k16_a0d0562c	chr21	67	6700000	0	1
k16_a0d0562c	chr21	71	7100000	0	2
k16_a0d0562c	chr21	72	7200000	0	6
k16_a0d0562c	chr21	73	7300000	0	6
k16_a0d0562c	chr22	35	3500000	0	1
k16_a0d0562c	chr22	71	7100000	0	5
k16_a0d0562c	chr22	78	7800000	0	1
k16_a0d364c8	chr1	1269	126900000	0	30
k16_a0d364c8	chr1	1270	127000000	0	43
k16_a0d364c8	chr1	1271	127100000	0	51
k16_a0d364c8	chr1	1272	127200000	0	73
k16_a0d364c8	chr1	1273	127300000	0	66
k16_a0d364c8	chr1	1274	127400000	0	87
k16_a0d364c8	chr1	1287	128700000	0	20
k16_a0d364c8	chr1	1290	129000000	0	41
k16_a0d364c8	chr1	1291	129100000	0	66
k16_a0d364c8	chr1	1292	129200000	0	70
k16_a0d364c8	chr1	1293	129300000	0	61
k16_a0d364c8	chr1	1294	129400000	0	55
k16_a0d364c8	chr1	1295	129500000	0	56
k16_a0d364c8	chr1	1296	129600000	0	93
k16_a0d364c8	chr1	1297	129700000	0	112
k16_a0d364c8	chr1	1298	129800000	0	113
k16_a0d364c8	chr1	1299	129900000	0	109
k16_a0d364c8	chr1	1300	130000000	0	98
k16_a0d364c8	chr1	1301	130100000	0	104
k16_a0d364c8	chr1	1302	130200000	0	105
k16_a0d364c8	chr1	1303	130300000	0	102
k16_a0d364c8	chr1	1304	130400000	0	113
k16_a0d364c8	chr1	1305	130500000	0	115
k16_a0d364c8	chr1	1306	130600000	0	119
k16_a0d364c8	chr1	1307	130700000	0	109
k16_a0d364c8	chr1	1308	130800000	0	110
k16_a0d364c8	chr1	1309	130900000	0	107
k16_a0d364c8	chr1	1310	131000000	0	106
k16_a0d364c8	chr1	1311	131100000	0	119
k16_a0d364c8	chr1	1312	131200000	0	107
k16_a0d364c8	chr1	1313	131300000	0	107
k16_a0d364c8	chr1	1314	131400000	0	114
k16_a0d364c8	chr1	1315	131500000	0	115
k16_a0d364c8	chr1	1316	131600000	0	110
k16_a0d364c8	chr1	1317	131700000	0	107
k16_a0d364c8	chr1	1318	131800000	0	108
k16_a0d364c8	chr1	1319	131900000	0	100
k16_a0d364c8	chr1	1320	132000000	0	112
k16_a0d364c8	chr1	1321	132100000	0	109
k16_a0d364c8	chr1	1322	132200000	0	106
k16_a0d364c8	chr1	1323	132300000	0	106
k16_a0d364c8	chr1	1324	132400000	0	103
k16_a0d364c8	chr1	1325	132500000	0	115
k16_a0d364c8	chr1	1326	132600000	0	112
k16_a0d364c8	chr1	1327	132700000	0	104
k16_a0d364c8	chr1	1328	132800000	0	107
k16_a0d364c8	chr1	1329	132900000	0	105
k16_a0d364c8	chr1	1330	133000000	0	115
k16_a0d364c8	chr1	1331	133100000	0	110
k16_a0d364c8	chr1	1332	133200000	0	112
k16_a0d364c8	chr1	1333	133300000	0	108
k16_a0d364c8	chr1	1334	133400000	0	112
k16_a0d364c8	chr1	1335	133500000	0	108
k16_a0d364c8	chr1	1336	133600000	0	107
k16_a0d364c8	chr1	1337	133700000	0	109
k16_a0d364c8	chr1	1338	133800000	0	106
k16_a0d364c8	chr1	1339	133900000	0	103
k16_a0d364c8	chr1	1340	134000000	0	107
k16_a0d364c8	chr1	1341	134100000	0	111
k16_a0d364c8	chr1	1342	134200000	0	107
k16_a0d364c8	chr1	1343	134300000	0	109
k16_a0d364c8	chr1	1344	134400000	0	100
k16_a0d364c8	chr1	1345	134500000	0	110
k16_a0d364c8	chr1	1346	134600000	0	108
k16_a0d364c8	chr1	1347	134700000	0	106
k16_a0d364c8	chr1	1348	134800000	0	112
k16_a0d364c8	chr1	1349	134900000	0	107
k16_a0d364c8	chr1	1350	135000000	0	110
k16_a0d364c8	chr1	1351	135100000	0	106
k16_a0d364c8	chr1	1352	135200000	0	112
k16_a0d364c8	chr1	1353	135300000	0	108
k16_a0d364c8	chr1	1354	135400000	0	113
k16_a0d364c8	chr1	1355	135500000	0	111
k16_a0d364c8	chr1	1356	135600000	0	107
k16_a0d364c8	chr1	1357	135700000	0	120
k16_a0d364c8	chr1	1358	135800000	0	111
k16_a0d364c8	chr1	1359	135900000	0	108
k16_a0d364c8	chr1	1360	136000000	0	108
k16_a0d364c8	chr1	1361	136100000	0	105
k16_a0d364c8	chr1	1362	136200000	0	114
k16_a0d364c8	chr1	1363	136300000	0	107
k16_a0d364c8	chr1	1364	136400000	0	108
k16_a0d364c8	chr1	1365	136500000	0	111
k16_a0d364c8	chr1	1366	136600000	0	112
k16_a0d364c8	chr1	1367	136700000	0	111
k16_a0d364c8	chr1	1368	136800000	0	114
k16_a0d364c8	chr1	1369	136900000	0	110
k16_a0d364c8	chr1	1370	137000000	0	106
k16_a0d364c8	chr1	1371	137100000	0	117
k16_a0d364c8	chr1	1372	137200000	0	104
k16_a0d364c8	chr1	1373	137300000	0	117
k16_a0d364c8	chr1	1374	137400000	0	109
k16_a0d364c8	chr1	1375	137500000	0	114
k16_a0d364c8	chr1	1376	137600000	0	108
k16_a0d364c8	chr1	1377	137700000	0	108
k16_a0d364c8	chr1	1378	137800000	0	118
k16_a0d364c8	chr1	1379	137900000	0	116
k16_a0d364c8	chr1	1380	138000000	0	102
k16_a0d364c8	chr1	1381	138100000	0	114
k16_a0d364c8	chr1	1382	138200000	0	115
k16_a0d364c8	chr1	1383	138300000	0	113
k16_a0d364c8	chr1	1384	138400000	0	114
k16_a0d364c8	chr1	1385	138500000	0	125
k16_a0d364c8	chr1	1386	138600000	0	115
k16_a0d364c8	chr1	1387	138700000	0	117
k16_a0d364c8	chr1	1388	138800000	0	113
k16_a0d364c8	chr1	1389	138900000	0	118
k16_a0d364c8	chr1	1390	139000000	0	111
k16_a0d364c8	chr1	1391	139100000	0	121
k16_a0d364c8	chr1	1392	139200000	0	111
k16_a0d364c8	chr1	1393	139300000	0	115
k16_a0d364c8	chr1	1394	139400000	0	113
k16_a0d364c8	chr1	1395	139500000	0	115
k16_a0d364c8	chr1	1396	139600000	0	94
k16_a0d364c8	chr1	1397	139700000	0	109
k16_a0d364c8	chr1	1398	139800000	0	119
k16_a0d364c8	chr1	1399	139900000	0	109
k16_a0d364c8	chr1	1400	140000000	0	121
k16_a0d364c8	chr1	1401	140100000	0	115
k16_a0d364c8	chr1	1402	140200000	0	118
k16_a0d364c8	chr1	1403	140300000	0	121
k16_a0d364c8	chr1	1404	140400000	0	122
k16_a0d364c8	chr1	1405	140500000	0	108
k16_a0d364c8	chr1	1406	140600000	0	111
k16_a0d364c8	chr1	1407	140700000	0	119
k16_a0d364c8	chr1	1408	140800000	0	115
k16_a0d364c8	chr1	1409	140900000	0	119
k16_a0d364c8	chr1	1410	141000000	0	110
k16_a0d364c8	chr1	1411	141100000	0	115
k16_a0d364c8	chr1	1412	141200000	0	117
k16_a0d364c8	chr1	1413	141300000	0	120
k16_a0d364c8	chr1	1414	141400000	0	112
k16_a0d364c8	chr1	1415	141500000	0	115
k16_a0d364c8	chr1	1416	141600000	0	116
k16_a0d364c8	chr1	1417	141700000	0	112
k16_a0d364c8	chr1	1418	141800000	0	122
k16_a0d364c8	chr1	1419	141900000	0	111
k16_a0d364c8	chr1	1420	142000000	0	106
k16_a0d364c8	chr1	1421	142100000	0	97
k16_a0d364c8	chr1	1422	142200000	0	24
k16_a0d364c8	chr3	1996	199600000	1	1
k16_a0d364c8	chr7	592	59200000	0	1
k16_a0d364c8	chr10	420	42000000	0	8
k16_a0d364c8	chr10	425	42500000	0	48
k16_a0d364c8	chr10	426	42600000	0	106
k16_a0d364c8	chr10	427	42700000	0	90
k16_a0d364c8	chr10	428	42800000	0	88
k16_a0d364c8	chr10	429	42900000	0	68
k16_a0d364c8	chr22	168	16800000	0	1
k16_a0e834c5	chr1	1277	127700000	0	1
k16_a0e834c5	chr1	1280	128000000	0	1
k16_a0e834c5	chr9	524	52400000	0	1
k16_a0e834c5	chr9	544	54400000	0	2
k16_a0e834c5	chr9	577	57700000	0	1
k16_a0e834c5	chr9	583	58300000	0	2
k16_a0e834c5	chr9	612	61200000	0	1
k16_a0e834c5	chr9	632	63200000	0	2
k16_a0e834c5	chr9	640	64000000	0	10
k16_a0e834c5	chr9	643	64300000	0	2
k16_a0e834c5	chr9	648	64800000	0	4
k16_a0e834c5	chr9	649	64900000	0	6
k16_a0e834c5	chr9	683	68300000	0	1
k16_a0e834c5	chr9	689	68900000	0	2
k16_a0e834c5	chr9	755	75500000	0	1
k16_a0e834c5	chr9	765	76500000	0	1
k16_a0e834c5	chr13	769	76900000	1	1
k16_a0e834c5	chr22	96	9600000	0	1
k16_b60e8760	chr1	1272	127200000	0	2
k16_b60e8760	chr1	1273	127300000	0	1
k16_b60e8760	chr1	1274	127400000	0	2
k16_b60e8760	chr1	1287	128700000	0	2
k16_b60e8760	chr1	1290	129000000	0	7
k16_b60e8760	chr1	1313	131300000	0	1
k16_b60e8760	chr1	1348	134800000	0	1
k16_b60e8760	chr1	1421	142100000	0	1
k16_b60e8760	chr1	1422	142200000	0	2
k16_b60e8760	chr2	893	89300000	0	1
k16_b60e8760	chr2	903	90300000	0	1
k16_b60e8760	chr2	910	91000000	0	3
k16_b60e8760	chr2	915	91500000	0	1
k16_b60e8760	chr7	583	58300000	0	1
k16_b60e8760	chr7	592	59200000	0	1
k16_b60e8760	chr7	599	59900000	0	2
k16_b60e8760	chr7	600	60000000	0	1
k16_b60e8760	chr7	667	66700000	0	1
k16_b60e8760	chr9	449	44900000	0	1
k16_b60e8760	chr10	385	38500000	0	1
k16_b60e8760	chr10	386	38600000	0	1
k16_b60e8760	chr10	389	38900000	0	1
k16_b60e8760	chr10	420	42000000	0	2
k16_b60e8760	chr10	425	42500000	0	16
k16_b60e8760	chr10	426	42600000	0	28
k16_b60e8760	chr10	427	42700000	0	32
k16_b60e8760	chr10	429	42900000	0	3
k16_b60e8760	chr15	139	13900000	0	1
k16_b60e8760	chr16	379	37900000	0	1
k16_b60e8760	chr16	393	39300000	0	1
k16_b60e8760	chr16	394	39400000	0	2
k16_b60e8760	chr16	395	39500000	0	7
k16_b60e8760	chr16	396	39600000	0	17
k16_b60e8760	chr16	397	39700000	0	12
k16_b60e8760	chr16	398	39800000	0	13
k16_b60e8760	chr16	399	39900000	0	14
k16_b60e8760	chr16	400	40000000	0	12
k16_b60e8760	chr16	401	40100000	0	10
k16_b60e8760	chr16	402	40200000	0	13
k16_b60e8760	chr16	403	40300000	0	21
k16_b60e8760	chr16	404	40400000	0	15
k16_b60e8760	chr16	405	40500000	0	20
k16_b60e8760	chr16	406	40600000	0	17
k16_b60e8760	chr16	407	40700000	0	13
k16_b60e8760	chr16	408	40800000	0	15
k16_b60e8760	chr16	409	40900000	0	21
k16_b60e8760	chr16	410	41000000	0	14
k16_b60e8760	chr16	411	41100000	0	12
k16_b60e8760	chr16	412	41200000	0	13
k16_b60e8760	chr16	413	41300000	0	13
k16_b60e8760	chr16	414	41400000	0	11
k16_b60e8760	chr16	415	41500000	0	17
k16_b60e8760	chr16	416	41600000	0	17
k16_b60e8760	chr16	417	41700000	0	17
k16_b60e8760	chr16	418	41800000	0	16
k16_b60e8760	chr16	419	41900000	0	10
k16_b60e8760	chr16	420	42000000	0	11
k16_b60e8760	chr16	421	42100000	0	20
k16_b60e8760	chr16	422	42200000	0	17
k16_b60e8760	chr16	423	42300000	0	18
k16_b60e8760	chr16	424	42400000	0	16
k16_b60e8760	chr16	425	42500000	0	17
k16_b60e8760	chr16	426	42600000	0	16
k16_b60e8760	chr16	427	42700000	0	14
k16_b60e8760	chr16	428	42800000	0	17
k16_b60e8760	chr16	429	42900000	0	13
k16_b60e8760	chr16	430	43000000	0	13
k16_b60e8760	chr16	431	43100000	0	14
k16_b60e8760	chr16	432	43200000	0	21
k16_b60e8760	chr16	433	43300000	0	18
k16_b60e8760	chr16	434	43400000	0	17
k16_b60e8760	chr16	435	43500000	0	18
k16_b60e8760	chr16	436	43600000	0	14
k16_b60e8760	chr16	437	43700000	0	16
k16_b60e8760	chr16	438	43800000	0	20
k16_b60e8760	chr16	439	43900000	0	21
k16_b60e8760	chr16	440	44000000	0	17
k16_b60e8760	chr16	441	44100000	0	18
k16_b60e8760	chr16	442	44200000	0	12
k16_b60e8760	chr16	443	44300000	0	12
k16_b60e8760	chr16	444	44400000	0	19
k16_b60e8760	chr16	445	44500000	0	24
k16_b60e8760	chr16	446	44600000	0	18
k16_b60e8760	chr16	447	44700000	0	17
k16_b60e8760	chr16	448	44800000	0	17
k16_b60e8760	chr16	449	44900000	0	16
k16_b60e8760	chr16	450	45000000	0	15
k16_b60e8760	chr16	451	45100000	0	16
k16_b60e8760	chr16	452	45200000	0	19
k16_b60e8760	chr16	453	45300000	0	22
k16_b60e8760	chr16	454	45400000	0	16
k16_b60e8760	chr16	455	45500000	0	15
k16_b60e8760	chr16	456	45600000	0	17
k16_b60e8760	chr16	457	45700000	0	16
k16_b60e8760	chr16	458	45800000	0	19
k16_b60e8760	chr16	459	45900000	0	21
k16_b60e8760	chr16	460	46000000	0	16
k16_b60e8760	chr16	461	46100000	0	17
k16_b60e8760	chr16	462	46200000	0	16
k16_b60e8760	chr16	463	46300000	0	17
k16_b60e8760	chr16	464	46400000	0	13
k16_b60e8760	chr16	465	46500000	0	11
k16_b60e8760	chr16	466	46600000	0	19
k16_b60e8760	chr16	467	46700000	0	18
k16_b60e8760	chr16	468	46800000	0	18
k16_b60e8760	chr16	469	46900000	0	17
k16_b60e8760	chr16	470	47000000	0	15
k16_b60e8760	chr16	471	47100000	0	16
k16_b60e8760	chr16	472	47200000	0	18
k16_b60e8760	chr16	473	47300000	0	19
k16_b60e8760	chr16	474	47400000	0	22
k16_b60e8760	chr16	475	47500000	0	19
k16_b60e8760	chr16	476	47600000	0	16
k16_b60e8760	chr16	477	47700000	0	18
k16_b60e8760	chr16	478	47800000	0	16
k16_b60e8760	chr16	479	47900000	0	11
k16_b60e8760	chr16	480	48000000	0	18
k16_b60e8760	chr16	481	48100000	0	15
k16_b60e8760	chr16	482	48200000	0	13
k16_b60e8760	chr16	483	48300000	0	18
k16_b60e8760	chr16	484	48400000	0	16
k16_b60e8760	chr16	485	48500000	0	10
k16_b60e8760	chr16	486	48600000	0	18
k16_b60e8760	chr16	487	48700000	0	11
k16_b60e8760	chr16	488	48800000	0	13
k16_b60e8760	chr16	489	48900000	0	12
k16_b60e8760	chr16	490	49000000	0	12
k16_b60e8760	chr16	491	49100000	0	24
k16_b60e8760	chr16	492	49200000	0	14
k16_b60e8760	chr16	493	49300000	0	18
k16_b60e8760	chr16	494	49400000	0	18
k16_b60e8760	chr16	495	49500000	0	16
k16_b60e8760	chr16	496	49600000	0	17
k16_b60e8760	chr16	497	49700000	0	15
k16_b60e8760	chr16	498	49800000	0	12
k16_b60e8760	chr16	499	49900000	0	18
k16_b60e8760	chr16	500	50000000	0	18
k16_b60e8760	chr16	501	50100000	0	19
k16_b60e8760	chr16	502	50200000	0	17
k16_b60e8760	chr16	503	50300000	0	13
k16_b60e8760	chr16	504	50400000	0	16
k16_b60e8760	chr16	505	50500000	0	15
k16_b60e8760	chr16	506	50600000	0	17
k16_b60e8760	chr16	507	50700000	0	18
k16_b60e8760	chr16	508	50800000	0	17
k16_b60e8760	chr16	509	50900000	0	15
k16_b60e8760	chr16	510	51000000	0	20
k16_b60e8760	chr16	511	51100000	0	18
k16_b60e8760	chr16	512	51200000	0	18
k16_b60e8760	chr16	513	51300000	0	15
k16_b60e8760	chr16	514	51400000	0	17
k16_b60e8760	chr16	515	51500000	0	15
k16_b60e8760	chr16	516	51600000	0	16
k16_b60e8760	chr16	517	51700000	0	17
k16_b60e8760	chr16	518	51800000	0	16
k16_b60e8760	chr16	519	51900000	0	19
k16_b60e8760	chr16	520	52000000	0	15
k16_b60e8760	chr16	521	52100000	0	14
k16_b60e8760	chr17	218	21800000	0	1
k16_b60e8760	chr17	222	22200000	0	2
k16_b60e8760	chr17	223	22300000	0	1
k16_b60e8760	chr17	224	22400000	0	1
k16_b60e8760	chr21	64	6400000	0	1
k16_b60e8760	chr22	116	11600000	0	1
k16_b60e8760	chr22	169	16900000	0	1
k16_c1fd4350	chr13	1086	108600000	1	1
k16_c1fd4350	chr20	324	32400000	0	2
k16_c1fd4350	chr20	325	32500000	0	2
k16_c1fd4350	chr20	326	32600000	0	10
k16_c1fd4350	chr20	327	32700000	0	21
k16_d34583a0	chr1	1271	127100000	0	1
k16_d34583a0	chr1	1274	127400000	0	3
k16_d34583a0	chr1	1287	128700000	0	1
k16_d34583a0	chr1	1288	128800000	0	1
k16_d34583a0	chr1	1289	128900000	0	1
k16_d34583a0	chr1	1290	129000000	0	1
k16_d34583a0	chr1	1297	129700000	0	1
k16_d34583a0	chr1	1303	130300000	0	4
k16_d34583a0	chr1	1305	130500000	0	1
k16_d34583a0	chr1	1307	130700000	0	5
k16_d34583a0	chr1	1313	131300000	0	1
k16_d34583a0	chr1	1317	131700000	0	1
k16_d34583a0	chr1	1322	132200000	0	3
k16_d34583a0	chr1	1327	132700000	0	1
k16_d34583a0	chr1	1331	133100000	0	1
k16_d34583a0	chr1	1332	133200000	0	6
k16_d34583a0	chr1	1333	133300000	0	1
k16_d34583a0	chr1	1336	133600000	0	6
k16_d34583a0	chr1	1337	133700000	0	1
k16_d34583a0	chr1	1342	134200000	0	1
k16_d34583a0	chr1	1348	134800000	0	1
k16_d34583a0	chr1	1369	136900000	0	2
k16_d34583a0	chr1	1370	137000000	0	1
k16_d34583a0	chr1	1375	137500000	0	2
k16_d34583a0	chr1	1377	137700000	0	1
k16_d34583a0	chr1	1379	137900000	0	2
k16_d34583a0	chr1	1381	138100000	0	1
k16_d34583a0	chr1	1396	139600000	0	1
k16_d34583a0	chr1	1397	139700000	0	1
k16_d34583a0	chr1	1399	139900000	0	2
k16_d34583a0	chr1	1401	140100000	0	1
k16_d34583a0	chr1	1404	140400000	0	1
k16_d34583a0	chr1	1408	140800000	0	1
k16_d34583a0	chr1	1409	140900000	0	1
k16_d34583a0	chr1	1414	141400000	0	2
k16_d34583a0	chr1	1416	141600000	0	1
k16_d34583a0	chr2	893	89300000	0	3
k16_d34583a0	chr2	898	89800000	0	2
k16_d34583a0	chr2	903	90300000	0	3
k16_d34583a0	chr2	910	91000000	0	4
k16_d34583a0	chr2	914	91400000	0	2
k16_d34583a0	chr2	915	91500000	0	1
k16_d34583a0	chr2	922	92200000	0	3
k16_d34583a0	chr2	948	94800000	0	1
k16_d34583a0	chr7	582	58200000	0	2
k16_d34583a0	chr7	588	58800000	0	1
k16_d34583a0	chr7	589	58900000	0	1
k16_d34583a0	chr7	592	59200000	0	2
k16_d34583a0	chr7	593	59300000	0	1
k16_d34583a0	chr7	598	59800000	0	2
k16_d34583a0	chr10	425	42500000	0	5
k16_d34583a0	chr10	426	42600000	0	11
k16_d34583a0	chr10	427	42700000	0	6
k16_d34583a0	chr16	356	35600000	0	2
k16_d34583a0	chr16	378	37800000	0	1
k16_d34583a0	chr16	379	37900000	0	4
k16_d34583a0	chr16	392	39200000	0	3
k16_d34583a0	chr16	393	39300000	0	3
k16_d34583a0	chr16	394	39400000	0	6
k16_d34583a0	chr16	395	39500000	0	2
k16_d34583a0	chr16	396	39600000	0	2
k16_d34583a0	chr16	397	39700000	0	1
k16_d34583a0	chr16	402	40200000	0	1
k16_d34583a0	chr16	411	41100000	0	1
k16_d34583a0	chr16	412	41200000	0	1
k16_d34583a0	chr16	413	41300000	0	2
k16_d34583a0	chr16	415	41500000	0	1
k16_d34583a0	chr16	416	41600000	0	6
k16_d34583a0	chr16	422	42200000	0	1
k16_d34583a0	chr16	427	42700000	0	1
k16_d34583a0	chr16	433	43300000	0	1
k16_d34583a0	chr16	436	43600000	0	1
k16_d34583a0	chr16	438	43800000	0	1
k16_d34583a0	chr16	439	43900000	0	1
k16_d34583a0	chr16	446	44600000	0	1
k16_d34583a0	chr16	450	45000000	0	1
k16_d34583a0	chr16	456	45600000	0	1
k16_d34583a0	chr16	459	45900000	0	1
k16_d34583a0	chr16	461	46100000	0	1
k16_d34583a0	chr16	467	46700000	0	1
k16_d34583a0	chr16	471	47100000	0	1
k16_d34583a0	chr16	475	47500000	0	1
k16_d34583a0	chr16	481	48100000	0	1
k16_d34583a0	chr16	486	48600000	0	1
k16_d34583a0	chr16	487	48700000	0	1
k16_d34583a0	chr16	492	49200000	0	1
k16_d34583a0	chr16	504	50400000	0	2
k16_d34583a0	chr16	505	50500000	0	3
k16_d34583a0	chr16	506	50600000	0	1
k16_d34583a0	chr16	507	50700000	0	1
k16_d34583a0	chr16	510	51000000	0	1
k16_d34583a0	chr16	514	51400000	0	2
k16_d34583a0	chr16	522	52200000	0	2
k16_d34583a0	chr17	223	22300000	0	3
k16_d34583a0	chr22	168	16800000	0	4
k16_d34583a0	chr22	169	16900000	0	3
k16_d34583a0	chr22	170	17000000	0	2
