kmer_id	target_family	group	chromosome	available_haps	measurable_haps	median_target_hits	mean_target_hits	pooled_target_density_per_M	presence_ge10_fraction
k16_00c14d34	HSat2	G1	chr1	102	102	5559.5	5538.64705882353	468.1215766478085	1.0
k16_00c14d34	HSat2	G1	chr2	128	128	0.0	0.0	0.0	0.0
k16_00c14d34	HSat2	G1	chr3	107	0				
k16_00c14d34	HSat2	G1	chr4	124	0				
k16_00c14d34	HSat2	G1	chr5	153	0				
k16_00c14d34	HSat2	G1	chr6	131	0				
k16_00c14d34	HSat2	G1	chr7	158	158	0.0	0.0	0.0	0.0
k16_00c14d34	HSat2	G1	chr8	153	0				
k16_00c14d34	HSat2	G1	chr9	132	125	0.0	0.0	0.0	0.0
k16_00c14d34	HSat2	G1	chr10	158	158	59.0	71.13924050632912	154.06833404882354	1.0
k16_00c14d34	HSat2	G1	chr11	156	0				
k16_00c14d34	HSat2	G1	chr12	156	0				
k16_00c14d34	HSat2	G1	chr13	0	0				
k16_00c14d34	HSat2	G1	chr14	0	0				
k16_00c14d34	HSat2	G1	chr15	0	0				
k16_00c14d34	HSat2	G1	chr16	127	127	0.0	0.0	0.0	0.0
k16_00c14d34	HSat2	G1	chr17	109	109	0.0	0.0	0.0	0.0
k16_00c14d34	HSat2	G1	chr18	103	0				
k16_00c14d34	HSat2	G1	chr19	151	0				
k16_00c14d34	HSat2	G1	chr20	142	0				
k16_00c14d34	HSat2	G1	chr21	0	0				
k16_00c14d34	HSat2	G1	chr22	0	0				
k16_00c14d34	HSat2	G1	chrX	98	0				
k16_00c14d34	HSat2	G1	chrY	1	1	0.0	0.0	0.0	0.0
k16_00c14d34	HSat2	G2	chr1	25	25	5453.0	5355.2	452.98647183376096	1.0
k16_00c14d34	HSat2	G2	chr2	31	31	0.0	0.0	0.0	0.0
k16_00c14d34	HSat2	G2	chr3	23	0				
k16_00c14d34	HSat2	G2	chr4	31	0				
k16_00c14d34	HSat2	G2	chr5	42	0				
k16_00c14d34	HSat2	G2	chr6	35	0				
k16_00c14d34	HSat2	G2	chr7	42	42	0.0	0.0	0.0	0.0
k16_00c14d34	HSat2	G2	chr8	41	0				
k16_00c14d34	HSat2	G2	chr9	33	30	0.0	0.0	0.0	0.0
k16_00c14d34	HSat2	G2	chr10	42	42	32.0	105.23809523809524	443.8046873807652	0.9285714285714286
k16_00c14d34	HSat2	G2	chr11	41	0				
k16_00c14d34	HSat2	G2	chr12	40	0				
k16_00c14d34	HSat2	G2	chr13	0	0				
k16_00c14d34	HSat2	G2	chr14	0	0				
k16_00c14d34	HSat2	G2	chr15	0	0				
k16_00c14d34	HSat2	G2	chr16	32	32	0.0	0.0	0.0	0.0
k16_00c14d34	HSat2	G2	chr17	29	28	0.0	0.0	0.0	0.0
k16_00c14d34	HSat2	G2	chr18	30	0				
k16_00c14d34	HSat2	G2	chr19	41	0				
k16_00c14d34	HSat2	G2	chr20	42	0				
k16_00c14d34	HSat2	G2	chr21	0	0				
k16_00c14d34	HSat2	G2	chr22	0	0				
k16_00c14d34	HSat2	G2	chrX	29	0				
k16_00c14d34	HSat2	G2	chrY	0	0				
k16_00c14d34	HSat2	G3	chr1	186	186	5794.5	5894.543010752688	472.15516907200765	1.0
k16_00c14d34	HSat2	G3	chr2	239	239	0.0	0.0	0.0	0.0
k16_00c14d34	HSat2	G3	chr3	204	0				
k16_00c14d34	HSat2	G3	chr4	211	0				
k16_00c14d34	HSat2	G3	chr5	283	0				
k16_00c14d34	HSat2	G3	chr6	222	0				
k16_00c14d34	HSat2	G3	chr7	289	289	0.0	0.0	0.0	0.0
k16_00c14d34	HSat2	G3	chr8	274	0				
k16_00c14d34	HSat2	G3	chr9	228	224	0.0	0.0	0.0	0.0
k16_00c14d34	HSat2	G3	chr10	289	289	23.0	23.505190311418684	22.412900550132942	1.0
k16_00c14d34	HSat2	G3	chr11	286	0				
k16_00c14d34	HSat2	G3	chr12	286	0				
k16_00c14d34	HSat2	G3	chr13	0	0				
k16_00c14d34	HSat2	G3	chr14	0	0				
k16_00c14d34	HSat2	G3	chr15	0	0				
k16_00c14d34	HSat2	G3	chr16	242	242	0.0	0.0	0.0	0.0
k16_00c14d34	HSat2	G3	chr17	172	172	0.0	0.0	0.0	0.0
k16_00c14d34	HSat2	G3	chr18	182	0				
k16_00c14d34	HSat2	G3	chr19	277	0				
k16_00c14d34	HSat2	G3	chr20	268	0				
k16_00c14d34	HSat2	G3	chr21	0	0				
k16_00c14d34	HSat2	G3	chr22	0	0				
k16_00c14d34	HSat2	G3	chrX	203	0				
k16_00c14d34	HSat2	G3	chrY	3	3	0.0	0.0	0.0	0.0
k16_00c14d34	HSat2	NA	chr1	45	44	5444.5	5617.795454545455	478.3308091391278	1.0
k16_00c14d34	HSat2	NA	chr2	58	58	0.0	0.0	0.0	0.0
k16_00c14d34	HSat2	NA	chr3	53	0				
k16_00c14d34	HSat2	NA	chr4	65	0				
k16_00c14d34	HSat2	NA	chr5	79	0				
k16_00c14d34	HSat2	NA	chr6	64	0				
k16_00c14d34	HSat2	NA	chr7	13	13	0.0	0.0	0.0	0.0
k16_00c14d34	HSat2	NA	chr8	80	0				
k16_00c14d34	HSat2	NA	chr9	66	65	0.0	0.0	0.0	0.0
k16_00c14d34	HSat2	NA	chr10	72	71	25.0	46.36619718309859	63.18103013752411	0.9859154929577465
k16_00c14d34	HSat2	NA	chr11	84	0				
k16_00c14d34	HSat2	NA	chr12	79	0				
k16_00c14d34	HSat2	NA	chr13	0	0				
k16_00c14d34	HSat2	NA	chr14	0	0				
k16_00c14d34	HSat2	NA	chr15	0	0				
k16_00c14d34	HSat2	NA	chr16	68	67	0.0	0.0	0.0	0.0
k16_00c14d34	HSat2	NA	chr17	47	47	0.0	0.0	0.0	0.0
k16_00c14d34	HSat2	NA	chr18	53	0				
k16_00c14d34	HSat2	NA	chr19	82	0				
k16_00c14d34	HSat2	NA	chr20	74	0				
k16_00c14d34	HSat2	NA	chr21	0	0				
k16_00c14d34	HSat2	NA	chr22	0	0				
k16_00c14d34	HSat2	NA	chrX	63	0				
k16_00c14d34	HSat2	NA	chrY	0	0				
k16_0320c806	HSat3	G1	chr1	40	39	0.0	0.0	0.0	0.0
k16_0320c806	HSat3	G1	chr2	53	53	0.0	0.0	0.0	0.0
k16_0320c806	HSat3	G1	chr3	35	35	0.0	0.0	0.0	0.0
k16_0320c806	HSat3	G1	chr4	48	48	0.0	0.0	0.0	0.0
k16_0320c806	HSat3	G1	chr5	59	59	0.0	0.0	0.0	0.0
k16_0320c806	HSat3	G1	chr6	40	0				
k16_0320c806	HSat3	G1	chr7	59	59	0.0	0.0	0.0	0.0
k16_0320c806	HSat3	G1	chr8	53	0				
k16_0320c806	HSat3	G1	chr9	49	49	0.0	0.0	0.0	0.0
k16_0320c806	HSat3	G1	chr10	59	59	0.0	0.0	0.0	0.0
k16_0320c806	HSat3	G1	chr11	57	0				
k16_0320c806	HSat3	G1	chr12	58	0				
k16_0320c806	HSat3	G1	chr13	0	0				
k16_0320c806	HSat3	G1	chr14	0	0				
k16_0320c806	HSat3	G1	chr15	0	0				
k16_0320c806	HSat3	G1	chr16	45	43	0.0	0.0	0.0	0.0
k16_0320c806	HSat3	G1	chr17	42	42	0.0	0.023809523809523808	0.026680094936315412	0.0
k16_0320c806	HSat3	G1	chr18	44	0				
k16_0320c806	HSat3	G1	chr19	55	0				
k16_0320c806	HSat3	G1	chr20	59	59	83.0	75.76271186440678	58.593771505683755	1.0
k16_0320c806	HSat3	G1	chr21	0	0				
k16_0320c806	HSat3	G1	chr22	0	0				
k16_0320c806	HSat3	G1	chrX	44	1	0.0	0.0	0.0	0.0
k16_0320c806	HSat3	G1	chrY	0	0				
k16_0320c806	HSat3	G2	chr1	35	35	0.0	0.0	0.0	0.0
k16_0320c806	HSat3	G2	chr2	41	39	0.0	0.0	0.0	0.0
k16_0320c806	HSat3	G2	chr3	47	47	0.0	0.0	0.0	0.0
k16_0320c806	HSat3	G2	chr4	39	39	0.0	0.0	0.0	0.0
k16_0320c806	HSat3	G2	chr5	54	54	0.0	0.0	0.0	0.0
k16_0320c806	HSat3	G2	chr6	44	0				
k16_0320c806	HSat3	G2	chr7	54	54	0.0	0.0	0.0	0.0
k16_0320c806	HSat3	G2	chr8	53	0				
k16_0320c806	HSat3	G2	chr9	47	47	0.0	0.0	0.0	0.0
k16_0320c806	HSat3	G2	chr10	54	54	0.0	0.0	0.0	0.0
k16_0320c806	HSat3	G2	chr11	54	0				
k16_0320c806	HSat3	G2	chr12	53	0				
k16_0320c806	HSat3	G2	chr13	0	0				
k16_0320c806	HSat3	G2	chr14	0	0				
k16_0320c806	HSat3	G2	chr15	0	0				
k16_0320c806	HSat3	G2	chr16	49	47	0.0	0.0	0.0	0.0
k16_0320c806	HSat3	G2	chr17	37	37	0.0	0.02702702702702703	0.03448275980975034	0.0
k16_0320c806	HSat3	G2	chr18	35	0				
k16_0320c806	HSat3	G2	chr19	54	0				
k16_0320c806	HSat3	G2	chr20	54	54	4.0	4.277777777777778	6.607852961254954	0.018518518518518517
k16_0320c806	HSat3	G2	chr21	0	0				
k16_0320c806	HSat3	G2	chr22	0	0				
k16_0320c806	HSat3	G2	chrX	38	0				
k16_0320c806	HSat3	G2	chrY	0	0				
k16_0320c806	HSat3	G3	chr1	38	38	0.0	0.0	0.0	0.0
k16_0320c806	HSat3	G3	chr2	57	56	0.0	0.0	0.0	0.0
k16_0320c806	HSat3	G3	chr3	49	48	0.0	0.0	0.0	0.0
k16_0320c806	HSat3	G3	chr4	58	58	0.0	0.0	0.0	0.0
k16_0320c806	HSat3	G3	chr5	70	70	0.0	0.0	0.0	0.0
k16_0320c806	HSat3	G3	chr6	57	0				
k16_0320c806	HSat3	G3	chr7	70	70	0.0	0.0	0.0	0.0
k16_0320c806	HSat3	G3	chr8	66	0				
k16_0320c806	HSat3	G3	chr9	58	58	0.0	0.0	0.0	0.0
k16_0320c806	HSat3	G3	chr10	70	70	0.0	0.0	0.0	0.0
k16_0320c806	HSat3	G3	chr11	69	0				
k16_0320c806	HSat3	G3	chr12	70	0				
k16_0320c806	HSat3	G3	chr13	0	0				
k16_0320c806	HSat3	G3	chr14	0	0				
k16_0320c806	HSat3	G3	chr15	0	0				
k16_0320c806	HSat3	G3	chr16	60	60	0.0	0.0	0.0	0.0
k16_0320c806	HSat3	G3	chr17	44	44	0.0	0.0	0.0	0.0
k16_0320c806	HSat3	G3	chr18	38	0				
k16_0320c806	HSat3	G3	chr19	66	0				
k16_0320c806	HSat3	G3	chr20	70	70	0.0	0.0	0.0	0.0
k16_0320c806	HSat3	G3	chr21	0	0				
k16_0320c806	HSat3	G3	chr22	0	0				
k16_0320c806	HSat3	G3	chrX	52	0				
k16_0320c806	HSat3	G3	chrY	1	1	0.0	0.0	0.0	0.0
k16_0320c806	HSat3	G4	chr1	23	22	0.0	0.0	0.0	0.0
k16_0320c806	HSat3	G4	chr2	31	31	0.0	0.0	0.0	0.0
k16_0320c806	HSat3	G4	chr3	28	28	0.0	0.0	0.0	0.0
k16_0320c806	HSat3	G4	chr4	28	28	0.0	0.0	0.0	0.0
k16_0320c806	HSat3	G4	chr5	39	39	0.0	0.0	0.0	0.0
k16_0320c806	HSat3	G4	chr6	30	0				
k16_0320c806	HSat3	G4	chr7	39	39	0.0	0.0	0.0	0.0
k16_0320c806	HSat3	G4	chr8	36	0				
k16_0320c806	HSat3	G4	chr9	27	27	0.0	0.0	0.0	0.0
k16_0320c806	HSat3	G4	chr10	39	39	0.0	0.0	0.0	0.0
k16_0320c806	HSat3	G4	chr11	39	0				
k16_0320c806	HSat3	G4	chr12	37	0				
k16_0320c806	HSat3	G4	chr13	0	0				
k16_0320c806	HSat3	G4	chr14	0	0				
k16_0320c806	HSat3	G4	chr15	0	0				
k16_0320c806	HSat3	G4	chr16	29	29	0.0	0.0	0.0	0.0
k16_0320c806	HSat3	G4	chr17	25	25	0.0	0.0	0.0	0.0
k16_0320c806	HSat3	G4	chr18	27	0				
k16_0320c806	HSat3	G4	chr19	35	0				
k16_0320c806	HSat3	G4	chr20	39	39	4.0	4.461538461538462	5.139341731844743	0.07692307692307693
k16_0320c806	HSat3	G4	chr21	0	0				
k16_0320c806	HSat3	G4	chr22	0	0				
k16_0320c806	HSat3	G4	chrX	30	0				
k16_0320c806	HSat3	G4	chrY	1	1	0.0	0.0	0.0	0.0
k16_0320c806	HSat3	G5	chr1	31	30	0.0	0.0	0.0	0.0
k16_0320c806	HSat3	G5	chr2	39	39	0.0	0.0	0.0	0.0
k16_0320c806	HSat3	G5	chr3	26	26	0.0	0.0	0.0	0.0
k16_0320c806	HSat3	G5	chr4	40	40	0.0	0.0	0.0	0.0
k16_0320c806	HSat3	G5	chr5	47	47	0.0	0.0	0.0	0.0
k16_0320c806	HSat3	G5	chr6	37	0				
k16_0320c806	HSat3	G5	chr7	47	47	0.0	0.0	0.0	0.0
k16_0320c806	HSat3	G5	chr8	45	0				
k16_0320c806	HSat3	G5	chr9	40	40	0.0	0.0	0.0	0.0
k16_0320c806	HSat3	G5	chr10	47	47	0.0	0.0	0.0	0.0
k16_0320c806	HSat3	G5	chr11	46	0				
k16_0320c806	HSat3	G5	chr12	44	0				
k16_0320c806	HSat3	G5	chr13	0	0				
k16_0320c806	HSat3	G5	chr14	0	0				
k16_0320c806	HSat3	G5	chr15	0	0				
k16_0320c806	HSat3	G5	chr16	33	33	0.0	0.0	0.0	0.0
k16_0320c806	HSat3	G5	chr17	39	39	0.0	0.0	0.0	0.0
k16_0320c806	HSat3	G5	chr18	39	0				
k16_0320c806	HSat3	G5	chr19	46	0				
k16_0320c806	HSat3	G5	chr20	47	47	49.0	56.8936170212766	48.891110665431235	1.0
k16_0320c806	HSat3	G5	chr21	0	0				
k16_0320c806	HSat3	G5	chr22	0	0				
k16_0320c806	HSat3	G5	chrX	28	0				
k16_0320c806	HSat3	G5	chrY	1	1	0.0	0.0	0.0	0.0
k16_0320c806	HSat3	G6	chr1	34	34	0.0	0.0	0.0	0.0
k16_0320c806	HSat3	G6	chr2	39	38	0.0	0.0	0.0	0.0
k16_0320c806	HSat3	G6	chr3	34	34	0.0	0.0	0.0	0.0
k16_0320c806	HSat3	G6	chr4	34	34	0.0	0.0	0.0	0.0
k16_0320c806	HSat3	G6	chr5	47	47	0.0	0.0	0.0	0.0
k16_0320c806	HSat3	G6	chr6	40	0				
k16_0320c806	HSat3	G6	chr7	47	47	0.0	0.0	0.0	0.0
k16_0320c806	HSat3	G6	chr8	47	0				
k16_0320c806	HSat3	G6	chr9	39	39	0.0	0.0	0.0	0.0
k16_0320c806	HSat3	G6	chr10	47	47	0.0	0.0	0.0	0.0
k16_0320c806	HSat3	G6	chr11	47	0				
k16_0320c806	HSat3	G6	chr12	47	0				
k16_0320c806	HSat3	G6	chr13	0	0				
k16_0320c806	HSat3	G6	chr14	0	0				
k16_0320c806	HSat3	G6	chr15	0	0				
k16_0320c806	HSat3	G6	chr16	41	41	0.0	0.0	0.0	0.0
k16_0320c806	HSat3	G6	chr17	28	28	0.0	0.0	0.0	0.0
k16_0320c806	HSat3	G6	chr18	25	0				
k16_0320c806	HSat3	G6	chr19	46	0				
k16_0320c806	HSat3	G6	chr20	47	47	4.0	4.042553191489362	6.911684675849264	0.0
k16_0320c806	HSat3	G6	chr21	0	0				
k16_0320c806	HSat3	G6	chr22	0	0				
k16_0320c806	HSat3	G6	chrX	30	0				
k16_0320c806	HSat3	G6	chrY	0	0				
k16_0320c806	HSat3	G7	chr1	84	81	0.0	0.0	0.0	0.0
k16_0320c806	HSat3	G7	chr2	104	103	0.0	0.0	0.0	0.0
k16_0320c806	HSat3	G7	chr3	88	86	0.0	0.0	0.0	0.0
k16_0320c806	HSat3	G7	chr4	91	91	0.0	0.0	0.0	0.0
k16_0320c806	HSat3	G7	chr5	126	126	0.0	0.0	0.0	0.0
k16_0320c806	HSat3	G7	chr6	103	0				
k16_0320c806	HSat3	G7	chr7	126	126	0.0	0.0	0.0	0.0
k16_0320c806	HSat3	G7	chr8	121	0				
k16_0320c806	HSat3	G7	chr9	101	101	0.0	0.0	0.0	0.0
k16_0320c806	HSat3	G7	chr10	126	126	0.0	0.0	0.0	0.0
k16_0320c806	HSat3	G7	chr11	125	0				
k16_0320c806	HSat3	G7	chr12	126	0				
k16_0320c806	HSat3	G7	chr13	0	0				
k16_0320c806	HSat3	G7	chr14	0	0				
k16_0320c806	HSat3	G7	chr15	0	0				
k16_0320c806	HSat3	G7	chr16	109	109	0.0	0.0	0.0	0.0
k16_0320c806	HSat3	G7	chr17	77	77	0.0	0.0	0.0	0.0
k16_0320c806	HSat3	G7	chr18	76	0				
k16_0320c806	HSat3	G7	chr19	121	0				
k16_0320c806	HSat3	G7	chr20	126	126	0.0	0.0	0.0	0.0
k16_0320c806	HSat3	G7	chr21	0	0				
k16_0320c806	HSat3	G7	chr22	0	0				
k16_0320c806	HSat3	G7	chrX	80	0				
k16_0320c806	HSat3	G7	chrY	0	0				
k16_0320c806	HSat3	NA	chr1	73	71	0.0	0.0	0.0	0.0
k16_0320c806	HSat3	NA	chr2	92	92	0.0	0.0	0.0	0.0
k16_0320c806	HSat3	NA	chr3	80	80	0.0	0.0	0.0	0.0
k16_0320c806	HSat3	NA	chr4	93	93	0.0	0.0	0.0	0.0
k16_0320c806	HSat3	NA	chr5	115	114	0.0	0.0	0.0	0.0
k16_0320c806	HSat3	NA	chr6	101	0				
k16_0320c806	HSat3	NA	chr7	60	60	0.0	0.0	0.0	0.0
k16_0320c806	HSat3	NA	chr8	127	0				
k16_0320c806	HSat3	NA	chr9	98	97	0.0	0.0	0.0	0.0
k16_0320c806	HSat3	NA	chr10	119	118	0.0	0.0	0.0	0.0
k16_0320c806	HSat3	NA	chr11	130	0				
k16_0320c806	HSat3	NA	chr12	126	0				
k16_0320c806	HSat3	NA	chr13	0	0				
k16_0320c806	HSat3	NA	chr14	0	0				
k16_0320c806	HSat3	NA	chr15	0	0				
k16_0320c806	HSat3	NA	chr16	103	102	0.0	0.0	0.0	0.0
k16_0320c806	HSat3	NA	chr17	65	65	0.0	0.0	0.0	0.0
k16_0320c806	HSat3	NA	chr18	84	0				
k16_0320c806	HSat3	NA	chr19	128	0				
k16_0320c806	HSat3	NA	chr20	84	84	0.0	17.285714285714285	16.581401302217838	0.20238095238095238
k16_0320c806	HSat3	NA	chr21	0	0				
k16_0320c806	HSat3	NA	chr22	0	0				
k16_0320c806	HSat3	NA	chrX	91	0				
k16_0320c806	HSat3	NA	chrY	1	1	0.0	0.0	0.0	0.0
k16_0534d0fa	HSat2	G1	chr1	102	102	5218.5	5419.745098039216	458.07208752930677	1.0
k16_0534d0fa	HSat2	G1	chr2	128	128	0.0	0.0	0.0	0.0
k16_0534d0fa	HSat2	G1	chr3	107	0				
k16_0534d0fa	HSat2	G1	chr4	124	0				
k16_0534d0fa	HSat2	G1	chr5	153	0				
k16_0534d0fa	HSat2	G1	chr6	131	0				
k16_0534d0fa	HSat2	G1	chr7	158	158	0.0	0.0	0.0	0.0
k16_0534d0fa	HSat2	G1	chr8	153	0				
k16_0534d0fa	HSat2	G1	chr9	132	125	0.0	0.0	0.0	0.0
k16_0534d0fa	HSat2	G1	chr10	158	158	49.0	60.08227848101266	130.12194796490056	1.0
k16_0534d0fa	HSat2	G1	chr11	156	0				
k16_0534d0fa	HSat2	G1	chr12	156	0				
k16_0534d0fa	HSat2	G1	chr13	0	0				
k16_0534d0fa	HSat2	G1	chr14	0	0				
k16_0534d0fa	HSat2	G1	chr15	0	0				
k16_0534d0fa	HSat2	G1	chr16	127	127	0.0	0.0	0.0	0.0
k16_0534d0fa	HSat2	G1	chr17	109	109	0.0	0.0	0.0	0.0
k16_0534d0fa	HSat2	G1	chr18	103	0				
k16_0534d0fa	HSat2	G1	chr19	151	0				
k16_0534d0fa	HSat2	G1	chr20	142	0				
k16_0534d0fa	HSat2	G1	chr21	0	0				
k16_0534d0fa	HSat2	G1	chr22	0	0				
k16_0534d0fa	HSat2	G1	chrX	98	0				
k16_0534d0fa	HSat2	G1	chrY	1	1	0.0	0.0	0.0	0.0
k16_0534d0fa	HSat2	G2	chr1	25	25	5426.0	5305.36	448.7705983358161	1.0
k16_0534d0fa	HSat2	G2	chr2	31	31	0.0	0.0	0.0	0.0
k16_0534d0fa	HSat2	G2	chr3	23	0				
k16_0534d0fa	HSat2	G2	chr4	31	0				
k16_0534d0fa	HSat2	G2	chr5	42	0				
k16_0534d0fa	HSat2	G2	chr6	35	0				
k16_0534d0fa	HSat2	G2	chr7	42	42	0.0	0.0	0.0	0.0
k16_0534d0fa	HSat2	G2	chr8	41	0				
k16_0534d0fa	HSat2	G2	chr9	33	30	0.0	0.0	0.0	0.0
k16_0534d0fa	HSat2	G2	chr10	42	42	28.0	86.38095238095238	364.28131353335203	0.9285714285714286
k16_0534d0fa	HSat2	G2	chr11	41	0				
k16_0534d0fa	HSat2	G2	chr12	40	0				
k16_0534d0fa	HSat2	G2	chr13	0	0				
k16_0534d0fa	HSat2	G2	chr14	0	0				
k16_0534d0fa	HSat2	G2	chr15	0	0				
k16_0534d0fa	HSat2	G2	chr16	32	32	0.0	0.0	0.0	0.0
k16_0534d0fa	HSat2	G2	chr17	29	28	0.0	0.0	0.0	0.0
k16_0534d0fa	HSat2	G2	chr18	30	0				
k16_0534d0fa	HSat2	G2	chr19	41	0				
k16_0534d0fa	HSat2	G2	chr20	42	0				
k16_0534d0fa	HSat2	G2	chr21	0	0				
k16_0534d0fa	HSat2	G2	chr22	0	0				
k16_0534d0fa	HSat2	G2	chrX	29	0				
k16_0534d0fa	HSat2	G2	chrY	0	0				
k16_0534d0fa	HSat2	G3	chr1	186	186	5638.0	5758.962365591397	461.2951070922671	1.0
k16_0534d0fa	HSat2	G3	chr2	239	239	0.0	0.0	0.0	0.0
k16_0534d0fa	HSat2	G3	chr3	204	0				
k16_0534d0fa	HSat2	G3	chr4	211	0				
k16_0534d0fa	HSat2	G3	chr5	283	0				
k16_0534d0fa	HSat2	G3	chr6	222	0				
k16_0534d0fa	HSat2	G3	chr7	289	289	0.0	0.0	0.0	0.0
k16_0534d0fa	HSat2	G3	chr8	274	0				
k16_0534d0fa	HSat2	G3	chr9	228	224	0.0	0.0	0.0	0.0
k16_0534d0fa	HSat2	G3	chr10	289	289	20.0	21.02076124567474	20.043923280149805	0.9896193771626297
k16_0534d0fa	HSat2	G3	chr11	286	0				
k16_0534d0fa	HSat2	G3	chr12	286	0				
k16_0534d0fa	HSat2	G3	chr13	0	0				
k16_0534d0fa	HSat2	G3	chr14	0	0				
k16_0534d0fa	HSat2	G3	chr15	0	0				
k16_0534d0fa	HSat2	G3	chr16	242	242	0.0	0.0	0.0	0.0
k16_0534d0fa	HSat2	G3	chr17	172	172	0.0	0.0	0.0	0.0
k16_0534d0fa	HSat2	G3	chr18	182	0				
k16_0534d0fa	HSat2	G3	chr19	277	0				
k16_0534d0fa	HSat2	G3	chr20	268	0				
k16_0534d0fa	HSat2	G3	chr21	0	0				
k16_0534d0fa	HSat2	G3	chr22	0	0				
k16_0534d0fa	HSat2	G3	chrX	203	0				
k16_0534d0fa	HSat2	G3	chrY	3	3	0.0	0.0	0.0	0.0
k16_0534d0fa	HSat2	NA	chr1	45	44	5209.0	5445.159090909091	463.6315748624145	1.0
k16_0534d0fa	HSat2	NA	chr2	58	58	0.0	0.0	0.0	0.0
k16_0534d0fa	HSat2	NA	chr3	53	0				
k16_0534d0fa	HSat2	NA	chr4	65	0				
k16_0534d0fa	HSat2	NA	chr5	79	0				
k16_0534d0fa	HSat2	NA	chr6	64	0				
k16_0534d0fa	HSat2	NA	chr7	13	13	0.0	0.0	0.0	0.0
k16_0534d0fa	HSat2	NA	chr8	80	0				
k16_0534d0fa	HSat2	NA	chr9	66	65	0.0	0.0	0.0	0.0
k16_0534d0fa	HSat2	NA	chr10	72	71	23.0	39.38028169014085	53.66165257123858	0.971830985915493
k16_0534d0fa	HSat2	NA	chr11	84	0				
k16_0534d0fa	HSat2	NA	chr12	79	0				
k16_0534d0fa	HSat2	NA	chr13	0	0				
k16_0534d0fa	HSat2	NA	chr14	0	0				
k16_0534d0fa	HSat2	NA	chr15	0	0				
k16_0534d0fa	HSat2	NA	chr16	68	67	0.0	0.0	0.0	0.0
k16_0534d0fa	HSat2	NA	chr17	47	47	0.0	0.0	0.0	0.0
k16_0534d0fa	HSat2	NA	chr18	53	0				
k16_0534d0fa	HSat2	NA	chr19	82	0				
k16_0534d0fa	HSat2	NA	chr20	74	0				
k16_0534d0fa	HSat2	NA	chr21	0	0				
k16_0534d0fa	HSat2	NA	chr22	0	0				
k16_0534d0fa	HSat2	NA	chrX	63	0				
k16_0534d0fa	HSat2	NA	chrY	0	0				
k16_0560c43a	HSat3	G1	chr1	40	39	0.0	0.0	0.0	0.0
k16_0560c43a	HSat3	G1	chr2	53	53	0.0	0.0	0.0	0.0
k16_0560c43a	HSat3	G1	chr3	35	35	0.0	0.0	0.0	0.0
k16_0560c43a	HSat3	G1	chr4	48	48	0.0	0.0	0.0	0.0
k16_0560c43a	HSat3	G1	chr5	59	59	0.0	0.23728813559322035	0.6269908920168071	0.0
k16_0560c43a	HSat3	G1	chr6	40	0				
k16_0560c43a	HSat3	G1	chr7	59	59	0.0	0.0	0.0	0.0
k16_0560c43a	HSat3	G1	chr8	53	0				
k16_0560c43a	HSat3	G1	chr9	49	49	1900.0	1860.1224489795918	130.24792528098968	1.0
k16_0560c43a	HSat3	G1	chr10	59	59	0.0	0.0	0.0	0.0
k16_0560c43a	HSat3	G1	chr11	57	0				
k16_0560c43a	HSat3	G1	chr12	58	0				
k16_0560c43a	HSat3	G1	chr13	0	0				
k16_0560c43a	HSat3	G1	chr14	0	0				
k16_0560c43a	HSat3	G1	chr15	0	0				
k16_0560c43a	HSat3	G1	chr16	45	43	0.0	0.0	0.0	0.0
k16_0560c43a	HSat3	G1	chr17	42	42	0.0	0.0	0.0	0.0
k16_0560c43a	HSat3	G1	chr18	44	0				
k16_0560c43a	HSat3	G1	chr19	55	0				
k16_0560c43a	HSat3	G1	chr20	59	59	0.0	0.0	0.0	0.0
k16_0560c43a	HSat3	G1	chr21	0	0				
k16_0560c43a	HSat3	G1	chr22	0	0				
k16_0560c43a	HSat3	G1	chrX	44	1	0.0	0.0	0.0	0.0
k16_0560c43a	HSat3	G1	chrY	0	0				
k16_0560c43a	HSat3	G2	chr1	35	35	0.0	0.0	0.0	0.0
k16_0560c43a	HSat3	G2	chr2	41	39	0.0	0.0	0.0	0.0
k16_0560c43a	HSat3	G2	chr3	47	47	0.0	0.0	0.0	0.0
k16_0560c43a	HSat3	G2	chr4	39	39	0.0	0.0	0.0	0.0
k16_0560c43a	HSat3	G2	chr5	54	54	0.0	0.037037037037037035	0.11084295122239546	0.0
k16_0560c43a	HSat3	G2	chr6	44	0				
k16_0560c43a	HSat3	G2	chr7	54	54	0.0	0.0	0.0	0.0
k16_0560c43a	HSat3	G2	chr8	53	0				
k16_0560c43a	HSat3	G2	chr9	47	47	1751.0	1826.8297872340424	131.71413921485762	0.9574468085106383
k16_0560c43a	HSat3	G2	chr10	54	54	0.0	0.0	0.0	0.0
k16_0560c43a	HSat3	G2	chr11	54	0				
k16_0560c43a	HSat3	G2	chr12	53	0				
k16_0560c43a	HSat3	G2	chr13	0	0				
k16_0560c43a	HSat3	G2	chr14	0	0				
k16_0560c43a	HSat3	G2	chr15	0	0				
k16_0560c43a	HSat3	G2	chr16	49	47	0.0	0.0	0.0	0.0
k16_0560c43a	HSat3	G2	chr17	37	37	0.0	0.0	0.0	0.0
k16_0560c43a	HSat3	G2	chr18	35	0				
k16_0560c43a	HSat3	G2	chr19	54	0				
k16_0560c43a	HSat3	G2	chr20	54	54	0.0	0.0	0.0	0.0
k16_0560c43a	HSat3	G2	chr21	0	0				
k16_0560c43a	HSat3	G2	chr22	0	0				
k16_0560c43a	HSat3	G2	chrX	38	0				
k16_0560c43a	HSat3	G2	chrY	0	0				
k16_0560c43a	HSat3	G3	chr1	38	38	0.0	0.0	0.0	0.0
k16_0560c43a	HSat3	G3	chr2	57	56	0.0	0.0	0.0	0.0
k16_0560c43a	HSat3	G3	chr3	49	48	0.0	0.0	0.0	0.0
k16_0560c43a	HSat3	G3	chr4	58	58	0.0	0.0	0.0	0.0
k16_0560c43a	HSat3	G3	chr5	70	70	0.0	0.02857142857142857	0.08286632634018881	0.0
k16_0560c43a	HSat3	G3	chr6	57	0				
k16_0560c43a	HSat3	G3	chr7	70	70	0.0	0.0	0.0	0.0
k16_0560c43a	HSat3	G3	chr8	66	0				
k16_0560c43a	HSat3	G3	chr9	58	58	1952.0	1916.2931034482758	132.3861522714945	1.0
k16_0560c43a	HSat3	G3	chr10	70	70	0.0	0.0	0.0	0.0
k16_0560c43a	HSat3	G3	chr11	69	0				
k16_0560c43a	HSat3	G3	chr12	70	0				
k16_0560c43a	HSat3	G3	chr13	0	0				
k16_0560c43a	HSat3	G3	chr14	0	0				
k16_0560c43a	HSat3	G3	chr15	0	0				
k16_0560c43a	HSat3	G3	chr16	60	60	0.0	0.0	0.0	0.0
k16_0560c43a	HSat3	G3	chr17	44	44	0.0	0.0	0.0	0.0
k16_0560c43a	HSat3	G3	chr18	38	0				
k16_0560c43a	HSat3	G3	chr19	66	0				
k16_0560c43a	HSat3	G3	chr20	70	70	0.0	0.0	0.0	0.0
k16_0560c43a	HSat3	G3	chr21	0	0				
k16_0560c43a	HSat3	G3	chr22	0	0				
k16_0560c43a	HSat3	G3	chrX	52	0				
k16_0560c43a	HSat3	G3	chrY	1	1	0.0	0.0	0.0	0.0
k16_0560c43a	HSat3	G4	chr1	23	22	0.0	0.0	0.0	0.0
k16_0560c43a	HSat3	G4	chr2	31	31	0.0	0.0	0.0	0.0
k16_0560c43a	HSat3	G4	chr3	28	28	0.0	0.0	0.0	0.0
k16_0560c43a	HSat3	G4	chr4	28	28	0.0	0.0	0.0	0.0
k16_0560c43a	HSat3	G4	chr5	39	39	1.0	1.9743589743589745	3.1275563711572687	0.07692307692307693
k16_0560c43a	HSat3	G4	chr6	30	0				
k16_0560c43a	HSat3	G4	chr7	39	39	0.0	0.0	0.0	0.0
k16_0560c43a	HSat3	G4	chr8	36	0				
k16_0560c43a	HSat3	G4	chr9	27	27	1921.0	1831.9259259259259	129.02882845290654	1.0
k16_0560c43a	HSat3	G4	chr10	39	39	0.0	0.0	0.0	0.0
k16_0560c43a	HSat3	G4	chr11	39	0				
k16_0560c43a	HSat3	G4	chr12	37	0				
k16_0560c43a	HSat3	G4	chr13	0	0				
k16_0560c43a	HSat3	G4	chr14	0	0				
k16_0560c43a	HSat3	G4	chr15	0	0				
k16_0560c43a	HSat3	G4	chr16	29	29	0.0	0.0	0.0	0.0
k16_0560c43a	HSat3	G4	chr17	25	25	0.0	0.0	0.0	0.0
k16_0560c43a	HSat3	G4	chr18	27	0				
k16_0560c43a	HSat3	G4	chr19	35	0				
k16_0560c43a	HSat3	G4	chr20	39	39	0.0	0.0	0.0	0.0
k16_0560c43a	HSat3	G4	chr21	0	0				
k16_0560c43a	HSat3	G4	chr22	0	0				
k16_0560c43a	HSat3	G4	chrX	30	0				
k16_0560c43a	HSat3	G4	chrY	1	1	0.0	0.0	0.0	0.0
k16_0560c43a	HSat3	G5	chr1	31	30	0.0	0.0	0.0	0.0
k16_0560c43a	HSat3	G5	chr2	39	39	0.0	0.0	0.0	0.0
k16_0560c43a	HSat3	G5	chr3	26	26	0.0	0.0	0.0	0.0
k16_0560c43a	HSat3	G5	chr4	40	40	0.0	0.0	0.0	0.0
k16_0560c43a	HSat3	G5	chr5	47	47	14.0	13.957446808510639	20.71666066378265	0.851063829787234
k16_0560c43a	HSat3	G5	chr6	37	0				
k16_0560c43a	HSat3	G5	chr7	47	47	0.0	0.0	0.0	0.0
k16_0560c43a	HSat3	G5	chr8	45	0				
k16_0560c43a	HSat3	G5	chr9	40	40	1928.0	1963.8	130.86258665735582	1.0
k16_0560c43a	HSat3	G5	chr10	47	47	0.0	0.0	0.0	0.0
k16_0560c43a	HSat3	G5	chr11	46	0				
k16_0560c43a	HSat3	G5	chr12	44	0				
k16_0560c43a	HSat3	G5	chr13	0	0				
k16_0560c43a	HSat3	G5	chr14	0	0				
k16_0560c43a	HSat3	G5	chr15	0	0				
k16_0560c43a	HSat3	G5	chr16	33	33	0.0	0.0	0.0	0.0
k16_0560c43a	HSat3	G5	chr17	39	39	0.0	0.0	0.0	0.0
k16_0560c43a	HSat3	G5	chr18	39	0				
k16_0560c43a	HSat3	G5	chr19	46	0				
k16_0560c43a	HSat3	G5	chr20	47	47	0.0	0.0	0.0	0.0
k16_0560c43a	HSat3	G5	chr21	0	0				
k16_0560c43a	HSat3	G5	chr22	0	0				
k16_0560c43a	HSat3	G5	chrX	28	0				
k16_0560c43a	HSat3	G5	chrY	1	1	0.0	0.0	0.0	0.0
k16_0560c43a	HSat3	G6	chr1	34	34	0.0	0.0	0.0	0.0
k16_0560c43a	HSat3	G6	chr2	39	38	0.0	0.0	0.0	0.0
k16_0560c43a	HSat3	G6	chr3	34	34	0.0	0.0	0.0	0.0
k16_0560c43a	HSat3	G6	chr4	34	34	0.0	0.0	0.0	0.0
k16_0560c43a	HSat3	G6	chr5	47	47	14.0	14.212765957446809	20.511857434975646	0.9361702127659575
k16_0560c43a	HSat3	G6	chr6	40	0				
k16_0560c43a	HSat3	G6	chr7	47	47	0.0	0.0	0.0	0.0
k16_0560c43a	HSat3	G6	chr8	47	0				
k16_0560c43a	HSat3	G6	chr9	39	39	1601.0	1710.0	129.46241979379417	1.0
k16_0560c43a	HSat3	G6	chr10	47	47	0.0	0.0	0.0	0.0
k16_0560c43a	HSat3	G6	chr11	47	0				
k16_0560c43a	HSat3	G6	chr12	47	0				
k16_0560c43a	HSat3	G6	chr13	0	0				
k16_0560c43a	HSat3	G6	chr14	0	0				
k16_0560c43a	HSat3	G6	chr15	0	0				
k16_0560c43a	HSat3	G6	chr16	41	41	0.0	0.0	0.0	0.0
k16_0560c43a	HSat3	G6	chr17	28	28	0.0	0.0	0.0	0.0
k16_0560c43a	HSat3	G6	chr18	25	0				
k16_0560c43a	HSat3	G6	chr19	46	0				
k16_0560c43a	HSat3	G6	chr20	47	47	0.0	0.0	0.0	0.0
k16_0560c43a	HSat3	G6	chr21	0	0				
k16_0560c43a	HSat3	G6	chr22	0	0				
k16_0560c43a	HSat3	G6	chrX	30	0				
k16_0560c43a	HSat3	G6	chrY	0	0				
k16_0560c43a	HSat3	G7	chr1	84	81	0.0	0.012345679012345678	0.016727221718370426	0.0
k16_0560c43a	HSat3	G7	chr2	104	103	0.0	0.0	0.0	0.0
k16_0560c43a	HSat3	G7	chr3	88	86	0.0	0.0	0.0	0.0
k16_0560c43a	HSat3	G7	chr4	91	91	0.0	0.0	0.0	0.0
k16_0560c43a	HSat3	G7	chr5	126	126	14.0	14.420634920634921	21.049514180224758	0.9603174603174603
k16_0560c43a	HSat3	G7	chr6	103	0				
k16_0560c43a	HSat3	G7	chr7	126	126	0.0	0.0	0.0	0.0
k16_0560c43a	HSat3	G7	chr8	121	0				
k16_0560c43a	HSat3	G7	chr9	101	101	1754.0	1857.1980198019803	130.90544718539	1.0
k16_0560c43a	HSat3	G7	chr10	126	126	0.0	0.0	0.0	0.0
k16_0560c43a	HSat3	G7	chr11	125	0				
k16_0560c43a	HSat3	G7	chr12	126	0				
k16_0560c43a	HSat3	G7	chr13	0	0				
k16_0560c43a	HSat3	G7	chr14	0	0				
k16_0560c43a	HSat3	G7	chr15	0	0				
k16_0560c43a	HSat3	G7	chr16	109	109	0.0	0.0	0.0	0.0
k16_0560c43a	HSat3	G7	chr17	77	77	0.0	0.0	0.0	0.0
k16_0560c43a	HSat3	G7	chr18	76	0				
k16_0560c43a	HSat3	G7	chr19	121	0				
k16_0560c43a	HSat3	G7	chr20	126	126	0.0	0.0	0.0	0.0
k16_0560c43a	HSat3	G7	chr21	0	0				
k16_0560c43a	HSat3	G7	chr22	0	0				
k16_0560c43a	HSat3	G7	chrX	80	0				
k16_0560c43a	HSat3	G7	chrY	0	0				
k16_0560c43a	HSat3	NA	chr1	73	71	0.0	0.0	0.0	0.0
k16_0560c43a	HSat3	NA	chr2	92	92	0.0	0.0	0.0	0.0
k16_0560c43a	HSat3	NA	chr3	80	80	0.0	0.0	0.0	0.0
k16_0560c43a	HSat3	NA	chr4	93	93	0.0	0.0	0.0	0.0
k16_0560c43a	HSat3	NA	chr5	115	114	1.0	6.078947368421052	11.640138321124205	0.39473684210526316
k16_0560c43a	HSat3	NA	chr6	101	0				
k16_0560c43a	HSat3	NA	chr7	60	60	0.0	0.0	0.0	0.0
k16_0560c43a	HSat3	NA	chr8	127	0				
k16_0560c43a	HSat3	NA	chr9	98	97	1866.0	1930.7422680412371	131.74711241313187	1.0
k16_0560c43a	HSat3	NA	chr10	119	118	0.0	0.0	0.0	0.0
k16_0560c43a	HSat3	NA	chr11	130	0				
k16_0560c43a	HSat3	NA	chr12	126	0				
k16_0560c43a	HSat3	NA	chr13	0	0				
k16_0560c43a	HSat3	NA	chr14	0	0				
k16_0560c43a	HSat3	NA	chr15	0	0				
k16_0560c43a	HSat3	NA	chr16	103	102	0.0	0.0	0.0	0.0
k16_0560c43a	HSat3	NA	chr17	65	65	0.0	0.0	0.0	0.0
k16_0560c43a	HSat3	NA	chr18	84	0				
k16_0560c43a	HSat3	NA	chr19	128	0				
k16_0560c43a	HSat3	NA	chr20	84	84	0.0	0.0	0.0	0.0
k16_0560c43a	HSat3	NA	chr21	0	0				
k16_0560c43a	HSat3	NA	chr22	0	0				
k16_0560c43a	HSat3	NA	chrX	91	0				
k16_0560c43a	HSat3	NA	chrY	1	1	0.0	0.0	0.0	0.0
k16_0b34d83a	HSat2	G1	chr1	102	102	36.0	60.40196078431372	5.105120585347078	0.9509803921568627
k16_0b34d83a	HSat2	G1	chr2	128	128	0.0	0.0	0.0	0.0
k16_0b34d83a	HSat2	G1	chr3	107	0				
k16_0b34d83a	HSat2	G1	chr4	124	0				
k16_0b34d83a	HSat2	G1	chr5	153	0				
k16_0b34d83a	HSat2	G1	chr6	131	0				
k16_0b34d83a	HSat2	G1	chr7	158	158	0.0	0.0	0.0	0.0
k16_0b34d83a	HSat2	G1	chr8	153	0				
k16_0b34d83a	HSat2	G1	chr9	132	125	0.0	0.088	2.3137728379896263	0.0
k16_0b34d83a	HSat2	G1	chr10	158	158	0.0	0.012658227848101266	0.02741429431473729	0.0
k16_0b34d83a	HSat2	G1	chr11	156	0				
k16_0b34d83a	HSat2	G1	chr12	156	0				
k16_0b34d83a	HSat2	G1	chr13	0	0				
k16_0b34d83a	HSat2	G1	chr14	0	0				
k16_0b34d83a	HSat2	G1	chr15	0	0				
k16_0b34d83a	HSat2	G1	chr16	127	127	0.0	0.047244094488188976	0.0052711743475467995	0.0
k16_0b34d83a	HSat2	G1	chr17	109	109	0.0	0.0	0.0	0.0
k16_0b34d83a	HSat2	G1	chr18	103	0				
k16_0b34d83a	HSat2	G1	chr19	151	0				
k16_0b34d83a	HSat2	G1	chr20	142	0				
k16_0b34d83a	HSat2	G1	chr21	0	0				
k16_0b34d83a	HSat2	G1	chr22	0	0				
k16_0b34d83a	HSat2	G1	chrX	98	0				
k16_0b34d83a	HSat2	G1	chrY	1	1	0.0	0.0	0.0	0.0
k16_0b34d83a	HSat2	G2	chr1	25	25	34.0	56.04	4.740320040626674	1.0
k16_0b34d83a	HSat2	G2	chr2	31	31	0.0	0.0	0.0	0.0
k16_0b34d83a	HSat2	G2	chr3	23	0				
k16_0b34d83a	HSat2	G2	chr4	31	0				
k16_0b34d83a	HSat2	G2	chr5	42	0				
k16_0b34d83a	HSat2	G2	chr6	35	0				
k16_0b34d83a	HSat2	G2	chr7	42	42	0.0	0.0	0.0	0.0
k16_0b34d83a	HSat2	G2	chr8	41	0				
k16_0b34d83a	HSat2	G2	chr9	33	30	0.0	0.1	2.5623330212981124	0.0
k16_0b34d83a	HSat2	G2	chr10	42	42	4.0	16.5	69.58295211648648	0.42857142857142855
k16_0b34d83a	HSat2	G2	chr11	41	0				
k16_0b34d83a	HSat2	G2	chr12	40	0				
k16_0b34d83a	HSat2	G2	chr13	0	0				
k16_0b34d83a	HSat2	G2	chr14	0	0				
k16_0b34d83a	HSat2	G2	chr15	0	0				
k16_0b34d83a	HSat2	G2	chr16	32	32	0.0	0.09375	0.010683607240071228	0.0
k16_0b34d83a	HSat2	G2	chr17	29	28	0.0	0.0	0.0	0.0
k16_0b34d83a	HSat2	G2	chr18	30	0				
k16_0b34d83a	HSat2	G2	chr19	41	0				
k16_0b34d83a	HSat2	G2	chr20	42	0				
k16_0b34d83a	HSat2	G2	chr21	0	0				
k16_0b34d83a	HSat2	G2	chr22	0	0				
k16_0b34d83a	HSat2	G2	chrX	29	0				
k16_0b34d83a	HSat2	G2	chrY	0	0				
k16_0b34d83a	HSat2	G3	chr1	186	186	38.5	66.43548387096774	5.321507886575245	0.9838709677419355
k16_0b34d83a	HSat2	G3	chr2	239	239	0.0	0.0	0.0	0.0
k16_0b34d83a	HSat2	G3	chr3	204	0				
k16_0b34d83a	HSat2	G3	chr4	211	0				
k16_0b34d83a	HSat2	G3	chr5	283	0				
k16_0b34d83a	HSat2	G3	chr6	222	0				
k16_0b34d83a	HSat2	G3	chr7	289	289	0.0	0.0	0.0	0.0
k16_0b34d83a	HSat2	G3	chr8	274	0				
k16_0b34d83a	HSat2	G3	chr9	228	224	0.0	0.08928571428571429	2.317269940860954	0.0
k16_0b34d83a	HSat2	G3	chr10	289	289	38.0	42.42906574394463	40.45738061912706	0.986159169550173
k16_0b34d83a	HSat2	G3	chr11	286	0				
k16_0b34d83a	HSat2	G3	chr12	286	0				
k16_0b34d83a	HSat2	G3	chr13	0	0				
k16_0b34d83a	HSat2	G3	chr14	0	0				
k16_0b34d83a	HSat2	G3	chr15	0	0				
k16_0b34d83a	HSat2	G3	chr16	242	242	0.0	0.05785123966942149	0.0067057748830935925	0.0
k16_0b34d83a	HSat2	G3	chr17	172	172	0.0	0.0	0.0	0.0
k16_0b34d83a	HSat2	G3	chr18	182	0				
k16_0b34d83a	HSat2	G3	chr19	277	0				
k16_0b34d83a	HSat2	G3	chr20	268	0				
k16_0b34d83a	HSat2	G3	chr21	0	0				
k16_0b34d83a	HSat2	G3	chr22	0	0				
k16_0b34d83a	HSat2	G3	chrX	203	0				
k16_0b34d83a	HSat2	G3	chrY	3	3	0.0	0.0	0.0	0.0
k16_0b34d83a	HSat2	NA	chr1	45	44	37.5	73.29545454545455	6.240788644339162	0.8863636363636364
k16_0b34d83a	HSat2	NA	chr2	58	58	0.0	0.017241379310344827	0.02462959005352724	0.0
k16_0b34d83a	HSat2	NA	chr3	53	0				
k16_0b34d83a	HSat2	NA	chr4	65	0				
k16_0b34d83a	HSat2	NA	chr5	79	0				
k16_0b34d83a	HSat2	NA	chr6	64	0				
k16_0b34d83a	HSat2	NA	chr7	13	13	0.0	0.0	0.0	0.0
k16_0b34d83a	HSat2	NA	chr8	80	0				
k16_0b34d83a	HSat2	NA	chr9	66	65	0.0	0.06153846153846154	1.603055423637453	0.0
k16_0b34d83a	HSat2	NA	chr10	72	71	25.0	24.577464788732396	33.49055212332308	0.647887323943662
k16_0b34d83a	HSat2	NA	chr11	84	0				
k16_0b34d83a	HSat2	NA	chr12	79	0				
k16_0b34d83a	HSat2	NA	chr13	0	0				
k16_0b34d83a	HSat2	NA	chr14	0	0				
k16_0b34d83a	HSat2	NA	chr15	0	0				
k16_0b34d83a	HSat2	NA	chr16	68	67	0.0	0.05970149253731343	0.006648301487282219	0.0
k16_0b34d83a	HSat2	NA	chr17	47	47	0.0	0.0	0.0	0.0
k16_0b34d83a	HSat2	NA	chr18	53	0				
k16_0b34d83a	HSat2	NA	chr19	82	0				
k16_0b34d83a	HSat2	NA	chr20	74	0				
k16_0b34d83a	HSat2	NA	chr21	0	0				
k16_0b34d83a	HSat2	NA	chr22	0	0				
k16_0b34d83a	HSat2	NA	chrX	63	0				
k16_0b34d83a	HSat2	NA	chrY	0	0				
k16_0d340683	HSat2	G1	chr1	102	102	19.5	28.04901960784314	2.370678460424929	0.8137254901960784
k16_0d340683	HSat2	G1	chr2	128	128	7.0	7.90625	11.931640940893363	0.2421875
k16_0d340683	HSat2	G1	chr3	107	0				
k16_0d340683	HSat2	G1	chr4	124	0				
k16_0d340683	HSat2	G1	chr5	153	0				
k16_0d340683	HSat2	G1	chr6	131	0				
k16_0d340683	HSat2	G1	chr7	158	158	5.0	4.2784810126582276	13.58535888991219	0.0
k16_0d340683	HSat2	G1	chr8	153	0				
k16_0d340683	HSat2	G1	chr9	132	125	0.0	0.0	0.0	0.0
k16_0d340683	HSat2	G1	chr10	158	158	15.0	14.740506329113924	31.923945729511576	0.7721518987341772
k16_0d340683	HSat2	G1	chr11	156	0				
k16_0d340683	HSat2	G1	chr12	156	0				
k16_0d340683	HSat2	G1	chr13	0	0				
k16_0d340683	HSat2	G1	chr14	0	0				
k16_0d340683	HSat2	G1	chr15	0	0				
k16_0d340683	HSat2	G1	chr16	127	127	601.0	628.1417322834645	70.0837770668664	1.0
k16_0d340683	HSat2	G1	chr17	109	109	0.0	0.0	0.0	0.0
k16_0d340683	HSat2	G1	chr18	103	0				
k16_0d340683	HSat2	G1	chr19	151	0				
k16_0d340683	HSat2	G1	chr20	142	0				
k16_0d340683	HSat2	G1	chr21	0	0				
k16_0d340683	HSat2	G1	chr22	0	0				
k16_0d340683	HSat2	G1	chrX	98	0				
k16_0d340683	HSat2	G1	chrY	1	1	0.0	0.0	0.0	0.0
k16_0d340683	HSat2	G2	chr1	25	25	25.0	33.56	2.838778382645096	0.76
k16_0d340683	HSat2	G2	chr2	31	31	7.0	8.096774193548388	11.482715996292592	0.3225806451612903
k16_0d340683	HSat2	G2	chr3	23	0				
k16_0d340683	HSat2	G2	chr4	31	0				
k16_0d340683	HSat2	G2	chr5	42	0				
k16_0d340683	HSat2	G2	chr6	35	0				
k16_0d340683	HSat2	G2	chr7	42	42	5.0	4.285714285714286	13.569346484442406	0.0
k16_0d340683	HSat2	G2	chr8	41	0				
k16_0d340683	HSat2	G2	chr9	33	30	0.0	0.0	0.0	0.0
k16_0d340683	HSat2	G2	chr10	42	42	0.0	0.7380952380952381	3.1126573096840993	0.0
k16_0d340683	HSat2	G2	chr11	41	0				
k16_0d340683	HSat2	G2	chr12	40	0				
k16_0d340683	HSat2	G2	chr13	0	0				
k16_0d340683	HSat2	G2	chr14	0	0				
k16_0d340683	HSat2	G2	chr15	0	0				
k16_0d340683	HSat2	G2	chr16	32	32	616.0	582.875	66.42354741393619	1.0
k16_0d340683	HSat2	G2	chr17	29	28	0.0	0.0	0.0	0.0
k16_0d340683	HSat2	G2	chr18	30	0				
k16_0d340683	HSat2	G2	chr19	41	0				
k16_0d340683	HSat2	G2	chr20	42	0				
k16_0d340683	HSat2	G2	chr21	0	0				
k16_0d340683	HSat2	G2	chr22	0	0				
k16_0d340683	HSat2	G2	chrX	29	0				
k16_0d340683	HSat2	G2	chrY	0	0				
k16_0d340683	HSat2	G3	chr1	186	186	21.0	27.36021505376344	2.19156378043064	0.8333333333333334
k16_0d340683	HSat2	G3	chr2	239	239	7.0	7.933054393305439	11.629198087607815	0.24267782426778242
k16_0d340683	HSat2	G3	chr3	204	0				
k16_0d340683	HSat2	G3	chr4	211	0				
k16_0d340683	HSat2	G3	chr5	283	0				
k16_0d340683	HSat2	G3	chr6	222	0				
k16_0d340683	HSat2	G3	chr7	289	289	4.0	4.141868512110727	13.136707514400827	0.0
k16_0d340683	HSat2	G3	chr8	274	0				
k16_0d340683	HSat2	G3	chr9	228	224	0.0	0.004464285714285714	0.1158634970430477	0.0
k16_0d340683	HSat2	G3	chr10	289	289	2.0	2.1591695501730106	2.058832613467239	0.0
k16_0d340683	HSat2	G3	chr11	286	0				
k16_0d340683	HSat2	G3	chr12	286	0				
k16_0d340683	HSat2	G3	chr13	0	0				
k16_0d340683	HSat2	G3	chr14	0	0				
k16_0d340683	HSat2	G3	chr15	0	0				
k16_0d340683	HSat2	G3	chr16	242	242	572.0	592.1570247933885	68.63935373550558	1.0
k16_0d340683	HSat2	G3	chr17	172	172	0.0	0.011627906976744186	0.139461397294421	0.0
k16_0d340683	HSat2	G3	chr18	182	0				
k16_0d340683	HSat2	G3	chr19	277	0				
k16_0d340683	HSat2	G3	chr20	268	0				
k16_0d340683	HSat2	G3	chr21	0	0				
k16_0d340683	HSat2	G3	chr22	0	0				
k16_0d340683	HSat2	G3	chrX	203	0				
k16_0d340683	HSat2	G3	chrY	3	3	0.0	0.0	0.0	0.0
k16_0d340683	HSat2	NA	chr1	45	44	17.0	23.90909090909091	2.0357549314247434	0.7272727272727273
k16_0d340683	HSat2	NA	chr2	58	58	7.0	7.793103448275862	11.132574704194313	0.1724137931034483
k16_0d340683	HSat2	NA	chr3	53	0				
k16_0d340683	HSat2	NA	chr4	65	0				
k16_0d340683	HSat2	NA	chr5	79	0				
k16_0d340683	HSat2	NA	chr6	64	0				
k16_0d340683	HSat2	NA	chr7	13	13	3.0	3.769230769230769	12.21507100446274	0.0
k16_0d340683	HSat2	NA	chr8	80	0				
k16_0d340683	HSat2	NA	chr9	66	65	0.0	0.0	0.0	0.0
k16_0d340683	HSat2	NA	chr10	72	71	2.0	6.295774647887324	8.578955185745224	0.2535211267605634
k16_0d340683	HSat2	NA	chr11	84	0				
k16_0d340683	HSat2	NA	chr12	79	0				
k16_0d340683	HSat2	NA	chr13	0	0				
k16_0d340683	HSat2	NA	chr14	0	0				
k16_0d340683	HSat2	NA	chr15	0	0				
k16_0d340683	HSat2	NA	chr16	68	67	579.0	618.8805970149253	68.91795529253929	1.0
k16_0d340683	HSat2	NA	chr17	47	47	0.0	0.06382978723404255	0.7676507864454365	0.0
k16_0d340683	HSat2	NA	chr18	53	0				
k16_0d340683	HSat2	NA	chr19	82	0				
k16_0d340683	HSat2	NA	chr20	74	0				
k16_0d340683	HSat2	NA	chr21	0	0				
k16_0d340683	HSat2	NA	chr22	0	0				
k16_0d340683	HSat2	NA	chrX	63	0				
k16_0d340683	HSat2	NA	chrY	0	0				
k16_0d34d43a	HSat2	G1	chr1	102	102	1793.5	1847.9705882352941	156.1888483190759	1.0
k16_0d34d43a	HSat2	G1	chr2	128	128	31.0	32.578125	49.16496316553885	0.9921875
k16_0d34d43a	HSat2	G1	chr3	107	0				
k16_0d34d43a	HSat2	G1	chr4	124	0				
k16_0d34d43a	HSat2	G1	chr5	153	0				
k16_0d34d43a	HSat2	G1	chr6	131	0				
k16_0d34d43a	HSat2	G1	chr7	158	158	33.0	31.78481012658228	100.92555080641867	1.0
k16_0d34d43a	HSat2	G1	chr8	153	0				
k16_0d34d43a	HSat2	G1	chr9	132	125	8.0	7.128	187.41559987715968	0.008
k16_0d34d43a	HSat2	G1	chr10	158	158	166.0	195.73417721518987	423.9072329887827	1.0
k16_0d34d43a	HSat2	G1	chr11	156	0				
k16_0d34d43a	HSat2	G1	chr12	156	0				
k16_0d34d43a	HSat2	G1	chr13	0	0				
k16_0d34d43a	HSat2	G1	chr14	0	0				
k16_0d34d43a	HSat2	G1	chr15	0	0				
k16_0d34d43a	HSat2	G1	chr16	127	127	182.0	187.48031496062993	20.91777686918155	1.0
k16_0d34d43a	HSat2	G1	chr17	109	109	15.0	14.63302752293578	175.84915295833403	1.0
k16_0d34d43a	HSat2	G1	chr18	103	0				
k16_0d34d43a	HSat2	G1	chr19	151	0				
k16_0d34d43a	HSat2	G1	chr20	142	0				
k16_0d34d43a	HSat2	G1	chr21	0	0				
k16_0d34d43a	HSat2	G1	chr22	0	0				
k16_0d34d43a	HSat2	G1	chrX	98	0				
k16_0d34d43a	HSat2	G1	chrY	1	1	1.0	1.0	269.3965517241379	0.0
k16_0d34d43a	HSat2	G2	chr1	25	25	1358.0	1597.6	135.13803170780113	1.0
k16_0d34d43a	HSat2	G2	chr2	31	31	32.0	32.45161290322581	46.022359730160744	1.0
k16_0d34d43a	HSat2	G2	chr3	23	0				
k16_0d34d43a	HSat2	G2	chr4	31	0				
k16_0d34d43a	HSat2	G2	chr5	42	0				
k16_0d34d43a	HSat2	G2	chr6	35	0				
k16_0d34d43a	HSat2	G2	chr7	42	42	33.0	31.738095238095237	100.4885492431207	1.0
k16_0d34d43a	HSat2	G2	chr8	41	0				
k16_0d34d43a	HSat2	G2	chr9	33	30	8.0	7.566666666666666	193.88319861155716	0.03333333333333333
k16_0d34d43a	HSat2	G2	chr10	42	42	47.0	112.47619047619048	474.3288106757318	1.0
k16_0d34d43a	HSat2	G2	chr11	41	0				
k16_0d34d43a	HSat2	G2	chr12	40	0				
k16_0d34d43a	HSat2	G2	chr13	0	0				
k16_0d34d43a	HSat2	G2	chr14	0	0				
k16_0d34d43a	HSat2	G2	chr15	0	0				
k16_0d34d43a	HSat2	G2	chr16	32	32	195.0	190.375	21.694845102171307	1.0
k16_0d34d43a	HSat2	G2	chr17	29	28	15.0	15.142857142857142	180.62037133673985	1.0
k16_0d34d43a	HSat2	G2	chr18	30	0				
k16_0d34d43a	HSat2	G2	chr19	41	0				
k16_0d34d43a	HSat2	G2	chr20	42	0				
k16_0d34d43a	HSat2	G2	chr21	0	0				
k16_0d34d43a	HSat2	G2	chr22	0	0				
k16_0d34d43a	HSat2	G2	chrX	29	0				
k16_0d34d43a	HSat2	G2	chrY	0	0				
k16_0d34d43a	HSat2	G3	chr1	186	186	1811.5	1976.6989247311828	158.33434641301073	1.0
k16_0d34d43a	HSat2	G3	chr2	239	239	31.0	33.39748953974895	48.957942581901676	1.0
k16_0d34d43a	HSat2	G3	chr3	204	0				
k16_0d34d43a	HSat2	G3	chr4	211	0				
k16_0d34d43a	HSat2	G3	chr5	283	0				
k16_0d34d43a	HSat2	G3	chr6	222	0				
k16_0d34d43a	HSat2	G3	chr7	289	289	33.0	31.858131487889274	101.04399840024095	1.0
k16_0d34d43a	HSat2	G3	chr8	274	0				
k16_0d34d43a	HSat2	G3	chr9	228	224	8.0	7.254464285714286	188.2781826949525	0.026785714285714284
k16_0d34d43a	HSat2	G3	chr10	289	289	479.0	547.2249134948097	521.795288709322	1.0
k16_0d34d43a	HSat2	G3	chr11	286	0				
k16_0d34d43a	HSat2	G3	chr12	286	0				
k16_0d34d43a	HSat2	G3	chr13	0	0				
k16_0d34d43a	HSat2	G3	chr14	0	0				
k16_0d34d43a	HSat2	G3	chr15	0	0				
k16_0d34d43a	HSat2	G3	chr16	242	242	181.5	186.34710743801654	21.600258866284904	1.0
k16_0d34d43a	HSat2	G3	chr17	172	172	15.0	14.534883720930232	174.32674661802625	1.0
k16_0d34d43a	HSat2	G3	chr18	182	0				
k16_0d34d43a	HSat2	G3	chr19	277	0				
k16_0d34d43a	HSat2	G3	chr20	268	0				
k16_0d34d43a	HSat2	G3	chr21	0	0				
k16_0d34d43a	HSat2	G3	chr22	0	0				
k16_0d34d43a	HSat2	G3	chrX	203	0				
k16_0d34d43a	HSat2	G3	chrY	3	3	1.0	1.0	269.3965517241379	0.0
k16_0d34d43a	HSat2	NA	chr1	45	44	1799.0	1999.9772727272727	170.28935191107036	1.0
k16_0d34d43a	HSat2	NA	chr2	58	58	31.0	31.189655172413794	44.554928406830776	1.0
k16_0d34d43a	HSat2	NA	chr3	53	0				
k16_0d34d43a	HSat2	NA	chr4	65	0				
k16_0d34d43a	HSat2	NA	chr5	79	0				
k16_0d34d43a	HSat2	NA	chr6	64	0				
k16_0d34d43a	HSat2	NA	chr7	13	13	29.0	30.46153846153846	98.71771668912743	1.0
k16_0d34d43a	HSat2	NA	chr8	80	0				
k16_0d34d43a	HSat2	NA	chr9	66	65	8.0	7.338461538461538	191.16435926876628	0.015384615384615385
k16_0d34d43a	HSat2	NA	chr10	72	71	363.0	366.85915492957747	499.90166828435304	1.0
k16_0d34d43a	HSat2	NA	chr11	84	0				
k16_0d34d43a	HSat2	NA	chr12	79	0				
k16_0d34d43a	HSat2	NA	chr13	0	0				
k16_0d34d43a	HSat2	NA	chr14	0	0				
k16_0d34d43a	HSat2	NA	chr15	0	0				
k16_0d34d43a	HSat2	NA	chr16	68	67	178.0	192.98507462686567	21.49063455763977	1.0
k16_0d34d43a	HSat2	NA	chr17	47	47	15.0	14.297872340425531	171.95377616377777	1.0
k16_0d34d43a	HSat2	NA	chr18	53	0				
k16_0d34d43a	HSat2	NA	chr19	82	0				
k16_0d34d43a	HSat2	NA	chr20	74	0				
k16_0d34d43a	HSat2	NA	chr21	0	0				
k16_0d34d43a	HSat2	NA	chr22	0	0				
k16_0d34d43a	HSat2	NA	chrX	63	0				
k16_0d34d43a	HSat2	NA	chrY	0	0				
k16_0d83a0b3	HSat2	G1	chr1	102	102	56.5	71.8921568627451	6.076261849107307	1.0
k16_0d83a0b3	HSat2	G1	chr2	128	128	0.0	0.0	0.0	0.0
k16_0d83a0b3	HSat2	G1	chr3	107	0				
k16_0d83a0b3	HSat2	G1	chr4	124	0				
k16_0d83a0b3	HSat2	G1	chr5	153	0				
k16_0d83a0b3	HSat2	G1	chr6	131	0				
k16_0d83a0b3	HSat2	G1	chr7	158	158	0.0	0.0	0.0	0.0
k16_0d83a0b3	HSat2	G1	chr8	153	0				
k16_0d83a0b3	HSat2	G1	chr9	132	125	0.0	0.0	0.0	0.0
k16_0d83a0b3	HSat2	G1	chr10	158	158	0.0	0.0189873417721519	0.04112144147210594	0.0
k16_0d83a0b3	HSat2	G1	chr11	156	0				
k16_0d83a0b3	HSat2	G1	chr12	156	0				
k16_0d83a0b3	HSat2	G1	chr13	0	0				
k16_0d83a0b3	HSat2	G1	chr14	0	0				
k16_0d83a0b3	HSat2	G1	chr15	0	0				
k16_0d83a0b3	HSat2	G1	chr16	127	127	1.0	1.0551181102362204	0.11772289376187853	0.0
k16_0d83a0b3	HSat2	G1	chr17	109	109	0.0	0.0	0.0	0.0
k16_0d83a0b3	HSat2	G1	chr18	103	0				
k16_0d83a0b3	HSat2	G1	chr19	151	0				
k16_0d83a0b3	HSat2	G1	chr20	142	0				
k16_0d83a0b3	HSat2	G1	chr21	0	0				
k16_0d83a0b3	HSat2	G1	chr22	0	0				
k16_0d83a0b3	HSat2	G1	chrX	98	0				
k16_0d83a0b3	HSat2	G1	chrY	1	1	0.0	0.0	0.0	0.0
k16_0d83a0b3	HSat2	G2	chr1	25	25	53.0	62.88	5.31890300061751	1.0
k16_0d83a0b3	HSat2	G2	chr2	31	31	0.0	0.0	0.0	0.0
k16_0d83a0b3	HSat2	G2	chr3	23	0				
k16_0d83a0b3	HSat2	G2	chr4	31	0				
k16_0d83a0b3	HSat2	G2	chr5	42	0				
k16_0d83a0b3	HSat2	G2	chr6	35	0				
k16_0d83a0b3	HSat2	G2	chr7	42	42	0.0	0.0	0.0	0.0
k16_0d83a0b3	HSat2	G2	chr8	41	0				
k16_0d83a0b3	HSat2	G2	chr9	33	30	0.0	0.0	0.0	0.0
k16_0d83a0b3	HSat2	G2	chr10	42	42	7.0	17.976190476190474	75.80826673585467	0.42857142857142855
k16_0d83a0b3	HSat2	G2	chr11	41	0				
k16_0d83a0b3	HSat2	G2	chr12	40	0				
k16_0d83a0b3	HSat2	G2	chr13	0	0				
k16_0d83a0b3	HSat2	G2	chr14	0	0				
k16_0d83a0b3	HSat2	G2	chr15	0	0				
k16_0d83a0b3	HSat2	G2	chr16	32	32	1.0	1.03125	0.11751967964078351	0.0
k16_0d83a0b3	HSat2	G2	chr17	29	28	0.0	0.0	0.0	0.0
k16_0d83a0b3	HSat2	G2	chr18	30	0				
k16_0d83a0b3	HSat2	G2	chr19	41	0				
k16_0d83a0b3	HSat2	G2	chr20	42	0				
k16_0d83a0b3	HSat2	G2	chr21	0	0				
k16_0d83a0b3	HSat2	G2	chr22	0	0				
k16_0d83a0b3	HSat2	G2	chrX	29	0				
k16_0d83a0b3	HSat2	G2	chrY	0	0				
k16_0d83a0b3	HSat2	G3	chr1	186	186	59.5	74.03763440860214	5.930443077286371	1.0
k16_0d83a0b3	HSat2	G3	chr2	239	239	0.0	0.0	0.0	0.0
k16_0d83a0b3	HSat2	G3	chr3	204	0				
k16_0d83a0b3	HSat2	G3	chr4	211	0				
k16_0d83a0b3	HSat2	G3	chr5	283	0				
k16_0d83a0b3	HSat2	G3	chr6	222	0				
k16_0d83a0b3	HSat2	G3	chr7	289	289	0.0	0.0	0.0	0.0
k16_0d83a0b3	HSat2	G3	chr8	274	0				
k16_0d83a0b3	HSat2	G3	chr9	228	224	0.0	0.0	0.0	0.0
k16_0d83a0b3	HSat2	G3	chr10	289	289	41.0	44.82006920415225	42.73727378564287	0.986159169550173
k16_0d83a0b3	HSat2	G3	chr11	286	0				
k16_0d83a0b3	HSat2	G3	chr12	286	0				
k16_0d83a0b3	HSat2	G3	chr13	0	0				
k16_0d83a0b3	HSat2	G3	chr14	0	0				
k16_0d83a0b3	HSat2	G3	chr15	0	0				
k16_0d83a0b3	HSat2	G3	chr16	242	242	1.0	1.0330578512396693	0.11974598005524272	0.0
k16_0d83a0b3	HSat2	G3	chr17	172	172	0.0	0.0	0.0	0.0
k16_0d83a0b3	HSat2	G3	chr18	182	0				
k16_0d83a0b3	HSat2	G3	chr19	277	0				
k16_0d83a0b3	HSat2	G3	chr20	268	0				
k16_0d83a0b3	HSat2	G3	chr21	0	0				
k16_0d83a0b3	HSat2	G3	chr22	0	0				
k16_0d83a0b3	HSat2	G3	chrX	203	0				
k16_0d83a0b3	HSat2	G3	chrY	3	3	0.0	0.0	0.0	0.0
k16_0d83a0b3	HSat2	NA	chr1	45	44	61.5	73.97727272727273	6.298842492193479	0.9772727272727273
k16_0d83a0b3	HSat2	NA	chr2	58	58	0.0	0.0	0.0	0.0
k16_0d83a0b3	HSat2	NA	chr3	53	0				
k16_0d83a0b3	HSat2	NA	chr4	65	0				
k16_0d83a0b3	HSat2	NA	chr5	79	0				
k16_0d83a0b3	HSat2	NA	chr6	64	0				
k16_0d83a0b3	HSat2	NA	chr7	13	13	0.0	0.0	0.0	0.0
k16_0d83a0b3	HSat2	NA	chr8	80	0				
k16_0d83a0b3	HSat2	NA	chr9	66	65	0.0	0.0	0.0	0.0
k16_0d83a0b3	HSat2	NA	chr10	72	71	28.0	26.028169014084508	35.46735835180575	0.647887323943662
k16_0d83a0b3	HSat2	NA	chr11	84	0				
k16_0d83a0b3	HSat2	NA	chr12	79	0				
k16_0d83a0b3	HSat2	NA	chr13	0	0				
k16_0d83a0b3	HSat2	NA	chr14	0	0				
k16_0d83a0b3	HSat2	NA	chr15	0	0				
k16_0d83a0b3	HSat2	NA	chr16	68	67	1.0	1.0298507462686568	0.11468320065561827	0.0
k16_0d83a0b3	HSat2	NA	chr17	47	47	0.0	0.0	0.0	0.0
k16_0d83a0b3	HSat2	NA	chr18	53	0				
k16_0d83a0b3	HSat2	NA	chr19	82	0				
k16_0d83a0b3	HSat2	NA	chr20	74	0				
k16_0d83a0b3	HSat2	NA	chr21	0	0				
k16_0d83a0b3	HSat2	NA	chr22	0	0				
k16_0d83a0b3	HSat2	NA	chrX	63	0				
k16_0d83a0b3	HSat2	NA	chrY	0	0				
k16_0e834158	HSat3	G1	chr1	40	39	537.0	543.3076923076923	683.8148016908029	1.0
k16_0e834158	HSat3	G1	chr2	53	53	67.0	80.26415094339623	1318.375218760721	1.0
k16_0e834158	HSat3	G1	chr3	35	35	10.0	23.62857142857143	119.5051648051365	0.6285714285714286
k16_0e834158	HSat3	G1	chr4	48	48	116.0	128.72916666666666	611.0781073331648	1.0
k16_0e834158	HSat3	G1	chr5	59	59	828.0	949.7796610169491	2509.6206154247016	1.0
k16_0e834158	HSat3	G1	chr6	40	0				
k16_0e834158	HSat3	G1	chr7	59	59	458.0	459.7118644067797	1032.0311291911353	1.0
k16_0e834158	HSat3	G1	chr8	53	0				
k16_0e834158	HSat3	G1	chr9	49	49	42657.0	41460.22448979592	2903.092871354968	1.0
k16_0e834158	HSat3	G1	chr10	59	59	446.0	428.76271186440675	662.3161039947032	1.0
k16_0e834158	HSat3	G1	chr11	57	0				
k16_0e834158	HSat3	G1	chr12	58	0				
k16_0e834158	HSat3	G1	chr13	0	0				
k16_0e834158	HSat3	G1	chr14	0	0				
k16_0e834158	HSat3	G1	chr15	0	0				
k16_0e834158	HSat3	G1	chr16	45	43	0.0	0.0	0.0	0.0
k16_0e834158	HSat3	G1	chr17	42	42	278.5	310.1666666666667	347.56159673538093	1.0
k16_0e834158	HSat3	G1	chr18	44	0				
k16_0e834158	HSat3	G1	chr19	55	0				
k16_0e834158	HSat3	G1	chr20	59	59	1361.0	1348.8474576271187	1043.1788644217727	1.0
k16_0e834158	HSat3	G1	chr21	0	0				
k16_0e834158	HSat3	G1	chr22	0	0				
k16_0e834158	HSat3	G1	chrX	44	1	257.0	257.0	601.2272522043049	1.0
k16_0e834158	HSat3	G1	chrY	0	0				
k16_0e834158	HSat3	G2	chr1	35	35	525.0	523.0857142857143	745.6467049506372	1.0
k16_0e834158	HSat3	G2	chr2	41	39	67.0	74.64102564102564	1258.0007942993677	1.0
k16_0e834158	HSat3	G2	chr3	47	47	11.0	10.02127659574468	55.672140029970755	0.7021276595744681
k16_0e834158	HSat3	G2	chr4	39	39	109.0	118.12820512820512	532.6712962550791	1.0
k16_0e834158	HSat3	G2	chr5	54	54	808.5	828.4444444444445	2479.3351329425413	1.0
k16_0e834158	HSat3	G2	chr6	44	0				
k16_0e834158	HSat3	G2	chr7	54	54	458.0	409.72222222222223	1021.4843199040502	1.0
k16_0e834158	HSat3	G2	chr8	53	0				
k16_0e834158	HSat3	G2	chr9	47	47	38770.0	40133.44680851064	2893.615178079546	0.9574468085106383
k16_0e834158	HSat3	G2	chr10	54	54	368.5	401.8333333333333	627.9295202576794	1.0
k16_0e834158	HSat3	G2	chr11	54	0				
k16_0e834158	HSat3	G2	chr12	53	0				
k16_0e834158	HSat3	G2	chr13	0	0				
k16_0e834158	HSat3	G2	chr14	0	0				
k16_0e834158	HSat3	G2	chr15	0	0				
k16_0e834158	HSat3	G2	chr16	49	47	0.0	0.0	0.0	0.0
k16_0e834158	HSat3	G2	chr17	37	37	279.0	283.86486486486484	362.1724262818078	1.0
k16_0e834158	HSat3	G2	chr18	35	0				
k16_0e834158	HSat3	G2	chr19	54	0				
k16_0e834158	HSat3	G2	chr20	54	54	631.0	666.7407407407408	1029.9096883853827	1.0
k16_0e834158	HSat3	G2	chr21	0	0				
k16_0e834158	HSat3	G2	chr22	0	0				
k16_0e834158	HSat3	G2	chrX	38	0				
k16_0e834158	HSat3	G2	chrY	0	0				
k16_0e834158	HSat3	G3	chr1	38	38	532.5	554.7894736842105	681.408363326086	1.0
k16_0e834158	HSat3	G3	chr2	57	56	66.5	72.39285714285714	1204.7064976590834	1.0
k16_0e834158	HSat3	G3	chr3	49	48	10.0	9.791666666666666	55.318086648603156	0.5416666666666666
k16_0e834158	HSat3	G3	chr4	58	58	101.0	105.48275862068965	490.0889169331328	1.0
k16_0e834158	HSat3	G3	chr5	70	70	814.0	847.1	2456.862276497088	1.0
k16_0e834158	HSat3	G3	chr6	57	0				
k16_0e834158	HSat3	G3	chr7	70	70	415.5	388.64285714285717	1007.2291693863644	1.0
k16_0e834158	HSat3	G3	chr8	66	0				
k16_0e834158	HSat3	G3	chr9	58	58	42666.0	41971.06896551724	2899.55034387376	1.0
k16_0e834158	HSat3	G3	chr10	70	70	357.0	386.85714285714283	617.0578299853464	1.0
k16_0e834158	HSat3	G3	chr11	69	0				
k16_0e834158	HSat3	G3	chr12	70	0				
k16_0e834158	HSat3	G3	chr13	0	0				
k16_0e834158	HSat3	G3	chr14	0	0				
k16_0e834158	HSat3	G3	chr15	0	0				
k16_0e834158	HSat3	G3	chr16	60	60	0.0	0.0	0.0	0.0
k16_0e834158	HSat3	G3	chr17	44	44	285.5	292.0681818181818	369.3118651760809	1.0
k16_0e834158	HSat3	G3	chr18	38	0				
k16_0e834158	HSat3	G3	chr19	66	0				
k16_0e834158	HSat3	G3	chr20	70	70	1226.5	1248.6857142857143	1130.6494491156072	1.0
k16_0e834158	HSat3	G3	chr21	0	0				
k16_0e834158	HSat3	G3	chr22	0	0				
k16_0e834158	HSat3	G3	chrX	52	0				
k16_0e834158	HSat3	G3	chrY	1	1	6.0	6.0	0.3463964235723921	0.0
k16_0e834158	HSat3	G4	chr1	23	22	569.5	579.8181818181819	655.8113336290551	1.0
k16_0e834158	HSat3	G4	chr2	31	31	67.0	79.09677419354838	1347.1002732657732	1.0
k16_0e834158	HSat3	G4	chr3	28	28	11.0	9.642857142857142	54.30388453787394	0.6071428571428571
k16_0e834158	HSat3	G4	chr4	28	28	109.0	109.85714285714286	505.10026470143913	0.9642857142857143
k16_0e834158	HSat3	G4	chr5	39	39	1571.0	1700.2051282051282	2693.272829333717	1.0
k16_0e834158	HSat3	G4	chr6	30	0				
k16_0e834158	HSat3	G4	chr7	39	39	450.0	450.2564102564103	1019.3379318863998	1.0
k16_0e834158	HSat3	G4	chr8	36	0				
k16_0e834158	HSat3	G4	chr9	27	27	41410.0	41279.48148148148	2907.4555140688444	1.0
k16_0e834158	HSat3	G4	chr10	39	39	368.0	412.1794871794872	652.6809555411598	1.0
k16_0e834158	HSat3	G4	chr11	39	0				
k16_0e834158	HSat3	G4	chr12	37	0				
k16_0e834158	HSat3	G4	chr13	0	0				
k16_0e834158	HSat3	G4	chr14	0	0				
k16_0e834158	HSat3	G4	chr15	0	0				
k16_0e834158	HSat3	G4	chr16	29	29	0.0	0.0	0.0	0.0
k16_0e834158	HSat3	G4	chr17	25	25	310.0	308.68	344.42714250129626	1.0
k16_0e834158	HSat3	G4	chr18	27	0				
k16_0e834158	HSat3	G4	chr19	35	0				
k16_0e834158	HSat3	G4	chr20	39	39	990.0	951.974358974359	1096.5996579206885	1.0
k16_0e834158	HSat3	G4	chr21	0	0				
k16_0e834158	HSat3	G4	chr22	0	0				
k16_0e834158	HSat3	G4	chrX	30	0				
k16_0e834158	HSat3	G4	chrY	1	1	6.0	6.0	0.6936797909341601	0.0
k16_0e834158	HSat3	G5	chr1	31	30	522.5	543.7	664.04071154582	1.0
k16_0e834158	HSat3	G5	chr2	39	39	71.0	78.12820512820512	1309.3037915667428	1.0
k16_0e834158	HSat3	G5	chr3	26	26	10.0	8.807692307692308	49.88090661270525	0.5384615384615384
k16_0e834158	HSat3	G5	chr4	40	40	121.5	120.125	561.6218376336657	1.0
k16_0e834158	HSat3	G5	chr5	47	47	1926.0	1838.7446808510638	2729.19898052555	1.0
k16_0e834158	HSat3	G5	chr6	37	0				
k16_0e834158	HSat3	G5	chr7	47	47	456.0	469.5744680851064	1029.249239395538	1.0
k16_0e834158	HSat3	G5	chr8	45	0				
k16_0e834158	HSat3	G5	chr9	40	40	43008.0	43655.575	2909.095359259699	1.0
k16_0e834158	HSat3	G5	chr10	47	47	371.0	395.2340425531915	630.8367297350577	1.0
k16_0e834158	HSat3	G5	chr11	46	0				
k16_0e834158	HSat3	G5	chr12	44	0				
k16_0e834158	HSat3	G5	chr13	0	0				
k16_0e834158	HSat3	G5	chr14	0	0				
k16_0e834158	HSat3	G5	chr15	0	0				
k16_0e834158	HSat3	G5	chr16	33	33	0.0	0.0	0.0	0.0
k16_0e834158	HSat3	G5	chr17	39	39	305.0	319.7435897435897	355.32447022460724	1.0
k16_0e834158	HSat3	G5	chr18	39	0				
k16_0e834158	HSat3	G5	chr19	46	0				
k16_0e834158	HSat3	G5	chr20	47	47	1207.0	1233.9148936170213	1060.355673870987	1.0
k16_0e834158	HSat3	G5	chr21	0	0				
k16_0e834158	HSat3	G5	chr22	0	0				
k16_0e834158	HSat3	G5	chrX	28	0				
k16_0e834158	HSat3	G5	chrY	1	1	6.0	6.0	0.2764615265311603	0.0
k16_0e834158	HSat3	G6	chr1	34	34	514.5	517.9117647058823	644.6394653632861	1.0
k16_0e834158	HSat3	G6	chr2	39	38	67.0	69.02631578947368	1206.4218622223	1.0
k16_0e834158	HSat3	G6	chr3	34	34	11.0	10.058823529411764	54.557027248204164	0.7058823529411765
k16_0e834158	HSat3	G6	chr4	34	34	106.0	108.94117647058823	495.9261487773091	1.0
k16_0e834158	HSat3	G6	chr5	47	47	1881.0	1905.340425531915	2749.786444849557	1.0
k16_0e834158	HSat3	G6	chr6	40	0				
k16_0e834158	HSat3	G6	chr7	47	47	423.0	393.1063829787234	1003.6825414484873	1.0
k16_0e834158	HSat3	G6	chr8	47	0				
k16_0e834158	HSat3	G6	chr9	39	39	36303.0	38160.743589743586	2889.112401320891	1.0
k16_0e834158	HSat3	G6	chr10	47	47	365.0	407.40425531914894	639.1726086163659	1.0
k16_0e834158	HSat3	G6	chr11	47	0				
k16_0e834158	HSat3	G6	chr12	47	0				
k16_0e834158	HSat3	G6	chr13	0	0				
k16_0e834158	HSat3	G6	chr14	0	0				
k16_0e834158	HSat3	G6	chr15	0	0				
k16_0e834158	HSat3	G6	chr16	41	41	0.0	0.0	0.0	0.0
k16_0e834158	HSat3	G6	chr17	28	28	276.0	298.17857142857144	365.146984891382	1.0
k16_0e834158	HSat3	G6	chr18	25	0				
k16_0e834158	HSat3	G6	chr19	46	0				
k16_0e834158	HSat3	G6	chr20	47	47	624.0	578.2340425531914	988.6255496608181	0.9574468085106383
k16_0e834158	HSat3	G6	chr21	0	0				
k16_0e834158	HSat3	G6	chr22	0	0				
k16_0e834158	HSat3	G6	chrX	30	0				
k16_0e834158	HSat3	G6	chrY	0	0				
k16_0e834158	HSat3	G7	chr1	84	81	527.0	516.1481481481482	699.3316856016307	1.0
k16_0e834158	HSat3	G7	chr2	104	103	66.0	69.19417475728156	1185.0870915132666	1.0
k16_0e834158	HSat3	G7	chr3	88	86	11.0	9.883720930232558	55.052662081190114	0.7209302325581395
k16_0e834158	HSat3	G7	chr4	91	91	85.0	102.37362637362638	466.59802259804945	1.0
k16_0e834158	HSat3	G7	chr5	126	126	1881.0	1884.6666666666667	2751.0104751511353	1.0
k16_0e834158	HSat3	G7	chr6	103	0				
k16_0e834158	HSat3	G7	chr7	126	126	406.5	375.87301587301585	1005.945101565621	1.0
k16_0e834158	HSat3	G7	chr8	121	0				
k16_0e834158	HSat3	G7	chr9	101	101	39242.0	41133.64356435643	2899.323576562203	1.0
k16_0e834158	HSat3	G7	chr10	126	126	359.0	393.74603174603175	615.5528894390358	0.9920634920634921
k16_0e834158	HSat3	G7	chr11	125	0				
k16_0e834158	HSat3	G7	chr12	126	0				
k16_0e834158	HSat3	G7	chr13	0	0				
k16_0e834158	HSat3	G7	chr14	0	0				
k16_0e834158	HSat3	G7	chr15	0	0				
k16_0e834158	HSat3	G7	chr16	109	109	0.0	0.0	0.0	0.0
k16_0e834158	HSat3	G7	chr17	77	77	280.0	289.5064935064935	371.19052650908463	1.0
k16_0e834158	HSat3	G7	chr18	76	0				
k16_0e834158	HSat3	G7	chr19	121	0				
k16_0e834158	HSat3	G7	chr20	126	126	1247.0	1256.626984126984	1134.7496646993372	1.0
k16_0e834158	HSat3	G7	chr21	0	0				
k16_0e834158	HSat3	G7	chr22	0	0				
k16_0e834158	HSat3	G7	chrX	80	0				
k16_0e834158	HSat3	G7	chrY	0	0				
k16_0e834158	HSat3	NA	chr1	73	71	509.0	509.3380281690141	699.4579766429042	1.0
k16_0e834158	HSat3	NA	chr2	92	92	65.5	69.70652173913044	1205.9457469210115	1.0
k16_0e834158	HSat3	NA	chr3	80	80	11.0	10.4375	56.26601981183834	0.75
k16_0e834158	HSat3	NA	chr4	93	93	110.0	109.68817204301075	517.5535167637162	1.0
k16_0e834158	HSat3	NA	chr5	115	114	1527.5	1399.1929824561403	2679.2138287530734	1.0
k16_0e834158	HSat3	NA	chr6	101	0				
k16_0e834158	HSat3	NA	chr7	60	60	421.5	365.98333333333335	989.6089483109928	1.0
k16_0e834158	HSat3	NA	chr8	127	0				
k16_0e834158	HSat3	NA	chr9	98	97	41468.0	42534.45360824742	2902.4026322488053	1.0
k16_0e834158	HSat3	NA	chr10	119	118	378.5	412.41525423728814	639.4792057170242	1.0
k16_0e834158	HSat3	NA	chr11	130	0				
k16_0e834158	HSat3	NA	chr12	126	0				
k16_0e834158	HSat3	NA	chr13	0	0				
k16_0e834158	HSat3	NA	chr14	0	0				
k16_0e834158	HSat3	NA	chr15	0	0				
k16_0e834158	HSat3	NA	chr16	103	102	0.0	0.0	0.0	0.0
k16_0e834158	HSat3	NA	chr17	65	65	286.0	292.1384615384615	354.794770404679	0.9846153846153847
k16_0e834158	HSat3	NA	chr18	84	0				
k16_0e834158	HSat3	NA	chr19	128	0				
k16_0e834158	HSat3	NA	chr20	84	84	1210.0	1132.0119047619048	1085.8876504315372	0.9880952380952381
k16_0e834158	HSat3	NA	chr21	0	0				
k16_0e834158	HSat3	NA	chr22	0	0				
k16_0e834158	HSat3	NA	chrX	91	0				
k16_0e834158	HSat3	NA	chrY	1	1	6.0	6.0	0.3798106580567811	0.0
k16_1483a0d8	HSat3	G1	chr1	40	39	0.0	0.0	0.0	0.0
k16_1483a0d8	HSat3	G1	chr2	53	53	0.0	0.0	0.0	0.0
k16_1483a0d8	HSat3	G1	chr3	35	35	0.0	0.0	0.0	0.0
k16_1483a0d8	HSat3	G1	chr4	48	48	0.0	0.0	0.0	0.0
k16_1483a0d8	HSat3	G1	chr5	59	59	0.0	0.01694915254237288	0.04478506371548622	0.0
k16_1483a0d8	HSat3	G1	chr6	40	0				
k16_1483a0d8	HSat3	G1	chr7	59	59	0.0	0.0	0.0	0.0
k16_1483a0d8	HSat3	G1	chr8	53	0				
k16_1483a0d8	HSat3	G1	chr9	49	49	7.0	7.020408163265306	0.4915770993423787	0.32653061224489793
k16_1483a0d8	HSat3	G1	chr10	59	59	0.0	0.0	0.0	0.0
k16_1483a0d8	HSat3	G1	chr11	57	0				
k16_1483a0d8	HSat3	G1	chr12	58	0				
k16_1483a0d8	HSat3	G1	chr13	0	0				
k16_1483a0d8	HSat3	G1	chr14	0	0				
k16_1483a0d8	HSat3	G1	chr15	0	0				
k16_1483a0d8	HSat3	G1	chr16	45	43	0.0	0.0	0.0	0.0
k16_1483a0d8	HSat3	G1	chr17	42	42	0.0	0.0	0.0	0.0
k16_1483a0d8	HSat3	G1	chr18	44	0				
k16_1483a0d8	HSat3	G1	chr19	55	0				
k16_1483a0d8	HSat3	G1	chr20	59	59	1.0	1.3389830508474576	1.035549876722375	0.0
k16_1483a0d8	HSat3	G1	chr21	0	0				
k16_1483a0d8	HSat3	G1	chr22	0	0				
k16_1483a0d8	HSat3	G1	chrX	44	1	0.0	0.0	0.0	0.0
k16_1483a0d8	HSat3	G1	chrY	0	0				
k16_1483a0d8	HSat3	G2	chr1	35	35	0.0	0.0	0.0	0.0
k16_1483a0d8	HSat3	G2	chr2	41	39	0.0	0.0	0.0	0.0
k16_1483a0d8	HSat3	G2	chr3	47	47	0.0	0.0	0.0	0.0
k16_1483a0d8	HSat3	G2	chr4	39	39	0.0	0.0	0.0	0.0
k16_1483a0d8	HSat3	G2	chr5	54	54	0.0	0.1111111111111111	0.33252885366718643	0.0
k16_1483a0d8	HSat3	G2	chr6	44	0				
k16_1483a0d8	HSat3	G2	chr7	54	54	0.0	0.0	0.0	0.0
k16_1483a0d8	HSat3	G2	chr8	53	0				
k16_1483a0d8	HSat3	G2	chr9	47	47	7.0	7.085106382978723	0.5108350515198703	0.23404255319148937
k16_1483a0d8	HSat3	G2	chr10	54	54	0.0	0.0	0.0	0.0
k16_1483a0d8	HSat3	G2	chr11	54	0				
k16_1483a0d8	HSat3	G2	chr12	53	0				
k16_1483a0d8	HSat3	G2	chr13	0	0				
k16_1483a0d8	HSat3	G2	chr14	0	0				
k16_1483a0d8	HSat3	G2	chr15	0	0				
k16_1483a0d8	HSat3	G2	chr16	49	47	0.0	0.0	0.0	0.0
k16_1483a0d8	HSat3	G2	chr17	37	37	0.0	0.0	0.0	0.0
k16_1483a0d8	HSat3	G2	chr18	35	0				
k16_1483a0d8	HSat3	G2	chr19	54	0				
k16_1483a0d8	HSat3	G2	chr20	54	54	1.0	7.685185185185185	11.87125099099916	0.1111111111111111
k16_1483a0d8	HSat3	G2	chr21	0	0				
k16_1483a0d8	HSat3	G2	chr22	0	0				
k16_1483a0d8	HSat3	G2	chrX	38	0				
k16_1483a0d8	HSat3	G2	chrY	0	0				
k16_1483a0d8	HSat3	G3	chr1	38	38	0.0	0.0	0.0	0.0
k16_1483a0d8	HSat3	G3	chr2	57	56	0.0	0.0	0.0	0.0
k16_1483a0d8	HSat3	G3	chr3	49	48	0.0	0.0	0.0	0.0
k16_1483a0d8	HSat3	G3	chr4	58	58	0.0	0.0	0.0	0.0
k16_1483a0d8	HSat3	G3	chr5	70	70	0.0	0.2	0.5800642843813216	0.0
k16_1483a0d8	HSat3	G3	chr6	57	0				
k16_1483a0d8	HSat3	G3	chr7	70	70	0.0	0.0	0.0	0.0
k16_1483a0d8	HSat3	G3	chr8	66	0				
k16_1483a0d8	HSat3	G3	chr9	58	58	6.5	6.810344827586207	0.47048927209717334	0.22413793103448276
k16_1483a0d8	HSat3	G3	chr10	70	70	0.0	0.0	0.0	0.0
k16_1483a0d8	HSat3	G3	chr11	69	0				
k16_1483a0d8	HSat3	G3	chr12	70	0				
k16_1483a0d8	HSat3	G3	chr13	0	0				
k16_1483a0d8	HSat3	G3	chr14	0	0				
k16_1483a0d8	HSat3	G3	chr15	0	0				
k16_1483a0d8	HSat3	G3	chr16	60	60	0.0	0.0	0.0	0.0
k16_1483a0d8	HSat3	G3	chr17	44	44	0.0	0.0	0.0	0.0
k16_1483a0d8	HSat3	G3	chr18	38	0				
k16_1483a0d8	HSat3	G3	chr19	66	0				
k16_1483a0d8	HSat3	G3	chr20	70	70	30.0	30.0	27.16414794003724	1.0
k16_1483a0d8	HSat3	G3	chr21	0	0				
k16_1483a0d8	HSat3	G3	chr22	0	0				
k16_1483a0d8	HSat3	G3	chrX	52	0				
k16_1483a0d8	HSat3	G3	chrY	1	1	0.0	0.0	0.0	0.0
k16_1483a0d8	HSat3	G4	chr1	23	22	0.0	0.0	0.0	0.0
k16_1483a0d8	HSat3	G4	chr2	31	31	0.0	0.0	0.0	0.0
k16_1483a0d8	HSat3	G4	chr3	28	28	0.0	0.0	0.0	0.0
k16_1483a0d8	HSat3	G4	chr4	28	28	0.0	0.0	0.0	0.0
k16_1483a0d8	HSat3	G4	chr5	39	39	0.0	0.0	0.0	0.0
k16_1483a0d8	HSat3	G4	chr6	30	0				
k16_1483a0d8	HSat3	G4	chr7	39	39	0.0	0.0	0.0	0.0
k16_1483a0d8	HSat3	G4	chr8	36	0				
k16_1483a0d8	HSat3	G4	chr9	27	27	7.0	6.666666666666667	0.4695562072201524	0.25925925925925924
k16_1483a0d8	HSat3	G4	chr10	39	39	0.0	0.0	0.0	0.0
k16_1483a0d8	HSat3	G4	chr11	39	0				
k16_1483a0d8	HSat3	G4	chr12	37	0				
k16_1483a0d8	HSat3	G4	chr13	0	0				
k16_1483a0d8	HSat3	G4	chr14	0	0				
k16_1483a0d8	HSat3	G4	chr15	0	0				
k16_1483a0d8	HSat3	G4	chr16	29	29	0.0	0.0	0.0	0.0
k16_1483a0d8	HSat3	G4	chr17	25	25	0.0	0.0	0.0	0.0
k16_1483a0d8	HSat3	G4	chr18	27	0				
k16_1483a0d8	HSat3	G4	chr19	35	0				
k16_1483a0d8	HSat3	G4	chr20	39	39	27.0	21.46153846153846	24.722005916977302	0.5384615384615384
k16_1483a0d8	HSat3	G4	chr21	0	0				
k16_1483a0d8	HSat3	G4	chr22	0	0				
k16_1483a0d8	HSat3	G4	chrX	30	0				
k16_1483a0d8	HSat3	G4	chrY	1	1	0.0	0.0	0.0	0.0
k16_1483a0d8	HSat3	G5	chr1	31	30	0.0	0.0	0.0	0.0
k16_1483a0d8	HSat3	G5	chr2	39	39	0.0	0.0	0.0	0.0
k16_1483a0d8	HSat3	G5	chr3	26	26	0.0	0.0	0.0	0.0
k16_1483a0d8	HSat3	G5	chr4	40	40	0.0	0.0	0.0	0.0
k16_1483a0d8	HSat3	G5	chr5	47	47	0.0	0.0	0.0	0.0
k16_1483a0d8	HSat3	G5	chr6	37	0				
k16_1483a0d8	HSat3	G5	chr7	47	47	0.0	0.0	0.0	0.0
k16_1483a0d8	HSat3	G5	chr8	45	0				
k16_1483a0d8	HSat3	G5	chr9	40	40	6.0	6.725	0.44813672230915463	0.25
k16_1483a0d8	HSat3	G5	chr10	47	47	0.0	0.0	0.0	0.0
k16_1483a0d8	HSat3	G5	chr11	46	0				
k16_1483a0d8	HSat3	G5	chr12	44	0				
k16_1483a0d8	HSat3	G5	chr13	0	0				
k16_1483a0d8	HSat3	G5	chr14	0	0				
k16_1483a0d8	HSat3	G5	chr15	0	0				
k16_1483a0d8	HSat3	G5	chr16	33	33	0.0	0.0	0.0	0.0
k16_1483a0d8	HSat3	G5	chr17	39	39	0.0	0.0	0.0	0.0
k16_1483a0d8	HSat3	G5	chr18	39	0				
k16_1483a0d8	HSat3	G5	chr19	46	0				
k16_1483a0d8	HSat3	G5	chr20	47	47	2.0	2.1914893617021276	1.8832402387955935	0.02127659574468085
k16_1483a0d8	HSat3	G5	chr21	0	0				
k16_1483a0d8	HSat3	G5	chr22	0	0				
k16_1483a0d8	HSat3	G5	chrX	28	0				
k16_1483a0d8	HSat3	G5	chrY	1	1	0.0	0.0	0.0	0.0
k16_1483a0d8	HSat3	G6	chr1	34	34	0.0	0.0	0.0	0.0
k16_1483a0d8	HSat3	G6	chr2	39	38	0.0	0.0	0.0	0.0
k16_1483a0d8	HSat3	G6	chr3	34	34	0.0	0.0	0.0	0.0
k16_1483a0d8	HSat3	G6	chr4	34	34	0.0	0.0	0.0	0.0
k16_1483a0d8	HSat3	G6	chr5	47	47	0.0	0.0	0.0	0.0
k16_1483a0d8	HSat3	G6	chr6	40	0				
k16_1483a0d8	HSat3	G6	chr7	47	47	0.0	0.0	0.0	0.0
k16_1483a0d8	HSat3	G6	chr8	47	0				
k16_1483a0d8	HSat3	G6	chr9	39	39	7.0	6.666666666666667	0.5047267828218095	0.2564102564102564
k16_1483a0d8	HSat3	G6	chr10	47	47	0.0	0.0	0.0	0.0
k16_1483a0d8	HSat3	G6	chr11	47	0				
k16_1483a0d8	HSat3	G6	chr12	47	0				
k16_1483a0d8	HSat3	G6	chr13	0	0				
k16_1483a0d8	HSat3	G6	chr14	0	0				
k16_1483a0d8	HSat3	G6	chr15	0	0				
k16_1483a0d8	HSat3	G6	chr16	41	41	0.0	0.0	0.0	0.0
k16_1483a0d8	HSat3	G6	chr17	28	28	0.0	0.0	0.0	0.0
k16_1483a0d8	HSat3	G6	chr18	25	0				
k16_1483a0d8	HSat3	G6	chr19	46	0				
k16_1483a0d8	HSat3	G6	chr20	47	47	1.0	1.2340425531914894	2.109882690522407	0.0
k16_1483a0d8	HSat3	G6	chr21	0	0				
k16_1483a0d8	HSat3	G6	chr22	0	0				
k16_1483a0d8	HSat3	G6	chrX	30	0				
k16_1483a0d8	HSat3	G6	chrY	0	0				
k16_1483a0d8	HSat3	G7	chr1	84	81	0.0	0.0	0.0	0.0
k16_1483a0d8	HSat3	G7	chr2	104	103	0.0	0.0	0.0	0.0
k16_1483a0d8	HSat3	G7	chr3	88	86	0.0	0.0	0.0	0.0
k16_1483a0d8	HSat3	G7	chr4	91	91	0.0	0.01098901098901099	0.050085661506875205	0.0
k16_1483a0d8	HSat3	G7	chr5	126	126	0.0	0.0	0.0	0.0
k16_1483a0d8	HSat3	G7	chr6	103	0				
k16_1483a0d8	HSat3	G7	chr7	126	126	0.0	0.0	0.0	0.0
k16_1483a0d8	HSat3	G7	chr8	121	0				
k16_1483a0d8	HSat3	G7	chr9	101	101	7.0	7.306930693069307	0.5150323335100668	0.25742574257425743
k16_1483a0d8	HSat3	G7	chr10	126	126	0.0	0.0	0.0	0.0
k16_1483a0d8	HSat3	G7	chr11	125	0				
k16_1483a0d8	HSat3	G7	chr12	126	0				
k16_1483a0d8	HSat3	G7	chr13	0	0				
k16_1483a0d8	HSat3	G7	chr14	0	0				
k16_1483a0d8	HSat3	G7	chr15	0	0				
k16_1483a0d8	HSat3	G7	chr16	109	109	0.0	0.0	0.0	0.0
k16_1483a0d8	HSat3	G7	chr17	77	77	0.0	0.0	0.0	0.0
k16_1483a0d8	HSat3	G7	chr18	76	0				
k16_1483a0d8	HSat3	G7	chr19	121	0				
k16_1483a0d8	HSat3	G7	chr20	126	126	29.0	30.11111111111111	27.190704694914487	1.0
k16_1483a0d8	HSat3	G7	chr21	0	0				
k16_1483a0d8	HSat3	G7	chr22	0	0				
k16_1483a0d8	HSat3	G7	chrX	80	0				
k16_1483a0d8	HSat3	G7	chrY	0	0				
k16_1483a0d8	HSat3	NA	chr1	73	71	0.0	0.0	0.0	0.0
k16_1483a0d8	HSat3	NA	chr2	92	92	0.0	0.0	0.0	0.0
k16_1483a0d8	HSat3	NA	chr3	80	80	0.0	0.0	0.0	0.0
k16_1483a0d8	HSat3	NA	chr4	93	93	0.0	0.0	0.0	0.0
k16_1483a0d8	HSat3	NA	chr5	115	114	0.0	0.043859649122807015	0.08398368197059311	0.0
k16_1483a0d8	HSat3	NA	chr6	101	0				
k16_1483a0d8	HSat3	NA	chr7	60	60	0.0	0.0	0.0	0.0
k16_1483a0d8	HSat3	NA	chr8	127	0				
k16_1483a0d8	HSat3	NA	chr9	98	97	8.0	7.711340206185567	0.52619493643288	0.24742268041237114
k16_1483a0d8	HSat3	NA	chr10	119	118	0.0	0.0	0.0	0.0
k16_1483a0d8	HSat3	NA	chr11	130	0				
k16_1483a0d8	HSat3	NA	chr12	126	0				
k16_1483a0d8	HSat3	NA	chr13	0	0				
k16_1483a0d8	HSat3	NA	chr14	0	0				
k16_1483a0d8	HSat3	NA	chr15	0	0				
k16_1483a0d8	HSat3	NA	chr16	103	102	0.0	0.0	0.0	0.0
k16_1483a0d8	HSat3	NA	chr17	65	65	0.0	0.0	0.0	0.0
k16_1483a0d8	HSat3	NA	chr18	84	0				
k16_1483a0d8	HSat3	NA	chr19	128	0				
k16_1483a0d8	HSat3	NA	chr20	84	84	25.5	18.0	17.26658317421031	0.5595238095238095
k16_1483a0d8	HSat3	NA	chr21	0	0				
k16_1483a0d8	HSat3	NA	chr22	0	0				
k16_1483a0d8	HSat3	NA	chrX	91	0				
k16_1483a0d8	HSat3	NA	chrY	1	1	0.0	0.0	0.0	0.0
k16_158ba0ed	HSat3	G1	chr1	40	39	1.0	0.7435897435897436	0.9358926447228886	0.0
k16_158ba0ed	HSat3	G1	chr2	53	53	0.0	0.0	0.0	0.0
k16_158ba0ed	HSat3	G1	chr3	35	35	0.0	0.0	0.0	0.0
k16_158ba0ed	HSat3	G1	chr4	48	48	0.0	0.0	0.0	0.0
k16_158ba0ed	HSat3	G1	chr5	59	59	24.0	23.779661016949152	62.83344439282717	0.7796610169491526
k16_158ba0ed	HSat3	G1	chr6	40	0				
k16_158ba0ed	HSat3	G1	chr7	59	59	0.0	0.01694915254237288	0.038050036101874254	0.0
k16_158ba0ed	HSat3	G1	chr8	53	0				
k16_158ba0ed	HSat3	G1	chr9	49	49	9.0	9.571428571428571	0.6702024988127199	0.4489795918367347
k16_158ba0ed	HSat3	G1	chr10	59	59	0.0	0.0	0.0	0.0
k16_158ba0ed	HSat3	G1	chr11	57	0				
k16_158ba0ed	HSat3	G1	chr12	58	0				
k16_158ba0ed	HSat3	G1	chr13	0	0				
k16_158ba0ed	HSat3	G1	chr14	0	0				
k16_158ba0ed	HSat3	G1	chr15	0	0				
k16_158ba0ed	HSat3	G1	chr16	45	43	0.0	0.0	0.0	0.0
k16_158ba0ed	HSat3	G1	chr17	42	42	0.0	0.0	0.0	0.0
k16_158ba0ed	HSat3	G1	chr18	44	0				
k16_158ba0ed	HSat3	G1	chr19	55	0				
k16_158ba0ed	HSat3	G1	chr20	59	59	0.0	0.0	0.0	0.0
k16_158ba0ed	HSat3	G1	chr21	0	0				
k16_158ba0ed	HSat3	G1	chr22	0	0				
k16_158ba0ed	HSat3	G1	chrX	44	1	0.0	0.0	0.0	0.0
k16_158ba0ed	HSat3	G1	chrY	0	0				
k16_158ba0ed	HSat3	G2	chr1	35	35	1.0	0.5142857142857142	0.7331025065059793	0.0
k16_158ba0ed	HSat3	G2	chr2	41	39	0.0	0.0	0.0	0.0
k16_158ba0ed	HSat3	G2	chr3	47	47	0.0	0.0	0.0	0.0
k16_158ba0ed	HSat3	G2	chr4	39	39	0.0	0.0	0.0	0.0
k16_158ba0ed	HSat3	G2	chr5	54	54	24.0	22.62962962962963	67.72504319688363	0.9074074074074074
k16_158ba0ed	HSat3	G2	chr6	44	0				
k16_158ba0ed	HSat3	G2	chr7	54	54	0.0	0.018518518518518517	0.046168782820522045	0.0
k16_158ba0ed	HSat3	G2	chr8	53	0				
k16_158ba0ed	HSat3	G2	chr9	47	47	8.0	10.297872340425531	0.7424749697766282	0.46808510638297873
k16_158ba0ed	HSat3	G2	chr10	54	54	0.0	0.0	0.0	0.0
k16_158ba0ed	HSat3	G2	chr11	54	0				
k16_158ba0ed	HSat3	G2	chr12	53	0				
k16_158ba0ed	HSat3	G2	chr13	0	0				
k16_158ba0ed	HSat3	G2	chr14	0	0				
k16_158ba0ed	HSat3	G2	chr15	0	0				
k16_158ba0ed	HSat3	G2	chr16	49	47	0.0	0.0	0.0	0.0
k16_158ba0ed	HSat3	G2	chr17	37	37	0.0	0.0	0.0	0.0
k16_158ba0ed	HSat3	G2	chr18	35	0				
k16_158ba0ed	HSat3	G2	chr19	54	0				
k16_158ba0ed	HSat3	G2	chr20	54	54	0.0	0.0	0.0	0.0
k16_158ba0ed	HSat3	G2	chr21	0	0				
k16_158ba0ed	HSat3	G2	chr22	0	0				
k16_158ba0ed	HSat3	G2	chrX	38	0				
k16_158ba0ed	HSat3	G2	chrY	0	0				
k16_158ba0ed	HSat3	G3	chr1	38	38	1.0	0.6578947368421053	0.8080452083840314	0.0
k16_158ba0ed	HSat3	G3	chr2	57	56	0.0	0.0	0.0	0.0
k16_158ba0ed	HSat3	G3	chr3	49	48	0.0	0.0	0.0	0.0
k16_158ba0ed	HSat3	G3	chr4	58	58	0.0	0.0	0.0	0.0
k16_158ba0ed	HSat3	G3	chr5	70	70	26.0	23.557142857142857	68.32328606748567	0.9428571428571428
k16_158ba0ed	HSat3	G3	chr6	57	0				
k16_158ba0ed	HSat3	G3	chr7	70	70	0.0	0.0	0.0	0.0
k16_158ba0ed	HSat3	G3	chr8	66	0				
k16_158ba0ed	HSat3	G3	chr9	58	58	8.0	8.637931034482758	0.596747152710592	0.3620689655172414
k16_158ba0ed	HSat3	G3	chr10	70	70	0.0	0.02857142857142857	0.04557295642432397	0.0
k16_158ba0ed	HSat3	G3	chr11	69	0				
k16_158ba0ed	HSat3	G3	chr12	70	0				
k16_158ba0ed	HSat3	G3	chr13	0	0				
k16_158ba0ed	HSat3	G3	chr14	0	0				
k16_158ba0ed	HSat3	G3	chr15	0	0				
k16_158ba0ed	HSat3	G3	chr16	60	60	0.0	0.0	0.0	0.0
k16_158ba0ed	HSat3	G3	chr17	44	44	0.0	0.0	0.0	0.0
k16_158ba0ed	HSat3	G3	chr18	38	0				
k16_158ba0ed	HSat3	G3	chr19	66	0				
k16_158ba0ed	HSat3	G3	chr20	70	70	0.0	0.0	0.0	0.0
k16_158ba0ed	HSat3	G3	chr21	0	0				
k16_158ba0ed	HSat3	G3	chr22	0	0				
k16_158ba0ed	HSat3	G3	chrX	52	0				
k16_158ba0ed	HSat3	G3	chrY	1	1	0.0	0.0	0.0	0.0
k16_158ba0ed	HSat3	G4	chr1	23	22	1.0	0.8636363636363636	0.97682779389715	0.0
k16_158ba0ed	HSat3	G4	chr2	31	31	0.0	0.0	0.0	0.0
k16_158ba0ed	HSat3	G4	chr3	28	28	0.0	0.0	0.0	0.0
k16_158ba0ed	HSat3	G4	chr4	28	28	0.0	0.0	0.0	0.0
k16_158ba0ed	HSat3	G4	chr5	39	39	25.0	26.743589743589745	42.36417266385755	0.5897435897435898
k16_158ba0ed	HSat3	G4	chr6	30	0				
k16_158ba0ed	HSat3	G4	chr7	39	39	0.0	0.0	0.0	0.0
k16_158ba0ed	HSat3	G4	chr8	36	0				
k16_158ba0ed	HSat3	G4	chr9	27	27	10.0	10.814814814814815	0.7617245139349139	0.5925925925925926
k16_158ba0ed	HSat3	G4	chr10	39	39	0.0	0.02564102564102564	0.040602236736619585	0.0
k16_158ba0ed	HSat3	G4	chr11	39	0				
k16_158ba0ed	HSat3	G4	chr12	37	0				
k16_158ba0ed	HSat3	G4	chr13	0	0				
k16_158ba0ed	HSat3	G4	chr14	0	0				
k16_158ba0ed	HSat3	G4	chr15	0	0				
k16_158ba0ed	HSat3	G4	chr16	29	29	0.0	0.0	0.0	0.0
k16_158ba0ed	HSat3	G4	chr17	25	25	0.0	0.0	0.0	0.0
k16_158ba0ed	HSat3	G4	chr18	27	0				
k16_158ba0ed	HSat3	G4	chr19	35	0				
k16_158ba0ed	HSat3	G4	chr20	39	39	0.0	0.0	0.0	0.0
k16_158ba0ed	HSat3	G4	chr21	0	0				
k16_158ba0ed	HSat3	G4	chr22	0	0				
k16_158ba0ed	HSat3	G4	chrX	30	0				
k16_158ba0ed	HSat3	G4	chrY	1	1	0.0	0.0	0.0	0.0
k16_158ba0ed	HSat3	G5	chr1	31	30	1.0	0.7666666666666667	0.9363580629976005	0.0
k16_158ba0ed	HSat3	G5	chr2	39	39	0.0	0.0	0.0	0.0
k16_158ba0ed	HSat3	G5	chr3	26	26	0.0	0.0	0.0	0.0
k16_158ba0ed	HSat3	G5	chr4	40	40	0.0	0.0	0.0	0.0
k16_158ba0ed	HSat3	G5	chr5	47	47	1.0	1.0212765957446808	1.5158532193011696	0.0
k16_158ba0ed	HSat3	G5	chr6	37	0				
k16_158ba0ed	HSat3	G5	chr7	47	47	0.0	0.02127659574468085	0.04663567011307378	0.0
k16_158ba0ed	HSat3	G5	chr8	45	0				
k16_158ba0ed	HSat3	G5	chr9	40	40	9.0	10.4	0.693029280597057	0.425
k16_158ba0ed	HSat3	G5	chr10	47	47	0.0	0.0	0.0	0.0
k16_158ba0ed	HSat3	G5	chr11	46	0				
k16_158ba0ed	HSat3	G5	chr12	44	0				
k16_158ba0ed	HSat3	G5	chr13	0	0				
k16_158ba0ed	HSat3	G5	chr14	0	0				
k16_158ba0ed	HSat3	G5	chr15	0	0				
k16_158ba0ed	HSat3	G5	chr16	33	33	0.0	0.0	0.0	0.0
k16_158ba0ed	HSat3	G5	chr17	39	39	0.0	0.0	0.0	0.0
k16_158ba0ed	HSat3	G5	chr18	39	0				
k16_158ba0ed	HSat3	G5	chr19	46	0				
k16_158ba0ed	HSat3	G5	chr20	47	47	0.0	0.0	0.0	0.0
k16_158ba0ed	HSat3	G5	chr21	0	0				
k16_158ba0ed	HSat3	G5	chr22	0	0				
k16_158ba0ed	HSat3	G5	chrX	28	0				
k16_158ba0ed	HSat3	G5	chrY	1	1	0.0	0.0	0.0	0.0
k16_158ba0ed	HSat3	G6	chr1	34	34	1.0	0.8235294117647058	1.0250386183299456	0.0
k16_158ba0ed	HSat3	G6	chr2	39	38	0.0	0.0	0.0	0.0
k16_158ba0ed	HSat3	G6	chr3	34	34	0.0	0.0	0.0	0.0
k16_158ba0ed	HSat3	G6	chr4	34	34	0.0	0.0	0.0	0.0
k16_158ba0ed	HSat3	G6	chr5	47	47	1.0	1.1914893617021276	1.7195569107165212	0.0
k16_158ba0ed	HSat3	G6	chr6	40	0				
k16_158ba0ed	HSat3	G6	chr7	47	47	0.0	0.0	0.0	0.0
k16_158ba0ed	HSat3	G6	chr8	47	0				
k16_158ba0ed	HSat3	G6	chr9	39	39	9.0	11.051282051282051	0.8366817053699996	0.48717948717948717
k16_158ba0ed	HSat3	G6	chr10	47	47	0.0	0.0	0.0	0.0
k16_158ba0ed	HSat3	G6	chr11	47	0				
k16_158ba0ed	HSat3	G6	chr12	47	0				
k16_158ba0ed	HSat3	G6	chr13	0	0				
k16_158ba0ed	HSat3	G6	chr14	0	0				
k16_158ba0ed	HSat3	G6	chr15	0	0				
k16_158ba0ed	HSat3	G6	chr16	41	41	0.0	0.0	0.0	0.0
k16_158ba0ed	HSat3	G6	chr17	28	28	0.0	0.0	0.0	0.0
k16_158ba0ed	HSat3	G6	chr18	25	0				
k16_158ba0ed	HSat3	G6	chr19	46	0				
k16_158ba0ed	HSat3	G6	chr20	47	47	0.0	0.0	0.0	0.0
k16_158ba0ed	HSat3	G6	chr21	0	0				
k16_158ba0ed	HSat3	G6	chr22	0	0				
k16_158ba0ed	HSat3	G6	chrX	30	0				
k16_158ba0ed	HSat3	G6	chrY	0	0				
k16_158ba0ed	HSat3	G7	chr1	84	81	1.0	0.5925925925925926	0.8029066424817805	0.0
k16_158ba0ed	HSat3	G7	chr2	104	103	0.0	0.0	0.0	0.0
k16_158ba0ed	HSat3	G7	chr3	88	86	0.0	0.0	0.0	0.0
k16_158ba0ed	HSat3	G7	chr4	91	91	0.0	0.0	0.0	0.0
k16_158ba0ed	HSat3	G7	chr5	126	126	1.0	1.380952380952381	2.015748743730935	0.007936507936507936
k16_158ba0ed	HSat3	G7	chr6	103	0				
k16_158ba0ed	HSat3	G7	chr7	126	126	0.0	0.007936507936507936	0.021240394881030848	0.0
k16_158ba0ed	HSat3	G7	chr8	121	0				
k16_158ba0ed	HSat3	G7	chr9	101	101	8.0	10.356435643564357	0.7299780770345935	0.38613861386138615
k16_158ba0ed	HSat3	G7	chr10	126	126	0.0	0.007936507936507936	0.012407338737382806	0.0
k16_158ba0ed	HSat3	G7	chr11	125	0				
k16_158ba0ed	HSat3	G7	chr12	126	0				
k16_158ba0ed	HSat3	G7	chr13	0	0				
k16_158ba0ed	HSat3	G7	chr14	0	0				
k16_158ba0ed	HSat3	G7	chr15	0	0				
k16_158ba0ed	HSat3	G7	chr16	109	109	0.0	0.0	0.0	0.0
k16_158ba0ed	HSat3	G7	chr17	77	77	0.0	0.0	0.0	0.0
k16_158ba0ed	HSat3	G7	chr18	76	0				
k16_158ba0ed	HSat3	G7	chr19	121	0				
k16_158ba0ed	HSat3	G7	chr20	126	126	0.0	0.0	0.0	0.0
k16_158ba0ed	HSat3	G7	chr21	0	0				
k16_158ba0ed	HSat3	G7	chr22	0	0				
k16_158ba0ed	HSat3	G7	chrX	80	0				
k16_158ba0ed	HSat3	G7	chrY	0	0				
k16_158ba0ed	HSat3	NA	chr1	73	71	1.0	0.5633802816901409	0.7736725123943304	0.0
k16_158ba0ed	HSat3	NA	chr2	92	92	0.0	0.0	0.0	0.0
k16_158ba0ed	HSat3	NA	chr3	80	80	0.0	0.0	0.0	0.0
k16_158ba0ed	HSat3	NA	chr4	93	93	0.0	0.0	0.0	0.0
k16_158ba0ed	HSat3	NA	chr5	115	114	10.5	14.666666666666666	28.08414325096634	0.5087719298245614
k16_158ba0ed	HSat3	NA	chr6	101	0				
k16_158ba0ed	HSat3	NA	chr7	60	60	0.0	0.0	0.0	0.0
k16_158ba0ed	HSat3	NA	chr8	127	0				
k16_158ba0ed	HSat3	NA	chr9	98	97	8.0	10.329896907216495	0.7048761046868259	0.422680412371134
k16_158ba0ed	HSat3	NA	chr10	119	118	0.0	0.00847457627118644	0.013140433693969469	0.0
k16_158ba0ed	HSat3	NA	chr11	130	0				
k16_158ba0ed	HSat3	NA	chr12	126	0				
k16_158ba0ed	HSat3	NA	chr13	0	0				
k16_158ba0ed	HSat3	NA	chr14	0	0				
k16_158ba0ed	HSat3	NA	chr15	0	0				
k16_158ba0ed	HSat3	NA	chr16	103	102	0.0	0.0	0.0	0.0
k16_158ba0ed	HSat3	NA	chr17	65	65	0.0	0.0	0.0	0.0
k16_158ba0ed	HSat3	NA	chr18	84	0				
k16_158ba0ed	HSat3	NA	chr19	128	0				
k16_158ba0ed	HSat3	NA	chr20	84	84	0.0	0.0	0.0	0.0
k16_158ba0ed	HSat3	NA	chr21	0	0				
k16_158ba0ed	HSat3	NA	chr22	0	0				
k16_158ba0ed	HSat3	NA	chrX	91	0				
k16_158ba0ed	HSat3	NA	chrY	1	1	0.0	0.0	0.0	0.0
k16_1d1f53d4	HSat3	G1	chr1	40	39	53.0	43.666666666666664	54.959488757347565	0.7435897435897436
k16_1d1f53d4	HSat3	G1	chr2	53	53	0.0	0.0	0.0	0.0
k16_1d1f53d4	HSat3	G1	chr3	35	35	0.0	0.02857142857142857	0.14450443144514694	0.0
k16_1d1f53d4	HSat3	G1	chr4	48	48	0.0	0.0	0.0	0.0
k16_1d1f53d4	HSat3	G1	chr5	59	59	0.0	0.05084745762711865	0.13435519114645866	0.0
k16_1d1f53d4	HSat3	G1	chr6	40	0				
k16_1d1f53d4	HSat3	G1	chr7	59	59	0.0	0.0	0.0	0.0
k16_1d1f53d4	HSat3	G1	chr8	53	0				
k16_1d1f53d4	HSat3	G1	chr9	49	49	0.0	0.14285714285714285	0.010003022370339102	0.0
k16_1d1f53d4	HSat3	G1	chr10	59	59	0.0	0.06779661016949153	0.10472642669007443	0.0
k16_1d1f53d4	HSat3	G1	chr11	57	0				
k16_1d1f53d4	HSat3	G1	chr12	58	0				
k16_1d1f53d4	HSat3	G1	chr13	0	0				
k16_1d1f53d4	HSat3	G1	chr14	0	0				
k16_1d1f53d4	HSat3	G1	chr15	0	0				
k16_1d1f53d4	HSat3	G1	chr16	45	43	0.0	0.0	0.0	0.0
k16_1d1f53d4	HSat3	G1	chr17	42	42	1.0	1.0476190476190477	1.1739241771978781	0.0
k16_1d1f53d4	HSat3	G1	chr18	44	0				
k16_1d1f53d4	HSat3	G1	chr19	55	0				
k16_1d1f53d4	HSat3	G1	chr20	59	59	2.0	2.0677966101694913	1.59920360709025	0.0
k16_1d1f53d4	HSat3	G1	chr21	0	0				
k16_1d1f53d4	HSat3	G1	chr22	0	0				
k16_1d1f53d4	HSat3	G1	chrX	44	1	0.0	0.0	0.0	0.0
k16_1d1f53d4	HSat3	G1	chrY	0	0				
k16_1d1f53d4	HSat3	G2	chr1	35	35	31.0	29.914285714285715	42.64212912843113	0.5142857142857142
k16_1d1f53d4	HSat3	G2	chr2	41	39	0.0	0.0	0.0	0.0
k16_1d1f53d4	HSat3	G2	chr3	47	47	0.0	0.0	0.0	0.0
k16_1d1f53d4	HSat3	G2	chr4	39	39	0.0	0.0	0.0	0.0
k16_1d1f53d4	HSat3	G2	chr5	54	54	0.0	0.0	0.0	0.0
k16_1d1f53d4	HSat3	G2	chr6	44	0				
k16_1d1f53d4	HSat3	G2	chr7	54	54	0.0	0.0	0.0	0.0
k16_1d1f53d4	HSat3	G2	chr8	53	0				
k16_1d1f53d4	HSat3	G2	chr9	47	47	0.0	0.3404255319148936	0.024544627100053826	0.0
k16_1d1f53d4	HSat3	G2	chr10	54	54	0.0	0.037037037037037035	0.05787635561617396	0.0
k16_1d1f53d4	HSat3	G2	chr11	54	0				
k16_1d1f53d4	HSat3	G2	chr12	53	0				
k16_1d1f53d4	HSat3	G2	chr13	0	0				
k16_1d1f53d4	HSat3	G2	chr14	0	0				
k16_1d1f53d4	HSat3	G2	chr15	0	0				
k16_1d1f53d4	HSat3	G2	chr16	49	47	0.0	0.0	0.0	0.0
k16_1d1f53d4	HSat3	G2	chr17	37	37	0.0	0.4594594594594595	0.5862069167657558	0.0
k16_1d1f53d4	HSat3	G2	chr18	35	0				
k16_1d1f53d4	HSat3	G2	chr19	54	0				
k16_1d1f53d4	HSat3	G2	chr20	54	54	2.0	1.8518518518518519	2.860542407469677	0.0
k16_1d1f53d4	HSat3	G2	chr21	0	0				
k16_1d1f53d4	HSat3	G2	chr22	0	0				
k16_1d1f53d4	HSat3	G2	chrX	38	0				
k16_1d1f53d4	HSat3	G2	chrY	0	0				
k16_1d1f53d4	HSat3	G3	chr1	38	38	53.5	44.0	54.04206353672402	0.6578947368421053
k16_1d1f53d4	HSat3	G3	chr2	57	56	0.0	0.0	0.0	0.0
k16_1d1f53d4	HSat3	G3	chr3	49	48	0.0	0.0	0.0	0.0
k16_1d1f53d4	HSat3	G3	chr4	58	58	0.0	0.0	0.0	0.0
k16_1d1f53d4	HSat3	G3	chr5	70	70	0.0	0.0	0.0	0.0
k16_1d1f53d4	HSat3	G3	chr6	57	0				
k16_1d1f53d4	HSat3	G3	chr7	70	70	0.0	0.0	0.0	0.0
k16_1d1f53d4	HSat3	G3	chr8	66	0				
k16_1d1f53d4	HSat3	G3	chr9	58	58	0.0	0.22413793103448276	0.015484457056362666	0.0
k16_1d1f53d4	HSat3	G3	chr10	70	70	0.0	0.0	0.0	0.0
k16_1d1f53d4	HSat3	G3	chr11	69	0				
k16_1d1f53d4	HSat3	G3	chr12	70	0				
k16_1d1f53d4	HSat3	G3	chr13	0	0				
k16_1d1f53d4	HSat3	G3	chr14	0	0				
k16_1d1f53d4	HSat3	G3	chr15	0	0				
k16_1d1f53d4	HSat3	G3	chr16	60	60	0.0	0.0	0.0	0.0
k16_1d1f53d4	HSat3	G3	chr17	44	44	0.0	0.4772727272727273	0.6034977175860011	0.0
k16_1d1f53d4	HSat3	G3	chr18	38	0				
k16_1d1f53d4	HSat3	G3	chr19	66	0				
k16_1d1f53d4	HSat3	G3	chr20	70	70	2.0	1.9714285714285715	1.7850725789167328	0.0
k16_1d1f53d4	HSat3	G3	chr21	0	0				
k16_1d1f53d4	HSat3	G3	chr22	0	0				
k16_1d1f53d4	HSat3	G3	chrX	52	0				
k16_1d1f53d4	HSat3	G3	chrY	1	1	18.0	18.0	1.0391892707171762	1.0
k16_1d1f53d4	HSat3	G4	chr1	23	22	57.0	55.68181818181818	62.97968671178994	0.9090909090909091
k16_1d1f53d4	HSat3	G4	chr2	31	31	0.0	0.0	0.0	0.0
k16_1d1f53d4	HSat3	G4	chr3	28	28	0.0	0.0	0.0	0.0
k16_1d1f53d4	HSat3	G4	chr4	28	28	0.0	0.0	0.0	0.0
k16_1d1f53d4	HSat3	G4	chr5	39	39	0.0	0.02564102564102564	0.040617615209834666	0.0
k16_1d1f53d4	HSat3	G4	chr6	30	0				
k16_1d1f53d4	HSat3	G4	chr7	39	39	0.0	0.0	0.0	0.0
k16_1d1f53d4	HSat3	G4	chr8	36	0				
k16_1d1f53d4	HSat3	G4	chr9	27	27	0.0	0.37037037037037035	0.026086455956675133	0.0
k16_1d1f53d4	HSat3	G4	chr10	39	39	0.0	0.0	0.0	0.0
k16_1d1f53d4	HSat3	G4	chr11	39	0				
k16_1d1f53d4	HSat3	G4	chr12	37	0				
k16_1d1f53d4	HSat3	G4	chr13	0	0				
k16_1d1f53d4	HSat3	G4	chr14	0	0				
k16_1d1f53d4	HSat3	G4	chr15	0	0				
k16_1d1f53d4	HSat3	G4	chr16	29	29	0.0	0.0	0.0	0.0
k16_1d1f53d4	HSat3	G4	chr17	25	25	1.0	1.28	1.4282322871635973	0.0
k16_1d1f53d4	HSat3	G4	chr18	27	0				
k16_1d1f53d4	HSat3	G4	chr19	35	0				
k16_1d1f53d4	HSat3	G4	chr20	39	39	2.0	1.7692307692307692	2.0380148246970538	0.0
k16_1d1f53d4	HSat3	G4	chr21	0	0				
k16_1d1f53d4	HSat3	G4	chr22	0	0				
k16_1d1f53d4	HSat3	G4	chrX	30	0				
k16_1d1f53d4	HSat3	G4	chrY	1	1	7.0	7.0	0.8092930894231867	0.0
k16_1d1f53d4	HSat3	G5	chr1	31	30	56.5	46.2	56.42575110063802	0.8
k16_1d1f53d4	HSat3	G5	chr2	39	39	0.0	0.0	0.0	0.0
k16_1d1f53d4	HSat3	G5	chr3	26	26	0.0	0.0	0.0	0.0
k16_1d1f53d4	HSat3	G5	chr4	40	40	0.0	0.0	0.0	0.0
k16_1d1f53d4	HSat3	G5	chr5	47	47	0.0	0.0	0.0	0.0
k16_1d1f53d4	HSat3	G5	chr6	37	0				
k16_1d1f53d4	HSat3	G5	chr7	47	47	0.0	0.0	0.0	0.0
k16_1d1f53d4	HSat3	G5	chr8	45	0				
k16_1d1f53d4	HSat3	G5	chr9	40	40	0.0	0.525	0.03498465118398605	0.0
k16_1d1f53d4	HSat3	G5	chr10	47	47	0.0	0.06382978723404255	0.10187931681767728	0.0
k16_1d1f53d4	HSat3	G5	chr11	46	0				
k16_1d1f53d4	HSat3	G5	chr12	44	0				
k16_1d1f53d4	HSat3	G5	chr13	0	0				
k16_1d1f53d4	HSat3	G5	chr14	0	0				
k16_1d1f53d4	HSat3	G5	chr15	0	0				
k16_1d1f53d4	HSat3	G5	chr16	33	33	0.0	0.0	0.0	0.0
k16_1d1f53d4	HSat3	G5	chr17	39	39	1.0	1.2564102564102564	1.3962228581399962	0.0
k16_1d1f53d4	HSat3	G5	chr18	39	0				
k16_1d1f53d4	HSat3	G5	chr19	46	0				
k16_1d1f53d4	HSat3	G5	chr20	47	47	2.0	2.1702127659574466	1.8649563529820443	0.0
k16_1d1f53d4	HSat3	G5	chr21	0	0				
k16_1d1f53d4	HSat3	G5	chr22	0	0				
k16_1d1f53d4	HSat3	G5	chrX	28	0				
k16_1d1f53d4	HSat3	G5	chrY	1	1	19.0	19.0	0.8754615006820076	1.0
k16_1d1f53d4	HSat3	G6	chr1	34	34	53.0	47.705882352941174	59.37902281897041	0.7941176470588235
k16_1d1f53d4	HSat3	G6	chr2	39	38	0.0	0.0	0.0	0.0
k16_1d1f53d4	HSat3	G6	chr3	34	34	0.0	0.0	0.0	0.0
k16_1d1f53d4	HSat3	G6	chr4	34	34	0.0	0.0	0.0	0.0
k16_1d1f53d4	HSat3	G6	chr5	47	47	0.0	0.0	0.0	0.0
k16_1d1f53d4	HSat3	G6	chr6	40	0				
k16_1d1f53d4	HSat3	G6	chr7	47	47	0.0	0.0	0.0	0.0
k16_1d1f53d4	HSat3	G6	chr8	47	0				
k16_1d1f53d4	HSat3	G6	chr9	39	39	0.0	0.46153846153846156	0.03494262342612527	0.0
k16_1d1f53d4	HSat3	G6	chr10	47	47	0.0	0.0	0.0	0.0
k16_1d1f53d4	HSat3	G6	chr11	47	0				
k16_1d1f53d4	HSat3	G6	chr12	47	0				
k16_1d1f53d4	HSat3	G6	chr13	0	0				
k16_1d1f53d4	HSat3	G6	chr14	0	0				
k16_1d1f53d4	HSat3	G6	chr15	0	0				
k16_1d1f53d4	HSat3	G6	chr16	41	41	0.0	0.0	0.0	0.0
k16_1d1f53d4	HSat3	G6	chr17	28	28	1.0	0.7142857142857143	0.8747083121125452	0.0
k16_1d1f53d4	HSat3	G6	chr18	25	0				
k16_1d1f53d4	HSat3	G6	chr19	46	0				
k16_1d1f53d4	HSat3	G6	chr20	47	47	2.0	1.9361702127659575	3.310333186854121	0.0
k16_1d1f53d4	HSat3	G6	chr21	0	0				
k16_1d1f53d4	HSat3	G6	chr22	0	0				
k16_1d1f53d4	HSat3	G6	chrX	30	0				
k16_1d1f53d4	HSat3	G6	chrY	0	0				
k16_1d1f53d4	HSat3	G7	chr1	84	81	51.0	37.4320987654321	50.71693625009913	0.5925925925925926
k16_1d1f53d4	HSat3	G7	chr2	104	103	0.0	0.0	0.0	0.0
k16_1d1f53d4	HSat3	G7	chr3	88	86	0.0	0.0	0.0	0.0
k16_1d1f53d4	HSat3	G7	chr4	91	91	0.0	0.0	0.0	0.0
k16_1d1f53d4	HSat3	G7	chr5	126	126	0.0	0.007936507936507936	0.01158476289500537	0.0
k16_1d1f53d4	HSat3	G7	chr6	103	0				
k16_1d1f53d4	HSat3	G7	chr7	126	126	0.0	0.0	0.0	0.0
k16_1d1f53d4	HSat3	G7	chr8	121	0				
k16_1d1f53d4	HSat3	G7	chr9	101	101	0.0	0.297029702970297	0.020936273719921416	0.0
k16_1d1f53d4	HSat3	G7	chr10	126	126	0.0	0.0	0.0	0.0
k16_1d1f53d4	HSat3	G7	chr11	125	0				
k16_1d1f53d4	HSat3	G7	chr12	126	0				
k16_1d1f53d4	HSat3	G7	chr13	0	0				
k16_1d1f53d4	HSat3	G7	chr14	0	0				
k16_1d1f53d4	HSat3	G7	chr15	0	0				
k16_1d1f53d4	HSat3	G7	chr16	109	109	0.0	0.0	0.0	0.0
k16_1d1f53d4	HSat3	G7	chr17	77	77	0.0	0.42857142857142855	0.5494925253364342	0.0
k16_1d1f53d4	HSat3	G7	chr18	76	0				
k16_1d1f53d4	HSat3	G7	chr19	121	0				
k16_1d1f53d4	HSat3	G7	chr20	126	126	2.0	2.0238095238095237	1.827524959726725	0.0
k16_1d1f53d4	HSat3	G7	chr21	0	0				
k16_1d1f53d4	HSat3	G7	chr22	0	0				
k16_1d1f53d4	HSat3	G7	chrX	80	0				
k16_1d1f53d4	HSat3	G7	chrY	0	0				
k16_1d1f53d4	HSat3	NA	chr1	73	71	49.0	36.83098591549296	50.578840497779346	0.5915492957746479
k16_1d1f53d4	HSat3	NA	chr2	92	92	0.0	0.0	0.0	0.0
k16_1d1f53d4	HSat3	NA	chr3	80	80	0.0	0.0	0.0	0.0
k16_1d1f53d4	HSat3	NA	chr4	93	93	0.0	0.0	0.0	0.0
k16_1d1f53d4	HSat3	NA	chr5	115	114	0.0	0.0	0.0	0.0
k16_1d1f53d4	HSat3	NA	chr6	101	0				
k16_1d1f53d4	HSat3	NA	chr7	60	60	0.0	0.0	0.0	0.0
k16_1d1f53d4	HSat3	NA	chr8	127	0				
k16_1d1f53d4	HSat3	NA	chr9	98	97	0.0	0.20618556701030927	0.014069383327082354	0.0
k16_1d1f53d4	HSat3	NA	chr10	119	118	0.0	0.01694915254237288	0.026280867387938937	0.0
k16_1d1f53d4	HSat3	NA	chr11	130	0				
k16_1d1f53d4	HSat3	NA	chr12	126	0				
k16_1d1f53d4	HSat3	NA	chr13	0	0				
k16_1d1f53d4	HSat3	NA	chr14	0	0				
k16_1d1f53d4	HSat3	NA	chr15	0	0				
k16_1d1f53d4	HSat3	NA	chr16	103	102	0.0	0.0	0.0	0.0
k16_1d1f53d4	HSat3	NA	chr17	65	65	1.0	0.6307692307692307	0.7660532722413945	0.0
k16_1d1f53d4	HSat3	NA	chr18	84	0				
k16_1d1f53d4	HSat3	NA	chr19	128	0				
k16_1d1f53d4	HSat3	NA	chr20	84	84	2.0	1.869047619047619	1.7928925650469703	0.0
k16_1d1f53d4	HSat3	NA	chr21	0	0				
k16_1d1f53d4	HSat3	NA	chr22	0	0				
k16_1d1f53d4	HSat3	NA	chrX	91	0				
k16_1d1f53d4	HSat3	NA	chrY	1	1	16.0	16.0	1.0128284214847494	1.0
k16_1dabe3d4	HSat3	G1	chr1	40	39	459.0	469.5128205128205	590.935524742097	1.0
k16_1dabe3d4	HSat3	G1	chr2	53	53	64.0	72.67924528301887	1193.7896903305825	1.0
k16_1dabe3d4	HSat3	G1	chr3	35	35	10.0	16.02857142857143	81.06698604072741	0.5142857142857142
k16_1dabe3d4	HSat3	G1	chr4	48	48	105.0	116.58333333333333	553.4217654371889	1.0
k16_1dabe3d4	HSat3	G1	chr5	59	59	670.0	763.8813559322034	2018.4180365932484	1.0
k16_1dabe3d4	HSat3	G1	chr6	40	0				
k16_1dabe3d4	HSat3	G1	chr7	59	59	350.0	354.0508474576271	794.8272041320512	1.0
k16_1dabe3d4	HSat3	G1	chr8	53	0				
k16_1dabe3d4	HSat3	G1	chr9	49	49	40281.0	39063.816326530614	2735.293600095725	1.0
k16_1dabe3d4	HSat3	G1	chr10	59	59	437.0	426.5593220338983	658.9124951272757	1.0
k16_1dabe3d4	HSat3	G1	chr11	57	0				
k16_1dabe3d4	HSat3	G1	chr12	58	0				
k16_1dabe3d4	HSat3	G1	chr13	0	0				
k16_1dabe3d4	HSat3	G1	chr14	0	0				
k16_1dabe3d4	HSat3	G1	chr15	0	0				
k16_1dabe3d4	HSat3	G1	chr16	45	43	0.0	0.0	0.0	0.0
k16_1dabe3d4	HSat3	G1	chr17	42	42	248.5	284.45238095238096	318.74709420416025	1.0
k16_1dabe3d4	HSat3	G1	chr18	44	0				
k16_1dabe3d4	HSat3	G1	chr19	55	0				
k16_1dabe3d4	HSat3	G1	chr20	59	59	1099.0	1077.915254237288	833.6438672140871	1.0
k16_1dabe3d4	HSat3	G1	chr21	0	0				
k16_1dabe3d4	HSat3	G1	chr22	0	0				
k16_1dabe3d4	HSat3	G1	chrX	44	1	119.0	119.0	278.3892724214486	1.0
k16_1dabe3d4	HSat3	G1	chrY	0	0				
k16_1dabe3d4	HSat3	G2	chr1	35	35	457.0	453.1714285714286	645.9854919828521	1.0
k16_1dabe3d4	HSat3	G2	chr2	41	39	64.0	68.82051282051282	1159.9017972859854	1.0
k16_1dabe3d4	HSat3	G2	chr3	47	47	11.0	10.0	55.55394015729566	0.6808510638297872
k16_1dabe3d4	HSat3	G2	chr4	39	39	96.0	106.3076923076923	479.36947998123685	1.0
k16_1dabe3d4	HSat3	G2	chr5	54	54	668.5	684.1296296296297	2047.4355735044776	1.0
k16_1dabe3d4	HSat3	G2	chr6	44	0				
k16_1dabe3d4	HSat3	G2	chr7	54	54	349.5	314.4074074074074	783.8535947268233	1.0
k16_1dabe3d4	HSat3	G2	chr8	53	0				
k16_1dabe3d4	HSat3	G2	chr9	47	47	36325.0	37828.72340425532	2727.4449845337936	0.9574468085106383
k16_1dabe3d4	HSat3	G2	chr10	54	54	374.5	404.6296296296296	632.2991851067006	1.0
k16_1dabe3d4	HSat3	G2	chr11	54	0				
k16_1dabe3d4	HSat3	G2	chr12	53	0				
k16_1dabe3d4	HSat3	G2	chr13	0	0				
k16_1dabe3d4	HSat3	G2	chr14	0	0				
k16_1dabe3d4	HSat3	G2	chr15	0	0				
k16_1dabe3d4	HSat3	G2	chr16	49	47	0.0	0.0	0.0	0.0
k16_1dabe3d4	HSat3	G2	chr17	37	37	254.0	259.2162162162162	330.72414933531553	1.0
k16_1dabe3d4	HSat3	G2	chr18	35	0				
k16_1dabe3d4	HSat3	G2	chr19	54	0				
k16_1dabe3d4	HSat3	G2	chr20	54	54	462.5	498.44444444444446	769.9435943945383	1.0
k16_1dabe3d4	HSat3	G2	chr21	0	0				
k16_1dabe3d4	HSat3	G2	chr22	0	0				
k16_1dabe3d4	HSat3	G2	chrX	38	0				
k16_1dabe3d4	HSat3	G2	chrY	0	0				
k16_1dabe3d4	HSat3	G3	chr1	38	38	450.0	474.94736842105266	583.3439968366	1.0
k16_1dabe3d4	HSat3	G3	chr2	57	56	64.0	68.41071428571429	1138.4387253408854	1.0
k16_1dabe3d4	HSat3	G3	chr3	49	48	10.5	9.8125	55.43578470530231	0.5416666666666666
k16_1dabe3d4	HSat3	G3	chr4	58	58	86.0	92.91379310344827	431.6915942060564	1.0
k16_1dabe3d4	HSat3	G3	chr5	70	70	673.5	702.5571428571428	2037.6415315420727	1.0
k16_1dabe3d4	HSat3	G3	chr6	57	0				
k16_1dabe3d4	HSat3	G3	chr7	70	70	314.0	296.34285714285716	768.0191835967926	1.0
k16_1dabe3d4	HSat3	G3	chr8	66	0				
k16_1dabe3d4	HSat3	G3	chr9	58	58	40237.0	39605.637931034486	2736.1357218854773	1.0
k16_1dabe3d4	HSat3	G3	chr10	70	70	357.5	385.74285714285713	615.2804846847979	1.0
k16_1dabe3d4	HSat3	G3	chr11	69	0				
k16_1dabe3d4	HSat3	G3	chr12	70	0				
k16_1dabe3d4	HSat3	G3	chr13	0	0				
k16_1dabe3d4	HSat3	G3	chr14	0	0				
k16_1dabe3d4	HSat3	G3	chr15	0	0				
k16_1dabe3d4	HSat3	G3	chr16	60	60	0.0	0.0	0.0	0.0
k16_1dabe3d4	HSat3	G3	chr17	44	44	258.5	267.1363636363636	337.7862939288503	1.0
k16_1dabe3d4	HSat3	G3	chr18	38	0				
k16_1dabe3d4	HSat3	G3	chr19	66	0				
k16_1dabe3d4	HSat3	G3	chr20	70	70	901.5	920.6428571428571	833.6159590455713	1.0
k16_1dabe3d4	HSat3	G3	chr21	0	0				
k16_1dabe3d4	HSat3	G3	chr22	0	0				
k16_1dabe3d4	HSat3	G3	chrX	52	0				
k16_1dabe3d4	HSat3	G3	chrY	1	1	4.0	4.0	0.2309309490482614	0.0
k16_1dabe3d4	HSat3	G4	chr1	23	22	475.5	495.04545454545456	559.927973859677	1.0
k16_1dabe3d4	HSat3	G4	chr2	31	31	64.0	71.19354838709677	1212.5001236123824	1.0
k16_1dabe3d4	HSat3	G4	chr3	28	28	11.0	9.642857142857142	54.30388453787394	0.5714285714285714
k16_1dabe3d4	HSat3	G4	chr4	28	28	96.0	97.35714285714286	447.62786787260177	0.9642857142857143
k16_1dabe3d4	HSat3	G4	chr5	39	39	1237.0	1328.7435897435898	2104.8454377888424	1.0
k16_1dabe3d4	HSat3	G4	chr6	30	0				
k16_1dabe3d4	HSat3	G4	chr7	39	39	341.0	339.79487179487177	769.263455202652	1.0
k16_1dabe3d4	HSat3	G4	chr8	36	0				
k16_1dabe3d4	HSat3	G4	chr9	27	27	38950.0	38853.03703703704	2736.552706514283	1.0
k16_1dabe3d4	HSat3	G4	chr10	39	39	372.0	408.3333333333333	646.5906200306669	1.0
k16_1dabe3d4	HSat3	G4	chr11	39	0				
k16_1dabe3d4	HSat3	G4	chr12	37	0				
k16_1dabe3d4	HSat3	G4	chr13	0	0				
k16_1dabe3d4	HSat3	G4	chr14	0	0				
k16_1dabe3d4	HSat3	G4	chr15	0	0				
k16_1dabe3d4	HSat3	G4	chr16	29	29	0.0	0.0	0.0	0.0
k16_1dabe3d4	HSat3	G4	chr17	25	25	284.0	283.72	316.5766129016061	1.0
k16_1dabe3d4	HSat3	G4	chr18	27	0				
k16_1dabe3d4	HSat3	G4	chr19	35	0				
k16_1dabe3d4	HSat3	G4	chr20	39	39	788.0	715.3846153846154	824.0668638992435	1.0
k16_1dabe3d4	HSat3	G4	chr21	0	0				
k16_1dabe3d4	HSat3	G4	chr22	0	0				
k16_1dabe3d4	HSat3	G4	chrX	30	0				
k16_1dabe3d4	HSat3	G4	chrY	1	1	4.0	4.0	0.46245319395610673	0.0
k16_1dabe3d4	HSat3	G5	chr1	31	30	446.5	464.23333333333335	566.9851627551124	1.0
k16_1dabe3d4	HSat3	G5	chr2	39	39	68.0	70.8974358974359	1188.1276612018523	1.0
k16_1dabe3d4	HSat3	G5	chr3	26	26	9.5	8.73076923076923	49.44526550691744	0.5
k16_1dabe3d4	HSat3	G5	chr4	40	40	109.0	107.15	500.95966620143423	1.0
k16_1dabe3d4	HSat3	G5	chr5	47	47	1553.0	1465.9148936170213	2175.8178146544165	1.0
k16_1dabe3d4	HSat3	G5	chr6	37	0				
k16_1dabe3d4	HSat3	G5	chr7	47	47	351.0	368.7659574468085	808.2894343997947	1.0
k16_1dabe3d4	HSat3	G5	chr8	45	0				
k16_1dabe3d4	HSat3	G5	chr9	40	40	40518.0	41161.375	2742.8882792918926	1.0
k16_1dabe3d4	HSat3	G5	chr10	47	47	381.0	397.2340425531915	634.0289483286783	1.0
k16_1dabe3d4	HSat3	G5	chr11	46	0				
k16_1dabe3d4	HSat3	G5	chr12	44	0				
k16_1dabe3d4	HSat3	G5	chr13	0	0				
k16_1dabe3d4	HSat3	G5	chr14	0	0				
k16_1dabe3d4	HSat3	G5	chr15	0	0				
k16_1dabe3d4	HSat3	G5	chr16	33	33	0.0	0.0	0.0	0.0
k16_1dabe3d4	HSat3	G5	chr17	39	39	282.0	293.84615384615387	326.5451827404971	1.0
k16_1dabe3d4	HSat3	G5	chr18	39	0				
k16_1dabe3d4	HSat3	G5	chr19	46	0				
k16_1dabe3d4	HSat3	G5	chr20	47	47	993.0	982.5744680851063	844.3681307555272	1.0
k16_1dabe3d4	HSat3	G5	chr21	0	0				
k16_1dabe3d4	HSat3	G5	chr22	0	0				
k16_1dabe3d4	HSat3	G5	chrX	28	0				
k16_1dabe3d4	HSat3	G5	chrY	1	1	4.0	4.0	0.18430768435410685	0.0
k16_1dabe3d4	HSat3	G6	chr1	34	34	444.5	441.47058823529414	549.4939164690173	1.0
k16_1dabe3d4	HSat3	G6	chr2	39	38	64.0	64.89473684210526	1134.211327579181	1.0
k16_1dabe3d4	HSat3	G6	chr3	34	34	11.0	10.029411764705882	54.39750377671818	0.6764705882352942
k16_1dabe3d4	HSat3	G6	chr4	34	34	89.5	96.20588235294117	437.952060650804	1.0
k16_1dabe3d4	HSat3	G6	chr5	47	47	1518.0	1525.1914893617022	2201.15567121077	1.0
k16_1dabe3d4	HSat3	G6	chr6	40	0				
k16_1dabe3d4	HSat3	G6	chr7	47	47	319.0	302.9148936170213	773.4048680776203	1.0
k16_1dabe3d4	HSat3	G6	chr8	47	0				
k16_1dabe3d4	HSat3	G6	chr9	39	39	34005.0	35955.179487179485	2722.1313102517233	1.0
k16_1dabe3d4	HSat3	G6	chr10	47	47	367.0	403.9574468085106	633.7649439727555	1.0
k16_1dabe3d4	HSat3	G6	chr11	47	0				
k16_1dabe3d4	HSat3	G6	chr12	47	0				
k16_1dabe3d4	HSat3	G6	chr13	0	0				
k16_1dabe3d4	HSat3	G6	chr14	0	0				
k16_1dabe3d4	HSat3	G6	chr15	0	0				
k16_1dabe3d4	HSat3	G6	chr16	41	41	0.0	0.0	0.0	0.0
k16_1dabe3d4	HSat3	G6	chr17	28	28	252.5	272.9642857142857	334.26978147380913	1.0
k16_1dabe3d4	HSat3	G6	chr18	25	0				
k16_1dabe3d4	HSat3	G6	chr19	46	0				
k16_1dabe3d4	HSat3	G6	chr20	47	47	457.0	426.82978723404256	729.7647699063793	0.9574468085106383
k16_1dabe3d4	HSat3	G6	chr21	0	0				
k16_1dabe3d4	HSat3	G6	chr22	0	0				
k16_1dabe3d4	HSat3	G6	chrX	30	0				
k16_1dabe3d4	HSat3	G6	chrY	0	0				
k16_1dabe3d4	HSat3	G7	chr1	84	81	443.0	443.8024691358025	601.3101663319801	1.0
k16_1dabe3d4	HSat3	G7	chr2	104	103	64.0	65.48543689320388	1121.5676206337846	1.0
k16_1dabe3d4	HSat3	G7	chr3	88	86	11.0	9.883720930232558	55.052662081190114	0.7209302325581395
k16_1dabe3d4	HSat3	G7	chr4	91	91	73.0	89.95604395604396	410.00122509528046	1.0
k16_1dabe3d4	HSat3	G7	chr5	126	126	1498.5	1507.047619047619	2199.80745660678	1.0
k16_1dabe3d4	HSat3	G7	chr6	103	0				
k16_1dabe3d4	HSat3	G7	chr7	126	126	307.0	288.14285714285717	771.153776550706	1.0
k16_1dabe3d4	HSat3	G7	chr8	121	0				
k16_1dabe3d4	HSat3	G7	chr9	101	101	37139.0	38808.71287128713	2735.4497791500526	1.0
k16_1dabe3d4	HSat3	G7	chr10	126	126	362.0	394.35714285714283	616.5082545218144	0.9920634920634921
k16_1dabe3d4	HSat3	G7	chr11	125	0				
k16_1dabe3d4	HSat3	G7	chr12	126	0				
k16_1dabe3d4	HSat3	G7	chr13	0	0				
k16_1dabe3d4	HSat3	G7	chr14	0	0				
k16_1dabe3d4	HSat3	G7	chr15	0	0				
k16_1dabe3d4	HSat3	G7	chr16	109	109	0.0	0.0	0.0	0.0
k16_1dabe3d4	HSat3	G7	chr17	77	77	256.0	264.5194805194805	339.15344715310584	1.0
k16_1dabe3d4	HSat3	G7	chr18	76	0				
k16_1dabe3d4	HSat3	G7	chr19	121	0				
k16_1dabe3d4	HSat3	G7	chr20	126	126	921.0	926.4206349206349	836.5692589174151	1.0
k16_1dabe3d4	HSat3	G7	chr21	0	0				
k16_1dabe3d4	HSat3	G7	chr22	0	0				
k16_1dabe3d4	HSat3	G7	chrX	80	0				
k16_1dabe3d4	HSat3	G7	chrY	0	0				
k16_1dabe3d4	HSat3	NA	chr1	73	71	434.0	440.0281690140845	604.2769158055917	1.0
k16_1dabe3d4	HSat3	NA	chr2	92	92	63.0	65.59782608695652	1134.8639611208957	1.0
k16_1dabe3d4	HSat3	NA	chr3	80	80	11.0	10.45	56.33340426670282	0.7375
k16_1dabe3d4	HSat3	NA	chr4	93	93	96.0	96.96774193548387	457.53334125822886	1.0
k16_1dabe3d4	HSat3	NA	chr5	115	114	1220.5	1120.3157894736842	2145.211985311254	1.0
k16_1dabe3d4	HSat3	NA	chr6	101	0				
k16_1dabe3d4	HSat3	NA	chr7	60	60	311.0	278.85	754.0027922123603	1.0
k16_1dabe3d4	HSat3	NA	chr8	127	0				
k16_1dabe3d4	HSat3	NA	chr9	98	97	38881.0	40136.78350515464	2738.793994353163	1.0
k16_1dabe3d4	HSat3	NA	chr10	119	118	377.5	412.3728813559322	639.4135035485544	1.0
k16_1dabe3d4	HSat3	NA	chr11	130	0				
k16_1dabe3d4	HSat3	NA	chr12	126	0				
k16_1dabe3d4	HSat3	NA	chr13	0	0				
k16_1dabe3d4	HSat3	NA	chr14	0	0				
k16_1dabe3d4	HSat3	NA	chr15	0	0				
k16_1dabe3d4	HSat3	NA	chr16	103	102	0.0	0.0	0.0	0.0
k16_1dabe3d4	HSat3	NA	chr17	65	65	262.0	268.32307692307694	325.8715883210283	0.9846153846153847
k16_1dabe3d4	HSat3	NA	chr18	84	0				
k16_1dabe3d4	HSat3	NA	chr19	128	0				
k16_1dabe3d4	HSat3	NA	chr20	84	84	904.5	847.9880952380952	813.436498731597	0.9880952380952381
k16_1dabe3d4	HSat3	NA	chr21	0	0				
k16_1dabe3d4	HSat3	NA	chr22	0	0				
k16_1dabe3d4	HSat3	NA	chrX	91	0				
k16_1dabe3d4	HSat3	NA	chrY	1	1	4.0	4.0	0.25320710537118735	0.0
k16_238f53da	HSat2	G1	chr1	102	102	9806.5	9797.79411764706	828.1009389679007	1.0
k16_238f53da	HSat2	G1	chr2	128	128	4.0	3.7265625	5.623905858504085	0.0
k16_238f53da	HSat2	G1	chr3	107	0				
k16_238f53da	HSat2	G1	chr4	124	0				
k16_238f53da	HSat2	G1	chr5	153	0				
k16_238f53da	HSat2	G1	chr6	131	0				
k16_238f53da	HSat2	G1	chr7	158	158	9.0	8.455696202531646	26.849170823850127	0.10759493670886076
k16_238f53da	HSat2	G1	chr8	153	0				
k16_238f53da	HSat2	G1	chr9	132	125	0.0	0.0	0.0	0.0
k16_238f53da	HSat2	G1	chr10	158	158	1.0	2.892405063291139	6.264166250917471	0.10126582278481013
k16_238f53da	HSat2	G1	chr11	156	0				
k16_238f53da	HSat2	G1	chr12	156	0				
k16_238f53da	HSat2	G1	chr13	0	0				
k16_238f53da	HSat2	G1	chr14	0	0				
k16_238f53da	HSat2	G1	chr15	0	0				
k16_238f53da	HSat2	G1	chr16	127	127	3.0	3.1496062992125986	0.35141162316978664	0.0
k16_238f53da	HSat2	G1	chr17	109	109	1.0	1.0642201834862386	12.789029306060655	0.0
k16_238f53da	HSat2	G1	chr18	103	0				
k16_238f53da	HSat2	G1	chr19	151	0				
k16_238f53da	HSat2	G1	chr20	142	0				
k16_238f53da	HSat2	G1	chr21	0	0				
k16_238f53da	HSat2	G1	chr22	0	0				
k16_238f53da	HSat2	G1	chrX	98	0				
k16_238f53da	HSat2	G1	chrY	1	1	0.0	0.0	0.0	0.0
k16_238f53da	HSat2	G2	chr1	25	25	9873.0	9636.92	815.169254209779	1.0
k16_238f53da	HSat2	G2	chr2	31	31	3.0	3.774193548387097	5.352501081937184	0.0
k16_238f53da	HSat2	G2	chr3	23	0				
k16_238f53da	HSat2	G2	chr4	31	0				
k16_238f53da	HSat2	G2	chr5	42	0				
k16_238f53da	HSat2	G2	chr6	35	0				
k16_238f53da	HSat2	G2	chr7	42	42	9.0	8.619047619047619	27.289463485378615	0.16666666666666666
k16_238f53da	HSat2	G2	chr8	41	0				
k16_238f53da	HSat2	G2	chr9	33	30	0.0	0.0	0.0	0.0
k16_238f53da	HSat2	G2	chr10	42	42	1.0	0.9047619047619048	3.8155154118708317	0.0
k16_238f53da	HSat2	G2	chr11	41	0				
k16_238f53da	HSat2	G2	chr12	40	0				
k16_238f53da	HSat2	G2	chr13	0	0				
k16_238f53da	HSat2	G2	chr14	0	0				
k16_238f53da	HSat2	G2	chr15	0	0				
k16_238f53da	HSat2	G2	chr16	32	32	3.0	3.34375	0.3810486582292071	0.03125
k16_238f53da	HSat2	G2	chr17	29	28	1.0	1.1428571428571428	13.631726138621875	0.0
k16_238f53da	HSat2	G2	chr18	30	0				
k16_238f53da	HSat2	G2	chr19	41	0				
k16_238f53da	HSat2	G2	chr20	42	0				
k16_238f53da	HSat2	G2	chr21	0	0				
k16_238f53da	HSat2	G2	chr22	0	0				
k16_238f53da	HSat2	G2	chrX	29	0				
k16_238f53da	HSat2	G2	chrY	0	0				
k16_238f53da	HSat2	G3	chr1	186	186	10086.5	10401.446236559139	833.159856066411	1.0
k16_238f53da	HSat2	G3	chr2	239	239	4.0	3.907949790794979	5.728729437671783	0.0
k16_238f53da	HSat2	G3	chr3	204	0				
k16_238f53da	HSat2	G3	chr4	211	0				
k16_238f53da	HSat2	G3	chr5	283	0				
k16_238f53da	HSat2	G3	chr6	222	0				
k16_238f53da	HSat2	G3	chr7	289	289	9.0	8.46712802768166	26.855073757509462	0.10380622837370242
k16_238f53da	HSat2	G3	chr8	274	0				
k16_238f53da	HSat2	G3	chr9	228	224	0.0	0.008928571428571428	0.2317269940860954	0.0
k16_238f53da	HSat2	G3	chr10	289	289	1.0	1.3667820069204153	1.3032674396146786	0.0
k16_238f53da	HSat2	G3	chr11	286	0				
k16_238f53da	HSat2	G3	chr12	286	0				
k16_238f53da	HSat2	G3	chr13	0	0				
k16_238f53da	HSat2	G3	chr14	0	0				
k16_238f53da	HSat2	G3	chr15	0	0				
k16_238f53da	HSat2	G3	chr16	242	242	3.0	3.3016528925619837	0.38270815225655574	0.004132231404958678
k16_238f53da	HSat2	G3	chr17	172	172	1.0	0.9883720930232558	11.854218770025785	0.0
k16_238f53da	HSat2	G3	chr18	182	0				
k16_238f53da	HSat2	G3	chr19	277	0				
k16_238f53da	HSat2	G3	chr20	268	0				
k16_238f53da	HSat2	G3	chr21	0	0				
k16_238f53da	HSat2	G3	chr22	0	0				
k16_238f53da	HSat2	G3	chrX	203	0				
k16_238f53da	HSat2	G3	chrY	3	3	0.0	0.0	0.0	0.0
k16_238f53da	HSat2	NA	chr1	45	44	9393.0	9842.863636363636	838.0769583945024	1.0
k16_238f53da	HSat2	NA	chr2	58	58	4.0	3.9482758620689653	5.640176122257738	0.0
k16_238f53da	HSat2	NA	chr3	53	0				
k16_238f53da	HSat2	NA	chr4	65	0				
k16_238f53da	HSat2	NA	chr5	79	0				
k16_238f53da	HSat2	NA	chr6	64	0				
k16_238f53da	HSat2	NA	chr7	13	13	7.0	8.076923076923077	26.175152152420154	0.15384615384615385
k16_238f53da	HSat2	NA	chr8	80	0				
k16_238f53da	HSat2	NA	chr9	66	65	0.0	0.0	0.0	0.0
k16_238f53da	HSat2	NA	chr10	72	71	1.0	1.7746478873239437	2.4182289785322104	0.028169014084507043
k16_238f53da	HSat2	NA	chr11	84	0				
k16_238f53da	HSat2	NA	chr12	79	0				
k16_238f53da	HSat2	NA	chr13	0	0				
k16_238f53da	HSat2	NA	chr14	0	0				
k16_238f53da	HSat2	NA	chr15	0	0				
k16_238f53da	HSat2	NA	chr16	68	67	3.0	2.925373134328358	0.3257667728768287	0.0
k16_238f53da	HSat2	NA	chr17	47	47	1.0	0.9787234042553191	11.77064539216336	0.0
k16_238f53da	HSat2	NA	chr18	53	0				
k16_238f53da	HSat2	NA	chr19	82	0				
k16_238f53da	HSat2	NA	chr20	74	0				
k16_238f53da	HSat2	NA	chr21	0	0				
k16_238f53da	HSat2	NA	chr22	0	0				
k16_238f53da	HSat2	NA	chrX	63	0				
k16_238f53da	HSat2	NA	chrY	0	0				
k16_281a0283	HSat3	G1	chr1	40	39	1.0	0.717948717948718	0.9036204845600304	0.0
k16_281a0283	HSat3	G1	chr2	53	53	0.0	0.0	0.0	0.0
k16_281a0283	HSat3	G1	chr3	35	35	0.0	0.0	0.0	0.0
k16_281a0283	HSat3	G1	chr4	48	48	0.0	0.0	0.0	0.0
k16_281a0283	HSat3	G1	chr5	59	59	0.0	0.05084745762711865	0.13435519114645866	0.0
k16_281a0283	HSat3	G1	chr6	40	0				
k16_281a0283	HSat3	G1	chr7	59	59	0.0	0.576271186440678	1.2937012274637245	0.01694915254237288
k16_281a0283	HSat3	G1	chr8	53	0				
k16_281a0283	HSat3	G1	chr9	49	49	35.0	35.244897959183675	2.4678885190822326	0.9795918367346939
k16_281a0283	HSat3	G1	chr10	59	59	1.0	1.0169491525423728	1.5708964003511163	0.0
k16_281a0283	HSat3	G1	chr11	57	0				
k16_281a0283	HSat3	G1	chr12	58	0				
k16_281a0283	HSat3	G1	chr13	0	0				
k16_281a0283	HSat3	G1	chr14	0	0				
k16_281a0283	HSat3	G1	chr15	0	0				
k16_281a0283	HSat3	G1	chr16	45	43	0.0	0.0	0.0	0.0
k16_281a0283	HSat3	G1	chr17	42	42	0.0	0.2619047619047619	0.29348104429946953	0.0
k16_281a0283	HSat3	G1	chr18	44	0				
k16_281a0283	HSat3	G1	chr19	55	0				
k16_281a0283	HSat3	G1	chr20	59	59	83.0	73.77966101694915	57.060109030031626	1.0
k16_281a0283	HSat3	G1	chr21	0	0				
k16_281a0283	HSat3	G1	chr22	0	0				
k16_281a0283	HSat3	G1	chrX	44	1	1.0	1.0	2.339405650600409	0.0
k16_281a0283	HSat3	G1	chrY	0	0				
k16_281a0283	HSat3	G2	chr1	35	35	1.0	0.5142857142857142	0.7331025065059793	0.0
k16_281a0283	HSat3	G2	chr2	41	39	0.0	0.0	0.0	0.0
k16_281a0283	HSat3	G2	chr3	47	47	0.0	0.0	0.0	0.0
k16_281a0283	HSat3	G2	chr4	39	39	0.0	0.0	0.0	0.0
k16_281a0283	HSat3	G2	chr5	54	54	0.0	0.018518518518518517	0.05542147561119773	0.0
k16_281a0283	HSat3	G2	chr6	44	0				
k16_281a0283	HSat3	G2	chr7	54	54	0.0	0.2962962962962963	0.7387005251283527	0.0
k16_281a0283	HSat3	G2	chr8	53	0				
k16_281a0283	HSat3	G2	chr9	47	47	36.0	37.0	2.6676941579371003	0.9361702127659575
k16_281a0283	HSat3	G2	chr10	54	54	1.0	0.9814814814814815	1.53372342382861	0.0
k16_281a0283	HSat3	G2	chr11	54	0				
k16_281a0283	HSat3	G2	chr12	53	0				
k16_281a0283	HSat3	G2	chr13	0	0				
k16_281a0283	HSat3	G2	chr14	0	0				
k16_281a0283	HSat3	G2	chr15	0	0				
k16_281a0283	HSat3	G2	chr16	49	47	0.0	0.0	0.0	0.0
k16_281a0283	HSat3	G2	chr17	37	37	0.0	0.10810810810810811	0.13793103923900135	0.0
k16_281a0283	HSat3	G2	chr18	35	0				
k16_281a0283	HSat3	G2	chr19	54	0				
k16_281a0283	HSat3	G2	chr20	54	54	4.0	4.7407407407407405	7.322988563122373	0.1111111111111111
k16_281a0283	HSat3	G2	chr21	0	0				
k16_281a0283	HSat3	G2	chr22	0	0				
k16_281a0283	HSat3	G2	chrX	38	0				
k16_281a0283	HSat3	G2	chrY	0	0				
k16_281a0283	HSat3	G3	chr1	38	38	1.0	0.6842105263157895	0.8403670167193927	0.0
k16_281a0283	HSat3	G3	chr2	57	56	0.0	0.0	0.0	0.0
k16_281a0283	HSat3	G3	chr3	49	48	0.0	0.0	0.0	0.0
k16_281a0283	HSat3	G3	chr4	58	58	0.0	0.0	0.0	0.0
k16_281a0283	HSat3	G3	chr5	70	70	0.0	0.0	0.0	0.0
k16_281a0283	HSat3	G3	chr6	57	0				
k16_281a0283	HSat3	G3	chr7	70	70	0.0	0.1	0.2591657484177376	0.0
k16_281a0283	HSat3	G3	chr8	66	0				
k16_281a0283	HSat3	G3	chr9	58	58	36.5	40.293103448275865	2.783628933901504	0.9827586206896551
k16_281a0283	HSat3	G3	chr10	70	70	1.0	1.0	1.5950534748513387	0.0
k16_281a0283	HSat3	G3	chr11	69	0				
k16_281a0283	HSat3	G3	chr12	70	0				
k16_281a0283	HSat3	G3	chr13	0	0				
k16_281a0283	HSat3	G3	chr14	0	0				
k16_281a0283	HSat3	G3	chr15	0	0				
k16_281a0283	HSat3	G3	chr16	60	60	0.0	0.0	0.0	0.0
k16_281a0283	HSat3	G3	chr17	44	44	0.0	0.29545454545454547	0.3735938251722864	0.0
k16_281a0283	HSat3	G3	chr18	38	0				
k16_281a0283	HSat3	G3	chr19	66	0				
k16_281a0283	HSat3	G3	chr20	70	70	2.0	1.6857142857142857	1.5263664080592354	0.0
k16_281a0283	HSat3	G3	chr21	0	0				
k16_281a0283	HSat3	G3	chr22	0	0				
k16_281a0283	HSat3	G3	chrX	52	0				
k16_281a0283	HSat3	G3	chrY	1	1	2.0	2.0	0.1154654745241307	0.0
k16_281a0283	HSat3	G4	chr1	23	22	1.0	0.8636363636363636	0.97682779389715	0.0
k16_281a0283	HSat3	G4	chr2	31	31	0.0	0.0	0.0	0.0
k16_281a0283	HSat3	G4	chr3	28	28	0.0	0.0	0.0	0.0
k16_281a0283	HSat3	G4	chr4	28	28	0.0	0.0	0.0	0.0
k16_281a0283	HSat3	G4	chr5	39	39	0.0	0.05128205128205128	0.08123523041966933	0.0
k16_281a0283	HSat3	G4	chr6	30	0				
k16_281a0283	HSat3	G4	chr7	39	39	0.0	0.10256410256410256	0.2321954286757175	0.0
k16_281a0283	HSat3	G4	chr8	36	0				
k16_281a0283	HSat3	G4	chr9	27	27	35.0	35.48148148148148	2.4990824806494776	0.9629629629629629
k16_281a0283	HSat3	G4	chr10	39	39	1.0	1.0	1.5834872327281637	0.0
k16_281a0283	HSat3	G4	chr11	39	0				
k16_281a0283	HSat3	G4	chr12	37	0				
k16_281a0283	HSat3	G4	chr13	0	0				
k16_281a0283	HSat3	G4	chr14	0	0				
k16_281a0283	HSat3	G4	chr15	0	0				
k16_281a0283	HSat3	G4	chr16	29	29	0.0	0.0	0.0	0.0
k16_281a0283	HSat3	G4	chr17	25	25	0.0	0.32	0.3570580717908993	0.0
k16_281a0283	HSat3	G4	chr18	27	0				
k16_281a0283	HSat3	G4	chr19	35	0				
k16_281a0283	HSat3	G4	chr20	39	39	4.0	6.076923076923077	7.0001378761333575	0.23076923076923078
k16_281a0283	HSat3	G4	chr21	0	0				
k16_281a0283	HSat3	G4	chr22	0	0				
k16_281a0283	HSat3	G4	chrX	30	0				
k16_281a0283	HSat3	G4	chrY	1	1	2.0	2.0	0.23122659697805337	0.0
k16_281a0283	HSat3	G5	chr1	31	30	1.0	0.8	0.977069283127931	0.0
k16_281a0283	HSat3	G5	chr2	39	39	0.0	0.0	0.0	0.0
k16_281a0283	HSat3	G5	chr3	26	26	0.0	0.0	0.0	0.0
k16_281a0283	HSat3	G5	chr4	40	40	0.0	0.025	0.11688279659389506	0.0
k16_281a0283	HSat3	G5	chr5	47	47	0.0	0.0	0.0	0.0
k16_281a0283	HSat3	G5	chr6	37	0				
k16_281a0283	HSat3	G5	chr7	47	47	0.0	0.574468085106383	1.259163093052992	0.02127659574468085
k16_281a0283	HSat3	G5	chr8	45	0				
k16_281a0283	HSat3	G5	chr9	40	40	38.0	40.375	2.690486269625594	0.975
k16_281a0283	HSat3	G5	chr10	47	47	1.0	1.0425531914893618	1.6640288413553956	0.0
k16_281a0283	HSat3	G5	chr11	46	0				
k16_281a0283	HSat3	G5	chr12	44	0				
k16_281a0283	HSat3	G5	chr13	0	0				
k16_281a0283	HSat3	G5	chr14	0	0				
k16_281a0283	HSat3	G5	chr15	0	0				
k16_281a0283	HSat3	G5	chr16	33	33	0.0	0.0	0.0	0.0
k16_281a0283	HSat3	G5	chr17	39	39	0.0	0.28205128205128205	0.3134377844804073	0.0
k16_281a0283	HSat3	G5	chr18	39	0				
k16_281a0283	HSat3	G5	chr19	46	0				
k16_281a0283	HSat3	G5	chr20	47	47	51.0	56.723404255319146	48.74483957892284	1.0
k16_281a0283	HSat3	G5	chr21	0	0				
k16_281a0283	HSat3	G5	chr22	0	0				
k16_281a0283	HSat3	G5	chrX	28	0				
k16_281a0283	HSat3	G5	chrY	1	1	2.0	2.0	0.09215384217705343	0.0
k16_281a0283	HSat3	G6	chr1	34	34	1.0	0.8823529411764706	1.0982556624963702	0.0
k16_281a0283	HSat3	G6	chr2	39	38	0.0	0.0	0.0	0.0
k16_281a0283	HSat3	G6	chr3	34	34	0.0	0.0	0.0	0.0
k16_281a0283	HSat3	G6	chr4	34	34	0.0	0.0	0.0	0.0
k16_281a0283	HSat3	G6	chr5	47	47	0.0	0.0	0.0	0.0
k16_281a0283	HSat3	G6	chr6	40	0				
k16_281a0283	HSat3	G6	chr7	47	47	0.0	0.19148936170212766	0.4889122576876156	0.0
k16_281a0283	HSat3	G6	chr8	47	0				
k16_281a0283	HSat3	G6	chr9	39	39	32.0	35.794871794871796	2.709994572381716	0.9743589743589743
k16_281a0283	HSat3	G6	chr10	47	47	1.0	1.0	1.5688903595659702	0.0
k16_281a0283	HSat3	G6	chr11	47	0				
k16_281a0283	HSat3	G6	chr12	47	0				
k16_281a0283	HSat3	G6	chr13	0	0				
k16_281a0283	HSat3	G6	chr14	0	0				
k16_281a0283	HSat3	G6	chr15	0	0				
k16_281a0283	HSat3	G6	chr16	41	41	0.0	0.0	0.0	0.0
k16_281a0283	HSat3	G6	chr17	28	28	0.0	0.25	0.30614790923939084	0.0
k16_281a0283	HSat3	G6	chr18	25	0				
k16_281a0283	HSat3	G6	chr19	46	0				
k16_281a0283	HSat3	G6	chr20	47	47	4.0	3.978723404255319	6.802552812546382	0.0
k16_281a0283	HSat3	G6	chr21	0	0				
k16_281a0283	HSat3	G6	chr22	0	0				
k16_281a0283	HSat3	G6	chrX	30	0				
k16_281a0283	HSat3	G6	chrY	0	0				
k16_281a0283	HSat3	G7	chr1	84	81	1.0	0.6419753086419753	0.8698155293552622	0.0
k16_281a0283	HSat3	G7	chr2	104	103	0.0	0.0	0.0	0.0
k16_281a0283	HSat3	G7	chr3	88	86	0.0	0.0	0.0	0.0
k16_281a0283	HSat3	G7	chr4	91	91	0.0	0.0	0.0	0.0
k16_281a0283	HSat3	G7	chr5	126	126	0.0	0.0	0.0	0.0
k16_281a0283	HSat3	G7	chr6	103	0				
k16_281a0283	HSat3	G7	chr7	126	126	0.0	0.047619047619047616	0.12744236928618508	0.0
k16_281a0283	HSat3	G7	chr8	121	0				
k16_281a0283	HSat3	G7	chr9	101	101	38.0	40.08910891089109	2.8256990763987275	0.9801980198019802
k16_281a0283	HSat3	G7	chr10	126	126	1.0	1.0	1.5633246809102335	0.0
k16_281a0283	HSat3	G7	chr11	125	0				
k16_281a0283	HSat3	G7	chr12	126	0				
k16_281a0283	HSat3	G7	chr13	0	0				
k16_281a0283	HSat3	G7	chr14	0	0				
k16_281a0283	HSat3	G7	chr15	0	0				
k16_281a0283	HSat3	G7	chr16	109	109	0.0	0.0	0.0	0.0
k16_281a0283	HSat3	G7	chr17	77	77	0.0	0.2077922077922078	0.26642061834493785	0.0
k16_281a0283	HSat3	G7	chr18	76	0				
k16_281a0283	HSat3	G7	chr19	121	0				
k16_281a0283	HSat3	G7	chr20	126	126	1.0	1.4761904761904763	1.3330182059183169	0.0
k16_281a0283	HSat3	G7	chr21	0	0				
k16_281a0283	HSat3	G7	chr22	0	0				
k16_281a0283	HSat3	G7	chrX	80	0				
k16_281a0283	HSat3	G7	chrY	0	0				
k16_281a0283	HSat3	NA	chr1	73	71	1.0	0.6056338028169014	0.8316979508239051	0.0
k16_281a0283	HSat3	NA	chr2	92	92	0.0	0.0	0.0	0.0
k16_281a0283	HSat3	NA	chr3	80	80	0.0	0.0	0.0	0.0
k16_281a0283	HSat3	NA	chr4	93	93	0.0	0.0	0.0	0.0
k16_281a0283	HSat3	NA	chr5	115	114	0.0	0.05263157894736842	0.10078041836471174	0.0
k16_281a0283	HSat3	NA	chr6	101	0				
k16_281a0283	HSat3	NA	chr7	60	60	0.0	0.0	0.0	0.0
k16_281a0283	HSat3	NA	chr8	127	0				
k16_281a0283	HSat3	NA	chr9	98	97	39.0	42.144329896907216	2.875781952055633	0.9896907216494846
k16_281a0283	HSat3	NA	chr10	119	118	1.0	1.0	1.5505711758883975	0.0
k16_281a0283	HSat3	NA	chr11	130	0				
k16_281a0283	HSat3	NA	chr12	126	0				
k16_281a0283	HSat3	NA	chr13	0	0				
k16_281a0283	HSat3	NA	chr14	0	0				
k16_281a0283	HSat3	NA	chr15	0	0				
k16_281a0283	HSat3	NA	chr16	103	102	0.0	0.0	0.0	0.0
k16_281a0283	HSat3	NA	chr17	65	65	0.0	0.16923076923076924	0.20552648767452047	0.0
k16_281a0283	HSat3	NA	chr18	84	0				
k16_281a0283	HSat3	NA	chr19	128	0				
k16_281a0283	HSat3	NA	chr20	84	84	2.0	18.595238095238095	17.837568067537372	0.2261904761904762
k16_281a0283	HSat3	NA	chr21	0	0				
k16_281a0283	HSat3	NA	chr22	0	0				
k16_281a0283	HSat3	NA	chrX	91	0				
k16_281a0283	HSat3	NA	chrY	1	1	2.0	2.0	0.12660355268559367	0.0
k16_2d0f4f63	HSat2	G1	chr1	102	102	656.5	1428.7549019607843	120.75710733069073	1.0
k16_2d0f4f63	HSat2	G1	chr2	128	128	0.0	0.0	0.0	0.0
k16_2d0f4f63	HSat2	G1	chr3	107	0				
k16_2d0f4f63	HSat2	G1	chr4	124	0				
k16_2d0f4f63	HSat2	G1	chr5	153	0				
k16_2d0f4f63	HSat2	G1	chr6	131	0				
k16_2d0f4f63	HSat2	G1	chr7	158	158	0.0	0.0	0.0	0.0
k16_2d0f4f63	HSat2	G1	chr8	153	0				
k16_2d0f4f63	HSat2	G1	chr9	132	125	0.0	0.0	0.0	0.0
k16_2d0f4f63	HSat2	G1	chr10	158	158	2.0	1.7088607594936709	3.7009297324895343	0.0
k16_2d0f4f63	HSat2	G1	chr11	156	0				
k16_2d0f4f63	HSat2	G1	chr12	156	0				
k16_2d0f4f63	HSat2	G1	chr13	0	0				
k16_2d0f4f63	HSat2	G1	chr14	0	0				
k16_2d0f4f63	HSat2	G1	chr15	0	0				
k16_2d0f4f63	HSat2	G1	chr16	127	127	0.0	0.0	0.0	0.0
k16_2d0f4f63	HSat2	G1	chr17	109	109	0.0	0.0	0.0	0.0
k16_2d0f4f63	HSat2	G1	chr18	103	0				
k16_2d0f4f63	HSat2	G1	chr19	151	0				
k16_2d0f4f63	HSat2	G1	chr20	142	0				
k16_2d0f4f63	HSat2	G1	chr21	0	0				
k16_2d0f4f63	HSat2	G1	chr22	0	0				
k16_2d0f4f63	HSat2	G1	chrX	98	0				
k16_2d0f4f63	HSat2	G1	chrY	1	1	0.0	0.0	0.0	0.0
k16_2d0f4f63	HSat2	G2	chr1	25	25	592.0	1040.6	88.02243101848889	1.0
k16_2d0f4f63	HSat2	G2	chr2	31	31	0.0	0.0	0.0	0.0
k16_2d0f4f63	HSat2	G2	chr3	23	0				
k16_2d0f4f63	HSat2	G2	chr4	31	0				
k16_2d0f4f63	HSat2	G2	chr5	42	0				
k16_2d0f4f63	HSat2	G2	chr6	35	0				
k16_2d0f4f63	HSat2	G2	chr7	42	42	0.0	0.0	0.0	0.0
k16_2d0f4f63	HSat2	G2	chr8	41	0				
k16_2d0f4f63	HSat2	G2	chr9	33	30	0.0	0.0	0.0	0.0
k16_2d0f4f63	HSat2	G2	chr10	42	42	0.0	0.7857142857142857	3.31347391030888	0.0
k16_2d0f4f63	HSat2	G2	chr11	41	0				
k16_2d0f4f63	HSat2	G2	chr12	40	0				
k16_2d0f4f63	HSat2	G2	chr13	0	0				
k16_2d0f4f63	HSat2	G2	chr14	0	0				
k16_2d0f4f63	HSat2	G2	chr15	0	0				
k16_2d0f4f63	HSat2	G2	chr16	32	32	0.0	0.0	0.0	0.0
k16_2d0f4f63	HSat2	G2	chr17	29	28	0.0	0.0	0.0	0.0
k16_2d0f4f63	HSat2	G2	chr18	30	0				
k16_2d0f4f63	HSat2	G2	chr19	41	0				
k16_2d0f4f63	HSat2	G2	chr20	42	0				
k16_2d0f4f63	HSat2	G2	chr21	0	0				
k16_2d0f4f63	HSat2	G2	chr22	0	0				
k16_2d0f4f63	HSat2	G2	chrX	29	0				
k16_2d0f4f63	HSat2	G2	chrY	0	0				
k16_2d0f4f63	HSat2	G3	chr1	186	186	824.5	1613.510752688172	129.24283372693665	1.0
k16_2d0f4f63	HSat2	G3	chr2	239	239	0.0	0.0	0.0	0.0
k16_2d0f4f63	HSat2	G3	chr3	204	0				
k16_2d0f4f63	HSat2	G3	chr4	211	0				
k16_2d0f4f63	HSat2	G3	chr5	283	0				
k16_2d0f4f63	HSat2	G3	chr6	222	0				
k16_2d0f4f63	HSat2	G3	chr7	289	289	0.0	0.0	0.0	0.0
k16_2d0f4f63	HSat2	G3	chr8	274	0				
k16_2d0f4f63	HSat2	G3	chr9	228	224	0.0	0.0	0.0	0.0
k16_2d0f4f63	HSat2	G3	chr10	289	289	0.0	0.2179930795847751	0.20786290809044242	0.0
k16_2d0f4f63	HSat2	G3	chr11	286	0				
k16_2d0f4f63	HSat2	G3	chr12	286	0				
k16_2d0f4f63	HSat2	G3	chr13	0	0				
k16_2d0f4f63	HSat2	G3	chr14	0	0				
k16_2d0f4f63	HSat2	G3	chr15	0	0				
k16_2d0f4f63	HSat2	G3	chr16	242	242	0.0	0.004132231404958678	0.00047898392022097087	0.0
k16_2d0f4f63	HSat2	G3	chr17	172	172	0.0	0.0	0.0	0.0
k16_2d0f4f63	HSat2	G3	chr18	182	0				
k16_2d0f4f63	HSat2	G3	chr19	277	0				
k16_2d0f4f63	HSat2	G3	chr20	268	0				
k16_2d0f4f63	HSat2	G3	chr21	0	0				
k16_2d0f4f63	HSat2	G3	chr22	0	0				
k16_2d0f4f63	HSat2	G3	chrX	203	0				
k16_2d0f4f63	HSat2	G3	chrY	3	3	0.0	0.0	0.0	0.0
k16_2d0f4f63	HSat2	NA	chr1	45	44	1061.0	1687.9772727272727	143.72391113293455	1.0
k16_2d0f4f63	HSat2	NA	chr2	58	58	0.0	0.0	0.0	0.0
k16_2d0f4f63	HSat2	NA	chr3	53	0				
k16_2d0f4f63	HSat2	NA	chr4	65	0				
k16_2d0f4f63	HSat2	NA	chr5	79	0				
k16_2d0f4f63	HSat2	NA	chr6	64	0				
k16_2d0f4f63	HSat2	NA	chr7	13	13	0.0	0.0	0.0	0.0
k16_2d0f4f63	HSat2	NA	chr8	80	0				
k16_2d0f4f63	HSat2	NA	chr9	66	65	0.0	0.0	0.0	0.0
k16_2d0f4f63	HSat2	NA	chr10	72	71	0.0	0.7323943661971831	0.9979992609815471	0.0
k16_2d0f4f63	HSat2	NA	chr11	84	0				
k16_2d0f4f63	HSat2	NA	chr12	79	0				
k16_2d0f4f63	HSat2	NA	chr13	0	0				
k16_2d0f4f63	HSat2	NA	chr14	0	0				
k16_2d0f4f63	HSat2	NA	chr15	0	0				
k16_2d0f4f63	HSat2	NA	chr16	68	67	0.0	0.0	0.0	0.0
k16_2d0f4f63	HSat2	NA	chr17	47	47	0.0	0.0	0.0	0.0
k16_2d0f4f63	HSat2	NA	chr18	53	0				
k16_2d0f4f63	HSat2	NA	chr19	82	0				
k16_2d0f4f63	HSat2	NA	chr20	74	0				
k16_2d0f4f63	HSat2	NA	chr21	0	0				
k16_2d0f4f63	HSat2	NA	chr22	0	0				
k16_2d0f4f63	HSat2	NA	chrX	63	0				
k16_2d0f4f63	HSat2	NA	chrY	0	0				
k16_2ec3c158	HSat3	G1	chr1	40	39	0.0	0.0	0.0	0.0
k16_2ec3c158	HSat3	G1	chr2	53	53	0.0	0.0	0.0	0.0
k16_2ec3c158	HSat3	G1	chr3	35	35	0.0	0.0	0.0	0.0
k16_2ec3c158	HSat3	G1	chr4	48	48	0.0	0.0	0.0	0.0
k16_2ec3c158	HSat3	G1	chr5	59	59	0.0	0.0	0.0	0.0
k16_2ec3c158	HSat3	G1	chr6	40	0				
k16_2ec3c158	HSat3	G1	chr7	59	59	0.0	0.0	0.0	0.0
k16_2ec3c158	HSat3	G1	chr8	53	0				
k16_2ec3c158	HSat3	G1	chr9	49	49	0.0	0.0	0.0	0.0
k16_2ec3c158	HSat3	G1	chr10	59	59	0.0	0.0	0.0	0.0
k16_2ec3c158	HSat3	G1	chr11	57	0				
k16_2ec3c158	HSat3	G1	chr12	58	0				
k16_2ec3c158	HSat3	G1	chr13	0	0				
k16_2ec3c158	HSat3	G1	chr14	0	0				
k16_2ec3c158	HSat3	G1	chr15	0	0				
k16_2ec3c158	HSat3	G1	chr16	45	43	0.0	0.0	0.0	0.0
k16_2ec3c158	HSat3	G1	chr17	42	42	0.0	0.0	0.0	0.0
k16_2ec3c158	HSat3	G1	chr18	44	0				
k16_2ec3c158	HSat3	G1	chr19	55	0				
k16_2ec3c158	HSat3	G1	chr20	59	59	87.0	74.83050847457628	57.872819059864376	1.0
k16_2ec3c158	HSat3	G1	chr21	0	0				
k16_2ec3c158	HSat3	G1	chr22	0	0				
k16_2ec3c158	HSat3	G1	chrX	44	1	0.0	0.0	0.0	0.0
k16_2ec3c158	HSat3	G1	chrY	0	0				
k16_2ec3c158	HSat3	G2	chr1	35	35	0.0	0.0	0.0	0.0
k16_2ec3c158	HSat3	G2	chr2	41	39	0.0	0.0	0.0	0.0
k16_2ec3c158	HSat3	G2	chr3	47	47	0.0	0.0	0.0	0.0
k16_2ec3c158	HSat3	G2	chr4	39	39	0.0	0.0	0.0	0.0
k16_2ec3c158	HSat3	G2	chr5	54	54	0.0	0.0	0.0	0.0
k16_2ec3c158	HSat3	G2	chr6	44	0				
k16_2ec3c158	HSat3	G2	chr7	54	54	0.0	0.0	0.0	0.0
k16_2ec3c158	HSat3	G2	chr8	53	0				
k16_2ec3c158	HSat3	G2	chr9	47	47	0.0	0.0425531914893617	0.0030680783875067282	0.0
k16_2ec3c158	HSat3	G2	chr10	54	54	0.0	0.0	0.0	0.0
k16_2ec3c158	HSat3	G2	chr11	54	0				
k16_2ec3c158	HSat3	G2	chr12	53	0				
k16_2ec3c158	HSat3	G2	chr13	0	0				
k16_2ec3c158	HSat3	G2	chr14	0	0				
k16_2ec3c158	HSat3	G2	chr15	0	0				
k16_2ec3c158	HSat3	G2	chr16	49	47	0.0	0.0	0.0	0.0
k16_2ec3c158	HSat3	G2	chr17	37	37	0.0	0.0	0.0	0.0
k16_2ec3c158	HSat3	G2	chr18	35	0				
k16_2ec3c158	HSat3	G2	chr19	54	0				
k16_2ec3c158	HSat3	G2	chr20	54	54	3.0	3.8333333333333335	5.921322783462231	0.09259259259259259
k16_2ec3c158	HSat3	G2	chr21	0	0				
k16_2ec3c158	HSat3	G2	chr22	0	0				
k16_2ec3c158	HSat3	G2	chrX	38	0				
k16_2ec3c158	HSat3	G2	chrY	0	0				
k16_2ec3c158	HSat3	G3	chr1	38	38	0.0	0.0	0.0	0.0
k16_2ec3c158	HSat3	G3	chr2	57	56	0.0	0.0	0.0	0.0
k16_2ec3c158	HSat3	G3	chr3	49	48	0.0	0.0	0.0	0.0
k16_2ec3c158	HSat3	G3	chr4	58	58	0.0	0.0	0.0	0.0
k16_2ec3c158	HSat3	G3	chr5	70	70	0.0	0.0	0.0	0.0
k16_2ec3c158	HSat3	G3	chr6	57	0				
k16_2ec3c158	HSat3	G3	chr7	70	70	0.0	0.0	0.0	0.0
k16_2ec3c158	HSat3	G3	chr8	66	0				
k16_2ec3c158	HSat3	G3	chr9	58	58	0.0	0.034482758620689655	0.0023822241625173334	0.0
k16_2ec3c158	HSat3	G3	chr10	70	70	0.0	0.0	0.0	0.0
k16_2ec3c158	HSat3	G3	chr11	69	0				
k16_2ec3c158	HSat3	G3	chr12	70	0				
k16_2ec3c158	HSat3	G3	chr13	0	0				
k16_2ec3c158	HSat3	G3	chr14	0	0				
k16_2ec3c158	HSat3	G3	chr15	0	0				
k16_2ec3c158	HSat3	G3	chr16	60	60	0.0	0.0	0.0	0.0
k16_2ec3c158	HSat3	G3	chr17	44	44	0.0	0.0	0.0	0.0
k16_2ec3c158	HSat3	G3	chr18	38	0				
k16_2ec3c158	HSat3	G3	chr19	66	0				
k16_2ec3c158	HSat3	G3	chr20	70	70	0.0	0.014285714285714285	0.012935308542874877	0.0
k16_2ec3c158	HSat3	G3	chr21	0	0				
k16_2ec3c158	HSat3	G3	chr22	0	0				
k16_2ec3c158	HSat3	G3	chrX	52	0				
k16_2ec3c158	HSat3	G3	chrY	1	1	0.0	0.0	0.0	0.0
k16_2ec3c158	HSat3	G4	chr1	23	22	0.0	0.0	0.0	0.0
k16_2ec3c158	HSat3	G4	chr2	31	31	0.0	0.0	0.0	0.0
k16_2ec3c158	HSat3	G4	chr3	28	28	0.0	0.0	0.0	0.0
k16_2ec3c158	HSat3	G4	chr4	28	28	0.0	0.0	0.0	0.0
k16_2ec3c158	HSat3	G4	chr5	39	39	0.0	0.0	0.0	0.0
k16_2ec3c158	HSat3	G4	chr6	30	0				
k16_2ec3c158	HSat3	G4	chr7	39	39	0.0	0.0	0.0	0.0
k16_2ec3c158	HSat3	G4	chr8	36	0				
k16_2ec3c158	HSat3	G4	chr9	27	27	0.0	0.1111111111111111	0.00782593678700254	0.0
k16_2ec3c158	HSat3	G4	chr10	39	39	0.0	0.0	0.0	0.0
k16_2ec3c158	HSat3	G4	chr11	39	0				
k16_2ec3c158	HSat3	G4	chr12	37	0				
k16_2ec3c158	HSat3	G4	chr13	0	0				
k16_2ec3c158	HSat3	G4	chr14	0	0				
k16_2ec3c158	HSat3	G4	chr15	0	0				
k16_2ec3c158	HSat3	G4	chr16	29	29	0.0	0.0	0.0	0.0
k16_2ec3c158	HSat3	G4	chr17	25	25	0.0	0.0	0.0	0.0
k16_2ec3c158	HSat3	G4	chr18	27	0				
k16_2ec3c158	HSat3	G4	chr19	35	0				
k16_2ec3c158	HSat3	G4	chr20	39	39	3.0	5.153846153846154	5.936825793682721	0.23076923076923078
k16_2ec3c158	HSat3	G4	chr21	0	0				
k16_2ec3c158	HSat3	G4	chr22	0	0				
k16_2ec3c158	HSat3	G4	chrX	30	0				
k16_2ec3c158	HSat3	G4	chrY	1	1	0.0	0.0	0.0	0.0
k16_2ec3c158	HSat3	G5	chr1	31	30	0.0	0.0	0.0	0.0
k16_2ec3c158	HSat3	G5	chr2	39	39	0.0	0.0	0.0	0.0
k16_2ec3c158	HSat3	G5	chr3	26	26	0.0	0.0	0.0	0.0
k16_2ec3c158	HSat3	G5	chr4	40	40	0.0	0.0	0.0	0.0
k16_2ec3c158	HSat3	G5	chr5	47	47	0.0	0.0	0.0	0.0
k16_2ec3c158	HSat3	G5	chr6	37	0				
k16_2ec3c158	HSat3	G5	chr7	47	47	0.0	0.0	0.0	0.0
k16_2ec3c158	HSat3	G5	chr8	45	0				
k16_2ec3c158	HSat3	G5	chr9	40	40	0.0	0.05	0.0033318715413320045	0.0
k16_2ec3c158	HSat3	G5	chr10	47	47	0.0	0.0	0.0	0.0
k16_2ec3c158	HSat3	G5	chr11	46	0				
k16_2ec3c158	HSat3	G5	chr12	44	0				
k16_2ec3c158	HSat3	G5	chr13	0	0				
k16_2ec3c158	HSat3	G5	chr14	0	0				
k16_2ec3c158	HSat3	G5	chr15	0	0				
k16_2ec3c158	HSat3	G5	chr16	33	33	0.0	0.0	0.0	0.0
k16_2ec3c158	HSat3	G5	chr17	39	39	0.0	0.0	0.0	0.0
k16_2ec3c158	HSat3	G5	chr18	39	0				
k16_2ec3c158	HSat3	G5	chr19	46	0				
k16_2ec3c158	HSat3	G5	chr20	47	47	47.0	59.170212765957444	50.847486447481025	1.0
k16_2ec3c158	HSat3	G5	chr21	0	0				
k16_2ec3c158	HSat3	G5	chr22	0	0				
k16_2ec3c158	HSat3	G5	chrX	28	0				
k16_2ec3c158	HSat3	G5	chrY	1	1	0.0	0.0	0.0	0.0
k16_2ec3c158	HSat3	G6	chr1	34	34	0.0	0.0	0.0	0.0
k16_2ec3c158	HSat3	G6	chr2	39	38	0.0	0.0	0.0	0.0
k16_2ec3c158	HSat3	G6	chr3	34	34	0.0	0.0	0.0	0.0
k16_2ec3c158	HSat3	G6	chr4	34	34	0.0	0.0	0.0	0.0
k16_2ec3c158	HSat3	G6	chr5	47	47	0.0	0.0	0.0	0.0
k16_2ec3c158	HSat3	G6	chr6	40	0				
k16_2ec3c158	HSat3	G6	chr7	47	47	0.0	0.0	0.0	0.0
k16_2ec3c158	HSat3	G6	chr8	47	0				
k16_2ec3c158	HSat3	G6	chr9	39	39	0.0	0.07692307692307693	0.005823770571020879	0.0
k16_2ec3c158	HSat3	G6	chr10	47	47	0.0	0.0	0.0	0.0
k16_2ec3c158	HSat3	G6	chr11	47	0				
k16_2ec3c158	HSat3	G6	chr12	47	0				
k16_2ec3c158	HSat3	G6	chr13	0	0				
k16_2ec3c158	HSat3	G6	chr14	0	0				
k16_2ec3c158	HSat3	G6	chr15	0	0				
k16_2ec3c158	HSat3	G6	chr16	41	41	0.0	0.0	0.0	0.0
k16_2ec3c158	HSat3	G6	chr17	28	28	0.0	0.0	0.0	0.0
k16_2ec3c158	HSat3	G6	chr18	25	0				
k16_2ec3c158	HSat3	G6	chr19	46	0				
k16_2ec3c158	HSat3	G6	chr20	47	47	3.0	3.2127659574468086	5.492970452911783	0.0
k16_2ec3c158	HSat3	G6	chr21	0	0				
k16_2ec3c158	HSat3	G6	chr22	0	0				
k16_2ec3c158	HSat3	G6	chrX	30	0				
k16_2ec3c158	HSat3	G6	chrY	0	0				
k16_2ec3c158	HSat3	G7	chr1	84	81	0.0	0.0	0.0	0.0
k16_2ec3c158	HSat3	G7	chr2	104	103	0.0	0.0	0.0	0.0
k16_2ec3c158	HSat3	G7	chr3	88	86	0.0	0.0	0.0	0.0
k16_2ec3c158	HSat3	G7	chr4	91	91	0.0	0.0	0.0	0.0
k16_2ec3c158	HSat3	G7	chr5	126	126	0.0	0.0	0.0	0.0
k16_2ec3c158	HSat3	G7	chr6	103	0				
k16_2ec3c158	HSat3	G7	chr7	126	126	0.0	0.0	0.0	0.0
k16_2ec3c158	HSat3	G7	chr8	121	0				
k16_2ec3c158	HSat3	G7	chr9	101	101	0.0	0.009900990099009901	0.0006978757906640473	0.0
k16_2ec3c158	HSat3	G7	chr10	126	126	0.0	0.0	0.0	0.0
k16_2ec3c158	HSat3	G7	chr11	125	0				
k16_2ec3c158	HSat3	G7	chr12	126	0				
k16_2ec3c158	HSat3	G7	chr13	0	0				
k16_2ec3c158	HSat3	G7	chr14	0	0				
k16_2ec3c158	HSat3	G7	chr15	0	0				
k16_2ec3c158	HSat3	G7	chr16	109	109	0.0	0.0	0.0	0.0
k16_2ec3c158	HSat3	G7	chr17	77	77	0.0	0.0	0.0	0.0
k16_2ec3c158	HSat3	G7	chr18	76	0				
k16_2ec3c158	HSat3	G7	chr19	121	0				
k16_2ec3c158	HSat3	G7	chr20	126	126	0.0	0.007936507936507936	0.007166764547947941	0.0
k16_2ec3c158	HSat3	G7	chr21	0	0				
k16_2ec3c158	HSat3	G7	chr22	0	0				
k16_2ec3c158	HSat3	G7	chrX	80	0				
k16_2ec3c158	HSat3	G7	chrY	0	0				
k16_2ec3c158	HSat3	NA	chr1	73	71	0.0	0.0	0.0	0.0
k16_2ec3c158	HSat3	NA	chr2	92	92	0.0	0.0	0.0	0.0
k16_2ec3c158	HSat3	NA	chr3	80	80	0.0	0.0	0.0	0.0
k16_2ec3c158	HSat3	NA	chr4	93	93	0.0	0.0	0.0	0.0
k16_2ec3c158	HSat3	NA	chr5	115	114	0.0	0.0	0.0	0.0
k16_2ec3c158	HSat3	NA	chr6	101	0				
k16_2ec3c158	HSat3	NA	chr7	60	60	0.0	0.0	0.0	0.0
k16_2ec3c158	HSat3	NA	chr8	127	0				
k16_2ec3c158	HSat3	NA	chr9	98	97	0.0	0.010309278350515464	0.0007034691663541176	0.0
k16_2ec3c158	HSat3	NA	chr10	119	118	0.0	0.0	0.0	0.0
k16_2ec3c158	HSat3	NA	chr11	130	0				
k16_2ec3c158	HSat3	NA	chr12	126	0				
k16_2ec3c158	HSat3	NA	chr13	0	0				
k16_2ec3c158	HSat3	NA	chr14	0	0				
k16_2ec3c158	HSat3	NA	chr15	0	0				
k16_2ec3c158	HSat3	NA	chr16	103	102	0.0	0.0	0.0	0.0
k16_2ec3c158	HSat3	NA	chr17	65	65	0.0	0.0	0.0	0.0
k16_2ec3c158	HSat3	NA	chr18	84	0				
k16_2ec3c158	HSat3	NA	chr19	128	0				
k16_2ec3c158	HSat3	NA	chr20	84	84	0.0	18.142857142857142	17.403619548608805	0.2261904761904762
k16_2ec3c158	HSat3	NA	chr21	0	0				
k16_2ec3c158	HSat3	NA	chr22	0	0				
k16_2ec3c158	HSat3	NA	chrX	91	0				
k16_2ec3c158	HSat3	NA	chrY	1	1	0.0	0.0	0.0	0.0
k16_2f53c4f5	HSat3	G1	chr1	40	39	0.0	0.02564102564102564	0.03227216016285823	0.0
k16_2f53c4f5	HSat3	G1	chr2	53	53	0.0	0.0	0.0	0.0
k16_2f53c4f5	HSat3	G1	chr3	35	35	0.0	0.05714285714285714	0.28900886289029387	0.0
k16_2f53c4f5	HSat3	G1	chr4	48	48	0.0	0.0	0.0	0.0
k16_2f53c4f5	HSat3	G1	chr5	59	59	0.0	1.0508474576271187	2.776673950360146	0.03389830508474576
k16_2f53c4f5	HSat3	G1	chr6	40	0				
k16_2f53c4f5	HSat3	G1	chr7	59	59	0.0	0.0	0.0	0.0
k16_2f53c4f5	HSat3	G1	chr8	53	0				
k16_2f53c4f5	HSat3	G1	chr9	49	49	26.0	27.510204081632654	1.9262963078881585	0.9795918367346939
k16_2f53c4f5	HSat3	G1	chr10	59	59	0.0	0.0	0.0	0.0
k16_2f53c4f5	HSat3	G1	chr11	57	0				
k16_2f53c4f5	HSat3	G1	chr12	58	0				
k16_2f53c4f5	HSat3	G1	chr13	0	0				
k16_2f53c4f5	HSat3	G1	chr14	0	0				
k16_2f53c4f5	HSat3	G1	chr15	0	0				
k16_2f53c4f5	HSat3	G1	chr16	45	43	0.0	0.0	0.0	0.0
k16_2f53c4f5	HSat3	G1	chr17	42	42	0.0	0.0	0.0	0.0
k16_2f53c4f5	HSat3	G1	chr18	44	0				
k16_2f53c4f5	HSat3	G1	chr19	55	0				
k16_2f53c4f5	HSat3	G1	chr20	59	59	0.0	0.0	0.0	0.0
k16_2f53c4f5	HSat3	G1	chr21	0	0				
k16_2f53c4f5	HSat3	G1	chr22	0	0				
k16_2f53c4f5	HSat3	G1	chrX	44	1	0.0	0.0	0.0	0.0
k16_2f53c4f5	HSat3	G1	chrY	0	0				
k16_2f53c4f5	HSat3	G2	chr1	35	35	0.0	0.0	0.0	0.0
k16_2f53c4f5	HSat3	G2	chr2	41	39	0.0	0.0	0.0	0.0
k16_2f53c4f5	HSat3	G2	chr3	47	47	0.0	0.0	0.0	0.0
k16_2f53c4f5	HSat3	G2	chr4	39	39	0.0	0.0	0.0	0.0
k16_2f53c4f5	HSat3	G2	chr5	54	54	0.0	0.0	0.0	0.0
k16_2f53c4f5	HSat3	G2	chr6	44	0				
k16_2f53c4f5	HSat3	G2	chr7	54	54	0.0	0.018518518518518517	0.046168782820522045	0.0
k16_2f53c4f5	HSat3	G2	chr8	53	0				
k16_2f53c4f5	HSat3	G2	chr9	47	47	23.0	26.595744680851062	1.9175489921917053	0.9361702127659575
k16_2f53c4f5	HSat3	G2	chr10	54	54	0.0	0.0	0.0	0.0
k16_2f53c4f5	HSat3	G2	chr11	54	0				
k16_2f53c4f5	HSat3	G2	chr12	53	0				
k16_2f53c4f5	HSat3	G2	chr13	0	0				
k16_2f53c4f5	HSat3	G2	chr14	0	0				
k16_2f53c4f5	HSat3	G2	chr15	0	0				
k16_2f53c4f5	HSat3	G2	chr16	49	47	0.0	0.0	0.0	0.0
k16_2f53c4f5	HSat3	G2	chr17	37	37	0.0	0.0	0.0	0.0
k16_2f53c4f5	HSat3	G2	chr18	35	0				
k16_2f53c4f5	HSat3	G2	chr19	54	0				
k16_2f53c4f5	HSat3	G2	chr20	54	54	0.0	0.0	0.0	0.0
k16_2f53c4f5	HSat3	G2	chr21	0	0				
k16_2f53c4f5	HSat3	G2	chr22	0	0				
k16_2f53c4f5	HSat3	G2	chrX	38	0				
k16_2f53c4f5	HSat3	G2	chrY	0	0				
k16_2f53c4f5	HSat3	G3	chr1	38	38	0.0	0.0	0.0	0.0
k16_2f53c4f5	HSat3	G3	chr2	57	56	0.0	0.0	0.0	0.0
k16_2f53c4f5	HSat3	G3	chr3	49	48	0.0	0.0	0.0	0.0
k16_2f53c4f5	HSat3	G3	chr4	58	58	0.0	0.0	0.0	0.0
k16_2f53c4f5	HSat3	G3	chr5	70	70	0.0	0.014285714285714285	0.041433163170094406	0.0
k16_2f53c4f5	HSat3	G3	chr6	57	0				
k16_2f53c4f5	HSat3	G3	chr7	70	70	0.0	0.0	0.0	0.0
k16_2f53c4f5	HSat3	G3	chr8	66	0				
k16_2f53c4f5	HSat3	G3	chr9	58	58	24.0	25.46551724137931	1.7592725440190509	0.9482758620689655
k16_2f53c4f5	HSat3	G3	chr10	70	70	0.0	0.0	0.0	0.0
k16_2f53c4f5	HSat3	G3	chr11	69	0				
k16_2f53c4f5	HSat3	G3	chr12	70	0				
k16_2f53c4f5	HSat3	G3	chr13	0	0				
k16_2f53c4f5	HSat3	G3	chr14	0	0				
k16_2f53c4f5	HSat3	G3	chr15	0	0				
k16_2f53c4f5	HSat3	G3	chr16	60	60	0.0	0.0	0.0	0.0
k16_2f53c4f5	HSat3	G3	chr17	44	44	0.0	0.0	0.0	0.0
k16_2f53c4f5	HSat3	G3	chr18	38	0				
k16_2f53c4f5	HSat3	G3	chr19	66	0				
k16_2f53c4f5	HSat3	G3	chr20	70	70	0.0	0.0	0.0	0.0
k16_2f53c4f5	HSat3	G3	chr21	0	0				
k16_2f53c4f5	HSat3	G3	chr22	0	0				
k16_2f53c4f5	HSat3	G3	chrX	52	0				
k16_2f53c4f5	HSat3	G3	chrY	1	1	1.0	1.0	0.05773273726206535	0.0
k16_2f53c4f5	HSat3	G4	chr1	23	22	0.0	0.0	0.0	0.0
k16_2f53c4f5	HSat3	G4	chr2	31	31	0.0	0.0	0.0	0.0
k16_2f53c4f5	HSat3	G4	chr3	28	28	0.0	0.0	0.0	0.0
k16_2f53c4f5	HSat3	G4	chr4	28	28	0.0	0.0	0.0	0.0
k16_2f53c4f5	HSat3	G4	chr5	39	39	9.0	10.0	15.840869931835519	0.28205128205128205
k16_2f53c4f5	HSat3	G4	chr6	30	0				
k16_2f53c4f5	HSat3	G4	chr7	39	39	0.0	0.0	0.0	0.0
k16_2f53c4f5	HSat3	G4	chr8	36	0				
k16_2f53c4f5	HSat3	G4	chr9	27	27	24.0	26.074074074074073	1.8364864993499295	0.9259259259259259
k16_2f53c4f5	HSat3	G4	chr10	39	39	0.0	0.0	0.0	0.0
k16_2f53c4f5	HSat3	G4	chr11	39	0				
k16_2f53c4f5	HSat3	G4	chr12	37	0				
k16_2f53c4f5	HSat3	G4	chr13	0	0				
k16_2f53c4f5	HSat3	G4	chr14	0	0				
k16_2f53c4f5	HSat3	G4	chr15	0	0				
k16_2f53c4f5	HSat3	G4	chr16	29	29	0.0	0.0	0.0	0.0
k16_2f53c4f5	HSat3	G4	chr17	25	25	0.0	0.0	0.0	0.0
k16_2f53c4f5	HSat3	G4	chr18	27	0				
k16_2f53c4f5	HSat3	G4	chr19	35	0				
k16_2f53c4f5	HSat3	G4	chr20	39	39	0.0	0.0	0.0	0.0
k16_2f53c4f5	HSat3	G4	chr21	0	0				
k16_2f53c4f5	HSat3	G4	chr22	0	0				
k16_2f53c4f5	HSat3	G4	chrX	30	0				
k16_2f53c4f5	HSat3	G4	chrY	1	1	1.0	1.0	0.11561329848902668	0.0
k16_2f53c4f5	HSat3	G5	chr1	31	30	0.0	0.0	0.0	0.0
k16_2f53c4f5	HSat3	G5	chr2	39	39	0.0	0.0	0.0	0.0
k16_2f53c4f5	HSat3	G5	chr3	26	26	0.0	0.0	0.0	0.0
k16_2f53c4f5	HSat3	G5	chr4	40	40	0.0	0.0	0.0	0.0
k16_2f53c4f5	HSat3	G5	chr5	47	47	17.0	16.617021276595743	24.664195089046114	0.8297872340425532
k16_2f53c4f5	HSat3	G5	chr6	37	0				
k16_2f53c4f5	HSat3	G5	chr7	47	47	0.0	0.0	0.0	0.0
k16_2f53c4f5	HSat3	G5	chr8	45	0				
k16_2f53c4f5	HSat3	G5	chr9	40	40	28.5	29.35	1.9558085947618866	0.95
k16_2f53c4f5	HSat3	G5	chr10	47	47	0.0	0.0	0.0	0.0
k16_2f53c4f5	HSat3	G5	chr11	46	0				
k16_2f53c4f5	HSat3	G5	chr12	44	0				
k16_2f53c4f5	HSat3	G5	chr13	0	0				
k16_2f53c4f5	HSat3	G5	chr14	0	0				
k16_2f53c4f5	HSat3	G5	chr15	0	0				
k16_2f53c4f5	HSat3	G5	chr16	33	33	0.0	0.0	0.0	0.0
k16_2f53c4f5	HSat3	G5	chr17	39	39	0.0	0.0	0.0	0.0
k16_2f53c4f5	HSat3	G5	chr18	39	0				
k16_2f53c4f5	HSat3	G5	chr19	46	0				
k16_2f53c4f5	HSat3	G5	chr20	47	47	0.0	0.02127659574468085	0.018283885813549453	0.0
k16_2f53c4f5	HSat3	G5	chr21	0	0				
k16_2f53c4f5	HSat3	G5	chr22	0	0				
k16_2f53c4f5	HSat3	G5	chrX	28	0				
k16_2f53c4f5	HSat3	G5	chrY	1	1	0.0	0.0	0.0	0.0
k16_2f53c4f5	HSat3	G6	chr1	34	34	0.0	0.029411764705882353	0.036608522083212344	0.0
k16_2f53c4f5	HSat3	G6	chr2	39	38	0.0	0.0	0.0	0.0
k16_2f53c4f5	HSat3	G6	chr3	34	34	0.0	0.0	0.0	0.0
k16_2f53c4f5	HSat3	G6	chr4	34	34	0.0	0.0	0.0	0.0
k16_2f53c4f5	HSat3	G6	chr5	47	47	15.0	15.72340425531915	22.69200994677695	0.8936170212765957
k16_2f53c4f5	HSat3	G6	chr6	40	0				
k16_2f53c4f5	HSat3	G6	chr7	47	47	0.0	0.0	0.0	0.0
k16_2f53c4f5	HSat3	G6	chr8	47	0				
k16_2f53c4f5	HSat3	G6	chr9	39	39	27.0	25.974358974358974	1.9664931961480503	0.8717948717948718
k16_2f53c4f5	HSat3	G6	chr10	47	47	0.0	0.0	0.0	0.0
k16_2f53c4f5	HSat3	G6	chr11	47	0				
k16_2f53c4f5	HSat3	G6	chr12	47	0				
k16_2f53c4f5	HSat3	G6	chr13	0	0				
k16_2f53c4f5	HSat3	G6	chr14	0	0				
k16_2f53c4f5	HSat3	G6	chr15	0	0				
k16_2f53c4f5	HSat3	G6	chr16	41	41	0.0	0.0	0.0	0.0
k16_2f53c4f5	HSat3	G6	chr17	28	28	0.0	0.0	0.0	0.0
k16_2f53c4f5	HSat3	G6	chr18	25	0				
k16_2f53c4f5	HSat3	G6	chr19	46	0				
k16_2f53c4f5	HSat3	G6	chr20	47	47	0.0	0.02127659574468085	0.036377287767627706	0.0
k16_2f53c4f5	HSat3	G6	chr21	0	0				
k16_2f53c4f5	HSat3	G6	chr22	0	0				
k16_2f53c4f5	HSat3	G6	chrX	30	0				
k16_2f53c4f5	HSat3	G6	chrY	0	0				
k16_2f53c4f5	HSat3	G7	chr1	84	81	0.0	0.0	0.0	0.0
k16_2f53c4f5	HSat3	G7	chr2	104	103	0.0	0.0	0.0	0.0
k16_2f53c4f5	HSat3	G7	chr3	88	86	0.0	0.0	0.0	0.0
k16_2f53c4f5	HSat3	G7	chr4	91	91	0.0	0.0	0.0	0.0
k16_2f53c4f5	HSat3	G7	chr5	126	126	16.0	15.119047619047619	22.068973314985232	0.8571428571428571
k16_2f53c4f5	HSat3	G7	chr6	103	0				
k16_2f53c4f5	HSat3	G7	chr7	126	126	0.0	0.0	0.0	0.0
k16_2f53c4f5	HSat3	G7	chr8	121	0				
k16_2f53c4f5	HSat3	G7	chr9	101	101	25.0	26.534653465346533	1.8703071189796467	0.9405940594059405
k16_2f53c4f5	HSat3	G7	chr10	126	126	0.0	0.0	0.0	0.0
k16_2f53c4f5	HSat3	G7	chr11	125	0				
k16_2f53c4f5	HSat3	G7	chr12	126	0				
k16_2f53c4f5	HSat3	G7	chr13	0	0				
k16_2f53c4f5	HSat3	G7	chr14	0	0				
k16_2f53c4f5	HSat3	G7	chr15	0	0				
k16_2f53c4f5	HSat3	G7	chr16	109	109	0.0	0.0	0.0	0.0
k16_2f53c4f5	HSat3	G7	chr17	77	77	0.0	0.0	0.0	0.0
k16_2f53c4f5	HSat3	G7	chr18	76	0				
k16_2f53c4f5	HSat3	G7	chr19	121	0				
k16_2f53c4f5	HSat3	G7	chr20	126	126	0.0	0.015873015873015872	0.014333529095895883	0.0
k16_2f53c4f5	HSat3	G7	chr21	0	0				
k16_2f53c4f5	HSat3	G7	chr22	0	0				
k16_2f53c4f5	HSat3	G7	chrX	80	0				
k16_2f53c4f5	HSat3	G7	chrY	0	0				
k16_2f53c4f5	HSat3	NA	chr1	73	71	0.0	0.0	0.0	0.0
k16_2f53c4f5	HSat3	NA	chr2	92	92	0.0	0.0	0.0	0.0
k16_2f53c4f5	HSat3	NA	chr3	80	80	0.0	0.0	0.0	0.0
k16_2f53c4f5	HSat3	NA	chr4	93	93	0.0	0.0	0.0	0.0
k16_2f53c4f5	HSat3	NA	chr5	115	114	5.5	8.166666666666666	15.637761582924437	0.40350877192982454
k16_2f53c4f5	HSat3	NA	chr6	101	0				
k16_2f53c4f5	HSat3	NA	chr7	60	60	0.0	0.0	0.0	0.0
k16_2f53c4f5	HSat3	NA	chr8	127	0				
k16_2f53c4f5	HSat3	NA	chr9	98	97	26.0	27.711340206185568	1.8909251191598684	0.9587628865979382
k16_2f53c4f5	HSat3	NA	chr10	119	118	0.0	0.0	0.0	0.0
k16_2f53c4f5	HSat3	NA	chr11	130	0				
k16_2f53c4f5	HSat3	NA	chr12	126	0				
k16_2f53c4f5	HSat3	NA	chr13	0	0				
k16_2f53c4f5	HSat3	NA	chr14	0	0				
k16_2f53c4f5	HSat3	NA	chr15	0	0				
k16_2f53c4f5	HSat3	NA	chr16	103	102	0.0	0.0	0.0	0.0
k16_2f53c4f5	HSat3	NA	chr17	65	65	0.0	0.0	0.0	0.0
k16_2f53c4f5	HSat3	NA	chr18	84	0				
k16_2f53c4f5	HSat3	NA	chr19	128	0				
k16_2f53c4f5	HSat3	NA	chr20	84	84	0.0	0.07142857142857142	0.06851818719924727	0.0
k16_2f53c4f5	HSat3	NA	chr21	0	0				
k16_2f53c4f5	HSat3	NA	chr22	0	0				
k16_2f53c4f5	HSat3	NA	chrX	91	0				
k16_2f53c4f5	HSat3	NA	chrY	1	1	1.0	1.0	0.06330177634279684	0.0
k16_34d83a51	HSat2	G1	chr1	102	102	5.0	5.4411764705882355	0.45988344828236133	0.0
k16_34d83a51	HSat2	G1	chr2	128	128	0.0	0.0078125	0.011790159032503323	0.0
k16_34d83a51	HSat2	G1	chr3	107	0				
k16_34d83a51	HSat2	G1	chr4	124	0				
k16_34d83a51	HSat2	G1	chr5	153	0				
k16_34d83a51	HSat2	G1	chr6	131	0				
k16_34d83a51	HSat2	G1	chr7	158	158	2.0	1.9240506329113924	6.109392163510807	0.0
k16_34d83a51	HSat2	G1	chr8	153	0				
k16_34d83a51	HSat2	G1	chr9	132	125	0.0	0.0	0.0	0.0
k16_34d83a51	HSat2	G1	chr10	158	158	133.5	143.31645569620252	310.3846402314556	1.0
k16_34d83a51	HSat2	G1	chr11	156	0				
k16_34d83a51	HSat2	G1	chr12	156	0				
k16_34d83a51	HSat2	G1	chr13	0	0				
k16_34d83a51	HSat2	G1	chr14	0	0				
k16_34d83a51	HSat2	G1	chr15	0	0				
k16_34d83a51	HSat2	G1	chr16	127	127	2.0	2.7244094488188977	0.3039710540418655	0.0
k16_34d83a51	HSat2	G1	chr17	109	109	0.0	0.0	0.0	0.0
k16_34d83a51	HSat2	G1	chr18	103	0				
k16_34d83a51	HSat2	G1	chr19	151	0				
k16_34d83a51	HSat2	G1	chr20	142	0				
k16_34d83a51	HSat2	G1	chr21	0	0				
k16_34d83a51	HSat2	G1	chr22	0	0				
k16_34d83a51	HSat2	G1	chrX	98	0				
k16_34d83a51	HSat2	G1	chrY	1	1	0.0	0.0	0.0	0.0
k16_34d83a51	HSat2	G2	chr1	25	25	5.0	5.04	0.4263242863090371	0.04
k16_34d83a51	HSat2	G2	chr2	31	31	0.0	0.0	0.0	0.0
k16_34d83a51	HSat2	G2	chr3	23	0				
k16_34d83a51	HSat2	G2	chr4	31	0				
k16_34d83a51	HSat2	G2	chr5	42	0				
k16_34d83a51	HSat2	G2	chr6	35	0				
k16_34d83a51	HSat2	G2	chr7	42	42	2.0	1.9285714285714286	6.106205917999082	0.0
k16_34d83a51	HSat2	G2	chr8	41	0				
k16_34d83a51	HSat2	G2	chr9	33	30	0.0	0.0	0.0	0.0
k16_34d83a51	HSat2	G2	chr10	42	42	25.0	72.14285714285714	304.2371499465426	0.9285714285714286
k16_34d83a51	HSat2	G2	chr11	41	0				
k16_34d83a51	HSat2	G2	chr12	40	0				
k16_34d83a51	HSat2	G2	chr13	0	0				
k16_34d83a51	HSat2	G2	chr14	0	0				
k16_34d83a51	HSat2	G2	chr15	0	0				
k16_34d83a51	HSat2	G2	chr16	32	32	2.0	2.8125	0.32050821720213685	0.0
k16_34d83a51	HSat2	G2	chr17	29	28	0.0	0.0	0.0	0.0
k16_34d83a51	HSat2	G2	chr18	30	0				
k16_34d83a51	HSat2	G2	chr19	41	0				
k16_34d83a51	HSat2	G2	chr20	42	0				
k16_34d83a51	HSat2	G2	chr21	0	0				
k16_34d83a51	HSat2	G2	chr22	0	0				
k16_34d83a51	HSat2	G2	chrX	29	0				
k16_34d83a51	HSat2	G2	chrY	0	0				
k16_34d83a51	HSat2	G3	chr1	186	186	5.0	5.731182795698925	0.4590699528274832	0.05913978494623656
k16_34d83a51	HSat2	G3	chr2	239	239	0.0	0.0	0.0	0.0
k16_34d83a51	HSat2	G3	chr3	204	0				
k16_34d83a51	HSat2	G3	chr4	211	0				
k16_34d83a51	HSat2	G3	chr5	283	0				
k16_34d83a51	HSat2	G3	chr6	222	0				
k16_34d83a51	HSat2	G3	chr7	289	289	2.0	1.9688581314878892	6.24460031386305	0.0
k16_34d83a51	HSat2	G3	chr8	274	0				
k16_34d83a51	HSat2	G3	chr9	228	224	0.0	0.0	0.0	0.0
k16_34d83a51	HSat2	G3	chr10	289	289	292.0	349.43252595155707	333.19434343526063	1.0
k16_34d83a51	HSat2	G3	chr11	286	0				
k16_34d83a51	HSat2	G3	chr12	286	0				
k16_34d83a51	HSat2	G3	chr13	0	0				
k16_34d83a51	HSat2	G3	chr14	0	0				
k16_34d83a51	HSat2	G3	chr15	0	0				
k16_34d83a51	HSat2	G3	chr16	242	242	2.0	2.644628099173554	0.30654970894142136	0.0
k16_34d83a51	HSat2	G3	chr17	172	172	0.0	0.0	0.0	0.0
k16_34d83a51	HSat2	G3	chr18	182	0				
k16_34d83a51	HSat2	G3	chr19	277	0				
k16_34d83a51	HSat2	G3	chr20	268	0				
k16_34d83a51	HSat2	G3	chr21	0	0				
k16_34d83a51	HSat2	G3	chr22	0	0				
k16_34d83a51	HSat2	G3	chrX	203	0				
k16_34d83a51	HSat2	G3	chrY	3	3	0.0	0.0	0.0	0.0
k16_34d83a51	HSat2	NA	chr1	45	44	5.0	5.545454545454546	0.47217129588178464	0.045454545454545456
k16_34d83a51	HSat2	NA	chr2	58	58	0.0	0.017241379310344827	0.02462959005352724	0.0
k16_34d83a51	HSat2	NA	chr3	53	0				
k16_34d83a51	HSat2	NA	chr4	65	0				
k16_34d83a51	HSat2	NA	chr5	79	0				
k16_34d83a51	HSat2	NA	chr6	64	0				
k16_34d83a51	HSat2	NA	chr7	13	13	2.0	1.9230769230769231	6.2321790839095605	0.0
k16_34d83a51	HSat2	NA	chr8	80	0				
k16_34d83a51	HSat2	NA	chr9	66	65	0.0	0.0	0.0	0.0
k16_34d83a51	HSat2	NA	chr10	72	71	226.0	237.30985915492957	323.3709528515017	0.9859154929577465
k16_34d83a51	HSat2	NA	chr11	84	0				
k16_34d83a51	HSat2	NA	chr12	79	0				
k16_34d83a51	HSat2	NA	chr13	0	0				
k16_34d83a51	HSat2	NA	chr14	0	0				
k16_34d83a51	HSat2	NA	chr15	0	0				
k16_34d83a51	HSat2	NA	chr16	68	67	2.0	2.716417910447761	0.3024977176713409	0.0
k16_34d83a51	HSat2	NA	chr17	47	47	0.0	0.0	0.0	0.0
k16_34d83a51	HSat2	NA	chr18	53	0				
k16_34d83a51	HSat2	NA	chr19	82	0				
k16_34d83a51	HSat2	NA	chr20	74	0				
k16_34d83a51	HSat2	NA	chr21	0	0				
k16_34d83a51	HSat2	NA	chr22	0	0				
k16_34d83a51	HSat2	NA	chrX	63	0				
k16_34d83a51	HSat2	NA	chrY	0	0				
k16_360e8045	HSat2	G1	chr1	102	102	3600.5	3600.0686274509803	304.2746331412992	1.0
k16_360e8045	HSat2	G1	chr2	128	128	0.0	0.578125	0.8724717684052459	0.0
k16_360e8045	HSat2	G1	chr3	107	0				
k16_360e8045	HSat2	G1	chr4	124	0				
k16_360e8045	HSat2	G1	chr5	153	0				
k16_360e8045	HSat2	G1	chr6	131	0				
k16_360e8045	HSat2	G1	chr7	158	158	6.0	5.8734177215189876	18.649723446506673	0.0
k16_360e8045	HSat2	G1	chr8	153	0				
k16_360e8045	HSat2	G1	chr9	132	125	0.0	0.0	0.0	0.0
k16_360e8045	HSat2	G1	chr10	158	158	62.0	57.87341772151899	125.3381536069789	1.0
k16_360e8045	HSat2	G1	chr11	156	0				
k16_360e8045	HSat2	G1	chr12	156	0				
k16_360e8045	HSat2	G1	chr13	0	0				
k16_360e8045	HSat2	G1	chr14	0	0				
k16_360e8045	HSat2	G1	chr15	0	0				
k16_360e8045	HSat2	G1	chr16	127	127	6.0	6.05511811023622	0.6755888455439149	0.0
k16_360e8045	HSat2	G1	chr17	109	109	1.0	0.9908256880733946	11.907027284953024	0.0
k16_360e8045	HSat2	G1	chr18	103	0				
k16_360e8045	HSat2	G1	chr19	151	0				
k16_360e8045	HSat2	G1	chr20	142	0				
k16_360e8045	HSat2	G1	chr21	0	0				
k16_360e8045	HSat2	G1	chr22	0	0				
k16_360e8045	HSat2	G1	chrX	98	0				
k16_360e8045	HSat2	G1	chrY	1	1	0.0	0.0	0.0	0.0
k16_360e8045	HSat2	G2	chr1	25	25	3335.0	3599.64	304.4868956288616	1.0
k16_360e8045	HSat2	G2	chr2	31	31	0.0	0.6451612903225806	0.9149574499037922	0.0
k16_360e8045	HSat2	G2	chr3	23	0				
k16_360e8045	HSat2	G2	chr4	31	0				
k16_360e8045	HSat2	G2	chr5	42	0				
k16_360e8045	HSat2	G2	chr6	35	0				
k16_360e8045	HSat2	G2	chr7	42	42	6.0	5.761904761904762	18.243232495750345	0.0
k16_360e8045	HSat2	G2	chr8	41	0				
k16_360e8045	HSat2	G2	chr9	33	30	0.0	0.0	0.0	0.0
k16_360e8045	HSat2	G2	chr10	42	42	35.5	106.54761904761905	449.32714389794666	0.9761904761904762
k16_360e8045	HSat2	G2	chr11	41	0				
k16_360e8045	HSat2	G2	chr12	40	0				
k16_360e8045	HSat2	G2	chr13	0	0				
k16_360e8045	HSat2	G2	chr14	0	0				
k16_360e8045	HSat2	G2	chr15	0	0				
k16_360e8045	HSat2	G2	chr16	32	32	6.0	5.96875	0.6801896609512015	0.0
k16_360e8045	HSat2	G2	chr17	29	28	1.0	1.0	11.927760371294141	0.0
k16_360e8045	HSat2	G2	chr18	30	0				
k16_360e8045	HSat2	G2	chr19	41	0				
k16_360e8045	HSat2	G2	chr20	42	0				
k16_360e8045	HSat2	G2	chr21	0	0				
k16_360e8045	HSat2	G2	chr22	0	0				
k16_360e8045	HSat2	G2	chrX	29	0				
k16_360e8045	HSat2	G2	chrY	0	0				
k16_360e8045	HSat2	G3	chr1	186	186	3676.0	3856.94623655914	308.9428814247785	1.0
k16_360e8045	HSat2	G3	chr2	239	239	0.0	0.47280334728033474	0.6930903923521536	0.0
k16_360e8045	HSat2	G3	chr3	204	0				
k16_360e8045	HSat2	G3	chr4	211	0				
k16_360e8045	HSat2	G3	chr5	283	0				
k16_360e8045	HSat2	G3	chr6	222	0				
k16_360e8045	HSat2	G3	chr7	289	289	6.0	5.833910034602076	18.503332388704923	0.0
k16_360e8045	HSat2	G3	chr8	274	0				
k16_360e8045	HSat2	G3	chr9	228	224	0.0	0.0	0.0	0.0
k16_360e8045	HSat2	G3	chr10	289	289	61.0	65.60207612456747	62.553537690265046	1.0
k16_360e8045	HSat2	G3	chr11	286	0				
k16_360e8045	HSat2	G3	chr12	286	0				
k16_360e8045	HSat2	G3	chr13	0	0				
k16_360e8045	HSat2	G3	chr14	0	0				
k16_360e8045	HSat2	G3	chr15	0	0				
k16_360e8045	HSat2	G3	chr16	242	242	6.0	5.975206611570248	0.6926107486395239	0.004132231404958678
k16_360e8045	HSat2	G3	chr17	172	172	1.0	0.9593023255813954	11.505565276789733	0.0
k16_360e8045	HSat2	G3	chr18	182	0				
k16_360e8045	HSat2	G3	chr19	277	0				
k16_360e8045	HSat2	G3	chr20	268	0				
k16_360e8045	HSat2	G3	chr21	0	0				
k16_360e8045	HSat2	G3	chr22	0	0				
k16_360e8045	HSat2	G3	chrX	203	0				
k16_360e8045	HSat2	G3	chrY	3	3	0.0	0.0	0.0	0.0
k16_360e8045	HSat2	NA	chr1	45	44	3583.5	3648.7954545454545	310.67903704890523	1.0
k16_360e8045	HSat2	NA	chr2	58	58	0.0	0.3620689655172414	0.5172213911240721	0.0
k16_360e8045	HSat2	NA	chr3	53	0				
k16_360e8045	HSat2	NA	chr4	65	0				
k16_360e8045	HSat2	NA	chr5	79	0				
k16_360e8045	HSat2	NA	chr6	64	0				
k16_360e8045	HSat2	NA	chr7	13	13	6.0	5.615384615384615	18.19796292501592	0.0
k16_360e8045	HSat2	NA	chr8	80	0				
k16_360e8045	HSat2	NA	chr9	66	65	0.0	0.0	0.0	0.0
k16_360e8045	HSat2	NA	chr10	72	71	59.0	65.56338028169014	89.34012615132889	1.0
k16_360e8045	HSat2	NA	chr11	84	0				
k16_360e8045	HSat2	NA	chr12	79	0				
k16_360e8045	HSat2	NA	chr13	0	0				
k16_360e8045	HSat2	NA	chr14	0	0				
k16_360e8045	HSat2	NA	chr15	0	0				
k16_360e8045	HSat2	NA	chr16	68	67	6.0	6.029850746268656	0.671478450215504	0.0
k16_360e8045	HSat2	NA	chr17	47	47	1.0	0.9787234042553191	11.77064539216336	0.0
k16_360e8045	HSat2	NA	chr18	53	0				
k16_360e8045	HSat2	NA	chr19	82	0				
k16_360e8045	HSat2	NA	chr20	74	0				
k16_360e8045	HSat2	NA	chr21	0	0				
k16_360e8045	HSat2	NA	chr22	0	0				
k16_360e8045	HSat2	NA	chrX	63	0				
k16_360e8045	HSat2	NA	chrY	0	0				
k16_360e8560	HSat2	G1	chr1	102	102	9966.0	10102.970588235294	853.894185775348	1.0
k16_360e8560	HSat2	G1	chr2	128	128	17.5	22.734375	34.309362784584664	0.9453125
k16_360e8560	HSat2	G1	chr3	107	0				
k16_360e8560	HSat2	G1	chr4	124	0				
k16_360e8560	HSat2	G1	chr5	153	0				
k16_360e8560	HSat2	G1	chr6	131	0				
k16_360e8560	HSat2	G1	chr7	158	158	10.0	9.905063291139241	31.451311631231626	0.689873417721519
k16_360e8560	HSat2	G1	chr8	153	0				
k16_360e8560	HSat2	G1	chr9	132	125	2.0	2.336	61.42015169936098	0.0
k16_360e8560	HSat2	G1	chr10	158	158	19.0	22.50632911392405	48.7426152916029	0.8544303797468354
k16_360e8560	HSat2	G1	chr11	156	0				
k16_360e8560	HSat2	G1	chr12	156	0				
k16_360e8560	HSat2	G1	chr13	0	0				
k16_360e8560	HSat2	G1	chr14	0	0				
k16_360e8560	HSat2	G1	chr15	0	0				
k16_360e8560	HSat2	G1	chr16	127	127	16.0	16.64566929133858	1.8572104284523225	0.952755905511811
k16_360e8560	HSat2	G1	chr17	109	109	5.0	4.963302752293578	59.64538667740357	0.0
k16_360e8560	HSat2	G1	chr18	103	0				
k16_360e8560	HSat2	G1	chr19	151	0				
k16_360e8560	HSat2	G1	chr20	142	0				
k16_360e8560	HSat2	G1	chr21	0	0				
k16_360e8560	HSat2	G1	chr22	0	0				
k16_360e8560	HSat2	G1	chrX	98	0				
k16_360e8560	HSat2	G1	chrY	1	1	0.0	0.0	0.0	0.0
k16_360e8560	HSat2	G2	chr1	25	25	10220.0	9970.12	843.3540264713208	1.0
k16_360e8560	HSat2	G2	chr2	31	31	17.0	24.29032258064516	34.44814798887778	0.967741935483871
k16_360e8560	HSat2	G2	chr3	23	0				
k16_360e8560	HSat2	G2	chr4	31	0				
k16_360e8560	HSat2	G2	chr5	42	0				
k16_360e8560	HSat2	G2	chr6	35	0				
k16_360e8560	HSat2	G2	chr7	42	42	10.0	10.047619047619047	31.812578980192747	0.7380952380952381
k16_360e8560	HSat2	G2	chr8	41	0				
k16_360e8560	HSat2	G2	chr9	33	30	2.0	2.2333333333333334	57.225437475657834	0.0
k16_360e8560	HSat2	G2	chr10	42	42	0.0	0.38095238095238093	1.6065328049982448	0.0
k16_360e8560	HSat2	G2	chr11	41	0				
k16_360e8560	HSat2	G2	chr12	40	0				
k16_360e8560	HSat2	G2	chr13	0	0				
k16_360e8560	HSat2	G2	chr14	0	0				
k16_360e8560	HSat2	G2	chr15	0	0				
k16_360e8560	HSat2	G2	chr16	32	32	16.5	17.46875	1.9907121490666053	0.9375
k16_360e8560	HSat2	G2	chr17	29	28	5.0	5.107142857142857	60.916776181966505	0.0
k16_360e8560	HSat2	G2	chr18	30	0				
k16_360e8560	HSat2	G2	chr19	41	0				
k16_360e8560	HSat2	G2	chr20	42	0				
k16_360e8560	HSat2	G2	chr21	0	0				
k16_360e8560	HSat2	G2	chr22	0	0				
k16_360e8560	HSat2	G2	chrX	29	0				
k16_360e8560	HSat2	G2	chrY	0	0				
k16_360e8560	HSat2	G3	chr1	186	186	10354.0	10689.467741935483	856.2304897557862	1.0
k16_360e8560	HSat2	G3	chr2	239	239	21.0	24.769874476987447	36.31057630729867	0.9623430962343096
k16_360e8560	HSat2	G3	chr3	204	0				
k16_360e8560	HSat2	G3	chr4	211	0				
k16_360e8560	HSat2	G3	chr5	283	0				
k16_360e8560	HSat2	G3	chr6	222	0				
k16_360e8560	HSat2	G3	chr7	289	289	10.0	10.038062283737025	31.837584377006515	0.71280276816609
k16_360e8560	HSat2	G3	chr8	274	0				
k16_360e8560	HSat2	G3	chr9	228	224	2.0	2.34375	60.82833594760004	0.0
k16_360e8560	HSat2	G3	chr10	289	289	124.0	152.61245674740485	145.52053271950734	1.0
k16_360e8560	HSat2	G3	chr11	286	0				
k16_360e8560	HSat2	G3	chr12	286	0				
k16_360e8560	HSat2	G3	chr13	0	0				
k16_360e8560	HSat2	G3	chr14	0	0				
k16_360e8560	HSat2	G3	chr15	0	0				
k16_360e8560	HSat2	G3	chr16	242	242	16.0	16.487603305785125	1.9111458416816738	0.9504132231404959
k16_360e8560	HSat2	G3	chr17	172	172	5.0	4.936046511627907	59.201363151481715	0.005813953488372093
k16_360e8560	HSat2	G3	chr18	182	0				
k16_360e8560	HSat2	G3	chr19	277	0				
k16_360e8560	HSat2	G3	chr20	268	0				
k16_360e8560	HSat2	G3	chr21	0	0				
k16_360e8560	HSat2	G3	chr22	0	0				
k16_360e8560	HSat2	G3	chrX	203	0				
k16_360e8560	HSat2	G3	chrY	3	3	0.0	0.0	0.0	0.0
k16_360e8560	HSat2	NA	chr1	45	44	9496.5	10072.40909090909	857.6217538387893	1.0
k16_360e8560	HSat2	NA	chr2	58	58	24.0	26.482758620689655	37.83105032221785	0.9827586206896551
k16_360e8560	HSat2	NA	chr3	53	0				
k16_360e8560	HSat2	NA	chr4	65	0				
k16_360e8560	HSat2	NA	chr5	79	0				
k16_360e8560	HSat2	NA	chr6	64	0				
k16_360e8560	HSat2	NA	chr7	13	13	10.0	10.0	32.40733123632972	0.6153846153846154
k16_360e8560	HSat2	NA	chr8	80	0				
k16_360e8560	HSat2	NA	chr9	66	65	2.0	2.3230769230769233	60.51534224231385	0.0
k16_360e8560	HSat2	NA	chr10	72	71	74.0	87.30985915492958	118.97302728508869	0.8873239436619719
k16_360e8560	HSat2	NA	chr11	84	0				
k16_360e8560	HSat2	NA	chr12	79	0				
k16_360e8560	HSat2	NA	chr13	0	0				
k16_360e8560	HSat2	NA	chr14	0	0				
k16_360e8560	HSat2	NA	chr15	0	0				
k16_360e8560	HSat2	NA	chr16	68	67	15.0	17.029850746268657	1.8964279992472528	0.9253731343283582
k16_360e8560	HSat2	NA	chr17	47	47	5.0	4.914893617021277	59.10911055629861	0.0
k16_360e8560	HSat2	NA	chr18	53	0				
k16_360e8560	HSat2	NA	chr19	82	0				
k16_360e8560	HSat2	NA	chr20	74	0				
k16_360e8560	HSat2	NA	chr21	0	0				
k16_360e8560	HSat2	NA	chr22	0	0				
k16_360e8560	HSat2	NA	chrX	63	0				
k16_360e8560	HSat2	NA	chrY	0	0				
k16_390e83a8	HSat3	G1	chr1	40	39	3.0	3.230769230769231	4.066292180520137	0.0
k16_390e83a8	HSat3	G1	chr2	53	53	0.0	0.0	0.0	0.0
k16_390e83a8	HSat3	G1	chr3	35	35	3.0	3.4	17.19602734197248	0.0
k16_390e83a8	HSat3	G1	chr4	48	48	3.0	4.75	22.548277791222134	0.041666666666666664
k16_390e83a8	HSat3	G1	chr5	59	59	0.0	0.03389830508474576	0.08957012743097244	0.0
k16_390e83a8	HSat3	G1	chr6	40	0				
k16_390e83a8	HSat3	G1	chr7	59	59	3.0	3.288135593220339	7.381707003763605	0.0
k16_390e83a8	HSat3	G1	chr8	53	0				
k16_390e83a8	HSat3	G1	chr9	49	49	452.0	486.0204081632653	34.03171110708939	1.0
k16_390e83a8	HSat3	G1	chr10	59	59	2.0	2.016949152542373	3.115611194029714	0.0
k16_390e83a8	HSat3	G1	chr11	57	0				
k16_390e83a8	HSat3	G1	chr12	58	0				
k16_390e83a8	HSat3	G1	chr13	0	0				
k16_390e83a8	HSat3	G1	chr14	0	0				
k16_390e83a8	HSat3	G1	chr15	0	0				
k16_390e83a8	HSat3	G1	chr16	45	43	0.0	0.0	0.0	0.0
k16_390e83a8	HSat3	G1	chr17	42	42	8.0	7.833333333333333	8.777751234047772	0.023809523809523808
k16_390e83a8	HSat3	G1	chr18	44	0				
k16_390e83a8	HSat3	G1	chr19	55	0				
k16_390e83a8	HSat3	G1	chr20	59	59	87.0	79.76271186440678	61.68731290956326	1.0
k16_390e83a8	HSat3	G1	chr21	0	0				
k16_390e83a8	HSat3	G1	chr22	0	0				
k16_390e83a8	HSat3	G1	chrX	44	1	6.0	6.0	14.03643390360245	0.0
k16_390e83a8	HSat3	G1	chrY	0	0				
k16_390e83a8	HSat3	G2	chr1	35	35	3.0	3.8	5.416812964738625	0.05714285714285714
k16_390e83a8	HSat3	G2	chr2	41	39	0.0	0.0	0.0	0.0
k16_390e83a8	HSat3	G2	chr3	47	47	3.0	3.0	16.6661820471887	0.0
k16_390e83a8	HSat3	G2	chr4	39	39	3.0	5.794871794871795	26.13060841190534	0.1794871794871795
k16_390e83a8	HSat3	G2	chr5	54	54	0.0	0.037037037037037035	0.11084295122239546	0.0
k16_390e83a8	HSat3	G2	chr6	44	0				
k16_390e83a8	HSat3	G2	chr7	54	54	3.0	2.9074074074074074	7.248498902821961	0.0
k16_390e83a8	HSat3	G2	chr8	53	0				
k16_390e83a8	HSat3	G2	chr9	47	47	463.0	475.6170212765957	34.291912137162704	0.9574468085106383
k16_390e83a8	HSat3	G2	chr10	54	54	2.0	1.6666666666666667	2.6044360027278284	0.0
k16_390e83a8	HSat3	G2	chr11	54	0				
k16_390e83a8	HSat3	G2	chr12	53	0				
k16_390e83a8	HSat3	G2	chr13	0	0				
k16_390e83a8	HSat3	G2	chr14	0	0				
k16_390e83a8	HSat3	G2	chr15	0	0				
k16_390e83a8	HSat3	G2	chr16	49	47	0.0	0.0	0.0	0.0
k16_390e83a8	HSat3	G2	chr17	37	37	6.0	6.594594594594595	8.413793393579084	0.0
k16_390e83a8	HSat3	G2	chr18	35	0				
k16_390e83a8	HSat3	G2	chr19	54	0				
k16_390e83a8	HSat3	G2	chr20	54	54	5.0	6.166666666666667	9.525606216874024	0.14814814814814814
k16_390e83a8	HSat3	G2	chr21	0	0				
k16_390e83a8	HSat3	G2	chr22	0	0				
k16_390e83a8	HSat3	G2	chrX	38	0				
k16_390e83a8	HSat3	G2	chrY	0	0				
k16_390e83a8	HSat3	G3	chr1	38	38	3.0	3.3157894736842106	4.072547850255519	0.0
k16_390e83a8	HSat3	G3	chr2	57	56	0.0	0.0	0.0	0.0
k16_390e83a8	HSat3	G3	chr3	49	48	3.0	3.0	16.948520164678413	0.0
k16_390e83a8	HSat3	G3	chr4	58	58	3.5	5.637931034482759	26.19468385700138	0.08620689655172414
k16_390e83a8	HSat3	G3	chr5	70	70	0.0	0.014285714285714285	0.041433163170094406	0.0
k16_390e83a8	HSat3	G3	chr6	57	0				
k16_390e83a8	HSat3	G3	chr7	70	70	3.0	3.057142857142857	7.923067165913691	0.0
k16_390e83a8	HSat3	G3	chr8	66	0				
k16_390e83a8	HSat3	G3	chr9	58	58	458.5	472.67241379310343	32.65433770770635	1.0
k16_390e83a8	HSat3	G3	chr10	70	70	2.0	1.8714285714285714	2.9850286457932196	0.0
k16_390e83a8	HSat3	G3	chr11	69	0				
k16_390e83a8	HSat3	G3	chr12	70	0				
k16_390e83a8	HSat3	G3	chr13	0	0				
k16_390e83a8	HSat3	G3	chr14	0	0				
k16_390e83a8	HSat3	G3	chr15	0	0				
k16_390e83a8	HSat3	G3	chr16	60	60	0.0	0.0	0.0	0.0
k16_390e83a8	HSat3	G3	chr17	44	44	6.5	6.909090909090909	8.736347911721158	0.0
k16_390e83a8	HSat3	G3	chr18	38	0				
k16_390e83a8	HSat3	G3	chr19	66	0				
k16_390e83a8	HSat3	G3	chr20	70	70	6.0	6.2	5.613923907607696	0.014285714285714285
k16_390e83a8	HSat3	G3	chr21	0	0				
k16_390e83a8	HSat3	G3	chr22	0	0				
k16_390e83a8	HSat3	G3	chrX	52	0				
k16_390e83a8	HSat3	G3	chrY	1	1	41.0	41.0	2.367042227744679	1.0
k16_390e83a8	HSat3	G4	chr1	23	22	3.0	3.1363636363636362	3.5474272515212295	0.0
k16_390e83a8	HSat3	G4	chr2	31	31	0.0	0.0	0.0	0.0
k16_390e83a8	HSat3	G4	chr3	28	28	3.0	3.0357142857142856	17.09566735451587	0.0
k16_390e83a8	HSat3	G4	chr4	28	28	3.0	5.857142857142857	26.929923085512357	0.21428571428571427
k16_390e83a8	HSat3	G4	chr5	39	39	0.0	0.6410256410256411	1.0154403802458665	0.0
k16_390e83a8	HSat3	G4	chr6	30	0				
k16_390e83a8	HSat3	G4	chr7	39	39	3.0	3.2051282051282053	7.256107146116172	0.02564102564102564
k16_390e83a8	HSat3	G4	chr8	36	0				
k16_390e83a8	HSat3	G4	chr9	27	27	475.0	470.55555555555554	33.142842292955756	1.0
k16_390e83a8	HSat3	G4	chr10	39	39	2.0	2.0256410256410255	3.2075767021929473	0.0
k16_390e83a8	HSat3	G4	chr11	39	0				
k16_390e83a8	HSat3	G4	chr12	37	0				
k16_390e83a8	HSat3	G4	chr13	0	0				
k16_390e83a8	HSat3	G4	chr14	0	0				
k16_390e83a8	HSat3	G4	chr15	0	0				
k16_390e83a8	HSat3	G4	chr16	29	29	0.0	0.0	0.0	0.0
k16_390e83a8	HSat3	G4	chr17	25	25	8.0	7.68	8.569393722981582	0.04
k16_390e83a8	HSat3	G4	chr18	27	0				
k16_390e83a8	HSat3	G4	chr19	35	0				
k16_390e83a8	HSat3	G4	chr20	39	39	6.0	8.692307692307692	10.012855443076829	0.23076923076923078
k16_390e83a8	HSat3	G4	chr21	0	0				
k16_390e83a8	HSat3	G4	chr22	0	0				
k16_390e83a8	HSat3	G4	chrX	30	0				
k16_390e83a8	HSat3	G4	chrY	1	1	29.0	29.0	3.3527856561817737	1.0
k16_390e83a8	HSat3	G5	chr1	31	30	3.0	3.466666666666667	4.233966893554368	0.03333333333333333
k16_390e83a8	HSat3	G5	chr2	39	39	0.0	0.0	0.0	0.0
k16_390e83a8	HSat3	G5	chr3	26	26	3.0	3.0384615384615383	17.207823678618844	0.0
k16_390e83a8	HSat3	G5	chr4	40	40	3.0	5.175	24.194738894936272	0.1
k16_390e83a8	HSat3	G5	chr5	47	47	0.0	0.0	0.0	0.0
k16_390e83a8	HSat3	G5	chr6	37	0				
k16_390e83a8	HSat3	G5	chr7	47	47	3.0	3.382978723404255	7.415071547978731	0.0
k16_390e83a8	HSat3	G5	chr8	45	0				
k16_390e83a8	HSat3	G5	chr9	40	40	468.0	483.75	32.23585716238714	1.0
k16_390e83a8	HSat3	G5	chr10	47	47	2.0	1.9361702127659575	3.0903392768028777	0.0
k16_390e83a8	HSat3	G5	chr11	46	0				
k16_390e83a8	HSat3	G5	chr12	44	0				
k16_390e83a8	HSat3	G5	chr13	0	0				
k16_390e83a8	HSat3	G5	chr14	0	0				
k16_390e83a8	HSat3	G5	chr15	0	0				
k16_390e83a8	HSat3	G5	chr16	33	33	0.0	0.0	0.0	0.0
k16_390e83a8	HSat3	G5	chr17	39	39	8.0	7.589743589743589	8.434325836927325	0.02564102564102564
k16_390e83a8	HSat3	G5	chr18	39	0				
k16_390e83a8	HSat3	G5	chr19	46	0				
k16_390e83a8	HSat3	G5	chr20	47	47	58.0	63.95744680851064	54.961360755529654	1.0
k16_390e83a8	HSat3	G5	chr21	0	0				
k16_390e83a8	HSat3	G5	chr22	0	0				
k16_390e83a8	HSat3	G5	chrX	28	0				
k16_390e83a8	HSat3	G5	chrY	1	1	43.0	43.0	1.9813076068066489	1.0
k16_390e83a8	HSat3	G6	chr1	34	34	3.0	3.0588235294117645	3.807286296654084	0.0
k16_390e83a8	HSat3	G6	chr2	39	38	0.0	0.0	0.0	0.0
k16_390e83a8	HSat3	G6	chr3	34	34	3.0	3.0294117647058822	16.43091756305564	0.0
k16_390e83a8	HSat3	G6	chr4	34	34	3.0	5.9411764705882355	27.04564850243424	0.14705882352941177
k16_390e83a8	HSat3	G6	chr5	47	47	0.0	0.0	0.0	0.0
k16_390e83a8	HSat3	G6	chr6	40	0				
k16_390e83a8	HSat3	G6	chr7	47	47	3.0	3.1702127659574466	8.094214043939413	0.0
k16_390e83a8	HSat3	G6	chr8	47	0				
k16_390e83a8	HSat3	G6	chr9	39	39	441.0	449.3333333333333	34.018585162189964	1.0
k16_390e83a8	HSat3	G6	chr10	47	47	2.0	1.7872340425531914	2.803974259649819	0.0
k16_390e83a8	HSat3	G6	chr11	47	0				
k16_390e83a8	HSat3	G6	chr12	47	0				
k16_390e83a8	HSat3	G6	chr13	0	0				
k16_390e83a8	HSat3	G6	chr14	0	0				
k16_390e83a8	HSat3	G6	chr15	0	0				
k16_390e83a8	HSat3	G6	chr16	41	41	0.0	0.0	0.0	0.0
k16_390e83a8	HSat3	G6	chr17	28	28	6.5	6.892857142857143	8.44093521188606	0.0
k16_390e83a8	HSat3	G6	chr18	25	0				
k16_390e83a8	HSat3	G6	chr19	46	0				
k16_390e83a8	HSat3	G6	chr20	47	47	5.0	5.382978723404255	9.20345380520981	0.02127659574468085
k16_390e83a8	HSat3	G6	chr21	0	0				
k16_390e83a8	HSat3	G6	chr22	0	0				
k16_390e83a8	HSat3	G6	chrX	30	0				
k16_390e83a8	HSat3	G6	chrY	0	0				
k16_390e83a8	HSat3	G7	chr1	84	81	3.0	3.037037037037037	4.114896542719125	0.0
k16_390e83a8	HSat3	G7	chr2	104	103	0.0	0.0	0.0	0.0
k16_390e83a8	HSat3	G7	chr3	88	86	3.0	2.953488372093023	16.451030786614457	0.0
k16_390e83a8	HSat3	G7	chr4	91	91	5.0	6.0989010989010985	27.79754213631574	0.16483516483516483
k16_390e83a8	HSat3	G7	chr5	126	126	0.0	0.007936507936507936	0.01158476289500537	0.0
k16_390e83a8	HSat3	G7	chr6	103	0				
k16_390e83a8	HSat3	G7	chr7	126	126	3.0	2.8968253968253967	7.75274413157626	0.0
k16_390e83a8	HSat3	G7	chr8	121	0				
k16_390e83a8	HSat3	G7	chr9	101	101	445.0	456.84158415841586	32.20068685702981	1.0
k16_390e83a8	HSat3	G7	chr10	126	126	2.0	1.8015873015873016	2.8164658933858973	0.0
k16_390e83a8	HSat3	G7	chr11	125	0				
k16_390e83a8	HSat3	G7	chr12	126	0				
k16_390e83a8	HSat3	G7	chr13	0	0				
k16_390e83a8	HSat3	G7	chr14	0	0				
k16_390e83a8	HSat3	G7	chr15	0	0				
k16_390e83a8	HSat3	G7	chr16	109	109	0.0	0.0	0.0	0.0
k16_390e83a8	HSat3	G7	chr17	77	77	6.0	6.623376623376624	8.492157209744894	0.0
k16_390e83a8	HSat3	G7	chr18	76	0				
k16_390e83a8	HSat3	G7	chr19	121	0				
k16_390e83a8	HSat3	G7	chr20	126	126	6.0	6.119047619047619	5.5255754664678625	0.0
k16_390e83a8	HSat3	G7	chr21	0	0				
k16_390e83a8	HSat3	G7	chr22	0	0				
k16_390e83a8	HSat3	G7	chrX	80	0				
k16_390e83a8	HSat3	G7	chrY	0	0				
k16_390e83a8	HSat3	NA	chr1	73	71	3.0	2.859154929577465	3.926388000401227	0.0
k16_390e83a8	HSat3	NA	chr2	92	92	0.0	0.0	0.0	0.0
k16_390e83a8	HSat3	NA	chr3	80	80	3.0	3.0375	16.374422532067925	0.0
k16_390e83a8	HSat3	NA	chr4	93	93	3.0	5.419354838709677	25.570725659142532	0.13978494623655913
k16_390e83a8	HSat3	NA	chr5	115	114	0.0	0.09649122807017543	0.18476410033530483	0.0
k16_390e83a8	HSat3	NA	chr6	101	0				
k16_390e83a8	HSat3	NA	chr7	60	60	3.0	3.2	8.652712695282599	0.0
k16_390e83a8	HSat3	NA	chr8	127	0				
k16_390e83a8	HSat3	NA	chr9	98	97	466.0	468.4226804123711	31.96352851163205	1.0
k16_390e83a8	HSat3	NA	chr10	119	118	2.0	1.8983050847457628	2.9434571474491613	0.0
k16_390e83a8	HSat3	NA	chr11	130	0				
k16_390e83a8	HSat3	NA	chr12	126	0				
k16_390e83a8	HSat3	NA	chr13	0	0				
k16_390e83a8	HSat3	NA	chr14	0	0				
k16_390e83a8	HSat3	NA	chr15	0	0				
k16_390e83a8	HSat3	NA	chr16	103	102	0.0	0.0	0.0	0.0
k16_390e83a8	HSat3	NA	chr17	65	65	8.0	7.153846153846154	8.688165160786546	0.015384615384615385
k16_390e83a8	HSat3	NA	chr18	84	0				
k16_390e83a8	HSat3	NA	chr19	128	0				
k16_390e83a8	HSat3	NA	chr20	84	84	6.0	21.964285714285715	21.069342563768533	0.23809523809523808
k16_390e83a8	HSat3	NA	chr21	0	0				
k16_390e83a8	HSat3	NA	chr22	0	0				
k16_390e83a8	HSat3	NA	chrX	91	0				
k16_390e83a8	HSat3	NA	chrY	1	1	37.0	37.0	2.342165724683483	1.0
k16_3a0d0662	HSat3	G1	chr1	40	39	17.0	23.897435897435898	30.07765327178387	1.0
k16_3a0d0662	HSat3	G1	chr2	53	53	0.0	0.0	0.0	0.0
k16_3a0d0662	HSat3	G1	chr3	35	35	1.0	1.0571428571428572	5.346663963470436	0.02857142857142857
k16_3a0d0662	HSat3	G1	chr4	48	48	1.0	1.1041666666666667	5.2414856269069	0.0
k16_3a0d0662	HSat3	G1	chr5	59	59	20.0	26.305084745762713	69.50641888643462	1.0
k16_3a0d0662	HSat3	G1	chr6	40	0				
k16_3a0d0662	HSat3	G1	chr7	59	59	37.0	34.813559322033896	78.15477415324972	1.0
k16_3a0d0662	HSat3	G1	chr8	53	0				
k16_3a0d0662	HSat3	G1	chr9	49	49	8912.0	8724.65306122449	610.9102982141327	1.0
k16_3a0d0662	HSat3	G1	chr10	59	59	13.0	14.932203389830509	23.06599547848889	0.9152542372881356
k16_3a0d0662	HSat3	G1	chr11	57	0				
k16_3a0d0662	HSat3	G1	chr12	58	0				
k16_3a0d0662	HSat3	G1	chr13	0	0				
k16_3a0d0662	HSat3	G1	chr14	0	0				
k16_3a0d0662	HSat3	G1	chr15	0	0				
k16_3a0d0662	HSat3	G1	chr16	45	43	0.0	0.0	0.0	0.0
k16_3a0d0662	HSat3	G1	chr17	42	42	10.0	8.785714285714286	9.844955031500389	0.5238095238095238
k16_3a0d0662	HSat3	G1	chr18	44	0				
k16_3a0d0662	HSat3	G1	chr19	55	0				
k16_3a0d0662	HSat3	G1	chr20	59	59	45.0	42.101694915254235	32.560834098460504	1.0
k16_3a0d0662	HSat3	G1	chr21	0	0				
k16_3a0d0662	HSat3	G1	chr22	0	0				
k16_3a0d0662	HSat3	G1	chrX	44	1	5.0	5.0	11.697028253002044	0.0
k16_3a0d0662	HSat3	G1	chrY	0	0				
k16_3a0d0662	HSat3	G2	chr1	35	35	25.0	28.114285714285714	40.0762703556602	1.0
k16_3a0d0662	HSat3	G2	chr2	41	39	0.0	0.0	0.0	0.0
k16_3a0d0662	HSat3	G2	chr3	47	47	1.0	0.8936170212765957	4.9643946523540805	0.0
k16_3a0d0662	HSat3	G2	chr4	39	39	1.0	1.0769230769230769	4.856130766814267	0.0
k16_3a0d0662	HSat3	G2	chr5	54	54	19.5	29.555555555555557	88.45267507547159	0.9814814814814815
k16_3a0d0662	HSat3	G2	chr6	44	0				
k16_3a0d0662	HSat3	G2	chr7	54	54	38.0	33.888888888888886	84.48887256155534	0.9629629629629629
k16_3a0d0662	HSat3	G2	chr8	53	0				
k16_3a0d0662	HSat3	G2	chr9	47	47	8274.0	8504.340425531915	613.1616018999947	0.9574468085106383
k16_3a0d0662	HSat3	G2	chr10	54	54	13.5	14.518518518518519	22.687531401540195	0.8333333333333334
k16_3a0d0662	HSat3	G2	chr11	54	0				
k16_3a0d0662	HSat3	G2	chr12	53	0				
k16_3a0d0662	HSat3	G2	chr13	0	0				
k16_3a0d0662	HSat3	G2	chr14	0	0				
k16_3a0d0662	HSat3	G2	chr15	0	0				
k16_3a0d0662	HSat3	G2	chr16	49	47	0.0	0.0	0.0	0.0
k16_3a0d0662	HSat3	G2	chr17	37	37	8.0	8.405405405405405	10.724138300832356	0.2972972972972973
k16_3a0d0662	HSat3	G2	chr18	35	0				
k16_3a0d0662	HSat3	G2	chr19	54	0				
k16_3a0d0662	HSat3	G2	chr20	54	54	36.0	41.77777777777778	64.53383671251592	1.0
k16_3a0d0662	HSat3	G2	chr21	0	0				
k16_3a0d0662	HSat3	G2	chr22	0	0				
k16_3a0d0662	HSat3	G2	chrX	38	0				
k16_3a0d0662	HSat3	G2	chrY	0	0				
k16_3a0d0662	HSat3	G3	chr1	38	38	19.5	26.0	31.933946635336927	1.0
k16_3a0d0662	HSat3	G3	chr2	57	56	0.0	0.0	0.0	0.0
k16_3a0d0662	HSat3	G3	chr3	49	48	1.0	0.875	4.943318381364537	0.0
k16_3a0d0662	HSat3	G3	chr4	58	58	1.0	1.0172413793103448	4.726257943617986	0.0
k16_3a0d0662	HSat3	G3	chr5	70	70	19.5	34.47142857142857	99.97822272943779	1.0
k16_3a0d0662	HSat3	G3	chr6	57	0				
k16_3a0d0662	HSat3	G3	chr7	70	70	37.0	33.34285714285714	86.41326525814279	1.0
k16_3a0d0662	HSat3	G3	chr8	66	0				
k16_3a0d0662	HSat3	G3	chr9	58	58	8971.5	8995.5	621.4496261638155	1.0
k16_3a0d0662	HSat3	G3	chr10	70	70	13.0	13.685714285714285	21.82944612725118	0.9
k16_3a0d0662	HSat3	G3	chr11	69	0				
k16_3a0d0662	HSat3	G3	chr12	70	0				
k16_3a0d0662	HSat3	G3	chr13	0	0				
k16_3a0d0662	HSat3	G3	chr14	0	0				
k16_3a0d0662	HSat3	G3	chr15	0	0				
k16_3a0d0662	HSat3	G3	chr16	60	60	0.0	0.0	0.0	0.0
k16_3a0d0662	HSat3	G3	chr17	44	44	8.0	8.909090909090908	11.26529072827202	0.4090909090909091
k16_3a0d0662	HSat3	G3	chr18	38	0				
k16_3a0d0662	HSat3	G3	chr19	66	0				
k16_3a0d0662	HSat3	G3	chr20	70	70	71.0	72.24285714285715	65.41385530131825	1.0
k16_3a0d0662	HSat3	G3	chr21	0	0				
k16_3a0d0662	HSat3	G3	chr22	0	0				
k16_3a0d0662	HSat3	G3	chrX	52	0				
k16_3a0d0662	HSat3	G3	chrY	1	1	0.0	0.0	0.0	0.0
k16_3a0d0662	HSat3	G4	chr1	23	22	20.0	21.863636363636363	24.729166782343643	1.0
k16_3a0d0662	HSat3	G4	chr2	31	31	0.0	0.0	0.0	0.0
k16_3a0d0662	HSat3	G4	chr3	28	28	1.0	0.75	4.223635464056863	0.0
k16_3a0d0662	HSat3	G4	chr4	28	28	1.0	1.0357142857142858	4.761998594389381	0.0
k16_3a0d0662	HSat3	G4	chr5	39	39	24.0	33.48717948717949	53.04660546404407	1.0
k16_3a0d0662	HSat3	G4	chr6	30	0				
k16_3a0d0662	HSat3	G4	chr7	39	39	38.0	37.69230769230769	85.33182003832619	1.0
k16_3a0d0662	HSat3	G4	chr8	36	0				
k16_3a0d0662	HSat3	G4	chr9	27	27	8758.0	8657.0	609.7422128857289	1.0
k16_3a0d0662	HSat3	G4	chr10	39	39	13.0	14.564102564102564	23.062070466399923	0.9487179487179487
k16_3a0d0662	HSat3	G4	chr11	39	0				
k16_3a0d0662	HSat3	G4	chr12	37	0				
k16_3a0d0662	HSat3	G4	chr13	0	0				
k16_3a0d0662	HSat3	G4	chr14	0	0				
k16_3a0d0662	HSat3	G4	chr15	0	0				
k16_3a0d0662	HSat3	G4	chr16	29	29	0.0	0.0	0.0	0.0
k16_3a0d0662	HSat3	G4	chr17	25	25	10.0	9.24	10.310051822962217	0.68
k16_3a0d0662	HSat3	G4	chr18	27	0				
k16_3a0d0662	HSat3	G4	chr19	35	0				
k16_3a0d0662	HSat3	G4	chr20	39	39	62.0	59.8974358974359	68.99713957235242	1.0
k16_3a0d0662	HSat3	G4	chr21	0	0				
k16_3a0d0662	HSat3	G4	chr22	0	0				
k16_3a0d0662	HSat3	G4	chrX	30	0				
k16_3a0d0662	HSat3	G4	chrY	1	1	0.0	0.0	0.0	0.0
k16_3a0d0662	HSat3	G5	chr1	31	30	15.5	22.866666666666667	27.927897009406692	1.0
k16_3a0d0662	HSat3	G5	chr2	39	39	0.0	0.0	0.0	0.0
k16_3a0d0662	HSat3	G5	chr3	26	26	1.0	0.6538461538461539	3.7029493991964597	0.0
k16_3a0d0662	HSat3	G5	chr4	40	40	1.0	1.1	5.142843050131382	0.0
k16_3a0d0662	HSat3	G5	chr5	47	47	15.0	15.53191489361702	23.05360104353862	0.9361702127659575
k16_3a0d0662	HSat3	G5	chr6	37	0				
k16_3a0d0662	HSat3	G5	chr7	47	47	37.0	34.97872340425532	76.66904166589329	1.0
k16_3a0d0662	HSat3	G5	chr8	45	0				
k16_3a0d0662	HSat3	G5	chr9	40	40	9191.0	9203.875	613.3225836495421	1.0
k16_3a0d0662	HSat3	G5	chr10	47	47	13.0	13.46808510638298	21.49653584852991	0.8936170212765957
k16_3a0d0662	HSat3	G5	chr11	46	0				
k16_3a0d0662	HSat3	G5	chr12	44	0				
k16_3a0d0662	HSat3	G5	chr13	0	0				
k16_3a0d0662	HSat3	G5	chr14	0	0				
k16_3a0d0662	HSat3	G5	chr15	0	0				
k16_3a0d0662	HSat3	G5	chr16	33	33	0.0	0.0	0.0	0.0
k16_3a0d0662	HSat3	G5	chr17	39	39	9.0	9.23076923076923	10.257963855722423	0.46153846153846156
k16_3a0d0662	HSat3	G5	chr18	39	0				
k16_3a0d0662	HSat3	G5	chr19	46	0				
k16_3a0d0662	HSat3	G5	chr20	47	47	45.0	40.95744680851064	35.1964801910827	1.0
k16_3a0d0662	HSat3	G5	chr21	0	0				
k16_3a0d0662	HSat3	G5	chr22	0	0				
k16_3a0d0662	HSat3	G5	chrX	28	0				
k16_3a0d0662	HSat3	G5	chrY	1	1	0.0	0.0	0.0	0.0
k16_3a0d0662	HSat3	G6	chr1	34	34	15.0	21.529411764705884	26.797438164911437	1.0
k16_3a0d0662	HSat3	G6	chr2	39	38	0.0	0.0	0.0	0.0
k16_3a0d0662	HSat3	G6	chr3	34	34	1.0	0.8235294117647058	4.466657201607358	0.0
k16_3a0d0662	HSat3	G6	chr4	34	34	1.0	1.0294117647058822	4.686127215768309	0.0
k16_3a0d0662	HSat3	G6	chr5	47	47	16.0	16.340425531914892	23.582494775540862	0.9148936170212766
k16_3a0d0662	HSat3	G6	chr6	40	0				
k16_3a0d0662	HSat3	G6	chr7	47	47	34.0	31.70212765957447	80.94214043939414	0.9787234042553191
k16_3a0d0662	HSat3	G6	chr8	47	0				
k16_3a0d0662	HSat3	G6	chr9	39	39	7643.0	8084.641025641025	612.0802282711514	1.0
k16_3a0d0662	HSat3	G6	chr10	47	47	14.0	15.042553191489361	23.600116685385977	0.9787234042553191
k16_3a0d0662	HSat3	G6	chr11	47	0				
k16_3a0d0662	HSat3	G6	chr12	47	0				
k16_3a0d0662	HSat3	G6	chr13	0	0				
k16_3a0d0662	HSat3	G6	chr14	0	0				
k16_3a0d0662	HSat3	G6	chr15	0	0				
k16_3a0d0662	HSat3	G6	chr16	41	41	0.0	0.0	0.0	0.0
k16_3a0d0662	HSat3	G6	chr17	28	28	8.0	8.428571428571429	10.321558082928034	0.32142857142857145
k16_3a0d0662	HSat3	G6	chr18	25	0				
k16_3a0d0662	HSat3	G6	chr19	46	0				
k16_3a0d0662	HSat3	G6	chr20	47	47	35.0	32.08510638297872	54.85694995358258	0.9574468085106383
k16_3a0d0662	HSat3	G6	chr21	0	0				
k16_3a0d0662	HSat3	G6	chr22	0	0				
k16_3a0d0662	HSat3	G6	chrX	30	0				
k16_3a0d0662	HSat3	G6	chrY	0	0				
k16_3a0d0662	HSat3	G7	chr1	84	81	23.0	25.19753086419753	34.14025952719403	1.0
k16_3a0d0662	HSat3	G7	chr2	104	103	0.0	0.0	0.0	0.0
k16_3a0d0662	HSat3	G7	chr3	88	86	1.0	0.8372093023255814	4.663284317465515	0.0
k16_3a0d0662	HSat3	G7	chr4	91	91	1.0	1.032967032967033	4.70805218164627	0.0
k16_3a0d0662	HSat3	G7	chr5	126	126	15.0	15.992063492063492	23.343297233435823	0.9047619047619048
k16_3a0d0662	HSat3	G7	chr6	103	0				
k16_3a0d0662	HSat3	G7	chr7	126	126	35.0	32.53968253968254	87.08561901222649	1.0
k16_3a0d0662	HSat3	G7	chr8	121	0				
k16_3a0d0662	HSat3	G7	chr9	101	101	8272.0	8794.643564356436	619.894451939456	1.0
k16_3a0d0662	HSat3	G7	chr10	126	126	13.0	13.96031746031746	21.824508839056357	0.9206349206349206
k16_3a0d0662	HSat3	G7	chr11	125	0				
k16_3a0d0662	HSat3	G7	chr12	126	0				
k16_3a0d0662	HSat3	G7	chr13	0	0				
k16_3a0d0662	HSat3	G7	chr14	0	0				
k16_3a0d0662	HSat3	G7	chr15	0	0				
k16_3a0d0662	HSat3	G7	chr16	109	109	0.0	0.0	0.0	0.0
k16_3a0d0662	HSat3	G7	chr17	77	77	8.0	8.532467532467532	10.939896640789009	0.35064935064935066
k16_3a0d0662	HSat3	G7	chr18	76	0				
k16_3a0d0662	HSat3	G7	chr19	121	0				
k16_3a0d0662	HSat3	G7	chr20	126	126	74.0	74.25396825396825	67.05224911060093	1.0
k16_3a0d0662	HSat3	G7	chr21	0	0				
k16_3a0d0662	HSat3	G7	chr22	0	0				
k16_3a0d0662	HSat3	G7	chrX	80	0				
k16_3a0d0662	HSat3	G7	chrY	0	0				
k16_3a0d0662	HSat3	NA	chr1	73	71	23.0	24.732394366197184	33.9642232941111	1.0
k16_3a0d0662	HSat3	NA	chr2	92	92	0.0	0.0	0.0	0.0
k16_3a0d0662	HSat3	NA	chr3	80	80	1.0	0.8125	4.379989566191009	0.0
k16_3a0d0662	HSat3	NA	chr4	93	93	1.0	1.053763440860215	4.97208554483327	0.0
k16_3a0d0662	HSat3	NA	chr5	115	114	18.5	23.394736842105264	44.796895963114366	0.9824561403508771
k16_3a0d0662	HSat3	NA	chr6	101	0				
k16_3a0d0662	HSat3	NA	chr7	60	60	35.5	32.21666666666667	87.11298770823576	0.9666666666666667
k16_3a0d0662	HSat3	NA	chr8	127	0				
k16_3a0d0662	HSat3	NA	chr9	98	97	8741.0	9150.061855670103	624.3682794125953	1.0
k16_3a0d0662	HSat3	NA	chr10	119	118	14.0	14.55084745762712	22.56212465254558	0.9661016949152542
k16_3a0d0662	HSat3	NA	chr11	130	0				
k16_3a0d0662	HSat3	NA	chr12	126	0				
k16_3a0d0662	HSat3	NA	chr13	0	0				
k16_3a0d0662	HSat3	NA	chr14	0	0				
k16_3a0d0662	HSat3	NA	chr15	0	0				
k16_3a0d0662	HSat3	NA	chr16	103	102	0.0	0.0	0.0	0.0
k16_3a0d0662	HSat3	NA	chr17	65	65	8.0	8.276923076923078	10.052113669899274	0.38461538461538464
k16_3a0d0662	HSat3	NA	chr18	84	0				
k16_3a0d0662	HSat3	NA	chr19	128	0				
k16_3a0d0662	HSat3	NA	chr20	84	84	61.5	57.07142857142857	54.74603157219857	0.9880952380952381
k16_3a0d0662	HSat3	NA	chr21	0	0				
k16_3a0d0662	HSat3	NA	chr22	0	0				
k16_3a0d0662	HSat3	NA	chrX	91	0				
k16_3a0d0662	HSat3	NA	chrY	1	1	0.0	0.0	0.0	0.0
k16_3a0e80c1	HSat3	G1	chr1	40	39	4.0	4.153846153846154	5.228089946383033	0.0
k16_3a0e80c1	HSat3	G1	chr2	53	53	0.0	0.0	0.0	0.0
k16_3a0e80c1	HSat3	G1	chr3	35	35	0.0	0.0	0.0	0.0
k16_3a0e80c1	HSat3	G1	chr4	48	48	0.0	0.041666666666666664	0.19779191044931696	0.0
k16_3a0e80c1	HSat3	G1	chr5	59	59	0.0	0.423728813559322	1.1196265928871556	0.01694915254237288
k16_3a0e80c1	HSat3	G1	chr6	40	0				
k16_3a0e80c1	HSat3	G1	chr7	59	59	2.0	1.9491525423728813	4.375754151715539	0.0
k16_3a0e80c1	HSat3	G1	chr8	53	0				
k16_3a0e80c1	HSat3	G1	chr9	49	49	114.0	113.14285714285714	7.922393717308569	1.0
k16_3a0e80c1	HSat3	G1	chr10	59	59	1.0	1.2033898305084745	1.8588940737488209	0.0
k16_3a0e80c1	HSat3	G1	chr11	57	0				
k16_3a0e80c1	HSat3	G1	chr12	58	0				
k16_3a0e80c1	HSat3	G1	chr13	0	0				
k16_3a0e80c1	HSat3	G1	chr14	0	0				
k16_3a0e80c1	HSat3	G1	chr15	0	0				
k16_3a0e80c1	HSat3	G1	chr16	45	43	0.0	0.0	0.0	0.0
k16_3a0e80c1	HSat3	G1	chr17	42	42	0.0	0.14285714285714285	0.16008056961789247	0.0
k16_3a0e80c1	HSat3	G1	chr18	44	0				
k16_3a0e80c1	HSat3	G1	chr19	55	0				
k16_3a0e80c1	HSat3	G1	chr20	59	59	30.0	25.47457627118644	19.701664110300374	0.711864406779661
k16_3a0e80c1	HSat3	G1	chr21	0	0				
k16_3a0e80c1	HSat3	G1	chr22	0	0				
k16_3a0e80c1	HSat3	G1	chrX	44	1	0.0	0.0	0.0	0.0
k16_3a0e80c1	HSat3	G1	chrY	0	0				
k16_3a0e80c1	HSat3	G2	chr1	35	35	4.0	4.228571428571429	6.027731720160275	0.0
k16_3a0e80c1	HSat3	G2	chr2	41	39	0.0	0.0	0.0	0.0
k16_3a0e80c1	HSat3	G2	chr3	47	47	0.0	0.0	0.0	0.0
k16_3a0e80c1	HSat3	G2	chr4	39	39	0.0	0.0	0.0	0.0
k16_3a0e80c1	HSat3	G2	chr5	54	54	0.0	0.018518518518518517	0.05542147561119773	0.0
k16_3a0e80c1	HSat3	G2	chr6	44	0				
k16_3a0e80c1	HSat3	G2	chr7	54	54	2.0	1.962962962962963	4.893890978975336	0.0
k16_3a0e80c1	HSat3	G2	chr8	53	0				
k16_3a0e80c1	HSat3	G2	chr9	47	47	110.0	114.53191489361703	8.25773297997436	0.9574468085106383
k16_3a0e80c1	HSat3	G2	chr10	54	54	1.0	1.0740740740740742	1.678414312869045	0.0
k16_3a0e80c1	HSat3	G2	chr11	54	0				
k16_3a0e80c1	HSat3	G2	chr12	53	0				
k16_3a0e80c1	HSat3	G2	chr13	0	0				
k16_3a0e80c1	HSat3	G2	chr14	0	0				
k16_3a0e80c1	HSat3	G2	chr15	0	0				
k16_3a0e80c1	HSat3	G2	chr16	49	47	0.0	0.0	0.0	0.0
k16_3a0e80c1	HSat3	G2	chr17	37	37	1.0	0.5405405405405406	0.6896551961950067	0.0
k16_3a0e80c1	HSat3	G2	chr18	35	0				
k16_3a0e80c1	HSat3	G2	chr19	54	0				
k16_3a0e80c1	HSat3	G2	chr20	54	54	4.5	3.7962962962962963	5.864111935312838	0.0
k16_3a0e80c1	HSat3	G2	chr21	0	0				
k16_3a0e80c1	HSat3	G2	chr22	0	0				
k16_3a0e80c1	HSat3	G2	chrX	38	0				
k16_3a0e80c1	HSat3	G2	chrY	0	0				
k16_3a0e80c1	HSat3	G3	chr1	38	38	4.0	4.342105263157895	5.3330983753346075	0.0
k16_3a0e80c1	HSat3	G3	chr2	57	56	0.0	0.0	0.0	0.0
k16_3a0e80c1	HSat3	G3	chr3	49	48	0.0	0.0	0.0	0.0
k16_3a0e80c1	HSat3	G3	chr4	58	58	0.0	0.0	0.0	0.0
k16_3a0e80c1	HSat3	G3	chr5	70	70	0.0	0.0	0.0	0.0
k16_3a0e80c1	HSat3	G3	chr6	57	0				
k16_3a0e80c1	HSat3	G3	chr7	70	70	2.0	1.8571428571428572	4.813078184900841	0.0
k16_3a0e80c1	HSat3	G3	chr8	66	0				
k16_3a0e80c1	HSat3	G3	chr9	58	58	121.0	120.55172413793103	8.328255672160598	1.0
k16_3a0e80c1	HSat3	G3	chr10	70	70	1.0	0.9714285714285714	1.5494805184270146	0.0
k16_3a0e80c1	HSat3	G3	chr11	69	0				
k16_3a0e80c1	HSat3	G3	chr12	70	0				
k16_3a0e80c1	HSat3	G3	chr13	0	0				
k16_3a0e80c1	HSat3	G3	chr14	0	0				
k16_3a0e80c1	HSat3	G3	chr15	0	0				
k16_3a0e80c1	HSat3	G3	chr16	60	60	0.0	0.0	0.0	0.0
k16_3a0e80c1	HSat3	G3	chr17	44	44	0.0	0.5227272727272727	0.6609736906894297	0.0
k16_3a0e80c1	HSat3	G3	chr18	38	0				
k16_3a0e80c1	HSat3	G3	chr19	66	0				
k16_3a0e80c1	HSat3	G3	chr20	70	70	0.0	0.1	0.09054715980012414	0.0
k16_3a0e80c1	HSat3	G3	chr21	0	0				
k16_3a0e80c1	HSat3	G3	chr22	0	0				
k16_3a0e80c1	HSat3	G3	chrX	52	0				
k16_3a0e80c1	HSat3	G3	chrY	1	1	0.0	0.0	0.0	0.0
k16_3a0e80c1	HSat3	G4	chr1	23	22	4.0	4.181818181818182	4.729903002028306	0.0
k16_3a0e80c1	HSat3	G4	chr2	31	31	0.0	0.0	0.0	0.0
k16_3a0e80c1	HSat3	G4	chr3	28	28	0.0	0.0	0.0	0.0
k16_3a0e80c1	HSat3	G4	chr4	28	28	0.0	0.0	0.0	0.0
k16_3a0e80c1	HSat3	G4	chr5	39	39	0.0	0.0	0.0	0.0
k16_3a0e80c1	HSat3	G4	chr6	30	0				
k16_3a0e80c1	HSat3	G4	chr7	39	39	2.0	2.230769230769231	5.0502505736968555	0.0
k16_3a0e80c1	HSat3	G4	chr8	36	0				
k16_3a0e80c1	HSat3	G4	chr9	27	27	123.0	115.88888888888889	8.162452068843649	1.0
k16_3a0e80c1	HSat3	G4	chr10	39	39	1.0	1.0	1.5834872327281637	0.0
k16_3a0e80c1	HSat3	G4	chr11	39	0				
k16_3a0e80c1	HSat3	G4	chr12	37	0				
k16_3a0e80c1	HSat3	G4	chr13	0	0				
k16_3a0e80c1	HSat3	G4	chr14	0	0				
k16_3a0e80c1	HSat3	G4	chr15	0	0				
k16_3a0e80c1	HSat3	G4	chr16	29	29	0.0	0.0	0.0	0.0
k16_3a0e80c1	HSat3	G4	chr17	25	25	0.0	0.2	0.22316129486931205	0.0
k16_3a0e80c1	HSat3	G4	chr18	27	0				
k16_3a0e80c1	HSat3	G4	chr19	35	0				
k16_3a0e80c1	HSat3	G4	chr20	39	39	1.0	3.128205128205128	3.6034465016382686	0.05128205128205128
k16_3a0e80c1	HSat3	G4	chr21	0	0				
k16_3a0e80c1	HSat3	G4	chr22	0	0				
k16_3a0e80c1	HSat3	G4	chrX	30	0				
k16_3a0e80c1	HSat3	G4	chrY	1	1	0.0	0.0	0.0	0.0
k16_3a0e80c1	HSat3	G5	chr1	31	30	4.0	4.566666666666666	5.577437157855273	0.0
k16_3a0e80c1	HSat3	G5	chr2	39	39	0.0	0.0	0.0	0.0
k16_3a0e80c1	HSat3	G5	chr3	26	26	0.0	0.0	0.0	0.0
k16_3a0e80c1	HSat3	G5	chr4	40	40	0.0	0.0	0.0	0.0
k16_3a0e80c1	HSat3	G5	chr5	47	47	0.0	0.0	0.0	0.0
k16_3a0e80c1	HSat3	G5	chr6	37	0				
k16_3a0e80c1	HSat3	G5	chr7	47	47	2.0	1.872340425531915	4.103938969950492	0.0
k16_3a0e80c1	HSat3	G5	chr8	45	0				
k16_3a0e80c1	HSat3	G5	chr9	40	40	123.0	121.225	8.078122551959446	1.0
k16_3a0e80c1	HSat3	G5	chr10	47	47	1.0	1.1063829787234043	1.7659081581730731	0.0
k16_3a0e80c1	HSat3	G5	chr11	46	0				
k16_3a0e80c1	HSat3	G5	chr12	44	0				
k16_3a0e80c1	HSat3	G5	chr13	0	0				
k16_3a0e80c1	HSat3	G5	chr14	0	0				
k16_3a0e80c1	HSat3	G5	chr15	0	0				
k16_3a0e80c1	HSat3	G5	chr16	33	33	0.0	0.0	0.0	0.0
k16_3a0e80c1	HSat3	G5	chr17	39	39	0.0	0.23076923076923078	0.25644909639306057	0.0
k16_3a0e80c1	HSat3	G5	chr18	39	0				
k16_3a0e80c1	HSat3	G5	chr19	46	0				
k16_3a0e80c1	HSat3	G5	chr20	47	47	16.0	17.95744680851064	15.431599626635737	0.574468085106383
k16_3a0e80c1	HSat3	G5	chr21	0	0				
k16_3a0e80c1	HSat3	G5	chr22	0	0				
k16_3a0e80c1	HSat3	G5	chrX	28	0				
k16_3a0e80c1	HSat3	G5	chrY	1	1	0.0	0.0	0.0	0.0
k16_3a0e80c1	HSat3	G6	chr1	34	34	4.0	4.0	4.9787590033168785	0.0
k16_3a0e80c1	HSat3	G6	chr2	39	38	0.0	0.0	0.0	0.0
k16_3a0e80c1	HSat3	G6	chr3	34	34	0.0	0.0	0.0	0.0
k16_3a0e80c1	HSat3	G6	chr4	34	34	0.0	0.0	0.0	0.0
k16_3a0e80c1	HSat3	G6	chr5	47	47	0.0	0.0	0.0	0.0
k16_3a0e80c1	HSat3	G6	chr6	40	0				
k16_3a0e80c1	HSat3	G6	chr7	47	47	2.0	1.9361702127659575	4.943446161063669	0.0
k16_3a0e80c1	HSat3	G6	chr8	47	0				
k16_3a0e80c1	HSat3	G6	chr9	39	39	109.0	112.92307692307692	8.54929519825865	1.0
k16_3a0e80c1	HSat3	G6	chr10	47	47	1.0	1.0425531914893618	1.6356516514623944	0.0
k16_3a0e80c1	HSat3	G6	chr11	47	0				
k16_3a0e80c1	HSat3	G6	chr12	47	0				
k16_3a0e80c1	HSat3	G6	chr13	0	0				
k16_3a0e80c1	HSat3	G6	chr14	0	0				
k16_3a0e80c1	HSat3	G6	chr15	0	0				
k16_3a0e80c1	HSat3	G6	chr16	41	41	0.0	0.0	0.0	0.0
k16_3a0e80c1	HSat3	G6	chr17	28	28	0.0	0.4642857142857143	0.5685604028731543	0.0
k16_3a0e80c1	HSat3	G6	chr18	25	0				
k16_3a0e80c1	HSat3	G6	chr19	46	0				
k16_3a0e80c1	HSat3	G6	chr20	47	47	5.0	4.340425531914893	7.420966704596052	0.0
k16_3a0e80c1	HSat3	G6	chr21	0	0				
k16_3a0e80c1	HSat3	G6	chr22	0	0				
k16_3a0e80c1	HSat3	G6	chrX	30	0				
k16_3a0e80c1	HSat3	G6	chrY	0	0				
k16_3a0e80c1	HSat3	G7	chr1	84	81	4.0	4.172839506172839	5.653800940809204	0.0
k16_3a0e80c1	HSat3	G7	chr2	104	103	0.0	0.0	0.0	0.0
k16_3a0e80c1	HSat3	G7	chr3	88	86	0.0	0.0	0.0	0.0
k16_3a0e80c1	HSat3	G7	chr4	91	91	0.0	0.01098901098901099	0.050085661506875205	0.0
k16_3a0e80c1	HSat3	G7	chr5	126	126	0.0	0.0	0.0	0.0
k16_3a0e80c1	HSat3	G7	chr6	103	0				
k16_3a0e80c1	HSat3	G7	chr7	126	126	2.0	1.7777777777777777	4.757848453350911	0.0
k16_3a0e80c1	HSat3	G7	chr8	121	0				
k16_3a0e80c1	HSat3	G7	chr9	101	101	118.0	119.23762376237623	8.40451814696712	1.0
k16_3a0e80c1	HSat3	G7	chr10	126	126	1.0	1.0158730158730158	1.5881393583849992	0.0
k16_3a0e80c1	HSat3	G7	chr11	125	0				
k16_3a0e80c1	HSat3	G7	chr12	126	0				
k16_3a0e80c1	HSat3	G7	chr13	0	0				
k16_3a0e80c1	HSat3	G7	chr14	0	0				
k16_3a0e80c1	HSat3	G7	chr15	0	0				
k16_3a0e80c1	HSat3	G7	chr16	109	109	0.0	0.0	0.0	0.0
k16_3a0e80c1	HSat3	G7	chr17	77	77	1.0	0.5584415584415584	0.7160054118020204	0.0
k16_3a0e80c1	HSat3	G7	chr18	76	0				
k16_3a0e80c1	HSat3	G7	chr19	121	0				
k16_3a0e80c1	HSat3	G7	chr20	126	126	0.0	0.07142857142857142	0.06450088093153146	0.0
k16_3a0e80c1	HSat3	G7	chr21	0	0				
k16_3a0e80c1	HSat3	G7	chr22	0	0				
k16_3a0e80c1	HSat3	G7	chrX	80	0				
k16_3a0e80c1	HSat3	G7	chrY	0	0				
k16_3a0e80c1	HSat3	NA	chr1	73	71	4.0	4.028169014084507	5.531758463619462	0.0
k16_3a0e80c1	HSat3	NA	chr2	92	92	0.0	0.0	0.0	0.0
k16_3a0e80c1	HSat3	NA	chr3	80	80	0.0	0.0	0.0	0.0
k16_3a0e80c1	HSat3	NA	chr4	93	93	0.0	0.010752688172043012	0.05073556678401296	0.0
k16_3a0e80c1	HSat3	NA	chr5	115	114	0.0	0.0	0.0	0.0
k16_3a0e80c1	HSat3	NA	chr6	101	0				
k16_3a0e80c1	HSat3	NA	chr7	60	60	2.0	1.8833333333333333	5.092481950869447	0.0
k16_3a0e80c1	HSat3	NA	chr8	127	0				
k16_3a0e80c1	HSat3	NA	chr9	98	97	112.0	119.96907216494846	8.186270688862868	1.0
k16_3a0e80c1	HSat3	NA	chr10	119	118	1.0	1.0338983050847457	1.6031329106642753	0.0
k16_3a0e80c1	HSat3	NA	chr11	130	0				
k16_3a0e80c1	HSat3	NA	chr12	126	0				
k16_3a0e80c1	HSat3	NA	chr13	0	0				
k16_3a0e80c1	HSat3	NA	chr14	0	0				
k16_3a0e80c1	HSat3	NA	chr15	0	0				
k16_3a0e80c1	HSat3	NA	chr16	103	102	0.0	0.0	0.0	0.0
k16_3a0e80c1	HSat3	NA	chr17	65	65	0.0	0.3384615384615385	0.41105297534904095	0.0
k16_3a0e80c1	HSat3	NA	chr18	84	0				
k16_3a0e80c1	HSat3	NA	chr19	128	0				
k16_3a0e80c1	HSat3	NA	chr20	84	84	0.0	4.083333333333333	3.9169563682236355	0.09523809523809523
k16_3a0e80c1	HSat3	NA	chr21	0	0				
k16_3a0e80c1	HSat3	NA	chr22	0	0				
k16_3a0e80c1	HSat3	NA	chrX	91	0				
k16_3a0e80c1	HSat3	NA	chrY	1	1	0.0	0.0	0.0	0.0
k16_3d4f91da	HSat3	G1	chr1	40	39	38.0	34.666666666666664	43.63196054018433	0.9487179487179487
k16_3d4f91da	HSat3	G1	chr2	53	53	2.0	1.6037735849056605	26.342711235228325	0.0
k16_3d4f91da	HSat3	G1	chr3	35	35	2.0	1.6285714285714286	8.236752592373373	0.0
k16_3d4f91da	HSat3	G1	chr4	48	48	0.0	0.0	0.0	0.0
k16_3d4f91da	HSat3	G1	chr5	59	59	179.0	209.77966101694915	554.304733606573	1.0
k16_3d4f91da	HSat3	G1	chr6	40	0				
k16_3d4f91da	HSat3	G1	chr7	59	59	26.0	29.694915254237287	66.6636632504837	0.9152542372881356
k16_3d4f91da	HSat3	G1	chr8	53	0				
k16_3d4f91da	HSat3	G1	chr9	49	49	11717.0	11708.122448979591	819.8162754026861	1.0
k16_3d4f91da	HSat3	G1	chr10	59	59	38.0	36.96610169491525	57.10208415276308	1.0
k16_3d4f91da	HSat3	G1	chr11	57	0				
k16_3d4f91da	HSat3	G1	chr12	58	0				
k16_3d4f91da	HSat3	G1	chr13	0	0				
k16_3d4f91da	HSat3	G1	chr14	0	0				
k16_3d4f91da	HSat3	G1	chr15	0	0				
k16_3d4f91da	HSat3	G1	chr16	45	43	0.0	0.0	0.0	0.0
k16_3d4f91da	HSat3	G1	chr17	42	42	8.5	8.928571428571429	10.00503560111828	0.38095238095238093
k16_3d4f91da	HSat3	G1	chr18	44	0				
k16_3d4f91da	HSat3	G1	chr19	55	0				
k16_3d4f91da	HSat3	G1	chr20	59	59	41.0	36.559322033898304	28.274444102407127	1.0
k16_3d4f91da	HSat3	G1	chr21	0	0				
k16_3d4f91da	HSat3	G1	chr22	0	0				
k16_3d4f91da	HSat3	G1	chrX	44	1	2.0	2.0	4.678811301200818	0.0
k16_3d4f91da	HSat3	G1	chrY	0	0				
k16_3d4f91da	HSat3	G2	chr1	35	35	29.0	28.514285714285716	40.64646119405374	1.0
k16_3d4f91da	HSat3	G2	chr2	41	39	2.0	1.7179487179487178	28.95432951496312	0.0
k16_3d4f91da	HSat3	G2	chr3	47	47	2.0	1.6808510638297873	9.337789941332675	0.0
k16_3d4f91da	HSat3	G2	chr4	39	39	0.0	0.0	0.0	0.0
k16_3d4f91da	HSat3	G2	chr5	54	54	170.5	167.11111111111111	500.1233959154483	1.0
k16_3d4f91da	HSat3	G2	chr6	44	0				
k16_3d4f91da	HSat3	G2	chr7	54	54	27.0	25.0	62.327856807704755	0.8333333333333334
k16_3d4f91da	HSat3	G2	chr8	53	0				
k16_3d4f91da	HSat3	G2	chr9	47	47	10980.0	11305.489361702128	815.1239979144001	0.9574468085106383
k16_3d4f91da	HSat3	G2	chr10	54	54	32.0	35.370370370370374	55.27191961344614	1.0
k16_3d4f91da	HSat3	G2	chr11	54	0				
k16_3d4f91da	HSat3	G2	chr12	53	0				
k16_3d4f91da	HSat3	G2	chr13	0	0				
k16_3d4f91da	HSat3	G2	chr14	0	0				
k16_3d4f91da	HSat3	G2	chr15	0	0				
k16_3d4f91da	HSat3	G2	chr16	49	47	0.0	0.0	0.0	0.0
k16_3d4f91da	HSat3	G2	chr17	37	37	5.0	7.324324324324325	9.34482790844234	0.21621621621621623
k16_3d4f91da	HSat3	G2	chr18	35	0				
k16_3d4f91da	HSat3	G2	chr19	54	0				
k16_3d4f91da	HSat3	G2	chr20	54	54	27.0	25.166666666666668	38.87477131751291	1.0
k16_3d4f91da	HSat3	G2	chr21	0	0				
k16_3d4f91da	HSat3	G2	chr22	0	0				
k16_3d4f91da	HSat3	G2	chrX	38	0				
k16_3d4f91da	HSat3	G2	chrY	0	0				
k16_3d4f91da	HSat3	G3	chr1	38	38	35.0	31.736842105263158	38.98010085244567	1.0
k16_3d4f91da	HSat3	G3	chr2	57	56	2.0	1.8571428571428572	30.90514942193998	0.0
k16_3d4f91da	HSat3	G3	chr3	49	48	2.0	1.5833333333333333	8.945052309135828	0.0
k16_3d4f91da	HSat3	G3	chr4	58	58	0.0	0.0	0.0	0.0
k16_3d4f91da	HSat3	G3	chr5	70	70	165.5	168.45714285714286	488.57986010175324	1.0
k16_3d4f91da	HSat3	G3	chr6	57	0				
k16_3d4f91da	HSat3	G3	chr7	70	70	21.0	21.614285714285714	56.0168253365767	0.8
k16_3d4f91da	HSat3	G3	chr8	66	0				
k16_3d4f91da	HSat3	G3	chr9	58	58	11853.0	11900.086206896553	822.111514045138	1.0
k16_3d4f91da	HSat3	G3	chr10	70	70	32.5	34.34285714285714	54.77869362203741	1.0
k16_3d4f91da	HSat3	G3	chr11	69	0				
k16_3d4f91da	HSat3	G3	chr12	70	0				
k16_3d4f91da	HSat3	G3	chr13	0	0				
k16_3d4f91da	HSat3	G3	chr14	0	0				
k16_3d4f91da	HSat3	G3	chr15	0	0				
k16_3d4f91da	HSat3	G3	chr16	60	60	0.0	0.0	0.0	0.0
k16_3d4f91da	HSat3	G3	chr17	44	44	6.5	7.340909090909091	9.28236965620373	0.20454545454545456
k16_3d4f91da	HSat3	G3	chr18	38	0				
k16_3d4f91da	HSat3	G3	chr19	66	0				
k16_3d4f91da	HSat3	G3	chr20	70	70	62.0	62.542857142857144	56.630780800706205	1.0
k16_3d4f91da	HSat3	G3	chr21	0	0				
k16_3d4f91da	HSat3	G3	chr22	0	0				
k16_3d4f91da	HSat3	G3	chrX	52	0				
k16_3d4f91da	HSat3	G3	chrY	1	1	1.0	1.0	0.05773273726206535	0.0
k16_3d4f91da	HSat3	G4	chr1	23	22	39.5	39.36363636363637	44.522782606049056	1.0
k16_3d4f91da	HSat3	G4	chr2	31	31	1.0	1.4838709677419355	25.271864832881555	0.0
k16_3d4f91da	HSat3	G4	chr3	28	28	2.0	1.5714285714285714	8.849521924690569	0.0
k16_3d4f91da	HSat3	G4	chr4	28	28	0.0	0.0	0.0	0.0
k16_3d4f91da	HSat3	G4	chr5	39	39	297.0	335.64102564102564	531.6845830967358	1.0
k16_3d4f91da	HSat3	G4	chr6	30	0				
k16_3d4f91da	HSat3	G4	chr7	39	39	25.0	25.743589743589745	58.28105259760509	0.9230769230769231
k16_3d4f91da	HSat3	G4	chr8	36	0				
k16_3d4f91da	HSat3	G4	chr9	27	27	11405.0	11672.703703703704	822.1485718673605	1.0
k16_3d4f91da	HSat3	G4	chr10	39	39	36.0	37.256410256410255	58.99504997830825	1.0
k16_3d4f91da	HSat3	G4	chr11	39	0				
k16_3d4f91da	HSat3	G4	chr12	37	0				
k16_3d4f91da	HSat3	G4	chr13	0	0				
k16_3d4f91da	HSat3	G4	chr14	0	0				
k16_3d4f91da	HSat3	G4	chr15	0	0				
k16_3d4f91da	HSat3	G4	chr16	29	29	0.0	0.0	0.0	0.0
k16_3d4f91da	HSat3	G4	chr17	25	25	8.0	8.76	9.774464715275869	0.28
k16_3d4f91da	HSat3	G4	chr18	27	0				
k16_3d4f91da	HSat3	G4	chr19	35	0				
k16_3d4f91da	HSat3	G4	chr20	39	39	30.0	35.53846153846154	40.93751517434951	1.0
k16_3d4f91da	HSat3	G4	chr21	0	0				
k16_3d4f91da	HSat3	G4	chr22	0	0				
k16_3d4f91da	HSat3	G4	chrX	30	0				
k16_3d4f91da	HSat3	G4	chrY	1	1	1.0	1.0	0.11561329848902668	0.0
k16_3d4f91da	HSat3	G5	chr1	31	30	38.0	34.3	41.891845514110045	0.9666666666666667
k16_3d4f91da	HSat3	G5	chr2	39	39	2.0	1.564102564102564	26.211857986731644	0.0
k16_3d4f91da	HSat3	G5	chr3	26	26	1.5	1.5769230769230769	8.930642668650286	0.0
k16_3d4f91da	HSat3	G5	chr4	40	40	0.0	0.0	0.0	0.0
k16_3d4f91da	HSat3	G5	chr5	47	47	393.0	365.25531914893617	542.1385878279829	1.0
k16_3d4f91da	HSat3	G5	chr6	37	0				
k16_3d4f91da	HSat3	G5	chr7	47	47	29.0	32.51063829787234	71.25930393277673	0.8936170212765957
k16_3d4f91da	HSat3	G5	chr8	45	0				
k16_3d4f91da	HSat3	G5	chr9	40	40	11991.5	12324.5	821.2730162229259	1.0
k16_3d4f91da	HSat3	G5	chr10	47	47	37.0	37.212765957446805	59.39564170470585	0.9574468085106383
k16_3d4f91da	HSat3	G5	chr11	46	0				
k16_3d4f91da	HSat3	G5	chr12	44	0				
k16_3d4f91da	HSat3	G5	chr13	0	0				
k16_3d4f91da	HSat3	G5	chr14	0	0				
k16_3d4f91da	HSat3	G5	chr15	0	0				
k16_3d4f91da	HSat3	G5	chr16	33	33	0.0	0.0	0.0	0.0
k16_3d4f91da	HSat3	G5	chr17	39	39	8.0	9.076923076923077	10.086997791460382	0.2564102564102564
k16_3d4f91da	HSat3	G5	chr18	39	0				
k16_3d4f91da	HSat3	G5	chr19	46	0				
k16_3d4f91da	HSat3	G5	chr20	47	47	37.0	34.4468085106383	29.601611132136565	1.0
k16_3d4f91da	HSat3	G5	chr21	0	0				
k16_3d4f91da	HSat3	G5	chr22	0	0				
k16_3d4f91da	HSat3	G5	chrX	28	0				
k16_3d4f91da	HSat3	G5	chrY	1	1	1.0	1.0	0.046076921088526714	0.0
k16_3d4f91da	HSat3	G6	chr1	34	34	35.0	32.794117647058826	40.818502122781766	1.0
k16_3d4f91da	HSat3	G6	chr2	39	38	2.0	1.763157894736842	30.8159606438788	0.0
k16_3d4f91da	HSat3	G6	chr3	34	34	2.0	1.7352941176470589	9.411884817672647	0.0
k16_3d4f91da	HSat3	G6	chr4	34	34	0.0	0.0	0.0	0.0
k16_3d4f91da	HSat3	G6	chr5	47	47	384.0	389.6595744680851	562.3565225511138	1.0
k16_3d4f91da	HSat3	G6	chr6	40	0				
k16_3d4f91da	HSat3	G6	chr7	47	47	23.0	24.106382978723403	61.54862088445205	0.7446808510638298
k16_3d4f91da	HSat3	G6	chr8	47	0				
k16_3d4f91da	HSat3	G6	chr9	39	39	10082.0	10731.871794871795	812.4994687022639	1.0
k16_3d4f91da	HSat3	G6	chr10	47	47	32.0	35.46808510638298	55.64553679566962	1.0
k16_3d4f91da	HSat3	G6	chr11	47	0				
k16_3d4f91da	HSat3	G6	chr12	47	0				
k16_3d4f91da	HSat3	G6	chr13	0	0				
k16_3d4f91da	HSat3	G6	chr14	0	0				
k16_3d4f91da	HSat3	G6	chr15	0	0				
k16_3d4f91da	HSat3	G6	chr16	41	41	0.0	0.0	0.0	0.0
k16_3d4f91da	HSat3	G6	chr17	28	28	6.0	8.535714285714286	10.452764329744916	0.2857142857142857
k16_3d4f91da	HSat3	G6	chr18	25	0				
k16_3d4f91da	HSat3	G6	chr19	46	0				
k16_3d4f91da	HSat3	G6	chr20	47	47	28.0	25.70212765957447	43.94376362329427	0.9574468085106383
k16_3d4f91da	HSat3	G6	chr21	0	0				
k16_3d4f91da	HSat3	G6	chr22	0	0				
k16_3d4f91da	HSat3	G6	chrX	30	0				
k16_3d4f91da	HSat3	G6	chrY	0	0				
k16_3d4f91da	HSat3	G7	chr1	84	81	34.0	28.864197530864196	39.10824437755006	1.0
k16_3d4f91da	HSat3	G7	chr2	104	103	2.0	1.8349514563106797	31.427172764979286	0.0
k16_3d4f91da	HSat3	G7	chr3	88	86	2.0	1.7209302325581395	9.585639985901338	0.0
k16_3d4f91da	HSat3	G7	chr4	91	91	0.0	0.01098901098901099	0.050085661506875205	0.0
k16_3d4f91da	HSat3	G7	chr5	126	126	381.0	380.0238095238095	554.7132017015422	1.0
k16_3d4f91da	HSat3	G7	chr6	103	0				
k16_3d4f91da	HSat3	G7	chr7	126	126	21.0	21.928571428571427	58.68721105628824	0.7380952380952381
k16_3d4f91da	HSat3	G7	chr8	121	0				
k16_3d4f91da	HSat3	G7	chr9	101	101	11147.0	11664.79207920792	822.1981755161033	1.0
k16_3d4f91da	HSat3	G7	chr10	126	126	33.0	34.11904761904762	53.33914923200869	0.9841269841269841
k16_3d4f91da	HSat3	G7	chr11	125	0				
k16_3d4f91da	HSat3	G7	chr12	126	0				
k16_3d4f91da	HSat3	G7	chr13	0	0				
k16_3d4f91da	HSat3	G7	chr14	0	0				
k16_3d4f91da	HSat3	G7	chr15	0	0				
k16_3d4f91da	HSat3	G7	chr16	109	109	0.0	0.0	0.0	0.0
k16_3d4f91da	HSat3	G7	chr17	77	77	6.0	7.805194805194805	10.007424476581729	0.2597402597402597
k16_3d4f91da	HSat3	G7	chr18	76	0				
k16_3d4f91da	HSat3	G7	chr19	121	0				
k16_3d4f91da	HSat3	G7	chr20	126	126	63.5	62.77777777777778	56.68910757426821	1.0
k16_3d4f91da	HSat3	G7	chr21	0	0				
k16_3d4f91da	HSat3	G7	chr22	0	0				
k16_3d4f91da	HSat3	G7	chrX	80	0				
k16_3d4f91da	HSat3	G7	chrY	0	0				
k16_3d4f91da	HSat3	NA	chr1	73	71	34.0	28.985915492957748	39.8054507626883	1.0
k16_3d4f91da	HSat3	NA	chr2	92	92	2.0	1.8043478260869565	31.215810695288933	0.0
k16_3d4f91da	HSat3	NA	chr3	80	80	2.0	1.7625	9.501208135891266	0.0
k16_3d4f91da	HSat3	NA	chr4	93	93	0.0	0.0	0.0	0.0
k16_3d4f91da	HSat3	NA	chr5	115	114	290.5	278.50877192982455	533.2963805132663	1.0
k16_3d4f91da	HSat3	NA	chr6	101	0				
k16_3d4f91da	HSat3	NA	chr7	60	60	21.0	20.833333333333332	56.33276494324609	0.7333333333333333
k16_3d4f91da	HSat3	NA	chr8	127	0				
k16_3d4f91da	HSat3	NA	chr9	98	97	11545.0	12104.907216494845	825.9966118730125	1.0
k16_3d4f91da	HSat3	NA	chr10	119	118	35.5	36.76271186440678	57.00320136443956	0.9915254237288136
k16_3d4f91da	HSat3	NA	chr11	130	0				
k16_3d4f91da	HSat3	NA	chr12	126	0				
k16_3d4f91da	HSat3	NA	chr13	0	0				
k16_3d4f91da	HSat3	NA	chr14	0	0				
k16_3d4f91da	HSat3	NA	chr15	0	0				
k16_3d4f91da	HSat3	NA	chr16	103	102	0.0	0.0	0.0	0.0
k16_3d4f91da	HSat3	NA	chr17	65	65	7.0	7.415384615384616	9.005797005374442	0.23076923076923078
k16_3d4f91da	HSat3	NA	chr18	84	0				
k16_3d4f91da	HSat3	NA	chr19	128	0				
k16_3d4f91da	HSat3	NA	chr20	84	84	50.5	45.51190476190476	43.65750494378705	0.9880952380952381
k16_3d4f91da	HSat3	NA	chr21	0	0				
k16_3d4f91da	HSat3	NA	chr22	0	0				
k16_3d4f91da	HSat3	NA	chrX	91	0				
k16_3d4f91da	HSat3	NA	chrY	1	1	1.0	1.0	0.06330177634279684	0.0
k16_3dab53d8	HSat2	G1	chr1	102	102	9958.0	10124.274509803921	855.694774483668	1.0
k16_3dab53d8	HSat2	G1	chr2	128	128	17.5	23.0	34.71022819168979	0.953125
k16_3dab53d8	HSat2	G1	chr3	107	0				
k16_3dab53d8	HSat2	G1	chr4	124	0				
k16_3dab53d8	HSat2	G1	chr5	153	0				
k16_3dab53d8	HSat2	G1	chr6	131	0				
k16_3dab53d8	HSat2	G1	chr7	158	158	12.0	12.373417721518987	39.28901868310404	0.9430379746835443
k16_3dab53d8	HSat2	G1	chr8	153	0				
k16_3dab53d8	HSat2	G1	chr9	132	125	2.0	2.344	61.630494684632765	0.0
k16_3dab53d8	HSat2	G1	chr10	158	158	19.0	22.430379746835442	48.57812952571447	0.8544303797468354
k16_3dab53d8	HSat2	G1	chr11	156	0				
k16_3dab53d8	HSat2	G1	chr12	156	0				
k16_3dab53d8	HSat2	G1	chr13	0	0				
k16_3dab53d8	HSat2	G1	chr14	0	0				
k16_3dab53d8	HSat2	G1	chr15	0	0				
k16_3dab53d8	HSat2	G1	chr16	127	127	16.0	16.590551181102363	1.8510607250468512	0.952755905511811
k16_3dab53d8	HSat2	G1	chr17	109	109	5.0	4.981651376146789	59.86588718268048	0.0
k16_3dab53d8	HSat2	G1	chr18	103	0				
k16_3dab53d8	HSat2	G1	chr19	151	0				
k16_3dab53d8	HSat2	G1	chr20	142	0				
k16_3dab53d8	HSat2	G1	chr21	0	0				
k16_3dab53d8	HSat2	G1	chr22	0	0				
k16_3dab53d8	HSat2	G1	chrX	98	0				
k16_3dab53d8	HSat2	G1	chrY	1	1	0.0	0.0	0.0	0.0
k16_3dab53d8	HSat2	G2	chr1	25	25	10209.0	9997.32	845.6548242069568	1.0
k16_3dab53d8	HSat2	G2	chr2	31	31	17.0	24.64516129032258	34.95137458632486	0.9354838709677419
k16_3dab53d8	HSat2	G2	chr3	23	0				
k16_3dab53d8	HSat2	G2	chr4	31	0				
k16_3dab53d8	HSat2	G2	chr5	42	0				
k16_3dab53d8	HSat2	G2	chr6	35	0				
k16_3dab53d8	HSat2	G2	chr7	42	42	12.0	12.642857142857142	40.0295721291051	0.9523809523809523
k16_3dab53d8	HSat2	G2	chr8	41	0				
k16_3dab53d8	HSat2	G2	chr9	33	30	2.0	2.2666666666666666	58.07954848275721	0.0
k16_3dab53d8	HSat2	G2	chr10	42	42	0.0	0.38095238095238093	1.6065328049982448	0.0
k16_3dab53d8	HSat2	G2	chr11	41	0				
k16_3dab53d8	HSat2	G2	chr12	40	0				
k16_3dab53d8	HSat2	G2	chr13	0	0				
k16_3dab53d8	HSat2	G2	chr14	0	0				
k16_3dab53d8	HSat2	G2	chr15	0	0				
k16_3dab53d8	HSat2	G2	chr16	32	32	16.5	17.375	1.980028541826534	0.96875
k16_3dab53d8	HSat2	G2	chr17	29	28	5.0	5.071428571428571	60.49078474013457	0.0
k16_3dab53d8	HSat2	G2	chr18	30	0				
k16_3dab53d8	HSat2	G2	chr19	41	0				
k16_3dab53d8	HSat2	G2	chr20	42	0				
k16_3dab53d8	HSat2	G2	chr21	0	0				
k16_3dab53d8	HSat2	G2	chr22	0	0				
k16_3dab53d8	HSat2	G2	chrX	29	0				
k16_3dab53d8	HSat2	G2	chrY	0	0				
k16_3dab53d8	HSat2	G3	chr1	186	186	10454.5	10710.430107526881	857.9095833262124	1.0
k16_3dab53d8	HSat2	G3	chr2	239	239	21.0	24.98326359832636	36.623387015351405	0.9623430962343096
k16_3dab53d8	HSat2	G3	chr3	204	0				
k16_3dab53d8	HSat2	G3	chr4	211	0				
k16_3dab53d8	HSat2	G3	chr5	283	0				
k16_3dab53d8	HSat2	G3	chr6	222	0				
k16_3dab53d8	HSat2	G3	chr7	289	289	12.0	12.602076124567475	39.969831885921316	0.986159169550173
k16_3dab53d8	HSat2	G3	chr8	274	0				
k16_3dab53d8	HSat2	G3	chr9	228	224	2.0	2.3660714285714284	61.40765343281528	0.0
k16_3dab53d8	HSat2	G3	chr10	289	289	117.0	144.75432525951558	138.02756979453284	1.0
k16_3dab53d8	HSat2	G3	chr11	286	0				
k16_3dab53d8	HSat2	G3	chr12	286	0				
k16_3dab53d8	HSat2	G3	chr13	0	0				
k16_3dab53d8	HSat2	G3	chr14	0	0				
k16_3dab53d8	HSat2	G3	chr15	0	0				
k16_3dab53d8	HSat2	G3	chr16	242	242	16.0	16.52892561983471	1.9159356808838834	0.9504132231404959
k16_3dab53d8	HSat2	G3	chr17	172	172	5.0	4.936046511627907	59.201363151481715	0.005813953488372093
k16_3dab53d8	HSat2	G3	chr18	182	0				
k16_3dab53d8	HSat2	G3	chr19	277	0				
k16_3dab53d8	HSat2	G3	chr20	268	0				
k16_3dab53d8	HSat2	G3	chr21	0	0				
k16_3dab53d8	HSat2	G3	chr22	0	0				
k16_3dab53d8	HSat2	G3	chrX	203	0				
k16_3dab53d8	HSat2	G3	chrY	3	3	0.0	0.0	0.0	0.0
k16_3dab53d8	HSat2	NA	chr1	45	44	9540.5	10096.84090909091	859.7020167202359	1.0
k16_3dab53d8	HSat2	NA	chr2	58	58	24.0	26.70689655172414	38.1512349929137	0.9827586206896551
k16_3dab53d8	HSat2	NA	chr3	53	0				
k16_3dab53d8	HSat2	NA	chr4	65	0				
k16_3dab53d8	HSat2	NA	chr5	79	0				
k16_3dab53d8	HSat2	NA	chr6	64	0				
k16_3dab53d8	HSat2	NA	chr7	13	13	12.0	12.692307692307692	41.1323819538031	1.0
k16_3dab53d8	HSat2	NA	chr8	80	0				
k16_3dab53d8	HSat2	NA	chr9	66	65	2.0	2.3384615384615386	60.91610609822322	0.0
k16_3dab53d8	HSat2	NA	chr10	72	71	70.0	83.02816901408451	113.1385700670427	0.8873239436619719
k16_3dab53d8	HSat2	NA	chr11	84	0				
k16_3dab53d8	HSat2	NA	chr12	79	0				
k16_3dab53d8	HSat2	NA	chr13	0	0				
k16_3dab53d8	HSat2	NA	chr14	0	0				
k16_3dab53d8	HSat2	NA	chr15	0	0				
k16_3dab53d8	HSat2	NA	chr16	68	67	15.0	16.850746268656717	1.876483094785406	0.9104477611940298
k16_3dab53d8	HSat2	NA	chr17	47	47	5.0	4.9361702127659575	59.36499415178042	0.0
k16_3dab53d8	HSat2	NA	chr18	53	0				
k16_3dab53d8	HSat2	NA	chr19	82	0				
k16_3dab53d8	HSat2	NA	chr20	74	0				
k16_3dab53d8	HSat2	NA	chr21	0	0				
k16_3dab53d8	HSat2	NA	chr22	0	0				
k16_3dab53d8	HSat2	NA	chrX	63	0				
k16_3dab53d8	HSat2	NA	chrY	0	0				
k16_3dbf535a	HSat2	G1	chr1	102	102	29.5	34.61764705882353	2.9258530736666986	0.803921568627451
k16_3dbf535a	HSat2	G1	chr2	128	128	0.0	0.0	0.0	0.0
k16_3dbf535a	HSat2	G1	chr3	107	0				
k16_3dbf535a	HSat2	G1	chr4	124	0				
k16_3dbf535a	HSat2	G1	chr5	153	0				
k16_3dbf535a	HSat2	G1	chr6	131	0				
k16_3dbf535a	HSat2	G1	chr7	158	158	0.0	0.0	0.0	0.0
k16_3dbf535a	HSat2	G1	chr8	153	0				
k16_3dbf535a	HSat2	G1	chr9	132	125	0.0	0.0	0.0	0.0
k16_3dbf535a	HSat2	G1	chr10	158	158	119.0	140.35443037974684	303.96969536180706	1.0
k16_3dbf535a	HSat2	G1	chr11	156	0				
k16_3dbf535a	HSat2	G1	chr12	156	0				
k16_3dbf535a	HSat2	G1	chr13	0	0				
k16_3dbf535a	HSat2	G1	chr14	0	0				
k16_3dbf535a	HSat2	G1	chr15	0	0				
k16_3dbf535a	HSat2	G1	chr16	127	127	0.0	0.0	0.0	0.0
k16_3dbf535a	HSat2	G1	chr17	109	109	0.0	0.0	0.0	0.0
k16_3dbf535a	HSat2	G1	chr18	103	0				
k16_3dbf535a	HSat2	G1	chr19	151	0				
k16_3dbf535a	HSat2	G1	chr20	142	0				
k16_3dbf535a	HSat2	G1	chr21	0	0				
k16_3dbf535a	HSat2	G1	chr22	0	0				
k16_3dbf535a	HSat2	G1	chrX	98	0				
k16_3dbf535a	HSat2	G1	chrY	1	1	0.0	0.0	0.0	0.0
k16_3dbf535a	HSat2	G2	chr1	25	25	38.0	43.36	3.6677422726904463	0.96
k16_3dbf535a	HSat2	G2	chr2	31	31	0.0	0.0	0.0	0.0
k16_3dbf535a	HSat2	G2	chr3	23	0				
k16_3dbf535a	HSat2	G2	chr4	31	0				
k16_3dbf535a	HSat2	G2	chr5	42	0				
k16_3dbf535a	HSat2	G2	chr6	35	0				
k16_3dbf535a	HSat2	G2	chr7	42	42	0.0	0.0	0.0	0.0
k16_3dbf535a	HSat2	G2	chr8	41	0				
k16_3dbf535a	HSat2	G2	chr9	33	30	0.0	0.0	0.0	0.0
k16_3dbf535a	HSat2	G2	chr10	42	42	19.0	43.45238095238095	183.24514807011232	0.9523809523809523
k16_3dbf535a	HSat2	G2	chr11	41	0				
k16_3dbf535a	HSat2	G2	chr12	40	0				
k16_3dbf535a	HSat2	G2	chr13	0	0				
k16_3dbf535a	HSat2	G2	chr14	0	0				
k16_3dbf535a	HSat2	G2	chr15	0	0				
k16_3dbf535a	HSat2	G2	chr16	32	32	0.0	0.0	0.0	0.0
k16_3dbf535a	HSat2	G2	chr17	29	28	0.0	0.0	0.0	0.0
k16_3dbf535a	HSat2	G2	chr18	30	0				
k16_3dbf535a	HSat2	G2	chr19	41	0				
k16_3dbf535a	HSat2	G2	chr20	42	0				
k16_3dbf535a	HSat2	G2	chr21	0	0				
k16_3dbf535a	HSat2	G2	chr22	0	0				
k16_3dbf535a	HSat2	G2	chrX	29	0				
k16_3dbf535a	HSat2	G2	chrY	0	0				
k16_3dbf535a	HSat2	G3	chr1	186	186	28.0	34.553763440860216	2.767769781259132	0.8763440860215054
k16_3dbf535a	HSat2	G3	chr2	239	239	0.0	0.0	0.0	0.0
k16_3dbf535a	HSat2	G3	chr3	204	0				
k16_3dbf535a	HSat2	G3	chr4	211	0				
k16_3dbf535a	HSat2	G3	chr5	283	0				
k16_3dbf535a	HSat2	G3	chr6	222	0				
k16_3dbf535a	HSat2	G3	chr7	289	289	0.0	0.0	0.0	0.0
k16_3dbf535a	HSat2	G3	chr8	274	0				
k16_3dbf535a	HSat2	G3	chr9	228	224	0.0	0.0	0.0	0.0
k16_3dbf535a	HSat2	G3	chr10	289	289	404.0	470.75086505190313	448.8750009044511	1.0
k16_3dbf535a	HSat2	G3	chr11	286	0				
k16_3dbf535a	HSat2	G3	chr12	286	0				
k16_3dbf535a	HSat2	G3	chr13	0	0				
k16_3dbf535a	HSat2	G3	chr14	0	0				
k16_3dbf535a	HSat2	G3	chr15	0	0				
k16_3dbf535a	HSat2	G3	chr16	242	242	0.0	0.0	0.0	0.0
k16_3dbf535a	HSat2	G3	chr17	172	172	0.0	0.0	0.0	0.0
k16_3dbf535a	HSat2	G3	chr18	182	0				
k16_3dbf535a	HSat2	G3	chr19	277	0				
k16_3dbf535a	HSat2	G3	chr20	268	0				
k16_3dbf535a	HSat2	G3	chr21	0	0				
k16_3dbf535a	HSat2	G3	chr22	0	0				
k16_3dbf535a	HSat2	G3	chrX	203	0				
k16_3dbf535a	HSat2	G3	chrY	3	3	0.0	0.0	0.0	0.0
k16_3dbf535a	HSat2	NA	chr1	45	44	21.5	27.863636363636363	2.3724672489797864	0.7727272727272727
k16_3dbf535a	HSat2	NA	chr2	58	58	0.0	0.0	0.0	0.0
k16_3dbf535a	HSat2	NA	chr3	53	0				
k16_3dbf535a	HSat2	NA	chr4	65	0				
k16_3dbf535a	HSat2	NA	chr5	79	0				
k16_3dbf535a	HSat2	NA	chr6	64	0				
k16_3dbf535a	HSat2	NA	chr7	13	13	0.0	0.0	0.0	0.0
k16_3dbf535a	HSat2	NA	chr8	80	0				
k16_3dbf535a	HSat2	NA	chr9	66	65	0.0	0.0	0.0	0.0
k16_3dbf535a	HSat2	NA	chr10	72	71	286.0	299.15492957746477	407.64431352400123	1.0
k16_3dbf535a	HSat2	NA	chr11	84	0				
k16_3dbf535a	HSat2	NA	chr12	79	0				
k16_3dbf535a	HSat2	NA	chr13	0	0				
k16_3dbf535a	HSat2	NA	chr14	0	0				
k16_3dbf535a	HSat2	NA	chr15	0	0				
k16_3dbf535a	HSat2	NA	chr16	68	67	0.0	0.0	0.0	0.0
k16_3dbf535a	HSat2	NA	chr17	47	47	0.0	0.0	0.0	0.0
k16_3dbf535a	HSat2	NA	chr18	53	0				
k16_3dbf535a	HSat2	NA	chr19	82	0				
k16_3dbf535a	HSat2	NA	chr20	74	0				
k16_3dbf535a	HSat2	NA	chr21	0	0				
k16_3dbf535a	HSat2	NA	chr22	0	0				
k16_3dbf535a	HSat2	NA	chrX	63	0				
k16_3dbf535a	HSat2	NA	chrY	0	0				
k16_3e476af8	HSat3	G1	chr1	40	39	45.0	39.15384615384615	49.27958856868451	0.8717948717948718
k16_3e476af8	HSat3	G1	chr2	53	53	2.0	1.7358490566037736	28.512110984011834	0.0
k16_3e476af8	HSat3	G1	chr3	35	35	2.0	1.7428571428571429	8.814770318153961	0.0
k16_3e476af8	HSat3	G1	chr4	48	48	2.0	2.625	12.460890358306969	0.020833333333333332
k16_3e476af8	HSat3	G1	chr5	59	59	162.0	196.9322033898305	520.3576553102343	1.0
k16_3e476af8	HSat3	G1	chr6	40	0				
k16_3e476af8	HSat3	G1	chr7	59	59	25.0	26.389830508474578	59.24390621061821	0.864406779661017
k16_3e476af8	HSat3	G1	chr8	53	0				
k16_3e476af8	HSat3	G1	chr9	49	49	14937.0	14715.918367346938	1030.4256244005885	1.0
k16_3e476af8	HSat3	G1	chr10	59	59	31.0	32.779661016949156	50.63522730465098	1.0
k16_3e476af8	HSat3	G1	chr11	57	0				
k16_3e476af8	HSat3	G1	chr12	58	0				
k16_3e476af8	HSat3	G1	chr13	0	0				
k16_3e476af8	HSat3	G1	chr14	0	0				
k16_3e476af8	HSat3	G1	chr15	0	0				
k16_3e476af8	HSat3	G1	chr16	45	43	0.0	0.0	0.0	0.0
k16_3e476af8	HSat3	G1	chr17	42	42	8.0	8.238095238095237	9.231312847965134	0.21428571428571427
k16_3e476af8	HSat3	G1	chr18	44	0				
k16_3e476af8	HSat3	G1	chr19	55	0				
k16_3e476af8	HSat3	G1	chr20	59	59	33.0	29.440677966101696	22.768989061604625	0.9322033898305084
k16_3e476af8	HSat3	G1	chr21	0	0				
k16_3e476af8	HSat3	G1	chr22	0	0				
k16_3e476af8	HSat3	G1	chrX	44	1	3.0	3.0	7.018216951801225	0.0
k16_3e476af8	HSat3	G1	chrY	0	0				
k16_3e476af8	HSat3	G2	chr1	35	35	31.0	27.142857142857142	38.69152117670446	0.6857142857142857
k16_3e476af8	HSat3	G2	chr2	41	39	2.0	1.8205128205128205	30.682946202423604	0.0
k16_3e476af8	HSat3	G2	chr3	47	47	2.0	1.6808510638297873	9.337789941332675	0.0
k16_3e476af8	HSat3	G2	chr4	39	39	2.0	2.5641025641025643	11.562216111462538	0.02564102564102564
k16_3e476af8	HSat3	G2	chr5	54	54	157.5	159.4814814814815	477.28974796363485	1.0
k16_3e476af8	HSat3	G2	chr6	44	0				
k16_3e476af8	HSat3	G2	chr7	54	54	25.0	22.35185185185185	55.72572086437011	0.7777777777777778
k16_3e476af8	HSat3	G2	chr8	53	0				
k16_3e476af8	HSat3	G2	chr9	47	47	13866.0	14189.127659574468	1023.0338638829872	0.9574468085106383
k16_3e476af8	HSat3	G2	chr10	54	54	27.0	31.796296296296298	49.68685129648535	1.0
k16_3e476af8	HSat3	G2	chr11	54	0				
k16_3e476af8	HSat3	G2	chr12	53	0				
k16_3e476af8	HSat3	G2	chr13	0	0				
k16_3e476af8	HSat3	G2	chr14	0	0				
k16_3e476af8	HSat3	G2	chr15	0	0				
k16_3e476af8	HSat3	G2	chr16	49	47	0.0	0.0	0.0	0.0
k16_3e476af8	HSat3	G2	chr17	37	37	7.0	7.513513513513513	9.586207227110595	0.13513513513513514
k16_3e476af8	HSat3	G2	chr18	35	0				
k16_3e476af8	HSat3	G2	chr19	54	0				
k16_3e476af8	HSat3	G2	chr20	54	54	22.0	20.37037037037037	31.46596648216645	0.8888888888888888
k16_3e476af8	HSat3	G2	chr21	0	0				
k16_3e476af8	HSat3	G2	chr22	0	0				
k16_3e476af8	HSat3	G2	chrX	38	0				
k16_3e476af8	HSat3	G2	chrY	0	0				
k16_3e476af8	HSat3	G3	chr1	38	38	42.0	34.578947368421055	42.470856152664695	0.7894736842105263
k16_3e476af8	HSat3	G3	chr2	57	56	2.0	1.9464285714285714	32.390973913379405	0.0
k16_3e476af8	HSat3	G3	chr3	49	48	2.0	1.5833333333333333	8.945052309135828	0.0
k16_3e476af8	HSat3	G3	chr4	58	58	2.0	2.4827586206896552	11.535273625101524	0.0
k16_3e476af8	HSat3	G3	chr5	70	70	156.5	161.77142857142857	469.18913973814904	1.0
k16_3e476af8	HSat3	G3	chr6	57	0				
k16_3e476af8	HSat3	G3	chr7	70	70	16.0	18.8	48.72316070253466	0.7
k16_3e476af8	HSat3	G3	chr8	66	0				
k16_3e476af8	HSat3	G3	chr9	58	58	15122.0	14854.224137931034	1026.1966580479982	1.0
k16_3e476af8	HSat3	G3	chr10	70	70	28.0	30.228571428571428	48.216187896934755	1.0
k16_3e476af8	HSat3	G3	chr11	69	0				
k16_3e476af8	HSat3	G3	chr12	70	0				
k16_3e476af8	HSat3	G3	chr13	0	0				
k16_3e476af8	HSat3	G3	chr14	0	0				
k16_3e476af8	HSat3	G3	chr15	0	0				
k16_3e476af8	HSat3	G3	chr16	60	60	0.0	0.0	0.0	0.0
k16_3e476af8	HSat3	G3	chr17	44	44	7.0	7.636363636363637	9.655963481376018	0.1590909090909091
k16_3e476af8	HSat3	G3	chr18	38	0				
k16_3e476af8	HSat3	G3	chr19	66	0				
k16_3e476af8	HSat3	G3	chr20	70	70	50.0	50.34285714285714	45.58402730509106	1.0
k16_3e476af8	HSat3	G3	chr21	0	0				
k16_3e476af8	HSat3	G3	chr22	0	0				
k16_3e476af8	HSat3	G3	chrX	52	0				
k16_3e476af8	HSat3	G3	chrY	1	1	0.0	0.0	0.0	0.0
k16_3e476af8	HSat3	G4	chr1	23	22	48.0	46.68181818181818	52.80011285959859	1.0
k16_3e476af8	HSat3	G4	chr2	31	31	2.0	1.5806451612903225	26.920029930678176	0.0
k16_3e476af8	HSat3	G4	chr3	28	28	2.0	1.5714285714285714	8.849521924690569	0.0
k16_3e476af8	HSat3	G4	chr4	28	28	2.5	2.5	11.49447936576747	0.0
k16_3e476af8	HSat3	G4	chr5	39	39	299.0	341.97435897435895	541.7171340535648	1.0
k16_3e476af8	HSat3	G4	chr6	30	0				
k16_3e476af8	HSat3	G4	chr7	39	39	24.0	23.025641025641026	52.12787373769858	0.8717948717948718
k16_3e476af8	HSat3	G4	chr8	36	0				
k16_3e476af8	HSat3	G4	chr9	27	27	14504.0	14649.666666666666	1031.826287555924	1.0
k16_3e476af8	HSat3	G4	chr10	39	39	29.0	31.846153846153847	50.427978026881526	1.0
k16_3e476af8	HSat3	G4	chr11	39	0				
k16_3e476af8	HSat3	G4	chr12	37	0				
k16_3e476af8	HSat3	G4	chr13	0	0				
k16_3e476af8	HSat3	G4	chr14	0	0				
k16_3e476af8	HSat3	G4	chr15	0	0				
k16_3e476af8	HSat3	G4	chr16	29	29	0.0	0.0	0.0	0.0
k16_3e476af8	HSat3	G4	chr17	25	25	8.0	8.52	9.506671161432694	0.2
k16_3e476af8	HSat3	G4	chr18	27	0				
k16_3e476af8	HSat3	G4	chr19	35	0				
k16_3e476af8	HSat3	G4	chr20	39	39	24.0	28.17948717948718	32.46055496147916	0.8461538461538461
k16_3e476af8	HSat3	G4	chr21	0	0				
k16_3e476af8	HSat3	G4	chr22	0	0				
k16_3e476af8	HSat3	G4	chrX	30	0				
k16_3e476af8	HSat3	G4	chrY	1	1	0.0	0.0	0.0	0.0
k16_3e476af8	HSat3	G5	chr1	31	30	44.5	38.5	47.02145925053168	0.8333333333333334
k16_3e476af8	HSat3	G5	chr2	39	39	2.0	1.7692307692307692	29.649478706303004	0.0
k16_3e476af8	HSat3	G5	chr3	26	26	1.5	1.5769230769230769	8.930642668650286	0.0
k16_3e476af8	HSat3	G5	chr4	40	40	2.5	2.7	12.623342032140664	0.0
k16_3e476af8	HSat3	G5	chr5	47	47	390.0	371.48936170212767	551.3916085208004	1.0
k16_3e476af8	HSat3	G5	chr6	37	0				
k16_3e476af8	HSat3	G5	chr7	47	47	25.0	28.70212765957447	62.911518982536535	0.8297872340425532
k16_3e476af8	HSat3	G5	chr8	45	0				
k16_3e476af8	HSat3	G5	chr9	40	40	15286.5	15468.65	1030.7910943565062	1.0
k16_3e476af8	HSat3	G5	chr10	47	47	31.0	32.851063829787236	52.43388838883124	0.9574468085106383
k16_3e476af8	HSat3	G5	chr11	46	0				
k16_3e476af8	HSat3	G5	chr12	44	0				
k16_3e476af8	HSat3	G5	chr13	0	0				
k16_3e476af8	HSat3	G5	chr14	0	0				
k16_3e476af8	HSat3	G5	chr15	0	0				
k16_3e476af8	HSat3	G5	chr16	33	33	0.0	0.0	0.0	0.0
k16_3e476af8	HSat3	G5	chr17	39	39	7.0	8.76923076923077	9.745065662936302	0.20512820512820512
k16_3e476af8	HSat3	G5	chr18	39	0				
k16_3e476af8	HSat3	G5	chr19	46	0				
k16_3e476af8	HSat3	G5	chr20	47	47	31.0	28.51063829787234	24.500406990156268	0.9787234042553191
k16_3e476af8	HSat3	G5	chr21	0	0				
k16_3e476af8	HSat3	G5	chr22	0	0				
k16_3e476af8	HSat3	G5	chrX	28	0				
k16_3e476af8	HSat3	G5	chrY	1	1	0.0	0.0	0.0	0.0
k16_3e476af8	HSat3	G6	chr1	34	34	42.5	36.85294117647059	45.870478170265066	0.8529411764705882
k16_3e476af8	HSat3	G6	chr2	39	38	2.0	1.868421052631579	32.65571948828948	0.0
k16_3e476af8	HSat3	G6	chr3	34	34	2.0	1.7352941176470589	9.411884817672647	0.0
k16_3e476af8	HSat3	G6	chr4	34	34	2.5	2.5294117647058822	11.514484015887845	0.0
k16_3e476af8	HSat3	G6	chr5	47	47	385.0	389.25531914893617	561.7731014564063	1.0
k16_3e476af8	HSat3	G6	chr6	40	0				
k16_3e476af8	HSat3	G6	chr7	47	47	18.0	21.21276595744681	54.16061343495031	0.6808510638297872
k16_3e476af8	HSat3	G6	chr8	47	0				
k16_3e476af8	HSat3	G6	chr9	39	39	12656.0	13467.128205128205	1019.5830439234813	1.0
k16_3e476af8	HSat3	G6	chr10	47	47	27.0	31.02127659574468	48.66898179249329	1.0
k16_3e476af8	HSat3	G6	chr11	47	0				
k16_3e476af8	HSat3	G6	chr12	47	0				
k16_3e476af8	HSat3	G6	chr13	0	0				
k16_3e476af8	HSat3	G6	chr14	0	0				
k16_3e476af8	HSat3	G6	chr15	0	0				
k16_3e476af8	HSat3	G6	chr16	41	41	0.0	0.0	0.0	0.0
k16_3e476af8	HSat3	G6	chr17	28	28	6.5	8.642857142857142	10.583970576561796	0.2857142857142857
k16_3e476af8	HSat3	G6	chr18	25	0				
k16_3e476af8	HSat3	G6	chr19	46	0				
k16_3e476af8	HSat3	G6	chr20	47	47	22.0	20.72340425531915	35.431478285669385	0.9574468085106383
k16_3e476af8	HSat3	G6	chr21	0	0				
k16_3e476af8	HSat3	G6	chr22	0	0				
k16_3e476af8	HSat3	G6	chrX	30	0				
k16_3e476af8	HSat3	G6	chrY	0	0				
k16_3e476af8	HSat3	G7	chr1	84	81	40.0	30.061728395061728	40.73078488423199	0.7037037037037037
k16_3e476af8	HSat3	G7	chr2	104	103	2.0	1.9320388349514563	33.089986138787715	0.0
k16_3e476af8	HSat3	G7	chr3	88	86	2.0	1.7209302325581395	9.585639985901338	0.0
k16_3e476af8	HSat3	G7	chr4	91	91	3.0	2.4945054945054945	11.369445162060671	0.0
k16_3e476af8	HSat3	G7	chr5	126	126	385.0	382.64285714285717	558.536173456894	1.0
k16_3e476af8	HSat3	G7	chr6	103	0				
k16_3e476af8	HSat3	G7	chr7	126	126	18.0	19.325396825396826	51.72036153531012	0.6587301587301587
k16_3e476af8	HSat3	G7	chr8	121	0				
k16_3e476af8	HSat3	G7	chr9	101	101	14021.0	14583.069306930693	1027.8942733111685	1.0
k16_3e476af8	HSat3	G7	chr10	126	126	27.0	30.103174603174605	47.06103583089298	0.9841269841269841
k16_3e476af8	HSat3	G7	chr11	125	0				
k16_3e476af8	HSat3	G7	chr12	126	0				
k16_3e476af8	HSat3	G7	chr13	0	0				
k16_3e476af8	HSat3	G7	chr14	0	0				
k16_3e476af8	HSat3	G7	chr15	0	0				
k16_3e476af8	HSat3	G7	chr16	109	109	0.0	0.0	0.0	0.0
k16_3e476af8	HSat3	G7	chr17	77	77	6.0	8.03896103896104	10.307147672219783	0.2077922077922078
k16_3e476af8	HSat3	G7	chr18	76	0				
k16_3e476af8	HSat3	G7	chr19	121	0				
k16_3e476af8	HSat3	G7	chr20	126	126	50.0	49.63492063492063	44.82094548286643	1.0
k16_3e476af8	HSat3	G7	chr21	0	0				
k16_3e476af8	HSat3	G7	chr22	0	0				
k16_3e476af8	HSat3	G7	chrX	80	0				
k16_3e476af8	HSat3	G7	chrY	0	0				
k16_3e476af8	HSat3	NA	chr1	73	71	40.0	30.112676056338028	41.35279578747696	0.7746478873239436
k16_3e476af8	HSat3	NA	chr2	92	92	2.0	1.858695652173913	32.156045957195225	0.0
k16_3e476af8	HSat3	NA	chr3	80	80	2.0	1.7625	9.501208135891266	0.0
k16_3e476af8	HSat3	NA	chr4	93	93	2.0	2.4408602150537635	11.516973659970942	0.010752688172043012
k16_3e476af8	HSat3	NA	chr5	115	114	292.5	278.5	533.2795837768721	1.0
k16_3e476af8	HSat3	NA	chr6	101	0				
k16_3e476af8	HSat3	NA	chr7	60	60	17.5	17.933333333333334	48.49124406314623	0.6666666666666666
k16_3e476af8	HSat3	NA	chr8	127	0				
k16_3e476af8	HSat3	NA	chr9	98	97	14484.0	15097.948453608247	1030.2312975947716	1.0
k16_3e476af8	HSat3	NA	chr10	119	118	31.0	32.36440677966102	50.183316277269405	0.9915254237288136
k16_3e476af8	HSat3	NA	chr11	130	0				
k16_3e476af8	HSat3	NA	chr12	126	0				
k16_3e476af8	HSat3	NA	chr13	0	0				
k16_3e476af8	HSat3	NA	chr14	0	0				
k16_3e476af8	HSat3	NA	chr15	0	0				
k16_3e476af8	HSat3	NA	chr16	103	102	0.0	0.0	0.0	0.0
k16_3e476af8	HSat3	NA	chr17	65	65	7.0	7.523076923076923	9.136586588440046	0.18461538461538463
k16_3e476af8	HSat3	NA	chr18	84	0				
k16_3e476af8	HSat3	NA	chr19	128	0				
k16_3e476af8	HSat3	NA	chr20	84	84	39.0	36.13095238095238	34.65878302495258	0.9285714285714286
k16_3e476af8	HSat3	NA	chr21	0	0				
k16_3e476af8	HSat3	NA	chr22	0	0				
k16_3e476af8	HSat3	NA	chrX	91	0				
k16_3e476af8	HSat3	NA	chrY	1	1	0.0	0.0	0.0	0.0
k16_4118ba0e	HSat3	G1	chr1	40	39	179.0	159.87179487179486	201.21691861542106	1.0
k16_4118ba0e	HSat3	G1	chr2	53	53	10.0	18.69811320754717	307.12502157777965	0.8679245283018868
k16_4118ba0e	HSat3	G1	chr3	35	35	0.0	3.6	18.20755836208851	0.02857142857142857
k16_4118ba0e	HSat3	G1	chr4	48	48	11.0	13.3125	63.19451538855677	0.9166666666666666
k16_4118ba0e	HSat3	G1	chr5	59	59	69.0	83.69491525423729	221.14864462707098	1.0
k16_4118ba0e	HSat3	G1	chr6	40	0				
k16_4118ba0e	HSat3	G1	chr7	59	59	129.0	133.89830508474577	300.5952852048066	1.0
k16_4118ba0e	HSat3	G1	chr8	53	0				
k16_4118ba0e	HSat3	G1	chr9	49	49	6403.0	6225.6122448979595	435.9245698833992	1.0
k16_4118ba0e	HSat3	G1	chr10	59	59	38.0	40.05084745762712	61.86713656716147	0.9830508474576272
k16_4118ba0e	HSat3	G1	chr11	57	0				
k16_4118ba0e	HSat3	G1	chr12	58	0				
k16_4118ba0e	HSat3	G1	chr13	0	0				
k16_4118ba0e	HSat3	G1	chr14	0	0				
k16_4118ba0e	HSat3	G1	chr15	0	0				
k16_4118ba0e	HSat3	G1	chr16	45	43	0.0	0.0	0.0	0.0
k16_4118ba0e	HSat3	G1	chr17	42	42	46.0	56.976190476190474	63.84546718260278	1.0
k16_4118ba0e	HSat3	G1	chr18	44	0				
k16_4118ba0e	HSat3	G1	chr19	55	0				
k16_4118ba0e	HSat3	G1	chr20	59	59	503.0	508.2542372881356	393.0763816870109	1.0
k16_4118ba0e	HSat3	G1	chr21	0	0				
k16_4118ba0e	HSat3	G1	chr22	0	0				
k16_4118ba0e	HSat3	G1	chrX	44	1	83.0	83.0	194.1706689998339	1.0
k16_4118ba0e	HSat3	G1	chrY	0	0				
k16_4118ba0e	HSat3	G2	chr1	35	35	114.0	130.17142857142858	185.55638998006899	1.0
k16_4118ba0e	HSat3	G2	chr2	41	39	10.0	15.0	252.81019054109595	0.7435897435897436
k16_4118ba0e	HSat3	G2	chr3	47	47	0.0	0.0	0.0	0.0
k16_4118ba0e	HSat3	G2	chr4	39	39	11.0	12.333333333333334	55.614259496134814	0.8717948717948718
k16_4118ba0e	HSat3	G2	chr5	54	54	63.0	87.18518518518519	260.9243071775189	1.0
k16_4118ba0e	HSat3	G2	chr6	44	0				
k16_4118ba0e	HSat3	G2	chr7	54	54	127.5	116.94444444444444	291.55586351159667	1.0
k16_4118ba0e	HSat3	G2	chr8	53	0				
k16_4118ba0e	HSat3	G2	chr9	47	47	5943.0	6043.914893617021	435.76530953435565	0.9574468085106383
k16_4118ba0e	HSat3	G2	chr10	54	54	36.0	39.98148148148148	62.4775258876598	1.0
k16_4118ba0e	HSat3	G2	chr11	54	0				
k16_4118ba0e	HSat3	G2	chr12	53	0				
k16_4118ba0e	HSat3	G2	chr13	0	0				
k16_4118ba0e	HSat3	G2	chr14	0	0				
k16_4118ba0e	HSat3	G2	chr15	0	0				
k16_4118ba0e	HSat3	G2	chr16	49	47	0.0	0.0	0.0	0.0
k16_4118ba0e	HSat3	G2	chr17	37	37	44.0	47.32432432432432	60.37931242687284	1.0
k16_4118ba0e	HSat3	G2	chr18	35	0				
k16_4118ba0e	HSat3	G2	chr19	54	0				
k16_4118ba0e	HSat3	G2	chr20	54	54	189.0	190.16666666666666	293.74909982306116	1.0
k16_4118ba0e	HSat3	G2	chr21	0	0				
k16_4118ba0e	HSat3	G2	chr22	0	0				
k16_4118ba0e	HSat3	G2	chrX	38	0				
k16_4118ba0e	HSat3	G2	chrY	0	0				
k16_4118ba0e	HSat3	G3	chr1	38	38	185.5	166.0	203.8859669794588	1.0
k16_4118ba0e	HSat3	G3	chr2	57	56	10.0	12.017857142857142	199.99197654774625	0.6428571428571429
k16_4118ba0e	HSat3	G3	chr3	49	48	0.0	0.0	0.0	0.0
k16_4118ba0e	HSat3	G3	chr4	58	58	11.0	10.724137931034482	49.825973575091304	0.9310344827586207
k16_4118ba0e	HSat3	G3	chr5	70	70	66.0	100.05714285714286	290.19787484334125	1.0
k16_4118ba0e	HSat3	G3	chr6	57	0				
k16_4118ba0e	HSat3	G3	chr7	70	70	125.0	111.22857142857143	288.266359597215	1.0
k16_4118ba0e	HSat3	G3	chr8	66	0				
k16_4118ba0e	HSat3	G3	chr9	58	58	6392.5	6382.672413793103	440.9437369215521	1.0
k16_4118ba0e	HSat3	G3	chr10	70	70	34.0	37.642857142857146	60.04237008904682	0.9857142857142858
k16_4118ba0e	HSat3	G3	chr11	69	0				
k16_4118ba0e	HSat3	G3	chr12	70	0				
k16_4118ba0e	HSat3	G3	chr13	0	0				
k16_4118ba0e	HSat3	G3	chr14	0	0				
k16_4118ba0e	HSat3	G3	chr15	0	0				
k16_4118ba0e	HSat3	G3	chr16	60	60	0.0	0.0	0.0	0.0
k16_4118ba0e	HSat3	G3	chr17	44	44	44.5	47.79545454545455	60.43598571825525	1.0
k16_4118ba0e	HSat3	G3	chr18	38	0				
k16_4118ba0e	HSat3	G3	chr19	66	0				
k16_4118ba0e	HSat3	G3	chr20	70	70	392.0	400.1857142857143	362.3567982115539	1.0
k16_4118ba0e	HSat3	G3	chr21	0	0				
k16_4118ba0e	HSat3	G3	chr22	0	0				
k16_4118ba0e	HSat3	G3	chrX	52	0				
k16_4118ba0e	HSat3	G3	chrY	1	1	1.0	1.0	0.05773273726206535	0.0
k16_4118ba0e	HSat3	G4	chr1	23	22	195.0	186.5909090909091	211.04621547093691	1.0
k16_4118ba0e	HSat3	G4	chr2	31	31	10.0	18.70967741935484	318.6452522406804	0.7419354838709677
k16_4118ba0e	HSat3	G4	chr3	28	28	0.0	0.0	0.0	0.0
k16_4118ba0e	HSat3	G4	chr4	28	28	11.0	11.392857142857142	52.381984538283184	0.9285714285714286
k16_4118ba0e	HSat3	G4	chr5	39	39	133.0	156.23076923076923	247.4831294735226	1.0
k16_4118ba0e	HSat3	G4	chr6	30	0				
k16_4118ba0e	HSat3	G4	chr7	39	39	128.0	130.74358974358975	295.99112270437087	1.0
k16_4118ba0e	HSat3	G4	chr8	36	0				
k16_4118ba0e	HSat3	G4	chr9	27	27	6197.0	6222.925925925926	438.3020243384599	1.0
k16_4118ba0e	HSat3	G4	chr10	39	39	34.0	38.64102564102564	61.18757076208571	1.0
k16_4118ba0e	HSat3	G4	chr11	39	0				
k16_4118ba0e	HSat3	G4	chr12	37	0				
k16_4118ba0e	HSat3	G4	chr13	0	0				
k16_4118ba0e	HSat3	G4	chr14	0	0				
k16_4118ba0e	HSat3	G4	chr15	0	0				
k16_4118ba0e	HSat3	G4	chr16	29	29	0.0	0.0	0.0	0.0
k16_4118ba0e	HSat3	G4	chr17	25	25	50.0	59.92	66.85912394284588	1.0
k16_4118ba0e	HSat3	G4	chr18	27	0				
k16_4118ba0e	HSat3	G4	chr19	35	0				
k16_4118ba0e	HSat3	G4	chr20	39	39	238.0	280.84615384615387	323.51270108560624	1.0
k16_4118ba0e	HSat3	G4	chr21	0	0				
k16_4118ba0e	HSat3	G4	chr22	0	0				
k16_4118ba0e	HSat3	G4	chrX	30	0				
k16_4118ba0e	HSat3	G4	chrY	1	1	1.0	1.0	0.11561329848902668	0.0
k16_4118ba0e	HSat3	G5	chr1	31	30	187.5	165.83333333333334	202.53832014839404	1.0
k16_4118ba0e	HSat3	G5	chr2	39	39	10.0	17.615384615384617	295.2056792931908	0.717948717948718
k16_4118ba0e	HSat3	G5	chr3	26	26	0.0	0.0	0.0	0.0
k16_4118ba0e	HSat3	G5	chr4	40	40	11.0	12.35	57.740101517384154	1.0
k16_4118ba0e	HSat3	G5	chr5	47	47	134.0	131.40425531914894	195.03978088341717	1.0
k16_4118ba0e	HSat3	G5	chr6	37	0				
k16_4118ba0e	HSat3	G5	chr7	47	47	129.0	141.06382978723406	309.19449284967914	1.0
k16_4118ba0e	HSat3	G5	chr8	45	0				
k16_4118ba0e	HSat3	G5	chr9	40	40	6597.5	6571.425	437.9028788699534	1.0
k16_4118ba0e	HSat3	G5	chr10	47	47	34.0	34.680851063829785	55.35442880427132	0.9148936170212766
k16_4118ba0e	HSat3	G5	chr11	46	0				
k16_4118ba0e	HSat3	G5	chr12	44	0				
k16_4118ba0e	HSat3	G5	chr13	0	0				
k16_4118ba0e	HSat3	G5	chr14	0	0				
k16_4118ba0e	HSat3	G5	chr15	0	0				
k16_4118ba0e	HSat3	G5	chr16	33	33	0.0	0.0	0.0	0.0
k16_4118ba0e	HSat3	G5	chr17	39	39	57.0	59.0	65.56548564449248	1.0
k16_4118ba0e	HSat3	G5	chr18	39	0				
k16_4118ba0e	HSat3	G5	chr19	46	0				
k16_4118ba0e	HSat3	G5	chr20	47	47	398.0	447.59574468085106	384.63810585963984	1.0
k16_4118ba0e	HSat3	G5	chr21	0	0				
k16_4118ba0e	HSat3	G5	chr22	0	0				
k16_4118ba0e	HSat3	G5	chrX	28	0				
k16_4118ba0e	HSat3	G5	chrY	1	1	1.0	1.0	0.046076921088526714	0.0
k16_4118ba0e	HSat3	G6	chr1	34	34	181.0	167.73529411764707	208.77840144055997	1.0
k16_4118ba0e	HSat3	G6	chr2	39	38	10.0	12.447368421052632	217.55148335156227	0.7105263157894737
k16_4118ba0e	HSat3	G6	chr3	34	34	0.0	0.0	0.0	0.0
k16_4118ba0e	HSat3	G6	chr4	34	34	11.0	11.147058823529411	50.74406327931969	0.9411764705882353
k16_4118ba0e	HSat3	G6	chr5	47	47	133.0	134.2127659574468	193.69580344285384	1.0
k16_4118ba0e	HSat3	G6	chr6	40	0				
k16_4118ba0e	HSat3	G6	chr7	47	47	125.0	117.23404255319149	299.32294887319574	1.0
k16_4118ba0e	HSat3	G6	chr8	47	0				
k16_4118ba0e	HSat3	G6	chr9	39	39	5446.0	5754.5641025641025	435.672393904358	1.0
k16_4118ba0e	HSat3	G6	chr10	47	47	35.0	39.97872340425532	62.72223373669059	1.0
k16_4118ba0e	HSat3	G6	chr11	47	0				
k16_4118ba0e	HSat3	G6	chr12	47	0				
k16_4118ba0e	HSat3	G6	chr13	0	0				
k16_4118ba0e	HSat3	G6	chr14	0	0				
k16_4118ba0e	HSat3	G6	chr15	0	0				
k16_4118ba0e	HSat3	G6	chr16	41	41	0.0	0.0	0.0	0.0
k16_4118ba0e	HSat3	G6	chr17	28	28	45.5	51.892857142857146	63.54755887497642	1.0
k16_4118ba0e	HSat3	G6	chr18	25	0				
k16_4118ba0e	HSat3	G6	chr19	46	0				
k16_4118ba0e	HSat3	G6	chr20	47	47	189.0	178.48936170212767	305.1690670826288	0.9574468085106383
k16_4118ba0e	HSat3	G6	chr21	0	0				
k16_4118ba0e	HSat3	G6	chr22	0	0				
k16_4118ba0e	HSat3	G6	chrX	30	0				
k16_4118ba0e	HSat3	G6	chrY	0	0				
k16_4118ba0e	HSat3	G7	chr1	84	81	178.0	145.22222222222223	196.76230907319132	1.0
k16_4118ba0e	HSat3	G7	chr2	104	103	10.0	11.718446601941748	200.70157421867725	0.6990291262135923
k16_4118ba0e	HSat3	G7	chr3	88	86	0.0	0.023255813953488372	0.12953567548515318	0.0
k16_4118ba0e	HSat3	G7	chr4	91	91	11.0	10.626373626373626	48.43283467714833	0.9340659340659341
k16_4118ba0e	HSat3	G7	chr5	126	126	129.0	134.07142857142858	195.70139958532573	1.0
k16_4118ba0e	HSat3	G7	chr6	103	0				
k16_4118ba0e	HSat3	G7	chr7	126	126	125.0	107.96031746031746	288.9330915666626	1.0
k16_4118ba0e	HSat3	G7	chr8	121	0				
k16_4118ba0e	HSat3	G7	chr9	101	101	6020.0	6263.158415841584	441.4615697824724	1.0
k16_4118ba0e	HSat3	G7	chr10	126	126	35.0	39.30952380952381	61.45354876625704	0.9841269841269841
k16_4118ba0e	HSat3	G7	chr11	125	0				
k16_4118ba0e	HSat3	G7	chr12	126	0				
k16_4118ba0e	HSat3	G7	chr13	0	0				
k16_4118ba0e	HSat3	G7	chr14	0	0				
k16_4118ba0e	HSat3	G7	chr15	0	0				
k16_4118ba0e	HSat3	G7	chr16	109	109	0.0	0.0	0.0	0.0
k16_4118ba0e	HSat3	G7	chr17	77	77	46.0	48.324675324675326	61.959445053844604	1.0
k16_4118ba0e	HSat3	G7	chr18	76	0				
k16_4118ba0e	HSat3	G7	chr19	121	0				
k16_4118ba0e	HSat3	G7	chr20	126	126	401.0	399.0079365079365	360.30908764808277	1.0
k16_4118ba0e	HSat3	G7	chr21	0	0				
k16_4118ba0e	HSat3	G7	chr22	0	0				
k16_4118ba0e	HSat3	G7	chrX	80	0				
k16_4118ba0e	HSat3	G7	chrY	0	0				
k16_4118ba0e	HSat3	NA	chr1	73	71	177.0	142.35211267605635	195.48770206923743	1.0
k16_4118ba0e	HSat3	NA	chr2	92	92	10.0	12.445652173913043	215.31387497654114	0.7608695652173914
k16_4118ba0e	HSat3	NA	chr3	80	80	0.0	0.0	0.0	0.0
k16_4118ba0e	HSat3	NA	chr4	93	93	10.0	11.010752688172044	51.95322038682927	0.9139784946236559
k16_4118ba0e	HSat3	NA	chr5	115	114	122.0	116.13157894736842	222.37199312173644	1.0
k16_4118ba0e	HSat3	NA	chr6	101	0				
k16_4118ba0e	HSat3	NA	chr7	60	60	125.5	108.03333333333333	292.11918588969695	0.9833333333333333
k16_4118ba0e	HSat3	NA	chr8	127	0				
k16_4118ba0e	HSat3	NA	chr9	98	97	6177.0	6461.701030927835	440.92392143326566	1.0
k16_4118ba0e	HSat3	NA	chr10	119	118	36.0	39.79661016949152	61.707476626880634	0.9830508474576272
k16_4118ba0e	HSat3	NA	chr11	130	0				
k16_4118ba0e	HSat3	NA	chr12	126	0				
k16_4118ba0e	HSat3	NA	chr13	0	0				
k16_4118ba0e	HSat3	NA	chr14	0	0				
k16_4118ba0e	HSat3	NA	chr15	0	0				
k16_4118ba0e	HSat3	NA	chr16	103	102	0.0	0.0	0.0	0.0
k16_4118ba0e	HSat3	NA	chr17	65	65	46.0	50.246153846153845	61.02268261318036	0.9846153846153847
k16_4118ba0e	HSat3	NA	chr18	84	0				
k16_4118ba0e	HSat3	NA	chr19	128	0				
k16_4118ba0e	HSat3	NA	chr20	84	84	391.0	388.0	372.1907928663112	0.9880952380952381
k16_4118ba0e	HSat3	NA	chr21	0	0				
k16_4118ba0e	HSat3	NA	chr22	0	0				
k16_4118ba0e	HSat3	NA	chrX	91	0				
k16_4118ba0e	HSat3	NA	chrY	1	1	1.0	1.0	0.06330177634279684	0.0
k16_411b0a0e	HSat3	G1	chr1	40	39	107.0	85.02564102564102	107.01448310003788	0.7435897435897436
k16_411b0a0e	HSat3	G1	chr2	53	53	0.0	0.0	0.0	0.0
k16_411b0a0e	HSat3	G1	chr3	35	35	0.0	0.0	0.0	0.0
k16_411b0a0e	HSat3	G1	chr4	48	48	0.0	0.0	0.0	0.0
k16_411b0a0e	HSat3	G1	chr5	59	59	0.0	0.0	0.0	0.0
k16_411b0a0e	HSat3	G1	chr6	40	0				
k16_411b0a0e	HSat3	G1	chr7	59	59	0.0	0.0	0.0	0.0
k16_411b0a0e	HSat3	G1	chr8	53	0				
k16_411b0a0e	HSat3	G1	chr9	49	49	0.0	0.0	0.0	0.0
k16_411b0a0e	HSat3	G1	chr10	59	59	0.0	0.0	0.0	0.0
k16_411b0a0e	HSat3	G1	chr11	57	0				
k16_411b0a0e	HSat3	G1	chr12	58	0				
k16_411b0a0e	HSat3	G1	chr13	0	0				
k16_411b0a0e	HSat3	G1	chr14	0	0				
k16_411b0a0e	HSat3	G1	chr15	0	0				
k16_411b0a0e	HSat3	G1	chr16	45	43	0.0	0.0	0.0	0.0
k16_411b0a0e	HSat3	G1	chr17	42	42	0.0	0.0	0.0	0.0
k16_411b0a0e	HSat3	G1	chr18	44	0				
k16_411b0a0e	HSat3	G1	chr19	55	0				
k16_411b0a0e	HSat3	G1	chr20	59	59	0.0	0.0	0.0	0.0
k16_411b0a0e	HSat3	G1	chr21	0	0				
k16_411b0a0e	HSat3	G1	chr22	0	0				
k16_411b0a0e	HSat3	G1	chrX	44	1	0.0	0.0	0.0	0.0
k16_411b0a0e	HSat3	G1	chrY	0	0				
k16_411b0a0e	HSat3	G2	chr1	35	35	55.0	54.34285714285714	77.46449818746515	0.5142857142857142
k16_411b0a0e	HSat3	G2	chr2	41	39	0.0	0.0	0.0	0.0
k16_411b0a0e	HSat3	G2	chr3	47	47	0.0	0.0	0.0	0.0
k16_411b0a0e	HSat3	G2	chr4	39	39	0.0	0.0	0.0	0.0
k16_411b0a0e	HSat3	G2	chr5	54	54	0.0	0.0	0.0	0.0
k16_411b0a0e	HSat3	G2	chr6	44	0				
k16_411b0a0e	HSat3	G2	chr7	54	54	0.0	0.0	0.0	0.0
k16_411b0a0e	HSat3	G2	chr8	53	0				
k16_411b0a0e	HSat3	G2	chr9	47	47	0.0	0.0	0.0	0.0
k16_411b0a0e	HSat3	G2	chr10	54	54	0.0	0.0	0.0	0.0
k16_411b0a0e	HSat3	G2	chr11	54	0				
k16_411b0a0e	HSat3	G2	chr12	53	0				
k16_411b0a0e	HSat3	G2	chr13	0	0				
k16_411b0a0e	HSat3	G2	chr14	0	0				
k16_411b0a0e	HSat3	G2	chr15	0	0				
k16_411b0a0e	HSat3	G2	chr16	49	47	0.0	0.0	0.0	0.0
k16_411b0a0e	HSat3	G2	chr17	37	37	0.0	0.0	0.0	0.0
k16_411b0a0e	HSat3	G2	chr18	35	0				
k16_411b0a0e	HSat3	G2	chr19	54	0				
k16_411b0a0e	HSat3	G2	chr20	54	54	0.0	0.0	0.0	0.0
k16_411b0a0e	HSat3	G2	chr21	0	0				
k16_411b0a0e	HSat3	G2	chr22	0	0				
k16_411b0a0e	HSat3	G2	chrX	38	0				
k16_411b0a0e	HSat3	G2	chrY	0	0				
k16_411b0a0e	HSat3	G3	chr1	38	38	103.0	84.84210526315789	104.20551007320469	0.6578947368421053
k16_411b0a0e	HSat3	G3	chr2	57	56	0.0	0.0	0.0	0.0
k16_411b0a0e	HSat3	G3	chr3	49	48	0.0	0.0	0.0	0.0
k16_411b0a0e	HSat3	G3	chr4	58	58	0.0	0.0	0.0	0.0
k16_411b0a0e	HSat3	G3	chr5	70	70	0.0	0.0	0.0	0.0
k16_411b0a0e	HSat3	G3	chr6	57	0				
k16_411b0a0e	HSat3	G3	chr7	70	70	0.0	0.0	0.0	0.0
k16_411b0a0e	HSat3	G3	chr8	66	0				
k16_411b0a0e	HSat3	G3	chr9	58	58	0.0	0.0	0.0	0.0
k16_411b0a0e	HSat3	G3	chr10	70	70	0.0	0.0	0.0	0.0
k16_411b0a0e	HSat3	G3	chr11	69	0				
k16_411b0a0e	HSat3	G3	chr12	70	0				
k16_411b0a0e	HSat3	G3	chr13	0	0				
k16_411b0a0e	HSat3	G3	chr14	0	0				
k16_411b0a0e	HSat3	G3	chr15	0	0				
k16_411b0a0e	HSat3	G3	chr16	60	60	0.0	0.0	0.0	0.0
k16_411b0a0e	HSat3	G3	chr17	44	44	0.0	0.0	0.0	0.0
k16_411b0a0e	HSat3	G3	chr18	38	0				
k16_411b0a0e	HSat3	G3	chr19	66	0				
k16_411b0a0e	HSat3	G3	chr20	70	70	0.0	0.0	0.0	0.0
k16_411b0a0e	HSat3	G3	chr21	0	0				
k16_411b0a0e	HSat3	G3	chr22	0	0				
k16_411b0a0e	HSat3	G3	chrX	52	0				
k16_411b0a0e	HSat3	G3	chrY	1	1	0.0	0.0	0.0	0.0
k16_411b0a0e	HSat3	G4	chr1	23	22	118.0	109.04545454545455	123.33736197680332	0.9090909090909091
k16_411b0a0e	HSat3	G4	chr2	31	31	0.0	0.0	0.0	0.0
k16_411b0a0e	HSat3	G4	chr3	28	28	0.0	0.0	0.0	0.0
k16_411b0a0e	HSat3	G4	chr4	28	28	0.0	0.0	0.0	0.0
k16_411b0a0e	HSat3	G4	chr5	39	39	0.0	0.0	0.0	0.0
k16_411b0a0e	HSat3	G4	chr6	30	0				
k16_411b0a0e	HSat3	G4	chr7	39	39	0.0	0.0	0.0	0.0
k16_411b0a0e	HSat3	G4	chr8	36	0				
k16_411b0a0e	HSat3	G4	chr9	27	27	0.0	0.0	0.0	0.0
k16_411b0a0e	HSat3	G4	chr10	39	39	0.0	0.0	0.0	0.0
k16_411b0a0e	HSat3	G4	chr11	39	0				
k16_411b0a0e	HSat3	G4	chr12	37	0				
k16_411b0a0e	HSat3	G4	chr13	0	0				
k16_411b0a0e	HSat3	G4	chr14	0	0				
k16_411b0a0e	HSat3	G4	chr15	0	0				
k16_411b0a0e	HSat3	G4	chr16	29	29	0.0	0.0	0.0	0.0
k16_411b0a0e	HSat3	G4	chr17	25	25	0.0	0.0	0.0	0.0
k16_411b0a0e	HSat3	G4	chr18	27	0				
k16_411b0a0e	HSat3	G4	chr19	35	0				
k16_411b0a0e	HSat3	G4	chr20	39	39	0.0	0.0	0.0	0.0
k16_411b0a0e	HSat3	G4	chr21	0	0				
k16_411b0a0e	HSat3	G4	chr22	0	0				
k16_411b0a0e	HSat3	G4	chrX	30	0				
k16_411b0a0e	HSat3	G4	chrY	1	1	0.0	0.0	0.0	0.0
k16_411b0a0e	HSat3	G5	chr1	31	30	107.5	88.33333333333333	107.88473334537572	0.8
k16_411b0a0e	HSat3	G5	chr2	39	39	0.0	0.0	0.0	0.0
k16_411b0a0e	HSat3	G5	chr3	26	26	0.0	0.0	0.0	0.0
k16_411b0a0e	HSat3	G5	chr4	40	40	0.0	0.0	0.0	0.0
k16_411b0a0e	HSat3	G5	chr5	47	47	0.0	0.0	0.0	0.0
k16_411b0a0e	HSat3	G5	chr6	37	0				
k16_411b0a0e	HSat3	G5	chr7	47	47	0.0	0.0	0.0	0.0
k16_411b0a0e	HSat3	G5	chr8	45	0				
k16_411b0a0e	HSat3	G5	chr9	40	40	0.0	0.0	0.0	0.0
k16_411b0a0e	HSat3	G5	chr10	47	47	0.0	0.0	0.0	0.0
k16_411b0a0e	HSat3	G5	chr11	46	0				
k16_411b0a0e	HSat3	G5	chr12	44	0				
k16_411b0a0e	HSat3	G5	chr13	0	0				
k16_411b0a0e	HSat3	G5	chr14	0	0				
k16_411b0a0e	HSat3	G5	chr15	0	0				
k16_411b0a0e	HSat3	G5	chr16	33	33	0.0	0.0	0.0	0.0
k16_411b0a0e	HSat3	G5	chr17	39	39	0.0	0.0	0.0	0.0
k16_411b0a0e	HSat3	G5	chr18	39	0				
k16_411b0a0e	HSat3	G5	chr19	46	0				
k16_411b0a0e	HSat3	G5	chr20	47	47	0.0	0.0	0.0	0.0
k16_411b0a0e	HSat3	G5	chr21	0	0				
k16_411b0a0e	HSat3	G5	chr22	0	0				
k16_411b0a0e	HSat3	G5	chrX	28	0				
k16_411b0a0e	HSat3	G5	chrY	1	1	0.0	0.0	0.0	0.0
k16_411b0a0e	HSat3	G6	chr1	34	34	99.0	89.94117647058823	111.94886053046334	0.7941176470588235
k16_411b0a0e	HSat3	G6	chr2	39	38	0.0	0.0	0.0	0.0
k16_411b0a0e	HSat3	G6	chr3	34	34	0.0	0.0	0.0	0.0
k16_411b0a0e	HSat3	G6	chr4	34	34	0.0	0.0	0.0	0.0
k16_411b0a0e	HSat3	G6	chr5	47	47	0.0	0.0	0.0	0.0
k16_411b0a0e	HSat3	G6	chr6	40	0				
k16_411b0a0e	HSat3	G6	chr7	47	47	0.0	0.0	0.0	0.0
k16_411b0a0e	HSat3	G6	chr8	47	0				
k16_411b0a0e	HSat3	G6	chr9	39	39	0.0	0.0	0.0	0.0
k16_411b0a0e	HSat3	G6	chr10	47	47	0.0	0.0	0.0	0.0
k16_411b0a0e	HSat3	G6	chr11	47	0				
k16_411b0a0e	HSat3	G6	chr12	47	0				
k16_411b0a0e	HSat3	G6	chr13	0	0				
k16_411b0a0e	HSat3	G6	chr14	0	0				
k16_411b0a0e	HSat3	G6	chr15	0	0				
k16_411b0a0e	HSat3	G6	chr16	41	41	0.0	0.0	0.0	0.0
k16_411b0a0e	HSat3	G6	chr17	28	28	0.0	0.0	0.0	0.0
k16_411b0a0e	HSat3	G6	chr18	25	0				
k16_411b0a0e	HSat3	G6	chr19	46	0				
k16_411b0a0e	HSat3	G6	chr20	47	47	0.0	0.0	0.0	0.0
k16_411b0a0e	HSat3	G6	chr21	0	0				
k16_411b0a0e	HSat3	G6	chr22	0	0				
k16_411b0a0e	HSat3	G6	chrX	30	0				
k16_411b0a0e	HSat3	G6	chrY	0	0				
k16_411b0a0e	HSat3	G7	chr1	84	81	99.0	69.82716049382717	94.60916603910313	0.5925925925925926
k16_411b0a0e	HSat3	G7	chr2	104	103	0.0	0.0	0.0	0.0
k16_411b0a0e	HSat3	G7	chr3	88	86	0.0	0.0	0.0	0.0
k16_411b0a0e	HSat3	G7	chr4	91	91	0.0	0.0	0.0	0.0
k16_411b0a0e	HSat3	G7	chr5	126	126	0.0	0.0	0.0	0.0
k16_411b0a0e	HSat3	G7	chr6	103	0				
k16_411b0a0e	HSat3	G7	chr7	126	126	0.0	0.0	0.0	0.0
k16_411b0a0e	HSat3	G7	chr8	121	0				
k16_411b0a0e	HSat3	G7	chr9	101	101	0.0	0.0	0.0	0.0
k16_411b0a0e	HSat3	G7	chr10	126	126	0.0	0.0	0.0	0.0
k16_411b0a0e	HSat3	G7	chr11	125	0				
k16_411b0a0e	HSat3	G7	chr12	126	0				
k16_411b0a0e	HSat3	G7	chr13	0	0				
k16_411b0a0e	HSat3	G7	chr14	0	0				
k16_411b0a0e	HSat3	G7	chr15	0	0				
k16_411b0a0e	HSat3	G7	chr16	109	109	0.0	0.0	0.0	0.0
k16_411b0a0e	HSat3	G7	chr17	77	77	0.0	0.0	0.0	0.0
k16_411b0a0e	HSat3	G7	chr18	76	0				
k16_411b0a0e	HSat3	G7	chr19	121	0				
k16_411b0a0e	HSat3	G7	chr20	126	126	0.0	0.0	0.0	0.0
k16_411b0a0e	HSat3	G7	chr21	0	0				
k16_411b0a0e	HSat3	G7	chr22	0	0				
k16_411b0a0e	HSat3	G7	chrX	80	0				
k16_411b0a0e	HSat3	G7	chrY	0	0				
k16_411b0a0e	HSat3	NA	chr1	73	71	96.0	67.95774647887323	93.3242468075661	0.5915492957746479
k16_411b0a0e	HSat3	NA	chr2	92	92	0.0	0.0	0.0	0.0
k16_411b0a0e	HSat3	NA	chr3	80	80	0.0	0.0	0.0	0.0
k16_411b0a0e	HSat3	NA	chr4	93	93	0.0	0.0	0.0	0.0
k16_411b0a0e	HSat3	NA	chr5	115	114	0.0	0.0	0.0	0.0
k16_411b0a0e	HSat3	NA	chr6	101	0				
k16_411b0a0e	HSat3	NA	chr7	60	60	0.0	0.0	0.0	0.0
k16_411b0a0e	HSat3	NA	chr8	127	0				
k16_411b0a0e	HSat3	NA	chr9	98	97	0.0	0.0	0.0	0.0
k16_411b0a0e	HSat3	NA	chr10	119	118	0.0	0.0	0.0	0.0
k16_411b0a0e	HSat3	NA	chr11	130	0				
k16_411b0a0e	HSat3	NA	chr12	126	0				
k16_411b0a0e	HSat3	NA	chr13	0	0				
k16_411b0a0e	HSat3	NA	chr14	0	0				
k16_411b0a0e	HSat3	NA	chr15	0	0				
k16_411b0a0e	HSat3	NA	chr16	103	102	0.0	0.0	0.0	0.0
k16_411b0a0e	HSat3	NA	chr17	65	65	0.0	0.0	0.0	0.0
k16_411b0a0e	HSat3	NA	chr18	84	0				
k16_411b0a0e	HSat3	NA	chr19	128	0				
k16_411b0a0e	HSat3	NA	chr20	84	84	0.0	0.0	0.0	0.0
k16_411b0a0e	HSat3	NA	chr21	0	0				
k16_411b0a0e	HSat3	NA	chr22	0	0				
k16_411b0a0e	HSat3	NA	chrX	91	0				
k16_411b0a0e	HSat3	NA	chrY	1	1	0.0	0.0	0.0	0.0
k16_43143e38	HSat2	G1	chr1	102	102	5875.0	5914.401960784314	499.880050381715	1.0
k16_43143e38	HSat2	G1	chr2	128	128	0.0	0.0	0.0	0.0
k16_43143e38	HSat2	G1	chr3	107	0				
k16_43143e38	HSat2	G1	chr4	124	0				
k16_43143e38	HSat2	G1	chr5	153	0				
k16_43143e38	HSat2	G1	chr6	131	0				
k16_43143e38	HSat2	G1	chr7	158	158	0.0	0.0	0.0	0.0
k16_43143e38	HSat2	G1	chr8	153	0				
k16_43143e38	HSat2	G1	chr9	132	125	0.0	0.0	0.0	0.0
k16_43143e38	HSat2	G1	chr10	158	158	79.5	81.4367088607595	176.36986247386236	1.0
k16_43143e38	HSat2	G1	chr11	156	0				
k16_43143e38	HSat2	G1	chr12	156	0				
k16_43143e38	HSat2	G1	chr13	0	0				
k16_43143e38	HSat2	G1	chr14	0	0				
k16_43143e38	HSat2	G1	chr15	0	0				
k16_43143e38	HSat2	G1	chr16	127	127	0.0	0.0	0.0	0.0
k16_43143e38	HSat2	G1	chr17	109	109	0.0	0.0	0.0	0.0
k16_43143e38	HSat2	G1	chr18	103	0				
k16_43143e38	HSat2	G1	chr19	151	0				
k16_43143e38	HSat2	G1	chr20	142	0				
k16_43143e38	HSat2	G1	chr21	0	0				
k16_43143e38	HSat2	G1	chr22	0	0				
k16_43143e38	HSat2	G1	chrX	98	0				
k16_43143e38	HSat2	G1	chrY	1	1	0.0	0.0	0.0	0.0
k16_43143e38	HSat2	G2	chr1	25	25	5610.0	5845.6	494.4685015968467	1.0
k16_43143e38	HSat2	G2	chr2	31	31	0.0	0.0	0.0	0.0
k16_43143e38	HSat2	G2	chr3	23	0				
k16_43143e38	HSat2	G2	chr4	31	0				
k16_43143e38	HSat2	G2	chr5	42	0				
k16_43143e38	HSat2	G2	chr6	35	0				
k16_43143e38	HSat2	G2	chr7	42	42	0.0	0.0	0.0	0.0
k16_43143e38	HSat2	G2	chr8	41	0				
k16_43143e38	HSat2	G2	chr9	33	30	0.0	0.0	0.0	0.0
k16_43143e38	HSat2	G2	chr10	42	42	32.5	89.57142857142857	377.7360257752123	0.9285714285714286
k16_43143e38	HSat2	G2	chr11	41	0				
k16_43143e38	HSat2	G2	chr12	40	0				
k16_43143e38	HSat2	G2	chr13	0	0				
k16_43143e38	HSat2	G2	chr14	0	0				
k16_43143e38	HSat2	G2	chr15	0	0				
k16_43143e38	HSat2	G2	chr16	32	32	0.0	0.0	0.0	0.0
k16_43143e38	HSat2	G2	chr17	29	28	0.0	0.0	0.0	0.0
k16_43143e38	HSat2	G2	chr18	30	0				
k16_43143e38	HSat2	G2	chr19	41	0				
k16_43143e38	HSat2	G2	chr20	42	0				
k16_43143e38	HSat2	G2	chr21	0	0				
k16_43143e38	HSat2	G2	chr22	0	0				
k16_43143e38	HSat2	G2	chrX	29	0				
k16_43143e38	HSat2	G2	chrY	0	0				
k16_43143e38	HSat2	G3	chr1	186	186	6185.0	6237.413978494624	499.6192658558913	1.0
k16_43143e38	HSat2	G3	chr2	239	239	0.0	0.0	0.0	0.0
k16_43143e38	HSat2	G3	chr3	204	0				
k16_43143e38	HSat2	G3	chr4	211	0				
k16_43143e38	HSat2	G3	chr5	283	0				
k16_43143e38	HSat2	G3	chr6	222	0				
k16_43143e38	HSat2	G3	chr7	289	289	0.0	0.0	0.0	0.0
k16_43143e38	HSat2	G3	chr8	274	0				
k16_43143e38	HSat2	G3	chr9	228	224	0.0	0.0	0.0	0.0
k16_43143e38	HSat2	G3	chr10	289	289	26.0	28.252595155709344	26.939692770769245	0.9930795847750865
k16_43143e38	HSat2	G3	chr11	286	0				
k16_43143e38	HSat2	G3	chr12	286	0				
k16_43143e38	HSat2	G3	chr13	0	0				
k16_43143e38	HSat2	G3	chr14	0	0				
k16_43143e38	HSat2	G3	chr15	0	0				
k16_43143e38	HSat2	G3	chr16	242	242	0.0	0.0	0.0	0.0
k16_43143e38	HSat2	G3	chr17	172	172	0.0	0.0	0.0	0.0
k16_43143e38	HSat2	G3	chr18	182	0				
k16_43143e38	HSat2	G3	chr19	277	0				
k16_43143e38	HSat2	G3	chr20	268	0				
k16_43143e38	HSat2	G3	chr21	0	0				
k16_43143e38	HSat2	G3	chr22	0	0				
k16_43143e38	HSat2	G3	chrX	203	0				
k16_43143e38	HSat2	G3	chrY	3	3	0.0	0.0	0.0	0.0
k16_43143e38	HSat2	NA	chr1	45	44	5819.5	5868.045454545455	499.6385064299242	1.0
k16_43143e38	HSat2	NA	chr2	58	58	0.0	0.034482758620689655	0.04925918010705448	0.0
k16_43143e38	HSat2	NA	chr3	53	0				
k16_43143e38	HSat2	NA	chr4	65	0				
k16_43143e38	HSat2	NA	chr5	79	0				
k16_43143e38	HSat2	NA	chr6	64	0				
k16_43143e38	HSat2	NA	chr7	13	13	0.0	0.0	0.0	0.0
k16_43143e38	HSat2	NA	chr8	80	0				
k16_43143e38	HSat2	NA	chr9	66	65	0.0	0.0	0.0	0.0
k16_43143e38	HSat2	NA	chr10	72	71	32.0	50.985915492957744	69.47610239910001	0.9859154929577465
k16_43143e38	HSat2	NA	chr11	84	0				
k16_43143e38	HSat2	NA	chr12	79	0				
k16_43143e38	HSat2	NA	chr13	0	0				
k16_43143e38	HSat2	NA	chr14	0	0				
k16_43143e38	HSat2	NA	chr15	0	0				
k16_43143e38	HSat2	NA	chr16	68	67	0.0	0.014925373134328358	0.0016620753718205547	0.0
k16_43143e38	HSat2	NA	chr17	47	47	0.0	0.0	0.0	0.0
k16_43143e38	HSat2	NA	chr18	53	0				
k16_43143e38	HSat2	NA	chr19	82	0				
k16_43143e38	HSat2	NA	chr20	74	0				
k16_43143e38	HSat2	NA	chr21	0	0				
k16_43143e38	HSat2	NA	chr22	0	0				
k16_43143e38	HSat2	NA	chrX	63	0				
k16_43143e38	HSat2	NA	chrY	0	0				
k16_43a0e814	HSat3	G1	chr1	40	39	2.0	2.1025641025641026	2.6463171333543745	0.02564102564102564
k16_43a0e814	HSat3	G1	chr2	53	53	0.0	0.0	0.0	0.0
k16_43a0e814	HSat3	G1	chr3	35	35	0.0	0.0	0.0	0.0
k16_43a0e814	HSat3	G1	chr4	48	48	0.0	0.0	0.0	0.0
k16_43a0e814	HSat3	G1	chr5	59	59	0.0	0.0	0.0	0.0
k16_43a0e814	HSat3	G1	chr6	40	0				
k16_43a0e814	HSat3	G1	chr7	59	59	0.0	0.11864406779661017	0.26635025271311974	0.0
k16_43a0e814	HSat3	G1	chr8	53	0				
k16_43a0e814	HSat3	G1	chr9	49	49	87.0	85.53061224489795	5.988952393441597	1.0
k16_43a0e814	HSat3	G1	chr10	59	59	0.0	0.0	0.0	0.0
k16_43a0e814	HSat3	G1	chr11	57	0				
k16_43a0e814	HSat3	G1	chr12	58	0				
k16_43a0e814	HSat3	G1	chr13	0	0				
k16_43a0e814	HSat3	G1	chr14	0	0				
k16_43a0e814	HSat3	G1	chr15	0	0				
k16_43a0e814	HSat3	G1	chr16	45	43	0.0	0.0	0.0	0.0
k16_43a0e814	HSat3	G1	chr17	42	42	1.0	1.1428571428571428	1.2806445569431397	0.0
k16_43a0e814	HSat3	G1	chr18	44	0				
k16_43a0e814	HSat3	G1	chr19	55	0				
k16_43a0e814	HSat3	G1	chr20	59	59	314.0	298.2881355932203	230.69167443591238	1.0
k16_43a0e814	HSat3	G1	chr21	0	0				
k16_43a0e814	HSat3	G1	chr22	0	0				
k16_43a0e814	HSat3	G1	chrX	44	1	0.0	0.0	0.0	0.0
k16_43a0e814	HSat3	G1	chrY	0	0				
k16_43a0e814	HSat3	G2	chr1	35	35	2.0	1.9428571428571428	2.769498357911477	0.0
k16_43a0e814	HSat3	G2	chr2	41	39	0.0	0.0	0.0	0.0
k16_43a0e814	HSat3	G2	chr3	47	47	0.0	0.0	0.0	0.0
k16_43a0e814	HSat3	G2	chr4	39	39	0.0	0.0	0.0	0.0
k16_43a0e814	HSat3	G2	chr5	54	54	0.0	0.0	0.0	0.0
k16_43a0e814	HSat3	G2	chr6	44	0				
k16_43a0e814	HSat3	G2	chr7	54	54	0.0	0.07407407407407407	0.18467513128208818	0.0
k16_43a0e814	HSat3	G2	chr8	53	0				
k16_43a0e814	HSat3	G2	chr9	47	47	89.0	85.85106382978724	6.189848146794825	0.9574468085106383
k16_43a0e814	HSat3	G2	chr10	54	54	0.0	0.0	0.0	0.0
k16_43a0e814	HSat3	G2	chr11	54	0				
k16_43a0e814	HSat3	G2	chr12	53	0				
k16_43a0e814	HSat3	G2	chr13	0	0				
k16_43a0e814	HSat3	G2	chr14	0	0				
k16_43a0e814	HSat3	G2	chr15	0	0				
k16_43a0e814	HSat3	G2	chr16	49	47	0.0	0.0	0.0	0.0
k16_43a0e814	HSat3	G2	chr17	37	37	1.0	1.0810810810810811	1.3793103923900134	0.0
k16_43a0e814	HSat3	G2	chr18	35	0				
k16_43a0e814	HSat3	G2	chr19	54	0				
k16_43a0e814	HSat3	G2	chr20	54	54	52.0	52.0	80.32403080174853	1.0
k16_43a0e814	HSat3	G2	chr21	0	0				
k16_43a0e814	HSat3	G2	chr22	0	0				
k16_43a0e814	HSat3	G2	chrX	38	0				
k16_43a0e814	HSat3	G2	chrY	0	0				
k16_43a0e814	HSat3	G3	chr1	38	38	2.0	2.4210526315789473	2.9736063668532355	0.0
k16_43a0e814	HSat3	G3	chr2	57	56	0.0	0.0	0.0	0.0
k16_43a0e814	HSat3	G3	chr3	49	48	0.0	0.0	0.0	0.0
k16_43a0e814	HSat3	G3	chr4	58	58	0.0	0.0	0.0	0.0
k16_43a0e814	HSat3	G3	chr5	70	70	0.0	0.0	0.0	0.0
k16_43a0e814	HSat3	G3	chr6	57	0				
k16_43a0e814	HSat3	G3	chr7	70	70	0.0	0.02857142857142857	0.07404735669078216	0.0
k16_43a0e814	HSat3	G3	chr8	66	0				
k16_43a0e814	HSat3	G3	chr9	58	58	83.5	83.72413793103448	5.784040266592085	1.0
k16_43a0e814	HSat3	G3	chr10	70	70	0.0	0.0	0.0	0.0
k16_43a0e814	HSat3	G3	chr11	69	0				
k16_43a0e814	HSat3	G3	chr12	70	0				
k16_43a0e814	HSat3	G3	chr13	0	0				
k16_43a0e814	HSat3	G3	chr14	0	0				
k16_43a0e814	HSat3	G3	chr15	0	0				
k16_43a0e814	HSat3	G3	chr16	60	60	0.0	0.0	0.0	0.0
k16_43a0e814	HSat3	G3	chr17	44	44	1.0	1.0681818181818181	1.350685367930574	0.0
k16_43a0e814	HSat3	G3	chr18	38	0				
k16_43a0e814	HSat3	G3	chr19	66	0				
k16_43a0e814	HSat3	G3	chr20	70	70	61.5	61.614285714285714	55.78998574541934	1.0
k16_43a0e814	HSat3	G3	chr21	0	0				
k16_43a0e814	HSat3	G3	chr22	0	0				
k16_43a0e814	HSat3	G3	chrX	52	0				
k16_43a0e814	HSat3	G3	chrY	1	1	1.0	1.0	0.05773273726206535	0.0
k16_43a0e814	HSat3	G4	chr1	23	22	2.0	1.9090909090909092	2.1593035444042266	0.0
k16_43a0e814	HSat3	G4	chr2	31	31	0.0	0.0	0.0	0.0
k16_43a0e814	HSat3	G4	chr3	28	28	0.0	0.0	0.0	0.0
k16_43a0e814	HSat3	G4	chr4	28	28	0.0	0.0	0.0	0.0
k16_43a0e814	HSat3	G4	chr5	39	39	0.0	0.0	0.0	0.0
k16_43a0e814	HSat3	G4	chr6	30	0				
k16_43a0e814	HSat3	G4	chr7	39	39	0.0	0.05128205128205128	0.11609771433785875	0.0
k16_43a0e814	HSat3	G4	chr8	36	0				
k16_43a0e814	HSat3	G4	chr9	27	27	82.0	82.37037037037037	5.80162780476455	1.0
k16_43a0e814	HSat3	G4	chr10	39	39	0.0	0.0	0.0	0.0
k16_43a0e814	HSat3	G4	chr11	39	0				
k16_43a0e814	HSat3	G4	chr12	37	0				
k16_43a0e814	HSat3	G4	chr13	0	0				
k16_43a0e814	HSat3	G4	chr14	0	0				
k16_43a0e814	HSat3	G4	chr15	0	0				
k16_43a0e814	HSat3	G4	chr16	29	29	0.0	0.0	0.0	0.0
k16_43a0e814	HSat3	G4	chr17	25	25	1.0	1.04	1.1604387333204227	0.0
k16_43a0e814	HSat3	G4	chr18	27	0				
k16_43a0e814	HSat3	G4	chr19	35	0				
k16_43a0e814	HSat3	G4	chr20	39	39	54.0	64.25641025641026	74.01833551725821	1.0
k16_43a0e814	HSat3	G4	chr21	0	0				
k16_43a0e814	HSat3	G4	chr22	0	0				
k16_43a0e814	HSat3	G4	chrX	30	0				
k16_43a0e814	HSat3	G4	chrY	1	1	1.0	1.0	0.11561329848902668	0.0
k16_43a0e814	HSat3	G5	chr1	31	30	2.0	1.9666666666666666	2.401961987689497	0.0
k16_43a0e814	HSat3	G5	chr2	39	39	0.0	0.0	0.0	0.0
k16_43a0e814	HSat3	G5	chr3	26	26	0.0	0.0	0.0	0.0
k16_43a0e814	HSat3	G5	chr4	40	40	0.0	0.0	0.0	0.0
k16_43a0e814	HSat3	G5	chr5	47	47	0.0	0.0	0.0	0.0
k16_43a0e814	HSat3	G5	chr6	37	0				
k16_43a0e814	HSat3	G5	chr7	47	47	0.0	0.14893617021276595	0.3264496907915165	0.0
k16_43a0e814	HSat3	G5	chr8	45	0				
k16_43a0e814	HSat3	G5	chr9	40	40	85.0	86.125	5.739148729944378	1.0
k16_43a0e814	HSat3	G5	chr10	47	47	0.0	0.0	0.0	0.0
k16_43a0e814	HSat3	G5	chr11	46	0				
k16_43a0e814	HSat3	G5	chr12	44	0				
k16_43a0e814	HSat3	G5	chr13	0	0				
k16_43a0e814	HSat3	G5	chr14	0	0				
k16_43a0e814	HSat3	G5	chr15	0	0				
k16_43a0e814	HSat3	G5	chr16	33	33	0.0	0.0	0.0	0.0
k16_43a0e814	HSat3	G5	chr17	39	39	1.0	1.1538461538461537	1.2822454819653029	0.0
k16_43a0e814	HSat3	G5	chr18	39	0				
k16_43a0e814	HSat3	G5	chr19	46	0				
k16_43a0e814	HSat3	G5	chr20	47	47	215.0	250.93617021276594	215.64014928500222	1.0
k16_43a0e814	HSat3	G5	chr21	0	0				
k16_43a0e814	HSat3	G5	chr22	0	0				
k16_43a0e814	HSat3	G5	chrX	28	0				
k16_43a0e814	HSat3	G5	chrY	1	1	1.0	1.0	0.046076921088526714	0.0
k16_43a0e814	HSat3	G6	chr1	34	34	2.0	1.911764705882353	2.379553935408802	0.0
k16_43a0e814	HSat3	G6	chr2	39	38	0.0	0.0	0.0	0.0
k16_43a0e814	HSat3	G6	chr3	34	34	0.0	0.0	0.0	0.0
k16_43a0e814	HSat3	G6	chr4	34	34	0.0	0.0	0.0	0.0
k16_43a0e814	HSat3	G6	chr5	47	47	0.0	0.0	0.0	0.0
k16_43a0e814	HSat3	G6	chr6	40	0				
k16_43a0e814	HSat3	G6	chr7	47	47	0.0	0.0	0.0	0.0
k16_43a0e814	HSat3	G6	chr8	47	0				
k16_43a0e814	HSat3	G6	chr9	39	39	72.0	80.71794871794872	6.1110765858579095	1.0
k16_43a0e814	HSat3	G6	chr10	47	47	0.0	0.0	0.0	0.0
k16_43a0e814	HSat3	G6	chr11	47	0				
k16_43a0e814	HSat3	G6	chr12	47	0				
k16_43a0e814	HSat3	G6	chr13	0	0				
k16_43a0e814	HSat3	G6	chr14	0	0				
k16_43a0e814	HSat3	G6	chr15	0	0				
k16_43a0e814	HSat3	G6	chr16	41	41	0.0	0.0	0.0	0.0
k16_43a0e814	HSat3	G6	chr17	28	28	1.0	1.0357142857142858	1.2683270525631907	0.0
k16_43a0e814	HSat3	G6	chr18	25	0				
k16_43a0e814	HSat3	G6	chr19	46	0				
k16_43a0e814	HSat3	G6	chr20	47	47	53.0	51.765957446808514	88.5059411386382	0.9574468085106383
k16_43a0e814	HSat3	G6	chr21	0	0				
k16_43a0e814	HSat3	G6	chr22	0	0				
k16_43a0e814	HSat3	G6	chrX	30	0				
k16_43a0e814	HSat3	G6	chrY	0	0				
k16_43a0e814	HSat3	G7	chr1	84	81	2.0	2.074074074074074	2.8101732486862314	0.0
k16_43a0e814	HSat3	G7	chr2	104	103	0.0	0.0	0.0	0.0
k16_43a0e814	HSat3	G7	chr3	88	86	0.0	0.0	0.0	0.0
k16_43a0e814	HSat3	G7	chr4	91	91	0.0	0.0	0.0	0.0
k16_43a0e814	HSat3	G7	chr5	126	126	0.0	0.0	0.0	0.0
k16_43a0e814	HSat3	G7	chr6	103	0				
k16_43a0e814	HSat3	G7	chr7	126	126	0.0	0.007936507936507936	0.021240394881030848	0.0
k16_43a0e814	HSat3	G7	chr8	121	0				
k16_43a0e814	HSat3	G7	chr9	101	101	81.0	83.74257425742574	5.902633437436512	1.0
k16_43a0e814	HSat3	G7	chr10	126	126	0.0	0.0	0.0	0.0
k16_43a0e814	HSat3	G7	chr11	125	0				
k16_43a0e814	HSat3	G7	chr12	126	0				
k16_43a0e814	HSat3	G7	chr13	0	0				
k16_43a0e814	HSat3	G7	chr14	0	0				
k16_43a0e814	HSat3	G7	chr15	0	0				
k16_43a0e814	HSat3	G7	chr16	109	109	0.0	0.0	0.0	0.0
k16_43a0e814	HSat3	G7	chr17	77	77	1.0	1.0389610389610389	1.3321030917246892	0.0
k16_43a0e814	HSat3	G7	chr18	76	0				
k16_43a0e814	HSat3	G7	chr19	121	0				
k16_43a0e814	HSat3	G7	chr20	126	126	62.0	62.904761904761905	56.80377580703538	1.0
k16_43a0e814	HSat3	G7	chr21	0	0				
k16_43a0e814	HSat3	G7	chr22	0	0				
k16_43a0e814	HSat3	G7	chrX	80	0				
k16_43a0e814	HSat3	G7	chrY	0	0				
k16_43a0e814	HSat3	NA	chr1	73	71	2.0	2.2253521126760565	3.0560064239576046	0.0
k16_43a0e814	HSat3	NA	chr2	92	92	0.0	0.0	0.0	0.0
k16_43a0e814	HSat3	NA	chr3	80	80	0.0	0.0	0.0	0.0
k16_43a0e814	HSat3	NA	chr4	93	93	0.0	0.0	0.0	0.0
k16_43a0e814	HSat3	NA	chr5	115	114	0.0	0.0	0.0	0.0
k16_43a0e814	HSat3	NA	chr6	101	0				
k16_43a0e814	HSat3	NA	chr7	60	60	0.0	0.06666666666666667	0.1802648478183875	0.0
k16_43a0e814	HSat3	NA	chr8	127	0				
k16_43a0e814	HSat3	NA	chr9	98	97	84.0	84.85567010309278	5.7902547082607425	1.0
k16_43a0e814	HSat3	NA	chr10	119	118	0.0	0.0	0.0	0.0
k16_43a0e814	HSat3	NA	chr11	130	0				
k16_43a0e814	HSat3	NA	chr12	126	0				
k16_43a0e814	HSat3	NA	chr13	0	0				
k16_43a0e814	HSat3	NA	chr14	0	0				
k16_43a0e814	HSat3	NA	chr15	0	0				
k16_43a0e814	HSat3	NA	chr16	103	102	0.0	0.0	0.0	0.0
k16_43a0e814	HSat3	NA	chr17	65	65	1.0	1.0153846153846153	1.233158926047123	0.0
k16_43a0e814	HSat3	NA	chr18	84	0				
k16_43a0e814	HSat3	NA	chr19	128	0				
k16_43a0e814	HSat3	NA	chr20	84	84	59.0	120.52380952380952	115.61302120086323	0.9880952380952381
k16_43a0e814	HSat3	NA	chr21	0	0				
k16_43a0e814	HSat3	NA	chr22	0	0				
k16_43a0e814	HSat3	NA	chrX	91	0				
k16_43a0e814	HSat3	NA	chrY	1	1	1.0	1.0	0.06330177634279684	0.0
k16_476afbf4	HSat3	G1	chr1	40	39	137.0	113.7948717948718	143.22384680276483	0.7435897435897436
k16_476afbf4	HSat3	G1	chr2	53	53	0.0	0.0	0.0	0.0
k16_476afbf4	HSat3	G1	chr3	35	35	0.0	0.0	0.0	0.0
k16_476afbf4	HSat3	G1	chr4	48	48	0.0	0.0	0.0	0.0
k16_476afbf4	HSat3	G1	chr5	59	59	0.0	0.06779661016949153	0.17914025486194488	0.0
k16_476afbf4	HSat3	G1	chr6	40	0				
k16_476afbf4	HSat3	G1	chr7	59	59	0.0	0.0	0.0	0.0
k16_476afbf4	HSat3	G1	chr8	53	0				
k16_476afbf4	HSat3	G1	chr9	49	49	1.0	1.1224489795918366	0.07859517576695009	0.0
k16_476afbf4	HSat3	G1	chr10	59	59	0.0	0.9661016949152542	1.4923515803335605	0.0
k16_476afbf4	HSat3	G1	chr11	57	0				
k16_476afbf4	HSat3	G1	chr12	58	0				
k16_476afbf4	HSat3	G1	chr13	0	0				
k16_476afbf4	HSat3	G1	chr14	0	0				
k16_476afbf4	HSat3	G1	chr15	0	0				
k16_476afbf4	HSat3	G1	chr16	45	43	0.0	0.0	0.0	0.0
k16_476afbf4	HSat3	G1	chr17	42	42	1.0	1.5	1.680845980987871	0.0
k16_476afbf4	HSat3	G1	chr18	44	0				
k16_476afbf4	HSat3	G1	chr19	55	0				
k16_476afbf4	HSat3	G1	chr20	59	59	0.0	0.0	0.0	0.0
k16_476afbf4	HSat3	G1	chr21	0	0				
k16_476afbf4	HSat3	G1	chr22	0	0				
k16_476afbf4	HSat3	G1	chrX	44	1	0.0	0.0	0.0	0.0
k16_476afbf4	HSat3	G1	chrY	0	0				
k16_476afbf4	HSat3	G2	chr1	35	35	108.0	84.22857142857143	120.06589939886817	0.5142857142857142
k16_476afbf4	HSat3	G2	chr2	41	39	0.0	0.0	0.0	0.0
k16_476afbf4	HSat3	G2	chr3	47	47	0.0	0.0	0.0	0.0
k16_476afbf4	HSat3	G2	chr4	39	39	0.0	0.0	0.0	0.0
k16_476afbf4	HSat3	G2	chr5	54	54	0.0	0.0	0.0	0.0
k16_476afbf4	HSat3	G2	chr6	44	0				
k16_476afbf4	HSat3	G2	chr7	54	54	0.0	0.0	0.0	0.0
k16_476afbf4	HSat3	G2	chr8	53	0				
k16_476afbf4	HSat3	G2	chr9	47	47	1.0	1.446808510638298	0.10431466517522878	0.0
k16_476afbf4	HSat3	G2	chr10	54	54	0.0	1.0185185185185186	1.591599779444784	0.0
k16_476afbf4	HSat3	G2	chr11	54	0				
k16_476afbf4	HSat3	G2	chr12	53	0				
k16_476afbf4	HSat3	G2	chr13	0	0				
k16_476afbf4	HSat3	G2	chr14	0	0				
k16_476afbf4	HSat3	G2	chr15	0	0				
k16_476afbf4	HSat3	G2	chr16	49	47	0.0	0.0	0.0	0.0
k16_476afbf4	HSat3	G2	chr17	37	37	1.0	1.0810810810810811	1.3793103923900134	0.0
k16_476afbf4	HSat3	G2	chr18	35	0				
k16_476afbf4	HSat3	G2	chr19	54	0				
k16_476afbf4	HSat3	G2	chr20	54	54	1.0	0.9814814814814815	1.516087475958929	0.0
k16_476afbf4	HSat3	G2	chr21	0	0				
k16_476afbf4	HSat3	G2	chr22	0	0				
k16_476afbf4	HSat3	G2	chrX	38	0				
k16_476afbf4	HSat3	G2	chrY	0	0				
k16_476afbf4	HSat3	G3	chr1	38	38	154.0	120.10526315789474	147.5167332425888	0.6842105263157895
k16_476afbf4	HSat3	G3	chr2	57	56	0.0	0.0	0.0	0.0
k16_476afbf4	HSat3	G3	chr3	49	48	0.0	0.0	0.0	0.0
k16_476afbf4	HSat3	G3	chr4	58	58	0.0	0.0	0.0	0.0
k16_476afbf4	HSat3	G3	chr5	70	70	0.0	0.0	0.0	0.0
k16_476afbf4	HSat3	G3	chr6	57	0				
k16_476afbf4	HSat3	G3	chr7	70	70	0.0	0.0	0.0	0.0
k16_476afbf4	HSat3	G3	chr8	66	0				
k16_476afbf4	HSat3	G3	chr9	58	58	1.0	1.396551724137931	0.09648007858195201	0.0
k16_476afbf4	HSat3	G3	chr10	70	70	0.0	0.6571428571428571	1.0481779977594512	0.0
k16_476afbf4	HSat3	G3	chr11	69	0				
k16_476afbf4	HSat3	G3	chr12	70	0				
k16_476afbf4	HSat3	G3	chr13	0	0				
k16_476afbf4	HSat3	G3	chr14	0	0				
k16_476afbf4	HSat3	G3	chr15	0	0				
k16_476afbf4	HSat3	G3	chr16	60	60	0.0	0.0	0.0	0.0
k16_476afbf4	HSat3	G3	chr17	44	44	1.0	0.9545454545454546	1.2069954351720023	0.0
k16_476afbf4	HSat3	G3	chr18	38	0				
k16_476afbf4	HSat3	G3	chr19	66	0				
k16_476afbf4	HSat3	G3	chr20	70	70	1.0	1.0	0.9054715980012412	0.0
k16_476afbf4	HSat3	G3	chr21	0	0				
k16_476afbf4	HSat3	G3	chr22	0	0				
k16_476afbf4	HSat3	G3	chrX	52	0				
k16_476afbf4	HSat3	G3	chrY	1	1	0.0	0.0	0.0	0.0
k16_476afbf4	HSat3	G4	chr1	23	22	156.0	147.86363636363637	167.2432007130226	0.9090909090909091
k16_476afbf4	HSat3	G4	chr2	31	31	0.0	0.0	0.0	0.0
k16_476afbf4	HSat3	G4	chr3	28	28	0.0	0.0	0.0	0.0
k16_476afbf4	HSat3	G4	chr4	28	28	0.0	0.0	0.0	0.0
k16_476afbf4	HSat3	G4	chr5	39	39	0.0	0.0	0.0	0.0
k16_476afbf4	HSat3	G4	chr6	30	0				
k16_476afbf4	HSat3	G4	chr7	39	39	0.0	0.0	0.0	0.0
k16_476afbf4	HSat3	G4	chr8	36	0				
k16_476afbf4	HSat3	G4	chr9	27	27	1.0	1.2222222222222223	0.08608530465702795	0.0
k16_476afbf4	HSat3	G4	chr10	39	39	0.0	0.6410256410256411	1.0150559184154895	0.0
k16_476afbf4	HSat3	G4	chr11	39	0				
k16_476afbf4	HSat3	G4	chr12	37	0				
k16_476afbf4	HSat3	G4	chr13	0	0				
k16_476afbf4	HSat3	G4	chr14	0	0				
k16_476afbf4	HSat3	G4	chr15	0	0				
k16_476afbf4	HSat3	G4	chr16	29	29	0.0	0.0	0.0	0.0
k16_476afbf4	HSat3	G4	chr17	25	25	1.0	1.44	1.606761323059047	0.0
k16_476afbf4	HSat3	G4	chr18	27	0				
k16_476afbf4	HSat3	G4	chr19	35	0				
k16_476afbf4	HSat3	G4	chr20	39	39	1.0	0.717948717948718	0.8270205085727174	0.0
k16_476afbf4	HSat3	G4	chr21	0	0				
k16_476afbf4	HSat3	G4	chr22	0	0				
k16_476afbf4	HSat3	G4	chrX	30	0				
k16_476afbf4	HSat3	G4	chrY	1	1	0.0	0.0	0.0	0.0
k16_476afbf4	HSat3	G5	chr1	31	30	151.0	124.23333333333333	151.7307174257416	0.8333333333333334
k16_476afbf4	HSat3	G5	chr2	39	39	0.0	0.0	0.0	0.0
k16_476afbf4	HSat3	G5	chr3	26	26	0.0	0.0	0.0	0.0
k16_476afbf4	HSat3	G5	chr4	40	40	0.0	0.0	0.0	0.0
k16_476afbf4	HSat3	G5	chr5	47	47	0.0	0.0	0.0	0.0
k16_476afbf4	HSat3	G5	chr6	37	0				
k16_476afbf4	HSat3	G5	chr7	47	47	0.0	0.0	0.0	0.0
k16_476afbf4	HSat3	G5	chr8	45	0				
k16_476afbf4	HSat3	G5	chr9	40	40	1.0	1.375	0.09162646738663013	0.0
k16_476afbf4	HSat3	G5	chr10	47	47	0.0	0.8723404255319149	1.392350663174923	0.0
k16_476afbf4	HSat3	G5	chr11	46	0				
k16_476afbf4	HSat3	G5	chr12	44	0				
k16_476afbf4	HSat3	G5	chr13	0	0				
k16_476afbf4	HSat3	G5	chr14	0	0				
k16_476afbf4	HSat3	G5	chr15	0	0				
k16_476afbf4	HSat3	G5	chr16	33	33	0.0	0.0	0.0	0.0
k16_476afbf4	HSat3	G5	chr17	39	39	1.0	1.6153846153846154	1.795143674751424	0.02564102564102564
k16_476afbf4	HSat3	G5	chr18	39	0				
k16_476afbf4	HSat3	G5	chr19	46	0				
k16_476afbf4	HSat3	G5	chr20	47	47	0.0	0.02127659574468085	0.018283885813549453	0.0
k16_476afbf4	HSat3	G5	chr21	0	0				
k16_476afbf4	HSat3	G5	chr22	0	0				
k16_476afbf4	HSat3	G5	chrX	28	0				
k16_476afbf4	HSat3	G5	chrY	1	1	0.0	0.0	0.0	0.0
k16_476afbf4	HSat3	G6	chr1	34	34	151.0	130.64705882352942	162.61505509362922	0.7941176470588235
k16_476afbf4	HSat3	G6	chr2	39	38	0.0	0.0	0.0	0.0
k16_476afbf4	HSat3	G6	chr3	34	34	0.0	0.0	0.0	0.0
k16_476afbf4	HSat3	G6	chr4	34	34	0.0	0.0	0.0	0.0
k16_476afbf4	HSat3	G6	chr5	47	47	0.0	0.0	0.0	0.0
k16_476afbf4	HSat3	G6	chr6	40	0				
k16_476afbf4	HSat3	G6	chr7	47	47	0.0	0.0	0.0	0.0
k16_476afbf4	HSat3	G6	chr8	47	0				
k16_476afbf4	HSat3	G6	chr9	39	39	1.0	1.4871794871794872	0.11259289770640366	0.0
k16_476afbf4	HSat3	G6	chr10	47	47	0.0	0.8085106382978723	1.268464546032061	0.0
k16_476afbf4	HSat3	G6	chr11	47	0				
k16_476afbf4	HSat3	G6	chr12	47	0				
k16_476afbf4	HSat3	G6	chr13	0	0				
k16_476afbf4	HSat3	G6	chr14	0	0				
k16_476afbf4	HSat3	G6	chr15	0	0				
k16_476afbf4	HSat3	G6	chr16	41	41	0.0	0.0	0.0	0.0
k16_476afbf4	HSat3	G6	chr17	28	28	1.0	1.2142857142857142	1.4870041305913269	0.0
k16_476afbf4	HSat3	G6	chr18	25	0				
k16_476afbf4	HSat3	G6	chr19	46	0				
k16_476afbf4	HSat3	G6	chr20	47	47	1.0	0.9148936170212766	1.5642233740079914	0.0
k16_476afbf4	HSat3	G6	chr21	0	0				
k16_476afbf4	HSat3	G6	chr22	0	0				
k16_476afbf4	HSat3	G6	chrX	30	0				
k16_476afbf4	HSat3	G6	chrY	0	0				
k16_476afbf4	HSat3	G7	chr1	84	81	152.0	103.27160493827161	139.92320967416862	0.5925925925925926
k16_476afbf4	HSat3	G7	chr2	104	103	0.0	0.0	0.0	0.0
k16_476afbf4	HSat3	G7	chr3	88	86	0.0	0.0	0.0	0.0
k16_476afbf4	HSat3	G7	chr4	91	91	0.0	0.0	0.0	0.0
k16_476afbf4	HSat3	G7	chr5	126	126	0.0	0.007936507936507936	0.01158476289500537	0.0
k16_476afbf4	HSat3	G7	chr6	103	0				
k16_476afbf4	HSat3	G7	chr7	126	126	0.0	0.0	0.0	0.0
k16_476afbf4	HSat3	G7	chr8	121	0				
k16_476afbf4	HSat3	G7	chr9	101	101	1.0	1.4356435643564356	0.10119198964628685	0.0
k16_476afbf4	HSat3	G7	chr10	126	126	0.0	0.8333333333333334	1.3027705674251948	0.0
k16_476afbf4	HSat3	G7	chr11	125	0				
k16_476afbf4	HSat3	G7	chr12	126	0				
k16_476afbf4	HSat3	G7	chr13	0	0				
k16_476afbf4	HSat3	G7	chr14	0	0				
k16_476afbf4	HSat3	G7	chr15	0	0				
k16_476afbf4	HSat3	G7	chr16	109	109	0.0	0.0	0.0	0.0
k16_476afbf4	HSat3	G7	chr17	77	77	1.0	1.0649350649350648	1.3654056690178062	0.0
k16_476afbf4	HSat3	G7	chr18	76	0				
k16_476afbf4	HSat3	G7	chr19	121	0				
k16_476afbf4	HSat3	G7	chr20	126	126	1.0	0.9523809523809523	0.8600117457537528	0.0
k16_476afbf4	HSat3	G7	chr21	0	0				
k16_476afbf4	HSat3	G7	chr22	0	0				
k16_476afbf4	HSat3	G7	chrX	80	0				
k16_476afbf4	HSat3	G7	chrY	0	0				
k16_476afbf4	HSat3	NA	chr1	73	71	146.0	99.92957746478874	137.23016188594437	0.5915492957746479
k16_476afbf4	HSat3	NA	chr2	92	92	0.0	0.0	0.0	0.0
k16_476afbf4	HSat3	NA	chr3	80	80	0.0	0.0	0.0	0.0
k16_476afbf4	HSat3	NA	chr4	93	93	0.0	0.0	0.0	0.0
k16_476afbf4	HSat3	NA	chr5	115	114	0.0	0.0	0.0	0.0
k16_476afbf4	HSat3	NA	chr6	101	0				
k16_476afbf4	HSat3	NA	chr7	60	60	0.0	0.0	0.0	0.0
k16_476afbf4	HSat3	NA	chr8	127	0				
k16_476afbf4	HSat3	NA	chr9	98	97	1.0	1.309278350515464	0.08934058412697295	0.0
k16_476afbf4	HSat3	NA	chr10	119	118	0.0	0.8559322033898306	1.3271838030909164	0.0
k16_476afbf4	HSat3	NA	chr11	130	0				
k16_476afbf4	HSat3	NA	chr12	126	0				
k16_476afbf4	HSat3	NA	chr13	0	0				
k16_476afbf4	HSat3	NA	chr14	0	0				
k16_476afbf4	HSat3	NA	chr15	0	0				
k16_476afbf4	HSat3	NA	chr16	103	102	0.0	0.0	0.0	0.0
k16_476afbf4	HSat3	NA	chr17	65	65	1.0	1.0307692307692307	1.251843152199352	0.0
k16_476afbf4	HSat3	NA	chr18	84	0				
k16_476afbf4	HSat3	NA	chr19	128	0				
k16_476afbf4	HSat3	NA	chr20	84	84	1.0	0.8333333333333334	0.7993788506578848	0.0
k16_476afbf4	HSat3	NA	chr21	0	0				
k16_476afbf4	HSat3	NA	chr22	0	0				
k16_476afbf4	HSat3	NA	chrX	91	0				
k16_476afbf4	HSat3	NA	chrY	1	1	0.0	0.0	0.0	0.0
k16_4d01a0d0	HSat2	G1	chr1	102	102	1539.0	1700.137254901961	143.69410504583314	1.0
k16_4d01a0d0	HSat2	G1	chr2	128	128	5.0	4.828125	7.286318282087053	0.0
k16_4d01a0d0	HSat2	G1	chr3	107	0				
k16_4d01a0d0	HSat2	G1	chr4	124	0				
k16_4d01a0d0	HSat2	G1	chr5	153	0				
k16_4d01a0d0	HSat2	G1	chr6	131	0				
k16_4d01a0d0	HSat2	G1	chr7	158	158	7.0	6.753164556962025	21.443162626533	0.0
k16_4d01a0d0	HSat2	G1	chr8	153	0				
k16_4d01a0d0	HSat2	G1	chr9	132	125	1.0	1.0	26.29287315897302	0.0
k16_4d01a0d0	HSat2	G1	chr10	158	158	282.0	337.49367088607596	730.9199150195257	1.0
k16_4d01a0d0	HSat2	G1	chr11	156	0				
k16_4d01a0d0	HSat2	G1	chr12	156	0				
k16_4d01a0d0	HSat2	G1	chr13	0	0				
k16_4d01a0d0	HSat2	G1	chr14	0	0				
k16_4d01a0d0	HSat2	G1	chr15	0	0				
k16_4d01a0d0	HSat2	G1	chr16	127	127	14.0	14.692913385826772	1.639335222087055	0.952755905511811
k16_4d01a0d0	HSat2	G1	chr17	109	109	2.0	1.6972477064220184	20.396296738113975	0.0
k16_4d01a0d0	HSat2	G1	chr18	103	0				
k16_4d01a0d0	HSat2	G1	chr19	151	0				
k16_4d01a0d0	HSat2	G1	chr20	142	0				
k16_4d01a0d0	HSat2	G1	chr21	0	0				
k16_4d01a0d0	HSat2	G1	chr22	0	0				
k16_4d01a0d0	HSat2	G1	chrX	98	0				
k16_4d01a0d0	HSat2	G1	chrY	1	1	0.0	0.0	0.0	0.0
k16_4d01a0d0	HSat2	G2	chr1	25	25	1436.0	1830.32	154.82338645181682	1.0
k16_4d01a0d0	HSat2	G2	chr2	31	31	5.0	4.580645161290323	6.496197894316925	0.0
k16_4d01a0d0	HSat2	G2	chr3	23	0				
k16_4d01a0d0	HSat2	G2	chr4	31	0				
k16_4d01a0d0	HSat2	G2	chr5	42	0				
k16_4d01a0d0	HSat2	G2	chr6	35	0				
k16_4d01a0d0	HSat2	G2	chr7	42	42	7.0	6.595238095238095	20.88171653439192	0.0
k16_4d01a0d0	HSat2	G2	chr8	41	0				
k16_4d01a0d0	HSat2	G2	chr9	33	30	1.0	1.0	25.62333021298112	0.0
k16_4d01a0d0	HSat2	G2	chr10	42	42	61.0	137.5952380952381	580.2595675053036	1.0
k16_4d01a0d0	HSat2	G2	chr11	41	0				
k16_4d01a0d0	HSat2	G2	chr12	40	0				
k16_4d01a0d0	HSat2	G2	chr13	0	0				
k16_4d01a0d0	HSat2	G2	chr14	0	0				
k16_4d01a0d0	HSat2	G2	chr15	0	0				
k16_4d01a0d0	HSat2	G2	chr16	32	32	14.5	15.53125	1.7699175994384668	1.0
k16_4d01a0d0	HSat2	G2	chr17	29	28	2.0	1.6428571428571428	19.595606324268946	0.0
k16_4d01a0d0	HSat2	G2	chr18	30	0				
k16_4d01a0d0	HSat2	G2	chr19	41	0				
k16_4d01a0d0	HSat2	G2	chr20	42	0				
k16_4d01a0d0	HSat2	G2	chr21	0	0				
k16_4d01a0d0	HSat2	G2	chr22	0	0				
k16_4d01a0d0	HSat2	G2	chrX	29	0				
k16_4d01a0d0	HSat2	G2	chrY	0	0				
k16_4d01a0d0	HSat2	G3	chr1	186	186	1569.0	1753.8064516129032	140.48057333203343	1.0
k16_4d01a0d0	HSat2	G3	chr2	239	239	5.0	4.857740585774058	7.121043765671242	0.0
k16_4d01a0d0	HSat2	G3	chr3	204	0				
k16_4d01a0d0	HSat2	G3	chr4	211	0				
k16_4d01a0d0	HSat2	G3	chr5	283	0				
k16_4d01a0d0	HSat2	G3	chr6	222	0				
k16_4d01a0d0	HSat2	G3	chr7	289	289	7.0	6.626297577854671	21.01653708444243	0.0
k16_4d01a0d0	HSat2	G3	chr8	274	0				
k16_4d01a0d0	HSat2	G3	chr9	228	224	1.0	0.9955357142857143	25.837559840599635	0.0
k16_4d01a0d0	HSat2	G3	chr10	289	289	775.0	895.4290657439446	853.8183411545492	1.0
k16_4d01a0d0	HSat2	G3	chr11	286	0				
k16_4d01a0d0	HSat2	G3	chr12	286	0				
k16_4d01a0d0	HSat2	G3	chr13	0	0				
k16_4d01a0d0	HSat2	G3	chr14	0	0				
k16_4d01a0d0	HSat2	G3	chr15	0	0				
k16_4d01a0d0	HSat2	G3	chr16	242	242	14.0	14.698347107438016	1.7037458042259934	0.9545454545454546
k16_4d01a0d0	HSat2	G3	chr17	172	172	2.0	1.697674418604651	20.361364004985465	0.0
k16_4d01a0d0	HSat2	G3	chr18	182	0				
k16_4d01a0d0	HSat2	G3	chr19	277	0				
k16_4d01a0d0	HSat2	G3	chr20	268	0				
k16_4d01a0d0	HSat2	G3	chr21	0	0				
k16_4d01a0d0	HSat2	G3	chr22	0	0				
k16_4d01a0d0	HSat2	G3	chrX	203	0				
k16_4d01a0d0	HSat2	G3	chrY	3	3	0.0	0.0	0.0	0.0
k16_4d01a0d0	HSat2	NA	chr1	45	44	1546.0	1615.1818181818182	137.52569531035522	1.0
k16_4d01a0d0	HSat2	NA	chr2	58	58	5.0	5.051724137931035	7.216469885683482	0.0
k16_4d01a0d0	HSat2	NA	chr3	53	0				
k16_4d01a0d0	HSat2	NA	chr4	65	0				
k16_4d01a0d0	HSat2	NA	chr5	79	0				
k16_4d01a0d0	HSat2	NA	chr6	64	0				
k16_4d01a0d0	HSat2	NA	chr7	13	13	6.0	6.384615384615385	20.69083455857974	0.0
k16_4d01a0d0	HSat2	NA	chr8	80	0				
k16_4d01a0d0	HSat2	NA	chr9	66	65	1.0	1.0153846153846153	26.450414490017973	0.0
k16_4d01a0d0	HSat2	NA	chr10	72	71	610.0	598.7887323943662	815.9411650263365	1.0
k16_4d01a0d0	HSat2	NA	chr11	84	0				
k16_4d01a0d0	HSat2	NA	chr12	79	0				
k16_4d01a0d0	HSat2	NA	chr13	0	0				
k16_4d01a0d0	HSat2	NA	chr14	0	0				
k16_4d01a0d0	HSat2	NA	chr15	0	0				
k16_4d01a0d0	HSat2	NA	chr16	68	67	13.0	14.626865671641792	1.6288338643841433	0.9402985074626866
k16_4d01a0d0	HSat2	NA	chr17	47	47	2.0	1.7446808510638299	20.9824548295086	0.0
k16_4d01a0d0	HSat2	NA	chr18	53	0				
k16_4d01a0d0	HSat2	NA	chr19	82	0				
k16_4d01a0d0	HSat2	NA	chr20	74	0				
k16_4d01a0d0	HSat2	NA	chr21	0	0				
k16_4d01a0d0	HSat2	NA	chr22	0	0				
k16_4d01a0d0	HSat2	NA	chrX	63	0				
k16_4d01a0d0	HSat2	NA	chrY	0	0				
k16_4d83a118	HSat2	G1	chr1	102	102	175.5	187.52941176470588	15.849820898639653	1.0
k16_4d83a118	HSat2	G1	chr2	128	128	230.5	243.28125	367.14555227215345	0.9921875
k16_4d83a118	HSat2	G1	chr3	107	0				
k16_4d83a118	HSat2	G1	chr4	124	0				
k16_4d83a118	HSat2	G1	chr5	153	0				
k16_4d83a118	HSat2	G1	chr6	131	0				
k16_4d83a118	HSat2	G1	chr7	158	158	46.0	44.72784810126582	142.02327111687788	1.0
k16_4d83a118	HSat2	G1	chr8	153	0				
k16_4d83a118	HSat2	G1	chr9	132	125	5.0	4.016	105.59217860643565	0.0
k16_4d83a118	HSat2	G1	chr10	158	158	95.5	110.00632911392405	238.2439247422244	1.0
k16_4d83a118	HSat2	G1	chr11	156	0				
k16_4d83a118	HSat2	G1	chr12	156	0				
k16_4d83a118	HSat2	G1	chr13	0	0				
k16_4d83a118	HSat2	G1	chr14	0	0				
k16_4d83a118	HSat2	G1	chr15	0	0				
k16_4d83a118	HSat2	G1	chr16	127	127	1619.0	1684.8503937007874	187.98413369844567	1.0
k16_4d83a118	HSat2	G1	chr17	109	109	16.0	15.853211009174313	190.51243655924839	1.0
k16_4d83a118	HSat2	G1	chr18	103	0				
k16_4d83a118	HSat2	G1	chr19	151	0				
k16_4d83a118	HSat2	G1	chr20	142	0				
k16_4d83a118	HSat2	G1	chr21	0	0				
k16_4d83a118	HSat2	G1	chr22	0	0				
k16_4d83a118	HSat2	G1	chrX	98	0				
k16_4d83a118	HSat2	G1	chrY	1	1	0.0	0.0	0.0	0.0
k16_4d83a118	HSat2	G2	chr1	25	25	191.0	199.24	16.853343413534237	1.0
k16_4d83a118	HSat2	G2	chr2	31	31	282.0	263.8709677419355	374.21759701065105	1.0
k16_4d83a118	HSat2	G2	chr3	23	0				
k16_4d83a118	HSat2	G2	chr4	31	0				
k16_4d83a118	HSat2	G2	chr5	42	0				
k16_4d83a118	HSat2	G2	chr6	35	0				
k16_4d83a118	HSat2	G2	chr7	42	42	46.0	45.095238095238095	142.77967911963287	1.0
k16_4d83a118	HSat2	G2	chr8	41	0				
k16_4d83a118	HSat2	G2	chr9	33	30	5.0	4.566666666666666	117.01320797261378	0.0
k16_4d83a118	HSat2	G2	chr10	42	42	2.5	2.5714285714285716	10.844096433738153	0.047619047619047616
k16_4d83a118	HSat2	G2	chr11	41	0				
k16_4d83a118	HSat2	G2	chr12	40	0				
k16_4d83a118	HSat2	G2	chr13	0	0				
k16_4d83a118	HSat2	G2	chr14	0	0				
k16_4d83a118	HSat2	G2	chr15	0	0				
k16_4d83a118	HSat2	G2	chr16	32	32	1633.5	1629.96875	185.74875667829173	1.0
k16_4d83a118	HSat2	G2	chr17	29	28	16.0	16.0	190.84416594070626	1.0
k16_4d83a118	HSat2	G2	chr18	30	0				
k16_4d83a118	HSat2	G2	chr19	41	0				
k16_4d83a118	HSat2	G2	chr20	42	0				
k16_4d83a118	HSat2	G2	chr21	0	0				
k16_4d83a118	HSat2	G2	chr22	0	0				
k16_4d83a118	HSat2	G2	chrX	29	0				
k16_4d83a118	HSat2	G2	chrY	0	0				
k16_4d83a118	HSat2	G3	chr1	186	186	194.5	198.38172043010752	15.890452335254507	1.0
k16_4d83a118	HSat2	G3	chr2	239	239	242.0	251.52719665271965	368.7179551880505	1.0
k16_4d83a118	HSat2	G3	chr3	204	0				
k16_4d83a118	HSat2	G3	chr4	211	0				
k16_4d83a118	HSat2	G3	chr5	283	0				
k16_4d83a118	HSat2	G3	chr6	222	0				
k16_4d83a118	HSat2	G3	chr7	289	289	46.0	44.99307958477509	142.70393300731325	1.0
k16_4d83a118	HSat2	G3	chr8	274	0				
k16_4d83a118	HSat2	G3	chr9	228	224	5.0	4.236607142857143	109.95445869385226	0.008928571428571428
k16_4d83a118	HSat2	G3	chr10	289	289	466.0	552.3494809688582	526.6817167550672	1.0
k16_4d83a118	HSat2	G3	chr11	286	0				
k16_4d83a118	HSat2	G3	chr12	286	0				
k16_4d83a118	HSat2	G3	chr13	0	0				
k16_4d83a118	HSat2	G3	chr14	0	0				
k16_4d83a118	HSat2	G3	chr15	0	0				
k16_4d83a118	HSat2	G3	chr16	242	242	1580.5	1617.9586776859503	187.54423802684025	1.0
k16_4d83a118	HSat2	G3	chr17	172	172	16.0	16.02906976744186	192.24753617035935	0.9651162790697675
k16_4d83a118	HSat2	G3	chr18	182	0				
k16_4d83a118	HSat2	G3	chr19	277	0				
k16_4d83a118	HSat2	G3	chr20	268	0				
k16_4d83a118	HSat2	G3	chr21	0	0				
k16_4d83a118	HSat2	G3	chr22	0	0				
k16_4d83a118	HSat2	G3	chrX	203	0				
k16_4d83a118	HSat2	G3	chrY	3	3	0.0	0.0	0.0	0.0
k16_4d83a118	HSat2	NA	chr1	45	44	167.5	190.27272727272728	16.200893807878284	1.0
k16_4d83a118	HSat2	NA	chr2	58	58	252.5	260.5344827586207	372.17773529885017	1.0
k16_4d83a118	HSat2	NA	chr3	53	0				
k16_4d83a118	HSat2	NA	chr4	65	0				
k16_4d83a118	HSat2	NA	chr5	79	0				
k16_4d83a118	HSat2	NA	chr6	64	0				
k16_4d83a118	HSat2	NA	chr7	13	13	43.0	44.23076923076923	143.3401189299199	1.0
k16_4d83a118	HSat2	NA	chr8	80	0				
k16_4d83a118	HSat2	NA	chr9	66	65	5.0	4.276923076923077	111.41235194280299	0.0
k16_4d83a118	HSat2	NA	chr10	72	71	318.0	325.71830985915494	443.8409790280627	0.9295774647887324
k16_4d83a118	HSat2	NA	chr11	84	0				
k16_4d83a118	HSat2	NA	chr12	79	0				
k16_4d83a118	HSat2	NA	chr13	0	0				
k16_4d83a118	HSat2	NA	chr14	0	0				
k16_4d83a118	HSat2	NA	chr15	0	0				
k16_4d83a118	HSat2	NA	chr16	68	67	1571.0	1704.6567164179105	189.82895236636918	1.0
k16_4d83a118	HSat2	NA	chr17	47	47	16.0	16.02127659574468	192.68034739780455	1.0
k16_4d83a118	HSat2	NA	chr18	53	0				
k16_4d83a118	HSat2	NA	chr19	82	0				
k16_4d83a118	HSat2	NA	chr20	74	0				
k16_4d83a118	HSat2	NA	chr21	0	0				
k16_4d83a118	HSat2	NA	chr22	0	0				
k16_4d83a118	HSat2	NA	chrX	63	0				
k16_4d83a118	HSat2	NA	chrY	0	0				
k16_4f5be4f5	HSat3	G1	chr1	40	39	33.0	29.05128205128205	36.56435746451837	0.9487179487179487
k16_4f5be4f5	HSat3	G1	chr2	53	53	6.0	5.283018867924528	86.77598995134036	0.0
k16_4f5be4f5	HSat3	G1	chr3	35	35	6.0	6.257142857142857	31.646470486487175	0.08571428571428572
k16_4f5be4f5	HSat3	G1	chr4	48	48	6.0	5.8125	27.591971507679716	0.0
k16_4f5be4f5	HSat3	G1	chr5	59	59	14.0	15.254237288135593	40.3065573439376	0.847457627118644
k16_4f5be4f5	HSat3	G1	chr6	40	0				
k16_4f5be4f5	HSat3	G1	chr7	59	59	11.0	10.88135593220339	24.428123177403272	0.711864406779661
k16_4f5be4f5	HSat3	G1	chr8	53	0				
k16_4f5be4f5	HSat3	G1	chr9	49	49	3026.0	2953.734693877551	206.82391953232704	1.0
k16_4f5be4f5	HSat3	G1	chr10	59	59	52.0	50.932203389830505	78.67572805091841	1.0
k16_4f5be4f5	HSat3	G1	chr11	57	0				
k16_4f5be4f5	HSat3	G1	chr12	58	0				
k16_4f5be4f5	HSat3	G1	chr13	0	0				
k16_4f5be4f5	HSat3	G1	chr14	0	0				
k16_4f5be4f5	HSat3	G1	chr15	0	0				
k16_4f5be4f5	HSat3	G1	chr16	45	43	0.0	0.0	0.0	0.0
k16_4f5be4f5	HSat3	G1	chr17	42	42	21.5	22.214285714285715	24.892528575582283	1.0
k16_4f5be4f5	HSat3	G1	chr18	44	0				
k16_4f5be4f5	HSat3	G1	chr19	55	0				
k16_4f5be4f5	HSat3	G1	chr20	59	59	139.0	136.27118644067798	105.390139352505	1.0
k16_4f5be4f5	HSat3	G1	chr21	0	0				
k16_4f5be4f5	HSat3	G1	chr22	0	0				
k16_4f5be4f5	HSat3	G1	chrX	44	1	12.0	12.0	28.0728678072049	1.0
k16_4f5be4f5	HSat3	G1	chrY	0	0				
k16_4f5be4f5	HSat3	G2	chr1	35	35	23.0	23.62857142857143	33.68198738224694	1.0
k16_4f5be4f5	HSat3	G2	chr2	41	39	6.0	5.666666666666667	95.50607198219178	0.0
k16_4f5be4f5	HSat3	G2	chr3	47	47	6.0	5.361702127659575	29.786367914124483	0.0
k16_4f5be4f5	HSat3	G2	chr4	39	39	6.0	5.794871794871795	26.13060841190534	0.0
k16_4f5be4f5	HSat3	G2	chr5	54	54	21.0	22.59259259259259	67.61420024566124	0.9629629629629629
k16_4f5be4f5	HSat3	G2	chr6	44	0				
k16_4f5be4f5	HSat3	G2	chr7	54	54	10.0	10.018518518518519	24.977311505902424	0.7222222222222222
k16_4f5be4f5	HSat3	G2	chr8	53	0				
k16_4f5be4f5	HSat3	G2	chr9	47	47	2771.0	2916.063829787234	210.2477416998673	0.9574468085106383
k16_4f5be4f5	HSat3	G2	chr10	54	54	49.0	48.0	75.00775687856147	1.0
k16_4f5be4f5	HSat3	G2	chr11	54	0				
k16_4f5be4f5	HSat3	G2	chr12	53	0				
k16_4f5be4f5	HSat3	G2	chr13	0	0				
k16_4f5be4f5	HSat3	G2	chr14	0	0				
k16_4f5be4f5	HSat3	G2	chr15	0	0				
k16_4f5be4f5	HSat3	G2	chr16	49	47	0.0	0.0	0.0	0.0
k16_4f5be4f5	HSat3	G2	chr17	37	37	20.0	20.37837837837838	26.000000896551757	1.0
k16_4f5be4f5	HSat3	G2	chr18	35	0				
k16_4f5be4f5	HSat3	G2	chr19	54	0				
k16_4f5be4f5	HSat3	G2	chr20	54	54	71.0	65.42592592592592	101.0629632559037	1.0
k16_4f5be4f5	HSat3	G2	chr21	0	0				
k16_4f5be4f5	HSat3	G2	chr22	0	0				
k16_4f5be4f5	HSat3	G2	chrX	38	0				
k16_4f5be4f5	HSat3	G2	chrY	0	0				
k16_4f5be4f5	HSat3	G3	chr1	38	38	32.5	31.894736842105264	39.174031702457846	1.0
k16_4f5be4f5	HSat3	G3	chr2	57	56	6.0	5.892857142857143	98.06441643500187	0.0
k16_4f5be4f5	HSat3	G3	chr3	49	48	6.0	5.104166666666667	28.83602389129313	0.0
k16_4f5be4f5	HSat3	G3	chr4	58	58	5.5	5.620689655172414	26.114577790160396	0.0
k16_4f5be4f5	HSat3	G3	chr5	70	70	23.5	26.614285714285714	77.18998298588588	0.9857142857142858
k16_4f5be4f5	HSat3	G3	chr6	57	0				
k16_4f5be4f5	HSat3	G3	chr7	70	70	10.0	9.642857142857142	24.99098288313898	0.6142857142857143
k16_4f5be4f5	HSat3	G3	chr8	66	0				
k16_4f5be4f5	HSat3	G3	chr9	58	58	3067.0	3066.9137931034484	211.8762081263729	1.0
k16_4f5be4f5	HSat3	G3	chr10	70	70	48.0	47.82857142857143	76.28912905431831	1.0
k16_4f5be4f5	HSat3	G3	chr11	69	0				
k16_4f5be4f5	HSat3	G3	chr12	70	0				
k16_4f5be4f5	HSat3	G3	chr13	0	0				
k16_4f5be4f5	HSat3	G3	chr14	0	0				
k16_4f5be4f5	HSat3	G3	chr15	0	0				
k16_4f5be4f5	HSat3	G3	chr16	60	60	0.0	0.0	0.0	0.0
k16_4f5be4f5	HSat3	G3	chr17	44	44	21.0	20.40909090909091	25.806711923439476	1.0
k16_4f5be4f5	HSat3	G3	chr18	38	0				
k16_4f5be4f5	HSat3	G3	chr19	66	0				
k16_4f5be4f5	HSat3	G3	chr20	70	70	118.0	119.04285714285714	107.78992608777634	1.0
k16_4f5be4f5	HSat3	G3	chr21	0	0				
k16_4f5be4f5	HSat3	G3	chr22	0	0				
k16_4f5be4f5	HSat3	G3	chrX	52	0				
k16_4f5be4f5	HSat3	G3	chrY	1	1	55.0	55.0	3.175300549413594	1.0
k16_4f5be4f5	HSat3	G4	chr1	23	22	35.0	34.72727272727273	39.278759712495926	1.0
k16_4f5be4f5	HSat3	G4	chr2	31	31	5.0	5.096774193548387	86.8033618172888	0.0
k16_4f5be4f5	HSat3	G4	chr3	28	28	6.0	5.357142857142857	30.1688247432633	0.0
k16_4f5be4f5	HSat3	G4	chr4	28	28	5.5	5.428571428571429	24.95944090852365	0.0
k16_4f5be4f5	HSat3	G4	chr5	39	39	22.0	25.53846153846154	40.45514474899532	0.8717948717948718
k16_4f5be4f5	HSat3	G4	chr6	30	0				
k16_4f5be4f5	HSat3	G4	chr7	39	39	11.0	11.923076923076923	26.992718583552158	0.7692307692307693
k16_4f5be4f5	HSat3	G4	chr8	36	0				
k16_4f5be4f5	HSat3	G4	chr9	27	27	3002.0	2938.5925925925926	206.97515885145185	1.0
k16_4f5be4f5	HSat3	G4	chr10	39	39	48.0	50.256410256410255	79.58038400377438	1.0
k16_4f5be4f5	HSat3	G4	chr11	39	0				
k16_4f5be4f5	HSat3	G4	chr12	37	0				
k16_4f5be4f5	HSat3	G4	chr13	0	0				
k16_4f5be4f5	HSat3	G4	chr14	0	0				
k16_4f5be4f5	HSat3	G4	chr15	0	0				
k16_4f5be4f5	HSat3	G4	chr16	29	29	0.0	0.0	0.0	0.0
k16_4f5be4f5	HSat3	G4	chr17	25	25	22.0	22.2	24.77090373049364	1.0
k16_4f5be4f5	HSat3	G4	chr18	27	0				
k16_4f5be4f5	HSat3	G4	chr19	35	0				
k16_4f5be4f5	HSat3	G4	chr20	39	39	79.0	83.8974358974359	96.64325371606898	1.0
k16_4f5be4f5	HSat3	G4	chr21	0	0				
k16_4f5be4f5	HSat3	G4	chr22	0	0				
k16_4f5be4f5	HSat3	G4	chrX	30	0				
k16_4f5be4f5	HSat3	G4	chrY	1	1	36.0	36.0	4.16207874560496	1.0
k16_4f5be4f5	HSat3	G5	chr1	31	30	33.5	30.266666666666666	36.96578787834005	0.9666666666666667
k16_4f5be4f5	HSat3	G5	chr2	39	39	6.0	5.358974358974359	89.80784129880186	0.0
k16_4f5be4f5	HSat3	G5	chr3	26	26	5.0	5.230769230769231	29.623595193571678	0.038461538461538464
k16_4f5be4f5	HSat3	G5	chr4	40	40	6.0	5.7	26.64927762340807	0.0
k16_4f5be4f5	HSat3	G5	chr5	47	47	24.0	24.872340425531913	36.917341945063896	1.0
k16_4f5be4f5	HSat3	G5	chr6	37	0				
k16_4f5be4f5	HSat3	G5	chr7	47	47	10.0	11.297872340425531	24.763540830042174	0.7446808510638298
k16_4f5be4f5	HSat3	G5	chr8	45	0				
k16_4f5be4f5	HSat3	G5	chr9	40	40	3050.5	3116.75	207.6922125289305	1.0
k16_4f5be4f5	HSat3	G5	chr10	47	47	47.0	45.91489361702128	73.28518856418252	1.0
k16_4f5be4f5	HSat3	G5	chr11	46	0				
k16_4f5be4f5	HSat3	G5	chr12	44	0				
k16_4f5be4f5	HSat3	G5	chr13	0	0				
k16_4f5be4f5	HSat3	G5	chr14	0	0				
k16_4f5be4f5	HSat3	G5	chr15	0	0				
k16_4f5be4f5	HSat3	G5	chr16	33	33	0.0	0.0	0.0	0.0
k16_4f5be4f5	HSat3	G5	chr17	39	39	22.0	22.743589743589745	25.2744831667383	1.0
k16_4f5be4f5	HSat3	G5	chr18	39	0				
k16_4f5be4f5	HSat3	G5	chr19	46	0				
k16_4f5be4f5	HSat3	G5	chr20	47	47	117.0	121.65957446808511	104.54725908187577	1.0
k16_4f5be4f5	HSat3	G5	chr21	0	0				
k16_4f5be4f5	HSat3	G5	chr22	0	0				
k16_4f5be4f5	HSat3	G5	chrX	28	0				
k16_4f5be4f5	HSat3	G5	chrY	1	1	112.0	112.0	5.160615161914992	1.0
k16_4f5be4f5	HSat3	G6	chr1	34	34	31.5	29.970588235294116	37.304084002793374	1.0
k16_4f5be4f5	HSat3	G6	chr2	39	38	6.0	5.7368421052631575	100.26685702038176	0.0
k16_4f5be4f5	HSat3	G6	chr3	34	34	6.0	5.5588235294117645	30.14993611084967	0.0
k16_4f5be4f5	HSat3	G6	chr4	34	34	6.0	5.764705882352941	26.24231240830253	0.0
k16_4f5be4f5	HSat3	G6	chr5	47	47	26.0	25.48936170212766	36.7862353399713	1.0
k16_4f5be4f5	HSat3	G6	chr6	40	0				
k16_4f5be4f5	HSat3	G6	chr7	47	47	10.0	10.319148936170214	26.34693833094373	0.5957446808510638
k16_4f5be4f5	HSat3	G6	chr8	47	0				
k16_4f5be4f5	HSat3	G6	chr9	39	39	2556.0	2752.128205128205	208.360922233128	1.0
k16_4f5be4f5	HSat3	G6	chr10	47	47	49.0	50.48936170212766	79.21227283510738	1.0
k16_4f5be4f5	HSat3	G6	chr11	47	0				
k16_4f5be4f5	HSat3	G6	chr12	47	0				
k16_4f5be4f5	HSat3	G6	chr13	0	0				
k16_4f5be4f5	HSat3	G6	chr14	0	0				
k16_4f5be4f5	HSat3	G6	chr15	0	0				
k16_4f5be4f5	HSat3	G6	chr16	41	41	0.0	0.0	0.0	0.0
k16_4f5be4f5	HSat3	G6	chr17	28	28	21.0	21.5	26.32872019458761	1.0
k16_4f5be4f5	HSat3	G6	chr18	25	0				
k16_4f5be4f5	HSat3	G6	chr19	46	0				
k16_4f5be4f5	HSat3	G6	chr20	47	47	68.0	64.23404255319149	109.82303177046805	0.9574468085106383
k16_4f5be4f5	HSat3	G6	chr21	0	0				
k16_4f5be4f5	HSat3	G6	chr22	0	0				
k16_4f5be4f5	HSat3	G6	chrX	30	0				
k16_4f5be4f5	HSat3	G6	chrY	0	0				
k16_4f5be4f5	HSat3	G7	chr1	84	81	29.0	26.925925925925927	36.4820705677659	1.0
k16_4f5be4f5	HSat3	G7	chr2	104	103	6.0	5.786407766990291	99.1036770789823	0.0
k16_4f5be4f5	HSat3	G7	chr3	88	86	6.0	5.383720930232558	29.987508874812967	0.0
k16_4f5be4f5	HSat3	G7	chr4	91	91	5.0	5.593406593406593	25.49360170699948	0.0
k16_4f5be4f5	HSat3	G7	chr5	126	126	25.5	26.063492063492063	38.044361347197636	1.0
k16_4f5be4f5	HSat3	G7	chr6	103	0				
k16_4f5be4f5	HSat3	G7	chr7	126	126	10.0	9.11111111111111	24.383973323423415	0.6031746031746031
k16_4f5be4f5	HSat3	G7	chr8	121	0				
k16_4f5be4f5	HSat3	G7	chr9	101	101	2804.0	2985.1485148514853	210.40955088521025	1.0
k16_4f5be4f5	HSat3	G7	chr10	126	126	49.0	49.34920634920635	77.1488322690463	0.9920634920634921
k16_4f5be4f5	HSat3	G7	chr11	125	0				
k16_4f5be4f5	HSat3	G7	chr12	126	0				
k16_4f5be4f5	HSat3	G7	chr13	0	0				
k16_4f5be4f5	HSat3	G7	chr14	0	0				
k16_4f5be4f5	HSat3	G7	chr15	0	0				
k16_4f5be4f5	HSat3	G7	chr16	109	109	0.0	0.0	0.0	0.0
k16_4f5be4f5	HSat3	G7	chr17	77	77	20.0	20.363636363636363	26.10922059780391	1.0
k16_4f5be4f5	HSat3	G7	chr18	76	0				
k16_4f5be4f5	HSat3	G7	chr19	121	0				
k16_4f5be4f5	HSat3	G7	chr20	126	126	119.5	119.17460317460318	107.61613645198629	1.0
k16_4f5be4f5	HSat3	G7	chr21	0	0				
k16_4f5be4f5	HSat3	G7	chr22	0	0				
k16_4f5be4f5	HSat3	G7	chrX	80	0				
k16_4f5be4f5	HSat3	G7	chrY	0	0				
k16_4f5be4f5	HSat3	NA	chr1	73	71	28.0	26.281690140845072	36.09182270319551	1.0
k16_4f5be4f5	HSat3	NA	chr2	92	92	6.0	5.608695652173913	97.03227902872946	0.010869565217391304
k16_4f5be4f5	HSat3	NA	chr3	80	80	6.0	5.5625	29.98608241469229	0.0125
k16_4f5be4f5	HSat3	NA	chr4	93	93	6.0	5.559139784946237	26.2302880273347	0.0
k16_4f5be4f5	HSat3	NA	chr5	115	114	24.0	24.780701754385966	47.45078031338511	0.9473684210526315
k16_4f5be4f5	HSat3	NA	chr6	101	0				
k16_4f5be4f5	HSat3	NA	chr7	60	60	10.0	9.683333333333334	26.183469145620784	0.5666666666666667
k16_4f5be4f5	HSat3	NA	chr8	127	0				
k16_4f5be4f5	HSat3	NA	chr9	98	97	2932.0	3084.6907216494847	210.4885266106473	1.0
k16_4f5be4f5	HSat3	NA	chr10	119	118	50.0	51.101694915254235	79.23681517463591	1.0
k16_4f5be4f5	HSat3	NA	chr11	130	0				
k16_4f5be4f5	HSat3	NA	chr12	126	0				
k16_4f5be4f5	HSat3	NA	chr13	0	0				
k16_4f5be4f5	HSat3	NA	chr14	0	0				
k16_4f5be4f5	HSat3	NA	chr15	0	0				
k16_4f5be4f5	HSat3	NA	chr16	103	102	0.0	0.0	0.0	0.0
k16_4f5be4f5	HSat3	NA	chr17	65	65	21.0	20.953846153846154	25.447916019336084	1.0
k16_4f5be4f5	HSat3	NA	chr18	84	0				
k16_4f5be4f5	HSat3	NA	chr19	128	0				
k16_4f5be4f5	HSat3	NA	chr20	84	84	115.5	105.48809523809524	101.18994279542167	0.9880952380952381
k16_4f5be4f5	HSat3	NA	chr21	0	0				
k16_4f5be4f5	HSat3	NA	chr22	0	0				
k16_4f5be4f5	HSat3	NA	chrX	91	0				
k16_4f5be4f5	HSat3	NA	chrY	1	1	52.0	52.0	3.2916923698254354	1.0
k16_4f62d4e8	HSat2	G1	chr1	102	102	9492.0	9649.333333333334	815.5531640898108	1.0
k16_4f62d4e8	HSat2	G1	chr2	128	128	1.0	0.9921875	1.497350197127922	0.0
k16_4f62d4e8	HSat2	G1	chr3	107	0				
k16_4f62d4e8	HSat2	G1	chr4	124	0				
k16_4f62d4e8	HSat2	G1	chr5	153	0				
k16_4f62d4e8	HSat2	G1	chr6	131	0				
k16_4f62d4e8	HSat2	G1	chr7	158	158	1.0	0.6392405063291139	2.029765159587472	0.0
k16_4f62d4e8	HSat2	G1	chr8	153	0				
k16_4f62d4e8	HSat2	G1	chr9	132	125	1.0	0.688	18.089496733373437	0.0
k16_4f62d4e8	HSat2	G1	chr10	158	158	159.5	185.93037974683546	402.6748620420187	1.0
k16_4f62d4e8	HSat2	G1	chr11	156	0				
k16_4f62d4e8	HSat2	G1	chr12	156	0				
k16_4f62d4e8	HSat2	G1	chr13	0	0				
k16_4f62d4e8	HSat2	G1	chr14	0	0				
k16_4f62d4e8	HSat2	G1	chr15	0	0				
k16_4f62d4e8	HSat2	G1	chr16	127	127	3.0	3.0078740157480315	0.33559810012714625	0.0
k16_4f62d4e8	HSat2	G1	chr17	109	109	1.0	0.9908256880733946	11.907027284953024	0.0
k16_4f62d4e8	HSat2	G1	chr18	103	0				
k16_4f62d4e8	HSat2	G1	chr19	151	0				
k16_4f62d4e8	HSat2	G1	chr20	142	0				
k16_4f62d4e8	HSat2	G1	chr21	0	0				
k16_4f62d4e8	HSat2	G1	chr22	0	0				
k16_4f62d4e8	HSat2	G1	chrX	98	0				
k16_4f62d4e8	HSat2	G1	chrY	1	1	0.0	0.0	0.0	0.0
k16_4f62d4e8	HSat2	G2	chr1	25	25	9496.0	9395.12	794.7158390451906	1.0
k16_4f62d4e8	HSat2	G2	chr2	31	31	1.0	1.032258064516129	1.4639319198460674	0.0
k16_4f62d4e8	HSat2	G2	chr3	23	0				
k16_4f62d4e8	HSat2	G2	chr4	31	0				
k16_4f62d4e8	HSat2	G2	chr5	42	0				
k16_4f62d4e8	HSat2	G2	chr6	35	0				
k16_4f62d4e8	HSat2	G2	chr7	42	42	1.0	0.7142857142857143	2.261557747407067	0.0
k16_4f62d4e8	HSat2	G2	chr8	41	0				
k16_4f62d4e8	HSat2	G2	chr9	33	30	1.0	0.8	20.4986641703849	0.0
k16_4f62d4e8	HSat2	G2	chr10	42	42	36.5	110.45238095238095	465.7941051491786	0.9761904761904762
k16_4f62d4e8	HSat2	G2	chr11	41	0				
k16_4f62d4e8	HSat2	G2	chr12	40	0				
k16_4f62d4e8	HSat2	G2	chr13	0	0				
k16_4f62d4e8	HSat2	G2	chr14	0	0				
k16_4f62d4e8	HSat2	G2	chr15	0	0				
k16_4f62d4e8	HSat2	G2	chr16	32	32	3.0	3.0	0.3418754316822793	0.0
k16_4f62d4e8	HSat2	G2	chr17	29	28	1.0	1.0	11.927760371294141	0.0
k16_4f62d4e8	HSat2	G2	chr18	30	0				
k16_4f62d4e8	HSat2	G2	chr19	41	0				
k16_4f62d4e8	HSat2	G2	chr20	42	0				
k16_4f62d4e8	HSat2	G2	chr21	0	0				
k16_4f62d4e8	HSat2	G2	chr22	0	0				
k16_4f62d4e8	HSat2	G2	chrX	29	0				
k16_4f62d4e8	HSat2	G2	chrY	0	0				
k16_4f62d4e8	HSat2	G3	chr1	186	186	10085.0	10218.81182795699	818.5307694833439	1.0
k16_4f62d4e8	HSat2	G3	chr2	239	239	1.0	1.0	1.4659168475412805	0.0
k16_4f62d4e8	HSat2	G3	chr3	204	0				
k16_4f62d4e8	HSat2	G3	chr4	211	0				
k16_4f62d4e8	HSat2	G3	chr5	283	0				
k16_4f62d4e8	HSat2	G3	chr6	222	0				
k16_4f62d4e8	HSat2	G3	chr7	289	289	1.0	0.7024221453287197	2.227862677880842	0.0
k16_4f62d4e8	HSat2	G3	chr8	274	0				
k16_4f62d4e8	HSat2	G3	chr9	228	224	1.0	0.7098214285714286	18.42229602984458	0.0
k16_4f62d4e8	HSat2	G3	chr10	289	289	439.0	508.42906574394465	484.80228989170234	1.0
k16_4f62d4e8	HSat2	G3	chr11	286	0				
k16_4f62d4e8	HSat2	G3	chr12	286	0				
k16_4f62d4e8	HSat2	G3	chr13	0	0				
k16_4f62d4e8	HSat2	G3	chr14	0	0				
k16_4f62d4e8	HSat2	G3	chr15	0	0				
k16_4f62d4e8	HSat2	G3	chr16	242	242	3.0	2.975206611570248	0.344868422559099	0.0
k16_4f62d4e8	HSat2	G3	chr17	172	172	1.0	0.9534883720930233	11.435834578142522	0.0
k16_4f62d4e8	HSat2	G3	chr18	182	0				
k16_4f62d4e8	HSat2	G3	chr19	277	0				
k16_4f62d4e8	HSat2	G3	chr20	268	0				
k16_4f62d4e8	HSat2	G3	chr21	0	0				
k16_4f62d4e8	HSat2	G3	chr22	0	0				
k16_4f62d4e8	HSat2	G3	chrX	203	0				
k16_4f62d4e8	HSat2	G3	chrY	3	3	0.0	0.0	0.0	0.0
k16_4f62d4e8	HSat2	NA	chr1	45	44	9205.5	9740.022727272728	829.3205030098095	1.0
k16_4f62d4e8	HSat2	NA	chr2	58	58	1.0	1.0	1.42851622310458	0.0
k16_4f62d4e8	HSat2	NA	chr3	53	0				
k16_4f62d4e8	HSat2	NA	chr4	65	0				
k16_4f62d4e8	HSat2	NA	chr5	79	0				
k16_4f62d4e8	HSat2	NA	chr6	64	0				
k16_4f62d4e8	HSat2	NA	chr7	13	13	1.0	0.9230769230769231	2.991445960276589	0.0
k16_4f62d4e8	HSat2	NA	chr8	80	0				
k16_4f62d4e8	HSat2	NA	chr9	66	65	1.0	0.7384615384615385	19.236665083649434	0.0
k16_4f62d4e8	HSat2	NA	chr10	72	71	336.0	342.0	466.0272702914217	1.0
k16_4f62d4e8	HSat2	NA	chr11	84	0				
k16_4f62d4e8	HSat2	NA	chr12	79	0				
k16_4f62d4e8	HSat2	NA	chr13	0	0				
k16_4f62d4e8	HSat2	NA	chr14	0	0				
k16_4f62d4e8	HSat2	NA	chr15	0	0				
k16_4f62d4e8	HSat2	NA	chr16	68	67	3.0	2.985074626865672	0.3324150743641109	0.0
k16_4f62d4e8	HSat2	NA	chr17	47	47	1.0	0.9787234042553191	11.77064539216336	0.0
k16_4f62d4e8	HSat2	NA	chr18	53	0				
k16_4f62d4e8	HSat2	NA	chr19	82	0				
k16_4f62d4e8	HSat2	NA	chr20	74	0				
k16_4f62d4e8	HSat2	NA	chr21	0	0				
k16_4f62d4e8	HSat2	NA	chr22	0	0				
k16_4f62d4e8	HSat2	NA	chrX	63	0				
k16_4f62d4e8	HSat2	NA	chrY	0	0				
k16_4f6fd4d6	HSat2	G1	chr1	102	102	5628.5	5665.4607843137255	478.8397611586776	1.0
k16_4f6fd4d6	HSat2	G1	chr2	128	128	1.0	1.1953125	1.8038943319730085	0.0
k16_4f6fd4d6	HSat2	G1	chr3	107	0				
k16_4f6fd4d6	HSat2	G1	chr4	124	0				
k16_4f6fd4d6	HSat2	G1	chr5	153	0				
k16_4f6fd4d6	HSat2	G1	chr6	131	0				
k16_4f6fd4d6	HSat2	G1	chr7	158	158	0.0	0.0	0.0	0.0
k16_4f6fd4d6	HSat2	G1	chr8	153	0				
k16_4f6fd4d6	HSat2	G1	chr9	132	125	1.0	1.0	26.29287315897302	0.0
k16_4f6fd4d6	HSat2	G1	chr10	158	158	130.0	153.08227848101265	331.5347682952754	1.0
k16_4f6fd4d6	HSat2	G1	chr11	156	0				
k16_4f6fd4d6	HSat2	G1	chr12	156	0				
k16_4f6fd4d6	HSat2	G1	chr13	0	0				
k16_4f6fd4d6	HSat2	G1	chr14	0	0				
k16_4f6fd4d6	HSat2	G1	chr15	0	0				
k16_4f6fd4d6	HSat2	G1	chr16	127	127	3.0	3.047244094488189	0.3399907454167686	0.0
k16_4f6fd4d6	HSat2	G1	chr17	109	109	0.0	0.0	0.0	0.0
k16_4f6fd4d6	HSat2	G1	chr18	103	0				
k16_4f6fd4d6	HSat2	G1	chr19	151	0				
k16_4f6fd4d6	HSat2	G1	chr20	142	0				
k16_4f6fd4d6	HSat2	G1	chr21	0	0				
k16_4f6fd4d6	HSat2	G1	chr22	0	0				
k16_4f6fd4d6	HSat2	G1	chrX	98	0				
k16_4f6fd4d6	HSat2	G1	chrY	1	1	0.0	0.0	0.0	0.0
k16_4f6fd4d6	HSat2	G2	chr1	25	25	5280.0	5622.04	475.5579743255673	1.0
k16_4f6fd4d6	HSat2	G2	chr2	31	31	1.0	1.3225806451612903	1.875662772302774	0.0
k16_4f6fd4d6	HSat2	G2	chr3	23	0				
k16_4f6fd4d6	HSat2	G2	chr4	31	0				
k16_4f6fd4d6	HSat2	G2	chr5	42	0				
k16_4f6fd4d6	HSat2	G2	chr6	35	0				
k16_4f6fd4d6	HSat2	G2	chr7	42	42	0.0	0.0	0.0	0.0
k16_4f6fd4d6	HSat2	G2	chr8	41	0				
k16_4f6fd4d6	HSat2	G2	chr9	33	30	1.0	1.0	25.62333021298112	0.0
k16_4f6fd4d6	HSat2	G2	chr10	42	42	28.0	38.285714285714285	161.45654690232362	0.9761904761904762
k16_4f6fd4d6	HSat2	G2	chr11	41	0				
k16_4f6fd4d6	HSat2	G2	chr12	40	0				
k16_4f6fd4d6	HSat2	G2	chr13	0	0				
k16_4f6fd4d6	HSat2	G2	chr14	0	0				
k16_4f6fd4d6	HSat2	G2	chr15	0	0				
k16_4f6fd4d6	HSat2	G2	chr16	32	32	3.0	3.03125	0.3454366340956364	0.0
k16_4f6fd4d6	HSat2	G2	chr17	29	28	0.0	0.0	0.0	0.0
k16_4f6fd4d6	HSat2	G2	chr18	30	0				
k16_4f6fd4d6	HSat2	G2	chr19	41	0				
k16_4f6fd4d6	HSat2	G2	chr20	42	0				
k16_4f6fd4d6	HSat2	G2	chr21	0	0				
k16_4f6fd4d6	HSat2	G2	chr22	0	0				
k16_4f6fd4d6	HSat2	G2	chrX	29	0				
k16_4f6fd4d6	HSat2	G2	chrY	0	0				
k16_4f6fd4d6	HSat2	G3	chr1	186	186	5990.5	6005.0	481.0028165212015	1.0
k16_4f6fd4d6	HSat2	G3	chr2	239	239	1.0	1.1757322175732217	1.7235256659376563	0.0
k16_4f6fd4d6	HSat2	G3	chr3	204	0				
k16_4f6fd4d6	HSat2	G3	chr4	211	0				
k16_4f6fd4d6	HSat2	G3	chr5	283	0				
k16_4f6fd4d6	HSat2	G3	chr6	222	0				
k16_4f6fd4d6	HSat2	G3	chr7	289	289	0.0	0.0	0.0	0.0
k16_4f6fd4d6	HSat2	G3	chr8	274	0				
k16_4f6fd4d6	HSat2	G3	chr9	228	224	1.0	0.9955357142857143	25.837559840599635	0.0
k16_4f6fd4d6	HSat2	G3	chr10	289	289	405.0	470.6782006920415	448.80571326842096	1.0
k16_4f6fd4d6	HSat2	G3	chr11	286	0				
k16_4f6fd4d6	HSat2	G3	chr12	286	0				
k16_4f6fd4d6	HSat2	G3	chr13	0	0				
k16_4f6fd4d6	HSat2	G3	chr14	0	0				
k16_4f6fd4d6	HSat2	G3	chr15	0	0				
k16_4f6fd4d6	HSat2	G3	chr16	242	242	3.0	3.0041322314049586	0.3482213100006458	0.0
k16_4f6fd4d6	HSat2	G3	chr17	172	172	0.0	0.0	0.0	0.0
k16_4f6fd4d6	HSat2	G3	chr18	182	0				
k16_4f6fd4d6	HSat2	G3	chr19	277	0				
k16_4f6fd4d6	HSat2	G3	chr20	268	0				
k16_4f6fd4d6	HSat2	G3	chr21	0	0				
k16_4f6fd4d6	HSat2	G3	chr22	0	0				
k16_4f6fd4d6	HSat2	G3	chrX	203	0				
k16_4f6fd4d6	HSat2	G3	chrY	3	3	0.0	0.0	0.0	0.0
k16_4f6fd4d6	HSat2	NA	chr1	45	44	5520.0	5716.909090909091	486.76990348888376	1.0
k16_4f6fd4d6	HSat2	NA	chr2	58	58	1.0	1.103448275862069	1.5762937634257435	0.0
k16_4f6fd4d6	HSat2	NA	chr3	53	0				
k16_4f6fd4d6	HSat2	NA	chr4	65	0				
k16_4f6fd4d6	HSat2	NA	chr5	79	0				
k16_4f6fd4d6	HSat2	NA	chr6	64	0				
k16_4f6fd4d6	HSat2	NA	chr7	13	13	0.0	0.0	0.0	0.0
k16_4f6fd4d6	HSat2	NA	chr8	80	0				
k16_4f6fd4d6	HSat2	NA	chr9	66	65	1.0	1.0	26.049650634108612	0.0
k16_4f6fd4d6	HSat2	NA	chr10	72	71	303.0	303.19718309859155	413.15250175288014	1.0
k16_4f6fd4d6	HSat2	NA	chr11	84	0				
k16_4f6fd4d6	HSat2	NA	chr12	79	0				
k16_4f6fd4d6	HSat2	NA	chr13	0	0				
k16_4f6fd4d6	HSat2	NA	chr14	0	0				
k16_4f6fd4d6	HSat2	NA	chr15	0	0				
k16_4f6fd4d6	HSat2	NA	chr16	68	67	3.0	3.0	0.33407714973593144	0.0
k16_4f6fd4d6	HSat2	NA	chr17	47	47	0.0	0.0	0.0	0.0
k16_4f6fd4d6	HSat2	NA	chr18	53	0				
k16_4f6fd4d6	HSat2	NA	chr19	82	0				
k16_4f6fd4d6	HSat2	NA	chr20	74	0				
k16_4f6fd4d6	HSat2	NA	chr21	0	0				
k16_4f6fd4d6	HSat2	NA	chr22	0	0				
k16_4f6fd4d6	HSat2	NA	chrX	63	0				
k16_4f6fd4d6	HSat2	NA	chrY	0	0				
k16_51d8e3d4	HSat2	G1	chr1	102	102	6239.5	6276.509803921569	530.4850867101997	1.0
k16_51d8e3d4	HSat2	G1	chr2	128	128	84.5	94.5	142.6137636571602	0.9609375
k16_51d8e3d4	HSat2	G1	chr3	107	0				
k16_51d8e3d4	HSat2	G1	chr4	124	0				
k16_51d8e3d4	HSat2	G1	chr5	153	0				
k16_51d8e3d4	HSat2	G1	chr6	131	0				
k16_51d8e3d4	HSat2	G1	chr7	158	158	12.0	11.341772151898734	36.01325906911634	0.930379746835443
k16_51d8e3d4	HSat2	G1	chr8	153	0				
k16_51d8e3d4	HSat2	G1	chr9	132	125	3.0	2.68	70.4649000660477	0.0
k16_51d8e3d4	HSat2	G1	chr10	158	158	201.5	235.5632911392405	510.16631005010356	1.0
k16_51d8e3d4	HSat2	G1	chr11	156	0				
k16_51d8e3d4	HSat2	G1	chr12	156	0				
k16_51d8e3d4	HSat2	G1	chr13	0	0				
k16_51d8e3d4	HSat2	G1	chr14	0	0				
k16_51d8e3d4	HSat2	G1	chr15	0	0				
k16_51d8e3d4	HSat2	G1	chr16	127	127	1273.0	1307.1968503937007	145.8481230222724	1.0
k16_51d8e3d4	HSat2	G1	chr17	109	109	2.0	2.229357798165138	26.790811391144302	0.0
k16_51d8e3d4	HSat2	G1	chr18	103	0				
k16_51d8e3d4	HSat2	G1	chr19	151	0				
k16_51d8e3d4	HSat2	G1	chr20	142	0				
k16_51d8e3d4	HSat2	G1	chr21	0	0				
k16_51d8e3d4	HSat2	G1	chr22	0	0				
k16_51d8e3d4	HSat2	G1	chrX	98	0				
k16_51d8e3d4	HSat2	G1	chrY	1	1	0.0	0.0	0.0	0.0
k16_51d8e3d4	HSat2	G2	chr1	25	25	5936.0	6173.6	522.2134154677522	1.0
k16_51d8e3d4	HSat2	G2	chr2	31	31	90.0	102.41935483870968	145.24949517222703	0.967741935483871
k16_51d8e3d4	HSat2	G2	chr3	23	0				
k16_51d8e3d4	HSat2	G2	chr4	31	0				
k16_51d8e3d4	HSat2	G2	chr5	42	0				
k16_51d8e3d4	HSat2	G2	chr6	35	0				
k16_51d8e3d4	HSat2	G2	chr7	42	42	12.0	11.333333333333334	35.883382925525474	0.8809523809523809
k16_51d8e3d4	HSat2	G2	chr8	41	0				
k16_51d8e3d4	HSat2	G2	chr9	33	30	3.0	2.8666666666666667	73.45354661054589	0.0
k16_51d8e3d4	HSat2	G2	chr10	42	42	41.0	104.5	440.69203007108104	0.9761904761904762
k16_51d8e3d4	HSat2	G2	chr11	41	0				
k16_51d8e3d4	HSat2	G2	chr12	40	0				
k16_51d8e3d4	HSat2	G2	chr13	0	0				
k16_51d8e3d4	HSat2	G2	chr14	0	0				
k16_51d8e3d4	HSat2	G2	chr15	0	0				
k16_51d8e3d4	HSat2	G2	chr16	32	32	1256.0	1261.375	143.74437421274502	1.0
k16_51d8e3d4	HSat2	G2	chr17	29	28	2.0	2.3214285714285716	27.689443719075687	0.0
k16_51d8e3d4	HSat2	G2	chr18	30	0				
k16_51d8e3d4	HSat2	G2	chr19	41	0				
k16_51d8e3d4	HSat2	G2	chr20	42	0				
k16_51d8e3d4	HSat2	G2	chr21	0	0				
k16_51d8e3d4	HSat2	G2	chr22	0	0				
k16_51d8e3d4	HSat2	G2	chrX	29	0				
k16_51d8e3d4	HSat2	G2	chrY	0	0				
k16_51d8e3d4	HSat2	G3	chr1	186	186	6634.5	6648.279569892473	532.5297582245865	1.0
k16_51d8e3d4	HSat2	G3	chr2	239	239	86.0	100.18410041841004	146.86156065911473	0.9665271966527197
k16_51d8e3d4	HSat2	G3	chr3	204	0				
k16_51d8e3d4	HSat2	G3	chr4	211	0				
k16_51d8e3d4	HSat2	G3	chr5	283	0				
k16_51d8e3d4	HSat2	G3	chr6	222	0				
k16_51d8e3d4	HSat2	G3	chr7	289	289	12.0	11.304498269896193	35.854322012988725	0.9480968858131488
k16_51d8e3d4	HSat2	G3	chr8	274	0				
k16_51d8e3d4	HSat2	G3	chr9	228	224	3.0	2.763392857142857	71.71950466964653	0.0
k16_51d8e3d4	HSat2	G3	chr10	289	289	463.0	536.1868512110726	511.27016685521863	1.0
k16_51d8e3d4	HSat2	G3	chr11	286	0				
k16_51d8e3d4	HSat2	G3	chr12	286	0				
k16_51d8e3d4	HSat2	G3	chr13	0	0				
k16_51d8e3d4	HSat2	G3	chr14	0	0				
k16_51d8e3d4	HSat2	G3	chr15	0	0				
k16_51d8e3d4	HSat2	G3	chr16	242	242	1219.5	1245.5123966942149	144.37245932948372	1.0
k16_51d8e3d4	HSat2	G3	chr17	172	172	2.0	2.197674418604651	26.358204088645568	0.0
k16_51d8e3d4	HSat2	G3	chr18	182	0				
k16_51d8e3d4	HSat2	G3	chr19	277	0				
k16_51d8e3d4	HSat2	G3	chr20	268	0				
k16_51d8e3d4	HSat2	G3	chr21	0	0				
k16_51d8e3d4	HSat2	G3	chr22	0	0				
k16_51d8e3d4	HSat2	G3	chrX	203	0				
k16_51d8e3d4	HSat2	G3	chrY	3	3	0.0	0.0	0.0	0.0
k16_51d8e3d4	HSat2	NA	chr1	45	44	6249.0	6271.204545454545	533.9657466661823	1.0
k16_51d8e3d4	HSat2	NA	chr2	58	58	87.5	104.10344827586206	148.71346474319748	1.0
k16_51d8e3d4	HSat2	NA	chr3	53	0				
k16_51d8e3d4	HSat2	NA	chr4	65	0				
k16_51d8e3d4	HSat2	NA	chr5	79	0				
k16_51d8e3d4	HSat2	NA	chr6	64	0				
k16_51d8e3d4	HSat2	NA	chr7	13	13	10.0	10.692307692307692	34.650915706537155	0.7692307692307693
k16_51d8e3d4	HSat2	NA	chr8	80	0				
k16_51d8e3d4	HSat2	NA	chr9	66	65	3.0	2.7384615384615385	71.33596635186666	0.0
k16_51d8e3d4	HSat2	NA	chr10	72	71	376.0	372.90140845070425	508.13516218745093	1.0
k16_51d8e3d4	HSat2	NA	chr11	84	0				
k16_51d8e3d4	HSat2	NA	chr12	79	0				
k16_51d8e3d4	HSat2	NA	chr13	0	0				
k16_51d8e3d4	HSat2	NA	chr14	0	0				
k16_51d8e3d4	HSat2	NA	chr15	0	0				
k16_51d8e3d4	HSat2	NA	chr16	68	67	1213.0	1311.4626865671642	146.0432387711285	1.0
k16_51d8e3d4	HSat2	NA	chr17	47	47	2.0	2.148936170212766	25.84424314366303	0.0
k16_51d8e3d4	HSat2	NA	chr18	53	0				
k16_51d8e3d4	HSat2	NA	chr19	82	0				
k16_51d8e3d4	HSat2	NA	chr20	74	0				
k16_51d8e3d4	HSat2	NA	chr21	0	0				
k16_51d8e3d4	HSat2	NA	chr22	0	0				
k16_51d8e3d4	HSat2	NA	chrX	63	0				
k16_51d8e3d4	HSat2	NA	chrY	0	0				
k16_51da7e3d	HSat3	G1	chr1	40	39	61.0	49.333333333333336	62.09163615333923	0.7435897435897436
k16_51da7e3d	HSat3	G1	chr2	53	53	2.0	1.5849056603773586	26.03279698540211	0.0
k16_51da7e3d	HSat3	G1	chr3	35	35	0.0	0.02857142857142857	0.14450443144514694	0.0
k16_51da7e3d	HSat3	G1	chr4	48	48	1.0	1.2708333333333333	6.032653268704167	0.0
k16_51da7e3d	HSat3	G1	chr5	59	59	4.0	4.593220338983051	12.136752266896767	0.0847457627118644
k16_51da7e3d	HSat3	G1	chr6	40	0				
k16_51da7e3d	HSat3	G1	chr7	59	59	0.0	1.1694915254237288	2.6254524910293235	0.0847457627118644
k16_51da7e3d	HSat3	G1	chr8	53	0				
k16_51da7e3d	HSat3	G1	chr9	49	49	36.0	35.183673469387756	2.4636015094949446	0.9795918367346939
k16_51da7e3d	HSat3	G1	chr10	59	59	1.0	1.2033898305084745	1.8588940737488209	0.0
k16_51da7e3d	HSat3	G1	chr11	57	0				
k16_51da7e3d	HSat3	G1	chr12	58	0				
k16_51da7e3d	HSat3	G1	chr13	0	0				
k16_51da7e3d	HSat3	G1	chr14	0	0				
k16_51da7e3d	HSat3	G1	chr15	0	0				
k16_51da7e3d	HSat3	G1	chr16	45	43	0.0	0.0	0.0	0.0
k16_51da7e3d	HSat3	G1	chr17	42	42	0.0	0.47619047619047616	0.5336018987263083	0.0
k16_51da7e3d	HSat3	G1	chr18	44	0				
k16_51da7e3d	HSat3	G1	chr19	55	0				
k16_51da7e3d	HSat3	G1	chr20	59	59	132.0	115.1864406779661	89.08350585069951	1.0
k16_51da7e3d	HSat3	G1	chr21	0	0				
k16_51da7e3d	HSat3	G1	chr22	0	0				
k16_51da7e3d	HSat3	G1	chrX	44	1	2.0	2.0	4.678811301200818	0.0
k16_51da7e3d	HSat3	G1	chrY	0	0				
k16_51da7e3d	HSat3	G2	chr1	35	35	42.0	32.65714285714286	46.55200916312968	0.5142857142857142
k16_51da7e3d	HSat3	G2	chr2	41	39	2.0	1.7179487179487178	28.95432951496312	0.0
k16_51da7e3d	HSat3	G2	chr3	47	47	0.0	0.0	0.0	0.0
k16_51da7e3d	HSat3	G2	chr4	39	39	1.0	1.1538461538461537	5.202997250158142	0.0
k16_51da7e3d	HSat3	G2	chr5	54	54	4.0	4.555555555555555	13.633683000354642	0.018518518518518517
k16_51da7e3d	HSat3	G2	chr6	44	0				
k16_51da7e3d	HSat3	G2	chr7	54	54	0.0	0.6666666666666666	1.6620761815387934	0.037037037037037035
k16_51da7e3d	HSat3	G2	chr8	53	0				
k16_51da7e3d	HSat3	G2	chr9	47	47	38.0	37.95744680851064	2.7367259216560016	0.9574468085106383
k16_51da7e3d	HSat3	G2	chr10	54	54	1.0	1.0555555555555556	1.649476135060958	0.0
k16_51da7e3d	HSat3	G2	chr11	54	0				
k16_51da7e3d	HSat3	G2	chr12	53	0				
k16_51da7e3d	HSat3	G2	chr13	0	0				
k16_51da7e3d	HSat3	G2	chr14	0	0				
k16_51da7e3d	HSat3	G2	chr15	0	0				
k16_51da7e3d	HSat3	G2	chr16	49	47	0.0	0.0	0.0	0.0
k16_51da7e3d	HSat3	G2	chr17	37	37	0.0	0.16216216216216217	0.20689655885850203	0.0
k16_51da7e3d	HSat3	G2	chr18	35	0				
k16_51da7e3d	HSat3	G2	chr19	54	0				
k16_51da7e3d	HSat3	G2	chr20	54	54	15.0	15.11111111111111	23.342026044952565	1.0
k16_51da7e3d	HSat3	G2	chr21	0	0				
k16_51da7e3d	HSat3	G2	chr22	0	0				
k16_51da7e3d	HSat3	G2	chrX	38	0				
k16_51da7e3d	HSat3	G2	chrY	0	0				
k16_51da7e3d	HSat3	G3	chr1	38	38	61.0	49.71052631578947	61.05589594549742	0.6578947368421053
k16_51da7e3d	HSat3	G3	chr2	57	56	2.0	1.8928571428571428	31.499479218515752	0.0
k16_51da7e3d	HSat3	G3	chr3	49	48	0.0	0.0	0.0	0.0
k16_51da7e3d	HSat3	G3	chr4	58	58	1.0	1.0344827586206897	4.806364010458968	0.0
k16_51da7e3d	HSat3	G3	chr5	70	70	4.0	4.328571428571428	12.554248440538604	0.0
k16_51da7e3d	HSat3	G3	chr6	57	0				
k16_51da7e3d	HSat3	G3	chr7	70	70	0.0	0.2	0.5183314968354752	0.014285714285714285
k16_51da7e3d	HSat3	G3	chr8	66	0				
k16_51da7e3d	HSat3	G3	chr9	58	58	39.0	40.93103448275862	2.8277000809080746	0.9827586206896551
k16_51da7e3d	HSat3	G3	chr10	70	70	1.0	1.0714285714285714	1.7089858659121488	0.0
k16_51da7e3d	HSat3	G3	chr11	69	0				
k16_51da7e3d	HSat3	G3	chr12	70	0				
k16_51da7e3d	HSat3	G3	chr13	0	0				
k16_51da7e3d	HSat3	G3	chr14	0	0				
k16_51da7e3d	HSat3	G3	chr15	0	0				
k16_51da7e3d	HSat3	G3	chr16	60	60	0.0	0.0	0.0	0.0
k16_51da7e3d	HSat3	G3	chr17	44	44	0.0	0.0	0.0	0.0
k16_51da7e3d	HSat3	G3	chr18	38	0				
k16_51da7e3d	HSat3	G3	chr19	66	0				
k16_51da7e3d	HSat3	G3	chr20	70	70	24.5	24.82857142857143	22.481566247516536	1.0
k16_51da7e3d	HSat3	G3	chr21	0	0				
k16_51da7e3d	HSat3	G3	chr22	0	0				
k16_51da7e3d	HSat3	G3	chrX	52	0				
k16_51da7e3d	HSat3	G3	chrY	1	1	0.0	0.0	0.0	0.0
k16_51da7e3d	HSat3	G4	chr1	23	22	65.5	61.72727272727273	69.81748126906999	0.9090909090909091
k16_51da7e3d	HSat3	G4	chr2	31	31	1.0	1.4838709677419355	25.271864832881555	0.0
k16_51da7e3d	HSat3	G4	chr3	28	28	0.0	0.0	0.0	0.0
k16_51da7e3d	HSat3	G4	chr4	28	28	1.0	1.0357142857142858	4.761998594389381	0.0
k16_51da7e3d	HSat3	G4	chr5	39	39	1.0	1.205128205128205	1.9090279148622293	0.0
k16_51da7e3d	HSat3	G4	chr6	30	0				
k16_51da7e3d	HSat3	G4	chr7	39	39	0.0	0.41025641025641024	0.92878171470287	0.02564102564102564
k16_51da7e3d	HSat3	G4	chr8	36	0				
k16_51da7e3d	HSat3	G4	chr9	27	27	32.0	34.44444444444444	2.4260404039707875	0.9629629629629629
k16_51da7e3d	HSat3	G4	chr10	39	39	1.0	1.1794871794871795	1.867702889884501	0.0
k16_51da7e3d	HSat3	G4	chr11	39	0				
k16_51da7e3d	HSat3	G4	chr12	37	0				
k16_51da7e3d	HSat3	G4	chr13	0	0				
k16_51da7e3d	HSat3	G4	chr14	0	0				
k16_51da7e3d	HSat3	G4	chr15	0	0				
k16_51da7e3d	HSat3	G4	chr16	29	29	0.0	0.0	0.0	0.0
k16_51da7e3d	HSat3	G4	chr17	25	25	0.0	0.48	0.5355871076863489	0.0
k16_51da7e3d	HSat3	G4	chr18	27	0				
k16_51da7e3d	HSat3	G4	chr19	35	0				
k16_51da7e3d	HSat3	G4	chr20	39	39	16.0	21.0	24.190349875751984	1.0
k16_51da7e3d	HSat3	G4	chr21	0	0				
k16_51da7e3d	HSat3	G4	chr22	0	0				
k16_51da7e3d	HSat3	G4	chrX	30	0				
k16_51da7e3d	HSat3	G4	chrY	1	1	0.0	0.0	0.0	0.0
k16_51da7e3d	HSat3	G5	chr1	31	30	62.5	52.06666666666667	63.590925843576166	0.8
k16_51da7e3d	HSat3	G5	chr2	39	39	2.0	1.564102564102564	26.211857986731644	0.0
k16_51da7e3d	HSat3	G5	chr3	26	26	0.0	0.0	0.0	0.0
k16_51da7e3d	HSat3	G5	chr4	40	40	1.0	1.125	5.259725846725277	0.0
k16_51da7e3d	HSat3	G5	chr5	47	47	1.0	1.4893617021276595	2.210619278147539	0.0
k16_51da7e3d	HSat3	G5	chr6	37	0				
k16_51da7e3d	HSat3	G5	chr7	47	47	0.0	1.127659574468085	2.4716905159929103	0.0851063829787234
k16_51da7e3d	HSat3	G5	chr8	45	0				
k16_51da7e3d	HSat3	G5	chr9	40	40	36.0	37.775	2.5172289494763294	0.975
k16_51da7e3d	HSat3	G5	chr10	47	47	1.0	1.0851063829787233	1.731948385900514	0.0
k16_51da7e3d	HSat3	G5	chr11	46	0				
k16_51da7e3d	HSat3	G5	chr12	44	0				
k16_51da7e3d	HSat3	G5	chr13	0	0				
k16_51da7e3d	HSat3	G5	chr14	0	0				
k16_51da7e3d	HSat3	G5	chr15	0	0				
k16_51da7e3d	HSat3	G5	chr16	33	33	0.0	0.0	0.0	0.0
k16_51da7e3d	HSat3	G5	chr17	39	39	0.0	0.6666666666666666	0.7408529451355083	0.0
k16_51da7e3d	HSat3	G5	chr18	39	0				
k16_51da7e3d	HSat3	G5	chr19	46	0				
k16_51da7e3d	HSat3	G5	chr20	47	47	90.0	93.25531914893617	80.13827152078726	1.0
k16_51da7e3d	HSat3	G5	chr21	0	0				
k16_51da7e3d	HSat3	G5	chr22	0	0				
k16_51da7e3d	HSat3	G5	chrX	28	0				
k16_51da7e3d	HSat3	G5	chrY	1	1	0.0	0.0	0.0	0.0
k16_51da7e3d	HSat3	G6	chr1	34	34	61.0	53.64705882352941	66.7739442797793	0.7941176470588235
k16_51da7e3d	HSat3	G6	chr2	39	38	2.0	1.8421052631578947	32.19577977718681	0.0
k16_51da7e3d	HSat3	G6	chr3	34	34	0.0	0.0	0.0	0.0
k16_51da7e3d	HSat3	G6	chr4	34	34	1.0	1.0588235294117647	4.8200165647902615	0.0
k16_51da7e3d	HSat3	G6	chr5	47	47	1.0	1.2553191489361701	1.8116760309334778	0.0
k16_51da7e3d	HSat3	G6	chr6	40	0				
k16_51da7e3d	HSat3	G6	chr7	47	47	0.0	0.5319148936170213	1.3580896046878213	0.0425531914893617
k16_51da7e3d	HSat3	G6	chr8	47	0				
k16_51da7e3d	HSat3	G6	chr9	39	39	32.0	33.48717948717949	2.535281455251089	1.0
k16_51da7e3d	HSat3	G6	chr10	47	47	1.0	1.0638297872340425	1.6690322974106067	0.0
k16_51da7e3d	HSat3	G6	chr11	47	0				
k16_51da7e3d	HSat3	G6	chr12	47	0				
k16_51da7e3d	HSat3	G6	chr13	0	0				
k16_51da7e3d	HSat3	G6	chr14	0	0				
k16_51da7e3d	HSat3	G6	chr15	0	0				
k16_51da7e3d	HSat3	G6	chr16	41	41	0.0	0.0	0.0	0.0
k16_51da7e3d	HSat3	G6	chr17	28	28	0.0	0.25	0.30614790923939084	0.0
k16_51da7e3d	HSat3	G6	chr18	25	0				
k16_51da7e3d	HSat3	G6	chr19	46	0				
k16_51da7e3d	HSat3	G6	chr20	47	47	15.0	14.617021276595745	24.991196696360234	0.9361702127659575
k16_51da7e3d	HSat3	G6	chr21	0	0				
k16_51da7e3d	HSat3	G6	chr22	0	0				
k16_51da7e3d	HSat3	G6	chrX	30	0				
k16_51da7e3d	HSat3	G6	chrY	0	0				
k16_51da7e3d	HSat3	G7	chr1	84	81	58.0	41.60493827160494	56.37073719090833	0.5925925925925926
k16_51da7e3d	HSat3	G7	chr2	104	103	2.0	1.854368932038835	31.75973543974097	0.0
k16_51da7e3d	HSat3	G7	chr3	88	86	0.0	0.0	0.0	0.0
k16_51da7e3d	HSat3	G7	chr4	91	91	1.0	1.054945054945055	4.8082235046600195	0.0
k16_51da7e3d	HSat3	G7	chr5	126	126	1.0	1.0476190476190477	1.529188702140709	0.0
k16_51da7e3d	HSat3	G7	chr6	103	0				
k16_51da7e3d	HSat3	G7	chr7	126	126	0.0	0.1111111111111111	0.2973655283344319	0.007936507936507936
k16_51da7e3d	HSat3	G7	chr8	121	0				
k16_51da7e3d	HSat3	G7	chr9	101	101	34.0	35.801980198019805	2.523518859041195	0.9900990099009901
k16_51da7e3d	HSat3	G7	chr10	126	126	1.0	1.1349206349206349	1.7742494394457413	0.0
k16_51da7e3d	HSat3	G7	chr11	125	0				
k16_51da7e3d	HSat3	G7	chr12	126	0				
k16_51da7e3d	HSat3	G7	chr13	0	0				
k16_51da7e3d	HSat3	G7	chr14	0	0				
k16_51da7e3d	HSat3	G7	chr15	0	0				
k16_51da7e3d	HSat3	G7	chr16	109	109	0.0	0.0	0.0	0.0
k16_51da7e3d	HSat3	G7	chr17	77	77	0.0	0.14285714285714285	0.18316417511214478	0.0
k16_51da7e3d	HSat3	G7	chr18	76	0				
k16_51da7e3d	HSat3	G7	chr19	121	0				
k16_51da7e3d	HSat3	G7	chr20	126	126	24.0	24.476190476190474	22.10230186587145	1.0
k16_51da7e3d	HSat3	G7	chr21	0	0				
k16_51da7e3d	HSat3	G7	chr22	0	0				
k16_51da7e3d	HSat3	G7	chrX	80	0				
k16_51da7e3d	HSat3	G7	chrY	0	0				
k16_51da7e3d	HSat3	NA	chr1	73	71	57.0	40.12676056338028	55.10482469528618	0.5915492957746479
k16_51da7e3d	HSat3	NA	chr2	92	92	2.0	1.815217391304348	31.40385774767019	0.0
k16_51da7e3d	HSat3	NA	chr3	80	80	0.0	0.0	0.0	0.0
k16_51da7e3d	HSat3	NA	chr4	93	93	1.0	1.1290322580645162	5.32723451232136	0.0
k16_51da7e3d	HSat3	NA	chr5	115	114	1.0	2.4649122807017543	4.719882926747333	0.017543859649122806
k16_51da7e3d	HSat3	NA	chr6	101	0				
k16_51da7e3d	HSat3	NA	chr7	60	60	0.0	0.03333333333333333	0.09013242390919375	0.0
k16_51da7e3d	HSat3	NA	chr8	127	0				
k16_51da7e3d	HSat3	NA	chr9	98	97	37.0	39.03092783505155	2.6633342638166897	1.0
k16_51da7e3d	HSat3	NA	chr10	119	118	1.0	1.271186440677966	1.9710650540954204	0.0
k16_51da7e3d	HSat3	NA	chr11	130	0				
k16_51da7e3d	HSat3	NA	chr12	126	0				
k16_51da7e3d	HSat3	NA	chr13	0	0				
k16_51da7e3d	HSat3	NA	chr14	0	0				
k16_51da7e3d	HSat3	NA	chr15	0	0				
k16_51da7e3d	HSat3	NA	chr16	103	102	0.0	0.0	0.0	0.0
k16_51da7e3d	HSat3	NA	chr17	65	65	0.0	0.27692307692307694	0.33631607074012443	0.0
k16_51da7e3d	HSat3	NA	chr18	84	0				
k16_51da7e3d	HSat3	NA	chr19	128	0				
k16_51da7e3d	HSat3	NA	chr20	84	84	24.5	39.833333333333336	38.21030906144689	0.9880952380952381
k16_51da7e3d	HSat3	NA	chr21	0	0				
k16_51da7e3d	HSat3	NA	chr22	0	0				
k16_51da7e3d	HSat3	NA	chrX	91	0				
k16_51da7e3d	HSat3	NA	chrY	1	1	0.0	0.0	0.0	0.0
k16_51dabc3c	HSat3	G1	chr1	40	39	0.0	0.0	0.0	0.0
k16_51dabc3c	HSat3	G1	chr2	53	53	0.0	0.0	0.0	0.0
k16_51dabc3c	HSat3	G1	chr3	35	35	0.0	0.0	0.0	0.0
k16_51dabc3c	HSat3	G1	chr4	48	48	0.0	0.0	0.0	0.0
k16_51dabc3c	HSat3	G1	chr5	59	59	0.0	0.0	0.0	0.0
k16_51dabc3c	HSat3	G1	chr6	40	0				
k16_51dabc3c	HSat3	G1	chr7	59	59	0.0	0.0	0.0	0.0
k16_51dabc3c	HSat3	G1	chr8	53	0				
k16_51dabc3c	HSat3	G1	chr9	49	49	0.0	0.12244897959183673	0.008574019174576373	0.0
k16_51dabc3c	HSat3	G1	chr10	59	59	0.0	0.0	0.0	0.0
k16_51dabc3c	HSat3	G1	chr11	57	0				
k16_51dabc3c	HSat3	G1	chr12	58	0				
k16_51dabc3c	HSat3	G1	chr13	0	0				
k16_51dabc3c	HSat3	G1	chr14	0	0				
k16_51dabc3c	HSat3	G1	chr15	0	0				
k16_51dabc3c	HSat3	G1	chr16	45	43	0.0	0.0	0.0	0.0
k16_51dabc3c	HSat3	G1	chr17	42	42	0.0	0.0	0.0	0.0
k16_51dabc3c	HSat3	G1	chr18	44	0				
k16_51dabc3c	HSat3	G1	chr19	55	0				
k16_51dabc3c	HSat3	G1	chr20	59	59	86.0	74.30508474576271	57.466464044948005	1.0
k16_51dabc3c	HSat3	G1	chr21	0	0				
k16_51dabc3c	HSat3	G1	chr22	0	0				
k16_51dabc3c	HSat3	G1	chrX	44	1	0.0	0.0	0.0	0.0
k16_51dabc3c	HSat3	G1	chrY	0	0				
k16_51dabc3c	HSat3	G2	chr1	35	35	0.0	0.0	0.0	0.0
k16_51dabc3c	HSat3	G2	chr2	41	39	0.0	0.0	0.0	0.0
k16_51dabc3c	HSat3	G2	chr3	47	47	0.0	0.0	0.0	0.0
k16_51dabc3c	HSat3	G2	chr4	39	39	0.0	0.0	0.0	0.0
k16_51dabc3c	HSat3	G2	chr5	54	54	0.0	0.0	0.0	0.0
k16_51dabc3c	HSat3	G2	chr6	44	0				
k16_51dabc3c	HSat3	G2	chr7	54	54	0.0	0.0	0.0	0.0
k16_51dabc3c	HSat3	G2	chr8	53	0				
k16_51dabc3c	HSat3	G2	chr9	47	47	0.0	0.0425531914893617	0.0030680783875067282	0.0
k16_51dabc3c	HSat3	G2	chr10	54	54	0.0	0.0	0.0	0.0
k16_51dabc3c	HSat3	G2	chr11	54	0				
k16_51dabc3c	HSat3	G2	chr12	53	0				
k16_51dabc3c	HSat3	G2	chr13	0	0				
k16_51dabc3c	HSat3	G2	chr14	0	0				
k16_51dabc3c	HSat3	G2	chr15	0	0				
k16_51dabc3c	HSat3	G2	chr16	49	47	0.0	0.0	0.0	0.0
k16_51dabc3c	HSat3	G2	chr17	37	37	0.0	0.0	0.0	0.0
k16_51dabc3c	HSat3	G2	chr18	35	0				
k16_51dabc3c	HSat3	G2	chr19	54	0				
k16_51dabc3c	HSat3	G2	chr20	54	54	3.0	3.8333333333333335	5.921322783462231	0.09259259259259259
k16_51dabc3c	HSat3	G2	chr21	0	0				
k16_51dabc3c	HSat3	G2	chr22	0	0				
k16_51dabc3c	HSat3	G2	chrX	38	0				
k16_51dabc3c	HSat3	G2	chrY	0	0				
k16_51dabc3c	HSat3	G3	chr1	38	38	0.0	0.0	0.0	0.0
k16_51dabc3c	HSat3	G3	chr2	57	56	0.0	0.0	0.0	0.0
k16_51dabc3c	HSat3	G3	chr3	49	48	0.0	0.0	0.0	0.0
k16_51dabc3c	HSat3	G3	chr4	58	58	0.0	0.0	0.0	0.0
k16_51dabc3c	HSat3	G3	chr5	70	70	0.0	0.0	0.0	0.0
k16_51dabc3c	HSat3	G3	chr6	57	0				
k16_51dabc3c	HSat3	G3	chr7	70	70	0.0	0.0	0.0	0.0
k16_51dabc3c	HSat3	G3	chr8	66	0				
k16_51dabc3c	HSat3	G3	chr9	58	58	0.0	0.017241379310344827	0.0011911120812586667	0.0
k16_51dabc3c	HSat3	G3	chr10	70	70	0.0	0.0	0.0	0.0
k16_51dabc3c	HSat3	G3	chr11	69	0				
k16_51dabc3c	HSat3	G3	chr12	70	0				
k16_51dabc3c	HSat3	G3	chr13	0	0				
k16_51dabc3c	HSat3	G3	chr14	0	0				
k16_51dabc3c	HSat3	G3	chr15	0	0				
k16_51dabc3c	HSat3	G3	chr16	60	60	0.0	0.0	0.0	0.0
k16_51dabc3c	HSat3	G3	chr17	44	44	0.0	0.0	0.0	0.0
k16_51dabc3c	HSat3	G3	chr18	38	0				
k16_51dabc3c	HSat3	G3	chr19	66	0				
k16_51dabc3c	HSat3	G3	chr20	70	70	0.0	0.02857142857142857	0.025870617085749753	0.0
k16_51dabc3c	HSat3	G3	chr21	0	0				
k16_51dabc3c	HSat3	G3	chr22	0	0				
k16_51dabc3c	HSat3	G3	chrX	52	0				
k16_51dabc3c	HSat3	G3	chrY	1	1	0.0	0.0	0.0	0.0
k16_51dabc3c	HSat3	G4	chr1	23	22	0.0	0.0	0.0	0.0
k16_51dabc3c	HSat3	G4	chr2	31	31	0.0	0.0	0.0	0.0
k16_51dabc3c	HSat3	G4	chr3	28	28	0.0	0.0	0.0	0.0
k16_51dabc3c	HSat3	G4	chr4	28	28	0.0	0.0	0.0	0.0
k16_51dabc3c	HSat3	G4	chr5	39	39	0.0	0.0	0.0	0.0
k16_51dabc3c	HSat3	G4	chr6	30	0				
k16_51dabc3c	HSat3	G4	chr7	39	39	0.0	0.0	0.0	0.0
k16_51dabc3c	HSat3	G4	chr8	36	0				
k16_51dabc3c	HSat3	G4	chr9	27	27	0.0	0.037037037037037035	0.0026086455956675133	0.0
k16_51dabc3c	HSat3	G4	chr10	39	39	0.0	0.0	0.0	0.0
k16_51dabc3c	HSat3	G4	chr11	39	0				
k16_51dabc3c	HSat3	G4	chr12	37	0				
k16_51dabc3c	HSat3	G4	chr13	0	0				
k16_51dabc3c	HSat3	G4	chr14	0	0				
k16_51dabc3c	HSat3	G4	chr15	0	0				
k16_51dabc3c	HSat3	G4	chr16	29	29	0.0	0.0	0.0	0.0
k16_51dabc3c	HSat3	G4	chr17	25	25	0.0	0.0	0.0	0.0
k16_51dabc3c	HSat3	G4	chr18	27	0				
k16_51dabc3c	HSat3	G4	chr19	35	0				
k16_51dabc3c	HSat3	G4	chr20	39	39	3.0	5.153846153846154	5.936825793682721	0.23076923076923078
k16_51dabc3c	HSat3	G4	chr21	0	0				
k16_51dabc3c	HSat3	G4	chr22	0	0				
k16_51dabc3c	HSat3	G4	chrX	30	0				
k16_51dabc3c	HSat3	G4	chrY	1	1	0.0	0.0	0.0	0.0
k16_51dabc3c	HSat3	G5	chr1	31	30	0.0	0.0	0.0	0.0
k16_51dabc3c	HSat3	G5	chr2	39	39	0.0	0.0	0.0	0.0
k16_51dabc3c	HSat3	G5	chr3	26	26	0.0	0.0	0.0	0.0
k16_51dabc3c	HSat3	G5	chr4	40	40	0.0	0.0	0.0	0.0
k16_51dabc3c	HSat3	G5	chr5	47	47	0.0	0.0	0.0	0.0
k16_51dabc3c	HSat3	G5	chr6	37	0				
k16_51dabc3c	HSat3	G5	chr7	47	47	0.0	0.0	0.0	0.0
k16_51dabc3c	HSat3	G5	chr8	45	0				
k16_51dabc3c	HSat3	G5	chr9	40	40	0.0	0.025	0.0016659357706660023	0.0
k16_51dabc3c	HSat3	G5	chr10	47	47	0.0	0.0	0.0	0.0
k16_51dabc3c	HSat3	G5	chr11	46	0				
k16_51dabc3c	HSat3	G5	chr12	44	0				
k16_51dabc3c	HSat3	G5	chr13	0	0				
k16_51dabc3c	HSat3	G5	chr14	0	0				
k16_51dabc3c	HSat3	G5	chr15	0	0				
k16_51dabc3c	HSat3	G5	chr16	33	33	0.0	0.0	0.0	0.0
k16_51dabc3c	HSat3	G5	chr17	39	39	0.0	0.0	0.0	0.0
k16_51dabc3c	HSat3	G5	chr18	39	0				
k16_51dabc3c	HSat3	G5	chr19	46	0				
k16_51dabc3c	HSat3	G5	chr20	47	47	49.0	59.38297872340426	51.03032530561652	1.0
k16_51dabc3c	HSat3	G5	chr21	0	0				
k16_51dabc3c	HSat3	G5	chr22	0	0				
k16_51dabc3c	HSat3	G5	chrX	28	0				
k16_51dabc3c	HSat3	G5	chrY	1	1	0.0	0.0	0.0	0.0
k16_51dabc3c	HSat3	G6	chr1	34	34	0.0	0.0	0.0	0.0
k16_51dabc3c	HSat3	G6	chr2	39	38	0.0	0.0	0.0	0.0
k16_51dabc3c	HSat3	G6	chr3	34	34	0.0	0.0	0.0	0.0
k16_51dabc3c	HSat3	G6	chr4	34	34	0.0	0.0	0.0	0.0
k16_51dabc3c	HSat3	G6	chr5	47	47	0.0	0.0	0.0	0.0
k16_51dabc3c	HSat3	G6	chr6	40	0				
k16_51dabc3c	HSat3	G6	chr7	47	47	0.0	0.0	0.0	0.0
k16_51dabc3c	HSat3	G6	chr8	47	0				
k16_51dabc3c	HSat3	G6	chr9	39	39	0.0	0.0	0.0	0.0
k16_51dabc3c	HSat3	G6	chr10	47	47	0.0	0.0	0.0	0.0
k16_51dabc3c	HSat3	G6	chr11	47	0				
k16_51dabc3c	HSat3	G6	chr12	47	0				
k16_51dabc3c	HSat3	G6	chr13	0	0				
k16_51dabc3c	HSat3	G6	chr14	0	0				
k16_51dabc3c	HSat3	G6	chr15	0	0				
k16_51dabc3c	HSat3	G6	chr16	41	41	0.0	0.0	0.0	0.0
k16_51dabc3c	HSat3	G6	chr17	28	28	0.0	0.0	0.0	0.0
k16_51dabc3c	HSat3	G6	chr18	25	0				
k16_51dabc3c	HSat3	G6	chr19	46	0				
k16_51dabc3c	HSat3	G6	chr20	47	47	3.0	3.2127659574468086	5.492970452911783	0.0
k16_51dabc3c	HSat3	G6	chr21	0	0				
k16_51dabc3c	HSat3	G6	chr22	0	0				
k16_51dabc3c	HSat3	G6	chrX	30	0				
k16_51dabc3c	HSat3	G6	chrY	0	0				
k16_51dabc3c	HSat3	G7	chr1	84	81	0.0	0.012345679012345678	0.016727221718370426	0.0
k16_51dabc3c	HSat3	G7	chr2	104	103	0.0	0.0	0.0	0.0
k16_51dabc3c	HSat3	G7	chr3	88	86	0.0	0.0	0.0	0.0
k16_51dabc3c	HSat3	G7	chr4	91	91	0.0	0.0	0.0	0.0
k16_51dabc3c	HSat3	G7	chr5	126	126	0.0	0.0	0.0	0.0
k16_51dabc3c	HSat3	G7	chr6	103	0				
k16_51dabc3c	HSat3	G7	chr7	126	126	0.0	0.0	0.0	0.0
k16_51dabc3c	HSat3	G7	chr8	121	0				
k16_51dabc3c	HSat3	G7	chr9	101	101	0.0	0.0	0.0	0.0
k16_51dabc3c	HSat3	G7	chr10	126	126	0.0	0.0	0.0	0.0
k16_51dabc3c	HSat3	G7	chr11	125	0				
k16_51dabc3c	HSat3	G7	chr12	126	0				
k16_51dabc3c	HSat3	G7	chr13	0	0				
k16_51dabc3c	HSat3	G7	chr14	0	0				
k16_51dabc3c	HSat3	G7	chr15	0	0				
k16_51dabc3c	HSat3	G7	chr16	109	109	0.0	0.0	0.0	0.0
k16_51dabc3c	HSat3	G7	chr17	77	77	0.0	0.0	0.0	0.0
k16_51dabc3c	HSat3	G7	chr18	76	0				
k16_51dabc3c	HSat3	G7	chr19	121	0				
k16_51dabc3c	HSat3	G7	chr20	126	126	0.0	0.007936507936507936	0.007166764547947941	0.0
k16_51dabc3c	HSat3	G7	chr21	0	0				
k16_51dabc3c	HSat3	G7	chr22	0	0				
k16_51dabc3c	HSat3	G7	chrX	80	0				
k16_51dabc3c	HSat3	G7	chrY	0	0				
k16_51dabc3c	HSat3	NA	chr1	73	71	0.0	0.0	0.0	0.0
k16_51dabc3c	HSat3	NA	chr2	92	92	0.0	0.0	0.0	0.0
k16_51dabc3c	HSat3	NA	chr3	80	80	0.0	0.0	0.0	0.0
k16_51dabc3c	HSat3	NA	chr4	93	93	0.0	0.0	0.0	0.0
k16_51dabc3c	HSat3	NA	chr5	115	114	0.0	0.008771929824561403	0.016796736394118623	0.0
k16_51dabc3c	HSat3	NA	chr6	101	0				
k16_51dabc3c	HSat3	NA	chr7	60	60	0.0	0.0	0.0	0.0
k16_51dabc3c	HSat3	NA	chr8	127	0				
k16_51dabc3c	HSat3	NA	chr9	98	97	0.0	0.020618556701030927	0.0014069383327082352	0.0
k16_51dabc3c	HSat3	NA	chr10	119	118	0.0	0.0	0.0	0.0
k16_51dabc3c	HSat3	NA	chr11	130	0				
k16_51dabc3c	HSat3	NA	chr12	126	0				
k16_51dabc3c	HSat3	NA	chr13	0	0				
k16_51dabc3c	HSat3	NA	chr14	0	0				
k16_51dabc3c	HSat3	NA	chr15	0	0				
k16_51dabc3c	HSat3	NA	chr16	103	102	0.0	0.0	0.0	0.0
k16_51dabc3c	HSat3	NA	chr17	65	65	0.0	0.0	0.0	0.0
k16_51dabc3c	HSat3	NA	chr18	84	0				
k16_51dabc3c	HSat3	NA	chr19	128	0				
k16_51dabc3c	HSat3	NA	chr20	84	84	0.0	18.154761904761905	17.41503924647535	0.2261904761904762
k16_51dabc3c	HSat3	NA	chr21	0	0				
k16_51dabc3c	HSat3	NA	chr22	0	0				
k16_51dabc3c	HSat3	NA	chrX	91	0				
k16_51dabc3c	HSat3	NA	chrY	1	1	0.0	0.0	0.0	0.0
k16_53d43eac	HSat3	G1	chr1	40	39	1.0	1.205128205128205	1.516791527654337	0.0
k16_53d43eac	HSat3	G1	chr2	53	53	0.0	0.0	0.0	0.0
k16_53d43eac	HSat3	G1	chr3	35	35	0.0	0.0	0.0	0.0
k16_53d43eac	HSat3	G1	chr4	48	48	0.0	0.0	0.0	0.0
k16_53d43eac	HSat3	G1	chr5	59	59	0.0	0.0847457627118644	0.22392531857743112	0.0
k16_53d43eac	HSat3	G1	chr6	40	0				
k16_53d43eac	HSat3	G1	chr7	59	59	0.0	0.0	0.0	0.0
k16_53d43eac	HSat3	G1	chr8	53	0				
k16_53d43eac	HSat3	G1	chr9	49	49	2.0	1.8979591836734695	0.1328972972059338	0.0
k16_53d43eac	HSat3	G1	chr10	59	59	37.0	36.559322033898304	56.473725592622635	0.9491525423728814
k16_53d43eac	HSat3	G1	chr11	57	0				
k16_53d43eac	HSat3	G1	chr12	58	0				
k16_53d43eac	HSat3	G1	chr13	0	0				
k16_53d43eac	HSat3	G1	chr14	0	0				
k16_53d43eac	HSat3	G1	chr15	0	0				
k16_53d43eac	HSat3	G1	chr16	45	43	0.0	0.0	0.0	0.0
k16_53d43eac	HSat3	G1	chr17	42	42	0.0	0.0	0.0	0.0
k16_53d43eac	HSat3	G1	chr18	44	0				
k16_53d43eac	HSat3	G1	chr19	55	0				
k16_53d43eac	HSat3	G1	chr20	59	59	0.0	0.0	0.0	0.0
k16_53d43eac	HSat3	G1	chr21	0	0				
k16_53d43eac	HSat3	G1	chr22	0	0				
k16_53d43eac	HSat3	G1	chrX	44	1	0.0	0.0	0.0	0.0
k16_53d43eac	HSat3	G1	chrY	0	0				
k16_53d43eac	HSat3	G2	chr1	35	35	1.0	1.4857142857142858	2.117851685461718	0.0
k16_53d43eac	HSat3	G2	chr2	41	39	0.0	0.0	0.0	0.0
k16_53d43eac	HSat3	G2	chr3	47	47	0.0	0.0	0.0	0.0
k16_53d43eac	HSat3	G2	chr4	39	39	0.0	0.0	0.0	0.0
k16_53d43eac	HSat3	G2	chr5	54	54	0.0	0.037037037037037035	0.11084295122239546	0.0
k16_53d43eac	HSat3	G2	chr6	44	0				
k16_53d43eac	HSat3	G2	chr7	54	54	0.0	0.0	0.0	0.0
k16_53d43eac	HSat3	G2	chr8	53	0				
k16_53d43eac	HSat3	G2	chr9	47	47	2.0	2.148936170212766	0.1549379585690898	0.0
k16_53d43eac	HSat3	G2	chr10	54	54	32.5	33.870370370370374	52.927927210991086	0.8703703703703703
k16_53d43eac	HSat3	G2	chr11	54	0				
k16_53d43eac	HSat3	G2	chr12	53	0				
k16_53d43eac	HSat3	G2	chr13	0	0				
k16_53d43eac	HSat3	G2	chr14	0	0				
k16_53d43eac	HSat3	G2	chr15	0	0				
k16_53d43eac	HSat3	G2	chr16	49	47	0.0	0.0	0.0	0.0
k16_53d43eac	HSat3	G2	chr17	37	37	0.0	0.0	0.0	0.0
k16_53d43eac	HSat3	G2	chr18	35	0				
k16_53d43eac	HSat3	G2	chr19	54	0				
k16_53d43eac	HSat3	G2	chr20	54	54	0.0	0.0	0.0	0.0
k16_53d43eac	HSat3	G2	chr21	0	0				
k16_53d43eac	HSat3	G2	chr22	0	0				
k16_53d43eac	HSat3	G2	chrX	38	0				
k16_53d43eac	HSat3	G2	chrY	0	0				
k16_53d43eac	HSat3	G3	chr1	38	38	1.0	1.5	1.8423430751155916	0.0
k16_53d43eac	HSat3	G3	chr2	57	56	0.0	0.0	0.0	0.0
k16_53d43eac	HSat3	G3	chr3	49	48	0.0	0.0	0.0	0.0
k16_53d43eac	HSat3	G3	chr4	58	58	0.0	0.0	0.0	0.0
k16_53d43eac	HSat3	G3	chr5	70	70	0.0	0.014285714285714285	0.041433163170094406	0.0
k16_53d43eac	HSat3	G3	chr6	57	0				
k16_53d43eac	HSat3	G3	chr7	70	70	0.0	0.0	0.0	0.0
k16_53d43eac	HSat3	G3	chr8	66	0				
k16_53d43eac	HSat3	G3	chr9	58	58	2.0	2.4827586206896552	0.17152013970124802	0.0
k16_53d43eac	HSat3	G3	chr10	70	70	36.5	35.22857142857143	56.191455271191444	0.8857142857142857
k16_53d43eac	HSat3	G3	chr11	69	0				
k16_53d43eac	HSat3	G3	chr12	70	0				
k16_53d43eac	HSat3	G3	chr13	0	0				
k16_53d43eac	HSat3	G3	chr14	0	0				
k16_53d43eac	HSat3	G3	chr15	0	0				
k16_53d43eac	HSat3	G3	chr16	60	60	0.0	0.0	0.0	0.0
k16_53d43eac	HSat3	G3	chr17	44	44	0.0	0.0	0.0	0.0
k16_53d43eac	HSat3	G3	chr18	38	0				
k16_53d43eac	HSat3	G3	chr19	66	0				
k16_53d43eac	HSat3	G3	chr20	70	70	0.0	0.0	0.0	0.0
k16_53d43eac	HSat3	G3	chr21	0	0				
k16_53d43eac	HSat3	G3	chr22	0	0				
k16_53d43eac	HSat3	G3	chrX	52	0				
k16_53d43eac	HSat3	G3	chrY	1	1	0.0	0.0	0.0	0.0
k16_53d43eac	HSat3	G4	chr1	23	22	1.0	1.0909090909090908	1.2338877396595582	0.0
k16_53d43eac	HSat3	G4	chr2	31	31	0.0	0.0	0.0	0.0
k16_53d43eac	HSat3	G4	chr3	28	28	0.0	0.0	0.0	0.0
k16_53d43eac	HSat3	G4	chr4	28	28	0.0	0.0	0.0	0.0
k16_53d43eac	HSat3	G4	chr5	39	39	0.0	0.0	0.0	0.0
k16_53d43eac	HSat3	G4	chr6	30	0				
k16_53d43eac	HSat3	G4	chr7	39	39	0.0	0.0	0.0	0.0
k16_53d43eac	HSat3	G4	chr8	36	0				
k16_53d43eac	HSat3	G4	chr9	27	27	2.0	1.9259259259259258	0.1356495709747107	0.0
k16_53d43eac	HSat3	G4	chr10	39	39	38.0	36.82051282051282	58.30481195378572	0.9487179487179487
k16_53d43eac	HSat3	G4	chr11	39	0				
k16_53d43eac	HSat3	G4	chr12	37	0				
k16_53d43eac	HSat3	G4	chr13	0	0				
k16_53d43eac	HSat3	G4	chr14	0	0				
k16_53d43eac	HSat3	G4	chr15	0	0				
k16_53d43eac	HSat3	G4	chr16	29	29	0.0	0.0	0.0	0.0
k16_53d43eac	HSat3	G4	chr17	25	25	0.0	0.0	0.0	0.0
k16_53d43eac	HSat3	G4	chr18	27	0				
k16_53d43eac	HSat3	G4	chr19	35	0				
k16_53d43eac	HSat3	G4	chr20	39	39	0.0	0.0	0.0	0.0
k16_53d43eac	HSat3	G4	chr21	0	0				
k16_53d43eac	HSat3	G4	chr22	0	0				
k16_53d43eac	HSat3	G4	chrX	30	0				
k16_53d43eac	HSat3	G4	chrY	1	1	0.0	0.0	0.0	0.0
k16_53d43eac	HSat3	G5	chr1	31	30	1.0	1.2333333333333334	1.506315144822227	0.0
k16_53d43eac	HSat3	G5	chr2	39	39	0.0	0.0	0.0	0.0
k16_53d43eac	HSat3	G5	chr3	26	26	0.0	0.0	0.0	0.0
k16_53d43eac	HSat3	G5	chr4	40	40	0.0	0.0	0.0	0.0
k16_53d43eac	HSat3	G5	chr5	47	47	0.0	0.3191489361702128	0.47370413103161546	0.0
k16_53d43eac	HSat3	G5	chr6	37	0				
k16_53d43eac	HSat3	G5	chr7	47	47	0.0	0.0	0.0	0.0
k16_53d43eac	HSat3	G5	chr8	45	0				
k16_53d43eac	HSat3	G5	chr9	40	40	2.0	2.175	0.1449364120479422	0.0
k16_53d43eac	HSat3	G5	chr10	47	47	35.0	33.361702127659576	53.24892292337266	0.9148936170212766
k16_53d43eac	HSat3	G5	chr11	46	0				
k16_53d43eac	HSat3	G5	chr12	44	0				
k16_53d43eac	HSat3	G5	chr13	0	0				
k16_53d43eac	HSat3	G5	chr14	0	0				
k16_53d43eac	HSat3	G5	chr15	0	0				
k16_53d43eac	HSat3	G5	chr16	33	33	0.0	0.0	0.0	0.0
k16_53d43eac	HSat3	G5	chr17	39	39	0.0	0.0	0.0	0.0
k16_53d43eac	HSat3	G5	chr18	39	0				
k16_53d43eac	HSat3	G5	chr19	46	0				
k16_53d43eac	HSat3	G5	chr20	47	47	0.0	0.0	0.0	0.0
k16_53d43eac	HSat3	G5	chr21	0	0				
k16_53d43eac	HSat3	G5	chr22	0	0				
k16_53d43eac	HSat3	G5	chrX	28	0				
k16_53d43eac	HSat3	G5	chrY	1	1	0.0	0.0	0.0	0.0
k16_53d43eac	HSat3	G6	chr1	34	34	1.0	1.1764705882352942	1.4643408833284937	0.0
k16_53d43eac	HSat3	G6	chr2	39	38	0.0	0.0	0.0	0.0
k16_53d43eac	HSat3	G6	chr3	34	34	0.0	0.0	0.0	0.0
k16_53d43eac	HSat3	G6	chr4	34	34	0.0	0.0	0.0	0.0
k16_53d43eac	HSat3	G6	chr5	47	47	1.0	0.9148936170212766	1.320374056443043	0.0
k16_53d43eac	HSat3	G6	chr6	40	0				
k16_53d43eac	HSat3	G6	chr7	47	47	0.0	0.0	0.0	0.0
k16_53d43eac	HSat3	G6	chr8	47	0				
k16_53d43eac	HSat3	G6	chr9	39	39	2.0	2.58974358974359	0.19606694255770293	0.0
k16_53d43eac	HSat3	G6	chr10	47	47	38.0	37.02127659574468	58.08232394988911	0.9361702127659575
k16_53d43eac	HSat3	G6	chr11	47	0				
k16_53d43eac	HSat3	G6	chr12	47	0				
k16_53d43eac	HSat3	G6	chr13	0	0				
k16_53d43eac	HSat3	G6	chr14	0	0				
k16_53d43eac	HSat3	G6	chr15	0	0				
k16_53d43eac	HSat3	G6	chr16	41	41	0.0	0.0	0.0	0.0
k16_53d43eac	HSat3	G6	chr17	28	28	0.0	0.0	0.0	0.0
k16_53d43eac	HSat3	G6	chr18	25	0				
k16_53d43eac	HSat3	G6	chr19	46	0				
k16_53d43eac	HSat3	G6	chr20	47	47	0.0	0.0	0.0	0.0
k16_53d43eac	HSat3	G6	chr21	0	0				
k16_53d43eac	HSat3	G6	chr22	0	0				
k16_53d43eac	HSat3	G6	chrX	30	0				
k16_53d43eac	HSat3	G6	chrY	0	0				
k16_53d43eac	HSat3	G7	chr1	84	81	1.0	1.4567901234567902	1.9738121627677103	0.0
k16_53d43eac	HSat3	G7	chr2	104	103	0.0	0.0	0.0	0.0
k16_53d43eac	HSat3	G7	chr3	88	86	0.0	0.0	0.0	0.0
k16_53d43eac	HSat3	G7	chr4	91	91	0.0	0.0	0.0	0.0
k16_53d43eac	HSat3	G7	chr5	126	126	1.0	0.9206349206349206	1.3438324958206231	0.0
k16_53d43eac	HSat3	G7	chr6	103	0				
k16_53d43eac	HSat3	G7	chr7	126	126	0.0	0.0	0.0	0.0
k16_53d43eac	HSat3	G7	chr8	121	0				
k16_53d43eac	HSat3	G7	chr9	101	101	3.0	2.6732673267326734	0.18842646347929276	0.0
k16_53d43eac	HSat3	G7	chr10	126	126	33.0	35.023809523809526	54.75358584807033	0.9206349206349206
k16_53d43eac	HSat3	G7	chr11	125	0				
k16_53d43eac	HSat3	G7	chr12	126	0				
k16_53d43eac	HSat3	G7	chr13	0	0				
k16_53d43eac	HSat3	G7	chr14	0	0				
k16_53d43eac	HSat3	G7	chr15	0	0				
k16_53d43eac	HSat3	G7	chr16	109	109	0.0	0.0	0.0	0.0
k16_53d43eac	HSat3	G7	chr17	77	77	0.0	0.0	0.0	0.0
k16_53d43eac	HSat3	G7	chr18	76	0				
k16_53d43eac	HSat3	G7	chr19	121	0				
k16_53d43eac	HSat3	G7	chr20	126	126	0.0	0.0	0.0	0.0
k16_53d43eac	HSat3	G7	chr21	0	0				
k16_53d43eac	HSat3	G7	chr22	0	0				
k16_53d43eac	HSat3	G7	chrX	80	0				
k16_53d43eac	HSat3	G7	chrY	0	0				
k16_53d43eac	HSat3	NA	chr1	73	71	1.0	1.3943661971830985	1.9148394681759675	0.0
k16_53d43eac	HSat3	NA	chr2	92	92	0.0	0.0	0.0	0.0
k16_53d43eac	HSat3	NA	chr3	80	80	0.0	0.0	0.0	0.0
k16_53d43eac	HSat3	NA	chr4	93	93	0.0	0.0	0.0	0.0
k16_53d43eac	HSat3	NA	chr5	115	114	0.0	0.2807017543859649	0.5374955646117959	0.0
k16_53d43eac	HSat3	NA	chr6	101	0				
k16_53d43eac	HSat3	NA	chr7	60	60	0.0	0.0	0.0	0.0
k16_53d43eac	HSat3	NA	chr8	127	0				
k16_53d43eac	HSat3	NA	chr9	98	97	3.0	2.7010309278350517	0.18430892158477882	0.010309278350515464
k16_53d43eac	HSat3	NA	chr10	119	118	37.0	38.17796610169491	59.19765379133246	0.9491525423728814
k16_53d43eac	HSat3	NA	chr11	130	0				
k16_53d43eac	HSat3	NA	chr12	126	0				
k16_53d43eac	HSat3	NA	chr13	0	0				
k16_53d43eac	HSat3	NA	chr14	0	0				
k16_53d43eac	HSat3	NA	chr15	0	0				
k16_53d43eac	HSat3	NA	chr16	103	102	0.0	0.0	0.0	0.0
k16_53d43eac	HSat3	NA	chr17	65	65	0.0	0.0	0.0	0.0
k16_53d43eac	HSat3	NA	chr18	84	0				
k16_53d43eac	HSat3	NA	chr19	128	0				
k16_53d43eac	HSat3	NA	chr20	84	84	0.0	0.0	0.0	0.0
k16_53d43eac	HSat3	NA	chr21	0	0				
k16_53d43eac	HSat3	NA	chr22	0	0				
k16_53d43eac	HSat3	NA	chrX	91	0				
k16_53d43eac	HSat3	NA	chrY	1	1	0.0	0.0	0.0	0.0
k16_562e83b4	HSat3	G1	chr1	40	39	1.0	0.7435897435897436	0.9358926447228886	0.0
k16_562e83b4	HSat3	G1	chr2	53	53	0.0	0.0	0.0	0.0
k16_562e83b4	HSat3	G1	chr3	35	35	0.0	0.0	0.0	0.0
k16_562e83b4	HSat3	G1	chr4	48	48	0.0	0.0	0.0	0.0
k16_562e83b4	HSat3	G1	chr5	59	59	24.0	23.796610169491526	62.87822945654265	0.7796610169491526
k16_562e83b4	HSat3	G1	chr6	40	0				
k16_562e83b4	HSat3	G1	chr7	59	59	0.0	0.01694915254237288	0.038050036101874254	0.0
k16_562e83b4	HSat3	G1	chr8	53	0				
k16_562e83b4	HSat3	G1	chr9	49	49	9.0	9.571428571428571	0.6702024988127199	0.4489795918367347
k16_562e83b4	HSat3	G1	chr10	59	59	0.0	0.0	0.0	0.0
k16_562e83b4	HSat3	G1	chr11	57	0				
k16_562e83b4	HSat3	G1	chr12	58	0				
k16_562e83b4	HSat3	G1	chr13	0	0				
k16_562e83b4	HSat3	G1	chr14	0	0				
k16_562e83b4	HSat3	G1	chr15	0	0				
k16_562e83b4	HSat3	G1	chr16	45	43	0.0	0.0	0.0	0.0
k16_562e83b4	HSat3	G1	chr17	42	42	0.0	0.0	0.0	0.0
k16_562e83b4	HSat3	G1	chr18	44	0				
k16_562e83b4	HSat3	G1	chr19	55	0				
k16_562e83b4	HSat3	G1	chr20	59	59	0.0	0.0	0.0	0.0
k16_562e83b4	HSat3	G1	chr21	0	0				
k16_562e83b4	HSat3	G1	chr22	0	0				
k16_562e83b4	HSat3	G1	chrX	44	1	0.0	0.0	0.0	0.0
k16_562e83b4	HSat3	G1	chrY	0	0				
k16_562e83b4	HSat3	G2	chr1	35	35	1.0	0.5142857142857142	0.7331025065059793	0.0
k16_562e83b4	HSat3	G2	chr2	41	39	0.0	0.0	0.0	0.0
k16_562e83b4	HSat3	G2	chr3	47	47	0.0	0.0	0.0	0.0
k16_562e83b4	HSat3	G2	chr4	39	39	0.0	0.0	0.0	0.0
k16_562e83b4	HSat3	G2	chr5	54	54	24.5	22.703703703703702	67.94672909932841	0.9074074074074074
k16_562e83b4	HSat3	G2	chr6	44	0				
k16_562e83b4	HSat3	G2	chr7	54	54	0.0	0.018518518518518517	0.046168782820522045	0.0
k16_562e83b4	HSat3	G2	chr8	53	0				
k16_562e83b4	HSat3	G2	chr9	47	47	8.0	10.297872340425531	0.7424749697766282	0.46808510638297873
k16_562e83b4	HSat3	G2	chr10	54	54	0.0	0.0	0.0	0.0
k16_562e83b4	HSat3	G2	chr11	54	0				
k16_562e83b4	HSat3	G2	chr12	53	0				
k16_562e83b4	HSat3	G2	chr13	0	0				
k16_562e83b4	HSat3	G2	chr14	0	0				
k16_562e83b4	HSat3	G2	chr15	0	0				
k16_562e83b4	HSat3	G2	chr16	49	47	0.0	0.0	0.0	0.0
k16_562e83b4	HSat3	G2	chr17	37	37	0.0	0.0	0.0	0.0
k16_562e83b4	HSat3	G2	chr18	35	0				
k16_562e83b4	HSat3	G2	chr19	54	0				
k16_562e83b4	HSat3	G2	chr20	54	54	0.0	0.0	0.0	0.0
k16_562e83b4	HSat3	G2	chr21	0	0				
k16_562e83b4	HSat3	G2	chr22	0	0				
k16_562e83b4	HSat3	G2	chrX	38	0				
k16_562e83b4	HSat3	G2	chrY	0	0				
k16_562e83b4	HSat3	G3	chr1	38	38	1.0	0.6578947368421053	0.8080452083840314	0.0
k16_562e83b4	HSat3	G3	chr2	57	56	0.0	0.0	0.0	0.0
k16_562e83b4	HSat3	G3	chr3	49	48	0.0	0.0	0.0	0.0
k16_562e83b4	HSat3	G3	chr4	58	58	0.0	0.0	0.0	0.0
k16_562e83b4	HSat3	G3	chr5	70	70	26.0	23.7	68.73761769918661	0.9428571428571428
k16_562e83b4	HSat3	G3	chr6	57	0				
k16_562e83b4	HSat3	G3	chr7	70	70	0.0	0.0	0.0	0.0
k16_562e83b4	HSat3	G3	chr8	66	0				
k16_562e83b4	HSat3	G3	chr9	58	58	8.0	8.637931034482758	0.596747152710592	0.3620689655172414
k16_562e83b4	HSat3	G3	chr10	70	70	0.0	0.02857142857142857	0.04557295642432397	0.0
k16_562e83b4	HSat3	G3	chr11	69	0				
k16_562e83b4	HSat3	G3	chr12	70	0				
k16_562e83b4	HSat3	G3	chr13	0	0				
k16_562e83b4	HSat3	G3	chr14	0	0				
k16_562e83b4	HSat3	G3	chr15	0	0				
k16_562e83b4	HSat3	G3	chr16	60	60	0.0	0.0	0.0	0.0
k16_562e83b4	HSat3	G3	chr17	44	44	0.0	0.0	0.0	0.0
k16_562e83b4	HSat3	G3	chr18	38	0				
k16_562e83b4	HSat3	G3	chr19	66	0				
k16_562e83b4	HSat3	G3	chr20	70	70	0.0	0.0	0.0	0.0
k16_562e83b4	HSat3	G3	chr21	0	0				
k16_562e83b4	HSat3	G3	chr22	0	0				
k16_562e83b4	HSat3	G3	chrX	52	0				
k16_562e83b4	HSat3	G3	chrY	1	1	0.0	0.0	0.0	0.0
k16_562e83b4	HSat3	G4	chr1	23	22	1.0	0.8636363636363636	0.97682779389715	0.0
k16_562e83b4	HSat3	G4	chr2	31	31	0.0	0.0	0.0	0.0
k16_562e83b4	HSat3	G4	chr3	28	28	0.0	0.0	0.0	0.0
k16_562e83b4	HSat3	G4	chr4	28	28	0.0	0.0	0.0	0.0
k16_562e83b4	HSat3	G4	chr5	39	39	25.0	26.743589743589745	42.36417266385755	0.5897435897435898
k16_562e83b4	HSat3	G4	chr6	30	0				
k16_562e83b4	HSat3	G4	chr7	39	39	0.0	0.0	0.0	0.0
k16_562e83b4	HSat3	G4	chr8	36	0				
k16_562e83b4	HSat3	G4	chr9	27	27	10.0	10.814814814814815	0.7617245139349139	0.5925925925925926
k16_562e83b4	HSat3	G4	chr10	39	39	0.0	0.02564102564102564	0.040602236736619585	0.0
k16_562e83b4	HSat3	G4	chr11	39	0				
k16_562e83b4	HSat3	G4	chr12	37	0				
k16_562e83b4	HSat3	G4	chr13	0	0				
k16_562e83b4	HSat3	G4	chr14	0	0				
k16_562e83b4	HSat3	G4	chr15	0	0				
k16_562e83b4	HSat3	G4	chr16	29	29	0.0	0.0	0.0	0.0
k16_562e83b4	HSat3	G4	chr17	25	25	0.0	0.0	0.0	0.0
k16_562e83b4	HSat3	G4	chr18	27	0				
k16_562e83b4	HSat3	G4	chr19	35	0				
k16_562e83b4	HSat3	G4	chr20	39	39	0.0	0.0	0.0	0.0
k16_562e83b4	HSat3	G4	chr21	0	0				
k16_562e83b4	HSat3	G4	chr22	0	0				
k16_562e83b4	HSat3	G4	chrX	30	0				
k16_562e83b4	HSat3	G4	chrY	1	1	0.0	0.0	0.0	0.0
k16_562e83b4	HSat3	G5	chr1	31	30	1.0	0.7666666666666667	0.9363580629976005	0.0
k16_562e83b4	HSat3	G5	chr2	39	39	0.0	0.0	0.0	0.0
k16_562e83b4	HSat3	G5	chr3	26	26	0.0	0.0	0.0	0.0
k16_562e83b4	HSat3	G5	chr4	40	40	0.0	0.0	0.0	0.0
k16_562e83b4	HSat3	G5	chr5	47	47	1.0	1.0212765957446808	1.5158532193011696	0.0
k16_562e83b4	HSat3	G5	chr6	37	0				
k16_562e83b4	HSat3	G5	chr7	47	47	0.0	0.02127659574468085	0.04663567011307378	0.0
k16_562e83b4	HSat3	G5	chr8	45	0				
k16_562e83b4	HSat3	G5	chr9	40	40	9.0	10.4	0.693029280597057	0.425
k16_562e83b4	HSat3	G5	chr10	47	47	0.0	0.0	0.0	0.0
k16_562e83b4	HSat3	G5	chr11	46	0				
k16_562e83b4	HSat3	G5	chr12	44	0				
k16_562e83b4	HSat3	G5	chr13	0	0				
k16_562e83b4	HSat3	G5	chr14	0	0				
k16_562e83b4	HSat3	G5	chr15	0	0				
k16_562e83b4	HSat3	G5	chr16	33	33	0.0	0.0	0.0	0.0
k16_562e83b4	HSat3	G5	chr17	39	39	0.0	0.0	0.0	0.0
k16_562e83b4	HSat3	G5	chr18	39	0				
k16_562e83b4	HSat3	G5	chr19	46	0				
k16_562e83b4	HSat3	G5	chr20	47	47	0.0	0.0	0.0	0.0
k16_562e83b4	HSat3	G5	chr21	0	0				
k16_562e83b4	HSat3	G5	chr22	0	0				
k16_562e83b4	HSat3	G5	chrX	28	0				
k16_562e83b4	HSat3	G5	chrY	1	1	0.0	0.0	0.0	0.0
k16_562e83b4	HSat3	G6	chr1	34	34	1.0	0.8235294117647058	1.0250386183299456	0.0
k16_562e83b4	HSat3	G6	chr2	39	38	0.0	0.0	0.0	0.0
k16_562e83b4	HSat3	G6	chr3	34	34	0.0	0.0	0.0	0.0
k16_562e83b4	HSat3	G6	chr4	34	34	0.0	0.0	0.0	0.0
k16_562e83b4	HSat3	G6	chr5	47	47	1.0	1.1914893617021276	1.7195569107165212	0.0
k16_562e83b4	HSat3	G6	chr6	40	0				
k16_562e83b4	HSat3	G6	chr7	47	47	0.0	0.0	0.0	0.0
k16_562e83b4	HSat3	G6	chr8	47	0				
k16_562e83b4	HSat3	G6	chr9	39	39	9.0	11.051282051282051	0.8366817053699996	0.48717948717948717
k16_562e83b4	HSat3	G6	chr10	47	47	0.0	0.0	0.0	0.0
k16_562e83b4	HSat3	G6	chr11	47	0				
k16_562e83b4	HSat3	G6	chr12	47	0				
k16_562e83b4	HSat3	G6	chr13	0	0				
k16_562e83b4	HSat3	G6	chr14	0	0				
k16_562e83b4	HSat3	G6	chr15	0	0				
k16_562e83b4	HSat3	G6	chr16	41	41	0.0	0.0	0.0	0.0
k16_562e83b4	HSat3	G6	chr17	28	28	0.0	0.0	0.0	0.0
k16_562e83b4	HSat3	G6	chr18	25	0				
k16_562e83b4	HSat3	G6	chr19	46	0				
k16_562e83b4	HSat3	G6	chr20	47	47	0.0	0.0	0.0	0.0
k16_562e83b4	HSat3	G6	chr21	0	0				
k16_562e83b4	HSat3	G6	chr22	0	0				
k16_562e83b4	HSat3	G6	chrX	30	0				
k16_562e83b4	HSat3	G6	chrY	0	0				
k16_562e83b4	HSat3	G7	chr1	84	81	1.0	0.5925925925925926	0.8029066424817805	0.0
k16_562e83b4	HSat3	G7	chr2	104	103	0.0	0.0	0.0	0.0
k16_562e83b4	HSat3	G7	chr3	88	86	0.0	0.0	0.0	0.0
k16_562e83b4	HSat3	G7	chr4	91	91	0.0	0.0	0.0	0.0
k16_562e83b4	HSat3	G7	chr5	126	126	1.0	1.380952380952381	2.015748743730935	0.007936507936507936
k16_562e83b4	HSat3	G7	chr6	103	0				
k16_562e83b4	HSat3	G7	chr7	126	126	0.0	0.007936507936507936	0.021240394881030848	0.0
k16_562e83b4	HSat3	G7	chr8	121	0				
k16_562e83b4	HSat3	G7	chr9	101	101	8.0	10.366336633663366	0.7306759528252574	0.38613861386138615
k16_562e83b4	HSat3	G7	chr10	126	126	0.0	0.007936507936507936	0.012407338737382806	0.0
k16_562e83b4	HSat3	G7	chr11	125	0				
k16_562e83b4	HSat3	G7	chr12	126	0				
k16_562e83b4	HSat3	G7	chr13	0	0				
k16_562e83b4	HSat3	G7	chr14	0	0				
k16_562e83b4	HSat3	G7	chr15	0	0				
k16_562e83b4	HSat3	G7	chr16	109	109	0.0	0.0	0.0	0.0
k16_562e83b4	HSat3	G7	chr17	77	77	0.0	0.0	0.0	0.0
k16_562e83b4	HSat3	G7	chr18	76	0				
k16_562e83b4	HSat3	G7	chr19	121	0				
k16_562e83b4	HSat3	G7	chr20	126	126	0.0	0.0	0.0	0.0
k16_562e83b4	HSat3	G7	chr21	0	0				
k16_562e83b4	HSat3	G7	chr22	0	0				
k16_562e83b4	HSat3	G7	chrX	80	0				
k16_562e83b4	HSat3	G7	chrY	0	0				
k16_562e83b4	HSat3	NA	chr1	73	71	1.0	0.5633802816901409	0.7736725123943304	0.0
k16_562e83b4	HSat3	NA	chr2	92	92	0.0	0.0	0.0	0.0
k16_562e83b4	HSat3	NA	chr3	80	80	0.0	0.0	0.0	0.0
k16_562e83b4	HSat3	NA	chr4	93	93	0.0	0.0	0.0	0.0
k16_562e83b4	HSat3	NA	chr5	115	114	10.5	14.68421052631579	28.117736723754575	0.5087719298245614
k16_562e83b4	HSat3	NA	chr6	101	0				
k16_562e83b4	HSat3	NA	chr7	60	60	0.0	0.0	0.0	0.0
k16_562e83b4	HSat3	NA	chr8	127	0				
k16_562e83b4	HSat3	NA	chr9	98	97	8.0	10.329896907216495	0.7048761046868259	0.422680412371134
k16_562e83b4	HSat3	NA	chr10	119	118	0.0	0.00847457627118644	0.013140433693969469	0.0
k16_562e83b4	HSat3	NA	chr11	130	0				
k16_562e83b4	HSat3	NA	chr12	126	0				
k16_562e83b4	HSat3	NA	chr13	0	0				
k16_562e83b4	HSat3	NA	chr14	0	0				
k16_562e83b4	HSat3	NA	chr15	0	0				
k16_562e83b4	HSat3	NA	chr16	103	102	0.0	0.0	0.0	0.0
k16_562e83b4	HSat3	NA	chr17	65	65	0.0	0.0	0.0	0.0
k16_562e83b4	HSat3	NA	chr18	84	0				
k16_562e83b4	HSat3	NA	chr19	128	0				
k16_562e83b4	HSat3	NA	chr20	84	84	0.0	0.0	0.0	0.0
k16_562e83b4	HSat3	NA	chr21	0	0				
k16_562e83b4	HSat3	NA	chr22	0	0				
k16_562e83b4	HSat3	NA	chrX	91	0				
k16_562e83b4	HSat3	NA	chrY	1	1	0.0	0.0	0.0	0.0
k16_583a0d74	HSat2	G1	chr1	102	102	5709.5	5609.676470588235	474.12492004025125	1.0
k16_583a0d74	HSat2	G1	chr2	128	128	0.0	0.5625	0.8488914503402392	0.0
k16_583a0d74	HSat2	G1	chr3	107	0				
k16_583a0d74	HSat2	G1	chr4	124	0				
k16_583a0d74	HSat2	G1	chr5	153	0				
k16_583a0d74	HSat2	G1	chr6	131	0				
k16_583a0d74	HSat2	G1	chr7	158	158	0.0	0.0	0.0	0.0
k16_583a0d74	HSat2	G1	chr8	153	0				
k16_583a0d74	HSat2	G1	chr9	132	125	1.0	1.008	26.503216144244806	0.0
k16_583a0d74	HSat2	G1	chr10	158	158	141.0	174.25316455696202	377.3851755366735	1.0
k16_583a0d74	HSat2	G1	chr11	156	0				
k16_583a0d74	HSat2	G1	chr12	156	0				
k16_583a0d74	HSat2	G1	chr13	0	0				
k16_583a0d74	HSat2	G1	chr14	0	0				
k16_583a0d74	HSat2	G1	chr15	0	0				
k16_583a0d74	HSat2	G1	chr16	127	127	3.0	3.4803149606299213	0.3883098436026143	0.007874015748031496
k16_583a0d74	HSat2	G1	chr17	109	109	0.0	0.0	0.0	0.0
k16_583a0d74	HSat2	G1	chr18	103	0				
k16_583a0d74	HSat2	G1	chr19	151	0				
k16_583a0d74	HSat2	G1	chr20	142	0				
k16_583a0d74	HSat2	G1	chr21	0	0				
k16_583a0d74	HSat2	G1	chr22	0	0				
k16_583a0d74	HSat2	G1	chrX	98	0				
k16_583a0d74	HSat2	G1	chrY	1	1	0.0	0.0	0.0	0.0
k16_583a0d74	HSat2	G2	chr1	25	25	5207.0	5420.16	458.48131819063303	1.0
k16_583a0d74	HSat2	G2	chr2	31	31	0.0	0.7741935483870968	1.0979489398845506	0.0
k16_583a0d74	HSat2	G2	chr3	23	0				
k16_583a0d74	HSat2	G2	chr4	31	0				
k16_583a0d74	HSat2	G2	chr5	42	0				
k16_583a0d74	HSat2	G2	chr6	35	0				
k16_583a0d74	HSat2	G2	chr7	42	42	0.0	0.023809523809523808	0.07538525824690225	0.0
k16_583a0d74	HSat2	G2	chr8	41	0				
k16_583a0d74	HSat2	G2	chr9	33	30	1.0	1.0333333333333334	26.477441220080493	0.0
k16_583a0d74	HSat2	G2	chr10	42	42	35.0	87.02380952380952	366.99233764178655	0.9761904761904762
k16_583a0d74	HSat2	G2	chr11	41	0				
k16_583a0d74	HSat2	G2	chr12	40	0				
k16_583a0d74	HSat2	G2	chr13	0	0				
k16_583a0d74	HSat2	G2	chr14	0	0				
k16_583a0d74	HSat2	G2	chr15	0	0				
k16_583a0d74	HSat2	G2	chr16	32	32	3.5	3.5625	0.40597707512270664	0.0
k16_583a0d74	HSat2	G2	chr17	29	28	0.0	0.0	0.0	0.0
k16_583a0d74	HSat2	G2	chr18	30	0				
k16_583a0d74	HSat2	G2	chr19	41	0				
k16_583a0d74	HSat2	G2	chr20	42	0				
k16_583a0d74	HSat2	G2	chr21	0	0				
k16_583a0d74	HSat2	G2	chr22	0	0				
k16_583a0d74	HSat2	G2	chrX	29	0				
k16_583a0d74	HSat2	G2	chrY	0	0				
k16_583a0d74	HSat2	G3	chr1	186	186	5907.0	5916.865591397849	473.94321639296425	1.0
k16_583a0d74	HSat2	G3	chr2	239	239	0.0	0.5271966527196653	0.772826455189127	0.0
k16_583a0d74	HSat2	G3	chr3	204	0				
k16_583a0d74	HSat2	G3	chr4	211	0				
k16_583a0d74	HSat2	G3	chr5	283	0				
k16_583a0d74	HSat2	G3	chr6	222	0				
k16_583a0d74	HSat2	G3	chr7	289	289	0.0	0.0034602076124567475	0.010974692994486905	0.0
k16_583a0d74	HSat2	G3	chr8	274	0				
k16_583a0d74	HSat2	G3	chr9	228	224	1.0	1.0357142857142858	26.880331313987064	0.0
k16_583a0d74	HSat2	G3	chr10	289	289	346.0	396.8615916955017	378.4193732955097	1.0
k16_583a0d74	HSat2	G3	chr11	286	0				
k16_583a0d74	HSat2	G3	chr12	286	0				
k16_583a0d74	HSat2	G3	chr13	0	0				
k16_583a0d74	HSat2	G3	chr14	0	0				
k16_583a0d74	HSat2	G3	chr15	0	0				
k16_583a0d74	HSat2	G3	chr16	242	242	3.0	3.524793388429752	0.4085732839484882	0.0
k16_583a0d74	HSat2	G3	chr17	172	172	0.0	0.0	0.0	0.0
k16_583a0d74	HSat2	G3	chr18	182	0				
k16_583a0d74	HSat2	G3	chr19	277	0				
k16_583a0d74	HSat2	G3	chr20	268	0				
k16_583a0d74	HSat2	G3	chr21	0	0				
k16_583a0d74	HSat2	G3	chr22	0	0				
k16_583a0d74	HSat2	G3	chrX	203	0				
k16_583a0d74	HSat2	G3	chrY	3	3	0.0	0.0	0.0	0.0
k16_583a0d74	HSat2	NA	chr1	45	44	5327.5	5617.113636363636	478.2727552912734	1.0
k16_583a0d74	HSat2	NA	chr2	58	58	0.0	0.46551724137931033	0.6649989314452355	0.0
k16_583a0d74	HSat2	NA	chr3	53	0				
k16_583a0d74	HSat2	NA	chr4	65	0				
k16_583a0d74	HSat2	NA	chr5	79	0				
k16_583a0d74	HSat2	NA	chr6	64	0				
k16_583a0d74	HSat2	NA	chr7	13	13	0.0	0.0	0.0	0.0
k16_583a0d74	HSat2	NA	chr8	80	0				
k16_583a0d74	HSat2	NA	chr9	66	65	1.0	1.0153846153846153	26.450414490017973	0.0
k16_583a0d74	HSat2	NA	chr10	72	71	284.0	277.53521126760563	378.18414303156516	1.0
k16_583a0d74	HSat2	NA	chr11	84	0				
k16_583a0d74	HSat2	NA	chr12	79	0				
k16_583a0d74	HSat2	NA	chr13	0	0				
k16_583a0d74	HSat2	NA	chr14	0	0				
k16_583a0d74	HSat2	NA	chr15	0	0				
k16_583a0d74	HSat2	NA	chr16	68	67	3.0	3.5522388059701493	0.395573938493292	0.0
k16_583a0d74	HSat2	NA	chr17	47	47	0.0	0.0	0.0	0.0
k16_583a0d74	HSat2	NA	chr18	53	0				
k16_583a0d74	HSat2	NA	chr19	82	0				
k16_583a0d74	HSat2	NA	chr20	74	0				
k16_583a0d74	HSat2	NA	chr21	0	0				
k16_583a0d74	HSat2	NA	chr22	0	0				
k16_583a0d74	HSat2	NA	chrX	63	0				
k16_583a0d74	HSat2	NA	chrY	0	0				
k16_60e83458	HSat2	G1	chr1	102	102	5944.0	5929.235294117647	501.13375066505046	1.0
k16_60e83458	HSat2	G1	chr2	128	128	4.0	4.0546875	6.119092537869224	0.0
k16_60e83458	HSat2	G1	chr3	107	0				
k16_60e83458	HSat2	G1	chr4	124	0				
k16_60e83458	HSat2	G1	chr5	153	0				
k16_60e83458	HSat2	G1	chr6	131	0				
k16_60e83458	HSat2	G1	chr7	158	158	22.0	21.246835443037973	67.46457070034796	0.9936708860759493
k16_60e83458	HSat2	G1	chr8	153	0				
k16_60e83458	HSat2	G1	chr9	132	125	2.0	1.704	44.80305586289003	0.0
k16_60e83458	HSat2	G1	chr10	158	158	247.0	286.77848101265823	621.0845448475307	1.0
k16_60e83458	HSat2	G1	chr11	156	0				
k16_60e83458	HSat2	G1	chr12	156	0				
k16_60e83458	HSat2	G1	chr13	0	0				
k16_60e83458	HSat2	G1	chr14	0	0				
k16_60e83458	HSat2	G1	chr15	0	0				
k16_60e83458	HSat2	G1	chr16	127	127	28.0	29.086614173228348	3.2452863399729797	1.0
k16_60e83458	HSat2	G1	chr17	109	109	6.0	6.440366972477064	77.39567735219465	0.01834862385321101
k16_60e83458	HSat2	G1	chr18	103	0				
k16_60e83458	HSat2	G1	chr19	151	0				
k16_60e83458	HSat2	G1	chr20	142	0				
k16_60e83458	HSat2	G1	chr21	0	0				
k16_60e83458	HSat2	G1	chr22	0	0				
k16_60e83458	HSat2	G1	chrX	98	0				
k16_60e83458	HSat2	G1	chrY	1	1	0.0	0.0	0.0	0.0
k16_60e83458	HSat2	G2	chr1	25	25	5813.0	5854.4	495.21287733484655	1.0
k16_60e83458	HSat2	G2	chr2	31	31	4.0	4.129032258064516	5.85572767938427	0.0
k16_60e83458	HSat2	G2	chr3	23	0				
k16_60e83458	HSat2	G2	chr4	31	0				
k16_60e83458	HSat2	G2	chr5	42	0				
k16_60e83458	HSat2	G2	chr6	35	0				
k16_60e83458	HSat2	G2	chr7	42	42	22.0	21.333333333333332	67.54519138922441	1.0
k16_60e83458	HSat2	G2	chr8	41	0				
k16_60e83458	HSat2	G2	chr9	33	30	2.0	1.9	48.684327404664124	0.0
k16_60e83458	HSat2	G2	chr10	42	42	34.0	92.78571428571429	391.291146317385	0.9761904761904762
k16_60e83458	HSat2	G2	chr11	41	0				
k16_60e83458	HSat2	G2	chr12	40	0				
k16_60e83458	HSat2	G2	chr13	0	0				
k16_60e83458	HSat2	G2	chr14	0	0				
k16_60e83458	HSat2	G2	chr15	0	0				
k16_60e83458	HSat2	G2	chr16	32	32	27.0	28.28125	3.222888184088154	1.0
k16_60e83458	HSat2	G2	chr17	29	28	7.0	6.714285714285714	80.08639106440353	0.03571428571428571
k16_60e83458	HSat2	G2	chr18	30	0				
k16_60e83458	HSat2	G2	chr19	41	0				
k16_60e83458	HSat2	G2	chr20	42	0				
k16_60e83458	HSat2	G2	chr21	0	0				
k16_60e83458	HSat2	G2	chr22	0	0				
k16_60e83458	HSat2	G2	chrX	29	0				
k16_60e83458	HSat2	G2	chrY	0	0				
k16_60e83458	HSat2	G3	chr1	186	186	6259.0	6256.44623655914	501.14375706884556	1.0
k16_60e83458	HSat2	G3	chr2	239	239	4.0	4.146443514644352	6.0783414054954354	0.0041841004184100415
k16_60e83458	HSat2	G3	chr3	204	0				
k16_60e83458	HSat2	G3	chr4	211	0				
k16_60e83458	HSat2	G3	chr5	283	0				
k16_60e83458	HSat2	G3	chr6	222	0				
k16_60e83458	HSat2	G3	chr7	289	289	22.0	21.31833910034602	67.61508353903383	1.0
k16_60e83458	HSat2	G3	chr8	274	0				
k16_60e83458	HSat2	G3	chr9	228	224	2.0	1.7946428571428572	46.57712581130517	0.0
k16_60e83458	HSat2	G3	chr10	289	289	808.0	930.0692041522491	886.8487470734923	1.0
k16_60e83458	HSat2	G3	chr11	286	0				
k16_60e83458	HSat2	G3	chr12	286	0				
k16_60e83458	HSat2	G3	chr13	0	0				
k16_60e83458	HSat2	G3	chr14	0	0				
k16_60e83458	HSat2	G3	chr15	0	0				
k16_60e83458	HSat2	G3	chr16	242	242	26.0	27.512396694214875	3.1890749408312242	1.0
k16_60e83458	HSat2	G3	chr17	172	172	7.0	6.825581395348837	81.86384021182512	0.029069767441860465
k16_60e83458	HSat2	G3	chr18	182	0				
k16_60e83458	HSat2	G3	chr19	277	0				
k16_60e83458	HSat2	G3	chr20	268	0				
k16_60e83458	HSat2	G3	chr21	0	0				
k16_60e83458	HSat2	G3	chr22	0	0				
k16_60e83458	HSat2	G3	chrX	203	0				
k16_60e83458	HSat2	G3	chrY	3	3	0.0	0.0	0.0	0.0
k16_60e83458	HSat2	NA	chr1	45	44	5784.0	5905.727272727273	502.84694908800617	1.0
k16_60e83458	HSat2	NA	chr2	58	58	4.0	4.172413793103448	5.960360792953593	0.0
k16_60e83458	HSat2	NA	chr3	53	0				
k16_60e83458	HSat2	NA	chr4	65	0				
k16_60e83458	HSat2	NA	chr5	79	0				
k16_60e83458	HSat2	NA	chr6	64	0				
k16_60e83458	HSat2	NA	chr7	13	13	20.0	20.76923076923077	67.30753410622324	1.0
k16_60e83458	HSat2	NA	chr8	80	0				
k16_60e83458	HSat2	NA	chr9	66	65	2.0	1.8	46.8893711413955	0.0
k16_60e83458	HSat2	NA	chr10	72	71	595.0	598.7323943661971	815.8643958524149	1.0
k16_60e83458	HSat2	NA	chr11	84	0				
k16_60e83458	HSat2	NA	chr12	79	0				
k16_60e83458	HSat2	NA	chr13	0	0				
k16_60e83458	HSat2	NA	chr14	0	0				
k16_60e83458	HSat2	NA	chr15	0	0				
k16_60e83458	HSat2	NA	chr16	68	67	26.0	28.46268656716418	3.1695777340617974	1.0
k16_60e83458	HSat2	NA	chr17	47	47	6.0	6.48936170212766	78.0444966219527	0.0
k16_60e83458	HSat2	NA	chr18	53	0				
k16_60e83458	HSat2	NA	chr19	82	0				
k16_60e83458	HSat2	NA	chr20	74	0				
k16_60e83458	HSat2	NA	chr21	0	0				
k16_60e83458	HSat2	NA	chr22	0	0				
k16_60e83458	HSat2	NA	chrX	63	0				
k16_60e83458	HSat2	NA	chrY	0	0				
k16_60e836d1	HSat2	G1	chr1	102	102	12.5	13.431372549019608	1.1352077912555585	0.5980392156862745
k16_60e836d1	HSat2	G1	chr2	128	128	0.0	0.2578125	0.3890752480726096	0.0
k16_60e836d1	HSat2	G1	chr3	107	0				
k16_60e836d1	HSat2	G1	chr4	124	0				
k16_60e836d1	HSat2	G1	chr5	153	0				
k16_60e836d1	HSat2	G1	chr6	131	0				
k16_60e836d1	HSat2	G1	chr7	158	158	1.0	1.0063291139240507	3.1953728749941392	0.0
k16_60e836d1	HSat2	G1	chr8	153	0				
k16_60e836d1	HSat2	G1	chr9	132	125	0.0	0.0	0.0	0.0
k16_60e836d1	HSat2	G1	chr10	158	158	89.0	111.77215189873418	242.06821879913028	1.0
k16_60e836d1	HSat2	G1	chr11	156	0				
k16_60e836d1	HSat2	G1	chr12	156	0				
k16_60e836d1	HSat2	G1	chr13	0	0				
k16_60e836d1	HSat2	G1	chr14	0	0				
k16_60e836d1	HSat2	G1	chr15	0	0				
k16_60e836d1	HSat2	G1	chr16	127	127	0.0	0.08661417322834646	0.009663819637169132	0.0
k16_60e836d1	HSat2	G1	chr17	109	109	0.0	0.0	0.0	0.0
k16_60e836d1	HSat2	G1	chr18	103	0				
k16_60e836d1	HSat2	G1	chr19	151	0				
k16_60e836d1	HSat2	G1	chr20	142	0				
k16_60e836d1	HSat2	G1	chr21	0	0				
k16_60e836d1	HSat2	G1	chr22	0	0				
k16_60e836d1	HSat2	G1	chrX	98	0				
k16_60e836d1	HSat2	G1	chrY	1	1	0.0	0.0	0.0	0.0
k16_60e836d1	HSat2	G2	chr1	25	25	14.0	15.88	1.3432598544816485	0.56
k16_60e836d1	HSat2	G2	chr2	31	31	0.0	0.3870967741935484	0.5489744699422753	0.0
k16_60e836d1	HSat2	G2	chr3	23	0				
k16_60e836d1	HSat2	G2	chr4	31	0				
k16_60e836d1	HSat2	G2	chr5	42	0				
k16_60e836d1	HSat2	G2	chr6	35	0				
k16_60e836d1	HSat2	G2	chr7	42	42	1.0	0.9523809523809523	3.01541032987609	0.0
k16_60e836d1	HSat2	G2	chr8	41	0				
k16_60e836d1	HSat2	G2	chr9	33	30	0.0	0.0	0.0	0.0
k16_60e836d1	HSat2	G2	chr10	42	42	1.0	1.8095238095238095	7.631030823741663	0.0
k16_60e836d1	HSat2	G2	chr11	41	0				
k16_60e836d1	HSat2	G2	chr12	40	0				
k16_60e836d1	HSat2	G2	chr13	0	0				
k16_60e836d1	HSat2	G2	chr14	0	0				
k16_60e836d1	HSat2	G2	chr15	0	0				
k16_60e836d1	HSat2	G2	chr16	32	32	0.0	0.25	0.028489619306856607	0.0
k16_60e836d1	HSat2	G2	chr17	29	28	0.0	0.0	0.0	0.0
k16_60e836d1	HSat2	G2	chr18	30	0				
k16_60e836d1	HSat2	G2	chr19	41	0				
k16_60e836d1	HSat2	G2	chr20	42	0				
k16_60e836d1	HSat2	G2	chr21	0	0				
k16_60e836d1	HSat2	G2	chr22	0	0				
k16_60e836d1	HSat2	G2	chrX	29	0				
k16_60e836d1	HSat2	G2	chrY	0	0				
k16_60e836d1	HSat2	G3	chr1	186	186	13.0	14.908602150537634	1.1941847834808734	0.5645161290322581
k16_60e836d1	HSat2	G3	chr2	239	239	0.0	0.24267782426778242	0.3557455111188045	0.0
k16_60e836d1	HSat2	G3	chr3	204	0				
k16_60e836d1	HSat2	G3	chr4	211	0				
k16_60e836d1	HSat2	G3	chr5	283	0				
k16_60e836d1	HSat2	G3	chr6	222	0				
k16_60e836d1	HSat2	G3	chr7	289	289	1.0	0.9653979238754326	3.061939345461847	0.0
k16_60e836d1	HSat2	G3	chr8	274	0				
k16_60e836d1	HSat2	G3	chr9	228	224	0.0	0.0	0.0	0.0
k16_60e836d1	HSat2	G3	chr10	289	289	397.0	460.1799307958477	438.7952995676844	1.0
k16_60e836d1	HSat2	G3	chr11	286	0				
k16_60e836d1	HSat2	G3	chr12	286	0				
k16_60e836d1	HSat2	G3	chr13	0	0				
k16_60e836d1	HSat2	G3	chr14	0	0				
k16_60e836d1	HSat2	G3	chr15	0	0				
k16_60e836d1	HSat2	G3	chr16	242	242	0.0	0.11983471074380166	0.013890533686408156	0.0
k16_60e836d1	HSat2	G3	chr17	172	172	0.0	0.0	0.0	0.0
k16_60e836d1	HSat2	G3	chr18	182	0				
k16_60e836d1	HSat2	G3	chr19	277	0				
k16_60e836d1	HSat2	G3	chr20	268	0				
k16_60e836d1	HSat2	G3	chr21	0	0				
k16_60e836d1	HSat2	G3	chr22	0	0				
k16_60e836d1	HSat2	G3	chrX	203	0				
k16_60e836d1	HSat2	G3	chrY	3	3	0.0	0.0	0.0	0.0
k16_60e836d1	HSat2	NA	chr1	45	44	14.0	14.613636363636363	1.2442874723442112	0.5454545454545454
k16_60e836d1	HSat2	NA	chr2	58	58	0.0	0.27586206896551724	0.39407344085643586	0.0
k16_60e836d1	HSat2	NA	chr3	53	0				
k16_60e836d1	HSat2	NA	chr4	65	0				
k16_60e836d1	HSat2	NA	chr5	79	0				
k16_60e836d1	HSat2	NA	chr6	64	0				
k16_60e836d1	HSat2	NA	chr7	13	13	1.0	1.0769230769230769	3.490020286989354	0.0
k16_60e836d1	HSat2	NA	chr8	80	0				
k16_60e836d1	HSat2	NA	chr9	66	65	0.0	0.0	0.0	0.0
k16_60e836d1	HSat2	NA	chr10	72	71	270.0	281.19718309859155	383.1741393364729	0.9154929577464789
k16_60e836d1	HSat2	NA	chr11	84	0				
k16_60e836d1	HSat2	NA	chr12	79	0				
k16_60e836d1	HSat2	NA	chr13	0	0				
k16_60e836d1	HSat2	NA	chr14	0	0				
k16_60e836d1	HSat2	NA	chr15	0	0				
k16_60e836d1	HSat2	NA	chr16	68	67	0.0	0.029850746268656716	0.0033241507436411093	0.0
k16_60e836d1	HSat2	NA	chr17	47	47	0.0	0.0	0.0	0.0
k16_60e836d1	HSat2	NA	chr18	53	0				
k16_60e836d1	HSat2	NA	chr19	82	0				
k16_60e836d1	HSat2	NA	chr20	74	0				
k16_60e836d1	HSat2	NA	chr21	0	0				
k16_60e836d1	HSat2	NA	chr22	0	0				
k16_60e836d1	HSat2	NA	chrX	63	0				
k16_60e836d1	HSat2	NA	chrY	0	0				
k16_6214f638	HSat2	G1	chr1	102	102	16342.5	16731.666666666668	1414.1457465623896	1.0
k16_6214f638	HSat2	G1	chr2	128	128	7.0	6.671875	10.068795813757838	0.0
k16_6214f638	HSat2	G1	chr3	107	0				
k16_6214f638	HSat2	G1	chr4	124	0				
k16_6214f638	HSat2	G1	chr5	153	0				
k16_6214f638	HSat2	G1	chr6	131	0				
k16_6214f638	HSat2	G1	chr7	158	158	9.0	8.632911392405063	27.41187799680507	0.006329113924050633
k16_6214f638	HSat2	G1	chr8	153	0				
k16_6214f638	HSat2	G1	chr9	132	125	4.0	4.016	105.59217860643565	0.0
k16_6214f638	HSat2	G1	chr10	158	158	415.5	482.373417721519	1044.6902205988513	1.0
k16_6214f638	HSat2	G1	chr11	156	0				
k16_6214f638	HSat2	G1	chr12	156	0				
k16_6214f638	HSat2	G1	chr13	0	0				
k16_6214f638	HSat2	G1	chr14	0	0				
k16_6214f638	HSat2	G1	chr15	0	0				
k16_6214f638	HSat2	G1	chr16	127	127	11.0	11.952755905511811	1.3336071099293403	0.7637795275590551
k16_6214f638	HSat2	G1	chr17	109	109	4.0	3.3944954128440368	40.79259347622795	0.0
k16_6214f638	HSat2	G1	chr18	103	0				
k16_6214f638	HSat2	G1	chr19	151	0				
k16_6214f638	HSat2	G1	chr20	142	0				
k16_6214f638	HSat2	G1	chr21	0	0				
k16_6214f638	HSat2	G1	chr22	0	0				
k16_6214f638	HSat2	G1	chrX	98	0				
k16_6214f638	HSat2	G1	chrY	1	1	0.0	0.0	0.0	0.0
k16_6214f638	HSat2	G2	chr1	25	25	17155.0	16807.56	1421.7204407929207	1.0
k16_6214f638	HSat2	G2	chr2	31	31	7.0	6.612903225806452	9.37831386151387	0.0
k16_6214f638	HSat2	G2	chr3	23	0				
k16_6214f638	HSat2	G2	chr4	31	0				
k16_6214f638	HSat2	G2	chr5	42	0				
k16_6214f638	HSat2	G2	chr6	35	0				
k16_6214f638	HSat2	G2	chr7	42	42	9.0	8.595238095238095	27.21407822713171	0.023809523809523808
k16_6214f638	HSat2	G2	chr8	41	0				
k16_6214f638	HSat2	G2	chr9	33	30	4.0	4.033333333333333	103.34743185902386	0.0
k16_6214f638	HSat2	G2	chr10	42	42	74.5	235.54761904761904	993.3393149904773	1.0
k16_6214f638	HSat2	G2	chr11	41	0				
k16_6214f638	HSat2	G2	chr12	40	0				
k16_6214f638	HSat2	G2	chr13	0	0				
k16_6214f638	HSat2	G2	chr14	0	0				
k16_6214f638	HSat2	G2	chr15	0	0				
k16_6214f638	HSat2	G2	chr16	32	32	10.0	11.90625	1.356818119489046	0.625
k16_6214f638	HSat2	G2	chr17	29	28	4.0	3.5	41.74716129952949	0.0
k16_6214f638	HSat2	G2	chr18	30	0				
k16_6214f638	HSat2	G2	chr19	41	0				
k16_6214f638	HSat2	G2	chr20	42	0				
k16_6214f638	HSat2	G2	chr21	0	0				
k16_6214f638	HSat2	G2	chr22	0	0				
k16_6214f638	HSat2	G2	chrX	29	0				
k16_6214f638	HSat2	G2	chrY	0	0				
k16_6214f638	HSat2	G3	chr1	186	186	17278.5	17718.537634408603	1419.2616997148118	1.0
k16_6214f638	HSat2	G3	chr2	239	239	7.0	6.7907949790794975	9.954740768031375	0.02092050209205021
k16_6214f638	HSat2	G3	chr3	204	0				
k16_6214f638	HSat2	G3	chr4	211	0				
k16_6214f638	HSat2	G3	chr5	283	0				
k16_6214f638	HSat2	G3	chr6	222	0				
k16_6214f638	HSat2	G3	chr7	289	289	9.0	8.69204152249135	27.56842880215111	0.01730103806228374
k16_6214f638	HSat2	G3	chr8	274	0				
k16_6214f638	HSat2	G3	chr9	228	224	4.0	4.040178571428571	104.85646482395816	0.0
k16_6214f638	HSat2	G3	chr10	289	289	1199.0	1379.9584775086505	1315.831597614812	1.0
k16_6214f638	HSat2	G3	chr11	286	0				
k16_6214f638	HSat2	G3	chr12	286	0				
k16_6214f638	HSat2	G3	chr13	0	0				
k16_6214f638	HSat2	G3	chr14	0	0				
k16_6214f638	HSat2	G3	chr15	0	0				
k16_6214f638	HSat2	G3	chr16	242	242	11.0	11.681818181818182	1.3540875424646845	0.7272727272727273
k16_6214f638	HSat2	G3	chr17	172	172	4.0	3.383720930232558	40.58326661267651	0.0
k16_6214f638	HSat2	G3	chr18	182	0				
k16_6214f638	HSat2	G3	chr19	277	0				
k16_6214f638	HSat2	G3	chr20	268	0				
k16_6214f638	HSat2	G3	chr21	0	0				
k16_6214f638	HSat2	G3	chr22	0	0				
k16_6214f638	HSat2	G3	chrX	203	0				
k16_6214f638	HSat2	G3	chrY	3	3	0.0	0.0	0.0	0.0
k16_6214f638	HSat2	NA	chr1	45	44	15853.5	16609.522727272728	1414.2285011681556	1.0
k16_6214f638	HSat2	NA	chr2	58	58	7.0	6.982758620689655	9.974983971678533	0.034482758620689655
k16_6214f638	HSat2	NA	chr3	53	0				
k16_6214f638	HSat2	NA	chr4	65	0				
k16_6214f638	HSat2	NA	chr5	79	0				
k16_6214f638	HSat2	NA	chr6	64	0				
k16_6214f638	HSat2	NA	chr7	13	13	9.0	8.615384615384615	27.92016229591483	0.0
k16_6214f638	HSat2	NA	chr8	80	0				
k16_6214f638	HSat2	NA	chr9	66	65	4.0	4.015384615384615	104.59936639234381	0.0
k16_6214f638	HSat2	NA	chr10	72	71	926.0	916.4647887323944	1248.8233444770829	1.0
k16_6214f638	HSat2	NA	chr11	84	0				
k16_6214f638	HSat2	NA	chr12	79	0				
k16_6214f638	HSat2	NA	chr13	0	0				
k16_6214f638	HSat2	NA	chr14	0	0				
k16_6214f638	HSat2	NA	chr15	0	0				
k16_6214f638	HSat2	NA	chr16	68	67	12.0	12.253731343283581	1.3645638802646751	0.7761194029850746
k16_6214f638	HSat2	NA	chr17	47	47	4.0	3.425531914893617	41.19725887257176	0.0
k16_6214f638	HSat2	NA	chr18	53	0				
k16_6214f638	HSat2	NA	chr19	82	0				
k16_6214f638	HSat2	NA	chr20	74	0				
k16_6214f638	HSat2	NA	chr21	0	0				
k16_6214f638	HSat2	NA	chr22	0	0				
k16_6214f638	HSat2	NA	chrX	63	0				
k16_6214f638	HSat2	NA	chrY	0	0				
k16_62e83a02	HSat3	G1	chr1	40	39	77.0	63.97435897435897	80.51903960633128	1.0
k16_62e83a02	HSat3	G1	chr2	53	53	8.0	10.11320754716981	166.11403790685154	0.32075471698113206
k16_62e83a02	HSat3	G1	chr3	35	35	0.0	0.02857142857142857	0.14450443144514694	0.0
k16_62e83a02	HSat3	G1	chr4	48	48	0.0	0.14583333333333334	0.6922716865726093	0.0
k16_62e83a02	HSat3	G1	chr5	59	59	266.0	297.8813559322034	787.0974947996704	1.0
k16_62e83a02	HSat3	G1	chr6	40	0				
k16_62e83a02	HSat3	G1	chr7	59	59	52.0	51.49152542372882	115.59600967749398	0.9830508474576272
k16_62e83a02	HSat3	G1	chr8	53	0				
k16_62e83a02	HSat3	G1	chr9	49	49	3317.0	3266.877551020408	228.75054456811034	1.0
k16_62e83a02	HSat3	G1	chr10	59	59	18.0	18.694915254237287	28.878312159788024	0.9491525423728814
k16_62e83a02	HSat3	G1	chr11	57	0				
k16_62e83a02	HSat3	G1	chr12	58	0				
k16_62e83a02	HSat3	G1	chr13	0	0				
k16_62e83a02	HSat3	G1	chr14	0	0				
k16_62e83a02	HSat3	G1	chr15	0	0				
k16_62e83a02	HSat3	G1	chr16	45	43	0.0	0.0	0.0	0.0
k16_62e83a02	HSat3	G1	chr17	42	42	10.0	11.261904761904763	12.619684904877191	0.7380952380952381
k16_62e83a02	HSat3	G1	chr18	44	0				
k16_62e83a02	HSat3	G1	chr19	55	0				
k16_62e83a02	HSat3	G1	chr20	59	59	130.0	121.27118644067797	93.78935908795688	1.0
k16_62e83a02	HSat3	G1	chr21	0	0				
k16_62e83a02	HSat3	G1	chr22	0	0				
k16_62e83a02	HSat3	G1	chrX	44	1	1.0	1.0	2.339405650600409	0.0
k16_62e83a02	HSat3	G1	chrY	0	0				
k16_62e83a02	HSat3	G2	chr1	35	35	62.0	51.4	73.26952273356981	1.0
k16_62e83a02	HSat3	G2	chr2	41	39	8.0	9.128205128205128	153.84688518398315	0.1794871794871795
k16_62e83a02	HSat3	G2	chr3	47	47	0.0	0.0	0.0	0.0
k16_62e83a02	HSat3	G2	chr4	39	39	0.0	0.02564102564102564	0.11562216111462538	0.0
k16_62e83a02	HSat3	G2	chr5	54	54	236.5	248.74074074074073	744.421260409608	1.0
k16_62e83a02	HSat3	G2	chr6	44	0				
k16_62e83a02	HSat3	G2	chr7	54	54	51.0	45.111111111111114	112.4671549507917	0.9444444444444444
k16_62e83a02	HSat3	G2	chr8	53	0				
k16_62e83a02	HSat3	G2	chr9	47	47	3157.0	3201.1702127659573	230.80386689616242	0.9574468085106383
k16_62e83a02	HSat3	G2	chr10	54	54	20.0	18.59259259259259	29.05393051931933	0.8888888888888888
k16_62e83a02	HSat3	G2	chr11	54	0				
k16_62e83a02	HSat3	G2	chr12	53	0				
k16_62e83a02	HSat3	G2	chr13	0	0				
k16_62e83a02	HSat3	G2	chr14	0	0				
k16_62e83a02	HSat3	G2	chr15	0	0				
k16_62e83a02	HSat3	G2	chr16	49	47	0.0	0.0	0.0	0.0
k16_62e83a02	HSat3	G2	chr17	37	37	9.0	9.621621621621621	12.27586249227112	0.40540540540540543
k16_62e83a02	HSat3	G2	chr18	35	0				
k16_62e83a02	HSat3	G2	chr19	54	0				
k16_62e83a02	HSat3	G2	chr20	54	54	64.0	64.05555555555556	98.94616187437614	1.0
k16_62e83a02	HSat3	G2	chr21	0	0				
k16_62e83a02	HSat3	G2	chr22	0	0				
k16_62e83a02	HSat3	G2	chrX	38	0				
k16_62e83a02	HSat3	G2	chrY	0	0				
k16_62e83a02	HSat3	G3	chr1	38	38	81.0	65.65789473684211	80.64291179672634	1.0
k16_62e83a02	HSat3	G3	chr2	57	56	8.0	8.660714285714286	144.12497566962395	0.125
k16_62e83a02	HSat3	G3	chr3	49	48	0.0	0.0	0.0	0.0
k16_62e83a02	HSat3	G3	chr4	58	58	0.0	0.0	0.0	0.0
k16_62e83a02	HSat3	G3	chr5	70	70	241.5	252.65714285714284	732.7869238262897	1.0
k16_62e83a02	HSat3	G3	chr6	57	0				
k16_62e83a02	HSat3	G3	chr7	70	70	46.0	43.05714285714286	111.58936653300871	0.9857142857142858
k16_62e83a02	HSat3	G3	chr8	66	0				
k16_62e83a02	HSat3	G3	chr9	58	58	3370.5	3369.551724137931	232.78379848870628	1.0
k16_62e83a02	HSat3	G3	chr10	70	70	19.0	18.82857142857143	30.03257828362949	0.8857142857142857
k16_62e83a02	HSat3	G3	chr11	69	0				
k16_62e83a02	HSat3	G3	chr12	70	0				
k16_62e83a02	HSat3	G3	chr13	0	0				
k16_62e83a02	HSat3	G3	chr14	0	0				
k16_62e83a02	HSat3	G3	chr15	0	0				
k16_62e83a02	HSat3	G3	chr16	60	60	0.0	0.0	0.0	0.0
k16_62e83a02	HSat3	G3	chr17	44	44	9.0	9.590909090909092	12.12743032482345	0.4090909090909091
k16_62e83a02	HSat3	G3	chr18	38	0				
k16_62e83a02	HSat3	G3	chr19	66	0				
k16_62e83a02	HSat3	G3	chr20	70	70	134.0	136.5	123.59687312716943	1.0
k16_62e83a02	HSat3	G3	chr21	0	0				
k16_62e83a02	HSat3	G3	chr22	0	0				
k16_62e83a02	HSat3	G3	chrX	52	0				
k16_62e83a02	HSat3	G3	chrY	1	1	1.0	1.0	0.05773273726206535	0.0
k16_62e83a02	HSat3	G4	chr1	23	22	85.0	77.68181818181819	87.86308946159103	1.0
k16_62e83a02	HSat3	G4	chr2	31	31	8.0	10.0	170.31039343898436	0.3548387096774194
k16_62e83a02	HSat3	G4	chr3	28	28	0.0	0.0	0.0	0.0
k16_62e83a02	HSat3	G4	chr4	28	28	0.0	0.07142857142857142	0.32841369616478483	0.0
k16_62e83a02	HSat3	G4	chr5	39	39	465.0	523.7948717948718	829.7366435065026	1.0
k16_62e83a02	HSat3	G4	chr6	30	0				
k16_62e83a02	HSat3	G4	chr7	39	39	52.0	50.30769230769231	113.89185776543943	1.0
k16_62e83a02	HSat3	G4	chr8	36	0				
k16_62e83a02	HSat3	G4	chr9	27	27	3387.0	3276.8518518518517	230.79991907668327	1.0
k16_62e83a02	HSat3	G4	chr10	39	39	19.0	18.743589743589745	29.680235054468913	0.9487179487179487
k16_62e83a02	HSat3	G4	chr11	39	0				
k16_62e83a02	HSat3	G4	chr12	37	0				
k16_62e83a02	HSat3	G4	chr13	0	0				
k16_62e83a02	HSat3	G4	chr14	0	0				
k16_62e83a02	HSat3	G4	chr15	0	0				
k16_62e83a02	HSat3	G4	chr16	29	29	0.0	0.0	0.0	0.0
k16_62e83a02	HSat3	G4	chr17	25	25	10.0	10.2	11.381226038334916	0.68
k16_62e83a02	HSat3	G4	chr18	27	0				
k16_62e83a02	HSat3	G4	chr19	35	0				
k16_62e83a02	HSat3	G4	chr20	39	39	77.0	92.87179487179488	106.98101007322794	1.0
k16_62e83a02	HSat3	G4	chr21	0	0				
k16_62e83a02	HSat3	G4	chr22	0	0				
k16_62e83a02	HSat3	G4	chrX	30	0				
k16_62e83a02	HSat3	G4	chrY	1	1	1.0	1.0	0.11561329848902668	0.0
k16_62e83a02	HSat3	G5	chr1	31	30	80.5	67.96666666666667	83.01017784574381	1.0
k16_62e83a02	HSat3	G5	chr2	39	39	8.0	10.076923076923077	168.87311784894322	0.28205128205128205
k16_62e83a02	HSat3	G5	chr3	26	26	0.0	0.0	0.0	0.0
k16_62e83a02	HSat3	G5	chr4	40	40	0.0	0.125	0.5844139829694752	0.0
k16_62e83a02	HSat3	G5	chr5	47	47	518.0	506.531914893617	751.831616497978	1.0
k16_62e83a02	HSat3	G5	chr6	37	0				
k16_62e83a02	HSat3	G5	chr7	47	47	50.0	53.659574468085104	117.61516002517207	0.9574468085106383
k16_62e83a02	HSat3	G5	chr8	45	0				
k16_62e83a02	HSat3	G5	chr9	40	40	3422.5	3472.0	231.36515983009443	1.0
k16_62e83a02	HSat3	G5	chr10	47	47	18.0	17.319148936170212	27.6432546298631	0.8936170212765957
k16_62e83a02	HSat3	G5	chr11	46	0				
k16_62e83a02	HSat3	G5	chr12	44	0				
k16_62e83a02	HSat3	G5	chr13	0	0				
k16_62e83a02	HSat3	G5	chr14	0	0				
k16_62e83a02	HSat3	G5	chr15	0	0				
k16_62e83a02	HSat3	G5	chr16	33	33	0.0	0.0	0.0	0.0
k16_62e83a02	HSat3	G5	chr17	39	39	10.0	10.615384615384615	11.796658434080786	0.6153846153846154
k16_62e83a02	HSat3	G5	chr18	39	0				
k16_62e83a02	HSat3	G5	chr19	46	0				
k16_62e83a02	HSat3	G5	chr20	47	47	104.0	107.29787234042553	92.20563615772988	1.0
k16_62e83a02	HSat3	G5	chr21	0	0				
k16_62e83a02	HSat3	G5	chr22	0	0				
k16_62e83a02	HSat3	G5	chrX	28	0				
k16_62e83a02	HSat3	G5	chrY	1	1	1.0	1.0	0.046076921088526714	0.0
k16_62e83a02	HSat3	G6	chr1	34	34	80.5	70.38235294117646	87.60419334512714	1.0
k16_62e83a02	HSat3	G6	chr2	39	38	7.0	8.131578947368421	142.1213707307246	0.10526315789473684
k16_62e83a02	HSat3	G6	chr3	34	34	0.0	0.0	0.0	0.0
k16_62e83a02	HSat3	G6	chr4	34	34	0.0	0.0	0.0	0.0
k16_62e83a02	HSat3	G6	chr5	47	47	505.0	511.97872340425533	738.887463260208	1.0
k16_62e83a02	HSat3	G6	chr6	40	0				
k16_62e83a02	HSat3	G6	chr7	47	47	50.0	42.59574468085106	108.75581554340071	0.8723404255319149
k16_62e83a02	HSat3	G6	chr8	47	0				
k16_62e83a02	HSat3	G6	chr9	39	39	2944.0	3050.5641025641025	230.955210791832	1.0
k16_62e83a02	HSat3	G6	chr10	47	47	20.0	19.70212765957447	30.910478148044433	0.9361702127659575
k16_62e83a02	HSat3	G6	chr11	47	0				
k16_62e83a02	HSat3	G6	chr12	47	0				
k16_62e83a02	HSat3	G6	chr13	0	0				
k16_62e83a02	HSat3	G6	chr14	0	0				
k16_62e83a02	HSat3	G6	chr15	0	0				
k16_62e83a02	HSat3	G6	chr16	41	41	0.0	0.0	0.0	0.0
k16_62e83a02	HSat3	G6	chr17	28	28	9.0	9.642857142857142	11.80856221351936	0.32142857142857145
k16_62e83a02	HSat3	G6	chr18	25	0				
k16_62e83a02	HSat3	G6	chr19	46	0				
k16_62e83a02	HSat3	G6	chr20	47	47	64.0	59.659574468085104	102.00191490042808	0.9574468085106383
k16_62e83a02	HSat3	G6	chr21	0	0				
k16_62e83a02	HSat3	G6	chr22	0	0				
k16_62e83a02	HSat3	G6	chrX	30	0				
k16_62e83a02	HSat3	G6	chrY	0	0				
k16_62e83a02	HSat3	G7	chr1	84	81	80.0	58.617283950617285	79.42084871882278	1.0
k16_62e83a02	HSat3	G7	chr2	104	103	8.0	8.359223300970873	143.16823148490565	0.1262135922330097
k16_62e83a02	HSat3	G7	chr3	88	86	0.0	0.0	0.0	0.0
k16_62e83a02	HSat3	G7	chr4	91	91	0.0	0.02197802197802198	0.10017132301375041	0.0
k16_62e83a02	HSat3	G7	chr5	126	126	510.0	508.57936507936506	742.3631910748392	1.0
k16_62e83a02	HSat3	G7	chr6	103	0				
k16_62e83a02	HSat3	G7	chr7	126	126	44.5	41.77777777777778	111.80943865374638	0.9444444444444444
k16_62e83a02	HSat3	G7	chr8	121	0				
k16_62e83a02	HSat3	G7	chr9	101	101	3111.0	3297.089108910891	232.39682554587174	1.0
k16_62e83a02	HSat3	G7	chr10	126	126	20.0	19.26984126984127	30.125018454365453	0.9206349206349206
k16_62e83a02	HSat3	G7	chr11	125	0				
k16_62e83a02	HSat3	G7	chr12	126	0				
k16_62e83a02	HSat3	G7	chr13	0	0				
k16_62e83a02	HSat3	G7	chr14	0	0				
k16_62e83a02	HSat3	G7	chr15	0	0				
k16_62e83a02	HSat3	G7	chr16	109	109	0.0	0.0	0.0	0.0
k16_62e83a02	HSat3	G7	chr17	77	77	9.0	9.571428571428571	12.271999732513699	0.33766233766233766
k16_62e83a02	HSat3	G7	chr18	76	0				
k16_62e83a02	HSat3	G7	chr19	121	0				
k16_62e83a02	HSat3	G7	chr20	126	126	136.0	136.5952380952381	123.347184634732	1.0
k16_62e83a02	HSat3	G7	chr21	0	0				
k16_62e83a02	HSat3	G7	chr22	0	0				
k16_62e83a02	HSat3	G7	chrX	80	0				
k16_62e83a02	HSat3	G7	chrY	0	0				
k16_62e83a02	HSat3	NA	chr1	73	71	77.0	57.23943661971831	78.60512725926397	1.0
k16_62e83a02	HSat3	NA	chr2	92	92	7.0	8.097826086956522	140.09505402403767	0.13043478260869565
k16_62e83a02	HSat3	NA	chr3	80	80	0.0	0.0	0.0	0.0
k16_62e83a02	HSat3	NA	chr4	93	93	0.0	0.06451612903225806	0.3044134007040778	0.0
k16_62e83a02	HSat3	NA	chr5	115	114	425.5	396.82456140350877	759.8507609971383	1.0
k16_62e83a02	HSat3	NA	chr6	101	0				
k16_62e83a02	HSat3	NA	chr7	60	60	36.5	40.35	109.10529914207903	0.9333333333333333
k16_62e83a02	HSat3	NA	chr8	127	0				
k16_62e83a02	HSat3	NA	chr9	98	97	3256.0	3396.5154639175257	231.7663584853603	1.0
k16_62e83a02	HSat3	NA	chr10	119	118	20.0	19.940677966101696	30.91944048191016	0.940677966101695
k16_62e83a02	HSat3	NA	chr11	130	0				
k16_62e83a02	HSat3	NA	chr12	126	0				
k16_62e83a02	HSat3	NA	chr13	0	0				
k16_62e83a02	HSat3	NA	chr14	0	0				
k16_62e83a02	HSat3	NA	chr15	0	0				
k16_62e83a02	HSat3	NA	chr16	103	102	0.0	0.0	0.0	0.0
k16_62e83a02	HSat3	NA	chr17	65	65	9.0	9.615384615384615	11.67764134514321	0.49230769230769234
k16_62e83a02	HSat3	NA	chr18	84	0				
k16_62e83a02	HSat3	NA	chr19	128	0				
k16_62e83a02	HSat3	NA	chr20	84	84	131.0	115.77380952380952	111.05656175211328	0.9880952380952381
k16_62e83a02	HSat3	NA	chr21	0	0				
k16_62e83a02	HSat3	NA	chr22	0	0				
k16_62e83a02	HSat3	NA	chrX	91	0				
k16_62e83a02	HSat3	NA	chrY	1	1	1.0	1.0	0.06330177634279684	0.0
k16_62e83f06	HSat3	G1	chr1	40	39	86.0	68.43589743589743	86.13439547466861	0.7435897435897436
k16_62e83f06	HSat3	G1	chr2	53	53	0.0	0.0	0.0	0.0
k16_62e83f06	HSat3	G1	chr3	35	35	0.0	0.0	0.0	0.0
k16_62e83f06	HSat3	G1	chr4	48	48	0.0	0.0	0.0	0.0
k16_62e83f06	HSat3	G1	chr5	59	59	0.0	0.03389830508474576	0.08957012743097244	0.0
k16_62e83f06	HSat3	G1	chr6	40	0				
k16_62e83f06	HSat3	G1	chr7	59	59	0.0	0.0	0.0	0.0
k16_62e83f06	HSat3	G1	chr8	53	0				
k16_62e83f06	HSat3	G1	chr9	49	49	0.0	0.02040816326530612	0.001429003195762729	0.0
k16_62e83f06	HSat3	G1	chr10	59	59	0.0	0.0	0.0	0.0
k16_62e83f06	HSat3	G1	chr11	57	0				
k16_62e83f06	HSat3	G1	chr12	58	0				
k16_62e83f06	HSat3	G1	chr13	0	0				
k16_62e83f06	HSat3	G1	chr14	0	0				
k16_62e83f06	HSat3	G1	chr15	0	0				
k16_62e83f06	HSat3	G1	chr16	45	43	0.0	0.0	0.0	0.0
k16_62e83f06	HSat3	G1	chr17	42	42	0.0	0.0	0.0	0.0
k16_62e83f06	HSat3	G1	chr18	44	0				
k16_62e83f06	HSat3	G1	chr19	55	0				
k16_62e83f06	HSat3	G1	chr20	59	59	0.0	0.0	0.0	0.0
k16_62e83f06	HSat3	G1	chr21	0	0				
k16_62e83f06	HSat3	G1	chr22	0	0				
k16_62e83f06	HSat3	G1	chrX	44	1	0.0	0.0	0.0	0.0
k16_62e83f06	HSat3	G1	chrY	0	0				
k16_62e83f06	HSat3	G2	chr1	35	35	51.0	48.142857142857146	68.62654019236528	0.5142857142857142
k16_62e83f06	HSat3	G2	chr2	41	39	0.0	0.0	0.0	0.0
k16_62e83f06	HSat3	G2	chr3	47	47	0.0	0.0	0.0	0.0
k16_62e83f06	HSat3	G2	chr4	39	39	0.0	0.0	0.0	0.0
k16_62e83f06	HSat3	G2	chr5	54	54	0.0	0.0	0.0	0.0
k16_62e83f06	HSat3	G2	chr6	44	0				
k16_62e83f06	HSat3	G2	chr7	54	54	0.0	0.0	0.0	0.0
k16_62e83f06	HSat3	G2	chr8	53	0				
k16_62e83f06	HSat3	G2	chr9	47	47	0.0	0.0	0.0	0.0
k16_62e83f06	HSat3	G2	chr10	54	54	0.0	0.0	0.0	0.0
k16_62e83f06	HSat3	G2	chr11	54	0				
k16_62e83f06	HSat3	G2	chr12	53	0				
k16_62e83f06	HSat3	G2	chr13	0	0				
k16_62e83f06	HSat3	G2	chr14	0	0				
k16_62e83f06	HSat3	G2	chr15	0	0				
k16_62e83f06	HSat3	G2	chr16	49	47	0.0	0.0	0.0	0.0
k16_62e83f06	HSat3	G2	chr17	37	37	0.0	0.0	0.0	0.0
k16_62e83f06	HSat3	G2	chr18	35	0				
k16_62e83f06	HSat3	G2	chr19	54	0				
k16_62e83f06	HSat3	G2	chr20	54	54	0.0	0.0	0.0	0.0
k16_62e83f06	HSat3	G2	chr21	0	0				
k16_62e83f06	HSat3	G2	chr22	0	0				
k16_62e83f06	HSat3	G2	chrX	38	0				
k16_62e83f06	HSat3	G2	chrY	0	0				
k16_62e83f06	HSat3	G3	chr1	38	38	90.5	71.71052631578948	88.07692771385943	0.6578947368421053
k16_62e83f06	HSat3	G3	chr2	57	56	0.0	0.0	0.0	0.0
k16_62e83f06	HSat3	G3	chr3	49	48	0.0	0.0	0.0	0.0
k16_62e83f06	HSat3	G3	chr4	58	58	0.0	0.0	0.0	0.0
k16_62e83f06	HSat3	G3	chr5	70	70	0.0	0.0	0.0	0.0
k16_62e83f06	HSat3	G3	chr6	57	0				
k16_62e83f06	HSat3	G3	chr7	70	70	0.0	0.0	0.0	0.0
k16_62e83f06	HSat3	G3	chr8	66	0				
k16_62e83f06	HSat3	G3	chr9	58	58	0.0	0.0	0.0	0.0
k16_62e83f06	HSat3	G3	chr10	70	70	0.0	0.0	0.0	0.0
k16_62e83f06	HSat3	G3	chr11	69	0				
k16_62e83f06	HSat3	G3	chr12	70	0				
k16_62e83f06	HSat3	G3	chr13	0	0				
k16_62e83f06	HSat3	G3	chr14	0	0				
k16_62e83f06	HSat3	G3	chr15	0	0				
k16_62e83f06	HSat3	G3	chr16	60	60	0.0	0.0	0.0	0.0
k16_62e83f06	HSat3	G3	chr17	44	44	0.0	0.0	0.0	0.0
k16_62e83f06	HSat3	G3	chr18	38	0				
k16_62e83f06	HSat3	G3	chr19	66	0				
k16_62e83f06	HSat3	G3	chr20	70	70	0.0	0.0	0.0	0.0
k16_62e83f06	HSat3	G3	chr21	0	0				
k16_62e83f06	HSat3	G3	chr22	0	0				
k16_62e83f06	HSat3	G3	chrX	52	0				
k16_62e83f06	HSat3	G3	chrY	1	1	0.0	0.0	0.0	0.0
k16_62e83f06	HSat3	G4	chr1	23	22	93.5	89.54545454545455	101.28161863038872	0.9090909090909091
k16_62e83f06	HSat3	G4	chr2	31	31	0.0	0.0	0.0	0.0
k16_62e83f06	HSat3	G4	chr3	28	28	0.0	0.0	0.0	0.0
k16_62e83f06	HSat3	G4	chr4	28	28	0.0	0.0	0.0	0.0
k16_62e83f06	HSat3	G4	chr5	39	39	0.0	0.0	0.0	0.0
k16_62e83f06	HSat3	G4	chr6	30	0				
k16_62e83f06	HSat3	G4	chr7	39	39	0.0	0.0	0.0	0.0
k16_62e83f06	HSat3	G4	chr8	36	0				
k16_62e83f06	HSat3	G4	chr9	27	27	0.0	0.037037037037037035	0.0026086455956675133	0.0
k16_62e83f06	HSat3	G4	chr10	39	39	0.0	0.0	0.0	0.0
k16_62e83f06	HSat3	G4	chr11	39	0				
k16_62e83f06	HSat3	G4	chr12	37	0				
k16_62e83f06	HSat3	G4	chr13	0	0				
k16_62e83f06	HSat3	G4	chr14	0	0				
k16_62e83f06	HSat3	G4	chr15	0	0				
k16_62e83f06	HSat3	G4	chr16	29	29	0.0	0.0	0.0	0.0
k16_62e83f06	HSat3	G4	chr17	25	25	0.0	0.0	0.0	0.0
k16_62e83f06	HSat3	G4	chr18	27	0				
k16_62e83f06	HSat3	G4	chr19	35	0				
k16_62e83f06	HSat3	G4	chr20	39	39	0.0	0.0	0.0	0.0
k16_62e83f06	HSat3	G4	chr21	0	0				
k16_62e83f06	HSat3	G4	chr22	0	0				
k16_62e83f06	HSat3	G4	chrX	30	0				
k16_62e83f06	HSat3	G4	chrY	1	1	0.0	0.0	0.0	0.0
k16_62e83f06	HSat3	G5	chr1	31	30	91.5	74.26666666666667	90.70459845037625	0.8
k16_62e83f06	HSat3	G5	chr2	39	39	0.0	0.0	0.0	0.0
k16_62e83f06	HSat3	G5	chr3	26	26	0.0	0.0	0.0	0.0
k16_62e83f06	HSat3	G5	chr4	40	40	0.0	0.0	0.0	0.0
k16_62e83f06	HSat3	G5	chr5	47	47	0.0	0.0	0.0	0.0
k16_62e83f06	HSat3	G5	chr6	37	0				
k16_62e83f06	HSat3	G5	chr7	47	47	0.0	0.0	0.0	0.0
k16_62e83f06	HSat3	G5	chr8	45	0				
k16_62e83f06	HSat3	G5	chr9	40	40	0.0	0.15	0.009995614623996013	0.0
k16_62e83f06	HSat3	G5	chr10	47	47	0.0	0.0	0.0	0.0
k16_62e83f06	HSat3	G5	chr11	46	0				
k16_62e83f06	HSat3	G5	chr12	44	0				
k16_62e83f06	HSat3	G5	chr13	0	0				
k16_62e83f06	HSat3	G5	chr14	0	0				
k16_62e83f06	HSat3	G5	chr15	0	0				
k16_62e83f06	HSat3	G5	chr16	33	33	0.0	0.0	0.0	0.0
k16_62e83f06	HSat3	G5	chr17	39	39	0.0	0.0	0.0	0.0
k16_62e83f06	HSat3	G5	chr18	39	0				
k16_62e83f06	HSat3	G5	chr19	46	0				
k16_62e83f06	HSat3	G5	chr20	47	47	0.0	0.02127659574468085	0.018283885813549453	0.0
k16_62e83f06	HSat3	G5	chr21	0	0				
k16_62e83f06	HSat3	G5	chr22	0	0				
k16_62e83f06	HSat3	G5	chrX	28	0				
k16_62e83f06	HSat3	G5	chrY	1	1	0.0	0.0	0.0	0.0
k16_62e83f06	HSat3	G6	chr1	34	34	89.5	77.26470588235294	96.17058751259883	0.7941176470588235
k16_62e83f06	HSat3	G6	chr2	39	38	0.0	0.0	0.0	0.0
k16_62e83f06	HSat3	G6	chr3	34	34	0.0	0.0	0.0	0.0
k16_62e83f06	HSat3	G6	chr4	34	34	0.0	0.0	0.0	0.0
k16_62e83f06	HSat3	G6	chr5	47	47	0.0	0.0	0.0	0.0
k16_62e83f06	HSat3	G6	chr6	40	0				
k16_62e83f06	HSat3	G6	chr7	47	47	0.0	0.0	0.0	0.0
k16_62e83f06	HSat3	G6	chr8	47	0				
k16_62e83f06	HSat3	G6	chr9	39	39	0.0	0.0	0.0	0.0
k16_62e83f06	HSat3	G6	chr10	47	47	0.0	0.0	0.0	0.0
k16_62e83f06	HSat3	G6	chr11	47	0				
k16_62e83f06	HSat3	G6	chr12	47	0				
k16_62e83f06	HSat3	G6	chr13	0	0				
k16_62e83f06	HSat3	G6	chr14	0	0				
k16_62e83f06	HSat3	G6	chr15	0	0				
k16_62e83f06	HSat3	G6	chr16	41	41	0.0	0.0	0.0	0.0
k16_62e83f06	HSat3	G6	chr17	28	28	0.0	0.0	0.0	0.0
k16_62e83f06	HSat3	G6	chr18	25	0				
k16_62e83f06	HSat3	G6	chr19	46	0				
k16_62e83f06	HSat3	G6	chr20	47	47	0.0	0.0	0.0	0.0
k16_62e83f06	HSat3	G6	chr21	0	0				
k16_62e83f06	HSat3	G6	chr22	0	0				
k16_62e83f06	HSat3	G6	chrX	30	0				
k16_62e83f06	HSat3	G6	chrY	0	0				
k16_62e83f06	HSat3	G7	chr1	84	81	90.0	60.358024691358025	81.779386981113	0.5925925925925926
k16_62e83f06	HSat3	G7	chr2	104	103	0.0	0.0	0.0	0.0
k16_62e83f06	HSat3	G7	chr3	88	86	0.0	0.0	0.0	0.0
k16_62e83f06	HSat3	G7	chr4	91	91	0.0	0.0	0.0	0.0
k16_62e83f06	HSat3	G7	chr5	126	126	0.0	0.0	0.0	0.0
k16_62e83f06	HSat3	G7	chr6	103	0				
k16_62e83f06	HSat3	G7	chr7	126	126	0.0	0.0	0.0	0.0
k16_62e83f06	HSat3	G7	chr8	121	0				
k16_62e83f06	HSat3	G7	chr9	101	101	0.0	0.019801980198019802	0.0013957515813280946	0.0
k16_62e83f06	HSat3	G7	chr10	126	126	0.0	0.007936507936507936	0.012407338737382806	0.0
k16_62e83f06	HSat3	G7	chr11	125	0				
k16_62e83f06	HSat3	G7	chr12	126	0				
k16_62e83f06	HSat3	G7	chr13	0	0				
k16_62e83f06	HSat3	G7	chr14	0	0				
k16_62e83f06	HSat3	G7	chr15	0	0				
k16_62e83f06	HSat3	G7	chr16	109	109	0.0	0.0	0.0	0.0
k16_62e83f06	HSat3	G7	chr17	77	77	0.0	0.0	0.0	0.0
k16_62e83f06	HSat3	G7	chr18	76	0				
k16_62e83f06	HSat3	G7	chr19	121	0				
k16_62e83f06	HSat3	G7	chr20	126	126	0.0	0.0	0.0	0.0
k16_62e83f06	HSat3	G7	chr21	0	0				
k16_62e83f06	HSat3	G7	chr22	0	0				
k16_62e83f06	HSat3	G7	chrX	80	0				
k16_62e83f06	HSat3	G7	chrY	0	0				
k16_62e83f06	HSat3	NA	chr1	73	71	88.0	58.352112676056336	80.13313047124277	0.5915492957746479
k16_62e83f06	HSat3	NA	chr2	92	92	0.0	0.0	0.0	0.0
k16_62e83f06	HSat3	NA	chr3	80	80	0.0	0.0	0.0	0.0
k16_62e83f06	HSat3	NA	chr4	93	93	0.0	0.0	0.0	0.0
k16_62e83f06	HSat3	NA	chr5	115	114	0.0	0.0	0.0	0.0
k16_62e83f06	HSat3	NA	chr6	101	0				
k16_62e83f06	HSat3	NA	chr7	60	60	0.0	0.0	0.0	0.0
k16_62e83f06	HSat3	NA	chr8	127	0				
k16_62e83f06	HSat3	NA	chr9	98	97	0.0	0.061855670103092786	0.004220814998124706	0.0
k16_62e83f06	HSat3	NA	chr10	119	118	0.0	0.0	0.0	0.0
k16_62e83f06	HSat3	NA	chr11	130	0				
k16_62e83f06	HSat3	NA	chr12	126	0				
k16_62e83f06	HSat3	NA	chr13	0	0				
k16_62e83f06	HSat3	NA	chr14	0	0				
k16_62e83f06	HSat3	NA	chr15	0	0				
k16_62e83f06	HSat3	NA	chr16	103	102	0.0	0.0	0.0	0.0
k16_62e83f06	HSat3	NA	chr17	65	65	0.0	0.0	0.0	0.0
k16_62e83f06	HSat3	NA	chr18	84	0				
k16_62e83f06	HSat3	NA	chr19	128	0				
k16_62e83f06	HSat3	NA	chr20	84	84	0.0	0.0	0.0	0.0
k16_62e83f06	HSat3	NA	chr21	0	0				
k16_62e83f06	HSat3	NA	chr22	0	0				
k16_62e83f06	HSat3	NA	chrX	91	0				
k16_62e83f06	HSat3	NA	chrY	1	1	0.0	0.0	0.0	0.0
k16_63d47638	HSat2	G1	chr1	102	102	5730.5	5788.676470588235	489.2538425605024	1.0
k16_63d47638	HSat2	G1	chr2	128	128	9.0	9.1015625	13.735535272866372	0.453125
k16_63d47638	HSat2	G1	chr3	107	0				
k16_63d47638	HSat2	G1	chr4	124	0				
k16_63d47638	HSat2	G1	chr5	153	0				
k16_63d47638	HSat2	G1	chr6	131	0				
k16_63d47638	HSat2	G1	chr7	158	158	12.0	11.360759493670885	36.07354912336151	0.9620253164556962
k16_63d47638	HSat2	G1	chr8	153	0				
k16_63d47638	HSat2	G1	chr9	132	125	2.0	2.008	52.796089303217826	0.0
k16_63d47638	HSat2	G1	chr10	158	158	199.5	231.9240506329114	502.28470043461664	1.0
k16_63d47638	HSat2	G1	chr11	156	0				
k16_63d47638	HSat2	G1	chr12	156	0				
k16_63d47638	HSat2	G1	chr13	0	0				
k16_63d47638	HSat2	G1	chr14	0	0				
k16_63d47638	HSat2	G1	chr15	0	0				
k16_63d47638	HSat2	G1	chr16	127	127	1414.0	1477.4488188976377	164.84367831271524	1.0
k16_63d47638	HSat2	G1	chr17	109	109	1.0	1.0	12.017277537591477	0.0
k16_63d47638	HSat2	G1	chr18	103	0				
k16_63d47638	HSat2	G1	chr19	151	0				
k16_63d47638	HSat2	G1	chr20	142	0				
k16_63d47638	HSat2	G1	chr21	0	0				
k16_63d47638	HSat2	G1	chr22	0	0				
k16_63d47638	HSat2	G1	chrX	98	0				
k16_63d47638	HSat2	G1	chrY	1	1	0.0	0.0	0.0	0.0
k16_63d47638	HSat2	G2	chr1	25	25	5456.0	5641.92	477.23958678823067	1.0
k16_63d47638	HSat2	G2	chr2	31	31	9.0	9.193548387096774	13.03814366112904	0.45161290322580644
k16_63d47638	HSat2	G2	chr3	23	0				
k16_63d47638	HSat2	G2	chr4	31	0				
k16_63d47638	HSat2	G2	chr5	42	0				
k16_63d47638	HSat2	G2	chr6	35	0				
k16_63d47638	HSat2	G2	chr7	42	42	11.0	11.285714285714286	35.73261240903167	1.0
k16_63d47638	HSat2	G2	chr8	41	0				
k16_63d47638	HSat2	G2	chr9	33	30	2.0	2.0	51.24666042596224	0.0
k16_63d47638	HSat2	G2	chr10	42	42	38.0	87.95238095238095	370.9082613539698	0.9761904761904762
k16_63d47638	HSat2	G2	chr11	41	0				
k16_63d47638	HSat2	G2	chr12	40	0				
k16_63d47638	HSat2	G2	chr13	0	0				
k16_63d47638	HSat2	G2	chr14	0	0				
k16_63d47638	HSat2	G2	chr15	0	0				
k16_63d47638	HSat2	G2	chr16	32	32	1415.5	1446.78125	164.87298813119256	1.0
k16_63d47638	HSat2	G2	chr17	29	28	1.0	1.0	11.927760371294141	0.0
k16_63d47638	HSat2	G2	chr18	30	0				
k16_63d47638	HSat2	G2	chr19	41	0				
k16_63d47638	HSat2	G2	chr20	42	0				
k16_63d47638	HSat2	G2	chr21	0	0				
k16_63d47638	HSat2	G2	chr22	0	0				
k16_63d47638	HSat2	G2	chrX	29	0				
k16_63d47638	HSat2	G2	chrY	0	0				
k16_63d47638	HSat2	G3	chr1	186	186	6064.5	6137.817204301075	491.64152582199904	1.0
k16_63d47638	HSat2	G3	chr2	239	239	10.0	9.502092050209205	13.929276823289742	0.5146443514644351
k16_63d47638	HSat2	G3	chr3	204	0				
k16_63d47638	HSat2	G3	chr4	211	0				
k16_63d47638	HSat2	G3	chr5	283	0				
k16_63d47638	HSat2	G3	chr6	222	0				
k16_63d47638	HSat2	G3	chr7	289	289	11.0	11.217993079584774	35.579954688126556	0.9653979238754326
k16_63d47638	HSat2	G3	chr8	274	0				
k16_63d47638	HSat2	G3	chr9	228	224	2.0	2.0223214285714284	52.48616416050061	0.0
k16_63d47638	HSat2	G3	chr10	289	289	449.0	521.9134948096886	497.660095492154	1.0
k16_63d47638	HSat2	G3	chr11	286	0				
k16_63d47638	HSat2	G3	chr12	286	0				
k16_63d47638	HSat2	G3	chr13	0	0				
k16_63d47638	HSat2	G3	chr14	0	0				
k16_63d47638	HSat2	G3	chr15	0	0				
k16_63d47638	HSat2	G3	chr16	242	242	1400.5	1416.9669421487604	164.24646014729223	1.0
k16_63d47638	HSat2	G3	chr17	172	172	1.0	0.9767441860465116	11.714757372731365	0.0
k16_63d47638	HSat2	G3	chr18	182	0				
k16_63d47638	HSat2	G3	chr19	277	0				
k16_63d47638	HSat2	G3	chr20	268	0				
k16_63d47638	HSat2	G3	chr21	0	0				
k16_63d47638	HSat2	G3	chr22	0	0				
k16_63d47638	HSat2	G3	chrX	203	0				
k16_63d47638	HSat2	G3	chrY	3	3	0.0	0.0	0.0	0.0
k16_63d47638	HSat2	NA	chr1	45	44	5582.5	5819.522727272727	495.5070075909586	1.0
k16_63d47638	HSat2	NA	chr2	58	58	10.0	9.827586206896552	14.038866330510528	0.5172413793103449
k16_63d47638	HSat2	NA	chr3	53	0				
k16_63d47638	HSat2	NA	chr4	65	0				
k16_63d47638	HSat2	NA	chr5	79	0				
k16_63d47638	HSat2	NA	chr6	64	0				
k16_63d47638	HSat2	NA	chr7	13	13	11.0	11.0	35.64806435996269	0.9230769230769231
k16_63d47638	HSat2	NA	chr8	80	0				
k16_63d47638	HSat2	NA	chr9	66	65	2.0	2.0153846153846153	52.500065124126586	0.0
k16_63d47638	HSat2	NA	chr10	72	71	365.0	361.63380281690144	492.78132740311935	1.0
k16_63d47638	HSat2	NA	chr11	84	0				
k16_63d47638	HSat2	NA	chr12	79	0				
k16_63d47638	HSat2	NA	chr13	0	0				
k16_63d47638	HSat2	NA	chr14	0	0				
k16_63d47638	HSat2	NA	chr15	0	0				
k16_63d47638	HSat2	NA	chr16	68	67	1394.0	1478.2686567164178	164.61859312659502	1.0
k16_63d47638	HSat2	NA	chr17	47	47	1.0	1.0212765957446808	12.282412583126984	0.0
k16_63d47638	HSat2	NA	chr18	53	0				
k16_63d47638	HSat2	NA	chr19	82	0				
k16_63d47638	HSat2	NA	chr20	74	0				
k16_63d47638	HSat2	NA	chr21	0	0				
k16_63d47638	HSat2	NA	chr22	0	0				
k16_63d47638	HSat2	NA	chrX	63	0				
k16_63d47638	HSat2	NA	chrY	0	0				
k16_63e4f600	HSat2	G1	chr1	102	102	13.0	23.5	1.9861993252843606	0.6666666666666666
k16_63e4f600	HSat2	G1	chr2	128	128	0.0	0.0	0.0	0.0
k16_63e4f600	HSat2	G1	chr3	107	0				
k16_63e4f600	HSat2	G1	chr4	124	0				
k16_63e4f600	HSat2	G1	chr5	153	0				
k16_63e4f600	HSat2	G1	chr6	131	0				
k16_63e4f600	HSat2	G1	chr7	158	158	0.0	0.0	0.0	0.0
k16_63e4f600	HSat2	G1	chr8	153	0				
k16_63e4f600	HSat2	G1	chr9	132	125	0.0	0.0	0.0	0.0
k16_63e4f600	HSat2	G1	chr10	158	158	21.0	27.670886075949365	59.92764737201572	0.8860759493670886
k16_63e4f600	HSat2	G1	chr11	156	0				
k16_63e4f600	HSat2	G1	chr12	156	0				
k16_63e4f600	HSat2	G1	chr13	0	0				
k16_63e4f600	HSat2	G1	chr14	0	0				
k16_63e4f600	HSat2	G1	chr15	0	0				
k16_63e4f600	HSat2	G1	chr16	127	127	0.0	0.007874015748031496	0.0008785290579244666	0.0
k16_63e4f600	HSat2	G1	chr17	109	109	0.0	0.0	0.0	0.0
k16_63e4f600	HSat2	G1	chr18	103	0				
k16_63e4f600	HSat2	G1	chr19	151	0				
k16_63e4f600	HSat2	G1	chr20	142	0				
k16_63e4f600	HSat2	G1	chr21	0	0				
k16_63e4f600	HSat2	G1	chr22	0	0				
k16_63e4f600	HSat2	G1	chrX	98	0				
k16_63e4f600	HSat2	G1	chrY	1	1	0.0	0.0	0.0	0.0
k16_63e4f600	HSat2	G2	chr1	25	25	10.0	16.36	1.3838621674634617	0.52
k16_63e4f600	HSat2	G2	chr2	31	31	0.0	0.0	0.0	0.0
k16_63e4f600	HSat2	G2	chr3	23	0				
k16_63e4f600	HSat2	G2	chr4	31	0				
k16_63e4f600	HSat2	G2	chr5	42	0				
k16_63e4f600	HSat2	G2	chr6	35	0				
k16_63e4f600	HSat2	G2	chr7	42	42	0.0	0.0	0.0	0.0
k16_63e4f600	HSat2	G2	chr8	41	0				
k16_63e4f600	HSat2	G2	chr9	33	30	0.0	0.0	0.0	0.0
k16_63e4f600	HSat2	G2	chr10	42	42	2.0	1.9047619047619047	8.032664024991224	0.0
k16_63e4f600	HSat2	G2	chr11	41	0				
k16_63e4f600	HSat2	G2	chr12	40	0				
k16_63e4f600	HSat2	G2	chr13	0	0				
k16_63e4f600	HSat2	G2	chr14	0	0				
k16_63e4f600	HSat2	G2	chr15	0	0				
k16_63e4f600	HSat2	G2	chr16	32	32	0.0	0.0625	0.007122404826714152	0.0
k16_63e4f600	HSat2	G2	chr17	29	28	0.0	0.0	0.0	0.0
k16_63e4f600	HSat2	G2	chr18	30	0				
k16_63e4f600	HSat2	G2	chr19	41	0				
k16_63e4f600	HSat2	G2	chr20	42	0				
k16_63e4f600	HSat2	G2	chr21	0	0				
k16_63e4f600	HSat2	G2	chr22	0	0				
k16_63e4f600	HSat2	G2	chrX	29	0				
k16_63e4f600	HSat2	G2	chrY	0	0				
k16_63e4f600	HSat2	G3	chr1	186	186	14.0	23.231182795698924	1.860826703721909	0.7096774193548387
k16_63e4f600	HSat2	G3	chr2	239	239	0.0	0.0	0.0	0.0
k16_63e4f600	HSat2	G3	chr3	204	0				
k16_63e4f600	HSat2	G3	chr4	211	0				
k16_63e4f600	HSat2	G3	chr5	283	0				
k16_63e4f600	HSat2	G3	chr6	222	0				
k16_63e4f600	HSat2	G3	chr7	289	289	0.0	0.0	0.0	0.0
k16_63e4f600	HSat2	G3	chr8	274	0				
k16_63e4f600	HSat2	G3	chr9	228	224	0.0	0.0	0.0	0.0
k16_63e4f600	HSat2	G3	chr10	289	289	0.0	0.3944636678200692	0.37613288130651484	0.0034602076124567475
k16_63e4f600	HSat2	G3	chr11	286	0				
k16_63e4f600	HSat2	G3	chr12	286	0				
k16_63e4f600	HSat2	G3	chr13	0	0				
k16_63e4f600	HSat2	G3	chr14	0	0				
k16_63e4f600	HSat2	G3	chr15	0	0				
k16_63e4f600	HSat2	G3	chr16	242	242	0.0	0.004132231404958678	0.00047898392022097087	0.0
k16_63e4f600	HSat2	G3	chr17	172	172	0.0	0.0	0.0	0.0
k16_63e4f600	HSat2	G3	chr18	182	0				
k16_63e4f600	HSat2	G3	chr19	277	0				
k16_63e4f600	HSat2	G3	chr20	268	0				
k16_63e4f600	HSat2	G3	chr21	0	0				
k16_63e4f600	HSat2	G3	chr22	0	0				
k16_63e4f600	HSat2	G3	chrX	203	0				
k16_63e4f600	HSat2	G3	chrY	3	3	0.0	0.0	0.0	0.0
k16_63e4f600	HSat2	NA	chr1	45	44	13.0	18.34090909090909	1.5616485072811483	0.6590909090909091
k16_63e4f600	HSat2	NA	chr2	58	58	0.0	0.0	0.0	0.0
k16_63e4f600	HSat2	NA	chr3	53	0				
k16_63e4f600	HSat2	NA	chr4	65	0				
k16_63e4f600	HSat2	NA	chr5	79	0				
k16_63e4f600	HSat2	NA	chr6	64	0				
k16_63e4f600	HSat2	NA	chr7	13	13	0.0	0.0	0.0	0.0
k16_63e4f600	HSat2	NA	chr8	80	0				
k16_63e4f600	HSat2	NA	chr9	66	65	0.0	0.0	0.0	0.0
k16_63e4f600	HSat2	NA	chr10	72	71	0.0	9.80281690140845	13.357836262368401	0.28169014084507044
k16_63e4f600	HSat2	NA	chr11	84	0				
k16_63e4f600	HSat2	NA	chr12	79	0				
k16_63e4f600	HSat2	NA	chr13	0	0				
k16_63e4f600	HSat2	NA	chr14	0	0				
k16_63e4f600	HSat2	NA	chr15	0	0				
k16_63e4f600	HSat2	NA	chr16	68	67	0.0	0.0	0.0	0.0
k16_63e4f600	HSat2	NA	chr17	47	47	0.0	0.0	0.0	0.0
k16_63e4f600	HSat2	NA	chr18	53	0				
k16_63e4f600	HSat2	NA	chr19	82	0				
k16_63e4f600	HSat2	NA	chr20	74	0				
k16_63e4f600	HSat2	NA	chr21	0	0				
k16_63e4f600	HSat2	NA	chr22	0	0				
k16_63e4f600	HSat2	NA	chrX	63	0				
k16_63e4f600	HSat2	NA	chrY	0	0				
k16_66fbf53d	HSat3	G1	chr1	40	39	2.0	1.5897435897435896	2.00087393009721	0.0
k16_66fbf53d	HSat3	G1	chr2	53	53	0.0	0.0	0.0	0.0
k16_66fbf53d	HSat3	G1	chr3	35	35	0.0	0.0	0.0	0.0
k16_66fbf53d	HSat3	G1	chr4	48	48	0.0	0.0	0.0	0.0
k16_66fbf53d	HSat3	G1	chr5	59	59	1.0	1.2203389830508475	3.224524587515008	0.0
k16_66fbf53d	HSat3	G1	chr6	40	0				
k16_66fbf53d	HSat3	G1	chr7	59	59	0.0	0.13559322033898305	0.30440028881499404	0.0
k16_66fbf53d	HSat3	G1	chr8	53	0				
k16_66fbf53d	HSat3	G1	chr9	49	49	57.0	62.59183673469388	4.38275280140429	1.0
k16_66fbf53d	HSat3	G1	chr10	59	59	0.0	0.0	0.0	0.0
k16_66fbf53d	HSat3	G1	chr11	57	0				
k16_66fbf53d	HSat3	G1	chr12	58	0				
k16_66fbf53d	HSat3	G1	chr13	0	0				
k16_66fbf53d	HSat3	G1	chr14	0	0				
k16_66fbf53d	HSat3	G1	chr15	0	0				
k16_66fbf53d	HSat3	G1	chr16	45	43	0.0	0.0	0.0	0.0
k16_66fbf53d	HSat3	G1	chr17	42	42	0.0	0.0	0.0	0.0
k16_66fbf53d	HSat3	G1	chr18	44	0				
k16_66fbf53d	HSat3	G1	chr19	55	0				
k16_66fbf53d	HSat3	G1	chr20	59	59	80.0	71.20338983050847	55.06765863431263	0.9830508474576272
k16_66fbf53d	HSat3	G1	chr21	0	0				
k16_66fbf53d	HSat3	G1	chr22	0	0				
k16_66fbf53d	HSat3	G1	chrX	44	1	0.0	0.0	0.0	0.0
k16_66fbf53d	HSat3	G1	chrY	0	0				
k16_66fbf53d	HSat3	G2	chr1	35	35	2.0	1.457142857142857	2.0771237684336077	0.0
k16_66fbf53d	HSat3	G2	chr2	41	39	0.0	0.0	0.0	0.0
k16_66fbf53d	HSat3	G2	chr3	47	47	0.0	0.0	0.0	0.0
k16_66fbf53d	HSat3	G2	chr4	39	39	0.0	0.0	0.0	0.0
k16_66fbf53d	HSat3	G2	chr5	54	54	1.0	0.7592592592592593	2.272280500059107	0.0
k16_66fbf53d	HSat3	G2	chr6	44	0				
k16_66fbf53d	HSat3	G2	chr7	54	54	0.0	0.037037037037037035	0.09233756564104409	0.0
k16_66fbf53d	HSat3	G2	chr8	53	0				
k16_66fbf53d	HSat3	G2	chr9	47	47	58.0	59.276595744680854	4.2738331937968725	0.9574468085106383
k16_66fbf53d	HSat3	G2	chr10	54	54	0.0	0.0	0.0	0.0
k16_66fbf53d	HSat3	G2	chr11	54	0				
k16_66fbf53d	HSat3	G2	chr12	53	0				
k16_66fbf53d	HSat3	G2	chr13	0	0				
k16_66fbf53d	HSat3	G2	chr14	0	0				
k16_66fbf53d	HSat3	G2	chr15	0	0				
k16_66fbf53d	HSat3	G2	chr16	49	47	0.0	0.0	0.0	0.0
k16_66fbf53d	HSat3	G2	chr17	37	37	0.0	0.0	0.0	0.0
k16_66fbf53d	HSat3	G2	chr18	35	0				
k16_66fbf53d	HSat3	G2	chr19	54	0				
k16_66fbf53d	HSat3	G2	chr20	54	54	2.0	3.425925925925926	5.292003453818903	0.09259259259259259
k16_66fbf53d	HSat3	G2	chr21	0	0				
k16_66fbf53d	HSat3	G2	chr22	0	0				
k16_66fbf53d	HSat3	G2	chrX	38	0				
k16_66fbf53d	HSat3	G2	chrY	0	0				
k16_66fbf53d	HSat3	G3	chr1	38	38	2.0	1.368421052631579	1.6807340334387855	0.0
k16_66fbf53d	HSat3	G3	chr2	57	56	0.0	0.0	0.0	0.0
k16_66fbf53d	HSat3	G3	chr3	49	48	0.0	0.0	0.0	0.0
k16_66fbf53d	HSat3	G3	chr4	58	58	0.0	0.0	0.0	0.0
k16_66fbf53d	HSat3	G3	chr5	70	70	1.0	0.6571428571428571	1.9059255058243425	0.0
k16_66fbf53d	HSat3	G3	chr6	57	0				
k16_66fbf53d	HSat3	G3	chr7	70	70	0.0	0.014285714285714285	0.03702367834539108	0.0
k16_66fbf53d	HSat3	G3	chr8	66	0				
k16_66fbf53d	HSat3	G3	chr9	58	58	61.0	62.39655172413793	4.310634622075115	1.0
k16_66fbf53d	HSat3	G3	chr10	70	70	0.0	0.0	0.0	0.0
k16_66fbf53d	HSat3	G3	chr11	69	0				
k16_66fbf53d	HSat3	G3	chr12	70	0				
k16_66fbf53d	HSat3	G3	chr13	0	0				
k16_66fbf53d	HSat3	G3	chr14	0	0				
k16_66fbf53d	HSat3	G3	chr15	0	0				
k16_66fbf53d	HSat3	G3	chr16	60	60	0.0	0.0	0.0	0.0
k16_66fbf53d	HSat3	G3	chr17	44	44	0.0	0.0	0.0	0.0
k16_66fbf53d	HSat3	G3	chr18	38	0				
k16_66fbf53d	HSat3	G3	chr19	66	0				
k16_66fbf53d	HSat3	G3	chr20	70	70	2.0	2.2142857142857144	2.004972824145606	0.0
k16_66fbf53d	HSat3	G3	chr21	0	0				
k16_66fbf53d	HSat3	G3	chr22	0	0				
k16_66fbf53d	HSat3	G3	chrX	52	0				
k16_66fbf53d	HSat3	G3	chrY	1	1	0.0	0.0	0.0	0.0
k16_66fbf53d	HSat3	G4	chr1	23	22	2.0	1.7272727272727273	1.9536555877943	0.0
k16_66fbf53d	HSat3	G4	chr2	31	31	0.0	0.0	0.0	0.0
k16_66fbf53d	HSat3	G4	chr3	28	28	0.0	0.0	0.0	0.0
k16_66fbf53d	HSat3	G4	chr4	28	28	0.0	0.0	0.0	0.0
k16_66fbf53d	HSat3	G4	chr5	39	39	1.0	1.7692307692307692	2.8026154494785915	0.0
k16_66fbf53d	HSat3	G4	chr6	30	0				
k16_66fbf53d	HSat3	G4	chr7	39	39	0.0	0.02564102564102564	0.05804885716892937	0.0
k16_66fbf53d	HSat3	G4	chr8	36	0				
k16_66fbf53d	HSat3	G4	chr9	27	27	63.0	61.77777777777778	4.3512208535734125	1.0
k16_66fbf53d	HSat3	G4	chr10	39	39	0.0	0.0	0.0	0.0
k16_66fbf53d	HSat3	G4	chr11	39	0				
k16_66fbf53d	HSat3	G4	chr12	37	0				
k16_66fbf53d	HSat3	G4	chr13	0	0				
k16_66fbf53d	HSat3	G4	chr14	0	0				
k16_66fbf53d	HSat3	G4	chr15	0	0				
k16_66fbf53d	HSat3	G4	chr16	29	29	0.0	0.0	0.0	0.0
k16_66fbf53d	HSat3	G4	chr17	25	25	0.0	0.0	0.0	0.0
k16_66fbf53d	HSat3	G4	chr18	27	0				
k16_66fbf53d	HSat3	G4	chr19	35	0				
k16_66fbf53d	HSat3	G4	chr20	39	39	3.0	5.82051282051282	6.704773408785958	0.23076923076923078
k16_66fbf53d	HSat3	G4	chr21	0	0				
k16_66fbf53d	HSat3	G4	chr22	0	0				
k16_66fbf53d	HSat3	G4	chrX	30	0				
k16_66fbf53d	HSat3	G4	chrY	1	1	0.0	0.0	0.0	0.0
k16_66fbf53d	HSat3	G5	chr1	31	30	2.0	1.7	2.0762722266468536	0.0
k16_66fbf53d	HSat3	G5	chr2	39	39	0.0	0.0	0.0	0.0
k16_66fbf53d	HSat3	G5	chr3	26	26	0.0	0.0	0.0	0.0
k16_66fbf53d	HSat3	G5	chr4	40	40	0.0	0.0	0.0	0.0
k16_66fbf53d	HSat3	G5	chr5	47	47	0.0	0.1702127659574468	0.2526422032168616	0.0
k16_66fbf53d	HSat3	G5	chr6	37	0				
k16_66fbf53d	HSat3	G5	chr7	47	47	0.0	0.06382978723404255	0.13990701033922134	0.0
k16_66fbf53d	HSat3	G5	chr8	45	0				
k16_66fbf53d	HSat3	G5	chr9	40	40	65.0	66.25	4.4147297922649065	1.0
k16_66fbf53d	HSat3	G5	chr10	47	47	0.0	0.0	0.0	0.0
k16_66fbf53d	HSat3	G5	chr11	46	0				
k16_66fbf53d	HSat3	G5	chr12	44	0				
k16_66fbf53d	HSat3	G5	chr13	0	0				
k16_66fbf53d	HSat3	G5	chr14	0	0				
k16_66fbf53d	HSat3	G5	chr15	0	0				
k16_66fbf53d	HSat3	G5	chr16	33	33	0.0	0.0	0.0	0.0
k16_66fbf53d	HSat3	G5	chr17	39	39	0.0	0.0	0.0	0.0
k16_66fbf53d	HSat3	G5	chr18	39	0				
k16_66fbf53d	HSat3	G5	chr19	46	0				
k16_66fbf53d	HSat3	G5	chr20	47	47	43.0	55.06382978723404	47.318696485465985	1.0
k16_66fbf53d	HSat3	G5	chr21	0	0				
k16_66fbf53d	HSat3	G5	chr22	0	0				
k16_66fbf53d	HSat3	G5	chrX	28	0				
k16_66fbf53d	HSat3	G5	chrY	1	1	0.0	0.0	0.0	0.0
k16_66fbf53d	HSat3	G6	chr1	34	34	2.0	1.7647058823529411	2.1965113249927404	0.0
k16_66fbf53d	HSat3	G6	chr2	39	38	0.0	0.0	0.0	0.0
k16_66fbf53d	HSat3	G6	chr3	34	34	0.0	0.0	0.0	0.0
k16_66fbf53d	HSat3	G6	chr4	34	34	0.0	0.0	0.0	0.0
k16_66fbf53d	HSat3	G6	chr5	47	47	0.0	0.0	0.0	0.0
k16_66fbf53d	HSat3	G6	chr6	40	0				
k16_66fbf53d	HSat3	G6	chr7	47	47	0.0	0.02127659574468085	0.05432358418751284	0.0
k16_66fbf53d	HSat3	G6	chr8	47	0				
k16_66fbf53d	HSat3	G6	chr9	39	39	56.0	56.12820512820513	4.249411259988235	0.9743589743589743
k16_66fbf53d	HSat3	G6	chr10	47	47	0.0	0.0	0.0	0.0
k16_66fbf53d	HSat3	G6	chr11	47	0				
k16_66fbf53d	HSat3	G6	chr12	47	0				
k16_66fbf53d	HSat3	G6	chr13	0	0				
k16_66fbf53d	HSat3	G6	chr14	0	0				
k16_66fbf53d	HSat3	G6	chr15	0	0				
k16_66fbf53d	HSat3	G6	chr16	41	41	0.0	0.0	0.0	0.0
k16_66fbf53d	HSat3	G6	chr17	28	28	0.0	0.0	0.0	0.0
k16_66fbf53d	HSat3	G6	chr18	25	0				
k16_66fbf53d	HSat3	G6	chr19	46	0				
k16_66fbf53d	HSat3	G6	chr20	47	47	2.0	2.617021276595745	4.474406395418208	0.0
k16_66fbf53d	HSat3	G6	chr21	0	0				
k16_66fbf53d	HSat3	G6	chr22	0	0				
k16_66fbf53d	HSat3	G6	chrX	30	0				
k16_66fbf53d	HSat3	G6	chrY	0	0				
k16_66fbf53d	HSat3	G7	chr1	84	81	2.0	1.2345679012345678	1.6727221718370426	0.0
k16_66fbf53d	HSat3	G7	chr2	104	103	0.0	0.0	0.0	0.0
k16_66fbf53d	HSat3	G7	chr3	88	86	0.0	0.0	0.0	0.0
k16_66fbf53d	HSat3	G7	chr4	91	91	0.0	0.0	0.0	0.0
k16_66fbf53d	HSat3	G7	chr5	126	126	0.0	0.007936507936507936	0.01158476289500537	0.0
k16_66fbf53d	HSat3	G7	chr6	103	0				
k16_66fbf53d	HSat3	G7	chr7	126	126	0.0	0.0	0.0	0.0
k16_66fbf53d	HSat3	G7	chr8	121	0				
k16_66fbf53d	HSat3	G7	chr9	101	101	61.0	64.03960396039604	4.513860614015058	1.0
k16_66fbf53d	HSat3	G7	chr10	126	126	0.0	0.007936507936507936	0.012407338737382806	0.0
k16_66fbf53d	HSat3	G7	chr11	125	0				
k16_66fbf53d	HSat3	G7	chr12	126	0				
k16_66fbf53d	HSat3	G7	chr13	0	0				
k16_66fbf53d	HSat3	G7	chr14	0	0				
k16_66fbf53d	HSat3	G7	chr15	0	0				
k16_66fbf53d	HSat3	G7	chr16	109	109	0.0	0.0	0.0	0.0
k16_66fbf53d	HSat3	G7	chr17	77	77	0.0	0.0	0.0	0.0
k16_66fbf53d	HSat3	G7	chr18	76	0				
k16_66fbf53d	HSat3	G7	chr19	121	0				
k16_66fbf53d	HSat3	G7	chr20	126	126	2.0	2.492063492063492	2.250364068055654	0.0
k16_66fbf53d	HSat3	G7	chr21	0	0				
k16_66fbf53d	HSat3	G7	chr22	0	0				
k16_66fbf53d	HSat3	G7	chrX	80	0				
k16_66fbf53d	HSat3	G7	chrY	0	0				
k16_66fbf53d	HSat3	NA	chr1	73	71	2.0	1.1971830985915493	1.644054088837952	0.0
k16_66fbf53d	HSat3	NA	chr2	92	92	0.0	0.0	0.0	0.0
k16_66fbf53d	HSat3	NA	chr3	80	80	0.0	0.0	0.0	0.0
k16_66fbf53d	HSat3	NA	chr4	93	93	0.0	0.0	0.0	0.0
k16_66fbf53d	HSat3	NA	chr5	115	114	0.5	0.5701754385964912	1.0917878656177105	0.0
k16_66fbf53d	HSat3	NA	chr6	101	0				
k16_66fbf53d	HSat3	NA	chr7	60	60	0.0	0.016666666666666666	0.045066211954596876	0.0
k16_66fbf53d	HSat3	NA	chr8	127	0				
k16_66fbf53d	HSat3	NA	chr9	98	97	64.0	67.96907216494846	4.637972213772698	1.0
k16_66fbf53d	HSat3	NA	chr10	119	118	0.0	0.0	0.0	0.0
k16_66fbf53d	HSat3	NA	chr11	130	0				
k16_66fbf53d	HSat3	NA	chr12	126	0				
k16_66fbf53d	HSat3	NA	chr13	0	0				
k16_66fbf53d	HSat3	NA	chr14	0	0				
k16_66fbf53d	HSat3	NA	chr15	0	0				
k16_66fbf53d	HSat3	NA	chr16	103	102	0.0	0.0	0.0	0.0
k16_66fbf53d	HSat3	NA	chr17	65	65	0.0	0.0	0.0	0.0
k16_66fbf53d	HSat3	NA	chr18	84	0				
k16_66fbf53d	HSat3	NA	chr19	128	0				
k16_66fbf53d	HSat3	NA	chr20	84	84	2.5	16.44047619047619	15.770602753693414	0.2261904761904762
k16_66fbf53d	HSat3	NA	chr21	0	0				
k16_66fbf53d	HSat3	NA	chr22	0	0				
k16_66fbf53d	HSat3	NA	chrX	91	0				
k16_66fbf53d	HSat3	NA	chrY	1	1	0.0	0.0	0.0	0.0
k16_6834d350	HSat2	G1	chr1	102	102	26.0	29.176470588235293	2.4659696253843375	0.9803921568627451
k16_6834d350	HSat2	G1	chr2	128	128	9.0	8.8125	13.299299388663748	0.453125
k16_6834d350	HSat2	G1	chr3	107	0				
k16_6834d350	HSat2	G1	chr4	124	0				
k16_6834d350	HSat2	G1	chr5	153	0				
k16_6834d350	HSat2	G1	chr6	131	0				
k16_6834d350	HSat2	G1	chr7	158	158	3.0	2.740506329113924	8.701864496053222	0.0
k16_6834d350	HSat2	G1	chr8	153	0				
k16_6834d350	HSat2	G1	chr9	132	125	0.0	0.0	0.0	0.0
k16_6834d350	HSat2	G1	chr10	158	158	134.0	157.5379746835443	341.18459989406296	1.0
k16_6834d350	HSat2	G1	chr11	156	0				
k16_6834d350	HSat2	G1	chr12	156	0				
k16_6834d350	HSat2	G1	chr13	0	0				
k16_6834d350	HSat2	G1	chr14	0	0				
k16_6834d350	HSat2	G1	chr15	0	0				
k16_6834d350	HSat2	G1	chr16	127	127	6.0	6.566929133858268	0.7326932343090051	0.11811023622047244
k16_6834d350	HSat2	G1	chr17	109	109	1.0	1.0	12.017277537591477	0.0
k16_6834d350	HSat2	G1	chr18	103	0				
k16_6834d350	HSat2	G1	chr19	151	0				
k16_6834d350	HSat2	G1	chr20	142	0				
k16_6834d350	HSat2	G1	chr21	0	0				
k16_6834d350	HSat2	G1	chr22	0	0				
k16_6834d350	HSat2	G1	chrX	98	0				
k16_6834d350	HSat2	G1	chrY	1	1	0.0	0.0	0.0	0.0
k16_6834d350	HSat2	G2	chr1	25	25	27.0	29.16	2.466590513645143	1.0
k16_6834d350	HSat2	G2	chr2	31	31	10.0	8.806451612903226	12.489169191186763	0.5483870967741935
k16_6834d350	HSat2	G2	chr3	23	0				
k16_6834d350	HSat2	G2	chr4	31	0				
k16_6834d350	HSat2	G2	chr5	42	0				
k16_6834d350	HSat2	G2	chr6	35	0				
k16_6834d350	HSat2	G2	chr7	42	42	3.0	2.761904761904762	8.744689956640661	0.0
k16_6834d350	HSat2	G2	chr8	41	0				
k16_6834d350	HSat2	G2	chr9	33	30	0.0	0.0	0.0	0.0
k16_6834d350	HSat2	G2	chr10	42	42	24.0	95.35714285714286	402.13524275112314	0.9761904761904762
k16_6834d350	HSat2	G2	chr11	41	0				
k16_6834d350	HSat2	G2	chr12	40	0				
k16_6834d350	HSat2	G2	chr13	0	0				
k16_6834d350	HSat2	G2	chr14	0	0				
k16_6834d350	HSat2	G2	chr15	0	0				
k16_6834d350	HSat2	G2	chr16	32	32	5.5	6.03125	0.6873120657779157	0.03125
k16_6834d350	HSat2	G2	chr17	29	28	1.0	1.0	11.927760371294141	0.0
k16_6834d350	HSat2	G2	chr18	30	0				
k16_6834d350	HSat2	G2	chr19	41	0				
k16_6834d350	HSat2	G2	chr20	42	0				
k16_6834d350	HSat2	G2	chr21	0	0				
k16_6834d350	HSat2	G2	chr22	0	0				
k16_6834d350	HSat2	G2	chrX	29	0				
k16_6834d350	HSat2	G2	chrY	0	0				
k16_6834d350	HSat2	G3	chr1	186	186	31.0	32.403225806451616	2.595510887140001	0.989247311827957
k16_6834d350	HSat2	G3	chr2	239	239	9.0	9.00836820083682	13.205518714461828	0.48535564853556484
k16_6834d350	HSat2	G3	chr3	204	0				
k16_6834d350	HSat2	G3	chr4	211	0				
k16_6834d350	HSat2	G3	chr5	283	0				
k16_6834d350	HSat2	G3	chr6	222	0				
k16_6834d350	HSat2	G3	chr7	289	289	3.0	2.7577854671280275	8.746830316606065	0.0
k16_6834d350	HSat2	G3	chr8	274	0				
k16_6834d350	HSat2	G3	chr9	228	224	0.0	0.0	0.0	0.0
k16_6834d350	HSat2	G3	chr10	289	289	431.0	500.69896193771626	477.4314051825904	1.0
k16_6834d350	HSat2	G3	chr11	286	0				
k16_6834d350	HSat2	G3	chr12	286	0				
k16_6834d350	HSat2	G3	chr13	0	0				
k16_6834d350	HSat2	G3	chr14	0	0				
k16_6834d350	HSat2	G3	chr15	0	0				
k16_6834d350	HSat2	G3	chr16	242	242	6.0	6.603305785123967	0.7654163045131115	0.07851239669421488
k16_6834d350	HSat2	G3	chr17	172	172	1.0	1.005813953488372	12.063410865967416	0.0
k16_6834d350	HSat2	G3	chr18	182	0				
k16_6834d350	HSat2	G3	chr19	277	0				
k16_6834d350	HSat2	G3	chr20	268	0				
k16_6834d350	HSat2	G3	chr21	0	0				
k16_6834d350	HSat2	G3	chr22	0	0				
k16_6834d350	HSat2	G3	chrX	203	0				
k16_6834d350	HSat2	G3	chrY	3	3	0.0	0.0	0.0	0.0
k16_6834d350	HSat2	NA	chr1	45	44	27.0	28.727272727272727	2.4460021229285895	0.9545454545454546
k16_6834d350	HSat2	NA	chr2	58	58	10.0	9.413793103448276	13.447756169225874	0.6551724137931034
k16_6834d350	HSat2	NA	chr3	53	0				
k16_6834d350	HSat2	NA	chr4	65	0				
k16_6834d350	HSat2	NA	chr5	79	0				
k16_6834d350	HSat2	NA	chr6	64	0				
k16_6834d350	HSat2	NA	chr7	13	13	2.0	2.5384615384615383	8.22647639076062	0.0
k16_6834d350	HSat2	NA	chr8	80	0				
k16_6834d350	HSat2	NA	chr9	66	65	0.0	0.0	0.0	0.0
k16_6834d350	HSat2	NA	chr10	72	71	313.0	325.943661971831	444.14805572374934	1.0
k16_6834d350	HSat2	NA	chr11	84	0				
k16_6834d350	HSat2	NA	chr12	79	0				
k16_6834d350	HSat2	NA	chr13	0	0				
k16_6834d350	HSat2	NA	chr14	0	0				
k16_6834d350	HSat2	NA	chr15	0	0				
k16_6834d350	HSat2	NA	chr16	68	67	6.0	6.776119402985074	0.7545822188065318	0.14925373134328357
k16_6834d350	HSat2	NA	chr17	47	47	1.0	1.0	12.026528987645172	0.0
k16_6834d350	HSat2	NA	chr18	53	0				
k16_6834d350	HSat2	NA	chr19	82	0				
k16_6834d350	HSat2	NA	chr20	74	0				
k16_6834d350	HSat2	NA	chr21	0	0				
k16_6834d350	HSat2	NA	chr22	0	0				
k16_6834d350	HSat2	NA	chrX	63	0				
k16_6834d350	HSat2	NA	chrY	0	0				
k16_69f8f53d	HSat3	G1	chr1	40	39	3.0	2.9743589743589745	3.7435705788915543	0.0
k16_69f8f53d	HSat3	G1	chr2	53	53	2.0	1.5849056603773586	26.03279698540211	0.0
k16_69f8f53d	HSat3	G1	chr3	35	35	0.0	0.34285714285714286	1.734053177341763	0.02857142857142857
k16_69f8f53d	HSat3	G1	chr4	48	48	1.0	1.2708333333333333	6.032653268704167	0.0
k16_69f8f53d	HSat3	G1	chr5	59	59	6.0	10.05084745762712	26.557542783283328	0.23728813559322035
k16_69f8f53d	HSat3	G1	chr6	40	0				
k16_69f8f53d	HSat3	G1	chr7	59	59	0.0	1.271186440677966	2.853752707640569	0.0847457627118644
k16_69f8f53d	HSat3	G1	chr8	53	0				
k16_69f8f53d	HSat3	G1	chr9	49	49	132.0	130.14285714285714	9.11275337937892	1.0
k16_69f8f53d	HSat3	G1	chr10	59	59	1.0	1.2542372881355932	1.9374388937663767	0.0
k16_69f8f53d	HSat3	G1	chr11	57	0				
k16_69f8f53d	HSat3	G1	chr12	58	0				
k16_69f8f53d	HSat3	G1	chr13	0	0				
k16_69f8f53d	HSat3	G1	chr14	0	0				
k16_69f8f53d	HSat3	G1	chr15	0	0				
k16_69f8f53d	HSat3	G1	chr16	45	43	0.0	0.0	0.0	0.0
k16_69f8f53d	HSat3	G1	chr17	42	42	5.0	5.0	5.602819936626237	0.0
k16_69f8f53d	HSat3	G1	chr18	44	0				
k16_69f8f53d	HSat3	G1	chr19	55	0				
k16_69f8f53d	HSat3	G1	chr20	59	59	139.0	121.33898305084746	93.84179199310738	1.0
k16_69f8f53d	HSat3	G1	chr21	0	0				
k16_69f8f53d	HSat3	G1	chr22	0	0				
k16_69f8f53d	HSat3	G1	chrX	44	1	12.0	12.0	28.0728678072049	1.0
k16_69f8f53d	HSat3	G1	chrY	0	0				
k16_69f8f53d	HSat3	G2	chr1	35	35	2.0	2.4571428571428573	3.502600864417457	0.0
k16_69f8f53d	HSat3	G2	chr2	41	39	2.0	1.7179487179487178	28.95432951496312	0.0
k16_69f8f53d	HSat3	G2	chr3	47	47	0.0	0.0	0.0	0.0
k16_69f8f53d	HSat3	G2	chr4	39	39	1.0	1.1538461538461537	5.202997250158142	0.0
k16_69f8f53d	HSat3	G2	chr5	54	54	5.0	5.7592592592592595	17.236078915082494	0.09259259259259259
k16_69f8f53d	HSat3	G2	chr6	44	0				
k16_69f8f53d	HSat3	G2	chr7	54	54	0.0	0.6851851851851852	1.7082449643593156	0.037037037037037035
k16_69f8f53d	HSat3	G2	chr8	53	0				
k16_69f8f53d	HSat3	G2	chr9	47	47	127.0	122.76595744680851	8.851406147956911	0.9574468085106383
k16_69f8f53d	HSat3	G2	chr10	54	54	1.0	1.2962962962962963	2.0256724465660887	0.0
k16_69f8f53d	HSat3	G2	chr11	54	0				
k16_69f8f53d	HSat3	G2	chr12	53	0				
k16_69f8f53d	HSat3	G2	chr13	0	0				
k16_69f8f53d	HSat3	G2	chr14	0	0				
k16_69f8f53d	HSat3	G2	chr15	0	0				
k16_69f8f53d	HSat3	G2	chr16	49	47	0.0	0.0	0.0	0.0
k16_69f8f53d	HSat3	G2	chr17	37	37	5.0	5.891891891891892	7.517241638525574	0.02702702702702703
k16_69f8f53d	HSat3	G2	chr18	35	0				
k16_69f8f53d	HSat3	G2	chr19	54	0				
k16_69f8f53d	HSat3	G2	chr20	54	54	19.0	18.24074074074074	28.17634271357632	1.0
k16_69f8f53d	HSat3	G2	chr21	0	0				
k16_69f8f53d	HSat3	G2	chr22	0	0				
k16_69f8f53d	HSat3	G2	chrX	38	0				
k16_69f8f53d	HSat3	G2	chrY	0	0				
k16_69f8f53d	HSat3	G3	chr1	38	38	3.0	2.736842105263158	3.361468066877571	0.0
k16_69f8f53d	HSat3	G3	chr2	57	56	2.0	1.8928571428571428	31.499479218515752	0.0
k16_69f8f53d	HSat3	G3	chr3	49	48	0.0	0.0	0.0	0.0
k16_69f8f53d	HSat3	G3	chr4	58	58	1.0	1.0344827586206897	4.806364010458968	0.0
k16_69f8f53d	HSat3	G3	chr5	70	70	5.0	5.542857142857143	16.07606730999663	0.02857142857142857
k16_69f8f53d	HSat3	G3	chr6	57	0				
k16_69f8f53d	HSat3	G3	chr7	70	70	0.0	0.3142857142857143	0.8145209235986037	0.014285714285714285
k16_69f8f53d	HSat3	G3	chr8	66	0				
k16_69f8f53d	HSat3	G3	chr9	58	58	123.5	120.05172413793103	8.293713421804098	1.0
k16_69f8f53d	HSat3	G3	chr10	70	70	1.0	1.1857142857142857	1.8912776916094445	0.0
k16_69f8f53d	HSat3	G3	chr11	69	0				
k16_69f8f53d	HSat3	G3	chr12	70	0				
k16_69f8f53d	HSat3	G3	chr13	0	0				
k16_69f8f53d	HSat3	G3	chr14	0	0				
k16_69f8f53d	HSat3	G3	chr15	0	0				
k16_69f8f53d	HSat3	G3	chr16	60	60	0.0	0.0	0.0	0.0
k16_69f8f53d	HSat3	G3	chr17	44	44	6.0	6.204545454545454	7.845470328618013	0.09090909090909091
k16_69f8f53d	HSat3	G3	chr18	38	0				
k16_69f8f53d	HSat3	G3	chr19	66	0				
k16_69f8f53d	HSat3	G3	chr20	70	70	24.0	24.257142857142856	21.964153905801542	1.0
k16_69f8f53d	HSat3	G3	chr21	0	0				
k16_69f8f53d	HSat3	G3	chr22	0	0				
k16_69f8f53d	HSat3	G3	chrX	52	0				
k16_69f8f53d	HSat3	G3	chrY	1	1	0.0	0.0	0.0	0.0
k16_69f8f53d	HSat3	G4	chr1	23	22	3.0	3.4545454545454546	3.9073111755886	0.0
k16_69f8f53d	HSat3	G4	chr2	31	31	1.0	1.4838709677419355	25.271864832881555	0.0
k16_69f8f53d	HSat3	G4	chr3	28	28	0.0	0.0	0.0	0.0
k16_69f8f53d	HSat3	G4	chr4	28	28	1.0	1.0357142857142858	4.761998594389381	0.0
k16_69f8f53d	HSat3	G4	chr5	39	39	2.0	10.23076923076923	16.20642846872403	0.1794871794871795
k16_69f8f53d	HSat3	G4	chr6	30	0				
k16_69f8f53d	HSat3	G4	chr7	39	39	0.0	0.5641025641025641	1.2770748577164464	0.02564102564102564
k16_69f8f53d	HSat3	G4	chr8	36	0				
k16_69f8f53d	HSat3	G4	chr9	27	27	127.0	129.66666666666666	9.132868230431965	1.0
k16_69f8f53d	HSat3	G4	chr10	39	39	1.0	1.2307692307692308	1.9489073633577398	0.0
k16_69f8f53d	HSat3	G4	chr11	39	0				
k16_69f8f53d	HSat3	G4	chr12	37	0				
k16_69f8f53d	HSat3	G4	chr13	0	0				
k16_69f8f53d	HSat3	G4	chr14	0	0				
k16_69f8f53d	HSat3	G4	chr15	0	0				
k16_69f8f53d	HSat3	G4	chr16	29	29	0.0	0.0	0.0	0.0
k16_69f8f53d	HSat3	G4	chr17	25	25	5.0	5.12	5.712929148654389	0.04
k16_69f8f53d	HSat3	G4	chr18	27	0				
k16_69f8f53d	HSat3	G4	chr19	35	0				
k16_69f8f53d	HSat3	G4	chr20	39	39	21.0	22.512820512820515	25.933000233101637	1.0
k16_69f8f53d	HSat3	G4	chr21	0	0				
k16_69f8f53d	HSat3	G4	chr22	0	0				
k16_69f8f53d	HSat3	G4	chrX	30	0				
k16_69f8f53d	HSat3	G4	chrY	1	1	0.0	0.0	0.0	0.0
k16_69f8f53d	HSat3	G5	chr1	31	30	3.0	2.8333333333333335	3.460453711078089	0.0
k16_69f8f53d	HSat3	G5	chr2	39	39	2.0	1.564102564102564	26.211857986731644	0.0
k16_69f8f53d	HSat3	G5	chr3	26	26	0.0	0.0	0.0	0.0
k16_69f8f53d	HSat3	G5	chr4	40	40	1.0	1.125	5.259725846725277	0.0
k16_69f8f53d	HSat3	G5	chr5	47	47	2.0	2.5319148936170213	3.758052772850816	0.0
k16_69f8f53d	HSat3	G5	chr6	37	0				
k16_69f8f53d	HSat3	G5	chr7	47	47	0.0	1.1063829787234043	2.425054845879836	0.0851063829787234
k16_69f8f53d	HSat3	G5	chr8	45	0				
k16_69f8f53d	HSat3	G5	chr9	40	40	123.5	128.35	8.552914246599256	1.0
k16_69f8f53d	HSat3	G5	chr10	47	47	1.0	1.2765957446808511	2.0375863363535456	0.0
k16_69f8f53d	HSat3	G5	chr11	46	0				
k16_69f8f53d	HSat3	G5	chr12	44	0				
k16_69f8f53d	HSat3	G5	chr13	0	0				
k16_69f8f53d	HSat3	G5	chr14	0	0				
k16_69f8f53d	HSat3	G5	chr15	0	0				
k16_69f8f53d	HSat3	G5	chr16	33	33	0.0	0.0	0.0	0.0
k16_69f8f53d	HSat3	G5	chr17	39	39	5.0	5.128205128205129	5.698868808734679	0.05128205128205128
k16_69f8f53d	HSat3	G5	chr18	39	0				
k16_69f8f53d	HSat3	G5	chr19	46	0				
k16_69f8f53d	HSat3	G5	chr20	47	47	77.0	97.31914893617021	83.63049371117519	1.0
k16_69f8f53d	HSat3	G5	chr21	0	0				
k16_69f8f53d	HSat3	G5	chr22	0	0				
k16_69f8f53d	HSat3	G5	chrX	28	0				
k16_69f8f53d	HSat3	G5	chrY	1	1	0.0	0.0	0.0	0.0
k16_69f8f53d	HSat3	G6	chr1	34	34	3.0	2.735294117647059	3.404592553738748	0.0
k16_69f8f53d	HSat3	G6	chr2	39	38	2.0	1.8421052631578947	32.19577977718681	0.0
k16_69f8f53d	HSat3	G6	chr3	34	34	0.0	0.0	0.0	0.0
k16_69f8f53d	HSat3	G6	chr4	34	34	1.0	1.0588235294117647	4.8200165647902615	0.0
k16_69f8f53d	HSat3	G6	chr5	47	47	2.0	2.425531914893617	3.500526568244347	0.0
k16_69f8f53d	HSat3	G6	chr6	40	0				
k16_69f8f53d	HSat3	G6	chr7	47	47	0.0	0.574468085106383	1.4667367730628469	0.0425531914893617
k16_69f8f53d	HSat3	G6	chr8	47	0				
k16_69f8f53d	HSat3	G6	chr9	39	39	116.0	115.76923076923077	8.764774709386424	1.0
k16_69f8f53d	HSat3	G6	chr10	47	47	1.0	1.1702127659574468	1.8359355271516673	0.0
k16_69f8f53d	HSat3	G6	chr11	47	0				
k16_69f8f53d	HSat3	G6	chr12	47	0				
k16_69f8f53d	HSat3	G6	chr13	0	0				
k16_69f8f53d	HSat3	G6	chr14	0	0				
k16_69f8f53d	HSat3	G6	chr15	0	0				
k16_69f8f53d	HSat3	G6	chr16	41	41	0.0	0.0	0.0	0.0
k16_69f8f53d	HSat3	G6	chr17	28	28	5.5	5.75	7.041401912505989	0.03571428571428571
k16_69f8f53d	HSat3	G6	chr18	25	0				
k16_69f8f53d	HSat3	G6	chr19	46	0				
k16_69f8f53d	HSat3	G6	chr20	47	47	19.0	17.48936170212766	29.902130544989976	0.9574468085106383
k16_69f8f53d	HSat3	G6	chr21	0	0				
k16_69f8f53d	HSat3	G6	chr22	0	0				
k16_69f8f53d	HSat3	G6	chrX	30	0				
k16_69f8f53d	HSat3	G6	chrY	0	0				
k16_69f8f53d	HSat3	G7	chr1	84	81	3.0	2.5308641975308643	3.429080452265937	0.0
k16_69f8f53d	HSat3	G7	chr2	104	103	2.0	1.854368932038835	31.75973543974097	0.0
k16_69f8f53d	HSat3	G7	chr3	88	86	0.0	0.0	0.0	0.0
k16_69f8f53d	HSat3	G7	chr4	91	91	1.0	1.043956043956044	4.758137843153145	0.0
k16_69f8f53d	HSat3	G7	chr5	126	126	2.0	2.2063492063492065	3.220564084811493	0.0
k16_69f8f53d	HSat3	G7	chr6	103	0				
k16_69f8f53d	HSat3	G7	chr7	126	126	0.0	0.15873015873015872	0.42480789762061694	0.007936507936507936
k16_69f8f53d	HSat3	G7	chr8	121	0				
k16_69f8f53d	HSat3	G7	chr9	101	101	119.0	121.27722772277228	8.548280559843915	1.0
k16_69f8f53d	HSat3	G7	chr10	126	126	1.0	1.246031746031746	1.9479521817691008	0.0
k16_69f8f53d	HSat3	G7	chr11	125	0				
k16_69f8f53d	HSat3	G7	chr12	126	0				
k16_69f8f53d	HSat3	G7	chr13	0	0				
k16_69f8f53d	HSat3	G7	chr14	0	0				
k16_69f8f53d	HSat3	G7	chr15	0	0				
k16_69f8f53d	HSat3	G7	chr16	109	109	0.0	0.0	0.0	0.0
k16_69f8f53d	HSat3	G7	chr17	77	77	6.0	6.0519480519480515	7.7595005092963145	0.05194805194805195
k16_69f8f53d	HSat3	G7	chr18	76	0				
k16_69f8f53d	HSat3	G7	chr19	121	0				
k16_69f8f53d	HSat3	G7	chr20	126	126	23.0	24.071428571428573	21.736796873926107	1.0
k16_69f8f53d	HSat3	G7	chr21	0	0				
k16_69f8f53d	HSat3	G7	chr22	0	0				
k16_69f8f53d	HSat3	G7	chrX	80	0				
k16_69f8f53d	HSat3	G7	chrY	0	0				
k16_69f8f53d	HSat3	NA	chr1	73	71	3.0	2.507042253521127	3.44284268015477	0.0
k16_69f8f53d	HSat3	NA	chr2	92	92	2.0	1.815217391304348	31.40385774767019	0.0
k16_69f8f53d	HSat3	NA	chr3	80	80	0.0	0.0	0.0	0.0
k16_69f8f53d	HSat3	NA	chr4	93	93	1.0	1.1290322580645162	5.32723451232136	0.0
k16_69f8f53d	HSat3	NA	chr5	115	114	3.0	4.614035087719298	8.835083343306396	0.03508771929824561
k16_69f8f53d	HSat3	NA	chr6	101	0				
k16_69f8f53d	HSat3	NA	chr7	60	60	0.0	0.18333333333333332	0.4957283315005656	0.0
k16_69f8f53d	HSat3	NA	chr8	127	0				
k16_69f8f53d	HSat3	NA	chr9	98	97	123.0	126.6701030927835	8.643525646993043	1.0
k16_69f8f53d	HSat3	NA	chr10	119	118	1.0	1.38135593220339	2.1418906921170233	0.0
k16_69f8f53d	HSat3	NA	chr11	130	0				
k16_69f8f53d	HSat3	NA	chr12	126	0				
k16_69f8f53d	HSat3	NA	chr13	0	0				
k16_69f8f53d	HSat3	NA	chr14	0	0				
k16_69f8f53d	HSat3	NA	chr15	0	0				
k16_69f8f53d	HSat3	NA	chr16	103	102	0.0	0.0	0.0	0.0
k16_69f8f53d	HSat3	NA	chr17	65	65	5.0	5.292307692307692	6.4273737963668225	0.0
k16_69f8f53d	HSat3	NA	chr18	84	0				
k16_69f8f53d	HSat3	NA	chr19	128	0				
k16_69f8f53d	HSat3	NA	chr20	84	84	23.0	44.42857142857143	42.6183124379318	0.9880952380952381
k16_69f8f53d	HSat3	NA	chr21	0	0				
k16_69f8f53d	HSat3	NA	chr22	0	0				
k16_69f8f53d	HSat3	NA	chrX	91	0				
k16_69f8f53d	HSat3	NA	chrY	1	1	0.0	0.0	0.0	0.0
k16_6c53d4f5	HSat3	G1	chr1	40	39	3.0	2.8205128205128207	3.5499376179144053	0.0
k16_6c53d4f5	HSat3	G1	chr2	53	53	0.0	0.0	0.0	0.0
k16_6c53d4f5	HSat3	G1	chr3	35	35	1.0	1.0571428571428572	5.346663963470436	0.0
k16_6c53d4f5	HSat3	G1	chr4	48	48	0.0	0.0	0.0	0.0
k16_6c53d4f5	HSat3	G1	chr5	59	59	187.0	218.98305084745763	578.623023204082	1.0
k16_6c53d4f5	HSat3	G1	chr6	40	0				
k16_6c53d4f5	HSat3	G1	chr7	59	59	2.0	2.135593220338983	4.794304548836156	0.0
k16_6c53d4f5	HSat3	G1	chr8	53	0				
k16_6c53d4f5	HSat3	G1	chr9	49	49	6086.0	5994.367346938776	419.7325346722117	1.0
k16_6c53d4f5	HSat3	G1	chr10	59	59	1.0	1.423728813559322	2.199254960491563	0.0
k16_6c53d4f5	HSat3	G1	chr11	57	0				
k16_6c53d4f5	HSat3	G1	chr12	58	0				
k16_6c53d4f5	HSat3	G1	chr13	0	0				
k16_6c53d4f5	HSat3	G1	chr14	0	0				
k16_6c53d4f5	HSat3	G1	chr15	0	0				
k16_6c53d4f5	HSat3	G1	chr16	45	43	0.0	0.0	0.0	0.0
k16_6c53d4f5	HSat3	G1	chr17	42	42	5.0	6.261904761904762	7.016864968250953	0.11904761904761904
k16_6c53d4f5	HSat3	G1	chr18	44	0				
k16_6c53d4f5	HSat3	G1	chr19	55	0				
k16_6c53d4f5	HSat3	G1	chr20	59	59	6.0	7.372881355932203	5.702078435116875	0.06779661016949153
k16_6c53d4f5	HSat3	G1	chr21	0	0				
k16_6c53d4f5	HSat3	G1	chr22	0	0				
k16_6c53d4f5	HSat3	G1	chrX	44	1	5.0	5.0	11.697028253002044	0.0
k16_6c53d4f5	HSat3	G1	chrY	0	0				
k16_6c53d4f5	HSat3	G2	chr1	35	35	3.0	2.6	3.7062404495580066	0.0
k16_6c53d4f5	HSat3	G2	chr2	41	39	0.0	0.0	0.0	0.0
k16_6c53d4f5	HSat3	G2	chr3	47	47	1.0	0.8936170212765957	4.9643946523540805	0.0
k16_6c53d4f5	HSat3	G2	chr4	39	39	0.0	0.0	0.0	0.0
k16_6c53d4f5	HSat3	G2	chr5	54	54	169.0	170.90740740740742	511.48479841574385	1.0
k16_6c53d4f5	HSat3	G2	chr6	44	0				
k16_6c53d4f5	HSat3	G2	chr7	54	54	2.0	2.0	4.986228544616381	0.0
k16_6c53d4f5	HSat3	G2	chr8	53	0				
k16_6c53d4f5	HSat3	G2	chr9	47	47	5830.0	5846.468085106383	421.5294258163244	0.9574468085106383
k16_6c53d4f5	HSat3	G2	chr10	54	54	2.0	1.6481481481481481	2.5754978249197413	0.0
k16_6c53d4f5	HSat3	G2	chr11	54	0				
k16_6c53d4f5	HSat3	G2	chr12	53	0				
k16_6c53d4f5	HSat3	G2	chr13	0	0				
k16_6c53d4f5	HSat3	G2	chr14	0	0				
k16_6c53d4f5	HSat3	G2	chr15	0	0				
k16_6c53d4f5	HSat3	G2	chr16	49	47	0.0	0.0	0.0	0.0
k16_6c53d4f5	HSat3	G2	chr17	37	37	2.0	3.2162162162162162	4.10344841736029	0.02702702702702703
k16_6c53d4f5	HSat3	G2	chr18	35	0				
k16_6c53d4f5	HSat3	G2	chr19	54	0				
k16_6c53d4f5	HSat3	G2	chr20	54	54	7.0	7.314814814814815	11.299142509505225	0.1111111111111111
k16_6c53d4f5	HSat3	G2	chr21	0	0				
k16_6c53d4f5	HSat3	G2	chr22	0	0				
k16_6c53d4f5	HSat3	G2	chrX	38	0				
k16_6c53d4f5	HSat3	G2	chrY	0	0				
k16_6c53d4f5	HSat3	G3	chr1	38	38	3.0	2.8421052631578947	3.490755300219016	0.0
k16_6c53d4f5	HSat3	G3	chr2	57	56	0.0	0.0	0.0	0.0
k16_6c53d4f5	HSat3	G3	chr3	49	48	1.0	0.8958333333333334	5.061016438063692	0.0
k16_6c53d4f5	HSat3	G3	chr4	58	58	0.0	0.0	0.0	0.0
k16_6c53d4f5	HSat3	G3	chr5	70	70	166.0	169.22857142857143	490.8172509129383	1.0
k16_6c53d4f5	HSat3	G3	chr6	57	0				
k16_6c53d4f5	HSat3	G3	chr7	70	70	2.0	2.0428571428571427	5.294386003390925	0.0
k16_6c53d4f5	HSat3	G3	chr8	66	0				
k16_6c53d4f5	HSat3	G3	chr9	58	58	6143.0	6011.517241379311	415.30266714829685	1.0
k16_6c53d4f5	HSat3	G3	chr10	70	70	2.0	1.6714285714285715	2.666017950822952	0.0
k16_6c53d4f5	HSat3	G3	chr11	69	0				
k16_6c53d4f5	HSat3	G3	chr12	70	0				
k16_6c53d4f5	HSat3	G3	chr13	0	0				
k16_6c53d4f5	HSat3	G3	chr14	0	0				
k16_6c53d4f5	HSat3	G3	chr15	0	0				
k16_6c53d4f5	HSat3	G3	chr16	60	60	0.0	0.0	0.0	0.0
k16_6c53d4f5	HSat3	G3	chr17	44	44	1.5	2.772727272727273	3.506034359309149	0.0
k16_6c53d4f5	HSat3	G3	chr18	38	0				
k16_6c53d4f5	HSat3	G3	chr19	66	0				
k16_6c53d4f5	HSat3	G3	chr20	70	70	18.5	19.6	17.747243320824328	1.0
k16_6c53d4f5	HSat3	G3	chr21	0	0				
k16_6c53d4f5	HSat3	G3	chr22	0	0				
k16_6c53d4f5	HSat3	G3	chrX	52	0				
k16_6c53d4f5	HSat3	G3	chrY	1	1	9.0	9.0	0.5195946353585881	0.0
k16_6c53d4f5	HSat3	G4	chr1	23	22	3.0	2.909090909090909	3.290367305758821	0.0
k16_6c53d4f5	HSat3	G4	chr2	31	31	0.0	0.0	0.0	0.0
k16_6c53d4f5	HSat3	G4	chr3	28	28	1.0	0.75	4.223635464056863	0.0
k16_6c53d4f5	HSat3	G4	chr4	28	28	0.0	0.0	0.0	0.0
k16_6c53d4f5	HSat3	G4	chr5	39	39	361.0	416.8205128205128	660.2799528510723	1.0
k16_6c53d4f5	HSat3	G4	chr6	30	0				
k16_6c53d4f5	HSat3	G4	chr7	39	39	2.0	2.4358974358974357	5.5146414310482905	0.02564102564102564
k16_6c53d4f5	HSat3	G4	chr8	36	0				
k16_6c53d4f5	HSat3	G4	chr9	27	27	6275.0	5965.259259259259	420.153676929401	1.0
k16_6c53d4f5	HSat3	G4	chr10	39	39	1.0	1.6153846153846154	2.5579409144070335	0.0
k16_6c53d4f5	HSat3	G4	chr11	39	0				
k16_6c53d4f5	HSat3	G4	chr12	37	0				
k16_6c53d4f5	HSat3	G4	chr13	0	0				
k16_6c53d4f5	HSat3	G4	chr14	0	0				
k16_6c53d4f5	HSat3	G4	chr15	0	0				
k16_6c53d4f5	HSat3	G4	chr16	29	29	0.0	0.0	0.0	0.0
k16_6c53d4f5	HSat3	G4	chr17	25	25	5.0	4.6	5.132709781994178	0.0
k16_6c53d4f5	HSat3	G4	chr18	27	0				
k16_6c53d4f5	HSat3	G4	chr19	35	0				
k16_6c53d4f5	HSat3	G4	chr20	39	39	8.0	10.076923076923077	11.607823566752783	0.38461538461538464
k16_6c53d4f5	HSat3	G4	chr21	0	0				
k16_6c53d4f5	HSat3	G4	chr22	0	0				
k16_6c53d4f5	HSat3	G4	chrX	30	0				
k16_6c53d4f5	HSat3	G4	chrY	1	1	3.0	3.0	0.34683989546708005	0.0
k16_6c53d4f5	HSat3	G5	chr1	31	30	3.0	2.8333333333333335	3.460453711078089	0.0
k16_6c53d4f5	HSat3	G5	chr2	39	39	0.0	0.0	0.0	0.0
k16_6c53d4f5	HSat3	G5	chr3	26	26	1.0	0.7307692307692307	4.138590504984278	0.0
k16_6c53d4f5	HSat3	G5	chr4	40	40	0.0	0.0	0.0	0.0
k16_6c53d4f5	HSat3	G5	chr5	47	47	420.0	397.93617021276594	590.6458908456202	1.0
k16_6c53d4f5	HSat3	G5	chr6	37	0				
k16_6c53d4f5	HSat3	G5	chr7	47	47	2.0	1.9361702127659575	4.243845980289714	0.0
k16_6c53d4f5	HSat3	G5	chr8	45	0				
k16_6c53d4f5	HSat3	G5	chr9	40	40	6181.0	6264.8	417.4701766427349	1.0
k16_6c53d4f5	HSat3	G5	chr10	47	47	1.0	1.3829787234042554	2.207385197716341	0.0
k16_6c53d4f5	HSat3	G5	chr11	46	0				
k16_6c53d4f5	HSat3	G5	chr12	44	0				
k16_6c53d4f5	HSat3	G5	chr13	0	0				
k16_6c53d4f5	HSat3	G5	chr14	0	0				
k16_6c53d4f5	HSat3	G5	chr15	0	0				
k16_6c53d4f5	HSat3	G5	chr16	33	33	0.0	0.0	0.0	0.0
k16_6c53d4f5	HSat3	G5	chr17	39	39	4.0	4.6923076923076925	5.214464959992232	0.05128205128205128
k16_6c53d4f5	HSat3	G5	chr18	39	0				
k16_6c53d4f5	HSat3	G5	chr19	46	0				
k16_6c53d4f5	HSat3	G5	chr20	47	47	7.0	7.191489361702128	6.179953404979715	0.0851063829787234
k16_6c53d4f5	HSat3	G5	chr21	0	0				
k16_6c53d4f5	HSat3	G5	chr22	0	0				
k16_6c53d4f5	HSat3	G5	chrX	28	0				
k16_6c53d4f5	HSat3	G5	chrY	1	1	4.0	4.0	0.18430768435410685	0.0
k16_6c53d4f5	HSat3	G6	chr1	34	34	3.0	2.7941176470588234	3.477809597905172	0.0
k16_6c53d4f5	HSat3	G6	chr2	39	38	0.0	0.0	0.0	0.0
k16_6c53d4f5	HSat3	G6	chr3	34	34	1.0	0.8235294117647058	4.466657201607358	0.0
k16_6c53d4f5	HSat3	G6	chr4	34	34	0.0	0.0	0.0	0.0
k16_6c53d4f5	HSat3	G6	chr5	47	47	396.0	407.1489361702128	587.5971614905598	1.0
k16_6c53d4f5	HSat3	G6	chr6	40	0				
k16_6c53d4f5	HSat3	G6	chr7	47	47	2.0	2.021276595744681	5.160740497813721	0.0
k16_6c53d4f5	HSat3	G6	chr8	47	0				
k16_6c53d4f5	HSat3	G6	chr9	39	39	5133.0	5546.897435897436	419.9501546194586	1.0
k16_6c53d4f5	HSat3	G6	chr10	47	47	2.0	1.6595744680851063	2.603690383960546	0.0
k16_6c53d4f5	HSat3	G6	chr11	47	0				
k16_6c53d4f5	HSat3	G6	chr12	47	0				
k16_6c53d4f5	HSat3	G6	chr13	0	0				
k16_6c53d4f5	HSat3	G6	chr14	0	0				
k16_6c53d4f5	HSat3	G6	chr15	0	0				
k16_6c53d4f5	HSat3	G6	chr16	41	41	0.0	0.0	0.0	0.0
k16_6c53d4f5	HSat3	G6	chr17	28	28	3.0	2.892857142857143	3.542568664055808	0.0
k16_6c53d4f5	HSat3	G6	chr18	25	0				
k16_6c53d4f5	HSat3	G6	chr19	46	0				
k16_6c53d4f5	HSat3	G6	chr20	47	47	7.0	7.297872340425532	12.477409704296303	0.10638297872340426
k16_6c53d4f5	HSat3	G6	chr21	0	0				
k16_6c53d4f5	HSat3	G6	chr22	0	0				
k16_6c53d4f5	HSat3	G6	chrX	30	0				
k16_6c53d4f5	HSat3	G6	chrY	0	0				
k16_6c53d4f5	HSat3	G7	chr1	84	81	3.0	2.7160493827160495	3.6799887780414937	0.0
k16_6c53d4f5	HSat3	G7	chr2	104	103	0.0	0.0	0.0	0.0
k16_6c53d4f5	HSat3	G7	chr3	88	86	1.0	0.8488372093023255	4.7280521552080925	0.0
k16_6c53d4f5	HSat3	G7	chr4	91	91	0.0	0.0	0.0	0.0
k16_6c53d4f5	HSat3	G7	chr5	126	126	395.5	397.531746031746	580.269188647924	1.0
k16_6c53d4f5	HSat3	G7	chr6	103	0				
k16_6c53d4f5	HSat3	G7	chr7	126	126	2.0	1.8650793650793651	4.99149279704225	0.0
k16_6c53d4f5	HSat3	G7	chr8	121	0				
k16_6c53d4f5	HSat3	G7	chr9	101	101	5636.0	5883.6138613861385	414.70919922315676	1.0
k16_6c53d4f5	HSat3	G7	chr10	126	126	2.0	1.7142857142857142	2.6799851672746864	0.0
k16_6c53d4f5	HSat3	G7	chr11	125	0				
k16_6c53d4f5	HSat3	G7	chr12	126	0				
k16_6c53d4f5	HSat3	G7	chr13	0	0				
k16_6c53d4f5	HSat3	G7	chr14	0	0				
k16_6c53d4f5	HSat3	G7	chr15	0	0				
k16_6c53d4f5	HSat3	G7	chr16	109	109	0.0	0.0	0.0	0.0
k16_6c53d4f5	HSat3	G7	chr17	77	77	1.0	2.5324675324675323	3.24700128607893	0.0
k16_6c53d4f5	HSat3	G7	chr18	76	0				
k16_6c53d4f5	HSat3	G7	chr19	121	0				
k16_6c53d4f5	HSat3	G7	chr20	126	126	18.0	19.03968253968254	17.19306815052711	0.9920634920634921
k16_6c53d4f5	HSat3	G7	chr21	0	0				
k16_6c53d4f5	HSat3	G7	chr22	0	0				
k16_6c53d4f5	HSat3	G7	chrX	80	0				
k16_6c53d4f5	HSat3	G7	chrY	0	0				
k16_6c53d4f5	HSat3	NA	chr1	73	71	3.0	2.619718309859155	3.597577182633636	0.0
k16_6c53d4f5	HSat3	NA	chr2	92	92	0.0	0.0	0.0	0.0
k16_6c53d4f5	HSat3	NA	chr3	80	80	1.0	0.825	4.447374021055486	0.0
k16_6c53d4f5	HSat3	NA	chr4	93	93	0.0	0.010752688172043012	0.05073556678401296	0.0
k16_6c53d4f5	HSat3	NA	chr5	115	114	277.5	305.3859649122807	584.7615808248457	1.0
k16_6c53d4f5	HSat3	NA	chr6	101	0				
k16_6c53d4f5	HSat3	NA	chr7	60	60	2.0	2.0833333333333335	5.633276494324609	0.0
k16_6c53d4f5	HSat3	NA	chr8	127	0				
k16_6c53d4f5	HSat3	NA	chr9	98	97	5966.0	6039.051546391753	412.08379602024587	1.0
k16_6c53d4f5	HSat3	NA	chr10	119	118	2.0	1.6440677966101696	2.549244136630077	0.0
k16_6c53d4f5	HSat3	NA	chr11	130	0				
k16_6c53d4f5	HSat3	NA	chr12	126	0				
k16_6c53d4f5	HSat3	NA	chr13	0	0				
k16_6c53d4f5	HSat3	NA	chr14	0	0				
k16_6c53d4f5	HSat3	NA	chr15	0	0				
k16_6c53d4f5	HSat3	NA	chr16	103	102	0.0	0.0	0.0	0.0
k16_6c53d4f5	HSat3	NA	chr17	65	65	3.0	4.092307692307692	4.97000415649295	0.03076923076923077
k16_6c53d4f5	HSat3	NA	chr18	84	0				
k16_6c53d4f5	HSat3	NA	chr19	128	0				
k16_6c53d4f5	HSat3	NA	chr20	84	84	12.5	12.857142857142858	12.33327369586451	0.5714285714285714
k16_6c53d4f5	HSat3	NA	chr21	0	0				
k16_6c53d4f5	HSat3	NA	chr22	0	0				
k16_6c53d4f5	HSat3	NA	chrX	91	0				
k16_6c53d4f5	HSat3	NA	chrY	1	1	7.0	7.0	0.44311243439957787	0.0
k16_6f12d4f5	HSat3	G1	chr1	40	39	2.0	2.3846153846153846	3.0013108951458154	0.0
k16_6f12d4f5	HSat3	G1	chr2	53	53	0.0	0.0	0.0	0.0
k16_6f12d4f5	HSat3	G1	chr3	35	35	0.0	0.02857142857142857	0.14450443144514694	0.0
k16_6f12d4f5	HSat3	G1	chr4	48	48	0.0	0.0	0.0	0.0
k16_6f12d4f5	HSat3	G1	chr5	59	59	0.0	0.01694915254237288	0.04478506371548622	0.0
k16_6f12d4f5	HSat3	G1	chr6	40	0				
k16_6f12d4f5	HSat3	G1	chr7	59	59	0.0	0.0	0.0	0.0
k16_6f12d4f5	HSat3	G1	chr8	53	0				
k16_6f12d4f5	HSat3	G1	chr9	49	49	0.0	0.20408163265306123	0.014290031957627288	0.0
k16_6f12d4f5	HSat3	G1	chr10	59	59	24.0	23.203389830508474	35.842619534677965	1.0
k16_6f12d4f5	HSat3	G1	chr11	57	0				
k16_6f12d4f5	HSat3	G1	chr12	58	0				
k16_6f12d4f5	HSat3	G1	chr13	0	0				
k16_6f12d4f5	HSat3	G1	chr14	0	0				
k16_6f12d4f5	HSat3	G1	chr15	0	0				
k16_6f12d4f5	HSat3	G1	chr16	45	43	0.0	0.0	0.0	0.0
k16_6f12d4f5	HSat3	G1	chr17	42	42	0.0	0.047619047619047616	0.053360189872630824	0.0
k16_6f12d4f5	HSat3	G1	chr18	44	0				
k16_6f12d4f5	HSat3	G1	chr19	55	0				
k16_6f12d4f5	HSat3	G1	chr20	59	59	2.0	2.1016949152542375	1.6254200596655002	0.0
k16_6f12d4f5	HSat3	G1	chr21	0	0				
k16_6f12d4f5	HSat3	G1	chr22	0	0				
k16_6f12d4f5	HSat3	G1	chrX	44	1	0.0	0.0	0.0	0.0
k16_6f12d4f5	HSat3	G1	chrY	0	0				
k16_6f12d4f5	HSat3	G2	chr1	35	35	2.0	2.4571428571428573	3.502600864417457	0.0
k16_6f12d4f5	HSat3	G2	chr2	41	39	0.0	0.0	0.0	0.0
k16_6f12d4f5	HSat3	G2	chr3	47	47	0.0	0.02127659574468085	0.11819987267509716	0.0
k16_6f12d4f5	HSat3	G2	chr4	39	39	0.0	0.0	0.0	0.0
k16_6f12d4f5	HSat3	G2	chr5	54	54	0.0	0.018518518518518517	0.05542147561119773	0.0
k16_6f12d4f5	HSat3	G2	chr6	44	0				
k16_6f12d4f5	HSat3	G2	chr7	54	54	0.0	0.0	0.0	0.0
k16_6f12d4f5	HSat3	G2	chr8	53	0				
k16_6f12d4f5	HSat3	G2	chr9	47	47	0.0	0.14893617021276595	0.01073827435627355	0.0
k16_6f12d4f5	HSat3	G2	chr10	54	54	21.5	22.462962962962962	35.10200968120951	1.0
k16_6f12d4f5	HSat3	G2	chr11	54	0				
k16_6f12d4f5	HSat3	G2	chr12	53	0				
k16_6f12d4f5	HSat3	G2	chr13	0	0				
k16_6f12d4f5	HSat3	G2	chr14	0	0				
k16_6f12d4f5	HSat3	G2	chr15	0	0				
k16_6f12d4f5	HSat3	G2	chr16	49	47	0.0	0.0	0.0	0.0
k16_6f12d4f5	HSat3	G2	chr17	37	37	0.0	0.0	0.0	0.0
k16_6f12d4f5	HSat3	G2	chr18	35	0				
k16_6f12d4f5	HSat3	G2	chr19	54	0				
k16_6f12d4f5	HSat3	G2	chr20	54	54	0.0	0.2777777777777778	0.4290813611204516	0.0
k16_6f12d4f5	HSat3	G2	chr21	0	0				
k16_6f12d4f5	HSat3	G2	chr22	0	0				
k16_6f12d4f5	HSat3	G2	chrX	38	0				
k16_6f12d4f5	HSat3	G2	chrY	0	0				
k16_6f12d4f5	HSat3	G3	chr1	38	38	3.0	2.8684210526315788	3.523077108554377	0.0
k16_6f12d4f5	HSat3	G3	chr2	57	56	0.0	0.0	0.0	0.0
k16_6f12d4f5	HSat3	G3	chr3	49	48	0.0	0.041666666666666664	0.2353961133983113	0.0
k16_6f12d4f5	HSat3	G3	chr4	58	58	0.0	0.0	0.0	0.0
k16_6f12d4f5	HSat3	G3	chr5	70	70	0.0	0.0	0.0	0.0
k16_6f12d4f5	HSat3	G3	chr6	57	0				
k16_6f12d4f5	HSat3	G3	chr7	70	70	0.0	0.0	0.0	0.0
k16_6f12d4f5	HSat3	G3	chr8	66	0				
k16_6f12d4f5	HSat3	G3	chr9	58	58	0.0	0.22413793103448276	0.015484457056362666	0.0
k16_6f12d4f5	HSat3	G3	chr10	70	70	21.0	22.32857142857143	35.615265445609175	1.0
k16_6f12d4f5	HSat3	G3	chr11	69	0				
k16_6f12d4f5	HSat3	G3	chr12	70	0				
k16_6f12d4f5	HSat3	G3	chr13	0	0				
k16_6f12d4f5	HSat3	G3	chr14	0	0				
k16_6f12d4f5	HSat3	G3	chr15	0	0				
k16_6f12d4f5	HSat3	G3	chr16	60	60	0.0	0.0	0.0	0.0
k16_6f12d4f5	HSat3	G3	chr17	44	44	0.0	0.0	0.0	0.0
k16_6f12d4f5	HSat3	G3	chr18	38	0				
k16_6f12d4f5	HSat3	G3	chr19	66	0				
k16_6f12d4f5	HSat3	G3	chr20	70	70	0.0	0.0	0.0	0.0
k16_6f12d4f5	HSat3	G3	chr21	0	0				
k16_6f12d4f5	HSat3	G3	chr22	0	0				
k16_6f12d4f5	HSat3	G3	chrX	52	0				
k16_6f12d4f5	HSat3	G3	chrY	1	1	26.0	26.0	1.501051168813699	1.0
k16_6f12d4f5	HSat3	G4	chr1	23	22	2.5	2.5	2.827659403386487	0.0
k16_6f12d4f5	HSat3	G4	chr2	31	31	0.0	0.0	0.0	0.0
k16_6f12d4f5	HSat3	G4	chr3	28	28	0.0	0.10714285714285714	0.603376494865266	0.0
k16_6f12d4f5	HSat3	G4	chr4	28	28	0.0	0.0	0.0	0.0
k16_6f12d4f5	HSat3	G4	chr5	39	39	0.0	0.0	0.0	0.0
k16_6f12d4f5	HSat3	G4	chr6	30	0				
k16_6f12d4f5	HSat3	G4	chr7	39	39	0.0	0.0	0.0	0.0
k16_6f12d4f5	HSat3	G4	chr8	36	0				
k16_6f12d4f5	HSat3	G4	chr9	27	27	0.0	0.14814814814814814	0.010434582382670053	0.0
k16_6f12d4f5	HSat3	G4	chr10	39	39	23.0	23.564102564102566	37.31345556095339	1.0
k16_6f12d4f5	HSat3	G4	chr11	39	0				
k16_6f12d4f5	HSat3	G4	chr12	37	0				
k16_6f12d4f5	HSat3	G4	chr13	0	0				
k16_6f12d4f5	HSat3	G4	chr14	0	0				
k16_6f12d4f5	HSat3	G4	chr15	0	0				
k16_6f12d4f5	HSat3	G4	chr16	29	29	0.0	0.0	0.0	0.0
k16_6f12d4f5	HSat3	G4	chr17	25	25	0.0	0.04	0.044632258973862415	0.0
k16_6f12d4f5	HSat3	G4	chr18	27	0				
k16_6f12d4f5	HSat3	G4	chr19	35	0				
k16_6f12d4f5	HSat3	G4	chr20	39	39	0.0	0.2564102564102564	0.2953644673473991	0.0
k16_6f12d4f5	HSat3	G4	chr21	0	0				
k16_6f12d4f5	HSat3	G4	chr22	0	0				
k16_6f12d4f5	HSat3	G4	chrX	30	0				
k16_6f12d4f5	HSat3	G4	chrY	1	1	19.0	19.0	2.1966526712915067	1.0
k16_6f12d4f5	HSat3	G5	chr1	31	30	3.0	2.6666666666666665	3.256897610426437	0.0
k16_6f12d4f5	HSat3	G5	chr2	39	39	0.0	0.0	0.0	0.0
k16_6f12d4f5	HSat3	G5	chr3	26	26	0.0	0.0	0.0	0.0
k16_6f12d4f5	HSat3	G5	chr4	40	40	0.0	0.0	0.0	0.0
k16_6f12d4f5	HSat3	G5	chr5	47	47	0.0	0.0	0.0	0.0
k16_6f12d4f5	HSat3	G5	chr6	37	0				
k16_6f12d4f5	HSat3	G5	chr7	47	47	0.0	0.0	0.0	0.0
k16_6f12d4f5	HSat3	G5	chr8	45	0				
k16_6f12d4f5	HSat3	G5	chr9	40	40	0.0	0.1	0.006663743082664009	0.0
k16_6f12d4f5	HSat3	G5	chr10	47	47	24.0	22.02127659574468	35.14836430209866	0.9574468085106383
k16_6f12d4f5	HSat3	G5	chr11	46	0				
k16_6f12d4f5	HSat3	G5	chr12	44	0				
k16_6f12d4f5	HSat3	G5	chr13	0	0				
k16_6f12d4f5	HSat3	G5	chr14	0	0				
k16_6f12d4f5	HSat3	G5	chr15	0	0				
k16_6f12d4f5	HSat3	G5	chr16	33	33	0.0	0.0	0.0	0.0
k16_6f12d4f5	HSat3	G5	chr17	39	39	0.0	0.05128205128205128	0.05698868808734679	0.0
k16_6f12d4f5	HSat3	G5	chr18	39	0				
k16_6f12d4f5	HSat3	G5	chr19	46	0				
k16_6f12d4f5	HSat3	G5	chr20	47	47	1.0	1.3191489361702127	1.133600920440066	0.0
k16_6f12d4f5	HSat3	G5	chr21	0	0				
k16_6f12d4f5	HSat3	G5	chr22	0	0				
k16_6f12d4f5	HSat3	G5	chrX	28	0				
k16_6f12d4f5	HSat3	G5	chrY	1	1	18.0	18.0	0.8293845795934809	1.0
k16_6f12d4f5	HSat3	G6	chr1	34	34	3.0	2.764705882352941	3.44120107582196	0.0
k16_6f12d4f5	HSat3	G6	chr2	39	38	0.0	0.0	0.0	0.0
k16_6f12d4f5	HSat3	G6	chr3	34	34	0.0	0.08823529411764706	0.4785704144579313	0.0
k16_6f12d4f5	HSat3	G6	chr4	34	34	0.0	0.0	0.0	0.0
k16_6f12d4f5	HSat3	G6	chr5	47	47	0.0	0.0	0.0	0.0
k16_6f12d4f5	HSat3	G6	chr6	40	0				
k16_6f12d4f5	HSat3	G6	chr7	47	47	0.0	0.0	0.0	0.0
k16_6f12d4f5	HSat3	G6	chr8	47	0				
k16_6f12d4f5	HSat3	G6	chr9	39	39	0.0	0.05128205128205128	0.00388251371401392	0.0
k16_6f12d4f5	HSat3	G6	chr10	47	47	21.0	22.76595744680851	35.71729116458698	1.0
k16_6f12d4f5	HSat3	G6	chr11	47	0				
k16_6f12d4f5	HSat3	G6	chr12	47	0				
k16_6f12d4f5	HSat3	G6	chr13	0	0				
k16_6f12d4f5	HSat3	G6	chr14	0	0				
k16_6f12d4f5	HSat3	G6	chr15	0	0				
k16_6f12d4f5	HSat3	G6	chr16	41	41	0.0	0.0	0.0	0.0
k16_6f12d4f5	HSat3	G6	chr17	28	28	0.0	0.0	0.0	0.0
k16_6f12d4f5	HSat3	G6	chr18	25	0				
k16_6f12d4f5	HSat3	G6	chr19	46	0				
k16_6f12d4f5	HSat3	G6	chr20	47	47	0.0	0.3617021276595745	0.618413892049671	0.0
k16_6f12d4f5	HSat3	G6	chr21	0	0				
k16_6f12d4f5	HSat3	G6	chr22	0	0				
k16_6f12d4f5	HSat3	G6	chrX	30	0				
k16_6f12d4f5	HSat3	G6	chrY	0	0				
k16_6f12d4f5	HSat3	G7	chr1	84	81	3.0	2.6419753086419755	3.5796254477312712	0.0
k16_6f12d4f5	HSat3	G7	chr2	104	103	0.0	0.0	0.0	0.0
k16_6f12d4f5	HSat3	G7	chr3	88	86	0.0	0.023255813953488372	0.12953567548515318	0.0
k16_6f12d4f5	HSat3	G7	chr4	91	91	0.0	0.0	0.0	0.0
k16_6f12d4f5	HSat3	G7	chr5	126	126	0.0	0.0	0.0	0.0
k16_6f12d4f5	HSat3	G7	chr6	103	0				
k16_6f12d4f5	HSat3	G7	chr7	126	126	0.0	0.0	0.0	0.0
k16_6f12d4f5	HSat3	G7	chr8	121	0				
k16_6f12d4f5	HSat3	G7	chr9	101	101	0.0	0.21782178217821782	0.01535326739460904	0.0
k16_6f12d4f5	HSat3	G7	chr10	126	126	22.0	22.53968253968254	35.23684201416717	0.9841269841269841
k16_6f12d4f5	HSat3	G7	chr11	125	0				
k16_6f12d4f5	HSat3	G7	chr12	126	0				
k16_6f12d4f5	HSat3	G7	chr13	0	0				
k16_6f12d4f5	HSat3	G7	chr14	0	0				
k16_6f12d4f5	HSat3	G7	chr15	0	0				
k16_6f12d4f5	HSat3	G7	chr16	109	109	0.0	0.0	0.0	0.0
k16_6f12d4f5	HSat3	G7	chr17	77	77	0.0	0.0	0.0	0.0
k16_6f12d4f5	HSat3	G7	chr18	76	0				
k16_6f12d4f5	HSat3	G7	chr19	121	0				
k16_6f12d4f5	HSat3	G7	chr20	126	126	0.0	0.0	0.0	0.0
k16_6f12d4f5	HSat3	G7	chr21	0	0				
k16_6f12d4f5	HSat3	G7	chr22	0	0				
k16_6f12d4f5	HSat3	G7	chrX	80	0				
k16_6f12d4f5	HSat3	G7	chrY	0	0				
k16_6f12d4f5	HSat3	NA	chr1	73	71	2.0	2.4788732394366195	3.4041590545350537	0.0
k16_6f12d4f5	HSat3	NA	chr2	92	92	0.0	0.0	0.0	0.0
k16_6f12d4f5	HSat3	NA	chr3	80	80	0.0	0.025	0.1347689097289541	0.0
k16_6f12d4f5	HSat3	NA	chr4	93	93	0.0	0.0	0.0	0.0
k16_6f12d4f5	HSat3	NA	chr5	115	114	0.0	0.0	0.0	0.0
k16_6f12d4f5	HSat3	NA	chr6	101	0				
k16_6f12d4f5	HSat3	NA	chr7	60	60	0.0	0.0	0.0	0.0
k16_6f12d4f5	HSat3	NA	chr8	127	0				
k16_6f12d4f5	HSat3	NA	chr9	98	97	0.0	0.2268041237113402	0.01547632165979059	0.0
k16_6f12d4f5	HSat3	NA	chr10	119	118	23.0	23.74576271186441	36.81949521050245	0.9830508474576272
k16_6f12d4f5	HSat3	NA	chr11	130	0				
k16_6f12d4f5	HSat3	NA	chr12	126	0				
k16_6f12d4f5	HSat3	NA	chr13	0	0				
k16_6f12d4f5	HSat3	NA	chr14	0	0				
k16_6f12d4f5	HSat3	NA	chr15	0	0				
k16_6f12d4f5	HSat3	NA	chr16	103	102	0.0	0.0	0.0	0.0
k16_6f12d4f5	HSat3	NA	chr17	65	65	0.0	0.015384615384615385	0.018684226152229134	0.0
k16_6f12d4f5	HSat3	NA	chr18	84	0				
k16_6f12d4f5	HSat3	NA	chr19	128	0				
k16_6f12d4f5	HSat3	NA	chr20	84	84	0.0	0.2857142857142857	0.27407274879698906	0.0
k16_6f12d4f5	HSat3	NA	chr21	0	0				
k16_6f12d4f5	HSat3	NA	chr22	0	0				
k16_6f12d4f5	HSat3	NA	chrX	91	0				
k16_6f12d4f5	HSat3	NA	chrY	1	1	24.0	24.0	1.5192426322271244	1.0
k16_75ee83a0	HSat3	G1	chr1	40	39	0.0	0.0	0.0	0.0
k16_75ee83a0	HSat3	G1	chr2	53	53	0.0	0.0	0.0	0.0
k16_75ee83a0	HSat3	G1	chr3	35	35	0.0	0.0	0.0	0.0
k16_75ee83a0	HSat3	G1	chr4	48	48	0.0	0.0	0.0	0.0
k16_75ee83a0	HSat3	G1	chr5	59	59	21.0	23.203389830508474	61.31075222650063	0.8813559322033898
k16_75ee83a0	HSat3	G1	chr6	40	0				
k16_75ee83a0	HSat3	G1	chr7	59	59	0.0	0.0	0.0	0.0
k16_75ee83a0	HSat3	G1	chr8	53	0				
k16_75ee83a0	HSat3	G1	chr9	49	49	16.0	14.959183673469388	1.0474593424940803	0.9387755102040817
k16_75ee83a0	HSat3	G1	chr10	59	59	0.0	0.0	0.0	0.0
k16_75ee83a0	HSat3	G1	chr11	57	0				
k16_75ee83a0	HSat3	G1	chr12	58	0				
k16_75ee83a0	HSat3	G1	chr13	0	0				
k16_75ee83a0	HSat3	G1	chr14	0	0				
k16_75ee83a0	HSat3	G1	chr15	0	0				
k16_75ee83a0	HSat3	G1	chr16	45	43	0.0	0.0	0.0	0.0
k16_75ee83a0	HSat3	G1	chr17	42	42	0.0	0.023809523809523808	0.026680094936315412	0.0
k16_75ee83a0	HSat3	G1	chr18	44	0				
k16_75ee83a0	HSat3	G1	chr19	55	0				
k16_75ee83a0	HSat3	G1	chr20	59	59	0.0	0.0	0.0	0.0
k16_75ee83a0	HSat3	G1	chr21	0	0				
k16_75ee83a0	HSat3	G1	chr22	0	0				
k16_75ee83a0	HSat3	G1	chrX	44	1	0.0	0.0	0.0	0.0
k16_75ee83a0	HSat3	G1	chrY	0	0				
k16_75ee83a0	HSat3	G2	chr1	35	35	0.0	0.0	0.0	0.0
k16_75ee83a0	HSat3	G2	chr2	41	39	0.0	0.0	0.0	0.0
k16_75ee83a0	HSat3	G2	chr3	47	47	0.0	0.0	0.0	0.0
k16_75ee83a0	HSat3	G2	chr4	39	39	0.0	0.0	0.0	0.0
k16_75ee83a0	HSat3	G2	chr5	54	54	29.5	29.35185185185185	87.8430388437484	1.0
k16_75ee83a0	HSat3	G2	chr6	44	0				
k16_75ee83a0	HSat3	G2	chr7	54	54	0.0	0.0	0.0	0.0
k16_75ee83a0	HSat3	G2	chr8	53	0				
k16_75ee83a0	HSat3	G2	chr9	47	47	16.0	14.808510638297872	1.0676912788523414	0.9361702127659575
k16_75ee83a0	HSat3	G2	chr10	54	54	0.0	0.0	0.0	0.0
k16_75ee83a0	HSat3	G2	chr11	54	0				
k16_75ee83a0	HSat3	G2	chr12	53	0				
k16_75ee83a0	HSat3	G2	chr13	0	0				
k16_75ee83a0	HSat3	G2	chr14	0	0				
k16_75ee83a0	HSat3	G2	chr15	0	0				
k16_75ee83a0	HSat3	G2	chr16	49	47	0.0	0.0	0.0	0.0
k16_75ee83a0	HSat3	G2	chr17	37	37	0.0	0.0	0.0	0.0
k16_75ee83a0	HSat3	G2	chr18	35	0				
k16_75ee83a0	HSat3	G2	chr19	54	0				
k16_75ee83a0	HSat3	G2	chr20	54	54	0.0	0.0	0.0	0.0
k16_75ee83a0	HSat3	G2	chr21	0	0				
k16_75ee83a0	HSat3	G2	chr22	0	0				
k16_75ee83a0	HSat3	G2	chrX	38	0				
k16_75ee83a0	HSat3	G2	chrY	0	0				
k16_75ee83a0	HSat3	G3	chr1	38	38	0.0	0.0	0.0	0.0
k16_75ee83a0	HSat3	G3	chr2	57	56	0.0	0.0	0.0	0.0
k16_75ee83a0	HSat3	G3	chr3	49	48	0.0	0.0	0.0	0.0
k16_75ee83a0	HSat3	G3	chr4	58	58	0.0	0.0	0.0	0.0
k16_75ee83a0	HSat3	G3	chr5	70	70	31.0	31.285714285714285	90.73862734250675	1.0
k16_75ee83a0	HSat3	G3	chr6	57	0				
k16_75ee83a0	HSat3	G3	chr7	70	70	0.0	0.0	0.0	0.0
k16_75ee83a0	HSat3	G3	chr8	66	0				
k16_75ee83a0	HSat3	G3	chr9	58	58	15.5	15.482758620689655	1.0696186489702828	0.9655172413793104
k16_75ee83a0	HSat3	G3	chr10	70	70	0.0	0.0	0.0	0.0
k16_75ee83a0	HSat3	G3	chr11	69	0				
k16_75ee83a0	HSat3	G3	chr12	70	0				
k16_75ee83a0	HSat3	G3	chr13	0	0				
k16_75ee83a0	HSat3	G3	chr14	0	0				
k16_75ee83a0	HSat3	G3	chr15	0	0				
k16_75ee83a0	HSat3	G3	chr16	60	60	0.0	0.0	0.0	0.0
k16_75ee83a0	HSat3	G3	chr17	44	44	0.0	0.0	0.0	0.0
k16_75ee83a0	HSat3	G3	chr18	38	0				
k16_75ee83a0	HSat3	G3	chr19	66	0				
k16_75ee83a0	HSat3	G3	chr20	70	70	0.0	0.0	0.0	0.0
k16_75ee83a0	HSat3	G3	chr21	0	0				
k16_75ee83a0	HSat3	G3	chr22	0	0				
k16_75ee83a0	HSat3	G3	chrX	52	0				
k16_75ee83a0	HSat3	G3	chrY	1	1	0.0	0.0	0.0	0.0
k16_75ee83a0	HSat3	G4	chr1	23	22	0.0	0.0	0.0	0.0
k16_75ee83a0	HSat3	G4	chr2	31	31	0.0	0.0	0.0	0.0
k16_75ee83a0	HSat3	G4	chr3	28	28	0.0	0.0	0.0	0.0
k16_75ee83a0	HSat3	G4	chr4	28	28	0.0	0.0	0.0	0.0
k16_75ee83a0	HSat3	G4	chr5	39	39	16.0	26.41025641025641	41.8361436661297	0.5897435897435898
k16_75ee83a0	HSat3	G4	chr6	30	0				
k16_75ee83a0	HSat3	G4	chr7	39	39	0.0	0.0	0.0	0.0
k16_75ee83a0	HSat3	G4	chr8	36	0				
k16_75ee83a0	HSat3	G4	chr9	27	27	15.0	14.74074074074074	1.0382409470756704	0.9629629629629629
k16_75ee83a0	HSat3	G4	chr10	39	39	0.0	0.0	0.0	0.0
k16_75ee83a0	HSat3	G4	chr11	39	0				
k16_75ee83a0	HSat3	G4	chr12	37	0				
k16_75ee83a0	HSat3	G4	chr13	0	0				
k16_75ee83a0	HSat3	G4	chr14	0	0				
k16_75ee83a0	HSat3	G4	chr15	0	0				
k16_75ee83a0	HSat3	G4	chr16	29	29	0.0	0.0	0.0	0.0
k16_75ee83a0	HSat3	G4	chr17	25	25	0.0	0.0	0.0	0.0
k16_75ee83a0	HSat3	G4	chr18	27	0				
k16_75ee83a0	HSat3	G4	chr19	35	0				
k16_75ee83a0	HSat3	G4	chr20	39	39	0.0	0.0	0.0	0.0
k16_75ee83a0	HSat3	G4	chr21	0	0				
k16_75ee83a0	HSat3	G4	chr22	0	0				
k16_75ee83a0	HSat3	G4	chrX	30	0				
k16_75ee83a0	HSat3	G4	chrY	1	1	0.0	0.0	0.0	0.0
k16_75ee83a0	HSat3	G5	chr1	31	30	0.0	0.0	0.0	0.0
k16_75ee83a0	HSat3	G5	chr2	39	39	0.0	0.0	0.0	0.0
k16_75ee83a0	HSat3	G5	chr3	26	26	0.0	0.0	0.0	0.0
k16_75ee83a0	HSat3	G5	chr4	40	40	0.0	0.0	0.0	0.0
k16_75ee83a0	HSat3	G5	chr5	47	47	3.0	3.5531914893617023	5.2739059921519855	0.0
k16_75ee83a0	HSat3	G5	chr6	37	0				
k16_75ee83a0	HSat3	G5	chr7	47	47	0.0	0.0	0.0	0.0
k16_75ee83a0	HSat3	G5	chr8	45	0				
k16_75ee83a0	HSat3	G5	chr9	40	40	15.5	15.4	1.0262164347302576	0.975
k16_75ee83a0	HSat3	G5	chr10	47	47	0.0	0.0	0.0	0.0
k16_75ee83a0	HSat3	G5	chr11	46	0				
k16_75ee83a0	HSat3	G5	chr12	44	0				
k16_75ee83a0	HSat3	G5	chr13	0	0				
k16_75ee83a0	HSat3	G5	chr14	0	0				
k16_75ee83a0	HSat3	G5	chr15	0	0				
k16_75ee83a0	HSat3	G5	chr16	33	33	0.0	0.0	0.0	0.0
k16_75ee83a0	HSat3	G5	chr17	39	39	0.0	0.0	0.0	0.0
k16_75ee83a0	HSat3	G5	chr18	39	0				
k16_75ee83a0	HSat3	G5	chr19	46	0				
k16_75ee83a0	HSat3	G5	chr20	47	47	0.0	0.0	0.0	0.0
k16_75ee83a0	HSat3	G5	chr21	0	0				
k16_75ee83a0	HSat3	G5	chr22	0	0				
k16_75ee83a0	HSat3	G5	chrX	28	0				
k16_75ee83a0	HSat3	G5	chrY	1	1	0.0	0.0	0.0	0.0
k16_75ee83a0	HSat3	G6	chr1	34	34	0.0	0.0	0.0	0.0
k16_75ee83a0	HSat3	G6	chr2	39	38	0.0	0.0	0.0	0.0
k16_75ee83a0	HSat3	G6	chr3	34	34	0.0	0.0	0.0	0.0
k16_75ee83a0	HSat3	G6	chr4	34	34	0.0	0.0	0.0	0.0
k16_75ee83a0	HSat3	G6	chr5	47	47	3.0	3.297872340425532	4.759487877876086	0.0
k16_75ee83a0	HSat3	G6	chr6	40	0				
k16_75ee83a0	HSat3	G6	chr7	47	47	0.0	0.0	0.0	0.0
k16_75ee83a0	HSat3	G6	chr8	47	0				
k16_75ee83a0	HSat3	G6	chr9	39	39	15.0	15.0	1.1356352613490714	1.0
k16_75ee83a0	HSat3	G6	chr10	47	47	0.0	0.0	0.0	0.0
k16_75ee83a0	HSat3	G6	chr11	47	0				
k16_75ee83a0	HSat3	G6	chr12	47	0				
k16_75ee83a0	HSat3	G6	chr13	0	0				
k16_75ee83a0	HSat3	G6	chr14	0	0				
k16_75ee83a0	HSat3	G6	chr15	0	0				
k16_75ee83a0	HSat3	G6	chr16	41	41	0.0	0.0	0.0	0.0
k16_75ee83a0	HSat3	G6	chr17	28	28	0.0	0.0	0.0	0.0
k16_75ee83a0	HSat3	G6	chr18	25	0				
k16_75ee83a0	HSat3	G6	chr19	46	0				
k16_75ee83a0	HSat3	G6	chr20	47	47	0.0	0.0	0.0	0.0
k16_75ee83a0	HSat3	G6	chr21	0	0				
k16_75ee83a0	HSat3	G6	chr22	0	0				
k16_75ee83a0	HSat3	G6	chrX	30	0				
k16_75ee83a0	HSat3	G6	chrY	0	0				
k16_75ee83a0	HSat3	G7	chr1	84	81	0.0	0.0	0.0	0.0
k16_75ee83a0	HSat3	G7	chr2	104	103	0.0	0.0	0.0	0.0
k16_75ee83a0	HSat3	G7	chr3	88	86	0.0	0.0	0.0	0.0
k16_75ee83a0	HSat3	G7	chr4	91	91	0.0	0.0	0.0	0.0
k16_75ee83a0	HSat3	G7	chr5	126	126	3.0	3.4285714285714284	5.00461757064232	0.007936507936507936
k16_75ee83a0	HSat3	G7	chr6	103	0				
k16_75ee83a0	HSat3	G7	chr7	126	126	0.0	0.0	0.0	0.0
k16_75ee83a0	HSat3	G7	chr8	121	0				
k16_75ee83a0	HSat3	G7	chr9	101	101	16.0	16.059405940594058	1.1319545324570848	0.9900990099009901
k16_75ee83a0	HSat3	G7	chr10	126	126	0.0	0.0	0.0	0.0
k16_75ee83a0	HSat3	G7	chr11	125	0				
k16_75ee83a0	HSat3	G7	chr12	126	0				
k16_75ee83a0	HSat3	G7	chr13	0	0				
k16_75ee83a0	HSat3	G7	chr14	0	0				
k16_75ee83a0	HSat3	G7	chr15	0	0				
k16_75ee83a0	HSat3	G7	chr16	109	109	0.0	0.0	0.0	0.0
k16_75ee83a0	HSat3	G7	chr17	77	77	0.0	0.0	0.0	0.0
k16_75ee83a0	HSat3	G7	chr18	76	0				
k16_75ee83a0	HSat3	G7	chr19	121	0				
k16_75ee83a0	HSat3	G7	chr20	126	126	0.0	0.0	0.0	0.0
k16_75ee83a0	HSat3	G7	chr21	0	0				
k16_75ee83a0	HSat3	G7	chr22	0	0				
k16_75ee83a0	HSat3	G7	chrX	80	0				
k16_75ee83a0	HSat3	G7	chrY	0	0				
k16_75ee83a0	HSat3	NA	chr1	73	71	0.0	0.0	0.0	0.0
k16_75ee83a0	HSat3	NA	chr2	92	92	0.0	0.0	0.0	0.0
k16_75ee83a0	HSat3	NA	chr3	80	80	0.0	0.0	0.0	0.0
k16_75ee83a0	HSat3	NA	chr4	93	93	0.0	0.0	0.0	0.0
k16_75ee83a0	HSat3	NA	chr5	115	114	15.0	18.54385964912281	35.50830073716677	0.5175438596491229
k16_75ee83a0	HSat3	NA	chr6	101	0				
k16_75ee83a0	HSat3	NA	chr7	60	60	0.0	0.0	0.0	0.0
k16_75ee83a0	HSat3	NA	chr8	127	0				
k16_75ee83a0	HSat3	NA	chr9	98	97	16.0	16.103092783505154	1.0988188378451318	1.0
k16_75ee83a0	HSat3	NA	chr10	119	118	0.0	0.0	0.0	0.0
k16_75ee83a0	HSat3	NA	chr11	130	0				
k16_75ee83a0	HSat3	NA	chr12	126	0				
k16_75ee83a0	HSat3	NA	chr13	0	0				
k16_75ee83a0	HSat3	NA	chr14	0	0				
k16_75ee83a0	HSat3	NA	chr15	0	0				
k16_75ee83a0	HSat3	NA	chr16	103	102	0.0	0.0	0.0	0.0
k16_75ee83a0	HSat3	NA	chr17	65	65	0.0	0.0	0.0	0.0
k16_75ee83a0	HSat3	NA	chr18	84	0				
k16_75ee83a0	HSat3	NA	chr19	128	0				
k16_75ee83a0	HSat3	NA	chr20	84	84	0.0	0.0	0.0	0.0
k16_75ee83a0	HSat3	NA	chr21	0	0				
k16_75ee83a0	HSat3	NA	chr22	0	0				
k16_75ee83a0	HSat3	NA	chrX	91	0				
k16_75ee83a0	HSat3	NA	chrY	1	1	0.0	0.0	0.0	0.0
k16_7c6efbf4	HSat3	G1	chr1	40	39	116.0	92.48717948717949	116.40568170742964	0.7435897435897436
k16_7c6efbf4	HSat3	G1	chr2	53	53	0.0	0.0	0.0	0.0
k16_7c6efbf4	HSat3	G1	chr3	35	35	0.0	0.0	0.0	0.0
k16_7c6efbf4	HSat3	G1	chr4	48	48	0.0	0.0	0.0	0.0
k16_7c6efbf4	HSat3	G1	chr5	59	59	0.0	0.0	0.0	0.0
k16_7c6efbf4	HSat3	G1	chr6	40	0				
k16_7c6efbf4	HSat3	G1	chr7	59	59	0.0	0.0	0.0	0.0
k16_7c6efbf4	HSat3	G1	chr8	53	0				
k16_7c6efbf4	HSat3	G1	chr9	49	49	0.0	0.0	0.0	0.0
k16_7c6efbf4	HSat3	G1	chr10	59	59	0.0	0.0	0.0	0.0
k16_7c6efbf4	HSat3	G1	chr11	57	0				
k16_7c6efbf4	HSat3	G1	chr12	58	0				
k16_7c6efbf4	HSat3	G1	chr13	0	0				
k16_7c6efbf4	HSat3	G1	chr14	0	0				
k16_7c6efbf4	HSat3	G1	chr15	0	0				
k16_7c6efbf4	HSat3	G1	chr16	45	43	0.0	0.0	0.0	0.0
k16_7c6efbf4	HSat3	G1	chr17	42	42	0.0	0.0	0.0	0.0
k16_7c6efbf4	HSat3	G1	chr18	44	0				
k16_7c6efbf4	HSat3	G1	chr19	55	0				
k16_7c6efbf4	HSat3	G1	chr20	59	59	0.0	0.0	0.0	0.0
k16_7c6efbf4	HSat3	G1	chr21	0	0				
k16_7c6efbf4	HSat3	G1	chr22	0	0				
k16_7c6efbf4	HSat3	G1	chrX	44	1	0.0	0.0	0.0	0.0
k16_7c6efbf4	HSat3	G1	chrY	0	0				
k16_7c6efbf4	HSat3	G2	chr1	35	35	63.0	60.74285714285714	86.58755160176177	0.5142857142857142
k16_7c6efbf4	HSat3	G2	chr2	41	39	0.0	0.0	0.0	0.0
k16_7c6efbf4	HSat3	G2	chr3	47	47	0.0	0.0	0.0	0.0
k16_7c6efbf4	HSat3	G2	chr4	39	39	0.0	0.0	0.0	0.0
k16_7c6efbf4	HSat3	G2	chr5	54	54	0.0	0.0	0.0	0.0
k16_7c6efbf4	HSat3	G2	chr6	44	0				
k16_7c6efbf4	HSat3	G2	chr7	54	54	0.0	0.0	0.0	0.0
k16_7c6efbf4	HSat3	G2	chr8	53	0				
k16_7c6efbf4	HSat3	G2	chr9	47	47	0.0	0.0	0.0	0.0
k16_7c6efbf4	HSat3	G2	chr10	54	54	0.0	0.0	0.0	0.0
k16_7c6efbf4	HSat3	G2	chr11	54	0				
k16_7c6efbf4	HSat3	G2	chr12	53	0				
k16_7c6efbf4	HSat3	G2	chr13	0	0				
k16_7c6efbf4	HSat3	G2	chr14	0	0				
k16_7c6efbf4	HSat3	G2	chr15	0	0				
k16_7c6efbf4	HSat3	G2	chr16	49	47	0.0	0.0	0.0	0.0
k16_7c6efbf4	HSat3	G2	chr17	37	37	0.0	0.0	0.0	0.0
k16_7c6efbf4	HSat3	G2	chr18	35	0				
k16_7c6efbf4	HSat3	G2	chr19	54	0				
k16_7c6efbf4	HSat3	G2	chr20	54	54	0.0	0.0	0.0	0.0
k16_7c6efbf4	HSat3	G2	chr21	0	0				
k16_7c6efbf4	HSat3	G2	chr22	0	0				
k16_7c6efbf4	HSat3	G2	chrX	38	0				
k16_7c6efbf4	HSat3	G2	chrY	0	0				
k16_7c6efbf4	HSat3	G3	chr1	38	38	117.0	93.92105263157895	115.35653394890433	0.6578947368421053
k16_7c6efbf4	HSat3	G3	chr2	57	56	0.0	0.0	0.0	0.0
k16_7c6efbf4	HSat3	G3	chr3	49	48	0.0	0.0	0.0	0.0
k16_7c6efbf4	HSat3	G3	chr4	58	58	0.0	0.0	0.0	0.0
k16_7c6efbf4	HSat3	G3	chr5	70	70	0.0	0.0	0.0	0.0
k16_7c6efbf4	HSat3	G3	chr6	57	0				
k16_7c6efbf4	HSat3	G3	chr7	70	70	0.0	0.0	0.0	0.0
k16_7c6efbf4	HSat3	G3	chr8	66	0				
k16_7c6efbf4	HSat3	G3	chr9	58	58	0.0	0.0	0.0	0.0
k16_7c6efbf4	HSat3	G3	chr10	70	70	0.0	0.0	0.0	0.0
k16_7c6efbf4	HSat3	G3	chr11	69	0				
k16_7c6efbf4	HSat3	G3	chr12	70	0				
k16_7c6efbf4	HSat3	G3	chr13	0	0				
k16_7c6efbf4	HSat3	G3	chr14	0	0				
k16_7c6efbf4	HSat3	G3	chr15	0	0				
k16_7c6efbf4	HSat3	G3	chr16	60	60	0.0	0.0	0.0	0.0
k16_7c6efbf4	HSat3	G3	chr17	44	44	0.0	0.0	0.0	0.0
k16_7c6efbf4	HSat3	G3	chr18	38	0				
k16_7c6efbf4	HSat3	G3	chr19	66	0				
k16_7c6efbf4	HSat3	G3	chr20	70	70	0.0	0.0	0.0	0.0
k16_7c6efbf4	HSat3	G3	chr21	0	0				
k16_7c6efbf4	HSat3	G3	chr22	0	0				
k16_7c6efbf4	HSat3	G3	chrX	52	0				
k16_7c6efbf4	HSat3	G3	chrY	1	1	0.0	0.0	0.0	0.0
k16_7c6efbf4	HSat3	G4	chr1	23	22	122.0	118.68181818181819	134.23670367712944	0.9090909090909091
k16_7c6efbf4	HSat3	G4	chr2	31	31	0.0	0.0	0.0	0.0
k16_7c6efbf4	HSat3	G4	chr3	28	28	0.0	0.0	0.0	0.0
k16_7c6efbf4	HSat3	G4	chr4	28	28	0.0	0.0	0.0	0.0
k16_7c6efbf4	HSat3	G4	chr5	39	39	0.0	0.0	0.0	0.0
k16_7c6efbf4	HSat3	G4	chr6	30	0				
k16_7c6efbf4	HSat3	G4	chr7	39	39	0.0	0.0	0.0	0.0
k16_7c6efbf4	HSat3	G4	chr8	36	0				
k16_7c6efbf4	HSat3	G4	chr9	27	27	0.0	0.0	0.0	0.0
k16_7c6efbf4	HSat3	G4	chr10	39	39	0.0	0.0	0.0	0.0
k16_7c6efbf4	HSat3	G4	chr11	39	0				
k16_7c6efbf4	HSat3	G4	chr12	37	0				
k16_7c6efbf4	HSat3	G4	chr13	0	0				
k16_7c6efbf4	HSat3	G4	chr14	0	0				
k16_7c6efbf4	HSat3	G4	chr15	0	0				
k16_7c6efbf4	HSat3	G4	chr16	29	29	0.0	0.0	0.0	0.0
k16_7c6efbf4	HSat3	G4	chr17	25	25	0.0	0.0	0.0	0.0
k16_7c6efbf4	HSat3	G4	chr18	27	0				
k16_7c6efbf4	HSat3	G4	chr19	35	0				
k16_7c6efbf4	HSat3	G4	chr20	39	39	0.0	0.0	0.0	0.0
k16_7c6efbf4	HSat3	G4	chr21	0	0				
k16_7c6efbf4	HSat3	G4	chr22	0	0				
k16_7c6efbf4	HSat3	G4	chrX	30	0				
k16_7c6efbf4	HSat3	G4	chrY	1	1	0.0	0.0	0.0	0.0
k16_7c6efbf4	HSat3	G5	chr1	31	30	117.5	97.46666666666667	119.03960766108625	0.8
k16_7c6efbf4	HSat3	G5	chr2	39	39	0.0	0.0	0.0	0.0
k16_7c6efbf4	HSat3	G5	chr3	26	26	0.0	0.0	0.0	0.0
k16_7c6efbf4	HSat3	G5	chr4	40	40	0.0	0.0	0.0	0.0
k16_7c6efbf4	HSat3	G5	chr5	47	47	0.0	0.0	0.0	0.0
k16_7c6efbf4	HSat3	G5	chr6	37	0				
k16_7c6efbf4	HSat3	G5	chr7	47	47	0.0	0.0	0.0	0.0
k16_7c6efbf4	HSat3	G5	chr8	45	0				
k16_7c6efbf4	HSat3	G5	chr9	40	40	0.0	0.0	0.0	0.0
k16_7c6efbf4	HSat3	G5	chr10	47	47	0.0	0.0	0.0	0.0
k16_7c6efbf4	HSat3	G5	chr11	46	0				
k16_7c6efbf4	HSat3	G5	chr12	44	0				
k16_7c6efbf4	HSat3	G5	chr13	0	0				
k16_7c6efbf4	HSat3	G5	chr14	0	0				
k16_7c6efbf4	HSat3	G5	chr15	0	0				
k16_7c6efbf4	HSat3	G5	chr16	33	33	0.0	0.0	0.0	0.0
k16_7c6efbf4	HSat3	G5	chr17	39	39	0.0	0.0	0.0	0.0
k16_7c6efbf4	HSat3	G5	chr18	39	0				
k16_7c6efbf4	HSat3	G5	chr19	46	0				
k16_7c6efbf4	HSat3	G5	chr20	47	47	0.0	0.0	0.0	0.0
k16_7c6efbf4	HSat3	G5	chr21	0	0				
k16_7c6efbf4	HSat3	G5	chr22	0	0				
k16_7c6efbf4	HSat3	G5	chrX	28	0				
k16_7c6efbf4	HSat3	G5	chrY	1	1	0.0	0.0	0.0	0.0
k16_7c6efbf4	HSat3	G6	chr1	34	34	111.5	100.1470588235294	124.65201769333802	0.7941176470588235
k16_7c6efbf4	HSat3	G6	chr2	39	38	0.0	0.0	0.0	0.0
k16_7c6efbf4	HSat3	G6	chr3	34	34	0.0	0.0	0.0	0.0
k16_7c6efbf4	HSat3	G6	chr4	34	34	0.0	0.0	0.0	0.0
k16_7c6efbf4	HSat3	G6	chr5	47	47	0.0	0.0	0.0	0.0
k16_7c6efbf4	HSat3	G6	chr6	40	0				
k16_7c6efbf4	HSat3	G6	chr7	47	47	0.0	0.0	0.0	0.0
k16_7c6efbf4	HSat3	G6	chr8	47	0				
k16_7c6efbf4	HSat3	G6	chr9	39	39	0.0	0.0	0.0	0.0
k16_7c6efbf4	HSat3	G6	chr10	47	47	0.0	0.0	0.0	0.0
k16_7c6efbf4	HSat3	G6	chr11	47	0				
k16_7c6efbf4	HSat3	G6	chr12	47	0				
k16_7c6efbf4	HSat3	G6	chr13	0	0				
k16_7c6efbf4	HSat3	G6	chr14	0	0				
k16_7c6efbf4	HSat3	G6	chr15	0	0				
k16_7c6efbf4	HSat3	G6	chr16	41	41	0.0	0.0	0.0	0.0
k16_7c6efbf4	HSat3	G6	chr17	28	28	0.0	0.0	0.0	0.0
k16_7c6efbf4	HSat3	G6	chr18	25	0				
k16_7c6efbf4	HSat3	G6	chr19	46	0				
k16_7c6efbf4	HSat3	G6	chr20	47	47	0.0	0.0	0.0	0.0
k16_7c6efbf4	HSat3	G6	chr21	0	0				
k16_7c6efbf4	HSat3	G6	chr22	0	0				
k16_7c6efbf4	HSat3	G6	chrX	30	0				
k16_7c6efbf4	HSat3	G6	chrY	0	0				
k16_7c6efbf4	HSat3	G7	chr1	84	81	112.0	77.48148148148148	104.98004350449278	0.5925925925925926
k16_7c6efbf4	HSat3	G7	chr2	104	103	0.0	0.0	0.0	0.0
k16_7c6efbf4	HSat3	G7	chr3	88	86	0.0	0.0	0.0	0.0
k16_7c6efbf4	HSat3	G7	chr4	91	91	0.0	0.0	0.0	0.0
k16_7c6efbf4	HSat3	G7	chr5	126	126	0.0	0.0	0.0	0.0
k16_7c6efbf4	HSat3	G7	chr6	103	0				
k16_7c6efbf4	HSat3	G7	chr7	126	126	0.0	0.0	0.0	0.0
k16_7c6efbf4	HSat3	G7	chr8	121	0				
k16_7c6efbf4	HSat3	G7	chr9	101	101	0.0	0.0	0.0	0.0
k16_7c6efbf4	HSat3	G7	chr10	126	126	0.0	0.0	0.0	0.0
k16_7c6efbf4	HSat3	G7	chr11	125	0				
k16_7c6efbf4	HSat3	G7	chr12	126	0				
k16_7c6efbf4	HSat3	G7	chr13	0	0				
k16_7c6efbf4	HSat3	G7	chr14	0	0				
k16_7c6efbf4	HSat3	G7	chr15	0	0				
k16_7c6efbf4	HSat3	G7	chr16	109	109	0.0	0.0	0.0	0.0
k16_7c6efbf4	HSat3	G7	chr17	77	77	0.0	0.0	0.0	0.0
k16_7c6efbf4	HSat3	G7	chr18	76	0				
k16_7c6efbf4	HSat3	G7	chr19	121	0				
k16_7c6efbf4	HSat3	G7	chr20	126	126	0.0	0.0	0.0	0.0
k16_7c6efbf4	HSat3	G7	chr21	0	0				
k16_7c6efbf4	HSat3	G7	chr22	0	0				
k16_7c6efbf4	HSat3	G7	chrX	80	0				
k16_7c6efbf4	HSat3	G7	chrY	0	0				
k16_7c6efbf4	HSat3	NA	chr1	73	71	109.0	75.28169014084507	103.3819894686924	0.5915492957746479
k16_7c6efbf4	HSat3	NA	chr2	92	92	0.0	0.0	0.0	0.0
k16_7c6efbf4	HSat3	NA	chr3	80	80	0.0	0.0	0.0	0.0
k16_7c6efbf4	HSat3	NA	chr4	93	93	0.0	0.0	0.0	0.0
k16_7c6efbf4	HSat3	NA	chr5	115	114	0.0	0.0	0.0	0.0
k16_7c6efbf4	HSat3	NA	chr6	101	0				
k16_7c6efbf4	HSat3	NA	chr7	60	60	0.0	0.0	0.0	0.0
k16_7c6efbf4	HSat3	NA	chr8	127	0				
k16_7c6efbf4	HSat3	NA	chr9	98	97	0.0	0.0	0.0	0.0
k16_7c6efbf4	HSat3	NA	chr10	119	118	0.0	0.0	0.0	0.0
k16_7c6efbf4	HSat3	NA	chr11	130	0				
k16_7c6efbf4	HSat3	NA	chr12	126	0				
k16_7c6efbf4	HSat3	NA	chr13	0	0				
k16_7c6efbf4	HSat3	NA	chr14	0	0				
k16_7c6efbf4	HSat3	NA	chr15	0	0				
k16_7c6efbf4	HSat3	NA	chr16	103	102	0.0	0.0	0.0	0.0
k16_7c6efbf4	HSat3	NA	chr17	65	65	0.0	0.0	0.0	0.0
k16_7c6efbf4	HSat3	NA	chr18	84	0				
k16_7c6efbf4	HSat3	NA	chr19	128	0				
k16_7c6efbf4	HSat3	NA	chr20	84	84	0.0	0.0	0.0	0.0
k16_7c6efbf4	HSat3	NA	chr21	0	0				
k16_7c6efbf4	HSat3	NA	chr22	0	0				
k16_7c6efbf4	HSat3	NA	chrX	91	0				
k16_7c6efbf4	HSat3	NA	chrY	1	1	0.0	0.0	0.0	0.0
k16_80a0d3cd	HSat2	G1	chr1	102	102	17.0	18.705882352941178	1.5810047195004422	0.7450980392156863
k16_80a0d3cd	HSat2	G1	chr2	128	128	2.0	2.640625	3.985073752986123	0.0078125
k16_80a0d3cd	HSat2	G1	chr3	107	0				
k16_80a0d3cd	HSat2	G1	chr4	124	0				
k16_80a0d3cd	HSat2	G1	chr5	153	0				
k16_80a0d3cd	HSat2	G1	chr6	131	0				
k16_80a0d3cd	HSat2	G1	chr7	158	158	5.0	4.924050632911392	15.635220734248055	0.0
k16_80a0d3cd	HSat2	G1	chr8	153	0				
k16_80a0d3cd	HSat2	G1	chr9	132	125	0.0	0.0	0.0	0.0
k16_80a0d3cd	HSat2	G1	chr10	158	158	1.0	1.0379746835443038	2.247972133808458	0.0
k16_80a0d3cd	HSat2	G1	chr11	156	0				
k16_80a0d3cd	HSat2	G1	chr12	156	0				
k16_80a0d3cd	HSat2	G1	chr13	0	0				
k16_80a0d3cd	HSat2	G1	chr14	0	0				
k16_80a0d3cd	HSat2	G1	chr15	0	0				
k16_80a0d3cd	HSat2	G1	chr16	127	127	81.0	85.4015748031496	9.528526162248767	1.0
k16_80a0d3cd	HSat2	G1	chr17	109	109	0.0	0.0	0.0	0.0
k16_80a0d3cd	HSat2	G1	chr18	103	0				
k16_80a0d3cd	HSat2	G1	chr19	151	0				
k16_80a0d3cd	HSat2	G1	chr20	142	0				
k16_80a0d3cd	HSat2	G1	chr21	0	0				
k16_80a0d3cd	HSat2	G1	chr22	0	0				
k16_80a0d3cd	HSat2	G1	chrX	98	0				
k16_80a0d3cd	HSat2	G1	chrY	1	1	0.0	0.0	0.0	0.0
k16_80a0d3cd	HSat2	G2	chr1	25	25	17.0	18.32	1.5496549454725317	0.84
k16_80a0d3cd	HSat2	G2	chr2	31	31	1.0	2.3548387096774195	3.3395946921488413	0.0
k16_80a0d3cd	HSat2	G2	chr3	23	0				
k16_80a0d3cd	HSat2	G2	chr4	31	0				
k16_80a0d3cd	HSat2	G2	chr5	42	0				
k16_80a0d3cd	HSat2	G2	chr6	35	0				
k16_80a0d3cd	HSat2	G2	chr7	42	42	5.0	5.0476190476190474	15.981674748343277	0.0
k16_80a0d3cd	HSat2	G2	chr8	41	0				
k16_80a0d3cd	HSat2	G2	chr9	33	30	0.0	0.0	0.0	0.0
k16_80a0d3cd	HSat2	G2	chr10	42	42	7.0	19.833333333333332	83.64011416022112	0.42857142857142855
k16_80a0d3cd	HSat2	G2	chr11	41	0				
k16_80a0d3cd	HSat2	G2	chr12	40	0				
k16_80a0d3cd	HSat2	G2	chr13	0	0				
k16_80a0d3cd	HSat2	G2	chr14	0	0				
k16_80a0d3cd	HSat2	G2	chr15	0	0				
k16_80a0d3cd	HSat2	G2	chr16	32	32	82.0	83.71875	9.540461265383605	1.0
k16_80a0d3cd	HSat2	G2	chr17	29	28	0.0	0.0	0.0	0.0
k16_80a0d3cd	HSat2	G2	chr18	30	0				
k16_80a0d3cd	HSat2	G2	chr19	41	0				
k16_80a0d3cd	HSat2	G2	chr20	42	0				
k16_80a0d3cd	HSat2	G2	chr21	0	0				
k16_80a0d3cd	HSat2	G2	chr22	0	0				
k16_80a0d3cd	HSat2	G2	chrX	29	0				
k16_80a0d3cd	HSat2	G2	chrY	0	0				
k16_80a0d3cd	HSat2	G3	chr1	186	186	17.0	18.102150537634408	1.4499892412477822	0.7096774193548387
k16_80a0d3cd	HSat2	G3	chr2	239	239	2.0	3.0	4.397750542623841	0.016736401673640166
k16_80a0d3cd	HSat2	G3	chr3	204	0				
k16_80a0d3cd	HSat2	G3	chr4	211	0				
k16_80a0d3cd	HSat2	G3	chr5	283	0				
k16_80a0d3cd	HSat2	G3	chr6	222	0				
k16_80a0d3cd	HSat2	G3	chr7	289	289	5.0	4.868512110726644	15.441393043243076	0.0
k16_80a0d3cd	HSat2	G3	chr8	274	0				
k16_80a0d3cd	HSat2	G3	chr9	228	224	0.0	0.0	0.0	0.0
k16_80a0d3cd	HSat2	G3	chr10	289	289	1.0	1.6332179930795847	1.5573221050585528	0.010380622837370242
k16_80a0d3cd	HSat2	G3	chr11	286	0				
k16_80a0d3cd	HSat2	G3	chr12	286	0				
k16_80a0d3cd	HSat2	G3	chr13	0	0				
k16_80a0d3cd	HSat2	G3	chr14	0	0				
k16_80a0d3cd	HSat2	G3	chr15	0	0				
k16_80a0d3cd	HSat2	G3	chr16	242	242	80.5	85.18181818181819	9.873774531435094	1.0
k16_80a0d3cd	HSat2	G3	chr17	172	172	0.0	0.0	0.0	0.0
k16_80a0d3cd	HSat2	G3	chr18	182	0				
k16_80a0d3cd	HSat2	G3	chr19	277	0				
k16_80a0d3cd	HSat2	G3	chr20	268	0				
k16_80a0d3cd	HSat2	G3	chr21	0	0				
k16_80a0d3cd	HSat2	G3	chr22	0	0				
k16_80a0d3cd	HSat2	G3	chrX	203	0				
k16_80a0d3cd	HSat2	G3	chrY	3	3	0.0	0.0	0.0	0.0
k16_80a0d3cd	HSat2	NA	chr1	45	44	15.5	15.704545454545455	1.3371736289111196	0.6818181818181818
k16_80a0d3cd	HSat2	NA	chr2	58	58	2.5	3.396551724137931	4.852029240544867	0.017241379310344827
k16_80a0d3cd	HSat2	NA	chr3	53	0				
k16_80a0d3cd	HSat2	NA	chr4	65	0				
k16_80a0d3cd	HSat2	NA	chr5	79	0				
k16_80a0d3cd	HSat2	NA	chr6	64	0				
k16_80a0d3cd	HSat2	NA	chr7	13	13	5.0	5.076923076923077	16.45295278152124	0.0
k16_80a0d3cd	HSat2	NA	chr8	80	0				
k16_80a0d3cd	HSat2	NA	chr9	66	65	0.0	0.015384615384615385	0.40076385590936325	0.0
k16_80a0d3cd	HSat2	NA	chr10	72	71	1.0	2.732394366197183	3.723304935200388	0.04225352112676056
k16_80a0d3cd	HSat2	NA	chr11	84	0				
k16_80a0d3cd	HSat2	NA	chr12	79	0				
k16_80a0d3cd	HSat2	NA	chr13	0	0				
k16_80a0d3cd	HSat2	NA	chr14	0	0				
k16_80a0d3cd	HSat2	NA	chr15	0	0				
k16_80a0d3cd	HSat2	NA	chr16	68	67	83.0	88.83582089552239	9.89267261307594	1.0
k16_80a0d3cd	HSat2	NA	chr17	47	47	0.0	0.0	0.0	0.0
k16_80a0d3cd	HSat2	NA	chr18	53	0				
k16_80a0d3cd	HSat2	NA	chr19	82	0				
k16_80a0d3cd	HSat2	NA	chr20	74	0				
k16_80a0d3cd	HSat2	NA	chr21	0	0				
k16_80a0d3cd	HSat2	NA	chr22	0	0				
k16_80a0d3cd	HSat2	NA	chrX	63	0				
k16_80a0d3cd	HSat2	NA	chrY	0	0				
k16_8320d364	HSat2	G1	chr1	102	102	13.5	14.901960784313726	1.2595006151156563	0.7254901960784313
k16_8320d364	HSat2	G1	chr2	128	128	0.0	0.0	0.0	0.0
k16_8320d364	HSat2	G1	chr3	107	0				
k16_8320d364	HSat2	G1	chr4	124	0				
k16_8320d364	HSat2	G1	chr5	153	0				
k16_8320d364	HSat2	G1	chr6	131	0				
k16_8320d364	HSat2	G1	chr7	158	158	0.0	0.0	0.0	0.0
k16_8320d364	HSat2	G1	chr8	153	0				
k16_8320d364	HSat2	G1	chr9	132	125	0.0	0.0	0.0	0.0
k16_8320d364	HSat2	G1	chr10	158	158	19.0	19.860759493670887	43.013027779822814	0.8164556962025317
k16_8320d364	HSat2	G1	chr11	156	0				
k16_8320d364	HSat2	G1	chr12	156	0				
k16_8320d364	HSat2	G1	chr13	0	0				
k16_8320d364	HSat2	G1	chr14	0	0				
k16_8320d364	HSat2	G1	chr15	0	0				
k16_8320d364	HSat2	G1	chr16	127	127	1158.0	1226.3070866141732	136.82299401021436	1.0
k16_8320d364	HSat2	G1	chr17	109	109	0.0	0.0	0.0	0.0
k16_8320d364	HSat2	G1	chr18	103	0				
k16_8320d364	HSat2	G1	chr19	151	0				
k16_8320d364	HSat2	G1	chr20	142	0				
k16_8320d364	HSat2	G1	chr21	0	0				
k16_8320d364	HSat2	G1	chr22	0	0				
k16_8320d364	HSat2	G1	chrX	98	0				
k16_8320d364	HSat2	G1	chrY	1	1	0.0	0.0	0.0	0.0
k16_8320d364	HSat2	G2	chr1	25	25	14.0	17.76	1.5022855803270831	0.64
k16_8320d364	HSat2	G2	chr2	31	31	0.0	0.0	0.0	0.0
k16_8320d364	HSat2	G2	chr3	23	0				
k16_8320d364	HSat2	G2	chr4	31	0				
k16_8320d364	HSat2	G2	chr5	42	0				
k16_8320d364	HSat2	G2	chr6	35	0				
k16_8320d364	HSat2	G2	chr7	42	42	0.0	0.0	0.0	0.0
k16_8320d364	HSat2	G2	chr8	41	0				
k16_8320d364	HSat2	G2	chr9	33	30	0.0	0.0	0.0	0.0
k16_8320d364	HSat2	G2	chr10	42	42	1.0	1.5714285714285714	6.62694782061776	0.0
k16_8320d364	HSat2	G2	chr11	41	0				
k16_8320d364	HSat2	G2	chr12	40	0				
k16_8320d364	HSat2	G2	chr13	0	0				
k16_8320d364	HSat2	G2	chr14	0	0				
k16_8320d364	HSat2	G2	chr15	0	0				
k16_8320d364	HSat2	G2	chr16	32	32	1171.0	1199.0	136.6362141956843	1.0
k16_8320d364	HSat2	G2	chr17	29	28	0.0	0.0	0.0	0.0
k16_8320d364	HSat2	G2	chr18	30	0				
k16_8320d364	HSat2	G2	chr19	41	0				
k16_8320d364	HSat2	G2	chr20	42	0				
k16_8320d364	HSat2	G2	chr21	0	0				
k16_8320d364	HSat2	G2	chr22	0	0				
k16_8320d364	HSat2	G2	chrX	29	0				
k16_8320d364	HSat2	G2	chrY	0	0				
k16_8320d364	HSat2	G3	chr1	186	186	13.0	14.85483870967742	1.189878311127895	0.6559139784946236
k16_8320d364	HSat2	G3	chr2	239	239	0.0	0.0	0.0	0.0
k16_8320d364	HSat2	G3	chr3	204	0				
k16_8320d364	HSat2	G3	chr4	211	0				
k16_8320d364	HSat2	G3	chr5	283	0				
k16_8320d364	HSat2	G3	chr6	222	0				
k16_8320d364	HSat2	G3	chr7	289	289	0.0	0.0	0.0	0.0
k16_8320d364	HSat2	G3	chr8	274	0				
k16_8320d364	HSat2	G3	chr9	228	224	0.0	0.0	0.0	0.0
k16_8320d364	HSat2	G3	chr10	289	289	1.0	1.6643598615916955	1.5870168062143302	0.006920415224913495
k16_8320d364	HSat2	G3	chr11	286	0				
k16_8320d364	HSat2	G3	chr12	286	0				
k16_8320d364	HSat2	G3	chr13	0	0				
k16_8320d364	HSat2	G3	chr14	0	0				
k16_8320d364	HSat2	G3	chr15	0	0				
k16_8320d364	HSat2	G3	chr16	242	242	1174.5	1178.4628099173553	136.60046623997826	1.0
k16_8320d364	HSat2	G3	chr17	172	172	0.0	0.0	0.0	0.0
k16_8320d364	HSat2	G3	chr18	182	0				
k16_8320d364	HSat2	G3	chr19	277	0				
k16_8320d364	HSat2	G3	chr20	268	0				
k16_8320d364	HSat2	G3	chr21	0	0				
k16_8320d364	HSat2	G3	chr22	0	0				
k16_8320d364	HSat2	G3	chrX	203	0				
k16_8320d364	HSat2	G3	chrY	3	3	0.0	0.0	0.0	0.0
k16_8320d364	HSat2	NA	chr1	45	44	14.0	15.431818181818182	1.3139520897693926	0.7045454545454546
k16_8320d364	HSat2	NA	chr2	58	58	0.0	0.0	0.0	0.0
k16_8320d364	HSat2	NA	chr3	53	0				
k16_8320d364	HSat2	NA	chr4	65	0				
k16_8320d364	HSat2	NA	chr5	79	0				
k16_8320d364	HSat2	NA	chr6	64	0				
k16_8320d364	HSat2	NA	chr7	13	13	0.0	0.0	0.0	0.0
k16_8320d364	HSat2	NA	chr8	80	0				
k16_8320d364	HSat2	NA	chr9	66	65	0.0	0.0	0.0	0.0
k16_8320d364	HSat2	NA	chr10	72	71	2.0	7.084507042253521	9.653723620648428	0.2535211267605634
k16_8320d364	HSat2	NA	chr11	84	0				
k16_8320d364	HSat2	NA	chr12	79	0				
k16_8320d364	HSat2	NA	chr13	0	0				
k16_8320d364	HSat2	NA	chr14	0	0				
k16_8320d364	HSat2	NA	chr15	0	0				
k16_8320d364	HSat2	NA	chr16	68	67	1154.0	1221.7014925373135	136.04751748499967	1.0
k16_8320d364	HSat2	NA	chr17	47	47	0.0	0.0	0.0	0.0
k16_8320d364	HSat2	NA	chr18	53	0				
k16_8320d364	HSat2	NA	chr19	82	0				
k16_8320d364	HSat2	NA	chr20	74	0				
k16_8320d364	HSat2	NA	chr21	0	0				
k16_8320d364	HSat2	NA	chr22	0	0				
k16_8320d364	HSat2	NA	chrX	63	0				
k16_8320d364	HSat2	NA	chrY	0	0				
k16_83415831	HSat3	G1	chr1	40	39	0.0	0.0	0.0	0.0
k16_83415831	HSat3	G1	chr2	53	53	0.0	0.0	0.0	0.0
k16_83415831	HSat3	G1	chr3	35	35	0.0	0.0	0.0	0.0
k16_83415831	HSat3	G1	chr4	48	48	0.0	0.0	0.0	0.0
k16_83415831	HSat3	G1	chr5	59	59	0.0	0.23728813559322035	0.6269908920168071	0.0
k16_83415831	HSat3	G1	chr6	40	0				
k16_83415831	HSat3	G1	chr7	59	59	0.0	0.0	0.0	0.0
k16_83415831	HSat3	G1	chr8	53	0				
k16_83415831	HSat3	G1	chr9	49	49	69.0	71.22448979591837	4.987221153211924	1.0
k16_83415831	HSat3	G1	chr10	59	59	0.0	0.0	0.0	0.0
k16_83415831	HSat3	G1	chr11	57	0				
k16_83415831	HSat3	G1	chr12	58	0				
k16_83415831	HSat3	G1	chr13	0	0				
k16_83415831	HSat3	G1	chr14	0	0				
k16_83415831	HSat3	G1	chr15	0	0				
k16_83415831	HSat3	G1	chr16	45	43	0.0	0.0	0.0	0.0
k16_83415831	HSat3	G1	chr17	42	42	0.0	0.0	0.0	0.0
k16_83415831	HSat3	G1	chr18	44	0				
k16_83415831	HSat3	G1	chr19	55	0				
k16_83415831	HSat3	G1	chr20	59	59	0.0	0.0	0.0	0.0
k16_83415831	HSat3	G1	chr21	0	0				
k16_83415831	HSat3	G1	chr22	0	0				
k16_83415831	HSat3	G1	chrX	44	1	0.0	0.0	0.0	0.0
k16_83415831	HSat3	G1	chrY	0	0				
k16_83415831	HSat3	G2	chr1	35	35	0.0	0.0	0.0	0.0
k16_83415831	HSat3	G2	chr2	41	39	0.0	0.0	0.0	0.0
k16_83415831	HSat3	G2	chr3	47	47	0.0	0.0	0.0	0.0
k16_83415831	HSat3	G2	chr4	39	39	0.0	0.0	0.0	0.0
k16_83415831	HSat3	G2	chr5	54	54	0.0	0.037037037037037035	0.11084295122239546	0.0
k16_83415831	HSat3	G2	chr6	44	0				
k16_83415831	HSat3	G2	chr7	54	54	0.0	0.0	0.0	0.0
k16_83415831	HSat3	G2	chr8	53	0				
k16_83415831	HSat3	G2	chr9	47	47	74.0	75.51063829787235	5.444305098630689	0.9574468085106383
k16_83415831	HSat3	G2	chr10	54	54	0.0	0.0	0.0	0.0
k16_83415831	HSat3	G2	chr11	54	0				
k16_83415831	HSat3	G2	chr12	53	0				
k16_83415831	HSat3	G2	chr13	0	0				
k16_83415831	HSat3	G2	chr14	0	0				
k16_83415831	HSat3	G2	chr15	0	0				
k16_83415831	HSat3	G2	chr16	49	47	0.0	0.0	0.0	0.0
k16_83415831	HSat3	G2	chr17	37	37	0.0	0.0	0.0	0.0
k16_83415831	HSat3	G2	chr18	35	0				
k16_83415831	HSat3	G2	chr19	54	0				
k16_83415831	HSat3	G2	chr20	54	54	0.0	0.0	0.0	0.0
k16_83415831	HSat3	G2	chr21	0	0				
k16_83415831	HSat3	G2	chr22	0	0				
k16_83415831	HSat3	G2	chrX	38	0				
k16_83415831	HSat3	G2	chrY	0	0				
k16_83415831	HSat3	G3	chr1	38	38	0.0	0.0	0.0	0.0
k16_83415831	HSat3	G3	chr2	57	56	0.0	0.0	0.0	0.0
k16_83415831	HSat3	G3	chr3	49	48	0.0	0.0	0.0	0.0
k16_83415831	HSat3	G3	chr4	58	58	0.0	0.0	0.0	0.0
k16_83415831	HSat3	G3	chr5	70	70	0.0	0.02857142857142857	0.08286632634018881	0.0
k16_83415831	HSat3	G3	chr6	57	0				
k16_83415831	HSat3	G3	chr7	70	70	0.0	0.0	0.0	0.0
k16_83415831	HSat3	G3	chr8	66	0				
k16_83415831	HSat3	G3	chr9	58	58	74.5	77.98275862068965	5.38739994353295	0.9827586206896551
k16_83415831	HSat3	G3	chr10	70	70	0.0	0.0	0.0	0.0
k16_83415831	HSat3	G3	chr11	69	0				
k16_83415831	HSat3	G3	chr12	70	0				
k16_83415831	HSat3	G3	chr13	0	0				
k16_83415831	HSat3	G3	chr14	0	0				
k16_83415831	HSat3	G3	chr15	0	0				
k16_83415831	HSat3	G3	chr16	60	60	0.0	0.0	0.0	0.0
k16_83415831	HSat3	G3	chr17	44	44	0.0	0.0	0.0	0.0
k16_83415831	HSat3	G3	chr18	38	0				
k16_83415831	HSat3	G3	chr19	66	0				
k16_83415831	HSat3	G3	chr20	70	70	0.0	0.0	0.0	0.0
k16_83415831	HSat3	G3	chr21	0	0				
k16_83415831	HSat3	G3	chr22	0	0				
k16_83415831	HSat3	G3	chrX	52	0				
k16_83415831	HSat3	G3	chrY	1	1	0.0	0.0	0.0	0.0
k16_83415831	HSat3	G4	chr1	23	22	0.0	0.0	0.0	0.0
k16_83415831	HSat3	G4	chr2	31	31	0.0	0.0	0.0	0.0
k16_83415831	HSat3	G4	chr3	28	28	0.0	0.0	0.0	0.0
k16_83415831	HSat3	G4	chr4	28	28	0.0	0.0	0.0	0.0
k16_83415831	HSat3	G4	chr5	39	39	1.0	2.076923076923077	3.2900268319966077	0.07692307692307693
k16_83415831	HSat3	G4	chr6	30	0				
k16_83415831	HSat3	G4	chr7	39	39	0.0	0.0	0.0	0.0
k16_83415831	HSat3	G4	chr8	36	0				
k16_83415831	HSat3	G4	chr9	27	27	73.0	75.74074074074075	5.334680243140065	1.0
k16_83415831	HSat3	G4	chr10	39	39	0.0	0.0	0.0	0.0
k16_83415831	HSat3	G4	chr11	39	0				
k16_83415831	HSat3	G4	chr12	37	0				
k16_83415831	HSat3	G4	chr13	0	0				
k16_83415831	HSat3	G4	chr14	0	0				
k16_83415831	HSat3	G4	chr15	0	0				
k16_83415831	HSat3	G4	chr16	29	29	0.0	0.0	0.0	0.0
k16_83415831	HSat3	G4	chr17	25	25	0.0	0.0	0.0	0.0
k16_83415831	HSat3	G4	chr18	27	0				
k16_83415831	HSat3	G4	chr19	35	0				
k16_83415831	HSat3	G4	chr20	39	39	0.0	0.0	0.0	0.0
k16_83415831	HSat3	G4	chr21	0	0				
k16_83415831	HSat3	G4	chr22	0	0				
k16_83415831	HSat3	G4	chrX	30	0				
k16_83415831	HSat3	G4	chrY	1	1	0.0	0.0	0.0	0.0
k16_83415831	HSat3	G5	chr1	31	30	0.0	0.0	0.0	0.0
k16_83415831	HSat3	G5	chr2	39	39	0.0	0.0	0.0	0.0
k16_83415831	HSat3	G5	chr3	26	26	0.0	0.0	0.0	0.0
k16_83415831	HSat3	G5	chr4	40	40	0.0	0.0	0.0	0.0
k16_83415831	HSat3	G5	chr5	47	47	15.0	14.893617021276595	22.10619278147539	0.851063829787234
k16_83415831	HSat3	G5	chr6	37	0				
k16_83415831	HSat3	G5	chr7	47	47	0.0	0.0	0.0	0.0
k16_83415831	HSat3	G5	chr8	45	0				
k16_83415831	HSat3	G5	chr9	40	40	78.0	75.925	5.059446935512649	1.0
k16_83415831	HSat3	G5	chr10	47	47	0.0	0.0	0.0	0.0
k16_83415831	HSat3	G5	chr11	46	0				
k16_83415831	HSat3	G5	chr12	44	0				
k16_83415831	HSat3	G5	chr13	0	0				
k16_83415831	HSat3	G5	chr14	0	0				
k16_83415831	HSat3	G5	chr15	0	0				
k16_83415831	HSat3	G5	chr16	33	33	0.0	0.0	0.0	0.0
k16_83415831	HSat3	G5	chr17	39	39	0.0	0.0	0.0	0.0
k16_83415831	HSat3	G5	chr18	39	0				
k16_83415831	HSat3	G5	chr19	46	0				
k16_83415831	HSat3	G5	chr20	47	47	0.0	0.0	0.0	0.0
k16_83415831	HSat3	G5	chr21	0	0				
k16_83415831	HSat3	G5	chr22	0	0				
k16_83415831	HSat3	G5	chrX	28	0				
k16_83415831	HSat3	G5	chrY	1	1	0.0	0.0	0.0	0.0
k16_83415831	HSat3	G6	chr1	34	34	0.0	0.0	0.0	0.0
k16_83415831	HSat3	G6	chr2	39	38	0.0	0.0	0.0	0.0
k16_83415831	HSat3	G6	chr3	34	34	0.0	0.0	0.0	0.0
k16_83415831	HSat3	G6	chr4	34	34	0.0	0.0	0.0	0.0
k16_83415831	HSat3	G6	chr5	47	47	15.0	15.25531914893617	22.016469731852602	0.9787234042553191
k16_83415831	HSat3	G6	chr6	40	0				
k16_83415831	HSat3	G6	chr7	47	47	0.0	0.0	0.0	0.0
k16_83415831	HSat3	G6	chr8	47	0				
k16_83415831	HSat3	G6	chr9	39	39	70.0	74.58974358974359	5.647116197033246	1.0
k16_83415831	HSat3	G6	chr10	47	47	0.0	0.0	0.0	0.0
k16_83415831	HSat3	G6	chr11	47	0				
k16_83415831	HSat3	G6	chr12	47	0				
k16_83415831	HSat3	G6	chr13	0	0				
k16_83415831	HSat3	G6	chr14	0	0				
k16_83415831	HSat3	G6	chr15	0	0				
k16_83415831	HSat3	G6	chr16	41	41	0.0	0.0	0.0	0.0
k16_83415831	HSat3	G6	chr17	28	28	0.0	0.0	0.0	0.0
k16_83415831	HSat3	G6	chr18	25	0				
k16_83415831	HSat3	G6	chr19	46	0				
k16_83415831	HSat3	G6	chr20	47	47	0.0	0.0	0.0	0.0
k16_83415831	HSat3	G6	chr21	0	0				
k16_83415831	HSat3	G6	chr22	0	0				
k16_83415831	HSat3	G6	chrX	30	0				
k16_83415831	HSat3	G6	chrY	0	0				
k16_83415831	HSat3	G7	chr1	84	81	0.0	0.0	0.0	0.0
k16_83415831	HSat3	G7	chr2	104	103	0.0	0.0	0.0	0.0
k16_83415831	HSat3	G7	chr3	88	86	0.0	0.0	0.0	0.0
k16_83415831	HSat3	G7	chr4	91	91	0.0	0.0	0.0	0.0
k16_83415831	HSat3	G7	chr5	126	126	15.0	15.515873015873016	22.6482114597355	0.9761904761904762
k16_83415831	HSat3	G7	chr6	103	0				
k16_83415831	HSat3	G7	chr7	126	126	0.0	0.0	0.0	0.0
k16_83415831	HSat3	G7	chr8	121	0				
k16_83415831	HSat3	G7	chr9	101	101	70.0	75.99009900990099	5.356196693346563	1.0
k16_83415831	HSat3	G7	chr10	126	126	0.0	0.0	0.0	0.0
k16_83415831	HSat3	G7	chr11	125	0				
k16_83415831	HSat3	G7	chr12	126	0				
k16_83415831	HSat3	G7	chr13	0	0				
k16_83415831	HSat3	G7	chr14	0	0				
k16_83415831	HSat3	G7	chr15	0	0				
k16_83415831	HSat3	G7	chr16	109	109	0.0	0.0	0.0	0.0
k16_83415831	HSat3	G7	chr17	77	77	0.0	0.0	0.0	0.0
k16_83415831	HSat3	G7	chr18	76	0				
k16_83415831	HSat3	G7	chr19	121	0				
k16_83415831	HSat3	G7	chr20	126	126	0.0	0.0	0.0	0.0
k16_83415831	HSat3	G7	chr21	0	0				
k16_83415831	HSat3	G7	chr22	0	0				
k16_83415831	HSat3	G7	chrX	80	0				
k16_83415831	HSat3	G7	chrY	0	0				
k16_83415831	HSat3	NA	chr1	73	71	0.0	0.0	0.0	0.0
k16_83415831	HSat3	NA	chr2	92	92	0.0	0.0	0.0	0.0
k16_83415831	HSat3	NA	chr3	80	80	0.0	0.0	0.0	0.0
k16_83415831	HSat3	NA	chr4	93	93	0.0	0.0	0.0	0.0
k16_83415831	HSat3	NA	chr5	115	114	1.0	6.482456140350878	12.412788195253663	0.41228070175438597
k16_83415831	HSat3	NA	chr6	101	0				
k16_83415831	HSat3	NA	chr7	60	60	0.0	0.0	0.0	0.0
k16_83415831	HSat3	NA	chr8	127	0				
k16_83415831	HSat3	NA	chr9	98	97	74.0	74.62886597938144	5.092413295237457	1.0
k16_83415831	HSat3	NA	chr10	119	118	0.0	0.0	0.0	0.0
k16_83415831	HSat3	NA	chr11	130	0				
k16_83415831	HSat3	NA	chr12	126	0				
k16_83415831	HSat3	NA	chr13	0	0				
k16_83415831	HSat3	NA	chr14	0	0				
k16_83415831	HSat3	NA	chr15	0	0				
k16_83415831	HSat3	NA	chr16	103	102	0.0	0.0	0.0	0.0
k16_83415831	HSat3	NA	chr17	65	65	0.0	0.0	0.0	0.0
k16_83415831	HSat3	NA	chr18	84	0				
k16_83415831	HSat3	NA	chr19	128	0				
k16_83415831	HSat3	NA	chr20	84	84	0.0	0.0	0.0	0.0
k16_83415831	HSat3	NA	chr21	0	0				
k16_83415831	HSat3	NA	chr22	0	0				
k16_83415831	HSat3	NA	chrX	91	0				
k16_83415831	HSat3	NA	chrY	1	1	0.0	0.0	0.0	0.0
k16_8b53d0e1	HSat2	G1	chr1	102	102	17.0	23.862745098039216	2.016858221836518	0.9019607843137255
k16_8b53d0e1	HSat2	G1	chr2	128	128	7.0	6.796875	10.257438358277891	0.0
k16_8b53d0e1	HSat2	G1	chr3	107	0				
k16_8b53d0e1	HSat2	G1	chr4	124	0				
k16_8b53d0e1	HSat2	G1	chr5	153	0				
k16_8b53d0e1	HSat2	G1	chr6	131	0				
k16_8b53d0e1	HSat2	G1	chr7	158	158	6.0	5.746835443037975	18.247789751538857	0.0
k16_8b53d0e1	HSat2	G1	chr8	153	0				
k16_8b53d0e1	HSat2	G1	chr9	132	125	1.0	1.008	26.503216144244806	0.0
k16_8b53d0e1	HSat2	G1	chr10	158	158	13.5	12.487341772151899	27.044201341488336	0.5506329113924051
k16_8b53d0e1	HSat2	G1	chr11	156	0				
k16_8b53d0e1	HSat2	G1	chr12	156	0				
k16_8b53d0e1	HSat2	G1	chr13	0	0				
k16_8b53d0e1	HSat2	G1	chr14	0	0				
k16_8b53d0e1	HSat2	G1	chr15	0	0				
k16_8b53d0e1	HSat2	G1	chr16	127	127	1023.0	1087.3070866141732	121.31432055067376	1.0
k16_8b53d0e1	HSat2	G1	chr17	109	109	3.0	3.128440366972477	37.59533614971279	0.0
k16_8b53d0e1	HSat2	G1	chr18	103	0				
k16_8b53d0e1	HSat2	G1	chr19	151	0				
k16_8b53d0e1	HSat2	G1	chr20	142	0				
k16_8b53d0e1	HSat2	G1	chr21	0	0				
k16_8b53d0e1	HSat2	G1	chr22	0	0				
k16_8b53d0e1	HSat2	G1	chrX	98	0				
k16_8b53d0e1	HSat2	G1	chrY	1	1	0.0	0.0	0.0	0.0
k16_8b53d0e1	HSat2	G2	chr1	25	25	20.0	30.8	2.605315082999671	1.0
k16_8b53d0e1	HSat2	G2	chr2	31	31	7.0	6.806451612903226	9.652801096485007	0.0
k16_8b53d0e1	HSat2	G2	chr3	23	0				
k16_8b53d0e1	HSat2	G2	chr4	31	0				
k16_8b53d0e1	HSat2	G2	chr5	42	0				
k16_8b53d0e1	HSat2	G2	chr6	35	0				
k16_8b53d0e1	HSat2	G2	chr7	42	42	6.0	5.690476190476191	18.017076721009637	0.0
k16_8b53d0e1	HSat2	G2	chr8	41	0				
k16_8b53d0e1	HSat2	G2	chr9	33	30	1.0	1.0	25.62333021298112	0.0
k16_8b53d0e1	HSat2	G2	chr10	42	42	3.0	4.333333333333333	18.274310656855036	0.07142857142857142
k16_8b53d0e1	HSat2	G2	chr11	41	0				
k16_8b53d0e1	HSat2	G2	chr12	40	0				
k16_8b53d0e1	HSat2	G2	chr13	0	0				
k16_8b53d0e1	HSat2	G2	chr14	0	0				
k16_8b53d0e1	HSat2	G2	chr15	0	0				
k16_8b53d0e1	HSat2	G2	chr16	32	32	1040.5	1063.09375	121.14854489999436	1.0
k16_8b53d0e1	HSat2	G2	chr17	29	28	3.0	3.107142857142857	37.06125543937822	0.0
k16_8b53d0e1	HSat2	G2	chr18	30	0				
k16_8b53d0e1	HSat2	G2	chr19	41	0				
k16_8b53d0e1	HSat2	G2	chr20	42	0				
k16_8b53d0e1	HSat2	G2	chr21	0	0				
k16_8b53d0e1	HSat2	G2	chr22	0	0				
k16_8b53d0e1	HSat2	G2	chrX	29	0				
k16_8b53d0e1	HSat2	G2	chrY	0	0				
k16_8b53d0e1	HSat2	G3	chr1	186	186	16.0	24.774193548387096	1.984422460252385	0.8978494623655914
k16_8b53d0e1	HSat2	G3	chr2	239	239	7.0	6.866108786610878	10.065144547344106	0.0041841004184100415
k16_8b53d0e1	HSat2	G3	chr3	204	0				
k16_8b53d0e1	HSat2	G3	chr4	211	0				
k16_8b53d0e1	HSat2	G3	chr5	283	0				
k16_8b53d0e1	HSat2	G3	chr6	222	0				
k16_8b53d0e1	HSat2	G3	chr7	289	289	6.0	5.813148788927336	18.437484230738004	0.0
k16_8b53d0e1	HSat2	G3	chr8	274	0				
k16_8b53d0e1	HSat2	G3	chr9	228	224	1.0	0.9866071428571429	25.60583284651354	0.0
k16_8b53d0e1	HSat2	G3	chr10	289	289	2.0	2.1730103806228374	2.0720302584253627	0.0
k16_8b53d0e1	HSat2	G3	chr11	286	0				
k16_8b53d0e1	HSat2	G3	chr12	286	0				
k16_8b53d0e1	HSat2	G3	chr13	0	0				
k16_8b53d0e1	HSat2	G3	chr14	0	0				
k16_8b53d0e1	HSat2	G3	chr15	0	0				
k16_8b53d0e1	HSat2	G3	chr16	242	242	1028.0	1048.3719008264463	121.52109446358165	1.0
k16_8b53d0e1	HSat2	G3	chr17	172	172	3.0	3.255813953488372	39.04919124243788	0.0
k16_8b53d0e1	HSat2	G3	chr18	182	0				
k16_8b53d0e1	HSat2	G3	chr19	277	0				
k16_8b53d0e1	HSat2	G3	chr20	268	0				
k16_8b53d0e1	HSat2	G3	chr21	0	0				
k16_8b53d0e1	HSat2	G3	chr22	0	0				
k16_8b53d0e1	HSat2	G3	chrX	203	0				
k16_8b53d0e1	HSat2	G3	chrY	3	3	0.0	0.0	0.0	0.0
k16_8b53d0e1	HSat2	NA	chr1	45	44	13.5	21.636363636363637	1.8422421052436844	0.8409090909090909
k16_8b53d0e1	HSat2	NA	chr2	58	58	7.0	6.982758620689655	9.974983971678533	0.017241379310344827
k16_8b53d0e1	HSat2	NA	chr3	53	0				
k16_8b53d0e1	HSat2	NA	chr4	65	0				
k16_8b53d0e1	HSat2	NA	chr5	79	0				
k16_8b53d0e1	HSat2	NA	chr6	64	0				
k16_8b53d0e1	HSat2	NA	chr7	13	13	6.0	5.538461538461538	17.948675761659537	0.0
k16_8b53d0e1	HSat2	NA	chr8	80	0				
k16_8b53d0e1	HSat2	NA	chr9	66	65	1.0	0.9846153846153847	25.64888677819925	0.0
k16_8b53d0e1	HSat2	NA	chr10	72	71	2.0	5.422535211267606	7.389032989959532	0.16901408450704225
k16_8b53d0e1	HSat2	NA	chr11	84	0				
k16_8b53d0e1	HSat2	NA	chr12	79	0				
k16_8b53d0e1	HSat2	NA	chr13	0	0				
k16_8b53d0e1	HSat2	NA	chr14	0	0				
k16_8b53d0e1	HSat2	NA	chr15	0	0				
k16_8b53d0e1	HSat2	NA	chr16	68	67	1013.0	1078.8507462686566	120.13979410130514	1.0
k16_8b53d0e1	HSat2	NA	chr17	47	47	3.0	3.1702127659574466	38.12665572679001	0.0
k16_8b53d0e1	HSat2	NA	chr18	53	0				
k16_8b53d0e1	HSat2	NA	chr19	82	0				
k16_8b53d0e1	HSat2	NA	chr20	74	0				
k16_8b53d0e1	HSat2	NA	chr21	0	0				
k16_8b53d0e1	HSat2	NA	chr22	0	0				
k16_8b53d0e1	HSat2	NA	chrX	63	0				
k16_8b53d0e1	HSat2	NA	chrY	0	0				
k16_8ba0e809	HSat3	G1	chr1	40	39	6.0	5.871794871794871	7.390324677294535	0.0
k16_8ba0e809	HSat3	G1	chr2	53	53	0.0	0.32075471698113206	5.268542247045666	0.0
k16_8ba0e809	HSat3	G1	chr3	35	35	0.0	0.0	0.0	0.0
k16_8ba0e809	HSat3	G1	chr4	48	48	1.0	1.5208333333333333	7.219404731400069	0.0
k16_8ba0e809	HSat3	G1	chr5	59	59	0.0	0.2033898305084746	0.5374207645858347	0.0
k16_8ba0e809	HSat3	G1	chr6	40	0				
k16_8ba0e809	HSat3	G1	chr7	59	59	0.0	0.2033898305084746	0.45660043322249105	0.0
k16_8ba0e809	HSat3	G1	chr8	53	0				
k16_8ba0e809	HSat3	G1	chr9	49	49	23.0	23.714285714285715	1.660501713476291	1.0
k16_8ba0e809	HSat3	G1	chr10	59	59	7.0	8.694915254237289	13.431164223002044	0.3728813559322034
k16_8ba0e809	HSat3	G1	chr11	57	0				
k16_8ba0e809	HSat3	G1	chr12	58	0				
k16_8ba0e809	HSat3	G1	chr13	0	0				
k16_8ba0e809	HSat3	G1	chr14	0	0				
k16_8ba0e809	HSat3	G1	chr15	0	0				
k16_8ba0e809	HSat3	G1	chr16	45	43	0.0	0.0	0.0	0.0
k16_8ba0e809	HSat3	G1	chr17	42	42	2.0	2.5952380952380953	2.90813034805838	0.0
k16_8ba0e809	HSat3	G1	chr18	44	0				
k16_8ba0e809	HSat3	G1	chr19	55	0				
k16_8ba0e809	HSat3	G1	chr20	59	59	162.0	141.59322033898306	109.50612240681924	1.0
k16_8ba0e809	HSat3	G1	chr21	0	0				
k16_8ba0e809	HSat3	G1	chr22	0	0				
k16_8ba0e809	HSat3	G1	chrX	44	1	0.0	0.0	0.0	0.0
k16_8ba0e809	HSat3	G1	chrY	0	0				
k16_8ba0e809	HSat3	G2	chr1	35	35	5.0	5.0	7.127385479919243	0.0
k16_8ba0e809	HSat3	G2	chr2	41	39	0.0	0.23076923076923078	3.889387546786091	0.0
k16_8ba0e809	HSat3	G2	chr3	47	47	0.0	0.0	0.0	0.0
k16_8ba0e809	HSat3	G2	chr4	39	39	1.0	1.4102564102564104	6.359218861304396	0.0
k16_8ba0e809	HSat3	G2	chr5	54	54	0.0	0.1111111111111111	0.33252885366718643	0.0
k16_8ba0e809	HSat3	G2	chr6	44	0				
k16_8ba0e809	HSat3	G2	chr7	54	54	0.0	0.07407407407407407	0.18467513128208818	0.0
k16_8ba0e809	HSat3	G2	chr8	53	0				
k16_8ba0e809	HSat3	G2	chr9	47	47	25.0	25.53191489361702	1.8408470325040371	0.9574468085106383
k16_8ba0e809	HSat3	G2	chr10	54	54	8.0	8.425925925925926	13.166870902679577	0.4444444444444444
k16_8ba0e809	HSat3	G2	chr11	54	0				
k16_8ba0e809	HSat3	G2	chr12	53	0				
k16_8ba0e809	HSat3	G2	chr13	0	0				
k16_8ba0e809	HSat3	G2	chr14	0	0				
k16_8ba0e809	HSat3	G2	chr15	0	0				
k16_8ba0e809	HSat3	G2	chr16	49	47	0.0	0.0	0.0	0.0
k16_8ba0e809	HSat3	G2	chr17	37	37	2.0	2.1621621621621623	2.758620784780027	0.0
k16_8ba0e809	HSat3	G2	chr18	35	0				
k16_8ba0e809	HSat3	G2	chr19	54	0				
k16_8ba0e809	HSat3	G2	chr20	54	54	8.0	9.666666666666666	14.932031366991716	0.18518518518518517
k16_8ba0e809	HSat3	G2	chr21	0	0				
k16_8ba0e809	HSat3	G2	chr22	0	0				
k16_8ba0e809	HSat3	G2	chrX	38	0				
k16_8ba0e809	HSat3	G2	chrY	0	0				
k16_8ba0e809	HSat3	G3	chr1	38	38	6.0	5.605263157894737	6.884545175431948	0.02631578947368421
k16_8ba0e809	HSat3	G3	chr2	57	56	0.0	0.10714285714285714	1.7829893897273066	0.0
k16_8ba0e809	HSat3	G3	chr3	49	48	0.0	0.0	0.0	0.0
k16_8ba0e809	HSat3	G3	chr4	58	58	2.0	1.5172413793103448	7.049333882006487	0.0
k16_8ba0e809	HSat3	G3	chr5	70	70	0.0	0.1	0.2900321421906608	0.0
k16_8ba0e809	HSat3	G3	chr6	57	0				
k16_8ba0e809	HSat3	G3	chr7	70	70	0.0	0.02857142857142857	0.07404735669078216	0.0
k16_8ba0e809	HSat3	G3	chr8	66	0				
k16_8ba0e809	HSat3	G3	chr9	58	58	24.0	26.224137931034484	1.811681475594432	0.9655172413793104
k16_8ba0e809	HSat3	G3	chr10	70	70	9.0	8.785714285714286	14.013684100479619	0.45714285714285713
k16_8ba0e809	HSat3	G3	chr11	69	0				
k16_8ba0e809	HSat3	G3	chr12	70	0				
k16_8ba0e809	HSat3	G3	chr13	0	0				
k16_8ba0e809	HSat3	G3	chr14	0	0				
k16_8ba0e809	HSat3	G3	chr15	0	0				
k16_8ba0e809	HSat3	G3	chr16	60	60	0.0	0.0	0.0	0.0
k16_8ba0e809	HSat3	G3	chr17	44	44	2.0	1.9545454545454546	2.471466843447433	0.0
k16_8ba0e809	HSat3	G3	chr18	38	0				
k16_8ba0e809	HSat3	G3	chr19	66	0				
k16_8ba0e809	HSat3	G3	chr20	70	70	12.0	12.471428571428572	11.292524357929766	1.0
k16_8ba0e809	HSat3	G3	chr21	0	0				
k16_8ba0e809	HSat3	G3	chr22	0	0				
k16_8ba0e809	HSat3	G3	chrX	52	0				
k16_8ba0e809	HSat3	G3	chrY	1	1	58.0	58.0	3.3484987611997905	1.0
k16_8ba0e809	HSat3	G4	chr1	23	22	6.5	6.454545454545454	7.300502459652385	0.0
k16_8ba0e809	HSat3	G4	chr2	31	31	0.0	0.3548387096774194	6.043272025254284	0.0
k16_8ba0e809	HSat3	G4	chr3	28	28	0.0	0.0	0.0	0.0
k16_8ba0e809	HSat3	G4	chr4	28	28	1.5	1.4642857142857142	6.732480771378089	0.0
k16_8ba0e809	HSat3	G4	chr5	39	39	0.0	0.02564102564102564	0.040617615209834666	0.0
k16_8ba0e809	HSat3	G4	chr6	30	0				
k16_8ba0e809	HSat3	G4	chr7	39	39	0.0	0.07692307692307693	0.1741465715067881	0.0
k16_8ba0e809	HSat3	G4	chr8	36	0				
k16_8ba0e809	HSat3	G4	chr9	27	27	23.0	24.666666666666668	1.7373579667145638	0.9259259259259259
k16_8ba0e809	HSat3	G4	chr10	39	39	9.0	9.025641025641026	14.291987331290095	0.46153846153846156
k16_8ba0e809	HSat3	G4	chr11	39	0				
k16_8ba0e809	HSat3	G4	chr12	37	0				
k16_8ba0e809	HSat3	G4	chr13	0	0				
k16_8ba0e809	HSat3	G4	chr14	0	0				
k16_8ba0e809	HSat3	G4	chr15	0	0				
k16_8ba0e809	HSat3	G4	chr16	29	29	0.0	0.0	0.0	0.0
k16_8ba0e809	HSat3	G4	chr17	25	25	2.0	2.2	2.4547742435624325	0.0
k16_8ba0e809	HSat3	G4	chr18	27	0				
k16_8ba0e809	HSat3	G4	chr19	35	0				
k16_8ba0e809	HSat3	G4	chr20	39	39	12.0	15.974358974358974	18.40120631574296	0.6666666666666666
k16_8ba0e809	HSat3	G4	chr21	0	0				
k16_8ba0e809	HSat3	G4	chr22	0	0				
k16_8ba0e809	HSat3	G4	chrX	30	0				
k16_8ba0e809	HSat3	G4	chrY	1	1	48.0	48.0	5.549438327473281	1.0
k16_8ba0e809	HSat3	G5	chr1	31	30	6.0	5.833333333333333	7.12446352280783	0.0
k16_8ba0e809	HSat3	G5	chr2	39	39	0.0	0.28205128205128205	4.7267284894106245	0.0
k16_8ba0e809	HSat3	G5	chr3	26	26	0.0	0.0	0.0	0.0
k16_8ba0e809	HSat3	G5	chr4	40	40	2.0	1.675	7.831147371790969	0.0
k16_8ba0e809	HSat3	G5	chr5	47	47	0.0	0.0425531914893617	0.0631605508042154	0.0
k16_8ba0e809	HSat3	G5	chr6	37	0				
k16_8ba0e809	HSat3	G5	chr7	47	47	0.0	0.23404255319148937	0.5129923712438115	0.0
k16_8ba0e809	HSat3	G5	chr8	45	0				
k16_8ba0e809	HSat3	G5	chr9	40	40	27.0	27.65	1.8425249623565987	0.975
k16_8ba0e809	HSat3	G5	chr10	47	47	8.0	8.212765957446809	13.10847209720781	0.44680851063829785
k16_8ba0e809	HSat3	G5	chr11	46	0				
k16_8ba0e809	HSat3	G5	chr12	44	0				
k16_8ba0e809	HSat3	G5	chr13	0	0				
k16_8ba0e809	HSat3	G5	chr14	0	0				
k16_8ba0e809	HSat3	G5	chr15	0	0				
k16_8ba0e809	HSat3	G5	chr16	33	33	0.0	0.0	0.0	0.0
k16_8ba0e809	HSat3	G5	chr17	39	39	2.0	2.4871794871794872	2.763951372236319	0.0
k16_8ba0e809	HSat3	G5	chr18	39	0				
k16_8ba0e809	HSat3	G5	chr19	46	0				
k16_8ba0e809	HSat3	G5	chr20	47	47	91.0	114.74468085106383	98.6049961924722	1.0
k16_8ba0e809	HSat3	G5	chr21	0	0				
k16_8ba0e809	HSat3	G5	chr22	0	0				
k16_8ba0e809	HSat3	G5	chrX	28	0				
k16_8ba0e809	HSat3	G5	chrY	1	1	44.0	44.0	2.0273845278951756	1.0
k16_8ba0e809	HSat3	G6	chr1	34	34	6.0	5.352941176470588	6.662751019144646	0.0
k16_8ba0e809	HSat3	G6	chr2	39	38	0.0	0.10526315789473684	1.8397588444106745	0.0
k16_8ba0e809	HSat3	G6	chr3	34	34	0.0	0.0	0.0	0.0
k16_8ba0e809	HSat3	G6	chr4	34	34	2.0	1.4705882352941178	6.694467451097585	0.0
k16_8ba0e809	HSat3	G6	chr5	47	47	0.0	0.02127659574468085	0.030706373405652167	0.0
k16_8ba0e809	HSat3	G6	chr6	40	0				
k16_8ba0e809	HSat3	G6	chr7	47	47	0.0	0.10638297872340426	0.2716179209375642	0.0
k16_8ba0e809	HSat3	G6	chr8	47	0				
k16_8ba0e809	HSat3	G6	chr9	39	39	25.0	24.333333333333332	1.8422527572996048	0.9743589743589743
k16_8ba0e809	HSat3	G6	chr10	47	47	9.0	9.085106382978724	14.253535819886581	0.48936170212765956
k16_8ba0e809	HSat3	G6	chr11	47	0				
k16_8ba0e809	HSat3	G6	chr12	47	0				
k16_8ba0e809	HSat3	G6	chr13	0	0				
k16_8ba0e809	HSat3	G6	chr14	0	0				
k16_8ba0e809	HSat3	G6	chr15	0	0				
k16_8ba0e809	HSat3	G6	chr16	41	41	0.0	0.0	0.0	0.0
k16_8ba0e809	HSat3	G6	chr17	28	28	2.0	2.3214285714285716	2.842802014365772	0.0
k16_8ba0e809	HSat3	G6	chr18	25	0				
k16_8ba0e809	HSat3	G6	chr19	46	0				
k16_8ba0e809	HSat3	G6	chr20	47	47	8.0	8.23404255319149	14.078010366071922	0.19148936170212766
k16_8ba0e809	HSat3	G6	chr21	0	0				
k16_8ba0e809	HSat3	G6	chr22	0	0				
k16_8ba0e809	HSat3	G6	chrX	30	0				
k16_8ba0e809	HSat3	G6	chrY	0	0				
k16_8ba0e809	HSat3	G7	chr1	84	81	5.0	5.185185185185185	7.0254331217155785	0.0
k16_8ba0e809	HSat3	G7	chr2	104	103	0.0	0.0970873786407767	1.6628133738084279	0.0
k16_8ba0e809	HSat3	G7	chr3	88	86	0.0	0.0	0.0	0.0
k16_8ba0e809	HSat3	G7	chr4	91	91	2.0	1.4945054945054945	6.811649964935028	0.0
k16_8ba0e809	HSat3	G7	chr5	126	126	0.0	0.023809523809523808	0.034754288685016115	0.0
k16_8ba0e809	HSat3	G7	chr6	103	0				
k16_8ba0e809	HSat3	G7	chr7	126	126	0.0	0.031746031746031744	0.08496157952412339	0.0
k16_8ba0e809	HSat3	G7	chr8	121	0				
k16_8ba0e809	HSat3	G7	chr9	101	101	26.0	27.544554455445546	1.9414904496273795	0.9801980198019802
k16_8ba0e809	HSat3	G7	chr10	126	126	9.0	8.492063492063492	13.275852448999604	0.40476190476190477
k16_8ba0e809	HSat3	G7	chr11	125	0				
k16_8ba0e809	HSat3	G7	chr12	126	0				
k16_8ba0e809	HSat3	G7	chr13	0	0				
k16_8ba0e809	HSat3	G7	chr14	0	0				
k16_8ba0e809	HSat3	G7	chr15	0	0				
k16_8ba0e809	HSat3	G7	chr16	109	109	0.0	0.0	0.0	0.0
k16_8ba0e809	HSat3	G7	chr17	77	77	2.0	2.116883116883117	2.7141600493890543	0.0
k16_8ba0e809	HSat3	G7	chr18	76	0				
k16_8ba0e809	HSat3	G7	chr19	121	0				
k16_8ba0e809	HSat3	G7	chr20	126	126	12.0	12.444444444444445	11.237486811182372	0.9920634920634921
k16_8ba0e809	HSat3	G7	chr21	0	0				
k16_8ba0e809	HSat3	G7	chr22	0	0				
k16_8ba0e809	HSat3	G7	chrX	80	0				
k16_8ba0e809	HSat3	G7	chrY	0	0				
k16_8ba0e809	HSat3	NA	chr1	73	71	5.0	5.28169014084507	7.253179803696847	0.028169014084507043
k16_8ba0e809	HSat3	NA	chr2	92	92	0.0	0.09782608695652174	1.6924234714313275	0.0
k16_8ba0e809	HSat3	NA	chr3	80	80	0.0	0.0	0.0	0.0
k16_8ba0e809	HSat3	NA	chr4	93	93	1.0	1.3763440860215055	6.494152548353659	0.0
k16_8ba0e809	HSat3	NA	chr5	115	114	0.0	0.11403508771929824	0.2183575731235421	0.0
k16_8ba0e809	HSat3	NA	chr6	101	0				
k16_8ba0e809	HSat3	NA	chr7	60	60	0.0	0.0	0.0	0.0
k16_8ba0e809	HSat3	NA	chr8	127	0				
k16_8ba0e809	HSat3	NA	chr9	98	97	27.0	26.79381443298969	1.828316363354352	0.9690721649484536
k16_8ba0e809	HSat3	NA	chr10	119	118	9.0	9.347457627118644	14.493898364448325	0.4830508474576271
k16_8ba0e809	HSat3	NA	chr11	130	0				
k16_8ba0e809	HSat3	NA	chr12	126	0				
k16_8ba0e809	HSat3	NA	chr13	0	0				
k16_8ba0e809	HSat3	NA	chr14	0	0				
k16_8ba0e809	HSat3	NA	chr15	0	0				
k16_8ba0e809	HSat3	NA	chr16	103	102	0.0	0.0	0.0	0.0
k16_8ba0e809	HSat3	NA	chr17	65	65	2.0	2.076923076923077	2.5223705305509334	0.0
k16_8ba0e809	HSat3	NA	chr18	84	0				
k16_8ba0e809	HSat3	NA	chr19	128	0				
k16_8ba0e809	HSat3	NA	chr20	84	84	12.0	41.785714285714285	40.08313951155965	0.7619047619047619
k16_8ba0e809	HSat3	NA	chr21	0	0				
k16_8ba0e809	HSat3	NA	chr22	0	0				
k16_8ba0e809	HSat3	NA	chrX	91	0				
k16_8ba0e809	HSat3	NA	chrY	1	1	55.0	55.0	3.481597698853826	1.0
k16_8f53d4f9	HSat3	G1	chr1	40	39	37.0	36.87179487179487	46.407366314190135	1.0
k16_8f53d4f9	HSat3	G1	chr2	53	53	8.0	8.566037735849056	140.70106942110186	0.32075471698113206
k16_8f53d4f9	HSat3	G1	chr3	35	35	7.0	7.685714285714286	38.87169205874452	0.08571428571428572
k16_8f53d4f9	HSat3	G1	chr4	48	48	9.5	11.083333333333334	52.61264817951831	0.5
k16_8f53d4f9	HSat3	G1	chr5	59	59	56.0	66.91525423728814	176.81143154873962	1.0
k16_8f53d4f9	HSat3	G1	chr6	40	0				
k16_8f53d4f9	HSat3	G1	chr7	59	59	121.0	124.49152542372882	279.4775151682664	1.0
k16_8f53d4f9	HSat3	G1	chr8	53	0				
k16_8f53d4f9	HSat3	G1	chr9	49	49	33686.0	32680.714285714286	2288.3414125506247	1.0
k16_8f53d4f9	HSat3	G1	chr10	59	59	52.0	53.42372881355932	82.52442423177864	1.0
k16_8f53d4f9	HSat3	G1	chr11	57	0				
k16_8f53d4f9	HSat3	G1	chr12	58	0				
k16_8f53d4f9	HSat3	G1	chr13	0	0				
k16_8f53d4f9	HSat3	G1	chr14	0	0				
k16_8f53d4f9	HSat3	G1	chr15	0	0				
k16_8f53d4f9	HSat3	G1	chr16	45	43	2.0	2.0	123.41550988543884	0.0
k16_8f53d4f9	HSat3	G1	chr17	42	42	37.0	37.38095238095238	41.887749050015195	1.0
k16_8f53d4f9	HSat3	G1	chr18	44	0				
k16_8f53d4f9	HSat3	G1	chr19	55	0				
k16_8f53d4f9	HSat3	G1	chr20	59	59	159.0	176.22033898305085	136.28622871243712	1.0
k16_8f53d4f9	HSat3	G1	chr21	0	0				
k16_8f53d4f9	HSat3	G1	chr22	0	0				
k16_8f53d4f9	HSat3	G1	chrX	44	1	14.0	14.0	32.75167910840572	1.0
k16_8f53d4f9	HSat3	G1	chrY	0	0				
k16_8f53d4f9	HSat3	G2	chr1	35	35	33.0	34.25714285714286	48.83277251670384	1.0
k16_8f53d4f9	HSat3	G2	chr2	41	39	8.0	8.35897435897436	140.88226002802952	0.1794871794871795
k16_8f53d4f9	HSat3	G2	chr3	47	47	7.0	6.829787234042553	37.94215912870619	0.0
k16_8f53d4f9	HSat3	G2	chr4	39	39	9.0	11.794871794871796	53.18619411272768	0.48717948717948717
k16_8f53d4f9	HSat3	G2	chr5	54	54	44.5	60.611111111111114	181.3944896754502	1.0
k16_8f53d4f9	HSat3	G2	chr6	44	0				
k16_8f53d4f9	HSat3	G2	chr7	54	54	119.5	109.53703703703704	273.0883503833879	1.0
k16_8f53d4f9	HSat3	G2	chr8	53	0				
k16_8f53d4f9	HSat3	G2	chr9	47	47	30808.0	31776.574468085106	2291.0860018314556	0.9574468085106383
k16_8f53d4f9	HSat3	G2	chr10	54	54	55.0	53.46296296296296	83.54451933194711	1.0
k16_8f53d4f9	HSat3	G2	chr11	54	0				
k16_8f53d4f9	HSat3	G2	chr12	53	0				
k16_8f53d4f9	HSat3	G2	chr13	0	0				
k16_8f53d4f9	HSat3	G2	chr14	0	0				
k16_8f53d4f9	HSat3	G2	chr15	0	0				
k16_8f53d4f9	HSat3	G2	chr16	49	47	2.0	1.9148936170212767	118.52913248527935	0.0
k16_8f53d4f9	HSat3	G2	chr17	37	37	33.0	34.54054054054054	44.06896703686093	1.0
k16_8f53d4f9	HSat3	G2	chr18	35	0				
k16_8f53d4f9	HSat3	G2	chr19	54	0				
k16_8f53d4f9	HSat3	G2	chr20	54	54	126.5	124.22222222222223	191.88518469306595	1.0
k16_8f53d4f9	HSat3	G2	chr21	0	0				
k16_8f53d4f9	HSat3	G2	chr22	0	0				
k16_8f53d4f9	HSat3	G2	chrX	38	0				
k16_8f53d4f9	HSat3	G2	chrY	0	0				
k16_8f53d4f9	HSat3	G3	chr1	38	38	34.5	36.05263157894737	44.28087741944493	1.0
k16_8f53d4f9	HSat3	G3	chr2	57	56	8.0	8.410714285714286	139.96466709359356	0.125
k16_8f53d4f9	HSat3	G3	chr3	49	48	7.0	6.875	38.84035871072137	0.0
k16_8f53d4f9	HSat3	G3	chr4	58	58	10.5	11.258620689655173	52.30926164716177	0.5862068965517241
k16_8f53d4f9	HSat3	G3	chr5	70	70	41.0	64.55714285714286	187.23646436565662	1.0
k16_8f53d4f9	HSat3	G3	chr6	57	0				
k16_8f53d4f9	HSat3	G3	chr7	70	70	113.5	104.4	270.56904134811805	1.0
k16_8f53d4f9	HSat3	G3	chr8	66	0				
k16_8f53d4f9	HSat3	G3	chr9	58	58	33366.5	33359.43103448276	2304.6196370870875	1.0
k16_8f53d4f9	HSat3	G3	chr10	70	70	55.0	53.52857142857143	85.38093386097094	1.0
k16_8f53d4f9	HSat3	G3	chr11	69	0				
k16_8f53d4f9	HSat3	G3	chr12	70	0				
k16_8f53d4f9	HSat3	G3	chr13	0	0				
k16_8f53d4f9	HSat3	G3	chr14	0	0				
k16_8f53d4f9	HSat3	G3	chr15	0	0				
k16_8f53d4f9	HSat3	G3	chr16	60	60	2.0	1.9666666666666666	120.82117442277172	0.0
k16_8f53d4f9	HSat3	G3	chr17	44	44	34.5	35.25	44.57261714170894	1.0
k16_8f53d4f9	HSat3	G3	chr18	38	0				
k16_8f53d4f9	HSat3	G3	chr19	66	0				
k16_8f53d4f9	HSat3	G3	chr20	70	70	234.0	234.9142857142857	212.70821367903446	1.0
k16_8f53d4f9	HSat3	G3	chr21	0	0				
k16_8f53d4f9	HSat3	G3	chr22	0	0				
k16_8f53d4f9	HSat3	G3	chrX	52	0				
k16_8f53d4f9	HSat3	G3	chrY	1	1	155.0	155.0	8.948574275620128	1.0
k16_8f53d4f9	HSat3	G4	chr1	23	22	38.0	37.68181818181818	42.62053900740723	1.0
k16_8f53d4f9	HSat3	G4	chr2	31	31	8.0	8.419354838709678	143.39036350830622	0.3870967741935484
k16_8f53d4f9	HSat3	G4	chr3	28	28	7.0	6.821428571428571	38.414970173088605	0.0
k16_8f53d4f9	HSat3	G4	chr4	28	28	11.0	11.357142857142858	52.21777769020079	0.5714285714285714
k16_8f53d4f9	HSat3	G4	chr5	39	39	102.0	116.2051282051282	184.0790321309707	1.0
k16_8f53d4f9	HSat3	G4	chr6	30	0				
k16_8f53d4f9	HSat3	G4	chr7	39	39	118.0	119.07692307692308	269.578892692508	1.0
k16_8f53d4f9	HSat3	G4	chr8	36	0				
k16_8f53d4f9	HSat3	G4	chr9	27	27	32197.0	32477.11111111111	2287.4743672201203	1.0
k16_8f53d4f9	HSat3	G4	chr10	39	39	54.0	54.56410256410256	86.40155977552647	1.0
k16_8f53d4f9	HSat3	G4	chr11	39	0				
k16_8f53d4f9	HSat3	G4	chr12	37	0				
k16_8f53d4f9	HSat3	G4	chr13	0	0				
k16_8f53d4f9	HSat3	G4	chr14	0	0				
k16_8f53d4f9	HSat3	G4	chr15	0	0				
k16_8f53d4f9	HSat3	G4	chr16	29	29	2.0	2.0	122.1680189402556	0.0
k16_8f53d4f9	HSat3	G4	chr17	25	25	37.0	37.12	41.41873632774432	1.0
k16_8f53d4f9	HSat3	G4	chr18	27	0				
k16_8f53d4f9	HSat3	G4	chr19	35	0				
k16_8f53d4f9	HSat3	G4	chr20	39	39	150.0	162.56410256410257	187.261072298251	1.0
k16_8f53d4f9	HSat3	G4	chr21	0	0				
k16_8f53d4f9	HSat3	G4	chr22	0	0				
k16_8f53d4f9	HSat3	G4	chrX	30	0				
k16_8f53d4f9	HSat3	G4	chrY	1	1	104.0	104.0	12.023783042858774	1.0
k16_8f53d4f9	HSat3	G5	chr1	31	30	36.5	37.7	46.044389967403745	1.0
k16_8f53d4f9	HSat3	G5	chr2	39	39	8.0	8.58974358974359	143.95036763205084	0.28205128205128205
k16_8f53d4f9	HSat3	G5	chr3	26	26	7.0	6.576923076923077	37.247314544858504	0.038461538461538464
k16_8f53d4f9	HSat3	G5	chr4	40	40	9.0	10.925	51.07778211153213	0.475
k16_8f53d4f9	HSat3	G5	chr5	47	47	100.0	94.91489361702128	140.87960856880244	1.0
k16_8f53d4f9	HSat3	G5	chr6	37	0				
k16_8f53d4f9	HSat3	G5	chr7	47	47	120.0	128.7659574468085	282.2390755243225	1.0
k16_8f53d4f9	HSat3	G5	chr8	45	0				
k16_8f53d4f9	HSat3	G5	chr9	40	40	33717.0	34483.1	2297.865190938113	1.0
k16_8f53d4f9	HSat3	G5	chr10	47	47	51.0	52.1063829787234	83.16748229549722	1.0
k16_8f53d4f9	HSat3	G5	chr11	46	0				
k16_8f53d4f9	HSat3	G5	chr12	44	0				
k16_8f53d4f9	HSat3	G5	chr13	0	0				
k16_8f53d4f9	HSat3	G5	chr14	0	0				
k16_8f53d4f9	HSat3	G5	chr15	0	0				
k16_8f53d4f9	HSat3	G5	chr16	33	33	2.0	2.0	120.09651392573669	0.0
k16_8f53d4f9	HSat3	G5	chr17	39	39	36.0	37.61538461538461	41.80120271206887	1.0
k16_8f53d4f9	HSat3	G5	chr18	39	0				
k16_8f53d4f9	HSat3	G5	chr19	46	0				
k16_8f53d4f9	HSat3	G5	chr20	47	47	162.0	176.5531914893617	151.71968448083337	1.0
k16_8f53d4f9	HSat3	G5	chr21	0	0				
k16_8f53d4f9	HSat3	G5	chr22	0	0				
k16_8f53d4f9	HSat3	G5	chrX	28	0				
k16_8f53d4f9	HSat3	G5	chrY	1	1	195.0	195.0	8.98499961226271	1.0
k16_8f53d4f9	HSat3	G6	chr1	34	34	37.0	36.911764705882355	45.94369521443149	1.0
k16_8f53d4f9	HSat3	G6	chr2	39	38	8.0	8.052631578947368	140.74155159741662	0.10526315789473684
k16_8f53d4f9	HSat3	G6	chr3	34	34	7.0	6.911764705882353	37.48801579920461	0.0
k16_8f53d4f9	HSat3	G6	chr4	34	34	11.0	11.735294117647058	53.42185025975873	0.5588235294117647
k16_8f53d4f9	HSat3	G6	chr5	47	47	93.0	93.85106382978724	135.44581309233172	1.0
k16_8f53d4f9	HSat3	G6	chr6	40	0				
k16_8f53d4f9	HSat3	G6	chr7	47	47	114.0	105.7872340425532	270.0968605803139	1.0
k16_8f53d4f9	HSat3	G6	chr8	47	0				
k16_8f53d4f9	HSat3	G6	chr9	39	39	28533.0	30205.128205128207	2286.8005775541988	1.0
k16_8f53d4f9	HSat3	G6	chr10	47	47	54.0	54.4468085106383	85.42107298147485	1.0
k16_8f53d4f9	HSat3	G6	chr11	47	0				
k16_8f53d4f9	HSat3	G6	chr12	47	0				
k16_8f53d4f9	HSat3	G6	chr13	0	0				
k16_8f53d4f9	HSat3	G6	chr14	0	0				
k16_8f53d4f9	HSat3	G6	chr15	0	0				
k16_8f53d4f9	HSat3	G6	chr16	41	41	2.0	2.0	120.99249256338827	0.0
k16_8f53d4f9	HSat3	G6	chr17	28	28	33.5	35.67857142857143	43.691680190021636	1.0
k16_8f53d4f9	HSat3	G6	chr18	25	0				
k16_8f53d4f9	HSat3	G6	chr19	46	0				
k16_8f53d4f9	HSat3	G6	chr20	47	47	130.0	123.63829787234043	211.3884192176846	0.9574468085106383
k16_8f53d4f9	HSat3	G6	chr21	0	0				
k16_8f53d4f9	HSat3	G6	chr22	0	0				
k16_8f53d4f9	HSat3	G6	chrX	30	0				
k16_8f53d4f9	HSat3	G6	chrY	0	0				
k16_8f53d4f9	HSat3	G7	chr1	84	81	33.0	33.72839506172839	45.698769734588	1.0
k16_8f53d4f9	HSat3	G7	chr2	104	103	8.0	8.262135922330097	141.5054181110972	0.1262135922330097
k16_8f53d4f9	HSat3	G7	chr3	88	86	7.0	6.616279069767442	36.85289967552609	0.0
k16_8f53d4f9	HSat3	G7	chr4	91	91	11.0	11.505494505494505	52.439687597698345	0.5494505494505495
k16_8f53d4f9	HSat3	G7	chr5	126	126	90.0	89.64285714285714	130.84989689908568	1.0
k16_8f53d4f9	HSat3	G7	chr6	103	0				
k16_8f53d4f9	HSat3	G7	chr7	126	126	112.0	100.42857142857143	268.7759568245644	1.0
k16_8f53d4f9	HSat3	G7	chr8	121	0				
k16_8f53d4f9	HSat3	G7	chr9	101	101	31277.0	32697.247524752474	2304.6803643563444	1.0
k16_8f53d4f9	HSat3	G7	chr10	126	126	55.0	54.44444444444444	85.11434373844605	1.0
k16_8f53d4f9	HSat3	G7	chr11	125	0				
k16_8f53d4f9	HSat3	G7	chr12	126	0				
k16_8f53d4f9	HSat3	G7	chr13	0	0				
k16_8f53d4f9	HSat3	G7	chr14	0	0				
k16_8f53d4f9	HSat3	G7	chr15	0	0				
k16_8f53d4f9	HSat3	G7	chr16	109	109	2.0	2.0275229357798166	122.65056188941803	0.0
k16_8f53d4f9	HSat3	G7	chr17	77	77	34.0	35.38961038961039	45.37476156187222	1.0
k16_8f53d4f9	HSat3	G7	chr18	76	0				
k16_8f53d4f9	HSat3	G7	chr19	121	0				
k16_8f53d4f9	HSat3	G7	chr20	126	126	233.0	235.15079365079364	212.34406679114954	1.0
k16_8f53d4f9	HSat3	G7	chr21	0	0				
k16_8f53d4f9	HSat3	G7	chr22	0	0				
k16_8f53d4f9	HSat3	G7	chrX	80	0				
k16_8f53d4f9	HSat3	G7	chrY	0	0				
k16_8f53d4f9	HSat3	NA	chr1	73	71	34.0	33.42253521126761	45.89812179779364	1.0
k16_8f53d4f9	HSat3	NA	chr2	92	92	8.0	8.043478260869565	139.15481876213138	0.10869565217391304
k16_8f53d4f9	HSat3	NA	chr3	80	80	7.0	7.0375	37.937448088700584	0.0
k16_8f53d4f9	HSat3	NA	chr4	93	93	9.0	11.279569892473118	53.22160955642959	0.4731182795698925
k16_8f53d4f9	HSat3	NA	chr5	115	114	88.5	79.21052631578948	151.6745296388912	1.0
k16_8f53d4f9	HSat3	NA	chr6	101	0				
k16_8f53d4f9	HSat3	NA	chr7	60	60	103.5	97.9	264.7189290213021	1.0
k16_8f53d4f9	HSat3	NA	chr8	127	0				
k16_8f53d4f9	HSat3	NA	chr9	98	97	32352.0	33769.85567010309	2304.337064966191	1.0
k16_8f53d4f9	HSat3	NA	chr10	119	118	54.0	55.279661016949156	85.71504898576285	1.0
k16_8f53d4f9	HSat3	NA	chr11	130	0				
k16_8f53d4f9	HSat3	NA	chr12	126	0				
k16_8f53d4f9	HSat3	NA	chr13	0	0				
k16_8f53d4f9	HSat3	NA	chr14	0	0				
k16_8f53d4f9	HSat3	NA	chr15	0	0				
k16_8f53d4f9	HSat3	NA	chr16	103	102	2.0	1.9803921568627452	121.60177225553228	0.0
k16_8f53d4f9	HSat3	NA	chr17	65	65	36.0	35.10769230769231	42.63740407938688	1.0
k16_8f53d4f9	HSat3	NA	chr18	84	0				
k16_8f53d4f9	HSat3	NA	chr19	128	0				
k16_8f53d4f9	HSat3	NA	chr20	84	84	218.5	201.16666666666666	192.9700545488134	0.9880952380952381
k16_8f53d4f9	HSat3	NA	chr21	0	0				
k16_8f53d4f9	HSat3	NA	chr22	0	0				
k16_8f53d4f9	HSat3	NA	chrX	91	0				
k16_8f53d4f9	HSat3	NA	chrY	1	1	144.0	144.0	9.115455793362745	1.0
k16_90ec3acc	HSat3	G1	chr1	40	39	6.0	5.461538461538462	6.873970114688802	0.02564102564102564
k16_90ec3acc	HSat3	G1	chr2	53	53	0.0	0.0	0.0	0.0
k16_90ec3acc	HSat3	G1	chr3	35	35	0.0	0.0	0.0	0.0
k16_90ec3acc	HSat3	G1	chr4	48	48	0.0	0.0	0.0	0.0
k16_90ec3acc	HSat3	G1	chr5	59	59	0.0	0.0	0.0	0.0
k16_90ec3acc	HSat3	G1	chr6	40	0				
k16_90ec3acc	HSat3	G1	chr7	59	59	0.0	0.0	0.0	0.0
k16_90ec3acc	HSat3	G1	chr8	53	0				
k16_90ec3acc	HSat3	G1	chr9	49	49	0.0	0.0	0.0	0.0
k16_90ec3acc	HSat3	G1	chr10	59	59	35.0	33.91525423728814	52.389394951709725	1.0
k16_90ec3acc	HSat3	G1	chr11	57	0				
k16_90ec3acc	HSat3	G1	chr12	58	0				
k16_90ec3acc	HSat3	G1	chr13	0	0				
k16_90ec3acc	HSat3	G1	chr14	0	0				
k16_90ec3acc	HSat3	G1	chr15	0	0				
k16_90ec3acc	HSat3	G1	chr16	45	43	0.0	0.0	0.0	0.0
k16_90ec3acc	HSat3	G1	chr17	42	42	0.0	0.0	0.0	0.0
k16_90ec3acc	HSat3	G1	chr18	44	0				
k16_90ec3acc	HSat3	G1	chr19	55	0				
k16_90ec3acc	HSat3	G1	chr20	59	59	0.0	0.0	0.0	0.0
k16_90ec3acc	HSat3	G1	chr21	0	0				
k16_90ec3acc	HSat3	G1	chr22	0	0				
k16_90ec3acc	HSat3	G1	chrX	44	1	0.0	0.0	0.0	0.0
k16_90ec3acc	HSat3	G1	chrY	0	0				
k16_90ec3acc	HSat3	G2	chr1	35	35	3.0	4.142857142857143	5.905547969075944	0.0
k16_90ec3acc	HSat3	G2	chr2	41	39	0.0	0.0	0.0	0.0
k16_90ec3acc	HSat3	G2	chr3	47	47	0.0	0.0	0.0	0.0
k16_90ec3acc	HSat3	G2	chr4	39	39	0.0	0.0	0.0	0.0
k16_90ec3acc	HSat3	G2	chr5	54	54	0.0	0.0	0.0	0.0
k16_90ec3acc	HSat3	G2	chr6	44	0				
k16_90ec3acc	HSat3	G2	chr7	54	54	0.0	0.0	0.0	0.0
k16_90ec3acc	HSat3	G2	chr8	53	0				
k16_90ec3acc	HSat3	G2	chr9	47	47	0.0	0.0	0.0	0.0
k16_90ec3acc	HSat3	G2	chr10	54	54	32.5	34.7962962962963	54.37483610139544	1.0
k16_90ec3acc	HSat3	G2	chr11	54	0				
k16_90ec3acc	HSat3	G2	chr12	53	0				
k16_90ec3acc	HSat3	G2	chr13	0	0				
k16_90ec3acc	HSat3	G2	chr14	0	0				
k16_90ec3acc	HSat3	G2	chr15	0	0				
k16_90ec3acc	HSat3	G2	chr16	49	47	0.0	0.0	0.0	0.0
k16_90ec3acc	HSat3	G2	chr17	37	37	0.0	0.0	0.0	0.0
k16_90ec3acc	HSat3	G2	chr18	35	0				
k16_90ec3acc	HSat3	G2	chr19	54	0				
k16_90ec3acc	HSat3	G2	chr20	54	54	0.0	0.0	0.0	0.0
k16_90ec3acc	HSat3	G2	chr21	0	0				
k16_90ec3acc	HSat3	G2	chr22	0	0				
k16_90ec3acc	HSat3	G2	chrX	38	0				
k16_90ec3acc	HSat3	G2	chrY	0	0				
k16_90ec3acc	HSat3	G3	chr1	38	38	5.0	4.552631578947368	5.5916728420174975	0.07894736842105263
k16_90ec3acc	HSat3	G3	chr2	57	56	0.0	0.0	0.0	0.0
k16_90ec3acc	HSat3	G3	chr3	49	48	0.0	0.0	0.0	0.0
k16_90ec3acc	HSat3	G3	chr4	58	58	0.0	0.0	0.0	0.0
k16_90ec3acc	HSat3	G3	chr5	70	70	0.0	0.0	0.0	0.0
k16_90ec3acc	HSat3	G3	chr6	57	0				
k16_90ec3acc	HSat3	G3	chr7	70	70	0.0	0.0	0.0	0.0
k16_90ec3acc	HSat3	G3	chr8	66	0				
k16_90ec3acc	HSat3	G3	chr9	58	58	0.0	0.017241379310344827	0.0011911120812586667	0.0
k16_90ec3acc	HSat3	G3	chr10	70	70	29.0	31.87142857142857	50.83663289133338	1.0
k16_90ec3acc	HSat3	G3	chr11	69	0				
k16_90ec3acc	HSat3	G3	chr12	70	0				
k16_90ec3acc	HSat3	G3	chr13	0	0				
k16_90ec3acc	HSat3	G3	chr14	0	0				
k16_90ec3acc	HSat3	G3	chr15	0	0				
k16_90ec3acc	HSat3	G3	chr16	60	60	0.0	0.0	0.0	0.0
k16_90ec3acc	HSat3	G3	chr17	44	44	0.0	0.0	0.0	0.0
k16_90ec3acc	HSat3	G3	chr18	38	0				
k16_90ec3acc	HSat3	G3	chr19	66	0				
k16_90ec3acc	HSat3	G3	chr20	70	70	0.0	0.0	0.0	0.0
k16_90ec3acc	HSat3	G3	chr21	0	0				
k16_90ec3acc	HSat3	G3	chr22	0	0				
k16_90ec3acc	HSat3	G3	chrX	52	0				
k16_90ec3acc	HSat3	G3	chrY	1	1	0.0	0.0	0.0	0.0
k16_90ec3acc	HSat3	G4	chr1	23	22	6.0	5.818181818181818	6.580734611517642	0.0
k16_90ec3acc	HSat3	G4	chr2	31	31	0.0	0.0	0.0	0.0
k16_90ec3acc	HSat3	G4	chr3	28	28	0.0	0.0	0.0	0.0
k16_90ec3acc	HSat3	G4	chr4	28	28	0.0	0.0	0.0	0.0
k16_90ec3acc	HSat3	G4	chr5	39	39	0.0	0.0	0.0	0.0
k16_90ec3acc	HSat3	G4	chr6	30	0				
k16_90ec3acc	HSat3	G4	chr7	39	39	0.0	0.0	0.0	0.0
k16_90ec3acc	HSat3	G4	chr8	36	0				
k16_90ec3acc	HSat3	G4	chr9	27	27	0.0	0.037037037037037035	0.0026086455956675133	0.0
k16_90ec3acc	HSat3	G4	chr10	39	39	29.0	32.51282051282051	51.48363618203363	1.0
k16_90ec3acc	HSat3	G4	chr11	39	0				
k16_90ec3acc	HSat3	G4	chr12	37	0				
k16_90ec3acc	HSat3	G4	chr13	0	0				
k16_90ec3acc	HSat3	G4	chr14	0	0				
k16_90ec3acc	HSat3	G4	chr15	0	0				
k16_90ec3acc	HSat3	G4	chr16	29	29	0.0	0.0	0.0	0.0
k16_90ec3acc	HSat3	G4	chr17	25	25	0.0	0.0	0.0	0.0
k16_90ec3acc	HSat3	G4	chr18	27	0				
k16_90ec3acc	HSat3	G4	chr19	35	0				
k16_90ec3acc	HSat3	G4	chr20	39	39	0.0	0.0	0.0	0.0
k16_90ec3acc	HSat3	G4	chr21	0	0				
k16_90ec3acc	HSat3	G4	chr22	0	0				
k16_90ec3acc	HSat3	G4	chrX	30	0				
k16_90ec3acc	HSat3	G4	chrY	1	1	0.0	0.0	0.0	0.0
k16_90ec3acc	HSat3	G5	chr1	31	30	5.0	5.5	6.717351321504525	0.06666666666666667
k16_90ec3acc	HSat3	G5	chr2	39	39	0.0	0.0	0.0	0.0
k16_90ec3acc	HSat3	G5	chr3	26	26	0.0	0.0	0.0	0.0
k16_90ec3acc	HSat3	G5	chr4	40	40	0.0	0.0	0.0	0.0
k16_90ec3acc	HSat3	G5	chr5	47	47	0.0	0.0	0.0	0.0
k16_90ec3acc	HSat3	G5	chr6	37	0				
k16_90ec3acc	HSat3	G5	chr7	47	47	0.0	0.0	0.0	0.0
k16_90ec3acc	HSat3	G5	chr8	45	0				
k16_90ec3acc	HSat3	G5	chr9	40	40	0.0	0.075	0.004997807311998006	0.0
k16_90ec3acc	HSat3	G5	chr10	47	47	28.0	31.425531914893618	50.15858364656978	0.9574468085106383
k16_90ec3acc	HSat3	G5	chr11	46	0				
k16_90ec3acc	HSat3	G5	chr12	44	0				
k16_90ec3acc	HSat3	G5	chr13	0	0				
k16_90ec3acc	HSat3	G5	chr14	0	0				
k16_90ec3acc	HSat3	G5	chr15	0	0				
k16_90ec3acc	HSat3	G5	chr16	33	33	0.0	0.0	0.0	0.0
k16_90ec3acc	HSat3	G5	chr17	39	39	0.0	0.0	0.0	0.0
k16_90ec3acc	HSat3	G5	chr18	39	0				
k16_90ec3acc	HSat3	G5	chr19	46	0				
k16_90ec3acc	HSat3	G5	chr20	47	47	0.0	0.0	0.0	0.0
k16_90ec3acc	HSat3	G5	chr21	0	0				
k16_90ec3acc	HSat3	G5	chr22	0	0				
k16_90ec3acc	HSat3	G5	chrX	28	0				
k16_90ec3acc	HSat3	G5	chrY	1	1	0.0	0.0	0.0	0.0
k16_90ec3acc	HSat3	G6	chr1	34	34	5.0	5.676470588235294	7.0654447620599825	0.20588235294117646
k16_90ec3acc	HSat3	G6	chr2	39	38	0.0	0.0	0.0	0.0
k16_90ec3acc	HSat3	G6	chr3	34	34	0.0	0.0	0.0	0.0
k16_90ec3acc	HSat3	G6	chr4	34	34	0.0	0.0	0.0	0.0
k16_90ec3acc	HSat3	G6	chr5	47	47	0.0	0.0	0.0	0.0
k16_90ec3acc	HSat3	G6	chr6	40	0				
k16_90ec3acc	HSat3	G6	chr7	47	47	0.0	0.0	0.0	0.0
k16_90ec3acc	HSat3	G6	chr8	47	0				
k16_90ec3acc	HSat3	G6	chr9	39	39	0.0	0.0	0.0	0.0
k16_90ec3acc	HSat3	G6	chr10	47	47	30.0	33.808510638297875	53.04184641170907	1.0
k16_90ec3acc	HSat3	G6	chr11	47	0				
k16_90ec3acc	HSat3	G6	chr12	47	0				
k16_90ec3acc	HSat3	G6	chr13	0	0				
k16_90ec3acc	HSat3	G6	chr14	0	0				
k16_90ec3acc	HSat3	G6	chr15	0	0				
k16_90ec3acc	HSat3	G6	chr16	41	41	0.0	0.0	0.0	0.0
k16_90ec3acc	HSat3	G6	chr17	28	28	0.0	0.0	0.0	0.0
k16_90ec3acc	HSat3	G6	chr18	25	0				
k16_90ec3acc	HSat3	G6	chr19	46	0				
k16_90ec3acc	HSat3	G6	chr20	47	47	0.0	0.0	0.0	0.0
k16_90ec3acc	HSat3	G6	chr21	0	0				
k16_90ec3acc	HSat3	G6	chr22	0	0				
k16_90ec3acc	HSat3	G6	chrX	30	0				
k16_90ec3acc	HSat3	G6	chrY	0	0				
k16_90ec3acc	HSat3	G7	chr1	84	81	4.0	4.518518518518518	6.122163148923576	0.07407407407407407
k16_90ec3acc	HSat3	G7	chr2	104	103	0.0	0.0	0.0	0.0
k16_90ec3acc	HSat3	G7	chr3	88	86	0.0	0.0	0.0	0.0
k16_90ec3acc	HSat3	G7	chr4	91	91	0.0	0.0	0.0	0.0
k16_90ec3acc	HSat3	G7	chr5	126	126	0.0	0.0	0.0	0.0
k16_90ec3acc	HSat3	G7	chr6	103	0				
k16_90ec3acc	HSat3	G7	chr7	126	126	0.0	0.0	0.0	0.0
k16_90ec3acc	HSat3	G7	chr8	121	0				
k16_90ec3acc	HSat3	G7	chr9	101	101	0.0	0.039603960396039604	0.002791503162656189	0.0
k16_90ec3acc	HSat3	G7	chr10	126	126	30.0	33.96031746031746	53.09100245726103	0.9841269841269841
k16_90ec3acc	HSat3	G7	chr11	125	0				
k16_90ec3acc	HSat3	G7	chr12	126	0				
k16_90ec3acc	HSat3	G7	chr13	0	0				
k16_90ec3acc	HSat3	G7	chr14	0	0				
k16_90ec3acc	HSat3	G7	chr15	0	0				
k16_90ec3acc	HSat3	G7	chr16	109	109	0.0	0.0	0.0	0.0
k16_90ec3acc	HSat3	G7	chr17	77	77	0.0	0.0	0.0	0.0
k16_90ec3acc	HSat3	G7	chr18	76	0				
k16_90ec3acc	HSat3	G7	chr19	121	0				
k16_90ec3acc	HSat3	G7	chr20	126	126	0.0	0.0	0.0	0.0
k16_90ec3acc	HSat3	G7	chr21	0	0				
k16_90ec3acc	HSat3	G7	chr22	0	0				
k16_90ec3acc	HSat3	G7	chrX	80	0				
k16_90ec3acc	HSat3	G7	chrY	0	0				
k16_90ec3acc	HSat3	NA	chr1	73	71	3.0	4.309859154929577	5.918594719816627	0.04225352112676056
k16_90ec3acc	HSat3	NA	chr2	92	92	0.0	0.0	0.0	0.0
k16_90ec3acc	HSat3	NA	chr3	80	80	0.0	0.0	0.0	0.0
k16_90ec3acc	HSat3	NA	chr4	93	93	0.0	0.0	0.0	0.0
k16_90ec3acc	HSat3	NA	chr5	115	114	0.0	0.0	0.0	0.0
k16_90ec3acc	HSat3	NA	chr6	101	0				
k16_90ec3acc	HSat3	NA	chr7	60	60	0.0	0.0	0.0	0.0
k16_90ec3acc	HSat3	NA	chr8	127	0				
k16_90ec3acc	HSat3	NA	chr9	98	97	0.0	0.041237113402061855	0.0028138766654164705	0.0
k16_90ec3acc	HSat3	NA	chr10	119	118	30.0	33.90677966101695	52.57487520957185	0.9830508474576272
k16_90ec3acc	HSat3	NA	chr11	130	0				
k16_90ec3acc	HSat3	NA	chr12	126	0				
k16_90ec3acc	HSat3	NA	chr13	0	0				
k16_90ec3acc	HSat3	NA	chr14	0	0				
k16_90ec3acc	HSat3	NA	chr15	0	0				
k16_90ec3acc	HSat3	NA	chr16	103	102	0.0	0.0	0.0	0.0
k16_90ec3acc	HSat3	NA	chr17	65	65	0.0	0.0	0.0	0.0
k16_90ec3acc	HSat3	NA	chr18	84	0				
k16_90ec3acc	HSat3	NA	chr19	128	0				
k16_90ec3acc	HSat3	NA	chr20	84	84	0.0	0.0	0.0	0.0
k16_90ec3acc	HSat3	NA	chr21	0	0				
k16_90ec3acc	HSat3	NA	chr22	0	0				
k16_90ec3acc	HSat3	NA	chrX	91	0				
k16_90ec3acc	HSat3	NA	chrY	1	1	0.0	0.0	0.0	0.0
k16_93d803d4	HSat2	G1	chr1	102	102	12.5	23.53921568627451	1.9895138005872965	0.6862745098039216
k16_93d803d4	HSat2	G1	chr2	128	128	0.0	0.0	0.0	0.0
k16_93d803d4	HSat2	G1	chr3	107	0				
k16_93d803d4	HSat2	G1	chr4	124	0				
k16_93d803d4	HSat2	G1	chr5	153	0				
k16_93d803d4	HSat2	G1	chr6	131	0				
k16_93d803d4	HSat2	G1	chr7	158	158	0.0	0.0	0.0	0.0
k16_93d803d4	HSat2	G1	chr8	153	0				
k16_93d803d4	HSat2	G1	chr9	132	125	0.0	0.0	0.0	0.0
k16_93d803d4	HSat2	G1	chr10	158	158	21.0	27.696202531645568	59.98247596064519	0.8860759493670886
k16_93d803d4	HSat2	G1	chr11	156	0				
k16_93d803d4	HSat2	G1	chr12	156	0				
k16_93d803d4	HSat2	G1	chr13	0	0				
k16_93d803d4	HSat2	G1	chr14	0	0				
k16_93d803d4	HSat2	G1	chr15	0	0				
k16_93d803d4	HSat2	G1	chr16	127	127	0.0	0.0	0.0	0.0
k16_93d803d4	HSat2	G1	chr17	109	109	0.0	0.0	0.0	0.0
k16_93d803d4	HSat2	G1	chr18	103	0				
k16_93d803d4	HSat2	G1	chr19	151	0				
k16_93d803d4	HSat2	G1	chr20	142	0				
k16_93d803d4	HSat2	G1	chr21	0	0				
k16_93d803d4	HSat2	G1	chr22	0	0				
k16_93d803d4	HSat2	G1	chrX	98	0				
k16_93d803d4	HSat2	G1	chrY	1	1	0.0	0.0	0.0	0.0
k16_93d803d4	HSat2	G2	chr1	25	25	10.0	16.36	1.3838621674634617	0.52
k16_93d803d4	HSat2	G2	chr2	31	31	0.0	0.0	0.0	0.0
k16_93d803d4	HSat2	G2	chr3	23	0				
k16_93d803d4	HSat2	G2	chr4	31	0				
k16_93d803d4	HSat2	G2	chr5	42	0				
k16_93d803d4	HSat2	G2	chr6	35	0				
k16_93d803d4	HSat2	G2	chr7	42	42	0.0	0.0	0.0	0.0
k16_93d803d4	HSat2	G2	chr8	41	0				
k16_93d803d4	HSat2	G2	chr9	33	30	0.0	0.0	0.0	0.0
k16_93d803d4	HSat2	G2	chr10	42	42	2.0	2.380952380952381	10.04083003123903	0.0
k16_93d803d4	HSat2	G2	chr11	41	0				
k16_93d803d4	HSat2	G2	chr12	40	0				
k16_93d803d4	HSat2	G2	chr13	0	0				
k16_93d803d4	HSat2	G2	chr14	0	0				
k16_93d803d4	HSat2	G2	chr15	0	0				
k16_93d803d4	HSat2	G2	chr16	32	32	0.0	0.0	0.0	0.0
k16_93d803d4	HSat2	G2	chr17	29	28	0.0	0.0	0.0	0.0
k16_93d803d4	HSat2	G2	chr18	30	0				
k16_93d803d4	HSat2	G2	chr19	41	0				
k16_93d803d4	HSat2	G2	chr20	42	0				
k16_93d803d4	HSat2	G2	chr21	0	0				
k16_93d803d4	HSat2	G2	chr22	0	0				
k16_93d803d4	HSat2	G2	chrX	29	0				
k16_93d803d4	HSat2	G2	chrY	0	0				
k16_93d803d4	HSat2	G3	chr1	186	186	15.0	23.413978494623656	1.875468709722035	0.6774193548387096
k16_93d803d4	HSat2	G3	chr2	239	239	0.0	0.0	0.0	0.0
k16_93d803d4	HSat2	G3	chr3	204	0				
k16_93d803d4	HSat2	G3	chr4	211	0				
k16_93d803d4	HSat2	G3	chr5	283	0				
k16_93d803d4	HSat2	G3	chr6	222	0				
k16_93d803d4	HSat2	G3	chr7	289	289	0.0	0.0	0.0	0.0
k16_93d803d4	HSat2	G3	chr8	274	0				
k16_93d803d4	HSat2	G3	chr9	228	224	0.0	0.0	0.0	0.0
k16_93d803d4	HSat2	G3	chr10	289	289	0.0	0.3079584775086505	0.29364760031824405	0.0034602076124567475
k16_93d803d4	HSat2	G3	chr11	286	0				
k16_93d803d4	HSat2	G3	chr12	286	0				
k16_93d803d4	HSat2	G3	chr13	0	0				
k16_93d803d4	HSat2	G3	chr14	0	0				
k16_93d803d4	HSat2	G3	chr15	0	0				
k16_93d803d4	HSat2	G3	chr16	242	242	0.0	0.008264462809917356	0.0009579678404419417	0.0
k16_93d803d4	HSat2	G3	chr17	172	172	0.0	0.0	0.0	0.0
k16_93d803d4	HSat2	G3	chr18	182	0				
k16_93d803d4	HSat2	G3	chr19	277	0				
k16_93d803d4	HSat2	G3	chr20	268	0				
k16_93d803d4	HSat2	G3	chr21	0	0				
k16_93d803d4	HSat2	G3	chr22	0	0				
k16_93d803d4	HSat2	G3	chrX	203	0				
k16_93d803d4	HSat2	G3	chrY	3	3	0.0	0.0	0.0	0.0
k16_93d803d4	HSat2	NA	chr1	45	44	13.0	18.568181818181817	1.5809997898992545	0.6363636363636364
k16_93d803d4	HSat2	NA	chr2	58	58	0.0	0.0	0.0	0.0
k16_93d803d4	HSat2	NA	chr3	53	0				
k16_93d803d4	HSat2	NA	chr4	65	0				
k16_93d803d4	HSat2	NA	chr5	79	0				
k16_93d803d4	HSat2	NA	chr6	64	0				
k16_93d803d4	HSat2	NA	chr7	13	13	0.0	0.0	0.0	0.0
k16_93d803d4	HSat2	NA	chr8	80	0				
k16_93d803d4	HSat2	NA	chr9	66	65	0.0	0.0	0.0	0.0
k16_93d803d4	HSat2	NA	chr10	72	71	0.0	9.830985915492958	13.39622084932923	0.28169014084507044
k16_93d803d4	HSat2	NA	chr11	84	0				
k16_93d803d4	HSat2	NA	chr12	79	0				
k16_93d803d4	HSat2	NA	chr13	0	0				
k16_93d803d4	HSat2	NA	chr14	0	0				
k16_93d803d4	HSat2	NA	chr15	0	0				
k16_93d803d4	HSat2	NA	chr16	68	67	0.0	0.0	0.0	0.0
k16_93d803d4	HSat2	NA	chr17	47	47	0.0	0.0	0.0	0.0
k16_93d803d4	HSat2	NA	chr18	53	0				
k16_93d803d4	HSat2	NA	chr19	82	0				
k16_93d803d4	HSat2	NA	chr20	74	0				
k16_93d803d4	HSat2	NA	chr21	0	0				
k16_93d803d4	HSat2	NA	chr22	0	0				
k16_93d803d4	HSat2	NA	chrX	63	0				
k16_93d803d4	HSat2	NA	chrY	0	0				
k16_a0d0562c	HSat3	G1	chr1	40	39	15.0	15.102564102564102	19.008302335923496	1.0
k16_a0d0562c	HSat3	G1	chr2	53	53	0.0	0.0	0.0	0.0
k16_a0d0562c	HSat3	G1	chr3	35	35	1.0	0.9428571428571428	4.768646237689849	0.0
k16_a0d0562c	HSat3	G1	chr4	48	48	5.0	5.979166666666667	28.383139149476985	0.08333333333333333
k16_a0d0562c	HSat3	G1	chr5	59	59	21.0	22.423728813559322	59.25063929558827	1.0
k16_a0d0562c	HSat3	G1	chr6	40	0				
k16_a0d0562c	HSat3	G1	chr7	59	59	10.0	11.627118644067796	26.10232476588574	0.6779661016949152
k16_a0d0562c	HSat3	G1	chr8	53	0				
k16_a0d0562c	HSat3	G1	chr9	49	49	8906.0	8700.816326530612	609.2412224814818	1.0
k16_a0d0562c	HSat3	G1	chr10	59	59	43.0	43.91525423728814	67.8365428884957	1.0
k16_a0d0562c	HSat3	G1	chr11	57	0				
k16_a0d0562c	HSat3	G1	chr12	58	0				
k16_a0d0562c	HSat3	G1	chr13	0	0				
k16_a0d0562c	HSat3	G1	chr14	0	0				
k16_a0d0562c	HSat3	G1	chr15	0	0				
k16_a0d0562c	HSat3	G1	chr16	45	43	0.0	0.0	0.0	0.0
k16_a0d0562c	HSat3	G1	chr17	42	42	4.0	3.9285714285714284	4.402215664492044	0.023809523809523808
k16_a0d0562c	HSat3	G1	chr18	44	0				
k16_a0d0562c	HSat3	G1	chr19	55	0				
k16_a0d0562c	HSat3	G1	chr20	59	59	25.0	26.28813559322034	20.330858972106373	1.0
k16_a0d0562c	HSat3	G1	chr21	0	0				
k16_a0d0562c	HSat3	G1	chr22	0	0				
k16_a0d0562c	HSat3	G1	chrX	44	1	1.0	1.0	2.339405650600409	0.0
k16_a0d0562c	HSat3	G1	chrY	0	0				
k16_a0d0562c	HSat3	G2	chr1	35	35	15.0	15.142857142857142	21.58579602489828	1.0
k16_a0d0562c	HSat3	G2	chr2	41	39	0.0	0.02564102564102564	0.43215417186512123	0.0
k16_a0d0562c	HSat3	G2	chr3	47	47	1.0	0.9574468085106383	5.318994270379371	0.0
k16_a0d0562c	HSat3	G2	chr4	39	39	5.0	5.615384615384615	25.32125328410296	0.02564102564102564
k16_a0d0562c	HSat3	G2	chr5	54	54	16.5	18.87037037037037	56.47448364781049	0.9814814814814815
k16_a0d0562c	HSat3	G2	chr6	44	0				
k16_a0d0562c	HSat3	G2	chr7	54	54	10.0	9.62962962962963	24.007767066671462	0.5740740740740741
k16_a0d0562c	HSat3	G2	chr8	53	0				
k16_a0d0562c	HSat3	G2	chr9	47	47	8123.0	8450.31914893617	609.2666763870549	0.9574468085106383
k16_a0d0562c	HSat3	G2	chr10	54	54	42.0	46.166666666666664	72.14287727556085	1.0
k16_a0d0562c	HSat3	G2	chr11	54	0				
k16_a0d0562c	HSat3	G2	chr12	53	0				
k16_a0d0562c	HSat3	G2	chr13	0	0				
k16_a0d0562c	HSat3	G2	chr14	0	0				
k16_a0d0562c	HSat3	G2	chr15	0	0				
k16_a0d0562c	HSat3	G2	chr16	49	47	0.0	0.0	0.0	0.0
k16_a0d0562c	HSat3	G2	chr17	37	37	4.0	3.972972972972973	5.0689656920333	0.0
k16_a0d0562c	HSat3	G2	chr18	35	0				
k16_a0d0562c	HSat3	G2	chr19	54	0				
k16_a0d0562c	HSat3	G2	chr20	54	54	13.0	12.518518518518519	19.33726667449502	0.8888888888888888
k16_a0d0562c	HSat3	G2	chr21	0	0				
k16_a0d0562c	HSat3	G2	chr22	0	0				
k16_a0d0562c	HSat3	G2	chrX	38	0				
k16_a0d0562c	HSat3	G2	chrY	0	0				
k16_a0d0562c	HSat3	G3	chr1	38	38	14.0	15.763157894736842	19.360763192881393	1.0
k16_a0d0562c	HSat3	G3	chr2	57	56	0.0	0.0	0.0	0.0
k16_a0d0562c	HSat3	G3	chr3	49	48	1.0	0.9583333333333334	5.41411060816116	0.0
k16_a0d0562c	HSat3	G3	chr4	58	58	5.0	5.103448275862069	23.71139578493091	0.017241379310344827
k16_a0d0562c	HSat3	G3	chr5	70	70	16.5	18.2	52.78584987870027	1.0
k16_a0d0562c	HSat3	G3	chr6	57	0				
k16_a0d0562c	HSat3	G3	chr7	70	70	6.0	8.014285714285714	20.770283551764397	0.4714285714285714
k16_a0d0562c	HSat3	G3	chr8	66	0				
k16_a0d0562c	HSat3	G3	chr9	58	58	8943.5	8911.0	615.6119858535668	1.0
k16_a0d0562c	HSat3	G3	chr10	70	70	39.0	41.81428571428572	66.69602172699811	1.0
k16_a0d0562c	HSat3	G3	chr11	69	0				
k16_a0d0562c	HSat3	G3	chr12	70	0				
k16_a0d0562c	HSat3	G3	chr13	0	0				
k16_a0d0562c	HSat3	G3	chr14	0	0				
k16_a0d0562c	HSat3	G3	chr15	0	0				
k16_a0d0562c	HSat3	G3	chr16	60	60	0.0	0.0	0.0	0.0
k16_a0d0562c	HSat3	G3	chr17	44	44	4.0	3.977272727272727	5.029147646550009	0.0
k16_a0d0562c	HSat3	G3	chr18	38	0				
k16_a0d0562c	HSat3	G3	chr19	66	0				
k16_a0d0562c	HSat3	G3	chr20	70	70	47.0	46.542857142857144	42.143235232686344	1.0
k16_a0d0562c	HSat3	G3	chr21	0	0				
k16_a0d0562c	HSat3	G3	chr22	0	0				
k16_a0d0562c	HSat3	G3	chrX	52	0				
k16_a0d0562c	HSat3	G3	chrY	1	1	0.0	0.0	0.0	0.0
k16_a0d0562c	HSat3	G4	chr1	23	22	15.0	14.681818181818182	16.606072496251553	1.0
k16_a0d0562c	HSat3	G4	chr2	31	31	0.0	0.0	0.0	0.0
k16_a0d0562c	HSat3	G4	chr3	28	28	1.0	0.9285714285714286	5.229262955498973	0.0
k16_a0d0562c	HSat3	G4	chr4	28	28	5.5	5.607142857142857	25.78047514893561	0.07142857142857142
k16_a0d0562c	HSat3	G4	chr5	39	39	35.0	44.12820512820513	69.90291577612545	1.0
k16_a0d0562c	HSat3	G4	chr6	30	0				
k16_a0d0562c	HSat3	G4	chr7	39	39	10.0	9.846153846153847	22.29076115286888	0.717948717948718
k16_a0d0562c	HSat3	G4	chr8	36	0				
k16_a0d0562c	HSat3	G4	chr9	27	27	8673.0	8689.962962962964	612.063907465873	1.0
k16_a0d0562c	HSat3	G4	chr10	39	39	41.0	43.92307692307692	69.55163152982935	1.0
k16_a0d0562c	HSat3	G4	chr11	39	0				
k16_a0d0562c	HSat3	G4	chr12	37	0				
k16_a0d0562c	HSat3	G4	chr13	0	0				
k16_a0d0562c	HSat3	G4	chr14	0	0				
k16_a0d0562c	HSat3	G4	chr15	0	0				
k16_a0d0562c	HSat3	G4	chr16	29	29	0.0	0.0	0.0	0.0
k16_a0d0562c	HSat3	G4	chr17	25	25	4.0	3.56	3.9722710486737545	0.0
k16_a0d0562c	HSat3	G4	chr18	27	0				
k16_a0d0562c	HSat3	G4	chr19	35	0				
k16_a0d0562c	HSat3	G4	chr20	39	39	17.0	27.05128205128205	31.1609513051506	0.8461538461538461
k16_a0d0562c	HSat3	G4	chr21	0	0				
k16_a0d0562c	HSat3	G4	chr22	0	0				
k16_a0d0562c	HSat3	G4	chrX	30	0				
k16_a0d0562c	HSat3	G4	chrY	1	1	0.0	0.0	0.0	0.0
k16_a0d0562c	HSat3	G5	chr1	31	30	15.0	15.6	19.052851020994655	1.0
k16_a0d0562c	HSat3	G5	chr2	39	39	0.0	0.10256410256410256	1.7188103597856814	0.0
k16_a0d0562c	HSat3	G5	chr3	26	26	1.0	0.8076923076923077	4.574231610772098	0.0
k16_a0d0562c	HSat3	G5	chr4	40	40	6.0	6.0	28.051871182534814	0.125
k16_a0d0562c	HSat3	G5	chr5	47	47	50.0	51.59574468085106	76.58216785011118	1.0
k16_a0d0562c	HSat3	G5	chr6	37	0				
k16_a0d0562c	HSat3	G5	chr7	47	47	11.0	12.553191489361701	27.51504536671353	0.723404255319149
k16_a0d0562c	HSat3	G5	chr8	45	0				
k16_a0d0562c	HSat3	G5	chr9	40	40	9090.0	9211.375	613.8223643807419	1.0
k16_a0d0562c	HSat3	G5	chr10	47	47	41.0	45.276595744680854	72.26639539600575	0.9574468085106383
k16_a0d0562c	HSat3	G5	chr11	46	0				
k16_a0d0562c	HSat3	G5	chr12	44	0				
k16_a0d0562c	HSat3	G5	chr13	0	0				
k16_a0d0562c	HSat3	G5	chr14	0	0				
k16_a0d0562c	HSat3	G5	chr15	0	0				
k16_a0d0562c	HSat3	G5	chr16	33	33	0.0	0.0	0.0	0.0
k16_a0d0562c	HSat3	G5	chr17	39	39	4.0	4.205128205128205	4.673072423162437	0.0
k16_a0d0562c	HSat3	G5	chr18	39	0				
k16_a0d0562c	HSat3	G5	chr19	46	0				
k16_a0d0562c	HSat3	G5	chr20	47	47	24.0	26.340425531914892	22.635450637174223	1.0
k16_a0d0562c	HSat3	G5	chr21	0	0				
k16_a0d0562c	HSat3	G5	chr22	0	0				
k16_a0d0562c	HSat3	G5	chrX	28	0				
k16_a0d0562c	HSat3	G5	chrY	1	1	0.0	0.0	0.0	0.0
k16_a0d0562c	HSat3	G6	chr1	34	34	15.0	14.970588235294118	18.633737740355084	1.0
k16_a0d0562c	HSat3	G6	chr2	39	38	0.0	0.0	0.0	0.0
k16_a0d0562c	HSat3	G6	chr3	34	34	1.0	0.9411764705882353	5.104751087551267	0.0
k16_a0d0562c	HSat3	G6	chr4	34	34	5.5	5.323529411764706	24.233972172973257	0.058823529411764705
k16_a0d0562c	HSat3	G6	chr5	47	47	49.0	48.48936170212766	69.97982499148128	1.0
k16_a0d0562c	HSat3	G6	chr6	40	0				
k16_a0d0562c	HSat3	G6	chr7	47	47	7.0	9.191489361702128	23.46778836900555	0.44680851063829785
k16_a0d0562c	HSat3	G6	chr8	47	0				
k16_a0d0562c	HSat3	G6	chr9	39	39	7607.0	8040.48717948718	608.7373839633855	1.0
k16_a0d0562c	HSat3	G6	chr10	47	47	40.0	43.08510638297872	67.59580804512957	1.0
k16_a0d0562c	HSat3	G6	chr11	47	0				
k16_a0d0562c	HSat3	G6	chr12	47	0				
k16_a0d0562c	HSat3	G6	chr13	0	0				
k16_a0d0562c	HSat3	G6	chr14	0	0				
k16_a0d0562c	HSat3	G6	chr15	0	0				
k16_a0d0562c	HSat3	G6	chr16	41	41	0.0	0.0	0.0	0.0
k16_a0d0562c	HSat3	G6	chr17	28	28	4.0	3.8214285714285716	4.679689469802117	0.0
k16_a0d0562c	HSat3	G6	chr18	25	0				
k16_a0d0562c	HSat3	G6	chr19	46	0				
k16_a0d0562c	HSat3	G6	chr20	47	47	13.0	12.23404255319149	20.91694046638593	0.9574468085106383
k16_a0d0562c	HSat3	G6	chr21	0	0				
k16_a0d0562c	HSat3	G6	chr22	0	0				
k16_a0d0562c	HSat3	G6	chrX	30	0				
k16_a0d0562c	HSat3	G6	chrY	0	0				
k16_a0d0562c	HSat3	G7	chr1	84	81	15.0	15.074074074074074	20.423937718130286	1.0
k16_a0d0562c	HSat3	G7	chr2	104	103	0.0	0.0	0.0	0.0
k16_a0d0562c	HSat3	G7	chr3	88	86	1.0	0.9186046511627907	5.116659181663552	0.0
k16_a0d0562c	HSat3	G7	chr4	91	91	6.0	5.131868131868132	23.390003923710722	0.01098901098901099
k16_a0d0562c	HSat3	G7	chr5	126	126	49.5	48.63492063492063	70.99142702059292	1.0
k16_a0d0562c	HSat3	G7	chr6	103	0				
k16_a0d0562c	HSat3	G7	chr7	126	126	6.5	8.38888888888889	22.451097389249608	0.47619047619047616
k16_a0d0562c	HSat3	G7	chr8	121	0				
k16_a0d0562c	HSat3	G7	chr9	101	101	8346.0	8717.049504950495	614.4251993680218	1.0
k16_a0d0562c	HSat3	G7	chr10	126	126	44.0	44.48412698412698	69.54313362303063	0.9841269841269841
k16_a0d0562c	HSat3	G7	chr11	125	0				
k16_a0d0562c	HSat3	G7	chr12	126	0				
k16_a0d0562c	HSat3	G7	chr13	0	0				
k16_a0d0562c	HSat3	G7	chr14	0	0				
k16_a0d0562c	HSat3	G7	chr15	0	0				
k16_a0d0562c	HSat3	G7	chr16	109	109	0.0	0.0	0.0	0.0
k16_a0d0562c	HSat3	G7	chr17	77	77	4.0	4.025974025974026	5.161899480433171	0.0
k16_a0d0562c	HSat3	G7	chr18	76	0				
k16_a0d0562c	HSat3	G7	chr19	121	0				
k16_a0d0562c	HSat3	G7	chr20	126	126	46.0	46.87301587301587	42.32691142018054	1.0
k16_a0d0562c	HSat3	G7	chr21	0	0				
k16_a0d0562c	HSat3	G7	chr22	0	0				
k16_a0d0562c	HSat3	G7	chrX	80	0				
k16_a0d0562c	HSat3	G7	chrY	0	0				
k16_a0d0562c	HSat3	NA	chr1	73	71	15.0	15.309859154929578	21.024550524315927	1.0
k16_a0d0562c	HSat3	NA	chr2	92	92	0.0	0.0	0.0	0.0
k16_a0d0562c	HSat3	NA	chr3	80	80	1.0	0.9875	5.323371934293688	0.0
k16_a0d0562c	HSat3	NA	chr4	93	93	4.0	5.161290322580645	24.35307205632622	0.010752688172043012
k16_a0d0562c	HSat3	NA	chr5	115	114	34.5	35.78947368421053	68.53068448800398	0.9824561403508771
k16_a0d0562c	HSat3	NA	chr6	101	0				
k16_a0d0562c	HSat3	NA	chr7	60	60	6.5	7.4	20.00939810784101	0.4166666666666667
k16_a0d0562c	HSat3	NA	chr8	127	0				
k16_a0d0562c	HSat3	NA	chr9	98	97	8611.0	9009.546391752578	614.7799946751886	1.0
k16_a0d0562c	HSat3	NA	chr10	119	118	42.5	45.16949152542373	70.03851158885728	0.9830508474576272
k16_a0d0562c	HSat3	NA	chr11	130	0				
k16_a0d0562c	HSat3	NA	chr12	126	0				
k16_a0d0562c	HSat3	NA	chr13	0	0				
k16_a0d0562c	HSat3	NA	chr14	0	0				
k16_a0d0562c	HSat3	NA	chr15	0	0				
k16_a0d0562c	HSat3	NA	chr16	103	102	0.0	0.0	0.0	0.0
k16_a0d0562c	HSat3	NA	chr17	65	65	4.0	3.9076923076923076	4.7457934426662	0.0
k16_a0d0562c	HSat3	NA	chr18	84	0				
k16_a0d0562c	HSat3	NA	chr19	128	0				
k16_a0d0562c	HSat3	NA	chr20	84	84	41.0	33.523809523809526	32.15786919218005	0.9404761904761905
k16_a0d0562c	HSat3	NA	chr21	0	0				
k16_a0d0562c	HSat3	NA	chr22	0	0				
k16_a0d0562c	HSat3	NA	chrX	91	0				
k16_a0d0562c	HSat3	NA	chrY	1	1	0.0	0.0	0.0	0.0
k16_a0d364c8	HSat2	G1	chr1	102	102	11509.0	11650.245098039215	984.6684660903369	1.0
k16_a0d364c8	HSat2	G1	chr2	128	128	0.0	0.0	0.0	0.0
k16_a0d364c8	HSat2	G1	chr3	107	0				
k16_a0d364c8	HSat2	G1	chr4	124	0				
k16_a0d364c8	HSat2	G1	chr5	153	0				
k16_a0d364c8	HSat2	G1	chr6	131	0				
k16_a0d364c8	HSat2	G1	chr7	158	158	1.0	0.9430379746835443	2.994406027510231	0.0
k16_a0d364c8	HSat2	G1	chr8	153	0				
k16_a0d364c8	HSat2	G1	chr9	132	125	0.0	0.0	0.0	0.0
k16_a0d364c8	HSat2	G1	chr10	158	158	352.0	400.88607594936707	868.21070094773	1.0
k16_a0d364c8	HSat2	G1	chr11	156	0				
k16_a0d364c8	HSat2	G1	chr12	156	0				
k16_a0d364c8	HSat2	G1	chr13	0	0				
k16_a0d364c8	HSat2	G1	chr14	0	0				
k16_a0d364c8	HSat2	G1	chr15	0	0				
k16_a0d364c8	HSat2	G1	chr16	127	127	0.0	0.007874015748031496	0.0008785290579244666	0.0
k16_a0d364c8	HSat2	G1	chr17	109	109	0.0	0.0	0.0	0.0
k16_a0d364c8	HSat2	G1	chr18	103	0				
k16_a0d364c8	HSat2	G1	chr19	151	0				
k16_a0d364c8	HSat2	G1	chr20	142	0				
k16_a0d364c8	HSat2	G1	chr21	0	0				
k16_a0d364c8	HSat2	G1	chr22	0	0				
k16_a0d364c8	HSat2	G1	chrX	98	0				
k16_a0d364c8	HSat2	G1	chrY	1	1	0.0	0.0	0.0	0.0
k16_a0d364c8	HSat2	G2	chr1	25	25	11707.0	11530.04	975.3047766100495	1.0
k16_a0d364c8	HSat2	G2	chr2	31	31	0.0	0.0	0.0	0.0
k16_a0d364c8	HSat2	G2	chr3	23	0				
k16_a0d364c8	HSat2	G2	chr4	31	0				
k16_a0d364c8	HSat2	G2	chr5	42	0				
k16_a0d364c8	HSat2	G2	chr6	35	0				
k16_a0d364c8	HSat2	G2	chr7	42	42	1.0	0.9761904761904762	3.0907955881229925	0.0
k16_a0d364c8	HSat2	G2	chr8	41	0				
k16_a0d364c8	HSat2	G2	chr9	33	30	0.0	0.0	0.0	0.0
k16_a0d364c8	HSat2	G2	chr10	42	42	70.0	146.64285714285714	618.4147216240119	0.9761904761904762
k16_a0d364c8	HSat2	G2	chr11	41	0				
k16_a0d364c8	HSat2	G2	chr12	40	0				
k16_a0d364c8	HSat2	G2	chr13	0	0				
k16_a0d364c8	HSat2	G2	chr14	0	0				
k16_a0d364c8	HSat2	G2	chr15	0	0				
k16_a0d364c8	HSat2	G2	chr16	32	32	0.0	0.0	0.0	0.0
k16_a0d364c8	HSat2	G2	chr17	29	28	0.0	0.0	0.0	0.0
k16_a0d364c8	HSat2	G2	chr18	30	0				
k16_a0d364c8	HSat2	G2	chr19	41	0				
k16_a0d364c8	HSat2	G2	chr20	42	0				
k16_a0d364c8	HSat2	G2	chr21	0	0				
k16_a0d364c8	HSat2	G2	chr22	0	0				
k16_a0d364c8	HSat2	G2	chrX	29	0				
k16_a0d364c8	HSat2	G2	chrY	0	0				
k16_a0d364c8	HSat2	G3	chr1	186	186	12227.0	12317.89247311828	986.6679389134391	1.0
k16_a0d364c8	HSat2	G3	chr2	239	239	0.0	0.0	0.0	0.0
k16_a0d364c8	HSat2	G3	chr3	204	0				
k16_a0d364c8	HSat2	G3	chr4	211	0				
k16_a0d364c8	HSat2	G3	chr5	283	0				
k16_a0d364c8	HSat2	G3	chr6	222	0				
k16_a0d364c8	HSat2	G3	chr7	289	289	1.0	0.9515570934256056	3.018040573483899	0.0
k16_a0d364c8	HSat2	G3	chr8	274	0				
k16_a0d364c8	HSat2	G3	chr9	228	224	0.0	0.0	0.0	0.0
k16_a0d364c8	HSat2	G3	chr10	289	289	854.0	973.0519031141869	927.8340334909444	1.0
k16_a0d364c8	HSat2	G3	chr11	286	0				
k16_a0d364c8	HSat2	G3	chr12	286	0				
k16_a0d364c8	HSat2	G3	chr13	0	0				
k16_a0d364c8	HSat2	G3	chr14	0	0				
k16_a0d364c8	HSat2	G3	chr15	0	0				
k16_a0d364c8	HSat2	G3	chr16	242	242	0.0	0.004132231404958678	0.00047898392022097087	0.0
k16_a0d364c8	HSat2	G3	chr17	172	172	0.0	0.0	0.0	0.0
k16_a0d364c8	HSat2	G3	chr18	182	0				
k16_a0d364c8	HSat2	G3	chr19	277	0				
k16_a0d364c8	HSat2	G3	chr20	268	0				
k16_a0d364c8	HSat2	G3	chr21	0	0				
k16_a0d364c8	HSat2	G3	chr22	0	0				
k16_a0d364c8	HSat2	G3	chrX	203	0				
k16_a0d364c8	HSat2	G3	chrY	3	3	0.0	0.0	0.0	0.0
k16_a0d364c8	HSat2	NA	chr1	45	44	10749.0	11648.704545454546	991.8364446931866	1.0
k16_a0d364c8	HSat2	NA	chr2	58	58	0.0	0.0	0.0	0.0
k16_a0d364c8	HSat2	NA	chr3	53	0				
k16_a0d364c8	HSat2	NA	chr4	65	0				
k16_a0d364c8	HSat2	NA	chr5	79	0				
k16_a0d364c8	HSat2	NA	chr6	64	0				
k16_a0d364c8	HSat2	NA	chr7	13	13	1.0	1.0	3.2407331236329715	0.0
k16_a0d364c8	HSat2	NA	chr8	80	0				
k16_a0d364c8	HSat2	NA	chr9	66	65	0.0	0.0	0.0	0.0
k16_a0d364c8	HSat2	NA	chr10	72	71	687.0	664.1267605633802	904.9742144819787	1.0
k16_a0d364c8	HSat2	NA	chr11	84	0				
k16_a0d364c8	HSat2	NA	chr12	79	0				
k16_a0d364c8	HSat2	NA	chr13	0	0				
k16_a0d364c8	HSat2	NA	chr14	0	0				
k16_a0d364c8	HSat2	NA	chr15	0	0				
k16_a0d364c8	HSat2	NA	chr16	68	67	0.0	0.0	0.0	0.0
k16_a0d364c8	HSat2	NA	chr17	47	47	0.0	0.0	0.0	0.0
k16_a0d364c8	HSat2	NA	chr18	53	0				
k16_a0d364c8	HSat2	NA	chr19	82	0				
k16_a0d364c8	HSat2	NA	chr20	74	0				
k16_a0d364c8	HSat2	NA	chr21	0	0				
k16_a0d364c8	HSat2	NA	chr22	0	0				
k16_a0d364c8	HSat2	NA	chrX	63	0				
k16_a0d364c8	HSat2	NA	chrY	0	0				
k16_a0e834c5	HSat3	G1	chr1	40	39	5.0	5.205128205128205	6.551248513060221	0.05128205128205128
k16_a0e834c5	HSat3	G1	chr2	53	53	0.0	0.018867924528301886	0.30991424982621557	0.0
k16_a0e834c5	HSat3	G1	chr3	35	35	0.0	0.0	0.0	0.0
k16_a0e834c5	HSat3	G1	chr4	48	48	0.0	0.0	0.0	0.0
k16_a0e834c5	HSat3	G1	chr5	59	59	0.0	0.3898305084745763	1.0300564654561832	0.0
k16_a0e834c5	HSat3	G1	chr6	40	0				
k16_a0e834c5	HSat3	G1	chr7	59	59	0.0	0.4406779661016949	0.9893009386487307	0.0
k16_a0e834c5	HSat3	G1	chr8	53	0				
k16_a0e834c5	HSat3	G1	chr9	49	49	32.0	46.775510204081634	3.2752753246881747	0.7346938775510204
k16_a0e834c5	HSat3	G1	chr10	59	59	0.0	0.0	0.0	0.0
k16_a0e834c5	HSat3	G1	chr11	57	0				
k16_a0e834c5	HSat3	G1	chr12	58	0				
k16_a0e834c5	HSat3	G1	chr13	0	0				
k16_a0e834c5	HSat3	G1	chr14	0	0				
k16_a0e834c5	HSat3	G1	chr15	0	0				
k16_a0e834c5	HSat3	G1	chr16	45	43	0.0	0.0	0.0	0.0
k16_a0e834c5	HSat3	G1	chr17	42	42	0.0	0.023809523809523808	0.026680094936315412	0.0
k16_a0e834c5	HSat3	G1	chr18	44	0				
k16_a0e834c5	HSat3	G1	chr19	55	0				
k16_a0e834c5	HSat3	G1	chr20	59	59	0.0	0.0	0.0	0.0
k16_a0e834c5	HSat3	G1	chr21	0	0				
k16_a0e834c5	HSat3	G1	chr22	0	0				
k16_a0e834c5	HSat3	G1	chrX	44	1	0.0	0.0	0.0	0.0
k16_a0e834c5	HSat3	G1	chrY	0	0				
k16_a0e834c5	HSat3	G2	chr1	35	35	5.0	4.485714285714286	6.394282973413264	0.05714285714285714
k16_a0e834c5	HSat3	G2	chr2	41	39	0.0	0.0	0.0	0.0
k16_a0e834c5	HSat3	G2	chr3	47	47	0.0	0.0	0.0	0.0
k16_a0e834c5	HSat3	G2	chr4	39	39	0.0	0.0	0.0	0.0
k16_a0e834c5	HSat3	G2	chr5	54	54	0.0	0.018518518518518517	0.05542147561119773	0.0
k16_a0e834c5	HSat3	G2	chr6	44	0				
k16_a0e834c5	HSat3	G2	chr7	54	54	0.0	0.1111111111111111	0.27701269692313224	0.0
k16_a0e834c5	HSat3	G2	chr8	53	0				
k16_a0e834c5	HSat3	G2	chr9	47	47	50.0	53.61702127659574	3.8657787682584774	0.8297872340425532
k16_a0e834c5	HSat3	G2	chr10	54	54	0.0	0.0	0.0	0.0
k16_a0e834c5	HSat3	G2	chr11	54	0				
k16_a0e834c5	HSat3	G2	chr12	53	0				
k16_a0e834c5	HSat3	G2	chr13	0	0				
k16_a0e834c5	HSat3	G2	chr14	0	0				
k16_a0e834c5	HSat3	G2	chr15	0	0				
k16_a0e834c5	HSat3	G2	chr16	49	47	0.0	0.0	0.0	0.0
k16_a0e834c5	HSat3	G2	chr17	37	37	0.0	0.0	0.0	0.0
k16_a0e834c5	HSat3	G2	chr18	35	0				
k16_a0e834c5	HSat3	G2	chr19	54	0				
k16_a0e834c5	HSat3	G2	chr20	54	54	0.0	0.0	0.0	0.0
k16_a0e834c5	HSat3	G2	chr21	0	0				
k16_a0e834c5	HSat3	G2	chr22	0	0				
k16_a0e834c5	HSat3	G2	chrX	38	0				
k16_a0e834c5	HSat3	G2	chrY	0	0				
k16_a0e834c5	HSat3	G3	chr1	38	38	4.0	4.105263157894737	5.042202100316356	0.02631578947368421
k16_a0e834c5	HSat3	G3	chr2	57	56	0.0	0.0	0.0	0.0
k16_a0e834c5	HSat3	G3	chr3	49	48	0.0	0.0	0.0	0.0
k16_a0e834c5	HSat3	G3	chr4	58	58	0.0	0.0	0.0	0.0
k16_a0e834c5	HSat3	G3	chr5	70	70	0.0	0.014285714285714285	0.041433163170094406	0.0
k16_a0e834c5	HSat3	G3	chr6	57	0				
k16_a0e834c5	HSat3	G3	chr7	70	70	0.0	0.05714285714285714	0.14809471338156432	0.0
k16_a0e834c5	HSat3	G3	chr8	66	0				
k16_a0e834c5	HSat3	G3	chr9	58	58	42.5	44.63793103448276	3.083789178378688	0.8620689655172413
k16_a0e834c5	HSat3	G3	chr10	70	70	0.0	0.0	0.0	0.0
k16_a0e834c5	HSat3	G3	chr11	69	0				
k16_a0e834c5	HSat3	G3	chr12	70	0				
k16_a0e834c5	HSat3	G3	chr13	0	0				
k16_a0e834c5	HSat3	G3	chr14	0	0				
k16_a0e834c5	HSat3	G3	chr15	0	0				
k16_a0e834c5	HSat3	G3	chr16	60	60	0.0	0.0	0.0	0.0
k16_a0e834c5	HSat3	G3	chr17	44	44	0.0	0.0	0.0	0.0
k16_a0e834c5	HSat3	G3	chr18	38	0				
k16_a0e834c5	HSat3	G3	chr19	66	0				
k16_a0e834c5	HSat3	G3	chr20	70	70	0.0	0.014285714285714285	0.012935308542874877	0.0
k16_a0e834c5	HSat3	G3	chr21	0	0				
k16_a0e834c5	HSat3	G3	chr22	0	0				
k16_a0e834c5	HSat3	G3	chrX	52	0				
k16_a0e834c5	HSat3	G3	chrY	1	1	0.0	0.0	0.0	0.0
k16_a0e834c5	HSat3	G4	chr1	23	22	5.0	5.090909090909091	5.758142785077938	0.045454545454545456
k16_a0e834c5	HSat3	G4	chr2	31	31	0.0	0.0	0.0	0.0
k16_a0e834c5	HSat3	G4	chr3	28	28	0.0	0.0	0.0	0.0
k16_a0e834c5	HSat3	G4	chr4	28	28	0.0	0.0	0.0	0.0
k16_a0e834c5	HSat3	G4	chr5	39	39	3.0	4.871794871794871	7.717346889868587	0.1794871794871795
k16_a0e834c5	HSat3	G4	chr6	30	0				
k16_a0e834c5	HSat3	G4	chr7	39	39	0.0	0.1282051282051282	0.2902442858446469	0.0
k16_a0e834c5	HSat3	G4	chr8	36	0				
k16_a0e834c5	HSat3	G4	chr9	27	27	35.0	39.48148148148148	2.7808162049815692	0.7777777777777778
k16_a0e834c5	HSat3	G4	chr10	39	39	0.0	0.0	0.0	0.0
k16_a0e834c5	HSat3	G4	chr11	39	0				
k16_a0e834c5	HSat3	G4	chr12	37	0				
k16_a0e834c5	HSat3	G4	chr13	0	0				
k16_a0e834c5	HSat3	G4	chr14	0	0				
k16_a0e834c5	HSat3	G4	chr15	0	0				
k16_a0e834c5	HSat3	G4	chr16	29	29	0.0	0.0	0.0	0.0
k16_a0e834c5	HSat3	G4	chr17	25	25	0.0	0.0	0.0	0.0
k16_a0e834c5	HSat3	G4	chr18	27	0				
k16_a0e834c5	HSat3	G4	chr19	35	0				
k16_a0e834c5	HSat3	G4	chr20	39	39	0.0	0.0	0.0	0.0
k16_a0e834c5	HSat3	G4	chr21	0	0				
k16_a0e834c5	HSat3	G4	chr22	0	0				
k16_a0e834c5	HSat3	G4	chrX	30	0				
k16_a0e834c5	HSat3	G4	chrY	1	1	0.0	0.0	0.0	0.0
k16_a0e834c5	HSat3	G5	chr1	31	30	5.5	5.166666666666667	6.310239120201221	0.03333333333333333
k16_a0e834c5	HSat3	G5	chr2	39	39	0.0	0.0	0.0	0.0
k16_a0e834c5	HSat3	G5	chr3	26	26	0.0	0.0	0.0	0.0
k16_a0e834c5	HSat3	G5	chr4	40	40	0.0	0.0	0.0	0.0
k16_a0e834c5	HSat3	G5	chr5	47	47	16.0	14.148936170212766	21.000883142401623	0.851063829787234
k16_a0e834c5	HSat3	G5	chr6	37	0				
k16_a0e834c5	HSat3	G5	chr7	47	47	0.0	0.6808510638297872	1.4923414436183609	0.0
k16_a0e834c5	HSat3	G5	chr8	45	0				
k16_a0e834c5	HSat3	G5	chr9	40	40	37.0	39.825	2.653835682670942	0.775
k16_a0e834c5	HSat3	G5	chr10	47	47	0.0	0.0	0.0	0.0
k16_a0e834c5	HSat3	G5	chr11	46	0				
k16_a0e834c5	HSat3	G5	chr12	44	0				
k16_a0e834c5	HSat3	G5	chr13	0	0				
k16_a0e834c5	HSat3	G5	chr14	0	0				
k16_a0e834c5	HSat3	G5	chr15	0	0				
k16_a0e834c5	HSat3	G5	chr16	33	33	0.0	0.0	0.0	0.0
k16_a0e834c5	HSat3	G5	chr17	39	39	0.0	0.02564102564102564	0.028494344043673396	0.0
k16_a0e834c5	HSat3	G5	chr18	39	0				
k16_a0e834c5	HSat3	G5	chr19	46	0				
k16_a0e834c5	HSat3	G5	chr20	47	47	0.0	0.0	0.0	0.0
k16_a0e834c5	HSat3	G5	chr21	0	0				
k16_a0e834c5	HSat3	G5	chr22	0	0				
k16_a0e834c5	HSat3	G5	chrX	28	0				
k16_a0e834c5	HSat3	G5	chrY	1	1	0.0	0.0	0.0	0.0
k16_a0e834c5	HSat3	G6	chr1	34	34	5.0	4.764705882352941	5.9305805774803995	0.0
k16_a0e834c5	HSat3	G6	chr2	39	38	0.0	0.0	0.0	0.0
k16_a0e834c5	HSat3	G6	chr3	34	34	0.0	0.0	0.0	0.0
k16_a0e834c5	HSat3	G6	chr4	34	34	0.0	0.0	0.0	0.0
k16_a0e834c5	HSat3	G6	chr5	47	47	15.0	16.106382978723403	23.24472466807869	0.9787234042553191
k16_a0e834c5	HSat3	G6	chr6	40	0				
k16_a0e834c5	HSat3	G6	chr7	47	47	0.0	0.2978723404255319	0.7605301786251798	0.0
k16_a0e834c5	HSat3	G6	chr8	47	0				
k16_a0e834c5	HSat3	G6	chr9	39	39	45.0	51.02564102564103	3.86310114544385	0.9230769230769231
k16_a0e834c5	HSat3	G6	chr10	47	47	0.0	0.02127659574468085	0.033380645948212134	0.0
k16_a0e834c5	HSat3	G6	chr11	47	0				
k16_a0e834c5	HSat3	G6	chr12	47	0				
k16_a0e834c5	HSat3	G6	chr13	0	0				
k16_a0e834c5	HSat3	G6	chr14	0	0				
k16_a0e834c5	HSat3	G6	chr15	0	0				
k16_a0e834c5	HSat3	G6	chr16	41	41	0.0	0.0	0.0	0.0
k16_a0e834c5	HSat3	G6	chr17	28	28	0.0	0.10714285714285714	0.13120624681688178	0.0
k16_a0e834c5	HSat3	G6	chr18	25	0				
k16_a0e834c5	HSat3	G6	chr19	46	0				
k16_a0e834c5	HSat3	G6	chr20	47	47	0.0	0.0	0.0	0.0
k16_a0e834c5	HSat3	G6	chr21	0	0				
k16_a0e834c5	HSat3	G6	chr22	0	0				
k16_a0e834c5	HSat3	G6	chrX	30	0				
k16_a0e834c5	HSat3	G6	chrY	0	0				
k16_a0e834c5	HSat3	G7	chr1	84	81	3.0	4.061728395061729	5.50325594534387	0.012345679012345678
k16_a0e834c5	HSat3	G7	chr2	104	103	0.0	0.0	0.0	0.0
k16_a0e834c5	HSat3	G7	chr3	88	86	0.0	0.0	0.0	0.0
k16_a0e834c5	HSat3	G7	chr4	91	91	0.0	0.0	0.0	0.0
k16_a0e834c5	HSat3	G7	chr5	126	126	16.0	16.071428571428573	23.459144862385873	0.9761904761904762
k16_a0e834c5	HSat3	G7	chr6	103	0				
k16_a0e834c5	HSat3	G7	chr7	126	126	0.0	0.03968253968253968	0.10620197440515423	0.0
k16_a0e834c5	HSat3	G7	chr8	121	0				
k16_a0e834c5	HSat3	G7	chr9	101	101	38.0	45.31683168316832	3.1941774938693444	0.8217821782178217
k16_a0e834c5	HSat3	G7	chr10	126	126	0.0	0.0	0.0	0.0
k16_a0e834c5	HSat3	G7	chr11	125	0				
k16_a0e834c5	HSat3	G7	chr12	126	0				
k16_a0e834c5	HSat3	G7	chr13	0	0				
k16_a0e834c5	HSat3	G7	chr14	0	0				
k16_a0e834c5	HSat3	G7	chr15	0	0				
k16_a0e834c5	HSat3	G7	chr16	109	109	0.0	0.0	0.0	0.0
k16_a0e834c5	HSat3	G7	chr17	77	77	0.0	0.06493506493506493	0.08325644323279308	0.0
k16_a0e834c5	HSat3	G7	chr18	76	0				
k16_a0e834c5	HSat3	G7	chr19	121	0				
k16_a0e834c5	HSat3	G7	chr20	126	126	0.0	0.007936507936507936	0.007166764547947941	0.0
k16_a0e834c5	HSat3	G7	chr21	0	0				
k16_a0e834c5	HSat3	G7	chr22	0	0				
k16_a0e834c5	HSat3	G7	chrX	80	0				
k16_a0e834c5	HSat3	G7	chrY	0	0				
k16_a0e834c5	HSat3	NA	chr1	73	71	3.0	4.070422535211268	5.589783902049037	0.04225352112676056
k16_a0e834c5	HSat3	NA	chr2	92	92	0.0	0.0	0.0	0.0
k16_a0e834c5	HSat3	NA	chr3	80	80	0.0	0.0	0.0	0.0
k16_a0e834c5	HSat3	NA	chr4	93	93	0.0	0.0	0.0	0.0
k16_a0e834c5	HSat3	NA	chr5	115	114	3.0	7.368421052631579	14.109258571059643	0.41228070175438597
k16_a0e834c5	HSat3	NA	chr6	101	0				
k16_a0e834c5	HSat3	NA	chr7	60	60	0.0	0.0	0.0	0.0
k16_a0e834c5	HSat3	NA	chr8	127	0				
k16_a0e834c5	HSat3	NA	chr9	98	97	34.0	40.824742268041234	2.785737898762306	0.7731958762886598
k16_a0e834c5	HSat3	NA	chr10	119	118	0.0	0.0	0.0	0.0
k16_a0e834c5	HSat3	NA	chr11	130	0				
k16_a0e834c5	HSat3	NA	chr12	126	0				
k16_a0e834c5	HSat3	NA	chr13	0	0				
k16_a0e834c5	HSat3	NA	chr14	0	0				
k16_a0e834c5	HSat3	NA	chr15	0	0				
k16_a0e834c5	HSat3	NA	chr16	103	102	0.0	0.0	0.0	0.0
k16_a0e834c5	HSat3	NA	chr17	65	65	0.0	0.015384615384615385	0.018684226152229134	0.0
k16_a0e834c5	HSat3	NA	chr18	84	0				
k16_a0e834c5	HSat3	NA	chr19	128	0				
k16_a0e834c5	HSat3	NA	chr20	84	84	0.0	0.0	0.0	0.0
k16_a0e834c5	HSat3	NA	chr21	0	0				
k16_a0e834c5	HSat3	NA	chr22	0	0				
k16_a0e834c5	HSat3	NA	chrX	91	0				
k16_a0e834c5	HSat3	NA	chrY	1	1	0.0	0.0	0.0	0.0
k16_b60e8760	HSat2	G1	chr1	102	102	37.5	42.1764705882353	3.5647181883076007	1.0
k16_b60e8760	HSat2	G1	chr2	128	128	3.0	3.9921875	6.024771265609198	0.03125
k16_b60e8760	HSat2	G1	chr3	107	0				
k16_b60e8760	HSat2	G1	chr4	124	0				
k16_b60e8760	HSat2	G1	chr5	153	0				
k16_b60e8760	HSat2	G1	chr6	131	0				
k16_b60e8760	HSat2	G1	chr7	158	158	6.0	5.594936708860759	17.76546931757748	0.0
k16_b60e8760	HSat2	G1	chr8	153	0				
k16_b60e8760	HSat2	G1	chr9	132	125	1.0	1.008	26.503216144244806	0.0
k16_b60e8760	HSat2	G1	chr10	158	158	63.0	64.17721518987342	138.99047217571805	0.9936708860759493
k16_b60e8760	HSat2	G1	chr11	156	0				
k16_b60e8760	HSat2	G1	chr12	156	0				
k16_b60e8760	HSat2	G1	chr13	0	0				
k16_b60e8760	HSat2	G1	chr14	0	0				
k16_b60e8760	HSat2	G1	chr15	0	0				
k16_b60e8760	HSat2	G1	chr16	127	127	1279.0	1344.007874015748	149.95524636806928	1.0
k16_b60e8760	HSat2	G1	chr17	109	109	1.0	1.0	12.017277537591477	0.0
k16_b60e8760	HSat2	G1	chr18	103	0				
k16_b60e8760	HSat2	G1	chr19	151	0				
k16_b60e8760	HSat2	G1	chr20	142	0				
k16_b60e8760	HSat2	G1	chr21	0	0				
k16_b60e8760	HSat2	G1	chr22	0	0				
k16_b60e8760	HSat2	G1	chrX	98	0				
k16_b60e8760	HSat2	G1	chrY	1	1	0.0	0.0	0.0	0.0
k16_b60e8760	HSat2	G2	chr1	25	25	42.0	43.6	3.6880434291813526	1.0
k16_b60e8760	HSat2	G2	chr2	31	31	3.0	3.4838709677419355	4.940770229480478	0.0
k16_b60e8760	HSat2	G2	chr3	23	0				
k16_b60e8760	HSat2	G2	chr4	31	0				
k16_b60e8760	HSat2	G2	chr5	42	0				
k16_b60e8760	HSat2	G2	chr6	35	0				
k16_b60e8760	HSat2	G2	chr7	42	42	6.0	5.595238095238095	17.71553568802203	0.0
k16_b60e8760	HSat2	G2	chr8	41	0				
k16_b60e8760	HSat2	G2	chr9	33	30	1.0	1.0333333333333334	26.477441220080493	0.0
k16_b60e8760	HSat2	G2	chr10	42	42	30.0	43.333333333333336	182.74310656855036	0.9285714285714286
k16_b60e8760	HSat2	G2	chr11	41	0				
k16_b60e8760	HSat2	G2	chr12	40	0				
k16_b60e8760	HSat2	G2	chr13	0	0				
k16_b60e8760	HSat2	G2	chr14	0	0				
k16_b60e8760	HSat2	G2	chr15	0	0				
k16_b60e8760	HSat2	G2	chr16	32	32	1290.0	1319.6875	150.38957791606933	1.0
k16_b60e8760	HSat2	G2	chr17	29	28	1.0	1.0	11.927760371294141	0.0
k16_b60e8760	HSat2	G2	chr18	30	0				
k16_b60e8760	HSat2	G2	chr19	41	0				
k16_b60e8760	HSat2	G2	chr20	42	0				
k16_b60e8760	HSat2	G2	chr21	0	0				
k16_b60e8760	HSat2	G2	chr22	0	0				
k16_b60e8760	HSat2	G2	chrX	29	0				
k16_b60e8760	HSat2	G2	chrY	0	0				
k16_b60e8760	HSat2	G3	chr1	186	186	42.0	44.70967741935484	3.5812624087367264	1.0
k16_b60e8760	HSat2	G3	chr2	239	239	3.0	4.00836820083682	5.875934476755425	0.0502092050209205
k16_b60e8760	HSat2	G3	chr3	204	0				
k16_b60e8760	HSat2	G3	chr4	211	0				
k16_b60e8760	HSat2	G3	chr5	283	0				
k16_b60e8760	HSat2	G3	chr6	222	0				
k16_b60e8760	HSat2	G3	chr7	289	289	6.0	5.539792387543253	17.570483484173536	0.0
k16_b60e8760	HSat2	G3	chr8	274	0				
k16_b60e8760	HSat2	G3	chr9	228	224	1.0	1.0357142857142858	26.880331313987064	0.0
k16_b60e8760	HSat2	G3	chr10	289	289	16.0	15.636678200692042	14.91003939143983	1.0
k16_b60e8760	HSat2	G3	chr11	286	0				
k16_b60e8760	HSat2	G3	chr12	286	0				
k16_b60e8760	HSat2	G3	chr13	0	0				
k16_b60e8760	HSat2	G3	chr14	0	0				
k16_b60e8760	HSat2	G3	chr15	0	0				
k16_b60e8760	HSat2	G3	chr16	242	242	1269.5	1290.309917355372	149.56512400859927	1.0
k16_b60e8760	HSat2	G3	chr17	172	172	1.0	0.9651162790697675	11.575295975436942	0.0
k16_b60e8760	HSat2	G3	chr18	182	0				
k16_b60e8760	HSat2	G3	chr19	277	0				
k16_b60e8760	HSat2	G3	chr20	268	0				
k16_b60e8760	HSat2	G3	chr21	0	0				
k16_b60e8760	HSat2	G3	chr22	0	0				
k16_b60e8760	HSat2	G3	chrX	203	0				
k16_b60e8760	HSat2	G3	chrY	3	3	0.0	0.0	0.0	0.0
k16_b60e8760	HSat2	NA	chr1	45	44	35.0	37.84090909090909	3.221988555914637	1.0
k16_b60e8760	HSat2	NA	chr2	58	58	3.0	3.189655172413793	4.556474159902539	0.0
k16_b60e8760	HSat2	NA	chr3	53	0				
k16_b60e8760	HSat2	NA	chr4	65	0				
k16_b60e8760	HSat2	NA	chr5	79	0				
k16_b60e8760	HSat2	NA	chr6	64	0				
k16_b60e8760	HSat2	NA	chr7	13	13	6.0	5.615384615384615	18.19796292501592	0.0
k16_b60e8760	HSat2	NA	chr8	80	0				
k16_b60e8760	HSat2	NA	chr9	66	65	1.0	1.0153846153846153	26.450414490017973	0.0
k16_b60e8760	HSat2	NA	chr10	72	71	17.0	33.352112676056336	45.44735096162123	0.9859154929577465
k16_b60e8760	HSat2	NA	chr11	84	0				
k16_b60e8760	HSat2	NA	chr12	79	0				
k16_b60e8760	HSat2	NA	chr13	0	0				
k16_b60e8760	HSat2	NA	chr14	0	0				
k16_b60e8760	HSat2	NA	chr15	0	0				
k16_b60e8760	HSat2	NA	chr16	68	67	1259.0	1339.1194029850747	149.12306443511198	1.0
k16_b60e8760	HSat2	NA	chr17	47	47	1.0	1.0	12.026528987645172	0.0
k16_b60e8760	HSat2	NA	chr18	53	0				
k16_b60e8760	HSat2	NA	chr19	82	0				
k16_b60e8760	HSat2	NA	chr20	74	0				
k16_b60e8760	HSat2	NA	chr21	0	0				
k16_b60e8760	HSat2	NA	chr22	0	0				
k16_b60e8760	HSat2	NA	chrX	63	0				
k16_b60e8760	HSat2	NA	chrY	0	0				
k16_c1fd4350	HSat3	G1	chr1	40	39	0.0	0.0	0.0	0.0
k16_c1fd4350	HSat3	G1	chr2	53	53	0.0	0.0	0.0	0.0
k16_c1fd4350	HSat3	G1	chr3	35	35	0.0	0.0	0.0	0.0
k16_c1fd4350	HSat3	G1	chr4	48	48	0.0	0.0	0.0	0.0
k16_c1fd4350	HSat3	G1	chr5	59	59	0.0	0.0	0.0	0.0
k16_c1fd4350	HSat3	G1	chr6	40	0				
k16_c1fd4350	HSat3	G1	chr7	59	59	0.0	0.0	0.0	0.0
k16_c1fd4350	HSat3	G1	chr8	53	0				
k16_c1fd4350	HSat3	G1	chr9	49	49	0.0	0.0	0.0	0.0
k16_c1fd4350	HSat3	G1	chr10	59	59	0.0	0.0	0.0	0.0
k16_c1fd4350	HSat3	G1	chr11	57	0				
k16_c1fd4350	HSat3	G1	chr12	58	0				
k16_c1fd4350	HSat3	G1	chr13	0	0				
k16_c1fd4350	HSat3	G1	chr14	0	0				
k16_c1fd4350	HSat3	G1	chr15	0	0				
k16_c1fd4350	HSat3	G1	chr16	45	43	0.0	0.0	0.0	0.0
k16_c1fd4350	HSat3	G1	chr17	42	42	0.0	0.0	0.0	0.0
k16_c1fd4350	HSat3	G1	chr18	44	0				
k16_c1fd4350	HSat3	G1	chr19	55	0				
k16_c1fd4350	HSat3	G1	chr20	59	59	81.0	72.67796610169492	56.20807432133601	1.0
k16_c1fd4350	HSat3	G1	chr21	0	0				
k16_c1fd4350	HSat3	G1	chr22	0	0				
k16_c1fd4350	HSat3	G1	chrX	44	1	0.0	0.0	0.0	0.0
k16_c1fd4350	HSat3	G1	chrY	0	0				
k16_c1fd4350	HSat3	G2	chr1	35	35	0.0	0.0	0.0	0.0
k16_c1fd4350	HSat3	G2	chr2	41	39	0.0	0.0	0.0	0.0
k16_c1fd4350	HSat3	G2	chr3	47	47	0.0	0.0	0.0	0.0
k16_c1fd4350	HSat3	G2	chr4	39	39	0.0	0.0	0.0	0.0
k16_c1fd4350	HSat3	G2	chr5	54	54	0.0	0.0	0.0	0.0
k16_c1fd4350	HSat3	G2	chr6	44	0				
k16_c1fd4350	HSat3	G2	chr7	54	54	0.0	0.0	0.0	0.0
k16_c1fd4350	HSat3	G2	chr8	53	0				
k16_c1fd4350	HSat3	G2	chr9	47	47	0.0	0.0	0.0	0.0
k16_c1fd4350	HSat3	G2	chr10	54	54	0.0	0.0	0.0	0.0
k16_c1fd4350	HSat3	G2	chr11	54	0				
k16_c1fd4350	HSat3	G2	chr12	53	0				
k16_c1fd4350	HSat3	G2	chr13	0	0				
k16_c1fd4350	HSat3	G2	chr14	0	0				
k16_c1fd4350	HSat3	G2	chr15	0	0				
k16_c1fd4350	HSat3	G2	chr16	49	47	0.0	0.0	0.0	0.0
k16_c1fd4350	HSat3	G2	chr17	37	37	0.0	0.0	0.0	0.0
k16_c1fd4350	HSat3	G2	chr18	35	0				
k16_c1fd4350	HSat3	G2	chr19	54	0				
k16_c1fd4350	HSat3	G2	chr20	54	54	3.0	4.037037037037037	6.235982448283897	0.09259259259259259
k16_c1fd4350	HSat3	G2	chr21	0	0				
k16_c1fd4350	HSat3	G2	chr22	0	0				
k16_c1fd4350	HSat3	G2	chrX	38	0				
k16_c1fd4350	HSat3	G2	chrY	0	0				
k16_c1fd4350	HSat3	G3	chr1	38	38	0.0	0.0	0.0	0.0
k16_c1fd4350	HSat3	G3	chr2	57	56	0.0	0.0	0.0	0.0
k16_c1fd4350	HSat3	G3	chr3	49	48	0.0	0.0	0.0	0.0
k16_c1fd4350	HSat3	G3	chr4	58	58	0.0	0.0	0.0	0.0
k16_c1fd4350	HSat3	G3	chr5	70	70	0.0	0.0	0.0	0.0
k16_c1fd4350	HSat3	G3	chr6	57	0				
k16_c1fd4350	HSat3	G3	chr7	70	70	0.0	0.0	0.0	0.0
k16_c1fd4350	HSat3	G3	chr8	66	0				
k16_c1fd4350	HSat3	G3	chr9	58	58	0.0	0.0	0.0	0.0
k16_c1fd4350	HSat3	G3	chr10	70	70	0.0	0.0	0.0	0.0
k16_c1fd4350	HSat3	G3	chr11	69	0				
k16_c1fd4350	HSat3	G3	chr12	70	0				
k16_c1fd4350	HSat3	G3	chr13	0	0				
k16_c1fd4350	HSat3	G3	chr14	0	0				
k16_c1fd4350	HSat3	G3	chr15	0	0				
k16_c1fd4350	HSat3	G3	chr16	60	60	0.0	0.0	0.0	0.0
k16_c1fd4350	HSat3	G3	chr17	44	44	0.0	0.0	0.0	0.0
k16_c1fd4350	HSat3	G3	chr18	38	0				
k16_c1fd4350	HSat3	G3	chr19	66	0				
k16_c1fd4350	HSat3	G3	chr20	70	70	0.0	0.02857142857142857	0.025870617085749753	0.0
k16_c1fd4350	HSat3	G3	chr21	0	0				
k16_c1fd4350	HSat3	G3	chr22	0	0				
k16_c1fd4350	HSat3	G3	chrX	52	0				
k16_c1fd4350	HSat3	G3	chrY	1	1	0.0	0.0	0.0	0.0
k16_c1fd4350	HSat3	G4	chr1	23	22	0.0	0.0	0.0	0.0
k16_c1fd4350	HSat3	G4	chr2	31	31	0.0	0.0	0.0	0.0
k16_c1fd4350	HSat3	G4	chr3	28	28	0.0	0.0	0.0	0.0
k16_c1fd4350	HSat3	G4	chr4	28	28	0.0	0.0	0.0	0.0
k16_c1fd4350	HSat3	G4	chr5	39	39	0.0	0.0	0.0	0.0
k16_c1fd4350	HSat3	G4	chr6	30	0				
k16_c1fd4350	HSat3	G4	chr7	39	39	0.0	0.0	0.0	0.0
k16_c1fd4350	HSat3	G4	chr8	36	0				
k16_c1fd4350	HSat3	G4	chr9	27	27	0.0	0.0	0.0	0.0
k16_c1fd4350	HSat3	G4	chr10	39	39	0.0	0.0	0.0	0.0
k16_c1fd4350	HSat3	G4	chr11	39	0				
k16_c1fd4350	HSat3	G4	chr12	37	0				
k16_c1fd4350	HSat3	G4	chr13	0	0				
k16_c1fd4350	HSat3	G4	chr14	0	0				
k16_c1fd4350	HSat3	G4	chr15	0	0				
k16_c1fd4350	HSat3	G4	chr16	29	29	0.0	0.0	0.0	0.0
k16_c1fd4350	HSat3	G4	chr17	25	25	0.0	0.0	0.0	0.0
k16_c1fd4350	HSat3	G4	chr18	27	0				
k16_c1fd4350	HSat3	G4	chr19	35	0				
k16_c1fd4350	HSat3	G4	chr20	39	39	3.0	5.384615384615385	6.20265381429538	0.23076923076923078
k16_c1fd4350	HSat3	G4	chr21	0	0				
k16_c1fd4350	HSat3	G4	chr22	0	0				
k16_c1fd4350	HSat3	G4	chrX	30	0				
k16_c1fd4350	HSat3	G4	chrY	1	1	0.0	0.0	0.0	0.0
k16_c1fd4350	HSat3	G5	chr1	31	30	0.0	0.0	0.0	0.0
k16_c1fd4350	HSat3	G5	chr2	39	39	0.0	0.0	0.0	0.0
k16_c1fd4350	HSat3	G5	chr3	26	26	0.0	0.0	0.0	0.0
k16_c1fd4350	HSat3	G5	chr4	40	40	0.0	0.0	0.0	0.0
k16_c1fd4350	HSat3	G5	chr5	47	47	0.0	0.0	0.0	0.0
k16_c1fd4350	HSat3	G5	chr6	37	0				
k16_c1fd4350	HSat3	G5	chr7	47	47	0.0	0.0	0.0	0.0
k16_c1fd4350	HSat3	G5	chr8	45	0				
k16_c1fd4350	HSat3	G5	chr9	40	40	0.0	0.0	0.0	0.0
k16_c1fd4350	HSat3	G5	chr10	47	47	0.0	0.0	0.0	0.0
k16_c1fd4350	HSat3	G5	chr11	46	0				
k16_c1fd4350	HSat3	G5	chr12	44	0				
k16_c1fd4350	HSat3	G5	chr13	0	0				
k16_c1fd4350	HSat3	G5	chr14	0	0				
k16_c1fd4350	HSat3	G5	chr15	0	0				
k16_c1fd4350	HSat3	G5	chr16	33	33	0.0	0.0	0.0	0.0
k16_c1fd4350	HSat3	G5	chr17	39	39	0.0	0.0	0.0	0.0
k16_c1fd4350	HSat3	G5	chr18	39	0				
k16_c1fd4350	HSat3	G5	chr19	46	0				
k16_c1fd4350	HSat3	G5	chr20	47	47	49.0	57.02127659574468	49.000813980312536	1.0
k16_c1fd4350	HSat3	G5	chr21	0	0				
k16_c1fd4350	HSat3	G5	chr22	0	0				
k16_c1fd4350	HSat3	G5	chrX	28	0				
k16_c1fd4350	HSat3	G5	chrY	1	1	0.0	0.0	0.0	0.0
k16_c1fd4350	HSat3	G6	chr1	34	34	0.0	0.0	0.0	0.0
k16_c1fd4350	HSat3	G6	chr2	39	38	0.0	0.0	0.0	0.0
k16_c1fd4350	HSat3	G6	chr3	34	34	0.0	0.0	0.0	0.0
k16_c1fd4350	HSat3	G6	chr4	34	34	0.0	0.0	0.0	0.0
k16_c1fd4350	HSat3	G6	chr5	47	47	0.0	0.0	0.0	0.0
k16_c1fd4350	HSat3	G6	chr6	40	0				
k16_c1fd4350	HSat3	G6	chr7	47	47	0.0	0.0	0.0	0.0
k16_c1fd4350	HSat3	G6	chr8	47	0				
k16_c1fd4350	HSat3	G6	chr9	39	39	0.0	0.0	0.0	0.0
k16_c1fd4350	HSat3	G6	chr10	47	47	0.0	0.0	0.0	0.0
k16_c1fd4350	HSat3	G6	chr11	47	0				
k16_c1fd4350	HSat3	G6	chr12	47	0				
k16_c1fd4350	HSat3	G6	chr13	0	0				
k16_c1fd4350	HSat3	G6	chr14	0	0				
k16_c1fd4350	HSat3	G6	chr15	0	0				
k16_c1fd4350	HSat3	G6	chr16	41	41	0.0	0.0	0.0	0.0
k16_c1fd4350	HSat3	G6	chr17	28	28	0.0	0.0	0.0	0.0
k16_c1fd4350	HSat3	G6	chr18	25	0				
k16_c1fd4350	HSat3	G6	chr19	46	0				
k16_c1fd4350	HSat3	G6	chr20	47	47	3.0	3.127659574468085	5.347461301841273	0.0
k16_c1fd4350	HSat3	G6	chr21	0	0				
k16_c1fd4350	HSat3	G6	chr22	0	0				
k16_c1fd4350	HSat3	G6	chrX	30	0				
k16_c1fd4350	HSat3	G6	chrY	0	0				
k16_c1fd4350	HSat3	G7	chr1	84	81	0.0	0.0	0.0	0.0
k16_c1fd4350	HSat3	G7	chr2	104	103	0.0	0.0	0.0	0.0
k16_c1fd4350	HSat3	G7	chr3	88	86	0.0	0.0	0.0	0.0
k16_c1fd4350	HSat3	G7	chr4	91	91	0.0	0.0	0.0	0.0
k16_c1fd4350	HSat3	G7	chr5	126	126	0.0	0.0	0.0	0.0
k16_c1fd4350	HSat3	G7	chr6	103	0				
k16_c1fd4350	HSat3	G7	chr7	126	126	0.0	0.0	0.0	0.0
k16_c1fd4350	HSat3	G7	chr8	121	0				
k16_c1fd4350	HSat3	G7	chr9	101	101	0.0	0.0	0.0	0.0
k16_c1fd4350	HSat3	G7	chr10	126	126	0.0	0.0	0.0	0.0
k16_c1fd4350	HSat3	G7	chr11	125	0				
k16_c1fd4350	HSat3	G7	chr12	126	0				
k16_c1fd4350	HSat3	G7	chr13	0	0				
k16_c1fd4350	HSat3	G7	chr14	0	0				
k16_c1fd4350	HSat3	G7	chr15	0	0				
k16_c1fd4350	HSat3	G7	chr16	109	109	0.0	0.0	0.0	0.0
k16_c1fd4350	HSat3	G7	chr17	77	77	0.0	0.0	0.0	0.0
k16_c1fd4350	HSat3	G7	chr18	76	0				
k16_c1fd4350	HSat3	G7	chr19	121	0				
k16_c1fd4350	HSat3	G7	chr20	126	126	0.0	0.007936507936507936	0.007166764547947941	0.0
k16_c1fd4350	HSat3	G7	chr21	0	0				
k16_c1fd4350	HSat3	G7	chr22	0	0				
k16_c1fd4350	HSat3	G7	chrX	80	0				
k16_c1fd4350	HSat3	G7	chrY	0	0				
k16_c1fd4350	HSat3	NA	chr1	73	71	0.0	0.0	0.0	0.0
k16_c1fd4350	HSat3	NA	chr2	92	92	0.0	0.0	0.0	0.0
k16_c1fd4350	HSat3	NA	chr3	80	80	0.0	0.0	0.0	0.0
k16_c1fd4350	HSat3	NA	chr4	93	93	0.0	0.0	0.0	0.0
k16_c1fd4350	HSat3	NA	chr5	115	114	0.0	0.0	0.0	0.0
k16_c1fd4350	HSat3	NA	chr6	101	0				
k16_c1fd4350	HSat3	NA	chr7	60	60	0.0	0.0	0.0	0.0
k16_c1fd4350	HSat3	NA	chr8	127	0				
k16_c1fd4350	HSat3	NA	chr9	98	97	0.0	0.0	0.0	0.0
k16_c1fd4350	HSat3	NA	chr10	119	118	0.0	0.0	0.0	0.0
k16_c1fd4350	HSat3	NA	chr11	130	0				
k16_c1fd4350	HSat3	NA	chr12	126	0				
k16_c1fd4350	HSat3	NA	chr13	0	0				
k16_c1fd4350	HSat3	NA	chr14	0	0				
k16_c1fd4350	HSat3	NA	chr15	0	0				
k16_c1fd4350	HSat3	NA	chr16	103	102	0.0	0.0	0.0	0.0
k16_c1fd4350	HSat3	NA	chr17	65	65	0.0	0.0	0.0	0.0
k16_c1fd4350	HSat3	NA	chr18	84	0				
k16_c1fd4350	HSat3	NA	chr19	128	0				
k16_c1fd4350	HSat3	NA	chr20	84	84	0.0	17.297619047619047	16.59282100008438	0.2261904761904762
k16_c1fd4350	HSat3	NA	chr21	0	0				
k16_c1fd4350	HSat3	NA	chr22	0	0				
k16_c1fd4350	HSat3	NA	chrX	91	0				
k16_c1fd4350	HSat3	NA	chrY	1	1	0.0	0.0	0.0	0.0
k16_d34583a0	HSat2	G1	chr1	102	102	153.0	190.4607843137255	16.09757792753411	1.0
k16_d34583a0	HSat2	G1	chr2	128	128	14.0	14.109375	21.293027212701	0.9296875
k16_d34583a0	HSat2	G1	chr3	107	0				
k16_d34583a0	HSat2	G1	chr4	124	0				
k16_d34583a0	HSat2	G1	chr5	153	0				
k16_d34583a0	HSat2	G1	chr6	131	0				
k16_d34583a0	HSat2	G1	chr7	158	158	9.0	8.645569620253164	27.452071366301848	0.06962025316455696
k16_d34583a0	HSat2	G1	chr8	153	0				
k16_d34583a0	HSat2	G1	chr9	132	125	0.0	0.0	0.0	0.0
k16_d34583a0	HSat2	G1	chr10	158	158	19.0	24.0126582278481	52.00491631505664	0.8227848101265823
k16_d34583a0	HSat2	G1	chr11	156	0				
k16_d34583a0	HSat2	G1	chr12	156	0				
k16_d34583a0	HSat2	G1	chr13	0	0				
k16_d34583a0	HSat2	G1	chr14	0	0				
k16_d34583a0	HSat2	G1	chr15	0	0				
k16_d34583a0	HSat2	G1	chr16	127	127	61.0	67.20472440944881	7.498245509385323	1.0
k16_d34583a0	HSat2	G1	chr17	109	109	3.0	2.963302752293578	35.61083160222062	0.0
k16_d34583a0	HSat2	G1	chr18	103	0				
k16_d34583a0	HSat2	G1	chr19	151	0				
k16_d34583a0	HSat2	G1	chr20	142	0				
k16_d34583a0	HSat2	G1	chr21	0	0				
k16_d34583a0	HSat2	G1	chr22	0	0				
k16_d34583a0	HSat2	G1	chrX	98	0				
k16_d34583a0	HSat2	G1	chrY	1	1	0.0	0.0	0.0	0.0
k16_d34583a0	HSat2	G2	chr1	25	25	177.0	207.32	17.53681568206142	1.0
k16_d34583a0	HSat2	G2	chr2	31	31	14.0	14.451612903225806	20.495046877844945	0.9354838709677419
k16_d34583a0	HSat2	G2	chr3	23	0				
k16_d34583a0	HSat2	G2	chr4	31	0				
k16_d34583a0	HSat2	G2	chr5	42	0				
k16_d34583a0	HSat2	G2	chr6	35	0				
k16_d34583a0	HSat2	G2	chr7	42	42	9.0	8.523809523809524	26.987922452391008	0.047619047619047616
k16_d34583a0	HSat2	G2	chr8	41	0				
k16_d34583a0	HSat2	G2	chr9	33	30	0.0	0.0	0.0	0.0
k16_d34583a0	HSat2	G2	chr10	42	42	2.0	1.7619047619047619	7.430214223116882	0.0
k16_d34583a0	HSat2	G2	chr11	41	0				
k16_d34583a0	HSat2	G2	chr12	40	0				
k16_d34583a0	HSat2	G2	chr13	0	0				
k16_d34583a0	HSat2	G2	chr14	0	0				
k16_d34583a0	HSat2	G2	chr15	0	0				
k16_d34583a0	HSat2	G2	chr16	32	32	62.5	67.1875	7.656585188717713	1.0
k16_d34583a0	HSat2	G2	chr17	29	28	3.0	3.0	35.783281113882424	0.0
k16_d34583a0	HSat2	G2	chr18	30	0				
k16_d34583a0	HSat2	G2	chr19	41	0				
k16_d34583a0	HSat2	G2	chr20	42	0				
k16_d34583a0	HSat2	G2	chr21	0	0				
k16_d34583a0	HSat2	G2	chr22	0	0				
k16_d34583a0	HSat2	G2	chrX	29	0				
k16_d34583a0	HSat2	G2	chrY	0	0				
k16_d34583a0	HSat2	G3	chr1	186	186	153.5	193.49462365591398	15.498993998368782	1.0
k16_d34583a0	HSat2	G3	chr2	239	239	14.0	14.129707112970712	20.712975707727633	0.9330543933054394
k16_d34583a0	HSat2	G3	chr3	204	0				
k16_d34583a0	HSat2	G3	chr4	211	0				
k16_d34583a0	HSat2	G3	chr5	283	0				
k16_d34583a0	HSat2	G3	chr6	222	0				
k16_d34583a0	HSat2	G3	chr7	289	289	9.0	8.778546712802768	27.84279612701328	0.05190311418685121
k16_d34583a0	HSat2	G3	chr8	274	0				
k16_d34583a0	HSat2	G3	chr9	228	224	0.0	0.0	0.0	0.0
k16_d34583a0	HSat2	G3	chr10	289	289	2.0	2.2595155709342563	2.1545155394136333	0.0
k16_d34583a0	HSat2	G3	chr11	286	0				
k16_d34583a0	HSat2	G3	chr12	286	0				
k16_d34583a0	HSat2	G3	chr13	0	0				
k16_d34583a0	HSat2	G3	chr14	0	0				
k16_d34583a0	HSat2	G3	chr15	0	0				
k16_d34583a0	HSat2	G3	chr16	242	242	60.0	63.36363636363637	7.3447394326683675	1.0
k16_d34583a0	HSat2	G3	chr17	172	172	3.0	2.988372093023256	35.841579104666195	0.0
k16_d34583a0	HSat2	G3	chr18	182	0				
k16_d34583a0	HSat2	G3	chr19	277	0				
k16_d34583a0	HSat2	G3	chr20	268	0				
k16_d34583a0	HSat2	G3	chr21	0	0				
k16_d34583a0	HSat2	G3	chr22	0	0				
k16_d34583a0	HSat2	G3	chrX	203	0				
k16_d34583a0	HSat2	G3	chrY	3	3	0.0	0.0	0.0	0.0
k16_d34583a0	HSat2	NA	chr1	45	44	115.5	175.72727272727272	14.962411720319505	1.0
k16_d34583a0	HSat2	NA	chr2	58	58	14.0	14.327586206896552	20.467189334481137	0.9655172413793104
k16_d34583a0	HSat2	NA	chr3	53	0				
k16_d34583a0	HSat2	NA	chr4	65	0				
k16_d34583a0	HSat2	NA	chr5	79	0				
k16_d34583a0	HSat2	NA	chr6	64	0				
k16_d34583a0	HSat2	NA	chr7	13	13	9.0	8.461538461538462	27.42158796920207	0.07692307692307693
k16_d34583a0	HSat2	NA	chr8	80	0				
k16_d34583a0	HSat2	NA	chr9	66	65	0.0	0.0	0.0	0.0
k16_d34583a0	HSat2	NA	chr10	72	71	3.0	9.71830985915493	13.242682501485916	0.28169014084507044
k16_d34583a0	HSat2	NA	chr11	84	0				
k16_d34583a0	HSat2	NA	chr12	79	0				
k16_d34583a0	HSat2	NA	chr13	0	0				
k16_d34583a0	HSat2	NA	chr14	0	0				
k16_d34583a0	HSat2	NA	chr15	0	0				
k16_d34583a0	HSat2	NA	chr16	68	67	64.0	67.4776119402985	7.514242756000727	1.0
k16_d34583a0	HSat2	NA	chr17	47	47	3.0	2.9361702127659575	35.311936176490086	0.0
k16_d34583a0	HSat2	NA	chr18	53	0				
k16_d34583a0	HSat2	NA	chr19	82	0				
k16_d34583a0	HSat2	NA	chr20	74	0				
k16_d34583a0	HSat2	NA	chr21	0	0				
k16_d34583a0	HSat2	NA	chr22	0	0				
k16_d34583a0	HSat2	NA	chrX	63	0				
k16_d34583a0	HSat2	NA	chrY	0	0				
