sample	hap	chromosome	t2t_pass	in_filtered_fasta	status	HSat2_raw_regions	HSat3_raw_regions
CHM13	chm13v2.0	chr1	1	1	PASS	7	4
CHM13	chm13v2.0	chr10	1	1	PASS	4	6
CHM13	chm13v2.0	chr11	1	1	PASS	0	0
CHM13	chm13v2.0	chr12	1	1	PASS	0	0
CHM13	chm13v2.0	chr13	1	1	PASS	0	16
CHM13	chm13v2.0	chr14	1	1	PASS	0	26
CHM13	chm13v2.0	chr15	1	1	PASS	0	14
CHM13	chm13v2.0	chr16	1	1	PASS	19	5
CHM13	chm13v2.0	chr17	1	1	PASS	2	5
CHM13	chm13v2.0	chr18	1	1	PASS	0	0
CHM13	chm13v2.0	chr19	1	1	PASS	0	0
CHM13	chm13v2.0	chr2	1	1	PASS	11	4
CHM13	chm13v2.0	chr20	1	1	PASS	0	3
CHM13	chm13v2.0	chr21	1	1	PASS	0	18
CHM13	chm13v2.0	chr22	1	1	PASS	6	22
CHM13	chm13v2.0	chr3	1	1	PASS	0	1
CHM13	chm13v2.0	chr4	1	1	PASS	0	2
CHM13	chm13v2.0	chr5	1	1	PASS	0	1
CHM13	chm13v2.0	chr6	1	1	PASS	0	0
CHM13	chm13v2.0	chr7	1	1	PASS	21	18
CHM13	chm13v2.0	chr8	1	1	PASS	0	0
CHM13	chm13v2.0	chr9	1	1	PASS	1	242
CHM13	chm13v2.0	chrX	1	1	PASS	0	0
CHM13	chm13v2.0	chrY	1	1	PASS	1	49
HG00096	HG00096_hap1	chr10	1	1	PASS	3	6
HG00096	HG00096_hap1	chr11	1	1	PASS	0	0
HG00096	HG00096_hap1	chr12	1	1	PASS	0	0
HG00096	HG00096_hap1	chr17	1	1	PASS	2	5
HG00096	HG00096_hap1	chr18	1	1	PASS	0	0
HG00096	HG00096_hap1	chr19	1	1	PASS	0	0
HG00096	HG00096_hap1	chr20	1	1	PASS	0	3
HG00096	HG00096_hap1	chr3	1	1	PASS	0	1
HG00096	HG00096_hap1	chr4	1	1	PASS	0	2
HG00096	HG00096_hap1	chr5	1	1	PASS	0	1
HG00096	HG00096_hap1	chr6	1	1	PASS	0	0
HG00096	HG00096_hap1	chr8	1	1	PASS	0	0
HG00096	HG00096_hap1	chr9	1	1	PASS	1	134
HG00096	HG00096_hap2	chr1	1	1	PASS	9	5
HG00096	HG00096_hap2	chr10	1	1	PASS	4	6
HG00096	HG00096_hap2	chr11	1	1	PASS	0	0
HG00096	HG00096_hap2	chr12	1	1	PASS	0	0
HG00096	HG00096_hap2	chr17	1	1	PASS	2	5
HG00096	HG00096_hap2	chr18	1	1	PASS	0	0
HG00096	HG00096_hap2	chr19	1	1	PASS	0	0
HG00096	HG00096_hap2	chr20	1	1	PASS	0	3
HG00096	HG00096_hap2	chr3	1	1	PASS	0	1
HG00096	HG00096_hap2	chr4	1	1	PASS	0	2
HG00096	HG00096_hap2	chr5	1	1	PASS	0	1
HG00096	HG00096_hap2	chr6	1	1	PASS	0	0
HG00096	HG00096_hap2	chr7	1	1	PASS	23	16
HG00096	HG00096_hap2	chr8	1	1	PASS	0	0
HG00096	HG00096_hap2	chr9	1	1	PASS	1	113
HG00096	HG00096_hap2	chrX	1	1	PASS	0	0
HG00097	HG00097_hap1	chr1	1	1	PASS	7	5
HG00097	HG00097_hap1	chr10	1	1	PASS	4	8
HG00097	HG00097_hap1	chr11	1	1	PASS	0	0
HG00097	HG00097_hap1	chr12	1	1	PASS	0	0
HG00097	HG00097_hap1	chr16	1	1	PASS	20	6
HG00097	HG00097_hap1	chr18	1	1	PASS	0	0
HG00097	HG00097_hap1	chr19	1	1	PASS	0	0
HG00097	HG00097_hap1	chr2	1	1	PASS	11	4
HG00097	HG00097_hap1	chr20	1	1	PASS	0	3
HG00097	HG00097_hap1	chr3	1	1	PASS	0	1
HG00097	HG00097_hap1	chr4	1	1	PASS	0	2
HG00097	HG00097_hap1	chr5	1	1	PASS	0	1
HG00097	HG00097_hap1	chr7	1	1	PASS	22	19
HG00097	HG00097_hap1	chr8	1	1	PASS	0	0
HG00097	HG00097_hap1	chr9	1	1	PASS	1	130
HG00097	HG00097_hap1	chrX	1	1	PASS	0	0
HG00097	HG00097_hap2	chr1	1	1	PASS	8	5
HG00097	HG00097_hap2	chr10	1	1	PASS	3	6
HG00097	HG00097_hap2	chr11	1	1	PASS	0	0
HG00097	HG00097_hap2	chr12	1	1	PASS	0	0
HG00097	HG00097_hap2	chr18	1	1	PASS	0	0
HG00097	HG00097_hap2	chr19	1	1	PASS	0	0
HG00097	HG00097_hap2	chr2	1	1	PASS	11	4
HG00097	HG00097_hap2	chr20	1	1	PASS	0	3
HG00097	HG00097_hap2	chr3	1	1	PASS	0	1
HG00097	HG00097_hap2	chr5	1	1	PASS	0	3
HG00097	HG00097_hap2	chr7	1	1	PASS	22	12
HG00097	HG00097_hap2	chr8	1	1	PASS	0	0
HG00097	HG00097_hap2	chr9	1	1	PASS	1	106
HG00097	HG00097_hap2	chrX	1	1	PASS	0	0
HG00099	HG00099_hap1	chr10	1	1	PASS	3	6
HG00099	HG00099_hap1	chr11	1	1	PASS	0	0
HG00099	HG00099_hap1	chr12	1	1	PASS	0	0
HG00099	HG00099_hap1	chr16	1	1	PASS	20	6
HG00099	HG00099_hap1	chr17	1	1	PASS	2	5
HG00099	HG00099_hap1	chr18	1	1	PASS	0	0
HG00099	HG00099_hap1	chr19	1	1	PASS	0	0
HG00099	HG00099_hap1	chr2	1	1	PASS	11	4
HG00099	HG00099_hap1	chr20	1	1	PASS	0	3
HG00099	HG00099_hap1	chr4	1	1	PASS	0	2
HG00099	HG00099_hap1	chr5	1	1	PASS	0	1
HG00099	HG00099_hap1	chr6	1	1	PASS	0	0
HG00099	HG00099_hap1	chr7	1	1	PASS	22	22
HG00099	HG00099_hap1	chr8	1	1	PASS	0	0
HG00099	HG00099_hap1	chr9	1	1	PASS	1	139
HG00099	HG00099_hap1	chrX	1	1	PASS	0	0
HG00099	HG00099_hap2	chr10	1	1	PASS	4	6
HG00099	HG00099_hap2	chr11	1	1	PASS	0	0
HG00099	HG00099_hap2	chr12	1	1	PASS	0	0
HG00099	HG00099_hap2	chr16	1	1	PASS	19	5
HG00099	HG00099_hap2	chr17	1	1	PASS	2	5
HG00099	HG00099_hap2	chr18	1	1	PASS	0	0
HG00099	HG00099_hap2	chr19	1	1	PASS	0	0
HG00099	HG00099_hap2	chr2	1	1	PASS	11	4
HG00099	HG00099_hap2	chr20	1	1	PASS	0	3
HG00099	HG00099_hap2	chr4	1	1	PASS	0	2
HG00099	HG00099_hap2	chr5	1	1	PASS	0	1
HG00099	HG00099_hap2	chr6	1	1	PASS	0	0
HG00099	HG00099_hap2	chr7	1	1	PASS	25	22
HG00099	HG00099_hap2	chr8	1	1	PASS	0	0
HG00099	HG00099_hap2	chr9	1	1	PASS	1	124
HG00099	HG00099_hap2	chrX	1	1	PASS	0	0
HG00126	HG00126_hap1	chr1	1	1	EXCLUDE_annotation_incomplete_or_missing_input	0	0
HG00126	HG00126_hap1	chr10	1	1	EXCLUDE_annotation_incomplete_or_missing_input	0	0
HG00126	HG00126_hap1	chr11	1	1	EXCLUDE_annotation_incomplete_or_missing_input	0	0
HG00126	HG00126_hap1	chr12	1	1	EXCLUDE_annotation_incomplete_or_missing_input	0	0
HG00126	HG00126_hap1	chr16	1	1	EXCLUDE_annotation_incomplete_or_missing_input	0	0
HG00126	HG00126_hap1	chr19	1	1	EXCLUDE_annotation_incomplete_or_missing_input	0	0
HG00126	HG00126_hap1	chr2	1	1	EXCLUDE_annotation_incomplete_or_missing_input	0	0
HG00126	HG00126_hap1	chr20	1	1	EXCLUDE_annotation_incomplete_or_missing_input	0	0
HG00126	HG00126_hap1	chr3	1	1	EXCLUDE_annotation_incomplete_or_missing_input	0	0
HG00126	HG00126_hap1	chr4	1	1	EXCLUDE_annotation_incomplete_or_missing_input	0	0
HG00126	HG00126_hap1	chr5	1	1	EXCLUDE_annotation_incomplete_or_missing_input	0	0
HG00126	HG00126_hap1	chr6	1	1	EXCLUDE_annotation_incomplete_or_missing_input	0	0
HG00126	HG00126_hap1	chr7	1	1	EXCLUDE_annotation_incomplete_or_missing_input	0	0
HG00126	HG00126_hap1	chr8	1	1	EXCLUDE_annotation_incomplete_or_missing_input	0	0
HG00126	HG00126_hap1	chr9	1	1	EXCLUDE_annotation_incomplete_or_missing_input	0	0
HG00126	HG00126_hap2	chr1	1	1	PASS	7	4
HG00126	HG00126_hap2	chr10	1	1	PASS	4	6
HG00126	HG00126_hap2	chr11	1	1	PASS	0	0
HG00126	HG00126_hap2	chr12	1	1	PASS	0	0
HG00126	HG00126_hap2	chr16	1	1	PASS	19	5
HG00126	HG00126_hap2	chr19	1	1	PASS	0	0
HG00126	HG00126_hap2	chr2	1	1	PASS	11	4
HG00126	HG00126_hap2	chr20	1	1	PASS	0	3
HG00126	HG00126_hap2	chr3	1	1	PASS	0	1
HG00126	HG00126_hap2	chr4	1	1	PASS	0	2
HG00126	HG00126_hap2	chr5	1	1	PASS	0	1
HG00126	HG00126_hap2	chr6	1	1	PASS	0	0
HG00126	HG00126_hap2	chr7	1	1	PASS	22	12
HG00126	HG00126_hap2	chr8	1	1	PASS	0	0
HG00126	HG00126_hap2	chr9	1	1	PASS	1	144
HG00126	HG00126_hap2	chrX	1	1	PASS	0	0
HG00128	HG00128_hap1	chr10	1	1	PASS	4	6
HG00128	HG00128_hap1	chr11	1	1	PASS	0	0
HG00128	HG00128_hap1	chr12	1	1	PASS	0	0
HG00128	HG00128_hap1	chr18	1	1	PASS	0	0
HG00128	HG00128_hap1	chr19	1	1	PASS	0	0
HG00128	HG00128_hap1	chr2	1	1	PASS	11	4
HG00128	HG00128_hap1	chr20	1	1	PASS	0	3
HG00128	HG00128_hap1	chr3	1	1	PASS	0	1
HG00128	HG00128_hap1	chr4	1	1	PASS	0	2
HG00128	HG00128_hap1	chr5	1	1	PASS	0	1
HG00128	HG00128_hap1	chr6	1	1	PASS	0	0
HG00128	HG00128_hap1	chr7	1	1	PASS	22	17
HG00128	HG00128_hap1	chr8	1	1	PASS	0	0
HG00128	HG00128_hap1	chr9	1	1	PASS	1	122
HG00128	HG00128_hap1	chrX	1	1	PASS	0	0
HG00128	HG00128_hap2	chr10	1	1	PASS	4	6
HG00128	HG00128_hap2	chr11	1	1	PASS	0	0
HG00128	HG00128_hap2	chr12	1	1	PASS	0	0
HG00128	HG00128_hap2	chr16	1	1	PASS	19	5
HG00128	HG00128_hap2	chr17	1	1	PASS	2	5
HG00128	HG00128_hap2	chr18	1	1	PASS	0	0
HG00128	HG00128_hap2	chr19	1	1	PASS	0	0
HG00128	HG00128_hap2	chr2	1	1	PASS	11	4
HG00128	HG00128_hap2	chr20	1	1	PASS	0	3
HG00128	HG00128_hap2	chr3	1	1	PASS	0	1
HG00128	HG00128_hap2	chr4	1	1	PASS	0	2
HG00128	HG00128_hap2	chr5	1	1	PASS	0	1
HG00128	HG00128_hap2	chr6	1	1	PASS	0	0
HG00128	HG00128_hap2	chr7	1	1	PASS	20	15
HG00128	HG00128_hap2	chr8	1	1	PASS	0	0
HG00128	HG00128_hap2	chr9	1	1	PASS	1	91
HG00128	HG00128_hap2	chrX	1	1	PASS	0	0
HG00133	HG00133_hap1	chr1	1	1	PASS	7	4
HG00133	HG00133_hap1	chr11	1	1	PASS	0	0
HG00133	HG00133_hap1	chr12	1	1	PASS	0	0
HG00133	HG00133_hap1	chr16	1	1	PASS	20	6
HG00133	HG00133_hap1	chr17	1	1	PASS	2	5
HG00133	HG00133_hap1	chr19	1	1	PASS	0	0
HG00133	HG00133_hap1	chr2	1	1	PASS	11	4
HG00133	HG00133_hap1	chr20	1	1	PASS	0	3
HG00133	HG00133_hap1	chr3	1	1	PASS	0	1
HG00133	HG00133_hap1	chr4	1	1	PASS	0	2
HG00133	HG00133_hap1	chr5	1	1	PASS	0	1
HG00133	HG00133_hap1	chr6	1	1	PASS	0	0
HG00133	HG00133_hap1	chr7	1	1	PASS	21	13
HG00133	HG00133_hap1	chr8	1	1	PASS	0	0
HG00133	HG00133_hap1	chrX	1	1	PASS	0	0
HG00133	HG00133_hap2	chr1	1	1	PASS	7	5
HG00133	HG00133_hap2	chr10	1	1	PASS	4	6
HG00133	HG00133_hap2	chr11	1	1	PASS	0	0
HG00133	HG00133_hap2	chr12	1	1	PASS	0	0
HG00133	HG00133_hap2	chr16	1	1	PASS	17	3
HG00133	HG00133_hap2	chr17	1	1	PASS	2	5
HG00133	HG00133_hap2	chr18	1	1	PASS	0	0
HG00133	HG00133_hap2	chr19	1	1	PASS	0	0
HG00133	HG00133_hap2	chr2	1	1	PASS	11	4
HG00133	HG00133_hap2	chr20	1	1	PASS	0	3
HG00133	HG00133_hap2	chr3	1	1	PASS	0	1
HG00133	HG00133_hap2	chr4	1	1	PASS	0	2
HG00133	HG00133_hap2	chr5	1	1	PASS	0	1
HG00133	HG00133_hap2	chr6	1	1	PASS	0	0
HG00133	HG00133_hap2	chr7	1	1	PASS	23	15
HG00133	HG00133_hap2	chr8	1	1	PASS	0	0
HG00133	HG00133_hap2	chrX	1	1	PASS	0	0
HG00140	HG00140_hap1	chr1	1	1	PASS	6	4
HG00140	HG00140_hap1	chr10	1	1	PASS	4	6
HG00140	HG00140_hap1	chr11	1	1	PASS	0	0
HG00140	HG00140_hap1	chr12	1	1	PASS	0	0
HG00140	HG00140_hap1	chr16	1	1	PASS	20	6
HG00140	HG00140_hap1	chr17	1	1	PASS	2	5
HG00140	HG00140_hap1	chr19	1	1	PASS	0	0
HG00140	HG00140_hap1	chr2	1	1	PASS	11	4
HG00140	HG00140_hap1	chr20	1	1	PASS	0	3
HG00140	HG00140_hap1	chr4	1	1	PASS	0	2
HG00140	HG00140_hap1	chr6	1	1	PASS	0	0
HG00140	HG00140_hap1	chr7	1	1	PASS	21	13
HG00140	HG00140_hap1	chr8	1	1	PASS	0	0
HG00140	HG00140_hap2	chr1	1	1	PASS	7	5
HG00140	HG00140_hap2	chr10	1	1	PASS	4	6
HG00140	HG00140_hap2	chr11	1	1	PASS	0	0
HG00140	HG00140_hap2	chr12	1	1	PASS	0	0
HG00140	HG00140_hap2	chr16	1	1	PASS	19	5
HG00140	HG00140_hap2	chr17	1	1	PASS	2	5
HG00140	HG00140_hap2	chr19	1	1	PASS	0	0
HG00140	HG00140_hap2	chr2	1	1	PASS	11	4
HG00140	HG00140_hap2	chr20	1	1	PASS	0	3
HG00140	HG00140_hap2	chr3	1	1	PASS	0	1
HG00140	HG00140_hap2	chr4	1	1	PASS	0	2
HG00140	HG00140_hap2	chr5	1	1	PASS	0	1
HG00140	HG00140_hap2	chr6	1	1	PASS	0	0
HG00140	HG00140_hap2	chr7	1	1	PASS	23	12
HG00140	HG00140_hap2	chr8	1	1	PASS	0	0
HG00140	HG00140_hap2	chr9	1	1	PASS	1	154
HG00140	HG00140_hap2	chrX	1	1	PASS	0	0
HG00146	HG00146_hap1	chr10	1	1	PASS	4	6
HG00146	HG00146_hap1	chr11	1	1	PASS	0	0
HG00146	HG00146_hap1	chr12	1	1	PASS	0	0
HG00146	HG00146_hap1	chr16	1	1	PASS	18	3
HG00146	HG00146_hap1	chr19	1	1	PASS	0	0
HG00146	HG00146_hap1	chr2	1	1	PASS	11	4
HG00146	HG00146_hap1	chr20	1	1	PASS	0	3
HG00146	HG00146_hap1	chr4	1	1	PASS	0	2
HG00146	HG00146_hap1	chr5	1	1	PASS	0	1
HG00146	HG00146_hap1	chr6	1	1	PASS	0	0
HG00146	HG00146_hap1	chr7	1	1	PASS	23	12
HG00146	HG00146_hap1	chr8	1	1	PASS	0	0
HG00146	HG00146_hap1	chrX	1	1	PASS	0	0
HG00146	HG00146_hap2	chr10	1	1	PASS	4	6
HG00146	HG00146_hap2	chr11	1	1	PASS	0	0
HG00146	HG00146_hap2	chr12	1	1	PASS	0	0
HG00146	HG00146_hap2	chr16	1	1	PASS	19	5
HG00146	HG00146_hap2	chr17	1	1	PASS	2	5
HG00146	HG00146_hap2	chr19	1	1	PASS	0	0
HG00146	HG00146_hap2	chr2	1	1	PASS	11	4
HG00146	HG00146_hap2	chr20	1	1	PASS	0	3
HG00146	HG00146_hap2	chr4	1	1	PASS	0	2
HG00146	HG00146_hap2	chr5	1	1	PASS	0	1
HG00146	HG00146_hap2	chr7	1	1	PASS	22	15
HG00146	HG00146_hap2	chr8	1	1	PASS	0	0
HG00146	HG00146_hap2	chrX	1	1	PASS	0	0
HG00171	HG00171_hap1	chr1	1	1	PASS	8	5
HG00171	HG00171_hap1	chr10	1	1	PASS	3	6
HG00171	HG00171_hap1	chr11	1	1	PASS	0	0
HG00171	HG00171_hap1	chr12	1	1	PASS	0	0
HG00171	HG00171_hap1	chr17	1	1	PASS	2	5
HG00171	HG00171_hap1	chr18	1	1	PASS	0	0
HG00171	HG00171_hap1	chr19	1	1	PASS	0	0
HG00171	HG00171_hap1	chr20	1	1	PASS	0	3
HG00171	HG00171_hap1	chr3	1	1	PASS	0	1
HG00171	HG00171_hap1	chr4	1	1	PASS	0	2
HG00171	HG00171_hap1	chr5	1	1	PASS	0	1
HG00171	HG00171_hap1	chr6	1	1	PASS	0	0
HG00171	HG00171_hap1	chr7	1	1	PASS	25	21
HG00171	HG00171_hap1	chr8	1	1	PASS	0	0
HG00171	HG00171_hap1	chr9	1	1	PASS	1	172
HG00171	HG00171_hap1	chrX	1	1	PASS	0	0
HG00171	HG00171_hap2	chr1	1	1	PASS	11	5
HG00171	HG00171_hap2	chr10	1	1	PASS	4	6
HG00171	HG00171_hap2	chr11	1	1	PASS	0	0
HG00171	HG00171_hap2	chr12	1	1	PASS	0	0
HG00171	HG00171_hap2	chr16	1	1	PASS	20	6
HG00171	HG00171_hap2	chr17	1	1	PASS	2	5
HG00171	HG00171_hap2	chr18	1	1	PASS	0	0
HG00171	HG00171_hap2	chr19	1	1	PASS	0	0
HG00171	HG00171_hap2	chr20	1	1	PASS	0	3
HG00171	HG00171_hap2	chr3	1	1	PASS	0	1
HG00171	HG00171_hap2	chr4	1	1	PASS	0	2
HG00171	HG00171_hap2	chr5	1	1	PASS	0	1
HG00171	HG00171_hap2	chr6	1	1	PASS	0	0
HG00171	HG00171_hap2	chr7	1	1	PASS	24	18
HG00171	HG00171_hap2	chr8	1	1	PASS	0	0
HG00171	HG00171_hap2	chrX	1	1	PASS	0	0
HG002	hg002v1.1_hap1	chr1	1	1	PASS	8	4
HG002	hg002v1.1_hap1	chr10	1	1	PASS	4	6
HG002	hg002v1.1_hap1	chr11	1	1	PASS	0	0
HG002	hg002v1.1_hap1	chr12	1	1	PASS	0	0
HG002	hg002v1.1_hap1	chr16	1	1	PASS	20	6
HG002	hg002v1.1_hap1	chr17	1	1	PASS	2	5
HG002	hg002v1.1_hap1	chr18	1	1	PASS	0	0
HG002	hg002v1.1_hap1	chr19	1	1	PASS	0	0
HG002	hg002v1.1_hap1	chr2	1	1	PASS	11	4
HG002	hg002v1.1_hap1	chr20	1	1	PASS	0	3
HG002	hg002v1.1_hap1	chr3	1	1	PASS	0	1
HG002	hg002v1.1_hap1	chr4	1	1	PASS	0	2
HG002	hg002v1.1_hap1	chr5	1	1	PASS	0	1
HG002	hg002v1.1_hap1	chr6	1	1	PASS	0	0
HG002	hg002v1.1_hap1	chr7	1	1	PASS	23	16
HG002	hg002v1.1_hap1	chr8	1	1	PASS	0	0
HG002	hg002v1.1_hap1	chr9	1	1	PASS	1	170
HG002	hg002v1.1_hap1	chrX	1	1	PASS	0	0
HG002	hg002v1.1_hap2	chr1	1	1	PASS	6	5
HG002	hg002v1.1_hap2	chr10	1	1	PASS	4	6
HG002	hg002v1.1_hap2	chr11	1	1	PASS	0	0
HG002	hg002v1.1_hap2	chr12	1	1	PASS	0	0
HG002	hg002v1.1_hap2	chr16	1	1	PASS	20	6
HG002	hg002v1.1_hap2	chr17	1	1	PASS	2	5
HG002	hg002v1.1_hap2	chr18	1	1	PASS	0	0
HG002	hg002v1.1_hap2	chr19	1	1	PASS	0	0
HG002	hg002v1.1_hap2	chr2	1	1	PASS	11	4
HG002	hg002v1.1_hap2	chr20	1	1	PASS	0	3
HG002	hg002v1.1_hap2	chr3	1	1	PASS	0	1
HG002	hg002v1.1_hap2	chr4	1	1	PASS	0	2
HG002	hg002v1.1_hap2	chr5	1	1	PASS	0	1
HG002	hg002v1.1_hap2	chr6	1	1	PASS	0	0
HG002	hg002v1.1_hap2	chr7	1	1	PASS	21	15
HG002	hg002v1.1_hap2	chr8	1	1	PASS	0	0
HG002	hg002v1.1_hap2	chr9	1	1	PASS	1	91
HG002	hg002v1.1_hap2	chrY	1	1	PASS	1	49
HG00232	HG00232_hap1	chr1	1	1	PASS	7	4
HG00232	HG00232_hap1	chr10	1	1	PASS	4	6
HG00232	HG00232_hap1	chr11	1	1	PASS	0	0
HG00232	HG00232_hap1	chr12	1	1	PASS	0	0
HG00232	HG00232_hap1	chr17	1	1	PASS	2	5
HG00232	HG00232_hap1	chr19	1	1	PASS	0	0
HG00232	HG00232_hap1	chr2	1	1	PASS	11	4
HG00232	HG00232_hap1	chr20	1	1	PASS	0	3
HG00232	HG00232_hap1	chr3	1	1	PASS	0	1
HG00232	HG00232_hap1	chr5	1	1	PASS	0	1
HG00232	HG00232_hap1	chr7	1	1	PASS	22	18
HG00232	HG00232_hap1	chr8	1	1	PASS	0	0
HG00232	HG00232_hap1	chr9	1	1	PASS	1	129
HG00232	HG00232_hap1	chrX	1	1	PASS	0	0
HG00232	HG00232_hap2	chr1	1	1	PASS	7	5
HG00232	HG00232_hap2	chr10	1	1	PASS	4	6
HG00232	HG00232_hap2	chr11	1	1	PASS	0	0
HG00232	HG00232_hap2	chr12	1	1	PASS	0	0
HG00232	HG00232_hap2	chr17	1	1	PASS	2	5
HG00232	HG00232_hap2	chr19	1	1	PASS	0	0
HG00232	HG00232_hap2	chr2	1	1	PASS	11	4
HG00232	HG00232_hap2	chr20	1	1	PASS	0	3
HG00232	HG00232_hap2	chr3	1	1	PASS	0	1
HG00232	HG00232_hap2	chr5	1	1	PASS	0	1
HG00232	HG00232_hap2	chr7	1	1	PASS	24	24
HG00232	HG00232_hap2	chr8	1	1	PASS	0	0
HG00232	HG00232_hap2	chr9	1	1	PASS	1	130
HG00232	HG00232_hap2	chrX	1	1	PASS	0	0
HG00235	HG00235_hap1	chr1	1	1	PASS	7	5
HG00235	HG00235_hap1	chr10	1	1	PASS	4	6
HG00235	HG00235_hap1	chr11	1	1	PASS	0	0
HG00235	HG00235_hap1	chr12	1	1	PASS	0	0
HG00235	HG00235_hap1	chr16	1	1	PASS	20	6
HG00235	HG00235_hap1	chr17	1	1	PASS	2	5
HG00235	HG00235_hap1	chr19	1	1	PASS	0	0
HG00235	HG00235_hap1	chr2	1	1	PASS	11	4
HG00235	HG00235_hap1	chr20	1	1	PASS	0	3
HG00235	HG00235_hap1	chr4	1	1	PASS	0	2
HG00235	HG00235_hap1	chr5	1	1	PASS	0	1
HG00235	HG00235_hap1	chr7	1	1	PASS	23	22
HG00235	HG00235_hap1	chr8	1	1	PASS	0	0
HG00235	HG00235_hap1	chr9	1	1	PASS	1	85
HG00235	HG00235_hap1	chrX	1	1	PASS	0	0
HG00235	HG00235_hap2	chr1	1	1	PASS	5	0
HG00235	HG00235_hap2	chr10	1	1	PASS	4	6
HG00235	HG00235_hap2	chr11	1	1	PASS	0	0
HG00235	HG00235_hap2	chr12	1	1	PASS	0	0
HG00235	HG00235_hap2	chr16	1	1	PASS	20	6
HG00235	HG00235_hap2	chr17	1	1	PASS	2	5
HG00235	HG00235_hap2	chr19	1	1	PASS	0	0
HG00235	HG00235_hap2	chr2	1	1	PASS	11	4
HG00235	HG00235_hap2	chr20	1	1	PASS	0	3
HG00235	HG00235_hap2	chr4	1	1	PASS	0	2
HG00235	HG00235_hap2	chr5	1	1	PASS	0	1
HG00235	HG00235_hap2	chr7	1	1	PASS	23	18
HG00235	HG00235_hap2	chr8	1	1	PASS	0	0
HG00235	HG00235_hap2	chr9	1	1	PASS	1	137
HG00235	HG00235_hap2	chrX	1	1	PASS	0	0
HG00253	HG00253_hap1	chr1	1	1	PASS	5	0
HG00253	HG00253_hap1	chr10	1	1	PASS	4	8
HG00253	HG00253_hap1	chr11	1	1	PASS	0	0
HG00253	HG00253_hap1	chr12	1	1	PASS	0	0
HG00253	HG00253_hap1	chr19	1	1	PASS	0	0
HG00253	HG00253_hap1	chr2	1	1	PASS	11	4
HG00253	HG00253_hap1	chr3	1	1	PASS	0	1
HG00253	HG00253_hap1	chr6	1	1	PASS	0	0
HG00253	HG00253_hap1	chr7	1	1	PASS	22	13
HG00253	HG00253_hap1	chr8	1	1	PASS	0	0
HG00253	HG00253_hap1	chrX	1	1	PASS	0	0
HG00253	HG00253_hap2	chr10	1	1	PASS	4	6
HG00253	HG00253_hap2	chr11	1	1	PASS	0	0
HG00253	HG00253_hap2	chr12	1	1	PASS	0	0
HG00253	HG00253_hap2	chr19	1	1	PASS	0	0
HG00253	HG00253_hap2	chr2	1	1	PASS	11	4
HG00253	HG00253_hap2	chr6	1	1	PASS	0	0
HG00253	HG00253_hap2	chr7	1	1	PASS	20	14
HG00253	HG00253_hap2	chr8	1	1	PASS	0	0
HG00253	HG00253_hap2	chrX	1	1	PASS	0	0
HG00268	HG00268_hap1	chr1	1	1	PASS	8	5
HG00268	HG00268_hap1	chr10	1	1	PASS	4	6
HG00268	HG00268_hap1	chr11	1	1	PASS	0	0
HG00268	HG00268_hap1	chr12	1	1	PASS	0	0
HG00268	HG00268_hap1	chr16	1	1	PASS	17	3
HG00268	HG00268_hap1	chr17	1	1	PASS	2	5
HG00268	HG00268_hap1	chr18	1	1	PASS	0	0
HG00268	HG00268_hap1	chr19	1	1	PASS	0	0
HG00268	HG00268_hap1	chr2	1	1	PASS	11	4
HG00268	HG00268_hap1	chr3	1	1	PASS	0	1
HG00268	HG00268_hap1	chr4	1	1	PASS	0	2
HG00268	HG00268_hap1	chr5	1	1	PASS	0	1
HG00268	HG00268_hap1	chr6	1	1	PASS	0	0
HG00268	HG00268_hap1	chr7	1	1	PASS	21	16
HG00268	HG00268_hap1	chr8	1	1	PASS	0	0
HG00268	HG00268_hap1	chr9	1	1	PASS	1	158
HG00268	HG00268_hap2	chr10	1	1	PASS	4	6
HG00268	HG00268_hap2	chr11	1	1	PASS	0	0
HG00268	HG00268_hap2	chr12	1	1	PASS	0	0
HG00268	HG00268_hap2	chr16	1	1	PASS	18	3
HG00268	HG00268_hap2	chr17	1	1	PASS	2	5
HG00268	HG00268_hap2	chr18	1	1	PASS	0	0
HG00268	HG00268_hap2	chr19	1	1	PASS	0	0
HG00268	HG00268_hap2	chr2	1	1	PASS	11	4
HG00268	HG00268_hap2	chr20	1	1	PASS	0	3
HG00268	HG00268_hap2	chr3	1	1	PASS	0	1
HG00268	HG00268_hap2	chr5	1	1	PASS	0	1
HG00268	HG00268_hap2	chr6	1	1	PASS	0	0
HG00268	HG00268_hap2	chr7	1	1	PASS	21	15
HG00268	HG00268_hap2	chr8	1	1	PASS	0	0
HG00268	HG00268_hap2	chr9	1	1	PASS	1	119
HG00272	HG00272_hap1	chr1	1	1	PASS	7	5
HG00272	HG00272_hap1	chr10	1	1	PASS	4	6
HG00272	HG00272_hap1	chr11	1	1	PASS	0	0
HG00272	HG00272_hap1	chr12	1	1	PASS	0	0
HG00272	HG00272_hap1	chr16	1	1	PASS	19	5
HG00272	HG00272_hap1	chr17	1	1	PASS	2	5
HG00272	HG00272_hap1	chr18	1	1	PASS	0	0
HG00272	HG00272_hap1	chr19	1	1	PASS	0	0
HG00272	HG00272_hap1	chr2	1	1	PASS	11	4
HG00272	HG00272_hap1	chr20	1	1	PASS	0	3
HG00272	HG00272_hap1	chr3	1	1	PASS	0	1
HG00272	HG00272_hap1	chr4	1	1	PASS	0	2
HG00272	HG00272_hap1	chr5	1	1	PASS	0	1
HG00272	HG00272_hap1	chr6	1	1	PASS	0	0
HG00272	HG00272_hap1	chr7	1	1	PASS	20	14
HG00272	HG00272_hap1	chr8	1	1	PASS	0	0
HG00272	HG00272_hap1	chr9	1	1	PASS	1	118
HG00272	HG00272_hap1	chrX	1	1	PASS	0	0
HG00272	HG00272_hap2	chr1	1	1	EXCLUDE_annotation_incomplete_or_missing_input	0	0
HG00272	HG00272_hap2	chr10	1	1	EXCLUDE_annotation_incomplete_or_missing_input	0	0
HG00272	HG00272_hap2	chr11	1	1	EXCLUDE_annotation_incomplete_or_missing_input	0	0
HG00272	HG00272_hap2	chr12	1	1	EXCLUDE_annotation_incomplete_or_missing_input	0	0
HG00272	HG00272_hap2	chr17	1	1	EXCLUDE_annotation_incomplete_or_missing_input	0	0
HG00272	HG00272_hap2	chr18	1	1	EXCLUDE_annotation_incomplete_or_missing_input	0	0
HG00272	HG00272_hap2	chr19	1	1	EXCLUDE_annotation_incomplete_or_missing_input	0	0
HG00272	HG00272_hap2	chr2	1	1	EXCLUDE_annotation_incomplete_or_missing_input	0	0
HG00272	HG00272_hap2	chr20	1	1	EXCLUDE_annotation_incomplete_or_missing_input	0	0
HG00272	HG00272_hap2	chr3	1	1	EXCLUDE_annotation_incomplete_or_missing_input	0	0
HG00272	HG00272_hap2	chr4	1	1	EXCLUDE_annotation_incomplete_or_missing_input	0	0
HG00272	HG00272_hap2	chr5	1	1	EXCLUDE_annotation_incomplete_or_missing_input	0	0
HG00272	HG00272_hap2	chr6	1	1	EXCLUDE_annotation_incomplete_or_missing_input	0	0
HG00272	HG00272_hap2	chr7	1	1	EXCLUDE_annotation_incomplete_or_missing_input	0	0
HG00272	HG00272_hap2	chr8	1	1	EXCLUDE_annotation_incomplete_or_missing_input	0	0
HG00272	HG00272_hap2	chr9	1	1	EXCLUDE_annotation_incomplete_or_missing_input	0	0
HG00272	HG00272_hap2	chrX	1	1	EXCLUDE_annotation_incomplete_or_missing_input	0	0
HG00280	HG00280_hap1	chr10	1	1	PASS	4	6
HG00280	HG00280_hap1	chr11	1	1	PASS	0	0
HG00280	HG00280_hap1	chr12	1	1	PASS	0	0
HG00280	HG00280_hap1	chr18	1	1	PASS	0	0
HG00280	HG00280_hap1	chr19	1	1	PASS	0	0
HG00280	HG00280_hap1	chr20	1	1	PASS	0	3
HG00280	HG00280_hap1	chr4	1	1	PASS	0	2
HG00280	HG00280_hap1	chr5	1	1	PASS	0	1
HG00280	HG00280_hap1	chr6	1	1	PASS	0	0
HG00280	HG00280_hap1	chr7	1	1	PASS	22	16
HG00280	HG00280_hap1	chr8	1	1	PASS	0	0
HG00280	HG00280_hap1	chr9	1	1	PASS	1	110
HG00280	HG00280_hap2	chr10	1	1	PASS	4	6
HG00280	HG00280_hap2	chr11	1	1	PASS	0	0
HG00280	HG00280_hap2	chr12	1	1	PASS	0	0
HG00280	HG00280_hap2	chr16	1	1	PASS	20	6
HG00280	HG00280_hap2	chr18	1	1	PASS	0	0
HG00280	HG00280_hap2	chr19	1	1	PASS	0	0
HG00280	HG00280_hap2	chr20	1	1	PASS	0	3
HG00280	HG00280_hap2	chr4	1	1	PASS	0	2
HG00280	HG00280_hap2	chr5	1	1	PASS	0	1
HG00280	HG00280_hap2	chr6	1	1	PASS	0	0
HG00280	HG00280_hap2	chr7	1	1	PASS	23	16
HG00280	HG00280_hap2	chr8	1	1	PASS	0	0
HG00280	HG00280_hap2	chr9	1	1	PASS	1	131
HG00280	HG00280_hap2	chrX	1	1	PASS	0	0
HG00290	HG00290_hap1	chr1	1	1	PASS	7	5
HG00290	HG00290_hap1	chr10	1	1	PASS	3	5
HG00290	HG00290_hap1	chr11	1	1	PASS	0	0
HG00290	HG00290_hap1	chr12	1	1	PASS	0	0
HG00290	HG00290_hap1	chr16	1	1	PASS	17	3
HG00290	HG00290_hap1	chr17	1	1	PASS	2	5
HG00290	HG00290_hap1	chr18	1	1	PASS	0	0
HG00290	HG00290_hap1	chr19	1	1	PASS	0	0
HG00290	HG00290_hap1	chr2	1	1	PASS	11	4
HG00290	HG00290_hap1	chr20	1	1	PASS	0	3
HG00290	HG00290_hap1	chr3	1	1	PASS	0	1
HG00290	HG00290_hap1	chr4	1	1	PASS	0	2
HG00290	HG00290_hap1	chr5	1	1	PASS	0	1
HG00290	HG00290_hap1	chr6	1	1	PASS	0	0
HG00290	HG00290_hap1	chr7	1	1	PASS	23	14
HG00290	HG00290_hap1	chr8	1	1	PASS	0	0
HG00290	HG00290_hap2	chr1	1	1	PASS	7	5
HG00290	HG00290_hap2	chr10	1	1	PASS	4	6
HG00290	HG00290_hap2	chr11	1	1	PASS	0	0
HG00290	HG00290_hap2	chr12	1	1	PASS	0	0
HG00290	HG00290_hap2	chr16	1	1	PASS	19	5
HG00290	HG00290_hap2	chr17	1	1	PASS	2	5
HG00290	HG00290_hap2	chr18	1	1	PASS	0	0
HG00290	HG00290_hap2	chr19	1	1	PASS	0	0
HG00290	HG00290_hap2	chr2	1	1	PASS	11	4
HG00290	HG00290_hap2	chr20	1	1	PASS	0	3
HG00290	HG00290_hap2	chr3	1	1	PASS	0	1
HG00290	HG00290_hap2	chr5	1	1	PASS	0	1
HG00290	HG00290_hap2	chr6	1	1	PASS	0	0
HG00290	HG00290_hap2	chr7	1	1	PASS	22	12
HG00290	HG00290_hap2	chr8	1	1	PASS	0	0
HG00290	HG00290_hap2	chrX	1	1	PASS	0	0
HG00320	HG00320_hap1	chr1	1	1	PASS	7	5
HG00320	HG00320_hap1	chr10	1	1	PASS	4	6
HG00320	HG00320_hap1	chr11	1	1	PASS	0	0
HG00320	HG00320_hap1	chr12	1	1	PASS	0	0
HG00320	HG00320_hap1	chr17	1	1	PASS	2	5
HG00320	HG00320_hap1	chr18	1	1	PASS	0	0
HG00320	HG00320_hap1	chr19	1	1	PASS	0	0
HG00320	HG00320_hap1	chr20	1	1	PASS	0	3
HG00320	HG00320_hap1	chr4	1	1	PASS	0	2
HG00320	HG00320_hap1	chr5	1	1	PASS	0	1
HG00320	HG00320_hap1	chr6	1	1	PASS	0	0
HG00320	HG00320_hap1	chr7	1	1	PASS	23	17
HG00320	HG00320_hap1	chr8	1	1	PASS	0	0
HG00320	HG00320_hap1	chr9	1	1	PASS	1	93
HG00320	HG00320_hap1	chrX	1	1	PASS	0	0
HG00320	HG00320_hap2	chr1	1	1	PASS	7	4
HG00320	HG00320_hap2	chr10	1	1	PASS	4	6
HG00320	HG00320_hap2	chr11	1	1	PASS	0	0
HG00320	HG00320_hap2	chr12	1	1	PASS	0	0
HG00320	HG00320_hap2	chr16	1	1	PASS	17	3
HG00320	HG00320_hap2	chr17	1	1	PASS	2	5
HG00320	HG00320_hap2	chr18	1	1	PASS	0	0
HG00320	HG00320_hap2	chr19	1	1	PASS	0	0
HG00320	HG00320_hap2	chr20	1	1	PASS	0	3
HG00320	HG00320_hap2	chr4	1	1	PASS	0	2
HG00320	HG00320_hap2	chr5	1	1	PASS	0	1
HG00320	HG00320_hap2	chr6	1	1	PASS	0	0
HG00320	HG00320_hap2	chr7	1	1	PASS	21	14
HG00320	HG00320_hap2	chr8	1	1	PASS	0	0
HG00320	HG00320_hap2	chr9	1	1	PASS	1	104
HG00320	HG00320_hap2	chrX	1	1	PASS	0	0
HG00321	HG00321_hap1	chr1	1	1	PASS	7	5
HG00321	HG00321_hap1	chr10	1	1	PASS	4	6
HG00321	HG00321_hap1	chr11	1	1	PASS	0	0
HG00321	HG00321_hap1	chr12	1	1	PASS	0	0
HG00321	HG00321_hap1	chr16	1	1	PASS	13	6
HG00321	HG00321_hap1	chr17	1	1	PASS	2	5
HG00321	HG00321_hap1	chr19	1	1	PASS	0	0
HG00321	HG00321_hap1	chr2	1	1	PASS	11	4
HG00321	HG00321_hap1	chr20	1	1	PASS	0	3
HG00321	HG00321_hap1	chr3	1	1	PASS	0	1
HG00321	HG00321_hap1	chr4	1	1	PASS	0	2
HG00321	HG00321_hap1	chr5	1	1	PASS	0	1
HG00321	HG00321_hap1	chr6	1	1	PASS	0	0
HG00321	HG00321_hap1	chr7	1	1	PASS	21	17
HG00321	HG00321_hap1	chr8	1	1	PASS	0	0
HG00321	HG00321_hap1	chr9	1	1	PASS	1	214
HG00321	HG00321_hap2	chr1	1	1	PASS	7	4
HG00321	HG00321_hap2	chr10	1	1	PASS	4	6
HG00321	HG00321_hap2	chr11	1	1	PASS	0	0
HG00321	HG00321_hap2	chr12	1	1	PASS	0	0
HG00321	HG00321_hap2	chr16	1	1	PASS	19	5
HG00321	HG00321_hap2	chr17	1	1	PASS	2	5
HG00321	HG00321_hap2	chr19	1	1	PASS	0	0
HG00321	HG00321_hap2	chr2	1	1	PASS	11	4
HG00321	HG00321_hap2	chr20	1	1	PASS	0	3
HG00321	HG00321_hap2	chr3	1	1	PASS	0	1
HG00321	HG00321_hap2	chr4	1	1	PASS	0	2
HG00321	HG00321_hap2	chr5	1	1	PASS	0	1
HG00321	HG00321_hap2	chr6	1	1	PASS	0	0
HG00321	HG00321_hap2	chr7	1	1	PASS	21	17
HG00321	HG00321_hap2	chr8	1	1	PASS	0	0
HG00321	HG00321_hap2	chr9	1	1	PASS	1	113
HG00321	HG00321_hap2	chrX	1	1	PASS	0	0
HG00323	HG00323_hap1	chr1	1	1	PASS	7	5
HG00323	HG00323_hap1	chr10	1	1	PASS	4	6
HG00323	HG00323_hap1	chr11	1	1	PASS	0	0
HG00323	HG00323_hap1	chr12	1	1	PASS	0	0
HG00323	HG00323_hap1	chr16	1	1	PASS	20	6
HG00323	HG00323_hap1	chr17	1	1	PASS	2	5
HG00323	HG00323_hap1	chr18	1	1	PASS	0	0
HG00323	HG00323_hap1	chr20	1	1	PASS	0	3
HG00323	HG00323_hap1	chr3	1	1	PASS	0	1
HG00323	HG00323_hap1	chr4	1	1	PASS	0	2
HG00323	HG00323_hap1	chr5	1	1	PASS	0	1
HG00323	HG00323_hap1	chr6	1	1	PASS	0	0
HG00323	HG00323_hap1	chr7	1	1	PASS	22	15
HG00323	HG00323_hap1	chr8	1	1	PASS	0	0
HG00323	HG00323_hap1	chr9	1	1	PASS	1	179
HG00323	HG00323_hap1	chrX	1	1	PASS	0	0
HG00323	HG00323_hap2	chr1	1	1	PASS	8	5
HG00323	HG00323_hap2	chr10	1	1	PASS	4	6
HG00323	HG00323_hap2	chr11	1	1	PASS	0	0
HG00323	HG00323_hap2	chr12	1	1	PASS	0	0
HG00323	HG00323_hap2	chr16	1	1	PASS	17	3
HG00323	HG00323_hap2	chr17	1	1	PASS	2	5
HG00323	HG00323_hap2	chr19	1	1	PASS	0	0
HG00323	HG00323_hap2	chr20	1	1	PASS	0	3
HG00323	HG00323_hap2	chr3	1	1	PASS	0	1
HG00323	HG00323_hap2	chr4	1	1	PASS	0	2
HG00323	HG00323_hap2	chr5	1	1	PASS	0	1
HG00323	HG00323_hap2	chr6	1	1	PASS	0	0
HG00323	HG00323_hap2	chr7	1	1	PASS	21	17
HG00323	HG00323_hap2	chr8	1	1	PASS	0	0
HG00323	HG00323_hap2	chrX	1	1	PASS	0	0
HG00329	HG00329_hap1	chr10	1	1	PASS	4	6
HG00329	HG00329_hap1	chr11	1	1	PASS	0	0
HG00329	HG00329_hap1	chr12	1	1	PASS	0	0
HG00329	HG00329_hap1	chr16	1	1	PASS	19	5
HG00329	HG00329_hap1	chr17	1	1	PASS	2	5
HG00329	HG00329_hap1	chr19	1	1	PASS	0	0
HG00329	HG00329_hap1	chr20	1	1	PASS	0	3
HG00329	HG00329_hap1	chr3	1	1	PASS	0	1
HG00329	HG00329_hap1	chr4	1	1	PASS	0	2
HG00329	HG00329_hap1	chr5	1	1	PASS	0	1
HG00329	HG00329_hap1	chr6	1	1	PASS	0	0
HG00329	HG00329_hap1	chr7	1	1	PASS	22	20
HG00329	HG00329_hap1	chr8	1	1	PASS	0	0
HG00329	HG00329_hap2	chr10	1	1	PASS	4	6
HG00329	HG00329_hap2	chr11	1	1	PASS	0	0
HG00329	HG00329_hap2	chr12	1	1	PASS	0	0
HG00329	HG00329_hap2	chr16	1	1	PASS	17	3
HG00329	HG00329_hap2	chr19	1	1	PASS	0	0
HG00329	HG00329_hap2	chr20	1	1	PASS	0	3
HG00329	HG00329_hap2	chr3	1	1	PASS	0	1
HG00329	HG00329_hap2	chr4	1	1	PASS	0	2
HG00329	HG00329_hap2	chr5	1	1	PASS	0	1
HG00329	HG00329_hap2	chr6	1	1	PASS	0	0
HG00329	HG00329_hap2	chr7	1	1	PASS	22	12
HG00329	HG00329_hap2	chr8	1	1	PASS	0	0
HG00344	HG00344_hap1	chr1	1	1	PASS	8	5
HG00344	HG00344_hap1	chr10	1	1	PASS	4	6
HG00344	HG00344_hap1	chr11	1	1	PASS	0	0
HG00344	HG00344_hap1	chr12	1	1	PASS	0	0
HG00344	HG00344_hap1	chr18	1	1	PASS	0	0
HG00344	HG00344_hap1	chr19	1	1	PASS	0	0
HG00344	HG00344_hap1	chr2	1	1	PASS	11	4
HG00344	HG00344_hap1	chr20	1	1	PASS	0	3
HG00344	HG00344_hap1	chr3	1	1	PASS	0	1
HG00344	HG00344_hap1	chr4	1	1	PASS	0	2
HG00344	HG00344_hap1	chr5	1	1	PASS	0	1
HG00344	HG00344_hap1	chr6	1	1	PASS	0	0
HG00344	HG00344_hap1	chr7	1	1	PASS	20	11
HG00344	HG00344_hap1	chr8	1	1	PASS	0	0
HG00344	HG00344_hap1	chrX	1	1	PASS	0	0
HG00344	HG00344_hap2	chr1	1	1	PASS	6	5
HG00344	HG00344_hap2	chr10	1	1	PASS	4	6
HG00344	HG00344_hap2	chr11	1	1	PASS	0	0
HG00344	HG00344_hap2	chr12	1	1	PASS	0	0
HG00344	HG00344_hap2	chr16	1	1	PASS	17	3
HG00344	HG00344_hap2	chr18	1	1	PASS	0	0
HG00344	HG00344_hap2	chr19	1	1	PASS	0	0
HG00344	HG00344_hap2	chr2	1	1	PASS	11	4
HG00344	HG00344_hap2	chr20	1	1	PASS	0	3
HG00344	HG00344_hap2	chr3	1	1	PASS	0	1
HG00344	HG00344_hap2	chr4	1	1	PASS	0	2
HG00344	HG00344_hap2	chr5	1	1	PASS	0	1
HG00344	HG00344_hap2	chr6	1	1	PASS	0	0
HG00344	HG00344_hap2	chr7	1	1	PASS	24	17
HG00344	HG00344_hap2	chr8	1	1	PASS	0	0
HG00344	HG00344_hap2	chrX	1	1	PASS	0	0
HG00350	HG00350_hap1	chr1	1	1	PASS	8	4
HG00350	HG00350_hap1	chr10	1	1	PASS	4	6
HG00350	HG00350_hap1	chr11	1	1	PASS	0	0
HG00350	HG00350_hap1	chr12	1	1	PASS	0	0
HG00350	HG00350_hap1	chr16	1	1	PASS	19	5
HG00350	HG00350_hap1	chr17	1	1	PASS	2	5
HG00350	HG00350_hap1	chr18	1	1	PASS	0	0
HG00350	HG00350_hap1	chr19	1	1	PASS	0	0
HG00350	HG00350_hap1	chr20	1	1	PASS	0	3
HG00350	HG00350_hap1	chr3	1	1	PASS	0	1
HG00350	HG00350_hap1	chr5	1	1	PASS	0	1
HG00350	HG00350_hap1	chr7	1	1	PASS	21	21
HG00350	HG00350_hap1	chr8	1	1	PASS	0	0
HG00350	HG00350_hap1	chr9	1	1	PASS	1	152
HG00350	HG00350_hap1	chrX	1	1	PASS	0	0
HG00350	HG00350_hap2	chr1	1	1	PASS	6	5
HG00350	HG00350_hap2	chr10	1	1	PASS	4	6
HG00350	HG00350_hap2	chr11	1	1	PASS	0	0
HG00350	HG00350_hap2	chr12	1	1	PASS	0	0
HG00350	HG00350_hap2	chr16	1	1	PASS	20	6
HG00350	HG00350_hap2	chr17	1	1	PASS	2	5
HG00350	HG00350_hap2	chr18	1	1	PASS	0	0
HG00350	HG00350_hap2	chr19	1	1	PASS	0	0
HG00350	HG00350_hap2	chr20	1	1	PASS	0	3
HG00350	HG00350_hap2	chr3	1	1	PASS	0	1
HG00350	HG00350_hap2	chr5	1	1	PASS	0	1
HG00350	HG00350_hap2	chr7	1	1	PASS	23	18
HG00350	HG00350_hap2	chr8	1	1	PASS	0	0
HG00350	HG00350_hap2	chr9	1	1	PASS	1	157
HG00350	HG00350_hap2	chrX	1	1	PASS	0	0
HG00358	HG00358_hap1	chr1	1	1	PASS	8	5
HG00358	HG00358_hap1	chr10	1	1	PASS	4	6
HG00358	HG00358_hap1	chr11	1	1	PASS	0	0
HG00358	HG00358_hap1	chr12	1	1	PASS	0	0
HG00358	HG00358_hap1	chr16	1	1	PASS	17	3
HG00358	HG00358_hap1	chr17	1	1	PASS	2	5
HG00358	HG00358_hap1	chr18	1	1	PASS	0	0
HG00358	HG00358_hap1	chr19	1	1	PASS	0	0
HG00358	HG00358_hap1	chr20	1	1	PASS	0	3
HG00358	HG00358_hap1	chr3	1	1	PASS	0	1
HG00358	HG00358_hap1	chr4	1	1	PASS	0	2
HG00358	HG00358_hap1	chr5	1	1	PASS	0	1
HG00358	HG00358_hap1	chr6	1	1	PASS	0	0
HG00358	HG00358_hap1	chr7	1	1	PASS	25	23
HG00358	HG00358_hap1	chr8	1	1	PASS	0	0
HG00358	HG00358_hap2	chr10	1	1	PASS	4	6
HG00358	HG00358_hap2	chr11	1	1	PASS	0	0
HG00358	HG00358_hap2	chr12	1	1	PASS	0	0
HG00358	HG00358_hap2	chr17	1	1	PASS	2	5
HG00358	HG00358_hap2	chr18	1	1	PASS	0	0
HG00358	HG00358_hap2	chr19	1	1	PASS	0	0
HG00358	HG00358_hap2	chr20	1	1	PASS	0	3
HG00358	HG00358_hap2	chr3	1	1	PASS	0	1
HG00358	HG00358_hap2	chr4	1	1	PASS	0	2
HG00358	HG00358_hap2	chr5	1	1	PASS	0	1
HG00358	HG00358_hap2	chr6	1	1	PASS	0	0
HG00358	HG00358_hap2	chr7	1	1	PASS	22	17
HG00358	HG00358_hap2	chr8	1	1	PASS	0	0
HG00358	HG00358_hap2	chr9	1	1	PASS	1	107
HG00358	HG00358_hap2	chrX	1	1	PASS	0	0
HG00408	HG00408_hap1	chr10	1	1	PASS	4	6
HG00408	HG00408_hap1	chr11	1	1	PASS	0	0
HG00408	HG00408_hap1	chr12	1	1	PASS	0	0
HG00408	HG00408_hap1	chr16	1	1	PASS	17	3
HG00408	HG00408_hap1	chr18	1	1	PASS	0	0
HG00408	HG00408_hap1	chr19	1	1	PASS	0	0
HG00408	HG00408_hap1	chr2	1	1	PASS	11	4
HG00408	HG00408_hap1	chr20	1	1	PASS	0	3
HG00408	HG00408_hap1	chr3	1	1	PASS	0	1
HG00408	HG00408_hap1	chr4	1	1	PASS	0	2
HG00408	HG00408_hap1	chr5	1	1	PASS	0	1
HG00408	HG00408_hap1	chr6	1	1	PASS	0	0
HG00408	HG00408_hap1	chr8	1	1	PASS	0	0
HG00408	HG00408_hap1	chr9	1	1	PASS	1	111
HG00408	HG00408_hap1	chrX	1	1	PASS	0	0
HG00408	HG00408_hap2	chr10	1	1	PASS	4	6
HG00408	HG00408_hap2	chr11	1	1	PASS	0	0
HG00408	HG00408_hap2	chr12	1	1	PASS	0	0
HG00408	HG00408_hap2	chr16	1	1	PASS	20	5
HG00408	HG00408_hap2	chr18	1	1	PASS	0	0
HG00408	HG00408_hap2	chr19	1	1	PASS	0	0
HG00408	HG00408_hap2	chr2	1	1	PASS	11	4
HG00408	HG00408_hap2	chr20	1	1	PASS	0	3
HG00408	HG00408_hap2	chr3	1	1	PASS	0	1
HG00408	HG00408_hap2	chr4	1	1	PASS	0	2
HG00408	HG00408_hap2	chr5	1	1	PASS	0	1
HG00408	HG00408_hap2	chr6	1	1	PASS	0	0
HG00408	HG00408_hap2	chr8	1	1	PASS	0	0
HG00408	HG00408_hap2	chr9	1	1	PASS	1	109
HG00408	HG00408_hap2	chrX	1	1	PASS	0	0
HG00423	HG00423_hap1	chr10	1	1	PASS	4	6
HG00423	HG00423_hap1	chr11	1	1	PASS	0	0
HG00423	HG00423_hap1	chr12	1	1	PASS	0	0
HG00423	HG00423_hap1	chr16	1	1	PASS	17	3
HG00423	HG00423_hap1	chr18	1	1	PASS	0	0
HG00423	HG00423_hap1	chr19	1	1	PASS	0	0
HG00423	HG00423_hap1	chr2	1	1	PASS	11	4
HG00423	HG00423_hap1	chr20	1	1	PASS	0	3
HG00423	HG00423_hap1	chr3	1	1	PASS	0	1
HG00423	HG00423_hap1	chr4	1	1	PASS	0	2
HG00423	HG00423_hap1	chr5	1	1	PASS	0	1
HG00423	HG00423_hap1	chr6	1	1	PASS	0	0
HG00423	HG00423_hap1	chr7	1	1	PASS	21	15
HG00423	HG00423_hap1	chr8	1	1	PASS	0	0
HG00423	HG00423_hap1	chr9	1	1	PASS	1	178
HG00423	HG00423_hap1	chrX	1	1	PASS	0	0
HG00423	HG00423_hap2	chr10	1	1	PASS	4	6
HG00423	HG00423_hap2	chr11	1	1	PASS	0	0
HG00423	HG00423_hap2	chr12	1	1	PASS	0	0
HG00423	HG00423_hap2	chr16	1	1	PASS	19	5
HG00423	HG00423_hap2	chr18	1	1	PASS	0	0
HG00423	HG00423_hap2	chr19	1	1	PASS	0	0
HG00423	HG00423_hap2	chr2	1	1	PASS	11	4
HG00423	HG00423_hap2	chr20	1	1	PASS	0	3
HG00423	HG00423_hap2	chr3	1	1	PASS	0	1
HG00423	HG00423_hap2	chr4	1	1	PASS	0	2
HG00423	HG00423_hap2	chr5	1	1	PASS	0	1
HG00423	HG00423_hap2	chr6	1	1	PASS	0	0
HG00423	HG00423_hap2	chr7	1	1	PASS	22	13
HG00423	HG00423_hap2	chr8	1	1	PASS	0	0
HG00423	HG00423_hap2	chr9	1	1	PASS	1	178
HG00423	HG00423_hap2	chrX	1	1	PASS	0	0
HG00438	HG00438_hap1	chr1	1	1	PASS	7	4
HG00438	HG00438_hap1	chr10	1	1	PASS	4	6
HG00438	HG00438_hap1	chr11	1	1	PASS	0	0
HG00438	HG00438_hap1	chr12	1	1	PASS	0	0
HG00438	HG00438_hap1	chr16	1	1	PASS	19	5
HG00438	HG00438_hap1	chr17	1	1	PASS	2	5
HG00438	HG00438_hap1	chr18	1	1	PASS	0	0
HG00438	HG00438_hap1	chr19	1	1	PASS	0	0
HG00438	HG00438_hap1	chr2	1	1	PASS	11	4
HG00438	HG00438_hap1	chr20	1	1	PASS	0	3
HG00438	HG00438_hap1	chr3	1	1	PASS	0	1
HG00438	HG00438_hap1	chr4	1	1	PASS	0	2
HG00438	HG00438_hap1	chr5	1	1	PASS	0	1
HG00438	HG00438_hap1	chr6	1	1	PASS	0	0
HG00438	HG00438_hap1	chr7	1	1	PASS	21	18
HG00438	HG00438_hap1	chr8	1	1	PASS	0	0
HG00438	HG00438_hap2	chr1	1	1	PASS	8	5
HG00438	HG00438_hap2	chr10	1	1	PASS	4	6
HG00438	HG00438_hap2	chr11	1	1	PASS	0	0
HG00438	HG00438_hap2	chr12	1	1	PASS	0	0
HG00438	HG00438_hap2	chr16	1	1	PASS	17	3
HG00438	HG00438_hap2	chr17	1	1	PASS	2	5
HG00438	HG00438_hap2	chr18	1	1	PASS	0	0
HG00438	HG00438_hap2	chr19	1	1	PASS	0	0
HG00438	HG00438_hap2	chr2	1	1	PASS	11	4
HG00438	HG00438_hap2	chr20	1	1	PASS	0	3
HG00438	HG00438_hap2	chr3	1	1	PASS	0	1
HG00438	HG00438_hap2	chr4	1	1	PASS	0	2
HG00438	HG00438_hap2	chr5	1	1	PASS	0	1
HG00438	HG00438_hap2	chr6	1	1	PASS	0	0
HG00438	HG00438_hap2	chr7	1	1	PASS	23	13
HG00438	HG00438_hap2	chr8	1	1	PASS	0	0
HG00438	HG00438_hap2	chr9	1	1	PASS	1	131
HG00438	HG00438_hap2	chrX	1	1	PASS	0	0
HG00512	HG00512_hap1	chr1	1	1	PASS	7	5
HG00512	HG00512_hap1	chr10	1	1	PASS	4	6
HG00512	HG00512_hap1	chr11	1	1	PASS	0	0
HG00512	HG00512_hap1	chr12	1	1	PASS	0	0
HG00512	HG00512_hap1	chr18	1	1	PASS	0	0
HG00512	HG00512_hap1	chr19	1	1	PASS	0	0
HG00512	HG00512_hap1	chr2	1	1	PASS	11	4
HG00512	HG00512_hap1	chr20	1	1	PASS	0	3
HG00512	HG00512_hap1	chr3	1	1	PASS	0	1
HG00512	HG00512_hap1	chr5	1	1	PASS	0	1
HG00512	HG00512_hap1	chr6	1	1	PASS	0	0
HG00512	HG00512_hap2	chr1	1	1	PASS	7	5
HG00512	HG00512_hap2	chr10	1	1	PASS	4	6
HG00512	HG00512_hap2	chr11	1	1	PASS	0	0
HG00512	HG00512_hap2	chr12	1	1	PASS	0	0
HG00512	HG00512_hap2	chr17	1	1	PASS	2	5
HG00512	HG00512_hap2	chr18	1	1	PASS	0	0
HG00512	HG00512_hap2	chr19	1	1	PASS	0	0
HG00512	HG00512_hap2	chr3	1	1	PASS	0	1
HG00512	HG00512_hap2	chr4	1	1	PASS	0	2
HG00512	HG00512_hap2	chr5	1	1	PASS	0	1
HG00512	HG00512_hap2	chr6	1	1	PASS	0	0
HG00512	HG00512_hap2	chr7	1	1	PASS	19	13
HG00512	HG00512_hap2	chr8	1	1	PASS	0	0
HG00513	HG00513_hap1	chr10	1	1	PASS	4	6
HG00513	HG00513_hap1	chr11	1	1	PASS	0	0
HG00513	HG00513_hap1	chr12	1	1	PASS	0	0
HG00513	HG00513_hap1	chr16	1	1	PASS	20	5
HG00513	HG00513_hap1	chr18	1	1	PASS	0	0
HG00513	HG00513_hap1	chr19	1	1	PASS	0	0
HG00513	HG00513_hap1	chr5	1	1	PASS	0	1
HG00513	HG00513_hap1	chr6	1	1	PASS	0	0
HG00513	HG00513_hap1	chr7	1	1	PASS	23	23
HG00513	HG00513_hap1	chr8	1	1	PASS	0	0
HG00513	HG00513_hap2	chr1	1	1	PASS	8	4
HG00513	HG00513_hap2	chr10	1	1	PASS	4	6
HG00513	HG00513_hap2	chr11	1	1	PASS	0	0
HG00513	HG00513_hap2	chr12	1	1	PASS	0	0
HG00513	HG00513_hap2	chr16	1	1	PASS	16	2
HG00513	HG00513_hap2	chr17	1	1	PASS	2	5
HG00513	HG00513_hap2	chr18	1	1	PASS	0	0
HG00513	HG00513_hap2	chr19	1	1	PASS	0	0
HG00513	HG00513_hap2	chr2	1	1	PASS	11	4
HG00513	HG00513_hap2	chr3	1	1	PASS	0	1
HG00513	HG00513_hap2	chr4	1	1	PASS	0	2
HG00513	HG00513_hap2	chr5	1	1	PASS	0	1
HG00513	HG00513_hap2	chr6	1	1	PASS	0	0
HG00513	HG00513_hap2	chr7	1	1	PASS	21	12
HG00513	HG00513_hap2	chr8	1	1	PASS	0	0
HG00513	HG00513_hap2	chr9	1	1	PASS	1	130
HG00514	HG00514_hap1	chr10	1	1	PASS	4	6
HG00514	HG00514_hap1	chr11	1	1	PASS	0	0
HG00514	HG00514_hap1	chr17	1	1	PASS	2	5
HG00514	HG00514_hap1	chr18	1	1	PASS	0	0
HG00514	HG00514_hap1	chr19	1	1	PASS	0	0
HG00514	HG00514_hap1	chr2	1	1	PASS	11	4
HG00514	HG00514_hap1	chr3	1	1	PASS	0	1
HG00514	HG00514_hap1	chr5	1	1	PASS	0	1
HG00514	HG00514_hap1	chr8	1	1	PASS	0	0
HG00514	HG00514_hap2	chr10	1	1	PASS	4	6
HG00514	HG00514_hap2	chr11	1	1	PASS	0	0
HG00514	HG00514_hap2	chr17	1	1	PASS	2	5
HG00514	HG00514_hap2	chr19	1	1	PASS	0	0
HG00514	HG00514_hap2	chr2	1	1	PASS	7	2
HG00514	HG00514_hap2	chr3	1	1	PASS	0	1
HG00514	HG00514_hap2	chr5	1	1	PASS	0	1
HG00514	HG00514_hap2	chr8	1	1	PASS	0	0
HG00514	HG00514_hap2	chr9	1	1	PASS	0	0
HG00544	HG00544_hap1	chr1	1	1	PASS	7	5
HG00544	HG00544_hap1	chr10	1	1	PASS	4	6
HG00544	HG00544_hap1	chr11	1	1	PASS	0	0
HG00544	HG00544_hap1	chr12	1	1	PASS	0	0
HG00544	HG00544_hap1	chr16	1	1	PASS	19	5
HG00544	HG00544_hap1	chr18	1	1	PASS	0	0
HG00544	HG00544_hap1	chr19	1	1	PASS	0	0
HG00544	HG00544_hap1	chr2	1	1	PASS	11	4
HG00544	HG00544_hap1	chr3	1	1	PASS	0	1
HG00544	HG00544_hap1	chr5	1	1	PASS	0	1
HG00544	HG00544_hap1	chr6	1	1	PASS	0	0
HG00544	HG00544_hap1	chr7	1	1	PASS	20	13
HG00544	HG00544_hap1	chr8	1	1	PASS	0	0
HG00544	HG00544_hap1	chr9	1	1	PASS	1	178
HG00544	HG00544_hap1	chrX	1	1	PASS	0	0
HG00544	HG00544_hap2	chr1	1	1	PASS	7	5
HG00544	HG00544_hap2	chr10	1	1	PASS	4	6
HG00544	HG00544_hap2	chr11	1	1	PASS	0	0
HG00544	HG00544_hap2	chr12	1	1	PASS	0	0
HG00544	HG00544_hap2	chr16	1	1	PASS	19	5
HG00544	HG00544_hap2	chr18	1	1	PASS	0	0
HG00544	HG00544_hap2	chr19	1	1	PASS	0	0
HG00544	HG00544_hap2	chr2	1	1	PASS	11	4
HG00544	HG00544_hap2	chr3	1	1	PASS	0	1
HG00544	HG00544_hap2	chr5	1	1	PASS	0	1
HG00544	HG00544_hap2	chr6	1	1	PASS	0	0
HG00544	HG00544_hap2	chr7	1	1	PASS	21	16
HG00544	HG00544_hap2	chr8	1	1	PASS	0	0
HG00544	HG00544_hap2	chr9	1	1	PASS	1	136
HG00544	HG00544_hap2	chrX	1	1	PASS	0	0
HG00558	HG00558_hap1	chr1	1	1	PASS	7	4
HG00558	HG00558_hap1	chr10	1	1	PASS	4	6
HG00558	HG00558_hap1	chr11	1	1	PASS	0	0
HG00558	HG00558_hap1	chr12	1	1	PASS	0	0
HG00558	HG00558_hap1	chr16	1	1	PASS	21	6
HG00558	HG00558_hap1	chr19	1	1	PASS	0	0
HG00558	HG00558_hap1	chr20	1	1	PASS	0	3
HG00558	HG00558_hap1	chr3	1	1	PASS	0	1
HG00558	HG00558_hap1	chr4	1	1	PASS	0	2
HG00558	HG00558_hap1	chr5	1	1	PASS	0	1
HG00558	HG00558_hap1	chr6	1	1	PASS	0	0
HG00558	HG00558_hap1	chr7	1	1	PASS	23	11
HG00558	HG00558_hap1	chr8	1	1	PASS	0	0
HG00558	HG00558_hap1	chr9	1	1	PASS	1	132
HG00558	HG00558_hap1	chrX	1	1	PASS	0	0
HG00558	HG00558_hap2	chr1	1	1	PASS	9	4
HG00558	HG00558_hap2	chr10	1	1	PASS	4	6
HG00558	HG00558_hap2	chr11	1	1	PASS	0	0
HG00558	HG00558_hap2	chr12	1	1	PASS	0	0
HG00558	HG00558_hap2	chr16	1	1	PASS	19	5
HG00558	HG00558_hap2	chr19	1	1	PASS	0	0
HG00558	HG00558_hap2	chr20	1	1	PASS	0	3
HG00558	HG00558_hap2	chr3	1	1	PASS	0	1
HG00558	HG00558_hap2	chr4	1	1	PASS	0	2
HG00558	HG00558_hap2	chr5	1	1	PASS	0	0
HG00558	HG00558_hap2	chr6	1	1	PASS	0	0
HG00558	HG00558_hap2	chr7	1	1	PASS	22	13
HG00558	HG00558_hap2	chr8	1	1	PASS	0	0
HG00558	HG00558_hap2	chr9	1	1	PASS	1	123
HG00558	HG00558_hap2	chrX	1	1	PASS	0	0
HG00597	HG00597_hap1	chr1	1	1	PASS	7	5
HG00597	HG00597_hap1	chr10	1	1	PASS	4	6
HG00597	HG00597_hap1	chr11	1	1	PASS	0	0
HG00597	HG00597_hap1	chr12	1	1	PASS	0	0
HG00597	HG00597_hap1	chr16	1	1	PASS	20	5
HG00597	HG00597_hap1	chr19	1	1	PASS	0	0
HG00597	HG00597_hap1	chr2	1	1	PASS	11	4
HG00597	HG00597_hap1	chr20	1	1	PASS	0	3
HG00597	HG00597_hap1	chr3	1	1	PASS	0	1
HG00597	HG00597_hap1	chr4	1	1	PASS	0	2
HG00597	HG00597_hap1	chr5	1	1	PASS	0	1
HG00597	HG00597_hap1	chr6	1	1	PASS	0	0
HG00597	HG00597_hap1	chr7	1	1	PASS	23	13
HG00597	HG00597_hap1	chr8	1	1	PASS	0	0
HG00597	HG00597_hap1	chr9	1	1	PASS	1	138
HG00597	HG00597_hap1	chrX	1	1	PASS	0	0
HG00597	HG00597_hap2	chr1	1	1	PASS	7	4
HG00597	HG00597_hap2	chr10	1	1	PASS	4	6
HG00597	HG00597_hap2	chr11	1	1	PASS	0	0
HG00597	HG00597_hap2	chr12	1	1	PASS	0	0
HG00597	HG00597_hap2	chr16	1	1	PASS	19	4
HG00597	HG00597_hap2	chr19	1	1	PASS	0	0
HG00597	HG00597_hap2	chr2	1	1	PASS	11	4
HG00597	HG00597_hap2	chr20	1	1	PASS	0	3
HG00597	HG00597_hap2	chr3	1	1	PASS	0	1
HG00597	HG00597_hap2	chr5	1	1	PASS	0	1
HG00597	HG00597_hap2	chr6	1	1	PASS	0	0
HG00597	HG00597_hap2	chr7	1	1	PASS	20	12
HG00597	HG00597_hap2	chr8	1	1	PASS	0	0
HG00597	HG00597_hap2	chr9	1	1	PASS	1	100
HG00597	HG00597_hap2	chrX	1	1	PASS	0	0
HG00609	HG00609_hap1	chr1	1	1	PASS	7	4
HG00609	HG00609_hap1	chr10	1	1	PASS	4	6
HG00609	HG00609_hap1	chr11	1	1	PASS	0	0
HG00609	HG00609_hap1	chr12	1	1	PASS	0	0
HG00609	HG00609_hap1	chr16	1	1	PASS	21	6
HG00609	HG00609_hap1	chr17	1	1	PASS	2	5
HG00609	HG00609_hap1	chr19	1	1	PASS	0	0
HG00609	HG00609_hap1	chr2	1	1	PASS	7	2
HG00609	HG00609_hap1	chr20	1	1	PASS	0	3
HG00609	HG00609_hap1	chr3	1	1	PASS	0	1
HG00609	HG00609_hap1	chr4	1	1	PASS	0	2
HG00609	HG00609_hap1	chr5	1	1	PASS	0	1
HG00609	HG00609_hap1	chr6	1	1	PASS	0	0
HG00609	HG00609_hap1	chr7	1	1	PASS	19	12
HG00609	HG00609_hap1	chr8	1	1	PASS	0	0
HG00609	HG00609_hap1	chr9	1	1	PASS	1	112
HG00609	HG00609_hap2	chr1	1	1	PASS	7	5
HG00609	HG00609_hap2	chr10	1	1	PASS	4	6
HG00609	HG00609_hap2	chr11	1	1	PASS	0	0
HG00609	HG00609_hap2	chr12	1	1	PASS	0	0
HG00609	HG00609_hap2	chr16	1	1	PASS	17	3
HG00609	HG00609_hap2	chr17	1	1	PASS	2	5
HG00609	HG00609_hap2	chr19	1	1	PASS	0	0
HG00609	HG00609_hap2	chr2	1	1	PASS	11	4
HG00609	HG00609_hap2	chr20	1	1	PASS	0	3
HG00609	HG00609_hap2	chr3	1	1	PASS	0	1
HG00609	HG00609_hap2	chr4	1	1	PASS	0	2
HG00609	HG00609_hap2	chr5	1	1	PASS	0	1
HG00609	HG00609_hap2	chr6	1	1	PASS	0	0
HG00609	HG00609_hap2	chr7	1	1	PASS	20	12
HG00609	HG00609_hap2	chr8	1	1	PASS	0	0
HG00609	HG00609_hap2	chr9	1	1	PASS	1	129
HG00621	HG00621_hap1	chr1	1	1	PASS	6	4
HG00621	HG00621_hap1	chr10	1	1	PASS	4	6
HG00621	HG00621_hap1	chr11	1	1	PASS	0	0
HG00621	HG00621_hap1	chr12	1	1	PASS	0	0
HG00621	HG00621_hap1	chr16	1	1	PASS	20	6
HG00621	HG00621_hap1	chr18	1	1	PASS	0	0
HG00621	HG00621_hap1	chr19	1	1	PASS	0	0
HG00621	HG00621_hap1	chr20	1	1	PASS	0	3
HG00621	HG00621_hap1	chr3	1	1	PASS	0	1
HG00621	HG00621_hap1	chr4	1	1	PASS	0	2
HG00621	HG00621_hap1	chr5	1	1	PASS	0	1
HG00621	HG00621_hap1	chr6	1	1	PASS	0	0
HG00621	HG00621_hap1	chr8	1	1	PASS	0	0
HG00621	HG00621_hap1	chr9	1	1	PASS	1	176
HG00621	HG00621_hap1	chrX	1	1	PASS	0	0
HG00621	HG00621_hap2	chr1	1	1	PASS	8	4
HG00621	HG00621_hap2	chr10	1	1	PASS	4	6
HG00621	HG00621_hap2	chr11	1	1	PASS	0	0
HG00621	HG00621_hap2	chr12	1	1	PASS	0	0
HG00621	HG00621_hap2	chr16	1	1	PASS	17	3
HG00621	HG00621_hap2	chr18	1	1	PASS	0	0
HG00621	HG00621_hap2	chr19	1	1	PASS	0	0
HG00621	HG00621_hap2	chr20	1	1	PASS	0	3
HG00621	HG00621_hap2	chr3	1	1	PASS	0	1
HG00621	HG00621_hap2	chr4	1	1	PASS	0	2
HG00621	HG00621_hap2	chr5	1	1	PASS	0	1
HG00621	HG00621_hap2	chr6	1	1	PASS	0	0
HG00621	HG00621_hap2	chr7	1	1	PASS	23	18
HG00621	HG00621_hap2	chr8	1	1	PASS	0	0
HG00621	HG00621_hap2	chr9	1	1	PASS	1	136
HG00639	HG00639_hap1	chr1	1	1	PASS	7	5
HG00639	HG00639_hap1	chr10	1	1	PASS	3	6
HG00639	HG00639_hap1	chr11	1	1	PASS	0	0
HG00639	HG00639_hap1	chr12	1	1	PASS	0	0
HG00639	HG00639_hap1	chr16	1	1	PASS	19	5
HG00639	HG00639_hap1	chr18	1	1	PASS	0	0
HG00639	HG00639_hap1	chr20	1	1	PASS	0	3
HG00639	HG00639_hap1	chr3	1	1	PASS	0	1
HG00639	HG00639_hap1	chr4	1	1	PASS	0	2
HG00639	HG00639_hap1	chr5	1	1	PASS	0	1
HG00639	HG00639_hap1	chr6	1	1	PASS	0	0
HG00639	HG00639_hap1	chr7	1	1	PASS	22	18
HG00639	HG00639_hap1	chr8	1	1	PASS	0	0
HG00639	HG00639_hap1	chrX	1	1	PASS	0	0
HG00639	HG00639_hap2	chr1	1	1	PASS	6	5
HG00639	HG00639_hap2	chr10	1	1	PASS	4	6
HG00639	HG00639_hap2	chr11	1	1	PASS	0	0
HG00639	HG00639_hap2	chr12	1	1	PASS	0	0
HG00639	HG00639_hap2	chr16	1	1	PASS	17	3
HG00639	HG00639_hap2	chr18	1	1	PASS	0	0
HG00639	HG00639_hap2	chr3	1	1	PASS	0	1
HG00639	HG00639_hap2	chr4	1	1	PASS	0	2
HG00639	HG00639_hap2	chr5	1	1	PASS	0	1
HG00639	HG00639_hap2	chr6	1	1	PASS	0	0
HG00639	HG00639_hap2	chr7	1	1	PASS	21	15
HG00639	HG00639_hap2	chr8	1	1	PASS	0	0
HG00639	HG00639_hap2	chrX	1	1	PASS	0	0
HG00642	HG00642_hap1	chr10	1	1	PASS	3	6
HG00642	HG00642_hap1	chr11	1	1	PASS	0	0
HG00642	HG00642_hap1	chr12	1	1	PASS	0	0
HG00642	HG00642_hap1	chr16	1	1	PASS	19	5
HG00642	HG00642_hap1	chr19	1	1	PASS	0	0
HG00642	HG00642_hap1	chr2	1	1	PASS	11	4
HG00642	HG00642_hap1	chr20	1	1	PASS	0	3
HG00642	HG00642_hap1	chr3	1	1	PASS	0	1
HG00642	HG00642_hap1	chr4	1	1	PASS	0	2
HG00642	HG00642_hap1	chr5	1	1	PASS	0	1
HG00642	HG00642_hap1	chr6	1	1	PASS	0	0
HG00642	HG00642_hap1	chr7	1	1	PASS	22	17
HG00642	HG00642_hap1	chrX	1	1	PASS	0	0
HG00642	HG00642_hap2	chr10	1	1	PASS	4	8
HG00642	HG00642_hap2	chr11	1	1	PASS	0	0
HG00642	HG00642_hap2	chr12	1	1	PASS	0	0
HG00642	HG00642_hap2	chr16	1	1	PASS	17	3
HG00642	HG00642_hap2	chr19	1	1	PASS	0	0
HG00642	HG00642_hap2	chr2	1	1	PASS	7	3
HG00642	HG00642_hap2	chr20	1	1	PASS	0	3
HG00642	HG00642_hap2	chr3	1	1	PASS	0	1
HG00642	HG00642_hap2	chr4	1	1	PASS	0	2
HG00642	HG00642_hap2	chr5	1	1	PASS	0	3
HG00642	HG00642_hap2	chr6	1	1	PASS	0	0
HG00642	HG00642_hap2	chr7	1	1	PASS	22	18
HG00642	HG00642_hap2	chr9	1	1	PASS	1	68
HG00642	HG00642_hap2	chrY	1	1	PASS	1	20
HG00658	HG00658_hap1	chr10	1	1	PASS	4	6
HG00658	HG00658_hap1	chr11	1	1	PASS	0	0
HG00658	HG00658_hap1	chr12	1	1	PASS	0	0
HG00658	HG00658_hap1	chr16	1	1	PASS	17	3
HG00658	HG00658_hap1	chr19	1	1	PASS	0	0
HG00658	HG00658_hap1	chr2	1	1	PASS	11	4
HG00658	HG00658_hap1	chr20	1	1	PASS	0	3
HG00658	HG00658_hap1	chr5	1	1	PASS	0	1
HG00658	HG00658_hap1	chr6	1	1	PASS	0	0
HG00658	HG00658_hap1	chr7	1	1	PASS	21	12
HG00658	HG00658_hap1	chr8	1	1	PASS	0	0
HG00658	HG00658_hap1	chr9	1	1	PASS	1	131
HG00658	HG00658_hap1	chrX	1	1	PASS	0	0
HG00658	HG00658_hap2	chr1	1	1	PASS	7	5
HG00658	HG00658_hap2	chr10	1	1	PASS	4	6
HG00658	HG00658_hap2	chr11	1	1	PASS	0	0
HG00658	HG00658_hap2	chr12	1	1	PASS	0	0
HG00658	HG00658_hap2	chr16	1	1	PASS	20	6
HG00658	HG00658_hap2	chr19	1	1	PASS	0	0
HG00658	HG00658_hap2	chr2	1	1	PASS	7	2
HG00658	HG00658_hap2	chr5	1	1	PASS	0	1
HG00658	HG00658_hap2	chr6	1	1	PASS	0	0
HG00658	HG00658_hap2	chr7	1	1	PASS	22	19
HG00658	HG00658_hap2	chr8	1	1	PASS	0	0
HG00658	HG00658_hap2	chr9	1	1	PASS	1	119
HG00673	HG00673_hap1	chr1	1	1	PASS	7	4
HG00673	HG00673_hap1	chr10	1	1	PASS	4	6
HG00673	HG00673_hap1	chr11	1	1	PASS	0	0
HG00673	HG00673_hap1	chr12	1	1	PASS	0	0
HG00673	HG00673_hap1	chr16	1	1	PASS	20	6
HG00673	HG00673_hap1	chr18	1	1	PASS	0	0
HG00673	HG00673_hap1	chr2	1	1	PASS	11	4
HG00673	HG00673_hap1	chr20	1	1	PASS	0	3
HG00673	HG00673_hap1	chr3	1	1	PASS	0	1
HG00673	HG00673_hap1	chr4	1	1	PASS	0	2
HG00673	HG00673_hap1	chr5	1	1	PASS	0	1
HG00673	HG00673_hap1	chr6	1	1	PASS	0	0
HG00673	HG00673_hap1	chr7	1	1	PASS	22	17
HG00673	HG00673_hap1	chr8	1	1	PASS	0	0
HG00673	HG00673_hap1	chr9	1	1	PASS	1	95
HG00673	HG00673_hap1	chrX	1	1	PASS	0	0
HG00673	HG00673_hap2	chr10	1	1	PASS	4	6
HG00673	HG00673_hap2	chr11	1	1	PASS	0	0
HG00673	HG00673_hap2	chr12	1	1	PASS	0	0
HG00673	HG00673_hap2	chr16	1	1	PASS	19	4
HG00673	HG00673_hap2	chr18	1	1	PASS	0	0
HG00673	HG00673_hap2	chr2	1	1	PASS	11	4
HG00673	HG00673_hap2	chr20	1	1	PASS	0	3
HG00673	HG00673_hap2	chr3	1	1	PASS	0	1
HG00673	HG00673_hap2	chr4	1	1	PASS	0	2
HG00673	HG00673_hap2	chr5	1	1	PASS	0	1
HG00673	HG00673_hap2	chr6	1	1	PASS	0	0
HG00673	HG00673_hap2	chr7	1	1	PASS	21	17
HG00673	HG00673_hap2	chr8	1	1	PASS	0	0
HG00673	HG00673_hap2	chr9	1	1	PASS	1	155
HG00706	HG00706_hap1	chr1	1	1	PASS	7	4
HG00706	HG00706_hap1	chr10	1	1	PASS	4	6
HG00706	HG00706_hap1	chr11	1	1	PASS	0	0
HG00706	HG00706_hap1	chr12	1	1	PASS	0	0
HG00706	HG00706_hap1	chr16	1	1	PASS	17	3
HG00706	HG00706_hap1	chr19	1	1	PASS	0	0
HG00706	HG00706_hap1	chr2	1	1	PASS	11	4
HG00706	HG00706_hap1	chr20	1	1	PASS	0	3
HG00706	HG00706_hap1	chr3	1	1	PASS	0	1
HG00706	HG00706_hap1	chr4	1	1	PASS	0	2
HG00706	HG00706_hap1	chr5	1	1	PASS	0	1
HG00706	HG00706_hap1	chr6	1	1	PASS	0	0
HG00706	HG00706_hap1	chr7	1	1	PASS	21	13
HG00706	HG00706_hap1	chr8	1	1	PASS	0	0
HG00706	HG00706_hap1	chr9	1	1	PASS	1	171
HG00706	HG00706_hap1	chrX	1	1	PASS	0	0
HG00706	HG00706_hap2	chr1	1	1	PASS	6	4
HG00706	HG00706_hap2	chr10	1	1	PASS	4	19
HG00706	HG00706_hap2	chr11	1	1	PASS	0	0
HG00706	HG00706_hap2	chr12	1	1	PASS	0	0
HG00706	HG00706_hap2	chr16	1	1	PASS	17	3
HG00706	HG00706_hap2	chr19	1	1	PASS	0	0
HG00706	HG00706_hap2	chr2	1	1	PASS	5	0
HG00706	HG00706_hap2	chr20	1	1	PASS	0	3
HG00706	HG00706_hap2	chr3	1	1	PASS	0	1
HG00706	HG00706_hap2	chr4	1	1	PASS	0	2
HG00706	HG00706_hap2	chr5	1	1	PASS	0	1
HG00706	HG00706_hap2	chr6	1	1	PASS	0	0
HG00706	HG00706_hap2	chr7	1	1	PASS	20	17
HG00706	HG00706_hap2	chr8	1	1	PASS	0	0
HG00706	HG00706_hap2	chr9	1	1	PASS	1	65
HG00731	HG00731_hap1	chr1	1	1	PASS	8	5
HG00731	HG00731_hap1	chr10	1	1	PASS	4	6
HG00731	HG00731_hap1	chr11	1	1	PASS	0	0
HG00731	HG00731_hap1	chr12	1	1	PASS	0	0
HG00731	HG00731_hap1	chr16	1	1	PASS	20	6
HG00731	HG00731_hap1	chr17	1	1	PASS	2	5
HG00731	HG00731_hap1	chr18	1	1	PASS	0	0
HG00731	HG00731_hap1	chr19	1	1	PASS	0	0
HG00731	HG00731_hap1	chr2	1	1	PASS	7	2
HG00731	HG00731_hap1	chr20	1	1	PASS	0	3
HG00731	HG00731_hap1	chr3	1	1	PASS	0	1
HG00731	HG00731_hap1	chr4	1	1	PASS	0	2
HG00731	HG00731_hap1	chr5	1	1	PASS	0	1
HG00731	HG00731_hap1	chr6	1	1	PASS	0	0
HG00731	HG00731_hap1	chr7	1	1	PASS	22	18
HG00731	HG00731_hap1	chr8	1	1	PASS	0	0
HG00731	HG00731_hap1	chr9	1	1	PASS	1	126
HG00731	HG00731_hap1	chrX	1	1	PASS	0	0
HG00731	HG00731_hap2	chr1	1	1	PASS	7	5
HG00731	HG00731_hap2	chr10	1	1	PASS	4	6
HG00731	HG00731_hap2	chr11	1	1	PASS	0	0
HG00731	HG00731_hap2	chr12	1	1	PASS	0	0
HG00731	HG00731_hap2	chr16	1	1	PASS	20	6
HG00731	HG00731_hap2	chr17	1	1	PASS	2	5
HG00731	HG00731_hap2	chr18	1	1	PASS	0	0
HG00731	HG00731_hap2	chr19	1	1	PASS	0	0
HG00731	HG00731_hap2	chr20	1	1	PASS	0	3
HG00731	HG00731_hap2	chr3	1	1	PASS	0	1
HG00731	HG00731_hap2	chr4	1	1	PASS	0	2
HG00731	HG00731_hap2	chr5	1	1	PASS	0	1
HG00731	HG00731_hap2	chr6	1	1	PASS	0	0
HG00731	HG00731_hap2	chr7	1	1	PASS	20	13
HG00731	HG00731_hap2	chr8	1	1	PASS	0	0
HG00731	HG00731_hap2	chr9	1	1	PASS	1	119
HG00731	HG00731_hap2	chrY	1	1	PASS	1	33
HG00732	HG00732_hap1	chr1	1	1	PASS	7	5
HG00732	HG00732_hap1	chr10	1	1	PASS	4	6
HG00732	HG00732_hap1	chr11	1	1	PASS	0	0
HG00732	HG00732_hap1	chr12	1	1	PASS	0	0
HG00732	HG00732_hap1	chr16	1	1	PASS	20	6
HG00732	HG00732_hap1	chr17	1	1	PASS	2	5
HG00732	HG00732_hap1	chr18	1	1	PASS	0	0
HG00732	HG00732_hap1	chr19	1	1	PASS	0	0
HG00732	HG00732_hap1	chr2	1	1	PASS	11	4
HG00732	HG00732_hap1	chr20	1	1	PASS	0	3
HG00732	HG00732_hap1	chr3	1	1	PASS	0	1
HG00732	HG00732_hap1	chr4	1	1	PASS	0	2
HG00732	HG00732_hap1	chr5	1	1	PASS	0	1
HG00732	HG00732_hap1	chr6	1	1	PASS	0	0
HG00732	HG00732_hap1	chr8	1	1	PASS	0	0
HG00732	HG00732_hap1	chr9	1	1	PASS	1	218
HG00732	HG00732_hap2	chr10	1	1	PASS	3	6
HG00732	HG00732_hap2	chr11	1	1	PASS	0	0
HG00732	HG00732_hap2	chr12	1	1	PASS	0	0
HG00732	HG00732_hap2	chr16	1	1	PASS	19	5
HG00732	HG00732_hap2	chr17	1	1	PASS	2	5
HG00732	HG00732_hap2	chr18	1	1	PASS	0	0
HG00732	HG00732_hap2	chr19	1	1	PASS	0	0
HG00732	HG00732_hap2	chr20	1	1	PASS	0	3
HG00732	HG00732_hap2	chr3	1	1	PASS	0	1
HG00732	HG00732_hap2	chr4	1	1	PASS	0	2
HG00732	HG00732_hap2	chr5	1	1	PASS	0	2
HG00732	HG00732_hap2	chr6	1	1	PASS	0	0
HG00732	HG00732_hap2	chr8	1	1	PASS	0	0
HG00732	HG00732_hap2	chr9	1	1	PASS	1	163
HG00733	HG00733_hap1	chr1	1	1	PASS	7	5
HG00733	HG00733_hap1	chr10	1	1	PASS	4	6
HG00733	HG00733_hap1	chr11	1	1	PASS	0	0
HG00733	HG00733_hap1	chr12	1	1	PASS	0	0
HG00733	HG00733_hap1	chr16	1	1	PASS	20	6
HG00733	HG00733_hap1	chr18	1	1	PASS	0	0
HG00733	HG00733_hap1	chr19	1	1	PASS	0	0
HG00733	HG00733_hap1	chr20	1	1	PASS	0	3
HG00733	HG00733_hap1	chr3	1	1	PASS	0	1
HG00733	HG00733_hap1	chr4	1	1	PASS	0	2
HG00733	HG00733_hap1	chr5	1	1	PASS	0	2
HG00733	HG00733_hap1	chr6	1	1	PASS	0	0
HG00733	HG00733_hap1	chr7	1	1	PASS	21	16
HG00733	HG00733_hap1	chr8	1	1	PASS	0	0
HG00733	HG00733_hap1	chrX	1	1	PASS	0	0
HG00733	HG00733_hap2	chr10	1	1	PASS	4	6
HG00733	HG00733_hap2	chr11	1	1	PASS	0	0
HG00733	HG00733_hap2	chr12	1	1	PASS	0	0
HG00733	HG00733_hap2	chr16	1	1	PASS	20	5
HG00733	HG00733_hap2	chr17	1	1	PASS	2	5
HG00733	HG00733_hap2	chr18	1	1	PASS	0	0
HG00733	HG00733_hap2	chr19	1	1	PASS	0	0
HG00733	HG00733_hap2	chr2	1	1	PASS	11	4
HG00733	HG00733_hap2	chr20	1	1	PASS	0	3
HG00733	HG00733_hap2	chr3	1	1	PASS	0	1
HG00733	HG00733_hap2	chr4	1	1	PASS	0	2
HG00733	HG00733_hap2	chr5	1	1	PASS	0	1
HG00733	HG00733_hap2	chr6	1	1	PASS	0	0
HG00733	HG00733_hap2	chr8	1	1	PASS	0	0
HG00733	HG00733_hap2	chr9	1	1	PASS	1	161
HG00733	HG00733_hap2	chrX	1	1	PASS	0	0
HG00735	HG00735_hap1	chr10	1	1	PASS	4	6
HG00735	HG00735_hap1	chr11	1	1	PASS	0	0
HG00735	HG00735_hap1	chr12	1	1	PASS	0	0
HG00735	HG00735_hap1	chr16	1	1	PASS	20	6
HG00735	HG00735_hap1	chr18	1	1	PASS	0	0
HG00735	HG00735_hap1	chr19	1	1	PASS	0	0
HG00735	HG00735_hap1	chr4	1	1	PASS	0	2
HG00735	HG00735_hap1	chr5	1	1	PASS	0	1
HG00735	HG00735_hap1	chr6	1	1	PASS	0	0
HG00735	HG00735_hap1	chr8	1	1	PASS	0	0
HG00735	HG00735_hap1	chr9	1	1	PASS	1	128
HG00735	HG00735_hap1	chrX	1	1	PASS	0	0
HG00735	HG00735_hap2	chr10	1	1	PASS	4	6
HG00735	HG00735_hap2	chr11	1	1	PASS	0	0
HG00735	HG00735_hap2	chr12	1	1	PASS	0	0
HG00735	HG00735_hap2	chr16	1	1	PASS	19	5
HG00735	HG00735_hap2	chr18	1	1	PASS	0	0
HG00735	HG00735_hap2	chr19	1	1	PASS	0	0
HG00735	HG00735_hap2	chr4	1	1	PASS	0	2
HG00735	HG00735_hap2	chr5	1	1	PASS	0	1
HG00735	HG00735_hap2	chr6	1	1	PASS	0	0
HG00735	HG00735_hap2	chr8	1	1	PASS	0	0
HG00735	HG00735_hap2	chr9	1	1	PASS	1	157
HG00735	HG00735_hap2	chrX	1	1	PASS	0	0
HG00738	HG00738_hap1	chr10	1	1	PASS	4	6
HG00738	HG00738_hap1	chr11	1	1	PASS	0	0
HG00738	HG00738_hap1	chr12	1	1	PASS	0	0
HG00738	HG00738_hap1	chr16	1	1	PASS	21	6
HG00738	HG00738_hap1	chr19	1	1	PASS	0	0
HG00738	HG00738_hap1	chr2	1	1	PASS	9	4
HG00738	HG00738_hap1	chr20	1	1	PASS	0	3
HG00738	HG00738_hap1	chr3	1	1	PASS	0	1
HG00738	HG00738_hap1	chr4	1	1	PASS	0	2
HG00738	HG00738_hap1	chr5	1	1	PASS	0	1
HG00738	HG00738_hap1	chr6	1	1	PASS	0	0
HG00738	HG00738_hap1	chr7	1	1	PASS	22	11
HG00738	HG00738_hap1	chr8	1	1	PASS	0	0
HG00738	HG00738_hap1	chr9	1	1	PASS	1	139
HG00738	HG00738_hap1	chrX	1	1	PASS	0	0
HG00738	HG00738_hap2	chr1	1	1	PASS	7	4
HG00738	HG00738_hap2	chr10	1	1	PASS	4	6
HG00738	HG00738_hap2	chr11	1	1	PASS	0	0
HG00738	HG00738_hap2	chr12	1	1	PASS	0	0
HG00738	HG00738_hap2	chr16	1	1	PASS	20	6
HG00738	HG00738_hap2	chr19	1	1	PASS	0	0
HG00738	HG00738_hap2	chr2	1	1	PASS	11	4
HG00738	HG00738_hap2	chr20	1	1	PASS	0	3
HG00738	HG00738_hap2	chr4	1	1	PASS	0	2
HG00738	HG00738_hap2	chr5	1	1	PASS	0	1
HG00738	HG00738_hap2	chr6	1	1	PASS	0	0
HG00738	HG00738_hap2	chr7	1	1	PASS	20	14
HG00738	HG00738_hap2	chr8	1	1	PASS	0	0
HG00738	HG00738_hap2	chr9	1	1	PASS	1	102
HG00741	HG00741_hap1	chr1	1	1	PASS	9	5
HG00741	HG00741_hap1	chr10	1	1	PASS	4	6
HG00741	HG00741_hap1	chr11	1	1	PASS	0	0
HG00741	HG00741_hap1	chr12	1	1	PASS	0	0
HG00741	HG00741_hap1	chr16	1	1	PASS	22	6
HG00741	HG00741_hap1	chr18	1	1	PASS	0	0
HG00741	HG00741_hap1	chr19	1	1	PASS	0	0
HG00741	HG00741_hap1	chr2	1	1	PASS	11	4
HG00741	HG00741_hap1	chr20	1	1	PASS	0	3
HG00741	HG00741_hap1	chr5	1	1	PASS	0	1
HG00741	HG00741_hap1	chr6	1	1	PASS	0	0
HG00741	HG00741_hap1	chr7	1	1	PASS	23	15
HG00741	HG00741_hap1	chr8	1	1	PASS	0	0
HG00741	HG00741_hap1	chr9	1	1	PASS	1	243
HG00741	HG00741_hap1	chrX	1	1	PASS	0	0
HG00741	HG00741_hap2	chr1	1	1	PASS	7	5
HG00741	HG00741_hap2	chr10	1	1	PASS	4	6
HG00741	HG00741_hap2	chr11	1	1	PASS	0	0
HG00741	HG00741_hap2	chr12	1	1	PASS	0	0
HG00741	HG00741_hap2	chr16	1	1	PASS	19	5
HG00741	HG00741_hap2	chr18	1	1	PASS	0	0
HG00741	HG00741_hap2	chr19	1	1	PASS	0	0
HG00741	HG00741_hap2	chr2	1	1	PASS	11	4
HG00741	HG00741_hap2	chr20	1	1	PASS	0	3
HG00741	HG00741_hap2	chr5	1	1	PASS	0	1
HG00741	HG00741_hap2	chr6	1	1	PASS	0	0
HG00741	HG00741_hap2	chr7	1	1	PASS	23	13
HG00741	HG00741_hap2	chr8	1	1	PASS	0	0
HG00741	HG00741_hap2	chr9	1	1	PASS	1	190
HG00741	HG00741_hap2	chrX	1	1	PASS	0	0
HG00864	HG00864_hap1	chr10	1	1	PASS	4	6
HG00864	HG00864_hap1	chr11	1	1	PASS	0	0
HG00864	HG00864_hap1	chr12	1	1	PASS	0	0
HG00864	HG00864_hap1	chr17	1	1	PASS	2	5
HG00864	HG00864_hap1	chr18	1	1	PASS	0	0
HG00864	HG00864_hap1	chr19	1	1	PASS	0	0
HG00864	HG00864_hap1	chr20	1	1	PASS	0	3
HG00864	HG00864_hap1	chr3	1	1	PASS	0	1
HG00864	HG00864_hap1	chr4	1	1	PASS	0	2
HG00864	HG00864_hap1	chr5	1	1	PASS	0	1
HG00864	HG00864_hap1	chr7	1	1	PASS	21	13
HG00864	HG00864_hap1	chr8	1	1	PASS	0	0
HG00864	HG00864_hap1	chr9	1	1	PASS	1	186
HG00864	HG00864_hap1	chrX	1	1	PASS	0	0
HG00864	HG00864_hap2	chr1	1	1	PASS	7	4
HG00864	HG00864_hap2	chr11	1	1	PASS	0	0
HG00864	HG00864_hap2	chr12	1	1	PASS	0	0
HG00864	HG00864_hap2	chr16	1	1	PASS	19	5
HG00864	HG00864_hap2	chr18	1	1	PASS	0	0
HG00864	HG00864_hap2	chr19	1	1	PASS	0	0
HG00864	HG00864_hap2	chr20	1	1	PASS	0	3
HG00864	HG00864_hap2	chr3	1	1	PASS	0	1
HG00864	HG00864_hap2	chr4	1	1	PASS	0	2
HG00864	HG00864_hap2	chr5	1	1	PASS	0	1
HG00864	HG00864_hap2	chr7	1	1	PASS	22	11
HG00864	HG00864_hap2	chr8	1	1	PASS	0	0
HG00864	HG00864_hap2	chr9	1	1	PASS	1	112
HG01071	HG01071_hap1	chr1	1	1	PASS	7	5
HG01071	HG01071_hap1	chr10	1	1	PASS	4	6
HG01071	HG01071_hap1	chr11	1	1	PASS	0	0
HG01071	HG01071_hap1	chr12	1	1	PASS	0	0
HG01071	HG01071_hap1	chr16	1	1	PASS	20	6
HG01071	HG01071_hap1	chr17	1	1	PASS	2	5
HG01071	HG01071_hap1	chr19	1	1	PASS	0	0
HG01071	HG01071_hap1	chr2	1	1	PASS	11	4
HG01071	HG01071_hap1	chr20	1	1	PASS	0	3
HG01071	HG01071_hap1	chr3	1	1	PASS	0	1
HG01071	HG01071_hap1	chr4	1	1	PASS	0	2
HG01071	HG01071_hap1	chr5	1	1	PASS	0	1
HG01071	HG01071_hap1	chr6	1	1	PASS	0	0
HG01071	HG01071_hap1	chr8	1	1	PASS	0	0
HG01071	HG01071_hap1	chr9	1	1	PASS	1	97
HG01071	HG01071_hap1	chrX	1	1	PASS	0	0
HG01071	HG01071_hap2	chr1	1	1	PASS	7	5
HG01071	HG01071_hap2	chr10	1	1	PASS	4	6
HG01071	HG01071_hap2	chr11	1	1	PASS	0	0
HG01071	HG01071_hap2	chr12	1	1	PASS	0	0
HG01071	HG01071_hap2	chr16	1	1	PASS	19	5
HG01071	HG01071_hap2	chr17	1	1	PASS	2	5
HG01071	HG01071_hap2	chr19	1	1	PASS	0	0
HG01071	HG01071_hap2	chr2	1	1	PASS	11	6
HG01071	HG01071_hap2	chr20	1	1	PASS	0	3
HG01071	HG01071_hap2	chr3	1	1	PASS	0	1
HG01071	HG01071_hap2	chr4	1	1	PASS	0	2
HG01071	HG01071_hap2	chr5	1	1	PASS	0	1
HG01071	HG01071_hap2	chr6	1	1	PASS	0	0
HG01071	HG01071_hap2	chr8	1	1	PASS	0	0
HG01071	HG01071_hap2	chr9	1	1	PASS	1	139
HG01071	HG01071_hap2	chrX	1	1	PASS	0	0
HG01074	HG01074_hap1	chr1	1	1	PASS	7	5
HG01074	HG01074_hap1	chr10	1	1	PASS	4	6
HG01074	HG01074_hap1	chr11	1	1	PASS	0	0
HG01074	HG01074_hap1	chr12	1	1	PASS	0	0
HG01074	HG01074_hap1	chr16	1	1	PASS	20	6
HG01074	HG01074_hap1	chr19	1	1	PASS	0	0
HG01074	HG01074_hap1	chr2	1	1	PASS	11	4
HG01074	HG01074_hap1	chr20	1	1	PASS	0	3
HG01074	HG01074_hap1	chr5	1	1	PASS	0	1
HG01074	HG01074_hap1	chr6	1	1	PASS	0	0
HG01074	HG01074_hap1	chr7	1	1	PASS	20	13
HG01074	HG01074_hap1	chr8	1	1	PASS	0	0
HG01074	HG01074_hap1	chr9	1	1	PASS	1	148
HG01074	HG01074_hap1	chrX	1	1	PASS	0	0
HG01074	HG01074_hap2	chr10	1	1	PASS	3	6
HG01074	HG01074_hap2	chr11	1	1	PASS	0	0
HG01074	HG01074_hap2	chr12	1	1	PASS	0	0
HG01074	HG01074_hap2	chr16	1	1	PASS	19	5
HG01074	HG01074_hap2	chr19	1	1	PASS	0	0
HG01074	HG01074_hap2	chr2	1	1	PASS	11	4
HG01074	HG01074_hap2	chr20	1	1	PASS	0	3
HG01074	HG01074_hap2	chr5	1	1	PASS	0	1
HG01074	HG01074_hap2	chr6	1	1	PASS	0	0
HG01074	HG01074_hap2	chr7	1	1	PASS	18	10
HG01074	HG01074_hap2	chr8	1	1	PASS	0	0
HG01074	HG01074_hap2	chr9	1	1	PASS	1	114
HG01081	HG01081_hap1	chr1	1	1	PASS	7	5
HG01081	HG01081_hap1	chr10	1	1	PASS	4	6
HG01081	HG01081_hap1	chr11	1	1	PASS	0	0
HG01081	HG01081_hap1	chr12	1	1	PASS	0	0
HG01081	HG01081_hap1	chr16	1	1	PASS	19	5
HG01081	HG01081_hap1	chr17	1	1	PASS	2	5
HG01081	HG01081_hap1	chr18	1	1	PASS	0	0
HG01081	HG01081_hap1	chr19	1	1	PASS	0	0
HG01081	HG01081_hap1	chr2	1	1	PASS	11	4
HG01081	HG01081_hap1	chr20	1	1	PASS	0	3
HG01081	HG01081_hap1	chr3	1	1	PASS	0	1
HG01081	HG01081_hap1	chr5	1	1	PASS	0	1
HG01081	HG01081_hap1	chr6	1	1	PASS	0	0
HG01081	HG01081_hap1	chr7	1	1	PASS	23	19
HG01081	HG01081_hap1	chr8	1	1	PASS	0	0
HG01081	HG01081_hap1	chr9	1	1	PASS	1	109
HG01081	HG01081_hap1	chrX	1	1	PASS	0	0
HG01081	HG01081_hap2	chr10	1	1	PASS	4	6
HG01081	HG01081_hap2	chr11	1	1	PASS	0	0
HG01081	HG01081_hap2	chr12	1	1	PASS	0	0
HG01081	HG01081_hap2	chr16	1	1	PASS	20	6
HG01081	HG01081_hap2	chr17	1	1	PASS	2	5
HG01081	HG01081_hap2	chr18	1	1	PASS	0	0
HG01081	HG01081_hap2	chr19	1	1	PASS	0	0
HG01081	HG01081_hap2	chr2	1	1	PASS	11	4
HG01081	HG01081_hap2	chr20	1	1	PASS	0	3
HG01081	HG01081_hap2	chr3	1	1	PASS	0	0
HG01081	HG01081_hap2	chr5	1	1	PASS	0	1
HG01081	HG01081_hap2	chr6	1	1	PASS	0	0
HG01081	HG01081_hap2	chr7	1	1	PASS	22	17
HG01081	HG01081_hap2	chr8	1	1	PASS	0	0
HG01081	HG01081_hap2	chr9	1	1	PASS	1	120
HG01081	HG01081_hap2	chrX	1	1	PASS	0	0
HG01099	HG01099_hap1	chr1	1	1	PASS	7	5
HG01099	HG01099_hap1	chr10	1	1	PASS	4	6
HG01099	HG01099_hap1	chr11	1	1	PASS	0	0
HG01099	HG01099_hap1	chr12	1	1	PASS	0	0
HG01099	HG01099_hap1	chr16	1	1	PASS	20	6
HG01099	HG01099_hap1	chr17	1	1	PASS	2	5
HG01099	HG01099_hap1	chr18	1	1	PASS	0	0
HG01099	HG01099_hap1	chr19	1	1	PASS	0	0
HG01099	HG01099_hap1	chr2	1	1	PASS	7	2
HG01099	HG01099_hap1	chr20	1	1	PASS	0	3
HG01099	HG01099_hap1	chr3	1	1	PASS	0	1
HG01099	HG01099_hap1	chr5	1	1	PASS	0	1
HG01099	HG01099_hap1	chr6	1	1	PASS	0	0
HG01099	HG01099_hap1	chr7	1	1	PASS	21	16
HG01099	HG01099_hap1	chr9	1	1	PASS	1	86
HG01099	HG01099_hap1	chrX	1	1	PASS	0	0
HG01099	HG01099_hap2	chr1	1	1	PASS	6	5
HG01099	HG01099_hap2	chr10	1	1	PASS	4	6
HG01099	HG01099_hap2	chr11	1	1	PASS	0	0
HG01099	HG01099_hap2	chr12	1	1	PASS	0	0
HG01099	HG01099_hap2	chr16	1	1	PASS	19	5
HG01099	HG01099_hap2	chr17	1	1	PASS	2	5
HG01099	HG01099_hap2	chr18	1	1	PASS	0	0
HG01099	HG01099_hap2	chr19	1	1	PASS	0	0
HG01099	HG01099_hap2	chr2	1	1	PASS	11	4
HG01099	HG01099_hap2	chr20	1	1	PASS	0	3
HG01099	HG01099_hap2	chr3	1	1	PASS	0	1
HG01099	HG01099_hap2	chr5	1	1	PASS	0	1
HG01099	HG01099_hap2	chr6	1	1	PASS	0	0
HG01099	HG01099_hap2	chr7	1	1	PASS	22	20
HG01099	HG01099_hap2	chr9	1	1	PASS	1	145
HG01106	HG01106_hap1	chr1	1	1	PASS	6	5
HG01106	HG01106_hap1	chr10	1	1	PASS	4	8
HG01106	HG01106_hap1	chr11	1	1	PASS	0	0
HG01106	HG01106_hap1	chr12	1	1	PASS	0	0
HG01106	HG01106_hap1	chr16	1	1	PASS	18	4
HG01106	HG01106_hap1	chr17	1	1	PASS	2	5
HG01106	HG01106_hap1	chr18	1	1	PASS	0	0
HG01106	HG01106_hap1	chr2	1	1	PASS	11	4
HG01106	HG01106_hap1	chr20	1	1	PASS	0	3
HG01106	HG01106_hap1	chr5	1	1	PASS	0	1
HG01106	HG01106_hap1	chr6	1	1	PASS	0	0
HG01106	HG01106_hap1	chr7	1	1	PASS	20	16
HG01106	HG01106_hap1	chr8	1	1	PASS	0	0
HG01106	HG01106_hap1	chrX	1	1	PASS	0	0
HG01106	HG01106_hap2	chr1	1	1	PASS	7	5
HG01106	HG01106_hap2	chr10	1	1	PASS	4	6
HG01106	HG01106_hap2	chr11	1	1	PASS	0	0
HG01106	HG01106_hap2	chr12	1	1	PASS	0	0
HG01106	HG01106_hap2	chr16	1	1	PASS	17	3
HG01106	HG01106_hap2	chr17	1	1	PASS	2	5
HG01106	HG01106_hap2	chr18	1	1	PASS	0	0
HG01106	HG01106_hap2	chr19	1	1	PASS	0	0
HG01106	HG01106_hap2	chr2	1	1	PASS	11	4
HG01106	HG01106_hap2	chr20	1	1	PASS	0	3
HG01106	HG01106_hap2	chr5	1	1	PASS	0	1
HG01106	HG01106_hap2	chr6	1	1	PASS	0	0
HG01106	HG01106_hap2	chr7	1	1	PASS	22	14
HG01106	HG01106_hap2	chr8	1	1	PASS	0	0
HG01106	HG01106_hap2	chr9	1	1	PASS	1	115
HG01109	HG01109_hap1	chr10	1	1	PASS	4	6
HG01109	HG01109_hap1	chr11	1	1	PASS	0	0
HG01109	HG01109_hap1	chr12	1	1	PASS	0	0
HG01109	HG01109_hap1	chr16	1	1	PASS	19	3
HG01109	HG01109_hap1	chr17	1	1	PASS	2	5
HG01109	HG01109_hap1	chr19	1	1	PASS	0	0
HG01109	HG01109_hap1	chr2	1	1	PASS	11	4
HG01109	HG01109_hap1	chr20	1	1	PASS	0	3
HG01109	HG01109_hap1	chr5	1	1	PASS	0	1
HG01109	HG01109_hap1	chr6	1	1	PASS	0	0
HG01109	HG01109_hap1	chr7	1	1	PASS	21	18
HG01109	HG01109_hap1	chr8	1	1	PASS	0	0
HG01109	HG01109_hap1	chr9	1	1	PASS	1	181
HG01109	HG01109_hap1	chrX	1	1	PASS	0	0
HG01109	HG01109_hap2	chr10	1	1	PASS	4	6
HG01109	HG01109_hap2	chr11	1	1	PASS	0	0
HG01109	HG01109_hap2	chr12	1	1	PASS	0	0
HG01109	HG01109_hap2	chr16	1	1	PASS	20	6
HG01109	HG01109_hap2	chr17	1	1	PASS	2	5
HG01109	HG01109_hap2	chr19	1	1	PASS	0	0
HG01109	HG01109_hap2	chr2	1	1	PASS	11	4
HG01109	HG01109_hap2	chr20	1	1	PASS	0	3
HG01109	HG01109_hap2	chr4	1	1	PASS	0	2
HG01109	HG01109_hap2	chr5	1	1	PASS	0	1
HG01109	HG01109_hap2	chr6	1	1	PASS	0	0
HG01109	HG01109_hap2	chr7	1	1	PASS	21	19
HG01109	HG01109_hap2	chr8	1	1	PASS	0	0
HG01109	HG01109_hap2	chr9	1	1	PASS	1	144
HG01114	HG01114_hap1	chr1	1	1	PASS	7	5
HG01114	HG01114_hap1	chr10	1	1	PASS	4	6
HG01114	HG01114_hap1	chr11	1	1	PASS	0	0
HG01114	HG01114_hap1	chr12	1	1	PASS	0	0
HG01114	HG01114_hap1	chr16	1	1	PASS	19	5
HG01114	HG01114_hap1	chr17	1	1	PASS	2	5
HG01114	HG01114_hap1	chr18	1	1	PASS	0	0
HG01114	HG01114_hap1	chr19	1	1	PASS	0	0
HG01114	HG01114_hap1	chr2	1	1	PASS	11	4
HG01114	HG01114_hap1	chr4	1	1	PASS	0	2
HG01114	HG01114_hap1	chr5	1	1	PASS	0	1
HG01114	HG01114_hap1	chr8	1	1	PASS	0	0
HG01114	HG01114_hap1	chr9	1	1	PASS	1	92
HG01114	HG01114_hap1	chrX	1	1	PASS	0	0
HG01114	HG01114_hap2	chr1	1	1	PASS	8	4
HG01114	HG01114_hap2	chr10	1	1	PASS	4	6
HG01114	HG01114_hap2	chr11	1	1	PASS	0	0
HG01114	HG01114_hap2	chr12	1	1	PASS	0	0
HG01114	HG01114_hap2	chr16	1	1	PASS	23	6
HG01114	HG01114_hap2	chr17	1	1	PASS	2	5
HG01114	HG01114_hap2	chr18	1	1	PASS	0	0
HG01114	HG01114_hap2	chr19	1	1	PASS	0	0
HG01114	HG01114_hap2	chr5	1	1	PASS	0	1
HG01114	HG01114_hap2	chr6	1	1	PASS	0	0
HG01114	HG01114_hap2	chr7	1	1	PASS	23	18
HG01114	HG01114_hap2	chr8	1	1	PASS	0	0
HG01114	HG01114_hap2	chr9	1	1	PASS	1	125
HG01114	HG01114_hap2	chrX	1	1	PASS	0	0
HG01123	HG01123_hap1	chr1	1	1	PASS	8	5
HG01123	HG01123_hap1	chr10	1	1	PASS	4	6
HG01123	HG01123_hap1	chr11	1	1	PASS	0	0
HG01123	HG01123_hap1	chr12	1	1	PASS	0	0
HG01123	HG01123_hap1	chr16	1	1	PASS	20	6
HG01123	HG01123_hap1	chr17	1	1	PASS	2	5
HG01123	HG01123_hap1	chr19	1	1	PASS	0	0
HG01123	HG01123_hap1	chr20	1	1	PASS	0	3
HG01123	HG01123_hap1	chr3	1	1	PASS	0	1
HG01123	HG01123_hap1	chr5	1	1	PASS	0	1
HG01123	HG01123_hap1	chr6	1	1	PASS	0	0
HG01123	HG01123_hap1	chr7	1	1	PASS	24	21
HG01123	HG01123_hap1	chr8	1	1	PASS	0	0
HG01123	HG01123_hap1	chr9	1	1	PASS	1	119
HG01123	HG01123_hap1	chrX	1	1	PASS	0	0
HG01123	HG01123_hap2	chr1	1	1	PASS	8	4
HG01123	HG01123_hap2	chr10	1	1	PASS	4	6
HG01123	HG01123_hap2	chr11	1	1	PASS	0	0
HG01123	HG01123_hap2	chr12	1	1	PASS	0	0
HG01123	HG01123_hap2	chr16	1	1	PASS	20	6
HG01123	HG01123_hap2	chr17	1	1	PASS	2	5
HG01123	HG01123_hap2	chr19	1	1	PASS	0	0
HG01123	HG01123_hap2	chr20	1	1	PASS	0	3
HG01123	HG01123_hap2	chr5	1	1	PASS	0	1
HG01123	HG01123_hap2	chr6	1	1	PASS	0	0
HG01123	HG01123_hap2	chr7	1	1	PASS	23	17
HG01123	HG01123_hap2	chr8	1	1	PASS	0	0
HG01123	HG01123_hap2	chr9	1	1	PASS	1	116
HG01123	HG01123_hap2	chrX	1	1	PASS	0	0
HG01150	HG01150_hap1	chr10	1	1	PASS	4	6
HG01150	HG01150_hap1	chr11	1	1	PASS	0	0
HG01150	HG01150_hap1	chr12	1	1	PASS	0	0
HG01150	HG01150_hap1	chr16	1	1	PASS	17	3
HG01150	HG01150_hap1	chr17	1	1	PASS	2	5
HG01150	HG01150_hap1	chr19	1	1	PASS	0	0
HG01150	HG01150_hap1	chr2	1	1	PASS	11	4
HG01150	HG01150_hap1	chr20	1	1	PASS	0	3
HG01150	HG01150_hap1	chr3	1	1	PASS	0	1
HG01150	HG01150_hap1	chr5	1	1	PASS	0	1
HG01150	HG01150_hap1	chr6	1	1	PASS	0	0
HG01150	HG01150_hap1	chr7	1	1	PASS	20	17
HG01150	HG01150_hap1	chr8	1	1	PASS	0	0
HG01150	HG01150_hap1	chrX	1	1	PASS	0	0
HG01150	HG01150_hap2	chr10	1	1	PASS	4	6
HG01150	HG01150_hap2	chr11	1	1	PASS	0	0
HG01150	HG01150_hap2	chr12	1	1	PASS	0	0
HG01150	HG01150_hap2	chr16	1	1	PASS	19	5
HG01150	HG01150_hap2	chr17	1	1	PASS	2	5
HG01150	HG01150_hap2	chr19	1	1	PASS	0	0
HG01150	HG01150_hap2	chr2	1	1	PASS	11	4
HG01150	HG01150_hap2	chr20	1	1	PASS	0	3
HG01150	HG01150_hap2	chr3	1	1	PASS	0	1
HG01150	HG01150_hap2	chr5	1	1	PASS	0	1
HG01150	HG01150_hap2	chr6	1	1	PASS	0	0
HG01150	HG01150_hap2	chr7	1	1	PASS	21	16
HG01150	HG01150_hap2	chr8	1	1	PASS	0	0
HG01150	HG01150_hap2	chr9	1	1	PASS	1	104
HG01150	HG01150_hap2	chrX	1	1	PASS	0	0
HG01167	HG01167_hap1	chr1	1	1	PASS	7	5
HG01167	HG01167_hap1	chr10	1	1	PASS	4	6
HG01167	HG01167_hap1	chr11	1	1	PASS	0	0
HG01167	HG01167_hap1	chr12	1	1	PASS	0	0
HG01167	HG01167_hap1	chr16	1	1	PASS	19	5
HG01167	HG01167_hap1	chr17	1	1	PASS	2	5
HG01167	HG01167_hap1	chr19	1	1	PASS	0	0
HG01167	HG01167_hap1	chr2	1	1	PASS	11	4
HG01167	HG01167_hap1	chr20	1	1	PASS	0	3
HG01167	HG01167_hap1	chr3	1	1	PASS	0	1
HG01167	HG01167_hap1	chr4	1	1	PASS	0	2
HG01167	HG01167_hap1	chr5	1	1	PASS	0	1
HG01167	HG01167_hap1	chr6	1	1	PASS	0	0
HG01167	HG01167_hap1	chr7	1	1	PASS	20	14
HG01167	HG01167_hap1	chr8	1	1	PASS	0	0
HG01167	HG01167_hap1	chr9	1	1	PASS	1	220
HG01167	HG01167_hap2	chr1	1	1	PASS	7	4
HG01167	HG01167_hap2	chr10	1	1	PASS	4	6
HG01167	HG01167_hap2	chr11	1	1	PASS	0	0
HG01167	HG01167_hap2	chr12	1	1	PASS	0	0
HG01167	HG01167_hap2	chr16	1	1	PASS	20	5
HG01167	HG01167_hap2	chr17	1	1	PASS	2	5
HG01167	HG01167_hap2	chr18	1	1	PASS	0	0
HG01167	HG01167_hap2	chr19	1	1	PASS	0	0
HG01167	HG01167_hap2	chr2	1	1	PASS	11	4
HG01167	HG01167_hap2	chr20	1	1	PASS	0	3
HG01167	HG01167_hap2	chr3	1	1	PASS	0	1
HG01167	HG01167_hap2	chr4	1	1	PASS	0	2
HG01167	HG01167_hap2	chr5	1	1	PASS	0	1
HG01167	HG01167_hap2	chr6	1	1	PASS	0	0
HG01167	HG01167_hap2	chr7	1	1	PASS	19	18
HG01167	HG01167_hap2	chr8	1	1	PASS	0	0
HG01167	HG01167_hap2	chr9	1	1	PASS	1	112
HG01167	HG01167_hap2	chrX	1	1	PASS	0	0
HG01175	HG01175_hap1	chr10	1	1	PASS	4	6
HG01175	HG01175_hap1	chr11	1	1	PASS	0	0
HG01175	HG01175_hap1	chr12	1	1	PASS	0	0
HG01175	HG01175_hap1	chr16	1	1	PASS	17	3
HG01175	HG01175_hap1	chr19	1	1	PASS	0	0
HG01175	HG01175_hap1	chr2	1	1	PASS	11	4
HG01175	HG01175_hap1	chr20	1	1	PASS	0	3
HG01175	HG01175_hap1	chr3	1	1	PASS	0	1
HG01175	HG01175_hap1	chr4	1	1	PASS	0	2
HG01175	HG01175_hap1	chr5	1	1	PASS	0	1
HG01175	HG01175_hap1	chr6	1	1	PASS	0	0
HG01175	HG01175_hap1	chr7	1	1	PASS	23	16
HG01175	HG01175_hap1	chr8	1	1	PASS	0	0
HG01175	HG01175_hap1	chr9	1	1	PASS	1	142
HG01175	HG01175_hap1	chrX	1	1	PASS	0	0
HG01175	HG01175_hap2	chr10	1	1	PASS	4	6
HG01175	HG01175_hap2	chr11	1	1	PASS	0	0
HG01175	HG01175_hap2	chr12	1	1	PASS	0	0
HG01175	HG01175_hap2	chr16	1	1	PASS	17	3
HG01175	HG01175_hap2	chr19	1	1	PASS	0	0
HG01175	HG01175_hap2	chr2	1	1	PASS	11	4
HG01175	HG01175_hap2	chr20	1	1	PASS	0	3
HG01175	HG01175_hap2	chr3	1	1	PASS	0	1
HG01175	HG01175_hap2	chr4	1	1	PASS	0	2
HG01175	HG01175_hap2	chr5	1	1	PASS	0	1
HG01175	HG01175_hap2	chr6	1	1	PASS	0	0
HG01175	HG01175_hap2	chr7	1	1	PASS	23	13
HG01175	HG01175_hap2	chr8	1	1	PASS	0	0
HG01175	HG01175_hap2	chr9	1	1	PASS	1	128
HG01175	HG01175_hap2	chrX	1	1	PASS	0	0
HG01192	HG01192_hap1	chr10	1	1	PASS	4	6
HG01192	HG01192_hap1	chr11	1	1	PASS	0	0
HG01192	HG01192_hap1	chr12	1	1	PASS	0	0
HG01192	HG01192_hap1	chr16	1	1	PASS	20	6
HG01192	HG01192_hap1	chr18	1	1	PASS	0	0
HG01192	HG01192_hap1	chr19	1	1	PASS	0	0
HG01192	HG01192_hap1	chr2	1	1	PASS	9	4
HG01192	HG01192_hap1	chr20	1	1	PASS	0	3
HG01192	HG01192_hap1	chr3	1	1	PASS	0	1
HG01192	HG01192_hap1	chr4	1	1	PASS	0	2
HG01192	HG01192_hap1	chr5	1	1	PASS	0	1
HG01192	HG01192_hap1	chr8	1	1	PASS	0	0
HG01192	HG01192_hap1	chr9	1	1	PASS	1	145
HG01192	HG01192_hap1	chrX	1	1	PASS	0	0
HG01192	HG01192_hap2	chr10	1	1	PASS	4	6
HG01192	HG01192_hap2	chr11	1	1	PASS	0	0
HG01192	HG01192_hap2	chr12	1	1	PASS	0	0
HG01192	HG01192_hap2	chr16	1	1	PASS	19	5
HG01192	HG01192_hap2	chr17	1	1	PASS	2	5
HG01192	HG01192_hap2	chr18	1	1	PASS	0	0
HG01192	HG01192_hap2	chr19	1	1	PASS	0	0
HG01192	HG01192_hap2	chr2	1	1	PASS	11	4
HG01192	HG01192_hap2	chr20	1	1	PASS	0	3
HG01192	HG01192_hap2	chr3	1	1	PASS	0	1
HG01192	HG01192_hap2	chr4	1	1	PASS	0	2
HG01192	HG01192_hap2	chr5	1	1	PASS	0	1
HG01192	HG01192_hap2	chr7	1	1	PASS	20	12
HG01192	HG01192_hap2	chr8	1	1	PASS	0	0
HG01192	HG01192_hap2	chr9	1	1	PASS	1	108
HG01243	HG01243_hap1	chr1	1	1	PASS	7	5
HG01243	HG01243_hap1	chr10	1	1	PASS	4	6
HG01243	HG01243_hap1	chr11	1	1	PASS	0	0
HG01243	HG01243_hap1	chr12	1	1	PASS	0	0
HG01243	HG01243_hap1	chr16	1	1	PASS	20	6
HG01243	HG01243_hap1	chr17	1	1	PASS	2	5
HG01243	HG01243_hap1	chr19	1	1	PASS	0	0
HG01243	HG01243_hap1	chr2	1	1	PASS	11	4
HG01243	HG01243_hap1	chr20	1	1	PASS	0	3
HG01243	HG01243_hap1	chr5	1	1	PASS	0	1
HG01243	HG01243_hap1	chr7	1	1	PASS	22	17
HG01243	HG01243_hap1	chr8	1	1	PASS	0	0
HG01243	HG01243_hap1	chr9	1	1	PASS	1	167
HG01243	HG01243_hap2	chr1	1	1	PASS	8	4
HG01243	HG01243_hap2	chr10	1	1	PASS	4	6
HG01243	HG01243_hap2	chr11	1	1	PASS	0	0
HG01243	HG01243_hap2	chr12	1	1	PASS	0	0
HG01243	HG01243_hap2	chr16	1	1	PASS	21	6
HG01243	HG01243_hap2	chr17	1	1	PASS	2	5
HG01243	HG01243_hap2	chr18	1	1	PASS	0	0
HG01243	HG01243_hap2	chr19	1	1	PASS	0	0
HG01243	HG01243_hap2	chr2	1	1	PASS	11	4
HG01243	HG01243_hap2	chr20	1	1	PASS	0	3
HG01243	HG01243_hap2	chr5	1	1	PASS	0	1
HG01243	HG01243_hap2	chr7	1	1	PASS	21	13
HG01243	HG01243_hap2	chr8	1	1	PASS	0	0
HG01243	HG01243_hap2	chr9	1	1	PASS	1	130
HG01252	HG01252_hap1	chr10	1	1	PASS	4	6
HG01252	HG01252_hap1	chr11	1	1	PASS	0	0
HG01252	HG01252_hap1	chr12	1	1	PASS	0	0
HG01252	HG01252_hap1	chr16	1	1	PASS	20	6
HG01252	HG01252_hap1	chr17	1	1	PASS	2	5
HG01252	HG01252_hap1	chr19	1	1	PASS	0	0
HG01252	HG01252_hap1	chr2	1	1	PASS	11	4
HG01252	HG01252_hap1	chr20	1	1	PASS	0	3
HG01252	HG01252_hap1	chr3	1	1	PASS	0	1
HG01252	HG01252_hap1	chr5	1	1	PASS	0	1
HG01252	HG01252_hap1	chr6	1	1	PASS	0	0
HG01252	HG01252_hap1	chr7	1	1	PASS	21	14
HG01252	HG01252_hap1	chr8	1	1	PASS	0	0
HG01252	HG01252_hap1	chrX	1	1	PASS	0	0
HG01252	HG01252_hap2	chr1	1	1	PASS	7	4
HG01252	HG01252_hap2	chr10	1	1	PASS	4	10
HG01252	HG01252_hap2	chr11	1	1	PASS	0	0
HG01252	HG01252_hap2	chr12	1	1	PASS	0	0
HG01252	HG01252_hap2	chr16	1	1	PASS	19	5
HG01252	HG01252_hap2	chr17	1	1	PASS	2	5
HG01252	HG01252_hap2	chr19	1	1	PASS	0	0
HG01252	HG01252_hap2	chr2	1	1	PASS	11	4
HG01252	HG01252_hap2	chr20	1	1	PASS	0	3
HG01252	HG01252_hap2	chr3	1	1	PASS	0	1
HG01252	HG01252_hap2	chr5	1	1	PASS	0	1
HG01252	HG01252_hap2	chr6	1	1	PASS	0	0
HG01252	HG01252_hap2	chr7	1	1	PASS	18	11
HG01252	HG01252_hap2	chr8	1	1	PASS	0	0
HG01252	HG01252_hap2	chr9	1	1	PASS	1	126
HG01255	HG01255_hap1	chr1	1	1	PASS	6	5
HG01255	HG01255_hap1	chr10	1	1	PASS	4	6
HG01255	HG01255_hap1	chr11	1	1	PASS	0	0
HG01255	HG01255_hap1	chr12	1	1	PASS	0	0
HG01255	HG01255_hap1	chr16	1	1	PASS	17	3
HG01255	HG01255_hap1	chr19	1	1	PASS	0	0
HG01255	HG01255_hap1	chr2	1	1	PASS	7	2
HG01255	HG01255_hap1	chr20	1	1	PASS	0	3
HG01255	HG01255_hap1	chr3	1	1	PASS	0	1
HG01255	HG01255_hap1	chr4	1	1	PASS	0	2
HG01255	HG01255_hap1	chr5	1	1	PASS	0	1
HG01255	HG01255_hap1	chr6	1	1	PASS	0	0
HG01255	HG01255_hap1	chr7	1	1	PASS	22	20
HG01255	HG01255_hap1	chr8	1	1	PASS	0	0
HG01255	HG01255_hap1	chr9	1	1	PASS	1	159
HG01255	HG01255_hap1	chrX	1	1	PASS	0	0
HG01255	HG01255_hap2	chr1	1	1	PASS	7	5
HG01255	HG01255_hap2	chr10	1	1	PASS	4	6
HG01255	HG01255_hap2	chr11	1	1	PASS	0	0
HG01255	HG01255_hap2	chr12	1	1	PASS	0	0
HG01255	HG01255_hap2	chr16	1	1	PASS	19	5
HG01255	HG01255_hap2	chr19	1	1	PASS	0	0
HG01255	HG01255_hap2	chr2	1	1	PASS	9	4
HG01255	HG01255_hap2	chr20	1	1	PASS	0	3
HG01255	HG01255_hap2	chr3	1	1	PASS	0	1
HG01255	HG01255_hap2	chr4	1	1	PASS	0	2
HG01255	HG01255_hap2	chr5	1	1	PASS	0	1
HG01255	HG01255_hap2	chr6	1	1	PASS	0	0
HG01255	HG01255_hap2	chr7	1	1	PASS	23	11
HG01255	HG01255_hap2	chr8	1	1	PASS	0	0
HG01255	HG01255_hap2	chr9	1	1	PASS	1	155
HG01258	HG01258_hap1	chr10	1	1	PASS	4	6
HG01258	HG01258_hap1	chr11	1	1	PASS	0	0
HG01258	HG01258_hap1	chr12	1	1	PASS	0	0
HG01258	HG01258_hap1	chr16	1	1	PASS	17	3
HG01258	HG01258_hap1	chr18	1	1	PASS	0	0
HG01258	HG01258_hap1	chr19	1	1	PASS	0	0
HG01258	HG01258_hap1	chr2	1	1	PASS	11	4
HG01258	HG01258_hap1	chr20	1	1	PASS	0	3
HG01258	HG01258_hap1	chr4	1	1	PASS	0	2
HG01258	HG01258_hap1	chr5	1	1	PASS	0	1
HG01258	HG01258_hap1	chr6	1	1	PASS	0	0
HG01258	HG01258_hap1	chr7	1	1	PASS	21	13
HG01258	HG01258_hap1	chr8	1	1	PASS	0	0
HG01258	HG01258_hap1	chr9	1	1	PASS	1	146
HG01258	HG01258_hap1	chrX	1	1	PASS	0	0
HG01258	HG01258_hap2	chr1	1	1	PASS	7	5
HG01258	HG01258_hap2	chr10	1	1	PASS	4	6
HG01258	HG01258_hap2	chr11	1	1	PASS	0	0
HG01258	HG01258_hap2	chr12	1	1	PASS	0	0
HG01258	HG01258_hap2	chr16	1	1	PASS	20	6
HG01258	HG01258_hap2	chr17	1	1	PASS	2	5
HG01258	HG01258_hap2	chr18	1	1	PASS	0	0
HG01258	HG01258_hap2	chr19	1	1	PASS	0	0
HG01258	HG01258_hap2	chr2	1	1	PASS	11	4
HG01258	HG01258_hap2	chr20	1	1	PASS	0	3
HG01258	HG01258_hap2	chr4	1	1	PASS	0	2
HG01258	HG01258_hap2	chr5	1	1	PASS	0	1
HG01258	HG01258_hap2	chr6	1	1	PASS	0	0
HG01258	HG01258_hap2	chr7	1	1	PASS	23	19
HG01258	HG01258_hap2	chr8	1	1	PASS	0	0
HG01261	HG01261_hap1	chr1	1	1	PASS	7	5
HG01261	HG01261_hap1	chr10	1	1	PASS	4	6
HG01261	HG01261_hap1	chr11	1	1	PASS	0	0
HG01261	HG01261_hap1	chr12	1	1	PASS	0	0
HG01261	HG01261_hap1	chr16	1	1	PASS	19	5
HG01261	HG01261_hap1	chr19	1	1	PASS	0	0
HG01261	HG01261_hap1	chr2	1	1	PASS	11	4
HG01261	HG01261_hap1	chr4	1	1	PASS	0	2
HG01261	HG01261_hap1	chr5	1	1	PASS	0	1
HG01261	HG01261_hap1	chr7	1	1	PASS	22	18
HG01261	HG01261_hap1	chr8	1	1	PASS	0	0
HG01261	HG01261_hap1	chr9	1	1	PASS	1	170
HG01261	HG01261_hap1	chrX	1	1	PASS	0	0
HG01261	HG01261_hap2	chr1	1	1	PASS	7	5
HG01261	HG01261_hap2	chr10	1	1	PASS	4	6
HG01261	HG01261_hap2	chr11	1	1	PASS	0	0
HG01261	HG01261_hap2	chr12	1	1	PASS	0	0
HG01261	HG01261_hap2	chr16	1	1	PASS	20	6
HG01261	HG01261_hap2	chr19	1	1	PASS	0	0
HG01261	HG01261_hap2	chr2	1	1	PASS	11	4
HG01261	HG01261_hap2	chr4	1	1	PASS	0	2
HG01261	HG01261_hap2	chr5	1	1	PASS	0	1
HG01261	HG01261_hap2	chr7	1	1	PASS	20	19
HG01261	HG01261_hap2	chr8	1	1	PASS	0	0
HG01261	HG01261_hap2	chrY	1	1	PASS	1	31
HG01346	HG01346_hap1	chr10	1	1	PASS	4	6
HG01346	HG01346_hap1	chr11	1	1	PASS	0	0
HG01346	HG01346_hap1	chr12	1	1	PASS	0	0
HG01346	HG01346_hap1	chr16	1	1	PASS	21	6
HG01346	HG01346_hap1	chr19	1	1	PASS	0	0
HG01346	HG01346_hap1	chr2	1	1	PASS	11	4
HG01346	HG01346_hap1	chr20	1	1	PASS	0	3
HG01346	HG01346_hap1	chr3	1	1	PASS	0	1
HG01346	HG01346_hap1	chr4	1	1	PASS	0	2
HG01346	HG01346_hap1	chr5	1	1	PASS	0	2
HG01346	HG01346_hap1	chr6	1	1	PASS	0	0
HG01346	HG01346_hap1	chr7	1	1	PASS	23	12
HG01346	HG01346_hap1	chr8	1	1	PASS	0	0
HG01346	HG01346_hap1	chr9	1	1	PASS	1	117
HG01346	HG01346_hap1	chrX	1	1	PASS	0	0
HG01346	HG01346_hap2	chr10	1	1	PASS	4	6
HG01346	HG01346_hap2	chr11	1	1	PASS	0	0
HG01346	HG01346_hap2	chr12	1	1	PASS	0	0
HG01346	HG01346_hap2	chr16	1	1	PASS	20	6
HG01346	HG01346_hap2	chr19	1	1	PASS	0	0
HG01346	HG01346_hap2	chr2	1	1	PASS	11	4
HG01346	HG01346_hap2	chr20	1	1	PASS	0	3
HG01346	HG01346_hap2	chr3	1	1	PASS	0	1
HG01346	HG01346_hap2	chr4	1	1	PASS	0	2
HG01346	HG01346_hap2	chr5	1	1	PASS	0	1
HG01346	HG01346_hap2	chr6	1	1	PASS	0	0
HG01346	HG01346_hap2	chr8	1	1	PASS	0	0
HG01346	HG01346_hap2	chr9	1	1	PASS	1	248
HG01346	HG01346_hap2	chrX	1	1	PASS	0	0
HG01352	HG01352_hap1	chr1	1	1	PASS	12	5
HG01352	HG01352_hap1	chr10	1	1	PASS	4	6
HG01352	HG01352_hap1	chr11	1	1	PASS	0	0
HG01352	HG01352_hap1	chr12	1	1	PASS	0	0
HG01352	HG01352_hap1	chr18	1	1	PASS	0	0
HG01352	HG01352_hap1	chr19	1	1	PASS	0	0
HG01352	HG01352_hap1	chr2	1	1	PASS	11	4
HG01352	HG01352_hap1	chr20	1	1	PASS	0	3
HG01352	HG01352_hap1	chr4	1	1	PASS	0	2
HG01352	HG01352_hap1	chr5	1	1	PASS	0	1
HG01352	HG01352_hap1	chr6	1	1	PASS	0	0
HG01352	HG01352_hap1	chr7	1	1	PASS	23	20
HG01352	HG01352_hap1	chr8	1	1	PASS	0	0
HG01352	HG01352_hap1	chr9	1	1	PASS	1	162
HG01352	HG01352_hap1	chrX	1	1	PASS	0	0
HG01352	HG01352_hap2	chr1	1	1	PASS	7	5
HG01352	HG01352_hap2	chr10	1	1	PASS	4	6
HG01352	HG01352_hap2	chr11	1	1	PASS	0	0
HG01352	HG01352_hap2	chr12	1	1	PASS	0	0
HG01352	HG01352_hap2	chr17	1	1	PASS	2	5
HG01352	HG01352_hap2	chr18	1	1	PASS	0	0
HG01352	HG01352_hap2	chr19	1	1	PASS	0	0
HG01352	HG01352_hap2	chr2	1	1	PASS	11	4
HG01352	HG01352_hap2	chr20	1	1	PASS	0	3
HG01352	HG01352_hap2	chr3	1	1	PASS	0	1
HG01352	HG01352_hap2	chr5	1	1	PASS	0	1
HG01352	HG01352_hap2	chr6	1	1	PASS	0	0
HG01352	HG01352_hap2	chr7	1	1	PASS	21	16
HG01352	HG01352_hap2	chr8	1	1	PASS	0	0
HG01352	HG01352_hap2	chr9	1	1	PASS	1	123
HG01352	HG01352_hap2	chrX	1	1	PASS	0	0
HG01358	HG01358_hap1	chr10	1	1	PASS	4	6
HG01358	HG01358_hap1	chr11	1	1	PASS	0	0
HG01358	HG01358_hap1	chr12	1	1	PASS	0	0
HG01358	HG01358_hap1	chr16	1	1	PASS	20	6
HG01358	HG01358_hap1	chr17	1	1	PASS	2	5
HG01358	HG01358_hap1	chr19	1	1	PASS	0	0
HG01358	HG01358_hap1	chr2	1	1	PASS	11	4
HG01358	HG01358_hap1	chr20	1	1	PASS	0	3
HG01358	HG01358_hap1	chr3	1	1	PASS	0	1
HG01358	HG01358_hap1	chr4	1	1	PASS	0	2
HG01358	HG01358_hap1	chr5	1	1	PASS	0	1
HG01358	HG01358_hap1	chr6	1	1	PASS	0	0
HG01358	HG01358_hap1	chr7	1	1	PASS	20	11
HG01358	HG01358_hap1	chr8	1	1	PASS	0	0
HG01358	HG01358_hap1	chr9	1	1	PASS	1	134
HG01358	HG01358_hap1	chrX	1	1	PASS	0	0
HG01358	HG01358_hap2	chr10	1	1	PASS	4	6
HG01358	HG01358_hap2	chr11	1	1	PASS	0	0
HG01358	HG01358_hap2	chr12	1	1	PASS	0	0
HG01358	HG01358_hap2	chr16	1	1	PASS	19	5
HG01358	HG01358_hap2	chr19	1	1	PASS	0	0
HG01358	HG01358_hap2	chr2	1	1	PASS	11	4
HG01358	HG01358_hap2	chr20	1	1	PASS	0	3
HG01358	HG01358_hap2	chr3	1	1	PASS	0	1
HG01358	HG01358_hap2	chr4	1	1	PASS	0	2
HG01358	HG01358_hap2	chr5	1	1	PASS	0	1
HG01358	HG01358_hap2	chr6	1	1	PASS	0	0
HG01358	HG01358_hap2	chr7	1	1	PASS	21	19
HG01358	HG01358_hap2	chr8	1	1	PASS	0	0
HG01358	HG01358_hap2	chr9	1	1	PASS	1	163
HG01361	HG01361_hap1	chr1	1	1	PASS	7	4
HG01361	HG01361_hap1	chr10	1	1	PASS	4	6
HG01361	HG01361_hap1	chr11	1	1	PASS	0	0
HG01361	HG01361_hap1	chr12	1	1	PASS	0	0
HG01361	HG01361_hap1	chr16	1	1	PASS	20	6
HG01361	HG01361_hap1	chr18	1	1	PASS	0	0
HG01361	HG01361_hap1	chr19	1	1	PASS	0	0
HG01361	HG01361_hap1	chr2	1	1	PASS	11	4
HG01361	HG01361_hap1	chr20	1	1	PASS	0	3
HG01361	HG01361_hap1	chr3	1	1	PASS	0	1
HG01361	HG01361_hap1	chr4	1	1	PASS	0	2
HG01361	HG01361_hap1	chr5	1	1	PASS	0	1
HG01361	HG01361_hap1	chr6	1	1	PASS	0	0
HG01361	HG01361_hap1	chr8	1	1	PASS	0	0
HG01361	HG01361_hap1	chr9	1	1	PASS	1	135
HG01361	HG01361_hap1	chrX	1	1	PASS	0	0
HG01361	HG01361_hap2	chr1	1	1	PASS	7	5
HG01361	HG01361_hap2	chr10	1	1	PASS	4	6
HG01361	HG01361_hap2	chr11	1	1	PASS	0	0
HG01361	HG01361_hap2	chr12	1	1	PASS	0	0
HG01361	HG01361_hap2	chr16	1	1	PASS	20	6
HG01361	HG01361_hap2	chr18	1	1	PASS	0	0
HG01361	HG01361_hap2	chr19	1	1	PASS	0	0
HG01361	HG01361_hap2	chr2	1	1	PASS	11	4
HG01361	HG01361_hap2	chr20	1	1	PASS	0	3
HG01361	HG01361_hap2	chr3	1	1	PASS	0	1
HG01361	HG01361_hap2	chr4	1	1	PASS	0	2
HG01361	HG01361_hap2	chr5	1	1	PASS	0	1
HG01361	HG01361_hap2	chr6	1	1	PASS	0	0
HG01361	HG01361_hap2	chr8	1	1	PASS	0	0
HG01361	HG01361_hap2	chr9	1	1	PASS	1	133
HG01361	HG01361_hap2	chrX	1	1	PASS	0	0
HG01433	HG01433_hap1	chr10	1	1	PASS	4	6
HG01433	HG01433_hap1	chr11	1	1	PASS	0	0
HG01433	HG01433_hap1	chr12	1	1	PASS	0	0
HG01433	HG01433_hap1	chr16	1	1	PASS	20	6
HG01433	HG01433_hap1	chr17	1	1	PASS	2	5
HG01433	HG01433_hap1	chr18	1	1	PASS	0	0
HG01433	HG01433_hap1	chr19	1	1	PASS	0	0
HG01433	HG01433_hap1	chr2	1	1	PASS	11	4
HG01433	HG01433_hap1	chr20	1	1	PASS	0	3
HG01433	HG01433_hap1	chr3	1	1	PASS	0	1
HG01433	HG01433_hap1	chr4	1	1	PASS	0	2
HG01433	HG01433_hap1	chr5	1	1	PASS	0	1
HG01433	HG01433_hap1	chr6	1	1	PASS	0	0
HG01433	HG01433_hap1	chr7	1	1	PASS	22	16
HG01433	HG01433_hap1	chr8	1	1	PASS	0	0
HG01433	HG01433_hap1	chr9	1	1	PASS	1	175
HG01433	HG01433_hap1	chrX	1	1	PASS	0	0
HG01433	HG01433_hap2	chr10	1	1	PASS	4	6
HG01433	HG01433_hap2	chr11	1	1	PASS	0	0
HG01433	HG01433_hap2	chr12	1	1	PASS	0	0
HG01433	HG01433_hap2	chr16	1	1	PASS	20	6
HG01433	HG01433_hap2	chr17	1	1	PASS	2	5
HG01433	HG01433_hap2	chr18	1	1	PASS	0	0
HG01433	HG01433_hap2	chr19	1	1	PASS	0	0
HG01433	HG01433_hap2	chr2	1	1	PASS	11	4
HG01433	HG01433_hap2	chr20	1	1	PASS	0	3
HG01433	HG01433_hap2	chr3	1	1	PASS	0	1
HG01433	HG01433_hap2	chr4	1	1	PASS	0	2
HG01433	HG01433_hap2	chr5	1	1	PASS	0	1
HG01433	HG01433_hap2	chr6	1	1	PASS	0	0
HG01433	HG01433_hap2	chr7	1	1	PASS	22	16
HG01433	HG01433_hap2	chr8	1	1	PASS	0	0
HG01433	HG01433_hap2	chr9	1	1	PASS	1	150
HG01457	HG01457_hap1	chr1	1	1	PASS	11	5
HG01457	HG01457_hap1	chr10	1	1	PASS	4	8
HG01457	HG01457_hap1	chr11	1	1	PASS	0	0
HG01457	HG01457_hap1	chr16	1	1	PASS	18	4
HG01457	HG01457_hap1	chr17	1	1	PASS	2	5
HG01457	HG01457_hap1	chr18	1	1	PASS	0	0
HG01457	HG01457_hap1	chr19	1	1	PASS	0	0
HG01457	HG01457_hap1	chr2	1	1	PASS	11	4
HG01457	HG01457_hap1	chr20	1	1	PASS	0	3
HG01457	HG01457_hap1	chr3	1	1	PASS	0	1
HG01457	HG01457_hap1	chr4	1	1	PASS	0	2
HG01457	HG01457_hap1	chr5	1	1	PASS	0	1
HG01457	HG01457_hap1	chr6	1	1	PASS	0	0
HG01457	HG01457_hap1	chr7	1	1	PASS	21	15
HG01457	HG01457_hap1	chr8	1	1	PASS	0	0
HG01457	HG01457_hap1	chrX	1	1	PASS	0	0
HG01457	HG01457_hap2	chr1	1	1	PASS	8	5
HG01457	HG01457_hap2	chr10	1	1	PASS	4	6
HG01457	HG01457_hap2	chr11	1	1	PASS	0	0
HG01457	HG01457_hap2	chr12	1	1	PASS	0	0
HG01457	HG01457_hap2	chr16	1	1	PASS	17	3
HG01457	HG01457_hap2	chr17	1	1	PASS	2	5
HG01457	HG01457_hap2	chr18	1	1	PASS	0	0
HG01457	HG01457_hap2	chr19	1	1	PASS	0	0
HG01457	HG01457_hap2	chr20	1	1	PASS	0	3
HG01457	HG01457_hap2	chr3	1	1	PASS	0	1
HG01457	HG01457_hap2	chr4	1	1	PASS	0	2
HG01457	HG01457_hap2	chr5	1	1	PASS	0	1
HG01457	HG01457_hap2	chr6	1	1	PASS	0	0
HG01457	HG01457_hap2	chr7	1	1	PASS	22	20
HG01457	HG01457_hap2	chr8	1	1	PASS	0	0
HG01496	HG01496_hap1	chr1	1	1	PASS	7	4
HG01496	HG01496_hap1	chr10	1	1	PASS	4	6
HG01496	HG01496_hap1	chr11	1	1	PASS	0	0
HG01496	HG01496_hap1	chr12	1	1	PASS	0	0
HG01496	HG01496_hap1	chr16	1	1	PASS	18	4
HG01496	HG01496_hap1	chr17	1	1	PASS	2	5
HG01496	HG01496_hap1	chr18	1	1	PASS	0	0
HG01496	HG01496_hap1	chr19	1	1	PASS	0	0
HG01496	HG01496_hap1	chr2	1	1	PASS	11	4
HG01496	HG01496_hap1	chr20	1	1	PASS	0	3
HG01496	HG01496_hap1	chr3	1	1	PASS	0	1
HG01496	HG01496_hap1	chr5	1	1	PASS	0	1
HG01496	HG01496_hap1	chr6	1	1	PASS	0	0
HG01496	HG01496_hap1	chr7	1	1	PASS	20	14
HG01496	HG01496_hap1	chr8	1	1	PASS	0	0
HG01496	HG01496_hap1	chr9	1	1	PASS	1	127
HG01496	HG01496_hap1	chrX	1	1	PASS	0	0
HG01496	HG01496_hap2	chr10	1	1	PASS	4	6
HG01496	HG01496_hap2	chr11	1	1	PASS	0	0
HG01496	HG01496_hap2	chr12	1	1	PASS	0	0
HG01496	HG01496_hap2	chr16	1	1	PASS	21	6
HG01496	HG01496_hap2	chr17	1	1	PASS	2	5
HG01496	HG01496_hap2	chr18	1	1	PASS	0	0
HG01496	HG01496_hap2	chr19	1	1	PASS	0	0
HG01496	HG01496_hap2	chr2	1	1	PASS	11	4
HG01496	HG01496_hap2	chr20	1	1	PASS	0	3
HG01496	HG01496_hap2	chr3	1	1	PASS	0	1
HG01496	HG01496_hap2	chr5	1	1	PASS	0	1
HG01496	HG01496_hap2	chr6	1	1	PASS	0	0
HG01496	HG01496_hap2	chr7	1	1	PASS	22	18
HG01496	HG01496_hap2	chr8	1	1	PASS	0	0
HG01496	HG01496_hap2	chr9	1	1	PASS	1	168
HG01496	HG01496_hap2	chrX	1	1	PASS	0	0
HG01505	HG01505_hap1	chr10	1	1	PASS	4	6
HG01505	HG01505_hap1	chr11	1	1	PASS	0	0
HG01505	HG01505_hap1	chr12	1	1	PASS	0	0
HG01505	HG01505_hap1	chr16	1	1	PASS	21	6
HG01505	HG01505_hap1	chr17	1	1	PASS	2	5
HG01505	HG01505_hap1	chr18	1	1	PASS	0	0
HG01505	HG01505_hap1	chr19	1	1	PASS	0	0
HG01505	HG01505_hap1	chr2	1	1	PASS	11	4
HG01505	HG01505_hap1	chr20	1	1	PASS	0	3
HG01505	HG01505_hap1	chr3	1	1	PASS	0	1
HG01505	HG01505_hap1	chr6	1	1	PASS	0	0
HG01505	HG01505_hap1	chr7	1	1	PASS	21	18
HG01505	HG01505_hap1	chr8	1	1	PASS	0	0
HG01505	HG01505_hap1	chr9	1	1	PASS	1	121
HG01505	HG01505_hap2	chr10	1	1	PASS	4	6
HG01505	HG01505_hap2	chr11	1	1	PASS	0	0
HG01505	HG01505_hap2	chr12	1	1	PASS	0	0
HG01505	HG01505_hap2	chr16	1	1	PASS	20	6
HG01505	HG01505_hap2	chr17	1	1	PASS	2	5
HG01505	HG01505_hap2	chr18	1	1	PASS	0	0
HG01505	HG01505_hap2	chr19	1	1	PASS	0	0
HG01505	HG01505_hap2	chr20	1	1	PASS	0	3
HG01505	HG01505_hap2	chr3	1	1	PASS	0	1
HG01505	HG01505_hap2	chr4	1	1	PASS	0	2
HG01505	HG01505_hap2	chr5	1	1	PASS	0	1
HG01505	HG01505_hap2	chr6	1	1	PASS	0	0
HG01505	HG01505_hap2	chr7	1	1	PASS	23	12
HG01505	HG01505_hap2	chr8	1	1	PASS	0	0
HG01505	HG01505_hap2	chr9	1	1	PASS	1	140
HG01505	HG01505_hap2	chrX	1	1	PASS	0	0
HG01530	HG01530_hap1	chr1	1	1	PASS	7	4
HG01530	HG01530_hap1	chr10	1	1	PASS	4	6
HG01530	HG01530_hap1	chr11	1	1	PASS	0	0
HG01530	HG01530_hap1	chr12	1	1	PASS	0	0
HG01530	HG01530_hap1	chr19	1	1	PASS	0	0
HG01530	HG01530_hap1	chr20	1	1	PASS	0	3
HG01530	HG01530_hap1	chr3	1	1	PASS	0	1
HG01530	HG01530_hap1	chr4	1	1	PASS	0	2
HG01530	HG01530_hap1	chr5	1	1	PASS	0	1
HG01530	HG01530_hap1	chr6	1	1	PASS	0	0
HG01530	HG01530_hap1	chr8	1	1	PASS	0	0
HG01530	HG01530_hap1	chr9	1	1	PASS	1	153
HG01530	HG01530_hap2	chr1	1	1	PASS	6	5
HG01530	HG01530_hap2	chr10	1	1	PASS	4	6
HG01530	HG01530_hap2	chr11	1	1	PASS	0	0
HG01530	HG01530_hap2	chr12	1	1	PASS	0	0
HG01530	HG01530_hap2	chr19	1	1	PASS	0	0
HG01530	HG01530_hap2	chr2	1	1	PASS	11	4
HG01530	HG01530_hap2	chr20	1	1	PASS	0	3
HG01530	HG01530_hap2	chr3	1	1	PASS	0	1
HG01530	HG01530_hap2	chr4	1	1	PASS	0	2
HG01530	HG01530_hap2	chr5	1	1	PASS	0	1
HG01530	HG01530_hap2	chr6	1	1	PASS	0	0
HG01530	HG01530_hap2	chr8	1	1	PASS	0	0
HG01530	HG01530_hap2	chr9	1	1	PASS	1	112
HG01530	HG01530_hap2	chrX	1	1	PASS	0	0
HG01573	HG01573_hap1	chr10	1	1	PASS	7	6
HG01573	HG01573_hap1	chr11	1	1	PASS	0	0
HG01573	HG01573_hap1	chr12	1	1	PASS	0	0
HG01573	HG01573_hap1	chr16	1	1	PASS	19	5
HG01573	HG01573_hap1	chr18	1	1	PASS	0	0
HG01573	HG01573_hap1	chr19	1	1	PASS	0	0
HG01573	HG01573_hap1	chr20	1	1	PASS	0	3
HG01573	HG01573_hap1	chr3	1	1	PASS	0	1
HG01573	HG01573_hap1	chr5	1	1	PASS	0	1
HG01573	HG01573_hap1	chr6	1	1	PASS	0	0
HG01573	HG01573_hap1	chr7	1	1	PASS	23	17
HG01573	HG01573_hap1	chr8	1	1	PASS	0	0
HG01573	HG01573_hap1	chrX	1	1	PASS	0	0
HG01573	HG01573_hap2	chr10	1	1	PASS	7	6
HG01573	HG01573_hap2	chr11	1	1	PASS	0	0
HG01573	HG01573_hap2	chr12	1	1	PASS	0	0
HG01573	HG01573_hap2	chr16	1	1	PASS	17	3
HG01573	HG01573_hap2	chr17	1	1	PASS	2	5
HG01573	HG01573_hap2	chr18	1	1	PASS	0	0
HG01573	HG01573_hap2	chr19	1	1	PASS	0	0
HG01573	HG01573_hap2	chr2	1	1	PASS	11	4
HG01573	HG01573_hap2	chr20	1	1	PASS	0	3
HG01573	HG01573_hap2	chr3	1	1	PASS	0	1
HG01573	HG01573_hap2	chr4	1	1	PASS	0	2
HG01573	HG01573_hap2	chr5	1	1	PASS	0	1
HG01573	HG01573_hap2	chr7	1	1	PASS	21	13
HG01573	HG01573_hap2	chr8	1	1	PASS	0	0
HG01573	HG01573_hap2	chrX	1	1	PASS	0	0
HG01596	HG01596_hap1	chr1	1	1	PASS	10	10
HG01596	HG01596_hap1	chr10	1	1	PASS	4	6
HG01596	HG01596_hap1	chr11	1	1	PASS	0	0
HG01596	HG01596_hap1	chr12	1	1	PASS	0	0
HG01596	HG01596_hap1	chr16	1	1	PASS	21	6
HG01596	HG01596_hap1	chr17	1	1	PASS	2	5
HG01596	HG01596_hap1	chr19	1	1	PASS	0	0
HG01596	HG01596_hap1	chr2	1	1	PASS	11	4
HG01596	HG01596_hap1	chr20	1	1	PASS	0	3
HG01596	HG01596_hap1	chr3	1	1	PASS	0	1
HG01596	HG01596_hap1	chr4	1	1	PASS	0	2
HG01596	HG01596_hap1	chr5	1	1	PASS	0	1
HG01596	HG01596_hap1	chr6	1	1	PASS	0	0
HG01596	HG01596_hap1	chr7	1	1	PASS	20	13
HG01596	HG01596_hap1	chr8	1	1	PASS	0	0
HG01596	HG01596_hap2	chr10	1	1	PASS	4	6
HG01596	HG01596_hap2	chr11	1	1	PASS	0	0
HG01596	HG01596_hap2	chr12	1	1	PASS	0	0
HG01596	HG01596_hap2	chr16	1	1	PASS	20	6
HG01596	HG01596_hap2	chr18	1	1	PASS	0	0
HG01596	HG01596_hap2	chr19	1	1	PASS	0	0
HG01596	HG01596_hap2	chr20	1	1	PASS	0	3
HG01596	HG01596_hap2	chr3	1	1	PASS	0	1
HG01596	HG01596_hap2	chr4	1	1	PASS	0	2
HG01596	HG01596_hap2	chr5	1	1	PASS	0	1
HG01596	HG01596_hap2	chr6	1	1	PASS	0	0
HG01596	HG01596_hap2	chr8	1	1	PASS	0	0
HG01596	HG01596_hap2	chr9	1	1	PASS	1	118
HG01596	HG01596_hap2	chrX	1	1	PASS	0	0
HG01784	HG01784_hap1	chr1	1	1	PASS	7	5
HG01784	HG01784_hap1	chr10	1	1	PASS	4	6
HG01784	HG01784_hap1	chr11	1	1	PASS	0	0
HG01784	HG01784_hap1	chr12	1	1	PASS	0	0
HG01784	HG01784_hap1	chr16	1	1	PASS	19	5
HG01784	HG01784_hap1	chr17	1	1	PASS	2	5
HG01784	HG01784_hap1	chr19	1	1	PASS	0	0
HG01784	HG01784_hap1	chr20	1	1	PASS	0	3
HG01784	HG01784_hap1	chr3	1	1	PASS	0	1
HG01784	HG01784_hap1	chr4	1	1	PASS	0	2
HG01784	HG01784_hap1	chr5	1	1	PASS	0	1
HG01784	HG01784_hap1	chr6	1	1	PASS	0	0
HG01784	HG01784_hap1	chr7	1	1	PASS	22	18
HG01784	HG01784_hap1	chr8	1	1	PASS	0	0
HG01784	HG01784_hap1	chr9	1	1	PASS	1	111
HG01784	HG01784_hap1	chrX	1	1	PASS	0	0
HG01784	HG01784_hap2	chr10	1	1	PASS	3	6
HG01784	HG01784_hap2	chr11	1	1	PASS	0	0
HG01784	HG01784_hap2	chr12	1	1	PASS	0	0
HG01784	HG01784_hap2	chr16	1	1	PASS	19	5
HG01784	HG01784_hap2	chr17	1	1	PASS	2	5
HG01784	HG01784_hap2	chr19	1	1	PASS	0	0
HG01784	HG01784_hap2	chr20	1	1	PASS	0	3
HG01784	HG01784_hap2	chr3	1	1	PASS	0	1
HG01784	HG01784_hap2	chr4	1	1	PASS	0	2
HG01784	HG01784_hap2	chr5	1	1	PASS	0	1
HG01784	HG01784_hap2	chr6	1	1	PASS	0	0
HG01784	HG01784_hap2	chr7	1	1	PASS	20	13
HG01784	HG01784_hap2	chr8	1	1	PASS	0	0
HG01784	HG01784_hap2	chr9	1	1	PASS	1	122
HG01784	HG01784_hap2	chrX	1	1	PASS	0	0
HG01786	HG01786_hap1	chr10	1	1	PASS	3	6
HG01786	HG01786_hap1	chr11	1	1	PASS	0	0
HG01786	HG01786_hap1	chr12	1	1	PASS	0	0
HG01786	HG01786_hap1	chr19	1	1	PASS	0	0
HG01786	HG01786_hap1	chr20	1	1	PASS	0	3
HG01786	HG01786_hap1	chr4	1	1	PASS	0	2
HG01786	HG01786_hap1	chr5	1	1	PASS	0	1
HG01786	HG01786_hap1	chr6	1	1	PASS	0	0
HG01786	HG01786_hap1	chr7	1	1	PASS	23	16
HG01786	HG01786_hap1	chr8	1	1	PASS	0	0
HG01786	HG01786_hap1	chr9	1	1	PASS	1	121
HG01786	HG01786_hap1	chrX	1	1	PASS	0	0
HG01786	HG01786_hap2	chr10	1	1	EXCLUDE_invalid_annotation_coordinate	4	6
HG01786	HG01786_hap2	chr11	1	1	EXCLUDE_invalid_annotation_coordinate	0	0
HG01786	HG01786_hap2	chr12	1	1	EXCLUDE_invalid_annotation_coordinate	0	0
HG01786	HG01786_hap2	chr19	1	1	EXCLUDE_invalid_annotation_coordinate	0	0
HG01786	HG01786_hap2	chr3	1	1	EXCLUDE_invalid_annotation_coordinate	0	1
HG01786	HG01786_hap2	chr4	1	1	EXCLUDE_invalid_annotation_coordinate	0	2
HG01786	HG01786_hap2	chr5	1	1	EXCLUDE_invalid_annotation_coordinate	0	1
HG01786	HG01786_hap2	chr6	1	1	EXCLUDE_invalid_annotation_coordinate	0	0
HG01786	HG01786_hap2	chr7	1	1	EXCLUDE_invalid_annotation_coordinate	22	16
HG01786	HG01786_hap2	chr8	1	1	EXCLUDE_invalid_annotation_coordinate	0	0
HG01786	HG01786_hap2	chr9	1	1	EXCLUDE_invalid_annotation_coordinate	1	140
HG01786	HG01786_hap2	chrX	1	1	EXCLUDE_invalid_annotation_coordinate	0	0
HG01884	HG01884_hap1	chr1	1	1	PASS	8	5
HG01884	HG01884_hap1	chr10	1	1	PASS	4	6
HG01884	HG01884_hap1	chr11	1	1	PASS	0	0
HG01884	HG01884_hap1	chr12	1	1	PASS	0	0
HG01884	HG01884_hap1	chr17	1	1	PASS	2	5
HG01884	HG01884_hap1	chr18	1	1	PASS	0	0
HG01884	HG01884_hap1	chr19	1	1	PASS	0	0
HG01884	HG01884_hap1	chr2	1	1	PASS	11	4
HG01884	HG01884_hap1	chr20	1	1	PASS	0	3
HG01884	HG01884_hap1	chr3	1	1	PASS	0	2
HG01884	HG01884_hap1	chr5	1	1	PASS	0	1
HG01884	HG01884_hap1	chr6	1	1	PASS	0	0
HG01884	HG01884_hap1	chr7	1	1	PASS	23	19
HG01884	HG01884_hap1	chr8	1	1	PASS	0	0
HG01884	HG01884_hap1	chr9	1	1	PASS	1	205
HG01884	HG01884_hap1	chrX	1	1	PASS	0	0
HG01884	HG01884_hap2	chr1	1	1	PASS	7	5
HG01884	HG01884_hap2	chr10	1	1	PASS	4	6
HG01884	HG01884_hap2	chr11	1	1	PASS	0	0
HG01884	HG01884_hap2	chr12	1	1	PASS	0	0
HG01884	HG01884_hap2	chr17	1	1	PASS	2	5
HG01884	HG01884_hap2	chr18	1	1	PASS	0	0
HG01884	HG01884_hap2	chr19	1	1	PASS	0	0
HG01884	HG01884_hap2	chr2	1	1	PASS	11	4
HG01884	HG01884_hap2	chr20	1	1	PASS	0	3
HG01884	HG01884_hap2	chr3	1	1	PASS	0	1
HG01884	HG01884_hap2	chr5	1	1	PASS	0	1
HG01884	HG01884_hap2	chr7	1	1	PASS	22	15
HG01884	HG01884_hap2	chr8	1	1	PASS	0	0
HG01884	HG01884_hap2	chr9	1	1	PASS	1	169
HG01884	HG01884_hap2	chrX	1	1	PASS	0	0
HG01890	HG01890_hap1	chr1	1	1	PASS	7	5
HG01890	HG01890_hap1	chr10	1	1	PASS	4	6
HG01890	HG01890_hap1	chr11	1	1	PASS	0	0
HG01890	HG01890_hap1	chr12	1	1	PASS	0	0
HG01890	HG01890_hap1	chr16	1	1	PASS	17	3
HG01890	HG01890_hap1	chr17	1	1	PASS	2	5
HG01890	HG01890_hap1	chr18	1	1	PASS	0	0
HG01890	HG01890_hap1	chr19	1	1	PASS	0	0
HG01890	HG01890_hap1	chr2	1	1	PASS	11	4
HG01890	HG01890_hap1	chr20	1	1	PASS	0	3
HG01890	HG01890_hap1	chr3	1	1	PASS	0	1
HG01890	HG01890_hap1	chr4	1	1	PASS	0	2
HG01890	HG01890_hap1	chr5	1	1	PASS	0	1
HG01890	HG01890_hap1	chr6	1	1	PASS	0	0
HG01890	HG01890_hap1	chr8	1	1	PASS	0	0
HG01890	HG01890_hap1	chr9	1	1	PASS	1	144
HG01890	HG01890_hap1	chrX	1	1	PASS	0	0
HG01890	HG01890_hap2	chr1	1	1	PASS	7	5
HG01890	HG01890_hap2	chr10	1	1	PASS	4	6
HG01890	HG01890_hap2	chr11	1	1	PASS	0	0
HG01890	HG01890_hap2	chr12	1	1	PASS	0	0
HG01890	HG01890_hap2	chr16	1	1	PASS	20	6
HG01890	HG01890_hap2	chr17	1	1	PASS	2	5
HG01890	HG01890_hap2	chr18	1	1	PASS	0	0
HG01890	HG01890_hap2	chr19	1	1	PASS	0	0
HG01890	HG01890_hap2	chr2	1	1	PASS	11	4
HG01890	HG01890_hap2	chr20	1	1	PASS	0	3
HG01890	HG01890_hap2	chr3	1	1	PASS	0	1
HG01890	HG01890_hap2	chr4	1	1	PASS	0	2
HG01890	HG01890_hap2	chr5	1	1	PASS	0	1
HG01890	HG01890_hap2	chr6	1	1	PASS	0	0
HG01890	HG01890_hap2	chr7	1	1	PASS	23	17
HG01890	HG01890_hap2	chr8	1	1	PASS	0	0
HG01890	HG01890_hap2	chr9	1	1	PASS	1	300
HG01891	HG01891_hap1	chr11	1	1	PASS	0	0
HG01891	HG01891_hap1	chr12	1	1	PASS	0	0
HG01891	HG01891_hap1	chr16	1	1	PASS	18	3
HG01891	HG01891_hap1	chr19	1	1	PASS	0	0
HG01891	HG01891_hap1	chr2	1	1	PASS	7	2
HG01891	HG01891_hap1	chr4	1	1	PASS	0	2
HG01891	HG01891_hap1	chr7	1	1	PASS	18	7
HG01891	HG01891_hap1	chr8	1	1	PASS	0	0
HG01891	HG01891_hap1	chr9	1	1	PASS	1	88
HG01891	HG01891_hap1	chrX	1	1	PASS	0	0
HG01891	HG01891_hap2	chr11	1	1	PASS	0	0
HG01891	HG01891_hap2	chr12	1	1	PASS	0	0
HG01891	HG01891_hap2	chr16	1	1	PASS	20	6
HG01891	HG01891_hap2	chr19	1	1	PASS	0	0
HG01891	HG01891_hap2	chr2	1	1	PASS	11	4
HG01891	HG01891_hap2	chr4	1	1	PASS	0	2
HG01891	HG01891_hap2	chr7	1	1	PASS	21	17
HG01891	HG01891_hap2	chr8	1	1	PASS	0	0
HG01891	HG01891_hap2	chrX	1	1	PASS	0	0
HG01928	HG01928_hap1	chr1	1	1	PASS	8	4
HG01928	HG01928_hap1	chr10	1	1	PASS	4	6
HG01928	HG01928_hap1	chr11	1	1	PASS	0	0
HG01928	HG01928_hap1	chr12	1	1	PASS	0	0
HG01928	HG01928_hap1	chr16	1	1	PASS	19	5
HG01928	HG01928_hap1	chr17	1	1	PASS	2	5
HG01928	HG01928_hap1	chr18	1	1	PASS	0	0
HG01928	HG01928_hap1	chr19	1	1	PASS	0	0
HG01928	HG01928_hap1	chr2	1	1	PASS	11	4
HG01928	HG01928_hap1	chr20	1	1	PASS	0	3
HG01928	HG01928_hap1	chr3	1	1	PASS	0	1
HG01928	HG01928_hap1	chr4	1	1	PASS	0	2
HG01928	HG01928_hap1	chr5	1	1	PASS	0	1
HG01928	HG01928_hap1	chr6	1	1	PASS	0	0
HG01928	HG01928_hap1	chr7	1	1	PASS	22	17
HG01928	HG01928_hap1	chr8	1	1	PASS	0	0
HG01928	HG01928_hap1	chr9	1	1	PASS	1	171
HG01928	HG01928_hap1	chrX	1	1	PASS	0	0
HG01928	HG01928_hap2	chr1	1	1	PASS	13	5
HG01928	HG01928_hap2	chr10	1	1	PASS	4	6
HG01928	HG01928_hap2	chr11	1	1	PASS	0	0
HG01928	HG01928_hap2	chr12	1	1	PASS	0	0
HG01928	HG01928_hap2	chr16	1	1	PASS	20	6
HG01928	HG01928_hap2	chr17	1	1	PASS	2	5
HG01928	HG01928_hap2	chr18	1	1	PASS	0	0
HG01928	HG01928_hap2	chr19	1	1	PASS	0	0
HG01928	HG01928_hap2	chr2	1	1	PASS	11	4
HG01928	HG01928_hap2	chr20	1	1	PASS	0	3
HG01928	HG01928_hap2	chr3	1	1	PASS	0	1
HG01928	HG01928_hap2	chr4	1	1	PASS	0	2
HG01928	HG01928_hap2	chr5	1	1	PASS	0	1
HG01928	HG01928_hap2	chr6	1	1	PASS	0	0
HG01928	HG01928_hap2	chr7	1	1	PASS	21	17
HG01928	HG01928_hap2	chr8	1	1	PASS	0	0
HG01928	HG01928_hap2	chr9	1	1	PASS	1	81
HG01934	HG01934_hap1	chr1	1	1	PASS	7	5
HG01934	HG01934_hap1	chr10	1	1	PASS	4	6
HG01934	HG01934_hap1	chr11	1	1	PASS	0	0
HG01934	HG01934_hap1	chr12	1	1	PASS	0	0
HG01934	HG01934_hap1	chr16	1	1	PASS	17	3
HG01934	HG01934_hap1	chr17	1	1	PASS	2	5
HG01934	HG01934_hap1	chr18	1	1	PASS	0	0
HG01934	HG01934_hap1	chr19	1	1	PASS	0	0
HG01934	HG01934_hap1	chr2	1	1	PASS	11	4
HG01934	HG01934_hap1	chr20	1	1	PASS	0	3
HG01934	HG01934_hap1	chr3	1	1	PASS	0	1
HG01934	HG01934_hap1	chr5	1	1	PASS	0	1
HG01934	HG01934_hap1	chr6	1	1	PASS	0	0
HG01934	HG01934_hap1	chr7	1	1	PASS	24	18
HG01934	HG01934_hap1	chr8	1	1	PASS	0	0
HG01934	HG01934_hap1	chr9	1	1	PASS	1	169
HG01934	HG01934_hap2	chr1	1	1	PASS	6	5
HG01934	HG01934_hap2	chr10	1	1	PASS	4	6
HG01934	HG01934_hap2	chr11	1	1	PASS	0	0
HG01934	HG01934_hap2	chr12	1	1	PASS	0	0
HG01934	HG01934_hap2	chr16	1	1	PASS	19	5
HG01934	HG01934_hap2	chr17	1	1	PASS	2	5
HG01934	HG01934_hap2	chr18	1	1	PASS	0	0
HG01934	HG01934_hap2	chr19	1	1	PASS	0	0
HG01934	HG01934_hap2	chr2	1	1	PASS	5	0
HG01934	HG01934_hap2	chr20	1	1	PASS	0	3
HG01934	HG01934_hap2	chr3	1	1	PASS	0	1
HG01934	HG01934_hap2	chr5	1	1	PASS	0	1
HG01934	HG01934_hap2	chr6	1	1	PASS	0	0
HG01934	HG01934_hap2	chr7	1	1	PASS	20	17
HG01934	HG01934_hap2	chr8	1	1	PASS	0	0
HG01934	HG01934_hap2	chr9	1	1	PASS	1	157
HG01940	HG01940_hap1	chr1	1	1	PASS	6	5
HG01940	HG01940_hap1	chr10	1	1	PASS	4	6
HG01940	HG01940_hap1	chr11	1	1	PASS	0	0
HG01940	HG01940_hap1	chr12	1	1	PASS	0	0
HG01940	HG01940_hap1	chr16	1	1	PASS	20	6
HG01940	HG01940_hap1	chr17	1	1	PASS	2	5
HG01940	HG01940_hap1	chr19	1	1	PASS	0	0
HG01940	HG01940_hap1	chr2	1	1	PASS	11	4
HG01940	HG01940_hap1	chr20	1	1	PASS	0	3
HG01940	HG01940_hap1	chr3	1	1	PASS	0	1
HG01940	HG01940_hap1	chr4	1	1	PASS	0	2
HG01940	HG01940_hap1	chr5	1	1	PASS	0	1
HG01940	HG01940_hap1	chr6	1	1	PASS	0	0
HG01940	HG01940_hap1	chr8	1	1	PASS	0	0
HG01940	HG01940_hap1	chr9	1	1	PASS	1	108
HG01940	HG01940_hap1	chrX	1	1	PASS	0	0
HG01940	HG01940_hap2	chr1	1	1	PASS	7	5
HG01940	HG01940_hap2	chr10	1	1	PASS	4	6
HG01940	HG01940_hap2	chr11	1	1	PASS	0	0
HG01940	HG01940_hap2	chr12	1	1	PASS	0	0
HG01940	HG01940_hap2	chr16	1	1	PASS	19	5
HG01940	HG01940_hap2	chr17	1	1	PASS	2	5
HG01940	HG01940_hap2	chr19	1	1	PASS	0	0
HG01940	HG01940_hap2	chr2	1	1	PASS	11	4
HG01940	HG01940_hap2	chr20	1	1	PASS	0	3
HG01940	HG01940_hap2	chr3	1	1	PASS	0	1
HG01940	HG01940_hap2	chr4	1	1	PASS	0	2
HG01940	HG01940_hap2	chr5	1	1	PASS	0	1
HG01940	HG01940_hap2	chr6	1	1	PASS	0	0
HG01940	HG01940_hap2	chr8	1	1	PASS	0	0
HG01940	HG01940_hap2	chr9	1	1	PASS	1	137
HG01940	HG01940_hap2	chrX	1	1	PASS	0	0
HG01943	HG01943_hap1	chr10	1	1	PASS	4	6
HG01943	HG01943_hap1	chr11	1	1	PASS	0	0
HG01943	HG01943_hap1	chr12	1	1	PASS	0	0
HG01943	HG01943_hap1	chr16	1	1	PASS	18	6
HG01943	HG01943_hap1	chr19	1	1	PASS	0	0
HG01943	HG01943_hap1	chr2	1	1	PASS	11	4
HG01943	HG01943_hap1	chr20	1	1	PASS	0	3
HG01943	HG01943_hap1	chr3	1	1	PASS	0	1
HG01943	HG01943_hap1	chr5	1	1	PASS	0	1
HG01943	HG01943_hap1	chr9	1	1	PASS	1	212
HG01943	HG01943_hap1	chrX	1	1	PASS	0	0
HG01943	HG01943_hap2	chr10	1	1	PASS	4	6
HG01943	HG01943_hap2	chr11	1	1	PASS	0	0
HG01943	HG01943_hap2	chr12	1	1	PASS	0	0
HG01943	HG01943_hap2	chr16	1	1	PASS	17	3
HG01943	HG01943_hap2	chr19	1	1	PASS	0	0
HG01943	HG01943_hap2	chr2	1	1	PASS	11	4
HG01943	HG01943_hap2	chr20	1	1	PASS	0	3
HG01943	HG01943_hap2	chr5	1	1	PASS	0	1
HG01943	HG01943_hap2	chr9	1	1	PASS	1	77
HG01952	HG01952_hap1	chr1	1	1	PASS	7	5
HG01952	HG01952_hap1	chr10	1	1	PASS	4	6
HG01952	HG01952_hap1	chr11	1	1	PASS	0	0
HG01952	HG01952_hap1	chr12	1	1	PASS	0	0
HG01952	HG01952_hap1	chr16	1	1	PASS	23	6
HG01952	HG01952_hap1	chr18	1	1	PASS	0	0
HG01952	HG01952_hap1	chr19	1	1	PASS	0	0
HG01952	HG01952_hap1	chr2	1	1	PASS	11	4
HG01952	HG01952_hap1	chr20	1	1	PASS	0	3
HG01952	HG01952_hap1	chr4	1	1	PASS	0	2
HG01952	HG01952_hap1	chr5	1	1	PASS	0	1
HG01952	HG01952_hap1	chr6	1	1	PASS	0	0
HG01952	HG01952_hap1	chr7	1	1	PASS	21	16
HG01952	HG01952_hap1	chr8	1	1	PASS	0	0
HG01952	HG01952_hap1	chr9	1	1	PASS	1	133
HG01952	HG01952_hap1	chrX	1	1	PASS	0	0
HG01952	HG01952_hap2	chr1	1	1	PASS	7	4
HG01952	HG01952_hap2	chr10	1	1	PASS	4	6
HG01952	HG01952_hap2	chr11	1	1	PASS	0	0
HG01952	HG01952_hap2	chr12	1	1	PASS	0	0
HG01952	HG01952_hap2	chr16	1	1	PASS	20	6
HG01952	HG01952_hap2	chr18	1	1	PASS	0	0
HG01952	HG01952_hap2	chr19	1	1	PASS	0	0
HG01952	HG01952_hap2	chr2	1	1	PASS	11	4
HG01952	HG01952_hap2	chr20	1	1	PASS	0	3
HG01952	HG01952_hap2	chr4	1	1	PASS	0	2
HG01952	HG01952_hap2	chr5	1	1	PASS	0	1
HG01952	HG01952_hap2	chr6	1	1	PASS	0	0
HG01952	HG01952_hap2	chr7	1	1	PASS	22	17
HG01952	HG01952_hap2	chr8	1	1	PASS	0	0
HG01960	HG01960_hap1	chr1	1	1	PASS	7	5
HG01960	HG01960_hap1	chr10	1	1	PASS	4	6
HG01960	HG01960_hap1	chr11	1	1	PASS	0	0
HG01960	HG01960_hap1	chr12	1	1	PASS	0	0
HG01960	HG01960_hap1	chr16	1	1	PASS	19	5
HG01960	HG01960_hap1	chr18	1	1	PASS	0	0
HG01960	HG01960_hap1	chr19	1	1	PASS	0	0
HG01960	HG01960_hap1	chr20	1	1	PASS	0	3
HG01960	HG01960_hap1	chr5	1	1	PASS	0	1
HG01960	HG01960_hap1	chr7	1	1	PASS	22	23
HG01960	HG01960_hap1	chr8	1	1	PASS	0	0
HG01960	HG01960_hap1	chr9	1	1	PASS	1	129
HG01960	HG01960_hap1	chrX	1	1	PASS	0	0
HG01960	HG01960_hap2	chr1	1	1	PASS	8	5
HG01960	HG01960_hap2	chr10	1	1	PASS	4	6
HG01960	HG01960_hap2	chr11	1	1	PASS	0	0
HG01960	HG01960_hap2	chr12	1	1	PASS	0	0
HG01960	HG01960_hap2	chr16	1	1	PASS	21	6
HG01960	HG01960_hap2	chr18	1	1	PASS	0	0
HG01960	HG01960_hap2	chr19	1	1	PASS	0	0
HG01960	HG01960_hap2	chr20	1	1	PASS	0	3
HG01960	HG01960_hap2	chr5	1	1	PASS	0	1
HG01960	HG01960_hap2	chr7	1	1	PASS	24	17
HG01960	HG01960_hap2	chr8	1	1	PASS	0	0
HG01960	HG01960_hap2	chr9	1	1	PASS	1	207
HG01960	HG01960_hap2	chrX	1	1	PASS	0	0
HG01969	HG01969_hap1	chr1	1	1	PASS	8	5
HG01969	HG01969_hap1	chr10	1	1	PASS	4	6
HG01969	HG01969_hap1	chr11	1	1	PASS	0	0
HG01969	HG01969_hap1	chr12	1	1	PASS	0	0
HG01969	HG01969_hap1	chr16	1	1	PASS	20	6
HG01969	HG01969_hap1	chr19	1	1	PASS	0	0
HG01969	HG01969_hap1	chr2	1	1	PASS	11	4
HG01969	HG01969_hap1	chr20	1	1	PASS	0	3
HG01969	HG01969_hap1	chr3	1	1	PASS	0	1
HG01969	HG01969_hap1	chr5	1	1	PASS	0	1
HG01969	HG01969_hap1	chr6	1	1	PASS	0	0
HG01969	HG01969_hap1	chr7	1	1	PASS	22	17
HG01969	HG01969_hap1	chr8	1	1	PASS	0	0
HG01969	HG01969_hap1	chr9	1	1	PASS	1	199
HG01969	HG01969_hap1	chrX	1	1	PASS	0	0
HG01969	HG01969_hap2	chr1	1	1	PASS	7	4
HG01969	HG01969_hap2	chr10	1	1	PASS	4	6
HG01969	HG01969_hap2	chr11	1	1	PASS	0	0
HG01969	HG01969_hap2	chr12	1	1	PASS	0	0
HG01969	HG01969_hap2	chr16	1	1	PASS	19	5
HG01969	HG01969_hap2	chr2	1	1	PASS	11	4
HG01969	HG01969_hap2	chr20	1	1	PASS	0	3
HG01969	HG01969_hap2	chr3	1	1	PASS	0	1
HG01969	HG01969_hap2	chr5	1	1	PASS	0	1
HG01969	HG01969_hap2	chr6	1	1	PASS	0	0
HG01969	HG01969_hap2	chr7	1	1	PASS	21	16
HG01969	HG01969_hap2	chr8	1	1	PASS	0	0
HG01969	HG01969_hap2	chr9	1	1	PASS	1	50
HG01969	HG01969_hap2	chrX	1	1	PASS	0	0
HG01975	HG01975_hap1	chr1	1	1	PASS	8	4
HG01975	HG01975_hap1	chr10	1	1	PASS	4	6
HG01975	HG01975_hap1	chr11	1	1	PASS	0	0
HG01975	HG01975_hap1	chr12	1	1	PASS	0	0
HG01975	HG01975_hap1	chr16	1	1	PASS	19	5
HG01975	HG01975_hap1	chr18	1	1	PASS	0	0
HG01975	HG01975_hap1	chr19	1	1	PASS	0	0
HG01975	HG01975_hap1	chr2	1	1	PASS	11	4
HG01975	HG01975_hap1	chr20	1	1	PASS	0	3
HG01975	HG01975_hap1	chr3	1	1	PASS	0	1
HG01975	HG01975_hap1	chr5	1	1	PASS	0	1
HG01975	HG01975_hap1	chr6	1	1	PASS	0	0
HG01975	HG01975_hap1	chr7	1	1	PASS	24	18
HG01975	HG01975_hap1	chr8	1	1	PASS	0	0
HG01975	HG01975_hap1	chr9	1	1	PASS	1	180
HG01975	HG01975_hap1	chrX	1	1	PASS	0	0
HG01975	HG01975_hap2	chr1	1	1	PASS	7	4
HG01975	HG01975_hap2	chr10	1	1	PASS	4	6
HG01975	HG01975_hap2	chr11	1	1	PASS	0	0
HG01975	HG01975_hap2	chr12	1	1	PASS	0	0
HG01975	HG01975_hap2	chr16	1	1	PASS	18	4
HG01975	HG01975_hap2	chr18	1	1	PASS	0	0
HG01975	HG01975_hap2	chr19	1	1	PASS	0	0
HG01975	HG01975_hap2	chr2	1	1	PASS	11	4
HG01975	HG01975_hap2	chr20	1	1	PASS	0	3
HG01975	HG01975_hap2	chr3	1	1	PASS	0	1
HG01975	HG01975_hap2	chr5	1	1	PASS	0	1
HG01975	HG01975_hap2	chr7	1	1	PASS	21	17
HG01975	HG01975_hap2	chr8	1	1	PASS	0	0
HG01975	HG01975_hap2	chr9	1	1	PASS	1	60
HG01975	HG01975_hap2	chrX	1	1	PASS	0	0
HG01978	HG01978_hap1	chr1	1	1	PASS	7	4
HG01978	HG01978_hap1	chr10	1	1	PASS	4	6
HG01978	HG01978_hap1	chr11	1	1	PASS	0	0
HG01978	HG01978_hap1	chr12	1	1	PASS	0	0
HG01978	HG01978_hap1	chr17	1	1	PASS	2	5
HG01978	HG01978_hap1	chr18	1	1	PASS	0	0
HG01978	HG01978_hap1	chr19	1	1	PASS	0	0
HG01978	HG01978_hap1	chr2	1	1	PASS	11	4
HG01978	HG01978_hap1	chr20	1	1	PASS	0	3
HG01978	HG01978_hap1	chr3	1	1	PASS	0	1
HG01978	HG01978_hap1	chr6	1	1	PASS	0	0
HG01978	HG01978_hap1	chr8	1	1	PASS	0	0
HG01978	HG01978_hap1	chr9	1	1	PASS	1	108
HG01978	HG01978_hap1	chrX	1	1	PASS	0	0
HG01978	HG01978_hap2	chr10	1	1	PASS	5	6
HG01978	HG01978_hap2	chr11	1	1	PASS	0	0
HG01978	HG01978_hap2	chr12	1	1	PASS	0	0
HG01978	HG01978_hap2	chr17	1	1	PASS	2	5
HG01978	HG01978_hap2	chr18	1	1	PASS	0	0
HG01978	HG01978_hap2	chr19	1	1	PASS	0	0
HG01978	HG01978_hap2	chr2	1	1	PASS	11	4
HG01978	HG01978_hap2	chr20	1	1	PASS	0	3
HG01978	HG01978_hap2	chr3	1	1	PASS	0	1
HG01978	HG01978_hap2	chr5	1	1	PASS	0	1
HG01978	HG01978_hap2	chr6	1	1	PASS	0	0
HG01978	HG01978_hap2	chr8	1	1	PASS	0	0
HG01978	HG01978_hap2	chr9	1	1	PASS	1	154
HG01981	HG01981_hap1	chr10	1	1	PASS	4	6
HG01981	HG01981_hap1	chr11	1	1	PASS	0	0
HG01981	HG01981_hap1	chr12	1	1	PASS	0	0
HG01981	HG01981_hap1	chr16	1	1	PASS	17	3
HG01981	HG01981_hap1	chr18	1	1	PASS	0	0
HG01981	HG01981_hap1	chr19	1	1	PASS	0	0
HG01981	HG01981_hap1	chr2	1	1	PASS	11	4
HG01981	HG01981_hap1	chr20	1	1	PASS	0	3
HG01981	HG01981_hap1	chr3	1	1	PASS	0	1
HG01981	HG01981_hap1	chr4	1	1	PASS	0	2
HG01981	HG01981_hap1	chr5	1	1	PASS	0	1
HG01981	HG01981_hap1	chr7	1	1	PASS	21	15
HG01981	HG01981_hap1	chr8	1	1	PASS	0	0
HG01981	HG01981_hap1	chr9	1	1	PASS	1	145
HG01981	HG01981_hap1	chrX	1	1	PASS	0	0
HG01981	HG01981_hap2	chr10	1	1	PASS	4	6
HG01981	HG01981_hap2	chr11	1	1	PASS	0	0
HG01981	HG01981_hap2	chr12	1	1	PASS	0	0
HG01981	HG01981_hap2	chr16	1	1	PASS	20	6
HG01981	HG01981_hap2	chr18	1	1	PASS	0	0
HG01981	HG01981_hap2	chr19	1	1	PASS	0	0
HG01981	HG01981_hap2	chr2	1	1	PASS	9	4
HG01981	HG01981_hap2	chr20	1	1	PASS	0	3
HG01981	HG01981_hap2	chr3	1	1	PASS	0	1
HG01981	HG01981_hap2	chr4	1	1	PASS	0	2
HG01981	HG01981_hap2	chr5	1	1	PASS	0	1
HG01981	HG01981_hap2	chr7	1	1	PASS	20	18
HG01981	HG01981_hap2	chr8	1	1	PASS	0	0
HG01981	HG01981_hap2	chr9	1	1	PASS	1	171
HG01981	HG01981_hap2	chrX	1	1	PASS	0	0
HG01993	HG01993_hap1	chr10	1	1	PASS	4	6
HG01993	HG01993_hap1	chr11	1	1	PASS	0	0
HG01993	HG01993_hap1	chr12	1	1	PASS	0	0
HG01993	HG01993_hap1	chr16	1	1	PASS	20	6
HG01993	HG01993_hap1	chr18	1	1	PASS	0	0
HG01993	HG01993_hap1	chr19	1	1	PASS	0	0
HG01993	HG01993_hap1	chr2	1	1	PASS	11	4
HG01993	HG01993_hap1	chr20	1	1	PASS	0	3
HG01993	HG01993_hap1	chr3	1	1	PASS	0	1
HG01993	HG01993_hap1	chr4	1	1	PASS	0	2
HG01993	HG01993_hap1	chr5	1	1	PASS	0	1
HG01993	HG01993_hap1	chr7	1	1	PASS	21	18
HG01993	HG01993_hap1	chr8	1	1	PASS	0	0
HG01993	HG01993_hap1	chr9	1	1	PASS	1	72
HG01993	HG01993_hap1	chrX	1	1	PASS	0	0
HG01993	HG01993_hap2	chr10	1	1	PASS	4	6
HG01993	HG01993_hap2	chr11	1	1	PASS	0	0
HG01993	HG01993_hap2	chr12	1	1	PASS	0	0
HG01993	HG01993_hap2	chr16	1	1	PASS	17	3
HG01993	HG01993_hap2	chr18	1	1	PASS	0	0
HG01993	HG01993_hap2	chr19	1	1	PASS	0	0
HG01993	HG01993_hap2	chr2	1	1	PASS	11	4
HG01993	HG01993_hap2	chr20	1	1	PASS	0	3
HG01993	HG01993_hap2	chr3	1	1	PASS	0	1
HG01993	HG01993_hap2	chr4	1	1	PASS	0	2
HG01993	HG01993_hap2	chr5	1	1	PASS	0	1
HG01993	HG01993_hap2	chr7	1	1	PASS	20	19
HG01993	HG01993_hap2	chr8	1	1	PASS	0	0
HG01993	HG01993_hap2	chr9	1	1	PASS	1	153
HG01993	HG01993_hap2	chrX	1	1	PASS	0	0
HG02004	HG02004_hap1	chr1	1	1	PASS	7	5
HG02004	HG02004_hap1	chr10	1	1	PASS	4	8
HG02004	HG02004_hap1	chr11	1	1	PASS	0	0
HG02004	HG02004_hap1	chr12	1	1	PASS	0	0
HG02004	HG02004_hap1	chr16	1	1	PASS	17	3
HG02004	HG02004_hap1	chr19	1	1	PASS	0	0
HG02004	HG02004_hap1	chr20	1	1	PASS	0	3
HG02004	HG02004_hap1	chr4	1	1	PASS	0	2
HG02004	HG02004_hap1	chr5	1	1	PASS	0	1
HG02004	HG02004_hap1	chr7	1	1	PASS	22	18
HG02004	HG02004_hap1	chr8	1	1	PASS	0	0
HG02004	HG02004_hap1	chrX	1	1	PASS	0	0
HG02004	HG02004_hap2	chr1	1	1	PASS	7	5
HG02004	HG02004_hap2	chr10	1	1	PASS	4	6
HG02004	HG02004_hap2	chr11	1	1	PASS	0	0
HG02004	HG02004_hap2	chr12	1	1	PASS	0	0
HG02004	HG02004_hap2	chr16	1	1	PASS	18	3
HG02004	HG02004_hap2	chr19	1	1	PASS	0	0
HG02004	HG02004_hap2	chr20	1	1	PASS	0	3
HG02004	HG02004_hap2	chr4	1	1	PASS	0	2
HG02004	HG02004_hap2	chr5	1	1	PASS	0	1
HG02004	HG02004_hap2	chr7	1	1	PASS	22	16
HG02004	HG02004_hap2	chr8	1	1	PASS	0	0
HG02004	HG02004_hap2	chr9	1	1	PASS	1	166
HG02004	HG02004_hap2	chrX	1	1	PASS	0	0
HG02011	HG02011_hap1	chr10	1	1	PASS	4	6
HG02011	HG02011_hap1	chr11	1	1	PASS	0	0
HG02011	HG02011_hap1	chr12	1	1	PASS	0	0
HG02011	HG02011_hap1	chr17	1	1	PASS	2	5
HG02011	HG02011_hap1	chr18	1	1	PASS	0	0
HG02011	HG02011_hap1	chr19	1	1	PASS	0	0
HG02011	HG02011_hap1	chr2	1	1	PASS	11	4
HG02011	HG02011_hap1	chr3	1	1	PASS	0	1
HG02011	HG02011_hap1	chr4	1	1	PASS	0	2
HG02011	HG02011_hap1	chr5	1	1	PASS	0	1
HG02011	HG02011_hap1	chr6	1	1	PASS	0	0
HG02011	HG02011_hap1	chr7	1	1	PASS	21	13
HG02011	HG02011_hap1	chr8	1	1	PASS	0	0
HG02011	HG02011_hap1	chr9	1	1	PASS	1	192
HG02011	HG02011_hap2	chr1	1	1	PASS	9	5
HG02011	HG02011_hap2	chr10	1	1	PASS	4	6
HG02011	HG02011_hap2	chr11	1	1	PASS	0	0
HG02011	HG02011_hap2	chr12	1	1	PASS	0	0
HG02011	HG02011_hap2	chr16	1	1	PASS	19	5
HG02011	HG02011_hap2	chr17	1	1	PASS	2	5
HG02011	HG02011_hap2	chr18	1	1	PASS	0	0
HG02011	HG02011_hap2	chr19	1	1	PASS	0	0
HG02011	HG02011_hap2	chr20	1	1	PASS	0	3
HG02011	HG02011_hap2	chr3	1	1	PASS	0	1
HG02011	HG02011_hap2	chr4	1	1	PASS	0	2
HG02011	HG02011_hap2	chr5	1	1	PASS	0	1
HG02011	HG02011_hap2	chr6	1	1	PASS	0	0
HG02011	HG02011_hap2	chr7	1	1	PASS	22	19
HG02011	HG02011_hap2	chr8	1	1	PASS	0	0
HG02011	HG02011_hap2	chr9	1	1	PASS	1	161
HG02011	HG02011_hap2	chrX	1	1	PASS	0	0
HG02015	HG02015_hap1	chr1	1	1	PASS	7	5
HG02015	HG02015_hap1	chr10	1	1	PASS	4	6
HG02015	HG02015_hap1	chr11	1	1	PASS	0	0
HG02015	HG02015_hap1	chr12	1	1	PASS	0	0
HG02015	HG02015_hap1	chr18	1	1	PASS	0	0
HG02015	HG02015_hap1	chr19	1	1	PASS	0	0
HG02015	HG02015_hap1	chr4	1	1	PASS	0	2
HG02015	HG02015_hap1	chr5	1	1	PASS	0	1
HG02015	HG02015_hap1	chr6	1	1	PASS	0	0
HG02015	HG02015_hap1	chr8	1	1	PASS	0	0
HG02015	HG02015_hap1	chrX	1	1	PASS	0	0
HG02015	HG02015_hap2	chr1	1	1	PASS	7	4
HG02015	HG02015_hap2	chr10	1	1	PASS	4	6
HG02015	HG02015_hap2	chr11	1	1	PASS	0	0
HG02015	HG02015_hap2	chr12	1	1	PASS	0	0
HG02015	HG02015_hap2	chr18	1	1	PASS	0	0
HG02015	HG02015_hap2	chr19	1	1	PASS	0	0
HG02015	HG02015_hap2	chr4	1	1	PASS	0	2
HG02015	HG02015_hap2	chr5	1	1	PASS	0	1
HG02015	HG02015_hap2	chr6	1	1	PASS	0	0
HG02015	HG02015_hap2	chr8	1	1	PASS	0	0
HG02015	HG02015_hap2	chr9	1	1	PASS	1	119
HG02018	HG02018_hap1	chr1	1	1	PASS	7	4
HG02018	HG02018_hap1	chr10	1	1	PASS	4	6
HG02018	HG02018_hap1	chr11	1	1	PASS	0	0
HG02018	HG02018_hap1	chr12	1	1	PASS	0	0
HG02018	HG02018_hap1	chr16	1	1	PASS	20	6
HG02018	HG02018_hap1	chr17	1	1	PASS	2	5
HG02018	HG02018_hap1	chr18	1	1	PASS	0	0
HG02018	HG02018_hap1	chr19	1	1	PASS	0	0
HG02018	HG02018_hap1	chr20	1	1	PASS	0	3
HG02018	HG02018_hap1	chr3	1	1	PASS	0	1
HG02018	HG02018_hap1	chr4	1	1	PASS	0	2
HG02018	HG02018_hap1	chr5	1	1	PASS	0	1
HG02018	HG02018_hap1	chr7	1	1	PASS	25	22
HG02018	HG02018_hap1	chr8	1	1	PASS	0	0
HG02018	HG02018_hap1	chr9	1	1	PASS	1	178
HG02018	HG02018_hap1	chrX	1	1	PASS	0	0
HG02018	HG02018_hap2	chr1	1	1	PASS	7	4
HG02018	HG02018_hap2	chr10	1	1	PASS	4	6
HG02018	HG02018_hap2	chr11	1	1	PASS	0	0
HG02018	HG02018_hap2	chr12	1	1	PASS	0	0
HG02018	HG02018_hap2	chr17	1	1	PASS	2	5
HG02018	HG02018_hap2	chr18	1	1	PASS	0	0
HG02018	HG02018_hap2	chr19	1	1	PASS	0	0
HG02018	HG02018_hap2	chr20	1	1	PASS	0	3
HG02018	HG02018_hap2	chr4	1	1	PASS	0	2
HG02018	HG02018_hap2	chr5	1	1	PASS	0	1
HG02018	HG02018_hap2	chr6	1	1	PASS	0	0
HG02018	HG02018_hap2	chr7	1	1	PASS	21	12
HG02018	HG02018_hap2	chr8	1	1	PASS	0	0
HG02018	HG02018_hap2	chr9	1	1	PASS	1	108
HG02018	HG02018_hap2	chrX	1	1	PASS	0	0
HG02027	HG02027_hap1	chr10	1	1	PASS	4	6
HG02027	HG02027_hap1	chr12	1	1	PASS	0	0
HG02027	HG02027_hap1	chr16	1	1	PASS	18	3
HG02027	HG02027_hap1	chr17	1	1	PASS	2	5
HG02027	HG02027_hap1	chr18	1	1	PASS	0	0
HG02027	HG02027_hap1	chr2	1	1	PASS	11	4
HG02027	HG02027_hap1	chr20	1	1	PASS	0	3
HG02027	HG02027_hap1	chr4	1	1	PASS	0	2
HG02027	HG02027_hap1	chr5	1	1	PASS	0	1
HG02027	HG02027_hap1	chr6	1	1	PASS	0	0
HG02027	HG02027_hap1	chr7	1	1	PASS	20	18
HG02027	HG02027_hap1	chr8	1	1	PASS	0	0
HG02027	HG02027_hap1	chr9	1	1	PASS	1	169
HG02027	HG02027_hap1	chrX	1	1	PASS	0	0
HG02027	HG02027_hap2	chr10	1	1	PASS	4	6
HG02027	HG02027_hap2	chr12	1	1	PASS	0	0
HG02027	HG02027_hap2	chr16	1	1	PASS	21	6
HG02027	HG02027_hap2	chr17	1	1	PASS	2	5
HG02027	HG02027_hap2	chr18	1	1	PASS	0	0
HG02027	HG02027_hap2	chr19	1	1	PASS	0	0
HG02027	HG02027_hap2	chr2	1	1	PASS	11	4
HG02027	HG02027_hap2	chr20	1	1	PASS	0	3
HG02027	HG02027_hap2	chr4	1	1	PASS	0	2
HG02027	HG02027_hap2	chr5	1	1	PASS	0	1
HG02027	HG02027_hap2	chr6	1	1	PASS	0	0
HG02027	HG02027_hap2	chr7	1	1	PASS	23	15
HG02027	HG02027_hap2	chr8	1	1	PASS	0	0
HG02027	HG02027_hap2	chr9	1	1	PASS	1	153
HG02040	HG02040_hap1	chr1	1	1	PASS	7	4
HG02040	HG02040_hap1	chr11	1	1	PASS	0	0
HG02040	HG02040_hap1	chr12	1	1	PASS	0	0
HG02040	HG02040_hap1	chr16	1	1	PASS	17	3
HG02040	HG02040_hap1	chr17	1	1	PASS	2	5
HG02040	HG02040_hap1	chr18	1	1	PASS	0	0
HG02040	HG02040_hap1	chr19	1	1	PASS	0	0
HG02040	HG02040_hap1	chr2	1	1	PASS	11	4
HG02040	HG02040_hap1	chr20	1	1	PASS	0	3
HG02040	HG02040_hap1	chr4	1	1	PASS	0	2
HG02040	HG02040_hap1	chr5	1	1	PASS	0	1
HG02040	HG02040_hap1	chr6	1	1	PASS	0	0
HG02040	HG02040_hap1	chr7	1	1	PASS	24	22
HG02040	HG02040_hap1	chr8	1	1	PASS	0	0
HG02040	HG02040_hap1	chr9	1	1	PASS	1	148
HG02040	HG02040_hap2	chr1	1	1	PASS	7	5
HG02040	HG02040_hap2	chr10	1	1	PASS	4	6
HG02040	HG02040_hap2	chr11	1	1	PASS	0	0
HG02040	HG02040_hap2	chr12	1	1	PASS	0	0
HG02040	HG02040_hap2	chr16	1	1	PASS	20	6
HG02040	HG02040_hap2	chr17	1	1	PASS	2	5
HG02040	HG02040_hap2	chr18	1	1	PASS	0	0
HG02040	HG02040_hap2	chr19	1	1	PASS	0	0
HG02040	HG02040_hap2	chr2	1	1	PASS	11	4
HG02040	HG02040_hap2	chr20	1	1	PASS	0	3
HG02040	HG02040_hap2	chr4	1	1	PASS	0	2
HG02040	HG02040_hap2	chr5	1	1	PASS	0	1
HG02040	HG02040_hap2	chr6	1	1	PASS	0	0
HG02040	HG02040_hap2	chr7	1	1	PASS	20	14
HG02040	HG02040_hap2	chr8	1	1	PASS	0	0
HG02040	HG02040_hap2	chr9	1	1	PASS	1	115
HG02040	HG02040_hap2	chrX	1	1	PASS	0	0
HG02055	HG02055_hap1	chr10	1	1	PASS	4	6
HG02055	HG02055_hap1	chr11	1	1	PASS	0	0
HG02055	HG02055_hap1	chr12	1	1	PASS	0	0
HG02055	HG02055_hap1	chr16	1	1	PASS	20	6
HG02055	HG02055_hap1	chr2	1	1	PASS	11	4
HG02055	HG02055_hap1	chr20	1	1	PASS	0	3
HG02055	HG02055_hap1	chr5	1	1	PASS	0	1
HG02055	HG02055_hap1	chr7	1	1	PASS	21	12
HG02055	HG02055_hap1	chr9	1	1	PASS	1	155
HG02055	HG02055_hap1	chrX	1	1	PASS	0	0
HG02055	HG02055_hap2	chr1	1	1	PASS	7	5
HG02055	HG02055_hap2	chr10	1	1	PASS	4	6
HG02055	HG02055_hap2	chr11	1	1	PASS	0	0
HG02055	HG02055_hap2	chr12	1	1	PASS	0	0
HG02055	HG02055_hap2	chr16	1	1	PASS	17	3
HG02055	HG02055_hap2	chr18	1	1	PASS	0	0
HG02055	HG02055_hap2	chr2	1	1	PASS	11	4
HG02055	HG02055_hap2	chr20	1	1	PASS	0	3
HG02055	HG02055_hap2	chr5	1	1	PASS	0	1
HG02055	HG02055_hap2	chr7	1	1	PASS	23	23
HG02055	HG02055_hap2	chr9	1	1	PASS	1	131
HG02056	HG02056_hap1	chr1	1	1	PASS	7	5
HG02056	HG02056_hap1	chr10	1	1	PASS	4	6
HG02056	HG02056_hap1	chr11	1	1	PASS	0	0
HG02056	HG02056_hap1	chr12	1	1	PASS	0	0
HG02056	HG02056_hap1	chr16	1	1	PASS	19	5
HG02056	HG02056_hap1	chr19	1	1	PASS	0	0
HG02056	HG02056_hap1	chr2	1	1	PASS	9	4
HG02056	HG02056_hap1	chr20	1	1	PASS	0	3
HG02056	HG02056_hap1	chr5	1	1	PASS	0	1
HG02056	HG02056_hap1	chr7	1	1	PASS	22	17
HG02056	HG02056_hap1	chr8	1	1	PASS	0	0
HG02056	HG02056_hap1	chr9	1	1	PASS	1	138
HG02056	HG02056_hap2	chr1	1	1	PASS	8	4
HG02056	HG02056_hap2	chr10	1	1	PASS	4	6
HG02056	HG02056_hap2	chr11	1	1	PASS	0	0
HG02056	HG02056_hap2	chr12	1	1	PASS	0	0
HG02056	HG02056_hap2	chr16	1	1	PASS	20	6
HG02056	HG02056_hap2	chr19	1	1	PASS	0	0
HG02056	HG02056_hap2	chr2	1	1	PASS	11	4
HG02056	HG02056_hap2	chr20	1	1	PASS	0	3
HG02056	HG02056_hap2	chr5	1	1	PASS	0	1
HG02056	HG02056_hap2	chr7	1	1	PASS	24	20
HG02056	HG02056_hap2	chr8	1	1	PASS	0	0
HG02056	HG02056_hap2	chr9	1	1	PASS	1	186
HG02059	HG02059_hap1	chr1	1	1	PASS	8	5
HG02059	HG02059_hap1	chr10	1	1	PASS	4	6
HG02059	HG02059_hap1	chr11	1	1	PASS	0	0
HG02059	HG02059_hap1	chr12	1	1	PASS	0	0
HG02059	HG02059_hap1	chr19	1	1	PASS	0	0
HG02059	HG02059_hap1	chr2	1	1	PASS	11	4
HG02059	HG02059_hap1	chr20	1	1	PASS	0	3
HG02059	HG02059_hap1	chr3	1	1	PASS	0	1
HG02059	HG02059_hap1	chr4	1	1	PASS	0	2
HG02059	HG02059_hap1	chr5	1	1	PASS	0	1
HG02059	HG02059_hap1	chr6	1	1	PASS	0	0
HG02059	HG02059_hap1	chr7	1	1	PASS	22	16
HG02059	HG02059_hap1	chr8	1	1	PASS	0	0
HG02059	HG02059_hap1	chr9	1	1	PASS	1	129
HG02059	HG02059_hap1	chrX	1	1	PASS	0	0
HG02059	HG02059_hap2	chr1	1	1	PASS	10	5
HG02059	HG02059_hap2	chr10	1	1	PASS	5	6
HG02059	HG02059_hap2	chr11	1	1	PASS	0	0
HG02059	HG02059_hap2	chr12	1	1	PASS	0	0
HG02059	HG02059_hap2	chr16	1	1	PASS	18	3
HG02059	HG02059_hap2	chr18	1	1	PASS	0	0
HG02059	HG02059_hap2	chr19	1	1	PASS	0	0
HG02059	HG02059_hap2	chr2	1	1	PASS	11	4
HG02059	HG02059_hap2	chr20	1	1	PASS	0	3
HG02059	HG02059_hap2	chr3	1	1	PASS	0	1
HG02059	HG02059_hap2	chr4	1	1	PASS	0	2
HG02059	HG02059_hap2	chr5	1	1	PASS	0	1
HG02059	HG02059_hap2	chr6	1	1	PASS	0	0
HG02059	HG02059_hap2	chr7	1	1	PASS	24	15
HG02059	HG02059_hap2	chr8	1	1	PASS	0	0
HG02059	HG02059_hap2	chrX	1	1	PASS	0	0
HG02071	HG02071_hap1	chr10	1	1	PASS	4	6
HG02071	HG02071_hap1	chr11	1	1	PASS	0	0
HG02071	HG02071_hap1	chr12	1	1	PASS	0	0
HG02071	HG02071_hap1	chr17	1	1	PASS	2	5
HG02071	HG02071_hap1	chr19	1	1	PASS	0	0
HG02071	HG02071_hap1	chr2	1	1	PASS	11	4
HG02071	HG02071_hap1	chr20	1	1	PASS	0	3
HG02071	HG02071_hap1	chr3	1	1	PASS	0	1
HG02071	HG02071_hap1	chr5	1	1	PASS	0	1
HG02071	HG02071_hap1	chr6	1	1	PASS	0	0
HG02071	HG02071_hap1	chr7	1	1	PASS	22	19
HG02071	HG02071_hap1	chr8	1	1	PASS	0	0
HG02071	HG02071_hap1	chr9	1	1	PASS	1	120
HG02071	HG02071_hap1	chrX	1	1	PASS	0	0
HG02071	HG02071_hap2	chr1	1	1	PASS	7	4
HG02071	HG02071_hap2	chr10	1	1	PASS	4	6
HG02071	HG02071_hap2	chr11	1	1	PASS	0	0
HG02071	HG02071_hap2	chr12	1	1	PASS	0	0
HG02071	HG02071_hap2	chr16	1	1	PASS	19	5
HG02071	HG02071_hap2	chr17	1	1	PASS	2	5
HG02071	HG02071_hap2	chr19	1	1	PASS	0	0
HG02071	HG02071_hap2	chr2	1	1	PASS	9	4
HG02071	HG02071_hap2	chr20	1	1	PASS	0	3
HG02071	HG02071_hap2	chr3	1	1	PASS	0	1
HG02071	HG02071_hap2	chr5	1	1	PASS	0	1
HG02071	HG02071_hap2	chr6	1	1	PASS	0	0
HG02071	HG02071_hap2	chr7	1	1	PASS	22	12
HG02071	HG02071_hap2	chr8	1	1	PASS	0	0
HG02071	HG02071_hap2	chr9	1	1	PASS	1	102
HG02074	HG02074_hap1	chr11	1	1	PASS	0	0
HG02074	HG02074_hap1	chr12	1	1	PASS	0	0
HG02074	HG02074_hap1	chr16	1	1	PASS	21	6
HG02074	HG02074_hap1	chr19	1	1	PASS	0	0
HG02074	HG02074_hap1	chr2	1	1	PASS	9	4
HG02074	HG02074_hap1	chr20	1	1	PASS	0	3
HG02074	HG02074_hap1	chr4	1	1	PASS	0	2
HG02074	HG02074_hap1	chr5	1	1	PASS	0	1
HG02074	HG02074_hap1	chr7	1	1	PASS	20	13
HG02074	HG02074_hap1	chr8	1	1	PASS	0	0
HG02074	HG02074_hap1	chr9	1	1	PASS	1	67
HG02074	HG02074_hap1	chrX	1	1	PASS	0	0
HG02074	HG02074_hap2	chr11	1	1	PASS	0	0
HG02074	HG02074_hap2	chr12	1	1	PASS	0	0
HG02074	HG02074_hap2	chr16	1	1	PASS	18	4
HG02074	HG02074_hap2	chr19	1	1	PASS	0	0
HG02074	HG02074_hap2	chr20	1	1	PASS	0	3
HG02074	HG02074_hap2	chr4	1	1	PASS	0	2
HG02074	HG02074_hap2	chr5	1	1	PASS	0	1
HG02074	HG02074_hap2	chr7	1	1	PASS	21	12
HG02074	HG02074_hap2	chr8	1	1	PASS	0	0
HG02074	HG02074_hap2	chr9	1	1	PASS	1	121
HG02080	HG02080_hap1	chr10	1	1	PASS	4	6
HG02080	HG02080_hap1	chr11	1	1	PASS	0	0
HG02080	HG02080_hap1	chr12	1	1	PASS	0	0
HG02080	HG02080_hap1	chr16	1	1	PASS	17	3
HG02080	HG02080_hap1	chr17	1	1	PASS	2	5
HG02080	HG02080_hap1	chr19	1	1	PASS	0	0
HG02080	HG02080_hap1	chr2	1	1	PASS	11	4
HG02080	HG02080_hap1	chr20	1	1	PASS	0	3
HG02080	HG02080_hap1	chr4	1	1	PASS	0	2
HG02080	HG02080_hap1	chr5	1	1	PASS	0	1
HG02080	HG02080_hap1	chr6	1	1	PASS	0	0
HG02080	HG02080_hap1	chr7	1	1	PASS	20	13
HG02080	HG02080_hap1	chr8	1	1	PASS	0	0
HG02080	HG02080_hap1	chr9	1	1	PASS	1	119
HG02080	HG02080_hap1	chrX	1	1	PASS	0	0
HG02080	HG02080_hap2	chr10	1	1	PASS	4	6
HG02080	HG02080_hap2	chr11	1	1	PASS	0	0
HG02080	HG02080_hap2	chr12	1	1	PASS	0	0
HG02080	HG02080_hap2	chr16	1	1	PASS	18	4
HG02080	HG02080_hap2	chr17	1	1	PASS	2	5
HG02080	HG02080_hap2	chr19	1	1	PASS	0	0
HG02080	HG02080_hap2	chr2	1	1	PASS	11	4
HG02080	HG02080_hap2	chr20	1	1	PASS	0	3
HG02080	HG02080_hap2	chr4	1	1	PASS	0	2
HG02080	HG02080_hap2	chr5	1	1	PASS	0	1
HG02080	HG02080_hap2	chr6	1	1	PASS	0	0
HG02080	HG02080_hap2	chr7	1	1	PASS	20	13
HG02080	HG02080_hap2	chr8	1	1	PASS	0	0
HG02080	HG02080_hap2	chr9	1	1	PASS	1	155
HG02080	HG02080_hap2	chrX	1	1	PASS	0	0
HG02083	HG02083_hap1	chr10	1	1	PASS	4	6
HG02083	HG02083_hap1	chr11	1	1	PASS	0	0
HG02083	HG02083_hap1	chr12	1	1	PASS	0	0
HG02083	HG02083_hap1	chr16	1	1	PASS	19	5
HG02083	HG02083_hap1	chr17	1	1	PASS	2	5
HG02083	HG02083_hap1	chr19	1	1	PASS	0	0
HG02083	HG02083_hap1	chr2	1	1	PASS	11	4
HG02083	HG02083_hap1	chr20	1	1	PASS	0	3
HG02083	HG02083_hap1	chr5	1	1	PASS	0	1
HG02083	HG02083_hap1	chr6	1	1	PASS	0	0
HG02083	HG02083_hap1	chr7	1	1	PASS	20	12
HG02083	HG02083_hap1	chr8	1	1	PASS	0	0
HG02083	HG02083_hap1	chr9	1	1	PASS	1	130
HG02083	HG02083_hap1	chrX	1	1	PASS	0	0
HG02083	HG02083_hap2	chr1	1	1	PASS	6	4
HG02083	HG02083_hap2	chr10	1	1	PASS	4	6
HG02083	HG02083_hap2	chr11	1	1	PASS	0	0
HG02083	HG02083_hap2	chr12	1	1	PASS	0	0
HG02083	HG02083_hap2	chr16	1	1	PASS	18	4
HG02083	HG02083_hap2	chr17	1	1	PASS	2	5
HG02083	HG02083_hap2	chr19	1	1	PASS	0	0
HG02083	HG02083_hap2	chr2	1	1	PASS	11	4
HG02083	HG02083_hap2	chr20	1	1	PASS	0	3
HG02083	HG02083_hap2	chr4	1	1	PASS	0	2
HG02083	HG02083_hap2	chr5	1	1	PASS	0	1
HG02083	HG02083_hap2	chr6	1	1	PASS	0	0
HG02083	HG02083_hap2	chr7	1	1	PASS	23	14
HG02083	HG02083_hap2	chr8	1	1	PASS	0	0
HG02083	HG02083_hap2	chr9	1	1	PASS	1	107
HG02106	HG02106_hap1	chr1	1	1	PASS	7	4
HG02106	HG02106_hap1	chr10	1	1	PASS	4	6
HG02106	HG02106_hap1	chr11	1	1	PASS	0	0
HG02106	HG02106_hap1	chr12	1	1	PASS	0	0
HG02106	HG02106_hap1	chr18	1	1	PASS	0	0
HG02106	HG02106_hap1	chr19	1	1	PASS	0	0
HG02106	HG02106_hap1	chr2	1	1	PASS	11	4
HG02106	HG02106_hap1	chr20	1	1	PASS	0	3
HG02106	HG02106_hap1	chr3	1	1	PASS	0	1
HG02106	HG02106_hap1	chr4	1	1	PASS	0	2
HG02106	HG02106_hap1	chr5	1	1	PASS	0	1
HG02106	HG02106_hap1	chr6	1	1	PASS	0	0
HG02106	HG02106_hap1	chr7	1	1	PASS	21	16
HG02106	HG02106_hap1	chr8	1	1	PASS	0	0
HG02106	HG02106_hap2	chr10	1	1	PASS	4	6
HG02106	HG02106_hap2	chr11	1	1	PASS	0	0
HG02106	HG02106_hap2	chr12	1	1	PASS	0	0
HG02106	HG02106_hap2	chr17	1	1	PASS	2	5
HG02106	HG02106_hap2	chr18	1	1	PASS	0	0
HG02106	HG02106_hap2	chr19	1	1	PASS	0	0
HG02106	HG02106_hap2	chr2	1	1	PASS	10	4
HG02106	HG02106_hap2	chr20	1	1	PASS	0	3
HG02106	HG02106_hap2	chr3	1	1	PASS	0	1
HG02106	HG02106_hap2	chr4	1	1	PASS	0	2
HG02106	HG02106_hap2	chr5	1	1	PASS	0	1
HG02106	HG02106_hap2	chr6	1	1	PASS	0	0
HG02106	HG02106_hap2	chr7	1	1	PASS	22	17
HG02106	HG02106_hap2	chr8	1	1	PASS	0	0
HG02106	HG02106_hap2	chr9	1	1	PASS	1	115
HG02109	HG02109_hap1	chr10	1	1	PASS	4	6
HG02109	HG02109_hap1	chr11	1	1	PASS	0	0
HG02109	HG02109_hap1	chr12	1	1	PASS	0	0
HG02109	HG02109_hap1	chr16	1	1	PASS	17	3
HG02109	HG02109_hap1	chr19	1	1	PASS	0	0
HG02109	HG02109_hap1	chr20	1	1	PASS	0	3
HG02109	HG02109_hap1	chr3	1	1	PASS	0	1
HG02109	HG02109_hap1	chr4	1	1	PASS	0	2
HG02109	HG02109_hap1	chr5	1	1	PASS	0	1
HG02109	HG02109_hap1	chr6	1	1	PASS	0	0
HG02109	HG02109_hap1	chr7	1	1	PASS	23	16
HG02109	HG02109_hap1	chr8	1	1	PASS	0	0
HG02109	HG02109_hap1	chr9	1	1	PASS	1	141
HG02109	HG02109_hap1	chrX	1	1	PASS	0	0
HG02109	HG02109_hap2	chr10	1	1	PASS	4	6
HG02109	HG02109_hap2	chr11	1	1	PASS	0	0
HG02109	HG02109_hap2	chr12	1	1	PASS	0	0
HG02109	HG02109_hap2	chr16	1	1	PASS	20	5
HG02109	HG02109_hap2	chr20	1	1	PASS	0	3
HG02109	HG02109_hap2	chr3	1	1	PASS	0	1
HG02109	HG02109_hap2	chr4	1	1	PASS	0	2
HG02109	HG02109_hap2	chr5	1	1	PASS	0	1
HG02109	HG02109_hap2	chr6	1	1	PASS	0	0
HG02109	HG02109_hap2	chr7	1	1	PASS	21	17
HG02109	HG02109_hap2	chr8	1	1	PASS	0	0
HG02109	HG02109_hap2	chr9	1	1	PASS	1	167
HG02109	HG02109_hap2	chrX	1	1	PASS	0	0
HG02129	HG02129_hap1	chr10	1	1	PASS	4	6
HG02129	HG02129_hap1	chr11	1	1	PASS	0	0
HG02129	HG02129_hap1	chr12	1	1	PASS	0	0
HG02129	HG02129_hap1	chr16	1	1	PASS	17	3
HG02129	HG02129_hap1	chr18	1	1	PASS	0	0
HG02129	HG02129_hap1	chr19	1	1	PASS	0	0
HG02129	HG02129_hap1	chr20	1	1	PASS	0	3
HG02129	HG02129_hap1	chr4	1	1	PASS	0	2
HG02129	HG02129_hap1	chr6	1	1	PASS	0	0
HG02129	HG02129_hap1	chr7	1	1	PASS	21	12
HG02129	HG02129_hap1	chr8	1	1	PASS	0	0
HG02129	HG02129_hap1	chr9	1	1	PASS	1	134
HG02129	HG02129_hap2	chr10	1	1	PASS	4	6
HG02129	HG02129_hap2	chr11	1	1	PASS	0	0
HG02129	HG02129_hap2	chr12	1	1	PASS	0	0
HG02129	HG02129_hap2	chr16	1	1	PASS	17	3
HG02129	HG02129_hap2	chr18	1	1	PASS	0	0
HG02129	HG02129_hap2	chr19	1	1	PASS	0	0
HG02129	HG02129_hap2	chr20	1	1	PASS	0	3
HG02129	HG02129_hap2	chr4	1	1	PASS	0	2
HG02129	HG02129_hap2	chr6	1	1	PASS	0	0
HG02129	HG02129_hap2	chr7	1	1	PASS	22	21
HG02129	HG02129_hap2	chr8	1	1	PASS	0	0
HG02129	HG02129_hap2	chr9	1	1	PASS	1	171
HG02132	HG02132_hap1	chr10	1	1	PASS	4	6
HG02132	HG02132_hap1	chr11	1	1	PASS	0	0
HG02132	HG02132_hap1	chr12	1	1	PASS	0	0
HG02132	HG02132_hap1	chr16	1	1	PASS	19	5
HG02132	HG02132_hap1	chr17	1	1	PASS	2	5
HG02132	HG02132_hap1	chr19	1	1	PASS	0	0
HG02132	HG02132_hap1	chr2	1	1	PASS	11	4
HG02132	HG02132_hap1	chr20	1	1	PASS	0	3
HG02132	HG02132_hap1	chr4	1	1	PASS	0	2
HG02132	HG02132_hap1	chr5	1	1	PASS	0	1
HG02132	HG02132_hap1	chr6	1	1	PASS	0	0
HG02132	HG02132_hap1	chr7	1	1	PASS	24	23
HG02132	HG02132_hap1	chr8	1	1	PASS	0	0
HG02132	HG02132_hap1	chr9	1	1	PASS	1	107
HG02132	HG02132_hap1	chrX	1	1	PASS	0	0
HG02132	HG02132_hap2	chr10	1	1	PASS	5	6
HG02132	HG02132_hap2	chr11	1	1	PASS	0	0
HG02132	HG02132_hap2	chr12	1	1	PASS	0	0
HG02132	HG02132_hap2	chr16	1	1	PASS	21	6
HG02132	HG02132_hap2	chr17	1	1	PASS	2	5
HG02132	HG02132_hap2	chr19	1	1	PASS	0	0
HG02132	HG02132_hap2	chr2	1	1	PASS	11	4
HG02132	HG02132_hap2	chr20	1	1	PASS	0	3
HG02132	HG02132_hap2	chr4	1	1	PASS	0	2
HG02132	HG02132_hap2	chr5	1	1	PASS	0	1
HG02132	HG02132_hap2	chr6	1	1	PASS	0	0
HG02132	HG02132_hap2	chr7	1	1	PASS	23	17
HG02132	HG02132_hap2	chr8	1	1	PASS	0	0
HG02132	HG02132_hap2	chr9	1	1	PASS	1	96
HG02135	HG02135_hap1	chr10	1	1	PASS	4	6
HG02135	HG02135_hap1	chr11	1	1	PASS	0	0
HG02135	HG02135_hap1	chr12	1	1	PASS	0	0
HG02135	HG02135_hap1	chr16	1	1	PASS	17	3
HG02135	HG02135_hap1	chr19	1	1	PASS	0	0
HG02135	HG02135_hap1	chr20	1	1	PASS	0	3
HG02135	HG02135_hap1	chr5	1	1	PASS	0	1
HG02135	HG02135_hap1	chr6	1	1	PASS	0	0
HG02135	HG02135_hap1	chr7	1	1	PASS	23	20
HG02135	HG02135_hap1	chr8	1	1	PASS	0	0
HG02135	HG02135_hap1	chr9	1	1	PASS	1	94
HG02135	HG02135_hap1	chrX	1	1	PASS	0	0
HG02135	HG02135_hap2	chr10	1	1	PASS	4	6
HG02135	HG02135_hap2	chr11	1	1	PASS	0	0
HG02135	HG02135_hap2	chr12	1	1	PASS	0	0
HG02135	HG02135_hap2	chr16	1	1	PASS	17	3
HG02135	HG02135_hap2	chr19	1	1	PASS	0	0
HG02135	HG02135_hap2	chr20	1	1	PASS	0	3
HG02135	HG02135_hap2	chr5	1	1	PASS	0	1
HG02135	HG02135_hap2	chr6	1	1	PASS	0	0
HG02135	HG02135_hap2	chr7	1	1	PASS	20	14
HG02135	HG02135_hap2	chr8	1	1	PASS	0	0
HG02135	HG02135_hap2	chr9	1	1	PASS	1	139
HG02145	HG02145_hap1	chr10	1	1	PASS	4	6
HG02145	HG02145_hap1	chr11	1	1	PASS	0	0
HG02145	HG02145_hap1	chr12	1	1	PASS	0	0
HG02145	HG02145_hap1	chr16	1	1	PASS	20	6
HG02145	HG02145_hap1	chr17	1	1	PASS	2	5
HG02145	HG02145_hap1	chr18	1	1	PASS	0	0
HG02145	HG02145_hap1	chr19	1	1	PASS	0	0
HG02145	HG02145_hap1	chr2	1	1	PASS	11	4
HG02145	HG02145_hap1	chr20	1	1	PASS	0	3
HG02145	HG02145_hap1	chr3	1	1	PASS	0	1
HG02145	HG02145_hap1	chr5	1	1	PASS	0	1
HG02145	HG02145_hap1	chr6	1	1	PASS	0	0
HG02145	HG02145_hap1	chr7	1	1	PASS	26	39
HG02145	HG02145_hap1	chr8	1	1	PASS	0	0
HG02145	HG02145_hap1	chr9	1	1	PASS	1	138
HG02145	HG02145_hap1	chrX	1	1	PASS	0	0
HG02145	HG02145_hap2	chr10	1	1	PASS	4	6
HG02145	HG02145_hap2	chr11	1	1	PASS	0	0
HG02145	HG02145_hap2	chr12	1	1	PASS	0	0
HG02145	HG02145_hap2	chr16	1	1	PASS	17	3
HG02145	HG02145_hap2	chr17	1	1	PASS	2	5
HG02145	HG02145_hap2	chr18	1	1	PASS	0	0
HG02145	HG02145_hap2	chr19	1	1	PASS	0	0
HG02145	HG02145_hap2	chr2	1	1	PASS	11	4
HG02145	HG02145_hap2	chr20	1	1	PASS	0	3
HG02145	HG02145_hap2	chr3	1	1	PASS	0	1
HG02145	HG02145_hap2	chr5	1	1	PASS	0	1
HG02145	HG02145_hap2	chr6	1	1	PASS	0	0
HG02145	HG02145_hap2	chr7	1	1	PASS	21	17
HG02145	HG02145_hap2	chr8	1	1	PASS	0	0
HG02145	HG02145_hap2	chr9	1	1	PASS	1	139
HG02148	HG02148_hap1	chr10	1	1	PASS	4	6
HG02148	HG02148_hap1	chr11	1	1	PASS	0	0
HG02148	HG02148_hap1	chr12	1	1	PASS	0	0
HG02148	HG02148_hap1	chr16	1	1	PASS	17	3
HG02148	HG02148_hap1	chr18	1	1	PASS	0	0
HG02148	HG02148_hap1	chr19	1	1	PASS	0	0
HG02148	HG02148_hap1	chr2	1	1	PASS	11	4
HG02148	HG02148_hap1	chr20	1	1	PASS	0	3
HG02148	HG02148_hap1	chr3	1	1	PASS	0	1
HG02148	HG02148_hap1	chr5	1	1	PASS	0	1
HG02148	HG02148_hap1	chr6	1	1	PASS	0	0
HG02148	HG02148_hap1	chr7	1	1	PASS	20	13
HG02148	HG02148_hap1	chr8	1	1	PASS	0	0
HG02148	HG02148_hap1	chr9	1	1	PASS	1	102
HG02148	HG02148_hap1	chrX	1	1	PASS	0	0
HG02148	HG02148_hap2	chr10	1	1	PASS	4	6
HG02148	HG02148_hap2	chr11	1	1	PASS	0	0
HG02148	HG02148_hap2	chr12	1	1	PASS	0	0
HG02148	HG02148_hap2	chr16	1	1	PASS	20	5
HG02148	HG02148_hap2	chr17	1	1	PASS	2	5
HG02148	HG02148_hap2	chr18	1	1	PASS	0	0
HG02148	HG02148_hap2	chr19	1	1	PASS	0	0
HG02148	HG02148_hap2	chr2	1	1	PASS	11	4
HG02148	HG02148_hap2	chr20	1	1	PASS	0	3
HG02148	HG02148_hap2	chr3	1	1	PASS	0	1
HG02148	HG02148_hap2	chr5	1	1	PASS	0	1
HG02148	HG02148_hap2	chr6	1	1	PASS	0	0
HG02148	HG02148_hap2	chr7	1	1	PASS	21	15
HG02148	HG02148_hap2	chr8	1	1	PASS	0	0
HG02148	HG02148_hap2	chr9	1	1	PASS	1	173
HG02148	HG02148_hap2	chrX	1	1	PASS	0	0
HG02155	HG02155_hap1	chr10	1	1	PASS	4	6
HG02155	HG02155_hap1	chr11	1	1	PASS	0	0
HG02155	HG02155_hap1	chr12	1	1	PASS	0	0
HG02155	HG02155_hap1	chr16	1	1	PASS	17	3
HG02155	HG02155_hap1	chr19	1	1	PASS	0	0
HG02155	HG02155_hap1	chr2	1	1	PASS	11	4
HG02155	HG02155_hap1	chr20	1	1	PASS	0	3
HG02155	HG02155_hap1	chr3	1	1	PASS	0	1
HG02155	HG02155_hap1	chr4	1	1	PASS	0	2
HG02155	HG02155_hap1	chr5	1	1	PASS	0	1
HG02155	HG02155_hap1	chr6	1	1	PASS	0	0
HG02155	HG02155_hap1	chr7	1	1	PASS	21	12
HG02155	HG02155_hap1	chr8	1	1	PASS	0	0
HG02155	HG02155_hap1	chr9	1	1	PASS	1	114
HG02155	HG02155_hap2	chr10	1	1	PASS	4	6
HG02155	HG02155_hap2	chr11	1	1	PASS	0	0
HG02155	HG02155_hap2	chr12	1	1	PASS	0	0
HG02155	HG02155_hap2	chr16	1	1	PASS	20	5
HG02155	HG02155_hap2	chr19	1	1	PASS	0	0
HG02155	HG02155_hap2	chr2	1	1	PASS	11	4
HG02155	HG02155_hap2	chr20	1	1	PASS	0	3
HG02155	HG02155_hap2	chr3	1	1	PASS	0	1
HG02155	HG02155_hap2	chr4	1	1	PASS	0	2
HG02155	HG02155_hap2	chr5	1	1	PASS	0	1
HG02155	HG02155_hap2	chr6	1	1	PASS	0	0
HG02155	HG02155_hap2	chr7	1	1	PASS	21	13
HG02155	HG02155_hap2	chr8	1	1	PASS	0	0
HG02155	HG02155_hap2	chr9	1	1	PASS	1	101
HG02165	HG02165_hap1	chr10	1	1	PASS	4	6
HG02165	HG02165_hap1	chr11	1	1	PASS	0	0
HG02165	HG02165_hap1	chr12	1	1	PASS	0	0
HG02165	HG02165_hap1	chr16	1	1	PASS	18	3
HG02165	HG02165_hap1	chr17	1	1	PASS	2	5
HG02165	HG02165_hap1	chr19	1	1	PASS	0	0
HG02165	HG02165_hap1	chr20	1	1	PASS	0	3
HG02165	HG02165_hap1	chr3	1	1	PASS	0	1
HG02165	HG02165_hap1	chr4	1	1	PASS	0	2
HG02165	HG02165_hap1	chr5	1	1	PASS	0	1
HG02165	HG02165_hap1	chr6	1	1	PASS	0	0
HG02165	HG02165_hap1	chr7	1	1	PASS	22	18
HG02165	HG02165_hap1	chr8	1	1	PASS	0	0
HG02165	HG02165_hap1	chr9	1	1	PASS	1	127
HG02165	HG02165_hap1	chrX	1	1	PASS	0	0
HG02165	HG02165_hap2	chr10	1	1	PASS	4	6
HG02165	HG02165_hap2	chr11	1	1	PASS	0	0
HG02165	HG02165_hap2	chr12	1	1	PASS	0	0
HG02165	HG02165_hap2	chr16	1	1	PASS	17	3
HG02165	HG02165_hap2	chr17	1	1	PASS	2	5
HG02165	HG02165_hap2	chr19	1	1	PASS	0	0
HG02165	HG02165_hap2	chr20	1	1	PASS	0	3
HG02165	HG02165_hap2	chr3	1	1	PASS	0	1
HG02165	HG02165_hap2	chr4	1	1	PASS	0	2
HG02165	HG02165_hap2	chr5	1	1	PASS	0	1
HG02165	HG02165_hap2	chr6	1	1	PASS	0	0
HG02165	HG02165_hap2	chr7	1	1	PASS	21	18
HG02165	HG02165_hap2	chr8	1	1	PASS	0	0
HG02165	HG02165_hap2	chr9	1	1	PASS	1	115
HG02165	HG02165_hap2	chrX	1	1	PASS	0	0
HG02178	HG02178_hap1	chr10	1	1	PASS	4	6
HG02178	HG02178_hap1	chr11	1	1	PASS	0	0
HG02178	HG02178_hap1	chr12	1	1	PASS	0	0
HG02178	HG02178_hap1	chr16	1	1	PASS	17	3
HG02178	HG02178_hap1	chr17	1	1	PASS	2	5
HG02178	HG02178_hap1	chr19	1	1	PASS	0	0
HG02178	HG02178_hap1	chr2	1	1	PASS	11	4
HG02178	HG02178_hap1	chr20	1	1	PASS	0	3
HG02178	HG02178_hap1	chr4	1	1	PASS	0	2
HG02178	HG02178_hap1	chr5	1	1	PASS	0	1
HG02178	HG02178_hap1	chr6	1	1	PASS	0	0
HG02178	HG02178_hap1	chr8	1	1	PASS	0	0
HG02178	HG02178_hap1	chrX	1	1	PASS	0	0
HG02178	HG02178_hap2	chr1	1	1	PASS	7	4
HG02178	HG02178_hap2	chr10	1	1	PASS	4	6
HG02178	HG02178_hap2	chr11	1	1	PASS	0	0
HG02178	HG02178_hap2	chr12	1	1	PASS	0	0
HG02178	HG02178_hap2	chr16	1	1	PASS	19	5
HG02178	HG02178_hap2	chr17	1	1	PASS	2	5
HG02178	HG02178_hap2	chr19	1	1	PASS	0	0
HG02178	HG02178_hap2	chr2	1	1	PASS	11	4
HG02178	HG02178_hap2	chr20	1	1	PASS	0	3
HG02178	HG02178_hap2	chr4	1	1	PASS	0	2
HG02178	HG02178_hap2	chr5	1	1	PASS	0	1
HG02178	HG02178_hap2	chr6	1	1	PASS	0	0
HG02178	HG02178_hap2	chr8	1	1	PASS	0	0
HG02178	HG02178_hap2	chrX	1	1	PASS	0	0
HG02257	HG02257_hap1	chr10	1	1	PASS	4	6
HG02257	HG02257_hap1	chr11	1	1	PASS	0	0
HG02257	HG02257_hap1	chr12	1	1	PASS	0	0
HG02257	HG02257_hap1	chr17	1	1	PASS	2	5
HG02257	HG02257_hap1	chr2	1	1	PASS	5	0
HG02257	HG02257_hap1	chr20	1	1	PASS	0	3
HG02257	HG02257_hap1	chr4	1	1	PASS	0	2
HG02257	HG02257_hap1	chr5	1	1	PASS	0	1
HG02257	HG02257_hap1	chr6	1	1	PASS	0	0
HG02257	HG02257_hap1	chr7	1	1	PASS	21	12
HG02257	HG02257_hap1	chr8	1	1	PASS	0	0
HG02257	HG02257_hap1	chr9	1	1	PASS	1	198
HG02257	HG02257_hap1	chrX	1	1	PASS	0	0
HG02257	HG02257_hap2	chr10	1	1	PASS	4	6
HG02257	HG02257_hap2	chr11	1	1	PASS	0	0
HG02257	HG02257_hap2	chr12	1	1	PASS	0	0
HG02257	HG02257_hap2	chr17	1	1	PASS	2	5
HG02257	HG02257_hap2	chr19	1	1	PASS	0	0
HG02257	HG02257_hap2	chr2	1	1	PASS	11	4
HG02257	HG02257_hap2	chr20	1	1	PASS	0	3
HG02257	HG02257_hap2	chr4	1	1	PASS	0	2
HG02257	HG02257_hap2	chr5	1	1	PASS	0	1
HG02257	HG02257_hap2	chr6	1	1	PASS	0	0
HG02257	HG02257_hap2	chr7	1	1	PASS	21	20
HG02257	HG02257_hap2	chr8	1	1	PASS	0	0
HG02257	HG02257_hap2	chr9	1	1	PASS	1	222
HG02257	HG02257_hap2	chrX	1	1	PASS	0	0
HG02258	HG02258_hap1	chr1	1	1	PASS	8	4
HG02258	HG02258_hap1	chr10	1	1	PASS	4	6
HG02258	HG02258_hap1	chr11	1	1	PASS	0	0
HG02258	HG02258_hap1	chr12	1	1	PASS	0	0
HG02258	HG02258_hap1	chr16	1	1	PASS	19	5
HG02258	HG02258_hap1	chr19	1	1	PASS	0	0
HG02258	HG02258_hap1	chr2	1	1	PASS	11	4
HG02258	HG02258_hap1	chr20	1	1	PASS	0	3
HG02258	HG02258_hap1	chr4	1	1	PASS	0	2
HG02258	HG02258_hap1	chr5	1	1	PASS	0	1
HG02258	HG02258_hap1	chr6	1	1	PASS	0	0
HG02258	HG02258_hap1	chr7	1	1	PASS	23	16
HG02258	HG02258_hap1	chr8	1	1	PASS	0	0
HG02258	HG02258_hap1	chr9	1	1	PASS	1	180
HG02258	HG02258_hap1	chrX	1	1	PASS	0	0
HG02258	HG02258_hap2	chr1	1	1	PASS	6	5
HG02258	HG02258_hap2	chr10	1	1	PASS	4	6
HG02258	HG02258_hap2	chr11	1	1	PASS	0	0
HG02258	HG02258_hap2	chr12	1	1	PASS	0	0
HG02258	HG02258_hap2	chr16	1	1	PASS	18	4
HG02258	HG02258_hap2	chr19	1	1	PASS	0	0
HG02258	HG02258_hap2	chr2	1	1	PASS	11	4
HG02258	HG02258_hap2	chr20	1	1	PASS	0	3
HG02258	HG02258_hap2	chr4	1	1	PASS	0	2
HG02258	HG02258_hap2	chr5	1	1	PASS	0	1
HG02258	HG02258_hap2	chr6	1	1	PASS	0	0
HG02258	HG02258_hap2	chr7	1	1	PASS	23	17
HG02258	HG02258_hap2	chr8	1	1	PASS	0	0
HG02258	HG02258_hap2	chr9	1	1	PASS	1	135
HG02273	HG02273_hap1	chr1	1	1	PASS	7	4
HG02273	HG02273_hap1	chr10	1	1	PASS	4	6
HG02273	HG02273_hap1	chr11	1	1	PASS	0	0
HG02273	HG02273_hap1	chr12	1	1	PASS	0	0
HG02273	HG02273_hap1	chr16	1	1	PASS	19	5
HG02273	HG02273_hap1	chr17	1	1	PASS	2	5
HG02273	HG02273_hap1	chr18	1	1	PASS	0	0
HG02273	HG02273_hap1	chr19	1	1	PASS	0	0
HG02273	HG02273_hap1	chr20	1	1	PASS	0	3
HG02273	HG02273_hap1	chr3	1	1	PASS	0	1
HG02273	HG02273_hap1	chr5	1	1	PASS	0	1
HG02273	HG02273_hap1	chr8	1	1	PASS	0	0
HG02273	HG02273_hap1	chr9	1	1	PASS	1	159
HG02273	HG02273_hap1	chrX	1	1	PASS	0	0
HG02273	HG02273_hap2	chr1	1	1	PASS	7	5
HG02273	HG02273_hap2	chr10	1	1	PASS	4	6
HG02273	HG02273_hap2	chr11	1	1	PASS	0	0
HG02273	HG02273_hap2	chr12	1	1	PASS	0	0
HG02273	HG02273_hap2	chr16	1	1	PASS	18	4
HG02273	HG02273_hap2	chr17	1	1	PASS	2	5
HG02273	HG02273_hap2	chr18	1	1	PASS	0	0
HG02273	HG02273_hap2	chr19	1	1	PASS	0	0
HG02273	HG02273_hap2	chr20	1	1	PASS	0	3
HG02273	HG02273_hap2	chr3	1	1	PASS	0	1
HG02273	HG02273_hap2	chr5	1	1	PASS	0	1
HG02273	HG02273_hap2	chr6	1	1	PASS	0	0
HG02273	HG02273_hap2	chr8	1	1	PASS	0	0
HG02273	HG02273_hap2	chrX	1	1	PASS	0	0
HG02280	HG02280_hap1	chr10	1	1	EXCLUDE_annotation_incomplete_or_missing_input	0	0
HG02280	HG02280_hap1	chr11	1	1	EXCLUDE_annotation_incomplete_or_missing_input	0	0
HG02280	HG02280_hap1	chr12	1	1	EXCLUDE_annotation_incomplete_or_missing_input	0	0
HG02280	HG02280_hap1	chr16	1	1	EXCLUDE_annotation_incomplete_or_missing_input	0	0
HG02280	HG02280_hap1	chr19	1	1	EXCLUDE_annotation_incomplete_or_missing_input	0	0
HG02280	HG02280_hap1	chr2	1	1	EXCLUDE_annotation_incomplete_or_missing_input	0	0
HG02280	HG02280_hap1	chr20	1	1	EXCLUDE_annotation_incomplete_or_missing_input	0	0
HG02280	HG02280_hap1	chr4	1	1	EXCLUDE_annotation_incomplete_or_missing_input	0	0
HG02280	HG02280_hap1	chr5	1	1	EXCLUDE_annotation_incomplete_or_missing_input	0	0
HG02280	HG02280_hap1	chr7	1	1	EXCLUDE_annotation_incomplete_or_missing_input	0	0
HG02280	HG02280_hap1	chr8	1	1	EXCLUDE_annotation_incomplete_or_missing_input	0	0
HG02280	HG02280_hap1	chr9	1	1	EXCLUDE_annotation_incomplete_or_missing_input	0	0
HG02280	HG02280_hap1	chrX	1	1	EXCLUDE_annotation_incomplete_or_missing_input	0	0
HG02280	HG02280_hap2	chr10	1	1	PASS	4	6
HG02280	HG02280_hap2	chr11	1	1	PASS	0	0
HG02280	HG02280_hap2	chr12	1	1	PASS	0	0
HG02280	HG02280_hap2	chr16	1	1	PASS	19	5
HG02280	HG02280_hap2	chr19	1	1	PASS	0	0
HG02280	HG02280_hap2	chr2	1	1	PASS	11	4
HG02280	HG02280_hap2	chr20	1	1	PASS	0	3
HG02280	HG02280_hap2	chr4	1	1	PASS	0	2
HG02280	HG02280_hap2	chr5	1	1	PASS	0	1
HG02280	HG02280_hap2	chr7	1	1	PASS	24	17
HG02280	HG02280_hap2	chr8	1	1	PASS	0	0
HG02280	HG02280_hap2	chr9	1	1	PASS	1	138
HG02280	HG02280_hap2	chrX	1	1	PASS	0	0
HG02282	HG02282_hap1	chr10	1	1	PASS	4	6
HG02282	HG02282_hap1	chr11	1	1	PASS	0	0
HG02282	HG02282_hap1	chr12	1	1	PASS	0	0
HG02282	HG02282_hap1	chr16	1	1	PASS	18	4
HG02282	HG02282_hap1	chr18	1	1	PASS	0	0
HG02282	HG02282_hap1	chr19	1	1	PASS	0	0
HG02282	HG02282_hap1	chr2	1	1	PASS	11	4
HG02282	HG02282_hap1	chr20	1	1	PASS	0	3
HG02282	HG02282_hap1	chr4	1	1	PASS	0	2
HG02282	HG02282_hap1	chr5	1	1	PASS	0	1
HG02282	HG02282_hap1	chr6	1	1	PASS	0	0
HG02282	HG02282_hap1	chr8	1	1	PASS	0	0
HG02282	HG02282_hap1	chr9	1	1	PASS	1	162
HG02282	HG02282_hap1	chrX	1	1	PASS	0	0
HG02282	HG02282_hap2	chr1	1	1	PASS	12	4
HG02282	HG02282_hap2	chr10	1	1	PASS	4	6
HG02282	HG02282_hap2	chr11	1	1	PASS	0	0
HG02282	HG02282_hap2	chr12	1	1	PASS	0	0
HG02282	HG02282_hap2	chr16	1	1	PASS	20	6
HG02282	HG02282_hap2	chr17	1	1	PASS	2	5
HG02282	HG02282_hap2	chr19	1	1	PASS	0	0
HG02282	HG02282_hap2	chr2	1	1	PASS	11	4
HG02282	HG02282_hap2	chr20	1	1	PASS	0	3
HG02282	HG02282_hap2	chr4	1	1	PASS	0	2
HG02282	HG02282_hap2	chr5	1	1	PASS	0	1
HG02282	HG02282_hap2	chr6	1	1	PASS	0	0
HG02282	HG02282_hap2	chr7	1	1	PASS	22	15
HG02282	HG02282_hap2	chr8	1	1	PASS	0	0
HG02282	HG02282_hap2	chr9	1	1	PASS	1	201
HG02282	HG02282_hap2	chrX	1	1	PASS	0	0
HG02293	HG02293_hap1	chr10	1	1	PASS	4	6
HG02293	HG02293_hap1	chr11	1	1	PASS	0	0
HG02293	HG02293_hap1	chr12	1	1	PASS	0	0
HG02293	HG02293_hap1	chr2	1	1	PASS	11	4
HG02293	HG02293_hap1	chr20	1	1	PASS	0	3
HG02293	HG02293_hap1	chr3	1	1	PASS	0	1
HG02293	HG02293_hap1	chr5	1	1	PASS	0	1
HG02293	HG02293_hap1	chr6	1	1	PASS	0	0
HG02293	HG02293_hap1	chr7	1	1	PASS	20	18
HG02293	HG02293_hap1	chr9	1	1	PASS	1	213
HG02293	HG02293_hap1	chrX	1	1	PASS	0	0
HG02293	HG02293_hap2	chr10	1	1	PASS	4	6
HG02293	HG02293_hap2	chr11	1	1	PASS	0	0
HG02293	HG02293_hap2	chr12	1	1	PASS	0	0
HG02293	HG02293_hap2	chr2	1	1	PASS	11	4
HG02293	HG02293_hap2	chr20	1	1	PASS	0	3
HG02293	HG02293_hap2	chr3	1	1	PASS	0	1
HG02293	HG02293_hap2	chr5	1	1	PASS	0	1
HG02293	HG02293_hap2	chr6	1	1	PASS	0	0
HG02293	HG02293_hap2	chr9	1	1	PASS	1	160
HG02293	HG02293_hap2	chrX	1	1	PASS	0	0
HG02300	HG02300_hap1	chr10	1	1	PASS	4	6
HG02300	HG02300_hap1	chr11	1	1	PASS	0	0
HG02300	HG02300_hap1	chr12	1	1	PASS	0	0
HG02300	HG02300_hap1	chr16	1	1	PASS	21	6
HG02300	HG02300_hap1	chr18	1	1	PASS	0	0
HG02300	HG02300_hap1	chr19	1	1	PASS	0	0
HG02300	HG02300_hap1	chr2	1	1	PASS	11	4
HG02300	HG02300_hap1	chr20	1	1	PASS	0	3
HG02300	HG02300_hap1	chr5	1	1	PASS	0	1
HG02300	HG02300_hap1	chr8	1	1	PASS	0	0
HG02300	HG02300_hap1	chr9	1	1	PASS	1	218
HG02300	HG02300_hap1	chrX	1	1	PASS	0	0
HG02300	HG02300_hap2	chr10	1	1	PASS	5	6
HG02300	HG02300_hap2	chr11	1	1	PASS	0	0
HG02300	HG02300_hap2	chr12	1	1	PASS	0	0
HG02300	HG02300_hap2	chr16	1	1	PASS	19	5
HG02300	HG02300_hap2	chr18	1	1	PASS	0	0
HG02300	HG02300_hap2	chr19	1	1	PASS	0	0
HG02300	HG02300_hap2	chr2	1	1	PASS	11	4
HG02300	HG02300_hap2	chr20	1	1	PASS	0	3
HG02300	HG02300_hap2	chr5	1	1	PASS	0	1
HG02300	HG02300_hap2	chr8	1	1	PASS	0	0
HG02300	HG02300_hap2	chr9	1	1	PASS	1	104
HG02300	HG02300_hap2	chrX	1	1	PASS	0	0
HG02391	HG02391_hap1	chr1	1	1	PASS	7	4
HG02391	HG02391_hap1	chr10	1	1	PASS	4	6
HG02391	HG02391_hap1	chr11	1	1	PASS	0	0
HG02391	HG02391_hap1	chr12	1	1	PASS	0	0
HG02391	HG02391_hap1	chr16	1	1	PASS	20	6
HG02391	HG02391_hap1	chr17	1	1	PASS	2	5
HG02391	HG02391_hap1	chr19	1	1	PASS	0	0
HG02391	HG02391_hap1	chr2	1	1	PASS	11	4
HG02391	HG02391_hap1	chr20	1	1	PASS	0	3
HG02391	HG02391_hap1	chr5	1	1	PASS	0	1
HG02391	HG02391_hap1	chr6	1	1	PASS	0	0
HG02391	HG02391_hap1	chr7	1	1	PASS	22	12
HG02391	HG02391_hap1	chr8	1	1	PASS	0	0
HG02391	HG02391_hap1	chr9	1	1	PASS	1	175
HG02391	HG02391_hap2	chr1	1	1	PASS	7	5
HG02391	HG02391_hap2	chr10	1	1	PASS	4	6
HG02391	HG02391_hap2	chr11	1	1	PASS	0	0
HG02391	HG02391_hap2	chr12	1	1	PASS	0	0
HG02391	HG02391_hap2	chr16	1	1	PASS	20	6
HG02391	HG02391_hap2	chr17	1	1	PASS	2	5
HG02391	HG02391_hap2	chr19	1	1	PASS	0	0
HG02391	HG02391_hap2	chr2	1	1	PASS	11	4
HG02391	HG02391_hap2	chr20	1	1	PASS	0	3
HG02391	HG02391_hap2	chr4	1	1	PASS	0	2
HG02391	HG02391_hap2	chr5	1	1	PASS	0	1
HG02391	HG02391_hap2	chr6	1	1	PASS	0	0
HG02391	HG02391_hap2	chr7	1	1	PASS	21	23
HG02391	HG02391_hap2	chr8	1	1	PASS	0	0
HG02391	HG02391_hap2	chr9	1	1	PASS	1	132
HG02391	HG02391_hap2	chrX	1	1	PASS	0	0
HG02392	HG02392_hap1	chr1	1	1	PASS	7	4
HG02392	HG02392_hap1	chr10	1	1	PASS	4	6
HG02392	HG02392_hap1	chr11	1	1	PASS	0	0
HG02392	HG02392_hap1	chr12	1	1	PASS	0	0
HG02392	HG02392_hap1	chr16	1	1	PASS	20	6
HG02392	HG02392_hap1	chr19	1	1	PASS	0	0
HG02392	HG02392_hap1	chr2	1	1	PASS	11	4
HG02392	HG02392_hap1	chr20	1	1	PASS	0	3
HG02392	HG02392_hap1	chr4	1	1	PASS	0	2
HG02392	HG02392_hap1	chr5	1	1	PASS	0	1
HG02392	HG02392_hap1	chr6	1	1	PASS	0	0
HG02392	HG02392_hap1	chr8	1	1	PASS	0	0
HG02392	HG02392_hap2	chr1	1	1	PASS	6	4
HG02392	HG02392_hap2	chr10	1	1	PASS	4	6
HG02392	HG02392_hap2	chr11	1	1	PASS	0	0
HG02392	HG02392_hap2	chr12	1	1	PASS	0	0
HG02392	HG02392_hap2	chr16	1	1	PASS	17	3
HG02392	HG02392_hap2	chr19	1	1	PASS	0	0
HG02392	HG02392_hap2	chr2	1	1	PASS	11	4
HG02392	HG02392_hap2	chr20	1	1	PASS	0	3
HG02392	HG02392_hap2	chr4	1	1	PASS	0	2
HG02392	HG02392_hap2	chr5	1	1	PASS	0	1
HG02392	HG02392_hap2	chr6	1	1	PASS	0	0
HG02392	HG02392_hap2	chr8	1	1	PASS	0	0
HG02392	HG02392_hap2	chrX	1	1	PASS	0	0
HG02451	HG02451_hap1	chr10	1	1	PASS	4	6
HG02451	HG02451_hap1	chr11	1	1	PASS	0	0
HG02451	HG02451_hap1	chr12	1	1	PASS	0	0
HG02451	HG02451_hap1	chr16	1	1	PASS	20	6
HG02451	HG02451_hap1	chr17	1	1	PASS	2	5
HG02451	HG02451_hap1	chr18	1	1	PASS	0	0
HG02451	HG02451_hap1	chr19	1	1	PASS	0	0
HG02451	HG02451_hap1	chr2	1	1	PASS	11	4
HG02451	HG02451_hap1	chr3	1	1	PASS	0	1
HG02451	HG02451_hap1	chr4	1	1	PASS	0	2
HG02451	HG02451_hap1	chr5	1	1	PASS	0	1
HG02451	HG02451_hap1	chr6	1	1	PASS	0	0
HG02451	HG02451_hap1	chr7	1	1	PASS	24	17
HG02451	HG02451_hap1	chr8	1	1	PASS	0	0
HG02451	HG02451_hap1	chr9	1	1	PASS	1	148
HG02451	HG02451_hap1	chrX	1	1	PASS	0	0
HG02451	HG02451_hap2	chr10	1	1	PASS	4	6
HG02451	HG02451_hap2	chr11	1	1	PASS	0	0
HG02451	HG02451_hap2	chr12	1	1	PASS	0	0
HG02451	HG02451_hap2	chr16	1	1	PASS	21	6
HG02451	HG02451_hap2	chr18	1	1	PASS	0	0
HG02451	HG02451_hap2	chr19	1	1	PASS	0	0
HG02451	HG02451_hap2	chr2	1	1	PASS	11	4
HG02451	HG02451_hap2	chr20	1	1	PASS	0	3
HG02451	HG02451_hap2	chr4	1	1	PASS	0	2
HG02451	HG02451_hap2	chr5	1	1	PASS	0	1
HG02451	HG02451_hap2	chr6	1	1	PASS	0	0
HG02451	HG02451_hap2	chr7	1	1	PASS	24	18
HG02451	HG02451_hap2	chr8	1	1	PASS	0	0
HG02451	HG02451_hap2	chr9	1	1	PASS	1	170
HG02451	HG02451_hap2	chrX	1	1	PASS	0	0
HG02486	HG02486_hap1	chr1	1	1	PASS	8	5
HG02486	HG02486_hap1	chr10	1	1	PASS	4	8
HG02486	HG02486_hap1	chr11	1	1	PASS	0	0
HG02486	HG02486_hap1	chr12	1	1	PASS	0	0
HG02486	HG02486_hap1	chr16	1	1	PASS	17	3
HG02486	HG02486_hap1	chr18	1	1	PASS	0	0
HG02486	HG02486_hap1	chr19	1	1	PASS	0	0
HG02486	HG02486_hap1	chr2	1	1	PASS	11	4
HG02486	HG02486_hap1	chr20	1	1	PASS	0	3
HG02486	HG02486_hap1	chr4	1	1	PASS	0	2
HG02486	HG02486_hap1	chr5	1	1	PASS	0	1
HG02486	HG02486_hap1	chr6	1	1	PASS	0	0
HG02486	HG02486_hap1	chr7	1	1	PASS	23	14
HG02486	HG02486_hap1	chr8	1	1	PASS	0	0
HG02486	HG02486_hap1	chr9	1	1	PASS	1	153
HG02486	HG02486_hap1	chrX	1	1	PASS	0	0
HG02486	HG02486_hap2	chr1	1	1	PASS	7	5
HG02486	HG02486_hap2	chr10	1	1	PASS	4	6
HG02486	HG02486_hap2	chr11	1	1	PASS	0	0
HG02486	HG02486_hap2	chr12	1	1	PASS	0	0
HG02486	HG02486_hap2	chr16	1	1	PASS	19	5
HG02486	HG02486_hap2	chr18	1	1	PASS	0	0
HG02486	HG02486_hap2	chr19	1	1	PASS	0	0
HG02486	HG02486_hap2	chr2	1	1	PASS	11	4
HG02486	HG02486_hap2	chr20	1	1	PASS	0	3
HG02486	HG02486_hap2	chr4	1	1	PASS	0	2
HG02486	HG02486_hap2	chr5	1	1	PASS	0	1
HG02486	HG02486_hap2	chr6	1	1	PASS	0	0
HG02486	HG02486_hap2	chr7	1	1	PASS	21	17
HG02486	HG02486_hap2	chr8	1	1	PASS	0	0
HG02486	HG02486_hap2	chr9	1	1	PASS	1	145
HG02492	HG02492_hap1	chr1	1	1	PASS	7	5
HG02492	HG02492_hap1	chr10	1	1	PASS	4	6
HG02492	HG02492_hap1	chr11	1	1	PASS	0	0
HG02492	HG02492_hap1	chr12	1	1	PASS	0	0
HG02492	HG02492_hap1	chr16	1	1	PASS	19	5
HG02492	HG02492_hap1	chr18	1	1	PASS	0	0
HG02492	HG02492_hap1	chr19	1	1	PASS	0	0
HG02492	HG02492_hap1	chr20	1	1	PASS	0	3
HG02492	HG02492_hap1	chr3	1	1	PASS	0	1
HG02492	HG02492_hap1	chr4	1	1	PASS	0	2
HG02492	HG02492_hap1	chr5	1	1	PASS	0	1
HG02492	HG02492_hap1	chr6	1	1	PASS	0	0
HG02492	HG02492_hap1	chr7	1	1	PASS	19	12
HG02492	HG02492_hap1	chr8	1	1	PASS	0	0
HG02492	HG02492_hap2	chr10	1	1	PASS	4	5
HG02492	HG02492_hap2	chr11	1	1	PASS	0	0
HG02492	HG02492_hap2	chr12	1	1	PASS	0	0
HG02492	HG02492_hap2	chr16	1	1	PASS	18	3
HG02492	HG02492_hap2	chr17	1	1	PASS	2	5
HG02492	HG02492_hap2	chr18	1	1	PASS	0	0
HG02492	HG02492_hap2	chr19	1	1	PASS	0	0
HG02492	HG02492_hap2	chr3	1	1	PASS	0	1
HG02492	HG02492_hap2	chr4	1	1	PASS	0	2
HG02492	HG02492_hap2	chr5	1	1	PASS	0	1
HG02492	HG02492_hap2	chr6	1	1	PASS	0	0
HG02492	HG02492_hap2	chr7	1	1	PASS	22	16
HG02492	HG02492_hap2	chr8	1	1	PASS	0	0
HG02492	HG02492_hap2	chr9	1	1	PASS	1	92
HG02492	HG02492_hap2	chrX	1	1	PASS	0	0
HG02514	HG02514_hap1	chr1	1	1	PASS	7	4
HG02514	HG02514_hap1	chr10	1	1	PASS	4	6
HG02514	HG02514_hap1	chr11	1	1	PASS	0	0
HG02514	HG02514_hap1	chr12	1	1	PASS	0	0
HG02514	HG02514_hap1	chr16	1	1	PASS	18	4
HG02514	HG02514_hap1	chr18	1	1	PASS	0	0
HG02514	HG02514_hap1	chr19	1	1	PASS	0	0
HG02514	HG02514_hap1	chr2	1	1	PASS	11	4
HG02514	HG02514_hap1	chr20	1	1	PASS	0	3
HG02514	HG02514_hap1	chr3	1	1	PASS	0	1
HG02514	HG02514_hap1	chr4	1	1	PASS	0	2
HG02514	HG02514_hap1	chr5	1	1	PASS	0	1
HG02514	HG02514_hap1	chr6	1	1	PASS	0	0
HG02514	HG02514_hap1	chr7	1	1	PASS	19	13
HG02514	HG02514_hap1	chr8	1	1	PASS	0	0
HG02514	HG02514_hap1	chrX	1	1	PASS	0	0
HG02514	HG02514_hap2	chr1	1	1	PASS	7	5
HG02514	HG02514_hap2	chr10	1	1	PASS	4	6
HG02514	HG02514_hap2	chr11	1	1	PASS	0	0
HG02514	HG02514_hap2	chr12	1	1	PASS	0	0
HG02514	HG02514_hap2	chr16	1	1	PASS	17	3
HG02514	HG02514_hap2	chr18	1	1	PASS	0	0
HG02514	HG02514_hap2	chr19	1	1	PASS	0	0
HG02514	HG02514_hap2	chr2	1	1	PASS	11	4
HG02514	HG02514_hap2	chr20	1	1	PASS	0	3
HG02514	HG02514_hap2	chr3	1	1	PASS	0	1
HG02514	HG02514_hap2	chr4	1	1	PASS	0	2
HG02514	HG02514_hap2	chr5	1	1	PASS	0	1
HG02514	HG02514_hap2	chr6	1	1	PASS	0	0
HG02514	HG02514_hap2	chr7	1	1	PASS	20	11
HG02514	HG02514_hap2	chr8	1	1	PASS	0	0
HG02523	HG02523_hap1	chr1	1	1	PASS	6	4
HG02523	HG02523_hap1	chr10	1	1	PASS	4	6
HG02523	HG02523_hap1	chr11	1	1	PASS	0	0
HG02523	HG02523_hap1	chr12	1	1	PASS	0	0
HG02523	HG02523_hap1	chr16	1	1	PASS	19	5
HG02523	HG02523_hap1	chr18	1	1	PASS	0	0
HG02523	HG02523_hap1	chr19	1	1	PASS	0	0
HG02523	HG02523_hap1	chr2	1	1	PASS	11	4
HG02523	HG02523_hap1	chr20	1	1	PASS	0	3
HG02523	HG02523_hap1	chr4	1	1	PASS	0	2
HG02523	HG02523_hap1	chr5	1	1	PASS	0	1
HG02523	HG02523_hap1	chr6	1	1	PASS	0	0
HG02523	HG02523_hap1	chr7	1	1	PASS	21	14
HG02523	HG02523_hap1	chr8	1	1	PASS	0	0
HG02523	HG02523_hap1	chr9	1	1	PASS	1	101
HG02523	HG02523_hap1	chrX	1	1	PASS	0	0
HG02523	HG02523_hap2	chr1	1	1	PASS	7	5
HG02523	HG02523_hap2	chr10	1	1	PASS	4	6
HG02523	HG02523_hap2	chr11	1	1	PASS	0	0
HG02523	HG02523_hap2	chr12	1	1	PASS	0	0
HG02523	HG02523_hap2	chr16	1	1	PASS	19	5
HG02523	HG02523_hap2	chr18	1	1	PASS	0	0
HG02523	HG02523_hap2	chr19	1	1	PASS	0	0
HG02523	HG02523_hap2	chr2	1	1	PASS	11	4
HG02523	HG02523_hap2	chr20	1	1	PASS	0	3
HG02523	HG02523_hap2	chr4	1	1	PASS	0	2
HG02523	HG02523_hap2	chr5	1	1	PASS	0	1
HG02523	HG02523_hap2	chr6	1	1	PASS	0	0
HG02523	HG02523_hap2	chr7	1	1	PASS	20	15
HG02523	HG02523_hap2	chr8	1	1	PASS	0	0
HG02523	HG02523_hap2	chr9	1	1	PASS	1	158
HG02523	HG02523_hap2	chrX	1	1	PASS	0	0
HG02554	HG02554_hap1	chr10	1	1	PASS	4	6
HG02554	HG02554_hap1	chr11	1	1	PASS	0	0
HG02554	HG02554_hap1	chr12	1	1	PASS	0	0
HG02554	HG02554_hap1	chr16	1	1	PASS	20	4
HG02554	HG02554_hap1	chr17	1	1	PASS	2	5
HG02554	HG02554_hap1	chr18	1	1	PASS	0	0
HG02554	HG02554_hap1	chr19	1	1	PASS	0	0
HG02554	HG02554_hap1	chr20	1	1	PASS	0	3
HG02554	HG02554_hap1	chr3	1	1	PASS	0	1
HG02554	HG02554_hap1	chr4	1	1	PASS	0	2
HG02554	HG02554_hap1	chr5	1	1	PASS	0	1
HG02554	HG02554_hap1	chr6	1	1	PASS	0	0
HG02554	HG02554_hap1	chr7	1	1	PASS	22	18
HG02554	HG02554_hap1	chr8	1	1	PASS	0	0
HG02554	HG02554_hap1	chr9	1	1	PASS	1	273
HG02554	HG02554_hap1	chrX	1	1	PASS	0	0
HG02554	HG02554_hap2	chr1	1	1	PASS	8	4
HG02554	HG02554_hap2	chr10	1	1	PASS	4	6
HG02554	HG02554_hap2	chr11	1	1	PASS	0	0
HG02554	HG02554_hap2	chr12	1	1	PASS	0	0
HG02554	HG02554_hap2	chr16	1	1	PASS	18	3
HG02554	HG02554_hap2	chr17	1	1	PASS	2	5
HG02554	HG02554_hap2	chr18	1	1	PASS	0	0
HG02554	HG02554_hap2	chr19	1	1	PASS	0	0
HG02554	HG02554_hap2	chr20	1	1	PASS	0	3
HG02554	HG02554_hap2	chr4	1	1	PASS	0	2
HG02554	HG02554_hap2	chr5	1	1	PASS	0	1
HG02554	HG02554_hap2	chr8	1	1	PASS	0	0
HG02554	HG02554_hap2	chr9	1	1	PASS	1	103
HG02559	HG02559_hap1	chr1	1	1	PASS	6	5
HG02559	HG02559_hap1	chr10	1	1	PASS	4	6
HG02559	HG02559_hap1	chr11	1	1	PASS	0	0
HG02559	HG02559_hap1	chr12	1	1	PASS	0	0
HG02559	HG02559_hap1	chr17	1	1	PASS	2	5
HG02559	HG02559_hap1	chr18	1	1	PASS	0	0
HG02559	HG02559_hap1	chr19	1	1	PASS	0	0
HG02559	HG02559_hap1	chr2	1	1	PASS	11	4
HG02559	HG02559_hap1	chr20	1	1	PASS	0	2
HG02559	HG02559_hap1	chr3	1	1	PASS	0	1
HG02559	HG02559_hap1	chr4	1	1	PASS	0	2
HG02559	HG02559_hap1	chr5	1	1	PASS	0	1
HG02559	HG02559_hap1	chr6	1	1	PASS	0	0
HG02559	HG02559_hap1	chr7	1	1	PASS	22	16
HG02559	HG02559_hap1	chr8	1	1	PASS	0	0
HG02559	HG02559_hap1	chr9	1	1	PASS	1	198
HG02559	HG02559_hap1	chrX	1	1	PASS	0	0
HG02559	HG02559_hap2	chr1	1	1	PASS	9	5
HG02559	HG02559_hap2	chr10	1	1	PASS	4	6
HG02559	HG02559_hap2	chr11	1	1	PASS	0	0
HG02559	HG02559_hap2	chr12	1	1	PASS	0	0
HG02559	HG02559_hap2	chr17	1	1	PASS	2	5
HG02559	HG02559_hap2	chr18	1	1	PASS	0	0
HG02559	HG02559_hap2	chr19	1	1	PASS	0	0
HG02559	HG02559_hap2	chr2	1	1	PASS	7	2
HG02559	HG02559_hap2	chr20	1	1	PASS	0	3
HG02559	HG02559_hap2	chr3	1	1	PASS	0	1
HG02559	HG02559_hap2	chr4	1	1	PASS	0	2
HG02559	HG02559_hap2	chr5	1	1	PASS	0	1
HG02559	HG02559_hap2	chr6	1	1	PASS	0	0
HG02559	HG02559_hap2	chr7	1	1	PASS	22	15
HG02559	HG02559_hap2	chr8	1	1	PASS	0	0
HG02559	HG02559_hap2	chr9	1	1	PASS	1	211
HG02559	HG02559_hap2	chrX	1	1	PASS	0	0
HG02572	HG02572_hap1	chr1	1	1	PASS	7	5
HG02572	HG02572_hap1	chr10	1	1	PASS	4	6
HG02572	HG02572_hap1	chr11	1	1	PASS	0	0
HG02572	HG02572_hap1	chr12	1	1	PASS	0	0
HG02572	HG02572_hap1	chr16	1	1	PASS	20	6
HG02572	HG02572_hap1	chr17	1	1	PASS	2	5
HG02572	HG02572_hap1	chr18	1	1	PASS	0	0
HG02572	HG02572_hap1	chr19	1	1	PASS	0	0
HG02572	HG02572_hap1	chr2	1	1	PASS	11	4
HG02572	HG02572_hap1	chr20	1	1	PASS	0	3
HG02572	HG02572_hap1	chr3	1	1	PASS	0	1
HG02572	HG02572_hap1	chr4	1	1	PASS	0	2
HG02572	HG02572_hap1	chr5	1	1	PASS	0	1
HG02572	HG02572_hap1	chr6	1	1	PASS	0	0
HG02572	HG02572_hap1	chr7	1	1	PASS	21	18
HG02572	HG02572_hap1	chr8	1	1	PASS	0	0
HG02572	HG02572_hap1	chr9	1	1	PASS	1	128
HG02572	HG02572_hap2	chr10	1	1	PASS	4	6
HG02572	HG02572_hap2	chr11	1	1	PASS	0	0
HG02572	HG02572_hap2	chr12	1	1	PASS	0	0
HG02572	HG02572_hap2	chr16	1	1	PASS	17	3
HG02572	HG02572_hap2	chr17	1	1	PASS	2	5
HG02572	HG02572_hap2	chr18	1	1	PASS	0	0
HG02572	HG02572_hap2	chr19	1	1	PASS	0	0
HG02572	HG02572_hap2	chr2	1	1	PASS	11	4
HG02572	HG02572_hap2	chr20	1	1	PASS	0	3
HG02572	HG02572_hap2	chr3	1	1	PASS	0	1
HG02572	HG02572_hap2	chr4	1	1	PASS	0	2
HG02572	HG02572_hap2	chr5	1	1	PASS	0	1
HG02572	HG02572_hap2	chr6	1	1	PASS	0	0
HG02572	HG02572_hap2	chr7	1	1	PASS	18	13
HG02572	HG02572_hap2	chr8	1	1	PASS	0	0
HG02572	HG02572_hap2	chr9	1	1	PASS	1	181
HG02583	HG02583_hap1	chr10	1	1	PASS	4	6
HG02583	HG02583_hap1	chr11	1	1	PASS	0	0
HG02583	HG02583_hap1	chr12	1	1	PASS	0	0
HG02583	HG02583_hap1	chr16	1	1	PASS	18	4
HG02583	HG02583_hap1	chr17	1	1	PASS	2	5
HG02583	HG02583_hap1	chr18	1	1	PASS	0	0
HG02583	HG02583_hap1	chr19	1	1	PASS	0	0
HG02583	HG02583_hap1	chr2	1	1	PASS	11	4
HG02583	HG02583_hap1	chr20	1	1	PASS	0	3
HG02583	HG02583_hap1	chr3	1	1	PASS	0	1
HG02583	HG02583_hap1	chr4	1	1	PASS	0	2
HG02583	HG02583_hap1	chr5	1	1	PASS	0	1
HG02583	HG02583_hap1	chr6	1	1	PASS	0	0
HG02583	HG02583_hap1	chr7	1	1	PASS	23	18
HG02583	HG02583_hap1	chr8	1	1	PASS	0	0
HG02583	HG02583_hap1	chr9	1	1	PASS	0	48
HG02583	HG02583_hap1	chrX	1	1	PASS	0	0
HG02583	HG02583_hap2	chr1	1	1	PASS	7	5
HG02583	HG02583_hap2	chr10	1	1	PASS	4	6
HG02583	HG02583_hap2	chr11	1	1	PASS	0	0
HG02583	HG02583_hap2	chr12	1	1	PASS	0	0
HG02583	HG02583_hap2	chr16	1	1	PASS	17	3
HG02583	HG02583_hap2	chr17	1	1	PASS	2	5
HG02583	HG02583_hap2	chr18	1	1	PASS	0	0
HG02583	HG02583_hap2	chr19	1	1	PASS	0	0
HG02583	HG02583_hap2	chr2	1	1	PASS	11	4
HG02583	HG02583_hap2	chr20	1	1	PASS	0	3
HG02583	HG02583_hap2	chr3	1	1	PASS	0	1
HG02583	HG02583_hap2	chr4	1	1	PASS	0	2
HG02583	HG02583_hap2	chr5	1	1	PASS	0	1
HG02583	HG02583_hap2	chr6	1	1	PASS	0	0
HG02583	HG02583_hap2	chr7	1	1	PASS	21	17
HG02583	HG02583_hap2	chr8	1	1	PASS	0	0
HG02583	HG02583_hap2	chr9	1	1	PASS	0	49
HG02583	HG02583_hap2	chrX	1	1	PASS	0	0
HG02587	HG02587_hap1	chr11	1	1	PASS	0	0
HG02587	HG02587_hap1	chr12	1	1	PASS	0	0
HG02587	HG02587_hap1	chr16	1	1	PASS	19	5
HG02587	HG02587_hap1	chr17	1	1	PASS	2	5
HG02587	HG02587_hap1	chr18	1	1	PASS	0	0
HG02587	HG02587_hap1	chr19	1	1	PASS	0	0
HG02587	HG02587_hap1	chr2	1	1	PASS	11	4
HG02587	HG02587_hap1	chr20	1	1	PASS	0	3
HG02587	HG02587_hap1	chr3	1	1	PASS	0	1
HG02587	HG02587_hap1	chr4	1	1	PASS	0	2
HG02587	HG02587_hap1	chr5	1	1	PASS	0	1
HG02587	HG02587_hap1	chr6	1	1	PASS	0	0
HG02587	HG02587_hap1	chr7	1	1	PASS	24	18
HG02587	HG02587_hap1	chr8	1	1	PASS	0	0
HG02587	HG02587_hap1	chr9	1	1	PASS	1	147
HG02587	HG02587_hap1	chrX	1	1	PASS	0	0
HG02587	HG02587_hap2	chr10	1	1	PASS	4	6
HG02587	HG02587_hap2	chr11	1	1	PASS	0	0
HG02587	HG02587_hap2	chr12	1	1	PASS	0	0
HG02587	HG02587_hap2	chr16	1	1	PASS	18	4
HG02587	HG02587_hap2	chr17	1	1	PASS	2	9
HG02587	HG02587_hap2	chr18	1	1	PASS	0	0
HG02587	HG02587_hap2	chr19	1	1	PASS	0	0
HG02587	HG02587_hap2	chr2	1	1	PASS	11	4
HG02587	HG02587_hap2	chr20	1	1	PASS	0	3
HG02587	HG02587_hap2	chr3	1	1	PASS	0	1
HG02587	HG02587_hap2	chr4	1	1	PASS	0	2
HG02587	HG02587_hap2	chr5	1	1	PASS	0	1
HG02587	HG02587_hap2	chr6	1	1	PASS	0	0
HG02587	HG02587_hap2	chr7	1	1	PASS	23	19
HG02587	HG02587_hap2	chr8	1	1	PASS	0	0
HG02587	HG02587_hap2	chr9	1	1	PASS	1	167
HG02587	HG02587_hap2	chrX	1	1	PASS	0	0
HG02602	HG02602_hap1	chr10	1	1	PASS	4	6
HG02602	HG02602_hap1	chr11	1	1	PASS	0	0
HG02602	HG02602_hap1	chr12	1	1	PASS	0	0
HG02602	HG02602_hap1	chr16	1	1	PASS	20	6
HG02602	HG02602_hap1	chr17	1	1	PASS	2	5
HG02602	HG02602_hap1	chr19	1	1	PASS	0	0
HG02602	HG02602_hap1	chr2	1	1	PASS	11	4
HG02602	HG02602_hap1	chr20	1	1	PASS	0	3
HG02602	HG02602_hap1	chr3	1	1	PASS	0	1
HG02602	HG02602_hap1	chr4	1	1	PASS	0	2
HG02602	HG02602_hap1	chr5	1	1	PASS	0	1
HG02602	HG02602_hap1	chr6	1	1	PASS	0	0
HG02602	HG02602_hap1	chr8	1	1	PASS	0	0
HG02602	HG02602_hap1	chr9	1	1	PASS	1	111
HG02602	HG02602_hap1	chrX	1	1	PASS	0	0
HG02602	HG02602_hap2	chr10	1	1	PASS	4	6
HG02602	HG02602_hap2	chr11	1	1	PASS	0	0
HG02602	HG02602_hap2	chr12	1	1	PASS	0	0
HG02602	HG02602_hap2	chr16	1	1	PASS	20	6
HG02602	HG02602_hap2	chr19	1	1	PASS	0	0
HG02602	HG02602_hap2	chr20	1	1	PASS	0	3
HG02602	HG02602_hap2	chr3	1	1	PASS	0	1
HG02602	HG02602_hap2	chr4	1	1	PASS	0	2
HG02602	HG02602_hap2	chr5	1	1	PASS	0	1
HG02602	HG02602_hap2	chr6	1	1	PASS	0	0
HG02602	HG02602_hap2	chr8	1	1	PASS	0	0
HG02602	HG02602_hap2	chr9	1	1	PASS	1	178
HG02615	HG02615_hap1	chr1	1	1	PASS	7	5
HG02615	HG02615_hap1	chr10	1	1	PASS	4	6
HG02615	HG02615_hap1	chr11	1	1	PASS	0	0
HG02615	HG02615_hap1	chr12	1	1	PASS	0	0
HG02615	HG02615_hap1	chr17	1	1	PASS	2	5
HG02615	HG02615_hap1	chr18	1	1	PASS	0	0
HG02615	HG02615_hap1	chr19	1	1	PASS	0	0
HG02615	HG02615_hap1	chr2	1	1	PASS	11	4
HG02615	HG02615_hap1	chr20	1	1	PASS	0	3
HG02615	HG02615_hap1	chr4	1	1	PASS	0	2
HG02615	HG02615_hap1	chr5	1	1	PASS	0	1
HG02615	HG02615_hap1	chr7	1	1	PASS	23	18
HG02615	HG02615_hap1	chr8	1	1	PASS	0	0
HG02615	HG02615_hap1	chr9	1	1	PASS	1	164
HG02615	HG02615_hap2	chr1	1	1	PASS	7	5
HG02615	HG02615_hap2	chr10	1	1	PASS	5	6
HG02615	HG02615_hap2	chr11	1	1	PASS	0	0
HG02615	HG02615_hap2	chr12	1	1	PASS	0	0
HG02615	HG02615_hap2	chr16	1	1	PASS	17	3
HG02615	HG02615_hap2	chr17	1	1	PASS	2	5
HG02615	HG02615_hap2	chr18	1	1	PASS	0	0
HG02615	HG02615_hap2	chr19	1	1	PASS	0	0
HG02615	HG02615_hap2	chr2	1	1	PASS	11	5
HG02615	HG02615_hap2	chr20	1	1	PASS	0	3
HG02615	HG02615_hap2	chr4	1	1	PASS	0	2
HG02615	HG02615_hap2	chr5	1	1	PASS	0	1
HG02615	HG02615_hap2	chr7	1	1	PASS	24	20
HG02615	HG02615_hap2	chr8	1	1	PASS	0	0
HG02615	HG02615_hap2	chr9	1	1	PASS	1	129
HG02622	HG02622_hap1	chr10	1	1	PASS	4	6
HG02622	HG02622_hap1	chr11	1	1	PASS	0	0
HG02622	HG02622_hap1	chr12	1	1	PASS	0	0
HG02622	HG02622_hap1	chr16	1	1	PASS	18	4
HG02622	HG02622_hap1	chr17	1	1	PASS	2	5
HG02622	HG02622_hap1	chr18	1	1	PASS	0	0
HG02622	HG02622_hap1	chr19	1	1	PASS	0	0
HG02622	HG02622_hap1	chr2	1	1	PASS	11	4
HG02622	HG02622_hap1	chr20	1	1	PASS	0	3
HG02622	HG02622_hap1	chr4	1	1	PASS	0	2
HG02622	HG02622_hap1	chr5	1	1	PASS	0	1
HG02622	HG02622_hap1	chr6	1	1	PASS	0	0
HG02622	HG02622_hap1	chr8	1	1	PASS	0	0
HG02622	HG02622_hap1	chr9	1	1	PASS	1	170
HG02622	HG02622_hap1	chrX	1	1	PASS	0	0
HG02622	HG02622_hap2	chr10	1	1	PASS	4	6
HG02622	HG02622_hap2	chr11	1	1	PASS	0	0
HG02622	HG02622_hap2	chr12	1	1	PASS	0	0
HG02622	HG02622_hap2	chr16	1	1	PASS	19	5
HG02622	HG02622_hap2	chr17	1	1	PASS	2	5
HG02622	HG02622_hap2	chr18	1	1	PASS	0	0
HG02622	HG02622_hap2	chr19	1	1	PASS	0	0
HG02622	HG02622_hap2	chr2	1	1	PASS	7	2
HG02622	HG02622_hap2	chr20	1	1	PASS	0	3
HG02622	HG02622_hap2	chr4	1	1	PASS	0	1
HG02622	HG02622_hap2	chr5	1	1	PASS	0	1
HG02622	HG02622_hap2	chr6	1	1	PASS	0	0
HG02622	HG02622_hap2	chr8	1	1	PASS	0	0
HG02622	HG02622_hap2	chr9	1	1	PASS	1	165
HG02622	HG02622_hap2	chrX	1	1	PASS	0	0
HG02630	HG02630_hap1	chr10	1	1	PASS	4	6
HG02630	HG02630_hap1	chr11	1	1	PASS	0	0
HG02630	HG02630_hap1	chr12	1	1	PASS	0	0
HG02630	HG02630_hap1	chr17	1	1	PASS	2	5
HG02630	HG02630_hap1	chr18	1	1	PASS	0	0
HG02630	HG02630_hap1	chr19	1	1	PASS	0	0
HG02630	HG02630_hap1	chr2	1	1	PASS	11	4
HG02630	HG02630_hap1	chr20	1	1	PASS	0	3
HG02630	HG02630_hap1	chr4	1	1	PASS	0	2
HG02630	HG02630_hap1	chr5	1	1	PASS	0	1
HG02630	HG02630_hap1	chr6	1	1	PASS	0	0
HG02630	HG02630_hap1	chr7	1	1	PASS	20	18
HG02630	HG02630_hap1	chr8	1	1	PASS	0	0
HG02630	HG02630_hap1	chr9	1	1	PASS	1	136
HG02630	HG02630_hap1	chrX	1	1	PASS	0	0
HG02630	HG02630_hap2	chr10	1	1	PASS	4	6
HG02630	HG02630_hap2	chr11	1	1	PASS	0	0
HG02630	HG02630_hap2	chr12	1	1	PASS	0	0
HG02630	HG02630_hap2	chr17	1	1	PASS	2	5
HG02630	HG02630_hap2	chr18	1	1	PASS	0	0
HG02630	HG02630_hap2	chr19	1	1	PASS	0	0
HG02630	HG02630_hap2	chr2	1	1	PASS	11	4
HG02630	HG02630_hap2	chr20	1	1	PASS	0	3
HG02630	HG02630_hap2	chr4	1	1	PASS	0	2
HG02630	HG02630_hap2	chr5	1	1	PASS	0	1
HG02630	HG02630_hap2	chr6	1	1	PASS	0	0
HG02630	HG02630_hap2	chr7	1	1	PASS	21	18
HG02630	HG02630_hap2	chr8	1	1	PASS	0	0
HG02630	HG02630_hap2	chr9	1	1	PASS	1	145
HG02630	HG02630_hap2	chrX	1	1	PASS	0	0
HG02647	HG02647_hap1	chr1	1	1	PASS	7	5
HG02647	HG02647_hap1	chr10	1	1	PASS	4	6
HG02647	HG02647_hap1	chr11	1	1	PASS	0	0
HG02647	HG02647_hap1	chr12	1	1	PASS	0	0
HG02647	HG02647_hap1	chr16	1	1	PASS	20	6
HG02647	HG02647_hap1	chr17	1	1	PASS	2	5
HG02647	HG02647_hap1	chr18	1	1	PASS	0	0
HG02647	HG02647_hap1	chr19	1	1	PASS	0	0
HG02647	HG02647_hap1	chr2	1	1	PASS	11	4
HG02647	HG02647_hap1	chr20	1	1	PASS	0	3
HG02647	HG02647_hap1	chr3	1	1	PASS	0	1
HG02647	HG02647_hap1	chr4	1	1	PASS	0	2
HG02647	HG02647_hap1	chr5	1	1	PASS	0	1
HG02647	HG02647_hap1	chr6	1	1	PASS	0	0
HG02647	HG02647_hap1	chr8	1	1	PASS	0	0
HG02647	HG02647_hap1	chr9	1	1	PASS	1	157
HG02647	HG02647_hap1	chrX	1	1	PASS	0	0
HG02647	HG02647_hap2	chr1	1	1	PASS	8	5
HG02647	HG02647_hap2	chr10	1	1	PASS	4	6
HG02647	HG02647_hap2	chr11	1	1	PASS	0	0
HG02647	HG02647_hap2	chr12	1	1	PASS	0	0
HG02647	HG02647_hap2	chr16	1	1	PASS	19	5
HG02647	HG02647_hap2	chr17	1	1	PASS	2	5
HG02647	HG02647_hap2	chr18	1	1	PASS	0	0
HG02647	HG02647_hap2	chr19	1	1	PASS	0	0
HG02647	HG02647_hap2	chr2	1	1	PASS	11	4
HG02647	HG02647_hap2	chr20	1	1	PASS	0	3
HG02647	HG02647_hap2	chr3	1	1	PASS	0	1
HG02647	HG02647_hap2	chr4	1	1	PASS	0	2
HG02647	HG02647_hap2	chr5	1	1	PASS	0	1
HG02647	HG02647_hap2	chr6	1	1	PASS	0	0
HG02647	HG02647_hap2	chr8	1	1	PASS	0	0
HG02647	HG02647_hap2	chr9	1	1	PASS	1	151
HG02666	HG02666_hap1	chr1	1	1	PASS	11	4
HG02666	HG02666_hap1	chr10	1	1	PASS	4	6
HG02666	HG02666_hap1	chr11	1	1	PASS	0	0
HG02666	HG02666_hap1	chr12	1	1	PASS	0	0
HG02666	HG02666_hap1	chr16	1	1	PASS	17	3
HG02666	HG02666_hap1	chr17	1	1	PASS	2	5
HG02666	HG02666_hap1	chr18	1	1	PASS	0	0
HG02666	HG02666_hap1	chr19	1	1	PASS	0	0
HG02666	HG02666_hap1	chr2	1	1	PASS	7	2
HG02666	HG02666_hap1	chr20	1	1	PASS	0	3
HG02666	HG02666_hap1	chr4	1	1	PASS	0	2
HG02666	HG02666_hap1	chr5	1	1	PASS	0	1
HG02666	HG02666_hap1	chr6	1	1	PASS	0	0
HG02666	HG02666_hap1	chr7	1	1	PASS	20	14
HG02666	HG02666_hap1	chr8	1	1	PASS	0	0
HG02666	HG02666_hap1	chr9	1	1	PASS	1	163
HG02666	HG02666_hap1	chrX	1	1	PASS	0	0
HG02666	HG02666_hap2	chr10	1	1	PASS	4	6
HG02666	HG02666_hap2	chr11	1	1	PASS	0	0
HG02666	HG02666_hap2	chr12	1	1	PASS	0	0
HG02666	HG02666_hap2	chr17	1	1	PASS	2	5
HG02666	HG02666_hap2	chr18	1	1	PASS	0	0
HG02666	HG02666_hap2	chr19	1	1	PASS	0	0
HG02666	HG02666_hap2	chr2	1	1	PASS	9	4
HG02666	HG02666_hap2	chr20	1	1	PASS	0	3
HG02666	HG02666_hap2	chr3	1	1	PASS	0	2
HG02666	HG02666_hap2	chr4	1	1	PASS	0	2
HG02666	HG02666_hap2	chr5	1	1	PASS	0	1
HG02666	HG02666_hap2	chr6	1	1	PASS	0	0
HG02666	HG02666_hap2	chr7	1	1	PASS	21	16
HG02666	HG02666_hap2	chr8	1	1	PASS	0	0
HG02666	HG02666_hap2	chr9	1	1	PASS	1	186
HG02668	HG02668_hap1	chr1	1	1	PASS	7	5
HG02668	HG02668_hap1	chr10	1	1	PASS	4	6
HG02668	HG02668_hap1	chr11	1	1	PASS	0	0
HG02668	HG02668_hap1	chr12	1	1	PASS	0	0
HG02668	HG02668_hap1	chr16	1	1	PASS	18	3
HG02668	HG02668_hap1	chr17	1	1	PASS	2	5
HG02668	HG02668_hap1	chr18	1	1	PASS	0	0
HG02668	HG02668_hap1	chr19	1	1	PASS	0	0
HG02668	HG02668_hap1	chr2	1	1	PASS	11	4
HG02668	HG02668_hap1	chr20	1	1	PASS	0	3
HG02668	HG02668_hap1	chr4	1	1	PASS	0	2
HG02668	HG02668_hap1	chr5	1	1	PASS	0	1
HG02668	HG02668_hap1	chr7	1	1	PASS	24	18
HG02668	HG02668_hap1	chr8	1	1	PASS	0	0
HG02668	HG02668_hap1	chr9	1	1	PASS	1	155
HG02668	HG02668_hap1	chrX	1	1	PASS	0	0
HG02668	HG02668_hap2	chr10	1	1	PASS	4	6
HG02668	HG02668_hap2	chr11	1	1	PASS	0	0
HG02668	HG02668_hap2	chr12	1	1	PASS	0	0
HG02668	HG02668_hap2	chr16	1	1	PASS	18	4
HG02668	HG02668_hap2	chr17	1	1	PASS	2	5
HG02668	HG02668_hap2	chr18	1	1	PASS	0	0
HG02668	HG02668_hap2	chr19	1	1	PASS	0	0
HG02668	HG02668_hap2	chr2	1	1	PASS	11	4
HG02668	HG02668_hap2	chr20	1	1	PASS	0	3
HG02668	HG02668_hap2	chr4	1	1	PASS	0	2
HG02668	HG02668_hap2	chr5	1	1	PASS	0	1
HG02668	HG02668_hap2	chr7	1	1	PASS	21	18
HG02668	HG02668_hap2	chr8	1	1	PASS	0	0
HG02668	HG02668_hap2	chr9	1	1	PASS	1	164
HG02698	HG02698_hap1	chr10	1	1	PASS	4	6
HG02698	HG02698_hap1	chr11	1	1	PASS	0	0
HG02698	HG02698_hap1	chr12	1	1	PASS	0	0
HG02698	HG02698_hap1	chr16	1	1	PASS	20	6
HG02698	HG02698_hap1	chr19	1	1	PASS	0	0
HG02698	HG02698_hap1	chr2	1	1	PASS	11	4
HG02698	HG02698_hap1	chr3	1	1	PASS	0	1
HG02698	HG02698_hap1	chr5	1	1	PASS	0	1
HG02698	HG02698_hap1	chr6	1	1	PASS	0	0
HG02698	HG02698_hap1	chr7	1	1	PASS	20	14
HG02698	HG02698_hap1	chr8	1	1	PASS	0	0
HG02698	HG02698_hap1	chr9	1	1	PASS	1	140
HG02698	HG02698_hap2	chr10	1	1	PASS	4	6
HG02698	HG02698_hap2	chr11	1	1	PASS	0	0
HG02698	HG02698_hap2	chr12	1	1	PASS	0	0
HG02698	HG02698_hap2	chr16	1	1	PASS	17	3
HG02698	HG02698_hap2	chr19	1	1	PASS	0	0
HG02698	HG02698_hap2	chr2	1	1	PASS	7	2
HG02698	HG02698_hap2	chr5	1	1	PASS	0	1
HG02698	HG02698_hap2	chr6	1	1	PASS	0	0
HG02698	HG02698_hap2	chr7	1	1	PASS	24	18
HG02698	HG02698_hap2	chr8	1	1	PASS	0	0
HG02698	HG02698_hap2	chr9	1	1	PASS	1	114
HG02717	HG02717_hap1	chr10	1	1	PASS	4	6
HG02717	HG02717_hap1	chr11	1	1	PASS	0	0
HG02717	HG02717_hap1	chr12	1	1	PASS	0	0
HG02717	HG02717_hap1	chr16	1	1	PASS	17	3
HG02717	HG02717_hap1	chr17	1	1	PASS	2	5
HG02717	HG02717_hap1	chr19	1	1	PASS	0	0
HG02717	HG02717_hap1	chr2	1	1	PASS	11	4
HG02717	HG02717_hap1	chr20	1	1	PASS	0	3
HG02717	HG02717_hap1	chr3	1	1	PASS	0	1
HG02717	HG02717_hap1	chr4	1	1	PASS	0	2
HG02717	HG02717_hap1	chr5	1	1	PASS	0	1
HG02717	HG02717_hap1	chr7	1	1	PASS	21	18
HG02717	HG02717_hap1	chr8	1	1	PASS	0	0
HG02717	HG02717_hap1	chr9	1	1	PASS	1	199
HG02717	HG02717_hap1	chrX	1	1	PASS	0	0
HG02717	HG02717_hap2	chr10	1	1	PASS	4	6
HG02717	HG02717_hap2	chr11	1	1	PASS	0	0
HG02717	HG02717_hap2	chr12	1	1	PASS	0	0
HG02717	HG02717_hap2	chr16	1	1	PASS	17	3
HG02717	HG02717_hap2	chr17	1	1	PASS	2	5
HG02717	HG02717_hap2	chr19	1	1	PASS	0	0
HG02717	HG02717_hap2	chr2	1	1	PASS	11	4
HG02717	HG02717_hap2	chr20	1	1	PASS	0	3
HG02717	HG02717_hap2	chr3	1	1	PASS	0	1
HG02717	HG02717_hap2	chr4	1	1	PASS	0	2
HG02717	HG02717_hap2	chr5	1	1	PASS	0	1
HG02717	HG02717_hap2	chr7	1	1	PASS	22	16
HG02717	HG02717_hap2	chr8	1	1	PASS	0	0
HG02717	HG02717_hap2	chr9	1	1	PASS	1	140
HG02723	HG02723_hap1	chr10	1	1	PASS	4	6
HG02723	HG02723_hap1	chr11	1	1	PASS	0	0
HG02723	HG02723_hap1	chr12	1	1	PASS	0	0
HG02723	HG02723_hap1	chr16	1	1	PASS	18	4
HG02723	HG02723_hap1	chr17	1	1	PASS	2	5
HG02723	HG02723_hap1	chr18	1	1	PASS	0	0
HG02723	HG02723_hap1	chr19	1	1	PASS	0	0
HG02723	HG02723_hap1	chr2	1	1	PASS	11	4
HG02723	HG02723_hap1	chr20	1	1	PASS	0	3
HG02723	HG02723_hap1	chr3	1	1	PASS	0	1
HG02723	HG02723_hap1	chr4	1	1	PASS	0	2
HG02723	HG02723_hap1	chr5	1	1	PASS	0	1
HG02723	HG02723_hap1	chr6	1	1	PASS	0	0
HG02723	HG02723_hap1	chr7	1	1	PASS	17	7
HG02723	HG02723_hap1	chr8	1	1	PASS	0	0
HG02723	HG02723_hap1	chr9	1	1	PASS	1	139
HG02723	HG02723_hap1	chrX	1	1	PASS	0	0
HG02723	HG02723_hap2	chr10	1	1	PASS	4	6
HG02723	HG02723_hap2	chr11	1	1	PASS	0	0
HG02723	HG02723_hap2	chr12	1	1	PASS	0	0
HG02723	HG02723_hap2	chr16	1	1	PASS	21	5
HG02723	HG02723_hap2	chr17	1	1	PASS	2	5
HG02723	HG02723_hap2	chr18	1	1	PASS	0	0
HG02723	HG02723_hap2	chr19	1	1	PASS	0	0
HG02723	HG02723_hap2	chr2	1	1	PASS	11	4
HG02723	HG02723_hap2	chr20	1	1	PASS	0	3
HG02723	HG02723_hap2	chr3	1	1	PASS	0	1
HG02723	HG02723_hap2	chr4	1	1	PASS	0	2
HG02723	HG02723_hap2	chr5	1	1	PASS	0	1
HG02723	HG02723_hap2	chr6	1	1	PASS	0	0
HG02723	HG02723_hap2	chr7	1	1	PASS	20	15
HG02723	HG02723_hap2	chr8	1	1	PASS	0	0
HG02723	HG02723_hap2	chr9	1	1	PASS	1	141
HG02723	HG02723_hap2	chrX	1	1	PASS	0	0
HG02735	HG02735_hap1	chr1	1	1	PASS	7	4
HG02735	HG02735_hap1	chr10	1	1	PASS	4	6
HG02735	HG02735_hap1	chr11	1	1	PASS	0	0
HG02735	HG02735_hap1	chr12	1	1	PASS	0	0
HG02735	HG02735_hap1	chr16	1	1	PASS	20	6
HG02735	HG02735_hap1	chr17	1	1	PASS	2	5
HG02735	HG02735_hap1	chr19	1	1	PASS	0	0
HG02735	HG02735_hap1	chr2	1	1	PASS	11	4
HG02735	HG02735_hap1	chr20	1	1	PASS	0	3
HG02735	HG02735_hap1	chr4	1	1	PASS	0	2
HG02735	HG02735_hap1	chr5	1	1	PASS	0	1
HG02735	HG02735_hap1	chr7	1	1	PASS	23	23
HG02735	HG02735_hap1	chr8	1	1	PASS	0	0
HG02735	HG02735_hap1	chrX	1	1	PASS	0	0
HG02735	HG02735_hap2	chr1	1	1	PASS	7	5
HG02735	HG02735_hap2	chr10	1	1	PASS	4	6
HG02735	HG02735_hap2	chr11	1	1	PASS	0	0
HG02735	HG02735_hap2	chr12	1	1	PASS	0	0
HG02735	HG02735_hap2	chr16	1	1	PASS	20	6
HG02735	HG02735_hap2	chr17	1	1	PASS	2	5
HG02735	HG02735_hap2	chr19	1	1	PASS	0	0
HG02735	HG02735_hap2	chr2	1	1	PASS	11	4
HG02735	HG02735_hap2	chr20	1	1	PASS	0	3
HG02735	HG02735_hap2	chr4	1	1	PASS	0	2
HG02735	HG02735_hap2	chr5	1	1	PASS	0	1
HG02735	HG02735_hap2	chr7	1	1	PASS	21	12
HG02735	HG02735_hap2	chr8	1	1	PASS	0	0
HG02735	HG02735_hap2	chr9	1	1	PASS	1	118
HG02738	HG02738_hap1	chr1	1	1	PASS	7	5
HG02738	HG02738_hap1	chr10	1	1	PASS	4	6
HG02738	HG02738_hap1	chr11	1	1	PASS	0	0
HG02738	HG02738_hap1	chr12	1	1	PASS	0	0
HG02738	HG02738_hap1	chr16	1	1	PASS	20	6
HG02738	HG02738_hap1	chr17	1	1	PASS	2	5
HG02738	HG02738_hap1	chr19	1	1	PASS	0	0
HG02738	HG02738_hap1	chr2	1	1	PASS	11	4
HG02738	HG02738_hap1	chr20	1	1	PASS	0	3
HG02738	HG02738_hap1	chr3	1	1	PASS	0	1
HG02738	HG02738_hap1	chr4	1	1	PASS	0	2
HG02738	HG02738_hap1	chr5	1	1	PASS	0	2
HG02738	HG02738_hap1	chr6	1	1	PASS	0	0
HG02738	HG02738_hap1	chr7	1	1	PASS	22	12
HG02738	HG02738_hap1	chr8	1	1	PASS	0	0
HG02738	HG02738_hap2	chr1	1	1	PASS	6	4
HG02738	HG02738_hap2	chr10	1	1	PASS	4	6
HG02738	HG02738_hap2	chr11	1	1	PASS	0	0
HG02738	HG02738_hap2	chr12	1	1	PASS	0	0
HG02738	HG02738_hap2	chr16	1	1	PASS	20	6
HG02738	HG02738_hap2	chr17	1	1	PASS	2	5
HG02738	HG02738_hap2	chr19	1	1	PASS	0	0
HG02738	HG02738_hap2	chr2	1	1	PASS	11	4
HG02738	HG02738_hap2	chr20	1	1	PASS	0	3
HG02738	HG02738_hap2	chr3	1	1	PASS	0	1
HG02738	HG02738_hap2	chr4	1	1	PASS	0	2
HG02738	HG02738_hap2	chr5	1	1	PASS	0	1
HG02738	HG02738_hap2	chr7	1	1	PASS	23	17
HG02738	HG02738_hap2	chr8	1	1	PASS	0	0
HG02738	HG02738_hap2	chr9	1	1	PASS	1	145
HG02769	HG02769_hap1	chr1	1	1	PASS	7	5
HG02769	HG02769_hap1	chr10	1	1	PASS	4	6
HG02769	HG02769_hap1	chr11	1	1	PASS	0	0
HG02769	HG02769_hap1	chr12	1	1	PASS	0	0
HG02769	HG02769_hap1	chr17	1	1	PASS	2	5
HG02769	HG02769_hap1	chr18	1	1	PASS	0	0
HG02769	HG02769_hap1	chr19	1	1	PASS	0	0
HG02769	HG02769_hap1	chr2	1	1	PASS	11	4
HG02769	HG02769_hap1	chr20	1	1	PASS	0	3
HG02769	HG02769_hap1	chr4	1	1	PASS	0	2
HG02769	HG02769_hap1	chr6	1	1	PASS	0	0
HG02769	HG02769_hap1	chr8	1	1	PASS	0	0
HG02769	HG02769_hap1	chr9	1	1	PASS	1	140
HG02769	HG02769_hap1	chrX	1	1	PASS	0	0
HG02769	HG02769_hap2	chr1	1	1	PASS	7	5
HG02769	HG02769_hap2	chr10	1	1	PASS	6	6
HG02769	HG02769_hap2	chr11	1	1	PASS	0	0
HG02769	HG02769_hap2	chr12	1	1	PASS	0	0
HG02769	HG02769_hap2	chr18	1	1	PASS	0	0
HG02769	HG02769_hap2	chr19	1	1	PASS	0	0
HG02769	HG02769_hap2	chr2	1	1	PASS	11	4
HG02769	HG02769_hap2	chr20	1	1	PASS	0	1
HG02769	HG02769_hap2	chr3	1	1	PASS	0	1
HG02769	HG02769_hap2	chr4	1	1	PASS	0	2
HG02769	HG02769_hap2	chr5	1	1	PASS	0	1
HG02769	HG02769_hap2	chr7	1	1	PASS	21	16
HG02769	HG02769_hap2	chr8	1	1	PASS	0	0
HG02769	HG02769_hap2	chr9	1	1	PASS	1	113
HG02769	HG02769_hap2	chrX	1	1	PASS	0	0
HG02809	HG02809_hap1	chr10	1	1	PASS	4	6
HG02809	HG02809_hap1	chr11	1	1	PASS	0	0
HG02809	HG02809_hap1	chr12	1	1	PASS	0	0
HG02809	HG02809_hap1	chr16	1	1	PASS	17	3
HG02809	HG02809_hap1	chr17	1	1	PASS	2	5
HG02809	HG02809_hap1	chr18	1	1	PASS	0	0
HG02809	HG02809_hap1	chr19	1	1	PASS	0	0
HG02809	HG02809_hap1	chr2	1	1	PASS	11	4
HG02809	HG02809_hap1	chr20	1	1	PASS	0	3
HG02809	HG02809_hap1	chr3	1	1	PASS	0	1
HG02809	HG02809_hap1	chr4	1	1	PASS	0	2
HG02809	HG02809_hap1	chr5	1	1	PASS	0	1
HG02809	HG02809_hap1	chr6	1	1	PASS	0	0
HG02809	HG02809_hap1	chr7	1	1	PASS	21	15
HG02809	HG02809_hap1	chr8	1	1	PASS	0	0
HG02809	HG02809_hap1	chr9	1	1	PASS	1	155
HG02809	HG02809_hap1	chrX	1	1	PASS	0	0
HG02809	HG02809_hap2	chr10	1	1	PASS	4	6
HG02809	HG02809_hap2	chr11	1	1	PASS	0	0
HG02809	HG02809_hap2	chr12	1	1	PASS	0	0
HG02809	HG02809_hap2	chr16	1	1	PASS	18	4
HG02809	HG02809_hap2	chr17	1	1	PASS	2	5
HG02809	HG02809_hap2	chr18	1	1	PASS	0	0
HG02809	HG02809_hap2	chr19	1	1	PASS	0	0
HG02809	HG02809_hap2	chr2	1	1	PASS	11	4
HG02809	HG02809_hap2	chr20	1	1	PASS	0	3
HG02809	HG02809_hap2	chr3	1	1	PASS	0	1
HG02809	HG02809_hap2	chr4	1	1	PASS	0	2
HG02809	HG02809_hap2	chr5	1	1	PASS	0	1
HG02809	HG02809_hap2	chr6	1	1	PASS	0	0
HG02809	HG02809_hap2	chr8	1	1	PASS	0	0
HG02809	HG02809_hap2	chr9	1	1	PASS	1	143
HG02809	HG02809_hap2	chrX	1	1	PASS	0	0
HG02818	HG02818_hap1	chr1	1	1	PASS	7	5
HG02818	HG02818_hap1	chr10	1	1	PASS	4	6
HG02818	HG02818_hap1	chr16	1	1	PASS	20	6
HG02818	HG02818_hap1	chr17	1	1	PASS	2	5
HG02818	HG02818_hap1	chr18	1	1	PASS	0	0
HG02818	HG02818_hap1	chr19	1	1	PASS	0	0
HG02818	HG02818_hap1	chr2	1	1	PASS	8	4
HG02818	HG02818_hap1	chr20	1	1	PASS	0	3
HG02818	HG02818_hap1	chr4	1	1	PASS	0	2
HG02818	HG02818_hap1	chr5	1	1	PASS	0	1
HG02818	HG02818_hap1	chr6	1	1	PASS	0	0
HG02818	HG02818_hap1	chr7	1	1	PASS	21	12
HG02818	HG02818_hap1	chr8	1	1	PASS	0	0
HG02818	HG02818_hap1	chr9	1	1	PASS	1	129
HG02818	HG02818_hap1	chrX	1	1	PASS	0	0
HG02818	HG02818_hap2	chr1	1	1	PASS	7	5
HG02818	HG02818_hap2	chr10	1	1	PASS	4	6
HG02818	HG02818_hap2	chr11	1	1	PASS	0	0
HG02818	HG02818_hap2	chr12	1	1	PASS	0	0
HG02818	HG02818_hap2	chr17	1	1	PASS	2	5
HG02818	HG02818_hap2	chr18	1	1	PASS	0	0
HG02818	HG02818_hap2	chr19	1	1	PASS	0	0
HG02818	HG02818_hap2	chr2	1	1	PASS	8	2
HG02818	HG02818_hap2	chr3	1	1	PASS	0	1
HG02818	HG02818_hap2	chr4	1	1	PASS	0	2
HG02818	HG02818_hap2	chr5	1	1	PASS	0	1
HG02818	HG02818_hap2	chr6	1	1	PASS	0	0
HG02818	HG02818_hap2	chr7	1	1	PASS	25	16
HG02818	HG02818_hap2	chr8	1	1	PASS	0	0
HG02818	HG02818_hap2	chr9	1	1	PASS	1	116
HG02818	HG02818_hap2	chrX	1	1	PASS	0	0
HG02841	HG02841_hap1	chr1	1	1	PASS	7	5
HG02841	HG02841_hap1	chr10	1	1	PASS	4	6
HG02841	HG02841_hap1	chr11	1	1	PASS	0	0
HG02841	HG02841_hap1	chr12	1	1	PASS	0	0
HG02841	HG02841_hap1	chr16	1	1	PASS	21	6
HG02841	HG02841_hap1	chr17	1	1	PASS	2	5
HG02841	HG02841_hap1	chr18	1	1	PASS	0	0
HG02841	HG02841_hap1	chr19	1	1	PASS	0	0
HG02841	HG02841_hap1	chr2	1	1	PASS	11	4
HG02841	HG02841_hap1	chr20	1	1	PASS	0	3
HG02841	HG02841_hap1	chr3	1	1	PASS	0	1
HG02841	HG02841_hap1	chr4	1	1	PASS	0	2
HG02841	HG02841_hap1	chr5	1	1	PASS	0	1
HG02841	HG02841_hap1	chr7	1	1	PASS	22	17
HG02841	HG02841_hap1	chr8	1	1	PASS	0	0
HG02841	HG02841_hap1	chr9	1	1	PASS	1	163
HG02841	HG02841_hap1	chrX	1	1	PASS	0	0
HG02841	HG02841_hap2	chr1	1	1	PASS	9	5
HG02841	HG02841_hap2	chr10	1	1	PASS	4	6
HG02841	HG02841_hap2	chr11	1	1	PASS	0	0
HG02841	HG02841_hap2	chr12	1	1	PASS	0	0
HG02841	HG02841_hap2	chr16	1	1	PASS	20	6
HG02841	HG02841_hap2	chr17	1	1	PASS	2	5
HG02841	HG02841_hap2	chr18	1	1	PASS	0	0
HG02841	HG02841_hap2	chr19	1	1	PASS	0	0
HG02841	HG02841_hap2	chr2	1	1	PASS	11	4
HG02841	HG02841_hap2	chr20	1	1	PASS	0	3
HG02841	HG02841_hap2	chr3	1	1	PASS	0	1
HG02841	HG02841_hap2	chr4	1	1	PASS	0	2
HG02841	HG02841_hap2	chr5	1	1	PASS	0	1
HG02841	HG02841_hap2	chr7	1	1	PASS	23	18
HG02841	HG02841_hap2	chr8	1	1	PASS	0	0
HG02841	HG02841_hap2	chr9	1	1	PASS	1	161
HG02841	HG02841_hap2	chrX	1	1	PASS	0	0
HG02886	HG02886_hap1	chr1	1	1	PASS	7	5
HG02886	HG02886_hap1	chr10	1	1	PASS	4	6
HG02886	HG02886_hap1	chr11	1	1	PASS	0	0
HG02886	HG02886_hap1	chr12	1	1	PASS	0	0
HG02886	HG02886_hap1	chr16	1	1	PASS	18	4
HG02886	HG02886_hap1	chr18	1	1	PASS	0	0
HG02886	HG02886_hap1	chr19	1	1	PASS	0	0
HG02886	HG02886_hap1	chr20	1	1	PASS	0	3
HG02886	HG02886_hap1	chr4	1	1	PASS	0	2
HG02886	HG02886_hap1	chr5	1	1	PASS	0	1
HG02886	HG02886_hap1	chr6	1	1	PASS	0	0
HG02886	HG02886_hap1	chr7	1	1	PASS	24	15
HG02886	HG02886_hap1	chr8	1	1	PASS	0	0
HG02886	HG02886_hap1	chr9	1	1	PASS	1	159
HG02886	HG02886_hap1	chrX	1	1	PASS	0	0
HG02886	HG02886_hap2	chr10	1	1	PASS	4	6
HG02886	HG02886_hap2	chr11	1	1	PASS	0	0
HG02886	HG02886_hap2	chr12	1	1	PASS	0	0
HG02886	HG02886_hap2	chr16	1	1	PASS	17	3
HG02886	HG02886_hap2	chr18	1	1	PASS	0	0
HG02886	HG02886_hap2	chr19	1	1	PASS	0	0
HG02886	HG02886_hap2	chr20	1	1	PASS	0	3
HG02886	HG02886_hap2	chr4	1	1	PASS	0	2
HG02886	HG02886_hap2	chr5	1	1	PASS	0	1
HG02886	HG02886_hap2	chr6	1	1	PASS	0	0
HG02886	HG02886_hap2	chr7	1	1	PASS	24	18
HG02886	HG02886_hap2	chr8	1	1	PASS	0	0
HG02886	HG02886_hap2	chr9	1	1	PASS	1	168
HG02886	HG02886_hap2	chrX	1	1	PASS	0	0
HG02922	HG02922_hap1	chr1	1	1	PASS	7	5
HG02922	HG02922_hap1	chr10	1	1	PASS	4	6
HG02922	HG02922_hap1	chr11	1	1	PASS	0	0
HG02922	HG02922_hap1	chr12	1	1	PASS	0	0
HG02922	HG02922_hap1	chr16	1	1	PASS	17	3
HG02922	HG02922_hap1	chr17	1	1	PASS	2	5
HG02922	HG02922_hap1	chr18	1	1	PASS	0	0
HG02922	HG02922_hap1	chr2	1	1	PASS	11	4
HG02922	HG02922_hap1	chr20	1	1	PASS	0	3
HG02922	HG02922_hap1	chr3	1	1	PASS	0	1
HG02922	HG02922_hap1	chr4	1	1	PASS	0	2
HG02922	HG02922_hap1	chr5	1	1	PASS	0	1
HG02922	HG02922_hap1	chr7	1	1	PASS	21	12
HG02922	HG02922_hap1	chr8	1	1	PASS	0	0
HG02922	HG02922_hap1	chr9	1	1	PASS	1	148
HG02922	HG02922_hap1	chrX	1	1	PASS	0	3
HG02922	HG02922_hap2	chr1	1	1	PASS	9	5
HG02922	HG02922_hap2	chr10	1	1	PASS	4	6
HG02922	HG02922_hap2	chr11	1	1	PASS	0	0
HG02922	HG02922_hap2	chr12	1	1	PASS	0	0
HG02922	HG02922_hap2	chr16	1	1	PASS	19	5
HG02922	HG02922_hap2	chr18	1	1	PASS	0	0
HG02922	HG02922_hap2	chr19	1	1	PASS	0	0
HG02922	HG02922_hap2	chr2	1	1	PASS	11	4
HG02922	HG02922_hap2	chr20	1	1	PASS	0	3
HG02922	HG02922_hap2	chr4	1	1	PASS	0	2
HG02922	HG02922_hap2	chr5	1	1	PASS	0	1
HG02922	HG02922_hap2	chr7	1	1	PASS	21	16
HG02922	HG02922_hap2	chr8	1	1	PASS	0	0
HG02922	HG02922_hap2	chr9	1	1	PASS	1	134
HG02922	HG02922_hap2	chrX	1	1	PASS	0	0
HG02953	HG02953_hap1	chr10	1	1	PASS	4	6
HG02953	HG02953_hap1	chr11	1	1	PASS	0	0
HG02953	HG02953_hap1	chr12	1	1	PASS	0	0
HG02953	HG02953_hap1	chr17	1	1	PASS	2	5
HG02953	HG02953_hap1	chr18	1	1	PASS	0	0
HG02953	HG02953_hap1	chr19	1	1	PASS	0	0
HG02953	HG02953_hap1	chr2	1	1	PASS	11	4
HG02953	HG02953_hap1	chr20	1	1	PASS	0	3
HG02953	HG02953_hap1	chr4	1	1	PASS	0	2
HG02953	HG02953_hap1	chr5	1	1	PASS	0	1
HG02953	HG02953_hap1	chr6	1	1	PASS	0	0
HG02953	HG02953_hap1	chr7	1	1	PASS	17	6
HG02953	HG02953_hap1	chr8	1	1	PASS	0	0
HG02953	HG02953_hap1	chr9	1	1	PASS	1	118
HG02953	HG02953_hap2	chr10	1	1	PASS	4	6
HG02953	HG02953_hap2	chr11	1	1	PASS	0	0
HG02953	HG02953_hap2	chr12	1	1	PASS	0	0
HG02953	HG02953_hap2	chr16	1	1	PASS	17	3
HG02953	HG02953_hap2	chr17	1	1	PASS	2	5
HG02953	HG02953_hap2	chr18	1	1	PASS	0	0
HG02953	HG02953_hap2	chr19	1	1	PASS	0	0
HG02953	HG02953_hap2	chr2	1	1	PASS	11	4
HG02953	HG02953_hap2	chr20	1	1	PASS	0	3
HG02953	HG02953_hap2	chr4	1	1	PASS	0	2
HG02953	HG02953_hap2	chr5	1	1	PASS	0	1
HG02953	HG02953_hap2	chr7	1	1	PASS	21	15
HG02953	HG02953_hap2	chr8	1	1	PASS	0	0
HG02953	HG02953_hap2	chrX	1	1	PASS	0	0
HG02965	HG02965_hap1	chr10	1	1	PASS	4	6
HG02965	HG02965_hap1	chr11	1	1	PASS	0	0
HG02965	HG02965_hap1	chr12	1	1	PASS	0	0
HG02965	HG02965_hap1	chr16	1	1	PASS	19	5
HG02965	HG02965_hap1	chr17	1	1	PASS	2	5
HG02965	HG02965_hap1	chr18	1	1	PASS	0	0
HG02965	HG02965_hap1	chr19	1	1	PASS	0	0
HG02965	HG02965_hap1	chr2	1	1	PASS	11	4
HG02965	HG02965_hap1	chr20	1	1	PASS	0	3
HG02965	HG02965_hap1	chr4	1	1	PASS	0	2
HG02965	HG02965_hap1	chr5	1	1	PASS	0	1
HG02965	HG02965_hap1	chr6	1	1	PASS	0	0
HG02965	HG02965_hap1	chr7	1	1	PASS	18	11
HG02965	HG02965_hap1	chr8	1	1	PASS	0	0
HG02965	HG02965_hap1	chr9	1	1	PASS	1	211
HG02965	HG02965_hap2	chr1	1	1	PASS	7	5
HG02965	HG02965_hap2	chr10	1	1	PASS	4	6
HG02965	HG02965_hap2	chr11	1	1	PASS	0	0
HG02965	HG02965_hap2	chr12	1	1	PASS	0	0
HG02965	HG02965_hap2	chr16	1	1	PASS	18	4
HG02965	HG02965_hap2	chr17	1	1	PASS	2	5
HG02965	HG02965_hap2	chr18	1	1	PASS	0	0
HG02965	HG02965_hap2	chr19	1	1	PASS	0	0
HG02965	HG02965_hap2	chr2	1	1	PASS	11	4
HG02965	HG02965_hap2	chr20	1	1	PASS	0	3
HG02965	HG02965_hap2	chr4	1	1	PASS	0	2
HG02965	HG02965_hap2	chr5	1	1	PASS	0	1
HG02965	HG02965_hap2	chr6	1	1	PASS	0	0
HG02965	HG02965_hap2	chr7	1	1	PASS	21	14
HG02965	HG02965_hap2	chr8	1	1	PASS	0	0
HG02965	HG02965_hap2	chr9	1	1	PASS	1	141
HG02965	HG02965_hap2	chrX	1	1	PASS	0	0
HG02976	HG02976_hap1	chr10	1	1	PASS	4	6
HG02976	HG02976_hap1	chr11	1	1	PASS	0	0
HG02976	HG02976_hap1	chr12	1	1	PASS	0	0
HG02976	HG02976_hap1	chr16	1	1	PASS	20	6
HG02976	HG02976_hap1	chr18	1	1	PASS	0	0
HG02976	HG02976_hap1	chr19	1	1	PASS	0	0
HG02976	HG02976_hap1	chr2	1	1	PASS	11	4
HG02976	HG02976_hap1	chr20	1	1	PASS	0	3
HG02976	HG02976_hap1	chr5	1	1	PASS	0	1
HG02976	HG02976_hap1	chr7	1	1	PASS	21	18
HG02976	HG02976_hap1	chr8	1	1	PASS	0	0
HG02976	HG02976_hap1	chrX	1	1	PASS	0	0
HG02976	HG02976_hap2	chr1	1	1	PASS	7	4
HG02976	HG02976_hap2	chr10	1	1	PASS	4	6
HG02976	HG02976_hap2	chr11	1	1	PASS	0	0
HG02976	HG02976_hap2	chr12	1	1	PASS	0	0
HG02976	HG02976_hap2	chr16	1	1	PASS	18	4
HG02976	HG02976_hap2	chr18	1	1	PASS	0	0
HG02976	HG02976_hap2	chr19	1	1	PASS	0	0
HG02976	HG02976_hap2	chr2	1	1	PASS	11	4
HG02976	HG02976_hap2	chr20	1	1	PASS	0	3
HG02976	HG02976_hap2	chr5	1	1	PASS	0	1
HG02976	HG02976_hap2	chr7	1	1	PASS	20	11
HG02976	HG02976_hap2	chr8	1	1	PASS	0	0
HG02976	HG02976_hap2	chrX	1	1	PASS	0	0
HG02984	HG02984_hap1	chr10	1	1	PASS	4	6
HG02984	HG02984_hap1	chr11	1	1	PASS	0	0
HG02984	HG02984_hap1	chr12	1	1	PASS	0	0
HG02984	HG02984_hap1	chr16	1	1	PASS	19	5
HG02984	HG02984_hap1	chr17	1	1	PASS	2	5
HG02984	HG02984_hap1	chr2	1	1	PASS	11	4
HG02984	HG02984_hap1	chr20	1	1	PASS	0	3
HG02984	HG02984_hap1	chr3	1	1	PASS	0	1
HG02984	HG02984_hap1	chr5	1	1	PASS	0	1
HG02984	HG02984_hap1	chr6	1	1	PASS	0	0
HG02984	HG02984_hap1	chr7	1	1	PASS	22	17
HG02984	HG02984_hap1	chr9	1	1	PASS	1	219
HG02984	HG02984_hap1	chrX	1	1	PASS	0	0
HG02984	HG02984_hap2	chr1	1	1	PASS	7	5
HG02984	HG02984_hap2	chr10	1	1	PASS	4	6
HG02984	HG02984_hap2	chr11	1	1	PASS	0	0
HG02984	HG02984_hap2	chr12	1	1	PASS	0	0
HG02984	HG02984_hap2	chr16	1	1	PASS	14	0
HG02984	HG02984_hap2	chr17	1	1	PASS	2	5
HG02984	HG02984_hap2	chr2	1	1	PASS	7	2
HG02984	HG02984_hap2	chr20	1	1	PASS	0	3
HG02984	HG02984_hap2	chr3	1	1	PASS	0	1
HG02984	HG02984_hap2	chr5	1	1	PASS	0	1
HG02984	HG02984_hap2	chr6	1	1	PASS	0	0
HG02984	HG02984_hap2	chr7	1	1	PASS	22	18
HG02984	HG02984_hap2	chr9	1	1	PASS	1	163
HG03009	HG03009_hap1	chr1	1	1	PASS	8	4
HG03009	HG03009_hap1	chr10	1	1	PASS	4	6
HG03009	HG03009_hap1	chr11	1	1	PASS	0	0
HG03009	HG03009_hap1	chr12	1	1	PASS	0	0
HG03009	HG03009_hap1	chr16	1	1	PASS	17	3
HG03009	HG03009_hap1	chr17	1	1	PASS	2	5
HG03009	HG03009_hap1	chr18	1	1	PASS	0	0
HG03009	HG03009_hap1	chr19	1	1	PASS	0	0
HG03009	HG03009_hap1	chr2	1	1	PASS	11	4
HG03009	HG03009_hap1	chr20	1	1	PASS	0	3
HG03009	HG03009_hap1	chr3	1	1	PASS	0	1
HG03009	HG03009_hap1	chr4	1	1	PASS	0	2
HG03009	HG03009_hap1	chr5	1	1	PASS	0	1
HG03009	HG03009_hap1	chr6	1	1	PASS	0	0
HG03009	HG03009_hap1	chr7	1	1	PASS	24	17
HG03009	HG03009_hap1	chr8	1	1	PASS	0	0
HG03009	HG03009_hap1	chr9	1	1	PASS	1	158
HG03009	HG03009_hap2	chr1	1	1	PASS	7	4
HG03009	HG03009_hap2	chr10	1	1	PASS	4	6
HG03009	HG03009_hap2	chr11	1	1	PASS	0	0
HG03009	HG03009_hap2	chr12	1	1	PASS	0	0
HG03009	HG03009_hap2	chr16	1	1	PASS	20	6
HG03009	HG03009_hap2	chr17	1	1	PASS	2	5
HG03009	HG03009_hap2	chr18	1	1	PASS	0	0
HG03009	HG03009_hap2	chr19	1	1	PASS	0	0
HG03009	HG03009_hap2	chr2	1	1	PASS	7	2
HG03009	HG03009_hap2	chr20	1	1	PASS	0	3
HG03009	HG03009_hap2	chr3	1	1	PASS	0	1
HG03009	HG03009_hap2	chr4	1	1	PASS	0	2
HG03009	HG03009_hap2	chr5	1	1	PASS	0	1
HG03009	HG03009_hap2	chr6	1	1	PASS	0	0
HG03009	HG03009_hap2	chr7	1	1	PASS	23	18
HG03009	HG03009_hap2	chr8	1	1	PASS	0	0
HG03009	HG03009_hap2	chr9	1	1	PASS	1	132
HG03009	HG03009_hap2	chrX	1	1	PASS	0	0
HG03017	HG03017_hap1	chr1	1	1	PASS	7	4
HG03017	HG03017_hap1	chr10	1	1	PASS	4	6
HG03017	HG03017_hap1	chr11	1	1	PASS	0	0
HG03017	HG03017_hap1	chr12	1	1	PASS	0	0
HG03017	HG03017_hap1	chr16	1	1	PASS	20	6
HG03017	HG03017_hap1	chr17	1	1	PASS	2	5
HG03017	HG03017_hap1	chr18	1	1	PASS	0	0
HG03017	HG03017_hap1	chr19	1	1	PASS	0	0
HG03017	HG03017_hap1	chr2	1	1	PASS	7	2
HG03017	HG03017_hap1	chr20	1	1	PASS	0	3
HG03017	HG03017_hap1	chr4	1	1	PASS	0	2
HG03017	HG03017_hap1	chr5	1	1	PASS	0	1
HG03017	HG03017_hap1	chr6	1	1	PASS	0	0
HG03017	HG03017_hap1	chr7	1	1	PASS	22	21
HG03017	HG03017_hap1	chr8	1	1	PASS	0	0
HG03017	HG03017_hap1	chr9	1	1	PASS	1	220
HG03017	HG03017_hap1	chrX	1	1	PASS	0	0
HG03017	HG03017_hap2	chr1	1	1	PASS	7	4
HG03017	HG03017_hap2	chr10	1	1	PASS	4	6
HG03017	HG03017_hap2	chr11	1	1	PASS	0	0
HG03017	HG03017_hap2	chr12	1	1	PASS	0	0
HG03017	HG03017_hap2	chr16	1	1	PASS	17	3
HG03017	HG03017_hap2	chr17	1	1	PASS	2	5
HG03017	HG03017_hap2	chr18	1	1	PASS	0	0
HG03017	HG03017_hap2	chr19	1	1	PASS	0	0
HG03017	HG03017_hap2	chr2	1	1	PASS	11	4
HG03017	HG03017_hap2	chr20	1	1	PASS	0	3
HG03017	HG03017_hap2	chr4	1	1	PASS	0	2
HG03017	HG03017_hap2	chr5	1	1	PASS	0	1
HG03017	HG03017_hap2	chr6	1	1	PASS	0	0
HG03017	HG03017_hap2	chr7	1	1	PASS	21	15
HG03017	HG03017_hap2	chr8	1	1	PASS	0	0
HG03017	HG03017_hap2	chr9	1	1	PASS	1	107
HG03041	HG03041_hap1	chr1	1	1	PASS	7	5
HG03041	HG03041_hap1	chr10	1	1	PASS	3	6
HG03041	HG03041_hap1	chr11	1	1	PASS	0	0
HG03041	HG03041_hap1	chr12	1	1	PASS	0	0
HG03041	HG03041_hap1	chr16	1	1	PASS	17	3
HG03041	HG03041_hap1	chr17	1	1	PASS	2	5
HG03041	HG03041_hap1	chr18	1	1	PASS	0	0
HG03041	HG03041_hap1	chr19	1	1	PASS	0	0
HG03041	HG03041_hap1	chr2	1	1	PASS	11	4
HG03041	HG03041_hap1	chr20	1	1	PASS	0	3
HG03041	HG03041_hap1	chr3	1	1	PASS	0	1
HG03041	HG03041_hap1	chr4	1	1	PASS	0	2
HG03041	HG03041_hap1	chr5	1	1	PASS	0	1
HG03041	HG03041_hap1	chr7	1	1	PASS	23	14
HG03041	HG03041_hap1	chr8	1	1	PASS	0	0
HG03041	HG03041_hap1	chr9	1	1	PASS	1	132
HG03041	HG03041_hap1	chrX	1	1	PASS	0	0
HG03041	HG03041_hap2	chr1	1	1	PASS	7	5
HG03041	HG03041_hap2	chr10	1	1	PASS	4	6
HG03041	HG03041_hap2	chr11	1	1	PASS	0	0
HG03041	HG03041_hap2	chr12	1	1	PASS	0	0
HG03041	HG03041_hap2	chr16	1	1	PASS	17	3
HG03041	HG03041_hap2	chr17	1	1	PASS	2	5
HG03041	HG03041_hap2	chr18	1	1	PASS	0	0
HG03041	HG03041_hap2	chr19	1	1	PASS	0	0
HG03041	HG03041_hap2	chr2	1	1	PASS	11	4
HG03041	HG03041_hap2	chr20	1	1	PASS	0	3
HG03041	HG03041_hap2	chr3	1	1	PASS	0	1
HG03041	HG03041_hap2	chr4	1	1	PASS	0	2
HG03041	HG03041_hap2	chr5	1	1	PASS	0	1
HG03041	HG03041_hap2	chr7	1	1	PASS	22	17
HG03041	HG03041_hap2	chr8	1	1	PASS	0	0
HG03041	HG03041_hap2	chr9	1	1	PASS	1	170
HG03041	HG03041_hap2	chrX	1	1	PASS	0	0
HG03050	HG03050_hap1	chr1	1	1	PASS	7	5
HG03050	HG03050_hap1	chr10	1	1	PASS	4	6
HG03050	HG03050_hap1	chr11	1	1	PASS	0	0
HG03050	HG03050_hap1	chr12	1	1	PASS	0	0
HG03050	HG03050_hap1	chr16	1	1	PASS	19	5
HG03050	HG03050_hap1	chr18	1	1	PASS	0	0
HG03050	HG03050_hap1	chr19	1	1	PASS	0	0
HG03050	HG03050_hap1	chr20	1	1	PASS	0	3
HG03050	HG03050_hap1	chr3	1	1	PASS	0	1
HG03050	HG03050_hap1	chr4	1	1	PASS	0	2
HG03050	HG03050_hap1	chr5	1	1	PASS	0	1
HG03050	HG03050_hap1	chr6	1	1	PASS	0	0
HG03050	HG03050_hap1	chr7	1	1	PASS	17	13
HG03050	HG03050_hap1	chr8	1	1	PASS	0	0
HG03050	HG03050_hap1	chr9	1	1	PASS	1	227
HG03050	HG03050_hap1	chrX	1	1	PASS	0	0
HG03050	HG03050_hap2	chr1	1	1	PASS	7	5
HG03050	HG03050_hap2	chr10	1	1	PASS	4	6
HG03050	HG03050_hap2	chr11	1	1	PASS	0	0
HG03050	HG03050_hap2	chr12	1	1	PASS	0	0
HG03050	HG03050_hap2	chr16	1	1	PASS	20	6
HG03050	HG03050_hap2	chr18	1	1	PASS	0	0
HG03050	HG03050_hap2	chr19	1	1	PASS	0	0
HG03050	HG03050_hap2	chr20	1	1	PASS	0	3
HG03050	HG03050_hap2	chr3	1	1	PASS	0	1
HG03050	HG03050_hap2	chr4	1	1	PASS	0	2
HG03050	HG03050_hap2	chr5	1	1	PASS	0	4
HG03050	HG03050_hap2	chr6	1	1	PASS	0	0
HG03050	HG03050_hap2	chr7	1	1	PASS	21	17
HG03050	HG03050_hap2	chr8	1	1	PASS	0	0
HG03050	HG03050_hap2	chr9	1	1	PASS	1	177
HG03065	HG03065_hap1	chr10	1	1	PASS	4	6
HG03065	HG03065_hap1	chr11	1	1	PASS	0	0
HG03065	HG03065_hap1	chr12	1	1	PASS	0	0
HG03065	HG03065_hap1	chr16	1	1	PASS	19	5
HG03065	HG03065_hap1	chr17	1	1	PASS	2	5
HG03065	HG03065_hap1	chr19	1	1	PASS	0	0
HG03065	HG03065_hap1	chr2	1	1	PASS	11	4
HG03065	HG03065_hap1	chr20	1	1	PASS	0	3
HG03065	HG03065_hap1	chr3	1	1	PASS	0	1
HG03065	HG03065_hap1	chr4	1	1	PASS	0	2
HG03065	HG03065_hap1	chr5	1	1	PASS	0	1
HG03065	HG03065_hap1	chr6	1	1	PASS	0	0
HG03065	HG03065_hap1	chr7	1	1	PASS	23	15
HG03065	HG03065_hap1	chr9	1	1	PASS	1	136
HG03065	HG03065_hap2	chr1	1	1	PASS	7	5
HG03065	HG03065_hap2	chr10	1	1	PASS	4	6
HG03065	HG03065_hap2	chr11	1	1	PASS	0	0
HG03065	HG03065_hap2	chr12	1	1	PASS	0	0
HG03065	HG03065_hap2	chr17	1	1	PASS	2	5
HG03065	HG03065_hap2	chr18	1	1	PASS	0	0
HG03065	HG03065_hap2	chr19	1	1	PASS	0	0
HG03065	HG03065_hap2	chr2	1	1	PASS	11	4
HG03065	HG03065_hap2	chr20	1	1	PASS	0	3
HG03065	HG03065_hap2	chr3	1	1	PASS	0	1
HG03065	HG03065_hap2	chr5	1	1	PASS	0	1
HG03065	HG03065_hap2	chr6	1	1	PASS	0	0
HG03065	HG03065_hap2	chr7	1	1	PASS	22	16
HG03065	HG03065_hap2	chr8	1	1	PASS	0	0
HG03065	HG03065_hap2	chrX	1	1	PASS	0	0
HG03098	HG03098_hap1	chr10	1	1	PASS	4	6
HG03098	HG03098_hap1	chr11	1	1	PASS	0	0
HG03098	HG03098_hap1	chr12	1	1	PASS	0	0
HG03098	HG03098_hap1	chr16	1	1	PASS	20	6
HG03098	HG03098_hap1	chr17	1	1	PASS	2	5
HG03098	HG03098_hap1	chr18	1	1	PASS	0	0
HG03098	HG03098_hap1	chr19	1	1	PASS	0	0
HG03098	HG03098_hap1	chr2	1	1	PASS	9	4
HG03098	HG03098_hap1	chr20	1	1	PASS	0	3
HG03098	HG03098_hap1	chr4	1	1	PASS	0	2
HG03098	HG03098_hap1	chr5	1	1	PASS	0	1
HG03098	HG03098_hap1	chr6	1	1	PASS	0	0
HG03098	HG03098_hap1	chr7	1	1	PASS	20	16
HG03098	HG03098_hap1	chr8	1	1	PASS	0	0
HG03098	HG03098_hap1	chrX	1	1	PASS	0	0
HG03098	HG03098_hap2	chr10	1	1	PASS	4	6
HG03098	HG03098_hap2	chr11	1	1	PASS	0	0
HG03098	HG03098_hap2	chr12	1	1	PASS	0	0
HG03098	HG03098_hap2	chr16	1	1	PASS	19	5
HG03098	HG03098_hap2	chr17	1	1	PASS	2	5
HG03098	HG03098_hap2	chr18	1	1	PASS	0	0
HG03098	HG03098_hap2	chr19	1	1	PASS	0	0
HG03098	HG03098_hap2	chr20	1	1	PASS	0	3
HG03098	HG03098_hap2	chr4	1	1	PASS	0	2
HG03098	HG03098_hap2	chr5	1	1	PASS	0	1
HG03098	HG03098_hap2	chr6	1	1	PASS	0	0
HG03098	HG03098_hap2	chr7	1	1	PASS	24	15
HG03098	HG03098_hap2	chr8	1	1	PASS	0	0
HG03098	HG03098_hap2	chr9	1	1	PASS	1	188
HG03130	HG03130_hap1	chr1	1	1	PASS	7	5
HG03130	HG03130_hap1	chr10	1	1	PASS	4	6
HG03130	HG03130_hap1	chr11	1	1	PASS	0	0
HG03130	HG03130_hap1	chr12	1	1	PASS	0	0
HG03130	HG03130_hap1	chr19	1	1	PASS	0	0
HG03130	HG03130_hap1	chr2	1	1	PASS	11	4
HG03130	HG03130_hap1	chr20	1	1	PASS	0	3
HG03130	HG03130_hap1	chr4	1	1	PASS	0	2
HG03130	HG03130_hap1	chr5	1	1	PASS	0	1
HG03130	HG03130_hap1	chr7	1	1	PASS	23	18
HG03130	HG03130_hap1	chr8	1	1	PASS	0	0
HG03130	HG03130_hap1	chr9	1	1	PASS	1	209
HG03130	HG03130_hap2	chr1	1	1	PASS	8	5
HG03130	HG03130_hap2	chr10	1	1	PASS	4	6
HG03130	HG03130_hap2	chr11	1	1	PASS	0	0
HG03130	HG03130_hap2	chr12	1	1	PASS	0	0
HG03130	HG03130_hap2	chr18	1	1	PASS	0	0
HG03130	HG03130_hap2	chr19	1	1	PASS	0	0
HG03130	HG03130_hap2	chr2	1	1	PASS	9	4
HG03130	HG03130_hap2	chr4	1	1	PASS	0	2
HG03130	HG03130_hap2	chr5	1	1	PASS	0	1
HG03130	HG03130_hap2	chr7	1	1	PASS	21	17
HG03130	HG03130_hap2	chr8	1	1	PASS	0	0
HG03130	HG03130_hap2	chr9	1	1	PASS	1	129
HG03130	HG03130_hap2	chrX	1	1	PASS	0	0
HG03139	HG03139_hap1	chr1	1	1	PASS	9	5
HG03139	HG03139_hap1	chr10	1	1	PASS	4	6
HG03139	HG03139_hap1	chr11	1	1	PASS	0	0
HG03139	HG03139_hap1	chr16	1	1	PASS	18	4
HG03139	HG03139_hap1	chr17	1	1	PASS	2	5
HG03139	HG03139_hap1	chr18	1	1	PASS	0	0
HG03139	HG03139_hap1	chr19	1	1	PASS	0	0
HG03139	HG03139_hap1	chr2	1	1	PASS	11	4
HG03139	HG03139_hap1	chr20	1	1	PASS	0	3
HG03139	HG03139_hap1	chr3	1	1	PASS	0	1
HG03139	HG03139_hap1	chr4	1	1	PASS	0	2
HG03139	HG03139_hap1	chr5	1	1	PASS	0	1
HG03139	HG03139_hap1	chr6	1	1	PASS	0	0
HG03139	HG03139_hap1	chr7	1	1	PASS	22	17
HG03139	HG03139_hap1	chr8	1	1	PASS	0	0
HG03139	HG03139_hap1	chr9	1	1	PASS	1	163
HG03139	HG03139_hap2	chr1	1	1	PASS	7	5
HG03139	HG03139_hap2	chr10	1	1	PASS	4	5
HG03139	HG03139_hap2	chr11	1	1	PASS	0	0
HG03139	HG03139_hap2	chr12	1	1	PASS	0	0
HG03139	HG03139_hap2	chr16	1	1	PASS	19	5
HG03139	HG03139_hap2	chr17	1	1	PASS	2	5
HG03139	HG03139_hap2	chr18	1	1	PASS	0	0
HG03139	HG03139_hap2	chr19	1	1	PASS	0	0
HG03139	HG03139_hap2	chr2	1	1	PASS	11	4
HG03139	HG03139_hap2	chr20	1	1	PASS	0	3
HG03139	HG03139_hap2	chr3	1	1	PASS	0	1
HG03139	HG03139_hap2	chr4	1	1	PASS	0	2
HG03139	HG03139_hap2	chr5	1	1	PASS	0	1
HG03139	HG03139_hap2	chr6	1	1	PASS	0	0
HG03139	HG03139_hap2	chr7	1	1	PASS	22	16
HG03139	HG03139_hap2	chr8	1	1	PASS	0	0
HG03139	HG03139_hap2	chr9	1	1	PASS	1	168
HG03139	HG03139_hap2	chrX	1	1	PASS	0	0
HG03195	HG03195_hap1	chr1	1	1	PASS	7	4
HG03195	HG03195_hap1	chr10	1	1	PASS	4	6
HG03195	HG03195_hap1	chr12	1	1	PASS	0	0
HG03195	HG03195_hap1	chr16	1	1	PASS	19	5
HG03195	HG03195_hap1	chr17	1	1	PASS	2	5
HG03195	HG03195_hap1	chr18	1	1	PASS	0	0
HG03195	HG03195_hap1	chr19	1	1	PASS	0	0
HG03195	HG03195_hap1	chr2	1	1	PASS	11	4
HG03195	HG03195_hap1	chr3	1	1	PASS	0	1
HG03195	HG03195_hap1	chr5	1	1	PASS	0	1
HG03195	HG03195_hap1	chr7	1	1	PASS	19	11
HG03195	HG03195_hap1	chr8	1	1	PASS	0	0
HG03195	HG03195_hap1	chr9	1	1	PASS	1	237
HG03195	HG03195_hap1	chrX	1	1	PASS	0	0
HG03195	HG03195_hap2	chr1	1	1	PASS	8	4
HG03195	HG03195_hap2	chr10	1	1	PASS	4	6
HG03195	HG03195_hap2	chr12	1	1	PASS	0	0
HG03195	HG03195_hap2	chr16	1	1	PASS	17	3
HG03195	HG03195_hap2	chr17	1	1	PASS	2	5
HG03195	HG03195_hap2	chr18	1	1	PASS	0	0
HG03195	HG03195_hap2	chr19	1	1	PASS	0	0
HG03195	HG03195_hap2	chr2	1	1	PASS	11	4
HG03195	HG03195_hap2	chr20	1	1	PASS	0	3
HG03195	HG03195_hap2	chr3	1	1	PASS	0	1
HG03195	HG03195_hap2	chr5	1	1	PASS	0	1
HG03195	HG03195_hap2	chr7	1	1	PASS	24	17
HG03195	HG03195_hap2	chr8	1	1	PASS	0	0
HG03195	HG03195_hap2	chr9	1	1	PASS	1	137
HG03195	HG03195_hap2	chrX	1	1	PASS	0	0
HG03209	HG03209_hap1	chr10	1	1	PASS	4	6
HG03209	HG03209_hap1	chr11	1	1	PASS	0	0
HG03209	HG03209_hap1	chr12	1	1	PASS	0	0
HG03209	HG03209_hap1	chr16	1	1	PASS	19	5
HG03209	HG03209_hap1	chr17	1	1	PASS	2	5
HG03209	HG03209_hap1	chr18	1	1	PASS	0	0
HG03209	HG03209_hap1	chr19	1	1	PASS	0	0
HG03209	HG03209_hap1	chr2	1	1	PASS	11	4
HG03209	HG03209_hap1	chr20	1	1	PASS	0	3
HG03209	HG03209_hap1	chr3	1	1	PASS	0	1
HG03209	HG03209_hap1	chr4	1	1	PASS	0	2
HG03209	HG03209_hap1	chr5	1	1	PASS	0	1
HG03209	HG03209_hap1	chr6	1	1	PASS	0	0
HG03209	HG03209_hap1	chr7	1	1	PASS	20	16
HG03209	HG03209_hap1	chr8	1	1	PASS	0	0
HG03209	HG03209_hap2	chr10	1	1	PASS	4	6
HG03209	HG03209_hap2	chr11	1	1	PASS	0	0
HG03209	HG03209_hap2	chr12	1	1	PASS	0	0
HG03209	HG03209_hap2	chr16	1	1	PASS	19	4
HG03209	HG03209_hap2	chr17	1	1	PASS	2	5
HG03209	HG03209_hap2	chr18	1	1	PASS	0	0
HG03209	HG03209_hap2	chr19	1	1	PASS	0	0
HG03209	HG03209_hap2	chr2	1	1	PASS	11	4
HG03209	HG03209_hap2	chr20	1	1	PASS	0	3
HG03209	HG03209_hap2	chr3	1	1	PASS	0	1
HG03209	HG03209_hap2	chr4	1	1	PASS	0	2
HG03209	HG03209_hap2	chr5	1	1	PASS	0	1
HG03209	HG03209_hap2	chr6	1	1	PASS	0	0
HG03209	HG03209_hap2	chr7	1	1	PASS	24	16
HG03209	HG03209_hap2	chr8	1	1	PASS	0	0
HG03209	HG03209_hap2	chr9	1	1	PASS	1	114
HG03209	HG03209_hap2	chrX	1	1	PASS	0	0
HG03225	HG03225_hap1	chr1	1	1	PASS	7	5
HG03225	HG03225_hap1	chr10	1	1	PASS	4	6
HG03225	HG03225_hap1	chr11	1	1	PASS	0	0
HG03225	HG03225_hap1	chr12	1	1	PASS	0	0
HG03225	HG03225_hap1	chr16	1	1	PASS	22	7
HG03225	HG03225_hap1	chr17	1	1	PASS	2	5
HG03225	HG03225_hap1	chr18	1	1	PASS	0	0
HG03225	HG03225_hap1	chr19	1	1	PASS	0	0
HG03225	HG03225_hap1	chr2	1	1	PASS	7	2
HG03225	HG03225_hap1	chr20	1	1	PASS	0	3
HG03225	HG03225_hap1	chr4	1	1	PASS	0	2
HG03225	HG03225_hap1	chr5	1	1	PASS	0	1
HG03225	HG03225_hap1	chr6	1	1	PASS	0	0
HG03225	HG03225_hap1	chr7	1	1	PASS	22	19
HG03225	HG03225_hap1	chr8	1	1	PASS	0	0
HG03225	HG03225_hap1	chr9	1	1	PASS	1	160
HG03225	HG03225_hap2	chr1	1	1	PASS	9	5
HG03225	HG03225_hap2	chr10	1	1	PASS	4	6
HG03225	HG03225_hap2	chr11	1	1	PASS	0	0
HG03225	HG03225_hap2	chr12	1	1	PASS	0	0
HG03225	HG03225_hap2	chr16	1	1	PASS	17	3
HG03225	HG03225_hap2	chr17	1	1	PASS	2	5
HG03225	HG03225_hap2	chr18	1	1	PASS	0	0
HG03225	HG03225_hap2	chr19	1	1	PASS	0	0
HG03225	HG03225_hap2	chr2	1	1	PASS	11	4
HG03225	HG03225_hap2	chr20	1	1	PASS	0	3
HG03225	HG03225_hap2	chr3	1	1	PASS	0	1
HG03225	HG03225_hap2	chr4	1	1	PASS	0	2
HG03225	HG03225_hap2	chr5	1	1	PASS	0	1
HG03225	HG03225_hap2	chr6	1	1	PASS	0	0
HG03225	HG03225_hap2	chr7	1	1	PASS	19	13
HG03225	HG03225_hap2	chr8	1	1	PASS	0	0
HG03225	HG03225_hap2	chr9	1	1	PASS	1	199
HG03239	HG03239_hap1	chr10	1	1	PASS	4	6
HG03239	HG03239_hap1	chr11	1	1	PASS	0	0
HG03239	HG03239_hap1	chr12	1	1	PASS	0	0
HG03239	HG03239_hap1	chr16	1	1	PASS	19	5
HG03239	HG03239_hap1	chr17	1	1	PASS	2	5
HG03239	HG03239_hap1	chr19	1	1	PASS	0	0
HG03239	HG03239_hap1	chr2	1	1	PASS	11	4
HG03239	HG03239_hap1	chr20	1	1	PASS	0	3
HG03239	HG03239_hap1	chr3	1	1	PASS	0	1
HG03239	HG03239_hap1	chr4	1	1	PASS	0	2
HG03239	HG03239_hap1	chr5	1	1	PASS	0	1
HG03239	HG03239_hap1	chr6	1	1	PASS	0	0
HG03239	HG03239_hap1	chr7	1	1	PASS	21	17
HG03239	HG03239_hap1	chr8	1	1	PASS	0	0
HG03239	HG03239_hap1	chr9	1	1	PASS	1	132
HG03239	HG03239_hap1	chrX	1	1	PASS	0	0
HG03239	HG03239_hap2	chr1	1	1	PASS	7	4
HG03239	HG03239_hap2	chr10	1	1	PASS	4	6
HG03239	HG03239_hap2	chr11	1	1	PASS	0	0
HG03239	HG03239_hap2	chr12	1	1	PASS	0	0
HG03239	HG03239_hap2	chr16	1	1	PASS	17	3
HG03239	HG03239_hap2	chr17	1	1	PASS	2	5
HG03239	HG03239_hap2	chr19	1	1	PASS	0	0
HG03239	HG03239_hap2	chr2	1	1	PASS	11	4
HG03239	HG03239_hap2	chr20	1	1	PASS	0	3
HG03239	HG03239_hap2	chr3	1	1	PASS	0	1
HG03239	HG03239_hap2	chr4	1	1	PASS	0	2
HG03239	HG03239_hap2	chr5	1	1	PASS	0	1
HG03239	HG03239_hap2	chr6	1	1	PASS	0	0
HG03239	HG03239_hap2	chr7	1	1	PASS	25	16
HG03239	HG03239_hap2	chr8	1	1	PASS	0	0
HG03239	HG03239_hap2	chrX	1	1	PASS	0	0
HG03248	HG03248_hap1	chr10	1	1	PASS	4	6
HG03248	HG03248_hap1	chr11	1	1	PASS	0	0
HG03248	HG03248_hap1	chr12	1	1	PASS	0	0
HG03248	HG03248_hap1	chr17	1	1	PASS	2	5
HG03248	HG03248_hap1	chr18	1	1	PASS	0	0
HG03248	HG03248_hap1	chr19	1	1	PASS	0	0
HG03248	HG03248_hap1	chr20	1	1	PASS	0	3
HG03248	HG03248_hap1	chr4	1	1	PASS	0	2
HG03248	HG03248_hap1	chr5	1	1	PASS	0	1
HG03248	HG03248_hap1	chr7	1	1	PASS	21	16
HG03248	HG03248_hap1	chr8	1	1	PASS	0	0
HG03248	HG03248_hap2	chr10	1	1	PASS	4	6
HG03248	HG03248_hap2	chr11	1	1	PASS	0	0
HG03248	HG03248_hap2	chr12	1	1	PASS	0	0
HG03248	HG03248_hap2	chr17	1	1	PASS	2	5
HG03248	HG03248_hap2	chr18	1	1	PASS	0	0
HG03248	HG03248_hap2	chr19	1	1	PASS	0	0
HG03248	HG03248_hap2	chr20	1	1	PASS	0	3
HG03248	HG03248_hap2	chr4	1	1	PASS	0	2
HG03248	HG03248_hap2	chr5	1	1	PASS	0	1
HG03248	HG03248_hap2	chr6	1	1	PASS	0	0
HG03248	HG03248_hap2	chr7	1	1	PASS	21	16
HG03248	HG03248_hap2	chr8	1	1	PASS	0	0
HG03248	HG03248_hap2	chr9	1	1	PASS	1	197
HG03248	HG03248_hap2	chrX	1	1	PASS	0	0
HG03270	HG03270_hap1	chr1	1	1	PASS	7	5
HG03270	HG03270_hap1	chr10	1	1	PASS	4	5
HG03270	HG03270_hap1	chr11	1	1	PASS	0	0
HG03270	HG03270_hap1	chr12	1	1	PASS	0	0
HG03270	HG03270_hap1	chr17	1	1	PASS	0	4
HG03270	HG03270_hap1	chr18	1	1	PASS	0	0
HG03270	HG03270_hap1	chr19	1	1	PASS	0	0
HG03270	HG03270_hap1	chr2	1	1	PASS	7	2
HG03270	HG03270_hap1	chr20	1	1	PASS	0	3
HG03270	HG03270_hap1	chr4	1	1	PASS	0	2
HG03270	HG03270_hap1	chr5	1	1	PASS	0	1
HG03270	HG03270_hap1	chr6	1	1	PASS	0	0
HG03270	HG03270_hap1	chr7	1	1	PASS	22	12
HG03270	HG03270_hap1	chr8	1	1	PASS	0	0
HG03270	HG03270_hap1	chr9	1	1	PASS	0	148
HG03270	HG03270_hap1	chrX	1	1	PASS	0	0
HG03270	HG03270_hap2	chr1	1	1	PASS	7	5
HG03270	HG03270_hap2	chr10	1	1	PASS	4	6
HG03270	HG03270_hap2	chr11	1	1	PASS	0	0
HG03270	HG03270_hap2	chr12	1	1	PASS	0	0
HG03270	HG03270_hap2	chr17	1	1	PASS	2	5
HG03270	HG03270_hap2	chr19	1	1	PASS	0	0
HG03270	HG03270_hap2	chr2	1	1	PASS	11	4
HG03270	HG03270_hap2	chr20	1	1	PASS	0	3
HG03270	HG03270_hap2	chr4	1	1	PASS	0	2
HG03270	HG03270_hap2	chr5	1	1	PASS	0	1
HG03270	HG03270_hap2	chr6	1	1	PASS	0	0
HG03270	HG03270_hap2	chr7	1	1	PASS	17	5
HG03270	HG03270_hap2	chr8	1	1	PASS	0	0
HG03270	HG03270_hap2	chrX	1	1	PASS	0	0
HG03369	HG03369_hap1	chr1	1	1	PASS	7	5
HG03369	HG03369_hap1	chr10	1	1	PASS	4	6
HG03369	HG03369_hap1	chr11	1	1	PASS	0	0
HG03369	HG03369_hap1	chr12	1	1	PASS	0	0
HG03369	HG03369_hap1	chr16	1	1	PASS	18	4
HG03369	HG03369_hap1	chr19	1	1	PASS	0	0
HG03369	HG03369_hap1	chr2	1	1	PASS	11	4
HG03369	HG03369_hap1	chr20	1	1	PASS	0	3
HG03369	HG03369_hap1	chr5	1	1	PASS	0	1
HG03369	HG03369_hap1	chr6	1	1	PASS	0	0
HG03369	HG03369_hap1	chr7	1	1	PASS	21	17
HG03369	HG03369_hap1	chr8	1	1	PASS	0	0
HG03369	HG03369_hap1	chr9	1	1	PASS	1	155
HG03369	HG03369_hap1	chrX	1	1	PASS	0	0
HG03369	HG03369_hap2	chr10	1	1	PASS	4	6
HG03369	HG03369_hap2	chr11	1	1	PASS	0	0
HG03369	HG03369_hap2	chr12	1	1	PASS	0	0
HG03369	HG03369_hap2	chr16	1	1	PASS	20	6
HG03369	HG03369_hap2	chr19	1	1	PASS	0	0
HG03369	HG03369_hap2	chr2	1	1	PASS	11	4
HG03369	HG03369_hap2	chr20	1	1	PASS	0	3
HG03369	HG03369_hap2	chr5	1	1	PASS	0	1
HG03369	HG03369_hap2	chr6	1	1	PASS	0	0
HG03369	HG03369_hap2	chr7	1	1	PASS	21	16
HG03369	HG03369_hap2	chr8	1	1	PASS	0	0
HG03369	HG03369_hap2	chr9	1	1	PASS	1	164
HG03369	HG03369_hap2	chrX	1	1	PASS	0	0
HG03371	HG03371_hap1	chr1	1	1	PASS	7	5
HG03371	HG03371_hap1	chr10	1	1	PASS	4	6
HG03371	HG03371_hap1	chr11	1	1	PASS	0	0
HG03371	HG03371_hap1	chr12	1	1	PASS	0	0
HG03371	HG03371_hap1	chr16	1	1	PASS	18	4
HG03371	HG03371_hap1	chr17	1	1	PASS	2	5
HG03371	HG03371_hap1	chr18	1	1	PASS	0	0
HG03371	HG03371_hap1	chr19	1	1	PASS	0	0
HG03371	HG03371_hap1	chr2	1	1	PASS	11	4
HG03371	HG03371_hap1	chr20	1	1	PASS	0	3
HG03371	HG03371_hap1	chr3	1	1	PASS	0	2
HG03371	HG03371_hap1	chr4	1	1	PASS	0	2
HG03371	HG03371_hap1	chr5	1	1	PASS	0	1
HG03371	HG03371_hap1	chr6	1	1	PASS	0	0
HG03371	HG03371_hap1	chr7	1	1	PASS	21	17
HG03371	HG03371_hap1	chr8	1	1	PASS	0	0
HG03371	HG03371_hap1	chr9	1	1	PASS	1	155
HG03371	HG03371_hap2	chr1	1	1	PASS	7	5
HG03371	HG03371_hap2	chr10	1	1	PASS	4	6
HG03371	HG03371_hap2	chr11	1	1	PASS	0	0
HG03371	HG03371_hap2	chr12	1	1	PASS	0	0
HG03371	HG03371_hap2	chr16	1	1	PASS	14	0
HG03371	HG03371_hap2	chr17	1	1	PASS	2	5
HG03371	HG03371_hap2	chr18	1	1	PASS	0	0
HG03371	HG03371_hap2	chr19	1	1	PASS	0	0
HG03371	HG03371_hap2	chr2	1	1	PASS	11	4
HG03371	HG03371_hap2	chr20	1	1	PASS	0	3
HG03371	HG03371_hap2	chr3	1	1	PASS	0	1
HG03371	HG03371_hap2	chr4	1	1	PASS	0	2
HG03371	HG03371_hap2	chr5	1	1	PASS	0	1
HG03371	HG03371_hap2	chr6	1	1	PASS	0	0
HG03371	HG03371_hap2	chr7	1	1	PASS	24	18
HG03371	HG03371_hap2	chr8	1	1	PASS	0	0
HG03371	HG03371_hap2	chr9	1	1	PASS	1	162
HG03371	HG03371_hap2	chrX	1	1	PASS	0	0
HG03452	HG03452_hap1	chr1	1	1	PASS	7	5
HG03452	HG03452_hap1	chr10	1	1	PASS	4	6
HG03452	HG03452_hap1	chr11	1	1	PASS	0	0
HG03452	HG03452_hap1	chr12	1	1	PASS	0	0
HG03452	HG03452_hap1	chr16	1	1	PASS	19	4
HG03452	HG03452_hap1	chr17	1	1	PASS	2	5
HG03452	HG03452_hap1	chr18	1	1	PASS	0	0
HG03452	HG03452_hap1	chr2	1	1	PASS	9	4
HG03452	HG03452_hap1	chr20	1	1	PASS	0	3
HG03452	HG03452_hap1	chr4	1	1	PASS	0	1
HG03452	HG03452_hap1	chr5	1	1	PASS	0	1
HG03452	HG03452_hap1	chr6	1	1	PASS	0	0
HG03452	HG03452_hap1	chr7	1	1	PASS	23	23
HG03452	HG03452_hap1	chr8	1	1	PASS	0	0
HG03452	HG03452_hap2	chr1	1	1	PASS	9	5
HG03452	HG03452_hap2	chr10	1	1	PASS	4	6
HG03452	HG03452_hap2	chr11	1	1	PASS	0	0
HG03452	HG03452_hap2	chr12	1	1	PASS	0	0
HG03452	HG03452_hap2	chr16	1	1	PASS	19	5
HG03452	HG03452_hap2	chr18	1	1	PASS	0	0
HG03452	HG03452_hap2	chr19	1	1	PASS	0	0
HG03452	HG03452_hap2	chr20	1	1	PASS	0	3
HG03452	HG03452_hap2	chr5	1	1	PASS	0	1
HG03452	HG03452_hap2	chr6	1	1	PASS	0	0
HG03452	HG03452_hap2	chr8	1	1	PASS	0	0
HG03452	HG03452_hap2	chr9	1	1	PASS	1	165
HG03452	HG03452_hap2	chrX	1	1	PASS	0	0
HG03453	HG03453_hap1	chr10	1	1	PASS	4	6
HG03453	HG03453_hap1	chr11	1	1	PASS	0	0
HG03453	HG03453_hap1	chr12	1	1	PASS	0	0
HG03453	HG03453_hap1	chr16	1	1	PASS	19	5
HG03453	HG03453_hap1	chr18	1	1	PASS	0	0
HG03453	HG03453_hap1	chr19	1	1	PASS	0	0
HG03453	HG03453_hap1	chr2	1	1	PASS	11	4
HG03453	HG03453_hap1	chr20	1	1	PASS	0	3
HG03453	HG03453_hap1	chr3	1	1	PASS	0	1
HG03453	HG03453_hap1	chr4	1	1	PASS	0	2
HG03453	HG03453_hap1	chr7	1	1	PASS	15	15
HG03453	HG03453_hap1	chr8	1	1	PASS	0	0
HG03453	HG03453_hap1	chr9	1	1	PASS	1	160
HG03453	HG03453_hap1	chrX	1	1	PASS	0	0
HG03453	HG03453_hap2	chr10	1	1	PASS	4	6
HG03453	HG03453_hap2	chr11	1	1	PASS	0	0
HG03453	HG03453_hap2	chr12	1	1	PASS	0	0
HG03453	HG03453_hap2	chr16	1	1	PASS	14	0
HG03453	HG03453_hap2	chr18	1	1	PASS	0	0
HG03453	HG03453_hap2	chr19	1	1	PASS	0	0
HG03453	HG03453_hap2	chr2	1	1	PASS	11	4
HG03453	HG03453_hap2	chr20	1	1	PASS	0	4
HG03453	HG03453_hap2	chr4	1	1	PASS	0	2
HG03453	HG03453_hap2	chr5	1	1	PASS	0	1
HG03453	HG03453_hap2	chr7	1	1	PASS	23	14
HG03453	HG03453_hap2	chr8	1	1	PASS	0	0
HG03453	HG03453_hap2	chr9	1	1	PASS	1	151
HG03453	HG03453_hap2	chrX	1	1	PASS	0	0
HG03456	HG03456_hap1	chr10	1	1	PASS	4	6
HG03456	HG03456_hap1	chr11	1	1	PASS	0	0
HG03456	HG03456_hap1	chr12	1	1	PASS	0	0
HG03456	HG03456_hap1	chr16	1	1	PASS	18	4
HG03456	HG03456_hap1	chr17	1	1	PASS	2	5
HG03456	HG03456_hap1	chr18	1	1	PASS	0	0
HG03456	HG03456_hap1	chr19	1	1	PASS	0	0
HG03456	HG03456_hap1	chr2	1	1	PASS	11	4
HG03456	HG03456_hap1	chr20	1	1	PASS	0	3
HG03456	HG03456_hap1	chr3	1	1	PASS	0	1
HG03456	HG03456_hap1	chr4	1	1	PASS	0	2
HG03456	HG03456_hap1	chr5	1	1	PASS	0	1
HG03456	HG03456_hap1	chr6	1	1	PASS	0	0
HG03456	HG03456_hap1	chr7	1	1	PASS	21	19
HG03456	HG03456_hap1	chr8	1	1	PASS	0	0
HG03456	HG03456_hap1	chr9	1	1	PASS	1	166
HG03456	HG03456_hap2	chr1	1	1	PASS	6	4
HG03456	HG03456_hap2	chr10	1	1	PASS	4	6
HG03456	HG03456_hap2	chr11	1	1	PASS	0	0
HG03456	HG03456_hap2	chr12	1	1	PASS	0	0
HG03456	HG03456_hap2	chr16	1	1	PASS	19	5
HG03456	HG03456_hap2	chr18	1	1	PASS	0	0
HG03456	HG03456_hap2	chr19	1	1	PASS	0	0
HG03456	HG03456_hap2	chr2	1	1	PASS	11	4
HG03456	HG03456_hap2	chr20	1	1	PASS	0	3
HG03456	HG03456_hap2	chr3	1	1	PASS	0	1
HG03456	HG03456_hap2	chr4	1	1	PASS	0	2
HG03456	HG03456_hap2	chr5	1	1	PASS	0	1
HG03456	HG03456_hap2	chr6	1	1	PASS	0	0
HG03456	HG03456_hap2	chr7	1	1	PASS	20	13
HG03456	HG03456_hap2	chr8	1	1	PASS	0	0
HG03456	HG03456_hap2	chr9	1	1	PASS	1	116
HG03456	HG03456_hap2	chrX	1	1	PASS	0	0
HG03470	HG03470_hap1	chr10	1	1	PASS	4	6
HG03470	HG03470_hap1	chr11	1	1	PASS	0	0
HG03470	HG03470_hap1	chr12	1	1	PASS	0	0
HG03470	HG03470_hap1	chr16	1	1	PASS	20	6
HG03470	HG03470_hap1	chr17	1	1	PASS	2	5
HG03470	HG03470_hap1	chr18	1	1	PASS	0	0
HG03470	HG03470_hap1	chr19	1	1	PASS	0	0
HG03470	HG03470_hap1	chr2	1	1	PASS	11	4
HG03470	HG03470_hap1	chr20	1	1	PASS	0	3
HG03470	HG03470_hap1	chr3	1	1	PASS	0	1
HG03470	HG03470_hap1	chr4	1	1	PASS	0	2
HG03470	HG03470_hap1	chr5	1	1	PASS	0	1
HG03470	HG03470_hap1	chr6	1	1	PASS	0	0
HG03470	HG03470_hap1	chr7	1	1	PASS	22	17
HG03470	HG03470_hap1	chr8	1	1	PASS	0	0
HG03470	HG03470_hap1	chr9	1	1	PASS	1	165
HG03470	HG03470_hap1	chrX	1	1	PASS	0	0
HG03470	HG03470_hap2	chr1	1	1	PASS	8	5
HG03470	HG03470_hap2	chr10	1	1	PASS	4	6
HG03470	HG03470_hap2	chr11	1	1	PASS	0	0
HG03470	HG03470_hap2	chr12	1	1	PASS	0	0
HG03470	HG03470_hap2	chr16	1	1	PASS	19	5
HG03470	HG03470_hap2	chr17	1	1	PASS	2	5
HG03470	HG03470_hap2	chr18	1	1	PASS	0	0
HG03470	HG03470_hap2	chr19	1	1	PASS	0	0
HG03470	HG03470_hap2	chr2	1	1	PASS	11	4
HG03470	HG03470_hap2	chr20	1	1	PASS	0	3
HG03470	HG03470_hap2	chr4	1	1	PASS	0	2
HG03470	HG03470_hap2	chr5	1	1	PASS	0	1
HG03470	HG03470_hap2	chr6	1	1	PASS	0	0
HG03470	HG03470_hap2	chr7	1	1	PASS	14	16
HG03470	HG03470_hap2	chr8	1	1	PASS	0	0
HG03470	HG03470_hap2	chr9	1	1	PASS	1	197
HG03470	HG03470_hap2	chrX	1	1	PASS	0	0
HG03471	HG03471_hap1	chr10	1	1	PASS	4	6
HG03471	HG03471_hap1	chr11	1	1	PASS	0	0
HG03471	HG03471_hap1	chr16	1	1	PASS	17	3
HG03471	HG03471_hap1	chr17	1	1	PASS	2	5
HG03471	HG03471_hap1	chr19	1	1	PASS	0	0
HG03471	HG03471_hap1	chr2	1	1	PASS	11	4
HG03471	HG03471_hap1	chr20	1	1	PASS	0	3
HG03471	HG03471_hap1	chr4	1	1	PASS	0	2
HG03471	HG03471_hap1	chr5	1	1	PASS	0	1
HG03471	HG03471_hap1	chr6	1	1	PASS	0	0
HG03471	HG03471_hap1	chr8	1	1	PASS	0	0
HG03471	HG03471_hap2	chr10	1	1	PASS	4	6
HG03471	HG03471_hap2	chr11	1	1	PASS	0	0
HG03471	HG03471_hap2	chr16	1	1	PASS	20	5
HG03471	HG03471_hap2	chr17	1	1	PASS	2	5
HG03471	HG03471_hap2	chr19	1	1	PASS	0	0
HG03471	HG03471_hap2	chr2	1	1	PASS	11	4
HG03471	HG03471_hap2	chr20	1	1	PASS	0	3
HG03471	HG03471_hap2	chr4	1	1	PASS	0	2
HG03471	HG03471_hap2	chr5	1	1	PASS	0	1
HG03471	HG03471_hap2	chr6	1	1	PASS	0	0
HG03471	HG03471_hap2	chr8	1	1	PASS	0	0
HG03471	HG03471_hap2	chr9	1	1	PASS	1	183
HG03471	HG03471_hap2	chrX	1	1	PASS	0	0
HG03486	HG03486_hap1	chr10	1	1	PASS	4	6
HG03486	HG03486_hap1	chr11	1	1	PASS	0	0
HG03486	HG03486_hap1	chr12	1	1	PASS	0	0
HG03486	HG03486_hap1	chr16	1	1	PASS	19	5
HG03486	HG03486_hap1	chr18	1	1	PASS	0	0
HG03486	HG03486_hap1	chr19	1	1	PASS	0	0
HG03486	HG03486_hap1	chr20	1	1	PASS	0	3
HG03486	HG03486_hap1	chr4	1	1	PASS	0	2
HG03486	HG03486_hap1	chr5	1	1	PASS	0	1
HG03486	HG03486_hap1	chr6	1	1	PASS	0	0
HG03486	HG03486_hap1	chr7	1	1	PASS	19	13
HG03486	HG03486_hap1	chr8	1	1	PASS	0	0
HG03486	HG03486_hap1	chr9	1	1	PASS	1	107
HG03486	HG03486_hap1	chrX	1	1	PASS	0	0
HG03486	HG03486_hap2	chr1	1	1	PASS	7	5
HG03486	HG03486_hap2	chr10	1	1	PASS	4	6
HG03486	HG03486_hap2	chr11	1	1	PASS	0	0
HG03486	HG03486_hap2	chr12	1	1	PASS	0	0
HG03486	HG03486_hap2	chr16	1	1	PASS	21	6
HG03486	HG03486_hap2	chr18	1	1	PASS	0	0
HG03486	HG03486_hap2	chr19	1	1	PASS	0	0
HG03486	HG03486_hap2	chr20	1	1	PASS	0	3
HG03486	HG03486_hap2	chr4	1	1	PASS	0	2
HG03486	HG03486_hap2	chr5	1	1	PASS	0	1
HG03486	HG03486_hap2	chr6	1	1	PASS	0	0
HG03486	HG03486_hap2	chr7	1	1	PASS	20	19
HG03486	HG03486_hap2	chr8	1	1	PASS	0	0
HG03486	HG03486_hap2	chr9	1	1	PASS	1	136
HG03486	HG03486_hap2	chrX	1	1	PASS	0	0
HG03516	HG03516_hap1	chr1	1	1	PASS	7	5
HG03516	HG03516_hap1	chr10	1	1	PASS	4	6
HG03516	HG03516_hap1	chr11	1	1	PASS	0	0
HG03516	HG03516_hap1	chr12	1	1	PASS	0	0
HG03516	HG03516_hap1	chr16	1	1	PASS	18	4
HG03516	HG03516_hap1	chr17	1	1	PASS	2	5
HG03516	HG03516_hap1	chr18	1	1	PASS	0	0
HG03516	HG03516_hap1	chr19	1	1	PASS	0	0
HG03516	HG03516_hap1	chr2	1	1	PASS	11	4
HG03516	HG03516_hap1	chr20	1	1	PASS	0	3
HG03516	HG03516_hap1	chr4	1	1	PASS	0	2
HG03516	HG03516_hap1	chr5	1	1	PASS	0	1
HG03516	HG03516_hap1	chr7	1	1	PASS	24	17
HG03516	HG03516_hap1	chr8	1	1	PASS	0	0
HG03516	HG03516_hap1	chr9	1	1	PASS	1	81
HG03516	HG03516_hap1	chrX	1	1	PASS	0	0
HG03516	HG03516_hap2	chr1	1	1	PASS	7	5
HG03516	HG03516_hap2	chr10	1	1	PASS	4	6
HG03516	HG03516_hap2	chr11	1	1	PASS	0	0
HG03516	HG03516_hap2	chr12	1	1	PASS	0	0
HG03516	HG03516_hap2	chr16	1	1	PASS	19	5
HG03516	HG03516_hap2	chr17	1	1	PASS	2	5
HG03516	HG03516_hap2	chr18	1	1	PASS	0	0
HG03516	HG03516_hap2	chr19	1	1	PASS	0	0
HG03516	HG03516_hap2	chr2	1	1	PASS	11	4
HG03516	HG03516_hap2	chr20	1	1	PASS	0	3
HG03516	HG03516_hap2	chr4	1	1	PASS	0	2
HG03516	HG03516_hap2	chr5	1	1	PASS	0	1
HG03516	HG03516_hap2	chr7	1	1	PASS	22	19
HG03516	HG03516_hap2	chr8	1	1	PASS	0	0
HG03516	HG03516_hap2	chr9	1	1	PASS	1	201
HG03516	HG03516_hap2	chrX	1	1	PASS	0	0
HG03520	HG03520_hap1	chr10	1	1	PASS	4	6
HG03520	HG03520_hap1	chr11	1	1	PASS	0	0
HG03520	HG03520_hap1	chr12	1	1	PASS	0	0
HG03520	HG03520_hap1	chr16	1	1	PASS	20	6
HG03520	HG03520_hap1	chr17	1	1	PASS	2	5
HG03520	HG03520_hap1	chr18	1	1	PASS	0	0
HG03520	HG03520_hap1	chr19	1	1	PASS	0	0
HG03520	HG03520_hap1	chr2	1	1	PASS	11	4
HG03520	HG03520_hap1	chr4	1	1	PASS	0	2
HG03520	HG03520_hap1	chr5	1	1	PASS	0	1
HG03520	HG03520_hap1	chr6	1	1	PASS	0	0
HG03520	HG03520_hap1	chr7	1	1	PASS	21	17
HG03520	HG03520_hap1	chr8	1	1	PASS	0	0
HG03520	HG03520_hap1	chr9	1	1	PASS	1	148
HG03520	HG03520_hap1	chrX	1	1	PASS	0	0
HG03520	HG03520_hap2	chr1	1	1	PASS	7	5
HG03520	HG03520_hap2	chr10	1	1	PASS	4	6
HG03520	HG03520_hap2	chr11	1	1	PASS	0	0
HG03520	HG03520_hap2	chr12	1	1	PASS	0	0
HG03520	HG03520_hap2	chr16	1	1	PASS	17	3
HG03520	HG03520_hap2	chr17	1	1	PASS	2	5
HG03520	HG03520_hap2	chr19	1	1	PASS	0	0
HG03520	HG03520_hap2	chr20	1	1	PASS	0	3
HG03520	HG03520_hap2	chr3	1	1	PASS	0	1
HG03520	HG03520_hap2	chr4	1	1	PASS	0	2
HG03520	HG03520_hap2	chr5	1	1	PASS	0	1
HG03520	HG03520_hap2	chr6	1	1	PASS	0	0
HG03520	HG03520_hap2	chr8	1	1	PASS	0	0
HG03520	HG03520_hap2	chr9	1	1	PASS	1	144
HG03520	HG03520_hap2	chrX	1	1	PASS	0	0
HG03521	HG03521_hap1	chr1	1	1	PASS	8	4
HG03521	HG03521_hap1	chr10	1	1	PASS	4	6
HG03521	HG03521_hap1	chr11	1	1	PASS	0	0
HG03521	HG03521_hap1	chr12	1	1	PASS	0	0
HG03521	HG03521_hap1	chr17	1	1	PASS	2	5
HG03521	HG03521_hap1	chr19	1	1	PASS	0	0
HG03521	HG03521_hap1	chr2	1	1	PASS	11	4
HG03521	HG03521_hap1	chr20	1	1	PASS	0	3
HG03521	HG03521_hap1	chr3	1	1	PASS	0	1
HG03521	HG03521_hap1	chr4	1	1	PASS	0	2
HG03521	HG03521_hap1	chr5	1	1	PASS	0	1
HG03521	HG03521_hap1	chr7	1	1	PASS	20	21
HG03521	HG03521_hap1	chr8	1	1	PASS	0	0
HG03521	HG03521_hap1	chr9	1	1	PASS	0	37
HG03521	HG03521_hap2	chr1	1	1	PASS	8	4
HG03521	HG03521_hap2	chr10	1	1	PASS	4	6
HG03521	HG03521_hap2	chr11	1	1	PASS	0	0
HG03521	HG03521_hap2	chr12	1	1	PASS	0	0
HG03521	HG03521_hap2	chr17	1	1	PASS	2	5
HG03521	HG03521_hap2	chr19	1	1	PASS	0	0
HG03521	HG03521_hap2	chr2	1	1	PASS	11	4
HG03521	HG03521_hap2	chr20	1	1	PASS	0	3
HG03521	HG03521_hap2	chr3	1	1	PASS	0	4
HG03521	HG03521_hap2	chr4	1	1	PASS	0	2
HG03521	HG03521_hap2	chr5	1	1	PASS	0	1
HG03521	HG03521_hap2	chr7	1	1	PASS	20	14
HG03521	HG03521_hap2	chr8	1	1	PASS	0	0
HG03521	HG03521_hap2	chrX	1	1	PASS	0	0
HG03540	HG03540_hap1	chr10	1	1	PASS	4	6
HG03540	HG03540_hap1	chr11	1	1	PASS	0	0
HG03540	HG03540_hap1	chr12	1	1	PASS	0	0
HG03540	HG03540_hap1	chr16	1	1	PASS	17	3
HG03540	HG03540_hap1	chr17	1	1	PASS	2	5
HG03540	HG03540_hap1	chr18	1	1	PASS	0	0
HG03540	HG03540_hap1	chr19	1	1	PASS	0	0
HG03540	HG03540_hap1	chr2	1	1	PASS	11	4
HG03540	HG03540_hap1	chr4	1	1	PASS	0	2
HG03540	HG03540_hap1	chr5	1	1	PASS	0	1
HG03540	HG03540_hap1	chr6	1	1	PASS	0	0
HG03540	HG03540_hap1	chr7	1	1	PASS	22	17
HG03540	HG03540_hap1	chr8	1	1	PASS	0	0
HG03540	HG03540_hap1	chr9	1	1	PASS	1	213
HG03540	HG03540_hap1	chrX	1	1	PASS	0	0
HG03540	HG03540_hap2	chr10	1	1	PASS	4	6
HG03540	HG03540_hap2	chr11	1	1	PASS	0	0
HG03540	HG03540_hap2	chr12	1	1	PASS	0	0
HG03540	HG03540_hap2	chr16	1	1	PASS	17	3
HG03540	HG03540_hap2	chr17	1	1	PASS	2	5
HG03540	HG03540_hap2	chr18	1	1	PASS	0	0
HG03540	HG03540_hap2	chr19	1	1	PASS	0	0
HG03540	HG03540_hap2	chr2	1	1	PASS	11	4
HG03540	HG03540_hap2	chr4	1	1	PASS	0	2
HG03540	HG03540_hap2	chr5	1	1	PASS	0	1
HG03540	HG03540_hap2	chr6	1	1	PASS	0	0
HG03540	HG03540_hap2	chr7	1	1	PASS	21	18
HG03540	HG03540_hap2	chr8	1	1	PASS	0	0
HG03579	HG03579_hap1	chr10	1	1	PASS	4	6
HG03579	HG03579_hap1	chr11	1	1	PASS	0	0
HG03579	HG03579_hap1	chr12	1	1	PASS	0	0
HG03579	HG03579_hap1	chr19	1	1	PASS	0	0
HG03579	HG03579_hap1	chr2	1	1	PASS	11	4
HG03579	HG03579_hap1	chr20	1	1	PASS	0	3
HG03579	HG03579_hap1	chr3	1	1	PASS	0	1
HG03579	HG03579_hap1	chr4	1	1	PASS	0	2
HG03579	HG03579_hap1	chr5	1	1	PASS	0	1
HG03579	HG03579_hap1	chr6	1	1	PASS	0	0
HG03579	HG03579_hap1	chr7	1	1	PASS	21	16
HG03579	HG03579_hap1	chr8	1	1	PASS	0	0
HG03579	HG03579_hap1	chr9	1	1	PASS	1	115
HG03579	HG03579_hap1	chrX	1	1	PASS	0	0
HG03579	HG03579_hap2	chr1	1	1	PASS	5	4
HG03579	HG03579_hap2	chr10	1	1	PASS	4	6
HG03579	HG03579_hap2	chr11	1	1	PASS	0	0
HG03579	HG03579_hap2	chr12	1	1	PASS	0	0
HG03579	HG03579_hap2	chr16	1	1	PASS	20	6
HG03579	HG03579_hap2	chr19	1	1	PASS	0	0
HG03579	HG03579_hap2	chr2	1	1	PASS	11	4
HG03579	HG03579_hap2	chr20	1	1	PASS	0	3
HG03579	HG03579_hap2	chr3	1	1	PASS	0	1
HG03579	HG03579_hap2	chr4	1	1	PASS	0	2
HG03579	HG03579_hap2	chr5	1	1	PASS	0	1
HG03579	HG03579_hap2	chr6	1	1	PASS	0	0
HG03579	HG03579_hap2	chr7	1	1	PASS	23	16
HG03579	HG03579_hap2	chr8	1	1	PASS	0	0
HG03579	HG03579_hap2	chr9	1	1	PASS	1	169
HG03583	HG03583_hap1	chr10	1	1	PASS	4	6
HG03583	HG03583_hap1	chr11	1	1	PASS	0	0
HG03583	HG03583_hap1	chr16	1	1	PASS	17	3
HG03583	HG03583_hap1	chr17	1	1	PASS	2	5
HG03583	HG03583_hap1	chr18	1	1	PASS	0	0
HG03583	HG03583_hap1	chr19	1	1	PASS	0	0
HG03583	HG03583_hap1	chr2	1	1	PASS	11	4
HG03583	HG03583_hap1	chr20	1	1	PASS	0	3
HG03583	HG03583_hap1	chr3	1	1	PASS	0	1
HG03583	HG03583_hap1	chr4	1	1	PASS	0	2
HG03583	HG03583_hap1	chr5	1	1	PASS	0	1
HG03583	HG03583_hap1	chr6	1	1	PASS	0	0
HG03583	HG03583_hap1	chr7	1	1	PASS	15	14
HG03583	HG03583_hap1	chr8	1	1	PASS	0	0
HG03583	HG03583_hap1	chr9	1	1	PASS	0	2
HG03583	HG03583_hap1	chrX	1	1	PASS	0	0
HG03583	HG03583_hap2	chr10	1	1	PASS	4	6
HG03583	HG03583_hap2	chr11	1	1	PASS	0	0
HG03583	HG03583_hap2	chr16	1	1	PASS	17	3
HG03583	HG03583_hap2	chr17	1	1	PASS	2	5
HG03583	HG03583_hap2	chr18	1	1	PASS	0	0
HG03583	HG03583_hap2	chr19	1	1	PASS	0	0
HG03583	HG03583_hap2	chr2	1	1	PASS	12	4
HG03583	HG03583_hap2	chr20	1	1	PASS	0	3
HG03583	HG03583_hap2	chr3	1	1	PASS	0	1
HG03583	HG03583_hap2	chr4	1	1	PASS	0	2
HG03583	HG03583_hap2	chr5	1	1	PASS	0	1
HG03583	HG03583_hap2	chr6	1	1	PASS	0	0
HG03583	HG03583_hap2	chr7	1	1	PASS	22	18
HG03583	HG03583_hap2	chr8	1	1	PASS	0	0
HG03583	HG03583_hap2	chrX	1	1	PASS	0	0
HG03654	HG03654_hap1	chr10	1	1	PASS	4	6
HG03654	HG03654_hap1	chr11	1	1	PASS	0	0
HG03654	HG03654_hap1	chr12	1	1	PASS	0	0
HG03654	HG03654_hap1	chr16	1	1	PASS	21	6
HG03654	HG03654_hap1	chr17	1	1	PASS	2	5
HG03654	HG03654_hap1	chr19	1	1	PASS	0	0
HG03654	HG03654_hap1	chr2	1	1	PASS	11	4
HG03654	HG03654_hap1	chr20	1	1	PASS	0	3
HG03654	HG03654_hap1	chr4	1	1	PASS	0	2
HG03654	HG03654_hap1	chr5	1	1	PASS	0	1
HG03654	HG03654_hap1	chr6	1	1	PASS	0	0
HG03654	HG03654_hap1	chr7	1	1	PASS	23	17
HG03654	HG03654_hap1	chr8	1	1	PASS	0	0
HG03654	HG03654_hap1	chr9	1	1	PASS	1	142
HG03654	HG03654_hap1	chrX	1	1	PASS	0	0
HG03654	HG03654_hap2	chr1	1	1	PASS	7	5
HG03654	HG03654_hap2	chr10	1	1	PASS	4	6
HG03654	HG03654_hap2	chr11	1	1	PASS	0	0
HG03654	HG03654_hap2	chr12	1	1	PASS	0	0
HG03654	HG03654_hap2	chr16	1	1	PASS	20	6
HG03654	HG03654_hap2	chr17	1	1	PASS	2	5
HG03654	HG03654_hap2	chr19	1	1	PASS	0	0
HG03654	HG03654_hap2	chr2	1	1	PASS	11	4
HG03654	HG03654_hap2	chr20	1	1	PASS	0	3
HG03654	HG03654_hap2	chr4	1	1	PASS	0	2
HG03654	HG03654_hap2	chr5	1	1	PASS	0	1
HG03654	HG03654_hap2	chr6	1	1	PASS	0	0
HG03654	HG03654_hap2	chr7	1	1	PASS	21	16
HG03654	HG03654_hap2	chr8	1	1	PASS	0	0
HG03654	HG03654_hap2	chr9	1	1	PASS	1	111
HG03669	HG03669_hap1	chr1	1	1	PASS	5	5
HG03669	HG03669_hap1	chr10	1	1	PASS	4	6
HG03669	HG03669_hap1	chr11	1	1	PASS	0	0
HG03669	HG03669_hap1	chr12	1	1	PASS	0	0
HG03669	HG03669_hap1	chr19	1	1	PASS	0	0
HG03669	HG03669_hap1	chr2	1	1	PASS	11	4
HG03669	HG03669_hap1	chr20	1	1	PASS	0	3
HG03669	HG03669_hap1	chr3	1	1	PASS	0	1
HG03669	HG03669_hap1	chr4	1	1	PASS	0	2
HG03669	HG03669_hap1	chr5	1	1	PASS	0	1
HG03669	HG03669_hap1	chr7	1	1	PASS	23	17
HG03669	HG03669_hap1	chr8	1	1	PASS	0	0
HG03669	HG03669_hap1	chr9	1	1	PASS	1	160
HG03669	HG03669_hap1	chrX	1	1	PASS	0	0
HG03669	HG03669_hap2	chr1	1	1	PASS	7	4
HG03669	HG03669_hap2	chr10	1	1	PASS	4	6
HG03669	HG03669_hap2	chr11	1	1	PASS	0	0
HG03669	HG03669_hap2	chr12	1	1	PASS	0	0
HG03669	HG03669_hap2	chr19	1	1	PASS	0	0
HG03669	HG03669_hap2	chr2	1	1	PASS	11	4
HG03669	HG03669_hap2	chr20	1	1	PASS	0	3
HG03669	HG03669_hap2	chr3	1	1	PASS	0	1
HG03669	HG03669_hap2	chr4	1	1	PASS	0	2
HG03669	HG03669_hap2	chr5	1	1	PASS	0	1
HG03669	HG03669_hap2	chr7	1	1	PASS	24	27
HG03669	HG03669_hap2	chr8	1	1	PASS	0	0
HG03669	HG03669_hap2	chrX	1	1	PASS	0	0
HG03683	HG03683_hap1	chr1	1	1	PASS	8	4
HG03683	HG03683_hap1	chr10	1	1	PASS	5	6
HG03683	HG03683_hap1	chr11	1	1	PASS	0	0
HG03683	HG03683_hap1	chr12	1	1	PASS	0	0
HG03683	HG03683_hap1	chr16	1	1	PASS	17	3
HG03683	HG03683_hap1	chr17	1	1	PASS	2	5
HG03683	HG03683_hap1	chr18	1	1	PASS	0	0
HG03683	HG03683_hap1	chr19	1	1	PASS	0	0
HG03683	HG03683_hap1	chr20	1	1	PASS	0	3
HG03683	HG03683_hap1	chr3	1	1	PASS	0	1
HG03683	HG03683_hap1	chr4	1	1	PASS	0	2
HG03683	HG03683_hap1	chr6	1	1	PASS	0	0
HG03683	HG03683_hap1	chr8	1	1	PASS	0	0
HG03683	HG03683_hap1	chr9	1	1	PASS	1	94
HG03683	HG03683_hap2	chr1	1	1	PASS	6	5
HG03683	HG03683_hap2	chr10	1	1	PASS	4	6
HG03683	HG03683_hap2	chr11	1	1	PASS	0	0
HG03683	HG03683_hap2	chr12	1	1	PASS	0	0
HG03683	HG03683_hap2	chr16	1	1	PASS	17	3
HG03683	HG03683_hap2	chr17	1	1	PASS	2	5
HG03683	HG03683_hap2	chr18	1	1	PASS	0	0
HG03683	HG03683_hap2	chr19	1	1	PASS	0	0
HG03683	HG03683_hap2	chr2	1	1	PASS	11	4
HG03683	HG03683_hap2	chr20	1	1	PASS	0	3
HG03683	HG03683_hap2	chr3	1	1	PASS	0	1
HG03683	HG03683_hap2	chr4	1	1	PASS	0	2
HG03683	HG03683_hap2	chr5	1	1	PASS	0	1
HG03683	HG03683_hap2	chr6	1	1	PASS	0	0
HG03683	HG03683_hap2	chr7	1	1	PASS	23	18
HG03683	HG03683_hap2	chr8	1	1	PASS	0	0
HG03683	HG03683_hap2	chrX	1	1	PASS	0	0
HG03688	HG03688_hap1	chr1	1	1	PASS	8	5
HG03688	HG03688_hap1	chr10	1	1	PASS	4	6
HG03688	HG03688_hap1	chr11	1	1	PASS	0	0
HG03688	HG03688_hap1	chr12	1	1	PASS	0	0
HG03688	HG03688_hap1	chr16	1	1	PASS	17	3
HG03688	HG03688_hap1	chr19	1	1	PASS	0	0
HG03688	HG03688_hap1	chr2	1	1	PASS	11	4
HG03688	HG03688_hap1	chr20	1	1	PASS	0	3
HG03688	HG03688_hap1	chr3	1	1	PASS	0	1
HG03688	HG03688_hap1	chr5	1	1	PASS	0	1
HG03688	HG03688_hap1	chr7	1	1	PASS	20	13
HG03688	HG03688_hap1	chr8	1	1	PASS	0	0
HG03688	HG03688_hap1	chr9	1	1	PASS	1	153
HG03688	HG03688_hap2	chr1	1	1	PASS	7	5
HG03688	HG03688_hap2	chr10	1	1	PASS	4	6
HG03688	HG03688_hap2	chr11	1	1	PASS	0	0
HG03688	HG03688_hap2	chr12	1	1	PASS	0	0
HG03688	HG03688_hap2	chr19	1	1	PASS	0	0
HG03688	HG03688_hap2	chr2	1	1	PASS	11	4
HG03688	HG03688_hap2	chr20	1	1	PASS	0	3
HG03688	HG03688_hap2	chr5	1	1	PASS	0	1
HG03688	HG03688_hap2	chr7	1	1	PASS	24	23
HG03688	HG03688_hap2	chr8	1	1	PASS	0	0
HG03688	HG03688_hap2	chr9	1	1	PASS	1	211
HG03704	HG03704_hap1	chr10	1	1	PASS	4	6
HG03704	HG03704_hap1	chr11	1	1	PASS	0	0
HG03704	HG03704_hap1	chr12	1	1	PASS	0	0
HG03704	HG03704_hap1	chr16	1	1	PASS	19	5
HG03704	HG03704_hap1	chr17	1	1	PASS	2	5
HG03704	HG03704_hap1	chr19	1	1	PASS	0	0
HG03704	HG03704_hap1	chr2	1	1	PASS	11	4
HG03704	HG03704_hap1	chr20	1	1	PASS	0	3
HG03704	HG03704_hap1	chr3	1	1	PASS	0	1
HG03704	HG03704_hap1	chr5	1	1	PASS	0	1
HG03704	HG03704_hap1	chr6	1	1	PASS	0	0
HG03704	HG03704_hap1	chr7	1	1	PASS	22	13
HG03704	HG03704_hap1	chr8	1	1	PASS	0	0
HG03704	HG03704_hap1	chr9	1	1	PASS	1	153
HG03704	HG03704_hap1	chrX	1	1	PASS	0	0
HG03704	HG03704_hap2	chr10	1	1	PASS	4	6
HG03704	HG03704_hap2	chr11	1	1	PASS	0	0
HG03704	HG03704_hap2	chr12	1	1	PASS	0	0
HG03704	HG03704_hap2	chr16	1	1	PASS	19	5
HG03704	HG03704_hap2	chr17	1	1	PASS	2	5
HG03704	HG03704_hap2	chr19	1	1	PASS	0	0
HG03704	HG03704_hap2	chr2	1	1	PASS	11	4
HG03704	HG03704_hap2	chr20	1	1	PASS	0	3
HG03704	HG03704_hap2	chr3	1	1	PASS	0	1
HG03704	HG03704_hap2	chr5	1	1	PASS	0	1
HG03704	HG03704_hap2	chr6	1	1	PASS	0	0
HG03704	HG03704_hap2	chr7	1	1	PASS	24	20
HG03704	HG03704_hap2	chr8	1	1	PASS	0	0
HG03704	HG03704_hap2	chrX	1	1	PASS	0	0
HG03710	HG03710_hap1	chr1	1	1	PASS	7	5
HG03710	HG03710_hap1	chr11	1	1	PASS	0	0
HG03710	HG03710_hap1	chr12	1	1	PASS	0	0
HG03710	HG03710_hap1	chr16	1	1	PASS	17	3
HG03710	HG03710_hap1	chr17	1	1	PASS	2	5
HG03710	HG03710_hap1	chr18	1	1	PASS	0	0
HG03710	HG03710_hap1	chr19	1	1	PASS	0	0
HG03710	HG03710_hap1	chr2	1	1	PASS	11	4
HG03710	HG03710_hap1	chr20	1	1	PASS	0	3
HG03710	HG03710_hap1	chr3	1	1	PASS	0	1
HG03710	HG03710_hap1	chr4	1	1	PASS	0	2
HG03710	HG03710_hap1	chr5	1	1	PASS	0	1
HG03710	HG03710_hap1	chr6	1	1	PASS	0	0
HG03710	HG03710_hap1	chr7	1	1	PASS	20	13
HG03710	HG03710_hap1	chr8	1	1	PASS	0	0
HG03710	HG03710_hap1	chr9	1	1	PASS	1	178
HG03710	HG03710_hap1	chrX	1	1	PASS	0	0
HG03710	HG03710_hap2	chr1	1	1	PASS	7	4
HG03710	HG03710_hap2	chr11	1	1	PASS	0	0
HG03710	HG03710_hap2	chr12	1	1	PASS	0	0
HG03710	HG03710_hap2	chr16	1	1	PASS	18	4
HG03710	HG03710_hap2	chr17	1	1	PASS	2	5
HG03710	HG03710_hap2	chr19	1	1	PASS	0	0
HG03710	HG03710_hap2	chr2	1	1	PASS	11	4
HG03710	HG03710_hap2	chr20	1	1	PASS	0	3
HG03710	HG03710_hap2	chr3	1	1	PASS	0	1
HG03710	HG03710_hap2	chr4	1	1	PASS	0	2
HG03710	HG03710_hap2	chr5	1	1	PASS	0	1
HG03710	HG03710_hap2	chr6	1	1	PASS	0	0
HG03710	HG03710_hap2	chr7	1	1	PASS	21	17
HG03710	HG03710_hap2	chr8	1	1	PASS	0	0
HG03710	HG03710_hap2	chr9	1	1	PASS	1	178
HG03732	HG03732_hap1	chr1	1	1	EXCLUDE_annotation_incomplete_or_missing_input	0	0
HG03732	HG03732_hap1	chr10	1	1	EXCLUDE_annotation_incomplete_or_missing_input	0	0
HG03732	HG03732_hap1	chr11	1	1	EXCLUDE_annotation_incomplete_or_missing_input	0	0
HG03732	HG03732_hap1	chr12	1	1	EXCLUDE_annotation_incomplete_or_missing_input	0	0
HG03732	HG03732_hap1	chr18	1	1	EXCLUDE_annotation_incomplete_or_missing_input	0	0
HG03732	HG03732_hap1	chr19	1	1	EXCLUDE_annotation_incomplete_or_missing_input	0	0
HG03732	HG03732_hap1	chr20	1	1	EXCLUDE_annotation_incomplete_or_missing_input	0	0
HG03732	HG03732_hap1	chr3	1	1	EXCLUDE_annotation_incomplete_or_missing_input	0	0
HG03732	HG03732_hap1	chr5	1	1	EXCLUDE_annotation_incomplete_or_missing_input	0	0
HG03732	HG03732_hap1	chr6	1	1	EXCLUDE_annotation_incomplete_or_missing_input	0	0
HG03732	HG03732_hap1	chr7	1	1	EXCLUDE_annotation_incomplete_or_missing_input	0	0
HG03732	HG03732_hap1	chr8	1	1	EXCLUDE_annotation_incomplete_or_missing_input	0	0
HG03732	HG03732_hap1	chr9	1	1	EXCLUDE_annotation_incomplete_or_missing_input	0	0
HG03732	HG03732_hap2	chr1	1	1	PASS	8	5
HG03732	HG03732_hap2	chr10	1	1	PASS	4	6
HG03732	HG03732_hap2	chr11	1	1	PASS	0	0
HG03732	HG03732_hap2	chr12	1	1	PASS	0	0
HG03732	HG03732_hap2	chr16	1	1	PASS	20	6
HG03732	HG03732_hap2	chr17	1	1	PASS	2	5
HG03732	HG03732_hap2	chr18	1	1	PASS	0	0
HG03732	HG03732_hap2	chr19	1	1	PASS	0	0
HG03732	HG03732_hap2	chr2	1	1	PASS	11	4
HG03732	HG03732_hap2	chr20	1	1	PASS	0	3
HG03732	HG03732_hap2	chr3	1	1	PASS	0	1
HG03732	HG03732_hap2	chr5	1	1	PASS	0	1
HG03732	HG03732_hap2	chr6	1	1	PASS	0	0
HG03732	HG03732_hap2	chr7	1	1	PASS	24	18
HG03732	HG03732_hap2	chr8	1	1	PASS	0	0
HG03732	HG03732_hap2	chr9	1	1	PASS	1	140
HG03732	HG03732_hap2	chrX	1	1	PASS	0	0
HG03742	HG03742_hap1	chr10	1	1	PASS	4	6
HG03742	HG03742_hap1	chr11	1	1	PASS	0	0
HG03742	HG03742_hap1	chr12	1	1	PASS	0	0
HG03742	HG03742_hap1	chr16	1	1	PASS	17	3
HG03742	HG03742_hap1	chr18	1	1	PASS	0	0
HG03742	HG03742_hap1	chr19	1	1	PASS	0	0
HG03742	HG03742_hap1	chr2	1	1	PASS	7	2
HG03742	HG03742_hap1	chr20	1	1	PASS	0	3
HG03742	HG03742_hap1	chr3	1	1	PASS	0	1
HG03742	HG03742_hap1	chr4	1	1	PASS	0	2
HG03742	HG03742_hap1	chr5	1	1	PASS	0	1
HG03742	HG03742_hap1	chr6	1	1	PASS	0	0
HG03742	HG03742_hap1	chr7	1	1	PASS	22	19
HG03742	HG03742_hap1	chr8	1	1	PASS	0	0
HG03742	HG03742_hap1	chr9	1	1	PASS	1	208
HG03742	HG03742_hap2	chr10	1	1	PASS	4	6
HG03742	HG03742_hap2	chr11	1	1	PASS	0	0
HG03742	HG03742_hap2	chr12	1	1	PASS	0	0
HG03742	HG03742_hap2	chr16	1	1	PASS	20	6
HG03742	HG03742_hap2	chr18	1	1	PASS	0	0
HG03742	HG03742_hap2	chr19	1	1	PASS	0	0
HG03742	HG03742_hap2	chr2	1	1	PASS	11	4
HG03742	HG03742_hap2	chr20	1	1	PASS	0	3
HG03742	HG03742_hap2	chr3	1	1	PASS	0	1
HG03742	HG03742_hap2	chr4	1	1	PASS	0	2
HG03742	HG03742_hap2	chr5	1	1	PASS	0	1
HG03742	HG03742_hap2	chr6	1	1	PASS	0	0
HG03742	HG03742_hap2	chr7	1	1	PASS	22	16
HG03742	HG03742_hap2	chr8	1	1	PASS	0	0
HG03742	HG03742_hap2	chr9	1	1	PASS	1	122
HG03742	HG03742_hap2	chrX	1	1	PASS	0	0
HG03784	HG03784_hap1	chr1	1	1	PASS	12	5
HG03784	HG03784_hap1	chr10	1	1	PASS	4	6
HG03784	HG03784_hap1	chr11	1	1	PASS	0	0
HG03784	HG03784_hap1	chr12	1	1	PASS	0	0
HG03784	HG03784_hap1	chr16	1	1	PASS	21	8
HG03784	HG03784_hap1	chr18	1	1	PASS	0	0
HG03784	HG03784_hap1	chr19	1	1	PASS	0	0
HG03784	HG03784_hap1	chr2	1	1	PASS	11	4
HG03784	HG03784_hap1	chr20	1	1	PASS	0	3
HG03784	HG03784_hap1	chr3	1	1	PASS	0	1
HG03784	HG03784_hap1	chr5	1	1	PASS	0	1
HG03784	HG03784_hap1	chr6	1	1	PASS	0	0
HG03784	HG03784_hap1	chr7	1	1	PASS	21	22
HG03784	HG03784_hap1	chr8	1	1	PASS	0	0
HG03784	HG03784_hap1	chr9	1	1	PASS	1	155
HG03784	HG03784_hap1	chrX	1	1	PASS	0	0
HG03784	HG03784_hap2	chr1	1	1	PASS	7	4
HG03784	HG03784_hap2	chr10	1	1	PASS	4	6
HG03784	HG03784_hap2	chr11	1	1	PASS	0	0
HG03784	HG03784_hap2	chr12	1	1	PASS	0	0
HG03784	HG03784_hap2	chr16	1	1	PASS	18	4
HG03784	HG03784_hap2	chr17	1	1	PASS	2	5
HG03784	HG03784_hap2	chr18	1	1	PASS	0	0
HG03784	HG03784_hap2	chr19	1	1	PASS	0	0
HG03784	HG03784_hap2	chr2	1	1	PASS	11	4
HG03784	HG03784_hap2	chr3	1	1	PASS	0	1
HG03784	HG03784_hap2	chr5	1	1	PASS	0	1
HG03784	HG03784_hap2	chr6	1	1	PASS	0	0
HG03784	HG03784_hap2	chr7	1	1	PASS	19	13
HG03784	HG03784_hap2	chr8	1	1	PASS	0	0
HG03784	HG03784_hap2	chrX	1	1	PASS	0	0
HG03804	HG03804_hap1	chr10	1	1	PASS	4	6
HG03804	HG03804_hap1	chr11	1	1	PASS	0	0
HG03804	HG03804_hap1	chr12	1	1	PASS	0	0
HG03804	HG03804_hap1	chr16	1	1	PASS	20	4
HG03804	HG03804_hap1	chr19	1	1	PASS	0	0
HG03804	HG03804_hap1	chr2	1	1	PASS	11	4
HG03804	HG03804_hap1	chr20	1	1	PASS	0	3
HG03804	HG03804_hap1	chr3	1	1	PASS	0	1
HG03804	HG03804_hap1	chr4	1	1	PASS	0	2
HG03804	HG03804_hap1	chr5	1	1	PASS	0	1
HG03804	HG03804_hap1	chr6	1	1	PASS	0	0
HG03804	HG03804_hap1	chr7	1	1	PASS	23	16
HG03804	HG03804_hap1	chr8	1	1	PASS	0	0
HG03804	HG03804_hap1	chr9	1	1	PASS	1	117
HG03804	HG03804_hap1	chrX	1	1	PASS	0	0
HG03804	HG03804_hap2	chr10	1	1	PASS	4	6
HG03804	HG03804_hap2	chr11	1	1	PASS	0	0
HG03804	HG03804_hap2	chr12	1	1	PASS	0	0
HG03804	HG03804_hap2	chr16	1	1	PASS	17	3
HG03804	HG03804_hap2	chr19	1	1	PASS	0	0
HG03804	HG03804_hap2	chr2	1	1	PASS	11	4
HG03804	HG03804_hap2	chr20	1	1	PASS	0	3
HG03804	HG03804_hap2	chr3	1	1	PASS	0	1
HG03804	HG03804_hap2	chr4	1	1	PASS	0	2
HG03804	HG03804_hap2	chr5	1	1	PASS	0	1
HG03804	HG03804_hap2	chr6	1	1	PASS	0	0
HG03804	HG03804_hap2	chr7	1	1	PASS	22	16
HG03804	HG03804_hap2	chr8	1	1	PASS	0	0
HG03804	HG03804_hap2	chr9	1	1	PASS	1	132
HG03804	HG03804_hap2	chrX	1	1	PASS	0	0
HG03807	HG03807_hap1	chr1	1	1	PASS	7	4
HG03807	HG03807_hap1	chr10	1	1	PASS	4	6
HG03807	HG03807_hap1	chr11	1	1	PASS	0	0
HG03807	HG03807_hap1	chr12	1	1	PASS	0	0
HG03807	HG03807_hap1	chr16	1	1	PASS	20	6
HG03807	HG03807_hap1	chr17	1	1	PASS	2	5
HG03807	HG03807_hap1	chr18	1	1	PASS	0	0
HG03807	HG03807_hap1	chr19	1	1	PASS	0	0
HG03807	HG03807_hap1	chr2	1	1	PASS	11	4
HG03807	HG03807_hap1	chr20	1	1	PASS	0	3
HG03807	HG03807_hap1	chr3	1	1	PASS	0	1
HG03807	HG03807_hap1	chr4	1	1	PASS	0	2
HG03807	HG03807_hap1	chr5	1	1	PASS	0	1
HG03807	HG03807_hap1	chr6	1	1	PASS	0	0
HG03807	HG03807_hap1	chr7	1	1	PASS	23	18
HG03807	HG03807_hap1	chr8	1	1	PASS	0	0
HG03807	HG03807_hap1	chr9	1	1	PASS	1	69
HG03807	HG03807_hap1	chrX	1	1	PASS	0	0
HG03807	HG03807_hap2	chr1	1	1	PASS	8	5
HG03807	HG03807_hap2	chr10	1	1	PASS	4	6
HG03807	HG03807_hap2	chr11	1	1	PASS	0	0
HG03807	HG03807_hap2	chr12	1	1	PASS	0	0
HG03807	HG03807_hap2	chr16	1	1	PASS	20	6
HG03807	HG03807_hap2	chr17	1	1	PASS	2	5
HG03807	HG03807_hap2	chr18	1	1	PASS	0	0
HG03807	HG03807_hap2	chr19	1	1	PASS	0	0
HG03807	HG03807_hap2	chr2	1	1	PASS	11	4
HG03807	HG03807_hap2	chr20	1	1	PASS	0	3
HG03807	HG03807_hap2	chr3	1	1	PASS	0	1
HG03807	HG03807_hap2	chr4	1	1	PASS	0	2
HG03807	HG03807_hap2	chr5	1	1	PASS	0	1
HG03807	HG03807_hap2	chr6	1	1	PASS	0	0
HG03807	HG03807_hap2	chr7	1	1	PASS	22	15
HG03807	HG03807_hap2	chr8	1	1	PASS	0	0
HG03807	HG03807_hap2	chr9	1	1	PASS	1	82
HG03807	HG03807_hap2	chrX	1	1	PASS	0	0
HG03816	HG03816_hap1	chr10	1	1	PASS	4	6
HG03816	HG03816_hap1	chr11	1	1	PASS	0	0
HG03816	HG03816_hap1	chr12	1	1	PASS	0	0
HG03816	HG03816_hap1	chr16	1	1	PASS	19	5
HG03816	HG03816_hap1	chr17	1	1	PASS	2	5
HG03816	HG03816_hap1	chr19	1	1	PASS	0	0
HG03816	HG03816_hap1	chr2	1	1	PASS	11	4
HG03816	HG03816_hap1	chr20	1	1	PASS	0	3
HG03816	HG03816_hap1	chr3	1	1	PASS	0	1
HG03816	HG03816_hap1	chr5	1	1	PASS	0	1
HG03816	HG03816_hap1	chr7	1	1	PASS	21	18
HG03816	HG03816_hap1	chr8	1	1	PASS	0	0
HG03816	HG03816_hap1	chr9	1	1	PASS	1	183
HG03816	HG03816_hap1	chrX	1	1	PASS	0	0
HG03816	HG03816_hap2	chr10	1	1	PASS	4	6
HG03816	HG03816_hap2	chr11	1	1	PASS	0	0
HG03816	HG03816_hap2	chr12	1	1	PASS	0	0
HG03816	HG03816_hap2	chr16	1	1	PASS	20	5
HG03816	HG03816_hap2	chr17	1	1	PASS	2	5
HG03816	HG03816_hap2	chr19	1	1	PASS	0	0
HG03816	HG03816_hap2	chr2	1	1	PASS	11	4
HG03816	HG03816_hap2	chr20	1	1	PASS	0	3
HG03816	HG03816_hap2	chr3	1	1	PASS	0	1
HG03816	HG03816_hap2	chr5	1	1	PASS	0	1
HG03816	HG03816_hap2	chr7	1	1	PASS	20	11
HG03816	HG03816_hap2	chr8	1	1	PASS	0	0
HG03816	HG03816_hap2	chr9	1	1	PASS	1	154
HG03816	HG03816_hap2	chrX	1	1	PASS	0	0
HG03831	HG03831_hap1	chr1	1	1	PASS	11	8
HG03831	HG03831_hap1	chr10	1	1	PASS	4	6
HG03831	HG03831_hap1	chr11	1	1	PASS	0	0
HG03831	HG03831_hap1	chr12	1	1	PASS	0	0
HG03831	HG03831_hap1	chr16	1	1	PASS	17	3
HG03831	HG03831_hap1	chr19	1	1	PASS	0	0
HG03831	HG03831_hap1	chr20	1	1	PASS	0	3
HG03831	HG03831_hap1	chr3	1	1	PASS	0	1
HG03831	HG03831_hap1	chr4	1	1	PASS	0	2
HG03831	HG03831_hap1	chr5	1	1	PASS	0	1
HG03831	HG03831_hap1	chr7	1	1	PASS	21	13
HG03831	HG03831_hap1	chr9	1	1	PASS	1	129
HG03831	HG03831_hap1	chrX	1	1	PASS	0	0
HG03831	HG03831_hap2	chr1	1	1	PASS	6	4
HG03831	HG03831_hap2	chr10	1	1	PASS	4	6
HG03831	HG03831_hap2	chr11	1	1	PASS	0	0
HG03831	HG03831_hap2	chr12	1	1	PASS	0	0
HG03831	HG03831_hap2	chr19	1	1	PASS	0	0
HG03831	HG03831_hap2	chr20	1	1	PASS	0	3
HG03831	HG03831_hap2	chr3	1	1	PASS	0	1
HG03831	HG03831_hap2	chr4	1	1	PASS	0	2
HG03831	HG03831_hap2	chr5	1	1	PASS	0	1
HG03831	HG03831_hap2	chr7	1	1	PASS	22	16
HG03831	HG03831_hap2	chr9	1	1	PASS	1	136
HG03831	HG03831_hap2	chrX	1	1	PASS	0	0
HG03834	HG03834_hap1	chr1	1	1	PASS	6	5
HG03834	HG03834_hap1	chr10	1	1	PASS	4	6
HG03834	HG03834_hap1	chr11	1	1	PASS	0	0
HG03834	HG03834_hap1	chr12	1	1	PASS	0	0
HG03834	HG03834_hap1	chr16	1	1	PASS	19	5
HG03834	HG03834_hap1	chr19	1	1	PASS	0	0
HG03834	HG03834_hap1	chr2	1	1	PASS	11	4
HG03834	HG03834_hap1	chr20	1	1	PASS	0	3
HG03834	HG03834_hap1	chr3	1	1	PASS	0	1
HG03834	HG03834_hap1	chr4	1	1	PASS	0	2
HG03834	HG03834_hap1	chr5	1	1	PASS	0	1
HG03834	HG03834_hap1	chr6	1	1	PASS	0	0
HG03834	HG03834_hap1	chr7	1	1	PASS	20	12
HG03834	HG03834_hap1	chr8	1	1	PASS	0	0
HG03834	HG03834_hap1	chr9	1	1	PASS	1	158
HG03834	HG03834_hap1	chrX	1	1	PASS	0	0
HG03834	HG03834_hap2	chr1	1	1	PASS	7	5
HG03834	HG03834_hap2	chr10	1	1	PASS	4	6
HG03834	HG03834_hap2	chr11	1	1	PASS	0	0
HG03834	HG03834_hap2	chr12	1	1	PASS	0	0
HG03834	HG03834_hap2	chr16	1	1	PASS	19	5
HG03834	HG03834_hap2	chr19	1	1	PASS	0	0
HG03834	HG03834_hap2	chr2	1	1	PASS	9	4
HG03834	HG03834_hap2	chr20	1	1	PASS	0	3
HG03834	HG03834_hap2	chr3	1	1	PASS	0	1
HG03834	HG03834_hap2	chr4	1	1	PASS	0	2
HG03834	HG03834_hap2	chr5	1	1	PASS	0	1
HG03834	HG03834_hap2	chr6	1	1	PASS	0	0
HG03834	HG03834_hap2	chr7	1	1	PASS	21	14
HG03834	HG03834_hap2	chr8	1	1	PASS	0	0
HG03834	HG03834_hap2	chr9	1	1	PASS	1	155
HG03834	HG03834_hap2	chrX	1	1	PASS	0	0
HG03874	HG03874_hap1	chr1	1	1	PASS	7	4
HG03874	HG03874_hap1	chr10	1	1	PASS	4	6
HG03874	HG03874_hap1	chr11	1	1	PASS	0	0
HG03874	HG03874_hap1	chr12	1	1	PASS	0	0
HG03874	HG03874_hap1	chr16	1	1	PASS	17	3
HG03874	HG03874_hap1	chr17	1	1	PASS	2	5
HG03874	HG03874_hap1	chr18	1	1	PASS	0	0
HG03874	HG03874_hap1	chr19	1	1	PASS	0	0
HG03874	HG03874_hap1	chr2	1	1	PASS	11	4
HG03874	HG03874_hap1	chr20	1	1	PASS	0	3
HG03874	HG03874_hap1	chr3	1	1	PASS	0	1
HG03874	HG03874_hap1	chr4	1	1	PASS	0	2
HG03874	HG03874_hap1	chr5	1	1	PASS	0	1
HG03874	HG03874_hap1	chr6	1	1	PASS	0	0
HG03874	HG03874_hap1	chr7	1	1	PASS	21	13
HG03874	HG03874_hap1	chr8	1	1	PASS	0	0
HG03874	HG03874_hap1	chr9	1	1	PASS	1	78
HG03874	HG03874_hap1	chrX	1	1	PASS	0	0
HG03874	HG03874_hap2	chr1	1	1	PASS	7	4
HG03874	HG03874_hap2	chr10	1	1	PASS	4	6
HG03874	HG03874_hap2	chr11	1	1	PASS	0	0
HG03874	HG03874_hap2	chr12	1	1	PASS	0	0
HG03874	HG03874_hap2	chr16	1	1	PASS	19	5
HG03874	HG03874_hap2	chr17	1	1	PASS	2	5
HG03874	HG03874_hap2	chr18	1	1	PASS	0	0
HG03874	HG03874_hap2	chr2	1	1	PASS	11	4
HG03874	HG03874_hap2	chr20	1	1	PASS	0	2
HG03874	HG03874_hap2	chr3	1	1	PASS	0	1
HG03874	HG03874_hap2	chr4	1	1	PASS	0	2
HG03874	HG03874_hap2	chr5	1	1	PASS	0	2
HG03874	HG03874_hap2	chr6	1	1	PASS	0	0
HG03874	HG03874_hap2	chr7	1	1	PASS	20	18
HG03874	HG03874_hap2	chr8	1	1	PASS	0	0
HG03874	HG03874_hap2	chrX	1	1	PASS	0	0
HG03927	HG03927_hap1	chr1	1	1	PASS	7	4
HG03927	HG03927_hap1	chr10	1	1	PASS	4	6
HG03927	HG03927_hap1	chr11	1	1	PASS	0	0
HG03927	HG03927_hap1	chr12	1	1	PASS	0	0
HG03927	HG03927_hap1	chr19	1	1	PASS	0	0
HG03927	HG03927_hap1	chr2	1	1	PASS	11	4
HG03927	HG03927_hap1	chr20	1	1	PASS	0	3
HG03927	HG03927_hap1	chr4	1	1	PASS	0	2
HG03927	HG03927_hap1	chr5	1	1	PASS	0	1
HG03927	HG03927_hap1	chr6	1	1	PASS	0	0
HG03927	HG03927_hap1	chr7	1	1	PASS	22	18
HG03927	HG03927_hap1	chr8	1	1	PASS	0	0
HG03927	HG03927_hap1	chr9	1	1	PASS	1	157
HG03927	HG03927_hap1	chrX	1	1	PASS	0	0
HG03927	HG03927_hap2	chr1	1	1	PASS	7	5
HG03927	HG03927_hap2	chr10	1	1	PASS	4	6
HG03927	HG03927_hap2	chr11	1	1	PASS	0	0
HG03927	HG03927_hap2	chr12	1	1	PASS	0	0
HG03927	HG03927_hap2	chr19	1	1	PASS	0	0
HG03927	HG03927_hap2	chr2	1	1	PASS	11	4
HG03927	HG03927_hap2	chr20	1	1	PASS	0	3
HG03927	HG03927_hap2	chr4	1	1	PASS	0	2
HG03927	HG03927_hap2	chr5	1	1	PASS	0	1
HG03927	HG03927_hap2	chr6	1	1	PASS	0	0
HG03927	HG03927_hap2	chr7	1	1	PASS	20	13
HG03927	HG03927_hap2	chr8	1	1	PASS	0	0
HG03927	HG03927_hap2	chr9	1	1	PASS	1	178
HG03927	HG03927_hap2	chrX	1	1	PASS	0	0
HG03942	HG03942_hap1	chr1	1	1	PASS	7	4
HG03942	HG03942_hap1	chr10	1	1	PASS	4	6
HG03942	HG03942_hap1	chr11	1	1	PASS	0	0
HG03942	HG03942_hap1	chr12	1	1	PASS	0	0
HG03942	HG03942_hap1	chr16	1	1	PASS	19	5
HG03942	HG03942_hap1	chr19	1	1	PASS	0	0
HG03942	HG03942_hap1	chr3	1	1	PASS	0	1
HG03942	HG03942_hap1	chr4	1	1	PASS	0	2
HG03942	HG03942_hap1	chr5	1	1	PASS	0	1
HG03942	HG03942_hap1	chr6	1	1	PASS	0	0
HG03942	HG03942_hap1	chr7	1	1	PASS	21	16
HG03942	HG03942_hap1	chr8	1	1	PASS	0	0
HG03942	HG03942_hap1	chrX	1	1	PASS	0	0
HG03942	HG03942_hap2	chr1	1	1	PASS	7	4
HG03942	HG03942_hap2	chr10	1	1	PASS	4	6
HG03942	HG03942_hap2	chr11	1	1	PASS	0	0
HG03942	HG03942_hap2	chr12	1	1	PASS	0	0
HG03942	HG03942_hap2	chr16	1	1	PASS	18	4
HG03942	HG03942_hap2	chr19	1	1	PASS	0	0
HG03942	HG03942_hap2	chr3	1	1	PASS	0	1
HG03942	HG03942_hap2	chr4	1	1	PASS	0	2
HG03942	HG03942_hap2	chr5	1	1	PASS	0	1
HG03942	HG03942_hap2	chr6	1	1	PASS	0	0
HG03942	HG03942_hap2	chr7	1	1	PASS	23	18
HG03942	HG03942_hap2	chr8	1	1	PASS	0	0
HG04036	HG04036_hap1	chr1	1	1	PASS	8	4
HG04036	HG04036_hap1	chr10	1	1	PASS	4	6
HG04036	HG04036_hap1	chr11	1	1	PASS	0	0
HG04036	HG04036_hap1	chr12	1	1	PASS	0	0
HG04036	HG04036_hap1	chr17	1	1	PASS	2	5
HG04036	HG04036_hap1	chr18	1	1	PASS	0	0
HG04036	HG04036_hap1	chr19	1	1	PASS	0	0
HG04036	HG04036_hap1	chr2	1	1	PASS	10	4
HG04036	HG04036_hap1	chr20	1	1	PASS	0	3
HG04036	HG04036_hap1	chr3	1	1	PASS	0	1
HG04036	HG04036_hap1	chr5	1	1	PASS	0	1
HG04036	HG04036_hap1	chr6	1	1	PASS	0	0
HG04036	HG04036_hap1	chr7	1	1	PASS	22	21
HG04036	HG04036_hap1	chr8	1	1	PASS	0	0
HG04036	HG04036_hap1	chr9	1	1	PASS	1	116
HG04036	HG04036_hap2	chr1	1	1	PASS	7	4
HG04036	HG04036_hap2	chr10	1	1	PASS	4	6
HG04036	HG04036_hap2	chr11	1	1	PASS	0	0
HG04036	HG04036_hap2	chr12	1	1	PASS	0	0
HG04036	HG04036_hap2	chr17	1	1	PASS	2	5
HG04036	HG04036_hap2	chr18	1	1	PASS	0	0
HG04036	HG04036_hap2	chr19	1	1	PASS	0	0
HG04036	HG04036_hap2	chr2	1	1	PASS	10	4
HG04036	HG04036_hap2	chr20	1	1	PASS	0	3
HG04036	HG04036_hap2	chr3	1	1	PASS	0	1
HG04036	HG04036_hap2	chr4	1	1	PASS	0	2
HG04036	HG04036_hap2	chr5	1	1	PASS	0	1
HG04036	HG04036_hap2	chr6	1	1	PASS	0	0
HG04036	HG04036_hap2	chr7	1	1	PASS	22	16
HG04036	HG04036_hap2	chr8	1	1	PASS	0	0
HG04036	HG04036_hap2	chr9	1	1	PASS	1	148
HG04115	HG04115_hap1	chr1	1	1	PASS	9	5
HG04115	HG04115_hap1	chr10	1	1	PASS	4	6
HG04115	HG04115_hap1	chr11	1	1	PASS	0	0
HG04115	HG04115_hap1	chr12	1	1	PASS	0	0
HG04115	HG04115_hap1	chr16	1	1	PASS	17	3
HG04115	HG04115_hap1	chr18	1	1	PASS	0	0
HG04115	HG04115_hap1	chr19	1	1	PASS	0	0
HG04115	HG04115_hap1	chr2	1	1	PASS	7	2
HG04115	HG04115_hap1	chr20	1	1	PASS	0	3
HG04115	HG04115_hap1	chr3	1	1	PASS	0	1
HG04115	HG04115_hap1	chr4	1	1	PASS	0	2
HG04115	HG04115_hap1	chr7	1	1	PASS	23	20
HG04115	HG04115_hap1	chr8	1	1	PASS	0	0
HG04115	HG04115_hap1	chr9	1	1	PASS	1	116
HG04115	HG04115_hap1	chrX	1	1	PASS	0	0
HG04115	HG04115_hap2	chr10	1	1	PASS	4	6
HG04115	HG04115_hap2	chr11	1	1	PASS	0	0
HG04115	HG04115_hap2	chr12	1	1	PASS	0	0
HG04115	HG04115_hap2	chr16	1	1	PASS	19	5
HG04115	HG04115_hap2	chr18	1	1	PASS	0	0
HG04115	HG04115_hap2	chr19	1	1	PASS	0	0
HG04115	HG04115_hap2	chr2	1	1	PASS	11	4
HG04115	HG04115_hap2	chr20	1	1	PASS	0	3
HG04115	HG04115_hap2	chr3	1	1	PASS	0	1
HG04115	HG04115_hap2	chr4	1	1	PASS	0	2
HG04115	HG04115_hap2	chr7	1	1	PASS	20	18
HG04115	HG04115_hap2	chr8	1	1	PASS	0	0
HG04115	HG04115_hap2	chr9	1	1	PASS	1	136
HG04157	HG04157_hap1	chr1	1	1	PASS	8	8
HG04157	HG04157_hap1	chr10	1	1	PASS	4	6
HG04157	HG04157_hap1	chr11	1	1	PASS	0	0
HG04157	HG04157_hap1	chr12	1	1	PASS	0	0
HG04157	HG04157_hap1	chr16	1	1	PASS	20	6
HG04157	HG04157_hap1	chr19	1	1	PASS	0	0
HG04157	HG04157_hap1	chr20	1	1	PASS	0	3
HG04157	HG04157_hap1	chr5	1	1	PASS	0	1
HG04157	HG04157_hap1	chr6	1	1	PASS	0	0
HG04157	HG04157_hap1	chr7	1	1	PASS	22	11
HG04157	HG04157_hap1	chr8	1	1	PASS	0	0
HG04157	HG04157_hap1	chr9	1	1	PASS	1	178
HG04157	HG04157_hap1	chrX	1	1	PASS	0	0
HG04157	HG04157_hap2	chr1	1	1	PASS	8	5
HG04157	HG04157_hap2	chr10	1	1	PASS	4	6
HG04157	HG04157_hap2	chr11	1	1	PASS	0	0
HG04157	HG04157_hap2	chr12	1	1	PASS	0	0
HG04157	HG04157_hap2	chr16	1	1	PASS	20	6
HG04157	HG04157_hap2	chr19	1	1	PASS	0	0
HG04157	HG04157_hap2	chr20	1	1	PASS	0	3
HG04157	HG04157_hap2	chr3	1	1	PASS	0	1
HG04157	HG04157_hap2	chr5	1	1	PASS	0	1
HG04157	HG04157_hap2	chr6	1	1	PASS	0	0
HG04157	HG04157_hap2	chr7	1	1	PASS	24	16
HG04157	HG04157_hap2	chr8	1	1	PASS	0	0
HG04157	HG04157_hap2	chr9	1	1	PASS	1	129
HG04160	HG04160_hap1	chr1	1	1	PASS	8	5
HG04160	HG04160_hap1	chr10	1	1	PASS	4	6
HG04160	HG04160_hap1	chr11	1	1	PASS	0	0
HG04160	HG04160_hap1	chr12	1	1	PASS	0	0
HG04160	HG04160_hap1	chr16	1	1	PASS	19	5
HG04160	HG04160_hap1	chr19	1	1	PASS	0	0
HG04160	HG04160_hap1	chr20	1	1	PASS	0	3
HG04160	HG04160_hap1	chr3	1	1	PASS	0	1
HG04160	HG04160_hap1	chr4	1	1	PASS	0	2
HG04160	HG04160_hap1	chr5	1	1	PASS	0	1
HG04160	HG04160_hap1	chr7	1	1	PASS	20	14
HG04160	HG04160_hap1	chr8	1	1	PASS	0	0
HG04160	HG04160_hap1	chr9	1	1	PASS	1	140
HG04160	HG04160_hap1	chrX	1	1	PASS	0	0
HG04160	HG04160_hap2	chr1	1	1	PASS	7	4
HG04160	HG04160_hap2	chr10	1	1	PASS	4	6
HG04160	HG04160_hap2	chr11	1	1	PASS	0	0
HG04160	HG04160_hap2	chr12	1	1	PASS	0	0
HG04160	HG04160_hap2	chr16	1	1	PASS	17	3
HG04160	HG04160_hap2	chr19	1	1	PASS	0	0
HG04160	HG04160_hap2	chr20	1	1	PASS	0	3
HG04160	HG04160_hap2	chr3	1	1	PASS	0	1
HG04160	HG04160_hap2	chr4	1	1	PASS	0	2
HG04160	HG04160_hap2	chr5	1	1	PASS	0	1
HG04160	HG04160_hap2	chr7	1	1	PASS	21	13
HG04160	HG04160_hap2	chr8	1	1	PASS	0	0
HG04160	HG04160_hap2	chr9	1	1	PASS	1	274
HG04184	HG04184_hap1	chr1	1	1	PASS	6	4
HG04184	HG04184_hap1	chr10	1	1	PASS	4	6
HG04184	HG04184_hap1	chr11	1	1	PASS	0	0
HG04184	HG04184_hap1	chr12	1	1	PASS	0	0
HG04184	HG04184_hap1	chr16	1	1	PASS	20	6
HG04184	HG04184_hap1	chr17	1	1	PASS	2	5
HG04184	HG04184_hap1	chr19	1	1	PASS	0	0
HG04184	HG04184_hap1	chr2	1	1	PASS	11	4
HG04184	HG04184_hap1	chr20	1	1	PASS	0	3
HG04184	HG04184_hap1	chr3	1	1	PASS	0	1
HG04184	HG04184_hap1	chr4	1	1	PASS	0	2
HG04184	HG04184_hap1	chr5	1	1	PASS	0	1
HG04184	HG04184_hap1	chr6	1	1	PASS	0	0
HG04184	HG04184_hap1	chr7	1	1	PASS	19	12
HG04184	HG04184_hap1	chr8	1	1	PASS	0	0
HG04184	HG04184_hap1	chr9	1	1	PASS	1	172
HG04184	HG04184_hap1	chrX	1	1	PASS	0	0
HG04184	HG04184_hap2	chr1	1	1	PASS	8	4
HG04184	HG04184_hap2	chr10	1	1	PASS	4	6
HG04184	HG04184_hap2	chr11	1	1	PASS	0	0
HG04184	HG04184_hap2	chr12	1	1	PASS	0	0
HG04184	HG04184_hap2	chr16	1	1	PASS	20	6
HG04184	HG04184_hap2	chr17	1	1	PASS	2	5
HG04184	HG04184_hap2	chr19	1	1	PASS	0	0
HG04184	HG04184_hap2	chr2	1	1	PASS	2	0
HG04184	HG04184_hap2	chr20	1	1	PASS	0	3
HG04184	HG04184_hap2	chr3	1	1	PASS	0	1
HG04184	HG04184_hap2	chr5	1	1	PASS	0	1
HG04184	HG04184_hap2	chr6	1	1	PASS	0	0
HG04184	HG04184_hap2	chr7	1	1	PASS	20	17
HG04184	HG04184_hap2	chr8	1	1	PASS	0	0
HG04184	HG04184_hap2	chr9	1	1	PASS	1	130
HG04184	HG04184_hap2	chrX	1	1	PASS	0	0
HG04187	HG04187_hap1	chr10	1	1	PASS	4	6
HG04187	HG04187_hap1	chr11	1	1	PASS	0	0
HG04187	HG04187_hap1	chr12	1	1	PASS	0	0
HG04187	HG04187_hap1	chr16	1	1	PASS	18	4
HG04187	HG04187_hap1	chr17	1	1	PASS	2	5
HG04187	HG04187_hap1	chr18	1	1	PASS	0	0
HG04187	HG04187_hap1	chr19	1	1	PASS	0	0
HG04187	HG04187_hap1	chr2	1	1	PASS	11	4
HG04187	HG04187_hap1	chr20	1	1	PASS	0	3
HG04187	HG04187_hap1	chr4	1	1	PASS	0	2
HG04187	HG04187_hap1	chr5	1	1	PASS	0	1
HG04187	HG04187_hap1	chr6	1	1	PASS	0	0
HG04187	HG04187_hap1	chr7	1	1	PASS	23	16
HG04187	HG04187_hap1	chr8	1	1	PASS	0	0
HG04187	HG04187_hap1	chr9	1	1	PASS	1	36
HG04187	HG04187_hap1	chrX	1	1	PASS	0	0
HG04187	HG04187_hap2	chr1	1	1	PASS	7	5
HG04187	HG04187_hap2	chr10	1	1	PASS	4	6
HG04187	HG04187_hap2	chr11	1	1	PASS	0	0
HG04187	HG04187_hap2	chr12	1	1	PASS	0	0
HG04187	HG04187_hap2	chr16	1	1	PASS	17	3
HG04187	HG04187_hap2	chr17	1	1	PASS	2	5
HG04187	HG04187_hap2	chr18	1	1	PASS	0	0
HG04187	HG04187_hap2	chr19	1	1	PASS	0	0
HG04187	HG04187_hap2	chr2	1	1	PASS	11	4
HG04187	HG04187_hap2	chr20	1	1	PASS	0	3
HG04187	HG04187_hap2	chr4	1	1	PASS	0	2
HG04187	HG04187_hap2	chr5	1	1	PASS	0	1
HG04187	HG04187_hap2	chr6	1	1	PASS	0	0
HG04187	HG04187_hap2	chr7	1	1	PASS	20	13
HG04187	HG04187_hap2	chr8	1	1	PASS	0	0
HG04187	HG04187_hap2	chr9	1	1	PASS	1	107
HG04199	HG04199_hap1	chr1	1	1	PASS	7	4
HG04199	HG04199_hap1	chr10	1	1	PASS	4	6
HG04199	HG04199_hap1	chr11	1	1	PASS	0	0
HG04199	HG04199_hap1	chr12	1	1	PASS	0	0
HG04199	HG04199_hap1	chr16	1	1	PASS	18	4
HG04199	HG04199_hap1	chr17	1	1	PASS	2	5
HG04199	HG04199_hap1	chr19	1	1	PASS	0	0
HG04199	HG04199_hap1	chr2	1	1	PASS	13	6
HG04199	HG04199_hap1	chr20	1	1	PASS	0	3
HG04199	HG04199_hap1	chr3	1	1	PASS	0	1
HG04199	HG04199_hap1	chr4	1	1	PASS	0	2
HG04199	HG04199_hap1	chr5	1	1	PASS	0	1
HG04199	HG04199_hap1	chr7	1	1	PASS	23	14
HG04199	HG04199_hap1	chr8	1	1	PASS	0	0
HG04199	HG04199_hap1	chr9	1	1	PASS	1	166
HG04199	HG04199_hap1	chrX	1	1	PASS	0	0
HG04199	HG04199_hap2	chr1	1	1	PASS	7	5
HG04199	HG04199_hap2	chr10	1	1	PASS	4	6
HG04199	HG04199_hap2	chr11	1	1	PASS	0	0
HG04199	HG04199_hap2	chr12	1	1	PASS	0	0
HG04199	HG04199_hap2	chr16	1	1	PASS	17	3
HG04199	HG04199_hap2	chr17	1	1	PASS	2	5
HG04199	HG04199_hap2	chr19	1	1	PASS	0	0
HG04199	HG04199_hap2	chr2	1	1	PASS	11	4
HG04199	HG04199_hap2	chr20	1	1	PASS	0	3
HG04199	HG04199_hap2	chr3	1	1	PASS	0	1
HG04199	HG04199_hap2	chr4	1	1	PASS	0	2
HG04199	HG04199_hap2	chr5	1	1	PASS	0	1
HG04199	HG04199_hap2	chr7	1	1	PASS	24	18
HG04199	HG04199_hap2	chr8	1	1	PASS	0	0
HG04199	HG04199_hap2	chr9	1	1	PASS	1	148
HG04204	HG04204_hap1	chr1	1	1	PASS	9	5
HG04204	HG04204_hap1	chr10	1	1	PASS	4	6
HG04204	HG04204_hap1	chr11	1	1	PASS	0	0
HG04204	HG04204_hap1	chr12	1	1	PASS	0	0
HG04204	HG04204_hap1	chr16	1	1	PASS	19	5
HG04204	HG04204_hap1	chr19	1	1	PASS	0	0
HG04204	HG04204_hap1	chr2	1	1	PASS	11	4
HG04204	HG04204_hap1	chr20	1	1	PASS	0	3
HG04204	HG04204_hap1	chr5	1	1	PASS	0	1
HG04204	HG04204_hap1	chr7	1	1	PASS	21	17
HG04204	HG04204_hap1	chr8	1	1	PASS	0	0
HG04204	HG04204_hap1	chr9	1	1	PASS	1	80
HG04204	HG04204_hap1	chrX	1	1	PASS	0	0
HG04204	HG04204_hap2	chr10	1	1	PASS	4	6
HG04204	HG04204_hap2	chr11	1	1	PASS	0	0
HG04204	HG04204_hap2	chr12	1	1	PASS	0	0
HG04204	HG04204_hap2	chr16	1	1	PASS	17	3
HG04204	HG04204_hap2	chr19	1	1	PASS	0	0
HG04204	HG04204_hap2	chr2	1	1	PASS	11	4
HG04204	HG04204_hap2	chr20	1	1	PASS	0	3
HG04204	HG04204_hap2	chr5	1	1	PASS	0	1
HG04204	HG04204_hap2	chr7	1	1	PASS	23	16
HG04204	HG04204_hap2	chr8	1	1	PASS	0	0
HG04204	HG04204_hap2	chr9	1	1	PASS	1	187
HG04217	HG04217_hap1	chr1	1	1	PASS	8	5
HG04217	HG04217_hap1	chr10	1	1	PASS	4	6
HG04217	HG04217_hap1	chr11	1	1	PASS	0	0
HG04217	HG04217_hap1	chr12	1	1	PASS	0	0
HG04217	HG04217_hap1	chr16	1	1	PASS	20	6
HG04217	HG04217_hap1	chr17	1	1	PASS	2	5
HG04217	HG04217_hap1	chr18	1	1	PASS	0	0
HG04217	HG04217_hap1	chr19	1	1	PASS	0	0
HG04217	HG04217_hap1	chr2	1	1	PASS	7	2
HG04217	HG04217_hap1	chr20	1	1	PASS	0	3
HG04217	HG04217_hap1	chr3	1	1	PASS	0	1
HG04217	HG04217_hap1	chr4	1	1	PASS	0	2
HG04217	HG04217_hap1	chr5	1	1	PASS	0	1
HG04217	HG04217_hap1	chr6	1	1	PASS	0	0
HG04217	HG04217_hap1	chr7	1	1	PASS	22	17
HG04217	HG04217_hap1	chr8	1	1	PASS	0	0
HG04217	HG04217_hap1	chr9	1	1	PASS	1	146
HG04217	HG04217_hap1	chrX	1	1	PASS	0	0
HG04217	HG04217_hap2	chr1	1	1	PASS	6	4
HG04217	HG04217_hap2	chr10	1	1	PASS	4	6
HG04217	HG04217_hap2	chr11	1	1	PASS	0	0
HG04217	HG04217_hap2	chr12	1	1	PASS	0	0
HG04217	HG04217_hap2	chr17	1	1	PASS	2	5
HG04217	HG04217_hap2	chr18	1	1	PASS	0	0
HG04217	HG04217_hap2	chr19	1	1	PASS	0	0
HG04217	HG04217_hap2	chr2	1	1	PASS	11	4
HG04217	HG04217_hap2	chr20	1	1	PASS	0	3
HG04217	HG04217_hap2	chr3	1	1	PASS	0	1
HG04217	HG04217_hap2	chr4	1	1	PASS	0	2
HG04217	HG04217_hap2	chr5	1	1	PASS	0	1
HG04217	HG04217_hap2	chr6	1	1	PASS	0	0
HG04217	HG04217_hap2	chr7	1	1	PASS	21	18
HG04217	HG04217_hap2	chr8	1	1	PASS	0	0
HG04217	HG04217_hap2	chr9	1	1	PASS	1	127
HG04217	HG04217_hap2	chrX	1	1	PASS	0	0
HG04228	HG04228_hap1	chr1	1	1	PASS	7	4
HG04228	HG04228_hap1	chr10	1	1	PASS	4	6
HG04228	HG04228_hap1	chr11	1	1	PASS	0	0
HG04228	HG04228_hap1	chr12	1	1	PASS	0	0
HG04228	HG04228_hap1	chr16	1	1	PASS	17	3
HG04228	HG04228_hap1	chr17	1	1	PASS	2	5
HG04228	HG04228_hap1	chr19	1	1	PASS	0	0
HG04228	HG04228_hap1	chr2	1	1	PASS	11	4
HG04228	HG04228_hap1	chr20	1	1	PASS	0	3
HG04228	HG04228_hap1	chr5	1	1	PASS	0	1
HG04228	HG04228_hap1	chr6	1	1	PASS	0	0
HG04228	HG04228_hap1	chr7	1	1	PASS	24	17
HG04228	HG04228_hap1	chr8	1	1	PASS	0	0
HG04228	HG04228_hap1	chr9	1	1	PASS	1	136
HG04228	HG04228_hap1	chrX	1	1	PASS	0	0
HG04228	HG04228_hap2	chr1	1	1	PASS	6	5
HG04228	HG04228_hap2	chr10	1	1	PASS	3	6
HG04228	HG04228_hap2	chr11	1	1	PASS	0	0
HG04228	HG04228_hap2	chr12	1	1	PASS	0	0
HG04228	HG04228_hap2	chr16	1	1	PASS	17	3
HG04228	HG04228_hap2	chr17	1	1	PASS	2	5
HG04228	HG04228_hap2	chr19	1	1	PASS	0	0
HG04228	HG04228_hap2	chr2	1	1	PASS	11	4
HG04228	HG04228_hap2	chr20	1	1	PASS	0	3
HG04228	HG04228_hap2	chr5	1	1	PASS	0	1
HG04228	HG04228_hap2	chr6	1	1	PASS	0	0
HG04228	HG04228_hap2	chr7	1	1	PASS	24	20
HG04228	HG04228_hap2	chr8	1	1	PASS	0	0
HG04228	HG04228_hap2	chr9	1	1	PASS	1	140
HG06807	HG06807_hap1	chr1	1	1	PASS	8	4
HG06807	HG06807_hap1	chr10	1	1	PASS	4	6
HG06807	HG06807_hap1	chr11	1	1	PASS	0	0
HG06807	HG06807_hap1	chr12	1	1	PASS	0	0
HG06807	HG06807_hap1	chr16	1	1	PASS	17	3
HG06807	HG06807_hap1	chr17	1	1	PASS	2	5
HG06807	HG06807_hap1	chr18	1	1	PASS	0	0
HG06807	HG06807_hap1	chr19	1	1	PASS	0	0
HG06807	HG06807_hap1	chr2	1	1	PASS	11	4
HG06807	HG06807_hap1	chr20	1	1	PASS	0	3
HG06807	HG06807_hap1	chr3	1	1	PASS	0	1
HG06807	HG06807_hap1	chr4	1	1	PASS	0	2
HG06807	HG06807_hap1	chr5	1	1	PASS	0	1
HG06807	HG06807_hap1	chr6	1	1	PASS	0	0
HG06807	HG06807_hap1	chr7	1	1	PASS	23	18
HG06807	HG06807_hap1	chr8	1	1	PASS	0	0
HG06807	HG06807_hap1	chr9	1	1	PASS	1	65
HG06807	HG06807_hap1	chrX	1	1	PASS	0	0
HG06807	HG06807_hap2	chr1	1	1	PASS	7	5
HG06807	HG06807_hap2	chr10	1	1	PASS	4	6
HG06807	HG06807_hap2	chr11	1	1	PASS	0	0
HG06807	HG06807_hap2	chr12	1	1	PASS	0	0
HG06807	HG06807_hap2	chr16	1	1	PASS	17	3
HG06807	HG06807_hap2	chr17	1	1	PASS	2	5
HG06807	HG06807_hap2	chr18	1	1	PASS	0	0
HG06807	HG06807_hap2	chr19	1	1	PASS	0	0
HG06807	HG06807_hap2	chr2	1	1	PASS	11	4
HG06807	HG06807_hap2	chr20	1	1	PASS	0	3
HG06807	HG06807_hap2	chr3	1	1	PASS	0	1
HG06807	HG06807_hap2	chr4	1	1	PASS	0	2
HG06807	HG06807_hap2	chr5	1	1	PASS	0	1
HG06807	HG06807_hap2	chr6	1	1	PASS	0	0
HG06807	HG06807_hap2	chr7	1	1	PASS	22	15
HG06807	HG06807_hap2	chr8	1	1	PASS	0	0
HG06807	HG06807_hap2	chr9	1	1	PASS	1	121
HG06807	HG06807_hap2	chrX	1	1	PASS	0	0
NA12329	NA12329_hap1	chr1	1	1	PASS	15	5
NA12329	NA12329_hap1	chr10	1	1	PASS	4	6
NA12329	NA12329_hap1	chr11	1	1	PASS	0	0
NA12329	NA12329_hap1	chr12	1	1	PASS	0	0
NA12329	NA12329_hap1	chr16	1	1	PASS	20	6
NA12329	NA12329_hap1	chr17	1	1	PASS	2	5
NA12329	NA12329_hap1	chr18	1	1	PASS	0	0
NA12329	NA12329_hap1	chr19	1	1	PASS	0	0
NA12329	NA12329_hap1	chr2	1	1	PASS	11	4
NA12329	NA12329_hap1	chr20	1	1	PASS	0	3
NA12329	NA12329_hap1	chr3	1	1	PASS	0	1
NA12329	NA12329_hap1	chr4	1	1	PASS	0	2
NA12329	NA12329_hap1	chr5	1	1	PASS	0	1
NA12329	NA12329_hap1	chr6	1	1	PASS	0	0
NA12329	NA12329_hap1	chr7	1	1	PASS	23	18
NA12329	NA12329_hap1	chr8	1	1	PASS	0	0
NA12329	NA12329_hap1	chrX	1	1	PASS	0	0
NA12329	NA12329_hap2	chr1	1	1	PASS	7	5
NA12329	NA12329_hap2	chr10	1	1	PASS	4	6
NA12329	NA12329_hap2	chr11	1	1	PASS	0	0
NA12329	NA12329_hap2	chr12	1	1	PASS	0	0
NA12329	NA12329_hap2	chr16	1	1	PASS	20	6
NA12329	NA12329_hap2	chr17	1	1	PASS	2	5
NA12329	NA12329_hap2	chr18	1	1	PASS	0	0
NA12329	NA12329_hap2	chr19	1	1	PASS	0	0
NA12329	NA12329_hap2	chr2	1	1	PASS	11	4
NA12329	NA12329_hap2	chr20	1	1	PASS	0	3
NA12329	NA12329_hap2	chr3	1	1	PASS	0	1
NA12329	NA12329_hap2	chr4	1	1	PASS	0	2
NA12329	NA12329_hap2	chr5	1	1	PASS	0	1
NA12329	NA12329_hap2	chr6	1	1	PASS	0	0
NA12329	NA12329_hap2	chr7	1	1	PASS	20	13
NA12329	NA12329_hap2	chr8	1	1	PASS	0	0
NA12329	NA12329_hap2	chr9	1	1	PASS	1	119
NA12329	NA12329_hap2	chrX	1	1	PASS	0	0
NA18505	NA18505_hap1	chr1	1	1	PASS	7	5
NA18505	NA18505_hap1	chr10	1	1	PASS	4	6
NA18505	NA18505_hap1	chr11	1	1	PASS	0	0
NA18505	NA18505_hap1	chr12	1	1	PASS	0	0
NA18505	NA18505_hap1	chr16	1	1	PASS	17	3
NA18505	NA18505_hap1	chr19	1	1	PASS	0	0
NA18505	NA18505_hap1	chr2	1	1	PASS	7	2
NA18505	NA18505_hap1	chr20	1	1	PASS	0	3
NA18505	NA18505_hap1	chr4	1	1	PASS	0	2
NA18505	NA18505_hap1	chr5	1	1	PASS	0	1
NA18505	NA18505_hap1	chr7	1	1	PASS	20	12
NA18505	NA18505_hap1	chr8	1	1	PASS	0	0
NA18505	NA18505_hap1	chr9	1	1	PASS	1	144
NA18505	NA18505_hap1	chrX	1	1	PASS	0	0
NA18505	NA18505_hap2	chr10	1	1	PASS	4	6
NA18505	NA18505_hap2	chr11	1	1	PASS	0	0
NA18505	NA18505_hap2	chr12	1	1	PASS	0	0
NA18505	NA18505_hap2	chr16	1	1	PASS	22	8
NA18505	NA18505_hap2	chr19	1	1	PASS	0	0
NA18505	NA18505_hap2	chr2	1	1	PASS	7	2
NA18505	NA18505_hap2	chr20	1	1	PASS	0	3
NA18505	NA18505_hap2	chr4	1	1	PASS	0	2
NA18505	NA18505_hap2	chr5	1	1	PASS	0	1
NA18505	NA18505_hap2	chr7	1	1	PASS	22	13
NA18505	NA18505_hap2	chr8	1	1	PASS	0	0
NA18505	NA18505_hap2	chr9	1	1	PASS	0	173
NA18505	NA18505_hap2	chrX	1	1	PASS	0	0
NA18508	NA18508_hap1	chr1	1	1	PASS	6	5
NA18508	NA18508_hap1	chr10	1	1	PASS	4	6
NA18508	NA18508_hap1	chr11	1	1	PASS	0	0
NA18508	NA18508_hap1	chr12	1	1	PASS	0	0
NA18508	NA18508_hap1	chr18	1	1	PASS	0	0
NA18508	NA18508_hap1	chr19	1	1	PASS	0	0
NA18508	NA18508_hap1	chr2	1	1	PASS	11	4
NA18508	NA18508_hap1	chr3	1	1	PASS	0	1
NA18508	NA18508_hap1	chr4	1	1	PASS	0	2
NA18508	NA18508_hap1	chr5	1	1	PASS	0	1
NA18508	NA18508_hap1	chr6	1	1	PASS	0	0
NA18508	NA18508_hap1	chr7	1	1	PASS	23	18
NA18508	NA18508_hap1	chr8	1	1	PASS	0	0
NA18508	NA18508_hap1	chr9	1	1	PASS	1	147
NA18508	NA18508_hap1	chrX	1	1	PASS	0	0
NA18508	NA18508_hap2	chr1	1	1	PASS	7	5
NA18508	NA18508_hap2	chr10	1	1	PASS	4	6
NA18508	NA18508_hap2	chr11	1	1	PASS	0	0
NA18508	NA18508_hap2	chr12	1	1	PASS	0	0
NA18508	NA18508_hap2	chr18	1	1	PASS	0	0
NA18508	NA18508_hap2	chr19	1	1	PASS	0	0
NA18508	NA18508_hap2	chr2	1	1	PASS	11	4
NA18508	NA18508_hap2	chr20	1	1	PASS	0	3
NA18508	NA18508_hap2	chr3	1	1	PASS	0	1
NA18508	NA18508_hap2	chr4	1	1	PASS	0	2
NA18508	NA18508_hap2	chr5	1	1	PASS	0	1
NA18508	NA18508_hap2	chr6	1	1	PASS	0	0
NA18508	NA18508_hap2	chr7	1	1	PASS	22	16
NA18508	NA18508_hap2	chr8	1	1	PASS	0	0
NA18508	NA18508_hap2	chr9	1	1	PASS	1	124
NA18508	NA18508_hap2	chrX	1	1	PASS	0	0
NA18522	NA18522_hap1	chr1	1	1	PASS	8	5
NA18522	NA18522_hap1	chr10	1	1	PASS	4	6
NA18522	NA18522_hap1	chr11	1	1	PASS	0	0
NA18522	NA18522_hap1	chr12	1	1	PASS	0	0
NA18522	NA18522_hap1	chr16	1	1	PASS	18	4
NA18522	NA18522_hap1	chr17	1	1	PASS	2	5
NA18522	NA18522_hap1	chr18	1	1	PASS	0	0
NA18522	NA18522_hap1	chr19	1	1	PASS	0	0
NA18522	NA18522_hap1	chr2	1	1	PASS	11	4
NA18522	NA18522_hap1	chr20	1	1	PASS	0	3
NA18522	NA18522_hap1	chr3	1	1	PASS	0	1
NA18522	NA18522_hap1	chr4	1	1	PASS	0	2
NA18522	NA18522_hap1	chr5	1	1	PASS	0	1
NA18522	NA18522_hap1	chr6	1	1	PASS	0	0
NA18522	NA18522_hap1	chr7	1	1	PASS	23	17
NA18522	NA18522_hap1	chr9	1	1	PASS	1	194
NA18522	NA18522_hap2	chr1	1	1	PASS	7	5
NA18522	NA18522_hap2	chr10	1	1	PASS	4	6
NA18522	NA18522_hap2	chr11	1	1	PASS	0	0
NA18522	NA18522_hap2	chr12	1	1	PASS	0	0
NA18522	NA18522_hap2	chr16	1	1	PASS	17	3
NA18522	NA18522_hap2	chr17	1	1	PASS	2	5
NA18522	NA18522_hap2	chr18	1	1	PASS	0	0
NA18522	NA18522_hap2	chr19	1	1	PASS	0	0
NA18522	NA18522_hap2	chr2	1	1	PASS	11	4
NA18522	NA18522_hap2	chr20	1	1	PASS	0	3
NA18522	NA18522_hap2	chr3	1	1	PASS	0	1
NA18522	NA18522_hap2	chr4	1	1	PASS	0	2
NA18522	NA18522_hap2	chr5	1	1	PASS	0	1
NA18522	NA18522_hap2	chr6	1	1	PASS	0	0
NA18522	NA18522_hap2	chr7	1	1	PASS	22	16
NA18522	NA18522_hap2	chr9	1	1	PASS	1	125
NA18522	NA18522_hap2	chrX	1	1	PASS	0	0
NA18534	NA18534_hap1	chr1	1	1	PASS	7	4
NA18534	NA18534_hap1	chr10	1	1	PASS	4	6
NA18534	NA18534_hap1	chr11	1	1	PASS	0	0
NA18534	NA18534_hap1	chr12	1	1	PASS	0	0
NA18534	NA18534_hap1	chr16	1	1	PASS	17	3
NA18534	NA18534_hap1	chr17	1	1	PASS	2	5
NA18534	NA18534_hap1	chr18	1	1	PASS	0	0
NA18534	NA18534_hap1	chr19	1	1	PASS	0	0
NA18534	NA18534_hap1	chr2	1	1	PASS	11	4
NA18534	NA18534_hap1	chr20	1	1	PASS	0	3
NA18534	NA18534_hap1	chr3	1	1	PASS	0	1
NA18534	NA18534_hap1	chr4	1	1	PASS	0	2
NA18534	NA18534_hap1	chr5	1	1	PASS	0	1
NA18534	NA18534_hap1	chr6	1	1	PASS	0	0
NA18534	NA18534_hap1	chr7	1	1	PASS	20	11
NA18534	NA18534_hap1	chr8	1	1	PASS	0	0
NA18534	NA18534_hap1	chr9	1	1	PASS	1	120
NA18534	NA18534_hap2	chr1	1	1	PASS	7	4
NA18534	NA18534_hap2	chr10	1	1	PASS	4	6
NA18534	NA18534_hap2	chr11	1	1	PASS	0	0
NA18534	NA18534_hap2	chr12	1	1	PASS	0	0
NA18534	NA18534_hap2	chr16	1	1	PASS	18	4
NA18534	NA18534_hap2	chr17	1	1	PASS	2	5
NA18534	NA18534_hap2	chr18	1	1	PASS	0	0
NA18534	NA18534_hap2	chr19	1	1	PASS	0	0
NA18534	NA18534_hap2	chr2	1	1	PASS	7	2
NA18534	NA18534_hap2	chr20	1	1	PASS	0	3
NA18534	NA18534_hap2	chr3	1	1	PASS	0	1
NA18534	NA18534_hap2	chr4	1	1	PASS	0	2
NA18534	NA18534_hap2	chr5	1	1	PASS	0	1
NA18534	NA18534_hap2	chr6	1	1	PASS	0	0
NA18534	NA18534_hap2	chr7	1	1	PASS	22	16
NA18534	NA18534_hap2	chr8	1	1	PASS	0	0
NA18534	NA18534_hap2	chrX	1	1	PASS	0	0
NA18565	NA18565_hap1	chr1	1	1	PASS	7	5
NA18565	NA18565_hap1	chr10	1	1	PASS	7	9
NA18565	NA18565_hap1	chr11	1	1	PASS	0	0
NA18565	NA18565_hap1	chr12	1	1	PASS	0	0
NA18565	NA18565_hap1	chr16	1	1	PASS	18	3
NA18565	NA18565_hap1	chr19	1	1	PASS	0	0
NA18565	NA18565_hap1	chr20	1	1	PASS	0	3
NA18565	NA18565_hap1	chr3	1	1	PASS	0	1
NA18565	NA18565_hap1	chr4	1	1	PASS	0	2
NA18565	NA18565_hap1	chr5	1	1	PASS	0	1
NA18565	NA18565_hap1	chr6	1	1	PASS	0	0
NA18565	NA18565_hap1	chr8	1	1	PASS	0	0
NA18565	NA18565_hap1	chrX	1	1	PASS	0	0
NA18565	NA18565_hap2	chr1	1	1	PASS	7	5
NA18565	NA18565_hap2	chr10	1	1	PASS	4	6
NA18565	NA18565_hap2	chr11	1	1	PASS	0	0
NA18565	NA18565_hap2	chr12	1	1	PASS	0	0
NA18565	NA18565_hap2	chr16	1	1	PASS	20	6
NA18565	NA18565_hap2	chr19	1	1	PASS	0	0
NA18565	NA18565_hap2	chr20	1	1	PASS	0	3
NA18565	NA18565_hap2	chr3	1	1	PASS	0	1
NA18565	NA18565_hap2	chr4	1	1	PASS	0	2
NA18565	NA18565_hap2	chr5	1	1	PASS	0	1
NA18565	NA18565_hap2	chr6	1	1	PASS	0	0
NA18565	NA18565_hap2	chr8	1	1	PASS	0	0
NA18565	NA18565_hap2	chr9	1	1	PASS	1	123
NA18565	NA18565_hap2	chrX	1	1	PASS	0	0
NA18570	NA18570_hap1	chr10	1	1	PASS	4	6
NA18570	NA18570_hap1	chr11	1	1	PASS	0	0
NA18570	NA18570_hap1	chr12	1	1	PASS	0	0
NA18570	NA18570_hap1	chr16	1	1	PASS	17	3
NA18570	NA18570_hap1	chr18	1	1	PASS	0	0
NA18570	NA18570_hap1	chr19	1	1	PASS	0	0
NA18570	NA18570_hap1	chr2	1	1	PASS	11	4
NA18570	NA18570_hap1	chr20	1	1	PASS	0	3
NA18570	NA18570_hap1	chr3	1	1	PASS	0	1
NA18570	NA18570_hap1	chr4	1	1	PASS	0	2
NA18570	NA18570_hap1	chr5	1	1	PASS	0	1
NA18570	NA18570_hap1	chr6	1	1	PASS	0	0
NA18570	NA18570_hap1	chr7	1	1	PASS	24	17
NA18570	NA18570_hap1	chr8	1	1	PASS	0	0
NA18570	NA18570_hap1	chr9	1	1	PASS	1	128
NA18570	NA18570_hap1	chrX	1	1	PASS	0	0
NA18570	NA18570_hap2	chr10	1	1	PASS	4	6
NA18570	NA18570_hap2	chr11	1	1	PASS	0	0
NA18570	NA18570_hap2	chr12	1	1	PASS	0	0
NA18570	NA18570_hap2	chr16	1	1	PASS	17	3
NA18570	NA18570_hap2	chr18	1	1	PASS	0	0
NA18570	NA18570_hap2	chr19	1	1	PASS	0	0
NA18570	NA18570_hap2	chr2	1	1	PASS	11	4
NA18570	NA18570_hap2	chr20	1	1	PASS	0	3
NA18570	NA18570_hap2	chr3	1	1	PASS	0	1
NA18570	NA18570_hap2	chr4	1	1	PASS	0	2
NA18570	NA18570_hap2	chr5	1	1	PASS	0	1
NA18570	NA18570_hap2	chr6	1	1	PASS	0	0
NA18570	NA18570_hap2	chr7	1	1	PASS	21	15
NA18570	NA18570_hap2	chr8	1	1	PASS	0	0
NA18570	NA18570_hap2	chr9	1	1	PASS	1	123
NA18570	NA18570_hap2	chrX	1	1	PASS	0	0
NA18608	NA18608_hap1	chr1	1	1	PASS	7	5
NA18608	NA18608_hap1	chr10	1	1	PASS	4	6
NA18608	NA18608_hap1	chr11	1	1	PASS	0	0
NA18608	NA18608_hap1	chr12	1	1	PASS	0	0
NA18608	NA18608_hap1	chr16	1	1	PASS	17	3
NA18608	NA18608_hap1	chr17	1	1	PASS	2	5
NA18608	NA18608_hap1	chr19	1	1	PASS	0	0
NA18608	NA18608_hap1	chr20	1	1	PASS	0	3
NA18608	NA18608_hap1	chr3	1	1	PASS	0	1
NA18608	NA18608_hap1	chr4	1	1	PASS	0	2
NA18608	NA18608_hap1	chr5	1	1	PASS	0	1
NA18608	NA18608_hap1	chr7	1	1	PASS	22	18
NA18608	NA18608_hap1	chr8	1	1	PASS	0	0
NA18608	NA18608_hap1	chr9	1	1	PASS	1	116
NA18608	NA18608_hap2	chr1	1	1	PASS	6	4
NA18608	NA18608_hap2	chr10	1	1	PASS	4	6
NA18608	NA18608_hap2	chr11	1	1	PASS	0	0
NA18608	NA18608_hap2	chr12	1	1	PASS	0	0
NA18608	NA18608_hap2	chr16	1	1	PASS	21	6
NA18608	NA18608_hap2	chr17	1	1	PASS	2	5
NA18608	NA18608_hap2	chr19	1	1	PASS	0	0
NA18608	NA18608_hap2	chr20	1	1	PASS	0	3
NA18608	NA18608_hap2	chr3	1	1	PASS	0	1
NA18608	NA18608_hap2	chr4	1	1	PASS	0	2
NA18608	NA18608_hap2	chr5	1	1	PASS	0	1
NA18608	NA18608_hap2	chr7	1	1	PASS	21	15
NA18608	NA18608_hap2	chr8	1	1	PASS	0	0
NA18608	NA18608_hap2	chrX	1	1	PASS	0	0
NA18620	NA18620_hap1	chr10	1	1	PASS	4	6
NA18620	NA18620_hap1	chr11	1	1	PASS	0	0
NA18620	NA18620_hap1	chr12	1	1	PASS	0	0
NA18620	NA18620_hap1	chr16	1	1	PASS	19	5
NA18620	NA18620_hap1	chr18	1	1	PASS	0	0
NA18620	NA18620_hap1	chr19	1	1	PASS	0	0
NA18620	NA18620_hap1	chr2	1	1	PASS	11	4
NA18620	NA18620_hap1	chr3	1	1	PASS	0	1
NA18620	NA18620_hap1	chr5	1	1	PASS	0	1
NA18620	NA18620_hap1	chr7	1	1	PASS	22	13
NA18620	NA18620_hap1	chr8	1	1	PASS	0	0
NA18620	NA18620_hap2	chr1	1	1	PASS	7	5
NA18620	NA18620_hap2	chr10	1	1	PASS	4	6
NA18620	NA18620_hap2	chr11	1	1	PASS	0	0
NA18620	NA18620_hap2	chr12	1	1	PASS	0	0
NA18620	NA18620_hap2	chr16	1	1	PASS	19	5
NA18620	NA18620_hap2	chr18	1	1	PASS	0	0
NA18620	NA18620_hap2	chr19	1	1	PASS	0	0
NA18620	NA18620_hap2	chr2	1	1	PASS	11	4
NA18620	NA18620_hap2	chr3	1	1	PASS	0	1
NA18620	NA18620_hap2	chr5	1	1	PASS	0	1
NA18620	NA18620_hap2	chr7	1	1	PASS	22	25
NA18620	NA18620_hap2	chr8	1	1	PASS	0	0
NA18620	NA18620_hap2	chrX	1	1	PASS	0	0
NA18747	NA18747_hap1	chr10	1	1	PASS	4	6
NA18747	NA18747_hap1	chr11	1	1	PASS	0	0
NA18747	NA18747_hap1	chr12	1	1	PASS	0	0
NA18747	NA18747_hap1	chr16	1	1	PASS	21	6
NA18747	NA18747_hap1	chr18	1	1	PASS	0	0
NA18747	NA18747_hap1	chr19	1	1	PASS	0	0
NA18747	NA18747_hap1	chr20	1	1	PASS	0	3
NA18747	NA18747_hap1	chr5	1	1	PASS	0	1
NA18747	NA18747_hap1	chr6	1	1	PASS	0	0
NA18747	NA18747_hap1	chr7	1	1	PASS	21	15
NA18747	NA18747_hap1	chr8	1	1	PASS	0	0
NA18747	NA18747_hap1	chr9	1	1	PASS	1	93
NA18747	NA18747_hap2	chr10	1	1	PASS	4	6
NA18747	NA18747_hap2	chr11	1	1	PASS	0	0
NA18747	NA18747_hap2	chr12	1	1	PASS	0	0
NA18747	NA18747_hap2	chr16	1	1	PASS	20	5
NA18747	NA18747_hap2	chr18	1	1	PASS	0	0
NA18747	NA18747_hap2	chr19	1	1	PASS	0	0
NA18747	NA18747_hap2	chr5	1	1	PASS	0	1
NA18747	NA18747_hap2	chr6	1	1	PASS	0	0
NA18747	NA18747_hap2	chr7	1	1	PASS	22	18
NA18747	NA18747_hap2	chr8	1	1	PASS	0	0
NA18747	NA18747_hap2	chr9	1	1	PASS	1	140
NA18747	NA18747_hap2	chrX	1	1	PASS	0	0
NA18879	NA18879_hap1	chr1	1	1	PASS	7	5
NA18879	NA18879_hap1	chr10	1	1	PASS	4	6
NA18879	NA18879_hap1	chr11	1	1	PASS	0	0
NA18879	NA18879_hap1	chr12	1	1	PASS	0	0
NA18879	NA18879_hap1	chr17	1	1	PASS	2	5
NA18879	NA18879_hap1	chr18	1	1	PASS	0	0
NA18879	NA18879_hap1	chr19	1	1	PASS	0	0
NA18879	NA18879_hap1	chr20	1	1	PASS	0	3
NA18879	NA18879_hap1	chr3	1	1	PASS	0	1
NA18879	NA18879_hap1	chr4	1	1	PASS	0	2
NA18879	NA18879_hap1	chr5	1	1	PASS	0	1
NA18879	NA18879_hap1	chr6	1	1	PASS	0	0
NA18879	NA18879_hap1	chr7	1	1	PASS	19	12
NA18879	NA18879_hap1	chr8	1	1	PASS	0	0
NA18879	NA18879_hap1	chr9	1	1	PASS	0	118
NA18879	NA18879_hap2	chr1	1	1	PASS	7	5
NA18879	NA18879_hap2	chr10	1	1	PASS	4	6
NA18879	NA18879_hap2	chr11	1	1	PASS	0	0
NA18879	NA18879_hap2	chr12	1	1	PASS	0	0
NA18879	NA18879_hap2	chr16	1	1	PASS	19	5
NA18879	NA18879_hap2	chr17	1	1	PASS	2	5
NA18879	NA18879_hap2	chr18	1	1	PASS	0	0
NA18879	NA18879_hap2	chr19	1	1	PASS	0	0
NA18879	NA18879_hap2	chr20	1	1	PASS	0	3
NA18879	NA18879_hap2	chr3	1	1	PASS	0	1
NA18879	NA18879_hap2	chr4	1	1	PASS	0	2
NA18879	NA18879_hap2	chr5	1	1	PASS	0	1
NA18879	NA18879_hap2	chr6	1	1	PASS	0	0
NA18879	NA18879_hap2	chr7	1	1	PASS	22	19
NA18879	NA18879_hap2	chr8	1	1	PASS	0	0
NA18879	NA18879_hap2	chr9	1	1	PASS	0	96
NA18879	NA18879_hap2	chrX	1	1	PASS	0	0
NA18906	NA18906_hap1	chr1	1	1	PASS	7	5
NA18906	NA18906_hap1	chr10	1	1	PASS	4	6
NA18906	NA18906_hap1	chr11	1	1	PASS	0	0
NA18906	NA18906_hap1	chr12	1	1	PASS	0	0
NA18906	NA18906_hap1	chr16	1	1	PASS	17	3
NA18906	NA18906_hap1	chr17	1	1	PASS	2	5
NA18906	NA18906_hap1	chr18	1	1	PASS	0	0
NA18906	NA18906_hap1	chr19	1	1	PASS	0	0
NA18906	NA18906_hap1	chr2	1	1	PASS	11	4
NA18906	NA18906_hap1	chr20	1	1	PASS	0	3
NA18906	NA18906_hap1	chr4	1	1	PASS	0	2
NA18906	NA18906_hap1	chr5	1	1	PASS	0	1
NA18906	NA18906_hap1	chr7	1	1	PASS	21	11
NA18906	NA18906_hap1	chr8	1	1	PASS	0	0
NA18906	NA18906_hap2	chr1	1	1	PASS	6	0
NA18906	NA18906_hap2	chr10	1	1	PASS	4	6
NA18906	NA18906_hap2	chr11	1	1	PASS	0	0
NA18906	NA18906_hap2	chr12	1	1	PASS	0	0
NA18906	NA18906_hap2	chr16	1	1	PASS	19	5
NA18906	NA18906_hap2	chr17	1	1	PASS	2	5
NA18906	NA18906_hap2	chr18	1	1	PASS	0	0
NA18906	NA18906_hap2	chr19	1	1	PASS	0	0
NA18906	NA18906_hap2	chr2	1	1	PASS	11	4
NA18906	NA18906_hap2	chr20	1	1	PASS	0	3
NA18906	NA18906_hap2	chr4	1	1	PASS	0	2
NA18906	NA18906_hap2	chr5	1	1	PASS	0	1
NA18906	NA18906_hap2	chr7	1	1	PASS	24	19
NA18906	NA18906_hap2	chr8	1	1	PASS	0	0
NA18906	NA18906_hap2	chrX	1	1	PASS	0	0
NA18939	NA18939_hap1	chr10	1	1	PASS	4	6
NA18939	NA18939_hap1	chr11	1	1	PASS	0	0
NA18939	NA18939_hap1	chr12	1	1	PASS	0	0
NA18939	NA18939_hap1	chr16	1	1	PASS	18	4
NA18939	NA18939_hap1	chr17	1	1	PASS	2	5
NA18939	NA18939_hap1	chr18	1	1	PASS	0	0
NA18939	NA18939_hap1	chr20	1	1	PASS	0	3
NA18939	NA18939_hap1	chr3	1	1	PASS	0	1
NA18939	NA18939_hap1	chr4	1	1	PASS	0	2
NA18939	NA18939_hap1	chr5	1	1	PASS	0	1
NA18939	NA18939_hap1	chr6	1	1	PASS	0	0
NA18939	NA18939_hap1	chr8	1	1	PASS	0	0
NA18939	NA18939_hap1	chr9	1	1	PASS	1	134
NA18939	NA18939_hap1	chrX	1	1	PASS	0	0
NA18939	NA18939_hap2	chr1	1	1	PASS	7	4
NA18939	NA18939_hap2	chr10	1	1	PASS	4	6
NA18939	NA18939_hap2	chr11	1	1	PASS	0	0
NA18939	NA18939_hap2	chr12	1	1	PASS	0	0
NA18939	NA18939_hap2	chr16	1	1	PASS	20	6
NA18939	NA18939_hap2	chr17	1	1	PASS	2	5
NA18939	NA18939_hap2	chr18	1	1	PASS	0	0
NA18939	NA18939_hap2	chr20	1	1	PASS	0	3
NA18939	NA18939_hap2	chr3	1	1	PASS	0	1
NA18939	NA18939_hap2	chr4	1	1	PASS	0	2
NA18939	NA18939_hap2	chr5	1	1	PASS	0	1
NA18939	NA18939_hap2	chr6	1	1	PASS	0	0
NA18939	NA18939_hap2	chr7	1	1	PASS	22	12
NA18939	NA18939_hap2	chr8	1	1	PASS	0	0
NA18939	NA18939_hap2	chr9	1	1	PASS	1	102
NA18939	NA18939_hap2	chrX	1	1	PASS	0	0
NA18940	NA18940_hap1	chr1	1	1	PASS	7	4
NA18940	NA18940_hap1	chr10	1	1	PASS	4	6
NA18940	NA18940_hap1	chr11	1	1	PASS	0	0
NA18940	NA18940_hap1	chr12	1	1	PASS	0	0
NA18940	NA18940_hap1	chr16	1	1	PASS	20	6
NA18940	NA18940_hap1	chr17	1	1	PASS	2	5
NA18940	NA18940_hap1	chr18	1	1	PASS	0	0
NA18940	NA18940_hap1	chr19	1	1	PASS	0	0
NA18940	NA18940_hap1	chr2	1	1	PASS	5	0
NA18940	NA18940_hap1	chr20	1	1	PASS	0	3
NA18940	NA18940_hap1	chr3	1	1	PASS	0	1
NA18940	NA18940_hap1	chr4	1	1	PASS	0	2
NA18940	NA18940_hap1	chr5	1	1	PASS	0	1
NA18940	NA18940_hap1	chr6	1	1	PASS	0	0
NA18940	NA18940_hap1	chr7	1	1	PASS	23	16
NA18940	NA18940_hap1	chr8	1	1	PASS	0	0
NA18940	NA18940_hap1	chr9	1	1	PASS	1	121
NA18940	NA18940_hap2	chr1	1	1	PASS	6	5
NA18940	NA18940_hap2	chr10	1	1	PASS	4	6
NA18940	NA18940_hap2	chr11	1	1	PASS	0	0
NA18940	NA18940_hap2	chr12	1	1	PASS	0	0
NA18940	NA18940_hap2	chr16	1	1	PASS	20	5
NA18940	NA18940_hap2	chr17	1	1	PASS	2	5
NA18940	NA18940_hap2	chr18	1	1	PASS	0	0
NA18940	NA18940_hap2	chr19	1	1	PASS	0	0
NA18940	NA18940_hap2	chr2	1	1	PASS	11	4
NA18940	NA18940_hap2	chr20	1	1	PASS	0	4
NA18940	NA18940_hap2	chr3	1	1	PASS	0	1
NA18940	NA18940_hap2	chr4	1	1	PASS	0	2
NA18940	NA18940_hap2	chr5	1	1	PASS	0	1
NA18940	NA18940_hap2	chr6	1	1	PASS	0	0
NA18940	NA18940_hap2	chr7	1	1	PASS	20	18
NA18940	NA18940_hap2	chr8	1	1	PASS	0	0
NA18940	NA18940_hap2	chr9	1	1	PASS	1	119
NA18940	NA18940_hap2	chrX	1	1	PASS	0	0
NA18943	NA18943_hap1	chr1	1	1	PASS	7	4
NA18943	NA18943_hap1	chr10	1	1	PASS	4	6
NA18943	NA18943_hap1	chr11	1	1	PASS	0	0
NA18943	NA18943_hap1	chr12	1	1	PASS	0	0
NA18943	NA18943_hap1	chr16	1	1	PASS	17	3
NA18943	NA18943_hap1	chr17	1	1	PASS	2	5
NA18943	NA18943_hap1	chr18	1	1	PASS	0	0
NA18943	NA18943_hap1	chr19	1	1	PASS	0	0
NA18943	NA18943_hap1	chr2	1	1	PASS	10	4
NA18943	NA18943_hap1	chr20	1	1	PASS	0	3
NA18943	NA18943_hap1	chr3	1	1	PASS	0	1
NA18943	NA18943_hap1	chr4	1	1	PASS	0	2
NA18943	NA18943_hap1	chr5	1	1	PASS	0	1
NA18943	NA18943_hap1	chr6	1	1	PASS	0	0
NA18943	NA18943_hap1	chr7	1	1	PASS	22	13
NA18943	NA18943_hap1	chr8	1	1	PASS	0	0
NA18943	NA18943_hap1	chr9	1	1	PASS	2	120
NA18943	NA18943_hap2	chr1	1	1	PASS	7	4
NA18943	NA18943_hap2	chr10	1	1	PASS	4	6
NA18943	NA18943_hap2	chr11	1	1	PASS	0	0
NA18943	NA18943_hap2	chr12	1	1	PASS	0	0
NA18943	NA18943_hap2	chr16	1	1	PASS	18	4
NA18943	NA18943_hap2	chr17	1	1	PASS	2	5
NA18943	NA18943_hap2	chr18	1	1	PASS	0	0
NA18943	NA18943_hap2	chr19	1	1	PASS	0	0
NA18943	NA18943_hap2	chr2	1	1	PASS	11	4
NA18943	NA18943_hap2	chr20	1	1	PASS	0	3
NA18943	NA18943_hap2	chr3	1	1	PASS	0	1
NA18943	NA18943_hap2	chr4	1	1	PASS	0	2
NA18943	NA18943_hap2	chr5	1	1	PASS	0	1
NA18943	NA18943_hap2	chr6	1	1	PASS	0	0
NA18943	NA18943_hap2	chr7	1	1	PASS	22	17
NA18943	NA18943_hap2	chr8	1	1	PASS	0	0
NA18943	NA18943_hap2	chr9	1	1	PASS	1	137
NA18943	NA18943_hap2	chrX	1	1	PASS	0	0
NA18944	NA18944_hap1	chr1	1	1	PASS	11	9
NA18944	NA18944_hap1	chr10	1	1	PASS	4	6
NA18944	NA18944_hap1	chr11	1	1	PASS	0	0
NA18944	NA18944_hap1	chr12	1	1	PASS	0	0
NA18944	NA18944_hap1	chr16	1	1	PASS	20	3
NA18944	NA18944_hap1	chr17	1	1	PASS	2	5
NA18944	NA18944_hap1	chr18	1	1	PASS	0	0
NA18944	NA18944_hap1	chr19	1	1	PASS	0	0
NA18944	NA18944_hap1	chr2	1	1	PASS	11	4
NA18944	NA18944_hap1	chr20	1	1	PASS	0	3
NA18944	NA18944_hap1	chr3	1	1	PASS	0	1
NA18944	NA18944_hap1	chr4	1	1	PASS	0	2
NA18944	NA18944_hap1	chr5	1	1	PASS	0	1
NA18944	NA18944_hap1	chr6	1	1	PASS	0	0
NA18944	NA18944_hap1	chr7	1	1	PASS	21	11
NA18944	NA18944_hap1	chr8	1	1	PASS	0	0
NA18944	NA18944_hap1	chr9	1	1	PASS	1	119
NA18944	NA18944_hap2	chr1	1	1	PASS	9	6
NA18944	NA18944_hap2	chr10	1	1	PASS	4	6
NA18944	NA18944_hap2	chr11	1	1	PASS	0	0
NA18944	NA18944_hap2	chr12	1	1	PASS	0	0
NA18944	NA18944_hap2	chr16	1	1	PASS	17	3
NA18944	NA18944_hap2	chr17	1	1	PASS	2	5
NA18944	NA18944_hap2	chr18	1	1	PASS	0	0
NA18944	NA18944_hap2	chr19	1	1	PASS	0	0
NA18944	NA18944_hap2	chr2	1	1	PASS	11	4
NA18944	NA18944_hap2	chr20	1	1	PASS	0	3
NA18944	NA18944_hap2	chr3	1	1	PASS	0	1
NA18944	NA18944_hap2	chr4	1	1	PASS	0	2
NA18944	NA18944_hap2	chr5	1	1	PASS	0	1
NA18944	NA18944_hap2	chr6	1	1	PASS	0	0
NA18944	NA18944_hap2	chr7	1	1	PASS	20	16
NA18944	NA18944_hap2	chr8	1	1	PASS	0	0
NA18944	NA18944_hap2	chr9	1	1	PASS	1	145
NA18944	NA18944_hap2	chrX	1	1	PASS	0	0
NA18945	NA18945_hap1	chr1	1	1	PASS	7	5
NA18945	NA18945_hap1	chr10	1	1	PASS	4	6
NA18945	NA18945_hap1	chr11	1	1	PASS	0	0
NA18945	NA18945_hap1	chr12	1	1	PASS	0	0
NA18945	NA18945_hap1	chr16	1	1	PASS	19	3
NA18945	NA18945_hap1	chr17	1	1	PASS	2	5
NA18945	NA18945_hap1	chr18	1	1	PASS	0	0
NA18945	NA18945_hap1	chr19	1	1	PASS	0	0
NA18945	NA18945_hap1	chr2	1	1	PASS	11	4
NA18945	NA18945_hap1	chr20	1	1	PASS	0	3
NA18945	NA18945_hap1	chr3	1	1	PASS	0	1
NA18945	NA18945_hap1	chr4	1	1	PASS	0	2
NA18945	NA18945_hap1	chr5	1	1	PASS	0	1
NA18945	NA18945_hap1	chr6	1	1	PASS	0	0
NA18945	NA18945_hap1	chr7	1	1	PASS	22	16
NA18945	NA18945_hap1	chr8	1	1	PASS	0	0
NA18945	NA18945_hap2	chr1	1	1	PASS	8	4
NA18945	NA18945_hap2	chr10	1	1	PASS	4	6
NA18945	NA18945_hap2	chr11	1	1	PASS	0	0
NA18945	NA18945_hap2	chr12	1	1	PASS	0	0
NA18945	NA18945_hap2	chr16	1	1	PASS	18	4
NA18945	NA18945_hap2	chr17	1	1	PASS	2	5
NA18945	NA18945_hap2	chr18	1	1	PASS	0	0
NA18945	NA18945_hap2	chr19	1	1	PASS	0	0
NA18945	NA18945_hap2	chr2	1	1	PASS	11	4
NA18945	NA18945_hap2	chr20	1	1	PASS	0	3
NA18945	NA18945_hap2	chr3	1	1	PASS	0	1
NA18945	NA18945_hap2	chr4	1	1	PASS	0	2
NA18945	NA18945_hap2	chr5	1	1	PASS	0	1
NA18945	NA18945_hap2	chr6	1	1	PASS	0	0
NA18945	NA18945_hap2	chr7	1	1	PASS	22	19
NA18945	NA18945_hap2	chr8	1	1	PASS	0	0
NA18945	NA18945_hap2	chr9	1	1	PASS	1	116
NA18945	NA18945_hap2	chrX	1	1	PASS	0	0
NA18948	NA18948_hap1	chr1	1	1	PASS	7	5
NA18948	NA18948_hap1	chr10	1	1	PASS	4	6
NA18948	NA18948_hap1	chr11	1	1	PASS	0	0
NA18948	NA18948_hap1	chr12	1	1	PASS	0	0
NA18948	NA18948_hap1	chr16	1	1	PASS	20	6
NA18948	NA18948_hap1	chr17	1	1	PASS	2	5
NA18948	NA18948_hap1	chr18	1	1	PASS	0	0
NA18948	NA18948_hap1	chr19	1	1	PASS	0	0
NA18948	NA18948_hap1	chr2	1	1	PASS	11	4
NA18948	NA18948_hap1	chr20	1	1	PASS	0	3
NA18948	NA18948_hap1	chr3	1	1	PASS	0	1
NA18948	NA18948_hap1	chr4	1	1	PASS	0	2
NA18948	NA18948_hap1	chr5	1	1	PASS	0	1
NA18948	NA18948_hap1	chr6	1	1	PASS	0	0
NA18948	NA18948_hap1	chr7	1	1	PASS	23	18
NA18948	NA18948_hap1	chr8	1	1	PASS	0	0
NA18948	NA18948_hap1	chr9	1	1	PASS	1	153
NA18948	NA18948_hap2	chr1	1	1	PASS	7	5
NA18948	NA18948_hap2	chr10	1	1	PASS	4	6
NA18948	NA18948_hap2	chr11	1	1	PASS	0	0
NA18948	NA18948_hap2	chr12	1	1	PASS	0	0
NA18948	NA18948_hap2	chr16	1	1	PASS	20	6
NA18948	NA18948_hap2	chr17	1	1	PASS	2	5
NA18948	NA18948_hap2	chr18	1	1	PASS	0	0
NA18948	NA18948_hap2	chr19	1	1	PASS	0	0
NA18948	NA18948_hap2	chr2	1	1	PASS	9	4
NA18948	NA18948_hap2	chr20	1	1	PASS	0	3
NA18948	NA18948_hap2	chr3	1	1	PASS	0	1
NA18948	NA18948_hap2	chr4	1	1	PASS	0	2
NA18948	NA18948_hap2	chr5	1	1	PASS	0	1
NA18948	NA18948_hap2	chr6	1	1	PASS	0	0
NA18948	NA18948_hap2	chr7	1	1	PASS	21	13
NA18948	NA18948_hap2	chr8	1	1	PASS	0	0
NA18948	NA18948_hap2	chr9	1	1	PASS	1	141
NA18948	NA18948_hap2	chrX	1	1	PASS	0	0
NA18952	NA18952_hap1	chr10	1	1	PASS	4	6
NA18952	NA18952_hap1	chr11	1	1	PASS	0	0
NA18952	NA18952_hap1	chr12	1	1	PASS	0	0
NA18952	NA18952_hap1	chr16	1	1	PASS	22	6
NA18952	NA18952_hap1	chr17	1	1	PASS	2	5
NA18952	NA18952_hap1	chr18	1	1	PASS	0	0
NA18952	NA18952_hap1	chr19	1	1	PASS	0	0
NA18952	NA18952_hap1	chr2	1	1	PASS	11	4
NA18952	NA18952_hap1	chr20	1	1	PASS	0	3
NA18952	NA18952_hap1	chr3	1	1	PASS	0	1
NA18952	NA18952_hap1	chr5	1	1	PASS	0	1
NA18952	NA18952_hap1	chr7	1	1	PASS	20	13
NA18952	NA18952_hap1	chr8	1	1	PASS	0	0
NA18952	NA18952_hap2	chr1	1	1	PASS	7	4
NA18952	NA18952_hap2	chr11	1	1	PASS	0	0
NA18952	NA18952_hap2	chr12	1	1	PASS	0	0
NA18952	NA18952_hap2	chr17	1	1	PASS	2	5
NA18952	NA18952_hap2	chr18	1	1	PASS	0	0
NA18952	NA18952_hap2	chr19	1	1	PASS	0	0
NA18952	NA18952_hap2	chr2	1	1	PASS	11	4
NA18952	NA18952_hap2	chr20	1	1	PASS	0	3
NA18952	NA18952_hap2	chr5	1	1	PASS	0	1
NA18952	NA18952_hap2	chr7	1	1	PASS	20	12
NA18952	NA18952_hap2	chr8	1	1	PASS	0	0
NA18952	NA18952_hap2	chrX	1	1	PASS	0	0
NA18959	NA18959_hap1	chr1	1	1	PASS	7	5
NA18959	NA18959_hap1	chr10	1	1	PASS	4	10
NA18959	NA18959_hap1	chr11	1	1	PASS	0	0
NA18959	NA18959_hap1	chr12	1	1	PASS	0	0
NA18959	NA18959_hap1	chr16	1	1	PASS	3	0
NA18959	NA18959_hap1	chr17	1	1	PASS	2	5
NA18959	NA18959_hap1	chr18	1	1	PASS	0	0
NA18959	NA18959_hap1	chr19	1	1	PASS	0	0
NA18959	NA18959_hap1	chr2	1	1	PASS	7	2
NA18959	NA18959_hap1	chr20	1	1	PASS	0	3
NA18959	NA18959_hap1	chr3	1	1	PASS	0	1
NA18959	NA18959_hap1	chr4	1	1	PASS	0	2
NA18959	NA18959_hap1	chr5	1	1	PASS	0	1
NA18959	NA18959_hap1	chr6	1	1	PASS	0	0
NA18959	NA18959_hap1	chr7	1	1	PASS	23	11
NA18959	NA18959_hap1	chr8	1	1	PASS	0	0
NA18959	NA18959_hap2	chr1	1	1	PASS	7	5
NA18959	NA18959_hap2	chr10	1	1	PASS	4	6
NA18959	NA18959_hap2	chr11	1	1	PASS	0	0
NA18959	NA18959_hap2	chr12	1	1	PASS	0	0
NA18959	NA18959_hap2	chr16	1	1	PASS	32	6
NA18959	NA18959_hap2	chr17	1	1	PASS	2	5
NA18959	NA18959_hap2	chr18	1	1	PASS	0	0
NA18959	NA18959_hap2	chr19	1	1	PASS	0	0
NA18959	NA18959_hap2	chr2	1	1	PASS	11	4
NA18959	NA18959_hap2	chr20	1	1	PASS	0	3
NA18959	NA18959_hap2	chr3	1	1	PASS	0	1
NA18959	NA18959_hap2	chr4	1	1	PASS	0	2
NA18959	NA18959_hap2	chr5	1	1	PASS	0	1
NA18959	NA18959_hap2	chr6	1	1	PASS	0	0
NA18959	NA18959_hap2	chr7	1	1	PASS	23	18
NA18959	NA18959_hap2	chr8	1	1	PASS	0	0
NA18959	NA18959_hap2	chr9	1	1	PASS	1	171
NA18959	NA18959_hap2	chrX	1	1	PASS	0	0
NA18960	NA18960_hap1	chr1	1	1	PASS	7	4
NA18960	NA18960_hap1	chr10	1	1	PASS	4	6
NA18960	NA18960_hap1	chr11	1	1	PASS	0	0
NA18960	NA18960_hap1	chr12	1	1	PASS	0	0
NA18960	NA18960_hap1	chr16	1	1	PASS	19	5
NA18960	NA18960_hap1	chr17	1	1	PASS	2	5
NA18960	NA18960_hap1	chr18	1	1	PASS	0	0
NA18960	NA18960_hap1	chr19	1	1	PASS	0	0
NA18960	NA18960_hap1	chr2	1	1	PASS	11	4
NA18960	NA18960_hap1	chr20	1	1	PASS	0	3
NA18960	NA18960_hap1	chr3	1	1	PASS	0	1
NA18960	NA18960_hap1	chr4	1	1	PASS	0	2
NA18960	NA18960_hap1	chr5	1	1	PASS	0	1
NA18960	NA18960_hap1	chr6	1	1	PASS	0	0
NA18960	NA18960_hap1	chr7	1	1	PASS	24	18
NA18960	NA18960_hap1	chr8	1	1	PASS	0	0
NA18960	NA18960_hap1	chr9	1	1	PASS	1	123
NA18960	NA18960_hap2	chr1	1	1	PASS	6	0
NA18960	NA18960_hap2	chr10	1	1	PASS	4	8
NA18960	NA18960_hap2	chr11	1	1	PASS	0	0
NA18960	NA18960_hap2	chr12	1	1	PASS	0	0
NA18960	NA18960_hap2	chr16	1	1	PASS	19	4
NA18960	NA18960_hap2	chr17	1	1	PASS	2	5
NA18960	NA18960_hap2	chr18	1	1	PASS	0	0
NA18960	NA18960_hap2	chr19	1	1	PASS	0	0
NA18960	NA18960_hap2	chr2	1	1	PASS	11	4
NA18960	NA18960_hap2	chr20	1	1	PASS	0	3
NA18960	NA18960_hap2	chr3	1	1	PASS	0	1
NA18960	NA18960_hap2	chr4	1	1	PASS	0	2
NA18960	NA18960_hap2	chr5	1	1	PASS	0	1
NA18960	NA18960_hap2	chr6	1	1	PASS	0	0
NA18960	NA18960_hap2	chr7	1	1	PASS	20	12
NA18960	NA18960_hap2	chr8	1	1	PASS	0	0
NA18960	NA18960_hap2	chr9	1	1	PASS	1	129
NA18960	NA18960_hap2	chrX	1	1	PASS	0	0
NA18967	NA18967_hap1	chr1	1	1	PASS	8	4
NA18967	NA18967_hap1	chr10	1	1	PASS	6	7
NA18967	NA18967_hap1	chr11	1	1	PASS	0	0
NA18967	NA18967_hap1	chr12	1	1	PASS	0	0
NA18967	NA18967_hap1	chr16	1	1	PASS	20	3
NA18967	NA18967_hap1	chr17	1	1	PASS	2	5
NA18967	NA18967_hap1	chr18	1	1	PASS	0	0
NA18967	NA18967_hap1	chr19	1	1	PASS	0	0
NA18967	NA18967_hap1	chr2	1	1	PASS	11	4
NA18967	NA18967_hap1	chr20	1	1	PASS	0	3
NA18967	NA18967_hap1	chr3	1	1	PASS	0	1
NA18967	NA18967_hap1	chr4	1	1	PASS	0	2
NA18967	NA18967_hap1	chr5	1	1	PASS	0	1
NA18967	NA18967_hap1	chr6	1	1	PASS	0	0
NA18967	NA18967_hap1	chr7	1	1	PASS	21	12
NA18967	NA18967_hap1	chr8	1	1	PASS	0	0
NA18967	NA18967_hap1	chr9	1	1	PASS	1	177
NA18967	NA18967_hap2	chr1	1	1	PASS	7	0
NA18967	NA18967_hap2	chr10	1	1	PASS	3	5
NA18967	NA18967_hap2	chr11	1	1	PASS	0	0
NA18967	NA18967_hap2	chr12	1	1	PASS	0	0
NA18967	NA18967_hap2	chr16	1	1	PASS	19	6
NA18967	NA18967_hap2	chr17	1	1	PASS	2	5
NA18967	NA18967_hap2	chr18	1	1	PASS	0	0
NA18967	NA18967_hap2	chr19	1	1	PASS	0	0
NA18967	NA18967_hap2	chr2	1	1	PASS	11	4
NA18967	NA18967_hap2	chr20	1	1	PASS	0	3
NA18967	NA18967_hap2	chr3	1	1	PASS	0	1
NA18967	NA18967_hap2	chr4	1	1	PASS	0	2
NA18967	NA18967_hap2	chr5	1	1	PASS	0	1
NA18967	NA18967_hap2	chr6	1	1	PASS	0	0
NA18967	NA18967_hap2	chr7	1	1	PASS	23	16
NA18967	NA18967_hap2	chr8	1	1	PASS	0	0
NA18967	NA18967_hap2	chr9	1	1	PASS	1	107
NA18967	NA18967_hap2	chrX	1	1	PASS	0	0
NA18970	NA18970_hap1	chr1	1	1	PASS	8	6
NA18970	NA18970_hap1	chr10	1	1	PASS	4	6
NA18970	NA18970_hap1	chr11	1	1	PASS	0	0
NA18970	NA18970_hap1	chr12	1	1	PASS	0	0
NA18970	NA18970_hap1	chr16	1	1	PASS	17	3
NA18970	NA18970_hap1	chr17	1	1	PASS	2	5
NA18970	NA18970_hap1	chr18	1	1	PASS	0	0
NA18970	NA18970_hap1	chr19	1	1	PASS	0	0
NA18970	NA18970_hap1	chr2	1	1	PASS	11	4
NA18970	NA18970_hap1	chr20	1	1	PASS	0	3
NA18970	NA18970_hap1	chr3	1	1	PASS	0	1
NA18970	NA18970_hap1	chr4	1	1	PASS	0	2
NA18970	NA18970_hap1	chr5	1	1	PASS	0	1
NA18970	NA18970_hap1	chr6	1	1	PASS	0	0
NA18970	NA18970_hap1	chr7	1	1	PASS	22	11
NA18970	NA18970_hap1	chr8	1	1	PASS	0	0
NA18970	NA18970_hap1	chr9	1	1	PASS	1	132
NA18970	NA18970_hap2	chr1	1	1	PASS	8	5
NA18970	NA18970_hap2	chr10	1	1	PASS	4	6
NA18970	NA18970_hap2	chr11	1	1	PASS	0	0
NA18970	NA18970_hap2	chr12	1	1	PASS	0	0
NA18970	NA18970_hap2	chr16	1	1	PASS	22	6
NA18970	NA18970_hap2	chr17	1	1	PASS	2	5
NA18970	NA18970_hap2	chr18	1	1	PASS	0	0
NA18970	NA18970_hap2	chr19	1	1	PASS	0	0
NA18970	NA18970_hap2	chr2	1	1	PASS	11	4
NA18970	NA18970_hap2	chr20	1	1	PASS	0	3
NA18970	NA18970_hap2	chr3	1	1	PASS	0	1
NA18970	NA18970_hap2	chr4	1	1	PASS	0	2
NA18970	NA18970_hap2	chr5	1	1	PASS	0	1
NA18970	NA18970_hap2	chr6	1	1	PASS	0	0
NA18970	NA18970_hap2	chr7	1	1	PASS	21	13
NA18970	NA18970_hap2	chr8	1	1	PASS	0	0
NA18970	NA18970_hap2	chr9	1	1	PASS	1	122
NA18970	NA18970_hap2	chrX	1	1	PASS	0	0
NA18971	NA18971_hap1	chr10	1	1	PASS	4	6
NA18971	NA18971_hap1	chr11	1	1	PASS	0	0
NA18971	NA18971_hap1	chr12	1	1	PASS	0	0
NA18971	NA18971_hap1	chr16	1	1	PASS	21	6
NA18971	NA18971_hap1	chr19	1	1	PASS	0	0
NA18971	NA18971_hap1	chr2	1	1	PASS	8	2
NA18971	NA18971_hap1	chr20	1	1	PASS	0	3
NA18971	NA18971_hap1	chr4	1	1	PASS	0	2
NA18971	NA18971_hap1	chr5	1	1	PASS	0	1
NA18971	NA18971_hap1	chr7	1	1	PASS	24	17
NA18971	NA18971_hap2	chr10	1	1	PASS	4	6
NA18971	NA18971_hap2	chr11	1	1	PASS	0	0
NA18971	NA18971_hap2	chr12	1	1	PASS	0	0
NA18971	NA18971_hap2	chr16	1	1	PASS	17	3
NA18971	NA18971_hap2	chr19	1	1	PASS	0	0
NA18971	NA18971_hap2	chr2	1	1	PASS	11	4
NA18971	NA18971_hap2	chr20	1	1	PASS	0	3
NA18971	NA18971_hap2	chr4	1	1	PASS	0	2
NA18971	NA18971_hap2	chr5	1	1	PASS	0	1
NA18971	NA18971_hap2	chr6	1	1	PASS	0	0
NA18971	NA18971_hap2	chr7	1	1	PASS	20	12
NA18971	NA18971_hap2	chrX	1	1	PASS	0	0
NA18974	NA18974_hap1	chr10	1	1	PASS	4	6
NA18974	NA18974_hap1	chr11	1	1	PASS	0	0
NA18974	NA18974_hap1	chr12	1	1	PASS	0	0
NA18974	NA18974_hap1	chr16	1	1	PASS	17	3
NA18974	NA18974_hap1	chr17	1	1	PASS	2	5
NA18974	NA18974_hap1	chr19	1	1	PASS	0	0
NA18974	NA18974_hap1	chr2	1	1	PASS	11	4
NA18974	NA18974_hap1	chr20	1	1	PASS	0	3
NA18974	NA18974_hap1	chr3	1	1	PASS	0	1
NA18974	NA18974_hap1	chr4	1	1	PASS	0	2
NA18974	NA18974_hap1	chr5	1	1	PASS	0	1
NA18974	NA18974_hap1	chr7	1	1	PASS	20	13
NA18974	NA18974_hap1	chr8	1	1	PASS	0	0
NA18974	NA18974_hap1	chr9	1	1	PASS	1	118
NA18974	NA18974_hap2	chr10	1	1	PASS	5	6
NA18974	NA18974_hap2	chr11	1	1	PASS	0	0
NA18974	NA18974_hap2	chr12	1	1	PASS	0	0
NA18974	NA18974_hap2	chr16	1	1	PASS	17	3
NA18974	NA18974_hap2	chr17	1	1	PASS	2	5
NA18974	NA18974_hap2	chr19	1	1	PASS	0	0
NA18974	NA18974_hap2	chr2	1	1	PASS	11	4
NA18974	NA18974_hap2	chr20	1	1	PASS	0	3
NA18974	NA18974_hap2	chr3	1	1	PASS	0	1
NA18974	NA18974_hap2	chr4	1	1	PASS	0	2
NA18974	NA18974_hap2	chr5	1	1	PASS	0	1
NA18974	NA18974_hap2	chr7	1	1	PASS	21	17
NA18974	NA18974_hap2	chr8	1	1	PASS	0	0
NA18974	NA18974_hap2	chrX	1	1	PASS	0	0
NA18976	NA18976_hap1	chr10	1	1	PASS	4	6
NA18976	NA18976_hap1	chr11	1	1	PASS	0	0
NA18976	NA18976_hap1	chr12	1	1	PASS	0	0
NA18976	NA18976_hap1	chr16	1	1	PASS	17	3
NA18976	NA18976_hap1	chr19	1	1	PASS	0	0
NA18976	NA18976_hap1	chr2	1	1	PASS	11	4
NA18976	NA18976_hap1	chr5	1	1	PASS	0	1
NA18976	NA18976_hap1	chr6	1	1	PASS	0	0
NA18976	NA18976_hap1	chr7	1	1	PASS	22	17
NA18976	NA18976_hap1	chr8	1	1	PASS	0	0
NA18976	NA18976_hap1	chrX	1	1	PASS	0	0
NA18976	NA18976_hap2	chr10	1	1	PASS	4	10
NA18976	NA18976_hap2	chr11	1	1	PASS	0	0
NA18976	NA18976_hap2	chr12	1	1	PASS	0	0
NA18976	NA18976_hap2	chr16	1	1	PASS	17	3
NA18976	NA18976_hap2	chr19	1	1	PASS	0	0
NA18976	NA18976_hap2	chr2	1	1	PASS	11	4
NA18976	NA18976_hap2	chr5	1	1	PASS	0	1
NA18976	NA18976_hap2	chr6	1	1	PASS	0	0
NA18976	NA18976_hap2	chr7	1	1	PASS	23	17
NA18976	NA18976_hap2	chr8	1	1	PASS	0	0
NA18976	NA18976_hap2	chrX	1	1	PASS	0	0
NA18982	NA18982_hap1	chr1	1	1	PASS	7	4
NA18982	NA18982_hap1	chr10	1	1	PASS	4	6
NA18982	NA18982_hap1	chr11	1	1	PASS	0	0
NA18982	NA18982_hap1	chr12	1	1	PASS	0	0
NA18982	NA18982_hap1	chr16	1	1	PASS	23	6
NA18982	NA18982_hap1	chr17	1	1	PASS	2	5
NA18982	NA18982_hap1	chr18	1	1	PASS	0	0
NA18982	NA18982_hap1	chr19	1	1	PASS	0	0
NA18982	NA18982_hap1	chr2	1	1	PASS	11	4
NA18982	NA18982_hap1	chr20	1	1	PASS	0	3
NA18982	NA18982_hap1	chr3	1	1	PASS	0	1
NA18982	NA18982_hap1	chr4	1	1	PASS	0	2
NA18982	NA18982_hap1	chr5	1	1	PASS	0	1
NA18982	NA18982_hap1	chr6	1	1	PASS	0	0
NA18982	NA18982_hap1	chr7	1	1	PASS	22	14
NA18982	NA18982_hap1	chr8	1	1	PASS	0	0
NA18982	NA18982_hap1	chr9	1	1	PASS	1	134
NA18982	NA18982_hap2	chr1	1	1	PASS	7	4
NA18982	NA18982_hap2	chr10	1	1	PASS	4	6
NA18982	NA18982_hap2	chr11	1	1	PASS	0	0
NA18982	NA18982_hap2	chr12	1	1	PASS	0	0
NA18982	NA18982_hap2	chr16	1	1	PASS	16	4
NA18982	NA18982_hap2	chr17	1	1	PASS	2	5
NA18982	NA18982_hap2	chr18	1	1	PASS	0	0
NA18982	NA18982_hap2	chr19	1	1	PASS	0	0
NA18982	NA18982_hap2	chr2	1	1	PASS	11	4
NA18982	NA18982_hap2	chr20	1	1	PASS	0	3
NA18982	NA18982_hap2	chr3	1	1	PASS	0	1
NA18982	NA18982_hap2	chr4	1	1	PASS	0	2
NA18982	NA18982_hap2	chr5	1	1	PASS	0	1
NA18982	NA18982_hap2	chr6	1	1	PASS	0	0
NA18982	NA18982_hap2	chr7	1	1	PASS	21	17
NA18982	NA18982_hap2	chr8	1	1	PASS	0	0
NA18982	NA18982_hap2	chr9	1	1	PASS	1	65
NA18982	NA18982_hap2	chrX	1	1	PASS	0	0
NA18983	NA18983_hap1	chr1	1	1	EXCLUDE_annotation_incomplete_or_missing_input	0	0
NA18983	NA18983_hap1	chr10	1	1	EXCLUDE_annotation_incomplete_or_missing_input	0	0
NA18983	NA18983_hap1	chr11	1	1	EXCLUDE_annotation_incomplete_or_missing_input	0	0
NA18983	NA18983_hap1	chr12	1	1	EXCLUDE_annotation_incomplete_or_missing_input	0	0
NA18983	NA18983_hap1	chr16	1	1	EXCLUDE_annotation_incomplete_or_missing_input	0	0
NA18983	NA18983_hap1	chr19	1	1	EXCLUDE_annotation_incomplete_or_missing_input	0	0
NA18983	NA18983_hap1	chr2	1	1	EXCLUDE_annotation_incomplete_or_missing_input	0	0
NA18983	NA18983_hap1	chr20	1	1	EXCLUDE_annotation_incomplete_or_missing_input	0	0
NA18983	NA18983_hap1	chr4	1	1	EXCLUDE_annotation_incomplete_or_missing_input	0	0
NA18983	NA18983_hap1	chr6	1	1	EXCLUDE_annotation_incomplete_or_missing_input	0	0
NA18983	NA18983_hap1	chr7	1	1	EXCLUDE_annotation_incomplete_or_missing_input	0	0
NA18983	NA18983_hap1	chr8	1	1	EXCLUDE_annotation_incomplete_or_missing_input	0	0
NA18983	NA18983_hap1	chr9	1	1	EXCLUDE_annotation_incomplete_or_missing_input	0	0
NA18983	NA18983_hap2	chr1	1	1	PASS	7	5
NA18983	NA18983_hap2	chr10	1	1	PASS	4	6
NA18983	NA18983_hap2	chr11	1	1	PASS	0	0
NA18983	NA18983_hap2	chr12	1	1	PASS	0	0
NA18983	NA18983_hap2	chr16	1	1	PASS	16	2
NA18983	NA18983_hap2	chr19	1	1	PASS	0	0
NA18983	NA18983_hap2	chr2	1	1	PASS	11	4
NA18983	NA18983_hap2	chr20	1	1	PASS	0	3
NA18983	NA18983_hap2	chr4	1	1	PASS	0	2
NA18983	NA18983_hap2	chr6	1	1	PASS	0	0
NA18983	NA18983_hap2	chr7	1	1	PASS	22	23
NA18983	NA18983_hap2	chr8	1	1	PASS	0	0
NA18983	NA18983_hap2	chr9	1	1	PASS	1	121
NA18983	NA18983_hap2	chrX	1	1	PASS	0	0
NA18989	NA18989_hap1	chr10	1	1	PASS	4	6
NA18989	NA18989_hap1	chr11	1	1	PASS	0	0
NA18989	NA18989_hap1	chr12	1	1	PASS	0	0
NA18989	NA18989_hap1	chr17	1	1	PASS	2	5
NA18989	NA18989_hap1	chr18	1	1	PASS	0	0
NA18989	NA18989_hap1	chr19	1	1	PASS	0	0
NA18989	NA18989_hap1	chr2	1	1	PASS	11	4
NA18989	NA18989_hap1	chr20	1	1	PASS	0	3
NA18989	NA18989_hap1	chr3	1	1	PASS	0	1
NA18989	NA18989_hap1	chr4	1	1	PASS	0	2
NA18989	NA18989_hap1	chr5	1	1	PASS	0	1
NA18989	NA18989_hap1	chr6	1	1	PASS	0	0
NA18989	NA18989_hap1	chr7	1	1	PASS	20	13
NA18989	NA18989_hap1	chr8	1	1	PASS	0	0
NA18989	NA18989_hap1	chr9	1	1	PASS	1	111
NA18989	NA18989_hap2	chr10	1	1	PASS	4	6
NA18989	NA18989_hap2	chr11	1	1	PASS	0	0
NA18989	NA18989_hap2	chr12	1	1	PASS	0	0
NA18989	NA18989_hap2	chr16	1	1	PASS	21	6
NA18989	NA18989_hap2	chr17	1	1	PASS	2	5
NA18989	NA18989_hap2	chr18	1	1	PASS	0	0
NA18989	NA18989_hap2	chr19	1	1	PASS	0	0
NA18989	NA18989_hap2	chr2	1	1	PASS	11	4
NA18989	NA18989_hap2	chr20	1	1	PASS	0	3
NA18989	NA18989_hap2	chr3	1	1	PASS	0	1
NA18989	NA18989_hap2	chr5	1	1	PASS	0	1
NA18989	NA18989_hap2	chr6	1	1	PASS	0	0
NA18989	NA18989_hap2	chr7	1	1	PASS	21	13
NA18989	NA18989_hap2	chr8	1	1	PASS	0	0
NA18989	NA18989_hap2	chr9	1	1	PASS	1	107
NA18989	NA18989_hap2	chrX	1	1	PASS	0	0
NA19036	NA19036_hap1	chr10	1	1	EXCLUDE_annotation_incomplete_or_missing_input	0	0
NA19036	NA19036_hap1	chr11	1	1	EXCLUDE_annotation_incomplete_or_missing_input	0	0
NA19036	NA19036_hap1	chr12	1	1	EXCLUDE_annotation_incomplete_or_missing_input	0	0
NA19036	NA19036_hap1	chr17	1	1	EXCLUDE_annotation_incomplete_or_missing_input	0	0
NA19036	NA19036_hap1	chr18	1	1	EXCLUDE_annotation_incomplete_or_missing_input	0	0
NA19036	NA19036_hap1	chr19	1	1	EXCLUDE_annotation_incomplete_or_missing_input	0	0
NA19036	NA19036_hap1	chr2	1	1	EXCLUDE_annotation_incomplete_or_missing_input	0	0
NA19036	NA19036_hap1	chr20	1	1	EXCLUDE_annotation_incomplete_or_missing_input	0	0
NA19036	NA19036_hap1	chr4	1	1	EXCLUDE_annotation_incomplete_or_missing_input	0	0
NA19036	NA19036_hap1	chr6	1	1	EXCLUDE_annotation_incomplete_or_missing_input	0	0
NA19036	NA19036_hap1	chr7	1	1	EXCLUDE_annotation_incomplete_or_missing_input	0	0
NA19036	NA19036_hap1	chr8	1	1	EXCLUDE_annotation_incomplete_or_missing_input	0	0
NA19036	NA19036_hap1	chr9	1	1	EXCLUDE_annotation_incomplete_or_missing_input	0	0
NA19036	NA19036_hap1	chrX	1	1	EXCLUDE_annotation_incomplete_or_missing_input	0	0
NA19036	NA19036_hap2	chr1	1	1	PASS	7	5
NA19036	NA19036_hap2	chr10	1	1	PASS	4	6
NA19036	NA19036_hap2	chr11	1	1	PASS	0	0
NA19036	NA19036_hap2	chr12	1	1	PASS	0	0
NA19036	NA19036_hap2	chr16	1	1	PASS	18	4
NA19036	NA19036_hap2	chr17	1	1	PASS	2	5
NA19036	NA19036_hap2	chr18	1	1	PASS	0	0
NA19036	NA19036_hap2	chr19	1	1	PASS	0	0
NA19036	NA19036_hap2	chr2	1	1	PASS	11	4
NA19036	NA19036_hap2	chr20	1	1	PASS	0	3
NA19036	NA19036_hap2	chr3	1	1	PASS	0	1
NA19036	NA19036_hap2	chr4	1	1	PASS	0	2
NA19036	NA19036_hap2	chr5	1	1	PASS	0	1
NA19036	NA19036_hap2	chr6	1	1	PASS	0	0
NA19036	NA19036_hap2	chr7	1	1	PASS	23	17
NA19036	NA19036_hap2	chr8	1	1	PASS	0	0
NA19036	NA19036_hap2	chr9	1	1	PASS	1	146
NA19036	NA19036_hap2	chrX	1	1	PASS	0	0
NA19043	NA19043_hap1	chr10	1	1	PASS	4	6
NA19043	NA19043_hap1	chr11	1	1	PASS	0	0
NA19043	NA19043_hap1	chr12	1	1	PASS	0	0
NA19043	NA19043_hap1	chr16	1	1	PASS	20	6
NA19043	NA19043_hap1	chr17	1	1	PASS	2	5
NA19043	NA19043_hap1	chr18	1	1	PASS	0	0
NA19043	NA19043_hap1	chr19	1	1	PASS	0	0
NA19043	NA19043_hap1	chr20	1	1	PASS	0	3
NA19043	NA19043_hap1	chr3	1	1	PASS	0	1
NA19043	NA19043_hap1	chr4	1	1	PASS	0	2
NA19043	NA19043_hap1	chr5	1	1	PASS	0	1
NA19043	NA19043_hap1	chr6	1	1	PASS	0	0
NA19043	NA19043_hap1	chr7	1	1	PASS	23	17
NA19043	NA19043_hap1	chr8	1	1	PASS	0	0
NA19043	NA19043_hap1	chr9	1	1	PASS	0	123
NA19043	NA19043_hap2	chr10	1	1	PASS	4	6
NA19043	NA19043_hap2	chr11	1	1	PASS	0	0
NA19043	NA19043_hap2	chr12	1	1	PASS	0	0
NA19043	NA19043_hap2	chr16	1	1	PASS	20	6
NA19043	NA19043_hap2	chr17	1	1	PASS	2	5
NA19043	NA19043_hap2	chr18	1	1	PASS	0	0
NA19043	NA19043_hap2	chr19	1	1	PASS	0	0
NA19043	NA19043_hap2	chr20	1	1	PASS	0	3
NA19043	NA19043_hap2	chr3	1	1	PASS	0	1
NA19043	NA19043_hap2	chr4	1	1	PASS	0	2
NA19043	NA19043_hap2	chr5	1	1	PASS	0	1
NA19043	NA19043_hap2	chr6	1	1	PASS	0	0
NA19043	NA19043_hap2	chr7	1	1	PASS	18	5
NA19043	NA19043_hap2	chr8	1	1	PASS	0	0
NA19043	NA19043_hap2	chr9	1	1	PASS	0	119
NA19043	NA19043_hap2	chrX	1	1	PASS	0	0
NA19087	NA19087_hap1	chr10	1	1	PASS	4	6
NA19087	NA19087_hap1	chr11	1	1	PASS	0	0
NA19087	NA19087_hap1	chr12	1	1	PASS	0	0
NA19087	NA19087_hap1	chr19	1	1	PASS	0	0
NA19087	NA19087_hap1	chr2	1	1	PASS	11	4
NA19087	NA19087_hap1	chr20	1	1	PASS	0	3
NA19087	NA19087_hap1	chr3	1	1	PASS	0	1
NA19087	NA19087_hap1	chr4	1	1	PASS	0	2
NA19087	NA19087_hap1	chr5	1	1	PASS	0	1
NA19087	NA19087_hap1	chr6	1	1	PASS	0	0
NA19087	NA19087_hap1	chr7	1	1	PASS	22	13
NA19087	NA19087_hap1	chr8	1	1	PASS	0	0
NA19087	NA19087_hap1	chr9	1	1	PASS	1	185
NA19087	NA19087_hap1	chrX	1	1	PASS	0	0
NA19087	NA19087_hap2	chr10	1	1	PASS	4	6
NA19087	NA19087_hap2	chr11	1	1	PASS	0	0
NA19087	NA19087_hap2	chr12	1	1	PASS	0	0
NA19087	NA19087_hap2	chr19	1	1	PASS	0	0
NA19087	NA19087_hap2	chr2	1	1	PASS	11	4
NA19087	NA19087_hap2	chr20	1	1	PASS	0	3
NA19087	NA19087_hap2	chr3	1	1	PASS	0	1
NA19087	NA19087_hap2	chr4	1	1	PASS	0	2
NA19087	NA19087_hap2	chr5	1	1	PASS	0	1
NA19087	NA19087_hap2	chr6	1	1	PASS	0	0
NA19087	NA19087_hap2	chr7	1	1	PASS	23	15
NA19087	NA19087_hap2	chr8	1	1	PASS	0	0
NA19087	NA19087_hap2	chr9	1	1	PASS	1	135
NA19087	NA19087_hap2	chrX	1	1	PASS	0	0
NA19129	NA19129_hap1	chr1	1	1	PASS	7	5
NA19129	NA19129_hap1	chr10	1	1	PASS	4	6
NA19129	NA19129_hap1	chr11	1	1	PASS	0	0
NA19129	NA19129_hap1	chr12	1	1	PASS	0	0
NA19129	NA19129_hap1	chr17	1	1	PASS	2	5
NA19129	NA19129_hap1	chr18	1	1	PASS	0	0
NA19129	NA19129_hap1	chr19	1	1	PASS	0	0
NA19129	NA19129_hap1	chr2	1	1	PASS	11	4
NA19129	NA19129_hap1	chr20	1	1	PASS	0	3
NA19129	NA19129_hap1	chr4	1	1	PASS	0	2
NA19129	NA19129_hap1	chr5	1	1	PASS	0	1
NA19129	NA19129_hap1	chr6	1	1	PASS	0	0
NA19129	NA19129_hap1	chr8	1	1	PASS	0	0
NA19129	NA19129_hap1	chr9	1	1	PASS	1	148
NA19129	NA19129_hap1	chrX	1	1	PASS	0	0
NA19129	NA19129_hap2	chr1	1	1	PASS	7	5
NA19129	NA19129_hap2	chr10	1	1	PASS	4	6
NA19129	NA19129_hap2	chr11	1	1	PASS	0	0
NA19129	NA19129_hap2	chr12	1	1	PASS	0	0
NA19129	NA19129_hap2	chr17	1	1	PASS	2	5
NA19129	NA19129_hap2	chr18	1	1	PASS	0	0
NA19129	NA19129_hap2	chr19	1	1	PASS	0	0
NA19129	NA19129_hap2	chr2	1	1	PASS	7	2
NA19129	NA19129_hap2	chr20	1	1	PASS	0	3
NA19129	NA19129_hap2	chr3	1	1	PASS	0	1
NA19129	NA19129_hap2	chr4	1	1	PASS	0	2
NA19129	NA19129_hap2	chr5	1	1	PASS	0	1
NA19129	NA19129_hap2	chr6	1	1	PASS	0	0
NA19129	NA19129_hap2	chr7	1	1	PASS	23	18
NA19129	NA19129_hap2	chr8	1	1	PASS	0	0
NA19129	NA19129_hap2	chr9	1	1	PASS	1	149
NA19129	NA19129_hap2	chrX	1	1	PASS	0	0
NA19159	NA19159_hap1	chr1	1	1	PASS	7	5
NA19159	NA19159_hap1	chr10	1	1	PASS	4	6
NA19159	NA19159_hap1	chr11	1	1	PASS	0	0
NA19159	NA19159_hap1	chr12	1	1	PASS	0	0
NA19159	NA19159_hap1	chr16	1	1	PASS	18	4
NA19159	NA19159_hap1	chr17	1	1	PASS	2	5
NA19159	NA19159_hap1	chr18	1	1	PASS	0	0
NA19159	NA19159_hap1	chr19	1	1	PASS	0	0
NA19159	NA19159_hap1	chr2	1	1	PASS	11	4
NA19159	NA19159_hap1	chr20	1	1	PASS	0	3
NA19159	NA19159_hap1	chr3	1	1	PASS	0	1
NA19159	NA19159_hap1	chr4	1	1	PASS	0	2
NA19159	NA19159_hap1	chr5	1	1	PASS	0	1
NA19159	NA19159_hap1	chr7	1	1	PASS	19	13
NA19159	NA19159_hap1	chr8	1	1	PASS	0	0
NA19159	NA19159_hap1	chr9	1	1	PASS	1	147
NA19159	NA19159_hap1	chrX	1	1	PASS	0	0
NA19159	NA19159_hap2	chr1	1	1	PASS	7	5
NA19159	NA19159_hap2	chr10	1	1	PASS	4	6
NA19159	NA19159_hap2	chr11	1	1	PASS	0	0
NA19159	NA19159_hap2	chr12	1	1	PASS	0	0
NA19159	NA19159_hap2	chr17	1	1	PASS	2	5
NA19159	NA19159_hap2	chr18	1	1	PASS	0	0
NA19159	NA19159_hap2	chr19	1	1	PASS	0	0
NA19159	NA19159_hap2	chr2	1	1	PASS	11	4
NA19159	NA19159_hap2	chr20	1	1	PASS	0	3
NA19159	NA19159_hap2	chr3	1	1	PASS	0	1
NA19159	NA19159_hap2	chr4	1	1	PASS	0	2
NA19159	NA19159_hap2	chr5	1	1	PASS	0	1
NA19159	NA19159_hap2	chr7	1	1	PASS	21	20
NA19159	NA19159_hap2	chr8	1	1	PASS	0	0
NA19159	NA19159_hap2	chr9	1	1	PASS	1	73
NA19185	NA19185_hap1	chr1	1	1	PASS	7	5
NA19185	NA19185_hap1	chr10	1	1	PASS	4	6
NA19185	NA19185_hap1	chr11	1	1	PASS	0	0
NA19185	NA19185_hap1	chr12	1	1	PASS	0	0
NA19185	NA19185_hap1	chr16	1	1	PASS	20	6
NA19185	NA19185_hap1	chr17	1	1	PASS	2	5
NA19185	NA19185_hap1	chr18	1	1	PASS	0	0
NA19185	NA19185_hap1	chr19	1	1	PASS	0	0
NA19185	NA19185_hap1	chr2	1	1	PASS	11	4
NA19185	NA19185_hap1	chr20	1	1	PASS	0	3
NA19185	NA19185_hap1	chr3	1	1	PASS	0	1
NA19185	NA19185_hap1	chr4	1	1	PASS	0	2
NA19185	NA19185_hap1	chr5	1	1	PASS	0	1
NA19185	NA19185_hap1	chr6	1	1	PASS	0	0
NA19185	NA19185_hap1	chr7	1	1	PASS	20	10
NA19185	NA19185_hap1	chr8	1	1	PASS	0	0
NA19185	NA19185_hap1	chr9	1	1	PASS	1	135
NA19185	NA19185_hap1	chrX	1	1	PASS	0	0
NA19185	NA19185_hap2	chr1	1	1	PASS	7	4
NA19185	NA19185_hap2	chr10	1	1	PASS	4	6
NA19185	NA19185_hap2	chr11	1	1	PASS	0	0
NA19185	NA19185_hap2	chr12	1	1	PASS	0	0
NA19185	NA19185_hap2	chr16	1	1	PASS	18	4
NA19185	NA19185_hap2	chr17	1	1	PASS	2	5
NA19185	NA19185_hap2	chr18	1	1	PASS	0	0
NA19185	NA19185_hap2	chr19	1	1	PASS	0	0
NA19185	NA19185_hap2	chr2	1	1	PASS	11	4
NA19185	NA19185_hap2	chr20	1	1	PASS	0	3
NA19185	NA19185_hap2	chr3	1	1	PASS	0	1
NA19185	NA19185_hap2	chr4	1	1	PASS	0	2
NA19185	NA19185_hap2	chr5	1	1	PASS	0	1
NA19185	NA19185_hap2	chr6	1	1	PASS	0	0
NA19185	NA19185_hap2	chr7	1	1	PASS	22	18
NA19185	NA19185_hap2	chr8	1	1	PASS	0	0
NA19185	NA19185_hap2	chr9	1	1	PASS	1	168
NA19185	NA19185_hap2	chrX	1	1	PASS	0	0
NA19238	NA19238_hap1	chr10	1	1	PASS	4	6
NA19238	NA19238_hap1	chr11	1	1	PASS	0	0
NA19238	NA19238_hap1	chr12	1	1	PASS	0	0
NA19238	NA19238_hap1	chr16	1	1	PASS	19	5
NA19238	NA19238_hap1	chr17	1	1	PASS	2	5
NA19238	NA19238_hap1	chr18	1	1	PASS	0	0
NA19238	NA19238_hap1	chr19	1	1	PASS	0	0
NA19238	NA19238_hap1	chr2	1	1	PASS	11	4
NA19238	NA19238_hap1	chr20	1	1	PASS	0	3
NA19238	NA19238_hap1	chr3	1	1	PASS	0	1
NA19238	NA19238_hap1	chr4	1	1	PASS	0	2
NA19238	NA19238_hap1	chr5	1	1	PASS	0	1
NA19238	NA19238_hap1	chr7	1	1	PASS	20	18
NA19238	NA19238_hap1	chr8	1	1	PASS	0	0
NA19238	NA19238_hap1	chr9	1	1	PASS	1	142
NA19238	NA19238_hap1	chrX	1	1	PASS	0	0
NA19238	NA19238_hap2	chr1	1	1	PASS	8	5
NA19238	NA19238_hap2	chr10	1	1	PASS	4	6
NA19238	NA19238_hap2	chr11	1	1	PASS	0	0
NA19238	NA19238_hap2	chr12	1	1	PASS	0	0
NA19238	NA19238_hap2	chr17	1	1	PASS	2	5
NA19238	NA19238_hap2	chr18	1	1	PASS	0	0
NA19238	NA19238_hap2	chr19	1	1	PASS	0	0
NA19238	NA19238_hap2	chr2	1	1	PASS	11	4
NA19238	NA19238_hap2	chr20	1	1	PASS	0	3
NA19238	NA19238_hap2	chr3	1	1	PASS	0	1
NA19238	NA19238_hap2	chr4	1	1	PASS	0	2
NA19238	NA19238_hap2	chr5	1	1	PASS	0	1
NA19238	NA19238_hap2	chr6	1	1	PASS	0	0
NA19238	NA19238_hap2	chr7	1	1	PASS	19	12
NA19238	NA19238_hap2	chr8	1	1	PASS	0	0
NA19238	NA19238_hap2	chr9	1	1	PASS	1	187
NA19238	NA19238_hap2	chrX	1	1	PASS	0	0
NA19239	NA19239_hap1	chr10	1	1	PASS	4	6
NA19239	NA19239_hap1	chr11	1	1	PASS	0	0
NA19239	NA19239_hap1	chr12	1	1	PASS	0	0
NA19239	NA19239_hap1	chr16	1	1	PASS	17	3
NA19239	NA19239_hap1	chr17	1	1	PASS	2	5
NA19239	NA19239_hap1	chr18	1	1	PASS	0	0
NA19239	NA19239_hap1	chr19	1	1	PASS	0	0
NA19239	NA19239_hap1	chr2	1	1	PASS	11	4
NA19239	NA19239_hap1	chr20	1	1	PASS	0	3
NA19239	NA19239_hap1	chr3	1	1	PASS	0	1
NA19239	NA19239_hap1	chr4	1	1	PASS	0	2
NA19239	NA19239_hap1	chr5	1	1	PASS	0	1
NA19239	NA19239_hap1	chr6	1	1	PASS	0	0
NA19239	NA19239_hap1	chr7	1	1	PASS	23	18
NA19239	NA19239_hap1	chr8	1	1	PASS	0	0
NA19239	NA19239_hap1	chr9	1	1	PASS	1	161
NA19239	NA19239_hap2	chr10	1	1	PASS	4	6
NA19239	NA19239_hap2	chr11	1	1	PASS	0	0
NA19239	NA19239_hap2	chr12	1	1	PASS	0	0
NA19239	NA19239_hap2	chr16	1	1	PASS	17	3
NA19239	NA19239_hap2	chr17	1	1	PASS	2	5
NA19239	NA19239_hap2	chr18	1	1	PASS	0	0
NA19239	NA19239_hap2	chr19	1	1	PASS	0	0
NA19239	NA19239_hap2	chr2	1	1	PASS	11	4
NA19239	NA19239_hap2	chr20	1	1	PASS	0	3
NA19239	NA19239_hap2	chr3	1	1	PASS	0	1
NA19239	NA19239_hap2	chr5	1	1	PASS	0	1
NA19239	NA19239_hap2	chr6	1	1	PASS	0	0
NA19239	NA19239_hap2	chr7	1	1	PASS	21	16
NA19239	NA19239_hap2	chr8	1	1	PASS	0	0
NA19239	NA19239_hap2	chr9	1	1	PASS	1	165
NA19239	NA19239_hap2	chrX	1	1	PASS	0	0
NA19240	NA19240_hap1	chr10	1	1	PASS	4	6
NA19240	NA19240_hap1	chr11	1	1	PASS	0	0
NA19240	NA19240_hap1	chr12	1	1	PASS	0	0
NA19240	NA19240_hap1	chr16	1	1	PASS	20	6
NA19240	NA19240_hap1	chr17	1	1	PASS	2	5
NA19240	NA19240_hap1	chr18	1	1	PASS	0	0
NA19240	NA19240_hap1	chr19	1	1	PASS	0	0
NA19240	NA19240_hap1	chr2	1	1	PASS	11	4
NA19240	NA19240_hap1	chr20	1	1	PASS	0	3
NA19240	NA19240_hap1	chr3	1	1	PASS	0	1
NA19240	NA19240_hap1	chr4	1	1	PASS	0	2
NA19240	NA19240_hap1	chr5	1	1	PASS	0	1
NA19240	NA19240_hap1	chr6	1	1	PASS	0	0
NA19240	NA19240_hap1	chr7	1	1	PASS	23	16
NA19240	NA19240_hap1	chr8	1	1	PASS	0	0
NA19240	NA19240_hap1	chr9	1	1	PASS	1	187
NA19240	NA19240_hap1	chrX	1	1	PASS	0	0
NA19240	NA19240_hap2	chr1	1	1	PASS	5	0
NA19240	NA19240_hap2	chr10	1	1	PASS	4	6
NA19240	NA19240_hap2	chr11	1	1	PASS	0	0
NA19240	NA19240_hap2	chr12	1	1	PASS	0	0
NA19240	NA19240_hap2	chr16	1	1	PASS	19	5
NA19240	NA19240_hap2	chr17	1	1	PASS	2	5
NA19240	NA19240_hap2	chr18	1	1	PASS	0	0
NA19240	NA19240_hap2	chr19	1	1	PASS	0	0
NA19240	NA19240_hap2	chr2	1	1	PASS	11	4
NA19240	NA19240_hap2	chr20	1	1	PASS	0	3
NA19240	NA19240_hap2	chr3	1	1	PASS	0	1
NA19240	NA19240_hap2	chr4	1	1	PASS	0	2
NA19240	NA19240_hap2	chr5	1	1	PASS	0	1
NA19240	NA19240_hap2	chr6	1	1	PASS	0	0
NA19240	NA19240_hap2	chr7	1	1	PASS	22	18
NA19240	NA19240_hap2	chr8	1	1	PASS	0	0
NA19240	NA19240_hap2	chrX	1	1	PASS	0	0
NA19317	NA19317_hap1	chr1	1	1	PASS	7	6
NA19317	NA19317_hap1	chr10	1	1	PASS	4	6
NA19317	NA19317_hap1	chr11	1	1	PASS	0	0
NA19317	NA19317_hap1	chr12	1	1	PASS	0	0
NA19317	NA19317_hap1	chr17	1	1	PASS	2	5
NA19317	NA19317_hap1	chr18	1	1	PASS	0	0
NA19317	NA19317_hap1	chr19	1	1	PASS	0	0
NA19317	NA19317_hap1	chr2	1	1	PASS	11	4
NA19317	NA19317_hap1	chr20	1	1	PASS	0	3
NA19317	NA19317_hap1	chr3	1	1	PASS	0	1
NA19317	NA19317_hap1	chr4	1	1	PASS	0	2
NA19317	NA19317_hap1	chr5	1	1	PASS	0	1
NA19317	NA19317_hap1	chr6	1	1	PASS	0	0
NA19317	NA19317_hap1	chr7	1	1	PASS	22	17
NA19317	NA19317_hap1	chr8	1	1	PASS	0	0
NA19317	NA19317_hap1	chr9	1	1	PASS	1	133
NA19317	NA19317_hap2	chr1	1	1	PASS	7	5
NA19317	NA19317_hap2	chr10	1	1	PASS	4	6
NA19317	NA19317_hap2	chr11	1	1	PASS	0	0
NA19317	NA19317_hap2	chr12	1	1	PASS	0	0
NA19317	NA19317_hap2	chr17	1	1	PASS	2	5
NA19317	NA19317_hap2	chr18	1	1	PASS	0	0
NA19317	NA19317_hap2	chr19	1	1	PASS	0	0
NA19317	NA19317_hap2	chr2	1	1	PASS	11	4
NA19317	NA19317_hap2	chr20	1	1	PASS	0	3
NA19317	NA19317_hap2	chr3	1	1	PASS	0	1
NA19317	NA19317_hap2	chr4	1	1	PASS	0	2
NA19317	NA19317_hap2	chr5	1	1	PASS	0	1
NA19317	NA19317_hap2	chr6	1	1	PASS	0	0
NA19317	NA19317_hap2	chr7	1	1	PASS	23	13
NA19317	NA19317_hap2	chr8	1	1	PASS	0	0
NA19317	NA19317_hap2	chr9	1	1	PASS	1	166
NA19317	NA19317_hap2	chrX	1	1	PASS	0	0
NA19331	NA19331_hap1	chr10	1	1	PASS	4	6
NA19331	NA19331_hap1	chr11	1	1	PASS	0	0
NA19331	NA19331_hap1	chr12	1	1	PASS	0	0
NA19331	NA19331_hap1	chr16	1	1	PASS	19	5
NA19331	NA19331_hap1	chr18	1	1	PASS	0	0
NA19331	NA19331_hap1	chr19	1	1	PASS	0	0
NA19331	NA19331_hap1	chr20	1	1	PASS	0	3
NA19331	NA19331_hap1	chr3	1	1	PASS	0	1
NA19331	NA19331_hap1	chr4	1	1	PASS	0	2
NA19331	NA19331_hap1	chr5	1	1	PASS	0	1
NA19331	NA19331_hap1	chr6	1	1	PASS	0	0
NA19331	NA19331_hap1	chr8	1	1	PASS	0	0
NA19331	NA19331_hap2	chr10	1	1	PASS	4	5
NA19331	NA19331_hap2	chr11	1	1	PASS	0	0
NA19331	NA19331_hap2	chr12	1	1	PASS	0	0
NA19331	NA19331_hap2	chr16	1	1	PASS	19	5
NA19331	NA19331_hap2	chr17	1	1	PASS	2	5
NA19331	NA19331_hap2	chr18	1	1	PASS	0	0
NA19331	NA19331_hap2	chr19	1	1	PASS	0	0
NA19331	NA19331_hap2	chr2	1	1	PASS	11	4
NA19331	NA19331_hap2	chr20	1	1	PASS	0	3
NA19331	NA19331_hap2	chr3	1	1	PASS	0	1
NA19331	NA19331_hap2	chr5	1	1	PASS	0	1
NA19331	NA19331_hap2	chr6	1	1	PASS	0	0
NA19331	NA19331_hap2	chr8	1	1	PASS	0	0
NA19331	NA19331_hap2	chr9	1	1	PASS	1	227
NA19331	NA19331_hap2	chrX	1	1	PASS	0	0
NA19338	NA19338_hap1	chr10	1	1	PASS	4	6
NA19338	NA19338_hap1	chr11	1	1	PASS	0	0
NA19338	NA19338_hap1	chr12	1	1	PASS	0	0
NA19338	NA19338_hap1	chr16	1	1	PASS	20	6
NA19338	NA19338_hap1	chr18	1	1	PASS	0	0
NA19338	NA19338_hap1	chr19	1	1	PASS	0	0
NA19338	NA19338_hap1	chr2	1	1	PASS	11	4
NA19338	NA19338_hap1	chr20	1	1	PASS	0	3
NA19338	NA19338_hap1	chr3	1	1	PASS	0	1
NA19338	NA19338_hap1	chr4	1	1	PASS	0	2
NA19338	NA19338_hap1	chr5	1	1	PASS	0	1
NA19338	NA19338_hap1	chr6	1	1	PASS	0	0
NA19338	NA19338_hap1	chr8	1	1	PASS	0	0
NA19338	NA19338_hap1	chr9	1	1	PASS	1	180
NA19338	NA19338_hap1	chrX	1	1	PASS	0	0
NA19338	NA19338_hap2	chr10	1	1	PASS	4	6
NA19338	NA19338_hap2	chr11	1	1	PASS	0	0
NA19338	NA19338_hap2	chr12	1	1	PASS	0	0
NA19338	NA19338_hap2	chr16	1	1	PASS	21	6
NA19338	NA19338_hap2	chr17	1	1	PASS	2	5
NA19338	NA19338_hap2	chr18	1	1	PASS	0	0
NA19338	NA19338_hap2	chr19	1	1	PASS	0	0
NA19338	NA19338_hap2	chr2	1	1	PASS	11	4
NA19338	NA19338_hap2	chr20	1	1	PASS	0	3
NA19338	NA19338_hap2	chr3	1	1	PASS	0	1
NA19338	NA19338_hap2	chr4	1	1	PASS	0	2
NA19338	NA19338_hap2	chr5	1	1	PASS	0	1
NA19338	NA19338_hap2	chr6	1	1	PASS	0	0
NA19338	NA19338_hap2	chr7	1	1	PASS	18	13
NA19338	NA19338_hap2	chr8	1	1	PASS	0	0
NA19338	NA19338_hap2	chr9	1	1	PASS	1	140
NA19338	NA19338_hap2	chrX	1	1	PASS	0	0
NA19347	NA19347_hap1	chr10	1	1	PASS	4	6
NA19347	NA19347_hap1	chr11	1	1	PASS	0	0
NA19347	NA19347_hap1	chr12	1	1	PASS	0	0
NA19347	NA19347_hap1	chr16	1	1	PASS	20	6
NA19347	NA19347_hap1	chr17	1	1	PASS	2	5
NA19347	NA19347_hap1	chr18	1	1	PASS	0	0
NA19347	NA19347_hap1	chr19	1	1	PASS	0	0
NA19347	NA19347_hap1	chr20	1	1	PASS	0	3
NA19347	NA19347_hap1	chr3	1	1	PASS	0	1
NA19347	NA19347_hap1	chr4	1	1	PASS	0	2
NA19347	NA19347_hap1	chr5	1	1	PASS	0	1
NA19347	NA19347_hap1	chr6	1	1	PASS	0	0
NA19347	NA19347_hap1	chr7	1	1	PASS	21	18
NA19347	NA19347_hap1	chr8	1	1	PASS	0	0
NA19347	NA19347_hap1	chr9	1	1	PASS	1	121
NA19347	NA19347_hap2	chr1	1	1	PASS	15	5
NA19347	NA19347_hap2	chr10	1	1	PASS	4	6
NA19347	NA19347_hap2	chr11	1	1	PASS	0	0
NA19347	NA19347_hap2	chr12	1	1	PASS	0	0
NA19347	NA19347_hap2	chr16	1	1	PASS	20	6
NA19347	NA19347_hap2	chr17	1	1	PASS	2	5
NA19347	NA19347_hap2	chr18	1	1	PASS	0	0
NA19347	NA19347_hap2	chr19	1	1	PASS	0	0
NA19347	NA19347_hap2	chr2	1	1	PASS	11	4
NA19347	NA19347_hap2	chr20	1	1	PASS	0	3
NA19347	NA19347_hap2	chr3	1	1	PASS	0	1
NA19347	NA19347_hap2	chr4	1	1	PASS	0	2
NA19347	NA19347_hap2	chr5	1	1	PASS	0	1
NA19347	NA19347_hap2	chr6	1	1	PASS	0	0
NA19347	NA19347_hap2	chr7	1	1	PASS	23	16
NA19347	NA19347_hap2	chr8	1	1	PASS	0	0
NA19347	NA19347_hap2	chr9	1	1	PASS	1	177
NA19347	NA19347_hap2	chrX	1	1	PASS	0	0
NA19384	NA19384_hap1	chr1	1	1	PASS	10	4
NA19384	NA19384_hap1	chr10	1	1	PASS	4	6
NA19384	NA19384_hap1	chr11	1	1	PASS	0	0
NA19384	NA19384_hap1	chr12	1	1	PASS	0	0
NA19384	NA19384_hap1	chr16	1	1	PASS	19	5
NA19384	NA19384_hap1	chr17	1	1	PASS	2	5
NA19384	NA19384_hap1	chr19	1	1	PASS	0	0
NA19384	NA19384_hap1	chr2	1	1	PASS	11	4
NA19384	NA19384_hap1	chr20	1	1	PASS	0	3
NA19384	NA19384_hap1	chr3	1	1	PASS	0	1
NA19384	NA19384_hap1	chr5	1	1	PASS	0	1
NA19384	NA19384_hap1	chr6	1	1	PASS	0	0
NA19384	NA19384_hap1	chr7	1	1	PASS	23	19
NA19384	NA19384_hap1	chr8	1	1	PASS	0	0
NA19384	NA19384_hap1	chr9	1	1	PASS	1	133
NA19384	NA19384_hap2	chr1	1	1	PASS	6	0
NA19384	NA19384_hap2	chr10	1	1	PASS	3	6
NA19384	NA19384_hap2	chr11	1	1	PASS	0	0
NA19384	NA19384_hap2	chr12	1	1	PASS	0	0
NA19384	NA19384_hap2	chr16	1	1	PASS	21	6
NA19384	NA19384_hap2	chr17	1	1	PASS	2	5
NA19384	NA19384_hap2	chr18	1	1	PASS	0	0
NA19384	NA19384_hap2	chr19	1	1	PASS	0	0
NA19384	NA19384_hap2	chr2	1	1	PASS	11	4
NA19384	NA19384_hap2	chr20	1	1	PASS	0	3
NA19384	NA19384_hap2	chr3	1	1	PASS	0	1
NA19384	NA19384_hap2	chr5	1	1	PASS	0	1
NA19384	NA19384_hap2	chr6	1	1	PASS	0	0
NA19384	NA19384_hap2	chr7	1	1	PASS	23	17
NA19384	NA19384_hap2	chr8	1	1	PASS	0	0
NA19384	NA19384_hap2	chr9	1	1	PASS	1	165
NA19384	NA19384_hap2	chrX	1	1	PASS	0	0
NA19391	NA19391_hap1	chr10	1	1	PASS	4	6
NA19391	NA19391_hap1	chr11	1	1	PASS	0	0
NA19391	NA19391_hap1	chr16	1	1	PASS	18	4
NA19391	NA19391_hap1	chr17	1	1	PASS	2	5
NA19391	NA19391_hap1	chr18	1	1	PASS	0	0
NA19391	NA19391_hap1	chr19	1	1	PASS	0	0
NA19391	NA19391_hap1	chr2	1	1	PASS	11	4
NA19391	NA19391_hap1	chr20	1	1	PASS	0	3
NA19391	NA19391_hap1	chr4	1	1	PASS	0	2
NA19391	NA19391_hap1	chr5	1	1	PASS	0	1
NA19391	NA19391_hap1	chr6	1	1	PASS	0	0
NA19391	NA19391_hap1	chr7	1	1	PASS	21	17
NA19391	NA19391_hap1	chr9	1	1	PASS	1	121
NA19391	NA19391_hap1	chrX	1	1	PASS	0	0
NA19391	NA19391_hap2	chr10	1	1	PASS	4	6
NA19391	NA19391_hap2	chr11	1	1	PASS	0	0
NA19391	NA19391_hap2	chr16	1	1	PASS	19	5
NA19391	NA19391_hap2	chr17	1	1	PASS	2	5
NA19391	NA19391_hap2	chr18	1	1	PASS	0	0
NA19391	NA19391_hap2	chr19	1	1	PASS	0	0
NA19391	NA19391_hap2	chr2	1	1	PASS	11	4
NA19391	NA19391_hap2	chr20	1	1	PASS	0	3
NA19391	NA19391_hap2	chr4	1	1	PASS	0	2
NA19391	NA19391_hap2	chr5	1	1	PASS	0	1
NA19391	NA19391_hap2	chr6	1	1	PASS	0	0
NA19391	NA19391_hap2	chr7	1	1	PASS	20	17
NA19391	NA19391_hap2	chr9	1	1	PASS	1	132
NA19391	NA19391_hap2	chrX	1	1	PASS	0	0
NA19434	NA19434_hap1	chr10	1	1	PASS	4	6
NA19434	NA19434_hap1	chr11	1	1	PASS	0	0
NA19434	NA19434_hap1	chr12	1	1	PASS	0	0
NA19434	NA19434_hap1	chr17	1	1	PASS	2	5
NA19434	NA19434_hap1	chr18	1	1	PASS	0	0
NA19434	NA19434_hap1	chr19	1	1	PASS	0	0
NA19434	NA19434_hap1	chr2	1	1	PASS	11	4
NA19434	NA19434_hap1	chr20	1	1	PASS	0	3
NA19434	NA19434_hap1	chr4	1	1	PASS	0	2
NA19434	NA19434_hap1	chr5	1	1	PASS	0	1
NA19434	NA19434_hap1	chr8	1	1	PASS	0	0
NA19434	NA19434_hap1	chr9	1	1	PASS	1	186
NA19434	NA19434_hap1	chrX	1	1	PASS	0	0
NA19434	NA19434_hap2	chr10	1	1	PASS	4	6
NA19434	NA19434_hap2	chr11	1	1	PASS	0	0
NA19434	NA19434_hap2	chr16	1	1	PASS	19	5
NA19434	NA19434_hap2	chr17	1	1	PASS	2	5
NA19434	NA19434_hap2	chr18	1	1	PASS	0	0
NA19434	NA19434_hap2	chr19	1	1	PASS	0	0
NA19434	NA19434_hap2	chr2	1	1	PASS	11	4
NA19434	NA19434_hap2	chr3	1	1	PASS	0	1
NA19434	NA19434_hap2	chr4	1	1	PASS	0	2
NA19434	NA19434_hap2	chr5	1	1	PASS	0	1
NA19434	NA19434_hap2	chr6	1	1	PASS	0	0
NA19434	NA19434_hap2	chr8	1	1	PASS	0	0
NA19434	NA19434_hap2	chr9	1	1	PASS	1	114
NA19434	NA19434_hap2	chrX	1	1	PASS	0	0
NA19443	NA19443_hap1	chr1	1	1	PASS	7	5
NA19443	NA19443_hap1	chr10	1	1	PASS	4	6
NA19443	NA19443_hap1	chr11	1	1	PASS	0	0
NA19443	NA19443_hap1	chr12	1	1	PASS	0	0
NA19443	NA19443_hap1	chr17	1	1	PASS	2	5
NA19443	NA19443_hap1	chr18	1	1	PASS	0	0
NA19443	NA19443_hap1	chr19	1	1	PASS	0	0
NA19443	NA19443_hap1	chr2	1	1	PASS	11	4
NA19443	NA19443_hap1	chr20	1	1	PASS	0	3
NA19443	NA19443_hap1	chr3	1	1	PASS	0	1
NA19443	NA19443_hap1	chr4	1	1	PASS	0	2
NA19443	NA19443_hap1	chr5	1	1	PASS	0	1
NA19443	NA19443_hap1	chr6	1	1	PASS	0	0
NA19443	NA19443_hap1	chr7	1	1	PASS	24	17
NA19443	NA19443_hap2	chr1	1	1	PASS	7	5
NA19443	NA19443_hap2	chr10	1	1	PASS	4	6
NA19443	NA19443_hap2	chr11	1	1	PASS	0	0
NA19443	NA19443_hap2	chr12	1	1	PASS	0	0
NA19443	NA19443_hap2	chr16	1	1	PASS	18	4
NA19443	NA19443_hap2	chr17	1	1	PASS	2	5
NA19443	NA19443_hap2	chr18	1	1	PASS	0	0
NA19443	NA19443_hap2	chr19	1	1	PASS	0	0
NA19443	NA19443_hap2	chr2	1	1	PASS	11	4
NA19443	NA19443_hap2	chr20	1	1	PASS	0	3
NA19443	NA19443_hap2	chr3	1	1	PASS	0	1
NA19443	NA19443_hap2	chr4	1	1	PASS	0	2
NA19443	NA19443_hap2	chr5	1	1	PASS	0	1
NA19443	NA19443_hap2	chr6	1	1	PASS	0	0
NA19443	NA19443_hap2	chr7	1	1	PASS	22	17
NA19443	NA19443_hap2	chr9	1	1	PASS	0	2
NA19443	NA19443_hap2	chrX	1	1	PASS	0	0
NA19468	NA19468_hap1	chr10	1	1	PASS	4	6
NA19468	NA19468_hap1	chr11	1	1	PASS	0	0
NA19468	NA19468_hap1	chr12	1	1	PASS	0	0
NA19468	NA19468_hap1	chr17	1	1	PASS	2	5
NA19468	NA19468_hap1	chr18	1	1	PASS	0	0
NA19468	NA19468_hap1	chr19	1	1	PASS	0	0
NA19468	NA19468_hap1	chr2	1	1	PASS	11	4
NA19468	NA19468_hap1	chr20	1	1	PASS	0	2
NA19468	NA19468_hap1	chr3	1	1	PASS	0	1
NA19468	NA19468_hap1	chr4	1	1	PASS	0	2
NA19468	NA19468_hap1	chr5	1	1	PASS	0	1
NA19468	NA19468_hap1	chr7	1	1	PASS	22	18
NA19468	NA19468_hap1	chr8	1	1	PASS	0	0
NA19468	NA19468_hap1	chr9	1	1	PASS	1	147
NA19468	NA19468_hap1	chrX	1	1	PASS	0	0
NA19468	NA19468_hap2	chr10	1	1	PASS	4	6
NA19468	NA19468_hap2	chr11	1	1	PASS	0	0
NA19468	NA19468_hap2	chr12	1	1	PASS	0	0
NA19468	NA19468_hap2	chr17	1	1	PASS	2	5
NA19468	NA19468_hap2	chr18	1	1	PASS	0	0
NA19468	NA19468_hap2	chr19	1	1	PASS	0	0
NA19468	NA19468_hap2	chr2	1	1	PASS	11	4
NA19468	NA19468_hap2	chr20	1	1	PASS	0	3
NA19468	NA19468_hap2	chr3	1	1	PASS	0	1
NA19468	NA19468_hap2	chr4	1	1	PASS	0	2
NA19468	NA19468_hap2	chr5	1	1	PASS	0	1
NA19468	NA19468_hap2	chr7	1	1	PASS	22	16
NA19468	NA19468_hap2	chr8	1	1	PASS	0	0
NA19468	NA19468_hap2	chr9	1	1	PASS	1	159
NA19468	NA19468_hap2	chrX	1	1	PASS	0	0
NA19650	NA19650_hap1	chr1	1	1	PASS	8	4
NA19650	NA19650_hap1	chr10	1	1	PASS	4	6
NA19650	NA19650_hap1	chr11	1	1	PASS	0	0
NA19650	NA19650_hap1	chr12	1	1	PASS	0	0
NA19650	NA19650_hap1	chr17	1	1	PASS	2	5
NA19650	NA19650_hap1	chr18	1	1	PASS	0	0
NA19650	NA19650_hap1	chr19	1	1	PASS	0	0
NA19650	NA19650_hap1	chr2	1	1	PASS	11	4
NA19650	NA19650_hap1	chr20	1	1	PASS	0	3
NA19650	NA19650_hap1	chr3	1	1	PASS	0	1
NA19650	NA19650_hap1	chr4	1	1	PASS	0	2
NA19650	NA19650_hap1	chr6	1	1	PASS	0	0
NA19650	NA19650_hap1	chr7	1	1	PASS	23	20
NA19650	NA19650_hap1	chr8	1	1	PASS	0	0
NA19650	NA19650_hap1	chr9	1	1	PASS	1	172
NA19650	NA19650_hap2	chr1	1	1	PASS	7	4
NA19650	NA19650_hap2	chr10	1	1	PASS	4	6
NA19650	NA19650_hap2	chr11	1	1	PASS	0	0
NA19650	NA19650_hap2	chr12	1	1	PASS	0	0
NA19650	NA19650_hap2	chr16	1	1	PASS	19	5
NA19650	NA19650_hap2	chr17	1	1	PASS	2	5
NA19650	NA19650_hap2	chr18	1	1	PASS	0	0
NA19650	NA19650_hap2	chr19	1	1	PASS	0	0
NA19650	NA19650_hap2	chr20	1	1	PASS	0	3
NA19650	NA19650_hap2	chr3	1	1	PASS	0	1
NA19650	NA19650_hap2	chr5	1	1	PASS	0	1
NA19650	NA19650_hap2	chr6	1	1	PASS	0	0
NA19650	NA19650_hap2	chr7	1	1	PASS	22	17
NA19650	NA19650_hap2	chr8	1	1	PASS	0	0
NA19650	NA19650_hap2	chr9	1	1	PASS	1	174
NA19650	NA19650_hap2	chrX	1	1	PASS	0	0
NA19682	NA19682_hap1	chr10	1	1	PASS	4	6
NA19682	NA19682_hap1	chr11	1	1	PASS	0	0
NA19682	NA19682_hap1	chr12	1	1	PASS	0	0
NA19682	NA19682_hap1	chr16	1	1	PASS	17	3
NA19682	NA19682_hap1	chr17	1	1	PASS	2	5
NA19682	NA19682_hap1	chr19	1	1	PASS	0	0
NA19682	NA19682_hap1	chr2	1	1	PASS	11	4
NA19682	NA19682_hap1	chr20	1	1	PASS	0	3
NA19682	NA19682_hap1	chr3	1	1	PASS	0	1
NA19682	NA19682_hap1	chr5	1	1	PASS	0	1
NA19682	NA19682_hap1	chr6	1	1	PASS	0	0
NA19682	NA19682_hap1	chr7	1	1	PASS	22	14
NA19682	NA19682_hap1	chr8	1	1	PASS	0	0
NA19682	NA19682_hap1	chr9	1	1	PASS	1	142
NA19682	NA19682_hap2	chr10	1	1	PASS	4	6
NA19682	NA19682_hap2	chr11	1	1	PASS	0	0
NA19682	NA19682_hap2	chr12	1	1	PASS	0	0
NA19682	NA19682_hap2	chr17	1	1	PASS	2	5
NA19682	NA19682_hap2	chr19	1	1	PASS	0	0
NA19682	NA19682_hap2	chr2	1	1	PASS	11	4
NA19682	NA19682_hap2	chr20	1	1	PASS	0	3
NA19682	NA19682_hap2	chr3	1	1	PASS	0	1
NA19682	NA19682_hap2	chr5	1	1	PASS	0	1
NA19682	NA19682_hap2	chr6	1	1	PASS	0	0
NA19682	NA19682_hap2	chr7	1	1	PASS	22	16
NA19682	NA19682_hap2	chr8	1	1	PASS	0	0
NA19682	NA19682_hap2	chrX	1	1	PASS	0	0
NA19700	NA19700_hap1	chr1	1	1	PASS	7	5
NA19700	NA19700_hap1	chr10	1	1	PASS	4	6
NA19700	NA19700_hap1	chr11	1	1	PASS	0	0
NA19700	NA19700_hap1	chr12	1	1	PASS	0	0
NA19700	NA19700_hap1	chr16	1	1	PASS	20	6
NA19700	NA19700_hap1	chr17	1	1	PASS	2	5
NA19700	NA19700_hap1	chr18	1	1	PASS	0	0
NA19700	NA19700_hap1	chr19	1	1	PASS	0	0
NA19700	NA19700_hap1	chr2	1	1	PASS	11	4
NA19700	NA19700_hap1	chr20	1	1	PASS	0	3
NA19700	NA19700_hap1	chr4	1	1	PASS	0	2
NA19700	NA19700_hap1	chr5	1	1	PASS	0	1
NA19700	NA19700_hap1	chr6	1	1	PASS	0	0
NA19700	NA19700_hap1	chr7	1	1	PASS	19	10
NA19700	NA19700_hap1	chr8	1	1	PASS	0	0
NA19700	NA19700_hap1	chr9	1	1	PASS	1	170
NA19700	NA19700_hap2	chr1	1	1	EXCLUDE_annotation_incomplete_or_missing_input	0	0
NA19700	NA19700_hap2	chr10	1	1	EXCLUDE_annotation_incomplete_or_missing_input	0	0
NA19700	NA19700_hap2	chr11	1	1	EXCLUDE_annotation_incomplete_or_missing_input	0	0
NA19700	NA19700_hap2	chr12	1	1	EXCLUDE_annotation_incomplete_or_missing_input	0	0
NA19700	NA19700_hap2	chr18	1	1	EXCLUDE_annotation_incomplete_or_missing_input	0	0
NA19700	NA19700_hap2	chr19	1	1	EXCLUDE_annotation_incomplete_or_missing_input	0	0
NA19700	NA19700_hap2	chr2	1	1	EXCLUDE_annotation_incomplete_or_missing_input	0	0
NA19700	NA19700_hap2	chr20	1	1	EXCLUDE_annotation_incomplete_or_missing_input	0	0
NA19700	NA19700_hap2	chr4	1	1	EXCLUDE_annotation_incomplete_or_missing_input	0	0
NA19700	NA19700_hap2	chr5	1	1	EXCLUDE_annotation_incomplete_or_missing_input	0	0
NA19700	NA19700_hap2	chr6	1	1	EXCLUDE_annotation_incomplete_or_missing_input	0	0
NA19700	NA19700_hap2	chr7	1	1	EXCLUDE_annotation_incomplete_or_missing_input	0	0
NA19700	NA19700_hap2	chr8	1	1	EXCLUDE_annotation_incomplete_or_missing_input	0	0
NA19700	NA19700_hap2	chr9	1	1	EXCLUDE_annotation_incomplete_or_missing_input	0	0
NA19700	NA19700_hap2	chrX	1	1	EXCLUDE_annotation_incomplete_or_missing_input	0	0
NA19705	NA19705_hap1	chr1	1	1	PASS	7	5
NA19705	NA19705_hap1	chr10	1	1	PASS	4	6
NA19705	NA19705_hap1	chr11	1	1	PASS	0	0
NA19705	NA19705_hap1	chr12	1	1	PASS	0	0
NA19705	NA19705_hap1	chr17	1	1	PASS	2	5
NA19705	NA19705_hap1	chr18	1	1	PASS	0	0
NA19705	NA19705_hap1	chr19	1	1	PASS	0	0
NA19705	NA19705_hap1	chr2	1	1	PASS	11	4
NA19705	NA19705_hap1	chr20	1	1	PASS	0	4
NA19705	NA19705_hap1	chr3	1	1	PASS	0	1
NA19705	NA19705_hap1	chr4	1	1	PASS	0	2
NA19705	NA19705_hap1	chr5	1	1	PASS	0	1
NA19705	NA19705_hap1	chr6	1	1	PASS	0	0
NA19705	NA19705_hap1	chr7	1	1	PASS	21	16
NA19705	NA19705_hap1	chr8	1	1	PASS	0	0
NA19705	NA19705_hap1	chr9	1	1	PASS	1	246
NA19705	NA19705_hap2	chr1	1	1	PASS	7	5
NA19705	NA19705_hap2	chr10	1	1	PASS	4	6
NA19705	NA19705_hap2	chr11	1	1	PASS	0	0
NA19705	NA19705_hap2	chr12	1	1	PASS	0	0
NA19705	NA19705_hap2	chr16	1	1	PASS	20	5
NA19705	NA19705_hap2	chr17	1	1	PASS	2	5
NA19705	NA19705_hap2	chr18	1	1	PASS	0	0
NA19705	NA19705_hap2	chr19	1	1	PASS	0	0
NA19705	NA19705_hap2	chr2	1	1	PASS	11	4
NA19705	NA19705_hap2	chr20	1	1	PASS	0	3
NA19705	NA19705_hap2	chr3	1	1	PASS	0	1
NA19705	NA19705_hap2	chr4	1	1	PASS	0	2
NA19705	NA19705_hap2	chr5	1	1	PASS	0	1
NA19705	NA19705_hap2	chr6	1	1	PASS	0	0
NA19705	NA19705_hap2	chr7	1	1	PASS	20	13
NA19705	NA19705_hap2	chr8	1	1	PASS	0	0
NA19705	NA19705_hap2	chr9	1	1	PASS	1	94
NA19705	NA19705_hap2	chrX	1	1	PASS	0	0
NA19776	NA19776_hap1	chr1	1	1	PASS	8	5
NA19776	NA19776_hap1	chr10	1	1	PASS	4	6
NA19776	NA19776_hap1	chr11	1	1	PASS	0	0
NA19776	NA19776_hap1	chr12	1	1	PASS	0	0
NA19776	NA19776_hap1	chr16	1	1	PASS	17	3
NA19776	NA19776_hap1	chr19	1	1	PASS	0	0
NA19776	NA19776_hap1	chr2	1	1	PASS	11	4
NA19776	NA19776_hap1	chr20	1	1	PASS	0	3
NA19776	NA19776_hap1	chr3	1	1	PASS	0	1
NA19776	NA19776_hap1	chr4	1	1	PASS	0	2
NA19776	NA19776_hap1	chr5	1	1	PASS	0	1
NA19776	NA19776_hap1	chr6	1	1	PASS	0	0
NA19776	NA19776_hap1	chr7	1	1	PASS	23	11
NA19776	NA19776_hap1	chr8	1	1	PASS	0	0
NA19776	NA19776_hap1	chrX	1	1	PASS	0	0
NA19776	NA19776_hap2	chr1	1	1	PASS	7	5
NA19776	NA19776_hap2	chr10	1	1	PASS	4	6
NA19776	NA19776_hap2	chr11	1	1	PASS	0	0
NA19776	NA19776_hap2	chr12	1	1	PASS	0	0
NA19776	NA19776_hap2	chr16	1	1	PASS	19	5
NA19776	NA19776_hap2	chr19	1	1	PASS	0	0
NA19776	NA19776_hap2	chr2	1	1	PASS	11	4
NA19776	NA19776_hap2	chr20	1	1	PASS	0	3
NA19776	NA19776_hap2	chr3	1	1	PASS	0	1
NA19776	NA19776_hap2	chr4	1	1	PASS	0	2
NA19776	NA19776_hap2	chr5	1	1	PASS	0	1
NA19776	NA19776_hap2	chr6	1	1	PASS	0	0
NA19776	NA19776_hap2	chr7	1	1	PASS	22	17
NA19776	NA19776_hap2	chr8	1	1	PASS	0	0
NA19776	NA19776_hap2	chrX	1	1	PASS	0	0
NA19835	NA19835_hap1	chr1	1	1	PASS	8	5
NA19835	NA19835_hap1	chr10	1	1	PASS	4	6
NA19835	NA19835_hap1	chr11	1	1	PASS	0	0
NA19835	NA19835_hap1	chr12	1	1	PASS	0	0
NA19835	NA19835_hap1	chr16	1	1	PASS	20	6
NA19835	NA19835_hap1	chr19	1	1	PASS	0	0
NA19835	NA19835_hap1	chr2	1	1	PASS	11	4
NA19835	NA19835_hap1	chr20	1	1	PASS	0	3
NA19835	NA19835_hap1	chr3	1	1	PASS	0	1
NA19835	NA19835_hap1	chr4	1	1	PASS	0	2
NA19835	NA19835_hap1	chr5	1	1	PASS	0	1
NA19835	NA19835_hap1	chr6	1	1	PASS	0	0
NA19835	NA19835_hap1	chr8	1	1	PASS	0	0
NA19835	NA19835_hap1	chrX	1	1	PASS	0	0
NA19835	NA19835_hap2	chr1	1	1	PASS	7	5
NA19835	NA19835_hap2	chr10	1	1	PASS	4	6
NA19835	NA19835_hap2	chr11	1	1	PASS	0	0
NA19835	NA19835_hap2	chr12	1	1	PASS	0	0
NA19835	NA19835_hap2	chr16	1	1	PASS	21	6
NA19835	NA19835_hap2	chr19	1	1	PASS	0	0
NA19835	NA19835_hap2	chr20	1	1	PASS	0	3
NA19835	NA19835_hap2	chr3	1	1	PASS	0	1
NA19835	NA19835_hap2	chr4	1	1	PASS	0	2
NA19835	NA19835_hap2	chr5	1	1	PASS	0	1
NA19835	NA19835_hap2	chr6	1	1	PASS	0	0
NA19835	NA19835_hap2	chr7	1	1	PASS	23	18
NA19835	NA19835_hap2	chr8	1	1	PASS	0	0
NA19835	NA19835_hap2	chr9	1	1	PASS	1	118
NA19835	NA19835_hap2	chrX	1	1	PASS	0	0
NA19836	NA19836_hap1	chr1	1	1	PASS	8	5
NA19836	NA19836_hap1	chr10	1	1	PASS	4	6
NA19836	NA19836_hap1	chr11	1	1	PASS	0	0
NA19836	NA19836_hap1	chr12	1	1	PASS	0	0
NA19836	NA19836_hap1	chr16	1	1	PASS	17	3
NA19836	NA19836_hap1	chr18	1	1	PASS	0	0
NA19836	NA19836_hap1	chr19	1	1	PASS	0	0
NA19836	NA19836_hap1	chr2	1	1	PASS	9	4
NA19836	NA19836_hap1	chr20	1	1	PASS	0	3
NA19836	NA19836_hap1	chr3	1	1	PASS	0	1
NA19836	NA19836_hap1	chr4	1	1	PASS	0	2
NA19836	NA19836_hap1	chr5	1	1	PASS	0	1
NA19836	NA19836_hap1	chr6	1	1	PASS	0	0
NA19836	NA19836_hap1	chr8	1	1	PASS	0	0
NA19836	NA19836_hap1	chr9	1	1	PASS	1	148
NA19836	NA19836_hap1	chrX	1	1	PASS	0	0
NA19836	NA19836_hap2	chr1	1	1	PASS	7	5
NA19836	NA19836_hap2	chr10	1	1	PASS	4	6
NA19836	NA19836_hap2	chr11	1	1	PASS	0	0
NA19836	NA19836_hap2	chr12	1	1	PASS	0	0
NA19836	NA19836_hap2	chr16	1	1	PASS	19	5
NA19836	NA19836_hap2	chr17	1	1	PASS	2	5
NA19836	NA19836_hap2	chr18	1	1	PASS	0	0
NA19836	NA19836_hap2	chr2	1	1	PASS	15	4
NA19836	NA19836_hap2	chr20	1	1	PASS	0	3
NA19836	NA19836_hap2	chr4	1	1	PASS	0	2
NA19836	NA19836_hap2	chr5	1	1	PASS	0	1
NA19836	NA19836_hap2	chr6	1	1	PASS	0	0
NA19836	NA19836_hap2	chr7	1	1	PASS	20	18
NA19836	NA19836_hap2	chr8	1	1	PASS	0	0
NA19836	NA19836_hap2	chr9	1	1	PASS	1	118
NA19836	NA19836_hap2	chrX	1	1	PASS	0	0
NA19909	NA19909_hap1	chr1	1	1	PASS	0	0
NA19909	NA19909_hap1	chr10	1	1	PASS	0	0
NA19909	NA19909_hap1	chr11	1	1	PASS	0	0
NA19909	NA19909_hap1	chr12	1	1	PASS	0	0
NA19909	NA19909_hap1	chr16	1	1	PASS	0	0
NA19909	NA19909_hap1	chr17	1	1	PASS	2	3
NA19909	NA19909_hap1	chr18	1	1	PASS	0	0
NA19909	NA19909_hap1	chr19	1	1	PASS	0	0
NA19909	NA19909_hap1	chr20	1	1	PASS	0	3
NA19909	NA19909_hap1	chr5	1	1	PASS	0	1
NA19909	NA19909_hap1	chr7	1	1	PASS	23	15
NA19909	NA19909_hap1	chr8	1	1	PASS	0	0
NA19909	NA19909_hap1	chrX	1	1	PASS	0	0
NA19909	NA19909_hap2	chr1	1	1	EXCLUDE_annotation_incomplete_or_missing_input	0	0
NA19909	NA19909_hap2	chr10	1	1	EXCLUDE_annotation_incomplete_or_missing_input	0	0
NA19909	NA19909_hap2	chr11	1	1	EXCLUDE_annotation_incomplete_or_missing_input	0	0
NA19909	NA19909_hap2	chr12	1	1	EXCLUDE_annotation_incomplete_or_missing_input	0	0
NA19909	NA19909_hap2	chr16	1	1	EXCLUDE_annotation_incomplete_or_missing_input	0	0
NA19909	NA19909_hap2	chr17	1	1	EXCLUDE_annotation_incomplete_or_missing_input	0	0
NA19909	NA19909_hap2	chr18	1	1	EXCLUDE_annotation_incomplete_or_missing_input	0	0
NA19909	NA19909_hap2	chr19	1	1	EXCLUDE_annotation_incomplete_or_missing_input	0	0
NA19909	NA19909_hap2	chr20	1	1	EXCLUDE_annotation_incomplete_or_missing_input	0	0
NA19909	NA19909_hap2	chr4	1	1	EXCLUDE_annotation_incomplete_or_missing_input	0	0
NA19909	NA19909_hap2	chr5	1	1	EXCLUDE_annotation_incomplete_or_missing_input	0	0
NA19909	NA19909_hap2	chr7	1	1	EXCLUDE_annotation_incomplete_or_missing_input	0	0
NA19909	NA19909_hap2	chr8	1	1	EXCLUDE_annotation_incomplete_or_missing_input	0	0
NA19909	NA19909_hap2	chr9	1	1	EXCLUDE_annotation_incomplete_or_missing_input	0	0
NA19909	NA19909_hap2	chrX	1	1	EXCLUDE_annotation_incomplete_or_missing_input	0	0
NA19983	NA19983_hap1	chr1	1	1	PASS	7	5
NA19983	NA19983_hap1	chr10	1	1	PASS	4	6
NA19983	NA19983_hap1	chr12	1	1	PASS	0	0
NA19983	NA19983_hap1	chr17	1	1	PASS	2	5
NA19983	NA19983_hap1	chr18	1	1	PASS	0	0
NA19983	NA19983_hap1	chr19	1	1	PASS	0	0
NA19983	NA19983_hap1	chr2	1	1	PASS	11	4
NA19983	NA19983_hap1	chr20	1	1	PASS	0	3
NA19983	NA19983_hap1	chr4	1	1	PASS	0	2
NA19983	NA19983_hap1	chr5	1	1	PASS	0	1
NA19983	NA19983_hap1	chr6	1	1	PASS	0	0
NA19983	NA19983_hap1	chr7	1	1	PASS	21	17
NA19983	NA19983_hap1	chr8	1	1	PASS	0	0
NA19983	NA19983_hap1	chrX	1	1	PASS	0	0
NA19983	NA19983_hap2	chr1	1	1	PASS	7	5
NA19983	NA19983_hap2	chr11	1	1	PASS	0	0
NA19983	NA19983_hap2	chr12	1	1	PASS	0	0
NA19983	NA19983_hap2	chr16	1	1	PASS	17	2
NA19983	NA19983_hap2	chr17	1	1	PASS	2	5
NA19983	NA19983_hap2	chr18	1	1	PASS	0	0
NA19983	NA19983_hap2	chr19	1	1	PASS	0	0
NA19983	NA19983_hap2	chr2	1	1	PASS	11	4
NA19983	NA19983_hap2	chr20	1	1	PASS	0	3
NA19983	NA19983_hap2	chr3	1	1	PASS	0	1
NA19983	NA19983_hap2	chr4	1	1	PASS	0	2
NA19983	NA19983_hap2	chr5	1	1	PASS	0	1
NA19983	NA19983_hap2	chr6	1	1	PASS	0	0
NA19983	NA19983_hap2	chr7	1	1	PASS	23	18
NA19983	NA19983_hap2	chr8	1	1	PASS	0	0
NA19983	NA19983_hap2	chr9	1	1	PASS	1	159
NA19983	NA19983_hap2	chrX	1	1	PASS	0	0
NA20129	NA20129_hap1	chr1	1	1	PASS	7	5
NA20129	NA20129_hap1	chr10	1	1	PASS	4	6
NA20129	NA20129_hap1	chr11	1	1	PASS	0	0
NA20129	NA20129_hap1	chr12	1	1	PASS	0	0
NA20129	NA20129_hap1	chr18	1	1	PASS	0	0
NA20129	NA20129_hap1	chr19	1	1	PASS	0	0
NA20129	NA20129_hap1	chr2	1	1	PASS	11	4
NA20129	NA20129_hap1	chr20	1	1	PASS	0	3
NA20129	NA20129_hap1	chr4	1	1	PASS	0	2
NA20129	NA20129_hap1	chr5	1	1	PASS	0	1
NA20129	NA20129_hap1	chr6	1	1	PASS	0	0
NA20129	NA20129_hap1	chr7	1	1	PASS	21	13
NA20129	NA20129_hap1	chr8	1	1	PASS	0	0
NA20129	NA20129_hap1	chrX	1	1	PASS	0	0
NA20129	NA20129_hap2	chr1	1	1	PASS	7	5
NA20129	NA20129_hap2	chr10	1	1	PASS	5	7
NA20129	NA20129_hap2	chr11	1	1	PASS	0	0
NA20129	NA20129_hap2	chr12	1	1	PASS	0	0
NA20129	NA20129_hap2	chr16	1	1	PASS	21	6
NA20129	NA20129_hap2	chr18	1	1	PASS	0	0
NA20129	NA20129_hap2	chr19	1	1	PASS	0	0
NA20129	NA20129_hap2	chr2	1	1	PASS	11	4
NA20129	NA20129_hap2	chr20	1	1	PASS	0	3
NA20129	NA20129_hap2	chr4	1	1	PASS	0	2
NA20129	NA20129_hap2	chr5	1	1	PASS	0	1
NA20129	NA20129_hap2	chr7	1	1	PASS	20	14
NA20129	NA20129_hap2	chr8	1	1	PASS	0	0
NA20129	NA20129_hap2	chr9	1	1	PASS	1	104
NA20129	NA20129_hap2	chrX	1	1	PASS	0	0
NA20282	NA20282_hap1	chr1	1	1	PASS	7	4
NA20282	NA20282_hap1	chr10	1	1	PASS	4	6
NA20282	NA20282_hap1	chr11	1	1	PASS	0	0
NA20282	NA20282_hap1	chr12	1	1	PASS	0	0
NA20282	NA20282_hap1	chr16	1	1	PASS	19	5
NA20282	NA20282_hap1	chr17	1	1	PASS	2	5
NA20282	NA20282_hap1	chr18	1	1	PASS	0	0
NA20282	NA20282_hap1	chr19	1	1	PASS	0	0
NA20282	NA20282_hap1	chr2	1	1	PASS	7	2
NA20282	NA20282_hap1	chr20	1	1	PASS	0	3
NA20282	NA20282_hap1	chr3	1	1	PASS	0	1
NA20282	NA20282_hap1	chr5	1	1	PASS	0	1
NA20282	NA20282_hap1	chr6	1	1	PASS	0	0
NA20282	NA20282_hap1	chr7	1	1	PASS	20	13
NA20282	NA20282_hap1	chr8	1	1	PASS	0	0
NA20282	NA20282_hap1	chrX	1	1	PASS	0	0
NA20282	NA20282_hap2	chr10	1	1	PASS	4	6
NA20282	NA20282_hap2	chr11	1	1	PASS	0	0
NA20282	NA20282_hap2	chr12	1	1	PASS	0	0
NA20282	NA20282_hap2	chr17	1	1	PASS	2	5
NA20282	NA20282_hap2	chr18	1	1	PASS	0	0
NA20282	NA20282_hap2	chr19	1	1	PASS	0	0
NA20282	NA20282_hap2	chr2	1	1	PASS	7	2
NA20282	NA20282_hap2	chr20	1	1	PASS	0	3
NA20282	NA20282_hap2	chr3	1	1	PASS	0	1
NA20282	NA20282_hap2	chr5	1	1	PASS	0	1
NA20282	NA20282_hap2	chr6	1	1	PASS	0	0
NA20282	NA20282_hap2	chr7	1	1	PASS	21	22
NA20282	NA20282_hap2	chr8	1	1	PASS	0	0
NA20282	NA20282_hap2	chr9	1	1	PASS	0	86
NA20282	NA20282_hap2	chrX	1	1	PASS	0	0
NA20346	NA20346_hap1	chr10	1	1	PASS	4	6
NA20346	NA20346_hap1	chr11	1	1	PASS	0	0
NA20346	NA20346_hap1	chr12	1	1	PASS	0	0
NA20346	NA20346_hap1	chr18	1	1	PASS	0	0
NA20346	NA20346_hap1	chr19	1	1	PASS	0	0
NA20346	NA20346_hap1	chr2	1	1	PASS	11	4
NA20346	NA20346_hap1	chr20	1	1	PASS	0	3
NA20346	NA20346_hap1	chr5	1	1	PASS	0	1
NA20346	NA20346_hap1	chr6	1	1	PASS	0	0
NA20346	NA20346_hap1	chr7	1	1	PASS	21	18
NA20346	NA20346_hap1	chr8	1	1	PASS	0	0
NA20346	NA20346_hap2	chr1	1	1	PASS	7	5
NA20346	NA20346_hap2	chr10	1	1	PASS	4	6
NA20346	NA20346_hap2	chr11	1	1	PASS	0	0
NA20346	NA20346_hap2	chr12	1	1	PASS	0	0
NA20346	NA20346_hap2	chr16	1	1	PASS	21	5
NA20346	NA20346_hap2	chr18	1	1	PASS	0	0
NA20346	NA20346_hap2	chr19	1	1	PASS	0	0
NA20346	NA20346_hap2	chr2	1	1	PASS	11	4
NA20346	NA20346_hap2	chr20	1	1	PASS	0	3
NA20346	NA20346_hap2	chr3	1	1	PASS	0	1
NA20346	NA20346_hap2	chr5	1	1	PASS	0	1
NA20346	NA20346_hap2	chr6	1	1	PASS	0	0
NA20346	NA20346_hap2	chr7	1	1	PASS	21	17
NA20346	NA20346_hap2	chr8	1	1	PASS	0	0
NA20346	NA20346_hap2	chr9	1	1	PASS	0	52
NA20346	NA20346_hap2	chrX	1	1	PASS	0	0
NA20355	NA20355_hap1	chr1	1	1	PASS	8	5
NA20355	NA20355_hap1	chr10	1	1	PASS	4	6
NA20355	NA20355_hap1	chr11	1	1	PASS	0	0
NA20355	NA20355_hap1	chr12	1	1	PASS	0	0
NA20355	NA20355_hap1	chr16	1	1	PASS	18	4
NA20355	NA20355_hap1	chr17	1	1	PASS	2	5
NA20355	NA20355_hap1	chr18	1	1	PASS	0	0
NA20355	NA20355_hap1	chr19	1	1	PASS	0	0
NA20355	NA20355_hap1	chr2	1	1	PASS	9	4
NA20355	NA20355_hap1	chr20	1	1	PASS	0	3
NA20355	NA20355_hap1	chr3	1	1	PASS	0	1
NA20355	NA20355_hap1	chr5	1	1	PASS	0	1
NA20355	NA20355_hap1	chr6	1	1	PASS	0	0
NA20355	NA20355_hap1	chr7	1	1	PASS	22	19
NA20355	NA20355_hap1	chr9	1	1	PASS	1	143
NA20355	NA20355_hap1	chrX	1	1	PASS	0	0
NA20355	NA20355_hap2	chr1	1	1	PASS	6	5
NA20355	NA20355_hap2	chr10	1	1	PASS	4	6
NA20355	NA20355_hap2	chr11	1	1	PASS	0	0
NA20355	NA20355_hap2	chr12	1	1	PASS	0	0
NA20355	NA20355_hap2	chr16	1	1	PASS	18	3
NA20355	NA20355_hap2	chr17	1	1	PASS	2	5
NA20355	NA20355_hap2	chr18	1	1	PASS	0	0
NA20355	NA20355_hap2	chr19	1	1	PASS	0	0
NA20355	NA20355_hap2	chr2	1	1	PASS	9	4
NA20355	NA20355_hap2	chr20	1	1	PASS	0	3
NA20355	NA20355_hap2	chr3	1	1	PASS	0	1
NA20355	NA20355_hap2	chr5	1	1	PASS	0	1
NA20355	NA20355_hap2	chr6	1	1	PASS	0	0
NA20355	NA20355_hap2	chr7	1	1	PASS	19	13
NA20355	NA20355_hap2	chr8	1	1	PASS	0	0
NA20355	NA20355_hap2	chr9	1	1	PASS	1	174
NA20355	NA20355_hap2	chrX	1	1	PASS	0	0
NA20503	NA20503_hap1	chr1	1	1	PASS	7	5
NA20503	NA20503_hap1	chr10	1	1	PASS	4	6
NA20503	NA20503_hap1	chr11	1	1	PASS	0	0
NA20503	NA20503_hap1	chr12	1	1	PASS	0	0
NA20503	NA20503_hap1	chr16	1	1	PASS	20	6
NA20503	NA20503_hap1	chr17	1	1	PASS	2	5
NA20503	NA20503_hap1	chr18	1	1	PASS	0	0
NA20503	NA20503_hap1	chr19	1	1	PASS	0	0
NA20503	NA20503_hap1	chr2	1	1	PASS	11	4
NA20503	NA20503_hap1	chr20	1	1	PASS	0	3
NA20503	NA20503_hap1	chr3	1	1	PASS	0	1
NA20503	NA20503_hap1	chr4	1	1	PASS	0	2
NA20503	NA20503_hap1	chr5	1	1	PASS	0	1
NA20503	NA20503_hap1	chr6	1	1	PASS	0	0
NA20503	NA20503_hap1	chr7	1	1	PASS	22	13
NA20503	NA20503_hap1	chr8	1	1	PASS	0	0
NA20503	NA20503_hap1	chr9	1	1	PASS	1	126
NA20503	NA20503_hap1	chrX	1	1	PASS	0	0
NA20503	NA20503_hap2	chr1	1	1	PASS	7	5
NA20503	NA20503_hap2	chr10	1	1	PASS	4	6
NA20503	NA20503_hap2	chr11	1	1	PASS	0	0
NA20503	NA20503_hap2	chr12	1	1	PASS	0	0
NA20503	NA20503_hap2	chr16	1	1	PASS	18	4
NA20503	NA20503_hap2	chr17	1	1	PASS	2	5
NA20503	NA20503_hap2	chr18	1	1	PASS	0	0
NA20503	NA20503_hap2	chr19	1	1	PASS	0	0
NA20503	NA20503_hap2	chr2	1	1	PASS	11	4
NA20503	NA20503_hap2	chr20	1	1	PASS	0	3
NA20503	NA20503_hap2	chr3	1	1	PASS	0	1
NA20503	NA20503_hap2	chr4	1	1	PASS	0	2
NA20503	NA20503_hap2	chr5	1	1	PASS	0	1
NA20503	NA20503_hap2	chr6	1	1	PASS	0	0
NA20503	NA20503_hap2	chr7	1	1	PASS	24	16
NA20503	NA20503_hap2	chr8	1	1	PASS	0	0
NA20503	NA20503_hap2	chr9	1	1	PASS	1	218
NA20503	NA20503_hap2	chrX	1	1	PASS	0	0
NA20509	NA20509_hap1	chr10	1	1	PASS	4	6
NA20509	NA20509_hap1	chr11	1	1	PASS	0	0
NA20509	NA20509_hap1	chr12	1	1	PASS	0	0
NA20509	NA20509_hap1	chr17	1	1	PASS	2	5
NA20509	NA20509_hap1	chr18	1	1	PASS	0	0
NA20509	NA20509_hap1	chr19	1	1	PASS	0	0
NA20509	NA20509_hap1	chr2	1	1	PASS	11	4
NA20509	NA20509_hap1	chr20	1	1	PASS	0	3
NA20509	NA20509_hap1	chr3	1	1	PASS	0	1
NA20509	NA20509_hap1	chr4	1	1	PASS	0	2
NA20509	NA20509_hap1	chr5	1	1	PASS	0	1
NA20509	NA20509_hap1	chr6	1	1	PASS	0	0
NA20509	NA20509_hap1	chr7	1	1	PASS	23	17
NA20509	NA20509_hap1	chr8	1	1	PASS	0	0
NA20509	NA20509_hap1	chr9	1	1	PASS	1	135
NA20509	NA20509_hap2	chr10	1	1	PASS	3	6
NA20509	NA20509_hap2	chr11	1	1	PASS	0	0
NA20509	NA20509_hap2	chr12	1	1	PASS	0	0
NA20509	NA20509_hap2	chr16	1	1	PASS	17	3
NA20509	NA20509_hap2	chr17	1	1	PASS	2	5
NA20509	NA20509_hap2	chr19	1	1	PASS	0	0
NA20509	NA20509_hap2	chr2	1	1	PASS	11	4
NA20509	NA20509_hap2	chr20	1	1	PASS	0	3
NA20509	NA20509_hap2	chr3	1	1	PASS	0	1
NA20509	NA20509_hap2	chr4	1	1	PASS	0	2
NA20509	NA20509_hap2	chr5	1	1	PASS	0	1
NA20509	NA20509_hap2	chr6	1	1	PASS	0	0
NA20509	NA20509_hap2	chr8	1	1	PASS	0	0
NA20509	NA20509_hap2	chr9	1	1	PASS	1	113
NA20509	NA20509_hap2	chrX	1	1	PASS	0	0
NA20752	NA20752_hap1	chr10	1	1	PASS	3	6
NA20752	NA20752_hap1	chr11	1	1	PASS	0	0
NA20752	NA20752_hap1	chr12	1	1	PASS	0	0
NA20752	NA20752_hap1	chr16	1	1	PASS	21	5
NA20752	NA20752_hap1	chr17	1	1	PASS	2	5
NA20752	NA20752_hap1	chr18	1	1	PASS	0	0
NA20752	NA20752_hap1	chr19	1	1	PASS	0	0
NA20752	NA20752_hap1	chr20	1	1	PASS	0	3
NA20752	NA20752_hap1	chr4	1	1	PASS	0	2
NA20752	NA20752_hap1	chr5	1	1	PASS	0	1
NA20752	NA20752_hap1	chr6	1	1	PASS	0	0
NA20752	NA20752_hap1	chr7	1	1	PASS	22	18
NA20752	NA20752_hap1	chr8	1	1	PASS	0	0
NA20752	NA20752_hap1	chr9	1	1	PASS	1	74
NA20752	NA20752_hap2	chr10	1	1	PASS	4	6
NA20752	NA20752_hap2	chr11	1	1	PASS	0	0
NA20752	NA20752_hap2	chr12	1	1	PASS	0	0
NA20752	NA20752_hap2	chr16	1	1	PASS	20	6
NA20752	NA20752_hap2	chr17	1	1	PASS	2	5
NA20752	NA20752_hap2	chr18	1	1	PASS	0	0
NA20752	NA20752_hap2	chr19	1	1	PASS	0	0
NA20752	NA20752_hap2	chr20	1	1	PASS	0	3
NA20752	NA20752_hap2	chr4	1	1	PASS	0	2
NA20752	NA20752_hap2	chr5	1	1	PASS	0	1
NA20752	NA20752_hap2	chr6	1	1	PASS	0	0
NA20752	NA20752_hap2	chr7	1	1	PASS	23	15
NA20752	NA20752_hap2	chr8	1	1	PASS	0	0
NA20752	NA20752_hap2	chr9	1	1	PASS	1	119
NA20752	NA20752_hap2	chrX	1	1	PASS	0	0
NA20762	NA20762_hap1	chr1	1	1	PASS	7	5
NA20762	NA20762_hap1	chr10	1	1	PASS	3	6
NA20762	NA20762_hap1	chr11	1	1	PASS	0	0
NA20762	NA20762_hap1	chr12	1	1	PASS	0	0
NA20762	NA20762_hap1	chr16	1	1	PASS	20	6
NA20762	NA20762_hap1	chr17	1	1	PASS	2	5
NA20762	NA20762_hap1	chr18	1	1	PASS	0	0
NA20762	NA20762_hap1	chr19	1	1	PASS	0	0
NA20762	NA20762_hap1	chr2	1	1	PASS	11	4
NA20762	NA20762_hap1	chr20	1	1	PASS	0	3
NA20762	NA20762_hap1	chr3	1	1	PASS	0	1
NA20762	NA20762_hap1	chr4	1	1	PASS	0	2
NA20762	NA20762_hap1	chr5	1	1	PASS	0	1
NA20762	NA20762_hap1	chr6	1	1	PASS	0	0
NA20762	NA20762_hap1	chr7	1	1	PASS	21	16
NA20762	NA20762_hap1	chr8	1	1	PASS	0	0
NA20762	NA20762_hap1	chr9	1	1	PASS	1	134
NA20762	NA20762_hap2	chr1	1	1	PASS	6	4
NA20762	NA20762_hap2	chr10	1	1	PASS	4	6
NA20762	NA20762_hap2	chr11	1	1	PASS	0	0
NA20762	NA20762_hap2	chr12	1	1	PASS	0	0
NA20762	NA20762_hap2	chr16	1	1	PASS	19	5
NA20762	NA20762_hap2	chr17	1	1	PASS	2	5
NA20762	NA20762_hap2	chr18	1	1	PASS	0	0
NA20762	NA20762_hap2	chr19	1	1	PASS	0	0
NA20762	NA20762_hap2	chr2	1	1	PASS	11	4
NA20762	NA20762_hap2	chr20	1	1	PASS	0	3
NA20762	NA20762_hap2	chr3	1	1	PASS	0	1
NA20762	NA20762_hap2	chr4	1	1	PASS	0	2
NA20762	NA20762_hap2	chr5	1	1	PASS	0	1
NA20762	NA20762_hap2	chr6	1	1	PASS	0	0
NA20762	NA20762_hap2	chr7	1	1	PASS	22	18
NA20762	NA20762_hap2	chr8	1	1	PASS	0	0
NA20762	NA20762_hap2	chr9	1	1	PASS	1	116
NA20762	NA20762_hap2	chrX	1	1	PASS	0	0
NA20799	NA20799_hap1	chr1	1	1	PASS	7	5
NA20799	NA20799_hap1	chr10	1	1	PASS	4	6
NA20799	NA20799_hap1	chr11	1	1	PASS	0	0
NA20799	NA20799_hap1	chr12	1	1	PASS	0	0
NA20799	NA20799_hap1	chr17	1	1	PASS	2	5
NA20799	NA20799_hap1	chr19	1	1	PASS	0	0
NA20799	NA20799_hap1	chr2	1	1	PASS	11	4
NA20799	NA20799_hap1	chr20	1	1	PASS	0	3
NA20799	NA20799_hap1	chr4	1	1	PASS	0	2
NA20799	NA20799_hap1	chr5	1	1	PASS	0	1
NA20799	NA20799_hap1	chr6	1	1	PASS	0	0
NA20799	NA20799_hap1	chr7	1	1	PASS	19	13
NA20799	NA20799_hap1	chr8	1	1	PASS	0	0
NA20799	NA20799_hap1	chr9	1	1	PASS	1	85
NA20799	NA20799_hap1	chrX	1	1	PASS	0	0
NA20799	NA20799_hap2	chr1	1	1	PASS	7	5
NA20799	NA20799_hap2	chr10	1	1	PASS	4	6
NA20799	NA20799_hap2	chr11	1	1	PASS	0	0
NA20799	NA20799_hap2	chr12	1	1	PASS	0	0
NA20799	NA20799_hap2	chr17	1	1	PASS	4	9
NA20799	NA20799_hap2	chr18	1	1	PASS	0	0
NA20799	NA20799_hap2	chr19	1	1	PASS	0	0
NA20799	NA20799_hap2	chr2	1	1	PASS	11	4
NA20799	NA20799_hap2	chr20	1	1	PASS	0	3
NA20799	NA20799_hap2	chr4	1	1	PASS	0	2
NA20799	NA20799_hap2	chr5	1	1	PASS	0	1
NA20799	NA20799_hap2	chr6	1	1	PASS	0	0
NA20799	NA20799_hap2	chr7	1	1	PASS	23	15
NA20799	NA20799_hap2	chr8	1	1	PASS	0	0
NA20799	NA20799_hap2	chrX	1	1	PASS	0	0
NA20805	NA20805_hap1	chr1	1	1	PASS	6	5
NA20805	NA20805_hap1	chr10	1	1	PASS	4	6
NA20805	NA20805_hap1	chr11	1	1	PASS	0	0
NA20805	NA20805_hap1	chr12	1	1	PASS	0	0
NA20805	NA20805_hap1	chr16	1	1	PASS	19	5
NA20805	NA20805_hap1	chr19	1	1	PASS	0	0
NA20805	NA20805_hap1	chr20	1	1	PASS	0	3
NA20805	NA20805_hap1	chr3	1	1	PASS	0	1
NA20805	NA20805_hap1	chr4	1	1	PASS	0	2
NA20805	NA20805_hap1	chr5	1	1	PASS	0	1
NA20805	NA20805_hap1	chr6	1	1	PASS	0	0
NA20805	NA20805_hap1	chr7	1	1	PASS	23	17
NA20805	NA20805_hap1	chr8	1	1	PASS	0	0
NA20805	NA20805_hap2	chr1	1	1	PASS	6	5
NA20805	NA20805_hap2	chr10	1	1	PASS	4	6
NA20805	NA20805_hap2	chr11	1	1	PASS	0	0
NA20805	NA20805_hap2	chr12	1	1	PASS	0	0
NA20805	NA20805_hap2	chr16	1	1	PASS	19	5
NA20805	NA20805_hap2	chr19	1	1	PASS	0	0
NA20805	NA20805_hap2	chr20	1	1	PASS	0	3
NA20805	NA20805_hap2	chr3	1	1	PASS	0	1
NA20805	NA20805_hap2	chr4	1	1	PASS	0	2
NA20805	NA20805_hap2	chr5	1	1	PASS	0	1
NA20805	NA20805_hap2	chr6	1	1	PASS	0	0
NA20805	NA20805_hap2	chr7	1	1	PASS	21	12
NA20805	NA20805_hap2	chr8	1	1	PASS	0	0
NA20805	NA20805_hap2	chr9	1	1	PASS	1	112
NA20806	NA20806_hap1	chr1	1	1	PASS	7	5
NA20806	NA20806_hap1	chr10	1	1	PASS	4	10
NA20806	NA20806_hap1	chr11	1	1	PASS	0	0
NA20806	NA20806_hap1	chr12	1	1	PASS	0	0
NA20806	NA20806_hap1	chr16	1	1	PASS	19	5
NA20806	NA20806_hap1	chr17	1	1	PASS	2	5
NA20806	NA20806_hap1	chr18	1	1	PASS	0	0
NA20806	NA20806_hap1	chr19	1	1	PASS	0	0
NA20806	NA20806_hap1	chr2	1	1	PASS	11	4
NA20806	NA20806_hap1	chr20	1	1	PASS	0	3
NA20806	NA20806_hap1	chr3	1	1	PASS	0	1
NA20806	NA20806_hap1	chr4	1	1	PASS	0	2
NA20806	NA20806_hap1	chr5	1	1	PASS	0	1
NA20806	NA20806_hap1	chr6	1	1	PASS	0	0
NA20806	NA20806_hap1	chr7	1	1	PASS	22	20
NA20806	NA20806_hap1	chr8	1	1	PASS	0	0
NA20806	NA20806_hap1	chr9	1	1	PASS	1	91
NA20806	NA20806_hap2	chr1	1	1	PASS	7	4
NA20806	NA20806_hap2	chr10	1	1	PASS	4	6
NA20806	NA20806_hap2	chr11	1	1	PASS	0	0
NA20806	NA20806_hap2	chr12	1	1	PASS	0	0
NA20806	NA20806_hap2	chr16	1	1	PASS	18	4
NA20806	NA20806_hap2	chr17	1	1	PASS	2	5
NA20806	NA20806_hap2	chr18	1	1	PASS	0	0
NA20806	NA20806_hap2	chr19	1	1	PASS	0	0
NA20806	NA20806_hap2	chr2	1	1	PASS	11	4
NA20806	NA20806_hap2	chr20	1	1	PASS	0	3
NA20806	NA20806_hap2	chr3	1	1	PASS	0	1
NA20806	NA20806_hap2	chr4	1	1	PASS	0	2
NA20806	NA20806_hap2	chr5	1	1	PASS	0	1
NA20806	NA20806_hap2	chr6	1	1	PASS	0	0
NA20806	NA20806_hap2	chr7	1	1	PASS	21	17
NA20806	NA20806_hap2	chr8	1	1	PASS	0	0
NA20806	NA20806_hap2	chr9	1	1	PASS	1	187
NA20806	NA20806_hap2	chrX	1	1	PASS	0	0
NA20809	NA20809_hap1	chr10	1	1	PASS	5	7
NA20809	NA20809_hap1	chr11	1	1	PASS	0	0
NA20809	NA20809_hap1	chr12	1	1	PASS	0	0
NA20809	NA20809_hap1	chr19	1	1	PASS	0	0
NA20809	NA20809_hap1	chr2	1	1	PASS	11	4
NA20809	NA20809_hap1	chr20	1	1	PASS	0	3
NA20809	NA20809_hap1	chr5	1	1	PASS	0	1
NA20809	NA20809_hap1	chr6	1	1	PASS	0	0
NA20809	NA20809_hap1	chr7	1	1	PASS	20	17
NA20809	NA20809_hap1	chr8	1	1	PASS	0	0
NA20809	NA20809_hap2	chr10	1	1	PASS	4	6
NA20809	NA20809_hap2	chr11	1	1	PASS	0	0
NA20809	NA20809_hap2	chr12	1	1	PASS	0	0
NA20809	NA20809_hap2	chr19	1	1	PASS	0	0
NA20809	NA20809_hap2	chr2	1	1	PASS	11	4
NA20809	NA20809_hap2	chr20	1	1	PASS	0	3
NA20809	NA20809_hap2	chr5	1	1	PASS	0	1
NA20809	NA20809_hap2	chr6	1	1	PASS	0	0
NA20809	NA20809_hap2	chr7	1	1	PASS	20	11
NA20809	NA20809_hap2	chr8	1	1	PASS	0	0
NA20809	NA20809_hap2	chrX	1	1	PASS	0	0
NA20827	NA20827_hap1	chr1	1	1	PASS	7	5
NA20827	NA20827_hap1	chr10	1	1	PASS	4	6
NA20827	NA20827_hap1	chr11	1	1	PASS	0	0
NA20827	NA20827_hap1	chr12	1	1	PASS	0	0
NA20827	NA20827_hap1	chr16	1	1	PASS	19	5
NA20827	NA20827_hap1	chr17	1	1	PASS	2	5
NA20827	NA20827_hap1	chr18	1	1	PASS	0	0
NA20827	NA20827_hap1	chr19	1	1	PASS	0	0
NA20827	NA20827_hap1	chr2	1	1	PASS	11	4
NA20827	NA20827_hap1	chr20	1	1	PASS	0	3
NA20827	NA20827_hap1	chr3	1	1	PASS	0	1
NA20827	NA20827_hap1	chr4	1	1	PASS	0	2
NA20827	NA20827_hap1	chr5	1	1	PASS	0	1
NA20827	NA20827_hap1	chr6	1	1	PASS	0	0
NA20827	NA20827_hap1	chr7	1	1	PASS	20	13
NA20827	NA20827_hap1	chr8	1	1	PASS	0	0
NA20827	NA20827_hap1	chr9	1	1	PASS	1	121
NA20827	NA20827_hap2	chr1	1	1	PASS	7	5
NA20827	NA20827_hap2	chr10	1	1	PASS	4	6
NA20827	NA20827_hap2	chr11	1	1	PASS	0	0
NA20827	NA20827_hap2	chr12	1	1	PASS	0	0
NA20827	NA20827_hap2	chr16	1	1	PASS	19	5
NA20827	NA20827_hap2	chr17	1	1	PASS	2	5
NA20827	NA20827_hap2	chr18	1	1	PASS	0	0
NA20827	NA20827_hap2	chr19	1	1	PASS	0	0
NA20827	NA20827_hap2	chr2	1	1	PASS	11	4
NA20827	NA20827_hap2	chr20	1	1	PASS	0	3
NA20827	NA20827_hap2	chr3	1	1	PASS	0	1
NA20827	NA20827_hap2	chr4	1	1	PASS	0	2
NA20827	NA20827_hap2	chr5	1	1	PASS	0	1
NA20827	NA20827_hap2	chr6	1	1	PASS	0	0
NA20827	NA20827_hap2	chr7	1	1	PASS	21	14
NA20827	NA20827_hap2	chr8	1	1	PASS	0	0
NA20827	NA20827_hap2	chr9	1	1	PASS	1	137
NA20827	NA20827_hap2	chrX	1	1	PASS	0	0
NA20847	NA20847_hap1	chr1	1	1	PASS	8	4
NA20847	NA20847_hap1	chr10	1	1	PASS	4	6
NA20847	NA20847_hap1	chr11	1	1	PASS	0	0
NA20847	NA20847_hap1	chr12	1	1	PASS	0	0
NA20847	NA20847_hap1	chr16	1	1	PASS	20	6
NA20847	NA20847_hap1	chr17	1	1	PASS	2	5
NA20847	NA20847_hap1	chr19	1	1	PASS	0	0
NA20847	NA20847_hap1	chr20	1	1	PASS	0	3
NA20847	NA20847_hap1	chr5	1	1	PASS	0	1
NA20847	NA20847_hap1	chr8	1	1	PASS	0	0
NA20847	NA20847_hap1	chrX	1	1	PASS	0	0
NA20847	NA20847_hap2	chr1	1	1	PASS	9	4
NA20847	NA20847_hap2	chr10	1	1	PASS	5	6
NA20847	NA20847_hap2	chr11	1	1	PASS	0	0
NA20847	NA20847_hap2	chr12	1	1	PASS	0	0
NA20847	NA20847_hap2	chr16	1	1	PASS	17	3
NA20847	NA20847_hap2	chr18	1	1	PASS	0	0
NA20847	NA20847_hap2	chr19	1	1	PASS	0	0
NA20847	NA20847_hap2	chr20	1	1	PASS	0	3
NA20847	NA20847_hap2	chr3	1	1	PASS	0	1
NA20847	NA20847_hap2	chr5	1	1	PASS	0	1
NA20847	NA20847_hap2	chr8	1	1	PASS	0	0
NA20847	NA20847_hap2	chr9	1	1	PASS	1	132
NA20847	NA20847_hap2	chrX	1	1	PASS	0	0
NA20850	NA20850_hap1	chr1	1	1	PASS	7	5
NA20850	NA20850_hap1	chr10	1	1	PASS	4	6
NA20850	NA20850_hap1	chr11	1	1	PASS	0	0
NA20850	NA20850_hap1	chr12	1	1	PASS	0	0
NA20850	NA20850_hap1	chr16	1	1	PASS	19	5
NA20850	NA20850_hap1	chr18	1	1	PASS	0	0
NA20850	NA20850_hap1	chr19	1	1	PASS	0	0
NA20850	NA20850_hap1	chr2	1	1	PASS	11	4
NA20850	NA20850_hap1	chr20	1	1	PASS	0	3
NA20850	NA20850_hap1	chr4	1	1	PASS	0	2
NA20850	NA20850_hap1	chr5	1	1	PASS	0	1
NA20850	NA20850_hap1	chr6	1	1	PASS	0	0
NA20850	NA20850_hap1	chr7	1	1	PASS	20	11
NA20850	NA20850_hap1	chr8	1	1	PASS	0	0
NA20850	NA20850_hap2	chr1	1	1	PASS	7	4
NA20850	NA20850_hap2	chr10	1	1	PASS	4	6
NA20850	NA20850_hap2	chr11	1	1	PASS	0	0
NA20850	NA20850_hap2	chr12	1	1	PASS	0	0
NA20850	NA20850_hap2	chr16	1	1	PASS	20	6
NA20850	NA20850_hap2	chr18	1	1	PASS	0	0
NA20850	NA20850_hap2	chr19	1	1	PASS	0	0
NA20850	NA20850_hap2	chr2	1	1	PASS	11	4
NA20850	NA20850_hap2	chr20	1	1	PASS	0	3
NA20850	NA20850_hap2	chr3	1	1	PASS	0	1
NA20850	NA20850_hap2	chr4	1	1	PASS	0	2
NA20850	NA20850_hap2	chr5	1	1	PASS	0	1
NA20850	NA20850_hap2	chr6	1	1	PASS	0	0
NA20850	NA20850_hap2	chr7	1	1	PASS	22	14
NA20850	NA20850_hap2	chr8	1	1	PASS	0	0
NA20870	NA20870_hap1	chr10	1	1	PASS	4	6
NA20870	NA20870_hap1	chr11	1	1	PASS	0	0
NA20870	NA20870_hap1	chr12	1	1	PASS	0	0
NA20870	NA20870_hap1	chr16	1	1	PASS	19	5
NA20870	NA20870_hap1	chr18	1	1	PASS	0	0
NA20870	NA20870_hap1	chr19	1	1	PASS	0	0
NA20870	NA20870_hap1	chr2	1	1	PASS	11	4
NA20870	NA20870_hap1	chr20	1	1	PASS	0	3
NA20870	NA20870_hap1	chr3	1	1	PASS	0	1
NA20870	NA20870_hap1	chr5	1	1	PASS	0	1
NA20870	NA20870_hap1	chr7	1	1	PASS	23	16
NA20870	NA20870_hap1	chr8	1	1	PASS	0	0
NA20870	NA20870_hap1	chr9	1	1	PASS	1	114
NA20870	NA20870_hap2	chr10	1	1	PASS	4	6
NA20870	NA20870_hap2	chr11	1	1	PASS	0	0
NA20870	NA20870_hap2	chr12	1	1	PASS	0	0
NA20870	NA20870_hap2	chr16	1	1	PASS	20	6
NA20870	NA20870_hap2	chr18	1	1	PASS	0	0
NA20870	NA20870_hap2	chr19	1	1	PASS	0	0
NA20870	NA20870_hap2	chr2	1	1	PASS	11	4
NA20870	NA20870_hap2	chr20	1	1	PASS	0	3
NA20870	NA20870_hap2	chr3	1	1	PASS	0	1
NA20870	NA20870_hap2	chr5	1	1	PASS	0	1
NA20870	NA20870_hap2	chr7	1	1	PASS	21	14
NA20870	NA20870_hap2	chr8	1	1	PASS	0	0
NA20870	NA20870_hap2	chr9	1	1	PASS	1	130
NA20870	NA20870_hap2	chrX	1	1	PASS	0	0
NA20905	NA20905_hap1	chr10	1	1	PASS	4	6
NA20905	NA20905_hap1	chr11	1	1	PASS	0	0
NA20905	NA20905_hap1	chr12	1	1	PASS	0	0
NA20905	NA20905_hap1	chr16	1	1	PASS	20	6
NA20905	NA20905_hap1	chr17	1	1	PASS	2	5
NA20905	NA20905_hap1	chr19	1	1	PASS	0	0
NA20905	NA20905_hap1	chr2	1	1	PASS	11	4
NA20905	NA20905_hap1	chr20	1	1	PASS	0	3
NA20905	NA20905_hap1	chr3	1	1	PASS	0	1
NA20905	NA20905_hap1	chr5	1	1	PASS	0	1
NA20905	NA20905_hap1	chr6	1	1	PASS	0	0
NA20905	NA20905_hap1	chr7	1	1	PASS	23	16
NA20905	NA20905_hap1	chr8	1	1	PASS	0	0
NA20905	NA20905_hap1	chr9	1	1	PASS	1	176
NA20905	NA20905_hap2	chr10	1	1	PASS	3	6
NA20905	NA20905_hap2	chr11	1	1	PASS	0	0
NA20905	NA20905_hap2	chr12	1	1	PASS	0	0
NA20905	NA20905_hap2	chr16	1	1	PASS	18	4
NA20905	NA20905_hap2	chr17	1	1	PASS	2	5
NA20905	NA20905_hap2	chr19	1	1	PASS	0	0
NA20905	NA20905_hap2	chr2	1	1	PASS	11	4
NA20905	NA20905_hap2	chr20	1	1	PASS	0	3
NA20905	NA20905_hap2	chr3	1	1	PASS	0	1
NA20905	NA20905_hap2	chr5	1	1	PASS	0	1
NA20905	NA20905_hap2	chr6	1	1	PASS	0	0
NA20905	NA20905_hap2	chr7	1	1	PASS	24	19
NA20905	NA20905_hap2	chr8	1	1	PASS	0	0
NA20905	NA20905_hap2	chr9	1	1	PASS	1	116
NA20905	NA20905_hap2	chrX	1	1	PASS	0	0
NA21093	NA21093_hap1	chr1	1	1	PASS	8	4
NA21093	NA21093_hap1	chr10	1	1	PASS	4	6
NA21093	NA21093_hap1	chr11	1	1	PASS	0	0
NA21093	NA21093_hap1	chr12	1	1	PASS	0	0
NA21093	NA21093_hap1	chr16	1	1	PASS	17	3
NA21093	NA21093_hap1	chr19	1	1	PASS	0	0
NA21093	NA21093_hap1	chr20	1	1	PASS	0	3
NA21093	NA21093_hap1	chr3	1	1	PASS	0	1
NA21093	NA21093_hap1	chr5	1	1	PASS	0	1
NA21093	NA21093_hap1	chr7	1	1	PASS	19	12
NA21093	NA21093_hap1	chr8	1	1	PASS	0	0
NA21093	NA21093_hap2	chr1	1	1	PASS	7	4
NA21093	NA21093_hap2	chr10	1	1	PASS	4	6
NA21093	NA21093_hap2	chr11	1	1	PASS	0	0
NA21093	NA21093_hap2	chr12	1	1	PASS	0	0
NA21093	NA21093_hap2	chr16	1	1	PASS	19	5
NA21093	NA21093_hap2	chr19	1	1	PASS	0	0
NA21093	NA21093_hap2	chr20	1	1	PASS	0	1
NA21093	NA21093_hap2	chr3	1	1	PASS	0	1
NA21093	NA21093_hap2	chr4	1	1	PASS	0	2
NA21093	NA21093_hap2	chr5	1	1	PASS	0	1
NA21093	NA21093_hap2	chr7	1	1	PASS	21	14
NA21093	NA21093_hap2	chr8	1	1	PASS	0	0
NA21093	NA21093_hap2	chrX	1	1	PASS	0	0
NA21102	NA21102_hap1	chr1	1	1	PASS	7	5
NA21102	NA21102_hap1	chr10	1	1	PASS	4	6
NA21102	NA21102_hap1	chr11	1	1	PASS	0	0
NA21102	NA21102_hap1	chr12	1	1	PASS	0	0
NA21102	NA21102_hap1	chr16	1	1	PASS	17	3
NA21102	NA21102_hap1	chr19	1	1	PASS	0	0
NA21102	NA21102_hap1	chr2	1	1	PASS	11	4
NA21102	NA21102_hap1	chr20	1	1	PASS	0	3
NA21102	NA21102_hap1	chr3	1	1	PASS	0	1
NA21102	NA21102_hap1	chr4	1	1	PASS	0	2
NA21102	NA21102_hap1	chr5	1	1	PASS	0	1
NA21102	NA21102_hap1	chr6	1	1	PASS	0	0
NA21102	NA21102_hap1	chr7	1	1	PASS	20	12
NA21102	NA21102_hap1	chr8	1	1	PASS	0	0
NA21102	NA21102_hap1	chrX	1	1	PASS	0	0
NA21102	NA21102_hap2	chr1	1	1	PASS	7	5
NA21102	NA21102_hap2	chr10	1	1	PASS	4	6
NA21102	NA21102_hap2	chr11	1	1	PASS	0	0
NA21102	NA21102_hap2	chr12	1	1	PASS	0	0
NA21102	NA21102_hap2	chr16	1	1	PASS	16	6
NA21102	NA21102_hap2	chr19	1	1	PASS	0	0
NA21102	NA21102_hap2	chr2	1	1	PASS	11	4
NA21102	NA21102_hap2	chr20	1	1	PASS	0	3
NA21102	NA21102_hap2	chr3	1	1	PASS	0	0
NA21102	NA21102_hap2	chr4	1	1	PASS	0	2
NA21102	NA21102_hap2	chr5	1	1	PASS	0	1
NA21102	NA21102_hap2	chr6	1	1	PASS	0	0
NA21102	NA21102_hap2	chr7	1	1	PASS	20	13
NA21102	NA21102_hap2	chr8	1	1	PASS	0	0
NA21102	NA21102_hap2	chrX	1	1	PASS	0	0
NA21106	NA21106_hap1	chr1	1	1	PASS	7	4
NA21106	NA21106_hap1	chr10	1	1	PASS	4	6
NA21106	NA21106_hap1	chr11	1	1	PASS	0	0
NA21106	NA21106_hap1	chr12	1	1	PASS	0	0
NA21106	NA21106_hap1	chr18	1	1	PASS	0	0
NA21106	NA21106_hap1	chr19	1	1	PASS	0	0
NA21106	NA21106_hap1	chr2	1	1	PASS	9	4
NA21106	NA21106_hap1	chr3	1	1	PASS	0	1
NA21106	NA21106_hap1	chr5	1	1	PASS	0	1
NA21106	NA21106_hap1	chr7	1	1	PASS	22	17
NA21106	NA21106_hap1	chr8	1	1	PASS	0	0
NA21106	NA21106_hap1	chr9	1	1	PASS	1	100
NA21106	NA21106_hap1	chrX	1	1	PASS	0	0
NA21106	NA21106_hap2	chr1	1	1	PASS	7	5
NA21106	NA21106_hap2	chr10	1	1	PASS	4	6
NA21106	NA21106_hap2	chr11	1	1	PASS	0	0
NA21106	NA21106_hap2	chr12	1	1	PASS	0	0
NA21106	NA21106_hap2	chr18	1	1	PASS	0	0
NA21106	NA21106_hap2	chr19	1	1	PASS	0	0
NA21106	NA21106_hap2	chr2	1	1	PASS	11	4
NA21106	NA21106_hap2	chr3	1	1	PASS	0	1
NA21106	NA21106_hap2	chr5	1	1	PASS	0	1
NA21106	NA21106_hap2	chr6	1	1	PASS	0	0
NA21106	NA21106_hap2	chr7	1	1	PASS	24	24
NA21106	NA21106_hap2	chr8	1	1	PASS	0	0
NA21106	NA21106_hap2	chr9	1	1	PASS	1	111
NA21106	NA21106_hap2	chrX	1	1	PASS	0	0
NA21110	NA21110_hap1	chr1	1	1	PASS	7	5
NA21110	NA21110_hap1	chr10	1	1	PASS	2	5
NA21110	NA21110_hap1	chr11	1	1	PASS	0	0
NA21110	NA21110_hap1	chr12	1	1	PASS	0	0
NA21110	NA21110_hap1	chr16	1	1	PASS	17	3
NA21110	NA21110_hap1	chr17	1	1	PASS	2	5
NA21110	NA21110_hap1	chr18	1	1	PASS	0	0
NA21110	NA21110_hap1	chr19	1	1	PASS	0	0
NA21110	NA21110_hap1	chr20	1	1	PASS	0	3
NA21110	NA21110_hap1	chr3	1	1	PASS	0	1
NA21110	NA21110_hap1	chr4	1	1	PASS	0	2
NA21110	NA21110_hap1	chr5	1	1	PASS	0	1
NA21110	NA21110_hap1	chr6	1	1	PASS	0	0
NA21110	NA21110_hap1	chr7	1	1	PASS	23	20
NA21110	NA21110_hap1	chr8	1	1	PASS	0	0
NA21110	NA21110_hap1	chrX	1	1	PASS	0	0
NA21110	NA21110_hap2	chr1	1	1	PASS	7	5
NA21110	NA21110_hap2	chr10	1	1	PASS	4	6
NA21110	NA21110_hap2	chr11	1	1	PASS	0	0
NA21110	NA21110_hap2	chr12	1	1	PASS	0	0
NA21110	NA21110_hap2	chr16	1	1	PASS	17	3
NA21110	NA21110_hap2	chr17	1	1	PASS	2	5
NA21110	NA21110_hap2	chr18	1	1	PASS	0	0
NA21110	NA21110_hap2	chr19	1	1	PASS	0	0
NA21110	NA21110_hap2	chr2	1	1	PASS	11	4
NA21110	NA21110_hap2	chr20	1	1	PASS	0	3
NA21110	NA21110_hap2	chr3	1	1	PASS	0	1
NA21110	NA21110_hap2	chr4	1	1	PASS	0	2
NA21110	NA21110_hap2	chr5	1	1	PASS	0	2
NA21110	NA21110_hap2	chr6	1	1	PASS	0	0
NA21110	NA21110_hap2	chr8	1	1	PASS	0	0
NA21110	NA21110_hap2	chrX	1	1	PASS	0	0
NA21144	NA21144_hap1	chr1	1	1	PASS	8	5
NA21144	NA21144_hap1	chr10	1	1	PASS	4	6
NA21144	NA21144_hap1	chr11	1	1	PASS	0	0
NA21144	NA21144_hap1	chr12	1	1	PASS	0	0
NA21144	NA21144_hap1	chr16	1	1	PASS	19	5
NA21144	NA21144_hap1	chr18	1	1	PASS	0	0
NA21144	NA21144_hap1	chr19	1	1	PASS	0	0
NA21144	NA21144_hap1	chr2	1	1	PASS	11	4
NA21144	NA21144_hap1	chr20	1	1	PASS	0	3
NA21144	NA21144_hap1	chr3	1	1	PASS	0	0
NA21144	NA21144_hap1	chr4	1	1	PASS	0	2
NA21144	NA21144_hap1	chr5	1	1	PASS	0	1
NA21144	NA21144_hap1	chr6	1	1	PASS	0	0
NA21144	NA21144_hap1	chr7	1	1	PASS	22	19
NA21144	NA21144_hap1	chr8	1	1	PASS	0	0
NA21144	NA21144_hap1	chr9	1	1	PASS	1	181
NA21144	NA21144_hap1	chrX	1	1	PASS	0	0
NA21144	NA21144_hap2	chr1	1	1	PASS	6	4
NA21144	NA21144_hap2	chr10	1	1	PASS	4	6
NA21144	NA21144_hap2	chr11	1	1	PASS	0	0
NA21144	NA21144_hap2	chr12	1	1	PASS	0	0
NA21144	NA21144_hap2	chr18	1	1	PASS	0	0
NA21144	NA21144_hap2	chr19	1	1	PASS	0	0
NA21144	NA21144_hap2	chr2	1	1	PASS	11	4
NA21144	NA21144_hap2	chr20	1	1	PASS	0	3
NA21144	NA21144_hap2	chr3	1	1	PASS	0	1
NA21144	NA21144_hap2	chr4	1	1	PASS	0	2
NA21144	NA21144_hap2	chr5	1	1	PASS	0	1
NA21144	NA21144_hap2	chr6	1	1	PASS	0	0
NA21144	NA21144_hap2	chr7	1	1	PASS	22	12
NA21144	NA21144_hap2	chr8	1	1	PASS	0	0
NA21144	NA21144_hap2	chr9	1	1	PASS	1	111
NA21144	NA21144_hap2	chrX	1	1	PASS	0	0
NA21309	NA21309_hap1	chr1	1	1	PASS	6	5
NA21309	NA21309_hap1	chr10	1	1	PASS	4	6
NA21309	NA21309_hap1	chr11	1	1	PASS	0	0
NA21309	NA21309_hap1	chr12	1	1	PASS	0	0
NA21309	NA21309_hap1	chr17	1	1	PASS	2	5
NA21309	NA21309_hap1	chr19	1	1	PASS	0	0
NA21309	NA21309_hap1	chr4	1	1	PASS	0	2
NA21309	NA21309_hap1	chr5	1	1	PASS	0	1
NA21309	NA21309_hap1	chr6	1	1	PASS	0	0
NA21309	NA21309_hap1	chr7	1	1	PASS	16	16
NA21309	NA21309_hap1	chr8	1	1	PASS	0	0
NA21309	NA21309_hap1	chr9	1	1	PASS	0	266
NA21309	NA21309_hap1	chrX	1	1	PASS	0	0
NA21309	NA21309_hap2	chr1	1	1	PASS	7	5
NA21309	NA21309_hap2	chr10	1	1	PASS	4	6
NA21309	NA21309_hap2	chr11	1	1	PASS	0	0
NA21309	NA21309_hap2	chr12	1	1	PASS	0	0
NA21309	NA21309_hap2	chr17	1	1	PASS	2	5
NA21309	NA21309_hap2	chr19	1	1	PASS	0	0
NA21309	NA21309_hap2	chr4	1	1	PASS	0	2
NA21309	NA21309_hap2	chr5	1	1	PASS	0	1
NA21309	NA21309_hap2	chr6	1	1	PASS	0	0
NA21309	NA21309_hap2	chr7	1	1	PASS	11	6
NA21309	NA21309_hap2	chr8	1	1	PASS	0	0
NA21309	NA21309_hap2	chr9	1	1	PASS	1	129
NA21487	NA21487_hap1	chr1	1	1	PASS	7	4
NA21487	NA21487_hap1	chr10	1	1	PASS	5	8
NA21487	NA21487_hap1	chr11	1	1	PASS	0	0
NA21487	NA21487_hap1	chr12	1	1	PASS	0	0
NA21487	NA21487_hap1	chr17	1	1	PASS	2	5
NA21487	NA21487_hap1	chr18	1	1	PASS	0	0
NA21487	NA21487_hap1	chr19	1	1	PASS	0	0
NA21487	NA21487_hap1	chr20	1	1	PASS	0	3
NA21487	NA21487_hap1	chr5	1	1	PASS	0	1
NA21487	NA21487_hap1	chr6	1	1	PASS	0	0
NA21487	NA21487_hap1	chr8	1	1	PASS	0	0
NA21487	NA21487_hap1	chr9	1	1	PASS	1	97
NA21487	NA21487_hap1	chrX	1	1	PASS	0	0
NA21487	NA21487_hap2	chr1	1	1	PASS	10	5
NA21487	NA21487_hap2	chr10	1	1	PASS	4	6
NA21487	NA21487_hap2	chr11	1	1	PASS	0	0
NA21487	NA21487_hap2	chr12	1	1	PASS	0	0
NA21487	NA21487_hap2	chr17	1	1	PASS	2	5
NA21487	NA21487_hap2	chr19	1	1	PASS	0	0
NA21487	NA21487_hap2	chr20	1	1	PASS	0	3
NA21487	NA21487_hap2	chr5	1	1	PASS	0	1
NA21487	NA21487_hap2	chr6	1	1	PASS	0	0
NA21487	NA21487_hap2	chr7	1	1	PASS	22	17
NA21487	NA21487_hap2	chr8	1	1	PASS	0	0
NA21487	NA21487_hap2	chr9	1	1	PASS	1	193
NA21487	NA21487_hap2	chrX	1	1	PASS	0	0
