sample	hap	status	fasta	fai	t2t_pass_bed	hsat23_lifted_bed	altemose_log	t2t_chromosomes	annotation_records
CHM13	chm13v2.0	PASS	/home/senescence/Documents/storage2/hiura/docker/bulk_env/data/00_analysis/Repthoscope.v1.0.0/VallePrep_v0.0.0/results/data/CHM13/filfa/chm13v2.0.t2t.filtered.fasta.gz	/home/senescence/Documents/storage2/hiura/docker/bulk_env/data/00_analysis/Repthoscope.v1.0.0/VallePrep_v0.0.0/results/data/CHM13/filfa/chm13v2.0.t2t.filtered.fasta.gz.fai	/home/senescence/Documents/storage2/hiura/docker/bulk_env/data/00_analysis/Repthoscope.v1.0.0/VallePrep_v0.0.0/results/data/CHM13/centro/chm13v2.0.t2t.pass.bed	/home/senescence/Documents/storage2/hiura/docker/bulk_env/data/00_analysis/Repthoscope.v1.0.0/VallePrep_v0.0.0/results/data/CHM13/hsat23/chm13v2.0.HSat2and3_Regions.lifted.bed	/home/senescence/Documents/storage2/hiura/docker/bulk_env/data/00_analysis/Repthoscope.v1.0.0/VallePrep_v0.0.0/results/data/CHM13/hsat23/chm13v2.0.HSat2and3_Regions.HSat2and3.log	24	508
HG00096	HG00096_hap1	PASS	/home/senescence/Documents/storage2/hiura/docker/bulk_env/data/00_analysis/Repthoscope.v1.0.0/VallePrep_v0.0.0/results/data/HG00096/filfa/HG00096_hap1.t2t.filtered.fasta.gz	/home/senescence/Documents/storage2/hiura/docker/bulk_env/data/00_analysis/Repthoscope.v1.0.0/VallePrep_v0.0.0/results/data/HG00096/filfa/HG00096_hap1.t2t.filtered.fasta.gz.fai	/home/senescence/Documents/storage2/hiura/docker/bulk_env/data/00_analysis/Repthoscope.v1.0.0/VallePrep_v0.0.0/results/data/HG00096/centro/HG00096_hap1.t2t.pass.bed	/home/senescence/Documents/storage2/hiura/docker/bulk_env/data/00_analysis/Repthoscope.v1.0.0/VallePrep_v0.0.0/results/data/HG00096/hsat23/HG00096_hap1.HSat2and3_Regions.lifted.bed	/home/senescence/Documents/storage2/hiura/docker/bulk_env/data/00_analysis/Repthoscope.v1.0.0/VallePrep_v0.0.0/results/data/HG00096/hsat23/HG00096_hap1.HSat2and3_Regions.HSat2and3.log	13	158
HG00096	HG00096_hap2	PASS	/home/senescence/Documents/storage2/hiura/docker/bulk_env/data/00_analysis/Repthoscope.v1.0.0/VallePrep_v0.0.0/results/data/HG00096/filfa/HG00096_hap2.t2t.filtered.fasta.gz	/home/senescence/Documents/storage2/hiura/docker/bulk_env/data/00_analysis/Repthoscope.v1.0.0/VallePrep_v0.0.0/results/data/HG00096/filfa/HG00096_hap2.t2t.filtered.fasta.gz.fai	/home/senescence/Documents/storage2/hiura/docker/bulk_env/data/00_analysis/Repthoscope.v1.0.0/VallePrep_v0.0.0/results/data/HG00096/centro/HG00096_hap2.t2t.pass.bed	/home/senescence/Documents/storage2/hiura/docker/bulk_env/data/00_analysis/Repthoscope.v1.0.0/VallePrep_v0.0.0/results/data/HG00096/hsat23/HG00096_hap2.HSat2and3_Regions.lifted.bed	/home/senescence/Documents/storage2/hiura/docker/bulk_env/data/00_analysis/Repthoscope.v1.0.0/VallePrep_v0.0.0/results/data/HG00096/hsat23/HG00096_hap2.HSat2and3_Regions.HSat2and3.log	16	191
HG00097	HG00097_hap1	PASS	/home/senescence/Documents/storage2/hiura/docker/bulk_env/data/00_analysis/Repthoscope.v1.0.0/VallePrep_v0.0.0/results/data/HG00097/filfa/HG00097_hap1.t2t.filtered.fasta.gz	/home/senescence/Documents/storage2/hiura/docker/bulk_env/data/00_analysis/Repthoscope.v1.0.0/VallePrep_v0.0.0/results/data/HG00097/filfa/HG00097_hap1.t2t.filtered.fasta.gz.fai	/home/senescence/Documents/storage2/hiura/docker/bulk_env/data/00_analysis/Repthoscope.v1.0.0/VallePrep_v0.0.0/results/data/HG00097/centro/HG00097_hap1.t2t.pass.bed	/home/senescence/Documents/storage2/hiura/docker/bulk_env/data/00_analysis/Repthoscope.v1.0.0/VallePrep_v0.0.0/results/data/HG00097/hsat23/HG00097_hap1.HSat2and3_Regions.lifted.bed	/home/senescence/Documents/storage2/hiura/docker/bulk_env/data/00_analysis/Repthoscope.v1.0.0/VallePrep_v0.0.0/results/data/HG00097/hsat23/HG00097_hap1.HSat2and3_Regions.HSat2and3.log	16	244
HG00097	HG00097_hap2	PASS	/home/senescence/Documents/storage2/hiura/docker/bulk_env/data/00_analysis/Repthoscope.v1.0.0/VallePrep_v0.0.0/results/data/HG00097/filfa/HG00097_hap2.t2t.filtered.fasta.gz	/home/senescence/Documents/storage2/hiura/docker/bulk_env/data/00_analysis/Repthoscope.v1.0.0/VallePrep_v0.0.0/results/data/HG00097/filfa/HG00097_hap2.t2t.filtered.fasta.gz.fai	/home/senescence/Documents/storage2/hiura/docker/bulk_env/data/00_analysis/Repthoscope.v1.0.0/VallePrep_v0.0.0/results/data/HG00097/centro/HG00097_hap2.t2t.pass.bed	/home/senescence/Documents/storage2/hiura/docker/bulk_env/data/00_analysis/Repthoscope.v1.0.0/VallePrep_v0.0.0/results/data/HG00097/hsat23/HG00097_hap2.HSat2and3_Regions.lifted.bed	/home/senescence/Documents/storage2/hiura/docker/bulk_env/data/00_analysis/Repthoscope.v1.0.0/VallePrep_v0.0.0/results/data/HG00097/hsat23/HG00097_hap2.HSat2and3_Regions.HSat2and3.log	14	185
HG00099	HG00099_hap1	PASS	/home/senescence/Documents/storage2/hiura/docker/bulk_env/data/00_analysis/Repthoscope.v1.0.0/VallePrep_v0.0.0/results/data/HG00099/filfa/HG00099_hap1.t2t.filtered.fasta.gz	/home/senescence/Documents/storage2/hiura/docker/bulk_env/data/00_analysis/Repthoscope.v1.0.0/VallePrep_v0.0.0/results/data/HG00099/filfa/HG00099_hap1.t2t.filtered.fasta.gz.fai	/home/senescence/Documents/storage2/hiura/docker/bulk_env/data/00_analysis/Repthoscope.v1.0.0/VallePrep_v0.0.0/results/data/HG00099/centro/HG00099_hap1.t2t.pass.bed	/home/senescence/Documents/storage2/hiura/docker/bulk_env/data/00_analysis/Repthoscope.v1.0.0/VallePrep_v0.0.0/results/data/HG00099/hsat23/HG00099_hap1.HSat2and3_Regions.lifted.bed	/home/senescence/Documents/storage2/hiura/docker/bulk_env/data/00_analysis/Repthoscope.v1.0.0/VallePrep_v0.0.0/results/data/HG00099/hsat23/HG00099_hap1.HSat2and3_Regions.HSat2and3.log	16	247
HG00099	HG00099_hap2	PASS	/home/senescence/Documents/storage2/hiura/docker/bulk_env/data/00_analysis/Repthoscope.v1.0.0/VallePrep_v0.0.0/results/data/HG00099/filfa/HG00099_hap2.t2t.filtered.fasta.gz	/home/senescence/Documents/storage2/hiura/docker/bulk_env/data/00_analysis/Repthoscope.v1.0.0/VallePrep_v0.0.0/results/data/HG00099/filfa/HG00099_hap2.t2t.filtered.fasta.gz.fai	/home/senescence/Documents/storage2/hiura/docker/bulk_env/data/00_analysis/Repthoscope.v1.0.0/VallePrep_v0.0.0/results/data/HG00099/centro/HG00099_hap2.t2t.pass.bed	/home/senescence/Documents/storage2/hiura/docker/bulk_env/data/00_analysis/Repthoscope.v1.0.0/VallePrep_v0.0.0/results/data/HG00099/hsat23/HG00099_hap2.HSat2and3_Regions.lifted.bed	/home/senescence/Documents/storage2/hiura/docker/bulk_env/data/00_analysis/Repthoscope.v1.0.0/VallePrep_v0.0.0/results/data/HG00099/hsat23/HG00099_hap2.HSat2and3_Regions.HSat2and3.log	16	234
HG00126	HG00126_hap1	EXCLUDE_annotation_incomplete_or_missing_input	/home/senescence/Documents/storage2/hiura/docker/bulk_env/data/00_analysis/Repthoscope.v1.0.0/VallePrep_v0.0.0/results/data/HG00126/filfa/HG00126_hap1.t2t.filtered.fasta.gz	/home/senescence/Documents/storage2/hiura/docker/bulk_env/data/00_analysis/Repthoscope.v1.0.0/VallePrep_v0.0.0/results/data/HG00126/filfa/HG00126_hap1.t2t.filtered.fasta.gz.fai	/home/senescence/Documents/storage2/hiura/docker/bulk_env/data/00_analysis/Repthoscope.v1.0.0/VallePrep_v0.0.0/results/data/HG00126/centro/HG00126_hap1.t2t.pass.bed	/home/senescence/Documents/storage2/hiura/docker/bulk_env/data/00_analysis/Repthoscope.v1.0.0/VallePrep_v0.0.0/results/data/HG00126/hsat23/HG00126_hap1.HSat2and3_Regions.lifted.bed	/home/senescence/Documents/storage2/hiura/docker/bulk_env/data/00_analysis/Repthoscope.v1.0.0/VallePrep_v0.0.0/results/data/HG00126/hsat23/HG00126_hap1.HSat2and3_Regions.HSat2and3.log	15	0
HG00126	HG00126_hap2	PASS	/home/senescence/Documents/storage2/hiura/docker/bulk_env/data/00_analysis/Repthoscope.v1.0.0/VallePrep_v0.0.0/results/data/HG00126/filfa/HG00126_hap2.t2t.filtered.fasta.gz	/home/senescence/Documents/storage2/hiura/docker/bulk_env/data/00_analysis/Repthoscope.v1.0.0/VallePrep_v0.0.0/results/data/HG00126/filfa/HG00126_hap2.t2t.filtered.fasta.gz.fai	/home/senescence/Documents/storage2/hiura/docker/bulk_env/data/00_analysis/Repthoscope.v1.0.0/VallePrep_v0.0.0/results/data/HG00126/centro/HG00126_hap2.t2t.pass.bed	/home/senescence/Documents/storage2/hiura/docker/bulk_env/data/00_analysis/Repthoscope.v1.0.0/VallePrep_v0.0.0/results/data/HG00126/hsat23/HG00126_hap2.HSat2and3_Regions.lifted.bed	/home/senescence/Documents/storage2/hiura/docker/bulk_env/data/00_analysis/Repthoscope.v1.0.0/VallePrep_v0.0.0/results/data/HG00126/hsat23/HG00126_hap2.HSat2and3_Regions.HSat2and3.log	16	246
HG00128	HG00128_hap1	PASS	/home/senescence/Documents/storage2/hiura/docker/bulk_env/data/00_analysis/Repthoscope.v1.0.0/VallePrep_v0.0.0/results/data/HG00128/filfa/HG00128_hap1.t2t.filtered.fasta.gz	/home/senescence/Documents/storage2/hiura/docker/bulk_env/data/00_analysis/Repthoscope.v1.0.0/VallePrep_v0.0.0/results/data/HG00128/filfa/HG00128_hap1.t2t.filtered.fasta.gz.fai	/home/senescence/Documents/storage2/hiura/docker/bulk_env/data/00_analysis/Repthoscope.v1.0.0/VallePrep_v0.0.0/results/data/HG00128/centro/HG00128_hap1.t2t.pass.bed	/home/senescence/Documents/storage2/hiura/docker/bulk_env/data/00_analysis/Repthoscope.v1.0.0/VallePrep_v0.0.0/results/data/HG00128/hsat23/HG00128_hap1.HSat2and3_Regions.lifted.bed	/home/senescence/Documents/storage2/hiura/docker/bulk_env/data/00_analysis/Repthoscope.v1.0.0/VallePrep_v0.0.0/results/data/HG00128/hsat23/HG00128_hap1.HSat2and3_Regions.HSat2and3.log	15	194
HG00128	HG00128_hap2	PASS	/home/senescence/Documents/storage2/hiura/docker/bulk_env/data/00_analysis/Repthoscope.v1.0.0/VallePrep_v0.0.0/results/data/HG00128/filfa/HG00128_hap2.t2t.filtered.fasta.gz	/home/senescence/Documents/storage2/hiura/docker/bulk_env/data/00_analysis/Repthoscope.v1.0.0/VallePrep_v0.0.0/results/data/HG00128/filfa/HG00128_hap2.t2t.filtered.fasta.gz.fai	/home/senescence/Documents/storage2/hiura/docker/bulk_env/data/00_analysis/Repthoscope.v1.0.0/VallePrep_v0.0.0/results/data/HG00128/centro/HG00128_hap2.t2t.pass.bed	/home/senescence/Documents/storage2/hiura/docker/bulk_env/data/00_analysis/Repthoscope.v1.0.0/VallePrep_v0.0.0/results/data/HG00128/hsat23/HG00128_hap2.HSat2and3_Regions.lifted.bed	/home/senescence/Documents/storage2/hiura/docker/bulk_env/data/00_analysis/Repthoscope.v1.0.0/VallePrep_v0.0.0/results/data/HG00128/hsat23/HG00128_hap2.HSat2and3_Regions.HSat2and3.log	17	190
HG00133	HG00133_hap1	PASS	/home/senescence/Documents/storage2/hiura/docker/bulk_env/data/00_analysis/Repthoscope.v1.0.0/VallePrep_v0.0.0/results/data/HG00133/filfa/HG00133_hap1.t2t.filtered.fasta.gz	/home/senescence/Documents/storage2/hiura/docker/bulk_env/data/00_analysis/Repthoscope.v1.0.0/VallePrep_v0.0.0/results/data/HG00133/filfa/HG00133_hap1.t2t.filtered.fasta.gz.fai	/home/senescence/Documents/storage2/hiura/docker/bulk_env/data/00_analysis/Repthoscope.v1.0.0/VallePrep_v0.0.0/results/data/HG00133/centro/HG00133_hap1.t2t.pass.bed	/home/senescence/Documents/storage2/hiura/docker/bulk_env/data/00_analysis/Repthoscope.v1.0.0/VallePrep_v0.0.0/results/data/HG00133/hsat23/HG00133_hap1.HSat2and3_Regions.lifted.bed	/home/senescence/Documents/storage2/hiura/docker/bulk_env/data/00_analysis/Repthoscope.v1.0.0/VallePrep_v0.0.0/results/data/HG00133/hsat23/HG00133_hap1.HSat2and3_Regions.HSat2and3.log	15	100
HG00133	HG00133_hap2	PASS	/home/senescence/Documents/storage2/hiura/docker/bulk_env/data/00_analysis/Repthoscope.v1.0.0/VallePrep_v0.0.0/results/data/HG00133/filfa/HG00133_hap2.t2t.filtered.fasta.gz	/home/senescence/Documents/storage2/hiura/docker/bulk_env/data/00_analysis/Repthoscope.v1.0.0/VallePrep_v0.0.0/results/data/HG00133/filfa/HG00133_hap2.t2t.filtered.fasta.gz.fai	/home/senescence/Documents/storage2/hiura/docker/bulk_env/data/00_analysis/Repthoscope.v1.0.0/VallePrep_v0.0.0/results/data/HG00133/centro/HG00133_hap2.t2t.pass.bed	/home/senescence/Documents/storage2/hiura/docker/bulk_env/data/00_analysis/Repthoscope.v1.0.0/VallePrep_v0.0.0/results/data/HG00133/hsat23/HG00133_hap2.HSat2and3_Regions.lifted.bed	/home/senescence/Documents/storage2/hiura/docker/bulk_env/data/00_analysis/Repthoscope.v1.0.0/VallePrep_v0.0.0/results/data/HG00133/hsat23/HG00133_hap2.HSat2and3_Regions.HSat2and3.log	17	109
HG00140	HG00140_hap1	PASS	/home/senescence/Documents/storage2/hiura/docker/bulk_env/data/00_analysis/Repthoscope.v1.0.0/VallePrep_v0.0.0/results/data/HG00140/filfa/HG00140_hap1.t2t.filtered.fasta.gz	/home/senescence/Documents/storage2/hiura/docker/bulk_env/data/00_analysis/Repthoscope.v1.0.0/VallePrep_v0.0.0/results/data/HG00140/filfa/HG00140_hap1.t2t.filtered.fasta.gz.fai	/home/senescence/Documents/storage2/hiura/docker/bulk_env/data/00_analysis/Repthoscope.v1.0.0/VallePrep_v0.0.0/results/data/HG00140/centro/HG00140_hap1.t2t.pass.bed	/home/senescence/Documents/storage2/hiura/docker/bulk_env/data/00_analysis/Repthoscope.v1.0.0/VallePrep_v0.0.0/results/data/HG00140/hsat23/HG00140_hap1.HSat2and3_Regions.lifted.bed	/home/senescence/Documents/storage2/hiura/docker/bulk_env/data/00_analysis/Repthoscope.v1.0.0/VallePrep_v0.0.0/results/data/HG00140/hsat23/HG00140_hap1.HSat2and3_Regions.HSat2and3.log	13	107
HG00140	HG00140_hap2	PASS	/home/senescence/Documents/storage2/hiura/docker/bulk_env/data/00_analysis/Repthoscope.v1.0.0/VallePrep_v0.0.0/results/data/HG00140/filfa/HG00140_hap2.t2t.filtered.fasta.gz	/home/senescence/Documents/storage2/hiura/docker/bulk_env/data/00_analysis/Repthoscope.v1.0.0/VallePrep_v0.0.0/results/data/HG00140/filfa/HG00140_hap2.t2t.filtered.fasta.gz.fai	/home/senescence/Documents/storage2/hiura/docker/bulk_env/data/00_analysis/Repthoscope.v1.0.0/VallePrep_v0.0.0/results/data/HG00140/centro/HG00140_hap2.t2t.pass.bed	/home/senescence/Documents/storage2/hiura/docker/bulk_env/data/00_analysis/Repthoscope.v1.0.0/VallePrep_v0.0.0/results/data/HG00140/hsat23/HG00140_hap2.HSat2and3_Regions.lifted.bed	/home/senescence/Documents/storage2/hiura/docker/bulk_env/data/00_analysis/Repthoscope.v1.0.0/VallePrep_v0.0.0/results/data/HG00140/hsat23/HG00140_hap2.HSat2and3_Regions.HSat2and3.log	17	265
HG00146	HG00146_hap1	PASS	/home/senescence/Documents/storage2/hiura/docker/bulk_env/data/00_analysis/Repthoscope.v1.0.0/VallePrep_v0.0.0/results/data/HG00146/filfa/HG00146_hap1.t2t.filtered.fasta.gz	/home/senescence/Documents/storage2/hiura/docker/bulk_env/data/00_analysis/Repthoscope.v1.0.0/VallePrep_v0.0.0/results/data/HG00146/filfa/HG00146_hap1.t2t.filtered.fasta.gz.fai	/home/senescence/Documents/storage2/hiura/docker/bulk_env/data/00_analysis/Repthoscope.v1.0.0/VallePrep_v0.0.0/results/data/HG00146/centro/HG00146_hap1.t2t.pass.bed	/home/senescence/Documents/storage2/hiura/docker/bulk_env/data/00_analysis/Repthoscope.v1.0.0/VallePrep_v0.0.0/results/data/HG00146/hsat23/HG00146_hap1.HSat2and3_Regions.lifted.bed	/home/senescence/Documents/storage2/hiura/docker/bulk_env/data/00_analysis/Repthoscope.v1.0.0/VallePrep_v0.0.0/results/data/HG00146/hsat23/HG00146_hap1.HSat2and3_Regions.HSat2and3.log	13	87
HG00146	HG00146_hap2	PASS	/home/senescence/Documents/storage2/hiura/docker/bulk_env/data/00_analysis/Repthoscope.v1.0.0/VallePrep_v0.0.0/results/data/HG00146/filfa/HG00146_hap2.t2t.filtered.fasta.gz	/home/senescence/Documents/storage2/hiura/docker/bulk_env/data/00_analysis/Repthoscope.v1.0.0/VallePrep_v0.0.0/results/data/HG00146/filfa/HG00146_hap2.t2t.filtered.fasta.gz.fai	/home/senescence/Documents/storage2/hiura/docker/bulk_env/data/00_analysis/Repthoscope.v1.0.0/VallePrep_v0.0.0/results/data/HG00146/centro/HG00146_hap2.t2t.pass.bed	/home/senescence/Documents/storage2/hiura/docker/bulk_env/data/00_analysis/Repthoscope.v1.0.0/VallePrep_v0.0.0/results/data/HG00146/hsat23/HG00146_hap2.HSat2and3_Regions.lifted.bed	/home/senescence/Documents/storage2/hiura/docker/bulk_env/data/00_analysis/Repthoscope.v1.0.0/VallePrep_v0.0.0/results/data/HG00146/hsat23/HG00146_hap2.HSat2and3_Regions.HSat2and3.log	13	99
HG00171	HG00171_hap1	PASS	/home/senescence/Documents/storage2/hiura/docker/bulk_env/data/00_analysis/Repthoscope.v1.0.0/VallePrep_v0.0.0/results/data/HG00171/filfa/HG00171_hap1.t2t.filtered.fasta.gz	/home/senescence/Documents/storage2/hiura/docker/bulk_env/data/00_analysis/Repthoscope.v1.0.0/VallePrep_v0.0.0/results/data/HG00171/filfa/HG00171_hap1.t2t.filtered.fasta.gz.fai	/home/senescence/Documents/storage2/hiura/docker/bulk_env/data/00_analysis/Repthoscope.v1.0.0/VallePrep_v0.0.0/results/data/HG00171/centro/HG00171_hap1.t2t.pass.bed	/home/senescence/Documents/storage2/hiura/docker/bulk_env/data/00_analysis/Repthoscope.v1.0.0/VallePrep_v0.0.0/results/data/HG00171/hsat23/HG00171_hap1.HSat2and3_Regions.lifted.bed	/home/senescence/Documents/storage2/hiura/docker/bulk_env/data/00_analysis/Repthoscope.v1.0.0/VallePrep_v0.0.0/results/data/HG00171/hsat23/HG00171_hap1.HSat2and3_Regions.HSat2and3.log	16	255
HG00171	HG00171_hap2	PASS	/home/senescence/Documents/storage2/hiura/docker/bulk_env/data/00_analysis/Repthoscope.v1.0.0/VallePrep_v0.0.0/results/data/HG00171/filfa/HG00171_hap2.t2t.filtered.fasta.gz	/home/senescence/Documents/storage2/hiura/docker/bulk_env/data/00_analysis/Repthoscope.v1.0.0/VallePrep_v0.0.0/results/data/HG00171/filfa/HG00171_hap2.t2t.filtered.fasta.gz.fai	/home/senescence/Documents/storage2/hiura/docker/bulk_env/data/00_analysis/Repthoscope.v1.0.0/VallePrep_v0.0.0/results/data/HG00171/centro/HG00171_hap2.t2t.pass.bed	/home/senescence/Documents/storage2/hiura/docker/bulk_env/data/00_analysis/Repthoscope.v1.0.0/VallePrep_v0.0.0/results/data/HG00171/hsat23/HG00171_hap2.HSat2and3_Regions.lifted.bed	/home/senescence/Documents/storage2/hiura/docker/bulk_env/data/00_analysis/Repthoscope.v1.0.0/VallePrep_v0.0.0/results/data/HG00171/hsat23/HG00171_hap2.HSat2and3_Regions.HSat2and3.log	16	108
HG002	hg002v1.1_hap1	PASS	/home/senescence/Documents/storage2/hiura/docker/bulk_env/data/00_analysis/Repthoscope.v1.0.0/VallePrep_v0.0.0/results/data/HG002/filfa/hg002v1.1_hap1.t2t.filtered.fasta.gz	/home/senescence/Documents/storage2/hiura/docker/bulk_env/data/00_analysis/Repthoscope.v1.0.0/VallePrep_v0.0.0/results/data/HG002/filfa/hg002v1.1_hap1.t2t.filtered.fasta.gz.fai	/home/senescence/Documents/storage2/hiura/docker/bulk_env/data/00_analysis/Repthoscope.v1.0.0/VallePrep_v0.0.0/results/data/HG002/centro/hg002v1.1_hap1.t2t.pass.bed	/home/senescence/Documents/storage2/hiura/docker/bulk_env/data/00_analysis/Repthoscope.v1.0.0/VallePrep_v0.0.0/results/data/HG002/hsat23/hg002v1.1_hap1.HSat2and3_Regions.lifted.bed	/home/senescence/Documents/storage2/hiura/docker/bulk_env/data/00_analysis/Repthoscope.v1.0.0/VallePrep_v0.0.0/results/data/HG002/hsat23/hg002v1.1_hap1.HSat2and3_Regions.HSat2and3.log	18	287
HG002	hg002v1.1_hap2	PASS	/home/senescence/Documents/storage2/hiura/docker/bulk_env/data/00_analysis/Repthoscope.v1.0.0/VallePrep_v0.0.0/results/data/HG002/filfa/hg002v1.1_hap2.t2t.filtered.fasta.gz	/home/senescence/Documents/storage2/hiura/docker/bulk_env/data/00_analysis/Repthoscope.v1.0.0/VallePrep_v0.0.0/results/data/HG002/filfa/hg002v1.1_hap2.t2t.filtered.fasta.gz.fai	/home/senescence/Documents/storage2/hiura/docker/bulk_env/data/00_analysis/Repthoscope.v1.0.0/VallePrep_v0.0.0/results/data/HG002/centro/hg002v1.1_hap2.t2t.pass.bed	/home/senescence/Documents/storage2/hiura/docker/bulk_env/data/00_analysis/Repthoscope.v1.0.0/VallePrep_v0.0.0/results/data/HG002/hsat23/hg002v1.1_hap2.HSat2and3_Regions.lifted.bed	/home/senescence/Documents/storage2/hiura/docker/bulk_env/data/00_analysis/Repthoscope.v1.0.0/VallePrep_v0.0.0/results/data/HG002/hsat23/hg002v1.1_hap2.HSat2and3_Regions.HSat2and3.log	18	254
HG00232	HG00232_hap1	PASS	/home/senescence/Documents/storage2/hiura/docker/bulk_env/data/00_analysis/Repthoscope.v1.0.0/VallePrep_v0.0.0/results/data/HG00232/filfa/HG00232_hap1.t2t.filtered.fasta.gz	/home/senescence/Documents/storage2/hiura/docker/bulk_env/data/00_analysis/Repthoscope.v1.0.0/VallePrep_v0.0.0/results/data/HG00232/filfa/HG00232_hap1.t2t.filtered.fasta.gz.fai	/home/senescence/Documents/storage2/hiura/docker/bulk_env/data/00_analysis/Repthoscope.v1.0.0/VallePrep_v0.0.0/results/data/HG00232/centro/HG00232_hap1.t2t.pass.bed	/home/senescence/Documents/storage2/hiura/docker/bulk_env/data/00_analysis/Repthoscope.v1.0.0/VallePrep_v0.0.0/results/data/HG00232/hsat23/HG00232_hap1.HSat2and3_Regions.lifted.bed	/home/senescence/Documents/storage2/hiura/docker/bulk_env/data/00_analysis/Repthoscope.v1.0.0/VallePrep_v0.0.0/results/data/HG00232/hsat23/HG00232_hap1.HSat2and3_Regions.HSat2and3.log	14	218
HG00232	HG00232_hap2	PASS	/home/senescence/Documents/storage2/hiura/docker/bulk_env/data/00_analysis/Repthoscope.v1.0.0/VallePrep_v0.0.0/results/data/HG00232/filfa/HG00232_hap2.t2t.filtered.fasta.gz	/home/senescence/Documents/storage2/hiura/docker/bulk_env/data/00_analysis/Repthoscope.v1.0.0/VallePrep_v0.0.0/results/data/HG00232/filfa/HG00232_hap2.t2t.filtered.fasta.gz.fai	/home/senescence/Documents/storage2/hiura/docker/bulk_env/data/00_analysis/Repthoscope.v1.0.0/VallePrep_v0.0.0/results/data/HG00232/centro/HG00232_hap2.t2t.pass.bed	/home/senescence/Documents/storage2/hiura/docker/bulk_env/data/00_analysis/Repthoscope.v1.0.0/VallePrep_v0.0.0/results/data/HG00232/hsat23/HG00232_hap2.HSat2and3_Regions.lifted.bed	/home/senescence/Documents/storage2/hiura/docker/bulk_env/data/00_analysis/Repthoscope.v1.0.0/VallePrep_v0.0.0/results/data/HG00232/hsat23/HG00232_hap2.HSat2and3_Regions.HSat2and3.log	14	228
HG00235	HG00235_hap1	PASS	/home/senescence/Documents/storage2/hiura/docker/bulk_env/data/00_analysis/Repthoscope.v1.0.0/VallePrep_v0.0.0/results/data/HG00235/filfa/HG00235_hap1.t2t.filtered.fasta.gz	/home/senescence/Documents/storage2/hiura/docker/bulk_env/data/00_analysis/Repthoscope.v1.0.0/VallePrep_v0.0.0/results/data/HG00235/filfa/HG00235_hap1.t2t.filtered.fasta.gz.fai	/home/senescence/Documents/storage2/hiura/docker/bulk_env/data/00_analysis/Repthoscope.v1.0.0/VallePrep_v0.0.0/results/data/HG00235/centro/HG00235_hap1.t2t.pass.bed	/home/senescence/Documents/storage2/hiura/docker/bulk_env/data/00_analysis/Repthoscope.v1.0.0/VallePrep_v0.0.0/results/data/HG00235/hsat23/HG00235_hap1.HSat2and3_Regions.lifted.bed	/home/senescence/Documents/storage2/hiura/docker/bulk_env/data/00_analysis/Repthoscope.v1.0.0/VallePrep_v0.0.0/results/data/HG00235/hsat23/HG00235_hap1.HSat2and3_Regions.HSat2and3.log	15	207
HG00235	HG00235_hap2	PASS	/home/senescence/Documents/storage2/hiura/docker/bulk_env/data/00_analysis/Repthoscope.v1.0.0/VallePrep_v0.0.0/results/data/HG00235/filfa/HG00235_hap2.t2t.filtered.fasta.gz	/home/senescence/Documents/storage2/hiura/docker/bulk_env/data/00_analysis/Repthoscope.v1.0.0/VallePrep_v0.0.0/results/data/HG00235/filfa/HG00235_hap2.t2t.filtered.fasta.gz.fai	/home/senescence/Documents/storage2/hiura/docker/bulk_env/data/00_analysis/Repthoscope.v1.0.0/VallePrep_v0.0.0/results/data/HG00235/centro/HG00235_hap2.t2t.pass.bed	/home/senescence/Documents/storage2/hiura/docker/bulk_env/data/00_analysis/Repthoscope.v1.0.0/VallePrep_v0.0.0/results/data/HG00235/hsat23/HG00235_hap2.HSat2and3_Regions.lifted.bed	/home/senescence/Documents/storage2/hiura/docker/bulk_env/data/00_analysis/Repthoscope.v1.0.0/VallePrep_v0.0.0/results/data/HG00235/hsat23/HG00235_hap2.HSat2and3_Regions.HSat2and3.log	15	248
HG00253	HG00253_hap1	PASS	/home/senescence/Documents/storage2/hiura/docker/bulk_env/data/00_analysis/Repthoscope.v1.0.0/VallePrep_v0.0.0/results/data/HG00253/filfa/HG00253_hap1.t2t.filtered.fasta.gz	/home/senescence/Documents/storage2/hiura/docker/bulk_env/data/00_analysis/Repthoscope.v1.0.0/VallePrep_v0.0.0/results/data/HG00253/filfa/HG00253_hap1.t2t.filtered.fasta.gz.fai	/home/senescence/Documents/storage2/hiura/docker/bulk_env/data/00_analysis/Repthoscope.v1.0.0/VallePrep_v0.0.0/results/data/HG00253/centro/HG00253_hap1.t2t.pass.bed	/home/senescence/Documents/storage2/hiura/docker/bulk_env/data/00_analysis/Repthoscope.v1.0.0/VallePrep_v0.0.0/results/data/HG00253/hsat23/HG00253_hap1.HSat2and3_Regions.lifted.bed	/home/senescence/Documents/storage2/hiura/docker/bulk_env/data/00_analysis/Repthoscope.v1.0.0/VallePrep_v0.0.0/results/data/HG00253/hsat23/HG00253_hap1.HSat2and3_Regions.HSat2and3.log	11	68
HG00253	HG00253_hap2	PASS	/home/senescence/Documents/storage2/hiura/docker/bulk_env/data/00_analysis/Repthoscope.v1.0.0/VallePrep_v0.0.0/results/data/HG00253/filfa/HG00253_hap2.t2t.filtered.fasta.gz	/home/senescence/Documents/storage2/hiura/docker/bulk_env/data/00_analysis/Repthoscope.v1.0.0/VallePrep_v0.0.0/results/data/HG00253/filfa/HG00253_hap2.t2t.filtered.fasta.gz.fai	/home/senescence/Documents/storage2/hiura/docker/bulk_env/data/00_analysis/Repthoscope.v1.0.0/VallePrep_v0.0.0/results/data/HG00253/centro/HG00253_hap2.t2t.pass.bed	/home/senescence/Documents/storage2/hiura/docker/bulk_env/data/00_analysis/Repthoscope.v1.0.0/VallePrep_v0.0.0/results/data/HG00253/hsat23/HG00253_hap2.HSat2and3_Regions.lifted.bed	/home/senescence/Documents/storage2/hiura/docker/bulk_env/data/00_analysis/Repthoscope.v1.0.0/VallePrep_v0.0.0/results/data/HG00253/hsat23/HG00253_hap2.HSat2and3_Regions.HSat2and3.log	9	59
HG00268	HG00268_hap1	PASS	/home/senescence/Documents/storage2/hiura/docker/bulk_env/data/00_analysis/Repthoscope.v1.0.0/VallePrep_v0.0.0/results/data/HG00268/filfa/HG00268_hap1.t2t.filtered.fasta.gz	/home/senescence/Documents/storage2/hiura/docker/bulk_env/data/00_analysis/Repthoscope.v1.0.0/VallePrep_v0.0.0/results/data/HG00268/filfa/HG00268_hap1.t2t.filtered.fasta.gz.fai	/home/senescence/Documents/storage2/hiura/docker/bulk_env/data/00_analysis/Repthoscope.v1.0.0/VallePrep_v0.0.0/results/data/HG00268/centro/HG00268_hap1.t2t.pass.bed	/home/senescence/Documents/storage2/hiura/docker/bulk_env/data/00_analysis/Repthoscope.v1.0.0/VallePrep_v0.0.0/results/data/HG00268/hsat23/HG00268_hap1.HSat2and3_Regions.lifted.bed	/home/senescence/Documents/storage2/hiura/docker/bulk_env/data/00_analysis/Repthoscope.v1.0.0/VallePrep_v0.0.0/results/data/HG00268/hsat23/HG00268_hap1.HSat2and3_Regions.HSat2and3.log	16	265
HG00268	HG00268_hap2	PASS	/home/senescence/Documents/storage2/hiura/docker/bulk_env/data/00_analysis/Repthoscope.v1.0.0/VallePrep_v0.0.0/results/data/HG00268/filfa/HG00268_hap2.t2t.filtered.fasta.gz	/home/senescence/Documents/storage2/hiura/docker/bulk_env/data/00_analysis/Repthoscope.v1.0.0/VallePrep_v0.0.0/results/data/HG00268/filfa/HG00268_hap2.t2t.filtered.fasta.gz.fai	/home/senescence/Documents/storage2/hiura/docker/bulk_env/data/00_analysis/Repthoscope.v1.0.0/VallePrep_v0.0.0/results/data/HG00268/centro/HG00268_hap2.t2t.pass.bed	/home/senescence/Documents/storage2/hiura/docker/bulk_env/data/00_analysis/Repthoscope.v1.0.0/VallePrep_v0.0.0/results/data/HG00268/hsat23/HG00268_hap2.HSat2and3_Regions.lifted.bed	/home/senescence/Documents/storage2/hiura/docker/bulk_env/data/00_analysis/Repthoscope.v1.0.0/VallePrep_v0.0.0/results/data/HG00268/hsat23/HG00268_hap2.HSat2and3_Regions.HSat2and3.log	15	214
HG00272	HG00272_hap1	PASS	/home/senescence/Documents/storage2/hiura/docker/bulk_env/data/00_analysis/Repthoscope.v1.0.0/VallePrep_v0.0.0/results/data/HG00272/filfa/HG00272_hap1.t2t.filtered.fasta.gz	/home/senescence/Documents/storage2/hiura/docker/bulk_env/data/00_analysis/Repthoscope.v1.0.0/VallePrep_v0.0.0/results/data/HG00272/filfa/HG00272_hap1.t2t.filtered.fasta.gz.fai	/home/senescence/Documents/storage2/hiura/docker/bulk_env/data/00_analysis/Repthoscope.v1.0.0/VallePrep_v0.0.0/results/data/HG00272/centro/HG00272_hap1.t2t.pass.bed	/home/senescence/Documents/storage2/hiura/docker/bulk_env/data/00_analysis/Repthoscope.v1.0.0/VallePrep_v0.0.0/results/data/HG00272/hsat23/HG00272_hap1.HSat2and3_Regions.lifted.bed	/home/senescence/Documents/storage2/hiura/docker/bulk_env/data/00_analysis/Repthoscope.v1.0.0/VallePrep_v0.0.0/results/data/HG00272/hsat23/HG00272_hap1.HSat2and3_Regions.HSat2and3.log	18	228
HG00272	HG00272_hap2	EXCLUDE_annotation_incomplete_or_missing_input	/home/senescence/Documents/storage2/hiura/docker/bulk_env/data/00_analysis/Repthoscope.v1.0.0/VallePrep_v0.0.0/results/data/HG00272/filfa/HG00272_hap2.t2t.filtered.fasta.gz	/home/senescence/Documents/storage2/hiura/docker/bulk_env/data/00_analysis/Repthoscope.v1.0.0/VallePrep_v0.0.0/results/data/HG00272/filfa/HG00272_hap2.t2t.filtered.fasta.gz.fai	/home/senescence/Documents/storage2/hiura/docker/bulk_env/data/00_analysis/Repthoscope.v1.0.0/VallePrep_v0.0.0/results/data/HG00272/centro/HG00272_hap2.t2t.pass.bed	/home/senescence/Documents/storage2/hiura/docker/bulk_env/data/00_analysis/Repthoscope.v1.0.0/VallePrep_v0.0.0/results/data/HG00272/hsat23/HG00272_hap2.HSat2and3_Regions.lifted.bed	/home/senescence/Documents/storage2/hiura/docker/bulk_env/data/00_analysis/Repthoscope.v1.0.0/VallePrep_v0.0.0/results/data/HG00272/hsat23/HG00272_hap2.HSat2and3_Regions.HSat2and3.log	17	0
HG00280	HG00280_hap1	PASS	/home/senescence/Documents/storage2/hiura/docker/bulk_env/data/00_analysis/Repthoscope.v1.0.0/VallePrep_v0.0.0/results/data/HG00280/filfa/HG00280_hap1.t2t.filtered.fasta.gz	/home/senescence/Documents/storage2/hiura/docker/bulk_env/data/00_analysis/Repthoscope.v1.0.0/VallePrep_v0.0.0/results/data/HG00280/filfa/HG00280_hap1.t2t.filtered.fasta.gz.fai	/home/senescence/Documents/storage2/hiura/docker/bulk_env/data/00_analysis/Repthoscope.v1.0.0/VallePrep_v0.0.0/results/data/HG00280/centro/HG00280_hap1.t2t.pass.bed	/home/senescence/Documents/storage2/hiura/docker/bulk_env/data/00_analysis/Repthoscope.v1.0.0/VallePrep_v0.0.0/results/data/HG00280/hsat23/HG00280_hap1.HSat2and3_Regions.lifted.bed	/home/senescence/Documents/storage2/hiura/docker/bulk_env/data/00_analysis/Repthoscope.v1.0.0/VallePrep_v0.0.0/results/data/HG00280/hsat23/HG00280_hap1.HSat2and3_Regions.HSat2and3.log	12	165
HG00280	HG00280_hap2	PASS	/home/senescence/Documents/storage2/hiura/docker/bulk_env/data/00_analysis/Repthoscope.v1.0.0/VallePrep_v0.0.0/results/data/HG00280/filfa/HG00280_hap2.t2t.filtered.fasta.gz	/home/senescence/Documents/storage2/hiura/docker/bulk_env/data/00_analysis/Repthoscope.v1.0.0/VallePrep_v0.0.0/results/data/HG00280/filfa/HG00280_hap2.t2t.filtered.fasta.gz.fai	/home/senescence/Documents/storage2/hiura/docker/bulk_env/data/00_analysis/Repthoscope.v1.0.0/VallePrep_v0.0.0/results/data/HG00280/centro/HG00280_hap2.t2t.pass.bed	/home/senescence/Documents/storage2/hiura/docker/bulk_env/data/00_analysis/Repthoscope.v1.0.0/VallePrep_v0.0.0/results/data/HG00280/hsat23/HG00280_hap2.HSat2and3_Regions.lifted.bed	/home/senescence/Documents/storage2/hiura/docker/bulk_env/data/00_analysis/Repthoscope.v1.0.0/VallePrep_v0.0.0/results/data/HG00280/hsat23/HG00280_hap2.HSat2and3_Regions.HSat2and3.log	14	213
HG00290	HG00290_hap1	PASS	/home/senescence/Documents/storage2/hiura/docker/bulk_env/data/00_analysis/Repthoscope.v1.0.0/VallePrep_v0.0.0/results/data/HG00290/filfa/HG00290_hap1.t2t.filtered.fasta.gz	/home/senescence/Documents/storage2/hiura/docker/bulk_env/data/00_analysis/Repthoscope.v1.0.0/VallePrep_v0.0.0/results/data/HG00290/filfa/HG00290_hap1.t2t.filtered.fasta.gz.fai	/home/senescence/Documents/storage2/hiura/docker/bulk_env/data/00_analysis/Repthoscope.v1.0.0/VallePrep_v0.0.0/results/data/HG00290/centro/HG00290_hap1.t2t.pass.bed	/home/senescence/Documents/storage2/hiura/docker/bulk_env/data/00_analysis/Repthoscope.v1.0.0/VallePrep_v0.0.0/results/data/HG00290/hsat23/HG00290_hap1.HSat2and3_Regions.lifted.bed	/home/senescence/Documents/storage2/hiura/docker/bulk_env/data/00_analysis/Repthoscope.v1.0.0/VallePrep_v0.0.0/results/data/HG00290/hsat23/HG00290_hap1.HSat2and3_Regions.HSat2and3.log	16	106
HG00290	HG00290_hap2	PASS	/home/senescence/Documents/storage2/hiura/docker/bulk_env/data/00_analysis/Repthoscope.v1.0.0/VallePrep_v0.0.0/results/data/HG00290/filfa/HG00290_hap2.t2t.filtered.fasta.gz	/home/senescence/Documents/storage2/hiura/docker/bulk_env/data/00_analysis/Repthoscope.v1.0.0/VallePrep_v0.0.0/results/data/HG00290/filfa/HG00290_hap2.t2t.filtered.fasta.gz.fai	/home/senescence/Documents/storage2/hiura/docker/bulk_env/data/00_analysis/Repthoscope.v1.0.0/VallePrep_v0.0.0/results/data/HG00290/centro/HG00290_hap2.t2t.pass.bed	/home/senescence/Documents/storage2/hiura/docker/bulk_env/data/00_analysis/Repthoscope.v1.0.0/VallePrep_v0.0.0/results/data/HG00290/hsat23/HG00290_hap2.HSat2and3_Regions.lifted.bed	/home/senescence/Documents/storage2/hiura/docker/bulk_env/data/00_analysis/Repthoscope.v1.0.0/VallePrep_v0.0.0/results/data/HG00290/hsat23/HG00290_hap2.HSat2and3_Regions.HSat2and3.log	16	107
HG00320	HG00320_hap1	PASS	/home/senescence/Documents/storage2/hiura/docker/bulk_env/data/00_analysis/Repthoscope.v1.0.0/VallePrep_v0.0.0/results/data/HG00320/filfa/HG00320_hap1.t2t.filtered.fasta.gz	/home/senescence/Documents/storage2/hiura/docker/bulk_env/data/00_analysis/Repthoscope.v1.0.0/VallePrep_v0.0.0/results/data/HG00320/filfa/HG00320_hap1.t2t.filtered.fasta.gz.fai	/home/senescence/Documents/storage2/hiura/docker/bulk_env/data/00_analysis/Repthoscope.v1.0.0/VallePrep_v0.0.0/results/data/HG00320/centro/HG00320_hap1.t2t.pass.bed	/home/senescence/Documents/storage2/hiura/docker/bulk_env/data/00_analysis/Repthoscope.v1.0.0/VallePrep_v0.0.0/results/data/HG00320/hsat23/HG00320_hap1.HSat2and3_Regions.lifted.bed	/home/senescence/Documents/storage2/hiura/docker/bulk_env/data/00_analysis/Repthoscope.v1.0.0/VallePrep_v0.0.0/results/data/HG00320/hsat23/HG00320_hap1.HSat2and3_Regions.HSat2and3.log	15	169
HG00320	HG00320_hap2	PASS	/home/senescence/Documents/storage2/hiura/docker/bulk_env/data/00_analysis/Repthoscope.v1.0.0/VallePrep_v0.0.0/results/data/HG00320/filfa/HG00320_hap2.t2t.filtered.fasta.gz	/home/senescence/Documents/storage2/hiura/docker/bulk_env/data/00_analysis/Repthoscope.v1.0.0/VallePrep_v0.0.0/results/data/HG00320/filfa/HG00320_hap2.t2t.filtered.fasta.gz.fai	/home/senescence/Documents/storage2/hiura/docker/bulk_env/data/00_analysis/Repthoscope.v1.0.0/VallePrep_v0.0.0/results/data/HG00320/centro/HG00320_hap2.t2t.pass.bed	/home/senescence/Documents/storage2/hiura/docker/bulk_env/data/00_analysis/Repthoscope.v1.0.0/VallePrep_v0.0.0/results/data/HG00320/hsat23/HG00320_hap2.HSat2and3_Regions.lifted.bed	/home/senescence/Documents/storage2/hiura/docker/bulk_env/data/00_analysis/Repthoscope.v1.0.0/VallePrep_v0.0.0/results/data/HG00320/hsat23/HG00320_hap2.HSat2and3_Regions.HSat2and3.log	16	194
HG00321	HG00321_hap1	PASS	/home/senescence/Documents/storage2/hiura/docker/bulk_env/data/00_analysis/Repthoscope.v1.0.0/VallePrep_v0.0.0/results/data/HG00321/filfa/HG00321_hap1.t2t.filtered.fasta.gz	/home/senescence/Documents/storage2/hiura/docker/bulk_env/data/00_analysis/Repthoscope.v1.0.0/VallePrep_v0.0.0/results/data/HG00321/filfa/HG00321_hap1.t2t.filtered.fasta.gz.fai	/home/senescence/Documents/storage2/hiura/docker/bulk_env/data/00_analysis/Repthoscope.v1.0.0/VallePrep_v0.0.0/results/data/HG00321/centro/HG00321_hap1.t2t.pass.bed	/home/senescence/Documents/storage2/hiura/docker/bulk_env/data/00_analysis/Repthoscope.v1.0.0/VallePrep_v0.0.0/results/data/HG00321/hsat23/HG00321_hap1.HSat2and3_Regions.lifted.bed	/home/senescence/Documents/storage2/hiura/docker/bulk_env/data/00_analysis/Repthoscope.v1.0.0/VallePrep_v0.0.0/results/data/HG00321/hsat23/HG00321_hap1.HSat2and3_Regions.HSat2and3.log	16	323
HG00321	HG00321_hap2	PASS	/home/senescence/Documents/storage2/hiura/docker/bulk_env/data/00_analysis/Repthoscope.v1.0.0/VallePrep_v0.0.0/results/data/HG00321/filfa/HG00321_hap2.t2t.filtered.fasta.gz	/home/senescence/Documents/storage2/hiura/docker/bulk_env/data/00_analysis/Repthoscope.v1.0.0/VallePrep_v0.0.0/results/data/HG00321/filfa/HG00321_hap2.t2t.filtered.fasta.gz.fai	/home/senescence/Documents/storage2/hiura/docker/bulk_env/data/00_analysis/Repthoscope.v1.0.0/VallePrep_v0.0.0/results/data/HG00321/centro/HG00321_hap2.t2t.pass.bed	/home/senescence/Documents/storage2/hiura/docker/bulk_env/data/00_analysis/Repthoscope.v1.0.0/VallePrep_v0.0.0/results/data/HG00321/hsat23/HG00321_hap2.HSat2and3_Regions.lifted.bed	/home/senescence/Documents/storage2/hiura/docker/bulk_env/data/00_analysis/Repthoscope.v1.0.0/VallePrep_v0.0.0/results/data/HG00321/hsat23/HG00321_hap2.HSat2and3_Regions.HSat2and3.log	17	226
HG00323	HG00323_hap1	PASS	/home/senescence/Documents/storage2/hiura/docker/bulk_env/data/00_analysis/Repthoscope.v1.0.0/VallePrep_v0.0.0/results/data/HG00323/filfa/HG00323_hap1.t2t.filtered.fasta.gz	/home/senescence/Documents/storage2/hiura/docker/bulk_env/data/00_analysis/Repthoscope.v1.0.0/VallePrep_v0.0.0/results/data/HG00323/filfa/HG00323_hap1.t2t.filtered.fasta.gz.fai	/home/senescence/Documents/storage2/hiura/docker/bulk_env/data/00_analysis/Repthoscope.v1.0.0/VallePrep_v0.0.0/results/data/HG00323/centro/HG00323_hap1.t2t.pass.bed	/home/senescence/Documents/storage2/hiura/docker/bulk_env/data/00_analysis/Repthoscope.v1.0.0/VallePrep_v0.0.0/results/data/HG00323/hsat23/HG00323_hap1.HSat2and3_Regions.lifted.bed	/home/senescence/Documents/storage2/hiura/docker/bulk_env/data/00_analysis/Repthoscope.v1.0.0/VallePrep_v0.0.0/results/data/HG00323/hsat23/HG00323_hap1.HSat2and3_Regions.HSat2and3.log	16	279
HG00323	HG00323_hap2	PASS	/home/senescence/Documents/storage2/hiura/docker/bulk_env/data/00_analysis/Repthoscope.v1.0.0/VallePrep_v0.0.0/results/data/HG00323/filfa/HG00323_hap2.t2t.filtered.fasta.gz	/home/senescence/Documents/storage2/hiura/docker/bulk_env/data/00_analysis/Repthoscope.v1.0.0/VallePrep_v0.0.0/results/data/HG00323/filfa/HG00323_hap2.t2t.filtered.fasta.gz.fai	/home/senescence/Documents/storage2/hiura/docker/bulk_env/data/00_analysis/Repthoscope.v1.0.0/VallePrep_v0.0.0/results/data/HG00323/centro/HG00323_hap2.t2t.pass.bed	/home/senescence/Documents/storage2/hiura/docker/bulk_env/data/00_analysis/Repthoscope.v1.0.0/VallePrep_v0.0.0/results/data/HG00323/hsat23/HG00323_hap2.HSat2and3_Regions.lifted.bed	/home/senescence/Documents/storage2/hiura/docker/bulk_env/data/00_analysis/Repthoscope.v1.0.0/VallePrep_v0.0.0/results/data/HG00323/hsat23/HG00323_hap2.HSat2and3_Regions.HSat2and3.log	15	95
HG00329	HG00329_hap1	PASS	/home/senescence/Documents/storage2/hiura/docker/bulk_env/data/00_analysis/Repthoscope.v1.0.0/VallePrep_v0.0.0/results/data/HG00329/filfa/HG00329_hap1.t2t.filtered.fasta.gz	/home/senescence/Documents/storage2/hiura/docker/bulk_env/data/00_analysis/Repthoscope.v1.0.0/VallePrep_v0.0.0/results/data/HG00329/filfa/HG00329_hap1.t2t.filtered.fasta.gz.fai	/home/senescence/Documents/storage2/hiura/docker/bulk_env/data/00_analysis/Repthoscope.v1.0.0/VallePrep_v0.0.0/results/data/HG00329/centro/HG00329_hap1.t2t.pass.bed	/home/senescence/Documents/storage2/hiura/docker/bulk_env/data/00_analysis/Repthoscope.v1.0.0/VallePrep_v0.0.0/results/data/HG00329/hsat23/HG00329_hap1.HSat2and3_Regions.lifted.bed	/home/senescence/Documents/storage2/hiura/docker/bulk_env/data/00_analysis/Repthoscope.v1.0.0/VallePrep_v0.0.0/results/data/HG00329/hsat23/HG00329_hap1.HSat2and3_Regions.HSat2and3.log	13	90
HG00329	HG00329_hap2	PASS	/home/senescence/Documents/storage2/hiura/docker/bulk_env/data/00_analysis/Repthoscope.v1.0.0/VallePrep_v0.0.0/results/data/HG00329/filfa/HG00329_hap2.t2t.filtered.fasta.gz	/home/senescence/Documents/storage2/hiura/docker/bulk_env/data/00_analysis/Repthoscope.v1.0.0/VallePrep_v0.0.0/results/data/HG00329/filfa/HG00329_hap2.t2t.filtered.fasta.gz.fai	/home/senescence/Documents/storage2/hiura/docker/bulk_env/data/00_analysis/Repthoscope.v1.0.0/VallePrep_v0.0.0/results/data/HG00329/centro/HG00329_hap2.t2t.pass.bed	/home/senescence/Documents/storage2/hiura/docker/bulk_env/data/00_analysis/Repthoscope.v1.0.0/VallePrep_v0.0.0/results/data/HG00329/hsat23/HG00329_hap2.HSat2and3_Regions.lifted.bed	/home/senescence/Documents/storage2/hiura/docker/bulk_env/data/00_analysis/Repthoscope.v1.0.0/VallePrep_v0.0.0/results/data/HG00329/hsat23/HG00329_hap2.HSat2and3_Regions.HSat2and3.log	12	71
HG00344	HG00344_hap1	PASS	/home/senescence/Documents/storage2/hiura/docker/bulk_env/data/00_analysis/Repthoscope.v1.0.0/VallePrep_v0.0.0/results/data/HG00344/filfa/HG00344_hap1.t2t.filtered.fasta.gz	/home/senescence/Documents/storage2/hiura/docker/bulk_env/data/00_analysis/Repthoscope.v1.0.0/VallePrep_v0.0.0/results/data/HG00344/filfa/HG00344_hap1.t2t.filtered.fasta.gz.fai	/home/senescence/Documents/storage2/hiura/docker/bulk_env/data/00_analysis/Repthoscope.v1.0.0/VallePrep_v0.0.0/results/data/HG00344/centro/HG00344_hap1.t2t.pass.bed	/home/senescence/Documents/storage2/hiura/docker/bulk_env/data/00_analysis/Repthoscope.v1.0.0/VallePrep_v0.0.0/results/data/HG00344/hsat23/HG00344_hap1.HSat2and3_Regions.lifted.bed	/home/senescence/Documents/storage2/hiura/docker/bulk_env/data/00_analysis/Repthoscope.v1.0.0/VallePrep_v0.0.0/results/data/HG00344/hsat23/HG00344_hap1.HSat2and3_Regions.HSat2and3.log	15	76
HG00344	HG00344_hap2	PASS	/home/senescence/Documents/storage2/hiura/docker/bulk_env/data/00_analysis/Repthoscope.v1.0.0/VallePrep_v0.0.0/results/data/HG00344/filfa/HG00344_hap2.t2t.filtered.fasta.gz	/home/senescence/Documents/storage2/hiura/docker/bulk_env/data/00_analysis/Repthoscope.v1.0.0/VallePrep_v0.0.0/results/data/HG00344/filfa/HG00344_hap2.t2t.filtered.fasta.gz.fai	/home/senescence/Documents/storage2/hiura/docker/bulk_env/data/00_analysis/Repthoscope.v1.0.0/VallePrep_v0.0.0/results/data/HG00344/centro/HG00344_hap2.t2t.pass.bed	/home/senescence/Documents/storage2/hiura/docker/bulk_env/data/00_analysis/Repthoscope.v1.0.0/VallePrep_v0.0.0/results/data/HG00344/hsat23/HG00344_hap2.HSat2and3_Regions.lifted.bed	/home/senescence/Documents/storage2/hiura/docker/bulk_env/data/00_analysis/Repthoscope.v1.0.0/VallePrep_v0.0.0/results/data/HG00344/hsat23/HG00344_hap2.HSat2and3_Regions.HSat2and3.log	16	104
HG00350	HG00350_hap1	PASS	/home/senescence/Documents/storage2/hiura/docker/bulk_env/data/00_analysis/Repthoscope.v1.0.0/VallePrep_v0.0.0/results/data/HG00350/filfa/HG00350_hap1.t2t.filtered.fasta.gz	/home/senescence/Documents/storage2/hiura/docker/bulk_env/data/00_analysis/Repthoscope.v1.0.0/VallePrep_v0.0.0/results/data/HG00350/filfa/HG00350_hap1.t2t.filtered.fasta.gz.fai	/home/senescence/Documents/storage2/hiura/docker/bulk_env/data/00_analysis/Repthoscope.v1.0.0/VallePrep_v0.0.0/results/data/HG00350/centro/HG00350_hap1.t2t.pass.bed	/home/senescence/Documents/storage2/hiura/docker/bulk_env/data/00_analysis/Repthoscope.v1.0.0/VallePrep_v0.0.0/results/data/HG00350/hsat23/HG00350_hap1.HSat2and3_Regions.lifted.bed	/home/senescence/Documents/storage2/hiura/docker/bulk_env/data/00_analysis/Repthoscope.v1.0.0/VallePrep_v0.0.0/results/data/HG00350/hsat23/HG00350_hap1.HSat2and3_Regions.HSat2and3.log	15	253
HG00350	HG00350_hap2	PASS	/home/senescence/Documents/storage2/hiura/docker/bulk_env/data/00_analysis/Repthoscope.v1.0.0/VallePrep_v0.0.0/results/data/HG00350/filfa/HG00350_hap2.t2t.filtered.fasta.gz	/home/senescence/Documents/storage2/hiura/docker/bulk_env/data/00_analysis/Repthoscope.v1.0.0/VallePrep_v0.0.0/results/data/HG00350/filfa/HG00350_hap2.t2t.filtered.fasta.gz.fai	/home/senescence/Documents/storage2/hiura/docker/bulk_env/data/00_analysis/Repthoscope.v1.0.0/VallePrep_v0.0.0/results/data/HG00350/centro/HG00350_hap2.t2t.pass.bed	/home/senescence/Documents/storage2/hiura/docker/bulk_env/data/00_analysis/Repthoscope.v1.0.0/VallePrep_v0.0.0/results/data/HG00350/hsat23/HG00350_hap2.HSat2and3_Regions.lifted.bed	/home/senescence/Documents/storage2/hiura/docker/bulk_env/data/00_analysis/Repthoscope.v1.0.0/VallePrep_v0.0.0/results/data/HG00350/hsat23/HG00350_hap2.HSat2and3_Regions.HSat2and3.log	15	258
HG00358	HG00358_hap1	PASS	/home/senescence/Documents/storage2/hiura/docker/bulk_env/data/00_analysis/Repthoscope.v1.0.0/VallePrep_v0.0.0/results/data/HG00358/filfa/HG00358_hap1.t2t.filtered.fasta.gz	/home/senescence/Documents/storage2/hiura/docker/bulk_env/data/00_analysis/Repthoscope.v1.0.0/VallePrep_v0.0.0/results/data/HG00358/filfa/HG00358_hap1.t2t.filtered.fasta.gz.fai	/home/senescence/Documents/storage2/hiura/docker/bulk_env/data/00_analysis/Repthoscope.v1.0.0/VallePrep_v0.0.0/results/data/HG00358/centro/HG00358_hap1.t2t.pass.bed	/home/senescence/Documents/storage2/hiura/docker/bulk_env/data/00_analysis/Repthoscope.v1.0.0/VallePrep_v0.0.0/results/data/HG00358/hsat23/HG00358_hap1.HSat2and3_Regions.lifted.bed	/home/senescence/Documents/storage2/hiura/docker/bulk_env/data/00_analysis/Repthoscope.v1.0.0/VallePrep_v0.0.0/results/data/HG00358/hsat23/HG00358_hap1.HSat2and3_Regions.HSat2and3.log	15	105
HG00358	HG00358_hap2	PASS	/home/senescence/Documents/storage2/hiura/docker/bulk_env/data/00_analysis/Repthoscope.v1.0.0/VallePrep_v0.0.0/results/data/HG00358/filfa/HG00358_hap2.t2t.filtered.fasta.gz	/home/senescence/Documents/storage2/hiura/docker/bulk_env/data/00_analysis/Repthoscope.v1.0.0/VallePrep_v0.0.0/results/data/HG00358/filfa/HG00358_hap2.t2t.filtered.fasta.gz.fai	/home/senescence/Documents/storage2/hiura/docker/bulk_env/data/00_analysis/Repthoscope.v1.0.0/VallePrep_v0.0.0/results/data/HG00358/centro/HG00358_hap2.t2t.pass.bed	/home/senescence/Documents/storage2/hiura/docker/bulk_env/data/00_analysis/Repthoscope.v1.0.0/VallePrep_v0.0.0/results/data/HG00358/hsat23/HG00358_hap2.HSat2and3_Regions.lifted.bed	/home/senescence/Documents/storage2/hiura/docker/bulk_env/data/00_analysis/Repthoscope.v1.0.0/VallePrep_v0.0.0/results/data/HG00358/hsat23/HG00358_hap2.HSat2and3_Regions.HSat2and3.log	15	171
HG00408	HG00408_hap1	PASS	/home/senescence/Documents/storage2/hiura/docker/bulk_env/data/00_analysis/Repthoscope.v1.0.0/VallePrep_v0.0.0/results/data/HG00408/filfa/HG00408_hap1.t2t.filtered.fasta.gz	/home/senescence/Documents/storage2/hiura/docker/bulk_env/data/00_analysis/Repthoscope.v1.0.0/VallePrep_v0.0.0/results/data/HG00408/filfa/HG00408_hap1.t2t.filtered.fasta.gz.fai	/home/senescence/Documents/storage2/hiura/docker/bulk_env/data/00_analysis/Repthoscope.v1.0.0/VallePrep_v0.0.0/results/data/HG00408/centro/HG00408_hap1.t2t.pass.bed	/home/senescence/Documents/storage2/hiura/docker/bulk_env/data/00_analysis/Repthoscope.v1.0.0/VallePrep_v0.0.0/results/data/HG00408/hsat23/HG00408_hap1.HSat2and3_Regions.lifted.bed	/home/senescence/Documents/storage2/hiura/docker/bulk_env/data/00_analysis/Repthoscope.v1.0.0/VallePrep_v0.0.0/results/data/HG00408/hsat23/HG00408_hap1.HSat2and3_Regions.HSat2and3.log	15	164
HG00408	HG00408_hap2	PASS	/home/senescence/Documents/storage2/hiura/docker/bulk_env/data/00_analysis/Repthoscope.v1.0.0/VallePrep_v0.0.0/results/data/HG00408/filfa/HG00408_hap2.t2t.filtered.fasta.gz	/home/senescence/Documents/storage2/hiura/docker/bulk_env/data/00_analysis/Repthoscope.v1.0.0/VallePrep_v0.0.0/results/data/HG00408/filfa/HG00408_hap2.t2t.filtered.fasta.gz.fai	/home/senescence/Documents/storage2/hiura/docker/bulk_env/data/00_analysis/Repthoscope.v1.0.0/VallePrep_v0.0.0/results/data/HG00408/centro/HG00408_hap2.t2t.pass.bed	/home/senescence/Documents/storage2/hiura/docker/bulk_env/data/00_analysis/Repthoscope.v1.0.0/VallePrep_v0.0.0/results/data/HG00408/hsat23/HG00408_hap2.HSat2and3_Regions.lifted.bed	/home/senescence/Documents/storage2/hiura/docker/bulk_env/data/00_analysis/Repthoscope.v1.0.0/VallePrep_v0.0.0/results/data/HG00408/hsat23/HG00408_hap2.HSat2and3_Regions.HSat2and3.log	15	167
HG00423	HG00423_hap1	PASS	/home/senescence/Documents/storage2/hiura/docker/bulk_env/data/00_analysis/Repthoscope.v1.0.0/VallePrep_v0.0.0/results/data/HG00423/filfa/HG00423_hap1.t2t.filtered.fasta.gz	/home/senescence/Documents/storage2/hiura/docker/bulk_env/data/00_analysis/Repthoscope.v1.0.0/VallePrep_v0.0.0/results/data/HG00423/filfa/HG00423_hap1.t2t.filtered.fasta.gz.fai	/home/senescence/Documents/storage2/hiura/docker/bulk_env/data/00_analysis/Repthoscope.v1.0.0/VallePrep_v0.0.0/results/data/HG00423/centro/HG00423_hap1.t2t.pass.bed	/home/senescence/Documents/storage2/hiura/docker/bulk_env/data/00_analysis/Repthoscope.v1.0.0/VallePrep_v0.0.0/results/data/HG00423/hsat23/HG00423_hap1.HSat2and3_Regions.lifted.bed	/home/senescence/Documents/storage2/hiura/docker/bulk_env/data/00_analysis/Repthoscope.v1.0.0/VallePrep_v0.0.0/results/data/HG00423/hsat23/HG00423_hap1.HSat2and3_Regions.HSat2and3.log	16	267
HG00423	HG00423_hap2	PASS	/home/senescence/Documents/storage2/hiura/docker/bulk_env/data/00_analysis/Repthoscope.v1.0.0/VallePrep_v0.0.0/results/data/HG00423/filfa/HG00423_hap2.t2t.filtered.fasta.gz	/home/senescence/Documents/storage2/hiura/docker/bulk_env/data/00_analysis/Repthoscope.v1.0.0/VallePrep_v0.0.0/results/data/HG00423/filfa/HG00423_hap2.t2t.filtered.fasta.gz.fai	/home/senescence/Documents/storage2/hiura/docker/bulk_env/data/00_analysis/Repthoscope.v1.0.0/VallePrep_v0.0.0/results/data/HG00423/centro/HG00423_hap2.t2t.pass.bed	/home/senescence/Documents/storage2/hiura/docker/bulk_env/data/00_analysis/Repthoscope.v1.0.0/VallePrep_v0.0.0/results/data/HG00423/hsat23/HG00423_hap2.HSat2and3_Regions.lifted.bed	/home/senescence/Documents/storage2/hiura/docker/bulk_env/data/00_analysis/Repthoscope.v1.0.0/VallePrep_v0.0.0/results/data/HG00423/hsat23/HG00423_hap2.HSat2and3_Regions.HSat2and3.log	16	270
HG00438	HG00438_hap1	PASS	/home/senescence/Documents/storage2/hiura/docker/bulk_env/data/00_analysis/Repthoscope.v1.0.0/VallePrep_v0.0.0/results/data/HG00438/filfa/HG00438_hap1.t2t.filtered.fasta.gz	/home/senescence/Documents/storage2/hiura/docker/bulk_env/data/00_analysis/Repthoscope.v1.0.0/VallePrep_v0.0.0/results/data/HG00438/filfa/HG00438_hap1.t2t.filtered.fasta.gz.fai	/home/senescence/Documents/storage2/hiura/docker/bulk_env/data/00_analysis/Repthoscope.v1.0.0/VallePrep_v0.0.0/results/data/HG00438/centro/HG00438_hap1.t2t.pass.bed	/home/senescence/Documents/storage2/hiura/docker/bulk_env/data/00_analysis/Repthoscope.v1.0.0/VallePrep_v0.0.0/results/data/HG00438/hsat23/HG00438_hap1.HSat2and3_Regions.lifted.bed	/home/senescence/Documents/storage2/hiura/docker/bulk_env/data/00_analysis/Repthoscope.v1.0.0/VallePrep_v0.0.0/results/data/HG00438/hsat23/HG00438_hap1.HSat2and3_Regions.HSat2and3.log	16	113
HG00438	HG00438_hap2	PASS	/home/senescence/Documents/storage2/hiura/docker/bulk_env/data/00_analysis/Repthoscope.v1.0.0/VallePrep_v0.0.0/results/data/HG00438/filfa/HG00438_hap2.t2t.filtered.fasta.gz	/home/senescence/Documents/storage2/hiura/docker/bulk_env/data/00_analysis/Repthoscope.v1.0.0/VallePrep_v0.0.0/results/data/HG00438/filfa/HG00438_hap2.t2t.filtered.fasta.gz.fai	/home/senescence/Documents/storage2/hiura/docker/bulk_env/data/00_analysis/Repthoscope.v1.0.0/VallePrep_v0.0.0/results/data/HG00438/centro/HG00438_hap2.t2t.pass.bed	/home/senescence/Documents/storage2/hiura/docker/bulk_env/data/00_analysis/Repthoscope.v1.0.0/VallePrep_v0.0.0/results/data/HG00438/hsat23/HG00438_hap2.HSat2and3_Regions.lifted.bed	/home/senescence/Documents/storage2/hiura/docker/bulk_env/data/00_analysis/Repthoscope.v1.0.0/VallePrep_v0.0.0/results/data/HG00438/hsat23/HG00438_hap2.HSat2and3_Regions.HSat2and3.log	18	240
HG00512	HG00512_hap1	PASS	/home/senescence/Documents/storage2/hiura/docker/bulk_env/data/00_analysis/Repthoscope.v1.0.0/VallePrep_v0.0.0/results/data/HG00512/filfa/HG00512_hap1.t2t.filtered.fasta.gz	/home/senescence/Documents/storage2/hiura/docker/bulk_env/data/00_analysis/Repthoscope.v1.0.0/VallePrep_v0.0.0/results/data/HG00512/filfa/HG00512_hap1.t2t.filtered.fasta.gz.fai	/home/senescence/Documents/storage2/hiura/docker/bulk_env/data/00_analysis/Repthoscope.v1.0.0/VallePrep_v0.0.0/results/data/HG00512/centro/HG00512_hap1.t2t.pass.bed	/home/senescence/Documents/storage2/hiura/docker/bulk_env/data/00_analysis/Repthoscope.v1.0.0/VallePrep_v0.0.0/results/data/HG00512/hsat23/HG00512_hap1.HSat2and3_Regions.lifted.bed	/home/senescence/Documents/storage2/hiura/docker/bulk_env/data/00_analysis/Repthoscope.v1.0.0/VallePrep_v0.0.0/results/data/HG00512/hsat23/HG00512_hap1.HSat2and3_Regions.HSat2and3.log	11	42
HG00512	HG00512_hap2	PASS	/home/senescence/Documents/storage2/hiura/docker/bulk_env/data/00_analysis/Repthoscope.v1.0.0/VallePrep_v0.0.0/results/data/HG00512/filfa/HG00512_hap2.t2t.filtered.fasta.gz	/home/senescence/Documents/storage2/hiura/docker/bulk_env/data/00_analysis/Repthoscope.v1.0.0/VallePrep_v0.0.0/results/data/HG00512/filfa/HG00512_hap2.t2t.filtered.fasta.gz.fai	/home/senescence/Documents/storage2/hiura/docker/bulk_env/data/00_analysis/Repthoscope.v1.0.0/VallePrep_v0.0.0/results/data/HG00512/centro/HG00512_hap2.t2t.pass.bed	/home/senescence/Documents/storage2/hiura/docker/bulk_env/data/00_analysis/Repthoscope.v1.0.0/VallePrep_v0.0.0/results/data/HG00512/hsat23/HG00512_hap2.HSat2and3_Regions.lifted.bed	/home/senescence/Documents/storage2/hiura/docker/bulk_env/data/00_analysis/Repthoscope.v1.0.0/VallePrep_v0.0.0/results/data/HG00512/hsat23/HG00512_hap2.HSat2and3_Regions.HSat2and3.log	13	65
HG00513	HG00513_hap1	PASS	/home/senescence/Documents/storage2/hiura/docker/bulk_env/data/00_analysis/Repthoscope.v1.0.0/VallePrep_v0.0.0/results/data/HG00513/filfa/HG00513_hap1.t2t.filtered.fasta.gz	/home/senescence/Documents/storage2/hiura/docker/bulk_env/data/00_analysis/Repthoscope.v1.0.0/VallePrep_v0.0.0/results/data/HG00513/filfa/HG00513_hap1.t2t.filtered.fasta.gz.fai	/home/senescence/Documents/storage2/hiura/docker/bulk_env/data/00_analysis/Repthoscope.v1.0.0/VallePrep_v0.0.0/results/data/HG00513/centro/HG00513_hap1.t2t.pass.bed	/home/senescence/Documents/storage2/hiura/docker/bulk_env/data/00_analysis/Repthoscope.v1.0.0/VallePrep_v0.0.0/results/data/HG00513/hsat23/HG00513_hap1.HSat2and3_Regions.lifted.bed	/home/senescence/Documents/storage2/hiura/docker/bulk_env/data/00_analysis/Repthoscope.v1.0.0/VallePrep_v0.0.0/results/data/HG00513/hsat23/HG00513_hap1.HSat2and3_Regions.HSat2and3.log	10	82
HG00513	HG00513_hap2	PASS	/home/senescence/Documents/storage2/hiura/docker/bulk_env/data/00_analysis/Repthoscope.v1.0.0/VallePrep_v0.0.0/results/data/HG00513/filfa/HG00513_hap2.t2t.filtered.fasta.gz	/home/senescence/Documents/storage2/hiura/docker/bulk_env/data/00_analysis/Repthoscope.v1.0.0/VallePrep_v0.0.0/results/data/HG00513/filfa/HG00513_hap2.t2t.filtered.fasta.gz.fai	/home/senescence/Documents/storage2/hiura/docker/bulk_env/data/00_analysis/Repthoscope.v1.0.0/VallePrep_v0.0.0/results/data/HG00513/centro/HG00513_hap2.t2t.pass.bed	/home/senescence/Documents/storage2/hiura/docker/bulk_env/data/00_analysis/Repthoscope.v1.0.0/VallePrep_v0.0.0/results/data/HG00513/hsat23/HG00513_hap2.HSat2and3_Regions.lifted.bed	/home/senescence/Documents/storage2/hiura/docker/bulk_env/data/00_analysis/Repthoscope.v1.0.0/VallePrep_v0.0.0/results/data/HG00513/hsat23/HG00513_hap2.HSat2and3_Regions.HSat2and3.log	16	230
HG00514	HG00514_hap1	PASS	/home/senescence/Documents/storage2/hiura/docker/bulk_env/data/00_analysis/Repthoscope.v1.0.0/VallePrep_v0.0.0/results/data/HG00514/filfa/HG00514_hap1.t2t.filtered.fasta.gz	/home/senescence/Documents/storage2/hiura/docker/bulk_env/data/00_analysis/Repthoscope.v1.0.0/VallePrep_v0.0.0/results/data/HG00514/filfa/HG00514_hap1.t2t.filtered.fasta.gz.fai	/home/senescence/Documents/storage2/hiura/docker/bulk_env/data/00_analysis/Repthoscope.v1.0.0/VallePrep_v0.0.0/results/data/HG00514/centro/HG00514_hap1.t2t.pass.bed	/home/senescence/Documents/storage2/hiura/docker/bulk_env/data/00_analysis/Repthoscope.v1.0.0/VallePrep_v0.0.0/results/data/HG00514/hsat23/HG00514_hap1.HSat2and3_Regions.lifted.bed	/home/senescence/Documents/storage2/hiura/docker/bulk_env/data/00_analysis/Repthoscope.v1.0.0/VallePrep_v0.0.0/results/data/HG00514/hsat23/HG00514_hap1.HSat2and3_Regions.HSat2and3.log	9	34
HG00514	HG00514_hap2	PASS	/home/senescence/Documents/storage2/hiura/docker/bulk_env/data/00_analysis/Repthoscope.v1.0.0/VallePrep_v0.0.0/results/data/HG00514/filfa/HG00514_hap2.t2t.filtered.fasta.gz	/home/senescence/Documents/storage2/hiura/docker/bulk_env/data/00_analysis/Repthoscope.v1.0.0/VallePrep_v0.0.0/results/data/HG00514/filfa/HG00514_hap2.t2t.filtered.fasta.gz.fai	/home/senescence/Documents/storage2/hiura/docker/bulk_env/data/00_analysis/Repthoscope.v1.0.0/VallePrep_v0.0.0/results/data/HG00514/centro/HG00514_hap2.t2t.pass.bed	/home/senescence/Documents/storage2/hiura/docker/bulk_env/data/00_analysis/Repthoscope.v1.0.0/VallePrep_v0.0.0/results/data/HG00514/hsat23/HG00514_hap2.HSat2and3_Regions.lifted.bed	/home/senescence/Documents/storage2/hiura/docker/bulk_env/data/00_analysis/Repthoscope.v1.0.0/VallePrep_v0.0.0/results/data/HG00514/hsat23/HG00514_hap2.HSat2and3_Regions.HSat2and3.log	9	28
HG00544	HG00544_hap1	PASS	/home/senescence/Documents/storage2/hiura/docker/bulk_env/data/00_analysis/Repthoscope.v1.0.0/VallePrep_v0.0.0/results/data/HG00544/filfa/HG00544_hap1.t2t.filtered.fasta.gz	/home/senescence/Documents/storage2/hiura/docker/bulk_env/data/00_analysis/Repthoscope.v1.0.0/VallePrep_v0.0.0/results/data/HG00544/filfa/HG00544_hap1.t2t.filtered.fasta.gz.fai	/home/senescence/Documents/storage2/hiura/docker/bulk_env/data/00_analysis/Repthoscope.v1.0.0/VallePrep_v0.0.0/results/data/HG00544/centro/HG00544_hap1.t2t.pass.bed	/home/senescence/Documents/storage2/hiura/docker/bulk_env/data/00_analysis/Repthoscope.v1.0.0/VallePrep_v0.0.0/results/data/HG00544/hsat23/HG00544_hap1.HSat2and3_Regions.lifted.bed	/home/senescence/Documents/storage2/hiura/docker/bulk_env/data/00_analysis/Repthoscope.v1.0.0/VallePrep_v0.0.0/results/data/HG00544/hsat23/HG00544_hap1.HSat2and3_Regions.HSat2and3.log	15	275
HG00544	HG00544_hap2	PASS	/home/senescence/Documents/storage2/hiura/docker/bulk_env/data/00_analysis/Repthoscope.v1.0.0/VallePrep_v0.0.0/results/data/HG00544/filfa/HG00544_hap2.t2t.filtered.fasta.gz	/home/senescence/Documents/storage2/hiura/docker/bulk_env/data/00_analysis/Repthoscope.v1.0.0/VallePrep_v0.0.0/results/data/HG00544/filfa/HG00544_hap2.t2t.filtered.fasta.gz.fai	/home/senescence/Documents/storage2/hiura/docker/bulk_env/data/00_analysis/Repthoscope.v1.0.0/VallePrep_v0.0.0/results/data/HG00544/centro/HG00544_hap2.t2t.pass.bed	/home/senescence/Documents/storage2/hiura/docker/bulk_env/data/00_analysis/Repthoscope.v1.0.0/VallePrep_v0.0.0/results/data/HG00544/hsat23/HG00544_hap2.HSat2and3_Regions.lifted.bed	/home/senescence/Documents/storage2/hiura/docker/bulk_env/data/00_analysis/Repthoscope.v1.0.0/VallePrep_v0.0.0/results/data/HG00544/hsat23/HG00544_hap2.HSat2and3_Regions.HSat2and3.log	15	237
HG00558	HG00558_hap1	PASS	/home/senescence/Documents/storage2/hiura/docker/bulk_env/data/00_analysis/Repthoscope.v1.0.0/VallePrep_v0.0.0/results/data/HG00558/filfa/HG00558_hap1.t2t.filtered.fasta.gz	/home/senescence/Documents/storage2/hiura/docker/bulk_env/data/00_analysis/Repthoscope.v1.0.0/VallePrep_v0.0.0/results/data/HG00558/filfa/HG00558_hap1.t2t.filtered.fasta.gz.fai	/home/senescence/Documents/storage2/hiura/docker/bulk_env/data/00_analysis/Repthoscope.v1.0.0/VallePrep_v0.0.0/results/data/HG00558/centro/HG00558_hap1.t2t.pass.bed	/home/senescence/Documents/storage2/hiura/docker/bulk_env/data/00_analysis/Repthoscope.v1.0.0/VallePrep_v0.0.0/results/data/HG00558/hsat23/HG00558_hap1.HSat2and3_Regions.lifted.bed	/home/senescence/Documents/storage2/hiura/docker/bulk_env/data/00_analysis/Repthoscope.v1.0.0/VallePrep_v0.0.0/results/data/HG00558/hsat23/HG00558_hap1.HSat2and3_Regions.HSat2and3.log	15	222
HG00558	HG00558_hap2	PASS	/home/senescence/Documents/storage2/hiura/docker/bulk_env/data/00_analysis/Repthoscope.v1.0.0/VallePrep_v0.0.0/results/data/HG00558/filfa/HG00558_hap2.t2t.filtered.fasta.gz	/home/senescence/Documents/storage2/hiura/docker/bulk_env/data/00_analysis/Repthoscope.v1.0.0/VallePrep_v0.0.0/results/data/HG00558/filfa/HG00558_hap2.t2t.filtered.fasta.gz.fai	/home/senescence/Documents/storage2/hiura/docker/bulk_env/data/00_analysis/Repthoscope.v1.0.0/VallePrep_v0.0.0/results/data/HG00558/centro/HG00558_hap2.t2t.pass.bed	/home/senescence/Documents/storage2/hiura/docker/bulk_env/data/00_analysis/Repthoscope.v1.0.0/VallePrep_v0.0.0/results/data/HG00558/hsat23/HG00558_hap2.HSat2and3_Regions.lifted.bed	/home/senescence/Documents/storage2/hiura/docker/bulk_env/data/00_analysis/Repthoscope.v1.0.0/VallePrep_v0.0.0/results/data/HG00558/hsat23/HG00558_hap2.HSat2and3_Regions.HSat2and3.log	15	212
HG00597	HG00597_hap1	PASS	/home/senescence/Documents/storage2/hiura/docker/bulk_env/data/00_analysis/Repthoscope.v1.0.0/VallePrep_v0.0.0/results/data/HG00597/filfa/HG00597_hap1.t2t.filtered.fasta.gz	/home/senescence/Documents/storage2/hiura/docker/bulk_env/data/00_analysis/Repthoscope.v1.0.0/VallePrep_v0.0.0/results/data/HG00597/filfa/HG00597_hap1.t2t.filtered.fasta.gz.fai	/home/senescence/Documents/storage2/hiura/docker/bulk_env/data/00_analysis/Repthoscope.v1.0.0/VallePrep_v0.0.0/results/data/HG00597/centro/HG00597_hap1.t2t.pass.bed	/home/senescence/Documents/storage2/hiura/docker/bulk_env/data/00_analysis/Repthoscope.v1.0.0/VallePrep_v0.0.0/results/data/HG00597/hsat23/HG00597_hap1.HSat2and3_Regions.lifted.bed	/home/senescence/Documents/storage2/hiura/docker/bulk_env/data/00_analysis/Repthoscope.v1.0.0/VallePrep_v0.0.0/results/data/HG00597/hsat23/HG00597_hap1.HSat2and3_Regions.HSat2and3.log	16	244
HG00597	HG00597_hap2	PASS	/home/senescence/Documents/storage2/hiura/docker/bulk_env/data/00_analysis/Repthoscope.v1.0.0/VallePrep_v0.0.0/results/data/HG00597/filfa/HG00597_hap2.t2t.filtered.fasta.gz	/home/senescence/Documents/storage2/hiura/docker/bulk_env/data/00_analysis/Repthoscope.v1.0.0/VallePrep_v0.0.0/results/data/HG00597/filfa/HG00597_hap2.t2t.filtered.fasta.gz.fai	/home/senescence/Documents/storage2/hiura/docker/bulk_env/data/00_analysis/Repthoscope.v1.0.0/VallePrep_v0.0.0/results/data/HG00597/centro/HG00597_hap2.t2t.pass.bed	/home/senescence/Documents/storage2/hiura/docker/bulk_env/data/00_analysis/Repthoscope.v1.0.0/VallePrep_v0.0.0/results/data/HG00597/hsat23/HG00597_hap2.HSat2and3_Regions.lifted.bed	/home/senescence/Documents/storage2/hiura/docker/bulk_env/data/00_analysis/Repthoscope.v1.0.0/VallePrep_v0.0.0/results/data/HG00597/hsat23/HG00597_hap2.HSat2and3_Regions.HSat2and3.log	15	197
HG00609	HG00609_hap1	PASS	/home/senescence/Documents/storage2/hiura/docker/bulk_env/data/00_analysis/Repthoscope.v1.0.0/VallePrep_v0.0.0/results/data/HG00609/filfa/HG00609_hap1.t2t.filtered.fasta.gz	/home/senescence/Documents/storage2/hiura/docker/bulk_env/data/00_analysis/Repthoscope.v1.0.0/VallePrep_v0.0.0/results/data/HG00609/filfa/HG00609_hap1.t2t.filtered.fasta.gz.fai	/home/senescence/Documents/storage2/hiura/docker/bulk_env/data/00_analysis/Repthoscope.v1.0.0/VallePrep_v0.0.0/results/data/HG00609/centro/HG00609_hap1.t2t.pass.bed	/home/senescence/Documents/storage2/hiura/docker/bulk_env/data/00_analysis/Repthoscope.v1.0.0/VallePrep_v0.0.0/results/data/HG00609/hsat23/HG00609_hap1.HSat2and3_Regions.lifted.bed	/home/senescence/Documents/storage2/hiura/docker/bulk_env/data/00_analysis/Repthoscope.v1.0.0/VallePrep_v0.0.0/results/data/HG00609/hsat23/HG00609_hap1.HSat2and3_Regions.HSat2and3.log	16	215
HG00609	HG00609_hap2	PASS	/home/senescence/Documents/storage2/hiura/docker/bulk_env/data/00_analysis/Repthoscope.v1.0.0/VallePrep_v0.0.0/results/data/HG00609/filfa/HG00609_hap2.t2t.filtered.fasta.gz	/home/senescence/Documents/storage2/hiura/docker/bulk_env/data/00_analysis/Repthoscope.v1.0.0/VallePrep_v0.0.0/results/data/HG00609/filfa/HG00609_hap2.t2t.filtered.fasta.gz.fai	/home/senescence/Documents/storage2/hiura/docker/bulk_env/data/00_analysis/Repthoscope.v1.0.0/VallePrep_v0.0.0/results/data/HG00609/centro/HG00609_hap2.t2t.pass.bed	/home/senescence/Documents/storage2/hiura/docker/bulk_env/data/00_analysis/Repthoscope.v1.0.0/VallePrep_v0.0.0/results/data/HG00609/hsat23/HG00609_hap2.HSat2and3_Regions.lifted.bed	/home/senescence/Documents/storage2/hiura/docker/bulk_env/data/00_analysis/Repthoscope.v1.0.0/VallePrep_v0.0.0/results/data/HG00609/hsat23/HG00609_hap2.HSat2and3_Regions.HSat2and3.log	16	233
HG00621	HG00621_hap1	PASS	/home/senescence/Documents/storage2/hiura/docker/bulk_env/data/00_analysis/Repthoscope.v1.0.0/VallePrep_v0.0.0/results/data/HG00621/filfa/HG00621_hap1.t2t.filtered.fasta.gz	/home/senescence/Documents/storage2/hiura/docker/bulk_env/data/00_analysis/Repthoscope.v1.0.0/VallePrep_v0.0.0/results/data/HG00621/filfa/HG00621_hap1.t2t.filtered.fasta.gz.fai	/home/senescence/Documents/storage2/hiura/docker/bulk_env/data/00_analysis/Repthoscope.v1.0.0/VallePrep_v0.0.0/results/data/HG00621/centro/HG00621_hap1.t2t.pass.bed	/home/senescence/Documents/storage2/hiura/docker/bulk_env/data/00_analysis/Repthoscope.v1.0.0/VallePrep_v0.0.0/results/data/HG00621/hsat23/HG00621_hap1.HSat2and3_Regions.lifted.bed	/home/senescence/Documents/storage2/hiura/docker/bulk_env/data/00_analysis/Repthoscope.v1.0.0/VallePrep_v0.0.0/results/data/HG00621/hsat23/HG00621_hap1.HSat2and3_Regions.HSat2and3.log	15	230
HG00621	HG00621_hap2	PASS	/home/senescence/Documents/storage2/hiura/docker/bulk_env/data/00_analysis/Repthoscope.v1.0.0/VallePrep_v0.0.0/results/data/HG00621/filfa/HG00621_hap2.t2t.filtered.fasta.gz	/home/senescence/Documents/storage2/hiura/docker/bulk_env/data/00_analysis/Repthoscope.v1.0.0/VallePrep_v0.0.0/results/data/HG00621/filfa/HG00621_hap2.t2t.filtered.fasta.gz.fai	/home/senescence/Documents/storage2/hiura/docker/bulk_env/data/00_analysis/Repthoscope.v1.0.0/VallePrep_v0.0.0/results/data/HG00621/centro/HG00621_hap2.t2t.pass.bed	/home/senescence/Documents/storage2/hiura/docker/bulk_env/data/00_analysis/Repthoscope.v1.0.0/VallePrep_v0.0.0/results/data/HG00621/hsat23/HG00621_hap2.HSat2and3_Regions.lifted.bed	/home/senescence/Documents/storage2/hiura/docker/bulk_env/data/00_analysis/Repthoscope.v1.0.0/VallePrep_v0.0.0/results/data/HG00621/hsat23/HG00621_hap2.HSat2and3_Regions.HSat2and3.log	15	227
HG00639	HG00639_hap1	PASS	/home/senescence/Documents/storage2/hiura/docker/bulk_env/data/00_analysis/Repthoscope.v1.0.0/VallePrep_v0.0.0/results/data/HG00639/filfa/HG00639_hap1.t2t.filtered.fasta.gz	/home/senescence/Documents/storage2/hiura/docker/bulk_env/data/00_analysis/Repthoscope.v1.0.0/VallePrep_v0.0.0/results/data/HG00639/filfa/HG00639_hap1.t2t.filtered.fasta.gz.fai	/home/senescence/Documents/storage2/hiura/docker/bulk_env/data/00_analysis/Repthoscope.v1.0.0/VallePrep_v0.0.0/results/data/HG00639/centro/HG00639_hap1.t2t.pass.bed	/home/senescence/Documents/storage2/hiura/docker/bulk_env/data/00_analysis/Repthoscope.v1.0.0/VallePrep_v0.0.0/results/data/HG00639/hsat23/HG00639_hap1.HSat2and3_Regions.lifted.bed	/home/senescence/Documents/storage2/hiura/docker/bulk_env/data/00_analysis/Repthoscope.v1.0.0/VallePrep_v0.0.0/results/data/HG00639/hsat23/HG00639_hap1.HSat2and3_Regions.HSat2and3.log	14	92
HG00639	HG00639_hap2	PASS	/home/senescence/Documents/storage2/hiura/docker/bulk_env/data/00_analysis/Repthoscope.v1.0.0/VallePrep_v0.0.0/results/data/HG00639/filfa/HG00639_hap2.t2t.filtered.fasta.gz	/home/senescence/Documents/storage2/hiura/docker/bulk_env/data/00_analysis/Repthoscope.v1.0.0/VallePrep_v0.0.0/results/data/HG00639/filfa/HG00639_hap2.t2t.filtered.fasta.gz.fai	/home/senescence/Documents/storage2/hiura/docker/bulk_env/data/00_analysis/Repthoscope.v1.0.0/VallePrep_v0.0.0/results/data/HG00639/centro/HG00639_hap2.t2t.pass.bed	/home/senescence/Documents/storage2/hiura/docker/bulk_env/data/00_analysis/Repthoscope.v1.0.0/VallePrep_v0.0.0/results/data/HG00639/hsat23/HG00639_hap2.HSat2and3_Regions.lifted.bed	/home/senescence/Documents/storage2/hiura/docker/bulk_env/data/00_analysis/Repthoscope.v1.0.0/VallePrep_v0.0.0/results/data/HG00639/hsat23/HG00639_hap2.HSat2and3_Regions.HSat2and3.log	13	81
HG00642	HG00642_hap1	PASS	/home/senescence/Documents/storage2/hiura/docker/bulk_env/data/00_analysis/Repthoscope.v1.0.0/VallePrep_v0.0.0/results/data/HG00642/filfa/HG00642_hap1.t2t.filtered.fasta.gz	/home/senescence/Documents/storage2/hiura/docker/bulk_env/data/00_analysis/Repthoscope.v1.0.0/VallePrep_v0.0.0/results/data/HG00642/filfa/HG00642_hap1.t2t.filtered.fasta.gz.fai	/home/senescence/Documents/storage2/hiura/docker/bulk_env/data/00_analysis/Repthoscope.v1.0.0/VallePrep_v0.0.0/results/data/HG00642/centro/HG00642_hap1.t2t.pass.bed	/home/senescence/Documents/storage2/hiura/docker/bulk_env/data/00_analysis/Repthoscope.v1.0.0/VallePrep_v0.0.0/results/data/HG00642/hsat23/HG00642_hap1.HSat2and3_Regions.lifted.bed	/home/senescence/Documents/storage2/hiura/docker/bulk_env/data/00_analysis/Repthoscope.v1.0.0/VallePrep_v0.0.0/results/data/HG00642/hsat23/HG00642_hap1.HSat2and3_Regions.HSat2and3.log	13	94
HG00642	HG00642_hap2	PASS	/home/senescence/Documents/storage2/hiura/docker/bulk_env/data/00_analysis/Repthoscope.v1.0.0/VallePrep_v0.0.0/results/data/HG00642/filfa/HG00642_hap2.t2t.filtered.fasta.gz	/home/senescence/Documents/storage2/hiura/docker/bulk_env/data/00_analysis/Repthoscope.v1.0.0/VallePrep_v0.0.0/results/data/HG00642/filfa/HG00642_hap2.t2t.filtered.fasta.gz.fai	/home/senescence/Documents/storage2/hiura/docker/bulk_env/data/00_analysis/Repthoscope.v1.0.0/VallePrep_v0.0.0/results/data/HG00642/centro/HG00642_hap2.t2t.pass.bed	/home/senescence/Documents/storage2/hiura/docker/bulk_env/data/00_analysis/Repthoscope.v1.0.0/VallePrep_v0.0.0/results/data/HG00642/hsat23/HG00642_hap2.HSat2and3_Regions.lifted.bed	/home/senescence/Documents/storage2/hiura/docker/bulk_env/data/00_analysis/Repthoscope.v1.0.0/VallePrep_v0.0.0/results/data/HG00642/hsat23/HG00642_hap2.HSat2and3_Regions.HSat2and3.log	14	181
HG00658	HG00658_hap1	PASS	/home/senescence/Documents/storage2/hiura/docker/bulk_env/data/00_analysis/Repthoscope.v1.0.0/VallePrep_v0.0.0/results/data/HG00658/filfa/HG00658_hap1.t2t.filtered.fasta.gz	/home/senescence/Documents/storage2/hiura/docker/bulk_env/data/00_analysis/Repthoscope.v1.0.0/VallePrep_v0.0.0/results/data/HG00658/filfa/HG00658_hap1.t2t.filtered.fasta.gz.fai	/home/senescence/Documents/storage2/hiura/docker/bulk_env/data/00_analysis/Repthoscope.v1.0.0/VallePrep_v0.0.0/results/data/HG00658/centro/HG00658_hap1.t2t.pass.bed	/home/senescence/Documents/storage2/hiura/docker/bulk_env/data/00_analysis/Repthoscope.v1.0.0/VallePrep_v0.0.0/results/data/HG00658/hsat23/HG00658_hap1.HSat2and3_Regions.lifted.bed	/home/senescence/Documents/storage2/hiura/docker/bulk_env/data/00_analysis/Repthoscope.v1.0.0/VallePrep_v0.0.0/results/data/HG00658/hsat23/HG00658_hap1.HSat2and3_Regions.HSat2and3.log	13	214
HG00658	HG00658_hap2	PASS	/home/senescence/Documents/storage2/hiura/docker/bulk_env/data/00_analysis/Repthoscope.v1.0.0/VallePrep_v0.0.0/results/data/HG00658/filfa/HG00658_hap2.t2t.filtered.fasta.gz	/home/senescence/Documents/storage2/hiura/docker/bulk_env/data/00_analysis/Repthoscope.v1.0.0/VallePrep_v0.0.0/results/data/HG00658/filfa/HG00658_hap2.t2t.filtered.fasta.gz.fai	/home/senescence/Documents/storage2/hiura/docker/bulk_env/data/00_analysis/Repthoscope.v1.0.0/VallePrep_v0.0.0/results/data/HG00658/centro/HG00658_hap2.t2t.pass.bed	/home/senescence/Documents/storage2/hiura/docker/bulk_env/data/00_analysis/Repthoscope.v1.0.0/VallePrep_v0.0.0/results/data/HG00658/hsat23/HG00658_hap2.HSat2and3_Regions.lifted.bed	/home/senescence/Documents/storage2/hiura/docker/bulk_env/data/00_analysis/Repthoscope.v1.0.0/VallePrep_v0.0.0/results/data/HG00658/hsat23/HG00658_hap2.HSat2and3_Regions.HSat2and3.log	12	219
HG00673	HG00673_hap1	PASS	/home/senescence/Documents/storage2/hiura/docker/bulk_env/data/00_analysis/Repthoscope.v1.0.0/VallePrep_v0.0.0/results/data/HG00673/filfa/HG00673_hap1.t2t.filtered.fasta.gz	/home/senescence/Documents/storage2/hiura/docker/bulk_env/data/00_analysis/Repthoscope.v1.0.0/VallePrep_v0.0.0/results/data/HG00673/filfa/HG00673_hap1.t2t.filtered.fasta.gz.fai	/home/senescence/Documents/storage2/hiura/docker/bulk_env/data/00_analysis/Repthoscope.v1.0.0/VallePrep_v0.0.0/results/data/HG00673/centro/HG00673_hap1.t2t.pass.bed	/home/senescence/Documents/storage2/hiura/docker/bulk_env/data/00_analysis/Repthoscope.v1.0.0/VallePrep_v0.0.0/results/data/HG00673/hsat23/HG00673_hap1.HSat2and3_Regions.lifted.bed	/home/senescence/Documents/storage2/hiura/docker/bulk_env/data/00_analysis/Repthoscope.v1.0.0/VallePrep_v0.0.0/results/data/HG00673/hsat23/HG00673_hap1.HSat2and3_Regions.HSat2and3.log	16	204
HG00673	HG00673_hap2	PASS	/home/senescence/Documents/storage2/hiura/docker/bulk_env/data/00_analysis/Repthoscope.v1.0.0/VallePrep_v0.0.0/results/data/HG00673/filfa/HG00673_hap2.t2t.filtered.fasta.gz	/home/senescence/Documents/storage2/hiura/docker/bulk_env/data/00_analysis/Repthoscope.v1.0.0/VallePrep_v0.0.0/results/data/HG00673/filfa/HG00673_hap2.t2t.filtered.fasta.gz.fai	/home/senescence/Documents/storage2/hiura/docker/bulk_env/data/00_analysis/Repthoscope.v1.0.0/VallePrep_v0.0.0/results/data/HG00673/centro/HG00673_hap2.t2t.pass.bed	/home/senescence/Documents/storage2/hiura/docker/bulk_env/data/00_analysis/Repthoscope.v1.0.0/VallePrep_v0.0.0/results/data/HG00673/hsat23/HG00673_hap2.HSat2and3_Regions.lifted.bed	/home/senescence/Documents/storage2/hiura/docker/bulk_env/data/00_analysis/Repthoscope.v1.0.0/VallePrep_v0.0.0/results/data/HG00673/hsat23/HG00673_hap2.HSat2and3_Regions.HSat2and3.log	14	249
HG00706	HG00706_hap1	PASS	/home/senescence/Documents/storage2/hiura/docker/bulk_env/data/00_analysis/Repthoscope.v1.0.0/VallePrep_v0.0.0/results/data/HG00706/filfa/HG00706_hap1.t2t.filtered.fasta.gz	/home/senescence/Documents/storage2/hiura/docker/bulk_env/data/00_analysis/Repthoscope.v1.0.0/VallePrep_v0.0.0/results/data/HG00706/filfa/HG00706_hap1.t2t.filtered.fasta.gz.fai	/home/senescence/Documents/storage2/hiura/docker/bulk_env/data/00_analysis/Repthoscope.v1.0.0/VallePrep_v0.0.0/results/data/HG00706/centro/HG00706_hap1.t2t.pass.bed	/home/senescence/Documents/storage2/hiura/docker/bulk_env/data/00_analysis/Repthoscope.v1.0.0/VallePrep_v0.0.0/results/data/HG00706/hsat23/HG00706_hap1.HSat2and3_Regions.lifted.bed	/home/senescence/Documents/storage2/hiura/docker/bulk_env/data/00_analysis/Repthoscope.v1.0.0/VallePrep_v0.0.0/results/data/HG00706/hsat23/HG00706_hap1.HSat2and3_Regions.HSat2and3.log	16	269
HG00706	HG00706_hap2	PASS	/home/senescence/Documents/storage2/hiura/docker/bulk_env/data/00_analysis/Repthoscope.v1.0.0/VallePrep_v0.0.0/results/data/HG00706/filfa/HG00706_hap2.t2t.filtered.fasta.gz	/home/senescence/Documents/storage2/hiura/docker/bulk_env/data/00_analysis/Repthoscope.v1.0.0/VallePrep_v0.0.0/results/data/HG00706/filfa/HG00706_hap2.t2t.filtered.fasta.gz.fai	/home/senescence/Documents/storage2/hiura/docker/bulk_env/data/00_analysis/Repthoscope.v1.0.0/VallePrep_v0.0.0/results/data/HG00706/centro/HG00706_hap2.t2t.pass.bed	/home/senescence/Documents/storage2/hiura/docker/bulk_env/data/00_analysis/Repthoscope.v1.0.0/VallePrep_v0.0.0/results/data/HG00706/hsat23/HG00706_hap2.HSat2and3_Regions.lifted.bed	/home/senescence/Documents/storage2/hiura/docker/bulk_env/data/00_analysis/Repthoscope.v1.0.0/VallePrep_v0.0.0/results/data/HG00706/hsat23/HG00706_hap2.HSat2and3_Regions.HSat2and3.log	15	168
HG00731	HG00731_hap1	PASS	/home/senescence/Documents/storage2/hiura/docker/bulk_env/data/00_analysis/Repthoscope.v1.0.0/VallePrep_v0.0.0/results/data/HG00731/filfa/HG00731_hap1.t2t.filtered.fasta.gz	/home/senescence/Documents/storage2/hiura/docker/bulk_env/data/00_analysis/Repthoscope.v1.0.0/VallePrep_v0.0.0/results/data/HG00731/filfa/HG00731_hap1.t2t.filtered.fasta.gz.fai	/home/senescence/Documents/storage2/hiura/docker/bulk_env/data/00_analysis/Repthoscope.v1.0.0/VallePrep_v0.0.0/results/data/HG00731/centro/HG00731_hap1.t2t.pass.bed	/home/senescence/Documents/storage2/hiura/docker/bulk_env/data/00_analysis/Repthoscope.v1.0.0/VallePrep_v0.0.0/results/data/HG00731/hsat23/HG00731_hap1.HSat2and3_Regions.lifted.bed	/home/senescence/Documents/storage2/hiura/docker/bulk_env/data/00_analysis/Repthoscope.v1.0.0/VallePrep_v0.0.0/results/data/HG00731/hsat23/HG00731_hap1.HSat2and3_Regions.HSat2and3.log	18	239
HG00731	HG00731_hap2	PASS	/home/senescence/Documents/storage2/hiura/docker/bulk_env/data/00_analysis/Repthoscope.v1.0.0/VallePrep_v0.0.0/results/data/HG00731/filfa/HG00731_hap2.t2t.filtered.fasta.gz	/home/senescence/Documents/storage2/hiura/docker/bulk_env/data/00_analysis/Repthoscope.v1.0.0/VallePrep_v0.0.0/results/data/HG00731/filfa/HG00731_hap2.t2t.filtered.fasta.gz.fai	/home/senescence/Documents/storage2/hiura/docker/bulk_env/data/00_analysis/Repthoscope.v1.0.0/VallePrep_v0.0.0/results/data/HG00731/centro/HG00731_hap2.t2t.pass.bed	/home/senescence/Documents/storage2/hiura/docker/bulk_env/data/00_analysis/Repthoscope.v1.0.0/VallePrep_v0.0.0/results/data/HG00731/hsat23/HG00731_hap2.HSat2and3_Regions.lifted.bed	/home/senescence/Documents/storage2/hiura/docker/bulk_env/data/00_analysis/Repthoscope.v1.0.0/VallePrep_v0.0.0/results/data/HG00731/hsat23/HG00731_hap2.HSat2and3_Regions.HSat2and3.log	17	249
HG00732	HG00732_hap1	PASS	/home/senescence/Documents/storage2/hiura/docker/bulk_env/data/00_analysis/Repthoscope.v1.0.0/VallePrep_v0.0.0/results/data/HG00732/filfa/HG00732_hap1.t2t.filtered.fasta.gz	/home/senescence/Documents/storage2/hiura/docker/bulk_env/data/00_analysis/Repthoscope.v1.0.0/VallePrep_v0.0.0/results/data/HG00732/filfa/HG00732_hap1.t2t.filtered.fasta.gz.fai	/home/senescence/Documents/storage2/hiura/docker/bulk_env/data/00_analysis/Repthoscope.v1.0.0/VallePrep_v0.0.0/results/data/HG00732/centro/HG00732_hap1.t2t.pass.bed	/home/senescence/Documents/storage2/hiura/docker/bulk_env/data/00_analysis/Repthoscope.v1.0.0/VallePrep_v0.0.0/results/data/HG00732/hsat23/HG00732_hap1.HSat2and3_Regions.lifted.bed	/home/senescence/Documents/storage2/hiura/docker/bulk_env/data/00_analysis/Repthoscope.v1.0.0/VallePrep_v0.0.0/results/data/HG00732/hsat23/HG00732_hap1.HSat2and3_Regions.HSat2and3.log	16	296
HG00732	HG00732_hap2	PASS	/home/senescence/Documents/storage2/hiura/docker/bulk_env/data/00_analysis/Repthoscope.v1.0.0/VallePrep_v0.0.0/results/data/HG00732/filfa/HG00732_hap2.t2t.filtered.fasta.gz	/home/senescence/Documents/storage2/hiura/docker/bulk_env/data/00_analysis/Repthoscope.v1.0.0/VallePrep_v0.0.0/results/data/HG00732/filfa/HG00732_hap2.t2t.filtered.fasta.gz.fai	/home/senescence/Documents/storage2/hiura/docker/bulk_env/data/00_analysis/Repthoscope.v1.0.0/VallePrep_v0.0.0/results/data/HG00732/centro/HG00732_hap2.t2t.pass.bed	/home/senescence/Documents/storage2/hiura/docker/bulk_env/data/00_analysis/Repthoscope.v1.0.0/VallePrep_v0.0.0/results/data/HG00732/hsat23/HG00732_hap2.HSat2and3_Regions.lifted.bed	/home/senescence/Documents/storage2/hiura/docker/bulk_env/data/00_analysis/Repthoscope.v1.0.0/VallePrep_v0.0.0/results/data/HG00732/hsat23/HG00732_hap2.HSat2and3_Regions.HSat2and3.log	14	212
HG00733	HG00733_hap1	PASS	/home/senescence/Documents/storage2/hiura/docker/bulk_env/data/00_analysis/Repthoscope.v1.0.0/VallePrep_v0.0.0/results/data/HG00733/filfa/HG00733_hap1.t2t.filtered.fasta.gz	/home/senescence/Documents/storage2/hiura/docker/bulk_env/data/00_analysis/Repthoscope.v1.0.0/VallePrep_v0.0.0/results/data/HG00733/filfa/HG00733_hap1.t2t.filtered.fasta.gz.fai	/home/senescence/Documents/storage2/hiura/docker/bulk_env/data/00_analysis/Repthoscope.v1.0.0/VallePrep_v0.0.0/results/data/HG00733/centro/HG00733_hap1.t2t.pass.bed	/home/senescence/Documents/storage2/hiura/docker/bulk_env/data/00_analysis/Repthoscope.v1.0.0/VallePrep_v0.0.0/results/data/HG00733/hsat23/HG00733_hap1.HSat2and3_Regions.lifted.bed	/home/senescence/Documents/storage2/hiura/docker/bulk_env/data/00_analysis/Repthoscope.v1.0.0/VallePrep_v0.0.0/results/data/HG00733/hsat23/HG00733_hap1.HSat2and3_Regions.HSat2and3.log	15	93
HG00733	HG00733_hap2	PASS	/home/senescence/Documents/storage2/hiura/docker/bulk_env/data/00_analysis/Repthoscope.v1.0.0/VallePrep_v0.0.0/results/data/HG00733/filfa/HG00733_hap2.t2t.filtered.fasta.gz	/home/senescence/Documents/storage2/hiura/docker/bulk_env/data/00_analysis/Repthoscope.v1.0.0/VallePrep_v0.0.0/results/data/HG00733/filfa/HG00733_hap2.t2t.filtered.fasta.gz.fai	/home/senescence/Documents/storage2/hiura/docker/bulk_env/data/00_analysis/Repthoscope.v1.0.0/VallePrep_v0.0.0/results/data/HG00733/centro/HG00733_hap2.t2t.pass.bed	/home/senescence/Documents/storage2/hiura/docker/bulk_env/data/00_analysis/Repthoscope.v1.0.0/VallePrep_v0.0.0/results/data/HG00733/hsat23/HG00733_hap2.HSat2and3_Regions.lifted.bed	/home/senescence/Documents/storage2/hiura/docker/bulk_env/data/00_analysis/Repthoscope.v1.0.0/VallePrep_v0.0.0/results/data/HG00733/hsat23/HG00733_hap2.HSat2and3_Regions.HSat2and3.log	16	226
HG00735	HG00735_hap1	PASS	/home/senescence/Documents/storage2/hiura/docker/bulk_env/data/00_analysis/Repthoscope.v1.0.0/VallePrep_v0.0.0/results/data/HG00735/filfa/HG00735_hap1.t2t.filtered.fasta.gz	/home/senescence/Documents/storage2/hiura/docker/bulk_env/data/00_analysis/Repthoscope.v1.0.0/VallePrep_v0.0.0/results/data/HG00735/filfa/HG00735_hap1.t2t.filtered.fasta.gz.fai	/home/senescence/Documents/storage2/hiura/docker/bulk_env/data/00_analysis/Repthoscope.v1.0.0/VallePrep_v0.0.0/results/data/HG00735/centro/HG00735_hap1.t2t.pass.bed	/home/senescence/Documents/storage2/hiura/docker/bulk_env/data/00_analysis/Repthoscope.v1.0.0/VallePrep_v0.0.0/results/data/HG00735/hsat23/HG00735_hap1.HSat2and3_Regions.lifted.bed	/home/senescence/Documents/storage2/hiura/docker/bulk_env/data/00_analysis/Repthoscope.v1.0.0/VallePrep_v0.0.0/results/data/HG00735/hsat23/HG00735_hap1.HSat2and3_Regions.HSat2and3.log	12	168
HG00735	HG00735_hap2	PASS	/home/senescence/Documents/storage2/hiura/docker/bulk_env/data/00_analysis/Repthoscope.v1.0.0/VallePrep_v0.0.0/results/data/HG00735/filfa/HG00735_hap2.t2t.filtered.fasta.gz	/home/senescence/Documents/storage2/hiura/docker/bulk_env/data/00_analysis/Repthoscope.v1.0.0/VallePrep_v0.0.0/results/data/HG00735/filfa/HG00735_hap2.t2t.filtered.fasta.gz.fai	/home/senescence/Documents/storage2/hiura/docker/bulk_env/data/00_analysis/Repthoscope.v1.0.0/VallePrep_v0.0.0/results/data/HG00735/centro/HG00735_hap2.t2t.pass.bed	/home/senescence/Documents/storage2/hiura/docker/bulk_env/data/00_analysis/Repthoscope.v1.0.0/VallePrep_v0.0.0/results/data/HG00735/hsat23/HG00735_hap2.HSat2and3_Regions.lifted.bed	/home/senescence/Documents/storage2/hiura/docker/bulk_env/data/00_analysis/Repthoscope.v1.0.0/VallePrep_v0.0.0/results/data/HG00735/hsat23/HG00735_hap2.HSat2and3_Regions.HSat2and3.log	12	195
HG00738	HG00738_hap1	PASS	/home/senescence/Documents/storage2/hiura/docker/bulk_env/data/00_analysis/Repthoscope.v1.0.0/VallePrep_v0.0.0/results/data/HG00738/filfa/HG00738_hap1.t2t.filtered.fasta.gz	/home/senescence/Documents/storage2/hiura/docker/bulk_env/data/00_analysis/Repthoscope.v1.0.0/VallePrep_v0.0.0/results/data/HG00738/filfa/HG00738_hap1.t2t.filtered.fasta.gz.fai	/home/senescence/Documents/storage2/hiura/docker/bulk_env/data/00_analysis/Repthoscope.v1.0.0/VallePrep_v0.0.0/results/data/HG00738/centro/HG00738_hap1.t2t.pass.bed	/home/senescence/Documents/storage2/hiura/docker/bulk_env/data/00_analysis/Repthoscope.v1.0.0/VallePrep_v0.0.0/results/data/HG00738/hsat23/HG00738_hap1.HSat2and3_Regions.lifted.bed	/home/senescence/Documents/storage2/hiura/docker/bulk_env/data/00_analysis/Repthoscope.v1.0.0/VallePrep_v0.0.0/results/data/HG00738/hsat23/HG00738_hap1.HSat2and3_Regions.HSat2and3.log	15	230
HG00738	HG00738_hap2	PASS	/home/senescence/Documents/storage2/hiura/docker/bulk_env/data/00_analysis/Repthoscope.v1.0.0/VallePrep_v0.0.0/results/data/HG00738/filfa/HG00738_hap2.t2t.filtered.fasta.gz	/home/senescence/Documents/storage2/hiura/docker/bulk_env/data/00_analysis/Repthoscope.v1.0.0/VallePrep_v0.0.0/results/data/HG00738/filfa/HG00738_hap2.t2t.filtered.fasta.gz.fai	/home/senescence/Documents/storage2/hiura/docker/bulk_env/data/00_analysis/Repthoscope.v1.0.0/VallePrep_v0.0.0/results/data/HG00738/centro/HG00738_hap2.t2t.pass.bed	/home/senescence/Documents/storage2/hiura/docker/bulk_env/data/00_analysis/Repthoscope.v1.0.0/VallePrep_v0.0.0/results/data/HG00738/hsat23/HG00738_hap2.HSat2and3_Regions.lifted.bed	/home/senescence/Documents/storage2/hiura/docker/bulk_env/data/00_analysis/Repthoscope.v1.0.0/VallePrep_v0.0.0/results/data/HG00738/hsat23/HG00738_hap2.HSat2and3_Regions.HSat2and3.log	14	205
HG00741	HG00741_hap1	PASS	/home/senescence/Documents/storage2/hiura/docker/bulk_env/data/00_analysis/Repthoscope.v1.0.0/VallePrep_v0.0.0/results/data/HG00741/filfa/HG00741_hap1.t2t.filtered.fasta.gz	/home/senescence/Documents/storage2/hiura/docker/bulk_env/data/00_analysis/Repthoscope.v1.0.0/VallePrep_v0.0.0/results/data/HG00741/filfa/HG00741_hap1.t2t.filtered.fasta.gz.fai	/home/senescence/Documents/storage2/hiura/docker/bulk_env/data/00_analysis/Repthoscope.v1.0.0/VallePrep_v0.0.0/results/data/HG00741/centro/HG00741_hap1.t2t.pass.bed	/home/senescence/Documents/storage2/hiura/docker/bulk_env/data/00_analysis/Repthoscope.v1.0.0/VallePrep_v0.0.0/results/data/HG00741/hsat23/HG00741_hap1.HSat2and3_Regions.lifted.bed	/home/senescence/Documents/storage2/hiura/docker/bulk_env/data/00_analysis/Repthoscope.v1.0.0/VallePrep_v0.0.0/results/data/HG00741/hsat23/HG00741_hap1.HSat2and3_Regions.HSat2and3.log	15	353
HG00741	HG00741_hap2	PASS	/home/senescence/Documents/storage2/hiura/docker/bulk_env/data/00_analysis/Repthoscope.v1.0.0/VallePrep_v0.0.0/results/data/HG00741/filfa/HG00741_hap2.t2t.filtered.fasta.gz	/home/senescence/Documents/storage2/hiura/docker/bulk_env/data/00_analysis/Repthoscope.v1.0.0/VallePrep_v0.0.0/results/data/HG00741/filfa/HG00741_hap2.t2t.filtered.fasta.gz.fai	/home/senescence/Documents/storage2/hiura/docker/bulk_env/data/00_analysis/Repthoscope.v1.0.0/VallePrep_v0.0.0/results/data/HG00741/centro/HG00741_hap2.t2t.pass.bed	/home/senescence/Documents/storage2/hiura/docker/bulk_env/data/00_analysis/Repthoscope.v1.0.0/VallePrep_v0.0.0/results/data/HG00741/hsat23/HG00741_hap2.HSat2and3_Regions.lifted.bed	/home/senescence/Documents/storage2/hiura/docker/bulk_env/data/00_analysis/Repthoscope.v1.0.0/VallePrep_v0.0.0/results/data/HG00741/hsat23/HG00741_hap2.HSat2and3_Regions.HSat2and3.log	15	292
HG00864	HG00864_hap1	PASS	/home/senescence/Documents/storage2/hiura/docker/bulk_env/data/00_analysis/Repthoscope.v1.0.0/VallePrep_v0.0.0/results/data/HG00864/filfa/HG00864_hap1.t2t.filtered.fasta.gz	/home/senescence/Documents/storage2/hiura/docker/bulk_env/data/00_analysis/Repthoscope.v1.0.0/VallePrep_v0.0.0/results/data/HG00864/filfa/HG00864_hap1.t2t.filtered.fasta.gz.fai	/home/senescence/Documents/storage2/hiura/docker/bulk_env/data/00_analysis/Repthoscope.v1.0.0/VallePrep_v0.0.0/results/data/HG00864/centro/HG00864_hap1.t2t.pass.bed	/home/senescence/Documents/storage2/hiura/docker/bulk_env/data/00_analysis/Repthoscope.v1.0.0/VallePrep_v0.0.0/results/data/HG00864/hsat23/HG00864_hap1.HSat2and3_Regions.lifted.bed	/home/senescence/Documents/storage2/hiura/docker/bulk_env/data/00_analysis/Repthoscope.v1.0.0/VallePrep_v0.0.0/results/data/HG00864/hsat23/HG00864_hap1.HSat2and3_Regions.HSat2and3.log	14	245
HG00864	HG00864_hap2	PASS	/home/senescence/Documents/storage2/hiura/docker/bulk_env/data/00_analysis/Repthoscope.v1.0.0/VallePrep_v0.0.0/results/data/HG00864/filfa/HG00864_hap2.t2t.filtered.fasta.gz	/home/senescence/Documents/storage2/hiura/docker/bulk_env/data/00_analysis/Repthoscope.v1.0.0/VallePrep_v0.0.0/results/data/HG00864/filfa/HG00864_hap2.t2t.filtered.fasta.gz.fai	/home/senescence/Documents/storage2/hiura/docker/bulk_env/data/00_analysis/Repthoscope.v1.0.0/VallePrep_v0.0.0/results/data/HG00864/centro/HG00864_hap2.t2t.pass.bed	/home/senescence/Documents/storage2/hiura/docker/bulk_env/data/00_analysis/Repthoscope.v1.0.0/VallePrep_v0.0.0/results/data/HG00864/hsat23/HG00864_hap2.HSat2and3_Regions.lifted.bed	/home/senescence/Documents/storage2/hiura/docker/bulk_env/data/00_analysis/Repthoscope.v1.0.0/VallePrep_v0.0.0/results/data/HG00864/hsat23/HG00864_hap2.HSat2and3_Regions.HSat2and3.log	13	188
HG01071	HG01071_hap1	PASS	/home/senescence/Documents/storage2/hiura/docker/bulk_env/data/00_analysis/Repthoscope.v1.0.0/VallePrep_v0.0.0/results/data/HG01071/filfa/HG01071_hap1.t2t.filtered.fasta.gz	/home/senescence/Documents/storage2/hiura/docker/bulk_env/data/00_analysis/Repthoscope.v1.0.0/VallePrep_v0.0.0/results/data/HG01071/filfa/HG01071_hap1.t2t.filtered.fasta.gz.fai	/home/senescence/Documents/storage2/hiura/docker/bulk_env/data/00_analysis/Repthoscope.v1.0.0/VallePrep_v0.0.0/results/data/HG01071/centro/HG01071_hap1.t2t.pass.bed	/home/senescence/Documents/storage2/hiura/docker/bulk_env/data/00_analysis/Repthoscope.v1.0.0/VallePrep_v0.0.0/results/data/HG01071/hsat23/HG01071_hap1.HSat2and3_Regions.lifted.bed	/home/senescence/Documents/storage2/hiura/docker/bulk_env/data/00_analysis/Repthoscope.v1.0.0/VallePrep_v0.0.0/results/data/HG01071/hsat23/HG01071_hap1.HSat2and3_Regions.HSat2and3.log	16	175
HG01071	HG01071_hap2	PASS	/home/senescence/Documents/storage2/hiura/docker/bulk_env/data/00_analysis/Repthoscope.v1.0.0/VallePrep_v0.0.0/results/data/HG01071/filfa/HG01071_hap2.t2t.filtered.fasta.gz	/home/senescence/Documents/storage2/hiura/docker/bulk_env/data/00_analysis/Repthoscope.v1.0.0/VallePrep_v0.0.0/results/data/HG01071/filfa/HG01071_hap2.t2t.filtered.fasta.gz.fai	/home/senescence/Documents/storage2/hiura/docker/bulk_env/data/00_analysis/Repthoscope.v1.0.0/VallePrep_v0.0.0/results/data/HG01071/centro/HG01071_hap2.t2t.pass.bed	/home/senescence/Documents/storage2/hiura/docker/bulk_env/data/00_analysis/Repthoscope.v1.0.0/VallePrep_v0.0.0/results/data/HG01071/hsat23/HG01071_hap2.HSat2and3_Regions.lifted.bed	/home/senescence/Documents/storage2/hiura/docker/bulk_env/data/00_analysis/Repthoscope.v1.0.0/VallePrep_v0.0.0/results/data/HG01071/hsat23/HG01071_hap2.HSat2and3_Regions.HSat2and3.log	16	217
HG01074	HG01074_hap1	PASS	/home/senescence/Documents/storage2/hiura/docker/bulk_env/data/00_analysis/Repthoscope.v1.0.0/VallePrep_v0.0.0/results/data/HG01074/filfa/HG01074_hap1.t2t.filtered.fasta.gz	/home/senescence/Documents/storage2/hiura/docker/bulk_env/data/00_analysis/Repthoscope.v1.0.0/VallePrep_v0.0.0/results/data/HG01074/filfa/HG01074_hap1.t2t.filtered.fasta.gz.fai	/home/senescence/Documents/storage2/hiura/docker/bulk_env/data/00_analysis/Repthoscope.v1.0.0/VallePrep_v0.0.0/results/data/HG01074/centro/HG01074_hap1.t2t.pass.bed	/home/senescence/Documents/storage2/hiura/docker/bulk_env/data/00_analysis/Repthoscope.v1.0.0/VallePrep_v0.0.0/results/data/HG01074/hsat23/HG01074_hap1.HSat2and3_Regions.lifted.bed	/home/senescence/Documents/storage2/hiura/docker/bulk_env/data/00_analysis/Repthoscope.v1.0.0/VallePrep_v0.0.0/results/data/HG01074/hsat23/HG01074_hap1.HSat2and3_Regions.HSat2and3.log	14	249
HG01074	HG01074_hap2	PASS	/home/senescence/Documents/storage2/hiura/docker/bulk_env/data/00_analysis/Repthoscope.v1.0.0/VallePrep_v0.0.0/results/data/HG01074/filfa/HG01074_hap2.t2t.filtered.fasta.gz	/home/senescence/Documents/storage2/hiura/docker/bulk_env/data/00_analysis/Repthoscope.v1.0.0/VallePrep_v0.0.0/results/data/HG01074/filfa/HG01074_hap2.t2t.filtered.fasta.gz.fai	/home/senescence/Documents/storage2/hiura/docker/bulk_env/data/00_analysis/Repthoscope.v1.0.0/VallePrep_v0.0.0/results/data/HG01074/centro/HG01074_hap2.t2t.pass.bed	/home/senescence/Documents/storage2/hiura/docker/bulk_env/data/00_analysis/Repthoscope.v1.0.0/VallePrep_v0.0.0/results/data/HG01074/hsat23/HG01074_hap2.HSat2and3_Regions.lifted.bed	/home/senescence/Documents/storage2/hiura/docker/bulk_env/data/00_analysis/Repthoscope.v1.0.0/VallePrep_v0.0.0/results/data/HG01074/hsat23/HG01074_hap2.HSat2and3_Regions.HSat2and3.log	12	195
HG01081	HG01081_hap1	PASS	/home/senescence/Documents/storage2/hiura/docker/bulk_env/data/00_analysis/Repthoscope.v1.0.0/VallePrep_v0.0.0/results/data/HG01081/filfa/HG01081_hap1.t2t.filtered.fasta.gz	/home/senescence/Documents/storage2/hiura/docker/bulk_env/data/00_analysis/Repthoscope.v1.0.0/VallePrep_v0.0.0/results/data/HG01081/filfa/HG01081_hap1.t2t.filtered.fasta.gz.fai	/home/senescence/Documents/storage2/hiura/docker/bulk_env/data/00_analysis/Repthoscope.v1.0.0/VallePrep_v0.0.0/results/data/HG01081/centro/HG01081_hap1.t2t.pass.bed	/home/senescence/Documents/storage2/hiura/docker/bulk_env/data/00_analysis/Repthoscope.v1.0.0/VallePrep_v0.0.0/results/data/HG01081/hsat23/HG01081_hap1.HSat2and3_Regions.lifted.bed	/home/senescence/Documents/storage2/hiura/docker/bulk_env/data/00_analysis/Repthoscope.v1.0.0/VallePrep_v0.0.0/results/data/HG01081/hsat23/HG01081_hap1.HSat2and3_Regions.HSat2and3.log	17	225
HG01081	HG01081_hap2	PASS	/home/senescence/Documents/storage2/hiura/docker/bulk_env/data/00_analysis/Repthoscope.v1.0.0/VallePrep_v0.0.0/results/data/HG01081/filfa/HG01081_hap2.t2t.filtered.fasta.gz	/home/senescence/Documents/storage2/hiura/docker/bulk_env/data/00_analysis/Repthoscope.v1.0.0/VallePrep_v0.0.0/results/data/HG01081/filfa/HG01081_hap2.t2t.filtered.fasta.gz.fai	/home/senescence/Documents/storage2/hiura/docker/bulk_env/data/00_analysis/Repthoscope.v1.0.0/VallePrep_v0.0.0/results/data/HG01081/centro/HG01081_hap2.t2t.pass.bed	/home/senescence/Documents/storage2/hiura/docker/bulk_env/data/00_analysis/Repthoscope.v1.0.0/VallePrep_v0.0.0/results/data/HG01081/hsat23/HG01081_hap2.HSat2and3_Regions.lifted.bed	/home/senescence/Documents/storage2/hiura/docker/bulk_env/data/00_analysis/Repthoscope.v1.0.0/VallePrep_v0.0.0/results/data/HG01081/hsat23/HG01081_hap2.HSat2and3_Regions.HSat2and3.log	16	222
HG01099	HG01099_hap1	PASS	/home/senescence/Documents/storage2/hiura/docker/bulk_env/data/00_analysis/Repthoscope.v1.0.0/VallePrep_v0.0.0/results/data/HG01099/filfa/HG01099_hap1.t2t.filtered.fasta.gz	/home/senescence/Documents/storage2/hiura/docker/bulk_env/data/00_analysis/Repthoscope.v1.0.0/VallePrep_v0.0.0/results/data/HG01099/filfa/HG01099_hap1.t2t.filtered.fasta.gz.fai	/home/senescence/Documents/storage2/hiura/docker/bulk_env/data/00_analysis/Repthoscope.v1.0.0/VallePrep_v0.0.0/results/data/HG01099/centro/HG01099_hap1.t2t.pass.bed	/home/senescence/Documents/storage2/hiura/docker/bulk_env/data/00_analysis/Repthoscope.v1.0.0/VallePrep_v0.0.0/results/data/HG01099/hsat23/HG01099_hap1.HSat2and3_Regions.lifted.bed	/home/senescence/Documents/storage2/hiura/docker/bulk_env/data/00_analysis/Repthoscope.v1.0.0/VallePrep_v0.0.0/results/data/HG01099/hsat23/HG01099_hap1.HSat2and3_Regions.HSat2and3.log	16	193
HG01099	HG01099_hap2	PASS	/home/senescence/Documents/storage2/hiura/docker/bulk_env/data/00_analysis/Repthoscope.v1.0.0/VallePrep_v0.0.0/results/data/HG01099/filfa/HG01099_hap2.t2t.filtered.fasta.gz	/home/senescence/Documents/storage2/hiura/docker/bulk_env/data/00_analysis/Repthoscope.v1.0.0/VallePrep_v0.0.0/results/data/HG01099/filfa/HG01099_hap2.t2t.filtered.fasta.gz.fai	/home/senescence/Documents/storage2/hiura/docker/bulk_env/data/00_analysis/Repthoscope.v1.0.0/VallePrep_v0.0.0/results/data/HG01099/centro/HG01099_hap2.t2t.pass.bed	/home/senescence/Documents/storage2/hiura/docker/bulk_env/data/00_analysis/Repthoscope.v1.0.0/VallePrep_v0.0.0/results/data/HG01099/hsat23/HG01099_hap2.HSat2and3_Regions.lifted.bed	/home/senescence/Documents/storage2/hiura/docker/bulk_env/data/00_analysis/Repthoscope.v1.0.0/VallePrep_v0.0.0/results/data/HG01099/hsat23/HG01099_hap2.HSat2and3_Regions.HSat2and3.log	15	260
HG01106	HG01106_hap1	PASS	/home/senescence/Documents/storage2/hiura/docker/bulk_env/data/00_analysis/Repthoscope.v1.0.0/VallePrep_v0.0.0/results/data/HG01106/filfa/HG01106_hap1.t2t.filtered.fasta.gz	/home/senescence/Documents/storage2/hiura/docker/bulk_env/data/00_analysis/Repthoscope.v1.0.0/VallePrep_v0.0.0/results/data/HG01106/filfa/HG01106_hap1.t2t.filtered.fasta.gz.fai	/home/senescence/Documents/storage2/hiura/docker/bulk_env/data/00_analysis/Repthoscope.v1.0.0/VallePrep_v0.0.0/results/data/HG01106/centro/HG01106_hap1.t2t.pass.bed	/home/senescence/Documents/storage2/hiura/docker/bulk_env/data/00_analysis/Repthoscope.v1.0.0/VallePrep_v0.0.0/results/data/HG01106/hsat23/HG01106_hap1.HSat2and3_Regions.lifted.bed	/home/senescence/Documents/storage2/hiura/docker/bulk_env/data/00_analysis/Repthoscope.v1.0.0/VallePrep_v0.0.0/results/data/HG01106/hsat23/HG01106_hap1.HSat2and3_Regions.HSat2and3.log	14	107
HG01106	HG01106_hap2	PASS	/home/senescence/Documents/storage2/hiura/docker/bulk_env/data/00_analysis/Repthoscope.v1.0.0/VallePrep_v0.0.0/results/data/HG01106/filfa/HG01106_hap2.t2t.filtered.fasta.gz	/home/senescence/Documents/storage2/hiura/docker/bulk_env/data/00_analysis/Repthoscope.v1.0.0/VallePrep_v0.0.0/results/data/HG01106/filfa/HG01106_hap2.t2t.filtered.fasta.gz.fai	/home/senescence/Documents/storage2/hiura/docker/bulk_env/data/00_analysis/Repthoscope.v1.0.0/VallePrep_v0.0.0/results/data/HG01106/centro/HG01106_hap2.t2t.pass.bed	/home/senescence/Documents/storage2/hiura/docker/bulk_env/data/00_analysis/Repthoscope.v1.0.0/VallePrep_v0.0.0/results/data/HG01106/hsat23/HG01106_hap2.HSat2and3_Regions.lifted.bed	/home/senescence/Documents/storage2/hiura/docker/bulk_env/data/00_analysis/Repthoscope.v1.0.0/VallePrep_v0.0.0/results/data/HG01106/hsat23/HG01106_hap2.HSat2and3_Regions.HSat2and3.log	15	220
HG01109	HG01109_hap1	PASS	/home/senescence/Documents/storage2/hiura/docker/bulk_env/data/00_analysis/Repthoscope.v1.0.0/VallePrep_v0.0.0/results/data/HG01109/filfa/HG01109_hap1.t2t.filtered.fasta.gz	/home/senescence/Documents/storage2/hiura/docker/bulk_env/data/00_analysis/Repthoscope.v1.0.0/VallePrep_v0.0.0/results/data/HG01109/filfa/HG01109_hap1.t2t.filtered.fasta.gz.fai	/home/senescence/Documents/storage2/hiura/docker/bulk_env/data/00_analysis/Repthoscope.v1.0.0/VallePrep_v0.0.0/results/data/HG01109/centro/HG01109_hap1.t2t.pass.bed	/home/senescence/Documents/storage2/hiura/docker/bulk_env/data/00_analysis/Repthoscope.v1.0.0/VallePrep_v0.0.0/results/data/HG01109/hsat23/HG01109_hap1.HSat2and3_Regions.lifted.bed	/home/senescence/Documents/storage2/hiura/docker/bulk_env/data/00_analysis/Repthoscope.v1.0.0/VallePrep_v0.0.0/results/data/HG01109/hsat23/HG01109_hap1.HSat2and3_Regions.HSat2and3.log	14	279
HG01109	HG01109_hap2	PASS	/home/senescence/Documents/storage2/hiura/docker/bulk_env/data/00_analysis/Repthoscope.v1.0.0/VallePrep_v0.0.0/results/data/HG01109/filfa/HG01109_hap2.t2t.filtered.fasta.gz	/home/senescence/Documents/storage2/hiura/docker/bulk_env/data/00_analysis/Repthoscope.v1.0.0/VallePrep_v0.0.0/results/data/HG01109/filfa/HG01109_hap2.t2t.filtered.fasta.gz.fai	/home/senescence/Documents/storage2/hiura/docker/bulk_env/data/00_analysis/Repthoscope.v1.0.0/VallePrep_v0.0.0/results/data/HG01109/centro/HG01109_hap2.t2t.pass.bed	/home/senescence/Documents/storage2/hiura/docker/bulk_env/data/00_analysis/Repthoscope.v1.0.0/VallePrep_v0.0.0/results/data/HG01109/hsat23/HG01109_hap2.HSat2and3_Regions.lifted.bed	/home/senescence/Documents/storage2/hiura/docker/bulk_env/data/00_analysis/Repthoscope.v1.0.0/VallePrep_v0.0.0/results/data/HG01109/hsat23/HG01109_hap2.HSat2and3_Regions.HSat2and3.log	14	249
HG01114	HG01114_hap1	PASS	/home/senescence/Documents/storage2/hiura/docker/bulk_env/data/00_analysis/Repthoscope.v1.0.0/VallePrep_v0.0.0/results/data/HG01114/filfa/HG01114_hap1.t2t.filtered.fasta.gz	/home/senescence/Documents/storage2/hiura/docker/bulk_env/data/00_analysis/Repthoscope.v1.0.0/VallePrep_v0.0.0/results/data/HG01114/filfa/HG01114_hap1.t2t.filtered.fasta.gz.fai	/home/senescence/Documents/storage2/hiura/docker/bulk_env/data/00_analysis/Repthoscope.v1.0.0/VallePrep_v0.0.0/results/data/HG01114/centro/HG01114_hap1.t2t.pass.bed	/home/senescence/Documents/storage2/hiura/docker/bulk_env/data/00_analysis/Repthoscope.v1.0.0/VallePrep_v0.0.0/results/data/HG01114/hsat23/HG01114_hap1.HSat2and3_Regions.lifted.bed	/home/senescence/Documents/storage2/hiura/docker/bulk_env/data/00_analysis/Repthoscope.v1.0.0/VallePrep_v0.0.0/results/data/HG01114/hsat23/HG01114_hap1.HSat2and3_Regions.HSat2and3.log	14	164
HG01114	HG01114_hap2	PASS	/home/senescence/Documents/storage2/hiura/docker/bulk_env/data/00_analysis/Repthoscope.v1.0.0/VallePrep_v0.0.0/results/data/HG01114/filfa/HG01114_hap2.t2t.filtered.fasta.gz	/home/senescence/Documents/storage2/hiura/docker/bulk_env/data/00_analysis/Repthoscope.v1.0.0/VallePrep_v0.0.0/results/data/HG01114/filfa/HG01114_hap2.t2t.filtered.fasta.gz.fai	/home/senescence/Documents/storage2/hiura/docker/bulk_env/data/00_analysis/Repthoscope.v1.0.0/VallePrep_v0.0.0/results/data/HG01114/centro/HG01114_hap2.t2t.pass.bed	/home/senescence/Documents/storage2/hiura/docker/bulk_env/data/00_analysis/Repthoscope.v1.0.0/VallePrep_v0.0.0/results/data/HG01114/hsat23/HG01114_hap2.HSat2and3_Regions.lifted.bed	/home/senescence/Documents/storage2/hiura/docker/bulk_env/data/00_analysis/Repthoscope.v1.0.0/VallePrep_v0.0.0/results/data/HG01114/hsat23/HG01114_hap2.HSat2and3_Regions.HSat2and3.log	14	226
HG01123	HG01123_hap1	PASS	/home/senescence/Documents/storage2/hiura/docker/bulk_env/data/00_analysis/Repthoscope.v1.0.0/VallePrep_v0.0.0/results/data/HG01123/filfa/HG01123_hap1.t2t.filtered.fasta.gz	/home/senescence/Documents/storage2/hiura/docker/bulk_env/data/00_analysis/Repthoscope.v1.0.0/VallePrep_v0.0.0/results/data/HG01123/filfa/HG01123_hap1.t2t.filtered.fasta.gz.fai	/home/senescence/Documents/storage2/hiura/docker/bulk_env/data/00_analysis/Repthoscope.v1.0.0/VallePrep_v0.0.0/results/data/HG01123/centro/HG01123_hap1.t2t.pass.bed	/home/senescence/Documents/storage2/hiura/docker/bulk_env/data/00_analysis/Repthoscope.v1.0.0/VallePrep_v0.0.0/results/data/HG01123/hsat23/HG01123_hap1.HSat2and3_Regions.lifted.bed	/home/senescence/Documents/storage2/hiura/docker/bulk_env/data/00_analysis/Repthoscope.v1.0.0/VallePrep_v0.0.0/results/data/HG01123/hsat23/HG01123_hap1.HSat2and3_Regions.HSat2and3.log	15	226
HG01123	HG01123_hap2	PASS	/home/senescence/Documents/storage2/hiura/docker/bulk_env/data/00_analysis/Repthoscope.v1.0.0/VallePrep_v0.0.0/results/data/HG01123/filfa/HG01123_hap2.t2t.filtered.fasta.gz	/home/senescence/Documents/storage2/hiura/docker/bulk_env/data/00_analysis/Repthoscope.v1.0.0/VallePrep_v0.0.0/results/data/HG01123/filfa/HG01123_hap2.t2t.filtered.fasta.gz.fai	/home/senescence/Documents/storage2/hiura/docker/bulk_env/data/00_analysis/Repthoscope.v1.0.0/VallePrep_v0.0.0/results/data/HG01123/centro/HG01123_hap2.t2t.pass.bed	/home/senescence/Documents/storage2/hiura/docker/bulk_env/data/00_analysis/Repthoscope.v1.0.0/VallePrep_v0.0.0/results/data/HG01123/hsat23/HG01123_hap2.HSat2and3_Regions.lifted.bed	/home/senescence/Documents/storage2/hiura/docker/bulk_env/data/00_analysis/Repthoscope.v1.0.0/VallePrep_v0.0.0/results/data/HG01123/hsat23/HG01123_hap2.HSat2and3_Regions.HSat2and3.log	14	216
HG01150	HG01150_hap1	PASS	/home/senescence/Documents/storage2/hiura/docker/bulk_env/data/00_analysis/Repthoscope.v1.0.0/VallePrep_v0.0.0/results/data/HG01150/filfa/HG01150_hap1.t2t.filtered.fasta.gz	/home/senescence/Documents/storage2/hiura/docker/bulk_env/data/00_analysis/Repthoscope.v1.0.0/VallePrep_v0.0.0/results/data/HG01150/filfa/HG01150_hap1.t2t.filtered.fasta.gz.fai	/home/senescence/Documents/storage2/hiura/docker/bulk_env/data/00_analysis/Repthoscope.v1.0.0/VallePrep_v0.0.0/results/data/HG01150/centro/HG01150_hap1.t2t.pass.bed	/home/senescence/Documents/storage2/hiura/docker/bulk_env/data/00_analysis/Repthoscope.v1.0.0/VallePrep_v0.0.0/results/data/HG01150/hsat23/HG01150_hap1.HSat2and3_Regions.lifted.bed	/home/senescence/Documents/storage2/hiura/docker/bulk_env/data/00_analysis/Repthoscope.v1.0.0/VallePrep_v0.0.0/results/data/HG01150/hsat23/HG01150_hap1.HSat2and3_Regions.HSat2and3.log	14	94
HG01150	HG01150_hap2	PASS	/home/senescence/Documents/storage2/hiura/docker/bulk_env/data/00_analysis/Repthoscope.v1.0.0/VallePrep_v0.0.0/results/data/HG01150/filfa/HG01150_hap2.t2t.filtered.fasta.gz	/home/senescence/Documents/storage2/hiura/docker/bulk_env/data/00_analysis/Repthoscope.v1.0.0/VallePrep_v0.0.0/results/data/HG01150/filfa/HG01150_hap2.t2t.filtered.fasta.gz.fai	/home/senescence/Documents/storage2/hiura/docker/bulk_env/data/00_analysis/Repthoscope.v1.0.0/VallePrep_v0.0.0/results/data/HG01150/centro/HG01150_hap2.t2t.pass.bed	/home/senescence/Documents/storage2/hiura/docker/bulk_env/data/00_analysis/Repthoscope.v1.0.0/VallePrep_v0.0.0/results/data/HG01150/hsat23/HG01150_hap2.HSat2and3_Regions.lifted.bed	/home/senescence/Documents/storage2/hiura/docker/bulk_env/data/00_analysis/Repthoscope.v1.0.0/VallePrep_v0.0.0/results/data/HG01150/hsat23/HG01150_hap2.HSat2and3_Regions.HSat2and3.log	15	203
HG01167	HG01167_hap1	PASS	/home/senescence/Documents/storage2/hiura/docker/bulk_env/data/00_analysis/Repthoscope.v1.0.0/VallePrep_v0.0.0/results/data/HG01167/filfa/HG01167_hap1.t2t.filtered.fasta.gz	/home/senescence/Documents/storage2/hiura/docker/bulk_env/data/00_analysis/Repthoscope.v1.0.0/VallePrep_v0.0.0/results/data/HG01167/filfa/HG01167_hap1.t2t.filtered.fasta.gz.fai	/home/senescence/Documents/storage2/hiura/docker/bulk_env/data/00_analysis/Repthoscope.v1.0.0/VallePrep_v0.0.0/results/data/HG01167/centro/HG01167_hap1.t2t.pass.bed	/home/senescence/Documents/storage2/hiura/docker/bulk_env/data/00_analysis/Repthoscope.v1.0.0/VallePrep_v0.0.0/results/data/HG01167/hsat23/HG01167_hap1.HSat2and3_Regions.lifted.bed	/home/senescence/Documents/storage2/hiura/docker/bulk_env/data/00_analysis/Repthoscope.v1.0.0/VallePrep_v0.0.0/results/data/HG01167/hsat23/HG01167_hap1.HSat2and3_Regions.HSat2and3.log	16	330
HG01167	HG01167_hap2	PASS	/home/senescence/Documents/storage2/hiura/docker/bulk_env/data/00_analysis/Repthoscope.v1.0.0/VallePrep_v0.0.0/results/data/HG01167/filfa/HG01167_hap2.t2t.filtered.fasta.gz	/home/senescence/Documents/storage2/hiura/docker/bulk_env/data/00_analysis/Repthoscope.v1.0.0/VallePrep_v0.0.0/results/data/HG01167/filfa/HG01167_hap2.t2t.filtered.fasta.gz.fai	/home/senescence/Documents/storage2/hiura/docker/bulk_env/data/00_analysis/Repthoscope.v1.0.0/VallePrep_v0.0.0/results/data/HG01167/centro/HG01167_hap2.t2t.pass.bed	/home/senescence/Documents/storage2/hiura/docker/bulk_env/data/00_analysis/Repthoscope.v1.0.0/VallePrep_v0.0.0/results/data/HG01167/hsat23/HG01167_hap2.HSat2and3_Regions.lifted.bed	/home/senescence/Documents/storage2/hiura/docker/bulk_env/data/00_analysis/Repthoscope.v1.0.0/VallePrep_v0.0.0/results/data/HG01167/hsat23/HG01167_hap2.HSat2and3_Regions.HSat2and3.log	18	225
HG01175	HG01175_hap1	PASS	/home/senescence/Documents/storage2/hiura/docker/bulk_env/data/00_analysis/Repthoscope.v1.0.0/VallePrep_v0.0.0/results/data/HG01175/filfa/HG01175_hap1.t2t.filtered.fasta.gz	/home/senescence/Documents/storage2/hiura/docker/bulk_env/data/00_analysis/Repthoscope.v1.0.0/VallePrep_v0.0.0/results/data/HG01175/filfa/HG01175_hap1.t2t.filtered.fasta.gz.fai	/home/senescence/Documents/storage2/hiura/docker/bulk_env/data/00_analysis/Repthoscope.v1.0.0/VallePrep_v0.0.0/results/data/HG01175/centro/HG01175_hap1.t2t.pass.bed	/home/senescence/Documents/storage2/hiura/docker/bulk_env/data/00_analysis/Repthoscope.v1.0.0/VallePrep_v0.0.0/results/data/HG01175/hsat23/HG01175_hap1.HSat2and3_Regions.lifted.bed	/home/senescence/Documents/storage2/hiura/docker/bulk_env/data/00_analysis/Repthoscope.v1.0.0/VallePrep_v0.0.0/results/data/HG01175/hsat23/HG01175_hap1.HSat2and3_Regions.HSat2and3.log	15	234
HG01175	HG01175_hap2	PASS	/home/senescence/Documents/storage2/hiura/docker/bulk_env/data/00_analysis/Repthoscope.v1.0.0/VallePrep_v0.0.0/results/data/HG01175/filfa/HG01175_hap2.t2t.filtered.fasta.gz	/home/senescence/Documents/storage2/hiura/docker/bulk_env/data/00_analysis/Repthoscope.v1.0.0/VallePrep_v0.0.0/results/data/HG01175/filfa/HG01175_hap2.t2t.filtered.fasta.gz.fai	/home/senescence/Documents/storage2/hiura/docker/bulk_env/data/00_analysis/Repthoscope.v1.0.0/VallePrep_v0.0.0/results/data/HG01175/centro/HG01175_hap2.t2t.pass.bed	/home/senescence/Documents/storage2/hiura/docker/bulk_env/data/00_analysis/Repthoscope.v1.0.0/VallePrep_v0.0.0/results/data/HG01175/hsat23/HG01175_hap2.HSat2and3_Regions.lifted.bed	/home/senescence/Documents/storage2/hiura/docker/bulk_env/data/00_analysis/Repthoscope.v1.0.0/VallePrep_v0.0.0/results/data/HG01175/hsat23/HG01175_hap2.HSat2and3_Regions.HSat2and3.log	15	217
HG01192	HG01192_hap1	PASS	/home/senescence/Documents/storage2/hiura/docker/bulk_env/data/00_analysis/Repthoscope.v1.0.0/VallePrep_v0.0.0/results/data/HG01192/filfa/HG01192_hap1.t2t.filtered.fasta.gz	/home/senescence/Documents/storage2/hiura/docker/bulk_env/data/00_analysis/Repthoscope.v1.0.0/VallePrep_v0.0.0/results/data/HG01192/filfa/HG01192_hap1.t2t.filtered.fasta.gz.fai	/home/senescence/Documents/storage2/hiura/docker/bulk_env/data/00_analysis/Repthoscope.v1.0.0/VallePrep_v0.0.0/results/data/HG01192/centro/HG01192_hap1.t2t.pass.bed	/home/senescence/Documents/storage2/hiura/docker/bulk_env/data/00_analysis/Repthoscope.v1.0.0/VallePrep_v0.0.0/results/data/HG01192/hsat23/HG01192_hap1.HSat2and3_Regions.lifted.bed	/home/senescence/Documents/storage2/hiura/docker/bulk_env/data/00_analysis/Repthoscope.v1.0.0/VallePrep_v0.0.0/results/data/HG01192/hsat23/HG01192_hap1.HSat2and3_Regions.HSat2and3.log	14	202
HG01192	HG01192_hap2	PASS	/home/senescence/Documents/storage2/hiura/docker/bulk_env/data/00_analysis/Repthoscope.v1.0.0/VallePrep_v0.0.0/results/data/HG01192/filfa/HG01192_hap2.t2t.filtered.fasta.gz	/home/senescence/Documents/storage2/hiura/docker/bulk_env/data/00_analysis/Repthoscope.v1.0.0/VallePrep_v0.0.0/results/data/HG01192/filfa/HG01192_hap2.t2t.filtered.fasta.gz.fai	/home/senescence/Documents/storage2/hiura/docker/bulk_env/data/00_analysis/Repthoscope.v1.0.0/VallePrep_v0.0.0/results/data/HG01192/centro/HG01192_hap2.t2t.pass.bed	/home/senescence/Documents/storage2/hiura/docker/bulk_env/data/00_analysis/Repthoscope.v1.0.0/VallePrep_v0.0.0/results/data/HG01192/hsat23/HG01192_hap2.HSat2and3_Regions.lifted.bed	/home/senescence/Documents/storage2/hiura/docker/bulk_env/data/00_analysis/Repthoscope.v1.0.0/VallePrep_v0.0.0/results/data/HG01192/hsat23/HG01192_hap2.HSat2and3_Regions.HSat2and3.log	15	204
HG01243	HG01243_hap1	PASS	/home/senescence/Documents/storage2/hiura/docker/bulk_env/data/00_analysis/Repthoscope.v1.0.0/VallePrep_v0.0.0/results/data/HG01243/filfa/HG01243_hap1.t2t.filtered.fasta.gz	/home/senescence/Documents/storage2/hiura/docker/bulk_env/data/00_analysis/Repthoscope.v1.0.0/VallePrep_v0.0.0/results/data/HG01243/filfa/HG01243_hap1.t2t.filtered.fasta.gz.fai	/home/senescence/Documents/storage2/hiura/docker/bulk_env/data/00_analysis/Repthoscope.v1.0.0/VallePrep_v0.0.0/results/data/HG01243/centro/HG01243_hap1.t2t.pass.bed	/home/senescence/Documents/storage2/hiura/docker/bulk_env/data/00_analysis/Repthoscope.v1.0.0/VallePrep_v0.0.0/results/data/HG01243/hsat23/HG01243_hap1.HSat2and3_Regions.lifted.bed	/home/senescence/Documents/storage2/hiura/docker/bulk_env/data/00_analysis/Repthoscope.v1.0.0/VallePrep_v0.0.0/results/data/HG01243/hsat23/HG01243_hap1.HSat2and3_Regions.HSat2and3.log	13	281
HG01243	HG01243_hap2	PASS	/home/senescence/Documents/storage2/hiura/docker/bulk_env/data/00_analysis/Repthoscope.v1.0.0/VallePrep_v0.0.0/results/data/HG01243/filfa/HG01243_hap2.t2t.filtered.fasta.gz	/home/senescence/Documents/storage2/hiura/docker/bulk_env/data/00_analysis/Repthoscope.v1.0.0/VallePrep_v0.0.0/results/data/HG01243/filfa/HG01243_hap2.t2t.filtered.fasta.gz.fai	/home/senescence/Documents/storage2/hiura/docker/bulk_env/data/00_analysis/Repthoscope.v1.0.0/VallePrep_v0.0.0/results/data/HG01243/centro/HG01243_hap2.t2t.pass.bed	/home/senescence/Documents/storage2/hiura/docker/bulk_env/data/00_analysis/Repthoscope.v1.0.0/VallePrep_v0.0.0/results/data/HG01243/hsat23/HG01243_hap2.HSat2and3_Regions.lifted.bed	/home/senescence/Documents/storage2/hiura/docker/bulk_env/data/00_analysis/Repthoscope.v1.0.0/VallePrep_v0.0.0/results/data/HG01243/hsat23/HG01243_hap2.HSat2and3_Regions.HSat2and3.log	14	240
HG01252	HG01252_hap1	PASS	/home/senescence/Documents/storage2/hiura/docker/bulk_env/data/00_analysis/Repthoscope.v1.0.0/VallePrep_v0.0.0/results/data/HG01252/filfa/HG01252_hap1.t2t.filtered.fasta.gz	/home/senescence/Documents/storage2/hiura/docker/bulk_env/data/00_analysis/Repthoscope.v1.0.0/VallePrep_v0.0.0/results/data/HG01252/filfa/HG01252_hap1.t2t.filtered.fasta.gz.fai	/home/senescence/Documents/storage2/hiura/docker/bulk_env/data/00_analysis/Repthoscope.v1.0.0/VallePrep_v0.0.0/results/data/HG01252/centro/HG01252_hap1.t2t.pass.bed	/home/senescence/Documents/storage2/hiura/docker/bulk_env/data/00_analysis/Repthoscope.v1.0.0/VallePrep_v0.0.0/results/data/HG01252/hsat23/HG01252_hap1.HSat2and3_Regions.lifted.bed	/home/senescence/Documents/storage2/hiura/docker/bulk_env/data/00_analysis/Repthoscope.v1.0.0/VallePrep_v0.0.0/results/data/HG01252/hsat23/HG01252_hap1.HSat2and3_Regions.HSat2and3.log	14	98
HG01252	HG01252_hap2	PASS	/home/senescence/Documents/storage2/hiura/docker/bulk_env/data/00_analysis/Repthoscope.v1.0.0/VallePrep_v0.0.0/results/data/HG01252/filfa/HG01252_hap2.t2t.filtered.fasta.gz	/home/senescence/Documents/storage2/hiura/docker/bulk_env/data/00_analysis/Repthoscope.v1.0.0/VallePrep_v0.0.0/results/data/HG01252/filfa/HG01252_hap2.t2t.filtered.fasta.gz.fai	/home/senescence/Documents/storage2/hiura/docker/bulk_env/data/00_analysis/Repthoscope.v1.0.0/VallePrep_v0.0.0/results/data/HG01252/centro/HG01252_hap2.t2t.pass.bed	/home/senescence/Documents/storage2/hiura/docker/bulk_env/data/00_analysis/Repthoscope.v1.0.0/VallePrep_v0.0.0/results/data/HG01252/hsat23/HG01252_hap2.HSat2and3_Regions.lifted.bed	/home/senescence/Documents/storage2/hiura/docker/bulk_env/data/00_analysis/Repthoscope.v1.0.0/VallePrep_v0.0.0/results/data/HG01252/hsat23/HG01252_hap2.HSat2and3_Regions.HSat2and3.log	15	232
HG01255	HG01255_hap1	PASS	/home/senescence/Documents/storage2/hiura/docker/bulk_env/data/00_analysis/Repthoscope.v1.0.0/VallePrep_v0.0.0/results/data/HG01255/filfa/HG01255_hap1.t2t.filtered.fasta.gz	/home/senescence/Documents/storage2/hiura/docker/bulk_env/data/00_analysis/Repthoscope.v1.0.0/VallePrep_v0.0.0/results/data/HG01255/filfa/HG01255_hap1.t2t.filtered.fasta.gz.fai	/home/senescence/Documents/storage2/hiura/docker/bulk_env/data/00_analysis/Repthoscope.v1.0.0/VallePrep_v0.0.0/results/data/HG01255/centro/HG01255_hap1.t2t.pass.bed	/home/senescence/Documents/storage2/hiura/docker/bulk_env/data/00_analysis/Repthoscope.v1.0.0/VallePrep_v0.0.0/results/data/HG01255/hsat23/HG01255_hap1.HSat2and3_Regions.lifted.bed	/home/senescence/Documents/storage2/hiura/docker/bulk_env/data/00_analysis/Repthoscope.v1.0.0/VallePrep_v0.0.0/results/data/HG01255/hsat23/HG01255_hap1.HSat2and3_Regions.HSat2and3.log	16	259
HG01255	HG01255_hap2	PASS	/home/senescence/Documents/storage2/hiura/docker/bulk_env/data/00_analysis/Repthoscope.v1.0.0/VallePrep_v0.0.0/results/data/HG01255/filfa/HG01255_hap2.t2t.filtered.fasta.gz	/home/senescence/Documents/storage2/hiura/docker/bulk_env/data/00_analysis/Repthoscope.v1.0.0/VallePrep_v0.0.0/results/data/HG01255/filfa/HG01255_hap2.t2t.filtered.fasta.gz.fai	/home/senescence/Documents/storage2/hiura/docker/bulk_env/data/00_analysis/Repthoscope.v1.0.0/VallePrep_v0.0.0/results/data/HG01255/centro/HG01255_hap2.t2t.pass.bed	/home/senescence/Documents/storage2/hiura/docker/bulk_env/data/00_analysis/Repthoscope.v1.0.0/VallePrep_v0.0.0/results/data/HG01255/hsat23/HG01255_hap2.HSat2and3_Regions.lifted.bed	/home/senescence/Documents/storage2/hiura/docker/bulk_env/data/00_analysis/Repthoscope.v1.0.0/VallePrep_v0.0.0/results/data/HG01255/hsat23/HG01255_hap2.HSat2and3_Regions.HSat2and3.log	15	256
HG01258	HG01258_hap1	PASS	/home/senescence/Documents/storage2/hiura/docker/bulk_env/data/00_analysis/Repthoscope.v1.0.0/VallePrep_v0.0.0/results/data/HG01258/filfa/HG01258_hap1.t2t.filtered.fasta.gz	/home/senescence/Documents/storage2/hiura/docker/bulk_env/data/00_analysis/Repthoscope.v1.0.0/VallePrep_v0.0.0/results/data/HG01258/filfa/HG01258_hap1.t2t.filtered.fasta.gz.fai	/home/senescence/Documents/storage2/hiura/docker/bulk_env/data/00_analysis/Repthoscope.v1.0.0/VallePrep_v0.0.0/results/data/HG01258/centro/HG01258_hap1.t2t.pass.bed	/home/senescence/Documents/storage2/hiura/docker/bulk_env/data/00_analysis/Repthoscope.v1.0.0/VallePrep_v0.0.0/results/data/HG01258/hsat23/HG01258_hap1.HSat2and3_Regions.lifted.bed	/home/senescence/Documents/storage2/hiura/docker/bulk_env/data/00_analysis/Repthoscope.v1.0.0/VallePrep_v0.0.0/results/data/HG01258/hsat23/HG01258_hap1.HSat2and3_Regions.HSat2and3.log	15	232
HG01258	HG01258_hap2	PASS	/home/senescence/Documents/storage2/hiura/docker/bulk_env/data/00_analysis/Repthoscope.v1.0.0/VallePrep_v0.0.0/results/data/HG01258/filfa/HG01258_hap2.t2t.filtered.fasta.gz	/home/senescence/Documents/storage2/hiura/docker/bulk_env/data/00_analysis/Repthoscope.v1.0.0/VallePrep_v0.0.0/results/data/HG01258/filfa/HG01258_hap2.t2t.filtered.fasta.gz.fai	/home/senescence/Documents/storage2/hiura/docker/bulk_env/data/00_analysis/Repthoscope.v1.0.0/VallePrep_v0.0.0/results/data/HG01258/centro/HG01258_hap2.t2t.pass.bed	/home/senescence/Documents/storage2/hiura/docker/bulk_env/data/00_analysis/Repthoscope.v1.0.0/VallePrep_v0.0.0/results/data/HG01258/hsat23/HG01258_hap2.HSat2and3_Regions.lifted.bed	/home/senescence/Documents/storage2/hiura/docker/bulk_env/data/00_analysis/Repthoscope.v1.0.0/VallePrep_v0.0.0/results/data/HG01258/hsat23/HG01258_hap2.HSat2and3_Regions.HSat2and3.log	15	118
HG01261	HG01261_hap1	PASS	/home/senescence/Documents/storage2/hiura/docker/bulk_env/data/00_analysis/Repthoscope.v1.0.0/VallePrep_v0.0.0/results/data/HG01261/filfa/HG01261_hap1.t2t.filtered.fasta.gz	/home/senescence/Documents/storage2/hiura/docker/bulk_env/data/00_analysis/Repthoscope.v1.0.0/VallePrep_v0.0.0/results/data/HG01261/filfa/HG01261_hap1.t2t.filtered.fasta.gz.fai	/home/senescence/Documents/storage2/hiura/docker/bulk_env/data/00_analysis/Repthoscope.v1.0.0/VallePrep_v0.0.0/results/data/HG01261/centro/HG01261_hap1.t2t.pass.bed	/home/senescence/Documents/storage2/hiura/docker/bulk_env/data/00_analysis/Repthoscope.v1.0.0/VallePrep_v0.0.0/results/data/HG01261/hsat23/HG01261_hap1.HSat2and3_Regions.lifted.bed	/home/senescence/Documents/storage2/hiura/docker/bulk_env/data/00_analysis/Repthoscope.v1.0.0/VallePrep_v0.0.0/results/data/HG01261/hsat23/HG01261_hap1.HSat2and3_Regions.HSat2and3.log	13	275
HG01261	HG01261_hap2	PASS	/home/senescence/Documents/storage2/hiura/docker/bulk_env/data/00_analysis/Repthoscope.v1.0.0/VallePrep_v0.0.0/results/data/HG01261/filfa/HG01261_hap2.t2t.filtered.fasta.gz	/home/senescence/Documents/storage2/hiura/docker/bulk_env/data/00_analysis/Repthoscope.v1.0.0/VallePrep_v0.0.0/results/data/HG01261/filfa/HG01261_hap2.t2t.filtered.fasta.gz.fai	/home/senescence/Documents/storage2/hiura/docker/bulk_env/data/00_analysis/Repthoscope.v1.0.0/VallePrep_v0.0.0/results/data/HG01261/centro/HG01261_hap2.t2t.pass.bed	/home/senescence/Documents/storage2/hiura/docker/bulk_env/data/00_analysis/Repthoscope.v1.0.0/VallePrep_v0.0.0/results/data/HG01261/hsat23/HG01261_hap2.HSat2and3_Regions.lifted.bed	/home/senescence/Documents/storage2/hiura/docker/bulk_env/data/00_analysis/Repthoscope.v1.0.0/VallePrep_v0.0.0/results/data/HG01261/hsat23/HG01261_hap2.HSat2and3_Regions.HSat2and3.log	12	137
HG01346	HG01346_hap1	PASS	/home/senescence/Documents/storage2/hiura/docker/bulk_env/data/00_analysis/Repthoscope.v1.0.0/VallePrep_v0.0.0/results/data/HG01346/filfa/HG01346_hap1.t2t.filtered.fasta.gz	/home/senescence/Documents/storage2/hiura/docker/bulk_env/data/00_analysis/Repthoscope.v1.0.0/VallePrep_v0.0.0/results/data/HG01346/filfa/HG01346_hap1.t2t.filtered.fasta.gz.fai	/home/senescence/Documents/storage2/hiura/docker/bulk_env/data/00_analysis/Repthoscope.v1.0.0/VallePrep_v0.0.0/results/data/HG01346/centro/HG01346_hap1.t2t.pass.bed	/home/senescence/Documents/storage2/hiura/docker/bulk_env/data/00_analysis/Repthoscope.v1.0.0/VallePrep_v0.0.0/results/data/HG01346/hsat23/HG01346_hap1.HSat2and3_Regions.lifted.bed	/home/senescence/Documents/storage2/hiura/docker/bulk_env/data/00_analysis/Repthoscope.v1.0.0/VallePrep_v0.0.0/results/data/HG01346/hsat23/HG01346_hap1.HSat2and3_Regions.HSat2and3.log	15	213
HG01346	HG01346_hap2	PASS	/home/senescence/Documents/storage2/hiura/docker/bulk_env/data/00_analysis/Repthoscope.v1.0.0/VallePrep_v0.0.0/results/data/HG01346/filfa/HG01346_hap2.t2t.filtered.fasta.gz	/home/senescence/Documents/storage2/hiura/docker/bulk_env/data/00_analysis/Repthoscope.v1.0.0/VallePrep_v0.0.0/results/data/HG01346/filfa/HG01346_hap2.t2t.filtered.fasta.gz.fai	/home/senescence/Documents/storage2/hiura/docker/bulk_env/data/00_analysis/Repthoscope.v1.0.0/VallePrep_v0.0.0/results/data/HG01346/centro/HG01346_hap2.t2t.pass.bed	/home/senescence/Documents/storage2/hiura/docker/bulk_env/data/00_analysis/Repthoscope.v1.0.0/VallePrep_v0.0.0/results/data/HG01346/hsat23/HG01346_hap2.HSat2and3_Regions.lifted.bed	/home/senescence/Documents/storage2/hiura/docker/bulk_env/data/00_analysis/Repthoscope.v1.0.0/VallePrep_v0.0.0/results/data/HG01346/hsat23/HG01346_hap2.HSat2and3_Regions.HSat2and3.log	14	307
HG01352	HG01352_hap1	PASS	/home/senescence/Documents/storage2/hiura/docker/bulk_env/data/00_analysis/Repthoscope.v1.0.0/VallePrep_v0.0.0/results/data/HG01352/filfa/HG01352_hap1.t2t.filtered.fasta.gz	/home/senescence/Documents/storage2/hiura/docker/bulk_env/data/00_analysis/Repthoscope.v1.0.0/VallePrep_v0.0.0/results/data/HG01352/filfa/HG01352_hap1.t2t.filtered.fasta.gz.fai	/home/senescence/Documents/storage2/hiura/docker/bulk_env/data/00_analysis/Repthoscope.v1.0.0/VallePrep_v0.0.0/results/data/HG01352/centro/HG01352_hap1.t2t.pass.bed	/home/senescence/Documents/storage2/hiura/docker/bulk_env/data/00_analysis/Repthoscope.v1.0.0/VallePrep_v0.0.0/results/data/HG01352/hsat23/HG01352_hap1.HSat2and3_Regions.lifted.bed	/home/senescence/Documents/storage2/hiura/docker/bulk_env/data/00_analysis/Repthoscope.v1.0.0/VallePrep_v0.0.0/results/data/HG01352/hsat23/HG01352_hap1.HSat2and3_Regions.HSat2and3.log	15	254
HG01352	HG01352_hap2	PASS	/home/senescence/Documents/storage2/hiura/docker/bulk_env/data/00_analysis/Repthoscope.v1.0.0/VallePrep_v0.0.0/results/data/HG01352/filfa/HG01352_hap2.t2t.filtered.fasta.gz	/home/senescence/Documents/storage2/hiura/docker/bulk_env/data/00_analysis/Repthoscope.v1.0.0/VallePrep_v0.0.0/results/data/HG01352/filfa/HG01352_hap2.t2t.filtered.fasta.gz.fai	/home/senescence/Documents/storage2/hiura/docker/bulk_env/data/00_analysis/Repthoscope.v1.0.0/VallePrep_v0.0.0/results/data/HG01352/centro/HG01352_hap2.t2t.pass.bed	/home/senescence/Documents/storage2/hiura/docker/bulk_env/data/00_analysis/Repthoscope.v1.0.0/VallePrep_v0.0.0/results/data/HG01352/hsat23/HG01352_hap2.HSat2and3_Regions.lifted.bed	/home/senescence/Documents/storage2/hiura/docker/bulk_env/data/00_analysis/Repthoscope.v1.0.0/VallePrep_v0.0.0/results/data/HG01352/hsat23/HG01352_hap2.HSat2and3_Regions.HSat2and3.log	16	210
HG01358	HG01358_hap1	PASS	/home/senescence/Documents/storage2/hiura/docker/bulk_env/data/00_analysis/Repthoscope.v1.0.0/VallePrep_v0.0.0/results/data/HG01358/filfa/HG01358_hap1.t2t.filtered.fasta.gz	/home/senescence/Documents/storage2/hiura/docker/bulk_env/data/00_analysis/Repthoscope.v1.0.0/VallePrep_v0.0.0/results/data/HG01358/filfa/HG01358_hap1.t2t.filtered.fasta.gz.fai	/home/senescence/Documents/storage2/hiura/docker/bulk_env/data/00_analysis/Repthoscope.v1.0.0/VallePrep_v0.0.0/results/data/HG01358/centro/HG01358_hap1.t2t.pass.bed	/home/senescence/Documents/storage2/hiura/docker/bulk_env/data/00_analysis/Repthoscope.v1.0.0/VallePrep_v0.0.0/results/data/HG01358/hsat23/HG01358_hap1.HSat2and3_Regions.lifted.bed	/home/senescence/Documents/storage2/hiura/docker/bulk_env/data/00_analysis/Repthoscope.v1.0.0/VallePrep_v0.0.0/results/data/HG01358/hsat23/HG01358_hap1.HSat2and3_Regions.HSat2and3.log	16	231
HG01358	HG01358_hap2	PASS	/home/senescence/Documents/storage2/hiura/docker/bulk_env/data/00_analysis/Repthoscope.v1.0.0/VallePrep_v0.0.0/results/data/HG01358/filfa/HG01358_hap2.t2t.filtered.fasta.gz	/home/senescence/Documents/storage2/hiura/docker/bulk_env/data/00_analysis/Repthoscope.v1.0.0/VallePrep_v0.0.0/results/data/HG01358/filfa/HG01358_hap2.t2t.filtered.fasta.gz.fai	/home/senescence/Documents/storage2/hiura/docker/bulk_env/data/00_analysis/Repthoscope.v1.0.0/VallePrep_v0.0.0/results/data/HG01358/centro/HG01358_hap2.t2t.pass.bed	/home/senescence/Documents/storage2/hiura/docker/bulk_env/data/00_analysis/Repthoscope.v1.0.0/VallePrep_v0.0.0/results/data/HG01358/hsat23/HG01358_hap2.HSat2and3_Regions.lifted.bed	/home/senescence/Documents/storage2/hiura/docker/bulk_env/data/00_analysis/Repthoscope.v1.0.0/VallePrep_v0.0.0/results/data/HG01358/hsat23/HG01358_hap2.HSat2and3_Regions.HSat2and3.log	14	260
HG01361	HG01361_hap1	PASS	/home/senescence/Documents/storage2/hiura/docker/bulk_env/data/00_analysis/Repthoscope.v1.0.0/VallePrep_v0.0.0/results/data/HG01361/filfa/HG01361_hap1.t2t.filtered.fasta.gz	/home/senescence/Documents/storage2/hiura/docker/bulk_env/data/00_analysis/Repthoscope.v1.0.0/VallePrep_v0.0.0/results/data/HG01361/filfa/HG01361_hap1.t2t.filtered.fasta.gz.fai	/home/senescence/Documents/storage2/hiura/docker/bulk_env/data/00_analysis/Repthoscope.v1.0.0/VallePrep_v0.0.0/results/data/HG01361/centro/HG01361_hap1.t2t.pass.bed	/home/senescence/Documents/storage2/hiura/docker/bulk_env/data/00_analysis/Repthoscope.v1.0.0/VallePrep_v0.0.0/results/data/HG01361/hsat23/HG01361_hap1.HSat2and3_Regions.lifted.bed	/home/senescence/Documents/storage2/hiura/docker/bulk_env/data/00_analysis/Repthoscope.v1.0.0/VallePrep_v0.0.0/results/data/HG01361/hsat23/HG01361_hap1.HSat2and3_Regions.HSat2and3.log	16	205
HG01361	HG01361_hap2	PASS	/home/senescence/Documents/storage2/hiura/docker/bulk_env/data/00_analysis/Repthoscope.v1.0.0/VallePrep_v0.0.0/results/data/HG01361/filfa/HG01361_hap2.t2t.filtered.fasta.gz	/home/senescence/Documents/storage2/hiura/docker/bulk_env/data/00_analysis/Repthoscope.v1.0.0/VallePrep_v0.0.0/results/data/HG01361/filfa/HG01361_hap2.t2t.filtered.fasta.gz.fai	/home/senescence/Documents/storage2/hiura/docker/bulk_env/data/00_analysis/Repthoscope.v1.0.0/VallePrep_v0.0.0/results/data/HG01361/centro/HG01361_hap2.t2t.pass.bed	/home/senescence/Documents/storage2/hiura/docker/bulk_env/data/00_analysis/Repthoscope.v1.0.0/VallePrep_v0.0.0/results/data/HG01361/hsat23/HG01361_hap2.HSat2and3_Regions.lifted.bed	/home/senescence/Documents/storage2/hiura/docker/bulk_env/data/00_analysis/Repthoscope.v1.0.0/VallePrep_v0.0.0/results/data/HG01361/hsat23/HG01361_hap2.HSat2and3_Regions.HSat2and3.log	16	204
HG01433	HG01433_hap1	PASS	/home/senescence/Documents/storage2/hiura/docker/bulk_env/data/00_analysis/Repthoscope.v1.0.0/VallePrep_v0.0.0/results/data/HG01433/filfa/HG01433_hap1.t2t.filtered.fasta.gz	/home/senescence/Documents/storage2/hiura/docker/bulk_env/data/00_analysis/Repthoscope.v1.0.0/VallePrep_v0.0.0/results/data/HG01433/filfa/HG01433_hap1.t2t.filtered.fasta.gz.fai	/home/senescence/Documents/storage2/hiura/docker/bulk_env/data/00_analysis/Repthoscope.v1.0.0/VallePrep_v0.0.0/results/data/HG01433/centro/HG01433_hap1.t2t.pass.bed	/home/senescence/Documents/storage2/hiura/docker/bulk_env/data/00_analysis/Repthoscope.v1.0.0/VallePrep_v0.0.0/results/data/HG01433/hsat23/HG01433_hap1.HSat2and3_Regions.lifted.bed	/home/senescence/Documents/storage2/hiura/docker/bulk_env/data/00_analysis/Repthoscope.v1.0.0/VallePrep_v0.0.0/results/data/HG01433/hsat23/HG01433_hap1.HSat2and3_Regions.HSat2and3.log	17	279
HG01433	HG01433_hap2	PASS	/home/senescence/Documents/storage2/hiura/docker/bulk_env/data/00_analysis/Repthoscope.v1.0.0/VallePrep_v0.0.0/results/data/HG01433/filfa/HG01433_hap2.t2t.filtered.fasta.gz	/home/senescence/Documents/storage2/hiura/docker/bulk_env/data/00_analysis/Repthoscope.v1.0.0/VallePrep_v0.0.0/results/data/HG01433/filfa/HG01433_hap2.t2t.filtered.fasta.gz.fai	/home/senescence/Documents/storage2/hiura/docker/bulk_env/data/00_analysis/Repthoscope.v1.0.0/VallePrep_v0.0.0/results/data/HG01433/centro/HG01433_hap2.t2t.pass.bed	/home/senescence/Documents/storage2/hiura/docker/bulk_env/data/00_analysis/Repthoscope.v1.0.0/VallePrep_v0.0.0/results/data/HG01433/hsat23/HG01433_hap2.HSat2and3_Regions.lifted.bed	/home/senescence/Documents/storage2/hiura/docker/bulk_env/data/00_analysis/Repthoscope.v1.0.0/VallePrep_v0.0.0/results/data/HG01433/hsat23/HG01433_hap2.HSat2and3_Regions.HSat2and3.log	16	254
HG01457	HG01457_hap1	PASS	/home/senescence/Documents/storage2/hiura/docker/bulk_env/data/00_analysis/Repthoscope.v1.0.0/VallePrep_v0.0.0/results/data/HG01457/filfa/HG01457_hap1.t2t.filtered.fasta.gz	/home/senescence/Documents/storage2/hiura/docker/bulk_env/data/00_analysis/Repthoscope.v1.0.0/VallePrep_v0.0.0/results/data/HG01457/filfa/HG01457_hap1.t2t.filtered.fasta.gz.fai	/home/senescence/Documents/storage2/hiura/docker/bulk_env/data/00_analysis/Repthoscope.v1.0.0/VallePrep_v0.0.0/results/data/HG01457/centro/HG01457_hap1.t2t.pass.bed	/home/senescence/Documents/storage2/hiura/docker/bulk_env/data/00_analysis/Repthoscope.v1.0.0/VallePrep_v0.0.0/results/data/HG01457/hsat23/HG01457_hap1.HSat2and3_Regions.lifted.bed	/home/senescence/Documents/storage2/hiura/docker/bulk_env/data/00_analysis/Repthoscope.v1.0.0/VallePrep_v0.0.0/results/data/HG01457/hsat23/HG01457_hap1.HSat2and3_Regions.HSat2and3.log	16	115
HG01457	HG01457_hap2	PASS	/home/senescence/Documents/storage2/hiura/docker/bulk_env/data/00_analysis/Repthoscope.v1.0.0/VallePrep_v0.0.0/results/data/HG01457/filfa/HG01457_hap2.t2t.filtered.fasta.gz	/home/senescence/Documents/storage2/hiura/docker/bulk_env/data/00_analysis/Repthoscope.v1.0.0/VallePrep_v0.0.0/results/data/HG01457/filfa/HG01457_hap2.t2t.filtered.fasta.gz.fai	/home/senescence/Documents/storage2/hiura/docker/bulk_env/data/00_analysis/Repthoscope.v1.0.0/VallePrep_v0.0.0/results/data/HG01457/centro/HG01457_hap2.t2t.pass.bed	/home/senescence/Documents/storage2/hiura/docker/bulk_env/data/00_analysis/Repthoscope.v1.0.0/VallePrep_v0.0.0/results/data/HG01457/hsat23/HG01457_hap2.HSat2and3_Regions.lifted.bed	/home/senescence/Documents/storage2/hiura/docker/bulk_env/data/00_analysis/Repthoscope.v1.0.0/VallePrep_v0.0.0/results/data/HG01457/hsat23/HG01457_hap2.HSat2and3_Regions.HSat2and3.log	15	99
HG01496	HG01496_hap1	PASS	/home/senescence/Documents/storage2/hiura/docker/bulk_env/data/00_analysis/Repthoscope.v1.0.0/VallePrep_v0.0.0/results/data/HG01496/filfa/HG01496_hap1.t2t.filtered.fasta.gz	/home/senescence/Documents/storage2/hiura/docker/bulk_env/data/00_analysis/Repthoscope.v1.0.0/VallePrep_v0.0.0/results/data/HG01496/filfa/HG01496_hap1.t2t.filtered.fasta.gz.fai	/home/senescence/Documents/storage2/hiura/docker/bulk_env/data/00_analysis/Repthoscope.v1.0.0/VallePrep_v0.0.0/results/data/HG01496/centro/HG01496_hap1.t2t.pass.bed	/home/senescence/Documents/storage2/hiura/docker/bulk_env/data/00_analysis/Repthoscope.v1.0.0/VallePrep_v0.0.0/results/data/HG01496/hsat23/HG01496_hap1.HSat2and3_Regions.lifted.bed	/home/senescence/Documents/storage2/hiura/docker/bulk_env/data/00_analysis/Repthoscope.v1.0.0/VallePrep_v0.0.0/results/data/HG01496/hsat23/HG01496_hap1.HSat2and3_Regions.HSat2and3.log	17	232
HG01496	HG01496_hap2	PASS	/home/senescence/Documents/storage2/hiura/docker/bulk_env/data/00_analysis/Repthoscope.v1.0.0/VallePrep_v0.0.0/results/data/HG01496/filfa/HG01496_hap2.t2t.filtered.fasta.gz	/home/senescence/Documents/storage2/hiura/docker/bulk_env/data/00_analysis/Repthoscope.v1.0.0/VallePrep_v0.0.0/results/data/HG01496/filfa/HG01496_hap2.t2t.filtered.fasta.gz.fai	/home/senescence/Documents/storage2/hiura/docker/bulk_env/data/00_analysis/Repthoscope.v1.0.0/VallePrep_v0.0.0/results/data/HG01496/centro/HG01496_hap2.t2t.pass.bed	/home/senescence/Documents/storage2/hiura/docker/bulk_env/data/00_analysis/Repthoscope.v1.0.0/VallePrep_v0.0.0/results/data/HG01496/hsat23/HG01496_hap2.HSat2and3_Regions.lifted.bed	/home/senescence/Documents/storage2/hiura/docker/bulk_env/data/00_analysis/Repthoscope.v1.0.0/VallePrep_v0.0.0/results/data/HG01496/hsat23/HG01496_hap2.HSat2and3_Regions.HSat2and3.log	16	273
HG01505	HG01505_hap1	PASS	/home/senescence/Documents/storage2/hiura/docker/bulk_env/data/00_analysis/Repthoscope.v1.0.0/VallePrep_v0.0.0/results/data/HG01505/filfa/HG01505_hap1.t2t.filtered.fasta.gz	/home/senescence/Documents/storage2/hiura/docker/bulk_env/data/00_analysis/Repthoscope.v1.0.0/VallePrep_v0.0.0/results/data/HG01505/filfa/HG01505_hap1.t2t.filtered.fasta.gz.fai	/home/senescence/Documents/storage2/hiura/docker/bulk_env/data/00_analysis/Repthoscope.v1.0.0/VallePrep_v0.0.0/results/data/HG01505/centro/HG01505_hap1.t2t.pass.bed	/home/senescence/Documents/storage2/hiura/docker/bulk_env/data/00_analysis/Repthoscope.v1.0.0/VallePrep_v0.0.0/results/data/HG01505/hsat23/HG01505_hap1.HSat2and3_Regions.lifted.bed	/home/senescence/Documents/storage2/hiura/docker/bulk_env/data/00_analysis/Repthoscope.v1.0.0/VallePrep_v0.0.0/results/data/HG01505/hsat23/HG01505_hap1.HSat2and3_Regions.HSat2and3.log	14	224
HG01505	HG01505_hap2	PASS	/home/senescence/Documents/storage2/hiura/docker/bulk_env/data/00_analysis/Repthoscope.v1.0.0/VallePrep_v0.0.0/results/data/HG01505/filfa/HG01505_hap2.t2t.filtered.fasta.gz	/home/senescence/Documents/storage2/hiura/docker/bulk_env/data/00_analysis/Repthoscope.v1.0.0/VallePrep_v0.0.0/results/data/HG01505/filfa/HG01505_hap2.t2t.filtered.fasta.gz.fai	/home/senescence/Documents/storage2/hiura/docker/bulk_env/data/00_analysis/Repthoscope.v1.0.0/VallePrep_v0.0.0/results/data/HG01505/centro/HG01505_hap2.t2t.pass.bed	/home/senescence/Documents/storage2/hiura/docker/bulk_env/data/00_analysis/Repthoscope.v1.0.0/VallePrep_v0.0.0/results/data/HG01505/hsat23/HG01505_hap2.HSat2and3_Regions.lifted.bed	/home/senescence/Documents/storage2/hiura/docker/bulk_env/data/00_analysis/Repthoscope.v1.0.0/VallePrep_v0.0.0/results/data/HG01505/hsat23/HG01505_hap2.HSat2and3_Regions.HSat2and3.log	16	226
HG01530	HG01530_hap1	PASS	/home/senescence/Documents/storage2/hiura/docker/bulk_env/data/00_analysis/Repthoscope.v1.0.0/VallePrep_v0.0.0/results/data/HG01530/filfa/HG01530_hap1.t2t.filtered.fasta.gz	/home/senescence/Documents/storage2/hiura/docker/bulk_env/data/00_analysis/Repthoscope.v1.0.0/VallePrep_v0.0.0/results/data/HG01530/filfa/HG01530_hap1.t2t.filtered.fasta.gz.fai	/home/senescence/Documents/storage2/hiura/docker/bulk_env/data/00_analysis/Repthoscope.v1.0.0/VallePrep_v0.0.0/results/data/HG01530/centro/HG01530_hap1.t2t.pass.bed	/home/senescence/Documents/storage2/hiura/docker/bulk_env/data/00_analysis/Repthoscope.v1.0.0/VallePrep_v0.0.0/results/data/HG01530/hsat23/HG01530_hap1.HSat2and3_Regions.lifted.bed	/home/senescence/Documents/storage2/hiura/docker/bulk_env/data/00_analysis/Repthoscope.v1.0.0/VallePrep_v0.0.0/results/data/HG01530/hsat23/HG01530_hap1.HSat2and3_Regions.HSat2and3.log	12	182
HG01530	HG01530_hap2	PASS	/home/senescence/Documents/storage2/hiura/docker/bulk_env/data/00_analysis/Repthoscope.v1.0.0/VallePrep_v0.0.0/results/data/HG01530/filfa/HG01530_hap2.t2t.filtered.fasta.gz	/home/senescence/Documents/storage2/hiura/docker/bulk_env/data/00_analysis/Repthoscope.v1.0.0/VallePrep_v0.0.0/results/data/HG01530/filfa/HG01530_hap2.t2t.filtered.fasta.gz.fai	/home/senescence/Documents/storage2/hiura/docker/bulk_env/data/00_analysis/Repthoscope.v1.0.0/VallePrep_v0.0.0/results/data/HG01530/centro/HG01530_hap2.t2t.pass.bed	/home/senescence/Documents/storage2/hiura/docker/bulk_env/data/00_analysis/Repthoscope.v1.0.0/VallePrep_v0.0.0/results/data/HG01530/hsat23/HG01530_hap2.HSat2and3_Regions.lifted.bed	/home/senescence/Documents/storage2/hiura/docker/bulk_env/data/00_analysis/Repthoscope.v1.0.0/VallePrep_v0.0.0/results/data/HG01530/hsat23/HG01530_hap2.HSat2and3_Regions.HSat2and3.log	14	156
HG01573	HG01573_hap1	PASS	/home/senescence/Documents/storage2/hiura/docker/bulk_env/data/00_analysis/Repthoscope.v1.0.0/VallePrep_v0.0.0/results/data/HG01573/filfa/HG01573_hap1.t2t.filtered.fasta.gz	/home/senescence/Documents/storage2/hiura/docker/bulk_env/data/00_analysis/Repthoscope.v1.0.0/VallePrep_v0.0.0/results/data/HG01573/filfa/HG01573_hap1.t2t.filtered.fasta.gz.fai	/home/senescence/Documents/storage2/hiura/docker/bulk_env/data/00_analysis/Repthoscope.v1.0.0/VallePrep_v0.0.0/results/data/HG01573/centro/HG01573_hap1.t2t.pass.bed	/home/senescence/Documents/storage2/hiura/docker/bulk_env/data/00_analysis/Repthoscope.v1.0.0/VallePrep_v0.0.0/results/data/HG01573/hsat23/HG01573_hap1.HSat2and3_Regions.lifted.bed	/home/senescence/Documents/storage2/hiura/docker/bulk_env/data/00_analysis/Repthoscope.v1.0.0/VallePrep_v0.0.0/results/data/HG01573/hsat23/HG01573_hap1.HSat2and3_Regions.HSat2and3.log	13	82
HG01573	HG01573_hap2	PASS	/home/senescence/Documents/storage2/hiura/docker/bulk_env/data/00_analysis/Repthoscope.v1.0.0/VallePrep_v0.0.0/results/data/HG01573/filfa/HG01573_hap2.t2t.filtered.fasta.gz	/home/senescence/Documents/storage2/hiura/docker/bulk_env/data/00_analysis/Repthoscope.v1.0.0/VallePrep_v0.0.0/results/data/HG01573/filfa/HG01573_hap2.t2t.filtered.fasta.gz.fai	/home/senescence/Documents/storage2/hiura/docker/bulk_env/data/00_analysis/Repthoscope.v1.0.0/VallePrep_v0.0.0/results/data/HG01573/centro/HG01573_hap2.t2t.pass.bed	/home/senescence/Documents/storage2/hiura/docker/bulk_env/data/00_analysis/Repthoscope.v1.0.0/VallePrep_v0.0.0/results/data/HG01573/hsat23/HG01573_hap2.HSat2and3_Regions.lifted.bed	/home/senescence/Documents/storage2/hiura/docker/bulk_env/data/00_analysis/Repthoscope.v1.0.0/VallePrep_v0.0.0/results/data/HG01573/hsat23/HG01573_hap2.HSat2and3_Regions.HSat2and3.log	15	96
HG01596	HG01596_hap1	PASS	/home/senescence/Documents/storage2/hiura/docker/bulk_env/data/00_analysis/Repthoscope.v1.0.0/VallePrep_v0.0.0/results/data/HG01596/filfa/HG01596_hap1.t2t.filtered.fasta.gz	/home/senescence/Documents/storage2/hiura/docker/bulk_env/data/00_analysis/Repthoscope.v1.0.0/VallePrep_v0.0.0/results/data/HG01596/filfa/HG01596_hap1.t2t.filtered.fasta.gz.fai	/home/senescence/Documents/storage2/hiura/docker/bulk_env/data/00_analysis/Repthoscope.v1.0.0/VallePrep_v0.0.0/results/data/HG01596/centro/HG01596_hap1.t2t.pass.bed	/home/senescence/Documents/storage2/hiura/docker/bulk_env/data/00_analysis/Repthoscope.v1.0.0/VallePrep_v0.0.0/results/data/HG01596/hsat23/HG01596_hap1.HSat2and3_Regions.lifted.bed	/home/senescence/Documents/storage2/hiura/docker/bulk_env/data/00_analysis/Repthoscope.v1.0.0/VallePrep_v0.0.0/results/data/HG01596/hsat23/HG01596_hap1.HSat2and3_Regions.HSat2and3.log	15	119
HG01596	HG01596_hap2	PASS	/home/senescence/Documents/storage2/hiura/docker/bulk_env/data/00_analysis/Repthoscope.v1.0.0/VallePrep_v0.0.0/results/data/HG01596/filfa/HG01596_hap2.t2t.filtered.fasta.gz	/home/senescence/Documents/storage2/hiura/docker/bulk_env/data/00_analysis/Repthoscope.v1.0.0/VallePrep_v0.0.0/results/data/HG01596/filfa/HG01596_hap2.t2t.filtered.fasta.gz.fai	/home/senescence/Documents/storage2/hiura/docker/bulk_env/data/00_analysis/Repthoscope.v1.0.0/VallePrep_v0.0.0/results/data/HG01596/centro/HG01596_hap2.t2t.pass.bed	/home/senescence/Documents/storage2/hiura/docker/bulk_env/data/00_analysis/Repthoscope.v1.0.0/VallePrep_v0.0.0/results/data/HG01596/hsat23/HG01596_hap2.HSat2and3_Regions.lifted.bed	/home/senescence/Documents/storage2/hiura/docker/bulk_env/data/00_analysis/Repthoscope.v1.0.0/VallePrep_v0.0.0/results/data/HG01596/hsat23/HG01596_hap2.HSat2and3_Regions.HSat2and3.log	14	162
HG01784	HG01784_hap1	PASS	/home/senescence/Documents/storage2/hiura/docker/bulk_env/data/00_analysis/Repthoscope.v1.0.0/VallePrep_v0.0.0/results/data/HG01784/filfa/HG01784_hap1.t2t.filtered.fasta.gz	/home/senescence/Documents/storage2/hiura/docker/bulk_env/data/00_analysis/Repthoscope.v1.0.0/VallePrep_v0.0.0/results/data/HG01784/filfa/HG01784_hap1.t2t.filtered.fasta.gz.fai	/home/senescence/Documents/storage2/hiura/docker/bulk_env/data/00_analysis/Repthoscope.v1.0.0/VallePrep_v0.0.0/results/data/HG01784/centro/HG01784_hap1.t2t.pass.bed	/home/senescence/Documents/storage2/hiura/docker/bulk_env/data/00_analysis/Repthoscope.v1.0.0/VallePrep_v0.0.0/results/data/HG01784/hsat23/HG01784_hap1.HSat2and3_Regions.lifted.bed	/home/senescence/Documents/storage2/hiura/docker/bulk_env/data/00_analysis/Repthoscope.v1.0.0/VallePrep_v0.0.0/results/data/HG01784/hsat23/HG01784_hap1.HSat2and3_Regions.HSat2and3.log	16	212
HG01784	HG01784_hap2	PASS	/home/senescence/Documents/storage2/hiura/docker/bulk_env/data/00_analysis/Repthoscope.v1.0.0/VallePrep_v0.0.0/results/data/HG01784/filfa/HG01784_hap2.t2t.filtered.fasta.gz	/home/senescence/Documents/storage2/hiura/docker/bulk_env/data/00_analysis/Repthoscope.v1.0.0/VallePrep_v0.0.0/results/data/HG01784/filfa/HG01784_hap2.t2t.filtered.fasta.gz.fai	/home/senescence/Documents/storage2/hiura/docker/bulk_env/data/00_analysis/Repthoscope.v1.0.0/VallePrep_v0.0.0/results/data/HG01784/centro/HG01784_hap2.t2t.pass.bed	/home/senescence/Documents/storage2/hiura/docker/bulk_env/data/00_analysis/Repthoscope.v1.0.0/VallePrep_v0.0.0/results/data/HG01784/hsat23/HG01784_hap2.HSat2and3_Regions.lifted.bed	/home/senescence/Documents/storage2/hiura/docker/bulk_env/data/00_analysis/Repthoscope.v1.0.0/VallePrep_v0.0.0/results/data/HG01784/hsat23/HG01784_hap2.HSat2and3_Regions.HSat2and3.log	15	203
HG01786	HG01786_hap1	PASS	/home/senescence/Documents/storage2/hiura/docker/bulk_env/data/00_analysis/Repthoscope.v1.0.0/VallePrep_v0.0.0/results/data/HG01786/filfa/HG01786_hap1.t2t.filtered.fasta.gz	/home/senescence/Documents/storage2/hiura/docker/bulk_env/data/00_analysis/Repthoscope.v1.0.0/VallePrep_v0.0.0/results/data/HG01786/filfa/HG01786_hap1.t2t.filtered.fasta.gz.fai	/home/senescence/Documents/storage2/hiura/docker/bulk_env/data/00_analysis/Repthoscope.v1.0.0/VallePrep_v0.0.0/results/data/HG01786/centro/HG01786_hap1.t2t.pass.bed	/home/senescence/Documents/storage2/hiura/docker/bulk_env/data/00_analysis/Repthoscope.v1.0.0/VallePrep_v0.0.0/results/data/HG01786/hsat23/HG01786_hap1.HSat2and3_Regions.lifted.bed	/home/senescence/Documents/storage2/hiura/docker/bulk_env/data/00_analysis/Repthoscope.v1.0.0/VallePrep_v0.0.0/results/data/HG01786/hsat23/HG01786_hap1.HSat2and3_Regions.HSat2and3.log	12	176
HG01786	HG01786_hap2	EXCLUDE_invalid_annotation_coordinate	/home/senescence/Documents/storage2/hiura/docker/bulk_env/data/00_analysis/Repthoscope.v1.0.0/VallePrep_v0.0.0/results/data/HG01786/filfa/HG01786_hap2.t2t.filtered.fasta.gz	/home/senescence/Documents/storage2/hiura/docker/bulk_env/data/00_analysis/Repthoscope.v1.0.0/VallePrep_v0.0.0/results/data/HG01786/filfa/HG01786_hap2.t2t.filtered.fasta.gz.fai	/home/senescence/Documents/storage2/hiura/docker/bulk_env/data/00_analysis/Repthoscope.v1.0.0/VallePrep_v0.0.0/results/data/HG01786/centro/HG01786_hap2.t2t.pass.bed	/home/senescence/Documents/storage2/hiura/docker/bulk_env/data/00_analysis/Repthoscope.v1.0.0/VallePrep_v0.0.0/results/data/HG01786/hsat23/HG01786_hap2.HSat2and3_Regions.lifted.bed	/home/senescence/Documents/storage2/hiura/docker/bulk_env/data/00_analysis/Repthoscope.v1.0.0/VallePrep_v0.0.0/results/data/HG01786/hsat23/HG01786_hap2.HSat2and3_Regions.HSat2and3.log	12	194
HG01884	HG01884_hap1	PASS	/home/senescence/Documents/storage2/hiura/docker/bulk_env/data/00_analysis/Repthoscope.v1.0.0/VallePrep_v0.0.0/results/data/HG01884/filfa/HG01884_hap1.t2t.filtered.fasta.gz	/home/senescence/Documents/storage2/hiura/docker/bulk_env/data/00_analysis/Repthoscope.v1.0.0/VallePrep_v0.0.0/results/data/HG01884/filfa/HG01884_hap1.t2t.filtered.fasta.gz.fai	/home/senescence/Documents/storage2/hiura/docker/bulk_env/data/00_analysis/Repthoscope.v1.0.0/VallePrep_v0.0.0/results/data/HG01884/centro/HG01884_hap1.t2t.pass.bed	/home/senescence/Documents/storage2/hiura/docker/bulk_env/data/00_analysis/Repthoscope.v1.0.0/VallePrep_v0.0.0/results/data/HG01884/hsat23/HG01884_hap1.HSat2and3_Regions.lifted.bed	/home/senescence/Documents/storage2/hiura/docker/bulk_env/data/00_analysis/Repthoscope.v1.0.0/VallePrep_v0.0.0/results/data/HG01884/hsat23/HG01884_hap1.HSat2and3_Regions.HSat2and3.log	16	299
HG01884	HG01884_hap2	PASS	/home/senescence/Documents/storage2/hiura/docker/bulk_env/data/00_analysis/Repthoscope.v1.0.0/VallePrep_v0.0.0/results/data/HG01884/filfa/HG01884_hap2.t2t.filtered.fasta.gz	/home/senescence/Documents/storage2/hiura/docker/bulk_env/data/00_analysis/Repthoscope.v1.0.0/VallePrep_v0.0.0/results/data/HG01884/filfa/HG01884_hap2.t2t.filtered.fasta.gz.fai	/home/senescence/Documents/storage2/hiura/docker/bulk_env/data/00_analysis/Repthoscope.v1.0.0/VallePrep_v0.0.0/results/data/HG01884/centro/HG01884_hap2.t2t.pass.bed	/home/senescence/Documents/storage2/hiura/docker/bulk_env/data/00_analysis/Repthoscope.v1.0.0/VallePrep_v0.0.0/results/data/HG01884/hsat23/HG01884_hap2.HSat2and3_Regions.lifted.bed	/home/senescence/Documents/storage2/hiura/docker/bulk_env/data/00_analysis/Repthoscope.v1.0.0/VallePrep_v0.0.0/results/data/HG01884/hsat23/HG01884_hap2.HSat2and3_Regions.HSat2and3.log	15	256
HG01890	HG01890_hap1	PASS	/home/senescence/Documents/storage2/hiura/docker/bulk_env/data/00_analysis/Repthoscope.v1.0.0/VallePrep_v0.0.0/results/data/HG01890/filfa/HG01890_hap1.t2t.filtered.fasta.gz	/home/senescence/Documents/storage2/hiura/docker/bulk_env/data/00_analysis/Repthoscope.v1.0.0/VallePrep_v0.0.0/results/data/HG01890/filfa/HG01890_hap1.t2t.filtered.fasta.gz.fai	/home/senescence/Documents/storage2/hiura/docker/bulk_env/data/00_analysis/Repthoscope.v1.0.0/VallePrep_v0.0.0/results/data/HG01890/centro/HG01890_hap1.t2t.pass.bed	/home/senescence/Documents/storage2/hiura/docker/bulk_env/data/00_analysis/Repthoscope.v1.0.0/VallePrep_v0.0.0/results/data/HG01890/hsat23/HG01890_hap1.HSat2and3_Regions.lifted.bed	/home/senescence/Documents/storage2/hiura/docker/bulk_env/data/00_analysis/Repthoscope.v1.0.0/VallePrep_v0.0.0/results/data/HG01890/hsat23/HG01890_hap1.HSat2and3_Regions.HSat2and3.log	17	216
HG01890	HG01890_hap2	PASS	/home/senescence/Documents/storage2/hiura/docker/bulk_env/data/00_analysis/Repthoscope.v1.0.0/VallePrep_v0.0.0/results/data/HG01890/filfa/HG01890_hap2.t2t.filtered.fasta.gz	/home/senescence/Documents/storage2/hiura/docker/bulk_env/data/00_analysis/Repthoscope.v1.0.0/VallePrep_v0.0.0/results/data/HG01890/filfa/HG01890_hap2.t2t.filtered.fasta.gz.fai	/home/senescence/Documents/storage2/hiura/docker/bulk_env/data/00_analysis/Repthoscope.v1.0.0/VallePrep_v0.0.0/results/data/HG01890/centro/HG01890_hap2.t2t.pass.bed	/home/senescence/Documents/storage2/hiura/docker/bulk_env/data/00_analysis/Repthoscope.v1.0.0/VallePrep_v0.0.0/results/data/HG01890/hsat23/HG01890_hap2.HSat2and3_Regions.lifted.bed	/home/senescence/Documents/storage2/hiura/docker/bulk_env/data/00_analysis/Repthoscope.v1.0.0/VallePrep_v0.0.0/results/data/HG01890/hsat23/HG01890_hap2.HSat2and3_Regions.HSat2and3.log	17	418
HG01891	HG01891_hap1	PASS	/home/senescence/Documents/storage2/hiura/docker/bulk_env/data/00_analysis/Repthoscope.v1.0.0/VallePrep_v0.0.0/results/data/HG01891/filfa/HG01891_hap1.t2t.filtered.fasta.gz	/home/senescence/Documents/storage2/hiura/docker/bulk_env/data/00_analysis/Repthoscope.v1.0.0/VallePrep_v0.0.0/results/data/HG01891/filfa/HG01891_hap1.t2t.filtered.fasta.gz.fai	/home/senescence/Documents/storage2/hiura/docker/bulk_env/data/00_analysis/Repthoscope.v1.0.0/VallePrep_v0.0.0/results/data/HG01891/centro/HG01891_hap1.t2t.pass.bed	/home/senescence/Documents/storage2/hiura/docker/bulk_env/data/00_analysis/Repthoscope.v1.0.0/VallePrep_v0.0.0/results/data/HG01891/hsat23/HG01891_hap1.HSat2and3_Regions.lifted.bed	/home/senescence/Documents/storage2/hiura/docker/bulk_env/data/00_analysis/Repthoscope.v1.0.0/VallePrep_v0.0.0/results/data/HG01891/hsat23/HG01891_hap1.HSat2and3_Regions.HSat2and3.log	10	146
HG01891	HG01891_hap2	PASS	/home/senescence/Documents/storage2/hiura/docker/bulk_env/data/00_analysis/Repthoscope.v1.0.0/VallePrep_v0.0.0/results/data/HG01891/filfa/HG01891_hap2.t2t.filtered.fasta.gz	/home/senescence/Documents/storage2/hiura/docker/bulk_env/data/00_analysis/Repthoscope.v1.0.0/VallePrep_v0.0.0/results/data/HG01891/filfa/HG01891_hap2.t2t.filtered.fasta.gz.fai	/home/senescence/Documents/storage2/hiura/docker/bulk_env/data/00_analysis/Repthoscope.v1.0.0/VallePrep_v0.0.0/results/data/HG01891/centro/HG01891_hap2.t2t.pass.bed	/home/senescence/Documents/storage2/hiura/docker/bulk_env/data/00_analysis/Repthoscope.v1.0.0/VallePrep_v0.0.0/results/data/HG01891/hsat23/HG01891_hap2.HSat2and3_Regions.lifted.bed	/home/senescence/Documents/storage2/hiura/docker/bulk_env/data/00_analysis/Repthoscope.v1.0.0/VallePrep_v0.0.0/results/data/HG01891/hsat23/HG01891_hap2.HSat2and3_Regions.HSat2and3.log	9	81
HG01928	HG01928_hap1	PASS	/home/senescence/Documents/storage2/hiura/docker/bulk_env/data/00_analysis/Repthoscope.v1.0.0/VallePrep_v0.0.0/results/data/HG01928/filfa/HG01928_hap1.t2t.filtered.fasta.gz	/home/senescence/Documents/storage2/hiura/docker/bulk_env/data/00_analysis/Repthoscope.v1.0.0/VallePrep_v0.0.0/results/data/HG01928/filfa/HG01928_hap1.t2t.filtered.fasta.gz.fai	/home/senescence/Documents/storage2/hiura/docker/bulk_env/data/00_analysis/Repthoscope.v1.0.0/VallePrep_v0.0.0/results/data/HG01928/centro/HG01928_hap1.t2t.pass.bed	/home/senescence/Documents/storage2/hiura/docker/bulk_env/data/00_analysis/Repthoscope.v1.0.0/VallePrep_v0.0.0/results/data/HG01928/hsat23/HG01928_hap1.HSat2and3_Regions.lifted.bed	/home/senescence/Documents/storage2/hiura/docker/bulk_env/data/00_analysis/Repthoscope.v1.0.0/VallePrep_v0.0.0/results/data/HG01928/hsat23/HG01928_hap1.HSat2and3_Regions.HSat2and3.log	18	286
HG01928	HG01928_hap2	PASS	/home/senescence/Documents/storage2/hiura/docker/bulk_env/data/00_analysis/Repthoscope.v1.0.0/VallePrep_v0.0.0/results/data/HG01928/filfa/HG01928_hap2.t2t.filtered.fasta.gz	/home/senescence/Documents/storage2/hiura/docker/bulk_env/data/00_analysis/Repthoscope.v1.0.0/VallePrep_v0.0.0/results/data/HG01928/filfa/HG01928_hap2.t2t.filtered.fasta.gz.fai	/home/senescence/Documents/storage2/hiura/docker/bulk_env/data/00_analysis/Repthoscope.v1.0.0/VallePrep_v0.0.0/results/data/HG01928/centro/HG01928_hap2.t2t.pass.bed	/home/senescence/Documents/storage2/hiura/docker/bulk_env/data/00_analysis/Repthoscope.v1.0.0/VallePrep_v0.0.0/results/data/HG01928/hsat23/HG01928_hap2.HSat2and3_Regions.lifted.bed	/home/senescence/Documents/storage2/hiura/docker/bulk_env/data/00_analysis/Repthoscope.v1.0.0/VallePrep_v0.0.0/results/data/HG01928/hsat23/HG01928_hap2.HSat2and3_Regions.HSat2and3.log	17	203
HG01934	HG01934_hap1	PASS	/home/senescence/Documents/storage2/hiura/docker/bulk_env/data/00_analysis/Repthoscope.v1.0.0/VallePrep_v0.0.0/results/data/HG01934/filfa/HG01934_hap1.t2t.filtered.fasta.gz	/home/senescence/Documents/storage2/hiura/docker/bulk_env/data/00_analysis/Repthoscope.v1.0.0/VallePrep_v0.0.0/results/data/HG01934/filfa/HG01934_hap1.t2t.filtered.fasta.gz.fai	/home/senescence/Documents/storage2/hiura/docker/bulk_env/data/00_analysis/Repthoscope.v1.0.0/VallePrep_v0.0.0/results/data/HG01934/centro/HG01934_hap1.t2t.pass.bed	/home/senescence/Documents/storage2/hiura/docker/bulk_env/data/00_analysis/Repthoscope.v1.0.0/VallePrep_v0.0.0/results/data/HG01934/hsat23/HG01934_hap1.HSat2and3_Regions.lifted.bed	/home/senescence/Documents/storage2/hiura/docker/bulk_env/data/00_analysis/Repthoscope.v1.0.0/VallePrep_v0.0.0/results/data/HG01934/hsat23/HG01934_hap1.HSat2and3_Regions.HSat2and3.log	16	281
HG01934	HG01934_hap2	PASS	/home/senescence/Documents/storage2/hiura/docker/bulk_env/data/00_analysis/Repthoscope.v1.0.0/VallePrep_v0.0.0/results/data/HG01934/filfa/HG01934_hap2.t2t.filtered.fasta.gz	/home/senescence/Documents/storage2/hiura/docker/bulk_env/data/00_analysis/Repthoscope.v1.0.0/VallePrep_v0.0.0/results/data/HG01934/filfa/HG01934_hap2.t2t.filtered.fasta.gz.fai	/home/senescence/Documents/storage2/hiura/docker/bulk_env/data/00_analysis/Repthoscope.v1.0.0/VallePrep_v0.0.0/results/data/HG01934/centro/HG01934_hap2.t2t.pass.bed	/home/senescence/Documents/storage2/hiura/docker/bulk_env/data/00_analysis/Repthoscope.v1.0.0/VallePrep_v0.0.0/results/data/HG01934/hsat23/HG01934_hap2.HSat2and3_Regions.lifted.bed	/home/senescence/Documents/storage2/hiura/docker/bulk_env/data/00_analysis/Repthoscope.v1.0.0/VallePrep_v0.0.0/results/data/HG01934/hsat23/HG01934_hap2.HSat2and3_Regions.HSat2and3.log	16	257
HG01940	HG01940_hap1	PASS	/home/senescence/Documents/storage2/hiura/docker/bulk_env/data/00_analysis/Repthoscope.v1.0.0/VallePrep_v0.0.0/results/data/HG01940/filfa/HG01940_hap1.t2t.filtered.fasta.gz	/home/senescence/Documents/storage2/hiura/docker/bulk_env/data/00_analysis/Repthoscope.v1.0.0/VallePrep_v0.0.0/results/data/HG01940/filfa/HG01940_hap1.t2t.filtered.fasta.gz.fai	/home/senescence/Documents/storage2/hiura/docker/bulk_env/data/00_analysis/Repthoscope.v1.0.0/VallePrep_v0.0.0/results/data/HG01940/centro/HG01940_hap1.t2t.pass.bed	/home/senescence/Documents/storage2/hiura/docker/bulk_env/data/00_analysis/Repthoscope.v1.0.0/VallePrep_v0.0.0/results/data/HG01940/hsat23/HG01940_hap1.HSat2and3_Regions.lifted.bed	/home/senescence/Documents/storage2/hiura/docker/bulk_env/data/00_analysis/Repthoscope.v1.0.0/VallePrep_v0.0.0/results/data/HG01940/hsat23/HG01940_hap1.HSat2and3_Regions.HSat2and3.log	16	185
HG01940	HG01940_hap2	PASS	/home/senescence/Documents/storage2/hiura/docker/bulk_env/data/00_analysis/Repthoscope.v1.0.0/VallePrep_v0.0.0/results/data/HG01940/filfa/HG01940_hap2.t2t.filtered.fasta.gz	/home/senescence/Documents/storage2/hiura/docker/bulk_env/data/00_analysis/Repthoscope.v1.0.0/VallePrep_v0.0.0/results/data/HG01940/filfa/HG01940_hap2.t2t.filtered.fasta.gz.fai	/home/senescence/Documents/storage2/hiura/docker/bulk_env/data/00_analysis/Repthoscope.v1.0.0/VallePrep_v0.0.0/results/data/HG01940/centro/HG01940_hap2.t2t.pass.bed	/home/senescence/Documents/storage2/hiura/docker/bulk_env/data/00_analysis/Repthoscope.v1.0.0/VallePrep_v0.0.0/results/data/HG01940/hsat23/HG01940_hap2.HSat2and3_Regions.lifted.bed	/home/senescence/Documents/storage2/hiura/docker/bulk_env/data/00_analysis/Repthoscope.v1.0.0/VallePrep_v0.0.0/results/data/HG01940/hsat23/HG01940_hap2.HSat2and3_Regions.HSat2and3.log	16	213
HG01943	HG01943_hap1	PASS	/home/senescence/Documents/storage2/hiura/docker/bulk_env/data/00_analysis/Repthoscope.v1.0.0/VallePrep_v0.0.0/results/data/HG01943/filfa/HG01943_hap1.t2t.filtered.fasta.gz	/home/senescence/Documents/storage2/hiura/docker/bulk_env/data/00_analysis/Repthoscope.v1.0.0/VallePrep_v0.0.0/results/data/HG01943/filfa/HG01943_hap1.t2t.filtered.fasta.gz.fai	/home/senescence/Documents/storage2/hiura/docker/bulk_env/data/00_analysis/Repthoscope.v1.0.0/VallePrep_v0.0.0/results/data/HG01943/centro/HG01943_hap1.t2t.pass.bed	/home/senescence/Documents/storage2/hiura/docker/bulk_env/data/00_analysis/Repthoscope.v1.0.0/VallePrep_v0.0.0/results/data/HG01943/hsat23/HG01943_hap1.HSat2and3_Regions.lifted.bed	/home/senescence/Documents/storage2/hiura/docker/bulk_env/data/00_analysis/Repthoscope.v1.0.0/VallePrep_v0.0.0/results/data/HG01943/hsat23/HG01943_hap1.HSat2and3_Regions.HSat2and3.log	11	267
HG01943	HG01943_hap2	PASS	/home/senescence/Documents/storage2/hiura/docker/bulk_env/data/00_analysis/Repthoscope.v1.0.0/VallePrep_v0.0.0/results/data/HG01943/filfa/HG01943_hap2.t2t.filtered.fasta.gz	/home/senescence/Documents/storage2/hiura/docker/bulk_env/data/00_analysis/Repthoscope.v1.0.0/VallePrep_v0.0.0/results/data/HG01943/filfa/HG01943_hap2.t2t.filtered.fasta.gz.fai	/home/senescence/Documents/storage2/hiura/docker/bulk_env/data/00_analysis/Repthoscope.v1.0.0/VallePrep_v0.0.0/results/data/HG01943/centro/HG01943_hap2.t2t.pass.bed	/home/senescence/Documents/storage2/hiura/docker/bulk_env/data/00_analysis/Repthoscope.v1.0.0/VallePrep_v0.0.0/results/data/HG01943/hsat23/HG01943_hap2.HSat2and3_Regions.lifted.bed	/home/senescence/Documents/storage2/hiura/docker/bulk_env/data/00_analysis/Repthoscope.v1.0.0/VallePrep_v0.0.0/results/data/HG01943/hsat23/HG01943_hap2.HSat2and3_Regions.HSat2and3.log	9	127
HG01952	HG01952_hap1	PASS	/home/senescence/Documents/storage2/hiura/docker/bulk_env/data/00_analysis/Repthoscope.v1.0.0/VallePrep_v0.0.0/results/data/HG01952/filfa/HG01952_hap1.t2t.filtered.fasta.gz	/home/senescence/Documents/storage2/hiura/docker/bulk_env/data/00_analysis/Repthoscope.v1.0.0/VallePrep_v0.0.0/results/data/HG01952/filfa/HG01952_hap1.t2t.filtered.fasta.gz.fai	/home/senescence/Documents/storage2/hiura/docker/bulk_env/data/00_analysis/Repthoscope.v1.0.0/VallePrep_v0.0.0/results/data/HG01952/centro/HG01952_hap1.t2t.pass.bed	/home/senescence/Documents/storage2/hiura/docker/bulk_env/data/00_analysis/Repthoscope.v1.0.0/VallePrep_v0.0.0/results/data/HG01952/hsat23/HG01952_hap1.HSat2and3_Regions.lifted.bed	/home/senescence/Documents/storage2/hiura/docker/bulk_env/data/00_analysis/Repthoscope.v1.0.0/VallePrep_v0.0.0/results/data/HG01952/hsat23/HG01952_hap1.HSat2and3_Regions.HSat2and3.log	16	243
HG01952	HG01952_hap2	PASS	/home/senescence/Documents/storage2/hiura/docker/bulk_env/data/00_analysis/Repthoscope.v1.0.0/VallePrep_v0.0.0/results/data/HG01952/filfa/HG01952_hap2.t2t.filtered.fasta.gz	/home/senescence/Documents/storage2/hiura/docker/bulk_env/data/00_analysis/Repthoscope.v1.0.0/VallePrep_v0.0.0/results/data/HG01952/filfa/HG01952_hap2.t2t.filtered.fasta.gz.fai	/home/senescence/Documents/storage2/hiura/docker/bulk_env/data/00_analysis/Repthoscope.v1.0.0/VallePrep_v0.0.0/results/data/HG01952/centro/HG01952_hap2.t2t.pass.bed	/home/senescence/Documents/storage2/hiura/docker/bulk_env/data/00_analysis/Repthoscope.v1.0.0/VallePrep_v0.0.0/results/data/HG01952/hsat23/HG01952_hap2.HSat2and3_Regions.lifted.bed	/home/senescence/Documents/storage2/hiura/docker/bulk_env/data/00_analysis/Repthoscope.v1.0.0/VallePrep_v0.0.0/results/data/HG01952/hsat23/HG01952_hap2.HSat2and3_Regions.HSat2and3.log	14	107
HG01960	HG01960_hap1	PASS	/home/senescence/Documents/storage2/hiura/docker/bulk_env/data/00_analysis/Repthoscope.v1.0.0/VallePrep_v0.0.0/results/data/HG01960/filfa/HG01960_hap1.t2t.filtered.fasta.gz	/home/senescence/Documents/storage2/hiura/docker/bulk_env/data/00_analysis/Repthoscope.v1.0.0/VallePrep_v0.0.0/results/data/HG01960/filfa/HG01960_hap1.t2t.filtered.fasta.gz.fai	/home/senescence/Documents/storage2/hiura/docker/bulk_env/data/00_analysis/Repthoscope.v1.0.0/VallePrep_v0.0.0/results/data/HG01960/centro/HG01960_hap1.t2t.pass.bed	/home/senescence/Documents/storage2/hiura/docker/bulk_env/data/00_analysis/Repthoscope.v1.0.0/VallePrep_v0.0.0/results/data/HG01960/hsat23/HG01960_hap1.HSat2and3_Regions.lifted.bed	/home/senescence/Documents/storage2/hiura/docker/bulk_env/data/00_analysis/Repthoscope.v1.0.0/VallePrep_v0.0.0/results/data/HG01960/hsat23/HG01960_hap1.HSat2and3_Regions.HSat2and3.log	13	225
HG01960	HG01960_hap2	PASS	/home/senescence/Documents/storage2/hiura/docker/bulk_env/data/00_analysis/Repthoscope.v1.0.0/VallePrep_v0.0.0/results/data/HG01960/filfa/HG01960_hap2.t2t.filtered.fasta.gz	/home/senescence/Documents/storage2/hiura/docker/bulk_env/data/00_analysis/Repthoscope.v1.0.0/VallePrep_v0.0.0/results/data/HG01960/filfa/HG01960_hap2.t2t.filtered.fasta.gz.fai	/home/senescence/Documents/storage2/hiura/docker/bulk_env/data/00_analysis/Repthoscope.v1.0.0/VallePrep_v0.0.0/results/data/HG01960/centro/HG01960_hap2.t2t.pass.bed	/home/senescence/Documents/storage2/hiura/docker/bulk_env/data/00_analysis/Repthoscope.v1.0.0/VallePrep_v0.0.0/results/data/HG01960/hsat23/HG01960_hap2.HSat2and3_Regions.lifted.bed	/home/senescence/Documents/storage2/hiura/docker/bulk_env/data/00_analysis/Repthoscope.v1.0.0/VallePrep_v0.0.0/results/data/HG01960/hsat23/HG01960_hap2.HSat2and3_Regions.HSat2and3.log	13	303
HG01969	HG01969_hap1	PASS	/home/senescence/Documents/storage2/hiura/docker/bulk_env/data/00_analysis/Repthoscope.v1.0.0/VallePrep_v0.0.0/results/data/HG01969/filfa/HG01969_hap1.t2t.filtered.fasta.gz	/home/senescence/Documents/storage2/hiura/docker/bulk_env/data/00_analysis/Repthoscope.v1.0.0/VallePrep_v0.0.0/results/data/HG01969/filfa/HG01969_hap1.t2t.filtered.fasta.gz.fai	/home/senescence/Documents/storage2/hiura/docker/bulk_env/data/00_analysis/Repthoscope.v1.0.0/VallePrep_v0.0.0/results/data/HG01969/centro/HG01969_hap1.t2t.pass.bed	/home/senescence/Documents/storage2/hiura/docker/bulk_env/data/00_analysis/Repthoscope.v1.0.0/VallePrep_v0.0.0/results/data/HG01969/hsat23/HG01969_hap1.HSat2and3_Regions.lifted.bed	/home/senescence/Documents/storage2/hiura/docker/bulk_env/data/00_analysis/Repthoscope.v1.0.0/VallePrep_v0.0.0/results/data/HG01969/hsat23/HG01969_hap1.HSat2and3_Regions.HSat2and3.log	15	308
HG01969	HG01969_hap2	PASS	/home/senescence/Documents/storage2/hiura/docker/bulk_env/data/00_analysis/Repthoscope.v1.0.0/VallePrep_v0.0.0/results/data/HG01969/filfa/HG01969_hap2.t2t.filtered.fasta.gz	/home/senescence/Documents/storage2/hiura/docker/bulk_env/data/00_analysis/Repthoscope.v1.0.0/VallePrep_v0.0.0/results/data/HG01969/filfa/HG01969_hap2.t2t.filtered.fasta.gz.fai	/home/senescence/Documents/storage2/hiura/docker/bulk_env/data/00_analysis/Repthoscope.v1.0.0/VallePrep_v0.0.0/results/data/HG01969/centro/HG01969_hap2.t2t.pass.bed	/home/senescence/Documents/storage2/hiura/docker/bulk_env/data/00_analysis/Repthoscope.v1.0.0/VallePrep_v0.0.0/results/data/HG01969/hsat23/HG01969_hap2.HSat2and3_Regions.lifted.bed	/home/senescence/Documents/storage2/hiura/docker/bulk_env/data/00_analysis/Repthoscope.v1.0.0/VallePrep_v0.0.0/results/data/HG01969/hsat23/HG01969_hap2.HSat2and3_Regions.HSat2and3.log	14	153
HG01975	HG01975_hap1	PASS	/home/senescence/Documents/storage2/hiura/docker/bulk_env/data/00_analysis/Repthoscope.v1.0.0/VallePrep_v0.0.0/results/data/HG01975/filfa/HG01975_hap1.t2t.filtered.fasta.gz	/home/senescence/Documents/storage2/hiura/docker/bulk_env/data/00_analysis/Repthoscope.v1.0.0/VallePrep_v0.0.0/results/data/HG01975/filfa/HG01975_hap1.t2t.filtered.fasta.gz.fai	/home/senescence/Documents/storage2/hiura/docker/bulk_env/data/00_analysis/Repthoscope.v1.0.0/VallePrep_v0.0.0/results/data/HG01975/centro/HG01975_hap1.t2t.pass.bed	/home/senescence/Documents/storage2/hiura/docker/bulk_env/data/00_analysis/Repthoscope.v1.0.0/VallePrep_v0.0.0/results/data/HG01975/hsat23/HG01975_hap1.HSat2and3_Regions.lifted.bed	/home/senescence/Documents/storage2/hiura/docker/bulk_env/data/00_analysis/Repthoscope.v1.0.0/VallePrep_v0.0.0/results/data/HG01975/hsat23/HG01975_hap1.HSat2and3_Regions.HSat2and3.log	16	289
HG01975	HG01975_hap2	PASS	/home/senescence/Documents/storage2/hiura/docker/bulk_env/data/00_analysis/Repthoscope.v1.0.0/VallePrep_v0.0.0/results/data/HG01975/filfa/HG01975_hap2.t2t.filtered.fasta.gz	/home/senescence/Documents/storage2/hiura/docker/bulk_env/data/00_analysis/Repthoscope.v1.0.0/VallePrep_v0.0.0/results/data/HG01975/filfa/HG01975_hap2.t2t.filtered.fasta.gz.fai	/home/senescence/Documents/storage2/hiura/docker/bulk_env/data/00_analysis/Repthoscope.v1.0.0/VallePrep_v0.0.0/results/data/HG01975/centro/HG01975_hap2.t2t.pass.bed	/home/senescence/Documents/storage2/hiura/docker/bulk_env/data/00_analysis/Repthoscope.v1.0.0/VallePrep_v0.0.0/results/data/HG01975/hsat23/HG01975_hap2.HSat2and3_Regions.lifted.bed	/home/senescence/Documents/storage2/hiura/docker/bulk_env/data/00_analysis/Repthoscope.v1.0.0/VallePrep_v0.0.0/results/data/HG01975/hsat23/HG01975_hap2.HSat2and3_Regions.HSat2and3.log	15	162
HG01978	HG01978_hap1	PASS	/home/senescence/Documents/storage2/hiura/docker/bulk_env/data/00_analysis/Repthoscope.v1.0.0/VallePrep_v0.0.0/results/data/HG01978/filfa/HG01978_hap1.t2t.filtered.fasta.gz	/home/senescence/Documents/storage2/hiura/docker/bulk_env/data/00_analysis/Repthoscope.v1.0.0/VallePrep_v0.0.0/results/data/HG01978/filfa/HG01978_hap1.t2t.filtered.fasta.gz.fai	/home/senescence/Documents/storage2/hiura/docker/bulk_env/data/00_analysis/Repthoscope.v1.0.0/VallePrep_v0.0.0/results/data/HG01978/centro/HG01978_hap1.t2t.pass.bed	/home/senescence/Documents/storage2/hiura/docker/bulk_env/data/00_analysis/Repthoscope.v1.0.0/VallePrep_v0.0.0/results/data/HG01978/hsat23/HG01978_hap1.HSat2and3_Regions.lifted.bed	/home/senescence/Documents/storage2/hiura/docker/bulk_env/data/00_analysis/Repthoscope.v1.0.0/VallePrep_v0.0.0/results/data/HG01978/hsat23/HG01978_hap1.HSat2and3_Regions.HSat2and3.log	14	156
HG01978	HG01978_hap2	PASS	/home/senescence/Documents/storage2/hiura/docker/bulk_env/data/00_analysis/Repthoscope.v1.0.0/VallePrep_v0.0.0/results/data/HG01978/filfa/HG01978_hap2.t2t.filtered.fasta.gz	/home/senescence/Documents/storage2/hiura/docker/bulk_env/data/00_analysis/Repthoscope.v1.0.0/VallePrep_v0.0.0/results/data/HG01978/filfa/HG01978_hap2.t2t.filtered.fasta.gz.fai	/home/senescence/Documents/storage2/hiura/docker/bulk_env/data/00_analysis/Repthoscope.v1.0.0/VallePrep_v0.0.0/results/data/HG01978/centro/HG01978_hap2.t2t.pass.bed	/home/senescence/Documents/storage2/hiura/docker/bulk_env/data/00_analysis/Repthoscope.v1.0.0/VallePrep_v0.0.0/results/data/HG01978/hsat23/HG01978_hap2.HSat2and3_Regions.lifted.bed	/home/senescence/Documents/storage2/hiura/docker/bulk_env/data/00_analysis/Repthoscope.v1.0.0/VallePrep_v0.0.0/results/data/HG01978/hsat23/HG01978_hap2.HSat2and3_Regions.HSat2and3.log	13	193
HG01981	HG01981_hap1	PASS	/home/senescence/Documents/storage2/hiura/docker/bulk_env/data/00_analysis/Repthoscope.v1.0.0/VallePrep_v0.0.0/results/data/HG01981/filfa/HG01981_hap1.t2t.filtered.fasta.gz	/home/senescence/Documents/storage2/hiura/docker/bulk_env/data/00_analysis/Repthoscope.v1.0.0/VallePrep_v0.0.0/results/data/HG01981/filfa/HG01981_hap1.t2t.filtered.fasta.gz.fai	/home/senescence/Documents/storage2/hiura/docker/bulk_env/data/00_analysis/Repthoscope.v1.0.0/VallePrep_v0.0.0/results/data/HG01981/centro/HG01981_hap1.t2t.pass.bed	/home/senescence/Documents/storage2/hiura/docker/bulk_env/data/00_analysis/Repthoscope.v1.0.0/VallePrep_v0.0.0/results/data/HG01981/hsat23/HG01981_hap1.HSat2and3_Regions.lifted.bed	/home/senescence/Documents/storage2/hiura/docker/bulk_env/data/00_analysis/Repthoscope.v1.0.0/VallePrep_v0.0.0/results/data/HG01981/hsat23/HG01981_hap1.HSat2and3_Regions.HSat2and3.log	15	234
HG01981	HG01981_hap2	PASS	/home/senescence/Documents/storage2/hiura/docker/bulk_env/data/00_analysis/Repthoscope.v1.0.0/VallePrep_v0.0.0/results/data/HG01981/filfa/HG01981_hap2.t2t.filtered.fasta.gz	/home/senescence/Documents/storage2/hiura/docker/bulk_env/data/00_analysis/Repthoscope.v1.0.0/VallePrep_v0.0.0/results/data/HG01981/filfa/HG01981_hap2.t2t.filtered.fasta.gz.fai	/home/senescence/Documents/storage2/hiura/docker/bulk_env/data/00_analysis/Repthoscope.v1.0.0/VallePrep_v0.0.0/results/data/HG01981/centro/HG01981_hap2.t2t.pass.bed	/home/senescence/Documents/storage2/hiura/docker/bulk_env/data/00_analysis/Repthoscope.v1.0.0/VallePrep_v0.0.0/results/data/HG01981/hsat23/HG01981_hap2.HSat2and3_Regions.lifted.bed	/home/senescence/Documents/storage2/hiura/docker/bulk_env/data/00_analysis/Repthoscope.v1.0.0/VallePrep_v0.0.0/results/data/HG01981/hsat23/HG01981_hap2.HSat2and3_Regions.HSat2and3.log	15	266
HG01993	HG01993_hap1	PASS	/home/senescence/Documents/storage2/hiura/docker/bulk_env/data/00_analysis/Repthoscope.v1.0.0/VallePrep_v0.0.0/results/data/HG01993/filfa/HG01993_hap1.t2t.filtered.fasta.gz	/home/senescence/Documents/storage2/hiura/docker/bulk_env/data/00_analysis/Repthoscope.v1.0.0/VallePrep_v0.0.0/results/data/HG01993/filfa/HG01993_hap1.t2t.filtered.fasta.gz.fai	/home/senescence/Documents/storage2/hiura/docker/bulk_env/data/00_analysis/Repthoscope.v1.0.0/VallePrep_v0.0.0/results/data/HG01993/centro/HG01993_hap1.t2t.pass.bed	/home/senescence/Documents/storage2/hiura/docker/bulk_env/data/00_analysis/Repthoscope.v1.0.0/VallePrep_v0.0.0/results/data/HG01993/hsat23/HG01993_hap1.HSat2and3_Regions.lifted.bed	/home/senescence/Documents/storage2/hiura/docker/bulk_env/data/00_analysis/Repthoscope.v1.0.0/VallePrep_v0.0.0/results/data/HG01993/hsat23/HG01993_hap1.HSat2and3_Regions.HSat2and3.log	15	170
HG01993	HG01993_hap2	PASS	/home/senescence/Documents/storage2/hiura/docker/bulk_env/data/00_analysis/Repthoscope.v1.0.0/VallePrep_v0.0.0/results/data/HG01993/filfa/HG01993_hap2.t2t.filtered.fasta.gz	/home/senescence/Documents/storage2/hiura/docker/bulk_env/data/00_analysis/Repthoscope.v1.0.0/VallePrep_v0.0.0/results/data/HG01993/filfa/HG01993_hap2.t2t.filtered.fasta.gz.fai	/home/senescence/Documents/storage2/hiura/docker/bulk_env/data/00_analysis/Repthoscope.v1.0.0/VallePrep_v0.0.0/results/data/HG01993/centro/HG01993_hap2.t2t.pass.bed	/home/senescence/Documents/storage2/hiura/docker/bulk_env/data/00_analysis/Repthoscope.v1.0.0/VallePrep_v0.0.0/results/data/HG01993/hsat23/HG01993_hap2.HSat2and3_Regions.lifted.bed	/home/senescence/Documents/storage2/hiura/docker/bulk_env/data/00_analysis/Repthoscope.v1.0.0/VallePrep_v0.0.0/results/data/HG01993/hsat23/HG01993_hap2.HSat2and3_Regions.HSat2and3.log	15	245
HG02004	HG02004_hap1	PASS	/home/senescence/Documents/storage2/hiura/docker/bulk_env/data/00_analysis/Repthoscope.v1.0.0/VallePrep_v0.0.0/results/data/HG02004/filfa/HG02004_hap1.t2t.filtered.fasta.gz	/home/senescence/Documents/storage2/hiura/docker/bulk_env/data/00_analysis/Repthoscope.v1.0.0/VallePrep_v0.0.0/results/data/HG02004/filfa/HG02004_hap1.t2t.filtered.fasta.gz.fai	/home/senescence/Documents/storage2/hiura/docker/bulk_env/data/00_analysis/Repthoscope.v1.0.0/VallePrep_v0.0.0/results/data/HG02004/centro/HG02004_hap1.t2t.pass.bed	/home/senescence/Documents/storage2/hiura/docker/bulk_env/data/00_analysis/Repthoscope.v1.0.0/VallePrep_v0.0.0/results/data/HG02004/hsat23/HG02004_hap1.HSat2and3_Regions.lifted.bed	/home/senescence/Documents/storage2/hiura/docker/bulk_env/data/00_analysis/Repthoscope.v1.0.0/VallePrep_v0.0.0/results/data/HG02004/hsat23/HG02004_hap1.HSat2and3_Regions.HSat2and3.log	12	90
HG02004	HG02004_hap2	PASS	/home/senescence/Documents/storage2/hiura/docker/bulk_env/data/00_analysis/Repthoscope.v1.0.0/VallePrep_v0.0.0/results/data/HG02004/filfa/HG02004_hap2.t2t.filtered.fasta.gz	/home/senescence/Documents/storage2/hiura/docker/bulk_env/data/00_analysis/Repthoscope.v1.0.0/VallePrep_v0.0.0/results/data/HG02004/filfa/HG02004_hap2.t2t.filtered.fasta.gz.fai	/home/senescence/Documents/storage2/hiura/docker/bulk_env/data/00_analysis/Repthoscope.v1.0.0/VallePrep_v0.0.0/results/data/HG02004/centro/HG02004_hap2.t2t.pass.bed	/home/senescence/Documents/storage2/hiura/docker/bulk_env/data/00_analysis/Repthoscope.v1.0.0/VallePrep_v0.0.0/results/data/HG02004/hsat23/HG02004_hap2.HSat2and3_Regions.lifted.bed	/home/senescence/Documents/storage2/hiura/docker/bulk_env/data/00_analysis/Repthoscope.v1.0.0/VallePrep_v0.0.0/results/data/HG02004/hsat23/HG02004_hap2.HSat2and3_Regions.HSat2and3.log	13	254
HG02011	HG02011_hap1	PASS	/home/senescence/Documents/storage2/hiura/docker/bulk_env/data/00_analysis/Repthoscope.v1.0.0/VallePrep_v0.0.0/results/data/HG02011/filfa/HG02011_hap1.t2t.filtered.fasta.gz	/home/senescence/Documents/storage2/hiura/docker/bulk_env/data/00_analysis/Repthoscope.v1.0.0/VallePrep_v0.0.0/results/data/HG02011/filfa/HG02011_hap1.t2t.filtered.fasta.gz.fai	/home/senescence/Documents/storage2/hiura/docker/bulk_env/data/00_analysis/Repthoscope.v1.0.0/VallePrep_v0.0.0/results/data/HG02011/centro/HG02011_hap1.t2t.pass.bed	/home/senescence/Documents/storage2/hiura/docker/bulk_env/data/00_analysis/Repthoscope.v1.0.0/VallePrep_v0.0.0/results/data/HG02011/hsat23/HG02011_hap1.HSat2and3_Regions.lifted.bed	/home/senescence/Documents/storage2/hiura/docker/bulk_env/data/00_analysis/Repthoscope.v1.0.0/VallePrep_v0.0.0/results/data/HG02011/hsat23/HG02011_hap1.HSat2and3_Regions.HSat2and3.log	14	263
HG02011	HG02011_hap2	PASS	/home/senescence/Documents/storage2/hiura/docker/bulk_env/data/00_analysis/Repthoscope.v1.0.0/VallePrep_v0.0.0/results/data/HG02011/filfa/HG02011_hap2.t2t.filtered.fasta.gz	/home/senescence/Documents/storage2/hiura/docker/bulk_env/data/00_analysis/Repthoscope.v1.0.0/VallePrep_v0.0.0/results/data/HG02011/filfa/HG02011_hap2.t2t.filtered.fasta.gz.fai	/home/senescence/Documents/storage2/hiura/docker/bulk_env/data/00_analysis/Repthoscope.v1.0.0/VallePrep_v0.0.0/results/data/HG02011/centro/HG02011_hap2.t2t.pass.bed	/home/senescence/Documents/storage2/hiura/docker/bulk_env/data/00_analysis/Repthoscope.v1.0.0/VallePrep_v0.0.0/results/data/HG02011/hsat23/HG02011_hap2.HSat2and3_Regions.lifted.bed	/home/senescence/Documents/storage2/hiura/docker/bulk_env/data/00_analysis/Repthoscope.v1.0.0/VallePrep_v0.0.0/results/data/HG02011/hsat23/HG02011_hap2.HSat2and3_Regions.HSat2and3.log	17	265
HG02015	HG02015_hap1	PASS	/home/senescence/Documents/storage2/hiura/docker/bulk_env/data/00_analysis/Repthoscope.v1.0.0/VallePrep_v0.0.0/results/data/HG02015/filfa/HG02015_hap1.t2t.filtered.fasta.gz	/home/senescence/Documents/storage2/hiura/docker/bulk_env/data/00_analysis/Repthoscope.v1.0.0/VallePrep_v0.0.0/results/data/HG02015/filfa/HG02015_hap1.t2t.filtered.fasta.gz.fai	/home/senescence/Documents/storage2/hiura/docker/bulk_env/data/00_analysis/Repthoscope.v1.0.0/VallePrep_v0.0.0/results/data/HG02015/centro/HG02015_hap1.t2t.pass.bed	/home/senescence/Documents/storage2/hiura/docker/bulk_env/data/00_analysis/Repthoscope.v1.0.0/VallePrep_v0.0.0/results/data/HG02015/hsat23/HG02015_hap1.HSat2and3_Regions.lifted.bed	/home/senescence/Documents/storage2/hiura/docker/bulk_env/data/00_analysis/Repthoscope.v1.0.0/VallePrep_v0.0.0/results/data/HG02015/hsat23/HG02015_hap1.HSat2and3_Regions.HSat2and3.log	11	25
HG02015	HG02015_hap2	PASS	/home/senescence/Documents/storage2/hiura/docker/bulk_env/data/00_analysis/Repthoscope.v1.0.0/VallePrep_v0.0.0/results/data/HG02015/filfa/HG02015_hap2.t2t.filtered.fasta.gz	/home/senescence/Documents/storage2/hiura/docker/bulk_env/data/00_analysis/Repthoscope.v1.0.0/VallePrep_v0.0.0/results/data/HG02015/filfa/HG02015_hap2.t2t.filtered.fasta.gz.fai	/home/senescence/Documents/storage2/hiura/docker/bulk_env/data/00_analysis/Repthoscope.v1.0.0/VallePrep_v0.0.0/results/data/HG02015/centro/HG02015_hap2.t2t.pass.bed	/home/senescence/Documents/storage2/hiura/docker/bulk_env/data/00_analysis/Repthoscope.v1.0.0/VallePrep_v0.0.0/results/data/HG02015/hsat23/HG02015_hap2.HSat2and3_Regions.lifted.bed	/home/senescence/Documents/storage2/hiura/docker/bulk_env/data/00_analysis/Repthoscope.v1.0.0/VallePrep_v0.0.0/results/data/HG02015/hsat23/HG02015_hap2.HSat2and3_Regions.HSat2and3.log	11	144
HG02018	HG02018_hap1	PASS	/home/senescence/Documents/storage2/hiura/docker/bulk_env/data/00_analysis/Repthoscope.v1.0.0/VallePrep_v0.0.0/results/data/HG02018/filfa/HG02018_hap1.t2t.filtered.fasta.gz	/home/senescence/Documents/storage2/hiura/docker/bulk_env/data/00_analysis/Repthoscope.v1.0.0/VallePrep_v0.0.0/results/data/HG02018/filfa/HG02018_hap1.t2t.filtered.fasta.gz.fai	/home/senescence/Documents/storage2/hiura/docker/bulk_env/data/00_analysis/Repthoscope.v1.0.0/VallePrep_v0.0.0/results/data/HG02018/centro/HG02018_hap1.t2t.pass.bed	/home/senescence/Documents/storage2/hiura/docker/bulk_env/data/00_analysis/Repthoscope.v1.0.0/VallePrep_v0.0.0/results/data/HG02018/hsat23/HG02018_hap1.HSat2and3_Regions.lifted.bed	/home/senescence/Documents/storage2/hiura/docker/bulk_env/data/00_analysis/Repthoscope.v1.0.0/VallePrep_v0.0.0/results/data/HG02018/hsat23/HG02018_hap1.HSat2and3_Regions.HSat2and3.log	16	287
HG02018	HG02018_hap2	PASS	/home/senescence/Documents/storage2/hiura/docker/bulk_env/data/00_analysis/Repthoscope.v1.0.0/VallePrep_v0.0.0/results/data/HG02018/filfa/HG02018_hap2.t2t.filtered.fasta.gz	/home/senescence/Documents/storage2/hiura/docker/bulk_env/data/00_analysis/Repthoscope.v1.0.0/VallePrep_v0.0.0/results/data/HG02018/filfa/HG02018_hap2.t2t.filtered.fasta.gz.fai	/home/senescence/Documents/storage2/hiura/docker/bulk_env/data/00_analysis/Repthoscope.v1.0.0/VallePrep_v0.0.0/results/data/HG02018/centro/HG02018_hap2.t2t.pass.bed	/home/senescence/Documents/storage2/hiura/docker/bulk_env/data/00_analysis/Repthoscope.v1.0.0/VallePrep_v0.0.0/results/data/HG02018/hsat23/HG02018_hap2.HSat2and3_Regions.lifted.bed	/home/senescence/Documents/storage2/hiura/docker/bulk_env/data/00_analysis/Repthoscope.v1.0.0/VallePrep_v0.0.0/results/data/HG02018/hsat23/HG02018_hap2.HSat2and3_Regions.HSat2and3.log	15	176
HG02027	HG02027_hap1	PASS	/home/senescence/Documents/storage2/hiura/docker/bulk_env/data/00_analysis/Repthoscope.v1.0.0/VallePrep_v0.0.0/results/data/HG02027/filfa/HG02027_hap1.t2t.filtered.fasta.gz	/home/senescence/Documents/storage2/hiura/docker/bulk_env/data/00_analysis/Repthoscope.v1.0.0/VallePrep_v0.0.0/results/data/HG02027/filfa/HG02027_hap1.t2t.filtered.fasta.gz.fai	/home/senescence/Documents/storage2/hiura/docker/bulk_env/data/00_analysis/Repthoscope.v1.0.0/VallePrep_v0.0.0/results/data/HG02027/centro/HG02027_hap1.t2t.pass.bed	/home/senescence/Documents/storage2/hiura/docker/bulk_env/data/00_analysis/Repthoscope.v1.0.0/VallePrep_v0.0.0/results/data/HG02027/hsat23/HG02027_hap1.HSat2and3_Regions.lifted.bed	/home/senescence/Documents/storage2/hiura/docker/bulk_env/data/00_analysis/Repthoscope.v1.0.0/VallePrep_v0.0.0/results/data/HG02027/hsat23/HG02027_hap1.HSat2and3_Regions.HSat2and3.log	14	267
HG02027	HG02027_hap2	PASS	/home/senescence/Documents/storage2/hiura/docker/bulk_env/data/00_analysis/Repthoscope.v1.0.0/VallePrep_v0.0.0/results/data/HG02027/filfa/HG02027_hap2.t2t.filtered.fasta.gz	/home/senescence/Documents/storage2/hiura/docker/bulk_env/data/00_analysis/Repthoscope.v1.0.0/VallePrep_v0.0.0/results/data/HG02027/filfa/HG02027_hap2.t2t.filtered.fasta.gz.fai	/home/senescence/Documents/storage2/hiura/docker/bulk_env/data/00_analysis/Repthoscope.v1.0.0/VallePrep_v0.0.0/results/data/HG02027/centro/HG02027_hap2.t2t.pass.bed	/home/senescence/Documents/storage2/hiura/docker/bulk_env/data/00_analysis/Repthoscope.v1.0.0/VallePrep_v0.0.0/results/data/HG02027/hsat23/HG02027_hap2.HSat2and3_Regions.lifted.bed	/home/senescence/Documents/storage2/hiura/docker/bulk_env/data/00_analysis/Repthoscope.v1.0.0/VallePrep_v0.0.0/results/data/HG02027/hsat23/HG02027_hap2.HSat2and3_Regions.HSat2and3.log	14	257
HG02040	HG02040_hap1	PASS	/home/senescence/Documents/storage2/hiura/docker/bulk_env/data/00_analysis/Repthoscope.v1.0.0/VallePrep_v0.0.0/results/data/HG02040/filfa/HG02040_hap1.t2t.filtered.fasta.gz	/home/senescence/Documents/storage2/hiura/docker/bulk_env/data/00_analysis/Repthoscope.v1.0.0/VallePrep_v0.0.0/results/data/HG02040/filfa/HG02040_hap1.t2t.filtered.fasta.gz.fai	/home/senescence/Documents/storage2/hiura/docker/bulk_env/data/00_analysis/Repthoscope.v1.0.0/VallePrep_v0.0.0/results/data/HG02040/centro/HG02040_hap1.t2t.pass.bed	/home/senescence/Documents/storage2/hiura/docker/bulk_env/data/00_analysis/Repthoscope.v1.0.0/VallePrep_v0.0.0/results/data/HG02040/hsat23/HG02040_hap1.HSat2and3_Regions.lifted.bed	/home/senescence/Documents/storage2/hiura/docker/bulk_env/data/00_analysis/Repthoscope.v1.0.0/VallePrep_v0.0.0/results/data/HG02040/hsat23/HG02040_hap1.HSat2and3_Regions.HSat2and3.log	15	254
HG02040	HG02040_hap2	PASS	/home/senescence/Documents/storage2/hiura/docker/bulk_env/data/00_analysis/Repthoscope.v1.0.0/VallePrep_v0.0.0/results/data/HG02040/filfa/HG02040_hap2.t2t.filtered.fasta.gz	/home/senescence/Documents/storage2/hiura/docker/bulk_env/data/00_analysis/Repthoscope.v1.0.0/VallePrep_v0.0.0/results/data/HG02040/filfa/HG02040_hap2.t2t.filtered.fasta.gz.fai	/home/senescence/Documents/storage2/hiura/docker/bulk_env/data/00_analysis/Repthoscope.v1.0.0/VallePrep_v0.0.0/results/data/HG02040/centro/HG02040_hap2.t2t.pass.bed	/home/senescence/Documents/storage2/hiura/docker/bulk_env/data/00_analysis/Repthoscope.v1.0.0/VallePrep_v0.0.0/results/data/HG02040/hsat23/HG02040_hap2.HSat2and3_Regions.lifted.bed	/home/senescence/Documents/storage2/hiura/docker/bulk_env/data/00_analysis/Repthoscope.v1.0.0/VallePrep_v0.0.0/results/data/HG02040/hsat23/HG02040_hap2.HSat2and3_Regions.HSat2and3.log	17	226
HG02055	HG02055_hap1	PASS	/home/senescence/Documents/storage2/hiura/docker/bulk_env/data/00_analysis/Repthoscope.v1.0.0/VallePrep_v0.0.0/results/data/HG02055/filfa/HG02055_hap1.t2t.filtered.fasta.gz	/home/senescence/Documents/storage2/hiura/docker/bulk_env/data/00_analysis/Repthoscope.v1.0.0/VallePrep_v0.0.0/results/data/HG02055/filfa/HG02055_hap1.t2t.filtered.fasta.gz.fai	/home/senescence/Documents/storage2/hiura/docker/bulk_env/data/00_analysis/Repthoscope.v1.0.0/VallePrep_v0.0.0/results/data/HG02055/centro/HG02055_hap1.t2t.pass.bed	/home/senescence/Documents/storage2/hiura/docker/bulk_env/data/00_analysis/Repthoscope.v1.0.0/VallePrep_v0.0.0/results/data/HG02055/hsat23/HG02055_hap1.HSat2and3_Regions.lifted.bed	/home/senescence/Documents/storage2/hiura/docker/bulk_env/data/00_analysis/Repthoscope.v1.0.0/VallePrep_v0.0.0/results/data/HG02055/hsat23/HG02055_hap1.HSat2and3_Regions.HSat2and3.log	10	244
HG02055	HG02055_hap2	PASS	/home/senescence/Documents/storage2/hiura/docker/bulk_env/data/00_analysis/Repthoscope.v1.0.0/VallePrep_v0.0.0/results/data/HG02055/filfa/HG02055_hap2.t2t.filtered.fasta.gz	/home/senescence/Documents/storage2/hiura/docker/bulk_env/data/00_analysis/Repthoscope.v1.0.0/VallePrep_v0.0.0/results/data/HG02055/filfa/HG02055_hap2.t2t.filtered.fasta.gz.fai	/home/senescence/Documents/storage2/hiura/docker/bulk_env/data/00_analysis/Repthoscope.v1.0.0/VallePrep_v0.0.0/results/data/HG02055/centro/HG02055_hap2.t2t.pass.bed	/home/senescence/Documents/storage2/hiura/docker/bulk_env/data/00_analysis/Repthoscope.v1.0.0/VallePrep_v0.0.0/results/data/HG02055/hsat23/HG02055_hap2.HSat2and3_Regions.lifted.bed	/home/senescence/Documents/storage2/hiura/docker/bulk_env/data/00_analysis/Repthoscope.v1.0.0/VallePrep_v0.0.0/results/data/HG02055/hsat23/HG02055_hap2.HSat2and3_Regions.HSat2and3.log	11	239
HG02056	HG02056_hap1	PASS	/home/senescence/Documents/storage2/hiura/docker/bulk_env/data/00_analysis/Repthoscope.v1.0.0/VallePrep_v0.0.0/results/data/HG02056/filfa/HG02056_hap1.t2t.filtered.fasta.gz	/home/senescence/Documents/storage2/hiura/docker/bulk_env/data/00_analysis/Repthoscope.v1.0.0/VallePrep_v0.0.0/results/data/HG02056/filfa/HG02056_hap1.t2t.filtered.fasta.gz.fai	/home/senescence/Documents/storage2/hiura/docker/bulk_env/data/00_analysis/Repthoscope.v1.0.0/VallePrep_v0.0.0/results/data/HG02056/centro/HG02056_hap1.t2t.pass.bed	/home/senescence/Documents/storage2/hiura/docker/bulk_env/data/00_analysis/Repthoscope.v1.0.0/VallePrep_v0.0.0/results/data/HG02056/hsat23/HG02056_hap1.HSat2and3_Regions.lifted.bed	/home/senescence/Documents/storage2/hiura/docker/bulk_env/data/00_analysis/Repthoscope.v1.0.0/VallePrep_v0.0.0/results/data/HG02056/hsat23/HG02056_hap1.HSat2and3_Regions.HSat2and3.log	12	241
HG02056	HG02056_hap2	PASS	/home/senescence/Documents/storage2/hiura/docker/bulk_env/data/00_analysis/Repthoscope.v1.0.0/VallePrep_v0.0.0/results/data/HG02056/filfa/HG02056_hap2.t2t.filtered.fasta.gz	/home/senescence/Documents/storage2/hiura/docker/bulk_env/data/00_analysis/Repthoscope.v1.0.0/VallePrep_v0.0.0/results/data/HG02056/filfa/HG02056_hap2.t2t.filtered.fasta.gz.fai	/home/senescence/Documents/storage2/hiura/docker/bulk_env/data/00_analysis/Repthoscope.v1.0.0/VallePrep_v0.0.0/results/data/HG02056/centro/HG02056_hap2.t2t.pass.bed	/home/senescence/Documents/storage2/hiura/docker/bulk_env/data/00_analysis/Repthoscope.v1.0.0/VallePrep_v0.0.0/results/data/HG02056/hsat23/HG02056_hap2.HSat2and3_Regions.lifted.bed	/home/senescence/Documents/storage2/hiura/docker/bulk_env/data/00_analysis/Repthoscope.v1.0.0/VallePrep_v0.0.0/results/data/HG02056/hsat23/HG02056_hap2.HSat2and3_Regions.HSat2and3.log	12	298
HG02059	HG02059_hap1	PASS	/home/senescence/Documents/storage2/hiura/docker/bulk_env/data/00_analysis/Repthoscope.v1.0.0/VallePrep_v0.0.0/results/data/HG02059/filfa/HG02059_hap1.t2t.filtered.fasta.gz	/home/senescence/Documents/storage2/hiura/docker/bulk_env/data/00_analysis/Repthoscope.v1.0.0/VallePrep_v0.0.0/results/data/HG02059/filfa/HG02059_hap1.t2t.filtered.fasta.gz.fai	/home/senescence/Documents/storage2/hiura/docker/bulk_env/data/00_analysis/Repthoscope.v1.0.0/VallePrep_v0.0.0/results/data/HG02059/centro/HG02059_hap1.t2t.pass.bed	/home/senescence/Documents/storage2/hiura/docker/bulk_env/data/00_analysis/Repthoscope.v1.0.0/VallePrep_v0.0.0/results/data/HG02059/hsat23/HG02059_hap1.HSat2and3_Regions.lifted.bed	/home/senescence/Documents/storage2/hiura/docker/bulk_env/data/00_analysis/Repthoscope.v1.0.0/VallePrep_v0.0.0/results/data/HG02059/hsat23/HG02059_hap1.HSat2and3_Regions.HSat2and3.log	15	213
HG02059	HG02059_hap2	PASS	/home/senescence/Documents/storage2/hiura/docker/bulk_env/data/00_analysis/Repthoscope.v1.0.0/VallePrep_v0.0.0/results/data/HG02059/filfa/HG02059_hap2.t2t.filtered.fasta.gz	/home/senescence/Documents/storage2/hiura/docker/bulk_env/data/00_analysis/Repthoscope.v1.0.0/VallePrep_v0.0.0/results/data/HG02059/filfa/HG02059_hap2.t2t.filtered.fasta.gz.fai	/home/senescence/Documents/storage2/hiura/docker/bulk_env/data/00_analysis/Repthoscope.v1.0.0/VallePrep_v0.0.0/results/data/HG02059/centro/HG02059_hap2.t2t.pass.bed	/home/senescence/Documents/storage2/hiura/docker/bulk_env/data/00_analysis/Repthoscope.v1.0.0/VallePrep_v0.0.0/results/data/HG02059/hsat23/HG02059_hap2.HSat2and3_Regions.lifted.bed	/home/senescence/Documents/storage2/hiura/docker/bulk_env/data/00_analysis/Repthoscope.v1.0.0/VallePrep_v0.0.0/results/data/HG02059/hsat23/HG02059_hap2.HSat2and3_Regions.HSat2and3.log	16	108
HG02071	HG02071_hap1	PASS	/home/senescence/Documents/storage2/hiura/docker/bulk_env/data/00_analysis/Repthoscope.v1.0.0/VallePrep_v0.0.0/results/data/HG02071/filfa/HG02071_hap1.t2t.filtered.fasta.gz	/home/senescence/Documents/storage2/hiura/docker/bulk_env/data/00_analysis/Repthoscope.v1.0.0/VallePrep_v0.0.0/results/data/HG02071/filfa/HG02071_hap1.t2t.filtered.fasta.gz.fai	/home/senescence/Documents/storage2/hiura/docker/bulk_env/data/00_analysis/Repthoscope.v1.0.0/VallePrep_v0.0.0/results/data/HG02071/centro/HG02071_hap1.t2t.pass.bed	/home/senescence/Documents/storage2/hiura/docker/bulk_env/data/00_analysis/Repthoscope.v1.0.0/VallePrep_v0.0.0/results/data/HG02071/hsat23/HG02071_hap1.HSat2and3_Regions.lifted.bed	/home/senescence/Documents/storage2/hiura/docker/bulk_env/data/00_analysis/Repthoscope.v1.0.0/VallePrep_v0.0.0/results/data/HG02071/hsat23/HG02071_hap1.HSat2and3_Regions.HSat2and3.log	14	199
HG02071	HG02071_hap2	PASS	/home/senescence/Documents/storage2/hiura/docker/bulk_env/data/00_analysis/Repthoscope.v1.0.0/VallePrep_v0.0.0/results/data/HG02071/filfa/HG02071_hap2.t2t.filtered.fasta.gz	/home/senescence/Documents/storage2/hiura/docker/bulk_env/data/00_analysis/Repthoscope.v1.0.0/VallePrep_v0.0.0/results/data/HG02071/filfa/HG02071_hap2.t2t.filtered.fasta.gz.fai	/home/senescence/Documents/storage2/hiura/docker/bulk_env/data/00_analysis/Repthoscope.v1.0.0/VallePrep_v0.0.0/results/data/HG02071/centro/HG02071_hap2.t2t.pass.bed	/home/senescence/Documents/storage2/hiura/docker/bulk_env/data/00_analysis/Repthoscope.v1.0.0/VallePrep_v0.0.0/results/data/HG02071/hsat23/HG02071_hap2.HSat2and3_Regions.lifted.bed	/home/senescence/Documents/storage2/hiura/docker/bulk_env/data/00_analysis/Repthoscope.v1.0.0/VallePrep_v0.0.0/results/data/HG02071/hsat23/HG02071_hap2.HSat2and3_Regions.HSat2and3.log	15	207
HG02074	HG02074_hap1	PASS	/home/senescence/Documents/storage2/hiura/docker/bulk_env/data/00_analysis/Repthoscope.v1.0.0/VallePrep_v0.0.0/results/data/HG02074/filfa/HG02074_hap1.t2t.filtered.fasta.gz	/home/senescence/Documents/storage2/hiura/docker/bulk_env/data/00_analysis/Repthoscope.v1.0.0/VallePrep_v0.0.0/results/data/HG02074/filfa/HG02074_hap1.t2t.filtered.fasta.gz.fai	/home/senescence/Documents/storage2/hiura/docker/bulk_env/data/00_analysis/Repthoscope.v1.0.0/VallePrep_v0.0.0/results/data/HG02074/centro/HG02074_hap1.t2t.pass.bed	/home/senescence/Documents/storage2/hiura/docker/bulk_env/data/00_analysis/Repthoscope.v1.0.0/VallePrep_v0.0.0/results/data/HG02074/hsat23/HG02074_hap1.HSat2and3_Regions.lifted.bed	/home/senescence/Documents/storage2/hiura/docker/bulk_env/data/00_analysis/Repthoscope.v1.0.0/VallePrep_v0.0.0/results/data/HG02074/hsat23/HG02074_hap1.HSat2and3_Regions.HSat2and3.log	12	147
HG02074	HG02074_hap2	PASS	/home/senescence/Documents/storage2/hiura/docker/bulk_env/data/00_analysis/Repthoscope.v1.0.0/VallePrep_v0.0.0/results/data/HG02074/filfa/HG02074_hap2.t2t.filtered.fasta.gz	/home/senescence/Documents/storage2/hiura/docker/bulk_env/data/00_analysis/Repthoscope.v1.0.0/VallePrep_v0.0.0/results/data/HG02074/filfa/HG02074_hap2.t2t.filtered.fasta.gz.fai	/home/senescence/Documents/storage2/hiura/docker/bulk_env/data/00_analysis/Repthoscope.v1.0.0/VallePrep_v0.0.0/results/data/HG02074/centro/HG02074_hap2.t2t.pass.bed	/home/senescence/Documents/storage2/hiura/docker/bulk_env/data/00_analysis/Repthoscope.v1.0.0/VallePrep_v0.0.0/results/data/HG02074/hsat23/HG02074_hap2.HSat2and3_Regions.lifted.bed	/home/senescence/Documents/storage2/hiura/docker/bulk_env/data/00_analysis/Repthoscope.v1.0.0/VallePrep_v0.0.0/results/data/HG02074/hsat23/HG02074_hap2.HSat2and3_Regions.HSat2and3.log	10	183
HG02080	HG02080_hap1	PASS	/home/senescence/Documents/storage2/hiura/docker/bulk_env/data/00_analysis/Repthoscope.v1.0.0/VallePrep_v0.0.0/results/data/HG02080/filfa/HG02080_hap1.t2t.filtered.fasta.gz	/home/senescence/Documents/storage2/hiura/docker/bulk_env/data/00_analysis/Repthoscope.v1.0.0/VallePrep_v0.0.0/results/data/HG02080/filfa/HG02080_hap1.t2t.filtered.fasta.gz.fai	/home/senescence/Documents/storage2/hiura/docker/bulk_env/data/00_analysis/Repthoscope.v1.0.0/VallePrep_v0.0.0/results/data/HG02080/centro/HG02080_hap1.t2t.pass.bed	/home/senescence/Documents/storage2/hiura/docker/bulk_env/data/00_analysis/Repthoscope.v1.0.0/VallePrep_v0.0.0/results/data/HG02080/hsat23/HG02080_hap1.HSat2and3_Regions.lifted.bed	/home/senescence/Documents/storage2/hiura/docker/bulk_env/data/00_analysis/Repthoscope.v1.0.0/VallePrep_v0.0.0/results/data/HG02080/hsat23/HG02080_hap1.HSat2and3_Regions.HSat2and3.log	15	211
HG02080	HG02080_hap2	PASS	/home/senescence/Documents/storage2/hiura/docker/bulk_env/data/00_analysis/Repthoscope.v1.0.0/VallePrep_v0.0.0/results/data/HG02080/filfa/HG02080_hap2.t2t.filtered.fasta.gz	/home/senescence/Documents/storage2/hiura/docker/bulk_env/data/00_analysis/Repthoscope.v1.0.0/VallePrep_v0.0.0/results/data/HG02080/filfa/HG02080_hap2.t2t.filtered.fasta.gz.fai	/home/senescence/Documents/storage2/hiura/docker/bulk_env/data/00_analysis/Repthoscope.v1.0.0/VallePrep_v0.0.0/results/data/HG02080/centro/HG02080_hap2.t2t.pass.bed	/home/senescence/Documents/storage2/hiura/docker/bulk_env/data/00_analysis/Repthoscope.v1.0.0/VallePrep_v0.0.0/results/data/HG02080/hsat23/HG02080_hap2.HSat2and3_Regions.lifted.bed	/home/senescence/Documents/storage2/hiura/docker/bulk_env/data/00_analysis/Repthoscope.v1.0.0/VallePrep_v0.0.0/results/data/HG02080/hsat23/HG02080_hap2.HSat2and3_Regions.HSat2and3.log	15	249
HG02083	HG02083_hap1	PASS	/home/senescence/Documents/storage2/hiura/docker/bulk_env/data/00_analysis/Repthoscope.v1.0.0/VallePrep_v0.0.0/results/data/HG02083/filfa/HG02083_hap1.t2t.filtered.fasta.gz	/home/senescence/Documents/storage2/hiura/docker/bulk_env/data/00_analysis/Repthoscope.v1.0.0/VallePrep_v0.0.0/results/data/HG02083/filfa/HG02083_hap1.t2t.filtered.fasta.gz.fai	/home/senescence/Documents/storage2/hiura/docker/bulk_env/data/00_analysis/Repthoscope.v1.0.0/VallePrep_v0.0.0/results/data/HG02083/centro/HG02083_hap1.t2t.pass.bed	/home/senescence/Documents/storage2/hiura/docker/bulk_env/data/00_analysis/Repthoscope.v1.0.0/VallePrep_v0.0.0/results/data/HG02083/hsat23/HG02083_hap1.HSat2and3_Regions.lifted.bed	/home/senescence/Documents/storage2/hiura/docker/bulk_env/data/00_analysis/Repthoscope.v1.0.0/VallePrep_v0.0.0/results/data/HG02083/hsat23/HG02083_hap1.HSat2and3_Regions.HSat2and3.log	14	223
HG02083	HG02083_hap2	PASS	/home/senescence/Documents/storage2/hiura/docker/bulk_env/data/00_analysis/Repthoscope.v1.0.0/VallePrep_v0.0.0/results/data/HG02083/filfa/HG02083_hap2.t2t.filtered.fasta.gz	/home/senescence/Documents/storage2/hiura/docker/bulk_env/data/00_analysis/Repthoscope.v1.0.0/VallePrep_v0.0.0/results/data/HG02083/filfa/HG02083_hap2.t2t.filtered.fasta.gz.fai	/home/senescence/Documents/storage2/hiura/docker/bulk_env/data/00_analysis/Repthoscope.v1.0.0/VallePrep_v0.0.0/results/data/HG02083/centro/HG02083_hap2.t2t.pass.bed	/home/senescence/Documents/storage2/hiura/docker/bulk_env/data/00_analysis/Repthoscope.v1.0.0/VallePrep_v0.0.0/results/data/HG02083/hsat23/HG02083_hap2.HSat2and3_Regions.lifted.bed	/home/senescence/Documents/storage2/hiura/docker/bulk_env/data/00_analysis/Repthoscope.v1.0.0/VallePrep_v0.0.0/results/data/HG02083/hsat23/HG02083_hap2.HSat2and3_Regions.HSat2and3.log	15	215
HG02106	HG02106_hap1	PASS	/home/senescence/Documents/storage2/hiura/docker/bulk_env/data/00_analysis/Repthoscope.v1.0.0/VallePrep_v0.0.0/results/data/HG02106/filfa/HG02106_hap1.t2t.filtered.fasta.gz	/home/senescence/Documents/storage2/hiura/docker/bulk_env/data/00_analysis/Repthoscope.v1.0.0/VallePrep_v0.0.0/results/data/HG02106/filfa/HG02106_hap1.t2t.filtered.fasta.gz.fai	/home/senescence/Documents/storage2/hiura/docker/bulk_env/data/00_analysis/Repthoscope.v1.0.0/VallePrep_v0.0.0/results/data/HG02106/centro/HG02106_hap1.t2t.pass.bed	/home/senescence/Documents/storage2/hiura/docker/bulk_env/data/00_analysis/Repthoscope.v1.0.0/VallePrep_v0.0.0/results/data/HG02106/hsat23/HG02106_hap1.HSat2and3_Regions.lifted.bed	/home/senescence/Documents/storage2/hiura/docker/bulk_env/data/00_analysis/Repthoscope.v1.0.0/VallePrep_v0.0.0/results/data/HG02106/hsat23/HG02106_hap1.HSat2and3_Regions.HSat2and3.log	14	80
HG02106	HG02106_hap2	PASS	/home/senescence/Documents/storage2/hiura/docker/bulk_env/data/00_analysis/Repthoscope.v1.0.0/VallePrep_v0.0.0/results/data/HG02106/filfa/HG02106_hap2.t2t.filtered.fasta.gz	/home/senescence/Documents/storage2/hiura/docker/bulk_env/data/00_analysis/Repthoscope.v1.0.0/VallePrep_v0.0.0/results/data/HG02106/filfa/HG02106_hap2.t2t.filtered.fasta.gz.fai	/home/senescence/Documents/storage2/hiura/docker/bulk_env/data/00_analysis/Repthoscope.v1.0.0/VallePrep_v0.0.0/results/data/HG02106/centro/HG02106_hap2.t2t.pass.bed	/home/senescence/Documents/storage2/hiura/docker/bulk_env/data/00_analysis/Repthoscope.v1.0.0/VallePrep_v0.0.0/results/data/HG02106/hsat23/HG02106_hap2.HSat2and3_Regions.lifted.bed	/home/senescence/Documents/storage2/hiura/docker/bulk_env/data/00_analysis/Repthoscope.v1.0.0/VallePrep_v0.0.0/results/data/HG02106/hsat23/HG02106_hap2.HSat2and3_Regions.HSat2and3.log	15	193
HG02109	HG02109_hap1	PASS	/home/senescence/Documents/storage2/hiura/docker/bulk_env/data/00_analysis/Repthoscope.v1.0.0/VallePrep_v0.0.0/results/data/HG02109/filfa/HG02109_hap1.t2t.filtered.fasta.gz	/home/senescence/Documents/storage2/hiura/docker/bulk_env/data/00_analysis/Repthoscope.v1.0.0/VallePrep_v0.0.0/results/data/HG02109/filfa/HG02109_hap1.t2t.filtered.fasta.gz.fai	/home/senescence/Documents/storage2/hiura/docker/bulk_env/data/00_analysis/Repthoscope.v1.0.0/VallePrep_v0.0.0/results/data/HG02109/centro/HG02109_hap1.t2t.pass.bed	/home/senescence/Documents/storage2/hiura/docker/bulk_env/data/00_analysis/Repthoscope.v1.0.0/VallePrep_v0.0.0/results/data/HG02109/hsat23/HG02109_hap1.HSat2and3_Regions.lifted.bed	/home/senescence/Documents/storage2/hiura/docker/bulk_env/data/00_analysis/Repthoscope.v1.0.0/VallePrep_v0.0.0/results/data/HG02109/hsat23/HG02109_hap1.HSat2and3_Regions.HSat2and3.log	14	218
HG02109	HG02109_hap2	PASS	/home/senescence/Documents/storage2/hiura/docker/bulk_env/data/00_analysis/Repthoscope.v1.0.0/VallePrep_v0.0.0/results/data/HG02109/filfa/HG02109_hap2.t2t.filtered.fasta.gz	/home/senescence/Documents/storage2/hiura/docker/bulk_env/data/00_analysis/Repthoscope.v1.0.0/VallePrep_v0.0.0/results/data/HG02109/filfa/HG02109_hap2.t2t.filtered.fasta.gz.fai	/home/senescence/Documents/storage2/hiura/docker/bulk_env/data/00_analysis/Repthoscope.v1.0.0/VallePrep_v0.0.0/results/data/HG02109/centro/HG02109_hap2.t2t.pass.bed	/home/senescence/Documents/storage2/hiura/docker/bulk_env/data/00_analysis/Repthoscope.v1.0.0/VallePrep_v0.0.0/results/data/HG02109/hsat23/HG02109_hap2.HSat2and3_Regions.lifted.bed	/home/senescence/Documents/storage2/hiura/docker/bulk_env/data/00_analysis/Repthoscope.v1.0.0/VallePrep_v0.0.0/results/data/HG02109/hsat23/HG02109_hap2.HSat2and3_Regions.HSat2and3.log	13	248
HG02129	HG02129_hap1	PASS	/home/senescence/Documents/storage2/hiura/docker/bulk_env/data/00_analysis/Repthoscope.v1.0.0/VallePrep_v0.0.0/results/data/HG02129/filfa/HG02129_hap1.t2t.filtered.fasta.gz	/home/senescence/Documents/storage2/hiura/docker/bulk_env/data/00_analysis/Repthoscope.v1.0.0/VallePrep_v0.0.0/results/data/HG02129/filfa/HG02129_hap1.t2t.filtered.fasta.gz.fai	/home/senescence/Documents/storage2/hiura/docker/bulk_env/data/00_analysis/Repthoscope.v1.0.0/VallePrep_v0.0.0/results/data/HG02129/centro/HG02129_hap1.t2t.pass.bed	/home/senescence/Documents/storage2/hiura/docker/bulk_env/data/00_analysis/Repthoscope.v1.0.0/VallePrep_v0.0.0/results/data/HG02129/hsat23/HG02129_hap1.HSat2and3_Regions.lifted.bed	/home/senescence/Documents/storage2/hiura/docker/bulk_env/data/00_analysis/Repthoscope.v1.0.0/VallePrep_v0.0.0/results/data/HG02129/hsat23/HG02129_hap1.HSat2and3_Regions.HSat2and3.log	12	203
HG02129	HG02129_hap2	PASS	/home/senescence/Documents/storage2/hiura/docker/bulk_env/data/00_analysis/Repthoscope.v1.0.0/VallePrep_v0.0.0/results/data/HG02129/filfa/HG02129_hap2.t2t.filtered.fasta.gz	/home/senescence/Documents/storage2/hiura/docker/bulk_env/data/00_analysis/Repthoscope.v1.0.0/VallePrep_v0.0.0/results/data/HG02129/filfa/HG02129_hap2.t2t.filtered.fasta.gz.fai	/home/senescence/Documents/storage2/hiura/docker/bulk_env/data/00_analysis/Repthoscope.v1.0.0/VallePrep_v0.0.0/results/data/HG02129/centro/HG02129_hap2.t2t.pass.bed	/home/senescence/Documents/storage2/hiura/docker/bulk_env/data/00_analysis/Repthoscope.v1.0.0/VallePrep_v0.0.0/results/data/HG02129/hsat23/HG02129_hap2.HSat2and3_Regions.lifted.bed	/home/senescence/Documents/storage2/hiura/docker/bulk_env/data/00_analysis/Repthoscope.v1.0.0/VallePrep_v0.0.0/results/data/HG02129/hsat23/HG02129_hap2.HSat2and3_Regions.HSat2and3.log	12	250
HG02132	HG02132_hap1	PASS	/home/senescence/Documents/storage2/hiura/docker/bulk_env/data/00_analysis/Repthoscope.v1.0.0/VallePrep_v0.0.0/results/data/HG02132/filfa/HG02132_hap1.t2t.filtered.fasta.gz	/home/senescence/Documents/storage2/hiura/docker/bulk_env/data/00_analysis/Repthoscope.v1.0.0/VallePrep_v0.0.0/results/data/HG02132/filfa/HG02132_hap1.t2t.filtered.fasta.gz.fai	/home/senescence/Documents/storage2/hiura/docker/bulk_env/data/00_analysis/Repthoscope.v1.0.0/VallePrep_v0.0.0/results/data/HG02132/centro/HG02132_hap1.t2t.pass.bed	/home/senescence/Documents/storage2/hiura/docker/bulk_env/data/00_analysis/Repthoscope.v1.0.0/VallePrep_v0.0.0/results/data/HG02132/hsat23/HG02132_hap1.HSat2and3_Regions.lifted.bed	/home/senescence/Documents/storage2/hiura/docker/bulk_env/data/00_analysis/Repthoscope.v1.0.0/VallePrep_v0.0.0/results/data/HG02132/hsat23/HG02132_hap1.HSat2and3_Regions.HSat2and3.log	15	217
HG02132	HG02132_hap2	PASS	/home/senescence/Documents/storage2/hiura/docker/bulk_env/data/00_analysis/Repthoscope.v1.0.0/VallePrep_v0.0.0/results/data/HG02132/filfa/HG02132_hap2.t2t.filtered.fasta.gz	/home/senescence/Documents/storage2/hiura/docker/bulk_env/data/00_analysis/Repthoscope.v1.0.0/VallePrep_v0.0.0/results/data/HG02132/filfa/HG02132_hap2.t2t.filtered.fasta.gz.fai	/home/senescence/Documents/storage2/hiura/docker/bulk_env/data/00_analysis/Repthoscope.v1.0.0/VallePrep_v0.0.0/results/data/HG02132/centro/HG02132_hap2.t2t.pass.bed	/home/senescence/Documents/storage2/hiura/docker/bulk_env/data/00_analysis/Repthoscope.v1.0.0/VallePrep_v0.0.0/results/data/HG02132/hsat23/HG02132_hap2.HSat2and3_Regions.lifted.bed	/home/senescence/Documents/storage2/hiura/docker/bulk_env/data/00_analysis/Repthoscope.v1.0.0/VallePrep_v0.0.0/results/data/HG02132/hsat23/HG02132_hap2.HSat2and3_Regions.HSat2and3.log	14	203
HG02135	HG02135_hap1	PASS	/home/senescence/Documents/storage2/hiura/docker/bulk_env/data/00_analysis/Repthoscope.v1.0.0/VallePrep_v0.0.0/results/data/HG02135/filfa/HG02135_hap1.t2t.filtered.fasta.gz	/home/senescence/Documents/storage2/hiura/docker/bulk_env/data/00_analysis/Repthoscope.v1.0.0/VallePrep_v0.0.0/results/data/HG02135/filfa/HG02135_hap1.t2t.filtered.fasta.gz.fai	/home/senescence/Documents/storage2/hiura/docker/bulk_env/data/00_analysis/Repthoscope.v1.0.0/VallePrep_v0.0.0/results/data/HG02135/centro/HG02135_hap1.t2t.pass.bed	/home/senescence/Documents/storage2/hiura/docker/bulk_env/data/00_analysis/Repthoscope.v1.0.0/VallePrep_v0.0.0/results/data/HG02135/hsat23/HG02135_hap1.HSat2and3_Regions.lifted.bed	/home/senescence/Documents/storage2/hiura/docker/bulk_env/data/00_analysis/Repthoscope.v1.0.0/VallePrep_v0.0.0/results/data/HG02135/hsat23/HG02135_hap1.HSat2and3_Regions.HSat2and3.log	12	172
HG02135	HG02135_hap2	PASS	/home/senescence/Documents/storage2/hiura/docker/bulk_env/data/00_analysis/Repthoscope.v1.0.0/VallePrep_v0.0.0/results/data/HG02135/filfa/HG02135_hap2.t2t.filtered.fasta.gz	/home/senescence/Documents/storage2/hiura/docker/bulk_env/data/00_analysis/Repthoscope.v1.0.0/VallePrep_v0.0.0/results/data/HG02135/filfa/HG02135_hap2.t2t.filtered.fasta.gz.fai	/home/senescence/Documents/storage2/hiura/docker/bulk_env/data/00_analysis/Repthoscope.v1.0.0/VallePrep_v0.0.0/results/data/HG02135/centro/HG02135_hap2.t2t.pass.bed	/home/senescence/Documents/storage2/hiura/docker/bulk_env/data/00_analysis/Repthoscope.v1.0.0/VallePrep_v0.0.0/results/data/HG02135/hsat23/HG02135_hap2.HSat2and3_Regions.lifted.bed	/home/senescence/Documents/storage2/hiura/docker/bulk_env/data/00_analysis/Repthoscope.v1.0.0/VallePrep_v0.0.0/results/data/HG02135/hsat23/HG02135_hap2.HSat2and3_Regions.HSat2and3.log	11	208
HG02145	HG02145_hap1	PASS	/home/senescence/Documents/storage2/hiura/docker/bulk_env/data/00_analysis/Repthoscope.v1.0.0/VallePrep_v0.0.0/results/data/HG02145/filfa/HG02145_hap1.t2t.filtered.fasta.gz	/home/senescence/Documents/storage2/hiura/docker/bulk_env/data/00_analysis/Repthoscope.v1.0.0/VallePrep_v0.0.0/results/data/HG02145/filfa/HG02145_hap1.t2t.filtered.fasta.gz.fai	/home/senescence/Documents/storage2/hiura/docker/bulk_env/data/00_analysis/Repthoscope.v1.0.0/VallePrep_v0.0.0/results/data/HG02145/centro/HG02145_hap1.t2t.pass.bed	/home/senescence/Documents/storage2/hiura/docker/bulk_env/data/00_analysis/Repthoscope.v1.0.0/VallePrep_v0.0.0/results/data/HG02145/hsat23/HG02145_hap1.HSat2and3_Regions.lifted.bed	/home/senescence/Documents/storage2/hiura/docker/bulk_env/data/00_analysis/Repthoscope.v1.0.0/VallePrep_v0.0.0/results/data/HG02145/hsat23/HG02145_hap1.HSat2and3_Regions.HSat2and3.log	16	267
HG02145	HG02145_hap2	PASS	/home/senescence/Documents/storage2/hiura/docker/bulk_env/data/00_analysis/Repthoscope.v1.0.0/VallePrep_v0.0.0/results/data/HG02145/filfa/HG02145_hap2.t2t.filtered.fasta.gz	/home/senescence/Documents/storage2/hiura/docker/bulk_env/data/00_analysis/Repthoscope.v1.0.0/VallePrep_v0.0.0/results/data/HG02145/filfa/HG02145_hap2.t2t.filtered.fasta.gz.fai	/home/senescence/Documents/storage2/hiura/docker/bulk_env/data/00_analysis/Repthoscope.v1.0.0/VallePrep_v0.0.0/results/data/HG02145/centro/HG02145_hap2.t2t.pass.bed	/home/senescence/Documents/storage2/hiura/docker/bulk_env/data/00_analysis/Repthoscope.v1.0.0/VallePrep_v0.0.0/results/data/HG02145/hsat23/HG02145_hap2.HSat2and3_Regions.lifted.bed	/home/senescence/Documents/storage2/hiura/docker/bulk_env/data/00_analysis/Repthoscope.v1.0.0/VallePrep_v0.0.0/results/data/HG02145/hsat23/HG02145_hap2.HSat2and3_Regions.HSat2and3.log	15	235
HG02148	HG02148_hap1	PASS	/home/senescence/Documents/storage2/hiura/docker/bulk_env/data/00_analysis/Repthoscope.v1.0.0/VallePrep_v0.0.0/results/data/HG02148/filfa/HG02148_hap1.t2t.filtered.fasta.gz	/home/senescence/Documents/storage2/hiura/docker/bulk_env/data/00_analysis/Repthoscope.v1.0.0/VallePrep_v0.0.0/results/data/HG02148/filfa/HG02148_hap1.t2t.filtered.fasta.gz.fai	/home/senescence/Documents/storage2/hiura/docker/bulk_env/data/00_analysis/Repthoscope.v1.0.0/VallePrep_v0.0.0/results/data/HG02148/centro/HG02148_hap1.t2t.pass.bed	/home/senescence/Documents/storage2/hiura/docker/bulk_env/data/00_analysis/Repthoscope.v1.0.0/VallePrep_v0.0.0/results/data/HG02148/hsat23/HG02148_hap1.HSat2and3_Regions.lifted.bed	/home/senescence/Documents/storage2/hiura/docker/bulk_env/data/00_analysis/Repthoscope.v1.0.0/VallePrep_v0.0.0/results/data/HG02148/hsat23/HG02148_hap1.HSat2and3_Regions.HSat2and3.log	15	186
HG02148	HG02148_hap2	PASS	/home/senescence/Documents/storage2/hiura/docker/bulk_env/data/00_analysis/Repthoscope.v1.0.0/VallePrep_v0.0.0/results/data/HG02148/filfa/HG02148_hap2.t2t.filtered.fasta.gz	/home/senescence/Documents/storage2/hiura/docker/bulk_env/data/00_analysis/Repthoscope.v1.0.0/VallePrep_v0.0.0/results/data/HG02148/filfa/HG02148_hap2.t2t.filtered.fasta.gz.fai	/home/senescence/Documents/storage2/hiura/docker/bulk_env/data/00_analysis/Repthoscope.v1.0.0/VallePrep_v0.0.0/results/data/HG02148/centro/HG02148_hap2.t2t.pass.bed	/home/senescence/Documents/storage2/hiura/docker/bulk_env/data/00_analysis/Repthoscope.v1.0.0/VallePrep_v0.0.0/results/data/HG02148/hsat23/HG02148_hap2.HSat2and3_Regions.lifted.bed	/home/senescence/Documents/storage2/hiura/docker/bulk_env/data/00_analysis/Repthoscope.v1.0.0/VallePrep_v0.0.0/results/data/HG02148/hsat23/HG02148_hap2.HSat2and3_Regions.HSat2and3.log	16	272
HG02155	HG02155_hap1	PASS	/home/senescence/Documents/storage2/hiura/docker/bulk_env/data/00_analysis/Repthoscope.v1.0.0/VallePrep_v0.0.0/results/data/HG02155/filfa/HG02155_hap1.t2t.filtered.fasta.gz	/home/senescence/Documents/storage2/hiura/docker/bulk_env/data/00_analysis/Repthoscope.v1.0.0/VallePrep_v0.0.0/results/data/HG02155/filfa/HG02155_hap1.t2t.filtered.fasta.gz.fai	/home/senescence/Documents/storage2/hiura/docker/bulk_env/data/00_analysis/Repthoscope.v1.0.0/VallePrep_v0.0.0/results/data/HG02155/centro/HG02155_hap1.t2t.pass.bed	/home/senescence/Documents/storage2/hiura/docker/bulk_env/data/00_analysis/Repthoscope.v1.0.0/VallePrep_v0.0.0/results/data/HG02155/hsat23/HG02155_hap1.HSat2and3_Regions.lifted.bed	/home/senescence/Documents/storage2/hiura/docker/bulk_env/data/00_analysis/Repthoscope.v1.0.0/VallePrep_v0.0.0/results/data/HG02155/hsat23/HG02155_hap1.HSat2and3_Regions.HSat2and3.log	14	200
HG02155	HG02155_hap2	PASS	/home/senescence/Documents/storage2/hiura/docker/bulk_env/data/00_analysis/Repthoscope.v1.0.0/VallePrep_v0.0.0/results/data/HG02155/filfa/HG02155_hap2.t2t.filtered.fasta.gz	/home/senescence/Documents/storage2/hiura/docker/bulk_env/data/00_analysis/Repthoscope.v1.0.0/VallePrep_v0.0.0/results/data/HG02155/filfa/HG02155_hap2.t2t.filtered.fasta.gz.fai	/home/senescence/Documents/storage2/hiura/docker/bulk_env/data/00_analysis/Repthoscope.v1.0.0/VallePrep_v0.0.0/results/data/HG02155/centro/HG02155_hap2.t2t.pass.bed	/home/senescence/Documents/storage2/hiura/docker/bulk_env/data/00_analysis/Repthoscope.v1.0.0/VallePrep_v0.0.0/results/data/HG02155/hsat23/HG02155_hap2.HSat2and3_Regions.lifted.bed	/home/senescence/Documents/storage2/hiura/docker/bulk_env/data/00_analysis/Repthoscope.v1.0.0/VallePrep_v0.0.0/results/data/HG02155/hsat23/HG02155_hap2.HSat2and3_Regions.HSat2and3.log	14	193
HG02165	HG02165_hap1	PASS	/home/senescence/Documents/storage2/hiura/docker/bulk_env/data/00_analysis/Repthoscope.v1.0.0/VallePrep_v0.0.0/results/data/HG02165/filfa/HG02165_hap1.t2t.filtered.fasta.gz	/home/senescence/Documents/storage2/hiura/docker/bulk_env/data/00_analysis/Repthoscope.v1.0.0/VallePrep_v0.0.0/results/data/HG02165/filfa/HG02165_hap1.t2t.filtered.fasta.gz.fai	/home/senescence/Documents/storage2/hiura/docker/bulk_env/data/00_analysis/Repthoscope.v1.0.0/VallePrep_v0.0.0/results/data/HG02165/centro/HG02165_hap1.t2t.pass.bed	/home/senescence/Documents/storage2/hiura/docker/bulk_env/data/00_analysis/Repthoscope.v1.0.0/VallePrep_v0.0.0/results/data/HG02165/hsat23/HG02165_hap1.HSat2and3_Regions.lifted.bed	/home/senescence/Documents/storage2/hiura/docker/bulk_env/data/00_analysis/Repthoscope.v1.0.0/VallePrep_v0.0.0/results/data/HG02165/hsat23/HG02165_hap1.HSat2and3_Regions.HSat2and3.log	15	213
HG02165	HG02165_hap2	PASS	/home/senescence/Documents/storage2/hiura/docker/bulk_env/data/00_analysis/Repthoscope.v1.0.0/VallePrep_v0.0.0/results/data/HG02165/filfa/HG02165_hap2.t2t.filtered.fasta.gz	/home/senescence/Documents/storage2/hiura/docker/bulk_env/data/00_analysis/Repthoscope.v1.0.0/VallePrep_v0.0.0/results/data/HG02165/filfa/HG02165_hap2.t2t.filtered.fasta.gz.fai	/home/senescence/Documents/storage2/hiura/docker/bulk_env/data/00_analysis/Repthoscope.v1.0.0/VallePrep_v0.0.0/results/data/HG02165/centro/HG02165_hap2.t2t.pass.bed	/home/senescence/Documents/storage2/hiura/docker/bulk_env/data/00_analysis/Repthoscope.v1.0.0/VallePrep_v0.0.0/results/data/HG02165/hsat23/HG02165_hap2.HSat2and3_Regions.lifted.bed	/home/senescence/Documents/storage2/hiura/docker/bulk_env/data/00_analysis/Repthoscope.v1.0.0/VallePrep_v0.0.0/results/data/HG02165/hsat23/HG02165_hap2.HSat2and3_Regions.HSat2and3.log	15	199
HG02178	HG02178_hap1	PASS	/home/senescence/Documents/storage2/hiura/docker/bulk_env/data/00_analysis/Repthoscope.v1.0.0/VallePrep_v0.0.0/results/data/HG02178/filfa/HG02178_hap1.t2t.filtered.fasta.gz	/home/senescence/Documents/storage2/hiura/docker/bulk_env/data/00_analysis/Repthoscope.v1.0.0/VallePrep_v0.0.0/results/data/HG02178/filfa/HG02178_hap1.t2t.filtered.fasta.gz.fai	/home/senescence/Documents/storage2/hiura/docker/bulk_env/data/00_analysis/Repthoscope.v1.0.0/VallePrep_v0.0.0/results/data/HG02178/centro/HG02178_hap1.t2t.pass.bed	/home/senescence/Documents/storage2/hiura/docker/bulk_env/data/00_analysis/Repthoscope.v1.0.0/VallePrep_v0.0.0/results/data/HG02178/hsat23/HG02178_hap1.HSat2and3_Regions.lifted.bed	/home/senescence/Documents/storage2/hiura/docker/bulk_env/data/00_analysis/Repthoscope.v1.0.0/VallePrep_v0.0.0/results/data/HG02178/hsat23/HG02178_hap1.HSat2and3_Regions.HSat2and3.log	13	58
HG02178	HG02178_hap2	PASS	/home/senescence/Documents/storage2/hiura/docker/bulk_env/data/00_analysis/Repthoscope.v1.0.0/VallePrep_v0.0.0/results/data/HG02178/filfa/HG02178_hap2.t2t.filtered.fasta.gz	/home/senescence/Documents/storage2/hiura/docker/bulk_env/data/00_analysis/Repthoscope.v1.0.0/VallePrep_v0.0.0/results/data/HG02178/filfa/HG02178_hap2.t2t.filtered.fasta.gz.fai	/home/senescence/Documents/storage2/hiura/docker/bulk_env/data/00_analysis/Repthoscope.v1.0.0/VallePrep_v0.0.0/results/data/HG02178/centro/HG02178_hap2.t2t.pass.bed	/home/senescence/Documents/storage2/hiura/docker/bulk_env/data/00_analysis/Repthoscope.v1.0.0/VallePrep_v0.0.0/results/data/HG02178/hsat23/HG02178_hap2.HSat2and3_Regions.lifted.bed	/home/senescence/Documents/storage2/hiura/docker/bulk_env/data/00_analysis/Repthoscope.v1.0.0/VallePrep_v0.0.0/results/data/HG02178/hsat23/HG02178_hap2.HSat2and3_Regions.HSat2and3.log	14	73
HG02257	HG02257_hap1	PASS	/home/senescence/Documents/storage2/hiura/docker/bulk_env/data/00_analysis/Repthoscope.v1.0.0/VallePrep_v0.0.0/results/data/HG02257/filfa/HG02257_hap1.t2t.filtered.fasta.gz	/home/senescence/Documents/storage2/hiura/docker/bulk_env/data/00_analysis/Repthoscope.v1.0.0/VallePrep_v0.0.0/results/data/HG02257/filfa/HG02257_hap1.t2t.filtered.fasta.gz.fai	/home/senescence/Documents/storage2/hiura/docker/bulk_env/data/00_analysis/Repthoscope.v1.0.0/VallePrep_v0.0.0/results/data/HG02257/centro/HG02257_hap1.t2t.pass.bed	/home/senescence/Documents/storage2/hiura/docker/bulk_env/data/00_analysis/Repthoscope.v1.0.0/VallePrep_v0.0.0/results/data/HG02257/hsat23/HG02257_hap1.HSat2and3_Regions.lifted.bed	/home/senescence/Documents/storage2/hiura/docker/bulk_env/data/00_analysis/Repthoscope.v1.0.0/VallePrep_v0.0.0/results/data/HG02257/hsat23/HG02257_hap1.HSat2and3_Regions.HSat2and3.log	13	260
HG02257	HG02257_hap2	PASS	/home/senescence/Documents/storage2/hiura/docker/bulk_env/data/00_analysis/Repthoscope.v1.0.0/VallePrep_v0.0.0/results/data/HG02257/filfa/HG02257_hap2.t2t.filtered.fasta.gz	/home/senescence/Documents/storage2/hiura/docker/bulk_env/data/00_analysis/Repthoscope.v1.0.0/VallePrep_v0.0.0/results/data/HG02257/filfa/HG02257_hap2.t2t.filtered.fasta.gz.fai	/home/senescence/Documents/storage2/hiura/docker/bulk_env/data/00_analysis/Repthoscope.v1.0.0/VallePrep_v0.0.0/results/data/HG02257/centro/HG02257_hap2.t2t.pass.bed	/home/senescence/Documents/storage2/hiura/docker/bulk_env/data/00_analysis/Repthoscope.v1.0.0/VallePrep_v0.0.0/results/data/HG02257/hsat23/HG02257_hap2.HSat2and3_Regions.lifted.bed	/home/senescence/Documents/storage2/hiura/docker/bulk_env/data/00_analysis/Repthoscope.v1.0.0/VallePrep_v0.0.0/results/data/HG02257/hsat23/HG02257_hap2.HSat2and3_Regions.HSat2and3.log	14	302
HG02258	HG02258_hap1	PASS	/home/senescence/Documents/storage2/hiura/docker/bulk_env/data/00_analysis/Repthoscope.v1.0.0/VallePrep_v0.0.0/results/data/HG02258/filfa/HG02258_hap1.t2t.filtered.fasta.gz	/home/senescence/Documents/storage2/hiura/docker/bulk_env/data/00_analysis/Repthoscope.v1.0.0/VallePrep_v0.0.0/results/data/HG02258/filfa/HG02258_hap1.t2t.filtered.fasta.gz.fai	/home/senescence/Documents/storage2/hiura/docker/bulk_env/data/00_analysis/Repthoscope.v1.0.0/VallePrep_v0.0.0/results/data/HG02258/centro/HG02258_hap1.t2t.pass.bed	/home/senescence/Documents/storage2/hiura/docker/bulk_env/data/00_analysis/Repthoscope.v1.0.0/VallePrep_v0.0.0/results/data/HG02258/hsat23/HG02258_hap1.HSat2and3_Regions.lifted.bed	/home/senescence/Documents/storage2/hiura/docker/bulk_env/data/00_analysis/Repthoscope.v1.0.0/VallePrep_v0.0.0/results/data/HG02258/hsat23/HG02258_hap1.HSat2and3_Regions.HSat2and3.log	15	287
HG02258	HG02258_hap2	PASS	/home/senescence/Documents/storage2/hiura/docker/bulk_env/data/00_analysis/Repthoscope.v1.0.0/VallePrep_v0.0.0/results/data/HG02258/filfa/HG02258_hap2.t2t.filtered.fasta.gz	/home/senescence/Documents/storage2/hiura/docker/bulk_env/data/00_analysis/Repthoscope.v1.0.0/VallePrep_v0.0.0/results/data/HG02258/filfa/HG02258_hap2.t2t.filtered.fasta.gz.fai	/home/senescence/Documents/storage2/hiura/docker/bulk_env/data/00_analysis/Repthoscope.v1.0.0/VallePrep_v0.0.0/results/data/HG02258/centro/HG02258_hap2.t2t.pass.bed	/home/senescence/Documents/storage2/hiura/docker/bulk_env/data/00_analysis/Repthoscope.v1.0.0/VallePrep_v0.0.0/results/data/HG02258/hsat23/HG02258_hap2.HSat2and3_Regions.lifted.bed	/home/senescence/Documents/storage2/hiura/docker/bulk_env/data/00_analysis/Repthoscope.v1.0.0/VallePrep_v0.0.0/results/data/HG02258/hsat23/HG02258_hap2.HSat2and3_Regions.HSat2and3.log	14	240
HG02273	HG02273_hap1	PASS	/home/senescence/Documents/storage2/hiura/docker/bulk_env/data/00_analysis/Repthoscope.v1.0.0/VallePrep_v0.0.0/results/data/HG02273/filfa/HG02273_hap1.t2t.filtered.fasta.gz	/home/senescence/Documents/storage2/hiura/docker/bulk_env/data/00_analysis/Repthoscope.v1.0.0/VallePrep_v0.0.0/results/data/HG02273/filfa/HG02273_hap1.t2t.filtered.fasta.gz.fai	/home/senescence/Documents/storage2/hiura/docker/bulk_env/data/00_analysis/Repthoscope.v1.0.0/VallePrep_v0.0.0/results/data/HG02273/centro/HG02273_hap1.t2t.pass.bed	/home/senescence/Documents/storage2/hiura/docker/bulk_env/data/00_analysis/Repthoscope.v1.0.0/VallePrep_v0.0.0/results/data/HG02273/hsat23/HG02273_hap1.HSat2and3_Regions.lifted.bed	/home/senescence/Documents/storage2/hiura/docker/bulk_env/data/00_analysis/Repthoscope.v1.0.0/VallePrep_v0.0.0/results/data/HG02273/hsat23/HG02273_hap1.HSat2and3_Regions.HSat2and3.log	14	217
HG02273	HG02273_hap2	PASS	/home/senescence/Documents/storage2/hiura/docker/bulk_env/data/00_analysis/Repthoscope.v1.0.0/VallePrep_v0.0.0/results/data/HG02273/filfa/HG02273_hap2.t2t.filtered.fasta.gz	/home/senescence/Documents/storage2/hiura/docker/bulk_env/data/00_analysis/Repthoscope.v1.0.0/VallePrep_v0.0.0/results/data/HG02273/filfa/HG02273_hap2.t2t.filtered.fasta.gz.fai	/home/senescence/Documents/storage2/hiura/docker/bulk_env/data/00_analysis/Repthoscope.v1.0.0/VallePrep_v0.0.0/results/data/HG02273/centro/HG02273_hap2.t2t.pass.bed	/home/senescence/Documents/storage2/hiura/docker/bulk_env/data/00_analysis/Repthoscope.v1.0.0/VallePrep_v0.0.0/results/data/HG02273/hsat23/HG02273_hap2.HSat2and3_Regions.lifted.bed	/home/senescence/Documents/storage2/hiura/docker/bulk_env/data/00_analysis/Repthoscope.v1.0.0/VallePrep_v0.0.0/results/data/HG02273/hsat23/HG02273_hap2.HSat2and3_Regions.HSat2and3.log	14	56
HG02280	HG02280_hap1	EXCLUDE_annotation_incomplete_or_missing_input	/home/senescence/Documents/storage2/hiura/docker/bulk_env/data/00_analysis/Repthoscope.v1.0.0/VallePrep_v0.0.0/results/data/HG02280/filfa/HG02280_hap1.t2t.filtered.fasta.gz	/home/senescence/Documents/storage2/hiura/docker/bulk_env/data/00_analysis/Repthoscope.v1.0.0/VallePrep_v0.0.0/results/data/HG02280/filfa/HG02280_hap1.t2t.filtered.fasta.gz.fai	/home/senescence/Documents/storage2/hiura/docker/bulk_env/data/00_analysis/Repthoscope.v1.0.0/VallePrep_v0.0.0/results/data/HG02280/centro/HG02280_hap1.t2t.pass.bed	/home/senescence/Documents/storage2/hiura/docker/bulk_env/data/00_analysis/Repthoscope.v1.0.0/VallePrep_v0.0.0/results/data/HG02280/hsat23/HG02280_hap1.HSat2and3_Regions.lifted.bed	/home/senescence/Documents/storage2/hiura/docker/bulk_env/data/00_analysis/Repthoscope.v1.0.0/VallePrep_v0.0.0/results/data/HG02280/hsat23/HG02280_hap1.HSat2and3_Regions.HSat2and3.log	13	0
HG02280	HG02280_hap2	PASS	/home/senescence/Documents/storage2/hiura/docker/bulk_env/data/00_analysis/Repthoscope.v1.0.0/VallePrep_v0.0.0/results/data/HG02280/filfa/HG02280_hap2.t2t.filtered.fasta.gz	/home/senescence/Documents/storage2/hiura/docker/bulk_env/data/00_analysis/Repthoscope.v1.0.0/VallePrep_v0.0.0/results/data/HG02280/filfa/HG02280_hap2.t2t.filtered.fasta.gz.fai	/home/senescence/Documents/storage2/hiura/docker/bulk_env/data/00_analysis/Repthoscope.v1.0.0/VallePrep_v0.0.0/results/data/HG02280/centro/HG02280_hap2.t2t.pass.bed	/home/senescence/Documents/storage2/hiura/docker/bulk_env/data/00_analysis/Repthoscope.v1.0.0/VallePrep_v0.0.0/results/data/HG02280/hsat23/HG02280_hap2.HSat2and3_Regions.lifted.bed	/home/senescence/Documents/storage2/hiura/docker/bulk_env/data/00_analysis/Repthoscope.v1.0.0/VallePrep_v0.0.0/results/data/HG02280/hsat23/HG02280_hap2.HSat2and3_Regions.HSat2and3.log	13	235
HG02282	HG02282_hap1	PASS	/home/senescence/Documents/storage2/hiura/docker/bulk_env/data/00_analysis/Repthoscope.v1.0.0/VallePrep_v0.0.0/results/data/HG02282/filfa/HG02282_hap1.t2t.filtered.fasta.gz	/home/senescence/Documents/storage2/hiura/docker/bulk_env/data/00_analysis/Repthoscope.v1.0.0/VallePrep_v0.0.0/results/data/HG02282/filfa/HG02282_hap1.t2t.filtered.fasta.gz.fai	/home/senescence/Documents/storage2/hiura/docker/bulk_env/data/00_analysis/Repthoscope.v1.0.0/VallePrep_v0.0.0/results/data/HG02282/centro/HG02282_hap1.t2t.pass.bed	/home/senescence/Documents/storage2/hiura/docker/bulk_env/data/00_analysis/Repthoscope.v1.0.0/VallePrep_v0.0.0/results/data/HG02282/hsat23/HG02282_hap1.HSat2and3_Regions.lifted.bed	/home/senescence/Documents/storage2/hiura/docker/bulk_env/data/00_analysis/Repthoscope.v1.0.0/VallePrep_v0.0.0/results/data/HG02282/hsat23/HG02282_hap1.HSat2and3_Regions.HSat2and3.log	14	216
HG02282	HG02282_hap2	PASS	/home/senescence/Documents/storage2/hiura/docker/bulk_env/data/00_analysis/Repthoscope.v1.0.0/VallePrep_v0.0.0/results/data/HG02282/filfa/HG02282_hap2.t2t.filtered.fasta.gz	/home/senescence/Documents/storage2/hiura/docker/bulk_env/data/00_analysis/Repthoscope.v1.0.0/VallePrep_v0.0.0/results/data/HG02282/filfa/HG02282_hap2.t2t.filtered.fasta.gz.fai	/home/senescence/Documents/storage2/hiura/docker/bulk_env/data/00_analysis/Repthoscope.v1.0.0/VallePrep_v0.0.0/results/data/HG02282/centro/HG02282_hap2.t2t.pass.bed	/home/senescence/Documents/storage2/hiura/docker/bulk_env/data/00_analysis/Repthoscope.v1.0.0/VallePrep_v0.0.0/results/data/HG02282/hsat23/HG02282_hap2.HSat2and3_Regions.lifted.bed	/home/senescence/Documents/storage2/hiura/docker/bulk_env/data/00_analysis/Repthoscope.v1.0.0/VallePrep_v0.0.0/results/data/HG02282/hsat23/HG02282_hap2.HSat2and3_Regions.HSat2and3.log	16	319
HG02293	HG02293_hap1	PASS	/home/senescence/Documents/storage2/hiura/docker/bulk_env/data/00_analysis/Repthoscope.v1.0.0/VallePrep_v0.0.0/results/data/HG02293/filfa/HG02293_hap1.t2t.filtered.fasta.gz	/home/senescence/Documents/storage2/hiura/docker/bulk_env/data/00_analysis/Repthoscope.v1.0.0/VallePrep_v0.0.0/results/data/HG02293/filfa/HG02293_hap1.t2t.filtered.fasta.gz.fai	/home/senescence/Documents/storage2/hiura/docker/bulk_env/data/00_analysis/Repthoscope.v1.0.0/VallePrep_v0.0.0/results/data/HG02293/centro/HG02293_hap1.t2t.pass.bed	/home/senescence/Documents/storage2/hiura/docker/bulk_env/data/00_analysis/Repthoscope.v1.0.0/VallePrep_v0.0.0/results/data/HG02293/hsat23/HG02293_hap1.HSat2and3_Regions.lifted.bed	/home/senescence/Documents/storage2/hiura/docker/bulk_env/data/00_analysis/Repthoscope.v1.0.0/VallePrep_v0.0.0/results/data/HG02293/hsat23/HG02293_hap1.HSat2and3_Regions.HSat2and3.log	11	282
HG02293	HG02293_hap2	PASS	/home/senescence/Documents/storage2/hiura/docker/bulk_env/data/00_analysis/Repthoscope.v1.0.0/VallePrep_v0.0.0/results/data/HG02293/filfa/HG02293_hap2.t2t.filtered.fasta.gz	/home/senescence/Documents/storage2/hiura/docker/bulk_env/data/00_analysis/Repthoscope.v1.0.0/VallePrep_v0.0.0/results/data/HG02293/filfa/HG02293_hap2.t2t.filtered.fasta.gz.fai	/home/senescence/Documents/storage2/hiura/docker/bulk_env/data/00_analysis/Repthoscope.v1.0.0/VallePrep_v0.0.0/results/data/HG02293/centro/HG02293_hap2.t2t.pass.bed	/home/senescence/Documents/storage2/hiura/docker/bulk_env/data/00_analysis/Repthoscope.v1.0.0/VallePrep_v0.0.0/results/data/HG02293/hsat23/HG02293_hap2.HSat2and3_Regions.lifted.bed	/home/senescence/Documents/storage2/hiura/docker/bulk_env/data/00_analysis/Repthoscope.v1.0.0/VallePrep_v0.0.0/results/data/HG02293/hsat23/HG02293_hap2.HSat2and3_Regions.HSat2and3.log	10	191
HG02300	HG02300_hap1	PASS	/home/senescence/Documents/storage2/hiura/docker/bulk_env/data/00_analysis/Repthoscope.v1.0.0/VallePrep_v0.0.0/results/data/HG02300/filfa/HG02300_hap1.t2t.filtered.fasta.gz	/home/senescence/Documents/storage2/hiura/docker/bulk_env/data/00_analysis/Repthoscope.v1.0.0/VallePrep_v0.0.0/results/data/HG02300/filfa/HG02300_hap1.t2t.filtered.fasta.gz.fai	/home/senescence/Documents/storage2/hiura/docker/bulk_env/data/00_analysis/Repthoscope.v1.0.0/VallePrep_v0.0.0/results/data/HG02300/centro/HG02300_hap1.t2t.pass.bed	/home/senescence/Documents/storage2/hiura/docker/bulk_env/data/00_analysis/Repthoscope.v1.0.0/VallePrep_v0.0.0/results/data/HG02300/hsat23/HG02300_hap1.HSat2and3_Regions.lifted.bed	/home/senescence/Documents/storage2/hiura/docker/bulk_env/data/00_analysis/Repthoscope.v1.0.0/VallePrep_v0.0.0/results/data/HG02300/hsat23/HG02300_hap1.HSat2and3_Regions.HSat2and3.log	12	275
HG02300	HG02300_hap2	PASS	/home/senescence/Documents/storage2/hiura/docker/bulk_env/data/00_analysis/Repthoscope.v1.0.0/VallePrep_v0.0.0/results/data/HG02300/filfa/HG02300_hap2.t2t.filtered.fasta.gz	/home/senescence/Documents/storage2/hiura/docker/bulk_env/data/00_analysis/Repthoscope.v1.0.0/VallePrep_v0.0.0/results/data/HG02300/filfa/HG02300_hap2.t2t.filtered.fasta.gz.fai	/home/senescence/Documents/storage2/hiura/docker/bulk_env/data/00_analysis/Repthoscope.v1.0.0/VallePrep_v0.0.0/results/data/HG02300/centro/HG02300_hap2.t2t.pass.bed	/home/senescence/Documents/storage2/hiura/docker/bulk_env/data/00_analysis/Repthoscope.v1.0.0/VallePrep_v0.0.0/results/data/HG02300/hsat23/HG02300_hap2.HSat2and3_Regions.lifted.bed	/home/senescence/Documents/storage2/hiura/docker/bulk_env/data/00_analysis/Repthoscope.v1.0.0/VallePrep_v0.0.0/results/data/HG02300/hsat23/HG02300_hap2.HSat2and3_Regions.HSat2and3.log	12	159
HG02391	HG02391_hap1	PASS	/home/senescence/Documents/storage2/hiura/docker/bulk_env/data/00_analysis/Repthoscope.v1.0.0/VallePrep_v0.0.0/results/data/HG02391/filfa/HG02391_hap1.t2t.filtered.fasta.gz	/home/senescence/Documents/storage2/hiura/docker/bulk_env/data/00_analysis/Repthoscope.v1.0.0/VallePrep_v0.0.0/results/data/HG02391/filfa/HG02391_hap1.t2t.filtered.fasta.gz.fai	/home/senescence/Documents/storage2/hiura/docker/bulk_env/data/00_analysis/Repthoscope.v1.0.0/VallePrep_v0.0.0/results/data/HG02391/centro/HG02391_hap1.t2t.pass.bed	/home/senescence/Documents/storage2/hiura/docker/bulk_env/data/00_analysis/Repthoscope.v1.0.0/VallePrep_v0.0.0/results/data/HG02391/hsat23/HG02391_hap1.HSat2and3_Regions.lifted.bed	/home/senescence/Documents/storage2/hiura/docker/bulk_env/data/00_analysis/Repthoscope.v1.0.0/VallePrep_v0.0.0/results/data/HG02391/hsat23/HG02391_hap1.HSat2and3_Regions.HSat2and3.log	14	283
HG02391	HG02391_hap2	PASS	/home/senescence/Documents/storage2/hiura/docker/bulk_env/data/00_analysis/Repthoscope.v1.0.0/VallePrep_v0.0.0/results/data/HG02391/filfa/HG02391_hap2.t2t.filtered.fasta.gz	/home/senescence/Documents/storage2/hiura/docker/bulk_env/data/00_analysis/Repthoscope.v1.0.0/VallePrep_v0.0.0/results/data/HG02391/filfa/HG02391_hap2.t2t.filtered.fasta.gz.fai	/home/senescence/Documents/storage2/hiura/docker/bulk_env/data/00_analysis/Repthoscope.v1.0.0/VallePrep_v0.0.0/results/data/HG02391/centro/HG02391_hap2.t2t.pass.bed	/home/senescence/Documents/storage2/hiura/docker/bulk_env/data/00_analysis/Repthoscope.v1.0.0/VallePrep_v0.0.0/results/data/HG02391/hsat23/HG02391_hap2.HSat2and3_Regions.lifted.bed	/home/senescence/Documents/storage2/hiura/docker/bulk_env/data/00_analysis/Repthoscope.v1.0.0/VallePrep_v0.0.0/results/data/HG02391/hsat23/HG02391_hap2.HSat2and3_Regions.HSat2and3.log	16	253
HG02392	HG02392_hap1	PASS	/home/senescence/Documents/storage2/hiura/docker/bulk_env/data/00_analysis/Repthoscope.v1.0.0/VallePrep_v0.0.0/results/data/HG02392/filfa/HG02392_hap1.t2t.filtered.fasta.gz	/home/senescence/Documents/storage2/hiura/docker/bulk_env/data/00_analysis/Repthoscope.v1.0.0/VallePrep_v0.0.0/results/data/HG02392/filfa/HG02392_hap1.t2t.filtered.fasta.gz.fai	/home/senescence/Documents/storage2/hiura/docker/bulk_env/data/00_analysis/Repthoscope.v1.0.0/VallePrep_v0.0.0/results/data/HG02392/centro/HG02392_hap1.t2t.pass.bed	/home/senescence/Documents/storage2/hiura/docker/bulk_env/data/00_analysis/Repthoscope.v1.0.0/VallePrep_v0.0.0/results/data/HG02392/hsat23/HG02392_hap1.HSat2and3_Regions.lifted.bed	/home/senescence/Documents/storage2/hiura/docker/bulk_env/data/00_analysis/Repthoscope.v1.0.0/VallePrep_v0.0.0/results/data/HG02392/hsat23/HG02392_hap1.HSat2and3_Regions.HSat2and3.log	12	68
HG02392	HG02392_hap2	PASS	/home/senescence/Documents/storage2/hiura/docker/bulk_env/data/00_analysis/Repthoscope.v1.0.0/VallePrep_v0.0.0/results/data/HG02392/filfa/HG02392_hap2.t2t.filtered.fasta.gz	/home/senescence/Documents/storage2/hiura/docker/bulk_env/data/00_analysis/Repthoscope.v1.0.0/VallePrep_v0.0.0/results/data/HG02392/filfa/HG02392_hap2.t2t.filtered.fasta.gz.fai	/home/senescence/Documents/storage2/hiura/docker/bulk_env/data/00_analysis/Repthoscope.v1.0.0/VallePrep_v0.0.0/results/data/HG02392/centro/HG02392_hap2.t2t.pass.bed	/home/senescence/Documents/storage2/hiura/docker/bulk_env/data/00_analysis/Repthoscope.v1.0.0/VallePrep_v0.0.0/results/data/HG02392/hsat23/HG02392_hap2.HSat2and3_Regions.lifted.bed	/home/senescence/Documents/storage2/hiura/docker/bulk_env/data/00_analysis/Repthoscope.v1.0.0/VallePrep_v0.0.0/results/data/HG02392/hsat23/HG02392_hap2.HSat2and3_Regions.HSat2and3.log	13	61
HG02451	HG02451_hap1	PASS	/home/senescence/Documents/storage2/hiura/docker/bulk_env/data/00_analysis/Repthoscope.v1.0.0/VallePrep_v0.0.0/results/data/HG02451/filfa/HG02451_hap1.t2t.filtered.fasta.gz	/home/senescence/Documents/storage2/hiura/docker/bulk_env/data/00_analysis/Repthoscope.v1.0.0/VallePrep_v0.0.0/results/data/HG02451/filfa/HG02451_hap1.t2t.filtered.fasta.gz.fai	/home/senescence/Documents/storage2/hiura/docker/bulk_env/data/00_analysis/Repthoscope.v1.0.0/VallePrep_v0.0.0/results/data/HG02451/centro/HG02451_hap1.t2t.pass.bed	/home/senescence/Documents/storage2/hiura/docker/bulk_env/data/00_analysis/Repthoscope.v1.0.0/VallePrep_v0.0.0/results/data/HG02451/hsat23/HG02451_hap1.HSat2and3_Regions.lifted.bed	/home/senescence/Documents/storage2/hiura/docker/bulk_env/data/00_analysis/Repthoscope.v1.0.0/VallePrep_v0.0.0/results/data/HG02451/hsat23/HG02451_hap1.HSat2and3_Regions.HSat2and3.log	16	252
HG02451	HG02451_hap2	PASS	/home/senescence/Documents/storage2/hiura/docker/bulk_env/data/00_analysis/Repthoscope.v1.0.0/VallePrep_v0.0.0/results/data/HG02451/filfa/HG02451_hap2.t2t.filtered.fasta.gz	/home/senescence/Documents/storage2/hiura/docker/bulk_env/data/00_analysis/Repthoscope.v1.0.0/VallePrep_v0.0.0/results/data/HG02451/filfa/HG02451_hap2.t2t.filtered.fasta.gz.fai	/home/senescence/Documents/storage2/hiura/docker/bulk_env/data/00_analysis/Repthoscope.v1.0.0/VallePrep_v0.0.0/results/data/HG02451/centro/HG02451_hap2.t2t.pass.bed	/home/senescence/Documents/storage2/hiura/docker/bulk_env/data/00_analysis/Repthoscope.v1.0.0/VallePrep_v0.0.0/results/data/HG02451/hsat23/HG02451_hap2.HSat2and3_Regions.lifted.bed	/home/senescence/Documents/storage2/hiura/docker/bulk_env/data/00_analysis/Repthoscope.v1.0.0/VallePrep_v0.0.0/results/data/HG02451/hsat23/HG02451_hap2.HSat2and3_Regions.HSat2and3.log	15	271
HG02486	HG02486_hap1	PASS	/home/senescence/Documents/storage2/hiura/docker/bulk_env/data/00_analysis/Repthoscope.v1.0.0/VallePrep_v0.0.0/results/data/HG02486/filfa/HG02486_hap1.t2t.filtered.fasta.gz	/home/senescence/Documents/storage2/hiura/docker/bulk_env/data/00_analysis/Repthoscope.v1.0.0/VallePrep_v0.0.0/results/data/HG02486/filfa/HG02486_hap1.t2t.filtered.fasta.gz.fai	/home/senescence/Documents/storage2/hiura/docker/bulk_env/data/00_analysis/Repthoscope.v1.0.0/VallePrep_v0.0.0/results/data/HG02486/centro/HG02486_hap1.t2t.pass.bed	/home/senescence/Documents/storage2/hiura/docker/bulk_env/data/00_analysis/Repthoscope.v1.0.0/VallePrep_v0.0.0/results/data/HG02486/hsat23/HG02486_hap1.HSat2and3_Regions.lifted.bed	/home/senescence/Documents/storage2/hiura/docker/bulk_env/data/00_analysis/Repthoscope.v1.0.0/VallePrep_v0.0.0/results/data/HG02486/hsat23/HG02486_hap1.HSat2and3_Regions.HSat2and3.log	16	257
HG02486	HG02486_hap2	PASS	/home/senescence/Documents/storage2/hiura/docker/bulk_env/data/00_analysis/Repthoscope.v1.0.0/VallePrep_v0.0.0/results/data/HG02486/filfa/HG02486_hap2.t2t.filtered.fasta.gz	/home/senescence/Documents/storage2/hiura/docker/bulk_env/data/00_analysis/Repthoscope.v1.0.0/VallePrep_v0.0.0/results/data/HG02486/filfa/HG02486_hap2.t2t.filtered.fasta.gz.fai	/home/senescence/Documents/storage2/hiura/docker/bulk_env/data/00_analysis/Repthoscope.v1.0.0/VallePrep_v0.0.0/results/data/HG02486/centro/HG02486_hap2.t2t.pass.bed	/home/senescence/Documents/storage2/hiura/docker/bulk_env/data/00_analysis/Repthoscope.v1.0.0/VallePrep_v0.0.0/results/data/HG02486/hsat23/HG02486_hap2.HSat2and3_Regions.lifted.bed	/home/senescence/Documents/storage2/hiura/docker/bulk_env/data/00_analysis/Repthoscope.v1.0.0/VallePrep_v0.0.0/results/data/HG02486/hsat23/HG02486_hap2.HSat2and3_Regions.HSat2and3.log	15	251
HG02492	HG02492_hap1	PASS	/home/senescence/Documents/storage2/hiura/docker/bulk_env/data/00_analysis/Repthoscope.v1.0.0/VallePrep_v0.0.0/results/data/HG02492/filfa/HG02492_hap1.t2t.filtered.fasta.gz	/home/senescence/Documents/storage2/hiura/docker/bulk_env/data/00_analysis/Repthoscope.v1.0.0/VallePrep_v0.0.0/results/data/HG02492/filfa/HG02492_hap1.t2t.filtered.fasta.gz.fai	/home/senescence/Documents/storage2/hiura/docker/bulk_env/data/00_analysis/Repthoscope.v1.0.0/VallePrep_v0.0.0/results/data/HG02492/centro/HG02492_hap1.t2t.pass.bed	/home/senescence/Documents/storage2/hiura/docker/bulk_env/data/00_analysis/Repthoscope.v1.0.0/VallePrep_v0.0.0/results/data/HG02492/hsat23/HG02492_hap1.HSat2and3_Regions.lifted.bed	/home/senescence/Documents/storage2/hiura/docker/bulk_env/data/00_analysis/Repthoscope.v1.0.0/VallePrep_v0.0.0/results/data/HG02492/hsat23/HG02492_hap1.HSat2and3_Regions.HSat2and3.log	14	84
HG02492	HG02492_hap2	PASS	/home/senescence/Documents/storage2/hiura/docker/bulk_env/data/00_analysis/Repthoscope.v1.0.0/VallePrep_v0.0.0/results/data/HG02492/filfa/HG02492_hap2.t2t.filtered.fasta.gz	/home/senescence/Documents/storage2/hiura/docker/bulk_env/data/00_analysis/Repthoscope.v1.0.0/VallePrep_v0.0.0/results/data/HG02492/filfa/HG02492_hap2.t2t.filtered.fasta.gz.fai	/home/senescence/Documents/storage2/hiura/docker/bulk_env/data/00_analysis/Repthoscope.v1.0.0/VallePrep_v0.0.0/results/data/HG02492/centro/HG02492_hap2.t2t.pass.bed	/home/senescence/Documents/storage2/hiura/docker/bulk_env/data/00_analysis/Repthoscope.v1.0.0/VallePrep_v0.0.0/results/data/HG02492/hsat23/HG02492_hap2.HSat2and3_Regions.lifted.bed	/home/senescence/Documents/storage2/hiura/docker/bulk_env/data/00_analysis/Repthoscope.v1.0.0/VallePrep_v0.0.0/results/data/HG02492/hsat23/HG02492_hap2.HSat2and3_Regions.HSat2and3.log	15	172
HG02514	HG02514_hap1	PASS	/home/senescence/Documents/storage2/hiura/docker/bulk_env/data/00_analysis/Repthoscope.v1.0.0/VallePrep_v0.0.0/results/data/HG02514/filfa/HG02514_hap1.t2t.filtered.fasta.gz	/home/senescence/Documents/storage2/hiura/docker/bulk_env/data/00_analysis/Repthoscope.v1.0.0/VallePrep_v0.0.0/results/data/HG02514/filfa/HG02514_hap1.t2t.filtered.fasta.gz.fai	/home/senescence/Documents/storage2/hiura/docker/bulk_env/data/00_analysis/Repthoscope.v1.0.0/VallePrep_v0.0.0/results/data/HG02514/centro/HG02514_hap1.t2t.pass.bed	/home/senescence/Documents/storage2/hiura/docker/bulk_env/data/00_analysis/Repthoscope.v1.0.0/VallePrep_v0.0.0/results/data/HG02514/hsat23/HG02514_hap1.HSat2and3_Regions.lifted.bed	/home/senescence/Documents/storage2/hiura/docker/bulk_env/data/00_analysis/Repthoscope.v1.0.0/VallePrep_v0.0.0/results/data/HG02514/hsat23/HG02514_hap1.HSat2and3_Regions.HSat2and3.log	16	97
HG02514	HG02514_hap2	PASS	/home/senescence/Documents/storage2/hiura/docker/bulk_env/data/00_analysis/Repthoscope.v1.0.0/VallePrep_v0.0.0/results/data/HG02514/filfa/HG02514_hap2.t2t.filtered.fasta.gz	/home/senescence/Documents/storage2/hiura/docker/bulk_env/data/00_analysis/Repthoscope.v1.0.0/VallePrep_v0.0.0/results/data/HG02514/filfa/HG02514_hap2.t2t.filtered.fasta.gz.fai	/home/senescence/Documents/storage2/hiura/docker/bulk_env/data/00_analysis/Repthoscope.v1.0.0/VallePrep_v0.0.0/results/data/HG02514/centro/HG02514_hap2.t2t.pass.bed	/home/senescence/Documents/storage2/hiura/docker/bulk_env/data/00_analysis/Repthoscope.v1.0.0/VallePrep_v0.0.0/results/data/HG02514/hsat23/HG02514_hap2.HSat2and3_Regions.lifted.bed	/home/senescence/Documents/storage2/hiura/docker/bulk_env/data/00_analysis/Repthoscope.v1.0.0/VallePrep_v0.0.0/results/data/HG02514/hsat23/HG02514_hap2.HSat2and3_Regions.HSat2and3.log	15	95
HG02523	HG02523_hap1	PASS	/home/senescence/Documents/storage2/hiura/docker/bulk_env/data/00_analysis/Repthoscope.v1.0.0/VallePrep_v0.0.0/results/data/HG02523/filfa/HG02523_hap1.t2t.filtered.fasta.gz	/home/senescence/Documents/storage2/hiura/docker/bulk_env/data/00_analysis/Repthoscope.v1.0.0/VallePrep_v0.0.0/results/data/HG02523/filfa/HG02523_hap1.t2t.filtered.fasta.gz.fai	/home/senescence/Documents/storage2/hiura/docker/bulk_env/data/00_analysis/Repthoscope.v1.0.0/VallePrep_v0.0.0/results/data/HG02523/centro/HG02523_hap1.t2t.pass.bed	/home/senescence/Documents/storage2/hiura/docker/bulk_env/data/00_analysis/Repthoscope.v1.0.0/VallePrep_v0.0.0/results/data/HG02523/hsat23/HG02523_hap1.HSat2and3_Regions.lifted.bed	/home/senescence/Documents/storage2/hiura/docker/bulk_env/data/00_analysis/Repthoscope.v1.0.0/VallePrep_v0.0.0/results/data/HG02523/hsat23/HG02523_hap1.HSat2and3_Regions.HSat2and3.log	16	202
HG02523	HG02523_hap2	PASS	/home/senescence/Documents/storage2/hiura/docker/bulk_env/data/00_analysis/Repthoscope.v1.0.0/VallePrep_v0.0.0/results/data/HG02523/filfa/HG02523_hap2.t2t.filtered.fasta.gz	/home/senescence/Documents/storage2/hiura/docker/bulk_env/data/00_analysis/Repthoscope.v1.0.0/VallePrep_v0.0.0/results/data/HG02523/filfa/HG02523_hap2.t2t.filtered.fasta.gz.fai	/home/senescence/Documents/storage2/hiura/docker/bulk_env/data/00_analysis/Repthoscope.v1.0.0/VallePrep_v0.0.0/results/data/HG02523/centro/HG02523_hap2.t2t.pass.bed	/home/senescence/Documents/storage2/hiura/docker/bulk_env/data/00_analysis/Repthoscope.v1.0.0/VallePrep_v0.0.0/results/data/HG02523/hsat23/HG02523_hap2.HSat2and3_Regions.lifted.bed	/home/senescence/Documents/storage2/hiura/docker/bulk_env/data/00_analysis/Repthoscope.v1.0.0/VallePrep_v0.0.0/results/data/HG02523/hsat23/HG02523_hap2.HSat2and3_Regions.HSat2and3.log	16	261
HG02554	HG02554_hap1	PASS	/home/senescence/Documents/storage2/hiura/docker/bulk_env/data/00_analysis/Repthoscope.v1.0.0/VallePrep_v0.0.0/results/data/HG02554/filfa/HG02554_hap1.t2t.filtered.fasta.gz	/home/senescence/Documents/storage2/hiura/docker/bulk_env/data/00_analysis/Repthoscope.v1.0.0/VallePrep_v0.0.0/results/data/HG02554/filfa/HG02554_hap1.t2t.filtered.fasta.gz.fai	/home/senescence/Documents/storage2/hiura/docker/bulk_env/data/00_analysis/Repthoscope.v1.0.0/VallePrep_v0.0.0/results/data/HG02554/centro/HG02554_hap1.t2t.pass.bed	/home/senescence/Documents/storage2/hiura/docker/bulk_env/data/00_analysis/Repthoscope.v1.0.0/VallePrep_v0.0.0/results/data/HG02554/hsat23/HG02554_hap1.HSat2and3_Regions.lifted.bed	/home/senescence/Documents/storage2/hiura/docker/bulk_env/data/00_analysis/Repthoscope.v1.0.0/VallePrep_v0.0.0/results/data/HG02554/hsat23/HG02554_hap1.HSat2and3_Regions.HSat2and3.log	16	362
HG02554	HG02554_hap2	PASS	/home/senescence/Documents/storage2/hiura/docker/bulk_env/data/00_analysis/Repthoscope.v1.0.0/VallePrep_v0.0.0/results/data/HG02554/filfa/HG02554_hap2.t2t.filtered.fasta.gz	/home/senescence/Documents/storage2/hiura/docker/bulk_env/data/00_analysis/Repthoscope.v1.0.0/VallePrep_v0.0.0/results/data/HG02554/filfa/HG02554_hap2.t2t.filtered.fasta.gz.fai	/home/senescence/Documents/storage2/hiura/docker/bulk_env/data/00_analysis/Repthoscope.v1.0.0/VallePrep_v0.0.0/results/data/HG02554/centro/HG02554_hap2.t2t.pass.bed	/home/senescence/Documents/storage2/hiura/docker/bulk_env/data/00_analysis/Repthoscope.v1.0.0/VallePrep_v0.0.0/results/data/HG02554/hsat23/HG02554_hap2.HSat2and3_Regions.lifted.bed	/home/senescence/Documents/storage2/hiura/docker/bulk_env/data/00_analysis/Repthoscope.v1.0.0/VallePrep_v0.0.0/results/data/HG02554/hsat23/HG02554_hap2.HSat2and3_Regions.HSat2and3.log	13	160
HG02559	HG02559_hap1	PASS	/home/senescence/Documents/storage2/hiura/docker/bulk_env/data/00_analysis/Repthoscope.v1.0.0/VallePrep_v0.0.0/results/data/HG02559/filfa/HG02559_hap1.t2t.filtered.fasta.gz	/home/senescence/Documents/storage2/hiura/docker/bulk_env/data/00_analysis/Repthoscope.v1.0.0/VallePrep_v0.0.0/results/data/HG02559/filfa/HG02559_hap1.t2t.filtered.fasta.gz.fai	/home/senescence/Documents/storage2/hiura/docker/bulk_env/data/00_analysis/Repthoscope.v1.0.0/VallePrep_v0.0.0/results/data/HG02559/centro/HG02559_hap1.t2t.pass.bed	/home/senescence/Documents/storage2/hiura/docker/bulk_env/data/00_analysis/Repthoscope.v1.0.0/VallePrep_v0.0.0/results/data/HG02559/hsat23/HG02559_hap1.HSat2and3_Regions.lifted.bed	/home/senescence/Documents/storage2/hiura/docker/bulk_env/data/00_analysis/Repthoscope.v1.0.0/VallePrep_v0.0.0/results/data/HG02559/hsat23/HG02559_hap1.HSat2and3_Regions.HSat2and3.log	17	286
HG02559	HG02559_hap2	PASS	/home/senescence/Documents/storage2/hiura/docker/bulk_env/data/00_analysis/Repthoscope.v1.0.0/VallePrep_v0.0.0/results/data/HG02559/filfa/HG02559_hap2.t2t.filtered.fasta.gz	/home/senescence/Documents/storage2/hiura/docker/bulk_env/data/00_analysis/Repthoscope.v1.0.0/VallePrep_v0.0.0/results/data/HG02559/filfa/HG02559_hap2.t2t.filtered.fasta.gz.fai	/home/senescence/Documents/storage2/hiura/docker/bulk_env/data/00_analysis/Repthoscope.v1.0.0/VallePrep_v0.0.0/results/data/HG02559/centro/HG02559_hap2.t2t.pass.bed	/home/senescence/Documents/storage2/hiura/docker/bulk_env/data/00_analysis/Repthoscope.v1.0.0/VallePrep_v0.0.0/results/data/HG02559/hsat23/HG02559_hap2.HSat2and3_Regions.lifted.bed	/home/senescence/Documents/storage2/hiura/docker/bulk_env/data/00_analysis/Repthoscope.v1.0.0/VallePrep_v0.0.0/results/data/HG02559/hsat23/HG02559_hap2.HSat2and3_Regions.HSat2and3.log	17	296
HG02572	HG02572_hap1	PASS	/home/senescence/Documents/storage2/hiura/docker/bulk_env/data/00_analysis/Repthoscope.v1.0.0/VallePrep_v0.0.0/results/data/HG02572/filfa/HG02572_hap1.t2t.filtered.fasta.gz	/home/senescence/Documents/storage2/hiura/docker/bulk_env/data/00_analysis/Repthoscope.v1.0.0/VallePrep_v0.0.0/results/data/HG02572/filfa/HG02572_hap1.t2t.filtered.fasta.gz.fai	/home/senescence/Documents/storage2/hiura/docker/bulk_env/data/00_analysis/Repthoscope.v1.0.0/VallePrep_v0.0.0/results/data/HG02572/centro/HG02572_hap1.t2t.pass.bed	/home/senescence/Documents/storage2/hiura/docker/bulk_env/data/00_analysis/Repthoscope.v1.0.0/VallePrep_v0.0.0/results/data/HG02572/hsat23/HG02572_hap1.HSat2and3_Regions.lifted.bed	/home/senescence/Documents/storage2/hiura/docker/bulk_env/data/00_analysis/Repthoscope.v1.0.0/VallePrep_v0.0.0/results/data/HG02572/hsat23/HG02572_hap1.HSat2and3_Regions.HSat2and3.log	17	245
HG02572	HG02572_hap2	PASS	/home/senescence/Documents/storage2/hiura/docker/bulk_env/data/00_analysis/Repthoscope.v1.0.0/VallePrep_v0.0.0/results/data/HG02572/filfa/HG02572_hap2.t2t.filtered.fasta.gz	/home/senescence/Documents/storage2/hiura/docker/bulk_env/data/00_analysis/Repthoscope.v1.0.0/VallePrep_v0.0.0/results/data/HG02572/filfa/HG02572_hap2.t2t.filtered.fasta.gz.fai	/home/senescence/Documents/storage2/hiura/docker/bulk_env/data/00_analysis/Repthoscope.v1.0.0/VallePrep_v0.0.0/results/data/HG02572/centro/HG02572_hap2.t2t.pass.bed	/home/senescence/Documents/storage2/hiura/docker/bulk_env/data/00_analysis/Repthoscope.v1.0.0/VallePrep_v0.0.0/results/data/HG02572/hsat23/HG02572_hap2.HSat2and3_Regions.lifted.bed	/home/senescence/Documents/storage2/hiura/docker/bulk_env/data/00_analysis/Repthoscope.v1.0.0/VallePrep_v0.0.0/results/data/HG02572/hsat23/HG02572_hap2.HSat2and3_Regions.HSat2and3.log	16	272
HG02583	HG02583_hap1	PASS	/home/senescence/Documents/storage2/hiura/docker/bulk_env/data/00_analysis/Repthoscope.v1.0.0/VallePrep_v0.0.0/results/data/HG02583/filfa/HG02583_hap1.t2t.filtered.fasta.gz	/home/senescence/Documents/storage2/hiura/docker/bulk_env/data/00_analysis/Repthoscope.v1.0.0/VallePrep_v0.0.0/results/data/HG02583/filfa/HG02583_hap1.t2t.filtered.fasta.gz.fai	/home/senescence/Documents/storage2/hiura/docker/bulk_env/data/00_analysis/Repthoscope.v1.0.0/VallePrep_v0.0.0/results/data/HG02583/centro/HG02583_hap1.t2t.pass.bed	/home/senescence/Documents/storage2/hiura/docker/bulk_env/data/00_analysis/Repthoscope.v1.0.0/VallePrep_v0.0.0/results/data/HG02583/hsat23/HG02583_hap1.HSat2and3_Regions.lifted.bed	/home/senescence/Documents/storage2/hiura/docker/bulk_env/data/00_analysis/Repthoscope.v1.0.0/VallePrep_v0.0.0/results/data/HG02583/hsat23/HG02583_hap1.HSat2and3_Regions.HSat2and3.log	17	150
HG02583	HG02583_hap2	PASS	/home/senescence/Documents/storage2/hiura/docker/bulk_env/data/00_analysis/Repthoscope.v1.0.0/VallePrep_v0.0.0/results/data/HG02583/filfa/HG02583_hap2.t2t.filtered.fasta.gz	/home/senescence/Documents/storage2/hiura/docker/bulk_env/data/00_analysis/Repthoscope.v1.0.0/VallePrep_v0.0.0/results/data/HG02583/filfa/HG02583_hap2.t2t.filtered.fasta.gz.fai	/home/senescence/Documents/storage2/hiura/docker/bulk_env/data/00_analysis/Repthoscope.v1.0.0/VallePrep_v0.0.0/results/data/HG02583/centro/HG02583_hap2.t2t.pass.bed	/home/senescence/Documents/storage2/hiura/docker/bulk_env/data/00_analysis/Repthoscope.v1.0.0/VallePrep_v0.0.0/results/data/HG02583/hsat23/HG02583_hap2.HSat2and3_Regions.lifted.bed	/home/senescence/Documents/storage2/hiura/docker/bulk_env/data/00_analysis/Repthoscope.v1.0.0/VallePrep_v0.0.0/results/data/HG02583/hsat23/HG02583_hap2.HSat2and3_Regions.HSat2and3.log	18	158
HG02587	HG02587_hap1	PASS	/home/senescence/Documents/storage2/hiura/docker/bulk_env/data/00_analysis/Repthoscope.v1.0.0/VallePrep_v0.0.0/results/data/HG02587/filfa/HG02587_hap1.t2t.filtered.fasta.gz	/home/senescence/Documents/storage2/hiura/docker/bulk_env/data/00_analysis/Repthoscope.v1.0.0/VallePrep_v0.0.0/results/data/HG02587/filfa/HG02587_hap1.t2t.filtered.fasta.gz.fai	/home/senescence/Documents/storage2/hiura/docker/bulk_env/data/00_analysis/Repthoscope.v1.0.0/VallePrep_v0.0.0/results/data/HG02587/centro/HG02587_hap1.t2t.pass.bed	/home/senescence/Documents/storage2/hiura/docker/bulk_env/data/00_analysis/Repthoscope.v1.0.0/VallePrep_v0.0.0/results/data/HG02587/hsat23/HG02587_hap1.HSat2and3_Regions.lifted.bed	/home/senescence/Documents/storage2/hiura/docker/bulk_env/data/00_analysis/Repthoscope.v1.0.0/VallePrep_v0.0.0/results/data/HG02587/hsat23/HG02587_hap1.HSat2and3_Regions.HSat2and3.log	16	243
HG02587	HG02587_hap2	PASS	/home/senescence/Documents/storage2/hiura/docker/bulk_env/data/00_analysis/Repthoscope.v1.0.0/VallePrep_v0.0.0/results/data/HG02587/filfa/HG02587_hap2.t2t.filtered.fasta.gz	/home/senescence/Documents/storage2/hiura/docker/bulk_env/data/00_analysis/Repthoscope.v1.0.0/VallePrep_v0.0.0/results/data/HG02587/filfa/HG02587_hap2.t2t.filtered.fasta.gz.fai	/home/senescence/Documents/storage2/hiura/docker/bulk_env/data/00_analysis/Repthoscope.v1.0.0/VallePrep_v0.0.0/results/data/HG02587/centro/HG02587_hap2.t2t.pass.bed	/home/senescence/Documents/storage2/hiura/docker/bulk_env/data/00_analysis/Repthoscope.v1.0.0/VallePrep_v0.0.0/results/data/HG02587/hsat23/HG02587_hap2.HSat2and3_Regions.lifted.bed	/home/senescence/Documents/storage2/hiura/docker/bulk_env/data/00_analysis/Repthoscope.v1.0.0/VallePrep_v0.0.0/results/data/HG02587/hsat23/HG02587_hap2.HSat2and3_Regions.HSat2and3.log	17	275
HG02602	HG02602_hap1	PASS	/home/senescence/Documents/storage2/hiura/docker/bulk_env/data/00_analysis/Repthoscope.v1.0.0/VallePrep_v0.0.0/results/data/HG02602/filfa/HG02602_hap1.t2t.filtered.fasta.gz	/home/senescence/Documents/storage2/hiura/docker/bulk_env/data/00_analysis/Repthoscope.v1.0.0/VallePrep_v0.0.0/results/data/HG02602/filfa/HG02602_hap1.t2t.filtered.fasta.gz.fai	/home/senescence/Documents/storage2/hiura/docker/bulk_env/data/00_analysis/Repthoscope.v1.0.0/VallePrep_v0.0.0/results/data/HG02602/centro/HG02602_hap1.t2t.pass.bed	/home/senescence/Documents/storage2/hiura/docker/bulk_env/data/00_analysis/Repthoscope.v1.0.0/VallePrep_v0.0.0/results/data/HG02602/hsat23/HG02602_hap1.HSat2and3_Regions.lifted.bed	/home/senescence/Documents/storage2/hiura/docker/bulk_env/data/00_analysis/Repthoscope.v1.0.0/VallePrep_v0.0.0/results/data/HG02602/hsat23/HG02602_hap1.HSat2and3_Regions.HSat2and3.log	15	177
HG02602	HG02602_hap2	PASS	/home/senescence/Documents/storage2/hiura/docker/bulk_env/data/00_analysis/Repthoscope.v1.0.0/VallePrep_v0.0.0/results/data/HG02602/filfa/HG02602_hap2.t2t.filtered.fasta.gz	/home/senescence/Documents/storage2/hiura/docker/bulk_env/data/00_analysis/Repthoscope.v1.0.0/VallePrep_v0.0.0/results/data/HG02602/filfa/HG02602_hap2.t2t.filtered.fasta.gz.fai	/home/senescence/Documents/storage2/hiura/docker/bulk_env/data/00_analysis/Repthoscope.v1.0.0/VallePrep_v0.0.0/results/data/HG02602/centro/HG02602_hap2.t2t.pass.bed	/home/senescence/Documents/storage2/hiura/docker/bulk_env/data/00_analysis/Repthoscope.v1.0.0/VallePrep_v0.0.0/results/data/HG02602/hsat23/HG02602_hap2.HSat2and3_Regions.lifted.bed	/home/senescence/Documents/storage2/hiura/docker/bulk_env/data/00_analysis/Repthoscope.v1.0.0/VallePrep_v0.0.0/results/data/HG02602/hsat23/HG02602_hap2.HSat2and3_Regions.HSat2and3.log	12	222
HG02615	HG02615_hap1	PASS	/home/senescence/Documents/storage2/hiura/docker/bulk_env/data/00_analysis/Repthoscope.v1.0.0/VallePrep_v0.0.0/results/data/HG02615/filfa/HG02615_hap1.t2t.filtered.fasta.gz	/home/senescence/Documents/storage2/hiura/docker/bulk_env/data/00_analysis/Repthoscope.v1.0.0/VallePrep_v0.0.0/results/data/HG02615/filfa/HG02615_hap1.t2t.filtered.fasta.gz.fai	/home/senescence/Documents/storage2/hiura/docker/bulk_env/data/00_analysis/Repthoscope.v1.0.0/VallePrep_v0.0.0/results/data/HG02615/centro/HG02615_hap1.t2t.pass.bed	/home/senescence/Documents/storage2/hiura/docker/bulk_env/data/00_analysis/Repthoscope.v1.0.0/VallePrep_v0.0.0/results/data/HG02615/hsat23/HG02615_hap1.HSat2and3_Regions.lifted.bed	/home/senescence/Documents/storage2/hiura/docker/bulk_env/data/00_analysis/Repthoscope.v1.0.0/VallePrep_v0.0.0/results/data/HG02615/hsat23/HG02615_hap1.HSat2and3_Regions.HSat2and3.log	14	256
HG02615	HG02615_hap2	PASS	/home/senescence/Documents/storage2/hiura/docker/bulk_env/data/00_analysis/Repthoscope.v1.0.0/VallePrep_v0.0.0/results/data/HG02615/filfa/HG02615_hap2.t2t.filtered.fasta.gz	/home/senescence/Documents/storage2/hiura/docker/bulk_env/data/00_analysis/Repthoscope.v1.0.0/VallePrep_v0.0.0/results/data/HG02615/filfa/HG02615_hap2.t2t.filtered.fasta.gz.fai	/home/senescence/Documents/storage2/hiura/docker/bulk_env/data/00_analysis/Repthoscope.v1.0.0/VallePrep_v0.0.0/results/data/HG02615/centro/HG02615_hap2.t2t.pass.bed	/home/senescence/Documents/storage2/hiura/docker/bulk_env/data/00_analysis/Repthoscope.v1.0.0/VallePrep_v0.0.0/results/data/HG02615/hsat23/HG02615_hap2.HSat2and3_Regions.lifted.bed	/home/senescence/Documents/storage2/hiura/docker/bulk_env/data/00_analysis/Repthoscope.v1.0.0/VallePrep_v0.0.0/results/data/HG02615/hsat23/HG02615_hap2.HSat2and3_Regions.HSat2and3.log	15	246
HG02622	HG02622_hap1	PASS	/home/senescence/Documents/storage2/hiura/docker/bulk_env/data/00_analysis/Repthoscope.v1.0.0/VallePrep_v0.0.0/results/data/HG02622/filfa/HG02622_hap1.t2t.filtered.fasta.gz	/home/senescence/Documents/storage2/hiura/docker/bulk_env/data/00_analysis/Repthoscope.v1.0.0/VallePrep_v0.0.0/results/data/HG02622/filfa/HG02622_hap1.t2t.filtered.fasta.gz.fai	/home/senescence/Documents/storage2/hiura/docker/bulk_env/data/00_analysis/Repthoscope.v1.0.0/VallePrep_v0.0.0/results/data/HG02622/centro/HG02622_hap1.t2t.pass.bed	/home/senescence/Documents/storage2/hiura/docker/bulk_env/data/00_analysis/Repthoscope.v1.0.0/VallePrep_v0.0.0/results/data/HG02622/hsat23/HG02622_hap1.HSat2and3_Regions.lifted.bed	/home/senescence/Documents/storage2/hiura/docker/bulk_env/data/00_analysis/Repthoscope.v1.0.0/VallePrep_v0.0.0/results/data/HG02622/hsat23/HG02622_hap1.HSat2and3_Regions.HSat2and3.log	15	231
HG02622	HG02622_hap2	PASS	/home/senescence/Documents/storage2/hiura/docker/bulk_env/data/00_analysis/Repthoscope.v1.0.0/VallePrep_v0.0.0/results/data/HG02622/filfa/HG02622_hap2.t2t.filtered.fasta.gz	/home/senescence/Documents/storage2/hiura/docker/bulk_env/data/00_analysis/Repthoscope.v1.0.0/VallePrep_v0.0.0/results/data/HG02622/filfa/HG02622_hap2.t2t.filtered.fasta.gz.fai	/home/senescence/Documents/storage2/hiura/docker/bulk_env/data/00_analysis/Repthoscope.v1.0.0/VallePrep_v0.0.0/results/data/HG02622/centro/HG02622_hap2.t2t.pass.bed	/home/senescence/Documents/storage2/hiura/docker/bulk_env/data/00_analysis/Repthoscope.v1.0.0/VallePrep_v0.0.0/results/data/HG02622/hsat23/HG02622_hap2.HSat2and3_Regions.lifted.bed	/home/senescence/Documents/storage2/hiura/docker/bulk_env/data/00_analysis/Repthoscope.v1.0.0/VallePrep_v0.0.0/results/data/HG02622/hsat23/HG02622_hap2.HSat2and3_Regions.HSat2and3.log	15	221
HG02630	HG02630_hap1	PASS	/home/senescence/Documents/storage2/hiura/docker/bulk_env/data/00_analysis/Repthoscope.v1.0.0/VallePrep_v0.0.0/results/data/HG02630/filfa/HG02630_hap1.t2t.filtered.fasta.gz	/home/senescence/Documents/storage2/hiura/docker/bulk_env/data/00_analysis/Repthoscope.v1.0.0/VallePrep_v0.0.0/results/data/HG02630/filfa/HG02630_hap1.t2t.filtered.fasta.gz.fai	/home/senescence/Documents/storage2/hiura/docker/bulk_env/data/00_analysis/Repthoscope.v1.0.0/VallePrep_v0.0.0/results/data/HG02630/centro/HG02630_hap1.t2t.pass.bed	/home/senescence/Documents/storage2/hiura/docker/bulk_env/data/00_analysis/Repthoscope.v1.0.0/VallePrep_v0.0.0/results/data/HG02630/hsat23/HG02630_hap1.HSat2and3_Regions.lifted.bed	/home/senescence/Documents/storage2/hiura/docker/bulk_env/data/00_analysis/Repthoscope.v1.0.0/VallePrep_v0.0.0/results/data/HG02630/hsat23/HG02630_hap1.HSat2and3_Regions.HSat2and3.log	15	213
HG02630	HG02630_hap2	PASS	/home/senescence/Documents/storage2/hiura/docker/bulk_env/data/00_analysis/Repthoscope.v1.0.0/VallePrep_v0.0.0/results/data/HG02630/filfa/HG02630_hap2.t2t.filtered.fasta.gz	/home/senescence/Documents/storage2/hiura/docker/bulk_env/data/00_analysis/Repthoscope.v1.0.0/VallePrep_v0.0.0/results/data/HG02630/filfa/HG02630_hap2.t2t.filtered.fasta.gz.fai	/home/senescence/Documents/storage2/hiura/docker/bulk_env/data/00_analysis/Repthoscope.v1.0.0/VallePrep_v0.0.0/results/data/HG02630/centro/HG02630_hap2.t2t.pass.bed	/home/senescence/Documents/storage2/hiura/docker/bulk_env/data/00_analysis/Repthoscope.v1.0.0/VallePrep_v0.0.0/results/data/HG02630/hsat23/HG02630_hap2.HSat2and3_Regions.lifted.bed	/home/senescence/Documents/storage2/hiura/docker/bulk_env/data/00_analysis/Repthoscope.v1.0.0/VallePrep_v0.0.0/results/data/HG02630/hsat23/HG02630_hap2.HSat2and3_Regions.HSat2and3.log	15	223
HG02647	HG02647_hap1	PASS	/home/senescence/Documents/storage2/hiura/docker/bulk_env/data/00_analysis/Repthoscope.v1.0.0/VallePrep_v0.0.0/results/data/HG02647/filfa/HG02647_hap1.t2t.filtered.fasta.gz	/home/senescence/Documents/storage2/hiura/docker/bulk_env/data/00_analysis/Repthoscope.v1.0.0/VallePrep_v0.0.0/results/data/HG02647/filfa/HG02647_hap1.t2t.filtered.fasta.gz.fai	/home/senescence/Documents/storage2/hiura/docker/bulk_env/data/00_analysis/Repthoscope.v1.0.0/VallePrep_v0.0.0/results/data/HG02647/centro/HG02647_hap1.t2t.pass.bed	/home/senescence/Documents/storage2/hiura/docker/bulk_env/data/00_analysis/Repthoscope.v1.0.0/VallePrep_v0.0.0/results/data/HG02647/hsat23/HG02647_hap1.HSat2and3_Regions.lifted.bed	/home/senescence/Documents/storage2/hiura/docker/bulk_env/data/00_analysis/Repthoscope.v1.0.0/VallePrep_v0.0.0/results/data/HG02647/hsat23/HG02647_hap1.HSat2and3_Regions.HSat2and3.log	17	235
HG02647	HG02647_hap2	PASS	/home/senescence/Documents/storage2/hiura/docker/bulk_env/data/00_analysis/Repthoscope.v1.0.0/VallePrep_v0.0.0/results/data/HG02647/filfa/HG02647_hap2.t2t.filtered.fasta.gz	/home/senescence/Documents/storage2/hiura/docker/bulk_env/data/00_analysis/Repthoscope.v1.0.0/VallePrep_v0.0.0/results/data/HG02647/filfa/HG02647_hap2.t2t.filtered.fasta.gz.fai	/home/senescence/Documents/storage2/hiura/docker/bulk_env/data/00_analysis/Repthoscope.v1.0.0/VallePrep_v0.0.0/results/data/HG02647/centro/HG02647_hap2.t2t.pass.bed	/home/senescence/Documents/storage2/hiura/docker/bulk_env/data/00_analysis/Repthoscope.v1.0.0/VallePrep_v0.0.0/results/data/HG02647/hsat23/HG02647_hap2.HSat2and3_Regions.lifted.bed	/home/senescence/Documents/storage2/hiura/docker/bulk_env/data/00_analysis/Repthoscope.v1.0.0/VallePrep_v0.0.0/results/data/HG02647/hsat23/HG02647_hap2.HSat2and3_Regions.HSat2and3.log	16	228
HG02666	HG02666_hap1	PASS	/home/senescence/Documents/storage2/hiura/docker/bulk_env/data/00_analysis/Repthoscope.v1.0.0/VallePrep_v0.0.0/results/data/HG02666/filfa/HG02666_hap1.t2t.filtered.fasta.gz	/home/senescence/Documents/storage2/hiura/docker/bulk_env/data/00_analysis/Repthoscope.v1.0.0/VallePrep_v0.0.0/results/data/HG02666/filfa/HG02666_hap1.t2t.filtered.fasta.gz.fai	/home/senescence/Documents/storage2/hiura/docker/bulk_env/data/00_analysis/Repthoscope.v1.0.0/VallePrep_v0.0.0/results/data/HG02666/centro/HG02666_hap1.t2t.pass.bed	/home/senescence/Documents/storage2/hiura/docker/bulk_env/data/00_analysis/Repthoscope.v1.0.0/VallePrep_v0.0.0/results/data/HG02666/hsat23/HG02666_hap1.HSat2and3_Regions.lifted.bed	/home/senescence/Documents/storage2/hiura/docker/bulk_env/data/00_analysis/Repthoscope.v1.0.0/VallePrep_v0.0.0/results/data/HG02666/hsat23/HG02666_hap1.HSat2and3_Regions.HSat2and3.log	17	265
HG02666	HG02666_hap2	PASS	/home/senescence/Documents/storage2/hiura/docker/bulk_env/data/00_analysis/Repthoscope.v1.0.0/VallePrep_v0.0.0/results/data/HG02666/filfa/HG02666_hap2.t2t.filtered.fasta.gz	/home/senescence/Documents/storage2/hiura/docker/bulk_env/data/00_analysis/Repthoscope.v1.0.0/VallePrep_v0.0.0/results/data/HG02666/filfa/HG02666_hap2.t2t.filtered.fasta.gz.fai	/home/senescence/Documents/storage2/hiura/docker/bulk_env/data/00_analysis/Repthoscope.v1.0.0/VallePrep_v0.0.0/results/data/HG02666/centro/HG02666_hap2.t2t.pass.bed	/home/senescence/Documents/storage2/hiura/docker/bulk_env/data/00_analysis/Repthoscope.v1.0.0/VallePrep_v0.0.0/results/data/HG02666/hsat23/HG02666_hap2.HSat2and3_Regions.lifted.bed	/home/senescence/Documents/storage2/hiura/docker/bulk_env/data/00_analysis/Repthoscope.v1.0.0/VallePrep_v0.0.0/results/data/HG02666/hsat23/HG02666_hap2.HSat2and3_Regions.HSat2and3.log	15	262
HG02668	HG02668_hap1	PASS	/home/senescence/Documents/storage2/hiura/docker/bulk_env/data/00_analysis/Repthoscope.v1.0.0/VallePrep_v0.0.0/results/data/HG02668/filfa/HG02668_hap1.t2t.filtered.fasta.gz	/home/senescence/Documents/storage2/hiura/docker/bulk_env/data/00_analysis/Repthoscope.v1.0.0/VallePrep_v0.0.0/results/data/HG02668/filfa/HG02668_hap1.t2t.filtered.fasta.gz.fai	/home/senescence/Documents/storage2/hiura/docker/bulk_env/data/00_analysis/Repthoscope.v1.0.0/VallePrep_v0.0.0/results/data/HG02668/centro/HG02668_hap1.t2t.pass.bed	/home/senescence/Documents/storage2/hiura/docker/bulk_env/data/00_analysis/Repthoscope.v1.0.0/VallePrep_v0.0.0/results/data/HG02668/hsat23/HG02668_hap1.HSat2and3_Regions.lifted.bed	/home/senescence/Documents/storage2/hiura/docker/bulk_env/data/00_analysis/Repthoscope.v1.0.0/VallePrep_v0.0.0/results/data/HG02668/hsat23/HG02668_hap1.HSat2and3_Regions.HSat2and3.log	16	269
HG02668	HG02668_hap2	PASS	/home/senescence/Documents/storage2/hiura/docker/bulk_env/data/00_analysis/Repthoscope.v1.0.0/VallePrep_v0.0.0/results/data/HG02668/filfa/HG02668_hap2.t2t.filtered.fasta.gz	/home/senescence/Documents/storage2/hiura/docker/bulk_env/data/00_analysis/Repthoscope.v1.0.0/VallePrep_v0.0.0/results/data/HG02668/filfa/HG02668_hap2.t2t.filtered.fasta.gz.fai	/home/senescence/Documents/storage2/hiura/docker/bulk_env/data/00_analysis/Repthoscope.v1.0.0/VallePrep_v0.0.0/results/data/HG02668/centro/HG02668_hap2.t2t.pass.bed	/home/senescence/Documents/storage2/hiura/docker/bulk_env/data/00_analysis/Repthoscope.v1.0.0/VallePrep_v0.0.0/results/data/HG02668/hsat23/HG02668_hap2.HSat2and3_Regions.lifted.bed	/home/senescence/Documents/storage2/hiura/docker/bulk_env/data/00_analysis/Repthoscope.v1.0.0/VallePrep_v0.0.0/results/data/HG02668/hsat23/HG02668_hap2.HSat2and3_Regions.HSat2and3.log	14	264
HG02698	HG02698_hap1	PASS	/home/senescence/Documents/storage2/hiura/docker/bulk_env/data/00_analysis/Repthoscope.v1.0.0/VallePrep_v0.0.0/results/data/HG02698/filfa/HG02698_hap1.t2t.filtered.fasta.gz	/home/senescence/Documents/storage2/hiura/docker/bulk_env/data/00_analysis/Repthoscope.v1.0.0/VallePrep_v0.0.0/results/data/HG02698/filfa/HG02698_hap1.t2t.filtered.fasta.gz.fai	/home/senescence/Documents/storage2/hiura/docker/bulk_env/data/00_analysis/Repthoscope.v1.0.0/VallePrep_v0.0.0/results/data/HG02698/centro/HG02698_hap1.t2t.pass.bed	/home/senescence/Documents/storage2/hiura/docker/bulk_env/data/00_analysis/Repthoscope.v1.0.0/VallePrep_v0.0.0/results/data/HG02698/hsat23/HG02698_hap1.HSat2and3_Regions.lifted.bed	/home/senescence/Documents/storage2/hiura/docker/bulk_env/data/00_analysis/Repthoscope.v1.0.0/VallePrep_v0.0.0/results/data/HG02698/hsat23/HG02698_hap1.HSat2and3_Regions.HSat2and3.log	12	228
HG02698	HG02698_hap2	PASS	/home/senescence/Documents/storage2/hiura/docker/bulk_env/data/00_analysis/Repthoscope.v1.0.0/VallePrep_v0.0.0/results/data/HG02698/filfa/HG02698_hap2.t2t.filtered.fasta.gz	/home/senescence/Documents/storage2/hiura/docker/bulk_env/data/00_analysis/Repthoscope.v1.0.0/VallePrep_v0.0.0/results/data/HG02698/filfa/HG02698_hap2.t2t.filtered.fasta.gz.fai	/home/senescence/Documents/storage2/hiura/docker/bulk_env/data/00_analysis/Repthoscope.v1.0.0/VallePrep_v0.0.0/results/data/HG02698/centro/HG02698_hap2.t2t.pass.bed	/home/senescence/Documents/storage2/hiura/docker/bulk_env/data/00_analysis/Repthoscope.v1.0.0/VallePrep_v0.0.0/results/data/HG02698/hsat23/HG02698_hap2.HSat2and3_Regions.lifted.bed	/home/senescence/Documents/storage2/hiura/docker/bulk_env/data/00_analysis/Repthoscope.v1.0.0/VallePrep_v0.0.0/results/data/HG02698/hsat23/HG02698_hap2.HSat2and3_Regions.HSat2and3.log	11	197
HG02717	HG02717_hap1	PASS	/home/senescence/Documents/storage2/hiura/docker/bulk_env/data/00_analysis/Repthoscope.v1.0.0/VallePrep_v0.0.0/results/data/HG02717/filfa/HG02717_hap1.t2t.filtered.fasta.gz	/home/senescence/Documents/storage2/hiura/docker/bulk_env/data/00_analysis/Repthoscope.v1.0.0/VallePrep_v0.0.0/results/data/HG02717/filfa/HG02717_hap1.t2t.filtered.fasta.gz.fai	/home/senescence/Documents/storage2/hiura/docker/bulk_env/data/00_analysis/Repthoscope.v1.0.0/VallePrep_v0.0.0/results/data/HG02717/centro/HG02717_hap1.t2t.pass.bed	/home/senescence/Documents/storage2/hiura/docker/bulk_env/data/00_analysis/Repthoscope.v1.0.0/VallePrep_v0.0.0/results/data/HG02717/hsat23/HG02717_hap1.HSat2and3_Regions.lifted.bed	/home/senescence/Documents/storage2/hiura/docker/bulk_env/data/00_analysis/Repthoscope.v1.0.0/VallePrep_v0.0.0/results/data/HG02717/hsat23/HG02717_hap1.HSat2and3_Regions.HSat2and3.log	15	298
HG02717	HG02717_hap2	PASS	/home/senescence/Documents/storage2/hiura/docker/bulk_env/data/00_analysis/Repthoscope.v1.0.0/VallePrep_v0.0.0/results/data/HG02717/filfa/HG02717_hap2.t2t.filtered.fasta.gz	/home/senescence/Documents/storage2/hiura/docker/bulk_env/data/00_analysis/Repthoscope.v1.0.0/VallePrep_v0.0.0/results/data/HG02717/filfa/HG02717_hap2.t2t.filtered.fasta.gz.fai	/home/senescence/Documents/storage2/hiura/docker/bulk_env/data/00_analysis/Repthoscope.v1.0.0/VallePrep_v0.0.0/results/data/HG02717/centro/HG02717_hap2.t2t.pass.bed	/home/senescence/Documents/storage2/hiura/docker/bulk_env/data/00_analysis/Repthoscope.v1.0.0/VallePrep_v0.0.0/results/data/HG02717/hsat23/HG02717_hap2.HSat2and3_Regions.lifted.bed	/home/senescence/Documents/storage2/hiura/docker/bulk_env/data/00_analysis/Repthoscope.v1.0.0/VallePrep_v0.0.0/results/data/HG02717/hsat23/HG02717_hap2.HSat2and3_Regions.HSat2and3.log	14	238
HG02723	HG02723_hap1	PASS	/home/senescence/Documents/storage2/hiura/docker/bulk_env/data/00_analysis/Repthoscope.v1.0.0/VallePrep_v0.0.0/results/data/HG02723/filfa/HG02723_hap1.t2t.filtered.fasta.gz	/home/senescence/Documents/storage2/hiura/docker/bulk_env/data/00_analysis/Repthoscope.v1.0.0/VallePrep_v0.0.0/results/data/HG02723/filfa/HG02723_hap1.t2t.filtered.fasta.gz.fai	/home/senescence/Documents/storage2/hiura/docker/bulk_env/data/00_analysis/Repthoscope.v1.0.0/VallePrep_v0.0.0/results/data/HG02723/centro/HG02723_hap1.t2t.pass.bed	/home/senescence/Documents/storage2/hiura/docker/bulk_env/data/00_analysis/Repthoscope.v1.0.0/VallePrep_v0.0.0/results/data/HG02723/hsat23/HG02723_hap1.HSat2and3_Regions.lifted.bed	/home/senescence/Documents/storage2/hiura/docker/bulk_env/data/00_analysis/Repthoscope.v1.0.0/VallePrep_v0.0.0/results/data/HG02723/hsat23/HG02723_hap1.HSat2and3_Regions.HSat2and3.log	17	225
HG02723	HG02723_hap2	PASS	/home/senescence/Documents/storage2/hiura/docker/bulk_env/data/00_analysis/Repthoscope.v1.0.0/VallePrep_v0.0.0/results/data/HG02723/filfa/HG02723_hap2.t2t.filtered.fasta.gz	/home/senescence/Documents/storage2/hiura/docker/bulk_env/data/00_analysis/Repthoscope.v1.0.0/VallePrep_v0.0.0/results/data/HG02723/filfa/HG02723_hap2.t2t.filtered.fasta.gz.fai	/home/senescence/Documents/storage2/hiura/docker/bulk_env/data/00_analysis/Repthoscope.v1.0.0/VallePrep_v0.0.0/results/data/HG02723/centro/HG02723_hap2.t2t.pass.bed	/home/senescence/Documents/storage2/hiura/docker/bulk_env/data/00_analysis/Repthoscope.v1.0.0/VallePrep_v0.0.0/results/data/HG02723/hsat23/HG02723_hap2.HSat2and3_Regions.lifted.bed	/home/senescence/Documents/storage2/hiura/docker/bulk_env/data/00_analysis/Repthoscope.v1.0.0/VallePrep_v0.0.0/results/data/HG02723/hsat23/HG02723_hap2.HSat2and3_Regions.HSat2and3.log	17	242
HG02735	HG02735_hap1	PASS	/home/senescence/Documents/storage2/hiura/docker/bulk_env/data/00_analysis/Repthoscope.v1.0.0/VallePrep_v0.0.0/results/data/HG02735/filfa/HG02735_hap1.t2t.filtered.fasta.gz	/home/senescence/Documents/storage2/hiura/docker/bulk_env/data/00_analysis/Repthoscope.v1.0.0/VallePrep_v0.0.0/results/data/HG02735/filfa/HG02735_hap1.t2t.filtered.fasta.gz.fai	/home/senescence/Documents/storage2/hiura/docker/bulk_env/data/00_analysis/Repthoscope.v1.0.0/VallePrep_v0.0.0/results/data/HG02735/centro/HG02735_hap1.t2t.pass.bed	/home/senescence/Documents/storage2/hiura/docker/bulk_env/data/00_analysis/Repthoscope.v1.0.0/VallePrep_v0.0.0/results/data/HG02735/hsat23/HG02735_hap1.HSat2and3_Regions.lifted.bed	/home/senescence/Documents/storage2/hiura/docker/bulk_env/data/00_analysis/Repthoscope.v1.0.0/VallePrep_v0.0.0/results/data/HG02735/hsat23/HG02735_hap1.HSat2and3_Regions.HSat2and3.log	14	121
HG02735	HG02735_hap2	PASS	/home/senescence/Documents/storage2/hiura/docker/bulk_env/data/00_analysis/Repthoscope.v1.0.0/VallePrep_v0.0.0/results/data/HG02735/filfa/HG02735_hap2.t2t.filtered.fasta.gz	/home/senescence/Documents/storage2/hiura/docker/bulk_env/data/00_analysis/Repthoscope.v1.0.0/VallePrep_v0.0.0/results/data/HG02735/filfa/HG02735_hap2.t2t.filtered.fasta.gz.fai	/home/senescence/Documents/storage2/hiura/docker/bulk_env/data/00_analysis/Repthoscope.v1.0.0/VallePrep_v0.0.0/results/data/HG02735/centro/HG02735_hap2.t2t.pass.bed	/home/senescence/Documents/storage2/hiura/docker/bulk_env/data/00_analysis/Repthoscope.v1.0.0/VallePrep_v0.0.0/results/data/HG02735/hsat23/HG02735_hap2.HSat2and3_Regions.lifted.bed	/home/senescence/Documents/storage2/hiura/docker/bulk_env/data/00_analysis/Repthoscope.v1.0.0/VallePrep_v0.0.0/results/data/HG02735/hsat23/HG02735_hap2.HSat2and3_Regions.HSat2and3.log	14	228
HG02738	HG02738_hap1	PASS	/home/senescence/Documents/storage2/hiura/docker/bulk_env/data/00_analysis/Repthoscope.v1.0.0/VallePrep_v0.0.0/results/data/HG02738/filfa/HG02738_hap1.t2t.filtered.fasta.gz	/home/senescence/Documents/storage2/hiura/docker/bulk_env/data/00_analysis/Repthoscope.v1.0.0/VallePrep_v0.0.0/results/data/HG02738/filfa/HG02738_hap1.t2t.filtered.fasta.gz.fai	/home/senescence/Documents/storage2/hiura/docker/bulk_env/data/00_analysis/Repthoscope.v1.0.0/VallePrep_v0.0.0/results/data/HG02738/centro/HG02738_hap1.t2t.pass.bed	/home/senescence/Documents/storage2/hiura/docker/bulk_env/data/00_analysis/Repthoscope.v1.0.0/VallePrep_v0.0.0/results/data/HG02738/hsat23/HG02738_hap1.HSat2and3_Regions.lifted.bed	/home/senescence/Documents/storage2/hiura/docker/bulk_env/data/00_analysis/Repthoscope.v1.0.0/VallePrep_v0.0.0/results/data/HG02738/hsat23/HG02738_hap1.HSat2and3_Regions.HSat2and3.log	15	112
HG02738	HG02738_hap2	PASS	/home/senescence/Documents/storage2/hiura/docker/bulk_env/data/00_analysis/Repthoscope.v1.0.0/VallePrep_v0.0.0/results/data/HG02738/filfa/HG02738_hap2.t2t.filtered.fasta.gz	/home/senescence/Documents/storage2/hiura/docker/bulk_env/data/00_analysis/Repthoscope.v1.0.0/VallePrep_v0.0.0/results/data/HG02738/filfa/HG02738_hap2.t2t.filtered.fasta.gz.fai	/home/senescence/Documents/storage2/hiura/docker/bulk_env/data/00_analysis/Repthoscope.v1.0.0/VallePrep_v0.0.0/results/data/HG02738/centro/HG02738_hap2.t2t.pass.bed	/home/senescence/Documents/storage2/hiura/docker/bulk_env/data/00_analysis/Repthoscope.v1.0.0/VallePrep_v0.0.0/results/data/HG02738/hsat23/HG02738_hap2.HSat2and3_Regions.lifted.bed	/home/senescence/Documents/storage2/hiura/docker/bulk_env/data/00_analysis/Repthoscope.v1.0.0/VallePrep_v0.0.0/results/data/HG02738/hsat23/HG02738_hap2.HSat2and3_Regions.HSat2and3.log	15	261
HG02769	HG02769_hap1	PASS	/home/senescence/Documents/storage2/hiura/docker/bulk_env/data/00_analysis/Repthoscope.v1.0.0/VallePrep_v0.0.0/results/data/HG02769/filfa/HG02769_hap1.t2t.filtered.fasta.gz	/home/senescence/Documents/storage2/hiura/docker/bulk_env/data/00_analysis/Repthoscope.v1.0.0/VallePrep_v0.0.0/results/data/HG02769/filfa/HG02769_hap1.t2t.filtered.fasta.gz.fai	/home/senescence/Documents/storage2/hiura/docker/bulk_env/data/00_analysis/Repthoscope.v1.0.0/VallePrep_v0.0.0/results/data/HG02769/centro/HG02769_hap1.t2t.pass.bed	/home/senescence/Documents/storage2/hiura/docker/bulk_env/data/00_analysis/Repthoscope.v1.0.0/VallePrep_v0.0.0/results/data/HG02769/hsat23/HG02769_hap1.HSat2and3_Regions.lifted.bed	/home/senescence/Documents/storage2/hiura/docker/bulk_env/data/00_analysis/Repthoscope.v1.0.0/VallePrep_v0.0.0/results/data/HG02769/hsat23/HG02769_hap1.HSat2and3_Regions.HSat2and3.log	14	190
HG02769	HG02769_hap2	PASS	/home/senescence/Documents/storage2/hiura/docker/bulk_env/data/00_analysis/Repthoscope.v1.0.0/VallePrep_v0.0.0/results/data/HG02769/filfa/HG02769_hap2.t2t.filtered.fasta.gz	/home/senescence/Documents/storage2/hiura/docker/bulk_env/data/00_analysis/Repthoscope.v1.0.0/VallePrep_v0.0.0/results/data/HG02769/filfa/HG02769_hap2.t2t.filtered.fasta.gz.fai	/home/senescence/Documents/storage2/hiura/docker/bulk_env/data/00_analysis/Repthoscope.v1.0.0/VallePrep_v0.0.0/results/data/HG02769/centro/HG02769_hap2.t2t.pass.bed	/home/senescence/Documents/storage2/hiura/docker/bulk_env/data/00_analysis/Repthoscope.v1.0.0/VallePrep_v0.0.0/results/data/HG02769/hsat23/HG02769_hap2.HSat2and3_Regions.lifted.bed	/home/senescence/Documents/storage2/hiura/docker/bulk_env/data/00_analysis/Repthoscope.v1.0.0/VallePrep_v0.0.0/results/data/HG02769/hsat23/HG02769_hap2.HSat2and3_Regions.HSat2and3.log	15	195
HG02809	HG02809_hap1	PASS	/home/senescence/Documents/storage2/hiura/docker/bulk_env/data/00_analysis/Repthoscope.v1.0.0/VallePrep_v0.0.0/results/data/HG02809/filfa/HG02809_hap1.t2t.filtered.fasta.gz	/home/senescence/Documents/storage2/hiura/docker/bulk_env/data/00_analysis/Repthoscope.v1.0.0/VallePrep_v0.0.0/results/data/HG02809/filfa/HG02809_hap1.t2t.filtered.fasta.gz.fai	/home/senescence/Documents/storage2/hiura/docker/bulk_env/data/00_analysis/Repthoscope.v1.0.0/VallePrep_v0.0.0/results/data/HG02809/centro/HG02809_hap1.t2t.pass.bed	/home/senescence/Documents/storage2/hiura/docker/bulk_env/data/00_analysis/Repthoscope.v1.0.0/VallePrep_v0.0.0/results/data/HG02809/hsat23/HG02809_hap1.HSat2and3_Regions.lifted.bed	/home/senescence/Documents/storage2/hiura/docker/bulk_env/data/00_analysis/Repthoscope.v1.0.0/VallePrep_v0.0.0/results/data/HG02809/hsat23/HG02809_hap1.HSat2and3_Regions.HSat2and3.log	17	251
HG02809	HG02809_hap2	PASS	/home/senescence/Documents/storage2/hiura/docker/bulk_env/data/00_analysis/Repthoscope.v1.0.0/VallePrep_v0.0.0/results/data/HG02809/filfa/HG02809_hap2.t2t.filtered.fasta.gz	/home/senescence/Documents/storage2/hiura/docker/bulk_env/data/00_analysis/Repthoscope.v1.0.0/VallePrep_v0.0.0/results/data/HG02809/filfa/HG02809_hap2.t2t.filtered.fasta.gz.fai	/home/senescence/Documents/storage2/hiura/docker/bulk_env/data/00_analysis/Repthoscope.v1.0.0/VallePrep_v0.0.0/results/data/HG02809/centro/HG02809_hap2.t2t.pass.bed	/home/senescence/Documents/storage2/hiura/docker/bulk_env/data/00_analysis/Repthoscope.v1.0.0/VallePrep_v0.0.0/results/data/HG02809/hsat23/HG02809_hap2.HSat2and3_Regions.lifted.bed	/home/senescence/Documents/storage2/hiura/docker/bulk_env/data/00_analysis/Repthoscope.v1.0.0/VallePrep_v0.0.0/results/data/HG02809/hsat23/HG02809_hap2.HSat2and3_Regions.HSat2and3.log	16	205
HG02818	HG02818_hap1	PASS	/home/senescence/Documents/storage2/hiura/docker/bulk_env/data/00_analysis/Repthoscope.v1.0.0/VallePrep_v0.0.0/results/data/HG02818/filfa/HG02818_hap1.t2t.filtered.fasta.gz	/home/senescence/Documents/storage2/hiura/docker/bulk_env/data/00_analysis/Repthoscope.v1.0.0/VallePrep_v0.0.0/results/data/HG02818/filfa/HG02818_hap1.t2t.filtered.fasta.gz.fai	/home/senescence/Documents/storage2/hiura/docker/bulk_env/data/00_analysis/Repthoscope.v1.0.0/VallePrep_v0.0.0/results/data/HG02818/centro/HG02818_hap1.t2t.pass.bed	/home/senescence/Documents/storage2/hiura/docker/bulk_env/data/00_analysis/Repthoscope.v1.0.0/VallePrep_v0.0.0/results/data/HG02818/hsat23/HG02818_hap1.HSat2and3_Regions.lifted.bed	/home/senescence/Documents/storage2/hiura/docker/bulk_env/data/00_analysis/Repthoscope.v1.0.0/VallePrep_v0.0.0/results/data/HG02818/hsat23/HG02818_hap1.HSat2and3_Regions.HSat2and3.log	15	236
HG02818	HG02818_hap2	PASS	/home/senescence/Documents/storage2/hiura/docker/bulk_env/data/00_analysis/Repthoscope.v1.0.0/VallePrep_v0.0.0/results/data/HG02818/filfa/HG02818_hap2.t2t.filtered.fasta.gz	/home/senescence/Documents/storage2/hiura/docker/bulk_env/data/00_analysis/Repthoscope.v1.0.0/VallePrep_v0.0.0/results/data/HG02818/filfa/HG02818_hap2.t2t.filtered.fasta.gz.fai	/home/senescence/Documents/storage2/hiura/docker/bulk_env/data/00_analysis/Repthoscope.v1.0.0/VallePrep_v0.0.0/results/data/HG02818/centro/HG02818_hap2.t2t.pass.bed	/home/senescence/Documents/storage2/hiura/docker/bulk_env/data/00_analysis/Repthoscope.v1.0.0/VallePrep_v0.0.0/results/data/HG02818/hsat23/HG02818_hap2.HSat2and3_Regions.lifted.bed	/home/senescence/Documents/storage2/hiura/docker/bulk_env/data/00_analysis/Repthoscope.v1.0.0/VallePrep_v0.0.0/results/data/HG02818/hsat23/HG02818_hap2.HSat2and3_Regions.HSat2and3.log	16	201
HG02841	HG02841_hap1	PASS	/home/senescence/Documents/storage2/hiura/docker/bulk_env/data/00_analysis/Repthoscope.v1.0.0/VallePrep_v0.0.0/results/data/HG02841/filfa/HG02841_hap1.t2t.filtered.fasta.gz	/home/senescence/Documents/storage2/hiura/docker/bulk_env/data/00_analysis/Repthoscope.v1.0.0/VallePrep_v0.0.0/results/data/HG02841/filfa/HG02841_hap1.t2t.filtered.fasta.gz.fai	/home/senescence/Documents/storage2/hiura/docker/bulk_env/data/00_analysis/Repthoscope.v1.0.0/VallePrep_v0.0.0/results/data/HG02841/centro/HG02841_hap1.t2t.pass.bed	/home/senescence/Documents/storage2/hiura/docker/bulk_env/data/00_analysis/Repthoscope.v1.0.0/VallePrep_v0.0.0/results/data/HG02841/hsat23/HG02841_hap1.HSat2and3_Regions.lifted.bed	/home/senescence/Documents/storage2/hiura/docker/bulk_env/data/00_analysis/Repthoscope.v1.0.0/VallePrep_v0.0.0/results/data/HG02841/hsat23/HG02841_hap1.HSat2and3_Regions.HSat2and3.log	17	281
HG02841	HG02841_hap2	PASS	/home/senescence/Documents/storage2/hiura/docker/bulk_env/data/00_analysis/Repthoscope.v1.0.0/VallePrep_v0.0.0/results/data/HG02841/filfa/HG02841_hap2.t2t.filtered.fasta.gz	/home/senescence/Documents/storage2/hiura/docker/bulk_env/data/00_analysis/Repthoscope.v1.0.0/VallePrep_v0.0.0/results/data/HG02841/filfa/HG02841_hap2.t2t.filtered.fasta.gz.fai	/home/senescence/Documents/storage2/hiura/docker/bulk_env/data/00_analysis/Repthoscope.v1.0.0/VallePrep_v0.0.0/results/data/HG02841/centro/HG02841_hap2.t2t.pass.bed	/home/senescence/Documents/storage2/hiura/docker/bulk_env/data/00_analysis/Repthoscope.v1.0.0/VallePrep_v0.0.0/results/data/HG02841/hsat23/HG02841_hap2.HSat2and3_Regions.lifted.bed	/home/senescence/Documents/storage2/hiura/docker/bulk_env/data/00_analysis/Repthoscope.v1.0.0/VallePrep_v0.0.0/results/data/HG02841/hsat23/HG02841_hap2.HSat2and3_Regions.HSat2and3.log	17	282
HG02886	HG02886_hap1	PASS	/home/senescence/Documents/storage2/hiura/docker/bulk_env/data/00_analysis/Repthoscope.v1.0.0/VallePrep_v0.0.0/results/data/HG02886/filfa/HG02886_hap1.t2t.filtered.fasta.gz	/home/senescence/Documents/storage2/hiura/docker/bulk_env/data/00_analysis/Repthoscope.v1.0.0/VallePrep_v0.0.0/results/data/HG02886/filfa/HG02886_hap1.t2t.filtered.fasta.gz.fai	/home/senescence/Documents/storage2/hiura/docker/bulk_env/data/00_analysis/Repthoscope.v1.0.0/VallePrep_v0.0.0/results/data/HG02886/centro/HG02886_hap1.t2t.pass.bed	/home/senescence/Documents/storage2/hiura/docker/bulk_env/data/00_analysis/Repthoscope.v1.0.0/VallePrep_v0.0.0/results/data/HG02886/hsat23/HG02886_hap1.HSat2and3_Regions.lifted.bed	/home/senescence/Documents/storage2/hiura/docker/bulk_env/data/00_analysis/Repthoscope.v1.0.0/VallePrep_v0.0.0/results/data/HG02886/hsat23/HG02886_hap1.HSat2and3_Regions.HSat2and3.log	15	249
HG02886	HG02886_hap2	PASS	/home/senescence/Documents/storage2/hiura/docker/bulk_env/data/00_analysis/Repthoscope.v1.0.0/VallePrep_v0.0.0/results/data/HG02886/filfa/HG02886_hap2.t2t.filtered.fasta.gz	/home/senescence/Documents/storage2/hiura/docker/bulk_env/data/00_analysis/Repthoscope.v1.0.0/VallePrep_v0.0.0/results/data/HG02886/filfa/HG02886_hap2.t2t.filtered.fasta.gz.fai	/home/senescence/Documents/storage2/hiura/docker/bulk_env/data/00_analysis/Repthoscope.v1.0.0/VallePrep_v0.0.0/results/data/HG02886/centro/HG02886_hap2.t2t.pass.bed	/home/senescence/Documents/storage2/hiura/docker/bulk_env/data/00_analysis/Repthoscope.v1.0.0/VallePrep_v0.0.0/results/data/HG02886/hsat23/HG02886_hap2.HSat2and3_Regions.lifted.bed	/home/senescence/Documents/storage2/hiura/docker/bulk_env/data/00_analysis/Repthoscope.v1.0.0/VallePrep_v0.0.0/results/data/HG02886/hsat23/HG02886_hap2.HSat2and3_Regions.HSat2and3.log	14	247
HG02922	HG02922_hap1	PASS	/home/senescence/Documents/storage2/hiura/docker/bulk_env/data/00_analysis/Repthoscope.v1.0.0/VallePrep_v0.0.0/results/data/HG02922/filfa/HG02922_hap1.t2t.filtered.fasta.gz	/home/senescence/Documents/storage2/hiura/docker/bulk_env/data/00_analysis/Repthoscope.v1.0.0/VallePrep_v0.0.0/results/data/HG02922/filfa/HG02922_hap1.t2t.filtered.fasta.gz.fai	/home/senescence/Documents/storage2/hiura/docker/bulk_env/data/00_analysis/Repthoscope.v1.0.0/VallePrep_v0.0.0/results/data/HG02922/centro/HG02922_hap1.t2t.pass.bed	/home/senescence/Documents/storage2/hiura/docker/bulk_env/data/00_analysis/Repthoscope.v1.0.0/VallePrep_v0.0.0/results/data/HG02922/hsat23/HG02922_hap1.HSat2and3_Regions.lifted.bed	/home/senescence/Documents/storage2/hiura/docker/bulk_env/data/00_analysis/Repthoscope.v1.0.0/VallePrep_v0.0.0/results/data/HG02922/hsat23/HG02922_hap1.HSat2and3_Regions.HSat2and3.log	16	256
HG02922	HG02922_hap2	PASS	/home/senescence/Documents/storage2/hiura/docker/bulk_env/data/00_analysis/Repthoscope.v1.0.0/VallePrep_v0.0.0/results/data/HG02922/filfa/HG02922_hap2.t2t.filtered.fasta.gz	/home/senescence/Documents/storage2/hiura/docker/bulk_env/data/00_analysis/Repthoscope.v1.0.0/VallePrep_v0.0.0/results/data/HG02922/filfa/HG02922_hap2.t2t.filtered.fasta.gz.fai	/home/senescence/Documents/storage2/hiura/docker/bulk_env/data/00_analysis/Repthoscope.v1.0.0/VallePrep_v0.0.0/results/data/HG02922/centro/HG02922_hap2.t2t.pass.bed	/home/senescence/Documents/storage2/hiura/docker/bulk_env/data/00_analysis/Repthoscope.v1.0.0/VallePrep_v0.0.0/results/data/HG02922/hsat23/HG02922_hap2.HSat2and3_Regions.lifted.bed	/home/senescence/Documents/storage2/hiura/docker/bulk_env/data/00_analysis/Repthoscope.v1.0.0/VallePrep_v0.0.0/results/data/HG02922/hsat23/HG02922_hap2.HSat2and3_Regions.HSat2and3.log	15	241
HG02953	HG02953_hap1	PASS	/home/senescence/Documents/storage2/hiura/docker/bulk_env/data/00_analysis/Repthoscope.v1.0.0/VallePrep_v0.0.0/results/data/HG02953/filfa/HG02953_hap1.t2t.filtered.fasta.gz	/home/senescence/Documents/storage2/hiura/docker/bulk_env/data/00_analysis/Repthoscope.v1.0.0/VallePrep_v0.0.0/results/data/HG02953/filfa/HG02953_hap1.t2t.filtered.fasta.gz.fai	/home/senescence/Documents/storage2/hiura/docker/bulk_env/data/00_analysis/Repthoscope.v1.0.0/VallePrep_v0.0.0/results/data/HG02953/centro/HG02953_hap1.t2t.pass.bed	/home/senescence/Documents/storage2/hiura/docker/bulk_env/data/00_analysis/Repthoscope.v1.0.0/VallePrep_v0.0.0/results/data/HG02953/hsat23/HG02953_hap1.HSat2and3_Regions.lifted.bed	/home/senescence/Documents/storage2/hiura/docker/bulk_env/data/00_analysis/Repthoscope.v1.0.0/VallePrep_v0.0.0/results/data/HG02953/hsat23/HG02953_hap1.HSat2and3_Regions.HSat2and3.log	14	180
HG02953	HG02953_hap2	PASS	/home/senescence/Documents/storage2/hiura/docker/bulk_env/data/00_analysis/Repthoscope.v1.0.0/VallePrep_v0.0.0/results/data/HG02953/filfa/HG02953_hap2.t2t.filtered.fasta.gz	/home/senescence/Documents/storage2/hiura/docker/bulk_env/data/00_analysis/Repthoscope.v1.0.0/VallePrep_v0.0.0/results/data/HG02953/filfa/HG02953_hap2.t2t.filtered.fasta.gz.fai	/home/senescence/Documents/storage2/hiura/docker/bulk_env/data/00_analysis/Repthoscope.v1.0.0/VallePrep_v0.0.0/results/data/HG02953/centro/HG02953_hap2.t2t.pass.bed	/home/senescence/Documents/storage2/hiura/docker/bulk_env/data/00_analysis/Repthoscope.v1.0.0/VallePrep_v0.0.0/results/data/HG02953/hsat23/HG02953_hap2.HSat2and3_Regions.lifted.bed	/home/senescence/Documents/storage2/hiura/docker/bulk_env/data/00_analysis/Repthoscope.v1.0.0/VallePrep_v0.0.0/results/data/HG02953/hsat23/HG02953_hap2.HSat2and3_Regions.HSat2and3.log	14	94
HG02965	HG02965_hap1	PASS	/home/senescence/Documents/storage2/hiura/docker/bulk_env/data/00_analysis/Repthoscope.v1.0.0/VallePrep_v0.0.0/results/data/HG02965/filfa/HG02965_hap1.t2t.filtered.fasta.gz	/home/senescence/Documents/storage2/hiura/docker/bulk_env/data/00_analysis/Repthoscope.v1.0.0/VallePrep_v0.0.0/results/data/HG02965/filfa/HG02965_hap1.t2t.filtered.fasta.gz.fai	/home/senescence/Documents/storage2/hiura/docker/bulk_env/data/00_analysis/Repthoscope.v1.0.0/VallePrep_v0.0.0/results/data/HG02965/centro/HG02965_hap1.t2t.pass.bed	/home/senescence/Documents/storage2/hiura/docker/bulk_env/data/00_analysis/Repthoscope.v1.0.0/VallePrep_v0.0.0/results/data/HG02965/hsat23/HG02965_hap1.HSat2and3_Regions.lifted.bed	/home/senescence/Documents/storage2/hiura/docker/bulk_env/data/00_analysis/Repthoscope.v1.0.0/VallePrep_v0.0.0/results/data/HG02965/hsat23/HG02965_hap1.HSat2and3_Regions.HSat2and3.log	15	303
HG02965	HG02965_hap2	PASS	/home/senescence/Documents/storage2/hiura/docker/bulk_env/data/00_analysis/Repthoscope.v1.0.0/VallePrep_v0.0.0/results/data/HG02965/filfa/HG02965_hap2.t2t.filtered.fasta.gz	/home/senescence/Documents/storage2/hiura/docker/bulk_env/data/00_analysis/Repthoscope.v1.0.0/VallePrep_v0.0.0/results/data/HG02965/filfa/HG02965_hap2.t2t.filtered.fasta.gz.fai	/home/senescence/Documents/storage2/hiura/docker/bulk_env/data/00_analysis/Repthoscope.v1.0.0/VallePrep_v0.0.0/results/data/HG02965/centro/HG02965_hap2.t2t.pass.bed	/home/senescence/Documents/storage2/hiura/docker/bulk_env/data/00_analysis/Repthoscope.v1.0.0/VallePrep_v0.0.0/results/data/HG02965/hsat23/HG02965_hap2.HSat2and3_Regions.lifted.bed	/home/senescence/Documents/storage2/hiura/docker/bulk_env/data/00_analysis/Repthoscope.v1.0.0/VallePrep_v0.0.0/results/data/HG02965/hsat23/HG02965_hap2.HSat2and3_Regions.HSat2and3.log	17	249
HG02976	HG02976_hap1	PASS	/home/senescence/Documents/storage2/hiura/docker/bulk_env/data/00_analysis/Repthoscope.v1.0.0/VallePrep_v0.0.0/results/data/HG02976/filfa/HG02976_hap1.t2t.filtered.fasta.gz	/home/senescence/Documents/storage2/hiura/docker/bulk_env/data/00_analysis/Repthoscope.v1.0.0/VallePrep_v0.0.0/results/data/HG02976/filfa/HG02976_hap1.t2t.filtered.fasta.gz.fai	/home/senescence/Documents/storage2/hiura/docker/bulk_env/data/00_analysis/Repthoscope.v1.0.0/VallePrep_v0.0.0/results/data/HG02976/centro/HG02976_hap1.t2t.pass.bed	/home/senescence/Documents/storage2/hiura/docker/bulk_env/data/00_analysis/Repthoscope.v1.0.0/VallePrep_v0.0.0/results/data/HG02976/hsat23/HG02976_hap1.HSat2and3_Regions.lifted.bed	/home/senescence/Documents/storage2/hiura/docker/bulk_env/data/00_analysis/Repthoscope.v1.0.0/VallePrep_v0.0.0/results/data/HG02976/hsat23/HG02976_hap1.HSat2and3_Regions.HSat2and3.log	12	94
HG02976	HG02976_hap2	PASS	/home/senescence/Documents/storage2/hiura/docker/bulk_env/data/00_analysis/Repthoscope.v1.0.0/VallePrep_v0.0.0/results/data/HG02976/filfa/HG02976_hap2.t2t.filtered.fasta.gz	/home/senescence/Documents/storage2/hiura/docker/bulk_env/data/00_analysis/Repthoscope.v1.0.0/VallePrep_v0.0.0/results/data/HG02976/filfa/HG02976_hap2.t2t.filtered.fasta.gz.fai	/home/senescence/Documents/storage2/hiura/docker/bulk_env/data/00_analysis/Repthoscope.v1.0.0/VallePrep_v0.0.0/results/data/HG02976/centro/HG02976_hap2.t2t.pass.bed	/home/senescence/Documents/storage2/hiura/docker/bulk_env/data/00_analysis/Repthoscope.v1.0.0/VallePrep_v0.0.0/results/data/HG02976/hsat23/HG02976_hap2.HSat2and3_Regions.lifted.bed	/home/senescence/Documents/storage2/hiura/docker/bulk_env/data/00_analysis/Repthoscope.v1.0.0/VallePrep_v0.0.0/results/data/HG02976/hsat23/HG02976_hap2.HSat2and3_Regions.HSat2and3.log	13	93
HG02984	HG02984_hap1	PASS	/home/senescence/Documents/storage2/hiura/docker/bulk_env/data/00_analysis/Repthoscope.v1.0.0/VallePrep_v0.0.0/results/data/HG02984/filfa/HG02984_hap1.t2t.filtered.fasta.gz	/home/senescence/Documents/storage2/hiura/docker/bulk_env/data/00_analysis/Repthoscope.v1.0.0/VallePrep_v0.0.0/results/data/HG02984/filfa/HG02984_hap1.t2t.filtered.fasta.gz.fai	/home/senescence/Documents/storage2/hiura/docker/bulk_env/data/00_analysis/Repthoscope.v1.0.0/VallePrep_v0.0.0/results/data/HG02984/centro/HG02984_hap1.t2t.pass.bed	/home/senescence/Documents/storage2/hiura/docker/bulk_env/data/00_analysis/Repthoscope.v1.0.0/VallePrep_v0.0.0/results/data/HG02984/hsat23/HG02984_hap1.HSat2and3_Regions.lifted.bed	/home/senescence/Documents/storage2/hiura/docker/bulk_env/data/00_analysis/Repthoscope.v1.0.0/VallePrep_v0.0.0/results/data/HG02984/hsat23/HG02984_hap1.HSat2and3_Regions.HSat2and3.log	13	320
HG02984	HG02984_hap2	PASS	/home/senescence/Documents/storage2/hiura/docker/bulk_env/data/00_analysis/Repthoscope.v1.0.0/VallePrep_v0.0.0/results/data/HG02984/filfa/HG02984_hap2.t2t.filtered.fasta.gz	/home/senescence/Documents/storage2/hiura/docker/bulk_env/data/00_analysis/Repthoscope.v1.0.0/VallePrep_v0.0.0/results/data/HG02984/filfa/HG02984_hap2.t2t.filtered.fasta.gz.fai	/home/senescence/Documents/storage2/hiura/docker/bulk_env/data/00_analysis/Repthoscope.v1.0.0/VallePrep_v0.0.0/results/data/HG02984/centro/HG02984_hap2.t2t.pass.bed	/home/senescence/Documents/storage2/hiura/docker/bulk_env/data/00_analysis/Repthoscope.v1.0.0/VallePrep_v0.0.0/results/data/HG02984/hsat23/HG02984_hap2.HSat2and3_Regions.lifted.bed	/home/senescence/Documents/storage2/hiura/docker/bulk_env/data/00_analysis/Repthoscope.v1.0.0/VallePrep_v0.0.0/results/data/HG02984/hsat23/HG02984_hap2.HSat2and3_Regions.HSat2and3.log	13	261
HG03009	HG03009_hap1	PASS	/home/senescence/Documents/storage2/hiura/docker/bulk_env/data/00_analysis/Repthoscope.v1.0.0/VallePrep_v0.0.0/results/data/HG03009/filfa/HG03009_hap1.t2t.filtered.fasta.gz	/home/senescence/Documents/storage2/hiura/docker/bulk_env/data/00_analysis/Repthoscope.v1.0.0/VallePrep_v0.0.0/results/data/HG03009/filfa/HG03009_hap1.t2t.filtered.fasta.gz.fai	/home/senescence/Documents/storage2/hiura/docker/bulk_env/data/00_analysis/Repthoscope.v1.0.0/VallePrep_v0.0.0/results/data/HG03009/centro/HG03009_hap1.t2t.pass.bed	/home/senescence/Documents/storage2/hiura/docker/bulk_env/data/00_analysis/Repthoscope.v1.0.0/VallePrep_v0.0.0/results/data/HG03009/hsat23/HG03009_hap1.HSat2and3_Regions.lifted.bed	/home/senescence/Documents/storage2/hiura/docker/bulk_env/data/00_analysis/Repthoscope.v1.0.0/VallePrep_v0.0.0/results/data/HG03009/hsat23/HG03009_hap1.HSat2and3_Regions.HSat2and3.log	17	271
HG03009	HG03009_hap2	PASS	/home/senescence/Documents/storage2/hiura/docker/bulk_env/data/00_analysis/Repthoscope.v1.0.0/VallePrep_v0.0.0/results/data/HG03009/filfa/HG03009_hap2.t2t.filtered.fasta.gz	/home/senescence/Documents/storage2/hiura/docker/bulk_env/data/00_analysis/Repthoscope.v1.0.0/VallePrep_v0.0.0/results/data/HG03009/filfa/HG03009_hap2.t2t.filtered.fasta.gz.fai	/home/senescence/Documents/storage2/hiura/docker/bulk_env/data/00_analysis/Repthoscope.v1.0.0/VallePrep_v0.0.0/results/data/HG03009/centro/HG03009_hap2.t2t.pass.bed	/home/senescence/Documents/storage2/hiura/docker/bulk_env/data/00_analysis/Repthoscope.v1.0.0/VallePrep_v0.0.0/results/data/HG03009/hsat23/HG03009_hap2.HSat2and3_Regions.lifted.bed	/home/senescence/Documents/storage2/hiura/docker/bulk_env/data/00_analysis/Repthoscope.v1.0.0/VallePrep_v0.0.0/results/data/HG03009/hsat23/HG03009_hap2.HSat2and3_Regions.HSat2and3.log	18	244
HG03017	HG03017_hap1	PASS	/home/senescence/Documents/storage2/hiura/docker/bulk_env/data/00_analysis/Repthoscope.v1.0.0/VallePrep_v0.0.0/results/data/HG03017/filfa/HG03017_hap1.t2t.filtered.fasta.gz	/home/senescence/Documents/storage2/hiura/docker/bulk_env/data/00_analysis/Repthoscope.v1.0.0/VallePrep_v0.0.0/results/data/HG03017/filfa/HG03017_hap1.t2t.filtered.fasta.gz.fai	/home/senescence/Documents/storage2/hiura/docker/bulk_env/data/00_analysis/Repthoscope.v1.0.0/VallePrep_v0.0.0/results/data/HG03017/centro/HG03017_hap1.t2t.pass.bed	/home/senescence/Documents/storage2/hiura/docker/bulk_env/data/00_analysis/Repthoscope.v1.0.0/VallePrep_v0.0.0/results/data/HG03017/hsat23/HG03017_hap1.HSat2and3_Regions.lifted.bed	/home/senescence/Documents/storage2/hiura/docker/bulk_env/data/00_analysis/Repthoscope.v1.0.0/VallePrep_v0.0.0/results/data/HG03017/hsat23/HG03017_hap1.HSat2and3_Regions.HSat2and3.log	17	333
HG03017	HG03017_hap2	PASS	/home/senescence/Documents/storage2/hiura/docker/bulk_env/data/00_analysis/Repthoscope.v1.0.0/VallePrep_v0.0.0/results/data/HG03017/filfa/HG03017_hap2.t2t.filtered.fasta.gz	/home/senescence/Documents/storage2/hiura/docker/bulk_env/data/00_analysis/Repthoscope.v1.0.0/VallePrep_v0.0.0/results/data/HG03017/filfa/HG03017_hap2.t2t.filtered.fasta.gz.fai	/home/senescence/Documents/storage2/hiura/docker/bulk_env/data/00_analysis/Repthoscope.v1.0.0/VallePrep_v0.0.0/results/data/HG03017/centro/HG03017_hap2.t2t.pass.bed	/home/senescence/Documents/storage2/hiura/docker/bulk_env/data/00_analysis/Repthoscope.v1.0.0/VallePrep_v0.0.0/results/data/HG03017/hsat23/HG03017_hap2.HSat2and3_Regions.lifted.bed	/home/senescence/Documents/storage2/hiura/docker/bulk_env/data/00_analysis/Repthoscope.v1.0.0/VallePrep_v0.0.0/results/data/HG03017/hsat23/HG03017_hap2.HSat2and3_Regions.HSat2and3.log	16	213
HG03041	HG03041_hap1	PASS	/home/senescence/Documents/storage2/hiura/docker/bulk_env/data/00_analysis/Repthoscope.v1.0.0/VallePrep_v0.0.0/results/data/HG03041/filfa/HG03041_hap1.t2t.filtered.fasta.gz	/home/senescence/Documents/storage2/hiura/docker/bulk_env/data/00_analysis/Repthoscope.v1.0.0/VallePrep_v0.0.0/results/data/HG03041/filfa/HG03041_hap1.t2t.filtered.fasta.gz.fai	/home/senescence/Documents/storage2/hiura/docker/bulk_env/data/00_analysis/Repthoscope.v1.0.0/VallePrep_v0.0.0/results/data/HG03041/centro/HG03041_hap1.t2t.pass.bed	/home/senescence/Documents/storage2/hiura/docker/bulk_env/data/00_analysis/Repthoscope.v1.0.0/VallePrep_v0.0.0/results/data/HG03041/hsat23/HG03041_hap1.HSat2and3_Regions.lifted.bed	/home/senescence/Documents/storage2/hiura/docker/bulk_env/data/00_analysis/Repthoscope.v1.0.0/VallePrep_v0.0.0/results/data/HG03041/hsat23/HG03041_hap1.HSat2and3_Regions.HSat2and3.log	17	240
HG03041	HG03041_hap2	PASS	/home/senescence/Documents/storage2/hiura/docker/bulk_env/data/00_analysis/Repthoscope.v1.0.0/VallePrep_v0.0.0/results/data/HG03041/filfa/HG03041_hap2.t2t.filtered.fasta.gz	/home/senescence/Documents/storage2/hiura/docker/bulk_env/data/00_analysis/Repthoscope.v1.0.0/VallePrep_v0.0.0/results/data/HG03041/filfa/HG03041_hap2.t2t.filtered.fasta.gz.fai	/home/senescence/Documents/storage2/hiura/docker/bulk_env/data/00_analysis/Repthoscope.v1.0.0/VallePrep_v0.0.0/results/data/HG03041/centro/HG03041_hap2.t2t.pass.bed	/home/senescence/Documents/storage2/hiura/docker/bulk_env/data/00_analysis/Repthoscope.v1.0.0/VallePrep_v0.0.0/results/data/HG03041/hsat23/HG03041_hap2.HSat2and3_Regions.lifted.bed	/home/senescence/Documents/storage2/hiura/docker/bulk_env/data/00_analysis/Repthoscope.v1.0.0/VallePrep_v0.0.0/results/data/HG03041/hsat23/HG03041_hap2.HSat2and3_Regions.HSat2and3.log	17	281
HG03050	HG03050_hap1	PASS	/home/senescence/Documents/storage2/hiura/docker/bulk_env/data/00_analysis/Repthoscope.v1.0.0/VallePrep_v0.0.0/results/data/HG03050/filfa/HG03050_hap1.t2t.filtered.fasta.gz	/home/senescence/Documents/storage2/hiura/docker/bulk_env/data/00_analysis/Repthoscope.v1.0.0/VallePrep_v0.0.0/results/data/HG03050/filfa/HG03050_hap1.t2t.filtered.fasta.gz.fai	/home/senescence/Documents/storage2/hiura/docker/bulk_env/data/00_analysis/Repthoscope.v1.0.0/VallePrep_v0.0.0/results/data/HG03050/centro/HG03050_hap1.t2t.pass.bed	/home/senescence/Documents/storage2/hiura/docker/bulk_env/data/00_analysis/Repthoscope.v1.0.0/VallePrep_v0.0.0/results/data/HG03050/hsat23/HG03050_hap1.HSat2and3_Regions.lifted.bed	/home/senescence/Documents/storage2/hiura/docker/bulk_env/data/00_analysis/Repthoscope.v1.0.0/VallePrep_v0.0.0/results/data/HG03050/hsat23/HG03050_hap1.HSat2and3_Regions.HSat2and3.log	16	311
HG03050	HG03050_hap2	PASS	/home/senescence/Documents/storage2/hiura/docker/bulk_env/data/00_analysis/Repthoscope.v1.0.0/VallePrep_v0.0.0/results/data/HG03050/filfa/HG03050_hap2.t2t.filtered.fasta.gz	/home/senescence/Documents/storage2/hiura/docker/bulk_env/data/00_analysis/Repthoscope.v1.0.0/VallePrep_v0.0.0/results/data/HG03050/filfa/HG03050_hap2.t2t.filtered.fasta.gz.fai	/home/senescence/Documents/storage2/hiura/docker/bulk_env/data/00_analysis/Repthoscope.v1.0.0/VallePrep_v0.0.0/results/data/HG03050/centro/HG03050_hap2.t2t.pass.bed	/home/senescence/Documents/storage2/hiura/docker/bulk_env/data/00_analysis/Repthoscope.v1.0.0/VallePrep_v0.0.0/results/data/HG03050/hsat23/HG03050_hap2.HSat2and3_Regions.lifted.bed	/home/senescence/Documents/storage2/hiura/docker/bulk_env/data/00_analysis/Repthoscope.v1.0.0/VallePrep_v0.0.0/results/data/HG03050/hsat23/HG03050_hap2.HSat2and3_Regions.HSat2and3.log	15	274
HG03065	HG03065_hap1	PASS	/home/senescence/Documents/storage2/hiura/docker/bulk_env/data/00_analysis/Repthoscope.v1.0.0/VallePrep_v0.0.0/results/data/HG03065/filfa/HG03065_hap1.t2t.filtered.fasta.gz	/home/senescence/Documents/storage2/hiura/docker/bulk_env/data/00_analysis/Repthoscope.v1.0.0/VallePrep_v0.0.0/results/data/HG03065/filfa/HG03065_hap1.t2t.filtered.fasta.gz.fai	/home/senescence/Documents/storage2/hiura/docker/bulk_env/data/00_analysis/Repthoscope.v1.0.0/VallePrep_v0.0.0/results/data/HG03065/centro/HG03065_hap1.t2t.pass.bed	/home/senescence/Documents/storage2/hiura/docker/bulk_env/data/00_analysis/Repthoscope.v1.0.0/VallePrep_v0.0.0/results/data/HG03065/hsat23/HG03065_hap1.HSat2and3_Regions.lifted.bed	/home/senescence/Documents/storage2/hiura/docker/bulk_env/data/00_analysis/Repthoscope.v1.0.0/VallePrep_v0.0.0/results/data/HG03065/hsat23/HG03065_hap1.HSat2and3_Regions.HSat2and3.log	14	238
HG03065	HG03065_hap2	PASS	/home/senescence/Documents/storage2/hiura/docker/bulk_env/data/00_analysis/Repthoscope.v1.0.0/VallePrep_v0.0.0/results/data/HG03065/filfa/HG03065_hap2.t2t.filtered.fasta.gz	/home/senescence/Documents/storage2/hiura/docker/bulk_env/data/00_analysis/Repthoscope.v1.0.0/VallePrep_v0.0.0/results/data/HG03065/filfa/HG03065_hap2.t2t.filtered.fasta.gz.fai	/home/senescence/Documents/storage2/hiura/docker/bulk_env/data/00_analysis/Repthoscope.v1.0.0/VallePrep_v0.0.0/results/data/HG03065/centro/HG03065_hap2.t2t.pass.bed	/home/senescence/Documents/storage2/hiura/docker/bulk_env/data/00_analysis/Repthoscope.v1.0.0/VallePrep_v0.0.0/results/data/HG03065/hsat23/HG03065_hap2.HSat2and3_Regions.lifted.bed	/home/senescence/Documents/storage2/hiura/docker/bulk_env/data/00_analysis/Repthoscope.v1.0.0/VallePrep_v0.0.0/results/data/HG03065/hsat23/HG03065_hap2.HSat2and3_Regions.HSat2and3.log	15	87
HG03098	HG03098_hap1	PASS	/home/senescence/Documents/storage2/hiura/docker/bulk_env/data/00_analysis/Repthoscope.v1.0.0/VallePrep_v0.0.0/results/data/HG03098/filfa/HG03098_hap1.t2t.filtered.fasta.gz	/home/senescence/Documents/storage2/hiura/docker/bulk_env/data/00_analysis/Repthoscope.v1.0.0/VallePrep_v0.0.0/results/data/HG03098/filfa/HG03098_hap1.t2t.filtered.fasta.gz.fai	/home/senescence/Documents/storage2/hiura/docker/bulk_env/data/00_analysis/Repthoscope.v1.0.0/VallePrep_v0.0.0/results/data/HG03098/centro/HG03098_hap1.t2t.pass.bed	/home/senescence/Documents/storage2/hiura/docker/bulk_env/data/00_analysis/Repthoscope.v1.0.0/VallePrep_v0.0.0/results/data/HG03098/hsat23/HG03098_hap1.HSat2and3_Regions.lifted.bed	/home/senescence/Documents/storage2/hiura/docker/bulk_env/data/00_analysis/Repthoscope.v1.0.0/VallePrep_v0.0.0/results/data/HG03098/hsat23/HG03098_hap1.HSat2and3_Regions.HSat2and3.log	15	98
HG03098	HG03098_hap2	PASS	/home/senescence/Documents/storage2/hiura/docker/bulk_env/data/00_analysis/Repthoscope.v1.0.0/VallePrep_v0.0.0/results/data/HG03098/filfa/HG03098_hap2.t2t.filtered.fasta.gz	/home/senescence/Documents/storage2/hiura/docker/bulk_env/data/00_analysis/Repthoscope.v1.0.0/VallePrep_v0.0.0/results/data/HG03098/filfa/HG03098_hap2.t2t.filtered.fasta.gz.fai	/home/senescence/Documents/storage2/hiura/docker/bulk_env/data/00_analysis/Repthoscope.v1.0.0/VallePrep_v0.0.0/results/data/HG03098/centro/HG03098_hap2.t2t.pass.bed	/home/senescence/Documents/storage2/hiura/docker/bulk_env/data/00_analysis/Repthoscope.v1.0.0/VallePrep_v0.0.0/results/data/HG03098/hsat23/HG03098_hap2.HSat2and3_Regions.lifted.bed	/home/senescence/Documents/storage2/hiura/docker/bulk_env/data/00_analysis/Repthoscope.v1.0.0/VallePrep_v0.0.0/results/data/HG03098/hsat23/HG03098_hap2.HSat2and3_Regions.HSat2and3.log	14	275
HG03130	HG03130_hap1	PASS	/home/senescence/Documents/storage2/hiura/docker/bulk_env/data/00_analysis/Repthoscope.v1.0.0/VallePrep_v0.0.0/results/data/HG03130/filfa/HG03130_hap1.t2t.filtered.fasta.gz	/home/senescence/Documents/storage2/hiura/docker/bulk_env/data/00_analysis/Repthoscope.v1.0.0/VallePrep_v0.0.0/results/data/HG03130/filfa/HG03130_hap1.t2t.filtered.fasta.gz.fai	/home/senescence/Documents/storage2/hiura/docker/bulk_env/data/00_analysis/Repthoscope.v1.0.0/VallePrep_v0.0.0/results/data/HG03130/centro/HG03130_hap1.t2t.pass.bed	/home/senescence/Documents/storage2/hiura/docker/bulk_env/data/00_analysis/Repthoscope.v1.0.0/VallePrep_v0.0.0/results/data/HG03130/hsat23/HG03130_hap1.HSat2and3_Regions.lifted.bed	/home/senescence/Documents/storage2/hiura/docker/bulk_env/data/00_analysis/Repthoscope.v1.0.0/VallePrep_v0.0.0/results/data/HG03130/hsat23/HG03130_hap1.HSat2and3_Regions.HSat2and3.log	12	294
HG03130	HG03130_hap2	PASS	/home/senescence/Documents/storage2/hiura/docker/bulk_env/data/00_analysis/Repthoscope.v1.0.0/VallePrep_v0.0.0/results/data/HG03130/filfa/HG03130_hap2.t2t.filtered.fasta.gz	/home/senescence/Documents/storage2/hiura/docker/bulk_env/data/00_analysis/Repthoscope.v1.0.0/VallePrep_v0.0.0/results/data/HG03130/filfa/HG03130_hap2.t2t.filtered.fasta.gz.fai	/home/senescence/Documents/storage2/hiura/docker/bulk_env/data/00_analysis/Repthoscope.v1.0.0/VallePrep_v0.0.0/results/data/HG03130/centro/HG03130_hap2.t2t.pass.bed	/home/senescence/Documents/storage2/hiura/docker/bulk_env/data/00_analysis/Repthoscope.v1.0.0/VallePrep_v0.0.0/results/data/HG03130/hsat23/HG03130_hap2.HSat2and3_Regions.lifted.bed	/home/senescence/Documents/storage2/hiura/docker/bulk_env/data/00_analysis/Repthoscope.v1.0.0/VallePrep_v0.0.0/results/data/HG03130/hsat23/HG03130_hap2.HSat2and3_Regions.HSat2and3.log	13	207
HG03139	HG03139_hap1	PASS	/home/senescence/Documents/storage2/hiura/docker/bulk_env/data/00_analysis/Repthoscope.v1.0.0/VallePrep_v0.0.0/results/data/HG03139/filfa/HG03139_hap1.t2t.filtered.fasta.gz	/home/senescence/Documents/storage2/hiura/docker/bulk_env/data/00_analysis/Repthoscope.v1.0.0/VallePrep_v0.0.0/results/data/HG03139/filfa/HG03139_hap1.t2t.filtered.fasta.gz.fai	/home/senescence/Documents/storage2/hiura/docker/bulk_env/data/00_analysis/Repthoscope.v1.0.0/VallePrep_v0.0.0/results/data/HG03139/centro/HG03139_hap1.t2t.pass.bed	/home/senescence/Documents/storage2/hiura/docker/bulk_env/data/00_analysis/Repthoscope.v1.0.0/VallePrep_v0.0.0/results/data/HG03139/hsat23/HG03139_hap1.HSat2and3_Regions.lifted.bed	/home/senescence/Documents/storage2/hiura/docker/bulk_env/data/00_analysis/Repthoscope.v1.0.0/VallePrep_v0.0.0/results/data/HG03139/hsat23/HG03139_hap1.HSat2and3_Regions.HSat2and3.log	16	278
HG03139	HG03139_hap2	PASS	/home/senescence/Documents/storage2/hiura/docker/bulk_env/data/00_analysis/Repthoscope.v1.0.0/VallePrep_v0.0.0/results/data/HG03139/filfa/HG03139_hap2.t2t.filtered.fasta.gz	/home/senescence/Documents/storage2/hiura/docker/bulk_env/data/00_analysis/Repthoscope.v1.0.0/VallePrep_v0.0.0/results/data/HG03139/filfa/HG03139_hap2.t2t.filtered.fasta.gz.fai	/home/senescence/Documents/storage2/hiura/docker/bulk_env/data/00_analysis/Repthoscope.v1.0.0/VallePrep_v0.0.0/results/data/HG03139/centro/HG03139_hap2.t2t.pass.bed	/home/senescence/Documents/storage2/hiura/docker/bulk_env/data/00_analysis/Repthoscope.v1.0.0/VallePrep_v0.0.0/results/data/HG03139/hsat23/HG03139_hap2.HSat2and3_Regions.lifted.bed	/home/senescence/Documents/storage2/hiura/docker/bulk_env/data/00_analysis/Repthoscope.v1.0.0/VallePrep_v0.0.0/results/data/HG03139/hsat23/HG03139_hap2.HSat2and3_Regions.HSat2and3.log	18	281
HG03195	HG03195_hap1	PASS	/home/senescence/Documents/storage2/hiura/docker/bulk_env/data/00_analysis/Repthoscope.v1.0.0/VallePrep_v0.0.0/results/data/HG03195/filfa/HG03195_hap1.t2t.filtered.fasta.gz	/home/senescence/Documents/storage2/hiura/docker/bulk_env/data/00_analysis/Repthoscope.v1.0.0/VallePrep_v0.0.0/results/data/HG03195/filfa/HG03195_hap1.t2t.filtered.fasta.gz.fai	/home/senescence/Documents/storage2/hiura/docker/bulk_env/data/00_analysis/Repthoscope.v1.0.0/VallePrep_v0.0.0/results/data/HG03195/centro/HG03195_hap1.t2t.pass.bed	/home/senescence/Documents/storage2/hiura/docker/bulk_env/data/00_analysis/Repthoscope.v1.0.0/VallePrep_v0.0.0/results/data/HG03195/hsat23/HG03195_hap1.HSat2and3_Regions.lifted.bed	/home/senescence/Documents/storage2/hiura/docker/bulk_env/data/00_analysis/Repthoscope.v1.0.0/VallePrep_v0.0.0/results/data/HG03195/hsat23/HG03195_hap1.HSat2and3_Regions.HSat2and3.log	14	337
HG03195	HG03195_hap2	PASS	/home/senescence/Documents/storage2/hiura/docker/bulk_env/data/00_analysis/Repthoscope.v1.0.0/VallePrep_v0.0.0/results/data/HG03195/filfa/HG03195_hap2.t2t.filtered.fasta.gz	/home/senescence/Documents/storage2/hiura/docker/bulk_env/data/00_analysis/Repthoscope.v1.0.0/VallePrep_v0.0.0/results/data/HG03195/filfa/HG03195_hap2.t2t.filtered.fasta.gz.fai	/home/senescence/Documents/storage2/hiura/docker/bulk_env/data/00_analysis/Repthoscope.v1.0.0/VallePrep_v0.0.0/results/data/HG03195/centro/HG03195_hap2.t2t.pass.bed	/home/senescence/Documents/storage2/hiura/docker/bulk_env/data/00_analysis/Repthoscope.v1.0.0/VallePrep_v0.0.0/results/data/HG03195/hsat23/HG03195_hap2.HSat2and3_Regions.lifted.bed	/home/senescence/Documents/storage2/hiura/docker/bulk_env/data/00_analysis/Repthoscope.v1.0.0/VallePrep_v0.0.0/results/data/HG03195/hsat23/HG03195_hap2.HSat2and3_Regions.HSat2and3.log	15	248
HG03209	HG03209_hap1	PASS	/home/senescence/Documents/storage2/hiura/docker/bulk_env/data/00_analysis/Repthoscope.v1.0.0/VallePrep_v0.0.0/results/data/HG03209/filfa/HG03209_hap1.t2t.filtered.fasta.gz	/home/senescence/Documents/storage2/hiura/docker/bulk_env/data/00_analysis/Repthoscope.v1.0.0/VallePrep_v0.0.0/results/data/HG03209/filfa/HG03209_hap1.t2t.filtered.fasta.gz.fai	/home/senescence/Documents/storage2/hiura/docker/bulk_env/data/00_analysis/Repthoscope.v1.0.0/VallePrep_v0.0.0/results/data/HG03209/centro/HG03209_hap1.t2t.pass.bed	/home/senescence/Documents/storage2/hiura/docker/bulk_env/data/00_analysis/Repthoscope.v1.0.0/VallePrep_v0.0.0/results/data/HG03209/hsat23/HG03209_hap1.HSat2and3_Regions.lifted.bed	/home/senescence/Documents/storage2/hiura/docker/bulk_env/data/00_analysis/Repthoscope.v1.0.0/VallePrep_v0.0.0/results/data/HG03209/hsat23/HG03209_hap1.HSat2and3_Regions.HSat2and3.log	15	99
HG03209	HG03209_hap2	PASS	/home/senescence/Documents/storage2/hiura/docker/bulk_env/data/00_analysis/Repthoscope.v1.0.0/VallePrep_v0.0.0/results/data/HG03209/filfa/HG03209_hap2.t2t.filtered.fasta.gz	/home/senescence/Documents/storage2/hiura/docker/bulk_env/data/00_analysis/Repthoscope.v1.0.0/VallePrep_v0.0.0/results/data/HG03209/filfa/HG03209_hap2.t2t.filtered.fasta.gz.fai	/home/senescence/Documents/storage2/hiura/docker/bulk_env/data/00_analysis/Repthoscope.v1.0.0/VallePrep_v0.0.0/results/data/HG03209/centro/HG03209_hap2.t2t.pass.bed	/home/senescence/Documents/storage2/hiura/docker/bulk_env/data/00_analysis/Repthoscope.v1.0.0/VallePrep_v0.0.0/results/data/HG03209/hsat23/HG03209_hap2.HSat2and3_Regions.lifted.bed	/home/senescence/Documents/storage2/hiura/docker/bulk_env/data/00_analysis/Repthoscope.v1.0.0/VallePrep_v0.0.0/results/data/HG03209/hsat23/HG03209_hap2.HSat2and3_Regions.HSat2and3.log	17	217
HG03225	HG03225_hap1	PASS	/home/senescence/Documents/storage2/hiura/docker/bulk_env/data/00_analysis/Repthoscope.v1.0.0/VallePrep_v0.0.0/results/data/HG03225/filfa/HG03225_hap1.t2t.filtered.fasta.gz	/home/senescence/Documents/storage2/hiura/docker/bulk_env/data/00_analysis/Repthoscope.v1.0.0/VallePrep_v0.0.0/results/data/HG03225/filfa/HG03225_hap1.t2t.filtered.fasta.gz.fai	/home/senescence/Documents/storage2/hiura/docker/bulk_env/data/00_analysis/Repthoscope.v1.0.0/VallePrep_v0.0.0/results/data/HG03225/centro/HG03225_hap1.t2t.pass.bed	/home/senescence/Documents/storage2/hiura/docker/bulk_env/data/00_analysis/Repthoscope.v1.0.0/VallePrep_v0.0.0/results/data/HG03225/hsat23/HG03225_hap1.HSat2and3_Regions.lifted.bed	/home/senescence/Documents/storage2/hiura/docker/bulk_env/data/00_analysis/Repthoscope.v1.0.0/VallePrep_v0.0.0/results/data/HG03225/hsat23/HG03225_hap1.HSat2and3_Regions.HSat2and3.log	16	275
HG03225	HG03225_hap2	PASS	/home/senescence/Documents/storage2/hiura/docker/bulk_env/data/00_analysis/Repthoscope.v1.0.0/VallePrep_v0.0.0/results/data/HG03225/filfa/HG03225_hap2.t2t.filtered.fasta.gz	/home/senescence/Documents/storage2/hiura/docker/bulk_env/data/00_analysis/Repthoscope.v1.0.0/VallePrep_v0.0.0/results/data/HG03225/filfa/HG03225_hap2.t2t.filtered.fasta.gz.fai	/home/senescence/Documents/storage2/hiura/docker/bulk_env/data/00_analysis/Repthoscope.v1.0.0/VallePrep_v0.0.0/results/data/HG03225/centro/HG03225_hap2.t2t.pass.bed	/home/senescence/Documents/storage2/hiura/docker/bulk_env/data/00_analysis/Repthoscope.v1.0.0/VallePrep_v0.0.0/results/data/HG03225/hsat23/HG03225_hap2.HSat2and3_Regions.lifted.bed	/home/senescence/Documents/storage2/hiura/docker/bulk_env/data/00_analysis/Repthoscope.v1.0.0/VallePrep_v0.0.0/results/data/HG03225/hsat23/HG03225_hap2.HSat2and3_Regions.HSat2and3.log	17	305
HG03239	HG03239_hap1	PASS	/home/senescence/Documents/storage2/hiura/docker/bulk_env/data/00_analysis/Repthoscope.v1.0.0/VallePrep_v0.0.0/results/data/HG03239/filfa/HG03239_hap1.t2t.filtered.fasta.gz	/home/senescence/Documents/storage2/hiura/docker/bulk_env/data/00_analysis/Repthoscope.v1.0.0/VallePrep_v0.0.0/results/data/HG03239/filfa/HG03239_hap1.t2t.filtered.fasta.gz.fai	/home/senescence/Documents/storage2/hiura/docker/bulk_env/data/00_analysis/Repthoscope.v1.0.0/VallePrep_v0.0.0/results/data/HG03239/centro/HG03239_hap1.t2t.pass.bed	/home/senescence/Documents/storage2/hiura/docker/bulk_env/data/00_analysis/Repthoscope.v1.0.0/VallePrep_v0.0.0/results/data/HG03239/hsat23/HG03239_hap1.HSat2and3_Regions.lifted.bed	/home/senescence/Documents/storage2/hiura/docker/bulk_env/data/00_analysis/Repthoscope.v1.0.0/VallePrep_v0.0.0/results/data/HG03239/hsat23/HG03239_hap1.HSat2and3_Regions.HSat2and3.log	16	234
HG03239	HG03239_hap2	PASS	/home/senescence/Documents/storage2/hiura/docker/bulk_env/data/00_analysis/Repthoscope.v1.0.0/VallePrep_v0.0.0/results/data/HG03239/filfa/HG03239_hap2.t2t.filtered.fasta.gz	/home/senescence/Documents/storage2/hiura/docker/bulk_env/data/00_analysis/Repthoscope.v1.0.0/VallePrep_v0.0.0/results/data/HG03239/filfa/HG03239_hap2.t2t.filtered.fasta.gz.fai	/home/senescence/Documents/storage2/hiura/docker/bulk_env/data/00_analysis/Repthoscope.v1.0.0/VallePrep_v0.0.0/results/data/HG03239/centro/HG03239_hap2.t2t.pass.bed	/home/senescence/Documents/storage2/hiura/docker/bulk_env/data/00_analysis/Repthoscope.v1.0.0/VallePrep_v0.0.0/results/data/HG03239/hsat23/HG03239_hap2.HSat2and3_Regions.lifted.bed	/home/senescence/Documents/storage2/hiura/docker/bulk_env/data/00_analysis/Repthoscope.v1.0.0/VallePrep_v0.0.0/results/data/HG03239/hsat23/HG03239_hap2.HSat2and3_Regions.HSat2and3.log	16	111
HG03248	HG03248_hap1	PASS	/home/senescence/Documents/storage2/hiura/docker/bulk_env/data/00_analysis/Repthoscope.v1.0.0/VallePrep_v0.0.0/results/data/HG03248/filfa/HG03248_hap1.t2t.filtered.fasta.gz	/home/senescence/Documents/storage2/hiura/docker/bulk_env/data/00_analysis/Repthoscope.v1.0.0/VallePrep_v0.0.0/results/data/HG03248/filfa/HG03248_hap1.t2t.filtered.fasta.gz.fai	/home/senescence/Documents/storage2/hiura/docker/bulk_env/data/00_analysis/Repthoscope.v1.0.0/VallePrep_v0.0.0/results/data/HG03248/centro/HG03248_hap1.t2t.pass.bed	/home/senescence/Documents/storage2/hiura/docker/bulk_env/data/00_analysis/Repthoscope.v1.0.0/VallePrep_v0.0.0/results/data/HG03248/hsat23/HG03248_hap1.HSat2and3_Regions.lifted.bed	/home/senescence/Documents/storage2/hiura/docker/bulk_env/data/00_analysis/Repthoscope.v1.0.0/VallePrep_v0.0.0/results/data/HG03248/hsat23/HG03248_hap1.HSat2and3_Regions.HSat2and3.log	11	60
HG03248	HG03248_hap2	PASS	/home/senescence/Documents/storage2/hiura/docker/bulk_env/data/00_analysis/Repthoscope.v1.0.0/VallePrep_v0.0.0/results/data/HG03248/filfa/HG03248_hap2.t2t.filtered.fasta.gz	/home/senescence/Documents/storage2/hiura/docker/bulk_env/data/00_analysis/Repthoscope.v1.0.0/VallePrep_v0.0.0/results/data/HG03248/filfa/HG03248_hap2.t2t.filtered.fasta.gz.fai	/home/senescence/Documents/storage2/hiura/docker/bulk_env/data/00_analysis/Repthoscope.v1.0.0/VallePrep_v0.0.0/results/data/HG03248/centro/HG03248_hap2.t2t.pass.bed	/home/senescence/Documents/storage2/hiura/docker/bulk_env/data/00_analysis/Repthoscope.v1.0.0/VallePrep_v0.0.0/results/data/HG03248/hsat23/HG03248_hap2.HSat2and3_Regions.lifted.bed	/home/senescence/Documents/storage2/hiura/docker/bulk_env/data/00_analysis/Repthoscope.v1.0.0/VallePrep_v0.0.0/results/data/HG03248/hsat23/HG03248_hap2.HSat2and3_Regions.HSat2and3.log	14	258
HG03270	HG03270_hap1	PASS	/home/senescence/Documents/storage2/hiura/docker/bulk_env/data/00_analysis/Repthoscope.v1.0.0/VallePrep_v0.0.0/results/data/HG03270/filfa/HG03270_hap1.t2t.filtered.fasta.gz	/home/senescence/Documents/storage2/hiura/docker/bulk_env/data/00_analysis/Repthoscope.v1.0.0/VallePrep_v0.0.0/results/data/HG03270/filfa/HG03270_hap1.t2t.filtered.fasta.gz.fai	/home/senescence/Documents/storage2/hiura/docker/bulk_env/data/00_analysis/Repthoscope.v1.0.0/VallePrep_v0.0.0/results/data/HG03270/centro/HG03270_hap1.t2t.pass.bed	/home/senescence/Documents/storage2/hiura/docker/bulk_env/data/00_analysis/Repthoscope.v1.0.0/VallePrep_v0.0.0/results/data/HG03270/hsat23/HG03270_hap1.HSat2and3_Regions.lifted.bed	/home/senescence/Documents/storage2/hiura/docker/bulk_env/data/00_analysis/Repthoscope.v1.0.0/VallePrep_v0.0.0/results/data/HG03270/hsat23/HG03270_hap1.HSat2and3_Regions.HSat2and3.log	16	222
HG03270	HG03270_hap2	PASS	/home/senescence/Documents/storage2/hiura/docker/bulk_env/data/00_analysis/Repthoscope.v1.0.0/VallePrep_v0.0.0/results/data/HG03270/filfa/HG03270_hap2.t2t.filtered.fasta.gz	/home/senescence/Documents/storage2/hiura/docker/bulk_env/data/00_analysis/Repthoscope.v1.0.0/VallePrep_v0.0.0/results/data/HG03270/filfa/HG03270_hap2.t2t.filtered.fasta.gz.fai	/home/senescence/Documents/storage2/hiura/docker/bulk_env/data/00_analysis/Repthoscope.v1.0.0/VallePrep_v0.0.0/results/data/HG03270/centro/HG03270_hap2.t2t.pass.bed	/home/senescence/Documents/storage2/hiura/docker/bulk_env/data/00_analysis/Repthoscope.v1.0.0/VallePrep_v0.0.0/results/data/HG03270/hsat23/HG03270_hap2.HSat2and3_Regions.lifted.bed	/home/senescence/Documents/storage2/hiura/docker/bulk_env/data/00_analysis/Repthoscope.v1.0.0/VallePrep_v0.0.0/results/data/HG03270/hsat23/HG03270_hap2.HSat2and3_Regions.HSat2and3.log	14	72
HG03369	HG03369_hap1	PASS	/home/senescence/Documents/storage2/hiura/docker/bulk_env/data/00_analysis/Repthoscope.v1.0.0/VallePrep_v0.0.0/results/data/HG03369/filfa/HG03369_hap1.t2t.filtered.fasta.gz	/home/senescence/Documents/storage2/hiura/docker/bulk_env/data/00_analysis/Repthoscope.v1.0.0/VallePrep_v0.0.0/results/data/HG03369/filfa/HG03369_hap1.t2t.filtered.fasta.gz.fai	/home/senescence/Documents/storage2/hiura/docker/bulk_env/data/00_analysis/Repthoscope.v1.0.0/VallePrep_v0.0.0/results/data/HG03369/centro/HG03369_hap1.t2t.pass.bed	/home/senescence/Documents/storage2/hiura/docker/bulk_env/data/00_analysis/Repthoscope.v1.0.0/VallePrep_v0.0.0/results/data/HG03369/hsat23/HG03369_hap1.HSat2and3_Regions.lifted.bed	/home/senescence/Documents/storage2/hiura/docker/bulk_env/data/00_analysis/Repthoscope.v1.0.0/VallePrep_v0.0.0/results/data/HG03369/hsat23/HG03369_hap1.HSat2and3_Regions.HSat2and3.log	14	257
HG03369	HG03369_hap2	PASS	/home/senescence/Documents/storage2/hiura/docker/bulk_env/data/00_analysis/Repthoscope.v1.0.0/VallePrep_v0.0.0/results/data/HG03369/filfa/HG03369_hap2.t2t.filtered.fasta.gz	/home/senescence/Documents/storage2/hiura/docker/bulk_env/data/00_analysis/Repthoscope.v1.0.0/VallePrep_v0.0.0/results/data/HG03369/filfa/HG03369_hap2.t2t.filtered.fasta.gz.fai	/home/senescence/Documents/storage2/hiura/docker/bulk_env/data/00_analysis/Repthoscope.v1.0.0/VallePrep_v0.0.0/results/data/HG03369/centro/HG03369_hap2.t2t.pass.bed	/home/senescence/Documents/storage2/hiura/docker/bulk_env/data/00_analysis/Repthoscope.v1.0.0/VallePrep_v0.0.0/results/data/HG03369/hsat23/HG03369_hap2.HSat2and3_Regions.lifted.bed	/home/senescence/Documents/storage2/hiura/docker/bulk_env/data/00_analysis/Repthoscope.v1.0.0/VallePrep_v0.0.0/results/data/HG03369/hsat23/HG03369_hap2.HSat2and3_Regions.HSat2and3.log	13	257
HG03371	HG03371_hap1	PASS	/home/senescence/Documents/storage2/hiura/docker/bulk_env/data/00_analysis/Repthoscope.v1.0.0/VallePrep_v0.0.0/results/data/HG03371/filfa/HG03371_hap1.t2t.filtered.fasta.gz	/home/senescence/Documents/storage2/hiura/docker/bulk_env/data/00_analysis/Repthoscope.v1.0.0/VallePrep_v0.0.0/results/data/HG03371/filfa/HG03371_hap1.t2t.filtered.fasta.gz.fai	/home/senescence/Documents/storage2/hiura/docker/bulk_env/data/00_analysis/Repthoscope.v1.0.0/VallePrep_v0.0.0/results/data/HG03371/centro/HG03371_hap1.t2t.pass.bed	/home/senescence/Documents/storage2/hiura/docker/bulk_env/data/00_analysis/Repthoscope.v1.0.0/VallePrep_v0.0.0/results/data/HG03371/hsat23/HG03371_hap1.HSat2and3_Regions.lifted.bed	/home/senescence/Documents/storage2/hiura/docker/bulk_env/data/00_analysis/Repthoscope.v1.0.0/VallePrep_v0.0.0/results/data/HG03371/hsat23/HG03371_hap1.HSat2and3_Regions.HSat2and3.log	17	268
HG03371	HG03371_hap2	PASS	/home/senescence/Documents/storage2/hiura/docker/bulk_env/data/00_analysis/Repthoscope.v1.0.0/VallePrep_v0.0.0/results/data/HG03371/filfa/HG03371_hap2.t2t.filtered.fasta.gz	/home/senescence/Documents/storage2/hiura/docker/bulk_env/data/00_analysis/Repthoscope.v1.0.0/VallePrep_v0.0.0/results/data/HG03371/filfa/HG03371_hap2.t2t.filtered.fasta.gz.fai	/home/senescence/Documents/storage2/hiura/docker/bulk_env/data/00_analysis/Repthoscope.v1.0.0/VallePrep_v0.0.0/results/data/HG03371/centro/HG03371_hap2.t2t.pass.bed	/home/senescence/Documents/storage2/hiura/docker/bulk_env/data/00_analysis/Repthoscope.v1.0.0/VallePrep_v0.0.0/results/data/HG03371/hsat23/HG03371_hap2.HSat2and3_Regions.lifted.bed	/home/senescence/Documents/storage2/hiura/docker/bulk_env/data/00_analysis/Repthoscope.v1.0.0/VallePrep_v0.0.0/results/data/HG03371/hsat23/HG03371_hap2.HSat2and3_Regions.HSat2and3.log	18	270
HG03452	HG03452_hap1	PASS	/home/senescence/Documents/storage2/hiura/docker/bulk_env/data/00_analysis/Repthoscope.v1.0.0/VallePrep_v0.0.0/results/data/HG03452/filfa/HG03452_hap1.t2t.filtered.fasta.gz	/home/senescence/Documents/storage2/hiura/docker/bulk_env/data/00_analysis/Repthoscope.v1.0.0/VallePrep_v0.0.0/results/data/HG03452/filfa/HG03452_hap1.t2t.filtered.fasta.gz.fai	/home/senescence/Documents/storage2/hiura/docker/bulk_env/data/00_analysis/Repthoscope.v1.0.0/VallePrep_v0.0.0/results/data/HG03452/centro/HG03452_hap1.t2t.pass.bed	/home/senescence/Documents/storage2/hiura/docker/bulk_env/data/00_analysis/Repthoscope.v1.0.0/VallePrep_v0.0.0/results/data/HG03452/hsat23/HG03452_hap1.HSat2and3_Regions.lifted.bed	/home/senescence/Documents/storage2/hiura/docker/bulk_env/data/00_analysis/Repthoscope.v1.0.0/VallePrep_v0.0.0/results/data/HG03452/hsat23/HG03452_hap1.HSat2and3_Regions.HSat2and3.log	14	116
HG03452	HG03452_hap2	PASS	/home/senescence/Documents/storage2/hiura/docker/bulk_env/data/00_analysis/Repthoscope.v1.0.0/VallePrep_v0.0.0/results/data/HG03452/filfa/HG03452_hap2.t2t.filtered.fasta.gz	/home/senescence/Documents/storage2/hiura/docker/bulk_env/data/00_analysis/Repthoscope.v1.0.0/VallePrep_v0.0.0/results/data/HG03452/filfa/HG03452_hap2.t2t.filtered.fasta.gz.fai	/home/senescence/Documents/storage2/hiura/docker/bulk_env/data/00_analysis/Repthoscope.v1.0.0/VallePrep_v0.0.0/results/data/HG03452/centro/HG03452_hap2.t2t.pass.bed	/home/senescence/Documents/storage2/hiura/docker/bulk_env/data/00_analysis/Repthoscope.v1.0.0/VallePrep_v0.0.0/results/data/HG03452/hsat23/HG03452_hap2.HSat2and3_Regions.lifted.bed	/home/senescence/Documents/storage2/hiura/docker/bulk_env/data/00_analysis/Repthoscope.v1.0.0/VallePrep_v0.0.0/results/data/HG03452/hsat23/HG03452_hap2.HSat2and3_Regions.HSat2and3.log	13	218
HG03453	HG03453_hap1	PASS	/home/senescence/Documents/storage2/hiura/docker/bulk_env/data/00_analysis/Repthoscope.v1.0.0/VallePrep_v0.0.0/results/data/HG03453/filfa/HG03453_hap1.t2t.filtered.fasta.gz	/home/senescence/Documents/storage2/hiura/docker/bulk_env/data/00_analysis/Repthoscope.v1.0.0/VallePrep_v0.0.0/results/data/HG03453/filfa/HG03453_hap1.t2t.filtered.fasta.gz.fai	/home/senescence/Documents/storage2/hiura/docker/bulk_env/data/00_analysis/Repthoscope.v1.0.0/VallePrep_v0.0.0/results/data/HG03453/centro/HG03453_hap1.t2t.pass.bed	/home/senescence/Documents/storage2/hiura/docker/bulk_env/data/00_analysis/Repthoscope.v1.0.0/VallePrep_v0.0.0/results/data/HG03453/hsat23/HG03453_hap1.HSat2and3_Regions.lifted.bed	/home/senescence/Documents/storage2/hiura/docker/bulk_env/data/00_analysis/Repthoscope.v1.0.0/VallePrep_v0.0.0/results/data/HG03453/hsat23/HG03453_hap1.HSat2and3_Regions.HSat2and3.log	14	246
HG03453	HG03453_hap2	PASS	/home/senescence/Documents/storage2/hiura/docker/bulk_env/data/00_analysis/Repthoscope.v1.0.0/VallePrep_v0.0.0/results/data/HG03453/filfa/HG03453_hap2.t2t.filtered.fasta.gz	/home/senescence/Documents/storage2/hiura/docker/bulk_env/data/00_analysis/Repthoscope.v1.0.0/VallePrep_v0.0.0/results/data/HG03453/filfa/HG03453_hap2.t2t.filtered.fasta.gz.fai	/home/senescence/Documents/storage2/hiura/docker/bulk_env/data/00_analysis/Repthoscope.v1.0.0/VallePrep_v0.0.0/results/data/HG03453/centro/HG03453_hap2.t2t.pass.bed	/home/senescence/Documents/storage2/hiura/docker/bulk_env/data/00_analysis/Repthoscope.v1.0.0/VallePrep_v0.0.0/results/data/HG03453/hsat23/HG03453_hap2.HSat2and3_Regions.lifted.bed	/home/senescence/Documents/storage2/hiura/docker/bulk_env/data/00_analysis/Repthoscope.v1.0.0/VallePrep_v0.0.0/results/data/HG03453/hsat23/HG03453_hap2.HSat2and3_Regions.HSat2and3.log	14	235
HG03456	HG03456_hap1	PASS	/home/senescence/Documents/storage2/hiura/docker/bulk_env/data/00_analysis/Repthoscope.v1.0.0/VallePrep_v0.0.0/results/data/HG03456/filfa/HG03456_hap1.t2t.filtered.fasta.gz	/home/senescence/Documents/storage2/hiura/docker/bulk_env/data/00_analysis/Repthoscope.v1.0.0/VallePrep_v0.0.0/results/data/HG03456/filfa/HG03456_hap1.t2t.filtered.fasta.gz.fai	/home/senescence/Documents/storage2/hiura/docker/bulk_env/data/00_analysis/Repthoscope.v1.0.0/VallePrep_v0.0.0/results/data/HG03456/centro/HG03456_hap1.t2t.pass.bed	/home/senescence/Documents/storage2/hiura/docker/bulk_env/data/00_analysis/Repthoscope.v1.0.0/VallePrep_v0.0.0/results/data/HG03456/hsat23/HG03456_hap1.HSat2and3_Regions.lifted.bed	/home/senescence/Documents/storage2/hiura/docker/bulk_env/data/00_analysis/Repthoscope.v1.0.0/VallePrep_v0.0.0/results/data/HG03456/hsat23/HG03456_hap1.HSat2and3_Regions.HSat2and3.log	16	268
HG03456	HG03456_hap2	PASS	/home/senescence/Documents/storage2/hiura/docker/bulk_env/data/00_analysis/Repthoscope.v1.0.0/VallePrep_v0.0.0/results/data/HG03456/filfa/HG03456_hap2.t2t.filtered.fasta.gz	/home/senescence/Documents/storage2/hiura/docker/bulk_env/data/00_analysis/Repthoscope.v1.0.0/VallePrep_v0.0.0/results/data/HG03456/filfa/HG03456_hap2.t2t.filtered.fasta.gz.fai	/home/senescence/Documents/storage2/hiura/docker/bulk_env/data/00_analysis/Repthoscope.v1.0.0/VallePrep_v0.0.0/results/data/HG03456/centro/HG03456_hap2.t2t.pass.bed	/home/senescence/Documents/storage2/hiura/docker/bulk_env/data/00_analysis/Repthoscope.v1.0.0/VallePrep_v0.0.0/results/data/HG03456/hsat23/HG03456_hap2.HSat2and3_Regions.lifted.bed	/home/senescence/Documents/storage2/hiura/docker/bulk_env/data/00_analysis/Repthoscope.v1.0.0/VallePrep_v0.0.0/results/data/HG03456/hsat23/HG03456_hap2.HSat2and3_Regions.HSat2and3.log	17	216
HG03470	HG03470_hap1	PASS	/home/senescence/Documents/storage2/hiura/docker/bulk_env/data/00_analysis/Repthoscope.v1.0.0/VallePrep_v0.0.0/results/data/HG03470/filfa/HG03470_hap1.t2t.filtered.fasta.gz	/home/senescence/Documents/storage2/hiura/docker/bulk_env/data/00_analysis/Repthoscope.v1.0.0/VallePrep_v0.0.0/results/data/HG03470/filfa/HG03470_hap1.t2t.filtered.fasta.gz.fai	/home/senescence/Documents/storage2/hiura/docker/bulk_env/data/00_analysis/Repthoscope.v1.0.0/VallePrep_v0.0.0/results/data/HG03470/centro/HG03470_hap1.t2t.pass.bed	/home/senescence/Documents/storage2/hiura/docker/bulk_env/data/00_analysis/Repthoscope.v1.0.0/VallePrep_v0.0.0/results/data/HG03470/hsat23/HG03470_hap1.HSat2and3_Regions.lifted.bed	/home/senescence/Documents/storage2/hiura/docker/bulk_env/data/00_analysis/Repthoscope.v1.0.0/VallePrep_v0.0.0/results/data/HG03470/hsat23/HG03470_hap1.HSat2and3_Regions.HSat2and3.log	17	270
HG03470	HG03470_hap2	PASS	/home/senescence/Documents/storage2/hiura/docker/bulk_env/data/00_analysis/Repthoscope.v1.0.0/VallePrep_v0.0.0/results/data/HG03470/filfa/HG03470_hap2.t2t.filtered.fasta.gz	/home/senescence/Documents/storage2/hiura/docker/bulk_env/data/00_analysis/Repthoscope.v1.0.0/VallePrep_v0.0.0/results/data/HG03470/filfa/HG03470_hap2.t2t.filtered.fasta.gz.fai	/home/senescence/Documents/storage2/hiura/docker/bulk_env/data/00_analysis/Repthoscope.v1.0.0/VallePrep_v0.0.0/results/data/HG03470/centro/HG03470_hap2.t2t.pass.bed	/home/senescence/Documents/storage2/hiura/docker/bulk_env/data/00_analysis/Repthoscope.v1.0.0/VallePrep_v0.0.0/results/data/HG03470/hsat23/HG03470_hap2.HSat2and3_Regions.lifted.bed	/home/senescence/Documents/storage2/hiura/docker/bulk_env/data/00_analysis/Repthoscope.v1.0.0/VallePrep_v0.0.0/results/data/HG03470/hsat23/HG03470_hap2.HSat2and3_Regions.HSat2and3.log	17	303
HG03471	HG03471_hap1	PASS	/home/senescence/Documents/storage2/hiura/docker/bulk_env/data/00_analysis/Repthoscope.v1.0.0/VallePrep_v0.0.0/results/data/HG03471/filfa/HG03471_hap1.t2t.filtered.fasta.gz	/home/senescence/Documents/storage2/hiura/docker/bulk_env/data/00_analysis/Repthoscope.v1.0.0/VallePrep_v0.0.0/results/data/HG03471/filfa/HG03471_hap1.t2t.filtered.fasta.gz.fai	/home/senescence/Documents/storage2/hiura/docker/bulk_env/data/00_analysis/Repthoscope.v1.0.0/VallePrep_v0.0.0/results/data/HG03471/centro/HG03471_hap1.t2t.pass.bed	/home/senescence/Documents/storage2/hiura/docker/bulk_env/data/00_analysis/Repthoscope.v1.0.0/VallePrep_v0.0.0/results/data/HG03471/hsat23/HG03471_hap1.HSat2and3_Regions.lifted.bed	/home/senescence/Documents/storage2/hiura/docker/bulk_env/data/00_analysis/Repthoscope.v1.0.0/VallePrep_v0.0.0/results/data/HG03471/hsat23/HG03471_hap1.HSat2and3_Regions.HSat2and3.log	11	58
HG03471	HG03471_hap2	PASS	/home/senescence/Documents/storage2/hiura/docker/bulk_env/data/00_analysis/Repthoscope.v1.0.0/VallePrep_v0.0.0/results/data/HG03471/filfa/HG03471_hap2.t2t.filtered.fasta.gz	/home/senescence/Documents/storage2/hiura/docker/bulk_env/data/00_analysis/Repthoscope.v1.0.0/VallePrep_v0.0.0/results/data/HG03471/filfa/HG03471_hap2.t2t.filtered.fasta.gz.fai	/home/senescence/Documents/storage2/hiura/docker/bulk_env/data/00_analysis/Repthoscope.v1.0.0/VallePrep_v0.0.0/results/data/HG03471/centro/HG03471_hap2.t2t.pass.bed	/home/senescence/Documents/storage2/hiura/docker/bulk_env/data/00_analysis/Repthoscope.v1.0.0/VallePrep_v0.0.0/results/data/HG03471/hsat23/HG03471_hap2.HSat2and3_Regions.lifted.bed	/home/senescence/Documents/storage2/hiura/docker/bulk_env/data/00_analysis/Repthoscope.v1.0.0/VallePrep_v0.0.0/results/data/HG03471/hsat23/HG03471_hap2.HSat2and3_Regions.HSat2and3.log	13	247
HG03486	HG03486_hap1	PASS	/home/senescence/Documents/storage2/hiura/docker/bulk_env/data/00_analysis/Repthoscope.v1.0.0/VallePrep_v0.0.0/results/data/HG03486/filfa/HG03486_hap1.t2t.filtered.fasta.gz	/home/senescence/Documents/storage2/hiura/docker/bulk_env/data/00_analysis/Repthoscope.v1.0.0/VallePrep_v0.0.0/results/data/HG03486/filfa/HG03486_hap1.t2t.filtered.fasta.gz.fai	/home/senescence/Documents/storage2/hiura/docker/bulk_env/data/00_analysis/Repthoscope.v1.0.0/VallePrep_v0.0.0/results/data/HG03486/centro/HG03486_hap1.t2t.pass.bed	/home/senescence/Documents/storage2/hiura/docker/bulk_env/data/00_analysis/Repthoscope.v1.0.0/VallePrep_v0.0.0/results/data/HG03486/hsat23/HG03486_hap1.HSat2and3_Regions.lifted.bed	/home/senescence/Documents/storage2/hiura/docker/bulk_env/data/00_analysis/Repthoscope.v1.0.0/VallePrep_v0.0.0/results/data/HG03486/hsat23/HG03486_hap1.HSat2and3_Regions.HSat2and3.log	14	180
HG03486	HG03486_hap2	PASS	/home/senescence/Documents/storage2/hiura/docker/bulk_env/data/00_analysis/Repthoscope.v1.0.0/VallePrep_v0.0.0/results/data/HG03486/filfa/HG03486_hap2.t2t.filtered.fasta.gz	/home/senescence/Documents/storage2/hiura/docker/bulk_env/data/00_analysis/Repthoscope.v1.0.0/VallePrep_v0.0.0/results/data/HG03486/filfa/HG03486_hap2.t2t.filtered.fasta.gz.fai	/home/senescence/Documents/storage2/hiura/docker/bulk_env/data/00_analysis/Repthoscope.v1.0.0/VallePrep_v0.0.0/results/data/HG03486/centro/HG03486_hap2.t2t.pass.bed	/home/senescence/Documents/storage2/hiura/docker/bulk_env/data/00_analysis/Repthoscope.v1.0.0/VallePrep_v0.0.0/results/data/HG03486/hsat23/HG03486_hap2.HSat2and3_Regions.lifted.bed	/home/senescence/Documents/storage2/hiura/docker/bulk_env/data/00_analysis/Repthoscope.v1.0.0/VallePrep_v0.0.0/results/data/HG03486/hsat23/HG03486_hap2.HSat2and3_Regions.HSat2and3.log	15	231
HG03516	HG03516_hap1	PASS	/home/senescence/Documents/storage2/hiura/docker/bulk_env/data/00_analysis/Repthoscope.v1.0.0/VallePrep_v0.0.0/results/data/HG03516/filfa/HG03516_hap1.t2t.filtered.fasta.gz	/home/senescence/Documents/storage2/hiura/docker/bulk_env/data/00_analysis/Repthoscope.v1.0.0/VallePrep_v0.0.0/results/data/HG03516/filfa/HG03516_hap1.t2t.filtered.fasta.gz.fai	/home/senescence/Documents/storage2/hiura/docker/bulk_env/data/00_analysis/Repthoscope.v1.0.0/VallePrep_v0.0.0/results/data/HG03516/centro/HG03516_hap1.t2t.pass.bed	/home/senescence/Documents/storage2/hiura/docker/bulk_env/data/00_analysis/Repthoscope.v1.0.0/VallePrep_v0.0.0/results/data/HG03516/hsat23/HG03516_hap1.HSat2and3_Regions.lifted.bed	/home/senescence/Documents/storage2/hiura/docker/bulk_env/data/00_analysis/Repthoscope.v1.0.0/VallePrep_v0.0.0/results/data/HG03516/hsat23/HG03516_hap1.HSat2and3_Regions.HSat2and3.log	16	195
HG03516	HG03516_hap2	PASS	/home/senescence/Documents/storage2/hiura/docker/bulk_env/data/00_analysis/Repthoscope.v1.0.0/VallePrep_v0.0.0/results/data/HG03516/filfa/HG03516_hap2.t2t.filtered.fasta.gz	/home/senescence/Documents/storage2/hiura/docker/bulk_env/data/00_analysis/Repthoscope.v1.0.0/VallePrep_v0.0.0/results/data/HG03516/filfa/HG03516_hap2.t2t.filtered.fasta.gz.fai	/home/senescence/Documents/storage2/hiura/docker/bulk_env/data/00_analysis/Repthoscope.v1.0.0/VallePrep_v0.0.0/results/data/HG03516/centro/HG03516_hap2.t2t.pass.bed	/home/senescence/Documents/storage2/hiura/docker/bulk_env/data/00_analysis/Repthoscope.v1.0.0/VallePrep_v0.0.0/results/data/HG03516/hsat23/HG03516_hap2.HSat2and3_Regions.lifted.bed	/home/senescence/Documents/storage2/hiura/docker/bulk_env/data/00_analysis/Repthoscope.v1.0.0/VallePrep_v0.0.0/results/data/HG03516/hsat23/HG03516_hap2.HSat2and3_Regions.HSat2and3.log	16	317
HG03520	HG03520_hap1	PASS	/home/senescence/Documents/storage2/hiura/docker/bulk_env/data/00_analysis/Repthoscope.v1.0.0/VallePrep_v0.0.0/results/data/HG03520/filfa/HG03520_hap1.t2t.filtered.fasta.gz	/home/senescence/Documents/storage2/hiura/docker/bulk_env/data/00_analysis/Repthoscope.v1.0.0/VallePrep_v0.0.0/results/data/HG03520/filfa/HG03520_hap1.t2t.filtered.fasta.gz.fai	/home/senescence/Documents/storage2/hiura/docker/bulk_env/data/00_analysis/Repthoscope.v1.0.0/VallePrep_v0.0.0/results/data/HG03520/centro/HG03520_hap1.t2t.pass.bed	/home/senescence/Documents/storage2/hiura/docker/bulk_env/data/00_analysis/Repthoscope.v1.0.0/VallePrep_v0.0.0/results/data/HG03520/hsat23/HG03520_hap1.HSat2and3_Regions.lifted.bed	/home/senescence/Documents/storage2/hiura/docker/bulk_env/data/00_analysis/Repthoscope.v1.0.0/VallePrep_v0.0.0/results/data/HG03520/hsat23/HG03520_hap1.HSat2and3_Regions.HSat2and3.log	15	248
HG03520	HG03520_hap2	PASS	/home/senescence/Documents/storage2/hiura/docker/bulk_env/data/00_analysis/Repthoscope.v1.0.0/VallePrep_v0.0.0/results/data/HG03520/filfa/HG03520_hap2.t2t.filtered.fasta.gz	/home/senescence/Documents/storage2/hiura/docker/bulk_env/data/00_analysis/Repthoscope.v1.0.0/VallePrep_v0.0.0/results/data/HG03520/filfa/HG03520_hap2.t2t.filtered.fasta.gz.fai	/home/senescence/Documents/storage2/hiura/docker/bulk_env/data/00_analysis/Repthoscope.v1.0.0/VallePrep_v0.0.0/results/data/HG03520/centro/HG03520_hap2.t2t.pass.bed	/home/senescence/Documents/storage2/hiura/docker/bulk_env/data/00_analysis/Repthoscope.v1.0.0/VallePrep_v0.0.0/results/data/HG03520/hsat23/HG03520_hap2.HSat2and3_Regions.lifted.bed	/home/senescence/Documents/storage2/hiura/docker/bulk_env/data/00_analysis/Repthoscope.v1.0.0/VallePrep_v0.0.0/results/data/HG03520/hsat23/HG03520_hap2.HSat2and3_Regions.HSat2and3.log	15	201
HG03521	HG03521_hap1	PASS	/home/senescence/Documents/storage2/hiura/docker/bulk_env/data/00_analysis/Repthoscope.v1.0.0/VallePrep_v0.0.0/results/data/HG03521/filfa/HG03521_hap1.t2t.filtered.fasta.gz	/home/senescence/Documents/storage2/hiura/docker/bulk_env/data/00_analysis/Repthoscope.v1.0.0/VallePrep_v0.0.0/results/data/HG03521/filfa/HG03521_hap1.t2t.filtered.fasta.gz.fai	/home/senescence/Documents/storage2/hiura/docker/bulk_env/data/00_analysis/Repthoscope.v1.0.0/VallePrep_v0.0.0/results/data/HG03521/centro/HG03521_hap1.t2t.pass.bed	/home/senescence/Documents/storage2/hiura/docker/bulk_env/data/00_analysis/Repthoscope.v1.0.0/VallePrep_v0.0.0/results/data/HG03521/hsat23/HG03521_hap1.HSat2and3_Regions.lifted.bed	/home/senescence/Documents/storage2/hiura/docker/bulk_env/data/00_analysis/Repthoscope.v1.0.0/VallePrep_v0.0.0/results/data/HG03521/hsat23/HG03521_hap1.HSat2and3_Regions.HSat2and3.log	14	129
HG03521	HG03521_hap2	PASS	/home/senescence/Documents/storage2/hiura/docker/bulk_env/data/00_analysis/Repthoscope.v1.0.0/VallePrep_v0.0.0/results/data/HG03521/filfa/HG03521_hap2.t2t.filtered.fasta.gz	/home/senescence/Documents/storage2/hiura/docker/bulk_env/data/00_analysis/Repthoscope.v1.0.0/VallePrep_v0.0.0/results/data/HG03521/filfa/HG03521_hap2.t2t.filtered.fasta.gz.fai	/home/senescence/Documents/storage2/hiura/docker/bulk_env/data/00_analysis/Repthoscope.v1.0.0/VallePrep_v0.0.0/results/data/HG03521/centro/HG03521_hap2.t2t.pass.bed	/home/senescence/Documents/storage2/hiura/docker/bulk_env/data/00_analysis/Repthoscope.v1.0.0/VallePrep_v0.0.0/results/data/HG03521/hsat23/HG03521_hap2.HSat2and3_Regions.lifted.bed	/home/senescence/Documents/storage2/hiura/docker/bulk_env/data/00_analysis/Repthoscope.v1.0.0/VallePrep_v0.0.0/results/data/HG03521/hsat23/HG03521_hap2.HSat2and3_Regions.HSat2and3.log	14	88
HG03540	HG03540_hap1	PASS	/home/senescence/Documents/storage2/hiura/docker/bulk_env/data/00_analysis/Repthoscope.v1.0.0/VallePrep_v0.0.0/results/data/HG03540/filfa/HG03540_hap1.t2t.filtered.fasta.gz	/home/senescence/Documents/storage2/hiura/docker/bulk_env/data/00_analysis/Repthoscope.v1.0.0/VallePrep_v0.0.0/results/data/HG03540/filfa/HG03540_hap1.t2t.filtered.fasta.gz.fai	/home/senescence/Documents/storage2/hiura/docker/bulk_env/data/00_analysis/Repthoscope.v1.0.0/VallePrep_v0.0.0/results/data/HG03540/centro/HG03540_hap1.t2t.pass.bed	/home/senescence/Documents/storage2/hiura/docker/bulk_env/data/00_analysis/Repthoscope.v1.0.0/VallePrep_v0.0.0/results/data/HG03540/hsat23/HG03540_hap1.HSat2and3_Regions.lifted.bed	/home/senescence/Documents/storage2/hiura/docker/bulk_env/data/00_analysis/Repthoscope.v1.0.0/VallePrep_v0.0.0/results/data/HG03540/hsat23/HG03540_hap1.HSat2and3_Regions.HSat2and3.log	15	308
HG03540	HG03540_hap2	PASS	/home/senescence/Documents/storage2/hiura/docker/bulk_env/data/00_analysis/Repthoscope.v1.0.0/VallePrep_v0.0.0/results/data/HG03540/filfa/HG03540_hap2.t2t.filtered.fasta.gz	/home/senescence/Documents/storage2/hiura/docker/bulk_env/data/00_analysis/Repthoscope.v1.0.0/VallePrep_v0.0.0/results/data/HG03540/filfa/HG03540_hap2.t2t.filtered.fasta.gz.fai	/home/senescence/Documents/storage2/hiura/docker/bulk_env/data/00_analysis/Repthoscope.v1.0.0/VallePrep_v0.0.0/results/data/HG03540/centro/HG03540_hap2.t2t.pass.bed	/home/senescence/Documents/storage2/hiura/docker/bulk_env/data/00_analysis/Repthoscope.v1.0.0/VallePrep_v0.0.0/results/data/HG03540/hsat23/HG03540_hap2.HSat2and3_Regions.lifted.bed	/home/senescence/Documents/storage2/hiura/docker/bulk_env/data/00_analysis/Repthoscope.v1.0.0/VallePrep_v0.0.0/results/data/HG03540/hsat23/HG03540_hap2.HSat2and3_Regions.HSat2and3.log	13	94
HG03579	HG03579_hap1	PASS	/home/senescence/Documents/storage2/hiura/docker/bulk_env/data/00_analysis/Repthoscope.v1.0.0/VallePrep_v0.0.0/results/data/HG03579/filfa/HG03579_hap1.t2t.filtered.fasta.gz	/home/senescence/Documents/storage2/hiura/docker/bulk_env/data/00_analysis/Repthoscope.v1.0.0/VallePrep_v0.0.0/results/data/HG03579/filfa/HG03579_hap1.t2t.filtered.fasta.gz.fai	/home/senescence/Documents/storage2/hiura/docker/bulk_env/data/00_analysis/Repthoscope.v1.0.0/VallePrep_v0.0.0/results/data/HG03579/centro/HG03579_hap1.t2t.pass.bed	/home/senescence/Documents/storage2/hiura/docker/bulk_env/data/00_analysis/Repthoscope.v1.0.0/VallePrep_v0.0.0/results/data/HG03579/hsat23/HG03579_hap1.HSat2and3_Regions.lifted.bed	/home/senescence/Documents/storage2/hiura/docker/bulk_env/data/00_analysis/Repthoscope.v1.0.0/VallePrep_v0.0.0/results/data/HG03579/hsat23/HG03579_hap1.HSat2and3_Regions.HSat2and3.log	14	185
HG03579	HG03579_hap2	PASS	/home/senescence/Documents/storage2/hiura/docker/bulk_env/data/00_analysis/Repthoscope.v1.0.0/VallePrep_v0.0.0/results/data/HG03579/filfa/HG03579_hap2.t2t.filtered.fasta.gz	/home/senescence/Documents/storage2/hiura/docker/bulk_env/data/00_analysis/Repthoscope.v1.0.0/VallePrep_v0.0.0/results/data/HG03579/filfa/HG03579_hap2.t2t.filtered.fasta.gz.fai	/home/senescence/Documents/storage2/hiura/docker/bulk_env/data/00_analysis/Repthoscope.v1.0.0/VallePrep_v0.0.0/results/data/HG03579/centro/HG03579_hap2.t2t.pass.bed	/home/senescence/Documents/storage2/hiura/docker/bulk_env/data/00_analysis/Repthoscope.v1.0.0/VallePrep_v0.0.0/results/data/HG03579/hsat23/HG03579_hap2.HSat2and3_Regions.lifted.bed	/home/senescence/Documents/storage2/hiura/docker/bulk_env/data/00_analysis/Repthoscope.v1.0.0/VallePrep_v0.0.0/results/data/HG03579/hsat23/HG03579_hap2.HSat2and3_Regions.HSat2and3.log	15	276
HG03583	HG03583_hap1	PASS	/home/senescence/Documents/storage2/hiura/docker/bulk_env/data/00_analysis/Repthoscope.v1.0.0/VallePrep_v0.0.0/results/data/HG03583/filfa/HG03583_hap1.t2t.filtered.fasta.gz	/home/senescence/Documents/storage2/hiura/docker/bulk_env/data/00_analysis/Repthoscope.v1.0.0/VallePrep_v0.0.0/results/data/HG03583/filfa/HG03583_hap1.t2t.filtered.fasta.gz.fai	/home/senescence/Documents/storage2/hiura/docker/bulk_env/data/00_analysis/Repthoscope.v1.0.0/VallePrep_v0.0.0/results/data/HG03583/centro/HG03583_hap1.t2t.pass.bed	/home/senescence/Documents/storage2/hiura/docker/bulk_env/data/00_analysis/Repthoscope.v1.0.0/VallePrep_v0.0.0/results/data/HG03583/hsat23/HG03583_hap1.HSat2and3_Regions.lifted.bed	/home/senescence/Documents/storage2/hiura/docker/bulk_env/data/00_analysis/Repthoscope.v1.0.0/VallePrep_v0.0.0/results/data/HG03583/hsat23/HG03583_hap1.HSat2and3_Regions.HSat2and3.log	16	90
HG03583	HG03583_hap2	PASS	/home/senescence/Documents/storage2/hiura/docker/bulk_env/data/00_analysis/Repthoscope.v1.0.0/VallePrep_v0.0.0/results/data/HG03583/filfa/HG03583_hap2.t2t.filtered.fasta.gz	/home/senescence/Documents/storage2/hiura/docker/bulk_env/data/00_analysis/Repthoscope.v1.0.0/VallePrep_v0.0.0/results/data/HG03583/filfa/HG03583_hap2.t2t.filtered.fasta.gz.fai	/home/senescence/Documents/storage2/hiura/docker/bulk_env/data/00_analysis/Repthoscope.v1.0.0/VallePrep_v0.0.0/results/data/HG03583/centro/HG03583_hap2.t2t.pass.bed	/home/senescence/Documents/storage2/hiura/docker/bulk_env/data/00_analysis/Repthoscope.v1.0.0/VallePrep_v0.0.0/results/data/HG03583/hsat23/HG03583_hap2.HSat2and3_Regions.lifted.bed	/home/senescence/Documents/storage2/hiura/docker/bulk_env/data/00_analysis/Repthoscope.v1.0.0/VallePrep_v0.0.0/results/data/HG03583/hsat23/HG03583_hap2.HSat2and3_Regions.HSat2and3.log	15	100
HG03654	HG03654_hap1	PASS	/home/senescence/Documents/storage2/hiura/docker/bulk_env/data/00_analysis/Repthoscope.v1.0.0/VallePrep_v0.0.0/results/data/HG03654/filfa/HG03654_hap1.t2t.filtered.fasta.gz	/home/senescence/Documents/storage2/hiura/docker/bulk_env/data/00_analysis/Repthoscope.v1.0.0/VallePrep_v0.0.0/results/data/HG03654/filfa/HG03654_hap1.t2t.filtered.fasta.gz.fai	/home/senescence/Documents/storage2/hiura/docker/bulk_env/data/00_analysis/Repthoscope.v1.0.0/VallePrep_v0.0.0/results/data/HG03654/centro/HG03654_hap1.t2t.pass.bed	/home/senescence/Documents/storage2/hiura/docker/bulk_env/data/00_analysis/Repthoscope.v1.0.0/VallePrep_v0.0.0/results/data/HG03654/hsat23/HG03654_hap1.HSat2and3_Regions.lifted.bed	/home/senescence/Documents/storage2/hiura/docker/bulk_env/data/00_analysis/Repthoscope.v1.0.0/VallePrep_v0.0.0/results/data/HG03654/hsat23/HG03654_hap1.HSat2and3_Regions.HSat2and3.log	15	248
HG03654	HG03654_hap2	PASS	/home/senescence/Documents/storage2/hiura/docker/bulk_env/data/00_analysis/Repthoscope.v1.0.0/VallePrep_v0.0.0/results/data/HG03654/filfa/HG03654_hap2.t2t.filtered.fasta.gz	/home/senescence/Documents/storage2/hiura/docker/bulk_env/data/00_analysis/Repthoscope.v1.0.0/VallePrep_v0.0.0/results/data/HG03654/filfa/HG03654_hap2.t2t.filtered.fasta.gz.fai	/home/senescence/Documents/storage2/hiura/docker/bulk_env/data/00_analysis/Repthoscope.v1.0.0/VallePrep_v0.0.0/results/data/HG03654/centro/HG03654_hap2.t2t.pass.bed	/home/senescence/Documents/storage2/hiura/docker/bulk_env/data/00_analysis/Repthoscope.v1.0.0/VallePrep_v0.0.0/results/data/HG03654/hsat23/HG03654_hap2.HSat2and3_Regions.lifted.bed	/home/senescence/Documents/storage2/hiura/docker/bulk_env/data/00_analysis/Repthoscope.v1.0.0/VallePrep_v0.0.0/results/data/HG03654/hsat23/HG03654_hap2.HSat2and3_Regions.HSat2and3.log	15	225
HG03669	HG03669_hap1	PASS	/home/senescence/Documents/storage2/hiura/docker/bulk_env/data/00_analysis/Repthoscope.v1.0.0/VallePrep_v0.0.0/results/data/HG03669/filfa/HG03669_hap1.t2t.filtered.fasta.gz	/home/senescence/Documents/storage2/hiura/docker/bulk_env/data/00_analysis/Repthoscope.v1.0.0/VallePrep_v0.0.0/results/data/HG03669/filfa/HG03669_hap1.t2t.filtered.fasta.gz.fai	/home/senescence/Documents/storage2/hiura/docker/bulk_env/data/00_analysis/Repthoscope.v1.0.0/VallePrep_v0.0.0/results/data/HG03669/centro/HG03669_hap1.t2t.pass.bed	/home/senescence/Documents/storage2/hiura/docker/bulk_env/data/00_analysis/Repthoscope.v1.0.0/VallePrep_v0.0.0/results/data/HG03669/hsat23/HG03669_hap1.HSat2and3_Regions.lifted.bed	/home/senescence/Documents/storage2/hiura/docker/bulk_env/data/00_analysis/Repthoscope.v1.0.0/VallePrep_v0.0.0/results/data/HG03669/hsat23/HG03669_hap1.HSat2and3_Regions.HSat2and3.log	14	243
HG03669	HG03669_hap2	PASS	/home/senescence/Documents/storage2/hiura/docker/bulk_env/data/00_analysis/Repthoscope.v1.0.0/VallePrep_v0.0.0/results/data/HG03669/filfa/HG03669_hap2.t2t.filtered.fasta.gz	/home/senescence/Documents/storage2/hiura/docker/bulk_env/data/00_analysis/Repthoscope.v1.0.0/VallePrep_v0.0.0/results/data/HG03669/filfa/HG03669_hap2.t2t.filtered.fasta.gz.fai	/home/senescence/Documents/storage2/hiura/docker/bulk_env/data/00_analysis/Repthoscope.v1.0.0/VallePrep_v0.0.0/results/data/HG03669/centro/HG03669_hap2.t2t.pass.bed	/home/senescence/Documents/storage2/hiura/docker/bulk_env/data/00_analysis/Repthoscope.v1.0.0/VallePrep_v0.0.0/results/data/HG03669/hsat23/HG03669_hap2.HSat2and3_Regions.lifted.bed	/home/senescence/Documents/storage2/hiura/docker/bulk_env/data/00_analysis/Repthoscope.v1.0.0/VallePrep_v0.0.0/results/data/HG03669/hsat23/HG03669_hap2.HSat2and3_Regions.HSat2and3.log	13	94
HG03683	HG03683_hap1	PASS	/home/senescence/Documents/storage2/hiura/docker/bulk_env/data/00_analysis/Repthoscope.v1.0.0/VallePrep_v0.0.0/results/data/HG03683/filfa/HG03683_hap1.t2t.filtered.fasta.gz	/home/senescence/Documents/storage2/hiura/docker/bulk_env/data/00_analysis/Repthoscope.v1.0.0/VallePrep_v0.0.0/results/data/HG03683/filfa/HG03683_hap1.t2t.filtered.fasta.gz.fai	/home/senescence/Documents/storage2/hiura/docker/bulk_env/data/00_analysis/Repthoscope.v1.0.0/VallePrep_v0.0.0/results/data/HG03683/centro/HG03683_hap1.t2t.pass.bed	/home/senescence/Documents/storage2/hiura/docker/bulk_env/data/00_analysis/Repthoscope.v1.0.0/VallePrep_v0.0.0/results/data/HG03683/hsat23/HG03683_hap1.HSat2and3_Regions.lifted.bed	/home/senescence/Documents/storage2/hiura/docker/bulk_env/data/00_analysis/Repthoscope.v1.0.0/VallePrep_v0.0.0/results/data/HG03683/hsat23/HG03683_hap1.HSat2and3_Regions.HSat2and3.log	14	151
HG03683	HG03683_hap2	PASS	/home/senescence/Documents/storage2/hiura/docker/bulk_env/data/00_analysis/Repthoscope.v1.0.0/VallePrep_v0.0.0/results/data/HG03683/filfa/HG03683_hap2.t2t.filtered.fasta.gz	/home/senescence/Documents/storage2/hiura/docker/bulk_env/data/00_analysis/Repthoscope.v1.0.0/VallePrep_v0.0.0/results/data/HG03683/filfa/HG03683_hap2.t2t.filtered.fasta.gz.fai	/home/senescence/Documents/storage2/hiura/docker/bulk_env/data/00_analysis/Repthoscope.v1.0.0/VallePrep_v0.0.0/results/data/HG03683/centro/HG03683_hap2.t2t.pass.bed	/home/senescence/Documents/storage2/hiura/docker/bulk_env/data/00_analysis/Repthoscope.v1.0.0/VallePrep_v0.0.0/results/data/HG03683/hsat23/HG03683_hap2.HSat2and3_Regions.lifted.bed	/home/senescence/Documents/storage2/hiura/docker/bulk_env/data/00_analysis/Repthoscope.v1.0.0/VallePrep_v0.0.0/results/data/HG03683/hsat23/HG03683_hap2.HSat2and3_Regions.HSat2and3.log	17	111
HG03688	HG03688_hap1	PASS	/home/senescence/Documents/storage2/hiura/docker/bulk_env/data/00_analysis/Repthoscope.v1.0.0/VallePrep_v0.0.0/results/data/HG03688/filfa/HG03688_hap1.t2t.filtered.fasta.gz	/home/senescence/Documents/storage2/hiura/docker/bulk_env/data/00_analysis/Repthoscope.v1.0.0/VallePrep_v0.0.0/results/data/HG03688/filfa/HG03688_hap1.t2t.filtered.fasta.gz.fai	/home/senescence/Documents/storage2/hiura/docker/bulk_env/data/00_analysis/Repthoscope.v1.0.0/VallePrep_v0.0.0/results/data/HG03688/centro/HG03688_hap1.t2t.pass.bed	/home/senescence/Documents/storage2/hiura/docker/bulk_env/data/00_analysis/Repthoscope.v1.0.0/VallePrep_v0.0.0/results/data/HG03688/hsat23/HG03688_hap1.HSat2and3_Regions.lifted.bed	/home/senescence/Documents/storage2/hiura/docker/bulk_env/data/00_analysis/Repthoscope.v1.0.0/VallePrep_v0.0.0/results/data/HG03688/hsat23/HG03688_hap1.HSat2and3_Regions.HSat2and3.log	13	250
HG03688	HG03688_hap2	PASS	/home/senescence/Documents/storage2/hiura/docker/bulk_env/data/00_analysis/Repthoscope.v1.0.0/VallePrep_v0.0.0/results/data/HG03688/filfa/HG03688_hap2.t2t.filtered.fasta.gz	/home/senescence/Documents/storage2/hiura/docker/bulk_env/data/00_analysis/Repthoscope.v1.0.0/VallePrep_v0.0.0/results/data/HG03688/filfa/HG03688_hap2.t2t.filtered.fasta.gz.fai	/home/senescence/Documents/storage2/hiura/docker/bulk_env/data/00_analysis/Repthoscope.v1.0.0/VallePrep_v0.0.0/results/data/HG03688/centro/HG03688_hap2.t2t.pass.bed	/home/senescence/Documents/storage2/hiura/docker/bulk_env/data/00_analysis/Repthoscope.v1.0.0/VallePrep_v0.0.0/results/data/HG03688/hsat23/HG03688_hap2.HSat2and3_Regions.lifted.bed	/home/senescence/Documents/storage2/hiura/docker/bulk_env/data/00_analysis/Repthoscope.v1.0.0/VallePrep_v0.0.0/results/data/HG03688/hsat23/HG03688_hap2.HSat2and3_Regions.HSat2and3.log	11	300
HG03704	HG03704_hap1	PASS	/home/senescence/Documents/storage2/hiura/docker/bulk_env/data/00_analysis/Repthoscope.v1.0.0/VallePrep_v0.0.0/results/data/HG03704/filfa/HG03704_hap1.t2t.filtered.fasta.gz	/home/senescence/Documents/storage2/hiura/docker/bulk_env/data/00_analysis/Repthoscope.v1.0.0/VallePrep_v0.0.0/results/data/HG03704/filfa/HG03704_hap1.t2t.filtered.fasta.gz.fai	/home/senescence/Documents/storage2/hiura/docker/bulk_env/data/00_analysis/Repthoscope.v1.0.0/VallePrep_v0.0.0/results/data/HG03704/centro/HG03704_hap1.t2t.pass.bed	/home/senescence/Documents/storage2/hiura/docker/bulk_env/data/00_analysis/Repthoscope.v1.0.0/VallePrep_v0.0.0/results/data/HG03704/hsat23/HG03704_hap1.HSat2and3_Regions.lifted.bed	/home/senescence/Documents/storage2/hiura/docker/bulk_env/data/00_analysis/Repthoscope.v1.0.0/VallePrep_v0.0.0/results/data/HG03704/hsat23/HG03704_hap1.HSat2and3_Regions.HSat2and3.log	15	250
HG03704	HG03704_hap2	PASS	/home/senescence/Documents/storage2/hiura/docker/bulk_env/data/00_analysis/Repthoscope.v1.0.0/VallePrep_v0.0.0/results/data/HG03704/filfa/HG03704_hap2.t2t.filtered.fasta.gz	/home/senescence/Documents/storage2/hiura/docker/bulk_env/data/00_analysis/Repthoscope.v1.0.0/VallePrep_v0.0.0/results/data/HG03704/filfa/HG03704_hap2.t2t.filtered.fasta.gz.fai	/home/senescence/Documents/storage2/hiura/docker/bulk_env/data/00_analysis/Repthoscope.v1.0.0/VallePrep_v0.0.0/results/data/HG03704/centro/HG03704_hap2.t2t.pass.bed	/home/senescence/Documents/storage2/hiura/docker/bulk_env/data/00_analysis/Repthoscope.v1.0.0/VallePrep_v0.0.0/results/data/HG03704/hsat23/HG03704_hap2.HSat2and3_Regions.lifted.bed	/home/senescence/Documents/storage2/hiura/docker/bulk_env/data/00_analysis/Repthoscope.v1.0.0/VallePrep_v0.0.0/results/data/HG03704/hsat23/HG03704_hap2.HSat2and3_Regions.HSat2and3.log	14	105
HG03710	HG03710_hap1	PASS	/home/senescence/Documents/storage2/hiura/docker/bulk_env/data/00_analysis/Repthoscope.v1.0.0/VallePrep_v0.0.0/results/data/HG03710/filfa/HG03710_hap1.t2t.filtered.fasta.gz	/home/senescence/Documents/storage2/hiura/docker/bulk_env/data/00_analysis/Repthoscope.v1.0.0/VallePrep_v0.0.0/results/data/HG03710/filfa/HG03710_hap1.t2t.filtered.fasta.gz.fai	/home/senescence/Documents/storage2/hiura/docker/bulk_env/data/00_analysis/Repthoscope.v1.0.0/VallePrep_v0.0.0/results/data/HG03710/centro/HG03710_hap1.t2t.pass.bed	/home/senescence/Documents/storage2/hiura/docker/bulk_env/data/00_analysis/Repthoscope.v1.0.0/VallePrep_v0.0.0/results/data/HG03710/hsat23/HG03710_hap1.HSat2and3_Regions.lifted.bed	/home/senescence/Documents/storage2/hiura/docker/bulk_env/data/00_analysis/Repthoscope.v1.0.0/VallePrep_v0.0.0/results/data/HG03710/hsat23/HG03710_hap1.HSat2and3_Regions.HSat2and3.log	17	273
HG03710	HG03710_hap2	PASS	/home/senescence/Documents/storage2/hiura/docker/bulk_env/data/00_analysis/Repthoscope.v1.0.0/VallePrep_v0.0.0/results/data/HG03710/filfa/HG03710_hap2.t2t.filtered.fasta.gz	/home/senescence/Documents/storage2/hiura/docker/bulk_env/data/00_analysis/Repthoscope.v1.0.0/VallePrep_v0.0.0/results/data/HG03710/filfa/HG03710_hap2.t2t.filtered.fasta.gz.fai	/home/senescence/Documents/storage2/hiura/docker/bulk_env/data/00_analysis/Repthoscope.v1.0.0/VallePrep_v0.0.0/results/data/HG03710/centro/HG03710_hap2.t2t.pass.bed	/home/senescence/Documents/storage2/hiura/docker/bulk_env/data/00_analysis/Repthoscope.v1.0.0/VallePrep_v0.0.0/results/data/HG03710/hsat23/HG03710_hap2.HSat2and3_Regions.lifted.bed	/home/senescence/Documents/storage2/hiura/docker/bulk_env/data/00_analysis/Repthoscope.v1.0.0/VallePrep_v0.0.0/results/data/HG03710/hsat23/HG03710_hap2.HSat2and3_Regions.HSat2and3.log	15	279
HG03732	HG03732_hap1	EXCLUDE_annotation_incomplete_or_missing_input	/home/senescence/Documents/storage2/hiura/docker/bulk_env/data/00_analysis/Repthoscope.v1.0.0/VallePrep_v0.0.0/results/data/HG03732/filfa/HG03732_hap1.t2t.filtered.fasta.gz	/home/senescence/Documents/storage2/hiura/docker/bulk_env/data/00_analysis/Repthoscope.v1.0.0/VallePrep_v0.0.0/results/data/HG03732/filfa/HG03732_hap1.t2t.filtered.fasta.gz.fai	/home/senescence/Documents/storage2/hiura/docker/bulk_env/data/00_analysis/Repthoscope.v1.0.0/VallePrep_v0.0.0/results/data/HG03732/centro/HG03732_hap1.t2t.pass.bed	/home/senescence/Documents/storage2/hiura/docker/bulk_env/data/00_analysis/Repthoscope.v1.0.0/VallePrep_v0.0.0/results/data/HG03732/hsat23/HG03732_hap1.HSat2and3_Regions.lifted.bed	/home/senescence/Documents/storage2/hiura/docker/bulk_env/data/00_analysis/Repthoscope.v1.0.0/VallePrep_v0.0.0/results/data/HG03732/hsat23/HG03732_hap1.HSat2and3_Regions.HSat2and3.log	13	0
HG03732	HG03732_hap2	PASS	/home/senescence/Documents/storage2/hiura/docker/bulk_env/data/00_analysis/Repthoscope.v1.0.0/VallePrep_v0.0.0/results/data/HG03732/filfa/HG03732_hap2.t2t.filtered.fasta.gz	/home/senescence/Documents/storage2/hiura/docker/bulk_env/data/00_analysis/Repthoscope.v1.0.0/VallePrep_v0.0.0/results/data/HG03732/filfa/HG03732_hap2.t2t.filtered.fasta.gz.fai	/home/senescence/Documents/storage2/hiura/docker/bulk_env/data/00_analysis/Repthoscope.v1.0.0/VallePrep_v0.0.0/results/data/HG03732/centro/HG03732_hap2.t2t.pass.bed	/home/senescence/Documents/storage2/hiura/docker/bulk_env/data/00_analysis/Repthoscope.v1.0.0/VallePrep_v0.0.0/results/data/HG03732/hsat23/HG03732_hap2.HSat2and3_Regions.lifted.bed	/home/senescence/Documents/storage2/hiura/docker/bulk_env/data/00_analysis/Repthoscope.v1.0.0/VallePrep_v0.0.0/results/data/HG03732/hsat23/HG03732_hap2.HSat2and3_Regions.HSat2and3.log	17	259
HG03742	HG03742_hap1	PASS	/home/senescence/Documents/storage2/hiura/docker/bulk_env/data/00_analysis/Repthoscope.v1.0.0/VallePrep_v0.0.0/results/data/HG03742/filfa/HG03742_hap1.t2t.filtered.fasta.gz	/home/senescence/Documents/storage2/hiura/docker/bulk_env/data/00_analysis/Repthoscope.v1.0.0/VallePrep_v0.0.0/results/data/HG03742/filfa/HG03742_hap1.t2t.filtered.fasta.gz.fai	/home/senescence/Documents/storage2/hiura/docker/bulk_env/data/00_analysis/Repthoscope.v1.0.0/VallePrep_v0.0.0/results/data/HG03742/centro/HG03742_hap1.t2t.pass.bed	/home/senescence/Documents/storage2/hiura/docker/bulk_env/data/00_analysis/Repthoscope.v1.0.0/VallePrep_v0.0.0/results/data/HG03742/hsat23/HG03742_hap1.HSat2and3_Regions.lifted.bed	/home/senescence/Documents/storage2/hiura/docker/bulk_env/data/00_analysis/Repthoscope.v1.0.0/VallePrep_v0.0.0/results/data/HG03742/hsat23/HG03742_hap1.HSat2and3_Regions.HSat2and3.log	15	296
HG03742	HG03742_hap2	PASS	/home/senescence/Documents/storage2/hiura/docker/bulk_env/data/00_analysis/Repthoscope.v1.0.0/VallePrep_v0.0.0/results/data/HG03742/filfa/HG03742_hap2.t2t.filtered.fasta.gz	/home/senescence/Documents/storage2/hiura/docker/bulk_env/data/00_analysis/Repthoscope.v1.0.0/VallePrep_v0.0.0/results/data/HG03742/filfa/HG03742_hap2.t2t.filtered.fasta.gz.fai	/home/senescence/Documents/storage2/hiura/docker/bulk_env/data/00_analysis/Repthoscope.v1.0.0/VallePrep_v0.0.0/results/data/HG03742/centro/HG03742_hap2.t2t.pass.bed	/home/senescence/Documents/storage2/hiura/docker/bulk_env/data/00_analysis/Repthoscope.v1.0.0/VallePrep_v0.0.0/results/data/HG03742/hsat23/HG03742_hap2.HSat2and3_Regions.lifted.bed	/home/senescence/Documents/storage2/hiura/docker/bulk_env/data/00_analysis/Repthoscope.v1.0.0/VallePrep_v0.0.0/results/data/HG03742/hsat23/HG03742_hap2.HSat2and3_Regions.HSat2and3.log	16	219
HG03784	HG03784_hap1	PASS	/home/senescence/Documents/storage2/hiura/docker/bulk_env/data/00_analysis/Repthoscope.v1.0.0/VallePrep_v0.0.0/results/data/HG03784/filfa/HG03784_hap1.t2t.filtered.fasta.gz	/home/senescence/Documents/storage2/hiura/docker/bulk_env/data/00_analysis/Repthoscope.v1.0.0/VallePrep_v0.0.0/results/data/HG03784/filfa/HG03784_hap1.t2t.filtered.fasta.gz.fai	/home/senescence/Documents/storage2/hiura/docker/bulk_env/data/00_analysis/Repthoscope.v1.0.0/VallePrep_v0.0.0/results/data/HG03784/centro/HG03784_hap1.t2t.pass.bed	/home/senescence/Documents/storage2/hiura/docker/bulk_env/data/00_analysis/Repthoscope.v1.0.0/VallePrep_v0.0.0/results/data/HG03784/hsat23/HG03784_hap1.HSat2and3_Regions.lifted.bed	/home/senescence/Documents/storage2/hiura/docker/bulk_env/data/00_analysis/Repthoscope.v1.0.0/VallePrep_v0.0.0/results/data/HG03784/hsat23/HG03784_hap1.HSat2and3_Regions.HSat2and3.log	16	275
HG03784	HG03784_hap2	PASS	/home/senescence/Documents/storage2/hiura/docker/bulk_env/data/00_analysis/Repthoscope.v1.0.0/VallePrep_v0.0.0/results/data/HG03784/filfa/HG03784_hap2.t2t.filtered.fasta.gz	/home/senescence/Documents/storage2/hiura/docker/bulk_env/data/00_analysis/Repthoscope.v1.0.0/VallePrep_v0.0.0/results/data/HG03784/filfa/HG03784_hap2.t2t.filtered.fasta.gz.fai	/home/senescence/Documents/storage2/hiura/docker/bulk_env/data/00_analysis/Repthoscope.v1.0.0/VallePrep_v0.0.0/results/data/HG03784/centro/HG03784_hap2.t2t.pass.bed	/home/senescence/Documents/storage2/hiura/docker/bulk_env/data/00_analysis/Repthoscope.v1.0.0/VallePrep_v0.0.0/results/data/HG03784/hsat23/HG03784_hap2.HSat2and3_Regions.lifted.bed	/home/senescence/Documents/storage2/hiura/docker/bulk_env/data/00_analysis/Repthoscope.v1.0.0/VallePrep_v0.0.0/results/data/HG03784/hsat23/HG03784_hap2.HSat2and3_Regions.HSat2and3.log	15	99
HG03804	HG03804_hap1	PASS	/home/senescence/Documents/storage2/hiura/docker/bulk_env/data/00_analysis/Repthoscope.v1.0.0/VallePrep_v0.0.0/results/data/HG03804/filfa/HG03804_hap1.t2t.filtered.fasta.gz	/home/senescence/Documents/storage2/hiura/docker/bulk_env/data/00_analysis/Repthoscope.v1.0.0/VallePrep_v0.0.0/results/data/HG03804/filfa/HG03804_hap1.t2t.filtered.fasta.gz.fai	/home/senescence/Documents/storage2/hiura/docker/bulk_env/data/00_analysis/Repthoscope.v1.0.0/VallePrep_v0.0.0/results/data/HG03804/centro/HG03804_hap1.t2t.pass.bed	/home/senescence/Documents/storage2/hiura/docker/bulk_env/data/00_analysis/Repthoscope.v1.0.0/VallePrep_v0.0.0/results/data/HG03804/hsat23/HG03804_hap1.HSat2and3_Regions.lifted.bed	/home/senescence/Documents/storage2/hiura/docker/bulk_env/data/00_analysis/Repthoscope.v1.0.0/VallePrep_v0.0.0/results/data/HG03804/hsat23/HG03804_hap1.HSat2and3_Regions.HSat2and3.log	15	213
HG03804	HG03804_hap2	PASS	/home/senescence/Documents/storage2/hiura/docker/bulk_env/data/00_analysis/Repthoscope.v1.0.0/VallePrep_v0.0.0/results/data/HG03804/filfa/HG03804_hap2.t2t.filtered.fasta.gz	/home/senescence/Documents/storage2/hiura/docker/bulk_env/data/00_analysis/Repthoscope.v1.0.0/VallePrep_v0.0.0/results/data/HG03804/filfa/HG03804_hap2.t2t.filtered.fasta.gz.fai	/home/senescence/Documents/storage2/hiura/docker/bulk_env/data/00_analysis/Repthoscope.v1.0.0/VallePrep_v0.0.0/results/data/HG03804/centro/HG03804_hap2.t2t.pass.bed	/home/senescence/Documents/storage2/hiura/docker/bulk_env/data/00_analysis/Repthoscope.v1.0.0/VallePrep_v0.0.0/results/data/HG03804/hsat23/HG03804_hap2.HSat2and3_Regions.lifted.bed	/home/senescence/Documents/storage2/hiura/docker/bulk_env/data/00_analysis/Repthoscope.v1.0.0/VallePrep_v0.0.0/results/data/HG03804/hsat23/HG03804_hap2.HSat2and3_Regions.HSat2and3.log	15	223
HG03807	HG03807_hap1	PASS	/home/senescence/Documents/storage2/hiura/docker/bulk_env/data/00_analysis/Repthoscope.v1.0.0/VallePrep_v0.0.0/results/data/HG03807/filfa/HG03807_hap1.t2t.filtered.fasta.gz	/home/senescence/Documents/storage2/hiura/docker/bulk_env/data/00_analysis/Repthoscope.v1.0.0/VallePrep_v0.0.0/results/data/HG03807/filfa/HG03807_hap1.t2t.filtered.fasta.gz.fai	/home/senescence/Documents/storage2/hiura/docker/bulk_env/data/00_analysis/Repthoscope.v1.0.0/VallePrep_v0.0.0/results/data/HG03807/centro/HG03807_hap1.t2t.pass.bed	/home/senescence/Documents/storage2/hiura/docker/bulk_env/data/00_analysis/Repthoscope.v1.0.0/VallePrep_v0.0.0/results/data/HG03807/hsat23/HG03807_hap1.HSat2and3_Regions.lifted.bed	/home/senescence/Documents/storage2/hiura/docker/bulk_env/data/00_analysis/Repthoscope.v1.0.0/VallePrep_v0.0.0/results/data/HG03807/hsat23/HG03807_hap1.HSat2and3_Regions.HSat2and3.log	18	187
HG03807	HG03807_hap2	PASS	/home/senescence/Documents/storage2/hiura/docker/bulk_env/data/00_analysis/Repthoscope.v1.0.0/VallePrep_v0.0.0/results/data/HG03807/filfa/HG03807_hap2.t2t.filtered.fasta.gz	/home/senescence/Documents/storage2/hiura/docker/bulk_env/data/00_analysis/Repthoscope.v1.0.0/VallePrep_v0.0.0/results/data/HG03807/filfa/HG03807_hap2.t2t.filtered.fasta.gz.fai	/home/senescence/Documents/storage2/hiura/docker/bulk_env/data/00_analysis/Repthoscope.v1.0.0/VallePrep_v0.0.0/results/data/HG03807/centro/HG03807_hap2.t2t.pass.bed	/home/senescence/Documents/storage2/hiura/docker/bulk_env/data/00_analysis/Repthoscope.v1.0.0/VallePrep_v0.0.0/results/data/HG03807/hsat23/HG03807_hap2.HSat2and3_Regions.lifted.bed	/home/senescence/Documents/storage2/hiura/docker/bulk_env/data/00_analysis/Repthoscope.v1.0.0/VallePrep_v0.0.0/results/data/HG03807/hsat23/HG03807_hap2.HSat2and3_Regions.HSat2and3.log	18	198
HG03816	HG03816_hap1	PASS	/home/senescence/Documents/storage2/hiura/docker/bulk_env/data/00_analysis/Repthoscope.v1.0.0/VallePrep_v0.0.0/results/data/HG03816/filfa/HG03816_hap1.t2t.filtered.fasta.gz	/home/senescence/Documents/storage2/hiura/docker/bulk_env/data/00_analysis/Repthoscope.v1.0.0/VallePrep_v0.0.0/results/data/HG03816/filfa/HG03816_hap1.t2t.filtered.fasta.gz.fai	/home/senescence/Documents/storage2/hiura/docker/bulk_env/data/00_analysis/Repthoscope.v1.0.0/VallePrep_v0.0.0/results/data/HG03816/centro/HG03816_hap1.t2t.pass.bed	/home/senescence/Documents/storage2/hiura/docker/bulk_env/data/00_analysis/Repthoscope.v1.0.0/VallePrep_v0.0.0/results/data/HG03816/hsat23/HG03816_hap1.HSat2and3_Regions.lifted.bed	/home/senescence/Documents/storage2/hiura/docker/bulk_env/data/00_analysis/Repthoscope.v1.0.0/VallePrep_v0.0.0/results/data/HG03816/hsat23/HG03816_hap1.HSat2and3_Regions.HSat2and3.log	14	284
HG03816	HG03816_hap2	PASS	/home/senescence/Documents/storage2/hiura/docker/bulk_env/data/00_analysis/Repthoscope.v1.0.0/VallePrep_v0.0.0/results/data/HG03816/filfa/HG03816_hap2.t2t.filtered.fasta.gz	/home/senescence/Documents/storage2/hiura/docker/bulk_env/data/00_analysis/Repthoscope.v1.0.0/VallePrep_v0.0.0/results/data/HG03816/filfa/HG03816_hap2.t2t.filtered.fasta.gz.fai	/home/senescence/Documents/storage2/hiura/docker/bulk_env/data/00_analysis/Repthoscope.v1.0.0/VallePrep_v0.0.0/results/data/HG03816/centro/HG03816_hap2.t2t.pass.bed	/home/senescence/Documents/storage2/hiura/docker/bulk_env/data/00_analysis/Repthoscope.v1.0.0/VallePrep_v0.0.0/results/data/HG03816/hsat23/HG03816_hap2.HSat2and3_Regions.lifted.bed	/home/senescence/Documents/storage2/hiura/docker/bulk_env/data/00_analysis/Repthoscope.v1.0.0/VallePrep_v0.0.0/results/data/HG03816/hsat23/HG03816_hap2.HSat2and3_Regions.HSat2and3.log	14	248
HG03831	HG03831_hap1	PASS	/home/senescence/Documents/storage2/hiura/docker/bulk_env/data/00_analysis/Repthoscope.v1.0.0/VallePrep_v0.0.0/results/data/HG03831/filfa/HG03831_hap1.t2t.filtered.fasta.gz	/home/senescence/Documents/storage2/hiura/docker/bulk_env/data/00_analysis/Repthoscope.v1.0.0/VallePrep_v0.0.0/results/data/HG03831/filfa/HG03831_hap1.t2t.filtered.fasta.gz.fai	/home/senescence/Documents/storage2/hiura/docker/bulk_env/data/00_analysis/Repthoscope.v1.0.0/VallePrep_v0.0.0/results/data/HG03831/centro/HG03831_hap1.t2t.pass.bed	/home/senescence/Documents/storage2/hiura/docker/bulk_env/data/00_analysis/Repthoscope.v1.0.0/VallePrep_v0.0.0/results/data/HG03831/hsat23/HG03831_hap1.HSat2and3_Regions.lifted.bed	/home/senescence/Documents/storage2/hiura/docker/bulk_env/data/00_analysis/Repthoscope.v1.0.0/VallePrep_v0.0.0/results/data/HG03831/hsat23/HG03831_hap1.HSat2and3_Regions.HSat2and3.log	13	220
HG03831	HG03831_hap2	PASS	/home/senescence/Documents/storage2/hiura/docker/bulk_env/data/00_analysis/Repthoscope.v1.0.0/VallePrep_v0.0.0/results/data/HG03831/filfa/HG03831_hap2.t2t.filtered.fasta.gz	/home/senescence/Documents/storage2/hiura/docker/bulk_env/data/00_analysis/Repthoscope.v1.0.0/VallePrep_v0.0.0/results/data/HG03831/filfa/HG03831_hap2.t2t.filtered.fasta.gz.fai	/home/senescence/Documents/storage2/hiura/docker/bulk_env/data/00_analysis/Repthoscope.v1.0.0/VallePrep_v0.0.0/results/data/HG03831/centro/HG03831_hap2.t2t.pass.bed	/home/senescence/Documents/storage2/hiura/docker/bulk_env/data/00_analysis/Repthoscope.v1.0.0/VallePrep_v0.0.0/results/data/HG03831/hsat23/HG03831_hap2.HSat2and3_Regions.lifted.bed	/home/senescence/Documents/storage2/hiura/docker/bulk_env/data/00_analysis/Repthoscope.v1.0.0/VallePrep_v0.0.0/results/data/HG03831/hsat23/HG03831_hap2.HSat2and3_Regions.HSat2and3.log	12	202
HG03834	HG03834_hap1	PASS	/home/senescence/Documents/storage2/hiura/docker/bulk_env/data/00_analysis/Repthoscope.v1.0.0/VallePrep_v0.0.0/results/data/HG03834/filfa/HG03834_hap1.t2t.filtered.fasta.gz	/home/senescence/Documents/storage2/hiura/docker/bulk_env/data/00_analysis/Repthoscope.v1.0.0/VallePrep_v0.0.0/results/data/HG03834/filfa/HG03834_hap1.t2t.filtered.fasta.gz.fai	/home/senescence/Documents/storage2/hiura/docker/bulk_env/data/00_analysis/Repthoscope.v1.0.0/VallePrep_v0.0.0/results/data/HG03834/centro/HG03834_hap1.t2t.pass.bed	/home/senescence/Documents/storage2/hiura/docker/bulk_env/data/00_analysis/Repthoscope.v1.0.0/VallePrep_v0.0.0/results/data/HG03834/hsat23/HG03834_hap1.HSat2and3_Regions.lifted.bed	/home/senescence/Documents/storage2/hiura/docker/bulk_env/data/00_analysis/Repthoscope.v1.0.0/VallePrep_v0.0.0/results/data/HG03834/hsat23/HG03834_hap1.HSat2and3_Regions.HSat2and3.log	16	258
HG03834	HG03834_hap2	PASS	/home/senescence/Documents/storage2/hiura/docker/bulk_env/data/00_analysis/Repthoscope.v1.0.0/VallePrep_v0.0.0/results/data/HG03834/filfa/HG03834_hap2.t2t.filtered.fasta.gz	/home/senescence/Documents/storage2/hiura/docker/bulk_env/data/00_analysis/Repthoscope.v1.0.0/VallePrep_v0.0.0/results/data/HG03834/filfa/HG03834_hap2.t2t.filtered.fasta.gz.fai	/home/senescence/Documents/storage2/hiura/docker/bulk_env/data/00_analysis/Repthoscope.v1.0.0/VallePrep_v0.0.0/results/data/HG03834/centro/HG03834_hap2.t2t.pass.bed	/home/senescence/Documents/storage2/hiura/docker/bulk_env/data/00_analysis/Repthoscope.v1.0.0/VallePrep_v0.0.0/results/data/HG03834/hsat23/HG03834_hap2.HSat2and3_Regions.lifted.bed	/home/senescence/Documents/storage2/hiura/docker/bulk_env/data/00_analysis/Repthoscope.v1.0.0/VallePrep_v0.0.0/results/data/HG03834/hsat23/HG03834_hap2.HSat2and3_Regions.HSat2and3.log	16	257
HG03874	HG03874_hap1	PASS	/home/senescence/Documents/storage2/hiura/docker/bulk_env/data/00_analysis/Repthoscope.v1.0.0/VallePrep_v0.0.0/results/data/HG03874/filfa/HG03874_hap1.t2t.filtered.fasta.gz	/home/senescence/Documents/storage2/hiura/docker/bulk_env/data/00_analysis/Repthoscope.v1.0.0/VallePrep_v0.0.0/results/data/HG03874/filfa/HG03874_hap1.t2t.filtered.fasta.gz.fai	/home/senescence/Documents/storage2/hiura/docker/bulk_env/data/00_analysis/Repthoscope.v1.0.0/VallePrep_v0.0.0/results/data/HG03874/centro/HG03874_hap1.t2t.pass.bed	/home/senescence/Documents/storage2/hiura/docker/bulk_env/data/00_analysis/Repthoscope.v1.0.0/VallePrep_v0.0.0/results/data/HG03874/hsat23/HG03874_hap1.HSat2and3_Regions.lifted.bed	/home/senescence/Documents/storage2/hiura/docker/bulk_env/data/00_analysis/Repthoscope.v1.0.0/VallePrep_v0.0.0/results/data/HG03874/hsat23/HG03874_hap1.HSat2and3_Regions.HSat2and3.log	18	183
HG03874	HG03874_hap2	PASS	/home/senescence/Documents/storage2/hiura/docker/bulk_env/data/00_analysis/Repthoscope.v1.0.0/VallePrep_v0.0.0/results/data/HG03874/filfa/HG03874_hap2.t2t.filtered.fasta.gz	/home/senescence/Documents/storage2/hiura/docker/bulk_env/data/00_analysis/Repthoscope.v1.0.0/VallePrep_v0.0.0/results/data/HG03874/filfa/HG03874_hap2.t2t.filtered.fasta.gz.fai	/home/senescence/Documents/storage2/hiura/docker/bulk_env/data/00_analysis/Repthoscope.v1.0.0/VallePrep_v0.0.0/results/data/HG03874/centro/HG03874_hap2.t2t.pass.bed	/home/senescence/Documents/storage2/hiura/docker/bulk_env/data/00_analysis/Repthoscope.v1.0.0/VallePrep_v0.0.0/results/data/HG03874/hsat23/HG03874_hap2.HSat2and3_Regions.lifted.bed	/home/senescence/Documents/storage2/hiura/docker/bulk_env/data/00_analysis/Repthoscope.v1.0.0/VallePrep_v0.0.0/results/data/HG03874/hsat23/HG03874_hap2.HSat2and3_Regions.HSat2and3.log	16	112
HG03927	HG03927_hap1	PASS	/home/senescence/Documents/storage2/hiura/docker/bulk_env/data/00_analysis/Repthoscope.v1.0.0/VallePrep_v0.0.0/results/data/HG03927/filfa/HG03927_hap1.t2t.filtered.fasta.gz	/home/senescence/Documents/storage2/hiura/docker/bulk_env/data/00_analysis/Repthoscope.v1.0.0/VallePrep_v0.0.0/results/data/HG03927/filfa/HG03927_hap1.t2t.filtered.fasta.gz.fai	/home/senescence/Documents/storage2/hiura/docker/bulk_env/data/00_analysis/Repthoscope.v1.0.0/VallePrep_v0.0.0/results/data/HG03927/centro/HG03927_hap1.t2t.pass.bed	/home/senescence/Documents/storage2/hiura/docker/bulk_env/data/00_analysis/Repthoscope.v1.0.0/VallePrep_v0.0.0/results/data/HG03927/hsat23/HG03927_hap1.HSat2and3_Regions.lifted.bed	/home/senescence/Documents/storage2/hiura/docker/bulk_env/data/00_analysis/Repthoscope.v1.0.0/VallePrep_v0.0.0/results/data/HG03927/hsat23/HG03927_hap1.HSat2and3_Regions.HSat2and3.log	14	240
HG03927	HG03927_hap2	PASS	/home/senescence/Documents/storage2/hiura/docker/bulk_env/data/00_analysis/Repthoscope.v1.0.0/VallePrep_v0.0.0/results/data/HG03927/filfa/HG03927_hap2.t2t.filtered.fasta.gz	/home/senescence/Documents/storage2/hiura/docker/bulk_env/data/00_analysis/Repthoscope.v1.0.0/VallePrep_v0.0.0/results/data/HG03927/filfa/HG03927_hap2.t2t.filtered.fasta.gz.fai	/home/senescence/Documents/storage2/hiura/docker/bulk_env/data/00_analysis/Repthoscope.v1.0.0/VallePrep_v0.0.0/results/data/HG03927/centro/HG03927_hap2.t2t.pass.bed	/home/senescence/Documents/storage2/hiura/docker/bulk_env/data/00_analysis/Repthoscope.v1.0.0/VallePrep_v0.0.0/results/data/HG03927/hsat23/HG03927_hap2.HSat2and3_Regions.lifted.bed	/home/senescence/Documents/storage2/hiura/docker/bulk_env/data/00_analysis/Repthoscope.v1.0.0/VallePrep_v0.0.0/results/data/HG03927/hsat23/HG03927_hap2.HSat2and3_Regions.HSat2and3.log	14	255
HG03942	HG03942_hap1	PASS	/home/senescence/Documents/storage2/hiura/docker/bulk_env/data/00_analysis/Repthoscope.v1.0.0/VallePrep_v0.0.0/results/data/HG03942/filfa/HG03942_hap1.t2t.filtered.fasta.gz	/home/senescence/Documents/storage2/hiura/docker/bulk_env/data/00_analysis/Repthoscope.v1.0.0/VallePrep_v0.0.0/results/data/HG03942/filfa/HG03942_hap1.t2t.filtered.fasta.gz.fai	/home/senescence/Documents/storage2/hiura/docker/bulk_env/data/00_analysis/Repthoscope.v1.0.0/VallePrep_v0.0.0/results/data/HG03942/centro/HG03942_hap1.t2t.pass.bed	/home/senescence/Documents/storage2/hiura/docker/bulk_env/data/00_analysis/Repthoscope.v1.0.0/VallePrep_v0.0.0/results/data/HG03942/hsat23/HG03942_hap1.HSat2and3_Regions.lifted.bed	/home/senescence/Documents/storage2/hiura/docker/bulk_env/data/00_analysis/Repthoscope.v1.0.0/VallePrep_v0.0.0/results/data/HG03942/hsat23/HG03942_hap1.HSat2and3_Regions.HSat2and3.log	13	86
HG03942	HG03942_hap2	PASS	/home/senescence/Documents/storage2/hiura/docker/bulk_env/data/00_analysis/Repthoscope.v1.0.0/VallePrep_v0.0.0/results/data/HG03942/filfa/HG03942_hap2.t2t.filtered.fasta.gz	/home/senescence/Documents/storage2/hiura/docker/bulk_env/data/00_analysis/Repthoscope.v1.0.0/VallePrep_v0.0.0/results/data/HG03942/filfa/HG03942_hap2.t2t.filtered.fasta.gz.fai	/home/senescence/Documents/storage2/hiura/docker/bulk_env/data/00_analysis/Repthoscope.v1.0.0/VallePrep_v0.0.0/results/data/HG03942/centro/HG03942_hap2.t2t.pass.bed	/home/senescence/Documents/storage2/hiura/docker/bulk_env/data/00_analysis/Repthoscope.v1.0.0/VallePrep_v0.0.0/results/data/HG03942/hsat23/HG03942_hap2.HSat2and3_Regions.lifted.bed	/home/senescence/Documents/storage2/hiura/docker/bulk_env/data/00_analysis/Repthoscope.v1.0.0/VallePrep_v0.0.0/results/data/HG03942/hsat23/HG03942_hap2.HSat2and3_Regions.HSat2and3.log	12	88
HG04036	HG04036_hap1	PASS	/home/senescence/Documents/storage2/hiura/docker/bulk_env/data/00_analysis/Repthoscope.v1.0.0/VallePrep_v0.0.0/results/data/HG04036/filfa/HG04036_hap1.t2t.filtered.fasta.gz	/home/senescence/Documents/storage2/hiura/docker/bulk_env/data/00_analysis/Repthoscope.v1.0.0/VallePrep_v0.0.0/results/data/HG04036/filfa/HG04036_hap1.t2t.filtered.fasta.gz.fai	/home/senescence/Documents/storage2/hiura/docker/bulk_env/data/00_analysis/Repthoscope.v1.0.0/VallePrep_v0.0.0/results/data/HG04036/centro/HG04036_hap1.t2t.pass.bed	/home/senescence/Documents/storage2/hiura/docker/bulk_env/data/00_analysis/Repthoscope.v1.0.0/VallePrep_v0.0.0/results/data/HG04036/hsat23/HG04036_hap1.HSat2and3_Regions.lifted.bed	/home/senescence/Documents/storage2/hiura/docker/bulk_env/data/00_analysis/Repthoscope.v1.0.0/VallePrep_v0.0.0/results/data/HG04036/hsat23/HG04036_hap1.HSat2and3_Regions.HSat2and3.log	15	208
HG04036	HG04036_hap2	PASS	/home/senescence/Documents/storage2/hiura/docker/bulk_env/data/00_analysis/Repthoscope.v1.0.0/VallePrep_v0.0.0/results/data/HG04036/filfa/HG04036_hap2.t2t.filtered.fasta.gz	/home/senescence/Documents/storage2/hiura/docker/bulk_env/data/00_analysis/Repthoscope.v1.0.0/VallePrep_v0.0.0/results/data/HG04036/filfa/HG04036_hap2.t2t.filtered.fasta.gz.fai	/home/senescence/Documents/storage2/hiura/docker/bulk_env/data/00_analysis/Repthoscope.v1.0.0/VallePrep_v0.0.0/results/data/HG04036/centro/HG04036_hap2.t2t.pass.bed	/home/senescence/Documents/storage2/hiura/docker/bulk_env/data/00_analysis/Repthoscope.v1.0.0/VallePrep_v0.0.0/results/data/HG04036/hsat23/HG04036_hap2.HSat2and3_Regions.lifted.bed	/home/senescence/Documents/storage2/hiura/docker/bulk_env/data/00_analysis/Repthoscope.v1.0.0/VallePrep_v0.0.0/results/data/HG04036/hsat23/HG04036_hap2.HSat2and3_Regions.HSat2and3.log	16	236
HG04115	HG04115_hap1	PASS	/home/senescence/Documents/storage2/hiura/docker/bulk_env/data/00_analysis/Repthoscope.v1.0.0/VallePrep_v0.0.0/results/data/HG04115/filfa/HG04115_hap1.t2t.filtered.fasta.gz	/home/senescence/Documents/storage2/hiura/docker/bulk_env/data/00_analysis/Repthoscope.v1.0.0/VallePrep_v0.0.0/results/data/HG04115/filfa/HG04115_hap1.t2t.filtered.fasta.gz.fai	/home/senescence/Documents/storage2/hiura/docker/bulk_env/data/00_analysis/Repthoscope.v1.0.0/VallePrep_v0.0.0/results/data/HG04115/centro/HG04115_hap1.t2t.pass.bed	/home/senescence/Documents/storage2/hiura/docker/bulk_env/data/00_analysis/Repthoscope.v1.0.0/VallePrep_v0.0.0/results/data/HG04115/hsat23/HG04115_hap1.HSat2and3_Regions.lifted.bed	/home/senescence/Documents/storage2/hiura/docker/bulk_env/data/00_analysis/Repthoscope.v1.0.0/VallePrep_v0.0.0/results/data/HG04115/hsat23/HG04115_hap1.HSat2and3_Regions.HSat2and3.log	15	219
HG04115	HG04115_hap2	PASS	/home/senescence/Documents/storage2/hiura/docker/bulk_env/data/00_analysis/Repthoscope.v1.0.0/VallePrep_v0.0.0/results/data/HG04115/filfa/HG04115_hap2.t2t.filtered.fasta.gz	/home/senescence/Documents/storage2/hiura/docker/bulk_env/data/00_analysis/Repthoscope.v1.0.0/VallePrep_v0.0.0/results/data/HG04115/filfa/HG04115_hap2.t2t.filtered.fasta.gz.fai	/home/senescence/Documents/storage2/hiura/docker/bulk_env/data/00_analysis/Repthoscope.v1.0.0/VallePrep_v0.0.0/results/data/HG04115/centro/HG04115_hap2.t2t.pass.bed	/home/senescence/Documents/storage2/hiura/docker/bulk_env/data/00_analysis/Repthoscope.v1.0.0/VallePrep_v0.0.0/results/data/HG04115/hsat23/HG04115_hap2.HSat2and3_Regions.lifted.bed	/home/senescence/Documents/storage2/hiura/docker/bulk_env/data/00_analysis/Repthoscope.v1.0.0/VallePrep_v0.0.0/results/data/HG04115/hsat23/HG04115_hap2.HSat2and3_Regions.HSat2and3.log	13	230
HG04157	HG04157_hap1	PASS	/home/senescence/Documents/storage2/hiura/docker/bulk_env/data/00_analysis/Repthoscope.v1.0.0/VallePrep_v0.0.0/results/data/HG04157/filfa/HG04157_hap1.t2t.filtered.fasta.gz	/home/senescence/Documents/storage2/hiura/docker/bulk_env/data/00_analysis/Repthoscope.v1.0.0/VallePrep_v0.0.0/results/data/HG04157/filfa/HG04157_hap1.t2t.filtered.fasta.gz.fai	/home/senescence/Documents/storage2/hiura/docker/bulk_env/data/00_analysis/Repthoscope.v1.0.0/VallePrep_v0.0.0/results/data/HG04157/centro/HG04157_hap1.t2t.pass.bed	/home/senescence/Documents/storage2/hiura/docker/bulk_env/data/00_analysis/Repthoscope.v1.0.0/VallePrep_v0.0.0/results/data/HG04157/hsat23/HG04157_hap1.HSat2and3_Regions.lifted.bed	/home/senescence/Documents/storage2/hiura/docker/bulk_env/data/00_analysis/Repthoscope.v1.0.0/VallePrep_v0.0.0/results/data/HG04157/hsat23/HG04157_hap1.HSat2and3_Regions.HSat2and3.log	13	268
HG04157	HG04157_hap2	PASS	/home/senescence/Documents/storage2/hiura/docker/bulk_env/data/00_analysis/Repthoscope.v1.0.0/VallePrep_v0.0.0/results/data/HG04157/filfa/HG04157_hap2.t2t.filtered.fasta.gz	/home/senescence/Documents/storage2/hiura/docker/bulk_env/data/00_analysis/Repthoscope.v1.0.0/VallePrep_v0.0.0/results/data/HG04157/filfa/HG04157_hap2.t2t.filtered.fasta.gz.fai	/home/senescence/Documents/storage2/hiura/docker/bulk_env/data/00_analysis/Repthoscope.v1.0.0/VallePrep_v0.0.0/results/data/HG04157/centro/HG04157_hap2.t2t.pass.bed	/home/senescence/Documents/storage2/hiura/docker/bulk_env/data/00_analysis/Repthoscope.v1.0.0/VallePrep_v0.0.0/results/data/HG04157/hsat23/HG04157_hap2.HSat2and3_Regions.lifted.bed	/home/senescence/Documents/storage2/hiura/docker/bulk_env/data/00_analysis/Repthoscope.v1.0.0/VallePrep_v0.0.0/results/data/HG04157/hsat23/HG04157_hap2.HSat2and3_Regions.HSat2and3.log	13	224
HG04160	HG04160_hap1	PASS	/home/senescence/Documents/storage2/hiura/docker/bulk_env/data/00_analysis/Repthoscope.v1.0.0/VallePrep_v0.0.0/results/data/HG04160/filfa/HG04160_hap1.t2t.filtered.fasta.gz	/home/senescence/Documents/storage2/hiura/docker/bulk_env/data/00_analysis/Repthoscope.v1.0.0/VallePrep_v0.0.0/results/data/HG04160/filfa/HG04160_hap1.t2t.filtered.fasta.gz.fai	/home/senescence/Documents/storage2/hiura/docker/bulk_env/data/00_analysis/Repthoscope.v1.0.0/VallePrep_v0.0.0/results/data/HG04160/centro/HG04160_hap1.t2t.pass.bed	/home/senescence/Documents/storage2/hiura/docker/bulk_env/data/00_analysis/Repthoscope.v1.0.0/VallePrep_v0.0.0/results/data/HG04160/hsat23/HG04160_hap1.HSat2and3_Regions.lifted.bed	/home/senescence/Documents/storage2/hiura/docker/bulk_env/data/00_analysis/Repthoscope.v1.0.0/VallePrep_v0.0.0/results/data/HG04160/hsat23/HG04160_hap1.HSat2and3_Regions.HSat2and3.log	14	229
HG04160	HG04160_hap2	PASS	/home/senescence/Documents/storage2/hiura/docker/bulk_env/data/00_analysis/Repthoscope.v1.0.0/VallePrep_v0.0.0/results/data/HG04160/filfa/HG04160_hap2.t2t.filtered.fasta.gz	/home/senescence/Documents/storage2/hiura/docker/bulk_env/data/00_analysis/Repthoscope.v1.0.0/VallePrep_v0.0.0/results/data/HG04160/filfa/HG04160_hap2.t2t.filtered.fasta.gz.fai	/home/senescence/Documents/storage2/hiura/docker/bulk_env/data/00_analysis/Repthoscope.v1.0.0/VallePrep_v0.0.0/results/data/HG04160/centro/HG04160_hap2.t2t.pass.bed	/home/senescence/Documents/storage2/hiura/docker/bulk_env/data/00_analysis/Repthoscope.v1.0.0/VallePrep_v0.0.0/results/data/HG04160/hsat23/HG04160_hap2.HSat2and3_Regions.lifted.bed	/home/senescence/Documents/storage2/hiura/docker/bulk_env/data/00_analysis/Repthoscope.v1.0.0/VallePrep_v0.0.0/results/data/HG04160/hsat23/HG04160_hap2.HSat2and3_Regions.HSat2and3.log	13	357
HG04184	HG04184_hap1	PASS	/home/senescence/Documents/storage2/hiura/docker/bulk_env/data/00_analysis/Repthoscope.v1.0.0/VallePrep_v0.0.0/results/data/HG04184/filfa/HG04184_hap1.t2t.filtered.fasta.gz	/home/senescence/Documents/storage2/hiura/docker/bulk_env/data/00_analysis/Repthoscope.v1.0.0/VallePrep_v0.0.0/results/data/HG04184/filfa/HG04184_hap1.t2t.filtered.fasta.gz.fai	/home/senescence/Documents/storage2/hiura/docker/bulk_env/data/00_analysis/Repthoscope.v1.0.0/VallePrep_v0.0.0/results/data/HG04184/centro/HG04184_hap1.t2t.pass.bed	/home/senescence/Documents/storage2/hiura/docker/bulk_env/data/00_analysis/Repthoscope.v1.0.0/VallePrep_v0.0.0/results/data/HG04184/hsat23/HG04184_hap1.HSat2and3_Regions.lifted.bed	/home/senescence/Documents/storage2/hiura/docker/bulk_env/data/00_analysis/Repthoscope.v1.0.0/VallePrep_v0.0.0/results/data/HG04184/hsat23/HG04184_hap1.HSat2and3_Regions.HSat2and3.log	17	279
HG04184	HG04184_hap2	PASS	/home/senescence/Documents/storage2/hiura/docker/bulk_env/data/00_analysis/Repthoscope.v1.0.0/VallePrep_v0.0.0/results/data/HG04184/filfa/HG04184_hap2.t2t.filtered.fasta.gz	/home/senescence/Documents/storage2/hiura/docker/bulk_env/data/00_analysis/Repthoscope.v1.0.0/VallePrep_v0.0.0/results/data/HG04184/filfa/HG04184_hap2.t2t.filtered.fasta.gz.fai	/home/senescence/Documents/storage2/hiura/docker/bulk_env/data/00_analysis/Repthoscope.v1.0.0/VallePrep_v0.0.0/results/data/HG04184/centro/HG04184_hap2.t2t.pass.bed	/home/senescence/Documents/storage2/hiura/docker/bulk_env/data/00_analysis/Repthoscope.v1.0.0/VallePrep_v0.0.0/results/data/HG04184/hsat23/HG04184_hap2.HSat2and3_Regions.lifted.bed	/home/senescence/Documents/storage2/hiura/docker/bulk_env/data/00_analysis/Repthoscope.v1.0.0/VallePrep_v0.0.0/results/data/HG04184/hsat23/HG04184_hap2.HSat2and3_Regions.HSat2and3.log	16	230
HG04187	HG04187_hap1	PASS	/home/senescence/Documents/storage2/hiura/docker/bulk_env/data/00_analysis/Repthoscope.v1.0.0/VallePrep_v0.0.0/results/data/HG04187/filfa/HG04187_hap1.t2t.filtered.fasta.gz	/home/senescence/Documents/storage2/hiura/docker/bulk_env/data/00_analysis/Repthoscope.v1.0.0/VallePrep_v0.0.0/results/data/HG04187/filfa/HG04187_hap1.t2t.filtered.fasta.gz.fai	/home/senescence/Documents/storage2/hiura/docker/bulk_env/data/00_analysis/Repthoscope.v1.0.0/VallePrep_v0.0.0/results/data/HG04187/centro/HG04187_hap1.t2t.pass.bed	/home/senescence/Documents/storage2/hiura/docker/bulk_env/data/00_analysis/Repthoscope.v1.0.0/VallePrep_v0.0.0/results/data/HG04187/hsat23/HG04187_hap1.HSat2and3_Regions.lifted.bed	/home/senescence/Documents/storage2/hiura/docker/bulk_env/data/00_analysis/Repthoscope.v1.0.0/VallePrep_v0.0.0/results/data/HG04187/hsat23/HG04187_hap1.HSat2and3_Regions.HSat2and3.log	16	136
HG04187	HG04187_hap2	PASS	/home/senescence/Documents/storage2/hiura/docker/bulk_env/data/00_analysis/Repthoscope.v1.0.0/VallePrep_v0.0.0/results/data/HG04187/filfa/HG04187_hap2.t2t.filtered.fasta.gz	/home/senescence/Documents/storage2/hiura/docker/bulk_env/data/00_analysis/Repthoscope.v1.0.0/VallePrep_v0.0.0/results/data/HG04187/filfa/HG04187_hap2.t2t.filtered.fasta.gz.fai	/home/senescence/Documents/storage2/hiura/docker/bulk_env/data/00_analysis/Repthoscope.v1.0.0/VallePrep_v0.0.0/results/data/HG04187/centro/HG04187_hap2.t2t.pass.bed	/home/senescence/Documents/storage2/hiura/docker/bulk_env/data/00_analysis/Repthoscope.v1.0.0/VallePrep_v0.0.0/results/data/HG04187/hsat23/HG04187_hap2.HSat2and3_Regions.lifted.bed	/home/senescence/Documents/storage2/hiura/docker/bulk_env/data/00_analysis/Repthoscope.v1.0.0/VallePrep_v0.0.0/results/data/HG04187/hsat23/HG04187_hap2.HSat2and3_Regions.HSat2and3.log	16	211
HG04199	HG04199_hap1	PASS	/home/senescence/Documents/storage2/hiura/docker/bulk_env/data/00_analysis/Repthoscope.v1.0.0/VallePrep_v0.0.0/results/data/HG04199/filfa/HG04199_hap1.t2t.filtered.fasta.gz	/home/senescence/Documents/storage2/hiura/docker/bulk_env/data/00_analysis/Repthoscope.v1.0.0/VallePrep_v0.0.0/results/data/HG04199/filfa/HG04199_hap1.t2t.filtered.fasta.gz.fai	/home/senescence/Documents/storage2/hiura/docker/bulk_env/data/00_analysis/Repthoscope.v1.0.0/VallePrep_v0.0.0/results/data/HG04199/centro/HG04199_hap1.t2t.pass.bed	/home/senescence/Documents/storage2/hiura/docker/bulk_env/data/00_analysis/Repthoscope.v1.0.0/VallePrep_v0.0.0/results/data/HG04199/hsat23/HG04199_hap1.HSat2and3_Regions.lifted.bed	/home/senescence/Documents/storage2/hiura/docker/bulk_env/data/00_analysis/Repthoscope.v1.0.0/VallePrep_v0.0.0/results/data/HG04199/hsat23/HG04199_hap1.HSat2and3_Regions.HSat2and3.log	16	280
HG04199	HG04199_hap2	PASS	/home/senescence/Documents/storage2/hiura/docker/bulk_env/data/00_analysis/Repthoscope.v1.0.0/VallePrep_v0.0.0/results/data/HG04199/filfa/HG04199_hap2.t2t.filtered.fasta.gz	/home/senescence/Documents/storage2/hiura/docker/bulk_env/data/00_analysis/Repthoscope.v1.0.0/VallePrep_v0.0.0/results/data/HG04199/filfa/HG04199_hap2.t2t.filtered.fasta.gz.fai	/home/senescence/Documents/storage2/hiura/docker/bulk_env/data/00_analysis/Repthoscope.v1.0.0/VallePrep_v0.0.0/results/data/HG04199/centro/HG04199_hap2.t2t.pass.bed	/home/senescence/Documents/storage2/hiura/docker/bulk_env/data/00_analysis/Repthoscope.v1.0.0/VallePrep_v0.0.0/results/data/HG04199/hsat23/HG04199_hap2.HSat2and3_Regions.lifted.bed	/home/senescence/Documents/storage2/hiura/docker/bulk_env/data/00_analysis/Repthoscope.v1.0.0/VallePrep_v0.0.0/results/data/HG04199/hsat23/HG04199_hap2.HSat2and3_Regions.HSat2and3.log	15	262
HG04204	HG04204_hap1	PASS	/home/senescence/Documents/storage2/hiura/docker/bulk_env/data/00_analysis/Repthoscope.v1.0.0/VallePrep_v0.0.0/results/data/HG04204/filfa/HG04204_hap1.t2t.filtered.fasta.gz	/home/senescence/Documents/storage2/hiura/docker/bulk_env/data/00_analysis/Repthoscope.v1.0.0/VallePrep_v0.0.0/results/data/HG04204/filfa/HG04204_hap1.t2t.filtered.fasta.gz.fai	/home/senescence/Documents/storage2/hiura/docker/bulk_env/data/00_analysis/Repthoscope.v1.0.0/VallePrep_v0.0.0/results/data/HG04204/centro/HG04204_hap1.t2t.pass.bed	/home/senescence/Documents/storage2/hiura/docker/bulk_env/data/00_analysis/Repthoscope.v1.0.0/VallePrep_v0.0.0/results/data/HG04204/hsat23/HG04204_hap1.HSat2and3_Regions.lifted.bed	/home/senescence/Documents/storage2/hiura/docker/bulk_env/data/00_analysis/Repthoscope.v1.0.0/VallePrep_v0.0.0/results/data/HG04204/hsat23/HG04204_hap1.HSat2and3_Regions.HSat2and3.log	13	186
HG04204	HG04204_hap2	PASS	/home/senescence/Documents/storage2/hiura/docker/bulk_env/data/00_analysis/Repthoscope.v1.0.0/VallePrep_v0.0.0/results/data/HG04204/filfa/HG04204_hap2.t2t.filtered.fasta.gz	/home/senescence/Documents/storage2/hiura/docker/bulk_env/data/00_analysis/Repthoscope.v1.0.0/VallePrep_v0.0.0/results/data/HG04204/filfa/HG04204_hap2.t2t.filtered.fasta.gz.fai	/home/senescence/Documents/storage2/hiura/docker/bulk_env/data/00_analysis/Repthoscope.v1.0.0/VallePrep_v0.0.0/results/data/HG04204/centro/HG04204_hap2.t2t.pass.bed	/home/senescence/Documents/storage2/hiura/docker/bulk_env/data/00_analysis/Repthoscope.v1.0.0/VallePrep_v0.0.0/results/data/HG04204/hsat23/HG04204_hap2.HSat2and3_Regions.lifted.bed	/home/senescence/Documents/storage2/hiura/docker/bulk_env/data/00_analysis/Repthoscope.v1.0.0/VallePrep_v0.0.0/results/data/HG04204/hsat23/HG04204_hap2.HSat2and3_Regions.HSat2and3.log	11	276
HG04217	HG04217_hap1	PASS	/home/senescence/Documents/storage2/hiura/docker/bulk_env/data/00_analysis/Repthoscope.v1.0.0/VallePrep_v0.0.0/results/data/HG04217/filfa/HG04217_hap1.t2t.filtered.fasta.gz	/home/senescence/Documents/storage2/hiura/docker/bulk_env/data/00_analysis/Repthoscope.v1.0.0/VallePrep_v0.0.0/results/data/HG04217/filfa/HG04217_hap1.t2t.filtered.fasta.gz.fai	/home/senescence/Documents/storage2/hiura/docker/bulk_env/data/00_analysis/Repthoscope.v1.0.0/VallePrep_v0.0.0/results/data/HG04217/centro/HG04217_hap1.t2t.pass.bed	/home/senescence/Documents/storage2/hiura/docker/bulk_env/data/00_analysis/Repthoscope.v1.0.0/VallePrep_v0.0.0/results/data/HG04217/hsat23/HG04217_hap1.HSat2and3_Regions.lifted.bed	/home/senescence/Documents/storage2/hiura/docker/bulk_env/data/00_analysis/Repthoscope.v1.0.0/VallePrep_v0.0.0/results/data/HG04217/hsat23/HG04217_hap1.HSat2and3_Regions.HSat2and3.log	18	258
HG04217	HG04217_hap2	PASS	/home/senescence/Documents/storage2/hiura/docker/bulk_env/data/00_analysis/Repthoscope.v1.0.0/VallePrep_v0.0.0/results/data/HG04217/filfa/HG04217_hap2.t2t.filtered.fasta.gz	/home/senescence/Documents/storage2/hiura/docker/bulk_env/data/00_analysis/Repthoscope.v1.0.0/VallePrep_v0.0.0/results/data/HG04217/filfa/HG04217_hap2.t2t.filtered.fasta.gz.fai	/home/senescence/Documents/storage2/hiura/docker/bulk_env/data/00_analysis/Repthoscope.v1.0.0/VallePrep_v0.0.0/results/data/HG04217/centro/HG04217_hap2.t2t.pass.bed	/home/senescence/Documents/storage2/hiura/docker/bulk_env/data/00_analysis/Repthoscope.v1.0.0/VallePrep_v0.0.0/results/data/HG04217/hsat23/HG04217_hap2.HSat2and3_Regions.lifted.bed	/home/senescence/Documents/storage2/hiura/docker/bulk_env/data/00_analysis/Repthoscope.v1.0.0/VallePrep_v0.0.0/results/data/HG04217/hsat23/HG04217_hap2.HSat2and3_Regions.HSat2and3.log	17	216
HG04228	HG04228_hap1	PASS	/home/senescence/Documents/storage2/hiura/docker/bulk_env/data/00_analysis/Repthoscope.v1.0.0/VallePrep_v0.0.0/results/data/HG04228/filfa/HG04228_hap1.t2t.filtered.fasta.gz	/home/senescence/Documents/storage2/hiura/docker/bulk_env/data/00_analysis/Repthoscope.v1.0.0/VallePrep_v0.0.0/results/data/HG04228/filfa/HG04228_hap1.t2t.filtered.fasta.gz.fai	/home/senescence/Documents/storage2/hiura/docker/bulk_env/data/00_analysis/Repthoscope.v1.0.0/VallePrep_v0.0.0/results/data/HG04228/centro/HG04228_hap1.t2t.pass.bed	/home/senescence/Documents/storage2/hiura/docker/bulk_env/data/00_analysis/Repthoscope.v1.0.0/VallePrep_v0.0.0/results/data/HG04228/hsat23/HG04228_hap1.HSat2and3_Regions.lifted.bed	/home/senescence/Documents/storage2/hiura/docker/bulk_env/data/00_analysis/Repthoscope.v1.0.0/VallePrep_v0.0.0/results/data/HG04228/hsat23/HG04228_hap1.HSat2and3_Regions.HSat2and3.log	15	245
HG04228	HG04228_hap2	PASS	/home/senescence/Documents/storage2/hiura/docker/bulk_env/data/00_analysis/Repthoscope.v1.0.0/VallePrep_v0.0.0/results/data/HG04228/filfa/HG04228_hap2.t2t.filtered.fasta.gz	/home/senescence/Documents/storage2/hiura/docker/bulk_env/data/00_analysis/Repthoscope.v1.0.0/VallePrep_v0.0.0/results/data/HG04228/filfa/HG04228_hap2.t2t.filtered.fasta.gz.fai	/home/senescence/Documents/storage2/hiura/docker/bulk_env/data/00_analysis/Repthoscope.v1.0.0/VallePrep_v0.0.0/results/data/HG04228/centro/HG04228_hap2.t2t.pass.bed	/home/senescence/Documents/storage2/hiura/docker/bulk_env/data/00_analysis/Repthoscope.v1.0.0/VallePrep_v0.0.0/results/data/HG04228/hsat23/HG04228_hap2.HSat2and3_Regions.lifted.bed	/home/senescence/Documents/storage2/hiura/docker/bulk_env/data/00_analysis/Repthoscope.v1.0.0/VallePrep_v0.0.0/results/data/HG04228/hsat23/HG04228_hap2.HSat2and3_Regions.HSat2and3.log	14	251
HG06807	HG06807_hap1	PASS	/home/senescence/Documents/storage2/hiura/docker/bulk_env/data/00_analysis/Repthoscope.v1.0.0/VallePrep_v0.0.0/results/data/HG06807/filfa/HG06807_hap1.t2t.filtered.fasta.gz	/home/senescence/Documents/storage2/hiura/docker/bulk_env/data/00_analysis/Repthoscope.v1.0.0/VallePrep_v0.0.0/results/data/HG06807/filfa/HG06807_hap1.t2t.filtered.fasta.gz.fai	/home/senescence/Documents/storage2/hiura/docker/bulk_env/data/00_analysis/Repthoscope.v1.0.0/VallePrep_v0.0.0/results/data/HG06807/centro/HG06807_hap1.t2t.pass.bed	/home/senescence/Documents/storage2/hiura/docker/bulk_env/data/00_analysis/Repthoscope.v1.0.0/VallePrep_v0.0.0/results/data/HG06807/hsat23/HG06807_hap1.HSat2and3_Regions.lifted.bed	/home/senescence/Documents/storage2/hiura/docker/bulk_env/data/00_analysis/Repthoscope.v1.0.0/VallePrep_v0.0.0/results/data/HG06807/hsat23/HG06807_hap1.HSat2and3_Regions.HSat2and3.log	18	178
HG06807	HG06807_hap2	PASS	/home/senescence/Documents/storage2/hiura/docker/bulk_env/data/00_analysis/Repthoscope.v1.0.0/VallePrep_v0.0.0/results/data/HG06807/filfa/HG06807_hap2.t2t.filtered.fasta.gz	/home/senescence/Documents/storage2/hiura/docker/bulk_env/data/00_analysis/Repthoscope.v1.0.0/VallePrep_v0.0.0/results/data/HG06807/filfa/HG06807_hap2.t2t.filtered.fasta.gz.fai	/home/senescence/Documents/storage2/hiura/docker/bulk_env/data/00_analysis/Repthoscope.v1.0.0/VallePrep_v0.0.0/results/data/HG06807/centro/HG06807_hap2.t2t.pass.bed	/home/senescence/Documents/storage2/hiura/docker/bulk_env/data/00_analysis/Repthoscope.v1.0.0/VallePrep_v0.0.0/results/data/HG06807/hsat23/HG06807_hap2.HSat2and3_Regions.lifted.bed	/home/senescence/Documents/storage2/hiura/docker/bulk_env/data/00_analysis/Repthoscope.v1.0.0/VallePrep_v0.0.0/results/data/HG06807/hsat23/HG06807_hap2.HSat2and3_Regions.HSat2and3.log	18	230
NA12329	NA12329_hap1	PASS	/home/senescence/Documents/storage2/hiura/docker/bulk_env/data/00_analysis/Repthoscope.v1.0.0/VallePrep_v0.0.0/results/data/NA12329/filfa/NA12329_hap1.t2t.filtered.fasta.gz	/home/senescence/Documents/storage2/hiura/docker/bulk_env/data/00_analysis/Repthoscope.v1.0.0/VallePrep_v0.0.0/results/data/NA12329/filfa/NA12329_hap1.t2t.filtered.fasta.gz.fai	/home/senescence/Documents/storage2/hiura/docker/bulk_env/data/00_analysis/Repthoscope.v1.0.0/VallePrep_v0.0.0/results/data/NA12329/centro/NA12329_hap1.t2t.pass.bed	/home/senescence/Documents/storage2/hiura/docker/bulk_env/data/00_analysis/Repthoscope.v1.0.0/VallePrep_v0.0.0/results/data/NA12329/hsat23/NA12329_hap1.HSat2and3_Regions.lifted.bed	/home/senescence/Documents/storage2/hiura/docker/bulk_env/data/00_analysis/Repthoscope.v1.0.0/VallePrep_v0.0.0/results/data/NA12329/hsat23/NA12329_hap1.HSat2and3_Regions.HSat2and3.log	17	126
NA12329	NA12329_hap2	PASS	/home/senescence/Documents/storage2/hiura/docker/bulk_env/data/00_analysis/Repthoscope.v1.0.0/VallePrep_v0.0.0/results/data/NA12329/filfa/NA12329_hap2.t2t.filtered.fasta.gz	/home/senescence/Documents/storage2/hiura/docker/bulk_env/data/00_analysis/Repthoscope.v1.0.0/VallePrep_v0.0.0/results/data/NA12329/filfa/NA12329_hap2.t2t.filtered.fasta.gz.fai	/home/senescence/Documents/storage2/hiura/docker/bulk_env/data/00_analysis/Repthoscope.v1.0.0/VallePrep_v0.0.0/results/data/NA12329/centro/NA12329_hap2.t2t.pass.bed	/home/senescence/Documents/storage2/hiura/docker/bulk_env/data/00_analysis/Repthoscope.v1.0.0/VallePrep_v0.0.0/results/data/NA12329/hsat23/NA12329_hap2.HSat2and3_Regions.lifted.bed	/home/senescence/Documents/storage2/hiura/docker/bulk_env/data/00_analysis/Repthoscope.v1.0.0/VallePrep_v0.0.0/results/data/NA12329/hsat23/NA12329_hap2.HSat2and3_Regions.HSat2and3.log	18	230
NA18505	NA18505_hap1	PASS	/home/senescence/Documents/storage2/hiura/docker/bulk_env/data/00_analysis/Repthoscope.v1.0.0/VallePrep_v0.0.0/results/data/NA18505/filfa/NA18505_hap1.t2t.filtered.fasta.gz	/home/senescence/Documents/storage2/hiura/docker/bulk_env/data/00_analysis/Repthoscope.v1.0.0/VallePrep_v0.0.0/results/data/NA18505/filfa/NA18505_hap1.t2t.filtered.fasta.gz.fai	/home/senescence/Documents/storage2/hiura/docker/bulk_env/data/00_analysis/Repthoscope.v1.0.0/VallePrep_v0.0.0/results/data/NA18505/centro/NA18505_hap1.t2t.pass.bed	/home/senescence/Documents/storage2/hiura/docker/bulk_env/data/00_analysis/Repthoscope.v1.0.0/VallePrep_v0.0.0/results/data/NA18505/hsat23/NA18505_hap1.HSat2and3_Regions.lifted.bed	/home/senescence/Documents/storage2/hiura/docker/bulk_env/data/00_analysis/Repthoscope.v1.0.0/VallePrep_v0.0.0/results/data/NA18505/hsat23/NA18505_hap1.HSat2and3_Regions.HSat2and3.log	14	234
NA18505	NA18505_hap2	PASS	/home/senescence/Documents/storage2/hiura/docker/bulk_env/data/00_analysis/Repthoscope.v1.0.0/VallePrep_v0.0.0/results/data/NA18505/filfa/NA18505_hap2.t2t.filtered.fasta.gz	/home/senescence/Documents/storage2/hiura/docker/bulk_env/data/00_analysis/Repthoscope.v1.0.0/VallePrep_v0.0.0/results/data/NA18505/filfa/NA18505_hap2.t2t.filtered.fasta.gz.fai	/home/senescence/Documents/storage2/hiura/docker/bulk_env/data/00_analysis/Repthoscope.v1.0.0/VallePrep_v0.0.0/results/data/NA18505/centro/NA18505_hap2.t2t.pass.bed	/home/senescence/Documents/storage2/hiura/docker/bulk_env/data/00_analysis/Repthoscope.v1.0.0/VallePrep_v0.0.0/results/data/NA18505/hsat23/NA18505_hap2.HSat2and3_Regions.lifted.bed	/home/senescence/Documents/storage2/hiura/docker/bulk_env/data/00_analysis/Repthoscope.v1.0.0/VallePrep_v0.0.0/results/data/NA18505/hsat23/NA18505_hap2.HSat2and3_Regions.HSat2and3.log	13	263
NA18508	NA18508_hap1	PASS	/home/senescence/Documents/storage2/hiura/docker/bulk_env/data/00_analysis/Repthoscope.v1.0.0/VallePrep_v0.0.0/results/data/NA18508/filfa/NA18508_hap1.t2t.filtered.fasta.gz	/home/senescence/Documents/storage2/hiura/docker/bulk_env/data/00_analysis/Repthoscope.v1.0.0/VallePrep_v0.0.0/results/data/NA18508/filfa/NA18508_hap1.t2t.filtered.fasta.gz.fai	/home/senescence/Documents/storage2/hiura/docker/bulk_env/data/00_analysis/Repthoscope.v1.0.0/VallePrep_v0.0.0/results/data/NA18508/centro/NA18508_hap1.t2t.pass.bed	/home/senescence/Documents/storage2/hiura/docker/bulk_env/data/00_analysis/Repthoscope.v1.0.0/VallePrep_v0.0.0/results/data/NA18508/hsat23/NA18508_hap1.HSat2and3_Regions.lifted.bed	/home/senescence/Documents/storage2/hiura/docker/bulk_env/data/00_analysis/Repthoscope.v1.0.0/VallePrep_v0.0.0/results/data/NA18508/hsat23/NA18508_hap1.HSat2and3_Regions.HSat2and3.log	15	229
NA18508	NA18508_hap2	PASS	/home/senescence/Documents/storage2/hiura/docker/bulk_env/data/00_analysis/Repthoscope.v1.0.0/VallePrep_v0.0.0/results/data/NA18508/filfa/NA18508_hap2.t2t.filtered.fasta.gz	/home/senescence/Documents/storage2/hiura/docker/bulk_env/data/00_analysis/Repthoscope.v1.0.0/VallePrep_v0.0.0/results/data/NA18508/filfa/NA18508_hap2.t2t.filtered.fasta.gz.fai	/home/senescence/Documents/storage2/hiura/docker/bulk_env/data/00_analysis/Repthoscope.v1.0.0/VallePrep_v0.0.0/results/data/NA18508/centro/NA18508_hap2.t2t.pass.bed	/home/senescence/Documents/storage2/hiura/docker/bulk_env/data/00_analysis/Repthoscope.v1.0.0/VallePrep_v0.0.0/results/data/NA18508/hsat23/NA18508_hap2.HSat2and3_Regions.lifted.bed	/home/senescence/Documents/storage2/hiura/docker/bulk_env/data/00_analysis/Repthoscope.v1.0.0/VallePrep_v0.0.0/results/data/NA18508/hsat23/NA18508_hap2.HSat2and3_Regions.HSat2and3.log	16	207
NA18522	NA18522_hap1	PASS	/home/senescence/Documents/storage2/hiura/docker/bulk_env/data/00_analysis/Repthoscope.v1.0.0/VallePrep_v0.0.0/results/data/NA18522/filfa/NA18522_hap1.t2t.filtered.fasta.gz	/home/senescence/Documents/storage2/hiura/docker/bulk_env/data/00_analysis/Repthoscope.v1.0.0/VallePrep_v0.0.0/results/data/NA18522/filfa/NA18522_hap1.t2t.filtered.fasta.gz.fai	/home/senescence/Documents/storage2/hiura/docker/bulk_env/data/00_analysis/Repthoscope.v1.0.0/VallePrep_v0.0.0/results/data/NA18522/centro/NA18522_hap1.t2t.pass.bed	/home/senescence/Documents/storage2/hiura/docker/bulk_env/data/00_analysis/Repthoscope.v1.0.0/VallePrep_v0.0.0/results/data/NA18522/hsat23/NA18522_hap1.HSat2and3_Regions.lifted.bed	/home/senescence/Documents/storage2/hiura/docker/bulk_env/data/00_analysis/Repthoscope.v1.0.0/VallePrep_v0.0.0/results/data/NA18522/hsat23/NA18522_hap1.HSat2and3_Regions.HSat2and3.log	16	309
NA18522	NA18522_hap2	PASS	/home/senescence/Documents/storage2/hiura/docker/bulk_env/data/00_analysis/Repthoscope.v1.0.0/VallePrep_v0.0.0/results/data/NA18522/filfa/NA18522_hap2.t2t.filtered.fasta.gz	/home/senescence/Documents/storage2/hiura/docker/bulk_env/data/00_analysis/Repthoscope.v1.0.0/VallePrep_v0.0.0/results/data/NA18522/filfa/NA18522_hap2.t2t.filtered.fasta.gz.fai	/home/senescence/Documents/storage2/hiura/docker/bulk_env/data/00_analysis/Repthoscope.v1.0.0/VallePrep_v0.0.0/results/data/NA18522/centro/NA18522_hap2.t2t.pass.bed	/home/senescence/Documents/storage2/hiura/docker/bulk_env/data/00_analysis/Repthoscope.v1.0.0/VallePrep_v0.0.0/results/data/NA18522/hsat23/NA18522_hap2.HSat2and3_Regions.lifted.bed	/home/senescence/Documents/storage2/hiura/docker/bulk_env/data/00_analysis/Repthoscope.v1.0.0/VallePrep_v0.0.0/results/data/NA18522/hsat23/NA18522_hap2.HSat2and3_Regions.HSat2and3.log	17	235
NA18534	NA18534_hap1	PASS	/home/senescence/Documents/storage2/hiura/docker/bulk_env/data/00_analysis/Repthoscope.v1.0.0/VallePrep_v0.0.0/results/data/NA18534/filfa/NA18534_hap1.t2t.filtered.fasta.gz	/home/senescence/Documents/storage2/hiura/docker/bulk_env/data/00_analysis/Repthoscope.v1.0.0/VallePrep_v0.0.0/results/data/NA18534/filfa/NA18534_hap1.t2t.filtered.fasta.gz.fai	/home/senescence/Documents/storage2/hiura/docker/bulk_env/data/00_analysis/Repthoscope.v1.0.0/VallePrep_v0.0.0/results/data/NA18534/centro/NA18534_hap1.t2t.pass.bed	/home/senescence/Documents/storage2/hiura/docker/bulk_env/data/00_analysis/Repthoscope.v1.0.0/VallePrep_v0.0.0/results/data/NA18534/hsat23/NA18534_hap1.HSat2and3_Regions.lifted.bed	/home/senescence/Documents/storage2/hiura/docker/bulk_env/data/00_analysis/Repthoscope.v1.0.0/VallePrep_v0.0.0/results/data/NA18534/hsat23/NA18534_hap1.HSat2and3_Regions.HSat2and3.log	17	222
NA18534	NA18534_hap2	PASS	/home/senescence/Documents/storage2/hiura/docker/bulk_env/data/00_analysis/Repthoscope.v1.0.0/VallePrep_v0.0.0/results/data/NA18534/filfa/NA18534_hap2.t2t.filtered.fasta.gz	/home/senescence/Documents/storage2/hiura/docker/bulk_env/data/00_analysis/Repthoscope.v1.0.0/VallePrep_v0.0.0/results/data/NA18534/filfa/NA18534_hap2.t2t.filtered.fasta.gz.fai	/home/senescence/Documents/storage2/hiura/docker/bulk_env/data/00_analysis/Repthoscope.v1.0.0/VallePrep_v0.0.0/results/data/NA18534/centro/NA18534_hap2.t2t.pass.bed	/home/senescence/Documents/storage2/hiura/docker/bulk_env/data/00_analysis/Repthoscope.v1.0.0/VallePrep_v0.0.0/results/data/NA18534/hsat23/NA18534_hap2.HSat2and3_Regions.lifted.bed	/home/senescence/Documents/storage2/hiura/docker/bulk_env/data/00_analysis/Repthoscope.v1.0.0/VallePrep_v0.0.0/results/data/NA18534/hsat23/NA18534_hap2.HSat2and3_Regions.HSat2and3.log	17	104
NA18565	NA18565_hap1	PASS	/home/senescence/Documents/storage2/hiura/docker/bulk_env/data/00_analysis/Repthoscope.v1.0.0/VallePrep_v0.0.0/results/data/NA18565/filfa/NA18565_hap1.t2t.filtered.fasta.gz	/home/senescence/Documents/storage2/hiura/docker/bulk_env/data/00_analysis/Repthoscope.v1.0.0/VallePrep_v0.0.0/results/data/NA18565/filfa/NA18565_hap1.t2t.filtered.fasta.gz.fai	/home/senescence/Documents/storage2/hiura/docker/bulk_env/data/00_analysis/Repthoscope.v1.0.0/VallePrep_v0.0.0/results/data/NA18565/centro/NA18565_hap1.t2t.pass.bed	/home/senescence/Documents/storage2/hiura/docker/bulk_env/data/00_analysis/Repthoscope.v1.0.0/VallePrep_v0.0.0/results/data/NA18565/hsat23/NA18565_hap1.HSat2and3_Regions.lifted.bed	/home/senescence/Documents/storage2/hiura/docker/bulk_env/data/00_analysis/Repthoscope.v1.0.0/VallePrep_v0.0.0/results/data/NA18565/hsat23/NA18565_hap1.HSat2and3_Regions.HSat2and3.log	13	56
NA18565	NA18565_hap2	PASS	/home/senescence/Documents/storage2/hiura/docker/bulk_env/data/00_analysis/Repthoscope.v1.0.0/VallePrep_v0.0.0/results/data/NA18565/filfa/NA18565_hap2.t2t.filtered.fasta.gz	/home/senescence/Documents/storage2/hiura/docker/bulk_env/data/00_analysis/Repthoscope.v1.0.0/VallePrep_v0.0.0/results/data/NA18565/filfa/NA18565_hap2.t2t.filtered.fasta.gz.fai	/home/senescence/Documents/storage2/hiura/docker/bulk_env/data/00_analysis/Repthoscope.v1.0.0/VallePrep_v0.0.0/results/data/NA18565/centro/NA18565_hap2.t2t.pass.bed	/home/senescence/Documents/storage2/hiura/docker/bulk_env/data/00_analysis/Repthoscope.v1.0.0/VallePrep_v0.0.0/results/data/NA18565/hsat23/NA18565_hap2.HSat2and3_Regions.lifted.bed	/home/senescence/Documents/storage2/hiura/docker/bulk_env/data/00_analysis/Repthoscope.v1.0.0/VallePrep_v0.0.0/results/data/NA18565/hsat23/NA18565_hap2.HSat2and3_Regions.HSat2and3.log	14	179
NA18570	NA18570_hap1	PASS	/home/senescence/Documents/storage2/hiura/docker/bulk_env/data/00_analysis/Repthoscope.v1.0.0/VallePrep_v0.0.0/results/data/NA18570/filfa/NA18570_hap1.t2t.filtered.fasta.gz	/home/senescence/Documents/storage2/hiura/docker/bulk_env/data/00_analysis/Repthoscope.v1.0.0/VallePrep_v0.0.0/results/data/NA18570/filfa/NA18570_hap1.t2t.filtered.fasta.gz.fai	/home/senescence/Documents/storage2/hiura/docker/bulk_env/data/00_analysis/Repthoscope.v1.0.0/VallePrep_v0.0.0/results/data/NA18570/centro/NA18570_hap1.t2t.pass.bed	/home/senescence/Documents/storage2/hiura/docker/bulk_env/data/00_analysis/Repthoscope.v1.0.0/VallePrep_v0.0.0/results/data/NA18570/hsat23/NA18570_hap1.HSat2and3_Regions.lifted.bed	/home/senescence/Documents/storage2/hiura/docker/bulk_env/data/00_analysis/Repthoscope.v1.0.0/VallePrep_v0.0.0/results/data/NA18570/hsat23/NA18570_hap1.HSat2and3_Regions.HSat2and3.log	16	222
NA18570	NA18570_hap2	PASS	/home/senescence/Documents/storage2/hiura/docker/bulk_env/data/00_analysis/Repthoscope.v1.0.0/VallePrep_v0.0.0/results/data/NA18570/filfa/NA18570_hap2.t2t.filtered.fasta.gz	/home/senescence/Documents/storage2/hiura/docker/bulk_env/data/00_analysis/Repthoscope.v1.0.0/VallePrep_v0.0.0/results/data/NA18570/filfa/NA18570_hap2.t2t.filtered.fasta.gz.fai	/home/senescence/Documents/storage2/hiura/docker/bulk_env/data/00_analysis/Repthoscope.v1.0.0/VallePrep_v0.0.0/results/data/NA18570/centro/NA18570_hap2.t2t.pass.bed	/home/senescence/Documents/storage2/hiura/docker/bulk_env/data/00_analysis/Repthoscope.v1.0.0/VallePrep_v0.0.0/results/data/NA18570/hsat23/NA18570_hap2.HSat2and3_Regions.lifted.bed	/home/senescence/Documents/storage2/hiura/docker/bulk_env/data/00_analysis/Repthoscope.v1.0.0/VallePrep_v0.0.0/results/data/NA18570/hsat23/NA18570_hap2.HSat2and3_Regions.HSat2and3.log	16	212
NA18608	NA18608_hap1	PASS	/home/senescence/Documents/storage2/hiura/docker/bulk_env/data/00_analysis/Repthoscope.v1.0.0/VallePrep_v0.0.0/results/data/NA18608/filfa/NA18608_hap1.t2t.filtered.fasta.gz	/home/senescence/Documents/storage2/hiura/docker/bulk_env/data/00_analysis/Repthoscope.v1.0.0/VallePrep_v0.0.0/results/data/NA18608/filfa/NA18608_hap1.t2t.filtered.fasta.gz.fai	/home/senescence/Documents/storage2/hiura/docker/bulk_env/data/00_analysis/Repthoscope.v1.0.0/VallePrep_v0.0.0/results/data/NA18608/centro/NA18608_hap1.t2t.pass.bed	/home/senescence/Documents/storage2/hiura/docker/bulk_env/data/00_analysis/Repthoscope.v1.0.0/VallePrep_v0.0.0/results/data/NA18608/hsat23/NA18608_hap1.HSat2and3_Regions.lifted.bed	/home/senescence/Documents/storage2/hiura/docker/bulk_env/data/00_analysis/Repthoscope.v1.0.0/VallePrep_v0.0.0/results/data/NA18608/hsat23/NA18608_hap1.HSat2and3_Regions.HSat2and3.log	14	213
NA18608	NA18608_hap2	PASS	/home/senescence/Documents/storage2/hiura/docker/bulk_env/data/00_analysis/Repthoscope.v1.0.0/VallePrep_v0.0.0/results/data/NA18608/filfa/NA18608_hap2.t2t.filtered.fasta.gz	/home/senescence/Documents/storage2/hiura/docker/bulk_env/data/00_analysis/Repthoscope.v1.0.0/VallePrep_v0.0.0/results/data/NA18608/filfa/NA18608_hap2.t2t.filtered.fasta.gz.fai	/home/senescence/Documents/storage2/hiura/docker/bulk_env/data/00_analysis/Repthoscope.v1.0.0/VallePrep_v0.0.0/results/data/NA18608/centro/NA18608_hap2.t2t.pass.bed	/home/senescence/Documents/storage2/hiura/docker/bulk_env/data/00_analysis/Repthoscope.v1.0.0/VallePrep_v0.0.0/results/data/NA18608/hsat23/NA18608_hap2.HSat2and3_Regions.lifted.bed	/home/senescence/Documents/storage2/hiura/docker/bulk_env/data/00_analysis/Repthoscope.v1.0.0/VallePrep_v0.0.0/results/data/NA18608/hsat23/NA18608_hap2.HSat2and3_Regions.HSat2and3.log	14	97
NA18620	NA18620_hap1	PASS	/home/senescence/Documents/storage2/hiura/docker/bulk_env/data/00_analysis/Repthoscope.v1.0.0/VallePrep_v0.0.0/results/data/NA18620/filfa/NA18620_hap1.t2t.filtered.fasta.gz	/home/senescence/Documents/storage2/hiura/docker/bulk_env/data/00_analysis/Repthoscope.v1.0.0/VallePrep_v0.0.0/results/data/NA18620/filfa/NA18620_hap1.t2t.filtered.fasta.gz.fai	/home/senescence/Documents/storage2/hiura/docker/bulk_env/data/00_analysis/Repthoscope.v1.0.0/VallePrep_v0.0.0/results/data/NA18620/centro/NA18620_hap1.t2t.pass.bed	/home/senescence/Documents/storage2/hiura/docker/bulk_env/data/00_analysis/Repthoscope.v1.0.0/VallePrep_v0.0.0/results/data/NA18620/hsat23/NA18620_hap1.HSat2and3_Regions.lifted.bed	/home/senescence/Documents/storage2/hiura/docker/bulk_env/data/00_analysis/Repthoscope.v1.0.0/VallePrep_v0.0.0/results/data/NA18620/hsat23/NA18620_hap1.HSat2and3_Regions.HSat2and3.log	11	86
NA18620	NA18620_hap2	PASS	/home/senescence/Documents/storage2/hiura/docker/bulk_env/data/00_analysis/Repthoscope.v1.0.0/VallePrep_v0.0.0/results/data/NA18620/filfa/NA18620_hap2.t2t.filtered.fasta.gz	/home/senescence/Documents/storage2/hiura/docker/bulk_env/data/00_analysis/Repthoscope.v1.0.0/VallePrep_v0.0.0/results/data/NA18620/filfa/NA18620_hap2.t2t.filtered.fasta.gz.fai	/home/senescence/Documents/storage2/hiura/docker/bulk_env/data/00_analysis/Repthoscope.v1.0.0/VallePrep_v0.0.0/results/data/NA18620/centro/NA18620_hap2.t2t.pass.bed	/home/senescence/Documents/storage2/hiura/docker/bulk_env/data/00_analysis/Repthoscope.v1.0.0/VallePrep_v0.0.0/results/data/NA18620/hsat23/NA18620_hap2.HSat2and3_Regions.lifted.bed	/home/senescence/Documents/storage2/hiura/docker/bulk_env/data/00_analysis/Repthoscope.v1.0.0/VallePrep_v0.0.0/results/data/NA18620/hsat23/NA18620_hap2.HSat2and3_Regions.HSat2and3.log	13	110
NA18747	NA18747_hap1	PASS	/home/senescence/Documents/storage2/hiura/docker/bulk_env/data/00_analysis/Repthoscope.v1.0.0/VallePrep_v0.0.0/results/data/NA18747/filfa/NA18747_hap1.t2t.filtered.fasta.gz	/home/senescence/Documents/storage2/hiura/docker/bulk_env/data/00_analysis/Repthoscope.v1.0.0/VallePrep_v0.0.0/results/data/NA18747/filfa/NA18747_hap1.t2t.filtered.fasta.gz.fai	/home/senescence/Documents/storage2/hiura/docker/bulk_env/data/00_analysis/Repthoscope.v1.0.0/VallePrep_v0.0.0/results/data/NA18747/centro/NA18747_hap1.t2t.pass.bed	/home/senescence/Documents/storage2/hiura/docker/bulk_env/data/00_analysis/Repthoscope.v1.0.0/VallePrep_v0.0.0/results/data/NA18747/hsat23/NA18747_hap1.HSat2and3_Regions.lifted.bed	/home/senescence/Documents/storage2/hiura/docker/bulk_env/data/00_analysis/Repthoscope.v1.0.0/VallePrep_v0.0.0/results/data/NA18747/hsat23/NA18747_hap1.HSat2and3_Regions.HSat2and3.log	12	171
NA18747	NA18747_hap2	PASS	/home/senescence/Documents/storage2/hiura/docker/bulk_env/data/00_analysis/Repthoscope.v1.0.0/VallePrep_v0.0.0/results/data/NA18747/filfa/NA18747_hap2.t2t.filtered.fasta.gz	/home/senescence/Documents/storage2/hiura/docker/bulk_env/data/00_analysis/Repthoscope.v1.0.0/VallePrep_v0.0.0/results/data/NA18747/filfa/NA18747_hap2.t2t.filtered.fasta.gz.fai	/home/senescence/Documents/storage2/hiura/docker/bulk_env/data/00_analysis/Repthoscope.v1.0.0/VallePrep_v0.0.0/results/data/NA18747/centro/NA18747_hap2.t2t.pass.bed	/home/senescence/Documents/storage2/hiura/docker/bulk_env/data/00_analysis/Repthoscope.v1.0.0/VallePrep_v0.0.0/results/data/NA18747/hsat23/NA18747_hap2.HSat2and3_Regions.lifted.bed	/home/senescence/Documents/storage2/hiura/docker/bulk_env/data/00_analysis/Repthoscope.v1.0.0/VallePrep_v0.0.0/results/data/NA18747/hsat23/NA18747_hap2.HSat2and3_Regions.HSat2and3.log	12	217
NA18879	NA18879_hap1	PASS	/home/senescence/Documents/storage2/hiura/docker/bulk_env/data/00_analysis/Repthoscope.v1.0.0/VallePrep_v0.0.0/results/data/NA18879/filfa/NA18879_hap1.t2t.filtered.fasta.gz	/home/senescence/Documents/storage2/hiura/docker/bulk_env/data/00_analysis/Repthoscope.v1.0.0/VallePrep_v0.0.0/results/data/NA18879/filfa/NA18879_hap1.t2t.filtered.fasta.gz.fai	/home/senescence/Documents/storage2/hiura/docker/bulk_env/data/00_analysis/Repthoscope.v1.0.0/VallePrep_v0.0.0/results/data/NA18879/centro/NA18879_hap1.t2t.pass.bed	/home/senescence/Documents/storage2/hiura/docker/bulk_env/data/00_analysis/Repthoscope.v1.0.0/VallePrep_v0.0.0/results/data/NA18879/hsat23/NA18879_hap1.HSat2and3_Regions.lifted.bed	/home/senescence/Documents/storage2/hiura/docker/bulk_env/data/00_analysis/Repthoscope.v1.0.0/VallePrep_v0.0.0/results/data/NA18879/hsat23/NA18879_hap1.HSat2and3_Regions.HSat2and3.log	15	185
NA18879	NA18879_hap2	PASS	/home/senescence/Documents/storage2/hiura/docker/bulk_env/data/00_analysis/Repthoscope.v1.0.0/VallePrep_v0.0.0/results/data/NA18879/filfa/NA18879_hap2.t2t.filtered.fasta.gz	/home/senescence/Documents/storage2/hiura/docker/bulk_env/data/00_analysis/Repthoscope.v1.0.0/VallePrep_v0.0.0/results/data/NA18879/filfa/NA18879_hap2.t2t.filtered.fasta.gz.fai	/home/senescence/Documents/storage2/hiura/docker/bulk_env/data/00_analysis/Repthoscope.v1.0.0/VallePrep_v0.0.0/results/data/NA18879/centro/NA18879_hap2.t2t.pass.bed	/home/senescence/Documents/storage2/hiura/docker/bulk_env/data/00_analysis/Repthoscope.v1.0.0/VallePrep_v0.0.0/results/data/NA18879/hsat23/NA18879_hap2.HSat2and3_Regions.lifted.bed	/home/senescence/Documents/storage2/hiura/docker/bulk_env/data/00_analysis/Repthoscope.v1.0.0/VallePrep_v0.0.0/results/data/NA18879/hsat23/NA18879_hap2.HSat2and3_Regions.HSat2and3.log	17	197
NA18906	NA18906_hap1	PASS	/home/senescence/Documents/storage2/hiura/docker/bulk_env/data/00_analysis/Repthoscope.v1.0.0/VallePrep_v0.0.0/results/data/NA18906/filfa/NA18906_hap1.t2t.filtered.fasta.gz	/home/senescence/Documents/storage2/hiura/docker/bulk_env/data/00_analysis/Repthoscope.v1.0.0/VallePrep_v0.0.0/results/data/NA18906/filfa/NA18906_hap1.t2t.filtered.fasta.gz.fai	/home/senescence/Documents/storage2/hiura/docker/bulk_env/data/00_analysis/Repthoscope.v1.0.0/VallePrep_v0.0.0/results/data/NA18906/centro/NA18906_hap1.t2t.pass.bed	/home/senescence/Documents/storage2/hiura/docker/bulk_env/data/00_analysis/Repthoscope.v1.0.0/VallePrep_v0.0.0/results/data/NA18906/hsat23/NA18906_hap1.HSat2and3_Regions.lifted.bed	/home/senescence/Documents/storage2/hiura/docker/bulk_env/data/00_analysis/Repthoscope.v1.0.0/VallePrep_v0.0.0/results/data/NA18906/hsat23/NA18906_hap1.HSat2and3_Regions.HSat2and3.log	14	102
NA18906	NA18906_hap2	PASS	/home/senescence/Documents/storage2/hiura/docker/bulk_env/data/00_analysis/Repthoscope.v1.0.0/VallePrep_v0.0.0/results/data/NA18906/filfa/NA18906_hap2.t2t.filtered.fasta.gz	/home/senescence/Documents/storage2/hiura/docker/bulk_env/data/00_analysis/Repthoscope.v1.0.0/VallePrep_v0.0.0/results/data/NA18906/filfa/NA18906_hap2.t2t.filtered.fasta.gz.fai	/home/senescence/Documents/storage2/hiura/docker/bulk_env/data/00_analysis/Repthoscope.v1.0.0/VallePrep_v0.0.0/results/data/NA18906/centro/NA18906_hap2.t2t.pass.bed	/home/senescence/Documents/storage2/hiura/docker/bulk_env/data/00_analysis/Repthoscope.v1.0.0/VallePrep_v0.0.0/results/data/NA18906/hsat23/NA18906_hap2.HSat2and3_Regions.lifted.bed	/home/senescence/Documents/storage2/hiura/docker/bulk_env/data/00_analysis/Repthoscope.v1.0.0/VallePrep_v0.0.0/results/data/NA18906/hsat23/NA18906_hap2.HSat2and3_Regions.HSat2and3.log	15	111
NA18939	NA18939_hap1	PASS	/home/senescence/Documents/storage2/hiura/docker/bulk_env/data/00_analysis/Repthoscope.v1.0.0/VallePrep_v0.0.0/results/data/NA18939/filfa/NA18939_hap1.t2t.filtered.fasta.gz	/home/senescence/Documents/storage2/hiura/docker/bulk_env/data/00_analysis/Repthoscope.v1.0.0/VallePrep_v0.0.0/results/data/NA18939/filfa/NA18939_hap1.t2t.filtered.fasta.gz.fai	/home/senescence/Documents/storage2/hiura/docker/bulk_env/data/00_analysis/Repthoscope.v1.0.0/VallePrep_v0.0.0/results/data/NA18939/centro/NA18939_hap1.t2t.pass.bed	/home/senescence/Documents/storage2/hiura/docker/bulk_env/data/00_analysis/Repthoscope.v1.0.0/VallePrep_v0.0.0/results/data/NA18939/hsat23/NA18939_hap1.HSat2and3_Regions.lifted.bed	/home/senescence/Documents/storage2/hiura/docker/bulk_env/data/00_analysis/Repthoscope.v1.0.0/VallePrep_v0.0.0/results/data/NA18939/hsat23/NA18939_hap1.HSat2and3_Regions.HSat2and3.log	14	181
NA18939	NA18939_hap2	PASS	/home/senescence/Documents/storage2/hiura/docker/bulk_env/data/00_analysis/Repthoscope.v1.0.0/VallePrep_v0.0.0/results/data/NA18939/filfa/NA18939_hap2.t2t.filtered.fasta.gz	/home/senescence/Documents/storage2/hiura/docker/bulk_env/data/00_analysis/Repthoscope.v1.0.0/VallePrep_v0.0.0/results/data/NA18939/filfa/NA18939_hap2.t2t.filtered.fasta.gz.fai	/home/senescence/Documents/storage2/hiura/docker/bulk_env/data/00_analysis/Repthoscope.v1.0.0/VallePrep_v0.0.0/results/data/NA18939/centro/NA18939_hap2.t2t.pass.bed	/home/senescence/Documents/storage2/hiura/docker/bulk_env/data/00_analysis/Repthoscope.v1.0.0/VallePrep_v0.0.0/results/data/NA18939/hsat23/NA18939_hap2.HSat2and3_Regions.lifted.bed	/home/senescence/Documents/storage2/hiura/docker/bulk_env/data/00_analysis/Repthoscope.v1.0.0/VallePrep_v0.0.0/results/data/NA18939/hsat23/NA18939_hap2.HSat2and3_Regions.HSat2and3.log	16	198
NA18940	NA18940_hap1	PASS	/home/senescence/Documents/storage2/hiura/docker/bulk_env/data/00_analysis/Repthoscope.v1.0.0/VallePrep_v0.0.0/results/data/NA18940/filfa/NA18940_hap1.t2t.filtered.fasta.gz	/home/senescence/Documents/storage2/hiura/docker/bulk_env/data/00_analysis/Repthoscope.v1.0.0/VallePrep_v0.0.0/results/data/NA18940/filfa/NA18940_hap1.t2t.filtered.fasta.gz.fai	/home/senescence/Documents/storage2/hiura/docker/bulk_env/data/00_analysis/Repthoscope.v1.0.0/VallePrep_v0.0.0/results/data/NA18940/centro/NA18940_hap1.t2t.pass.bed	/home/senescence/Documents/storage2/hiura/docker/bulk_env/data/00_analysis/Repthoscope.v1.0.0/VallePrep_v0.0.0/results/data/NA18940/hsat23/NA18940_hap1.HSat2and3_Regions.lifted.bed	/home/senescence/Documents/storage2/hiura/docker/bulk_env/data/00_analysis/Repthoscope.v1.0.0/VallePrep_v0.0.0/results/data/NA18940/hsat23/NA18940_hap1.HSat2and3_Regions.HSat2and3.log	17	227
NA18940	NA18940_hap2	PASS	/home/senescence/Documents/storage2/hiura/docker/bulk_env/data/00_analysis/Repthoscope.v1.0.0/VallePrep_v0.0.0/results/data/NA18940/filfa/NA18940_hap2.t2t.filtered.fasta.gz	/home/senescence/Documents/storage2/hiura/docker/bulk_env/data/00_analysis/Repthoscope.v1.0.0/VallePrep_v0.0.0/results/data/NA18940/filfa/NA18940_hap2.t2t.filtered.fasta.gz.fai	/home/senescence/Documents/storage2/hiura/docker/bulk_env/data/00_analysis/Repthoscope.v1.0.0/VallePrep_v0.0.0/results/data/NA18940/centro/NA18940_hap2.t2t.pass.bed	/home/senescence/Documents/storage2/hiura/docker/bulk_env/data/00_analysis/Repthoscope.v1.0.0/VallePrep_v0.0.0/results/data/NA18940/hsat23/NA18940_hap2.HSat2and3_Regions.lifted.bed	/home/senescence/Documents/storage2/hiura/docker/bulk_env/data/00_analysis/Repthoscope.v1.0.0/VallePrep_v0.0.0/results/data/NA18940/hsat23/NA18940_hap2.HSat2and3_Regions.HSat2and3.log	18	234
NA18943	NA18943_hap1	PASS	/home/senescence/Documents/storage2/hiura/docker/bulk_env/data/00_analysis/Repthoscope.v1.0.0/VallePrep_v0.0.0/results/data/NA18943/filfa/NA18943_hap1.t2t.filtered.fasta.gz	/home/senescence/Documents/storage2/hiura/docker/bulk_env/data/00_analysis/Repthoscope.v1.0.0/VallePrep_v0.0.0/results/data/NA18943/filfa/NA18943_hap1.t2t.filtered.fasta.gz.fai	/home/senescence/Documents/storage2/hiura/docker/bulk_env/data/00_analysis/Repthoscope.v1.0.0/VallePrep_v0.0.0/results/data/NA18943/centro/NA18943_hap1.t2t.pass.bed	/home/senescence/Documents/storage2/hiura/docker/bulk_env/data/00_analysis/Repthoscope.v1.0.0/VallePrep_v0.0.0/results/data/NA18943/hsat23/NA18943_hap1.HSat2and3_Regions.lifted.bed	/home/senescence/Documents/storage2/hiura/docker/bulk_env/data/00_analysis/Repthoscope.v1.0.0/VallePrep_v0.0.0/results/data/NA18943/hsat23/NA18943_hap1.HSat2and3_Regions.HSat2and3.log	17	226
NA18943	NA18943_hap2	PASS	/home/senescence/Documents/storage2/hiura/docker/bulk_env/data/00_analysis/Repthoscope.v1.0.0/VallePrep_v0.0.0/results/data/NA18943/filfa/NA18943_hap2.t2t.filtered.fasta.gz	/home/senescence/Documents/storage2/hiura/docker/bulk_env/data/00_analysis/Repthoscope.v1.0.0/VallePrep_v0.0.0/results/data/NA18943/filfa/NA18943_hap2.t2t.filtered.fasta.gz.fai	/home/senescence/Documents/storage2/hiura/docker/bulk_env/data/00_analysis/Repthoscope.v1.0.0/VallePrep_v0.0.0/results/data/NA18943/centro/NA18943_hap2.t2t.pass.bed	/home/senescence/Documents/storage2/hiura/docker/bulk_env/data/00_analysis/Repthoscope.v1.0.0/VallePrep_v0.0.0/results/data/NA18943/hsat23/NA18943_hap2.HSat2and3_Regions.lifted.bed	/home/senescence/Documents/storage2/hiura/docker/bulk_env/data/00_analysis/Repthoscope.v1.0.0/VallePrep_v0.0.0/results/data/NA18943/hsat23/NA18943_hap2.HSat2and3_Regions.HSat2and3.log	18	249
NA18944	NA18944_hap1	PASS	/home/senescence/Documents/storage2/hiura/docker/bulk_env/data/00_analysis/Repthoscope.v1.0.0/VallePrep_v0.0.0/results/data/NA18944/filfa/NA18944_hap1.t2t.filtered.fasta.gz	/home/senescence/Documents/storage2/hiura/docker/bulk_env/data/00_analysis/Repthoscope.v1.0.0/VallePrep_v0.0.0/results/data/NA18944/filfa/NA18944_hap1.t2t.filtered.fasta.gz.fai	/home/senescence/Documents/storage2/hiura/docker/bulk_env/data/00_analysis/Repthoscope.v1.0.0/VallePrep_v0.0.0/results/data/NA18944/centro/NA18944_hap1.t2t.pass.bed	/home/senescence/Documents/storage2/hiura/docker/bulk_env/data/00_analysis/Repthoscope.v1.0.0/VallePrep_v0.0.0/results/data/NA18944/hsat23/NA18944_hap1.HSat2and3_Regions.lifted.bed	/home/senescence/Documents/storage2/hiura/docker/bulk_env/data/00_analysis/Repthoscope.v1.0.0/VallePrep_v0.0.0/results/data/NA18944/hsat23/NA18944_hap1.HSat2and3_Regions.HSat2and3.log	17	234
NA18944	NA18944_hap2	PASS	/home/senescence/Documents/storage2/hiura/docker/bulk_env/data/00_analysis/Repthoscope.v1.0.0/VallePrep_v0.0.0/results/data/NA18944/filfa/NA18944_hap2.t2t.filtered.fasta.gz	/home/senescence/Documents/storage2/hiura/docker/bulk_env/data/00_analysis/Repthoscope.v1.0.0/VallePrep_v0.0.0/results/data/NA18944/filfa/NA18944_hap2.t2t.filtered.fasta.gz.fai	/home/senescence/Documents/storage2/hiura/docker/bulk_env/data/00_analysis/Repthoscope.v1.0.0/VallePrep_v0.0.0/results/data/NA18944/centro/NA18944_hap2.t2t.pass.bed	/home/senescence/Documents/storage2/hiura/docker/bulk_env/data/00_analysis/Repthoscope.v1.0.0/VallePrep_v0.0.0/results/data/NA18944/hsat23/NA18944_hap2.HSat2and3_Regions.lifted.bed	/home/senescence/Documents/storage2/hiura/docker/bulk_env/data/00_analysis/Repthoscope.v1.0.0/VallePrep_v0.0.0/results/data/NA18944/hsat23/NA18944_hap2.HSat2and3_Regions.HSat2and3.log	18	256
NA18945	NA18945_hap1	PASS	/home/senescence/Documents/storage2/hiura/docker/bulk_env/data/00_analysis/Repthoscope.v1.0.0/VallePrep_v0.0.0/results/data/NA18945/filfa/NA18945_hap1.t2t.filtered.fasta.gz	/home/senescence/Documents/storage2/hiura/docker/bulk_env/data/00_analysis/Repthoscope.v1.0.0/VallePrep_v0.0.0/results/data/NA18945/filfa/NA18945_hap1.t2t.filtered.fasta.gz.fai	/home/senescence/Documents/storage2/hiura/docker/bulk_env/data/00_analysis/Repthoscope.v1.0.0/VallePrep_v0.0.0/results/data/NA18945/centro/NA18945_hap1.t2t.pass.bed	/home/senescence/Documents/storage2/hiura/docker/bulk_env/data/00_analysis/Repthoscope.v1.0.0/VallePrep_v0.0.0/results/data/NA18945/hsat23/NA18945_hap1.HSat2and3_Regions.lifted.bed	/home/senescence/Documents/storage2/hiura/docker/bulk_env/data/00_analysis/Repthoscope.v1.0.0/VallePrep_v0.0.0/results/data/NA18945/hsat23/NA18945_hap1.HSat2and3_Regions.HSat2and3.log	16	111
NA18945	NA18945_hap2	PASS	/home/senescence/Documents/storage2/hiura/docker/bulk_env/data/00_analysis/Repthoscope.v1.0.0/VallePrep_v0.0.0/results/data/NA18945/filfa/NA18945_hap2.t2t.filtered.fasta.gz	/home/senescence/Documents/storage2/hiura/docker/bulk_env/data/00_analysis/Repthoscope.v1.0.0/VallePrep_v0.0.0/results/data/NA18945/filfa/NA18945_hap2.t2t.filtered.fasta.gz.fai	/home/senescence/Documents/storage2/hiura/docker/bulk_env/data/00_analysis/Repthoscope.v1.0.0/VallePrep_v0.0.0/results/data/NA18945/centro/NA18945_hap2.t2t.pass.bed	/home/senescence/Documents/storage2/hiura/docker/bulk_env/data/00_analysis/Repthoscope.v1.0.0/VallePrep_v0.0.0/results/data/NA18945/hsat23/NA18945_hap2.HSat2and3_Regions.lifted.bed	/home/senescence/Documents/storage2/hiura/docker/bulk_env/data/00_analysis/Repthoscope.v1.0.0/VallePrep_v0.0.0/results/data/NA18945/hsat23/NA18945_hap2.HSat2and3_Regions.HSat2and3.log	18	231
NA18948	NA18948_hap1	PASS	/home/senescence/Documents/storage2/hiura/docker/bulk_env/data/00_analysis/Repthoscope.v1.0.0/VallePrep_v0.0.0/results/data/NA18948/filfa/NA18948_hap1.t2t.filtered.fasta.gz	/home/senescence/Documents/storage2/hiura/docker/bulk_env/data/00_analysis/Repthoscope.v1.0.0/VallePrep_v0.0.0/results/data/NA18948/filfa/NA18948_hap1.t2t.filtered.fasta.gz.fai	/home/senescence/Documents/storage2/hiura/docker/bulk_env/data/00_analysis/Repthoscope.v1.0.0/VallePrep_v0.0.0/results/data/NA18948/centro/NA18948_hap1.t2t.pass.bed	/home/senescence/Documents/storage2/hiura/docker/bulk_env/data/00_analysis/Repthoscope.v1.0.0/VallePrep_v0.0.0/results/data/NA18948/hsat23/NA18948_hap1.HSat2and3_Regions.lifted.bed	/home/senescence/Documents/storage2/hiura/docker/bulk_env/data/00_analysis/Repthoscope.v1.0.0/VallePrep_v0.0.0/results/data/NA18948/hsat23/NA18948_hap1.HSat2and3_Regions.HSat2and3.log	17	272
NA18948	NA18948_hap2	PASS	/home/senescence/Documents/storage2/hiura/docker/bulk_env/data/00_analysis/Repthoscope.v1.0.0/VallePrep_v0.0.0/results/data/NA18948/filfa/NA18948_hap2.t2t.filtered.fasta.gz	/home/senescence/Documents/storage2/hiura/docker/bulk_env/data/00_analysis/Repthoscope.v1.0.0/VallePrep_v0.0.0/results/data/NA18948/filfa/NA18948_hap2.t2t.filtered.fasta.gz.fai	/home/senescence/Documents/storage2/hiura/docker/bulk_env/data/00_analysis/Repthoscope.v1.0.0/VallePrep_v0.0.0/results/data/NA18948/centro/NA18948_hap2.t2t.pass.bed	/home/senescence/Documents/storage2/hiura/docker/bulk_env/data/00_analysis/Repthoscope.v1.0.0/VallePrep_v0.0.0/results/data/NA18948/hsat23/NA18948_hap2.HSat2and3_Regions.lifted.bed	/home/senescence/Documents/storage2/hiura/docker/bulk_env/data/00_analysis/Repthoscope.v1.0.0/VallePrep_v0.0.0/results/data/NA18948/hsat23/NA18948_hap2.HSat2and3_Regions.HSat2and3.log	18	251
NA18952	NA18952_hap1	PASS	/home/senescence/Documents/storage2/hiura/docker/bulk_env/data/00_analysis/Repthoscope.v1.0.0/VallePrep_v0.0.0/results/data/NA18952/filfa/NA18952_hap1.t2t.filtered.fasta.gz	/home/senescence/Documents/storage2/hiura/docker/bulk_env/data/00_analysis/Repthoscope.v1.0.0/VallePrep_v0.0.0/results/data/NA18952/filfa/NA18952_hap1.t2t.filtered.fasta.gz.fai	/home/senescence/Documents/storage2/hiura/docker/bulk_env/data/00_analysis/Repthoscope.v1.0.0/VallePrep_v0.0.0/results/data/NA18952/centro/NA18952_hap1.t2t.pass.bed	/home/senescence/Documents/storage2/hiura/docker/bulk_env/data/00_analysis/Repthoscope.v1.0.0/VallePrep_v0.0.0/results/data/NA18952/hsat23/NA18952_hap1.HSat2and3_Regions.lifted.bed	/home/senescence/Documents/storage2/hiura/docker/bulk_env/data/00_analysis/Repthoscope.v1.0.0/VallePrep_v0.0.0/results/data/NA18952/hsat23/NA18952_hap1.HSat2and3_Regions.HSat2and3.log	13	98
NA18952	NA18952_hap2	PASS	/home/senescence/Documents/storage2/hiura/docker/bulk_env/data/00_analysis/Repthoscope.v1.0.0/VallePrep_v0.0.0/results/data/NA18952/filfa/NA18952_hap2.t2t.filtered.fasta.gz	/home/senescence/Documents/storage2/hiura/docker/bulk_env/data/00_analysis/Repthoscope.v1.0.0/VallePrep_v0.0.0/results/data/NA18952/filfa/NA18952_hap2.t2t.filtered.fasta.gz.fai	/home/senescence/Documents/storage2/hiura/docker/bulk_env/data/00_analysis/Repthoscope.v1.0.0/VallePrep_v0.0.0/results/data/NA18952/centro/NA18952_hap2.t2t.pass.bed	/home/senescence/Documents/storage2/hiura/docker/bulk_env/data/00_analysis/Repthoscope.v1.0.0/VallePrep_v0.0.0/results/data/NA18952/hsat23/NA18952_hap2.HSat2and3_Regions.lifted.bed	/home/senescence/Documents/storage2/hiura/docker/bulk_env/data/00_analysis/Repthoscope.v1.0.0/VallePrep_v0.0.0/results/data/NA18952/hsat23/NA18952_hap2.HSat2and3_Regions.HSat2and3.log	12	69
NA18959	NA18959_hap1	PASS	/home/senescence/Documents/storage2/hiura/docker/bulk_env/data/00_analysis/Repthoscope.v1.0.0/VallePrep_v0.0.0/results/data/NA18959/filfa/NA18959_hap1.t2t.filtered.fasta.gz	/home/senescence/Documents/storage2/hiura/docker/bulk_env/data/00_analysis/Repthoscope.v1.0.0/VallePrep_v0.0.0/results/data/NA18959/filfa/NA18959_hap1.t2t.filtered.fasta.gz.fai	/home/senescence/Documents/storage2/hiura/docker/bulk_env/data/00_analysis/Repthoscope.v1.0.0/VallePrep_v0.0.0/results/data/NA18959/centro/NA18959_hap1.t2t.pass.bed	/home/senescence/Documents/storage2/hiura/docker/bulk_env/data/00_analysis/Repthoscope.v1.0.0/VallePrep_v0.0.0/results/data/NA18959/hsat23/NA18959_hap1.HSat2and3_Regions.lifted.bed	/home/senescence/Documents/storage2/hiura/docker/bulk_env/data/00_analysis/Repthoscope.v1.0.0/VallePrep_v0.0.0/results/data/NA18959/hsat23/NA18959_hap1.HSat2and3_Regions.HSat2and3.log	16	86
NA18959	NA18959_hap2	PASS	/home/senescence/Documents/storage2/hiura/docker/bulk_env/data/00_analysis/Repthoscope.v1.0.0/VallePrep_v0.0.0/results/data/NA18959/filfa/NA18959_hap2.t2t.filtered.fasta.gz	/home/senescence/Documents/storage2/hiura/docker/bulk_env/data/00_analysis/Repthoscope.v1.0.0/VallePrep_v0.0.0/results/data/NA18959/filfa/NA18959_hap2.t2t.filtered.fasta.gz.fai	/home/senescence/Documents/storage2/hiura/docker/bulk_env/data/00_analysis/Repthoscope.v1.0.0/VallePrep_v0.0.0/results/data/NA18959/centro/NA18959_hap2.t2t.pass.bed	/home/senescence/Documents/storage2/hiura/docker/bulk_env/data/00_analysis/Repthoscope.v1.0.0/VallePrep_v0.0.0/results/data/NA18959/hsat23/NA18959_hap2.HSat2and3_Regions.lifted.bed	/home/senescence/Documents/storage2/hiura/docker/bulk_env/data/00_analysis/Repthoscope.v1.0.0/VallePrep_v0.0.0/results/data/NA18959/hsat23/NA18959_hap2.HSat2and3_Regions.HSat2and3.log	18	302
NA18960	NA18960_hap1	PASS	/home/senescence/Documents/storage2/hiura/docker/bulk_env/data/00_analysis/Repthoscope.v1.0.0/VallePrep_v0.0.0/results/data/NA18960/filfa/NA18960_hap1.t2t.filtered.fasta.gz	/home/senescence/Documents/storage2/hiura/docker/bulk_env/data/00_analysis/Repthoscope.v1.0.0/VallePrep_v0.0.0/results/data/NA18960/filfa/NA18960_hap1.t2t.filtered.fasta.gz.fai	/home/senescence/Documents/storage2/hiura/docker/bulk_env/data/00_analysis/Repthoscope.v1.0.0/VallePrep_v0.0.0/results/data/NA18960/centro/NA18960_hap1.t2t.pass.bed	/home/senescence/Documents/storage2/hiura/docker/bulk_env/data/00_analysis/Repthoscope.v1.0.0/VallePrep_v0.0.0/results/data/NA18960/hsat23/NA18960_hap1.HSat2and3_Regions.lifted.bed	/home/senescence/Documents/storage2/hiura/docker/bulk_env/data/00_analysis/Repthoscope.v1.0.0/VallePrep_v0.0.0/results/data/NA18960/hsat23/NA18960_hap1.HSat2and3_Regions.HSat2and3.log	17	240
NA18960	NA18960_hap2	PASS	/home/senescence/Documents/storage2/hiura/docker/bulk_env/data/00_analysis/Repthoscope.v1.0.0/VallePrep_v0.0.0/results/data/NA18960/filfa/NA18960_hap2.t2t.filtered.fasta.gz	/home/senescence/Documents/storage2/hiura/docker/bulk_env/data/00_analysis/Repthoscope.v1.0.0/VallePrep_v0.0.0/results/data/NA18960/filfa/NA18960_hap2.t2t.filtered.fasta.gz.fai	/home/senescence/Documents/storage2/hiura/docker/bulk_env/data/00_analysis/Repthoscope.v1.0.0/VallePrep_v0.0.0/results/data/NA18960/centro/NA18960_hap2.t2t.pass.bed	/home/senescence/Documents/storage2/hiura/docker/bulk_env/data/00_analysis/Repthoscope.v1.0.0/VallePrep_v0.0.0/results/data/NA18960/hsat23/NA18960_hap2.HSat2and3_Regions.lifted.bed	/home/senescence/Documents/storage2/hiura/docker/bulk_env/data/00_analysis/Repthoscope.v1.0.0/VallePrep_v0.0.0/results/data/NA18960/hsat23/NA18960_hap2.HSat2and3_Regions.HSat2and3.log	18	232
NA18967	NA18967_hap1	PASS	/home/senescence/Documents/storage2/hiura/docker/bulk_env/data/00_analysis/Repthoscope.v1.0.0/VallePrep_v0.0.0/results/data/NA18967/filfa/NA18967_hap1.t2t.filtered.fasta.gz	/home/senescence/Documents/storage2/hiura/docker/bulk_env/data/00_analysis/Repthoscope.v1.0.0/VallePrep_v0.0.0/results/data/NA18967/filfa/NA18967_hap1.t2t.filtered.fasta.gz.fai	/home/senescence/Documents/storage2/hiura/docker/bulk_env/data/00_analysis/Repthoscope.v1.0.0/VallePrep_v0.0.0/results/data/NA18967/centro/NA18967_hap1.t2t.pass.bed	/home/senescence/Documents/storage2/hiura/docker/bulk_env/data/00_analysis/Repthoscope.v1.0.0/VallePrep_v0.0.0/results/data/NA18967/hsat23/NA18967_hap1.HSat2and3_Regions.lifted.bed	/home/senescence/Documents/storage2/hiura/docker/bulk_env/data/00_analysis/Repthoscope.v1.0.0/VallePrep_v0.0.0/results/data/NA18967/hsat23/NA18967_hap1.HSat2and3_Regions.HSat2and3.log	17	288
NA18967	NA18967_hap2	PASS	/home/senescence/Documents/storage2/hiura/docker/bulk_env/data/00_analysis/Repthoscope.v1.0.0/VallePrep_v0.0.0/results/data/NA18967/filfa/NA18967_hap2.t2t.filtered.fasta.gz	/home/senescence/Documents/storage2/hiura/docker/bulk_env/data/00_analysis/Repthoscope.v1.0.0/VallePrep_v0.0.0/results/data/NA18967/filfa/NA18967_hap2.t2t.filtered.fasta.gz.fai	/home/senescence/Documents/storage2/hiura/docker/bulk_env/data/00_analysis/Repthoscope.v1.0.0/VallePrep_v0.0.0/results/data/NA18967/centro/NA18967_hap2.t2t.pass.bed	/home/senescence/Documents/storage2/hiura/docker/bulk_env/data/00_analysis/Repthoscope.v1.0.0/VallePrep_v0.0.0/results/data/NA18967/hsat23/NA18967_hap2.HSat2and3_Regions.lifted.bed	/home/senescence/Documents/storage2/hiura/docker/bulk_env/data/00_analysis/Repthoscope.v1.0.0/VallePrep_v0.0.0/results/data/NA18967/hsat23/NA18967_hap2.HSat2and3_Regions.HSat2and3.log	18	216
NA18970	NA18970_hap1	PASS	/home/senescence/Documents/storage2/hiura/docker/bulk_env/data/00_analysis/Repthoscope.v1.0.0/VallePrep_v0.0.0/results/data/NA18970/filfa/NA18970_hap1.t2t.filtered.fasta.gz	/home/senescence/Documents/storage2/hiura/docker/bulk_env/data/00_analysis/Repthoscope.v1.0.0/VallePrep_v0.0.0/results/data/NA18970/filfa/NA18970_hap1.t2t.filtered.fasta.gz.fai	/home/senescence/Documents/storage2/hiura/docker/bulk_env/data/00_analysis/Repthoscope.v1.0.0/VallePrep_v0.0.0/results/data/NA18970/centro/NA18970_hap1.t2t.pass.bed	/home/senescence/Documents/storage2/hiura/docker/bulk_env/data/00_analysis/Repthoscope.v1.0.0/VallePrep_v0.0.0/results/data/NA18970/hsat23/NA18970_hap1.HSat2and3_Regions.lifted.bed	/home/senescence/Documents/storage2/hiura/docker/bulk_env/data/00_analysis/Repthoscope.v1.0.0/VallePrep_v0.0.0/results/data/NA18970/hsat23/NA18970_hap1.HSat2and3_Regions.HSat2and3.log	17	239
NA18970	NA18970_hap2	PASS	/home/senescence/Documents/storage2/hiura/docker/bulk_env/data/00_analysis/Repthoscope.v1.0.0/VallePrep_v0.0.0/results/data/NA18970/filfa/NA18970_hap2.t2t.filtered.fasta.gz	/home/senescence/Documents/storage2/hiura/docker/bulk_env/data/00_analysis/Repthoscope.v1.0.0/VallePrep_v0.0.0/results/data/NA18970/filfa/NA18970_hap2.t2t.filtered.fasta.gz.fai	/home/senescence/Documents/storage2/hiura/docker/bulk_env/data/00_analysis/Repthoscope.v1.0.0/VallePrep_v0.0.0/results/data/NA18970/centro/NA18970_hap2.t2t.pass.bed	/home/senescence/Documents/storage2/hiura/docker/bulk_env/data/00_analysis/Repthoscope.v1.0.0/VallePrep_v0.0.0/results/data/NA18970/hsat23/NA18970_hap2.HSat2and3_Regions.lifted.bed	/home/senescence/Documents/storage2/hiura/docker/bulk_env/data/00_analysis/Repthoscope.v1.0.0/VallePrep_v0.0.0/results/data/NA18970/hsat23/NA18970_hap2.HSat2and3_Regions.HSat2and3.log	18	237
NA18971	NA18971_hap1	PASS	/home/senescence/Documents/storage2/hiura/docker/bulk_env/data/00_analysis/Repthoscope.v1.0.0/VallePrep_v0.0.0/results/data/NA18971/filfa/NA18971_hap1.t2t.filtered.fasta.gz	/home/senescence/Documents/storage2/hiura/docker/bulk_env/data/00_analysis/Repthoscope.v1.0.0/VallePrep_v0.0.0/results/data/NA18971/filfa/NA18971_hap1.t2t.filtered.fasta.gz.fai	/home/senescence/Documents/storage2/hiura/docker/bulk_env/data/00_analysis/Repthoscope.v1.0.0/VallePrep_v0.0.0/results/data/NA18971/centro/NA18971_hap1.t2t.pass.bed	/home/senescence/Documents/storage2/hiura/docker/bulk_env/data/00_analysis/Repthoscope.v1.0.0/VallePrep_v0.0.0/results/data/NA18971/hsat23/NA18971_hap1.HSat2and3_Regions.lifted.bed	/home/senescence/Documents/storage2/hiura/docker/bulk_env/data/00_analysis/Repthoscope.v1.0.0/VallePrep_v0.0.0/results/data/NA18971/hsat23/NA18971_hap1.HSat2and3_Regions.HSat2and3.log	10	94
NA18971	NA18971_hap2	PASS	/home/senescence/Documents/storage2/hiura/docker/bulk_env/data/00_analysis/Repthoscope.v1.0.0/VallePrep_v0.0.0/results/data/NA18971/filfa/NA18971_hap2.t2t.filtered.fasta.gz	/home/senescence/Documents/storage2/hiura/docker/bulk_env/data/00_analysis/Repthoscope.v1.0.0/VallePrep_v0.0.0/results/data/NA18971/filfa/NA18971_hap2.t2t.filtered.fasta.gz.fai	/home/senescence/Documents/storage2/hiura/docker/bulk_env/data/00_analysis/Repthoscope.v1.0.0/VallePrep_v0.0.0/results/data/NA18971/centro/NA18971_hap2.t2t.pass.bed	/home/senescence/Documents/storage2/hiura/docker/bulk_env/data/00_analysis/Repthoscope.v1.0.0/VallePrep_v0.0.0/results/data/NA18971/hsat23/NA18971_hap2.HSat2and3_Regions.lifted.bed	/home/senescence/Documents/storage2/hiura/docker/bulk_env/data/00_analysis/Repthoscope.v1.0.0/VallePrep_v0.0.0/results/data/NA18971/hsat23/NA18971_hap2.HSat2and3_Regions.HSat2and3.log	12	83
NA18974	NA18974_hap1	PASS	/home/senescence/Documents/storage2/hiura/docker/bulk_env/data/00_analysis/Repthoscope.v1.0.0/VallePrep_v0.0.0/results/data/NA18974/filfa/NA18974_hap1.t2t.filtered.fasta.gz	/home/senescence/Documents/storage2/hiura/docker/bulk_env/data/00_analysis/Repthoscope.v1.0.0/VallePrep_v0.0.0/results/data/NA18974/filfa/NA18974_hap1.t2t.filtered.fasta.gz.fai	/home/senescence/Documents/storage2/hiura/docker/bulk_env/data/00_analysis/Repthoscope.v1.0.0/VallePrep_v0.0.0/results/data/NA18974/centro/NA18974_hap1.t2t.pass.bed	/home/senescence/Documents/storage2/hiura/docker/bulk_env/data/00_analysis/Repthoscope.v1.0.0/VallePrep_v0.0.0/results/data/NA18974/hsat23/NA18974_hap1.HSat2and3_Regions.lifted.bed	/home/senescence/Documents/storage2/hiura/docker/bulk_env/data/00_analysis/Repthoscope.v1.0.0/VallePrep_v0.0.0/results/data/NA18974/hsat23/NA18974_hap1.HSat2and3_Regions.HSat2and3.log	14	211
NA18974	NA18974_hap2	PASS	/home/senescence/Documents/storage2/hiura/docker/bulk_env/data/00_analysis/Repthoscope.v1.0.0/VallePrep_v0.0.0/results/data/NA18974/filfa/NA18974_hap2.t2t.filtered.fasta.gz	/home/senescence/Documents/storage2/hiura/docker/bulk_env/data/00_analysis/Repthoscope.v1.0.0/VallePrep_v0.0.0/results/data/NA18974/filfa/NA18974_hap2.t2t.filtered.fasta.gz.fai	/home/senescence/Documents/storage2/hiura/docker/bulk_env/data/00_analysis/Repthoscope.v1.0.0/VallePrep_v0.0.0/results/data/NA18974/centro/NA18974_hap2.t2t.pass.bed	/home/senescence/Documents/storage2/hiura/docker/bulk_env/data/00_analysis/Repthoscope.v1.0.0/VallePrep_v0.0.0/results/data/NA18974/hsat23/NA18974_hap2.HSat2and3_Regions.lifted.bed	/home/senescence/Documents/storage2/hiura/docker/bulk_env/data/00_analysis/Repthoscope.v1.0.0/VallePrep_v0.0.0/results/data/NA18974/hsat23/NA18974_hap2.HSat2and3_Regions.HSat2and3.log	14	98
NA18976	NA18976_hap1	PASS	/home/senescence/Documents/storage2/hiura/docker/bulk_env/data/00_analysis/Repthoscope.v1.0.0/VallePrep_v0.0.0/results/data/NA18976/filfa/NA18976_hap1.t2t.filtered.fasta.gz	/home/senescence/Documents/storage2/hiura/docker/bulk_env/data/00_analysis/Repthoscope.v1.0.0/VallePrep_v0.0.0/results/data/NA18976/filfa/NA18976_hap1.t2t.filtered.fasta.gz.fai	/home/senescence/Documents/storage2/hiura/docker/bulk_env/data/00_analysis/Repthoscope.v1.0.0/VallePrep_v0.0.0/results/data/NA18976/centro/NA18976_hap1.t2t.pass.bed	/home/senescence/Documents/storage2/hiura/docker/bulk_env/data/00_analysis/Repthoscope.v1.0.0/VallePrep_v0.0.0/results/data/NA18976/hsat23/NA18976_hap1.HSat2and3_Regions.lifted.bed	/home/senescence/Documents/storage2/hiura/docker/bulk_env/data/00_analysis/Repthoscope.v1.0.0/VallePrep_v0.0.0/results/data/NA18976/hsat23/NA18976_hap1.HSat2and3_Regions.HSat2and3.log	11	85
NA18976	NA18976_hap2	PASS	/home/senescence/Documents/storage2/hiura/docker/bulk_env/data/00_analysis/Repthoscope.v1.0.0/VallePrep_v0.0.0/results/data/NA18976/filfa/NA18976_hap2.t2t.filtered.fasta.gz	/home/senescence/Documents/storage2/hiura/docker/bulk_env/data/00_analysis/Repthoscope.v1.0.0/VallePrep_v0.0.0/results/data/NA18976/filfa/NA18976_hap2.t2t.filtered.fasta.gz.fai	/home/senescence/Documents/storage2/hiura/docker/bulk_env/data/00_analysis/Repthoscope.v1.0.0/VallePrep_v0.0.0/results/data/NA18976/centro/NA18976_hap2.t2t.pass.bed	/home/senescence/Documents/storage2/hiura/docker/bulk_env/data/00_analysis/Repthoscope.v1.0.0/VallePrep_v0.0.0/results/data/NA18976/hsat23/NA18976_hap2.HSat2and3_Regions.lifted.bed	/home/senescence/Documents/storage2/hiura/docker/bulk_env/data/00_analysis/Repthoscope.v1.0.0/VallePrep_v0.0.0/results/data/NA18976/hsat23/NA18976_hap2.HSat2and3_Regions.HSat2and3.log	11	90
NA18982	NA18982_hap1	PASS	/home/senescence/Documents/storage2/hiura/docker/bulk_env/data/00_analysis/Repthoscope.v1.0.0/VallePrep_v0.0.0/results/data/NA18982/filfa/NA18982_hap1.t2t.filtered.fasta.gz	/home/senescence/Documents/storage2/hiura/docker/bulk_env/data/00_analysis/Repthoscope.v1.0.0/VallePrep_v0.0.0/results/data/NA18982/filfa/NA18982_hap1.t2t.filtered.fasta.gz.fai	/home/senescence/Documents/storage2/hiura/docker/bulk_env/data/00_analysis/Repthoscope.v1.0.0/VallePrep_v0.0.0/results/data/NA18982/centro/NA18982_hap1.t2t.pass.bed	/home/senescence/Documents/storage2/hiura/docker/bulk_env/data/00_analysis/Repthoscope.v1.0.0/VallePrep_v0.0.0/results/data/NA18982/hsat23/NA18982_hap1.HSat2and3_Regions.lifted.bed	/home/senescence/Documents/storage2/hiura/docker/bulk_env/data/00_analysis/Repthoscope.v1.0.0/VallePrep_v0.0.0/results/data/NA18982/hsat23/NA18982_hap1.HSat2and3_Regions.HSat2and3.log	17	250
NA18982	NA18982_hap2	PASS	/home/senescence/Documents/storage2/hiura/docker/bulk_env/data/00_analysis/Repthoscope.v1.0.0/VallePrep_v0.0.0/results/data/NA18982/filfa/NA18982_hap2.t2t.filtered.fasta.gz	/home/senescence/Documents/storage2/hiura/docker/bulk_env/data/00_analysis/Repthoscope.v1.0.0/VallePrep_v0.0.0/results/data/NA18982/filfa/NA18982_hap2.t2t.filtered.fasta.gz.fai	/home/senescence/Documents/storage2/hiura/docker/bulk_env/data/00_analysis/Repthoscope.v1.0.0/VallePrep_v0.0.0/results/data/NA18982/centro/NA18982_hap2.t2t.pass.bed	/home/senescence/Documents/storage2/hiura/docker/bulk_env/data/00_analysis/Repthoscope.v1.0.0/VallePrep_v0.0.0/results/data/NA18982/hsat23/NA18982_hap2.HSat2and3_Regions.lifted.bed	/home/senescence/Documents/storage2/hiura/docker/bulk_env/data/00_analysis/Repthoscope.v1.0.0/VallePrep_v0.0.0/results/data/NA18982/hsat23/NA18982_hap2.HSat2and3_Regions.HSat2and3.log	18	174
NA18983	NA18983_hap1	EXCLUDE_annotation_incomplete_or_missing_input	/home/senescence/Documents/storage2/hiura/docker/bulk_env/data/00_analysis/Repthoscope.v1.0.0/VallePrep_v0.0.0/results/data/NA18983/filfa/NA18983_hap1.t2t.filtered.fasta.gz	/home/senescence/Documents/storage2/hiura/docker/bulk_env/data/00_analysis/Repthoscope.v1.0.0/VallePrep_v0.0.0/results/data/NA18983/filfa/NA18983_hap1.t2t.filtered.fasta.gz.fai	/home/senescence/Documents/storage2/hiura/docker/bulk_env/data/00_analysis/Repthoscope.v1.0.0/VallePrep_v0.0.0/results/data/NA18983/centro/NA18983_hap1.t2t.pass.bed	/home/senescence/Documents/storage2/hiura/docker/bulk_env/data/00_analysis/Repthoscope.v1.0.0/VallePrep_v0.0.0/results/data/NA18983/hsat23/NA18983_hap1.HSat2and3_Regions.lifted.bed	/home/senescence/Documents/storage2/hiura/docker/bulk_env/data/00_analysis/Repthoscope.v1.0.0/VallePrep_v0.0.0/results/data/NA18983/hsat23/NA18983_hap1.HSat2and3_Regions.HSat2and3.log	13	0
NA18983	NA18983_hap2	PASS	/home/senescence/Documents/storage2/hiura/docker/bulk_env/data/00_analysis/Repthoscope.v1.0.0/VallePrep_v0.0.0/results/data/NA18983/filfa/NA18983_hap2.t2t.filtered.fasta.gz	/home/senescence/Documents/storage2/hiura/docker/bulk_env/data/00_analysis/Repthoscope.v1.0.0/VallePrep_v0.0.0/results/data/NA18983/filfa/NA18983_hap2.t2t.filtered.fasta.gz.fai	/home/senescence/Documents/storage2/hiura/docker/bulk_env/data/00_analysis/Repthoscope.v1.0.0/VallePrep_v0.0.0/results/data/NA18983/centro/NA18983_hap2.t2t.pass.bed	/home/senescence/Documents/storage2/hiura/docker/bulk_env/data/00_analysis/Repthoscope.v1.0.0/VallePrep_v0.0.0/results/data/NA18983/hsat23/NA18983_hap2.HSat2and3_Regions.lifted.bed	/home/senescence/Documents/storage2/hiura/docker/bulk_env/data/00_analysis/Repthoscope.v1.0.0/VallePrep_v0.0.0/results/data/NA18983/hsat23/NA18983_hap2.HSat2and3_Regions.HSat2and3.log	14	227
NA18989	NA18989_hap1	PASS	/home/senescence/Documents/storage2/hiura/docker/bulk_env/data/00_analysis/Repthoscope.v1.0.0/VallePrep_v0.0.0/results/data/NA18989/filfa/NA18989_hap1.t2t.filtered.fasta.gz	/home/senescence/Documents/storage2/hiura/docker/bulk_env/data/00_analysis/Repthoscope.v1.0.0/VallePrep_v0.0.0/results/data/NA18989/filfa/NA18989_hap1.t2t.filtered.fasta.gz.fai	/home/senescence/Documents/storage2/hiura/docker/bulk_env/data/00_analysis/Repthoscope.v1.0.0/VallePrep_v0.0.0/results/data/NA18989/centro/NA18989_hap1.t2t.pass.bed	/home/senescence/Documents/storage2/hiura/docker/bulk_env/data/00_analysis/Repthoscope.v1.0.0/VallePrep_v0.0.0/results/data/NA18989/hsat23/NA18989_hap1.HSat2and3_Regions.lifted.bed	/home/senescence/Documents/storage2/hiura/docker/bulk_env/data/00_analysis/Repthoscope.v1.0.0/VallePrep_v0.0.0/results/data/NA18989/hsat23/NA18989_hap1.HSat2and3_Regions.HSat2and3.log	15	184
NA18989	NA18989_hap2	PASS	/home/senescence/Documents/storage2/hiura/docker/bulk_env/data/00_analysis/Repthoscope.v1.0.0/VallePrep_v0.0.0/results/data/NA18989/filfa/NA18989_hap2.t2t.filtered.fasta.gz	/home/senescence/Documents/storage2/hiura/docker/bulk_env/data/00_analysis/Repthoscope.v1.0.0/VallePrep_v0.0.0/results/data/NA18989/filfa/NA18989_hap2.t2t.filtered.fasta.gz.fai	/home/senescence/Documents/storage2/hiura/docker/bulk_env/data/00_analysis/Repthoscope.v1.0.0/VallePrep_v0.0.0/results/data/NA18989/centro/NA18989_hap2.t2t.pass.bed	/home/senescence/Documents/storage2/hiura/docker/bulk_env/data/00_analysis/Repthoscope.v1.0.0/VallePrep_v0.0.0/results/data/NA18989/hsat23/NA18989_hap2.HSat2and3_Regions.lifted.bed	/home/senescence/Documents/storage2/hiura/docker/bulk_env/data/00_analysis/Repthoscope.v1.0.0/VallePrep_v0.0.0/results/data/NA18989/hsat23/NA18989_hap2.HSat2and3_Regions.HSat2and3.log	16	206
NA19036	NA19036_hap1	EXCLUDE_annotation_incomplete_or_missing_input	/home/senescence/Documents/storage2/hiura/docker/bulk_env/data/00_analysis/Repthoscope.v1.0.0/VallePrep_v0.0.0/results/data/NA19036/filfa/NA19036_hap1.t2t.filtered.fasta.gz	/home/senescence/Documents/storage2/hiura/docker/bulk_env/data/00_analysis/Repthoscope.v1.0.0/VallePrep_v0.0.0/results/data/NA19036/filfa/NA19036_hap1.t2t.filtered.fasta.gz.fai	/home/senescence/Documents/storage2/hiura/docker/bulk_env/data/00_analysis/Repthoscope.v1.0.0/VallePrep_v0.0.0/results/data/NA19036/centro/NA19036_hap1.t2t.pass.bed	/home/senescence/Documents/storage2/hiura/docker/bulk_env/data/00_analysis/Repthoscope.v1.0.0/VallePrep_v0.0.0/results/data/NA19036/hsat23/NA19036_hap1.HSat2and3_Regions.lifted.bed	/home/senescence/Documents/storage2/hiura/docker/bulk_env/data/00_analysis/Repthoscope.v1.0.0/VallePrep_v0.0.0/results/data/NA19036/hsat23/NA19036_hap1.HSat2and3_Regions.HSat2and3.log	14	0
NA19036	NA19036_hap2	PASS	/home/senescence/Documents/storage2/hiura/docker/bulk_env/data/00_analysis/Repthoscope.v1.0.0/VallePrep_v0.0.0/results/data/NA19036/filfa/NA19036_hap2.t2t.filtered.fasta.gz	/home/senescence/Documents/storage2/hiura/docker/bulk_env/data/00_analysis/Repthoscope.v1.0.0/VallePrep_v0.0.0/results/data/NA19036/filfa/NA19036_hap2.t2t.filtered.fasta.gz.fai	/home/senescence/Documents/storage2/hiura/docker/bulk_env/data/00_analysis/Repthoscope.v1.0.0/VallePrep_v0.0.0/results/data/NA19036/centro/NA19036_hap2.t2t.pass.bed	/home/senescence/Documents/storage2/hiura/docker/bulk_env/data/00_analysis/Repthoscope.v1.0.0/VallePrep_v0.0.0/results/data/NA19036/hsat23/NA19036_hap2.HSat2and3_Regions.lifted.bed	/home/senescence/Documents/storage2/hiura/docker/bulk_env/data/00_analysis/Repthoscope.v1.0.0/VallePrep_v0.0.0/results/data/NA19036/hsat23/NA19036_hap2.HSat2and3_Regions.HSat2and3.log	18	260
NA19043	NA19043_hap1	PASS	/home/senescence/Documents/storage2/hiura/docker/bulk_env/data/00_analysis/Repthoscope.v1.0.0/VallePrep_v0.0.0/results/data/NA19043/filfa/NA19043_hap1.t2t.filtered.fasta.gz	/home/senescence/Documents/storage2/hiura/docker/bulk_env/data/00_analysis/Repthoscope.v1.0.0/VallePrep_v0.0.0/results/data/NA19043/filfa/NA19043_hap1.t2t.filtered.fasta.gz.fai	/home/senescence/Documents/storage2/hiura/docker/bulk_env/data/00_analysis/Repthoscope.v1.0.0/VallePrep_v0.0.0/results/data/NA19043/centro/NA19043_hap1.t2t.pass.bed	/home/senescence/Documents/storage2/hiura/docker/bulk_env/data/00_analysis/Repthoscope.v1.0.0/VallePrep_v0.0.0/results/data/NA19043/hsat23/NA19043_hap1.HSat2and3_Regions.lifted.bed	/home/senescence/Documents/storage2/hiura/docker/bulk_env/data/00_analysis/Repthoscope.v1.0.0/VallePrep_v0.0.0/results/data/NA19043/hsat23/NA19043_hap1.HSat2and3_Regions.HSat2and3.log	15	213
NA19043	NA19043_hap2	PASS	/home/senescence/Documents/storage2/hiura/docker/bulk_env/data/00_analysis/Repthoscope.v1.0.0/VallePrep_v0.0.0/results/data/NA19043/filfa/NA19043_hap2.t2t.filtered.fasta.gz	/home/senescence/Documents/storage2/hiura/docker/bulk_env/data/00_analysis/Repthoscope.v1.0.0/VallePrep_v0.0.0/results/data/NA19043/filfa/NA19043_hap2.t2t.filtered.fasta.gz.fai	/home/senescence/Documents/storage2/hiura/docker/bulk_env/data/00_analysis/Repthoscope.v1.0.0/VallePrep_v0.0.0/results/data/NA19043/centro/NA19043_hap2.t2t.pass.bed	/home/senescence/Documents/storage2/hiura/docker/bulk_env/data/00_analysis/Repthoscope.v1.0.0/VallePrep_v0.0.0/results/data/NA19043/hsat23/NA19043_hap2.HSat2and3_Regions.lifted.bed	/home/senescence/Documents/storage2/hiura/docker/bulk_env/data/00_analysis/Repthoscope.v1.0.0/VallePrep_v0.0.0/results/data/NA19043/hsat23/NA19043_hap2.HSat2and3_Regions.HSat2and3.log	16	192
NA19087	NA19087_hap1	PASS	/home/senescence/Documents/storage2/hiura/docker/bulk_env/data/00_analysis/Repthoscope.v1.0.0/VallePrep_v0.0.0/results/data/NA19087/filfa/NA19087_hap1.t2t.filtered.fasta.gz	/home/senescence/Documents/storage2/hiura/docker/bulk_env/data/00_analysis/Repthoscope.v1.0.0/VallePrep_v0.0.0/results/data/NA19087/filfa/NA19087_hap1.t2t.filtered.fasta.gz.fai	/home/senescence/Documents/storage2/hiura/docker/bulk_env/data/00_analysis/Repthoscope.v1.0.0/VallePrep_v0.0.0/results/data/NA19087/centro/NA19087_hap1.t2t.pass.bed	/home/senescence/Documents/storage2/hiura/docker/bulk_env/data/00_analysis/Repthoscope.v1.0.0/VallePrep_v0.0.0/results/data/NA19087/hsat23/NA19087_hap1.HSat2and3_Regions.lifted.bed	/home/senescence/Documents/storage2/hiura/docker/bulk_env/data/00_analysis/Repthoscope.v1.0.0/VallePrep_v0.0.0/results/data/NA19087/hsat23/NA19087_hap1.HSat2and3_Regions.HSat2and3.log	14	253
NA19087	NA19087_hap2	PASS	/home/senescence/Documents/storage2/hiura/docker/bulk_env/data/00_analysis/Repthoscope.v1.0.0/VallePrep_v0.0.0/results/data/NA19087/filfa/NA19087_hap2.t2t.filtered.fasta.gz	/home/senescence/Documents/storage2/hiura/docker/bulk_env/data/00_analysis/Repthoscope.v1.0.0/VallePrep_v0.0.0/results/data/NA19087/filfa/NA19087_hap2.t2t.filtered.fasta.gz.fai	/home/senescence/Documents/storage2/hiura/docker/bulk_env/data/00_analysis/Repthoscope.v1.0.0/VallePrep_v0.0.0/results/data/NA19087/centro/NA19087_hap2.t2t.pass.bed	/home/senescence/Documents/storage2/hiura/docker/bulk_env/data/00_analysis/Repthoscope.v1.0.0/VallePrep_v0.0.0/results/data/NA19087/hsat23/NA19087_hap2.HSat2and3_Regions.lifted.bed	/home/senescence/Documents/storage2/hiura/docker/bulk_env/data/00_analysis/Repthoscope.v1.0.0/VallePrep_v0.0.0/results/data/NA19087/hsat23/NA19087_hap2.HSat2and3_Regions.HSat2and3.log	14	206
NA19129	NA19129_hap1	PASS	/home/senescence/Documents/storage2/hiura/docker/bulk_env/data/00_analysis/Repthoscope.v1.0.0/VallePrep_v0.0.0/results/data/NA19129/filfa/NA19129_hap1.t2t.filtered.fasta.gz	/home/senescence/Documents/storage2/hiura/docker/bulk_env/data/00_analysis/Repthoscope.v1.0.0/VallePrep_v0.0.0/results/data/NA19129/filfa/NA19129_hap1.t2t.filtered.fasta.gz.fai	/home/senescence/Documents/storage2/hiura/docker/bulk_env/data/00_analysis/Repthoscope.v1.0.0/VallePrep_v0.0.0/results/data/NA19129/centro/NA19129_hap1.t2t.pass.bed	/home/senescence/Documents/storage2/hiura/docker/bulk_env/data/00_analysis/Repthoscope.v1.0.0/VallePrep_v0.0.0/results/data/NA19129/hsat23/NA19129_hap1.HSat2and3_Regions.lifted.bed	/home/senescence/Documents/storage2/hiura/docker/bulk_env/data/00_analysis/Repthoscope.v1.0.0/VallePrep_v0.0.0/results/data/NA19129/hsat23/NA19129_hap1.HSat2and3_Regions.HSat2and3.log	15	199
NA19129	NA19129_hap2	PASS	/home/senescence/Documents/storage2/hiura/docker/bulk_env/data/00_analysis/Repthoscope.v1.0.0/VallePrep_v0.0.0/results/data/NA19129/filfa/NA19129_hap2.t2t.filtered.fasta.gz	/home/senescence/Documents/storage2/hiura/docker/bulk_env/data/00_analysis/Repthoscope.v1.0.0/VallePrep_v0.0.0/results/data/NA19129/filfa/NA19129_hap2.t2t.filtered.fasta.gz.fai	/home/senescence/Documents/storage2/hiura/docker/bulk_env/data/00_analysis/Repthoscope.v1.0.0/VallePrep_v0.0.0/results/data/NA19129/centro/NA19129_hap2.t2t.pass.bed	/home/senescence/Documents/storage2/hiura/docker/bulk_env/data/00_analysis/Repthoscope.v1.0.0/VallePrep_v0.0.0/results/data/NA19129/hsat23/NA19129_hap2.HSat2and3_Regions.lifted.bed	/home/senescence/Documents/storage2/hiura/docker/bulk_env/data/00_analysis/Repthoscope.v1.0.0/VallePrep_v0.0.0/results/data/NA19129/hsat23/NA19129_hap2.HSat2and3_Regions.HSat2and3.log	17	236
NA19159	NA19159_hap1	PASS	/home/senescence/Documents/storage2/hiura/docker/bulk_env/data/00_analysis/Repthoscope.v1.0.0/VallePrep_v0.0.0/results/data/NA19159/filfa/NA19159_hap1.t2t.filtered.fasta.gz	/home/senescence/Documents/storage2/hiura/docker/bulk_env/data/00_analysis/Repthoscope.v1.0.0/VallePrep_v0.0.0/results/data/NA19159/filfa/NA19159_hap1.t2t.filtered.fasta.gz.fai	/home/senescence/Documents/storage2/hiura/docker/bulk_env/data/00_analysis/Repthoscope.v1.0.0/VallePrep_v0.0.0/results/data/NA19159/centro/NA19159_hap1.t2t.pass.bed	/home/senescence/Documents/storage2/hiura/docker/bulk_env/data/00_analysis/Repthoscope.v1.0.0/VallePrep_v0.0.0/results/data/NA19159/hsat23/NA19159_hap1.HSat2and3_Regions.lifted.bed	/home/senescence/Documents/storage2/hiura/docker/bulk_env/data/00_analysis/Repthoscope.v1.0.0/VallePrep_v0.0.0/results/data/NA19159/hsat23/NA19159_hap1.HSat2and3_Regions.HSat2and3.log	17	253
NA19159	NA19159_hap2	PASS	/home/senescence/Documents/storage2/hiura/docker/bulk_env/data/00_analysis/Repthoscope.v1.0.0/VallePrep_v0.0.0/results/data/NA19159/filfa/NA19159_hap2.t2t.filtered.fasta.gz	/home/senescence/Documents/storage2/hiura/docker/bulk_env/data/00_analysis/Repthoscope.v1.0.0/VallePrep_v0.0.0/results/data/NA19159/filfa/NA19159_hap2.t2t.filtered.fasta.gz.fai	/home/senescence/Documents/storage2/hiura/docker/bulk_env/data/00_analysis/Repthoscope.v1.0.0/VallePrep_v0.0.0/results/data/NA19159/centro/NA19159_hap2.t2t.pass.bed	/home/senescence/Documents/storage2/hiura/docker/bulk_env/data/00_analysis/Repthoscope.v1.0.0/VallePrep_v0.0.0/results/data/NA19159/hsat23/NA19159_hap2.HSat2and3_Regions.lifted.bed	/home/senescence/Documents/storage2/hiura/docker/bulk_env/data/00_analysis/Repthoscope.v1.0.0/VallePrep_v0.0.0/results/data/NA19159/hsat23/NA19159_hap2.HSat2and3_Regions.HSat2and3.log	15	166
NA19185	NA19185_hap1	PASS	/home/senescence/Documents/storage2/hiura/docker/bulk_env/data/00_analysis/Repthoscope.v1.0.0/VallePrep_v0.0.0/results/data/NA19185/filfa/NA19185_hap1.t2t.filtered.fasta.gz	/home/senescence/Documents/storage2/hiura/docker/bulk_env/data/00_analysis/Repthoscope.v1.0.0/VallePrep_v0.0.0/results/data/NA19185/filfa/NA19185_hap1.t2t.filtered.fasta.gz.fai	/home/senescence/Documents/storage2/hiura/docker/bulk_env/data/00_analysis/Repthoscope.v1.0.0/VallePrep_v0.0.0/results/data/NA19185/centro/NA19185_hap1.t2t.pass.bed	/home/senescence/Documents/storage2/hiura/docker/bulk_env/data/00_analysis/Repthoscope.v1.0.0/VallePrep_v0.0.0/results/data/NA19185/hsat23/NA19185_hap1.HSat2and3_Regions.lifted.bed	/home/senescence/Documents/storage2/hiura/docker/bulk_env/data/00_analysis/Repthoscope.v1.0.0/VallePrep_v0.0.0/results/data/NA19185/hsat23/NA19185_hap1.HSat2and3_Regions.HSat2and3.log	18	243
NA19185	NA19185_hap2	PASS	/home/senescence/Documents/storage2/hiura/docker/bulk_env/data/00_analysis/Repthoscope.v1.0.0/VallePrep_v0.0.0/results/data/NA19185/filfa/NA19185_hap2.t2t.filtered.fasta.gz	/home/senescence/Documents/storage2/hiura/docker/bulk_env/data/00_analysis/Repthoscope.v1.0.0/VallePrep_v0.0.0/results/data/NA19185/filfa/NA19185_hap2.t2t.filtered.fasta.gz.fai	/home/senescence/Documents/storage2/hiura/docker/bulk_env/data/00_analysis/Repthoscope.v1.0.0/VallePrep_v0.0.0/results/data/NA19185/centro/NA19185_hap2.t2t.pass.bed	/home/senescence/Documents/storage2/hiura/docker/bulk_env/data/00_analysis/Repthoscope.v1.0.0/VallePrep_v0.0.0/results/data/NA19185/hsat23/NA19185_hap2.HSat2and3_Regions.lifted.bed	/home/senescence/Documents/storage2/hiura/docker/bulk_env/data/00_analysis/Repthoscope.v1.0.0/VallePrep_v0.0.0/results/data/NA19185/hsat23/NA19185_hap2.HSat2and3_Regions.HSat2and3.log	18	281
NA19238	NA19238_hap1	PASS	/home/senescence/Documents/storage2/hiura/docker/bulk_env/data/00_analysis/Repthoscope.v1.0.0/VallePrep_v0.0.0/results/data/NA19238/filfa/NA19238_hap1.t2t.filtered.fasta.gz	/home/senescence/Documents/storage2/hiura/docker/bulk_env/data/00_analysis/Repthoscope.v1.0.0/VallePrep_v0.0.0/results/data/NA19238/filfa/NA19238_hap1.t2t.filtered.fasta.gz.fai	/home/senescence/Documents/storage2/hiura/docker/bulk_env/data/00_analysis/Repthoscope.v1.0.0/VallePrep_v0.0.0/results/data/NA19238/centro/NA19238_hap1.t2t.pass.bed	/home/senescence/Documents/storage2/hiura/docker/bulk_env/data/00_analysis/Repthoscope.v1.0.0/VallePrep_v0.0.0/results/data/NA19238/hsat23/NA19238_hap1.HSat2and3_Regions.lifted.bed	/home/senescence/Documents/storage2/hiura/docker/bulk_env/data/00_analysis/Repthoscope.v1.0.0/VallePrep_v0.0.0/results/data/NA19238/hsat23/NA19238_hap1.HSat2and3_Regions.HSat2and3.log	16	244
NA19238	NA19238_hap2	PASS	/home/senescence/Documents/storage2/hiura/docker/bulk_env/data/00_analysis/Repthoscope.v1.0.0/VallePrep_v0.0.0/results/data/NA19238/filfa/NA19238_hap2.t2t.filtered.fasta.gz	/home/senescence/Documents/storage2/hiura/docker/bulk_env/data/00_analysis/Repthoscope.v1.0.0/VallePrep_v0.0.0/results/data/NA19238/filfa/NA19238_hap2.t2t.filtered.fasta.gz.fai	/home/senescence/Documents/storage2/hiura/docker/bulk_env/data/00_analysis/Repthoscope.v1.0.0/VallePrep_v0.0.0/results/data/NA19238/centro/NA19238_hap2.t2t.pass.bed	/home/senescence/Documents/storage2/hiura/docker/bulk_env/data/00_analysis/Repthoscope.v1.0.0/VallePrep_v0.0.0/results/data/NA19238/hsat23/NA19238_hap2.HSat2and3_Regions.lifted.bed	/home/senescence/Documents/storage2/hiura/docker/bulk_env/data/00_analysis/Repthoscope.v1.0.0/VallePrep_v0.0.0/results/data/NA19238/hsat23/NA19238_hap2.HSat2and3_Regions.HSat2and3.log	17	271
NA19239	NA19239_hap1	PASS	/home/senescence/Documents/storage2/hiura/docker/bulk_env/data/00_analysis/Repthoscope.v1.0.0/VallePrep_v0.0.0/results/data/NA19239/filfa/NA19239_hap1.t2t.filtered.fasta.gz	/home/senescence/Documents/storage2/hiura/docker/bulk_env/data/00_analysis/Repthoscope.v1.0.0/VallePrep_v0.0.0/results/data/NA19239/filfa/NA19239_hap1.t2t.filtered.fasta.gz.fai	/home/senescence/Documents/storage2/hiura/docker/bulk_env/data/00_analysis/Repthoscope.v1.0.0/VallePrep_v0.0.0/results/data/NA19239/centro/NA19239_hap1.t2t.pass.bed	/home/senescence/Documents/storage2/hiura/docker/bulk_env/data/00_analysis/Repthoscope.v1.0.0/VallePrep_v0.0.0/results/data/NA19239/hsat23/NA19239_hap1.HSat2and3_Regions.lifted.bed	/home/senescence/Documents/storage2/hiura/docker/bulk_env/data/00_analysis/Repthoscope.v1.0.0/VallePrep_v0.0.0/results/data/NA19239/hsat23/NA19239_hap1.HSat2and3_Regions.HSat2and3.log	16	262
NA19239	NA19239_hap2	PASS	/home/senescence/Documents/storage2/hiura/docker/bulk_env/data/00_analysis/Repthoscope.v1.0.0/VallePrep_v0.0.0/results/data/NA19239/filfa/NA19239_hap2.t2t.filtered.fasta.gz	/home/senescence/Documents/storage2/hiura/docker/bulk_env/data/00_analysis/Repthoscope.v1.0.0/VallePrep_v0.0.0/results/data/NA19239/filfa/NA19239_hap2.t2t.filtered.fasta.gz.fai	/home/senescence/Documents/storage2/hiura/docker/bulk_env/data/00_analysis/Repthoscope.v1.0.0/VallePrep_v0.0.0/results/data/NA19239/centro/NA19239_hap2.t2t.pass.bed	/home/senescence/Documents/storage2/hiura/docker/bulk_env/data/00_analysis/Repthoscope.v1.0.0/VallePrep_v0.0.0/results/data/NA19239/hsat23/NA19239_hap2.HSat2and3_Regions.lifted.bed	/home/senescence/Documents/storage2/hiura/docker/bulk_env/data/00_analysis/Repthoscope.v1.0.0/VallePrep_v0.0.0/results/data/NA19239/hsat23/NA19239_hap2.HSat2and3_Regions.HSat2and3.log	16	260
NA19240	NA19240_hap1	PASS	/home/senescence/Documents/storage2/hiura/docker/bulk_env/data/00_analysis/Repthoscope.v1.0.0/VallePrep_v0.0.0/results/data/NA19240/filfa/NA19240_hap1.t2t.filtered.fasta.gz	/home/senescence/Documents/storage2/hiura/docker/bulk_env/data/00_analysis/Repthoscope.v1.0.0/VallePrep_v0.0.0/results/data/NA19240/filfa/NA19240_hap1.t2t.filtered.fasta.gz.fai	/home/senescence/Documents/storage2/hiura/docker/bulk_env/data/00_analysis/Repthoscope.v1.0.0/VallePrep_v0.0.0/results/data/NA19240/centro/NA19240_hap1.t2t.pass.bed	/home/senescence/Documents/storage2/hiura/docker/bulk_env/data/00_analysis/Repthoscope.v1.0.0/VallePrep_v0.0.0/results/data/NA19240/hsat23/NA19240_hap1.HSat2and3_Regions.lifted.bed	/home/senescence/Documents/storage2/hiura/docker/bulk_env/data/00_analysis/Repthoscope.v1.0.0/VallePrep_v0.0.0/results/data/NA19240/hsat23/NA19240_hap1.HSat2and3_Regions.HSat2and3.log	17	292
NA19240	NA19240_hap2	PASS	/home/senescence/Documents/storage2/hiura/docker/bulk_env/data/00_analysis/Repthoscope.v1.0.0/VallePrep_v0.0.0/results/data/NA19240/filfa/NA19240_hap2.t2t.filtered.fasta.gz	/home/senescence/Documents/storage2/hiura/docker/bulk_env/data/00_analysis/Repthoscope.v1.0.0/VallePrep_v0.0.0/results/data/NA19240/filfa/NA19240_hap2.t2t.filtered.fasta.gz.fai	/home/senescence/Documents/storage2/hiura/docker/bulk_env/data/00_analysis/Repthoscope.v1.0.0/VallePrep_v0.0.0/results/data/NA19240/centro/NA19240_hap2.t2t.pass.bed	/home/senescence/Documents/storage2/hiura/docker/bulk_env/data/00_analysis/Repthoscope.v1.0.0/VallePrep_v0.0.0/results/data/NA19240/hsat23/NA19240_hap2.HSat2and3_Regions.lifted.bed	/home/senescence/Documents/storage2/hiura/docker/bulk_env/data/00_analysis/Repthoscope.v1.0.0/VallePrep_v0.0.0/results/data/NA19240/hsat23/NA19240_hap2.HSat2and3_Regions.HSat2and3.log	17	108
NA19317	NA19317_hap1	PASS	/home/senescence/Documents/storage2/hiura/docker/bulk_env/data/00_analysis/Repthoscope.v1.0.0/VallePrep_v0.0.0/results/data/NA19317/filfa/NA19317_hap1.t2t.filtered.fasta.gz	/home/senescence/Documents/storage2/hiura/docker/bulk_env/data/00_analysis/Repthoscope.v1.0.0/VallePrep_v0.0.0/results/data/NA19317/filfa/NA19317_hap1.t2t.filtered.fasta.gz.fai	/home/senescence/Documents/storage2/hiura/docker/bulk_env/data/00_analysis/Repthoscope.v1.0.0/VallePrep_v0.0.0/results/data/NA19317/centro/NA19317_hap1.t2t.pass.bed	/home/senescence/Documents/storage2/hiura/docker/bulk_env/data/00_analysis/Repthoscope.v1.0.0/VallePrep_v0.0.0/results/data/NA19317/hsat23/NA19317_hap1.HSat2and3_Regions.lifted.bed	/home/senescence/Documents/storage2/hiura/docker/bulk_env/data/00_analysis/Repthoscope.v1.0.0/VallePrep_v0.0.0/results/data/NA19317/hsat23/NA19317_hap1.HSat2and3_Regions.HSat2and3.log	16	225
NA19317	NA19317_hap2	PASS	/home/senescence/Documents/storage2/hiura/docker/bulk_env/data/00_analysis/Repthoscope.v1.0.0/VallePrep_v0.0.0/results/data/NA19317/filfa/NA19317_hap2.t2t.filtered.fasta.gz	/home/senescence/Documents/storage2/hiura/docker/bulk_env/data/00_analysis/Repthoscope.v1.0.0/VallePrep_v0.0.0/results/data/NA19317/filfa/NA19317_hap2.t2t.filtered.fasta.gz.fai	/home/senescence/Documents/storage2/hiura/docker/bulk_env/data/00_analysis/Repthoscope.v1.0.0/VallePrep_v0.0.0/results/data/NA19317/centro/NA19317_hap2.t2t.pass.bed	/home/senescence/Documents/storage2/hiura/docker/bulk_env/data/00_analysis/Repthoscope.v1.0.0/VallePrep_v0.0.0/results/data/NA19317/hsat23/NA19317_hap2.HSat2and3_Regions.lifted.bed	/home/senescence/Documents/storage2/hiura/docker/bulk_env/data/00_analysis/Repthoscope.v1.0.0/VallePrep_v0.0.0/results/data/NA19317/hsat23/NA19317_hap2.HSat2and3_Regions.HSat2and3.log	17	254
NA19331	NA19331_hap1	PASS	/home/senescence/Documents/storage2/hiura/docker/bulk_env/data/00_analysis/Repthoscope.v1.0.0/VallePrep_v0.0.0/results/data/NA19331/filfa/NA19331_hap1.t2t.filtered.fasta.gz	/home/senescence/Documents/storage2/hiura/docker/bulk_env/data/00_analysis/Repthoscope.v1.0.0/VallePrep_v0.0.0/results/data/NA19331/filfa/NA19331_hap1.t2t.filtered.fasta.gz.fai	/home/senescence/Documents/storage2/hiura/docker/bulk_env/data/00_analysis/Repthoscope.v1.0.0/VallePrep_v0.0.0/results/data/NA19331/centro/NA19331_hap1.t2t.pass.bed	/home/senescence/Documents/storage2/hiura/docker/bulk_env/data/00_analysis/Repthoscope.v1.0.0/VallePrep_v0.0.0/results/data/NA19331/hsat23/NA19331_hap1.HSat2and3_Regions.lifted.bed	/home/senescence/Documents/storage2/hiura/docker/bulk_env/data/00_analysis/Repthoscope.v1.0.0/VallePrep_v0.0.0/results/data/NA19331/hsat23/NA19331_hap1.HSat2and3_Regions.HSat2and3.log	12	41
NA19331	NA19331_hap2	PASS	/home/senescence/Documents/storage2/hiura/docker/bulk_env/data/00_analysis/Repthoscope.v1.0.0/VallePrep_v0.0.0/results/data/NA19331/filfa/NA19331_hap2.t2t.filtered.fasta.gz	/home/senescence/Documents/storage2/hiura/docker/bulk_env/data/00_analysis/Repthoscope.v1.0.0/VallePrep_v0.0.0/results/data/NA19331/filfa/NA19331_hap2.t2t.filtered.fasta.gz.fai	/home/senescence/Documents/storage2/hiura/docker/bulk_env/data/00_analysis/Repthoscope.v1.0.0/VallePrep_v0.0.0/results/data/NA19331/centro/NA19331_hap2.t2t.pass.bed	/home/senescence/Documents/storage2/hiura/docker/bulk_env/data/00_analysis/Repthoscope.v1.0.0/VallePrep_v0.0.0/results/data/NA19331/hsat23/NA19331_hap2.HSat2and3_Regions.lifted.bed	/home/senescence/Documents/storage2/hiura/docker/bulk_env/data/00_analysis/Repthoscope.v1.0.0/VallePrep_v0.0.0/results/data/NA19331/hsat23/NA19331_hap2.HSat2and3_Regions.HSat2and3.log	15	288
NA19338	NA19338_hap1	PASS	/home/senescence/Documents/storage2/hiura/docker/bulk_env/data/00_analysis/Repthoscope.v1.0.0/VallePrep_v0.0.0/results/data/NA19338/filfa/NA19338_hap1.t2t.filtered.fasta.gz	/home/senescence/Documents/storage2/hiura/docker/bulk_env/data/00_analysis/Repthoscope.v1.0.0/VallePrep_v0.0.0/results/data/NA19338/filfa/NA19338_hap1.t2t.filtered.fasta.gz.fai	/home/senescence/Documents/storage2/hiura/docker/bulk_env/data/00_analysis/Repthoscope.v1.0.0/VallePrep_v0.0.0/results/data/NA19338/centro/NA19338_hap1.t2t.pass.bed	/home/senescence/Documents/storage2/hiura/docker/bulk_env/data/00_analysis/Repthoscope.v1.0.0/VallePrep_v0.0.0/results/data/NA19338/hsat23/NA19338_hap1.HSat2and3_Regions.lifted.bed	/home/senescence/Documents/storage2/hiura/docker/bulk_env/data/00_analysis/Repthoscope.v1.0.0/VallePrep_v0.0.0/results/data/NA19338/hsat23/NA19338_hap1.HSat2and3_Regions.HSat2and3.log	15	239
NA19338	NA19338_hap2	PASS	/home/senescence/Documents/storage2/hiura/docker/bulk_env/data/00_analysis/Repthoscope.v1.0.0/VallePrep_v0.0.0/results/data/NA19338/filfa/NA19338_hap2.t2t.filtered.fasta.gz	/home/senescence/Documents/storage2/hiura/docker/bulk_env/data/00_analysis/Repthoscope.v1.0.0/VallePrep_v0.0.0/results/data/NA19338/filfa/NA19338_hap2.t2t.filtered.fasta.gz.fai	/home/senescence/Documents/storage2/hiura/docker/bulk_env/data/00_analysis/Repthoscope.v1.0.0/VallePrep_v0.0.0/results/data/NA19338/centro/NA19338_hap2.t2t.pass.bed	/home/senescence/Documents/storage2/hiura/docker/bulk_env/data/00_analysis/Repthoscope.v1.0.0/VallePrep_v0.0.0/results/data/NA19338/hsat23/NA19338_hap2.HSat2and3_Regions.lifted.bed	/home/senescence/Documents/storage2/hiura/docker/bulk_env/data/00_analysis/Repthoscope.v1.0.0/VallePrep_v0.0.0/results/data/NA19338/hsat23/NA19338_hap2.HSat2and3_Regions.HSat2and3.log	17	238
NA19347	NA19347_hap1	PASS	/home/senescence/Documents/storage2/hiura/docker/bulk_env/data/00_analysis/Repthoscope.v1.0.0/VallePrep_v0.0.0/results/data/NA19347/filfa/NA19347_hap1.t2t.filtered.fasta.gz	/home/senescence/Documents/storage2/hiura/docker/bulk_env/data/00_analysis/Repthoscope.v1.0.0/VallePrep_v0.0.0/results/data/NA19347/filfa/NA19347_hap1.t2t.filtered.fasta.gz.fai	/home/senescence/Documents/storage2/hiura/docker/bulk_env/data/00_analysis/Repthoscope.v1.0.0/VallePrep_v0.0.0/results/data/NA19347/centro/NA19347_hap1.t2t.pass.bed	/home/senescence/Documents/storage2/hiura/docker/bulk_env/data/00_analysis/Repthoscope.v1.0.0/VallePrep_v0.0.0/results/data/NA19347/hsat23/NA19347_hap1.HSat2and3_Regions.lifted.bed	/home/senescence/Documents/storage2/hiura/docker/bulk_env/data/00_analysis/Repthoscope.v1.0.0/VallePrep_v0.0.0/results/data/NA19347/hsat23/NA19347_hap1.HSat2and3_Regions.HSat2and3.log	15	211
NA19347	NA19347_hap2	PASS	/home/senescence/Documents/storage2/hiura/docker/bulk_env/data/00_analysis/Repthoscope.v1.0.0/VallePrep_v0.0.0/results/data/NA19347/filfa/NA19347_hap2.t2t.filtered.fasta.gz	/home/senescence/Documents/storage2/hiura/docker/bulk_env/data/00_analysis/Repthoscope.v1.0.0/VallePrep_v0.0.0/results/data/NA19347/filfa/NA19347_hap2.t2t.filtered.fasta.gz.fai	/home/senescence/Documents/storage2/hiura/docker/bulk_env/data/00_analysis/Repthoscope.v1.0.0/VallePrep_v0.0.0/results/data/NA19347/centro/NA19347_hap2.t2t.pass.bed	/home/senescence/Documents/storage2/hiura/docker/bulk_env/data/00_analysis/Repthoscope.v1.0.0/VallePrep_v0.0.0/results/data/NA19347/hsat23/NA19347_hap2.HSat2and3_Regions.lifted.bed	/home/senescence/Documents/storage2/hiura/docker/bulk_env/data/00_analysis/Repthoscope.v1.0.0/VallePrep_v0.0.0/results/data/NA19347/hsat23/NA19347_hap2.HSat2and3_Regions.HSat2and3.log	18	302
NA19384	NA19384_hap1	PASS	/home/senescence/Documents/storage2/hiura/docker/bulk_env/data/00_analysis/Repthoscope.v1.0.0/VallePrep_v0.0.0/results/data/NA19384/filfa/NA19384_hap1.t2t.filtered.fasta.gz	/home/senescence/Documents/storage2/hiura/docker/bulk_env/data/00_analysis/Repthoscope.v1.0.0/VallePrep_v0.0.0/results/data/NA19384/filfa/NA19384_hap1.t2t.filtered.fasta.gz.fai	/home/senescence/Documents/storage2/hiura/docker/bulk_env/data/00_analysis/Repthoscope.v1.0.0/VallePrep_v0.0.0/results/data/NA19384/centro/NA19384_hap1.t2t.pass.bed	/home/senescence/Documents/storage2/hiura/docker/bulk_env/data/00_analysis/Repthoscope.v1.0.0/VallePrep_v0.0.0/results/data/NA19384/hsat23/NA19384_hap1.HSat2and3_Regions.lifted.bed	/home/senescence/Documents/storage2/hiura/docker/bulk_env/data/00_analysis/Repthoscope.v1.0.0/VallePrep_v0.0.0/results/data/NA19384/hsat23/NA19384_hap1.HSat2and3_Regions.HSat2and3.log	15	251
NA19384	NA19384_hap2	PASS	/home/senescence/Documents/storage2/hiura/docker/bulk_env/data/00_analysis/Repthoscope.v1.0.0/VallePrep_v0.0.0/results/data/NA19384/filfa/NA19384_hap2.t2t.filtered.fasta.gz	/home/senescence/Documents/storage2/hiura/docker/bulk_env/data/00_analysis/Repthoscope.v1.0.0/VallePrep_v0.0.0/results/data/NA19384/filfa/NA19384_hap2.t2t.filtered.fasta.gz.fai	/home/senescence/Documents/storage2/hiura/docker/bulk_env/data/00_analysis/Repthoscope.v1.0.0/VallePrep_v0.0.0/results/data/NA19384/centro/NA19384_hap2.t2t.pass.bed	/home/senescence/Documents/storage2/hiura/docker/bulk_env/data/00_analysis/Repthoscope.v1.0.0/VallePrep_v0.0.0/results/data/NA19384/hsat23/NA19384_hap2.HSat2and3_Regions.lifted.bed	/home/senescence/Documents/storage2/hiura/docker/bulk_env/data/00_analysis/Repthoscope.v1.0.0/VallePrep_v0.0.0/results/data/NA19384/hsat23/NA19384_hap2.HSat2and3_Regions.HSat2and3.log	17	275
NA19391	NA19391_hap1	PASS	/home/senescence/Documents/storage2/hiura/docker/bulk_env/data/00_analysis/Repthoscope.v1.0.0/VallePrep_v0.0.0/results/data/NA19391/filfa/NA19391_hap1.t2t.filtered.fasta.gz	/home/senescence/Documents/storage2/hiura/docker/bulk_env/data/00_analysis/Repthoscope.v1.0.0/VallePrep_v0.0.0/results/data/NA19391/filfa/NA19391_hap1.t2t.filtered.fasta.gz.fai	/home/senescence/Documents/storage2/hiura/docker/bulk_env/data/00_analysis/Repthoscope.v1.0.0/VallePrep_v0.0.0/results/data/NA19391/centro/NA19391_hap1.t2t.pass.bed	/home/senescence/Documents/storage2/hiura/docker/bulk_env/data/00_analysis/Repthoscope.v1.0.0/VallePrep_v0.0.0/results/data/NA19391/hsat23/NA19391_hap1.HSat2and3_Regions.lifted.bed	/home/senescence/Documents/storage2/hiura/docker/bulk_env/data/00_analysis/Repthoscope.v1.0.0/VallePrep_v0.0.0/results/data/NA19391/hsat23/NA19391_hap1.HSat2and3_Regions.HSat2and3.log	14	220
NA19391	NA19391_hap2	PASS	/home/senescence/Documents/storage2/hiura/docker/bulk_env/data/00_analysis/Repthoscope.v1.0.0/VallePrep_v0.0.0/results/data/NA19391/filfa/NA19391_hap2.t2t.filtered.fasta.gz	/home/senescence/Documents/storage2/hiura/docker/bulk_env/data/00_analysis/Repthoscope.v1.0.0/VallePrep_v0.0.0/results/data/NA19391/filfa/NA19391_hap2.t2t.filtered.fasta.gz.fai	/home/senescence/Documents/storage2/hiura/docker/bulk_env/data/00_analysis/Repthoscope.v1.0.0/VallePrep_v0.0.0/results/data/NA19391/centro/NA19391_hap2.t2t.pass.bed	/home/senescence/Documents/storage2/hiura/docker/bulk_env/data/00_analysis/Repthoscope.v1.0.0/VallePrep_v0.0.0/results/data/NA19391/hsat23/NA19391_hap2.HSat2and3_Regions.lifted.bed	/home/senescence/Documents/storage2/hiura/docker/bulk_env/data/00_analysis/Repthoscope.v1.0.0/VallePrep_v0.0.0/results/data/NA19391/hsat23/NA19391_hap2.HSat2and3_Regions.HSat2and3.log	14	232
NA19434	NA19434_hap1	PASS	/home/senescence/Documents/storage2/hiura/docker/bulk_env/data/00_analysis/Repthoscope.v1.0.0/VallePrep_v0.0.0/results/data/NA19434/filfa/NA19434_hap1.t2t.filtered.fasta.gz	/home/senescence/Documents/storage2/hiura/docker/bulk_env/data/00_analysis/Repthoscope.v1.0.0/VallePrep_v0.0.0/results/data/NA19434/filfa/NA19434_hap1.t2t.filtered.fasta.gz.fai	/home/senescence/Documents/storage2/hiura/docker/bulk_env/data/00_analysis/Repthoscope.v1.0.0/VallePrep_v0.0.0/results/data/NA19434/centro/NA19434_hap1.t2t.pass.bed	/home/senescence/Documents/storage2/hiura/docker/bulk_env/data/00_analysis/Repthoscope.v1.0.0/VallePrep_v0.0.0/results/data/NA19434/hsat23/NA19434_hap1.HSat2and3_Regions.lifted.bed	/home/senescence/Documents/storage2/hiura/docker/bulk_env/data/00_analysis/Repthoscope.v1.0.0/VallePrep_v0.0.0/results/data/NA19434/hsat23/NA19434_hap1.HSat2and3_Regions.HSat2and3.log	13	225
NA19434	NA19434_hap2	PASS	/home/senescence/Documents/storage2/hiura/docker/bulk_env/data/00_analysis/Repthoscope.v1.0.0/VallePrep_v0.0.0/results/data/NA19434/filfa/NA19434_hap2.t2t.filtered.fasta.gz	/home/senescence/Documents/storage2/hiura/docker/bulk_env/data/00_analysis/Repthoscope.v1.0.0/VallePrep_v0.0.0/results/data/NA19434/filfa/NA19434_hap2.t2t.filtered.fasta.gz.fai	/home/senescence/Documents/storage2/hiura/docker/bulk_env/data/00_analysis/Repthoscope.v1.0.0/VallePrep_v0.0.0/results/data/NA19434/centro/NA19434_hap2.t2t.pass.bed	/home/senescence/Documents/storage2/hiura/docker/bulk_env/data/00_analysis/Repthoscope.v1.0.0/VallePrep_v0.0.0/results/data/NA19434/hsat23/NA19434_hap2.HSat2and3_Regions.lifted.bed	/home/senescence/Documents/storage2/hiura/docker/bulk_env/data/00_analysis/Repthoscope.v1.0.0/VallePrep_v0.0.0/results/data/NA19434/hsat23/NA19434_hap2.HSat2and3_Regions.HSat2and3.log	14	175
NA19443	NA19443_hap1	PASS	/home/senescence/Documents/storage2/hiura/docker/bulk_env/data/00_analysis/Repthoscope.v1.0.0/VallePrep_v0.0.0/results/data/NA19443/filfa/NA19443_hap1.t2t.filtered.fasta.gz	/home/senescence/Documents/storage2/hiura/docker/bulk_env/data/00_analysis/Repthoscope.v1.0.0/VallePrep_v0.0.0/results/data/NA19443/filfa/NA19443_hap1.t2t.filtered.fasta.gz.fai	/home/senescence/Documents/storage2/hiura/docker/bulk_env/data/00_analysis/Repthoscope.v1.0.0/VallePrep_v0.0.0/results/data/NA19443/centro/NA19443_hap1.t2t.pass.bed	/home/senescence/Documents/storage2/hiura/docker/bulk_env/data/00_analysis/Repthoscope.v1.0.0/VallePrep_v0.0.0/results/data/NA19443/hsat23/NA19443_hap1.HSat2and3_Regions.lifted.bed	/home/senescence/Documents/storage2/hiura/docker/bulk_env/data/00_analysis/Repthoscope.v1.0.0/VallePrep_v0.0.0/results/data/NA19443/hsat23/NA19443_hap1.HSat2and3_Regions.HSat2and3.log	14	92
NA19443	NA19443_hap2	PASS	/home/senescence/Documents/storage2/hiura/docker/bulk_env/data/00_analysis/Repthoscope.v1.0.0/VallePrep_v0.0.0/results/data/NA19443/filfa/NA19443_hap2.t2t.filtered.fasta.gz	/home/senescence/Documents/storage2/hiura/docker/bulk_env/data/00_analysis/Repthoscope.v1.0.0/VallePrep_v0.0.0/results/data/NA19443/filfa/NA19443_hap2.t2t.filtered.fasta.gz.fai	/home/senescence/Documents/storage2/hiura/docker/bulk_env/data/00_analysis/Repthoscope.v1.0.0/VallePrep_v0.0.0/results/data/NA19443/centro/NA19443_hap2.t2t.pass.bed	/home/senescence/Documents/storage2/hiura/docker/bulk_env/data/00_analysis/Repthoscope.v1.0.0/VallePrep_v0.0.0/results/data/NA19443/hsat23/NA19443_hap2.HSat2and3_Regions.lifted.bed	/home/senescence/Documents/storage2/hiura/docker/bulk_env/data/00_analysis/Repthoscope.v1.0.0/VallePrep_v0.0.0/results/data/NA19443/hsat23/NA19443_hap2.HSat2and3_Regions.HSat2and3.log	17	114
NA19468	NA19468_hap1	PASS	/home/senescence/Documents/storage2/hiura/docker/bulk_env/data/00_analysis/Repthoscope.v1.0.0/VallePrep_v0.0.0/results/data/NA19468/filfa/NA19468_hap1.t2t.filtered.fasta.gz	/home/senescence/Documents/storage2/hiura/docker/bulk_env/data/00_analysis/Repthoscope.v1.0.0/VallePrep_v0.0.0/results/data/NA19468/filfa/NA19468_hap1.t2t.filtered.fasta.gz.fai	/home/senescence/Documents/storage2/hiura/docker/bulk_env/data/00_analysis/Repthoscope.v1.0.0/VallePrep_v0.0.0/results/data/NA19468/centro/NA19468_hap1.t2t.pass.bed	/home/senescence/Documents/storage2/hiura/docker/bulk_env/data/00_analysis/Repthoscope.v1.0.0/VallePrep_v0.0.0/results/data/NA19468/hsat23/NA19468_hap1.HSat2and3_Regions.lifted.bed	/home/senescence/Documents/storage2/hiura/docker/bulk_env/data/00_analysis/Repthoscope.v1.0.0/VallePrep_v0.0.0/results/data/NA19468/hsat23/NA19468_hap1.HSat2and3_Regions.HSat2and3.log	15	226
NA19468	NA19468_hap2	PASS	/home/senescence/Documents/storage2/hiura/docker/bulk_env/data/00_analysis/Repthoscope.v1.0.0/VallePrep_v0.0.0/results/data/NA19468/filfa/NA19468_hap2.t2t.filtered.fasta.gz	/home/senescence/Documents/storage2/hiura/docker/bulk_env/data/00_analysis/Repthoscope.v1.0.0/VallePrep_v0.0.0/results/data/NA19468/filfa/NA19468_hap2.t2t.filtered.fasta.gz.fai	/home/senescence/Documents/storage2/hiura/docker/bulk_env/data/00_analysis/Repthoscope.v1.0.0/VallePrep_v0.0.0/results/data/NA19468/centro/NA19468_hap2.t2t.pass.bed	/home/senescence/Documents/storage2/hiura/docker/bulk_env/data/00_analysis/Repthoscope.v1.0.0/VallePrep_v0.0.0/results/data/NA19468/hsat23/NA19468_hap2.HSat2and3_Regions.lifted.bed	/home/senescence/Documents/storage2/hiura/docker/bulk_env/data/00_analysis/Repthoscope.v1.0.0/VallePrep_v0.0.0/results/data/NA19468/hsat23/NA19468_hap2.HSat2and3_Regions.HSat2and3.log	15	237
NA19650	NA19650_hap1	PASS	/home/senescence/Documents/storage2/hiura/docker/bulk_env/data/00_analysis/Repthoscope.v1.0.0/VallePrep_v0.0.0/results/data/NA19650/filfa/NA19650_hap1.t2t.filtered.fasta.gz	/home/senescence/Documents/storage2/hiura/docker/bulk_env/data/00_analysis/Repthoscope.v1.0.0/VallePrep_v0.0.0/results/data/NA19650/filfa/NA19650_hap1.t2t.filtered.fasta.gz.fai	/home/senescence/Documents/storage2/hiura/docker/bulk_env/data/00_analysis/Repthoscope.v1.0.0/VallePrep_v0.0.0/results/data/NA19650/centro/NA19650_hap1.t2t.pass.bed	/home/senescence/Documents/storage2/hiura/docker/bulk_env/data/00_analysis/Repthoscope.v1.0.0/VallePrep_v0.0.0/results/data/NA19650/hsat23/NA19650_hap1.HSat2and3_Regions.lifted.bed	/home/senescence/Documents/storage2/hiura/docker/bulk_env/data/00_analysis/Repthoscope.v1.0.0/VallePrep_v0.0.0/results/data/NA19650/hsat23/NA19650_hap1.HSat2and3_Regions.HSat2and3.log	15	266
NA19650	NA19650_hap2	PASS	/home/senescence/Documents/storage2/hiura/docker/bulk_env/data/00_analysis/Repthoscope.v1.0.0/VallePrep_v0.0.0/results/data/NA19650/filfa/NA19650_hap2.t2t.filtered.fasta.gz	/home/senescence/Documents/storage2/hiura/docker/bulk_env/data/00_analysis/Repthoscope.v1.0.0/VallePrep_v0.0.0/results/data/NA19650/filfa/NA19650_hap2.t2t.filtered.fasta.gz.fai	/home/senescence/Documents/storage2/hiura/docker/bulk_env/data/00_analysis/Repthoscope.v1.0.0/VallePrep_v0.0.0/results/data/NA19650/centro/NA19650_hap2.t2t.pass.bed	/home/senescence/Documents/storage2/hiura/docker/bulk_env/data/00_analysis/Repthoscope.v1.0.0/VallePrep_v0.0.0/results/data/NA19650/hsat23/NA19650_hap2.HSat2and3_Regions.lifted.bed	/home/senescence/Documents/storage2/hiura/docker/bulk_env/data/00_analysis/Repthoscope.v1.0.0/VallePrep_v0.0.0/results/data/NA19650/hsat23/NA19650_hap2.HSat2and3_Regions.HSat2and3.log	16	271
NA19682	NA19682_hap1	PASS	/home/senescence/Documents/storage2/hiura/docker/bulk_env/data/00_analysis/Repthoscope.v1.0.0/VallePrep_v0.0.0/results/data/NA19682/filfa/NA19682_hap1.t2t.filtered.fasta.gz	/home/senescence/Documents/storage2/hiura/docker/bulk_env/data/00_analysis/Repthoscope.v1.0.0/VallePrep_v0.0.0/results/data/NA19682/filfa/NA19682_hap1.t2t.filtered.fasta.gz.fai	/home/senescence/Documents/storage2/hiura/docker/bulk_env/data/00_analysis/Repthoscope.v1.0.0/VallePrep_v0.0.0/results/data/NA19682/centro/NA19682_hap1.t2t.pass.bed	/home/senescence/Documents/storage2/hiura/docker/bulk_env/data/00_analysis/Repthoscope.v1.0.0/VallePrep_v0.0.0/results/data/NA19682/hsat23/NA19682_hap1.HSat2and3_Regions.lifted.bed	/home/senescence/Documents/storage2/hiura/docker/bulk_env/data/00_analysis/Repthoscope.v1.0.0/VallePrep_v0.0.0/results/data/NA19682/hsat23/NA19682_hap1.HSat2and3_Regions.HSat2and3.log	14	236
NA19682	NA19682_hap2	PASS	/home/senescence/Documents/storage2/hiura/docker/bulk_env/data/00_analysis/Repthoscope.v1.0.0/VallePrep_v0.0.0/results/data/NA19682/filfa/NA19682_hap2.t2t.filtered.fasta.gz	/home/senescence/Documents/storage2/hiura/docker/bulk_env/data/00_analysis/Repthoscope.v1.0.0/VallePrep_v0.0.0/results/data/NA19682/filfa/NA19682_hap2.t2t.filtered.fasta.gz.fai	/home/senescence/Documents/storage2/hiura/docker/bulk_env/data/00_analysis/Repthoscope.v1.0.0/VallePrep_v0.0.0/results/data/NA19682/centro/NA19682_hap2.t2t.pass.bed	/home/senescence/Documents/storage2/hiura/docker/bulk_env/data/00_analysis/Repthoscope.v1.0.0/VallePrep_v0.0.0/results/data/NA19682/hsat23/NA19682_hap2.HSat2and3_Regions.lifted.bed	/home/senescence/Documents/storage2/hiura/docker/bulk_env/data/00_analysis/Repthoscope.v1.0.0/VallePrep_v0.0.0/results/data/NA19682/hsat23/NA19682_hap2.HSat2and3_Regions.HSat2and3.log	13	75
NA19700	NA19700_hap1	PASS	/home/senescence/Documents/storage2/hiura/docker/bulk_env/data/00_analysis/Repthoscope.v1.0.0/VallePrep_v0.0.0/results/data/NA19700/filfa/NA19700_hap1.t2t.filtered.fasta.gz	/home/senescence/Documents/storage2/hiura/docker/bulk_env/data/00_analysis/Repthoscope.v1.0.0/VallePrep_v0.0.0/results/data/NA19700/filfa/NA19700_hap1.t2t.filtered.fasta.gz.fai	/home/senescence/Documents/storage2/hiura/docker/bulk_env/data/00_analysis/Repthoscope.v1.0.0/VallePrep_v0.0.0/results/data/NA19700/centro/NA19700_hap1.t2t.pass.bed	/home/senescence/Documents/storage2/hiura/docker/bulk_env/data/00_analysis/Repthoscope.v1.0.0/VallePrep_v0.0.0/results/data/NA19700/hsat23/NA19700_hap1.HSat2and3_Regions.lifted.bed	/home/senescence/Documents/storage2/hiura/docker/bulk_env/data/00_analysis/Repthoscope.v1.0.0/VallePrep_v0.0.0/results/data/NA19700/hsat23/NA19700_hap1.HSat2and3_Regions.HSat2and3.log	16	276
NA19700	NA19700_hap2	EXCLUDE_annotation_incomplete_or_missing_input	/home/senescence/Documents/storage2/hiura/docker/bulk_env/data/00_analysis/Repthoscope.v1.0.0/VallePrep_v0.0.0/results/data/NA19700/filfa/NA19700_hap2.t2t.filtered.fasta.gz	/home/senescence/Documents/storage2/hiura/docker/bulk_env/data/00_analysis/Repthoscope.v1.0.0/VallePrep_v0.0.0/results/data/NA19700/filfa/NA19700_hap2.t2t.filtered.fasta.gz.fai	/home/senescence/Documents/storage2/hiura/docker/bulk_env/data/00_analysis/Repthoscope.v1.0.0/VallePrep_v0.0.0/results/data/NA19700/centro/NA19700_hap2.t2t.pass.bed	/home/senescence/Documents/storage2/hiura/docker/bulk_env/data/00_analysis/Repthoscope.v1.0.0/VallePrep_v0.0.0/results/data/NA19700/hsat23/NA19700_hap2.HSat2and3_Regions.lifted.bed	/home/senescence/Documents/storage2/hiura/docker/bulk_env/data/00_analysis/Repthoscope.v1.0.0/VallePrep_v0.0.0/results/data/NA19700/hsat23/NA19700_hap2.HSat2and3_Regions.HSat2and3.log	15	0
NA19705	NA19705_hap1	PASS	/home/senescence/Documents/storage2/hiura/docker/bulk_env/data/00_analysis/Repthoscope.v1.0.0/VallePrep_v0.0.0/results/data/NA19705/filfa/NA19705_hap1.t2t.filtered.fasta.gz	/home/senescence/Documents/storage2/hiura/docker/bulk_env/data/00_analysis/Repthoscope.v1.0.0/VallePrep_v0.0.0/results/data/NA19705/filfa/NA19705_hap1.t2t.filtered.fasta.gz.fai	/home/senescence/Documents/storage2/hiura/docker/bulk_env/data/00_analysis/Repthoscope.v1.0.0/VallePrep_v0.0.0/results/data/NA19705/centro/NA19705_hap1.t2t.pass.bed	/home/senescence/Documents/storage2/hiura/docker/bulk_env/data/00_analysis/Repthoscope.v1.0.0/VallePrep_v0.0.0/results/data/NA19705/hsat23/NA19705_hap1.HSat2and3_Regions.lifted.bed	/home/senescence/Documents/storage2/hiura/docker/bulk_env/data/00_analysis/Repthoscope.v1.0.0/VallePrep_v0.0.0/results/data/NA19705/hsat23/NA19705_hap1.HSat2and3_Regions.HSat2and3.log	16	336
NA19705	NA19705_hap2	PASS	/home/senescence/Documents/storage2/hiura/docker/bulk_env/data/00_analysis/Repthoscope.v1.0.0/VallePrep_v0.0.0/results/data/NA19705/filfa/NA19705_hap2.t2t.filtered.fasta.gz	/home/senescence/Documents/storage2/hiura/docker/bulk_env/data/00_analysis/Repthoscope.v1.0.0/VallePrep_v0.0.0/results/data/NA19705/filfa/NA19705_hap2.t2t.filtered.fasta.gz.fai	/home/senescence/Documents/storage2/hiura/docker/bulk_env/data/00_analysis/Repthoscope.v1.0.0/VallePrep_v0.0.0/results/data/NA19705/centro/NA19705_hap2.t2t.pass.bed	/home/senescence/Documents/storage2/hiura/docker/bulk_env/data/00_analysis/Repthoscope.v1.0.0/VallePrep_v0.0.0/results/data/NA19705/hsat23/NA19705_hap2.HSat2and3_Regions.lifted.bed	/home/senescence/Documents/storage2/hiura/docker/bulk_env/data/00_analysis/Repthoscope.v1.0.0/VallePrep_v0.0.0/results/data/NA19705/hsat23/NA19705_hap2.HSat2and3_Regions.HSat2and3.log	18	204
NA19776	NA19776_hap1	PASS	/home/senescence/Documents/storage2/hiura/docker/bulk_env/data/00_analysis/Repthoscope.v1.0.0/VallePrep_v0.0.0/results/data/NA19776/filfa/NA19776_hap1.t2t.filtered.fasta.gz	/home/senescence/Documents/storage2/hiura/docker/bulk_env/data/00_analysis/Repthoscope.v1.0.0/VallePrep_v0.0.0/results/data/NA19776/filfa/NA19776_hap1.t2t.filtered.fasta.gz.fai	/home/senescence/Documents/storage2/hiura/docker/bulk_env/data/00_analysis/Repthoscope.v1.0.0/VallePrep_v0.0.0/results/data/NA19776/centro/NA19776_hap1.t2t.pass.bed	/home/senescence/Documents/storage2/hiura/docker/bulk_env/data/00_analysis/Repthoscope.v1.0.0/VallePrep_v0.0.0/results/data/NA19776/hsat23/NA19776_hap1.HSat2and3_Regions.lifted.bed	/home/senescence/Documents/storage2/hiura/docker/bulk_env/data/00_analysis/Repthoscope.v1.0.0/VallePrep_v0.0.0/results/data/NA19776/hsat23/NA19776_hap1.HSat2and3_Regions.HSat2and3.log	15	99
NA19776	NA19776_hap2	PASS	/home/senescence/Documents/storage2/hiura/docker/bulk_env/data/00_analysis/Repthoscope.v1.0.0/VallePrep_v0.0.0/results/data/NA19776/filfa/NA19776_hap2.t2t.filtered.fasta.gz	/home/senescence/Documents/storage2/hiura/docker/bulk_env/data/00_analysis/Repthoscope.v1.0.0/VallePrep_v0.0.0/results/data/NA19776/filfa/NA19776_hap2.t2t.filtered.fasta.gz.fai	/home/senescence/Documents/storage2/hiura/docker/bulk_env/data/00_analysis/Repthoscope.v1.0.0/VallePrep_v0.0.0/results/data/NA19776/centro/NA19776_hap2.t2t.pass.bed	/home/senescence/Documents/storage2/hiura/docker/bulk_env/data/00_analysis/Repthoscope.v1.0.0/VallePrep_v0.0.0/results/data/NA19776/hsat23/NA19776_hap2.HSat2and3_Regions.lifted.bed	/home/senescence/Documents/storage2/hiura/docker/bulk_env/data/00_analysis/Repthoscope.v1.0.0/VallePrep_v0.0.0/results/data/NA19776/hsat23/NA19776_hap2.HSat2and3_Regions.HSat2and3.log	15	107
NA19835	NA19835_hap1	PASS	/home/senescence/Documents/storage2/hiura/docker/bulk_env/data/00_analysis/Repthoscope.v1.0.0/VallePrep_v0.0.0/results/data/NA19835/filfa/NA19835_hap1.t2t.filtered.fasta.gz	/home/senescence/Documents/storage2/hiura/docker/bulk_env/data/00_analysis/Repthoscope.v1.0.0/VallePrep_v0.0.0/results/data/NA19835/filfa/NA19835_hap1.t2t.filtered.fasta.gz.fai	/home/senescence/Documents/storage2/hiura/docker/bulk_env/data/00_analysis/Repthoscope.v1.0.0/VallePrep_v0.0.0/results/data/NA19835/centro/NA19835_hap1.t2t.pass.bed	/home/senescence/Documents/storage2/hiura/docker/bulk_env/data/00_analysis/Repthoscope.v1.0.0/VallePrep_v0.0.0/results/data/NA19835/hsat23/NA19835_hap1.HSat2and3_Regions.lifted.bed	/home/senescence/Documents/storage2/hiura/docker/bulk_env/data/00_analysis/Repthoscope.v1.0.0/VallePrep_v0.0.0/results/data/NA19835/hsat23/NA19835_hap1.HSat2and3_Regions.HSat2and3.log	14	71
NA19835	NA19835_hap2	PASS	/home/senescence/Documents/storage2/hiura/docker/bulk_env/data/00_analysis/Repthoscope.v1.0.0/VallePrep_v0.0.0/results/data/NA19835/filfa/NA19835_hap2.t2t.filtered.fasta.gz	/home/senescence/Documents/storage2/hiura/docker/bulk_env/data/00_analysis/Repthoscope.v1.0.0/VallePrep_v0.0.0/results/data/NA19835/filfa/NA19835_hap2.t2t.filtered.fasta.gz.fai	/home/senescence/Documents/storage2/hiura/docker/bulk_env/data/00_analysis/Repthoscope.v1.0.0/VallePrep_v0.0.0/results/data/NA19835/centro/NA19835_hap2.t2t.pass.bed	/home/senescence/Documents/storage2/hiura/docker/bulk_env/data/00_analysis/Repthoscope.v1.0.0/VallePrep_v0.0.0/results/data/NA19835/hsat23/NA19835_hap2.HSat2and3_Regions.lifted.bed	/home/senescence/Documents/storage2/hiura/docker/bulk_env/data/00_analysis/Repthoscope.v1.0.0/VallePrep_v0.0.0/results/data/NA19835/hsat23/NA19835_hap2.HSat2and3_Regions.HSat2and3.log	15	216
NA19836	NA19836_hap1	PASS	/home/senescence/Documents/storage2/hiura/docker/bulk_env/data/00_analysis/Repthoscope.v1.0.0/VallePrep_v0.0.0/results/data/NA19836/filfa/NA19836_hap1.t2t.filtered.fasta.gz	/home/senescence/Documents/storage2/hiura/docker/bulk_env/data/00_analysis/Repthoscope.v1.0.0/VallePrep_v0.0.0/results/data/NA19836/filfa/NA19836_hap1.t2t.filtered.fasta.gz.fai	/home/senescence/Documents/storage2/hiura/docker/bulk_env/data/00_analysis/Repthoscope.v1.0.0/VallePrep_v0.0.0/results/data/NA19836/centro/NA19836_hap1.t2t.pass.bed	/home/senescence/Documents/storage2/hiura/docker/bulk_env/data/00_analysis/Repthoscope.v1.0.0/VallePrep_v0.0.0/results/data/NA19836/hsat23/NA19836_hap1.HSat2and3_Regions.lifted.bed	/home/senescence/Documents/storage2/hiura/docker/bulk_env/data/00_analysis/Repthoscope.v1.0.0/VallePrep_v0.0.0/results/data/NA19836/hsat23/NA19836_hap1.HSat2and3_Regions.HSat2and3.log	16	212
NA19836	NA19836_hap2	PASS	/home/senescence/Documents/storage2/hiura/docker/bulk_env/data/00_analysis/Repthoscope.v1.0.0/VallePrep_v0.0.0/results/data/NA19836/filfa/NA19836_hap2.t2t.filtered.fasta.gz	/home/senescence/Documents/storage2/hiura/docker/bulk_env/data/00_analysis/Repthoscope.v1.0.0/VallePrep_v0.0.0/results/data/NA19836/filfa/NA19836_hap2.t2t.filtered.fasta.gz.fai	/home/senescence/Documents/storage2/hiura/docker/bulk_env/data/00_analysis/Repthoscope.v1.0.0/VallePrep_v0.0.0/results/data/NA19836/centro/NA19836_hap2.t2t.pass.bed	/home/senescence/Documents/storage2/hiura/docker/bulk_env/data/00_analysis/Repthoscope.v1.0.0/VallePrep_v0.0.0/results/data/NA19836/hsat23/NA19836_hap2.HSat2and3_Regions.lifted.bed	/home/senescence/Documents/storage2/hiura/docker/bulk_env/data/00_analysis/Repthoscope.v1.0.0/VallePrep_v0.0.0/results/data/NA19836/hsat23/NA19836_hap2.HSat2and3_Regions.HSat2and3.log	16	235
NA19909	NA19909_hap1	PASS	/home/senescence/Documents/storage2/hiura/docker/bulk_env/data/00_analysis/Repthoscope.v1.0.0/VallePrep_v0.0.0/results/data/NA19909/filfa/NA19909_hap1.t2t.filtered.fasta.gz	/home/senescence/Documents/storage2/hiura/docker/bulk_env/data/00_analysis/Repthoscope.v1.0.0/VallePrep_v0.0.0/results/data/NA19909/filfa/NA19909_hap1.t2t.filtered.fasta.gz.fai	/home/senescence/Documents/storage2/hiura/docker/bulk_env/data/00_analysis/Repthoscope.v1.0.0/VallePrep_v0.0.0/results/data/NA19909/centro/NA19909_hap1.t2t.pass.bed	/home/senescence/Documents/storage2/hiura/docker/bulk_env/data/00_analysis/Repthoscope.v1.0.0/VallePrep_v0.0.0/results/data/NA19909/hsat23/NA19909_hap1.HSat2and3_Regions.lifted.bed	/home/senescence/Documents/storage2/hiura/docker/bulk_env/data/00_analysis/Repthoscope.v1.0.0/VallePrep_v0.0.0/results/data/NA19909/hsat23/NA19909_hap1.HSat2and3_Regions.HSat2and3.log	13	47
NA19909	NA19909_hap2	EXCLUDE_annotation_incomplete_or_missing_input	/home/senescence/Documents/storage2/hiura/docker/bulk_env/data/00_analysis/Repthoscope.v1.0.0/VallePrep_v0.0.0/results/data/NA19909/filfa/NA19909_hap2.t2t.filtered.fasta.gz	/home/senescence/Documents/storage2/hiura/docker/bulk_env/data/00_analysis/Repthoscope.v1.0.0/VallePrep_v0.0.0/results/data/NA19909/filfa/NA19909_hap2.t2t.filtered.fasta.gz.fai	/home/senescence/Documents/storage2/hiura/docker/bulk_env/data/00_analysis/Repthoscope.v1.0.0/VallePrep_v0.0.0/results/data/NA19909/centro/NA19909_hap2.t2t.pass.bed	/home/senescence/Documents/storage2/hiura/docker/bulk_env/data/00_analysis/Repthoscope.v1.0.0/VallePrep_v0.0.0/results/data/NA19909/hsat23/NA19909_hap2.HSat2and3_Regions.lifted.bed	/home/senescence/Documents/storage2/hiura/docker/bulk_env/data/00_analysis/Repthoscope.v1.0.0/VallePrep_v0.0.0/results/data/NA19909/hsat23/NA19909_hap2.HSat2and3_Regions.HSat2and3.log	15	0
NA19983	NA19983_hap1	PASS	/home/senescence/Documents/storage2/hiura/docker/bulk_env/data/00_analysis/Repthoscope.v1.0.0/VallePrep_v0.0.0/results/data/NA19983/filfa/NA19983_hap1.t2t.filtered.fasta.gz	/home/senescence/Documents/storage2/hiura/docker/bulk_env/data/00_analysis/Repthoscope.v1.0.0/VallePrep_v0.0.0/results/data/NA19983/filfa/NA19983_hap1.t2t.filtered.fasta.gz.fai	/home/senescence/Documents/storage2/hiura/docker/bulk_env/data/00_analysis/Repthoscope.v1.0.0/VallePrep_v0.0.0/results/data/NA19983/centro/NA19983_hap1.t2t.pass.bed	/home/senescence/Documents/storage2/hiura/docker/bulk_env/data/00_analysis/Repthoscope.v1.0.0/VallePrep_v0.0.0/results/data/NA19983/hsat23/NA19983_hap1.HSat2and3_Regions.lifted.bed	/home/senescence/Documents/storage2/hiura/docker/bulk_env/data/00_analysis/Repthoscope.v1.0.0/VallePrep_v0.0.0/results/data/NA19983/hsat23/NA19983_hap1.HSat2and3_Regions.HSat2and3.log	14	88
NA19983	NA19983_hap2	PASS	/home/senescence/Documents/storage2/hiura/docker/bulk_env/data/00_analysis/Repthoscope.v1.0.0/VallePrep_v0.0.0/results/data/NA19983/filfa/NA19983_hap2.t2t.filtered.fasta.gz	/home/senescence/Documents/storage2/hiura/docker/bulk_env/data/00_analysis/Repthoscope.v1.0.0/VallePrep_v0.0.0/results/data/NA19983/filfa/NA19983_hap2.t2t.filtered.fasta.gz.fai	/home/senescence/Documents/storage2/hiura/docker/bulk_env/data/00_analysis/Repthoscope.v1.0.0/VallePrep_v0.0.0/results/data/NA19983/centro/NA19983_hap2.t2t.pass.bed	/home/senescence/Documents/storage2/hiura/docker/bulk_env/data/00_analysis/Repthoscope.v1.0.0/VallePrep_v0.0.0/results/data/NA19983/hsat23/NA19983_hap2.HSat2and3_Regions.lifted.bed	/home/senescence/Documents/storage2/hiura/docker/bulk_env/data/00_analysis/Repthoscope.v1.0.0/VallePrep_v0.0.0/results/data/NA19983/hsat23/NA19983_hap2.HSat2and3_Regions.HSat2and3.log	17	261
NA20129	NA20129_hap1	PASS	/home/senescence/Documents/storage2/hiura/docker/bulk_env/data/00_analysis/Repthoscope.v1.0.0/VallePrep_v0.0.0/results/data/NA20129/filfa/NA20129_hap1.t2t.filtered.fasta.gz	/home/senescence/Documents/storage2/hiura/docker/bulk_env/data/00_analysis/Repthoscope.v1.0.0/VallePrep_v0.0.0/results/data/NA20129/filfa/NA20129_hap1.t2t.filtered.fasta.gz.fai	/home/senescence/Documents/storage2/hiura/docker/bulk_env/data/00_analysis/Repthoscope.v1.0.0/VallePrep_v0.0.0/results/data/NA20129/centro/NA20129_hap1.t2t.pass.bed	/home/senescence/Documents/storage2/hiura/docker/bulk_env/data/00_analysis/Repthoscope.v1.0.0/VallePrep_v0.0.0/results/data/NA20129/hsat23/NA20129_hap1.HSat2and3_Regions.lifted.bed	/home/senescence/Documents/storage2/hiura/docker/bulk_env/data/00_analysis/Repthoscope.v1.0.0/VallePrep_v0.0.0/results/data/NA20129/hsat23/NA20129_hap1.HSat2and3_Regions.HSat2and3.log	14	77
NA20129	NA20129_hap2	PASS	/home/senescence/Documents/storage2/hiura/docker/bulk_env/data/00_analysis/Repthoscope.v1.0.0/VallePrep_v0.0.0/results/data/NA20129/filfa/NA20129_hap2.t2t.filtered.fasta.gz	/home/senescence/Documents/storage2/hiura/docker/bulk_env/data/00_analysis/Repthoscope.v1.0.0/VallePrep_v0.0.0/results/data/NA20129/filfa/NA20129_hap2.t2t.filtered.fasta.gz.fai	/home/senescence/Documents/storage2/hiura/docker/bulk_env/data/00_analysis/Repthoscope.v1.0.0/VallePrep_v0.0.0/results/data/NA20129/centro/NA20129_hap2.t2t.pass.bed	/home/senescence/Documents/storage2/hiura/docker/bulk_env/data/00_analysis/Repthoscope.v1.0.0/VallePrep_v0.0.0/results/data/NA20129/hsat23/NA20129_hap2.HSat2and3_Regions.lifted.bed	/home/senescence/Documents/storage2/hiura/docker/bulk_env/data/00_analysis/Repthoscope.v1.0.0/VallePrep_v0.0.0/results/data/NA20129/hsat23/NA20129_hap2.HSat2and3_Regions.HSat2and3.log	15	211
NA20282	NA20282_hap1	PASS	/home/senescence/Documents/storage2/hiura/docker/bulk_env/data/00_analysis/Repthoscope.v1.0.0/VallePrep_v0.0.0/results/data/NA20282/filfa/NA20282_hap1.t2t.filtered.fasta.gz	/home/senescence/Documents/storage2/hiura/docker/bulk_env/data/00_analysis/Repthoscope.v1.0.0/VallePrep_v0.0.0/results/data/NA20282/filfa/NA20282_hap1.t2t.filtered.fasta.gz.fai	/home/senescence/Documents/storage2/hiura/docker/bulk_env/data/00_analysis/Repthoscope.v1.0.0/VallePrep_v0.0.0/results/data/NA20282/centro/NA20282_hap1.t2t.pass.bed	/home/senescence/Documents/storage2/hiura/docker/bulk_env/data/00_analysis/Repthoscope.v1.0.0/VallePrep_v0.0.0/results/data/NA20282/hsat23/NA20282_hap1.HSat2and3_Regions.lifted.bed	/home/senescence/Documents/storage2/hiura/docker/bulk_env/data/00_analysis/Repthoscope.v1.0.0/VallePrep_v0.0.0/results/data/NA20282/hsat23/NA20282_hap1.HSat2and3_Regions.HSat2and3.log	16	99
NA20282	NA20282_hap2	PASS	/home/senescence/Documents/storage2/hiura/docker/bulk_env/data/00_analysis/Repthoscope.v1.0.0/VallePrep_v0.0.0/results/data/NA20282/filfa/NA20282_hap2.t2t.filtered.fasta.gz	/home/senescence/Documents/storage2/hiura/docker/bulk_env/data/00_analysis/Repthoscope.v1.0.0/VallePrep_v0.0.0/results/data/NA20282/filfa/NA20282_hap2.t2t.filtered.fasta.gz.fai	/home/senescence/Documents/storage2/hiura/docker/bulk_env/data/00_analysis/Repthoscope.v1.0.0/VallePrep_v0.0.0/results/data/NA20282/centro/NA20282_hap2.t2t.pass.bed	/home/senescence/Documents/storage2/hiura/docker/bulk_env/data/00_analysis/Repthoscope.v1.0.0/VallePrep_v0.0.0/results/data/NA20282/hsat23/NA20282_hap2.HSat2and3_Regions.lifted.bed	/home/senescence/Documents/storage2/hiura/docker/bulk_env/data/00_analysis/Repthoscope.v1.0.0/VallePrep_v0.0.0/results/data/NA20282/hsat23/NA20282_hap2.HSat2and3_Regions.HSat2and3.log	15	160
NA20346	NA20346_hap1	PASS	/home/senescence/Documents/storage2/hiura/docker/bulk_env/data/00_analysis/Repthoscope.v1.0.0/VallePrep_v0.0.0/results/data/NA20346/filfa/NA20346_hap1.t2t.filtered.fasta.gz	/home/senescence/Documents/storage2/hiura/docker/bulk_env/data/00_analysis/Repthoscope.v1.0.0/VallePrep_v0.0.0/results/data/NA20346/filfa/NA20346_hap1.t2t.filtered.fasta.gz.fai	/home/senescence/Documents/storage2/hiura/docker/bulk_env/data/00_analysis/Repthoscope.v1.0.0/VallePrep_v0.0.0/results/data/NA20346/centro/NA20346_hap1.t2t.pass.bed	/home/senescence/Documents/storage2/hiura/docker/bulk_env/data/00_analysis/Repthoscope.v1.0.0/VallePrep_v0.0.0/results/data/NA20346/hsat23/NA20346_hap1.HSat2and3_Regions.lifted.bed	/home/senescence/Documents/storage2/hiura/docker/bulk_env/data/00_analysis/Repthoscope.v1.0.0/VallePrep_v0.0.0/results/data/NA20346/hsat23/NA20346_hap1.HSat2and3_Regions.HSat2and3.log	11	68
NA20346	NA20346_hap2	PASS	/home/senescence/Documents/storage2/hiura/docker/bulk_env/data/00_analysis/Repthoscope.v1.0.0/VallePrep_v0.0.0/results/data/NA20346/filfa/NA20346_hap2.t2t.filtered.fasta.gz	/home/senescence/Documents/storage2/hiura/docker/bulk_env/data/00_analysis/Repthoscope.v1.0.0/VallePrep_v0.0.0/results/data/NA20346/filfa/NA20346_hap2.t2t.filtered.fasta.gz.fai	/home/senescence/Documents/storage2/hiura/docker/bulk_env/data/00_analysis/Repthoscope.v1.0.0/VallePrep_v0.0.0/results/data/NA20346/centro/NA20346_hap2.t2t.pass.bed	/home/senescence/Documents/storage2/hiura/docker/bulk_env/data/00_analysis/Repthoscope.v1.0.0/VallePrep_v0.0.0/results/data/NA20346/hsat23/NA20346_hap2.HSat2and3_Regions.lifted.bed	/home/senescence/Documents/storage2/hiura/docker/bulk_env/data/00_analysis/Repthoscope.v1.0.0/VallePrep_v0.0.0/results/data/NA20346/hsat23/NA20346_hap2.HSat2and3_Regions.HSat2and3.log	16	158
NA20355	NA20355_hap1	PASS	/home/senescence/Documents/storage2/hiura/docker/bulk_env/data/00_analysis/Repthoscope.v1.0.0/VallePrep_v0.0.0/results/data/NA20355/filfa/NA20355_hap1.t2t.filtered.fasta.gz	/home/senescence/Documents/storage2/hiura/docker/bulk_env/data/00_analysis/Repthoscope.v1.0.0/VallePrep_v0.0.0/results/data/NA20355/filfa/NA20355_hap1.t2t.filtered.fasta.gz.fai	/home/senescence/Documents/storage2/hiura/docker/bulk_env/data/00_analysis/Repthoscope.v1.0.0/VallePrep_v0.0.0/results/data/NA20355/centro/NA20355_hap1.t2t.pass.bed	/home/senescence/Documents/storage2/hiura/docker/bulk_env/data/00_analysis/Repthoscope.v1.0.0/VallePrep_v0.0.0/results/data/NA20355/hsat23/NA20355_hap1.HSat2and3_Regions.lifted.bed	/home/senescence/Documents/storage2/hiura/docker/bulk_env/data/00_analysis/Repthoscope.v1.0.0/VallePrep_v0.0.0/results/data/NA20355/hsat23/NA20355_hap1.HSat2and3_Regions.HSat2and3.log	16	255
NA20355	NA20355_hap2	PASS	/home/senescence/Documents/storage2/hiura/docker/bulk_env/data/00_analysis/Repthoscope.v1.0.0/VallePrep_v0.0.0/results/data/NA20355/filfa/NA20355_hap2.t2t.filtered.fasta.gz	/home/senescence/Documents/storage2/hiura/docker/bulk_env/data/00_analysis/Repthoscope.v1.0.0/VallePrep_v0.0.0/results/data/NA20355/filfa/NA20355_hap2.t2t.filtered.fasta.gz.fai	/home/senescence/Documents/storage2/hiura/docker/bulk_env/data/00_analysis/Repthoscope.v1.0.0/VallePrep_v0.0.0/results/data/NA20355/centro/NA20355_hap2.t2t.pass.bed	/home/senescence/Documents/storage2/hiura/docker/bulk_env/data/00_analysis/Repthoscope.v1.0.0/VallePrep_v0.0.0/results/data/NA20355/hsat23/NA20355_hap2.HSat2and3_Regions.lifted.bed	/home/senescence/Documents/storage2/hiura/docker/bulk_env/data/00_analysis/Repthoscope.v1.0.0/VallePrep_v0.0.0/results/data/NA20355/hsat23/NA20355_hap2.HSat2and3_Regions.HSat2and3.log	17	274
NA20503	NA20503_hap1	PASS	/home/senescence/Documents/storage2/hiura/docker/bulk_env/data/00_analysis/Repthoscope.v1.0.0/VallePrep_v0.0.0/results/data/NA20503/filfa/NA20503_hap1.t2t.filtered.fasta.gz	/home/senescence/Documents/storage2/hiura/docker/bulk_env/data/00_analysis/Repthoscope.v1.0.0/VallePrep_v0.0.0/results/data/NA20503/filfa/NA20503_hap1.t2t.filtered.fasta.gz.fai	/home/senescence/Documents/storage2/hiura/docker/bulk_env/data/00_analysis/Repthoscope.v1.0.0/VallePrep_v0.0.0/results/data/NA20503/centro/NA20503_hap1.t2t.pass.bed	/home/senescence/Documents/storage2/hiura/docker/bulk_env/data/00_analysis/Repthoscope.v1.0.0/VallePrep_v0.0.0/results/data/NA20503/hsat23/NA20503_hap1.HSat2and3_Regions.lifted.bed	/home/senescence/Documents/storage2/hiura/docker/bulk_env/data/00_analysis/Repthoscope.v1.0.0/VallePrep_v0.0.0/results/data/NA20503/hsat23/NA20503_hap1.HSat2and3_Regions.HSat2and3.log	18	239
NA20503	NA20503_hap2	PASS	/home/senescence/Documents/storage2/hiura/docker/bulk_env/data/00_analysis/Repthoscope.v1.0.0/VallePrep_v0.0.0/results/data/NA20503/filfa/NA20503_hap2.t2t.filtered.fasta.gz	/home/senescence/Documents/storage2/hiura/docker/bulk_env/data/00_analysis/Repthoscope.v1.0.0/VallePrep_v0.0.0/results/data/NA20503/filfa/NA20503_hap2.t2t.filtered.fasta.gz.fai	/home/senescence/Documents/storage2/hiura/docker/bulk_env/data/00_analysis/Repthoscope.v1.0.0/VallePrep_v0.0.0/results/data/NA20503/centro/NA20503_hap2.t2t.pass.bed	/home/senescence/Documents/storage2/hiura/docker/bulk_env/data/00_analysis/Repthoscope.v1.0.0/VallePrep_v0.0.0/results/data/NA20503/hsat23/NA20503_hap2.HSat2and3_Regions.lifted.bed	/home/senescence/Documents/storage2/hiura/docker/bulk_env/data/00_analysis/Repthoscope.v1.0.0/VallePrep_v0.0.0/results/data/NA20503/hsat23/NA20503_hap2.HSat2and3_Regions.HSat2and3.log	18	332
NA20509	NA20509_hap1	PASS	/home/senescence/Documents/storage2/hiura/docker/bulk_env/data/00_analysis/Repthoscope.v1.0.0/VallePrep_v0.0.0/results/data/NA20509/filfa/NA20509_hap1.t2t.filtered.fasta.gz	/home/senescence/Documents/storage2/hiura/docker/bulk_env/data/00_analysis/Repthoscope.v1.0.0/VallePrep_v0.0.0/results/data/NA20509/filfa/NA20509_hap1.t2t.filtered.fasta.gz.fai	/home/senescence/Documents/storage2/hiura/docker/bulk_env/data/00_analysis/Repthoscope.v1.0.0/VallePrep_v0.0.0/results/data/NA20509/centro/NA20509_hap1.t2t.pass.bed	/home/senescence/Documents/storage2/hiura/docker/bulk_env/data/00_analysis/Repthoscope.v1.0.0/VallePrep_v0.0.0/results/data/NA20509/hsat23/NA20509_hap1.HSat2and3_Regions.lifted.bed	/home/senescence/Documents/storage2/hiura/docker/bulk_env/data/00_analysis/Repthoscope.v1.0.0/VallePrep_v0.0.0/results/data/NA20509/hsat23/NA20509_hap1.HSat2and3_Regions.HSat2and3.log	15	215
NA20509	NA20509_hap2	PASS	/home/senescence/Documents/storage2/hiura/docker/bulk_env/data/00_analysis/Repthoscope.v1.0.0/VallePrep_v0.0.0/results/data/NA20509/filfa/NA20509_hap2.t2t.filtered.fasta.gz	/home/senescence/Documents/storage2/hiura/docker/bulk_env/data/00_analysis/Repthoscope.v1.0.0/VallePrep_v0.0.0/results/data/NA20509/filfa/NA20509_hap2.t2t.filtered.fasta.gz.fai	/home/senescence/Documents/storage2/hiura/docker/bulk_env/data/00_analysis/Repthoscope.v1.0.0/VallePrep_v0.0.0/results/data/NA20509/centro/NA20509_hap2.t2t.pass.bed	/home/senescence/Documents/storage2/hiura/docker/bulk_env/data/00_analysis/Repthoscope.v1.0.0/VallePrep_v0.0.0/results/data/NA20509/hsat23/NA20509_hap2.HSat2and3_Regions.lifted.bed	/home/senescence/Documents/storage2/hiura/docker/bulk_env/data/00_analysis/Repthoscope.v1.0.0/VallePrep_v0.0.0/results/data/NA20509/hsat23/NA20509_hap2.HSat2and3_Regions.HSat2and3.log	15	172
NA20752	NA20752_hap1	PASS	/home/senescence/Documents/storage2/hiura/docker/bulk_env/data/00_analysis/Repthoscope.v1.0.0/VallePrep_v0.0.0/results/data/NA20752/filfa/NA20752_hap1.t2t.filtered.fasta.gz	/home/senescence/Documents/storage2/hiura/docker/bulk_env/data/00_analysis/Repthoscope.v1.0.0/VallePrep_v0.0.0/results/data/NA20752/filfa/NA20752_hap1.t2t.filtered.fasta.gz.fai	/home/senescence/Documents/storage2/hiura/docker/bulk_env/data/00_analysis/Repthoscope.v1.0.0/VallePrep_v0.0.0/results/data/NA20752/centro/NA20752_hap1.t2t.pass.bed	/home/senescence/Documents/storage2/hiura/docker/bulk_env/data/00_analysis/Repthoscope.v1.0.0/VallePrep_v0.0.0/results/data/NA20752/hsat23/NA20752_hap1.HSat2and3_Regions.lifted.bed	/home/senescence/Documents/storage2/hiura/docker/bulk_env/data/00_analysis/Repthoscope.v1.0.0/VallePrep_v0.0.0/results/data/NA20752/hsat23/NA20752_hap1.HSat2and3_Regions.HSat2and3.log	14	163
NA20752	NA20752_hap2	PASS	/home/senescence/Documents/storage2/hiura/docker/bulk_env/data/00_analysis/Repthoscope.v1.0.0/VallePrep_v0.0.0/results/data/NA20752/filfa/NA20752_hap2.t2t.filtered.fasta.gz	/home/senescence/Documents/storage2/hiura/docker/bulk_env/data/00_analysis/Repthoscope.v1.0.0/VallePrep_v0.0.0/results/data/NA20752/filfa/NA20752_hap2.t2t.filtered.fasta.gz.fai	/home/senescence/Documents/storage2/hiura/docker/bulk_env/data/00_analysis/Repthoscope.v1.0.0/VallePrep_v0.0.0/results/data/NA20752/centro/NA20752_hap2.t2t.pass.bed	/home/senescence/Documents/storage2/hiura/docker/bulk_env/data/00_analysis/Repthoscope.v1.0.0/VallePrep_v0.0.0/results/data/NA20752/hsat23/NA20752_hap2.HSat2and3_Regions.lifted.bed	/home/senescence/Documents/storage2/hiura/docker/bulk_env/data/00_analysis/Repthoscope.v1.0.0/VallePrep_v0.0.0/results/data/NA20752/hsat23/NA20752_hap2.HSat2and3_Regions.HSat2and3.log	15	207
NA20762	NA20762_hap1	PASS	/home/senescence/Documents/storage2/hiura/docker/bulk_env/data/00_analysis/Repthoscope.v1.0.0/VallePrep_v0.0.0/results/data/NA20762/filfa/NA20762_hap1.t2t.filtered.fasta.gz	/home/senescence/Documents/storage2/hiura/docker/bulk_env/data/00_analysis/Repthoscope.v1.0.0/VallePrep_v0.0.0/results/data/NA20762/filfa/NA20762_hap1.t2t.filtered.fasta.gz.fai	/home/senescence/Documents/storage2/hiura/docker/bulk_env/data/00_analysis/Repthoscope.v1.0.0/VallePrep_v0.0.0/results/data/NA20762/centro/NA20762_hap1.t2t.pass.bed	/home/senescence/Documents/storage2/hiura/docker/bulk_env/data/00_analysis/Repthoscope.v1.0.0/VallePrep_v0.0.0/results/data/NA20762/hsat23/NA20762_hap1.HSat2and3_Regions.lifted.bed	/home/senescence/Documents/storage2/hiura/docker/bulk_env/data/00_analysis/Repthoscope.v1.0.0/VallePrep_v0.0.0/results/data/NA20762/hsat23/NA20762_hap1.HSat2and3_Regions.HSat2and3.log	17	248
NA20762	NA20762_hap2	PASS	/home/senescence/Documents/storage2/hiura/docker/bulk_env/data/00_analysis/Repthoscope.v1.0.0/VallePrep_v0.0.0/results/data/NA20762/filfa/NA20762_hap2.t2t.filtered.fasta.gz	/home/senescence/Documents/storage2/hiura/docker/bulk_env/data/00_analysis/Repthoscope.v1.0.0/VallePrep_v0.0.0/results/data/NA20762/filfa/NA20762_hap2.t2t.filtered.fasta.gz.fai	/home/senescence/Documents/storage2/hiura/docker/bulk_env/data/00_analysis/Repthoscope.v1.0.0/VallePrep_v0.0.0/results/data/NA20762/centro/NA20762_hap2.t2t.pass.bed	/home/senescence/Documents/storage2/hiura/docker/bulk_env/data/00_analysis/Repthoscope.v1.0.0/VallePrep_v0.0.0/results/data/NA20762/hsat23/NA20762_hap2.HSat2and3_Regions.lifted.bed	/home/senescence/Documents/storage2/hiura/docker/bulk_env/data/00_analysis/Repthoscope.v1.0.0/VallePrep_v0.0.0/results/data/NA20762/hsat23/NA20762_hap2.HSat2and3_Regions.HSat2and3.log	18	230
NA20799	NA20799_hap1	PASS	/home/senescence/Documents/storage2/hiura/docker/bulk_env/data/00_analysis/Repthoscope.v1.0.0/VallePrep_v0.0.0/results/data/NA20799/filfa/NA20799_hap1.t2t.filtered.fasta.gz	/home/senescence/Documents/storage2/hiura/docker/bulk_env/data/00_analysis/Repthoscope.v1.0.0/VallePrep_v0.0.0/results/data/NA20799/filfa/NA20799_hap1.t2t.filtered.fasta.gz.fai	/home/senescence/Documents/storage2/hiura/docker/bulk_env/data/00_analysis/Repthoscope.v1.0.0/VallePrep_v0.0.0/results/data/NA20799/centro/NA20799_hap1.t2t.pass.bed	/home/senescence/Documents/storage2/hiura/docker/bulk_env/data/00_analysis/Repthoscope.v1.0.0/VallePrep_v0.0.0/results/data/NA20799/hsat23/NA20799_hap1.HSat2and3_Regions.lifted.bed	/home/senescence/Documents/storage2/hiura/docker/bulk_env/data/00_analysis/Repthoscope.v1.0.0/VallePrep_v0.0.0/results/data/NA20799/hsat23/NA20799_hap1.HSat2and3_Regions.HSat2and3.log	15	168
NA20799	NA20799_hap2	PASS	/home/senescence/Documents/storage2/hiura/docker/bulk_env/data/00_analysis/Repthoscope.v1.0.0/VallePrep_v0.0.0/results/data/NA20799/filfa/NA20799_hap2.t2t.filtered.fasta.gz	/home/senescence/Documents/storage2/hiura/docker/bulk_env/data/00_analysis/Repthoscope.v1.0.0/VallePrep_v0.0.0/results/data/NA20799/filfa/NA20799_hap2.t2t.filtered.fasta.gz.fai	/home/senescence/Documents/storage2/hiura/docker/bulk_env/data/00_analysis/Repthoscope.v1.0.0/VallePrep_v0.0.0/results/data/NA20799/centro/NA20799_hap2.t2t.pass.bed	/home/senescence/Documents/storage2/hiura/docker/bulk_env/data/00_analysis/Repthoscope.v1.0.0/VallePrep_v0.0.0/results/data/NA20799/hsat23/NA20799_hap2.HSat2and3_Regions.lifted.bed	/home/senescence/Documents/storage2/hiura/docker/bulk_env/data/00_analysis/Repthoscope.v1.0.0/VallePrep_v0.0.0/results/data/NA20799/hsat23/NA20799_hap2.HSat2and3_Regions.HSat2and3.log	15	94
NA20805	NA20805_hap1	PASS	/home/senescence/Documents/storage2/hiura/docker/bulk_env/data/00_analysis/Repthoscope.v1.0.0/VallePrep_v0.0.0/results/data/NA20805/filfa/NA20805_hap1.t2t.filtered.fasta.gz	/home/senescence/Documents/storage2/hiura/docker/bulk_env/data/00_analysis/Repthoscope.v1.0.0/VallePrep_v0.0.0/results/data/NA20805/filfa/NA20805_hap1.t2t.filtered.fasta.gz.fai	/home/senescence/Documents/storage2/hiura/docker/bulk_env/data/00_analysis/Repthoscope.v1.0.0/VallePrep_v0.0.0/results/data/NA20805/centro/NA20805_hap1.t2t.pass.bed	/home/senescence/Documents/storage2/hiura/docker/bulk_env/data/00_analysis/Repthoscope.v1.0.0/VallePrep_v0.0.0/results/data/NA20805/hsat23/NA20805_hap1.HSat2and3_Regions.lifted.bed	/home/senescence/Documents/storage2/hiura/docker/bulk_env/data/00_analysis/Repthoscope.v1.0.0/VallePrep_v0.0.0/results/data/NA20805/hsat23/NA20805_hap1.HSat2and3_Regions.HSat2and3.log	13	92
NA20805	NA20805_hap2	PASS	/home/senescence/Documents/storage2/hiura/docker/bulk_env/data/00_analysis/Repthoscope.v1.0.0/VallePrep_v0.0.0/results/data/NA20805/filfa/NA20805_hap2.t2t.filtered.fasta.gz	/home/senescence/Documents/storage2/hiura/docker/bulk_env/data/00_analysis/Repthoscope.v1.0.0/VallePrep_v0.0.0/results/data/NA20805/filfa/NA20805_hap2.t2t.filtered.fasta.gz.fai	/home/senescence/Documents/storage2/hiura/docker/bulk_env/data/00_analysis/Repthoscope.v1.0.0/VallePrep_v0.0.0/results/data/NA20805/centro/NA20805_hap2.t2t.pass.bed	/home/senescence/Documents/storage2/hiura/docker/bulk_env/data/00_analysis/Repthoscope.v1.0.0/VallePrep_v0.0.0/results/data/NA20805/hsat23/NA20805_hap2.HSat2and3_Regions.lifted.bed	/home/senescence/Documents/storage2/hiura/docker/bulk_env/data/00_analysis/Repthoscope.v1.0.0/VallePrep_v0.0.0/results/data/NA20805/hsat23/NA20805_hap2.HSat2and3_Regions.HSat2and3.log	14	198
NA20806	NA20806_hap1	PASS	/home/senescence/Documents/storage2/hiura/docker/bulk_env/data/00_analysis/Repthoscope.v1.0.0/VallePrep_v0.0.0/results/data/NA20806/filfa/NA20806_hap1.t2t.filtered.fasta.gz	/home/senescence/Documents/storage2/hiura/docker/bulk_env/data/00_analysis/Repthoscope.v1.0.0/VallePrep_v0.0.0/results/data/NA20806/filfa/NA20806_hap1.t2t.filtered.fasta.gz.fai	/home/senescence/Documents/storage2/hiura/docker/bulk_env/data/00_analysis/Repthoscope.v1.0.0/VallePrep_v0.0.0/results/data/NA20806/centro/NA20806_hap1.t2t.pass.bed	/home/senescence/Documents/storage2/hiura/docker/bulk_env/data/00_analysis/Repthoscope.v1.0.0/VallePrep_v0.0.0/results/data/NA20806/hsat23/NA20806_hap1.HSat2and3_Regions.lifted.bed	/home/senescence/Documents/storage2/hiura/docker/bulk_env/data/00_analysis/Repthoscope.v1.0.0/VallePrep_v0.0.0/results/data/NA20806/hsat23/NA20806_hap1.HSat2and3_Regions.HSat2and3.log	17	213
NA20806	NA20806_hap2	PASS	/home/senescence/Documents/storage2/hiura/docker/bulk_env/data/00_analysis/Repthoscope.v1.0.0/VallePrep_v0.0.0/results/data/NA20806/filfa/NA20806_hap2.t2t.filtered.fasta.gz	/home/senescence/Documents/storage2/hiura/docker/bulk_env/data/00_analysis/Repthoscope.v1.0.0/VallePrep_v0.0.0/results/data/NA20806/filfa/NA20806_hap2.t2t.filtered.fasta.gz.fai	/home/senescence/Documents/storage2/hiura/docker/bulk_env/data/00_analysis/Repthoscope.v1.0.0/VallePrep_v0.0.0/results/data/NA20806/centro/NA20806_hap2.t2t.pass.bed	/home/senescence/Documents/storage2/hiura/docker/bulk_env/data/00_analysis/Repthoscope.v1.0.0/VallePrep_v0.0.0/results/data/NA20806/hsat23/NA20806_hap2.HSat2and3_Regions.lifted.bed	/home/senescence/Documents/storage2/hiura/docker/bulk_env/data/00_analysis/Repthoscope.v1.0.0/VallePrep_v0.0.0/results/data/NA20806/hsat23/NA20806_hap2.HSat2and3_Regions.HSat2and3.log	18	298
NA20809	NA20809_hap1	PASS	/home/senescence/Documents/storage2/hiura/docker/bulk_env/data/00_analysis/Repthoscope.v1.0.0/VallePrep_v0.0.0/results/data/NA20809/filfa/NA20809_hap1.t2t.filtered.fasta.gz	/home/senescence/Documents/storage2/hiura/docker/bulk_env/data/00_analysis/Repthoscope.v1.0.0/VallePrep_v0.0.0/results/data/NA20809/filfa/NA20809_hap1.t2t.filtered.fasta.gz.fai	/home/senescence/Documents/storage2/hiura/docker/bulk_env/data/00_analysis/Repthoscope.v1.0.0/VallePrep_v0.0.0/results/data/NA20809/centro/NA20809_hap1.t2t.pass.bed	/home/senescence/Documents/storage2/hiura/docker/bulk_env/data/00_analysis/Repthoscope.v1.0.0/VallePrep_v0.0.0/results/data/NA20809/hsat23/NA20809_hap1.HSat2and3_Regions.lifted.bed	/home/senescence/Documents/storage2/hiura/docker/bulk_env/data/00_analysis/Repthoscope.v1.0.0/VallePrep_v0.0.0/results/data/NA20809/hsat23/NA20809_hap1.HSat2and3_Regions.HSat2and3.log	10	68
NA20809	NA20809_hap2	PASS	/home/senescence/Documents/storage2/hiura/docker/bulk_env/data/00_analysis/Repthoscope.v1.0.0/VallePrep_v0.0.0/results/data/NA20809/filfa/NA20809_hap2.t2t.filtered.fasta.gz	/home/senescence/Documents/storage2/hiura/docker/bulk_env/data/00_analysis/Repthoscope.v1.0.0/VallePrep_v0.0.0/results/data/NA20809/filfa/NA20809_hap2.t2t.filtered.fasta.gz.fai	/home/senescence/Documents/storage2/hiura/docker/bulk_env/data/00_analysis/Repthoscope.v1.0.0/VallePrep_v0.0.0/results/data/NA20809/centro/NA20809_hap2.t2t.pass.bed	/home/senescence/Documents/storage2/hiura/docker/bulk_env/data/00_analysis/Repthoscope.v1.0.0/VallePrep_v0.0.0/results/data/NA20809/hsat23/NA20809_hap2.HSat2and3_Regions.lifted.bed	/home/senescence/Documents/storage2/hiura/docker/bulk_env/data/00_analysis/Repthoscope.v1.0.0/VallePrep_v0.0.0/results/data/NA20809/hsat23/NA20809_hap2.HSat2and3_Regions.HSat2and3.log	11	60
NA20827	NA20827_hap1	PASS	/home/senescence/Documents/storage2/hiura/docker/bulk_env/data/00_analysis/Repthoscope.v1.0.0/VallePrep_v0.0.0/results/data/NA20827/filfa/NA20827_hap1.t2t.filtered.fasta.gz	/home/senescence/Documents/storage2/hiura/docker/bulk_env/data/00_analysis/Repthoscope.v1.0.0/VallePrep_v0.0.0/results/data/NA20827/filfa/NA20827_hap1.t2t.filtered.fasta.gz.fai	/home/senescence/Documents/storage2/hiura/docker/bulk_env/data/00_analysis/Repthoscope.v1.0.0/VallePrep_v0.0.0/results/data/NA20827/centro/NA20827_hap1.t2t.pass.bed	/home/senescence/Documents/storage2/hiura/docker/bulk_env/data/00_analysis/Repthoscope.v1.0.0/VallePrep_v0.0.0/results/data/NA20827/hsat23/NA20827_hap1.HSat2and3_Regions.lifted.bed	/home/senescence/Documents/storage2/hiura/docker/bulk_env/data/00_analysis/Repthoscope.v1.0.0/VallePrep_v0.0.0/results/data/NA20827/hsat23/NA20827_hap1.HSat2and3_Regions.HSat2and3.log	17	230
NA20827	NA20827_hap2	PASS	/home/senescence/Documents/storage2/hiura/docker/bulk_env/data/00_analysis/Repthoscope.v1.0.0/VallePrep_v0.0.0/results/data/NA20827/filfa/NA20827_hap2.t2t.filtered.fasta.gz	/home/senescence/Documents/storage2/hiura/docker/bulk_env/data/00_analysis/Repthoscope.v1.0.0/VallePrep_v0.0.0/results/data/NA20827/filfa/NA20827_hap2.t2t.filtered.fasta.gz.fai	/home/senescence/Documents/storage2/hiura/docker/bulk_env/data/00_analysis/Repthoscope.v1.0.0/VallePrep_v0.0.0/results/data/NA20827/centro/NA20827_hap2.t2t.pass.bed	/home/senescence/Documents/storage2/hiura/docker/bulk_env/data/00_analysis/Repthoscope.v1.0.0/VallePrep_v0.0.0/results/data/NA20827/hsat23/NA20827_hap2.HSat2and3_Regions.lifted.bed	/home/senescence/Documents/storage2/hiura/docker/bulk_env/data/00_analysis/Repthoscope.v1.0.0/VallePrep_v0.0.0/results/data/NA20827/hsat23/NA20827_hap2.HSat2and3_Regions.HSat2and3.log	18	248
NA20847	NA20847_hap1	PASS	/home/senescence/Documents/storage2/hiura/docker/bulk_env/data/00_analysis/Repthoscope.v1.0.0/VallePrep_v0.0.0/results/data/NA20847/filfa/NA20847_hap1.t2t.filtered.fasta.gz	/home/senescence/Documents/storage2/hiura/docker/bulk_env/data/00_analysis/Repthoscope.v1.0.0/VallePrep_v0.0.0/results/data/NA20847/filfa/NA20847_hap1.t2t.filtered.fasta.gz.fai	/home/senescence/Documents/storage2/hiura/docker/bulk_env/data/00_analysis/Repthoscope.v1.0.0/VallePrep_v0.0.0/results/data/NA20847/centro/NA20847_hap1.t2t.pass.bed	/home/senescence/Documents/storage2/hiura/docker/bulk_env/data/00_analysis/Repthoscope.v1.0.0/VallePrep_v0.0.0/results/data/NA20847/hsat23/NA20847_hap1.HSat2and3_Regions.lifted.bed	/home/senescence/Documents/storage2/hiura/docker/bulk_env/data/00_analysis/Repthoscope.v1.0.0/VallePrep_v0.0.0/results/data/NA20847/hsat23/NA20847_hap1.HSat2and3_Regions.HSat2and3.log	11	59
NA20847	NA20847_hap2	PASS	/home/senescence/Documents/storage2/hiura/docker/bulk_env/data/00_analysis/Repthoscope.v1.0.0/VallePrep_v0.0.0/results/data/NA20847/filfa/NA20847_hap2.t2t.filtered.fasta.gz	/home/senescence/Documents/storage2/hiura/docker/bulk_env/data/00_analysis/Repthoscope.v1.0.0/VallePrep_v0.0.0/results/data/NA20847/filfa/NA20847_hap2.t2t.filtered.fasta.gz.fai	/home/senescence/Documents/storage2/hiura/docker/bulk_env/data/00_analysis/Repthoscope.v1.0.0/VallePrep_v0.0.0/results/data/NA20847/centro/NA20847_hap2.t2t.pass.bed	/home/senescence/Documents/storage2/hiura/docker/bulk_env/data/00_analysis/Repthoscope.v1.0.0/VallePrep_v0.0.0/results/data/NA20847/hsat23/NA20847_hap2.HSat2and3_Regions.lifted.bed	/home/senescence/Documents/storage2/hiura/docker/bulk_env/data/00_analysis/Repthoscope.v1.0.0/VallePrep_v0.0.0/results/data/NA20847/hsat23/NA20847_hap2.HSat2and3_Regions.HSat2and3.log	13	182
NA20850	NA20850_hap1	PASS	/home/senescence/Documents/storage2/hiura/docker/bulk_env/data/00_analysis/Repthoscope.v1.0.0/VallePrep_v0.0.0/results/data/NA20850/filfa/NA20850_hap1.t2t.filtered.fasta.gz	/home/senescence/Documents/storage2/hiura/docker/bulk_env/data/00_analysis/Repthoscope.v1.0.0/VallePrep_v0.0.0/results/data/NA20850/filfa/NA20850_hap1.t2t.filtered.fasta.gz.fai	/home/senescence/Documents/storage2/hiura/docker/bulk_env/data/00_analysis/Repthoscope.v1.0.0/VallePrep_v0.0.0/results/data/NA20850/centro/NA20850_hap1.t2t.pass.bed	/home/senescence/Documents/storage2/hiura/docker/bulk_env/data/00_analysis/Repthoscope.v1.0.0/VallePrep_v0.0.0/results/data/NA20850/hsat23/NA20850_hap1.HSat2and3_Regions.lifted.bed	/home/senescence/Documents/storage2/hiura/docker/bulk_env/data/00_analysis/Repthoscope.v1.0.0/VallePrep_v0.0.0/results/data/NA20850/hsat23/NA20850_hap1.HSat2and3_Regions.HSat2and3.log	14	98
NA20850	NA20850_hap2	PASS	/home/senescence/Documents/storage2/hiura/docker/bulk_env/data/00_analysis/Repthoscope.v1.0.0/VallePrep_v0.0.0/results/data/NA20850/filfa/NA20850_hap2.t2t.filtered.fasta.gz	/home/senescence/Documents/storage2/hiura/docker/bulk_env/data/00_analysis/Repthoscope.v1.0.0/VallePrep_v0.0.0/results/data/NA20850/filfa/NA20850_hap2.t2t.filtered.fasta.gz.fai	/home/senescence/Documents/storage2/hiura/docker/bulk_env/data/00_analysis/Repthoscope.v1.0.0/VallePrep_v0.0.0/results/data/NA20850/centro/NA20850_hap2.t2t.pass.bed	/home/senescence/Documents/storage2/hiura/docker/bulk_env/data/00_analysis/Repthoscope.v1.0.0/VallePrep_v0.0.0/results/data/NA20850/hsat23/NA20850_hap2.HSat2and3_Regions.lifted.bed	/home/senescence/Documents/storage2/hiura/docker/bulk_env/data/00_analysis/Repthoscope.v1.0.0/VallePrep_v0.0.0/results/data/NA20850/hsat23/NA20850_hap2.HSat2and3_Regions.HSat2and3.log	15	105
NA20870	NA20870_hap1	PASS	/home/senescence/Documents/storage2/hiura/docker/bulk_env/data/00_analysis/Repthoscope.v1.0.0/VallePrep_v0.0.0/results/data/NA20870/filfa/NA20870_hap1.t2t.filtered.fasta.gz	/home/senescence/Documents/storage2/hiura/docker/bulk_env/data/00_analysis/Repthoscope.v1.0.0/VallePrep_v0.0.0/results/data/NA20870/filfa/NA20870_hap1.t2t.filtered.fasta.gz.fai	/home/senescence/Documents/storage2/hiura/docker/bulk_env/data/00_analysis/Repthoscope.v1.0.0/VallePrep_v0.0.0/results/data/NA20870/centro/NA20870_hap1.t2t.pass.bed	/home/senescence/Documents/storage2/hiura/docker/bulk_env/data/00_analysis/Repthoscope.v1.0.0/VallePrep_v0.0.0/results/data/NA20870/hsat23/NA20870_hap1.HSat2and3_Regions.lifted.bed	/home/senescence/Documents/storage2/hiura/docker/bulk_env/data/00_analysis/Repthoscope.v1.0.0/VallePrep_v0.0.0/results/data/NA20870/hsat23/NA20870_hap1.HSat2and3_Regions.HSat2and3.log	13	208
NA20870	NA20870_hap2	PASS	/home/senescence/Documents/storage2/hiura/docker/bulk_env/data/00_analysis/Repthoscope.v1.0.0/VallePrep_v0.0.0/results/data/NA20870/filfa/NA20870_hap2.t2t.filtered.fasta.gz	/home/senescence/Documents/storage2/hiura/docker/bulk_env/data/00_analysis/Repthoscope.v1.0.0/VallePrep_v0.0.0/results/data/NA20870/filfa/NA20870_hap2.t2t.filtered.fasta.gz.fai	/home/senescence/Documents/storage2/hiura/docker/bulk_env/data/00_analysis/Repthoscope.v1.0.0/VallePrep_v0.0.0/results/data/NA20870/centro/NA20870_hap2.t2t.pass.bed	/home/senescence/Documents/storage2/hiura/docker/bulk_env/data/00_analysis/Repthoscope.v1.0.0/VallePrep_v0.0.0/results/data/NA20870/hsat23/NA20870_hap2.HSat2and3_Regions.lifted.bed	/home/senescence/Documents/storage2/hiura/docker/bulk_env/data/00_analysis/Repthoscope.v1.0.0/VallePrep_v0.0.0/results/data/NA20870/hsat23/NA20870_hap2.HSat2and3_Regions.HSat2and3.log	14	222
NA20905	NA20905_hap1	PASS	/home/senescence/Documents/storage2/hiura/docker/bulk_env/data/00_analysis/Repthoscope.v1.0.0/VallePrep_v0.0.0/results/data/NA20905/filfa/NA20905_hap1.t2t.filtered.fasta.gz	/home/senescence/Documents/storage2/hiura/docker/bulk_env/data/00_analysis/Repthoscope.v1.0.0/VallePrep_v0.0.0/results/data/NA20905/filfa/NA20905_hap1.t2t.filtered.fasta.gz.fai	/home/senescence/Documents/storage2/hiura/docker/bulk_env/data/00_analysis/Repthoscope.v1.0.0/VallePrep_v0.0.0/results/data/NA20905/centro/NA20905_hap1.t2t.pass.bed	/home/senescence/Documents/storage2/hiura/docker/bulk_env/data/00_analysis/Repthoscope.v1.0.0/VallePrep_v0.0.0/results/data/NA20905/hsat23/NA20905_hap1.HSat2and3_Regions.lifted.bed	/home/senescence/Documents/storage2/hiura/docker/bulk_env/data/00_analysis/Repthoscope.v1.0.0/VallePrep_v0.0.0/results/data/NA20905/hsat23/NA20905_hap1.HSat2and3_Regions.HSat2and3.log	14	279
NA20905	NA20905_hap2	PASS	/home/senescence/Documents/storage2/hiura/docker/bulk_env/data/00_analysis/Repthoscope.v1.0.0/VallePrep_v0.0.0/results/data/NA20905/filfa/NA20905_hap2.t2t.filtered.fasta.gz	/home/senescence/Documents/storage2/hiura/docker/bulk_env/data/00_analysis/Repthoscope.v1.0.0/VallePrep_v0.0.0/results/data/NA20905/filfa/NA20905_hap2.t2t.filtered.fasta.gz.fai	/home/senescence/Documents/storage2/hiura/docker/bulk_env/data/00_analysis/Repthoscope.v1.0.0/VallePrep_v0.0.0/results/data/NA20905/centro/NA20905_hap2.t2t.pass.bed	/home/senescence/Documents/storage2/hiura/docker/bulk_env/data/00_analysis/Repthoscope.v1.0.0/VallePrep_v0.0.0/results/data/NA20905/hsat23/NA20905_hap2.HSat2and3_Regions.lifted.bed	/home/senescence/Documents/storage2/hiura/docker/bulk_env/data/00_analysis/Repthoscope.v1.0.0/VallePrep_v0.0.0/results/data/NA20905/hsat23/NA20905_hap2.HSat2and3_Regions.HSat2and3.log	15	218
NA21093	NA21093_hap1	PASS	/home/senescence/Documents/storage2/hiura/docker/bulk_env/data/00_analysis/Repthoscope.v1.0.0/VallePrep_v0.0.0/results/data/NA21093/filfa/NA21093_hap1.t2t.filtered.fasta.gz	/home/senescence/Documents/storage2/hiura/docker/bulk_env/data/00_analysis/Repthoscope.v1.0.0/VallePrep_v0.0.0/results/data/NA21093/filfa/NA21093_hap1.t2t.filtered.fasta.gz.fai	/home/senescence/Documents/storage2/hiura/docker/bulk_env/data/00_analysis/Repthoscope.v1.0.0/VallePrep_v0.0.0/results/data/NA21093/centro/NA21093_hap1.t2t.pass.bed	/home/senescence/Documents/storage2/hiura/docker/bulk_env/data/00_analysis/Repthoscope.v1.0.0/VallePrep_v0.0.0/results/data/NA21093/hsat23/NA21093_hap1.HSat2and3_Regions.lifted.bed	/home/senescence/Documents/storage2/hiura/docker/bulk_env/data/00_analysis/Repthoscope.v1.0.0/VallePrep_v0.0.0/results/data/NA21093/hsat23/NA21093_hap1.HSat2and3_Regions.HSat2and3.log	11	78
NA21093	NA21093_hap2	PASS	/home/senescence/Documents/storage2/hiura/docker/bulk_env/data/00_analysis/Repthoscope.v1.0.0/VallePrep_v0.0.0/results/data/NA21093/filfa/NA21093_hap2.t2t.filtered.fasta.gz	/home/senescence/Documents/storage2/hiura/docker/bulk_env/data/00_analysis/Repthoscope.v1.0.0/VallePrep_v0.0.0/results/data/NA21093/filfa/NA21093_hap2.t2t.filtered.fasta.gz.fai	/home/senescence/Documents/storage2/hiura/docker/bulk_env/data/00_analysis/Repthoscope.v1.0.0/VallePrep_v0.0.0/results/data/NA21093/centro/NA21093_hap2.t2t.pass.bed	/home/senescence/Documents/storage2/hiura/docker/bulk_env/data/00_analysis/Repthoscope.v1.0.0/VallePrep_v0.0.0/results/data/NA21093/hsat23/NA21093_hap2.HSat2and3_Regions.lifted.bed	/home/senescence/Documents/storage2/hiura/docker/bulk_env/data/00_analysis/Repthoscope.v1.0.0/VallePrep_v0.0.0/results/data/NA21093/hsat23/NA21093_hap2.HSat2and3_Regions.HSat2and3.log	13	85
NA21102	NA21102_hap1	PASS	/home/senescence/Documents/storage2/hiura/docker/bulk_env/data/00_analysis/Repthoscope.v1.0.0/VallePrep_v0.0.0/results/data/NA21102/filfa/NA21102_hap1.t2t.filtered.fasta.gz	/home/senescence/Documents/storage2/hiura/docker/bulk_env/data/00_analysis/Repthoscope.v1.0.0/VallePrep_v0.0.0/results/data/NA21102/filfa/NA21102_hap1.t2t.filtered.fasta.gz.fai	/home/senescence/Documents/storage2/hiura/docker/bulk_env/data/00_analysis/Repthoscope.v1.0.0/VallePrep_v0.0.0/results/data/NA21102/centro/NA21102_hap1.t2t.pass.bed	/home/senescence/Documents/storage2/hiura/docker/bulk_env/data/00_analysis/Repthoscope.v1.0.0/VallePrep_v0.0.0/results/data/NA21102/hsat23/NA21102_hap1.HSat2and3_Regions.lifted.bed	/home/senescence/Documents/storage2/hiura/docker/bulk_env/data/00_analysis/Repthoscope.v1.0.0/VallePrep_v0.0.0/results/data/NA21102/hsat23/NA21102_hap1.HSat2and3_Regions.HSat2and3.log	15	96
NA21102	NA21102_hap2	PASS	/home/senescence/Documents/storage2/hiura/docker/bulk_env/data/00_analysis/Repthoscope.v1.0.0/VallePrep_v0.0.0/results/data/NA21102/filfa/NA21102_hap2.t2t.filtered.fasta.gz	/home/senescence/Documents/storage2/hiura/docker/bulk_env/data/00_analysis/Repthoscope.v1.0.0/VallePrep_v0.0.0/results/data/NA21102/filfa/NA21102_hap2.t2t.filtered.fasta.gz.fai	/home/senescence/Documents/storage2/hiura/docker/bulk_env/data/00_analysis/Repthoscope.v1.0.0/VallePrep_v0.0.0/results/data/NA21102/centro/NA21102_hap2.t2t.pass.bed	/home/senescence/Documents/storage2/hiura/docker/bulk_env/data/00_analysis/Repthoscope.v1.0.0/VallePrep_v0.0.0/results/data/NA21102/hsat23/NA21102_hap2.HSat2and3_Regions.lifted.bed	/home/senescence/Documents/storage2/hiura/docker/bulk_env/data/00_analysis/Repthoscope.v1.0.0/VallePrep_v0.0.0/results/data/NA21102/hsat23/NA21102_hap2.HSat2and3_Regions.HSat2and3.log	15	98
NA21106	NA21106_hap1	PASS	/home/senescence/Documents/storage2/hiura/docker/bulk_env/data/00_analysis/Repthoscope.v1.0.0/VallePrep_v0.0.0/results/data/NA21106/filfa/NA21106_hap1.t2t.filtered.fasta.gz	/home/senescence/Documents/storage2/hiura/docker/bulk_env/data/00_analysis/Repthoscope.v1.0.0/VallePrep_v0.0.0/results/data/NA21106/filfa/NA21106_hap1.t2t.filtered.fasta.gz.fai	/home/senescence/Documents/storage2/hiura/docker/bulk_env/data/00_analysis/Repthoscope.v1.0.0/VallePrep_v0.0.0/results/data/NA21106/centro/NA21106_hap1.t2t.pass.bed	/home/senescence/Documents/storage2/hiura/docker/bulk_env/data/00_analysis/Repthoscope.v1.0.0/VallePrep_v0.0.0/results/data/NA21106/hsat23/NA21106_hap1.HSat2and3_Regions.lifted.bed	/home/senescence/Documents/storage2/hiura/docker/bulk_env/data/00_analysis/Repthoscope.v1.0.0/VallePrep_v0.0.0/results/data/NA21106/hsat23/NA21106_hap1.HSat2and3_Regions.HSat2and3.log	13	176
NA21106	NA21106_hap2	PASS	/home/senescence/Documents/storage2/hiura/docker/bulk_env/data/00_analysis/Repthoscope.v1.0.0/VallePrep_v0.0.0/results/data/NA21106/filfa/NA21106_hap2.t2t.filtered.fasta.gz	/home/senescence/Documents/storage2/hiura/docker/bulk_env/data/00_analysis/Repthoscope.v1.0.0/VallePrep_v0.0.0/results/data/NA21106/filfa/NA21106_hap2.t2t.filtered.fasta.gz.fai	/home/senescence/Documents/storage2/hiura/docker/bulk_env/data/00_analysis/Repthoscope.v1.0.0/VallePrep_v0.0.0/results/data/NA21106/centro/NA21106_hap2.t2t.pass.bed	/home/senescence/Documents/storage2/hiura/docker/bulk_env/data/00_analysis/Repthoscope.v1.0.0/VallePrep_v0.0.0/results/data/NA21106/hsat23/NA21106_hap2.HSat2and3_Regions.lifted.bed	/home/senescence/Documents/storage2/hiura/docker/bulk_env/data/00_analysis/Repthoscope.v1.0.0/VallePrep_v0.0.0/results/data/NA21106/hsat23/NA21106_hap2.HSat2and3_Regions.HSat2and3.log	14	199
NA21110	NA21110_hap1	PASS	/home/senescence/Documents/storage2/hiura/docker/bulk_env/data/00_analysis/Repthoscope.v1.0.0/VallePrep_v0.0.0/results/data/NA21110/filfa/NA21110_hap1.t2t.filtered.fasta.gz	/home/senescence/Documents/storage2/hiura/docker/bulk_env/data/00_analysis/Repthoscope.v1.0.0/VallePrep_v0.0.0/results/data/NA21110/filfa/NA21110_hap1.t2t.filtered.fasta.gz.fai	/home/senescence/Documents/storage2/hiura/docker/bulk_env/data/00_analysis/Repthoscope.v1.0.0/VallePrep_v0.0.0/results/data/NA21110/centro/NA21110_hap1.t2t.pass.bed	/home/senescence/Documents/storage2/hiura/docker/bulk_env/data/00_analysis/Repthoscope.v1.0.0/VallePrep_v0.0.0/results/data/NA21110/hsat23/NA21110_hap1.HSat2and3_Regions.lifted.bed	/home/senescence/Documents/storage2/hiura/docker/bulk_env/data/00_analysis/Repthoscope.v1.0.0/VallePrep_v0.0.0/results/data/NA21110/hsat23/NA21110_hap1.HSat2and3_Regions.HSat2and3.log	16	96
NA21110	NA21110_hap2	PASS	/home/senescence/Documents/storage2/hiura/docker/bulk_env/data/00_analysis/Repthoscope.v1.0.0/VallePrep_v0.0.0/results/data/NA21110/filfa/NA21110_hap2.t2t.filtered.fasta.gz	/home/senescence/Documents/storage2/hiura/docker/bulk_env/data/00_analysis/Repthoscope.v1.0.0/VallePrep_v0.0.0/results/data/NA21110/filfa/NA21110_hap2.t2t.filtered.fasta.gz.fai	/home/senescence/Documents/storage2/hiura/docker/bulk_env/data/00_analysis/Repthoscope.v1.0.0/VallePrep_v0.0.0/results/data/NA21110/centro/NA21110_hap2.t2t.pass.bed	/home/senescence/Documents/storage2/hiura/docker/bulk_env/data/00_analysis/Repthoscope.v1.0.0/VallePrep_v0.0.0/results/data/NA21110/hsat23/NA21110_hap2.HSat2and3_Regions.lifted.bed	/home/senescence/Documents/storage2/hiura/docker/bulk_env/data/00_analysis/Repthoscope.v1.0.0/VallePrep_v0.0.0/results/data/NA21110/hsat23/NA21110_hap2.HSat2and3_Regions.HSat2and3.log	16	72
NA21144	NA21144_hap1	PASS	/home/senescence/Documents/storage2/hiura/docker/bulk_env/data/00_analysis/Repthoscope.v1.0.0/VallePrep_v0.0.0/results/data/NA21144/filfa/NA21144_hap1.t2t.filtered.fasta.gz	/home/senescence/Documents/storage2/hiura/docker/bulk_env/data/00_analysis/Repthoscope.v1.0.0/VallePrep_v0.0.0/results/data/NA21144/filfa/NA21144_hap1.t2t.filtered.fasta.gz.fai	/home/senescence/Documents/storage2/hiura/docker/bulk_env/data/00_analysis/Repthoscope.v1.0.0/VallePrep_v0.0.0/results/data/NA21144/centro/NA21144_hap1.t2t.pass.bed	/home/senescence/Documents/storage2/hiura/docker/bulk_env/data/00_analysis/Repthoscope.v1.0.0/VallePrep_v0.0.0/results/data/NA21144/hsat23/NA21144_hap1.HSat2and3_Regions.lifted.bed	/home/senescence/Documents/storage2/hiura/docker/bulk_env/data/00_analysis/Repthoscope.v1.0.0/VallePrep_v0.0.0/results/data/NA21144/hsat23/NA21144_hap1.HSat2and3_Regions.HSat2and3.log	17	291
NA21144	NA21144_hap2	PASS	/home/senescence/Documents/storage2/hiura/docker/bulk_env/data/00_analysis/Repthoscope.v1.0.0/VallePrep_v0.0.0/results/data/NA21144/filfa/NA21144_hap2.t2t.filtered.fasta.gz	/home/senescence/Documents/storage2/hiura/docker/bulk_env/data/00_analysis/Repthoscope.v1.0.0/VallePrep_v0.0.0/results/data/NA21144/filfa/NA21144_hap2.t2t.filtered.fasta.gz.fai	/home/senescence/Documents/storage2/hiura/docker/bulk_env/data/00_analysis/Repthoscope.v1.0.0/VallePrep_v0.0.0/results/data/NA21144/centro/NA21144_hap2.t2t.pass.bed	/home/senescence/Documents/storage2/hiura/docker/bulk_env/data/00_analysis/Repthoscope.v1.0.0/VallePrep_v0.0.0/results/data/NA21144/hsat23/NA21144_hap2.HSat2and3_Regions.lifted.bed	/home/senescence/Documents/storage2/hiura/docker/bulk_env/data/00_analysis/Repthoscope.v1.0.0/VallePrep_v0.0.0/results/data/NA21144/hsat23/NA21144_hap2.HSat2and3_Regions.HSat2and3.log	16	188
NA21309	NA21309_hap1	PASS	/home/senescence/Documents/storage2/hiura/docker/bulk_env/data/00_analysis/Repthoscope.v1.0.0/VallePrep_v0.0.0/results/data/NA21309/filfa/NA21309_hap1.t2t.filtered.fasta.gz	/home/senescence/Documents/storage2/hiura/docker/bulk_env/data/00_analysis/Repthoscope.v1.0.0/VallePrep_v0.0.0/results/data/NA21309/filfa/NA21309_hap1.t2t.filtered.fasta.gz.fai	/home/senescence/Documents/storage2/hiura/docker/bulk_env/data/00_analysis/Repthoscope.v1.0.0/VallePrep_v0.0.0/results/data/NA21309/centro/NA21309_hap1.t2t.pass.bed	/home/senescence/Documents/storage2/hiura/docker/bulk_env/data/00_analysis/Repthoscope.v1.0.0/VallePrep_v0.0.0/results/data/NA21309/hsat23/NA21309_hap1.HSat2and3_Regions.lifted.bed	/home/senescence/Documents/storage2/hiura/docker/bulk_env/data/00_analysis/Repthoscope.v1.0.0/VallePrep_v0.0.0/results/data/NA21309/hsat23/NA21309_hap1.HSat2and3_Regions.HSat2and3.log	13	329
NA21309	NA21309_hap2	PASS	/home/senescence/Documents/storage2/hiura/docker/bulk_env/data/00_analysis/Repthoscope.v1.0.0/VallePrep_v0.0.0/results/data/NA21309/filfa/NA21309_hap2.t2t.filtered.fasta.gz	/home/senescence/Documents/storage2/hiura/docker/bulk_env/data/00_analysis/Repthoscope.v1.0.0/VallePrep_v0.0.0/results/data/NA21309/filfa/NA21309_hap2.t2t.filtered.fasta.gz.fai	/home/senescence/Documents/storage2/hiura/docker/bulk_env/data/00_analysis/Repthoscope.v1.0.0/VallePrep_v0.0.0/results/data/NA21309/centro/NA21309_hap2.t2t.pass.bed	/home/senescence/Documents/storage2/hiura/docker/bulk_env/data/00_analysis/Repthoscope.v1.0.0/VallePrep_v0.0.0/results/data/NA21309/hsat23/NA21309_hap2.HSat2and3_Regions.lifted.bed	/home/senescence/Documents/storage2/hiura/docker/bulk_env/data/00_analysis/Repthoscope.v1.0.0/VallePrep_v0.0.0/results/data/NA21309/hsat23/NA21309_hap2.HSat2and3_Regions.HSat2and3.log	12	179
NA21487	NA21487_hap1	PASS	/home/senescence/Documents/storage2/hiura/docker/bulk_env/data/00_analysis/Repthoscope.v1.0.0/VallePrep_v0.0.0/results/data/NA21487/filfa/NA21487_hap1.t2t.filtered.fasta.gz	/home/senescence/Documents/storage2/hiura/docker/bulk_env/data/00_analysis/Repthoscope.v1.0.0/VallePrep_v0.0.0/results/data/NA21487/filfa/NA21487_hap1.t2t.filtered.fasta.gz.fai	/home/senescence/Documents/storage2/hiura/docker/bulk_env/data/00_analysis/Repthoscope.v1.0.0/VallePrep_v0.0.0/results/data/NA21487/centro/NA21487_hap1.t2t.pass.bed	/home/senescence/Documents/storage2/hiura/docker/bulk_env/data/00_analysis/Repthoscope.v1.0.0/VallePrep_v0.0.0/results/data/NA21487/hsat23/NA21487_hap1.HSat2and3_Regions.lifted.bed	/home/senescence/Documents/storage2/hiura/docker/bulk_env/data/00_analysis/Repthoscope.v1.0.0/VallePrep_v0.0.0/results/data/NA21487/hsat23/NA21487_hap1.HSat2and3_Regions.HSat2and3.log	13	133
NA21487	NA21487_hap2	PASS	/home/senescence/Documents/storage2/hiura/docker/bulk_env/data/00_analysis/Repthoscope.v1.0.0/VallePrep_v0.0.0/results/data/NA21487/filfa/NA21487_hap2.t2t.filtered.fasta.gz	/home/senescence/Documents/storage2/hiura/docker/bulk_env/data/00_analysis/Repthoscope.v1.0.0/VallePrep_v0.0.0/results/data/NA21487/filfa/NA21487_hap2.t2t.filtered.fasta.gz.fai	/home/senescence/Documents/storage2/hiura/docker/bulk_env/data/00_analysis/Repthoscope.v1.0.0/VallePrep_v0.0.0/results/data/NA21487/centro/NA21487_hap2.t2t.pass.bed	/home/senescence/Documents/storage2/hiura/docker/bulk_env/data/00_analysis/Repthoscope.v1.0.0/VallePrep_v0.0.0/results/data/NA21487/hsat23/NA21487_hap2.HSat2and3_Regions.lifted.bed	/home/senescence/Documents/storage2/hiura/docker/bulk_env/data/00_analysis/Repthoscope.v1.0.0/VallePrep_v0.0.0/results/data/NA21487/hsat23/NA21487_hap2.HSat2and3_Regions.HSat2and3.log	13	269
