query_index	kmer_id	target_family	query_category	group	scope	max_mismatches	in_group_count_ge10_fraction	out_group_count_ge10_fraction	in_group_median_density_per_M	out_group_median_density_per_M	log2_median_density_ratio	passes_group_enrichment_screen	passes_group_specific_screen
0	k16_00c14d34	HSat2	regional_HSat2_G1_group_enriched_exact	G1	core	0	1.0	0.9909365558912386	81.16717046555954	18.172667202365293	2.15906453000189	1	0
0	k16_00c14d34	HSat2	regional_HSat2_G1_group_enriched_exact	G1	all_available	0	1.0	1.0	214.8710216424617	226.3918390185128	-0.07535068279031251	0	0
0	k16_00c14d34	HSat2	regional_HSat2_G1_group_enriched_exact	G1	core	1	1.0	0.9969788519637462	321.5284723902564	360.30531959473484	-0.16427297062090282	0	0
0	k16_00c14d34	HSat2	regional_HSat2_G1_group_enriched_exact	G1	all_available	1	1.0	1.0	286.09380042146233	296.3489462746873	-0.050808518061617174	0	0
0	k16_00c14d34	HSat2	regional_HSat2_G1_group_enriched_exact	G1	core	2	1.0	1.0	381.3984465384847	447.0422392610563	-0.22911162951107075	0	0
0	k16_00c14d34	HSat2	regional_HSat2_G1_group_enriched_exact	G1	all_available	2	1.0	1.0	316.5764043533371	329.69174152666886	-0.058563838077981344	0	0
0	k16_00c14d34	HSat2	regional_HSat2_G1_group_enriched_exact	G2	core	0	0.9285714285714286	1.0	81.38520891035223	21.985500039259822	1.8881663825902006	0	0
0	k16_00c14d34	HSat2	regional_HSat2_G1_group_enriched_exact	G2	all_available	0	1.0	1.0	196.17631365278152	224.74996104143324	-0.19616906977021187	0	0
0	k16_00c14d34	HSat2	regional_HSat2_G1_group_enriched_exact	G2	core	1	0.9761904761904762	1.0	133.33362548290347	356.0100977409541	-1.4168707336986288	0	0
0	k16_00c14d34	HSat2	regional_HSat2_G1_group_enriched_exact	G2	all_available	1	1.0	1.0	262.79961110146246	296.3489462746873	-0.17333316553479977	0	0
0	k16_00c14d34	HSat2	regional_HSat2_G1_group_enriched_exact	G2	core	2	1.0	1.0	184.0941033294394	441.9852898229182	-1.2635503651450177	0	0
0	k16_00c14d34	HSat2	regional_HSat2_G1_group_enriched_exact	G2	all_available	2	1.0	1.0	284.97283018189717	327.4831624645949	-0.20059569856075019	0	0
0	k16_00c14d34	HSat2	regional_HSat2_G1_group_enriched_exact	G3	core	0	1.0	0.985	17.358874633293773	81.28046090189446	-2.227169803236382	0	0
0	k16_00c14d34	HSat2	regional_HSat2_G1_group_enriched_exact	G3	all_available	0	1.0	1.0	226.7227458438019	209.50823129142702	0.11392168659054011	0	0
0	k16_00c14d34	HSat2	regional_HSat2_G1_group_enriched_exact	G3	core	1	1.0	0.995	364.5665111133386	314.82782378160874	0.21161836840965031	0	0
0	k16_00c14d34	HSat2	regional_HSat2_G1_group_enriched_exact	G3	all_available	1	1.0	1.0	301.06952508942953	279.4897962733315	0.10730069920873643	0	0
0	k16_00c14d34	HSat2	regional_HSat2_G1_group_enriched_exact	G3	core	2	1.0	1.0	451.16492192732017	372.6215842999225	0.2759429829633137	0	0
0	k16_00c14d34	HSat2	regional_HSat2_G1_group_enriched_exact	G3	all_available	2	1.0	1.0	336.22349692813987	314.90343692923886	0.0945107566469068	0	0
2	k16_0534d0fa	HSat2	regional_HSat2_G1_group_enriched_exact	G1	core	0	1.0	0.9818731117824774	68.14686153441663	16.456919311724615	2.0498864313400365	1	0
2	k16_0534d0fa	HSat2	regional_HSat2_G1_group_enriched_exact	G1	all_available	0	1.0	0.9939577039274925	213.12103818809345	221.8291839676386	-0.05777589857180938	0	0
2	k16_0534d0fa	HSat2	regional_HSat2_G1_group_enriched_exact	G1	core	1	1.0	1.0	336.33765146517703	290.56338849107993	0.21105668303783143	0	0
2	k16_0534d0fa	HSat2	regional_HSat2_G1_group_enriched_exact	G1	all_available	1	1.0	1.0	288.312733194007	294.0196940730548	-0.028278141819659576	0	0
2	k16_0534d0fa	HSat2	regional_HSat2_G1_group_enriched_exact	G1	core	2	1.0	1.0	3266.6466577066485	3962.1992400037934	-0.2784909390433096	0	0
2	k16_0534d0fa	HSat2	regional_HSat2_G1_group_enriched_exact	G1	all_available	2	1.0	1.0	2129.3638137535527	2207.0498319730627	-0.05169671670007305	0	0
2	k16_0534d0fa	HSat2	regional_HSat2_G1_group_enriched_exact	G2	core	0	0.9285714285714286	0.9932885906040269	71.24644905403221	19.993235621947907	1.8332542327050123	0	0
2	k16_0534d0fa	HSat2	regional_HSat2_G1_group_enriched_exact	G2	all_available	0	1.0	0.9955257270693513	198.92991324210863	219.02723702763438	-0.13884938955810505	0	0
2	k16_0534d0fa	HSat2	regional_HSat2_G1_group_enriched_exact	G2	core	1	1.0	1.0	165.66980931754063	298.0613093161388	-0.8472945281007719	0	0
2	k16_0534d0fa	HSat2	regional_HSat2_G1_group_enriched_exact	G2	all_available	1	1.0	1.0	266.596250204851	295.0625652237513	-0.14636388623857538	0	0
2	k16_0534d0fa	HSat2	regional_HSat2_G1_group_enriched_exact	G2	core	2	1.0	1.0	2502.4693792152666	3908.4876674331977	-0.6432578621860309	0	0
2	k16_0534d0fa	HSat2	regional_HSat2_G1_group_enriched_exact	G2	all_available	2	1.0	1.0	2079.025213147076	2191.6139651644435	-0.07608641169554596	0	0
2	k16_0534d0fa	HSat2	regional_HSat2_G1_group_enriched_exact	G3	core	0	0.9896193771626297	0.985	15.531624671894429	68.22969787375041	-2.135119338423118	0	0
2	k16_0534d0fa	HSat2	regional_HSat2_G1_group_enriched_exact	G3	all_available	0	0.9930795847750865	1.0	222.68783663487025	211.28501757978373	0.07583194159695926	0	0
2	k16_0534d0fa	HSat2	regional_HSat2_G1_group_enriched_exact	G3	core	1	1.0	1.0	291.112200560311	328.6800011463264	-0.17510780615232355	0	0
2	k16_0534d0fa	HSat2	regional_HSat2_G1_group_enriched_exact	G3	all_available	1	1.0	1.0	296.7881725424695	285.0417996437185	0.05825990197491552	0	0
2	k16_0534d0fa	HSat2	regional_HSat2_G1_group_enriched_exact	G3	core	2	1.0	1.0	3982.602574169204	3235.160180060091	0.29987429089428913	0	0
2	k16_0534d0fa	HSat2	regional_HSat2_G1_group_enriched_exact	G3	all_available	2	1.0	1.0	2227.5686501273644	2112.8678340264814	0.07626733348094834	0	0
4	k16_0b34d83a	HSat2	G3_specific	G1	core	0	0.0	0.9154078549848943	0.0	30.37395005432264	-14.89059441603938	0	0
4	k16_0b34d83a	HSat2	G3_specific	G1	all_available	0	0.6139240506329114	0.9607250755287009	1.0891917905958883	3.9734247571503913	-1.866164103803799	0	0
4	k16_0b34d83a	HSat2	G3_specific	G1	core	1	1.0	1.0	471.02313099646904	640.9801697828274	-0.44448100284311204	0	0
4	k16_0b34d83a	HSat2	G3_specific	G1	all_available	1	1.0	1.0	459.81795957974884	488.7406294929583	-0.08800604059564501	0	0
4	k16_0b34d83a	HSat2	G3_specific	G1	core	2	1.0	1.0	4366.377035413801	4642.776615964425	-0.08855113660090846	0	0
4	k16_0b34d83a	HSat2	G3_specific	G1	all_available	2	1.0	1.0	4267.667269764719	4315.484257905826	-0.01607475507380028	0	0
4	k16_0b34d83a	HSat2	G3_specific	G2	core	0	0.42857142857142855	0.6375838926174496	10.468605362525052	25.99957145533946	-1.3123362690994624	0	0
4	k16_0b34d83a	HSat2	G3_specific	G2	all_available	0	0.7142857142857143	0.8612975391498882	3.065981744907822	3.3879058536835207	-0.14399997872751785	0	0
4	k16_0b34d83a	HSat2	G3_specific	G2	core	1	1.0	1.0	248.24670777385757	627.2552193678116	-1.3372744737974835	0	0
4	k16_0b34d83a	HSat2	G3_specific	G2	all_available	1	1.0	1.0	415.78391620630555	487.02153424946033	-0.2281511052789948	0	0
4	k16_0b34d83a	HSat2	G3_specific	G2	core	2	1.0	1.0	4254.316428657269	4621.1758073790925	-0.11933260688237111	0	0
4	k16_0b34d83a	HSat2	G3_specific	G2	all_available	2	1.0	1.0	4201.913427217226	4311.201221218549	-0.037043453593639364	0	0
4	k16_0b34d83a	HSat2	G3_specific	G3	core	0	0.986159169550173	0.09	30.4754706745974	0.0	14.895408220862675	1	1
4	k16_0b34d83a	HSat2	G3_specific	G3	all_available	0	0.9965397923875432	0.635	4.159358145364094	1.3386225634087743	1.634881147606876	0	0
4	k16_0b34d83a	HSat2	G3_specific	G3	core	1	1.0	1.0	645.666175571737	459.7493367006438	0.4899400540150503	0	0
4	k16_0b34d83a	HSat2	G3_specific	G3	all_available	1	1.0	1.0	491.10664652481586	453.93151610657196	0.11356145025901712	0	0
4	k16_0b34d83a	HSat2	G3_specific	G3	core	2	1.0	1.0	4649.028265479957	4354.292011524172	0.09449101416583804	0	0
4	k16_0b34d83a	HSat2	G3_specific	G3	all_available	2	1.0	1.0	4328.997528249035	4265.293307497019	0.021388018393596255	0	0
5	k16_0d340683	HSat2	regional_HSat2_G1_group_specific_exact	G1	core	0	0.8354430379746836	0.006042296072507553	25.72053575562991	5.323226300996509	2.2723329862265587	1	1
5	k16_0d340683	HSat2	regional_HSat2_G1_group_specific_exact	G1	all_available	0	1.0	0.9879154078549849	33.371353919646765	29.13617733801574	0.19579232744053235	0	0
5	k16_0d340683	HSat2	regional_HSat2_G1_group_specific_exact	G1	core	1	1.0	1.0	810.3511056284526	711.785342984748	0.18710465663752895	0	0
5	k16_0d340683	HSat2	regional_HSat2_G1_group_specific_exact	G1	all_available	1	1.0	1.0	721.2423119464843	684.7142204746096	0.07498195345239651	0	0
5	k16_0d340683	HSat2	regional_HSat2_G1_group_specific_exact	G1	core	2	1.0	1.0	6569.882042190011	6653.734159157212	-0.018296755537091338	0	0
5	k16_0d340683	HSat2	regional_HSat2_G1_group_specific_exact	G1	all_available	2	1.0	1.0	5526.21709557461	5574.293028498964	-0.012496602482255965	0	0
5	k16_0d340683	HSat2	regional_HSat2_G1_group_specific_exact	G2	core	0	0.0	0.29977628635346754	9.696864998662027	5.982481584639722	0.6966819865384246	0	0
5	k16_0d340683	HSat2	regional_HSat2_G1_group_specific_exact	G2	all_available	0	0.9761904761904762	0.9932885906040269	30.659824703285288	30.21053957418012	0.021296797187182734	0	0
5	k16_0d340683	HSat2	regional_HSat2_G1_group_specific_exact	G2	core	1	1.0	1.0	957.9034238532088	720.1767721760328	0.41152864402729306	0	0
5	k16_0d340683	HSat2	regional_HSat2_G1_group_specific_exact	G2	all_available	1	1.0	1.0	748.2271331082322	689.7233216008032	0.11745837060231747	0	0
5	k16_0d340683	HSat2	regional_HSat2_G1_group_specific_exact	G2	core	2	1.0	1.0	6476.537024990932	6645.823218904957	-0.037225294934981244	0	0
5	k16_0d340683	HSat2	regional_HSat2_G1_group_specific_exact	G2	all_available	2	1.0	1.0	5552.144186387923	5561.959106520938	-0.0025481025976329097	0	0
5	k16_0d340683	HSat2	regional_HSat2_G1_group_specific_exact	G3	core	0	0.006920415224913495	0.66	5.057777886961554	24.352404876065755	-2.2672626891609555	0	0
5	k16_0d340683	HSat2	regional_HSat2_G1_group_specific_exact	G3	all_available	0	0.9896193771626297	0.995	28.98554425786153	33.18103833933712	-0.1950191651013779	0	0
5	k16_0d340683	HSat2	regional_HSat2_G1_group_specific_exact	G3	core	1	1.0	1.0	709.7839477335201	813.5769935538219	-0.19689867652929136	0	0
5	k16_0d340683	HSat2	regional_HSat2_G1_group_specific_exact	G3	all_available	1	1.0	1.0	680.6966117788397	725.0561686599247	-0.09108070388379917	0	0
5	k16_0d340683	HSat2	regional_HSat2_G1_group_specific_exact	G3	core	2	1.0	1.0	6663.454448081703	6554.447569247713	0.023796094858069817	0	0
5	k16_0d340683	HSat2	regional_HSat2_G1_group_specific_exact	G3	all_available	2	1.0	1.0	5577.161185929243	5530.452269322852	0.012133498828912634	0	0
6	k16_0d34d43a	HSat2	pan	G1	core	0	1.0	1.0	276.57880740896286	412.9738875359475	-0.5783582241289927	0	0
6	k16_0d34d43a	HSat2	pan	G1	all_available	0	1.0	1.0	87.69653574032063	108.10704667416924	-0.30186570012935315	0	0
6	k16_0d34d43a	HSat2	pan	G1	core	1	1.0	1.0	5341.352286353795	5670.460940612971	-0.08626095846479676	0	0
6	k16_0d34d43a	HSat2	pan	G1	all_available	1	1.0	1.0	4376.961467445777	4466.096875579162	-0.029084855619262568	0	0
6	k16_0d34d43a	HSat2	pan	G1	core	2	1.0	1.0	12641.86011673962	13208.423155837896	-0.06324948403270658	0	0
6	k16_0d34d43a	HSat2	pan	G1	all_available	2	1.0	1.0	11809.595842494808	11905.475902244234	-0.011665697682476724	0	0
6	k16_0d34d43a	HSat2	pan	G2	core	0	1.0	1.0	187.69559946790383	400.13698053155036	-1.0920950609097269	0	0
6	k16_0d34d43a	HSat2	pan	G2	all_available	0	1.0	1.0	77.80570354392964	106.09652118977057	-0.44742458716873057	0	0
6	k16_0d34d43a	HSat2	pan	G2	core	1	1.0	1.0	5050.172779829416	5645.845373500051	-0.1608568400060347	0	0
6	k16_0d34d43a	HSat2	pan	G2	all_available	1	1.0	1.0	4319.724413300177	4446.778425174769	-0.04182123479165912	0	0
6	k16_0d34d43a	HSat2	pan	G2	core	2	1.0	1.0	12322.897223594671	13154.776119269494	-0.09424520167837577	0	0
6	k16_0d34d43a	HSat2	pan	G2	all_available	2	1.0	1.0	11728.572809102432	11897.825043160952	-0.02067039729807953	0	0
6	k16_0d34d43a	HSat2	pan	G3	core	0	1.0	1.0	415.87715826946743	275.1195133055162	0.5960972046055658	0	0
6	k16_0d34d43a	HSat2	pan	G3	all_available	0	1.0	1.0	115.3701797797314	84.96492555389403	0.4413265886924459	0	0
6	k16_0d34d43a	HSat2	pan	G3	core	1	1.0	1.0	5680.1474428088695	5299.389715357386	0.1001021342244209	0	0
6	k16_0d34d43a	HSat2	pan	G3	all_available	1	1.0	1.0	4479.620849876237	4372.423482072645	0.03494348441730821	0	0
6	k16_0d34d43a	HSat2	pan	G3	core	2	1.0	1.0	13222.416604939395	12604.363369107068	0.0690626195562228	0	0
6	k16_0d34d43a	HSat2	pan	G3	all_available	2	1.0	1.0	11942.454013338192	11793.740052069197	0.018078019004570713	0	0
7	k16_0d83a0b3	HSat2	G3_specific	G1	core	0	0.0	0.9154078549848943	0.0	32.715795431402746	-14.997743824600654	0	0
7	k16_0d83a0b3	HSat2	G3_specific	G1	all_available	0	0.6455696202531646	0.9607250755287009	1.9399588749229628	4.807871040168002	-1.3089286873554045	0	0
7	k16_0d83a0b3	HSat2	G3_specific	G1	core	1	1.0	1.0	929.226024326443	1139.0058637709283	-0.293673423724359	0	0
7	k16_0d83a0b3	HSat2	G3_specific	G1	all_available	1	1.0	1.0	1078.697714895844	1145.954923762641	-0.08725958534620053	0	0
7	k16_0d83a0b3	HSat2	G3_specific	G1	core	2	1.0	1.0	6166.8578310463145	6853.609243026647	-0.15232832860438322	0	0
7	k16_0d83a0b3	HSat2	G3_specific	G1	all_available	2	1.0	1.0	6372.940286977567	6456.6162657238	-0.01881914032266701	0	0
7	k16_0d83a0b3	HSat2	G3_specific	G2	core	0	0.42857142857142855	0.6375838926174496	18.204214925122145	28.17904822735723	-0.6303223077858642	0	0
7	k16_0d83a0b3	HSat2	G3_specific	G2	all_available	0	0.7142857142857143	0.87248322147651	3.836594994468634	4.280247416135017	-0.15782874936239746	0	0
7	k16_0d83a0b3	HSat2	G3_specific	G2	core	1	1.0	1.0	436.6862645253392	1118.0481178652597	-1.356311207378904	0	0
7	k16_0d83a0b3	HSat2	G3_specific	G2	all_available	1	1.0	1.0	1008.5178260255641	1136.9263232703004	-0.1729020196123173	0	0
7	k16_0d83a0b3	HSat2	G3_specific	G2	core	2	1.0	1.0	5128.6787005002925	6785.219530123548	-0.4038082321790792	0	0
7	k16_0d83a0b3	HSat2	G3_specific	G2	all_available	2	1.0	1.0	6308.546692930689	6447.211855330287	-0.03136769810600037	0	0
7	k16_0d83a0b3	HSat2	G3_specific	G3	core	0	0.986159169550173	0.09	32.79183089908642	0.0	15.001092829855706	1	1
7	k16_0d83a0b3	HSat2	G3_specific	G3	all_available	0	0.9965397923875432	0.66	5.065115296453836	2.091371552649506	1.275740850043211	0	0
7	k16_0d83a0b3	HSat2	G3_specific	G3	core	1	1.0	1.0	1150.2538507008876	891.5343014267537	0.36758971103229066	0	0
7	k16_0d83a0b3	HSat2	G3_specific	G3	all_available	1	1.0	1.0	1153.0561756115555	1071.437221913723	0.10591538436888291	0	0
7	k16_0d83a0b3	HSat2	G3_specific	G3	core	2	1.0	1.0	6881.509407102166	6129.672219349671	0.16691508947922398	0	0
7	k16_0d83a0b3	HSat2	G3_specific	G3	all_available	2	1.0	1.0	6493.903526426544	6352.520553438995	0.03175680903560373	0	0
13	k16_238f53da	HSat2	chromosome_HSat2_chr1	G1	core	0	0.7531645569620253	0.6525679758308157	13.979298106850594	8.167385668851715	0.7752722346170964	0	0
13	k16_238f53da	HSat2	chromosome_HSat2_chr1	G1	all_available	0	0.9873417721518988	1.0	366.9818829818536	388.6493830536365	-0.08276016449991774	0	0
13	k16_238f53da	HSat2	chromosome_HSat2_chr1	G1	core	1	1.0	1.0	1185.106458321768	1394.9617948897537	-0.2352087645400888	0	0
13	k16_238f53da	HSat2	chromosome_HSat2_chr1	G1	all_available	1	1.0	1.0	1414.730521778848	1483.3763146949213	-0.06835731706256241	0	0
13	k16_238f53da	HSat2	chromosome_HSat2_chr1	G1	core	2	1.0	1.0	7440.581929543359	7591.198948110054	-0.028912298690830195	0	0
13	k16_238f53da	HSat2	chromosome_HSat2_chr1	G1	all_available	2	1.0	1.0	7959.556943180852	7957.818166553476	0.0003151931892061602	0	0
13	k16_238f53da	HSat2	chromosome_HSat2_chr1	G2	core	0	0.5952380952380952	0.6935123042505593	20.303703503870018	8.88945518010777	1.19148477046874	0	0
13	k16_238f53da	HSat2	chromosome_HSat2_chr1	G2	all_available	0	1.0	0.9955257270693513	348.35285215220824	386.9825107731359	-0.15171857803660987	0	0
13	k16_238f53da	HSat2	chromosome_HSat2_chr1	G2	core	1	1.0	1.0	742.9181049857973	1379.0136566562064	-0.8923607582314037	0	0
13	k16_238f53da	HSat2	chromosome_HSat2_chr1	G2	all_available	1	1.0	1.0	1407.4314656400302	1478.6996728976742	-0.07126434579210046	0	0
13	k16_238f53da	HSat2	chromosome_HSat2_chr1	G2	core	2	1.0	1.0	7014.462327008525	7576.480812722825	-0.11119535110793692	0	0
13	k16_238f53da	HSat2	chromosome_HSat2_chr1	G2	all_available	2	1.0	1.0	7897.014564072935	7960.67525615699	-0.011583458576675221	0	0
13	k16_238f53da	HSat2	chromosome_HSat2_chr1	G3	core	0	0.6608996539792388	0.72	7.788623002607632	14.137853122885264	-0.8600396878522855	0	0
13	k16_238f53da	HSat2	chromosome_HSat2_chr1	G3	all_available	0	1.0	0.99	397.1874320237609	357.2777790270817	0.15277337950072126	0	0
13	k16_238f53da	HSat2	chromosome_HSat2_chr1	G3	core	1	1.0	1.0	1404.3889150736147	1170.243935960488	0.2631330193314066	0	0
13	k16_238f53da	HSat2	chromosome_HSat2_chr1	G3	all_available	1	1.0	1.0	1492.3412241734031	1414.730521778848	0.07705011852294526	0	0
13	k16_238f53da	HSat2	chromosome_HSat2_chr1	G3	core	2	1.0	1.0	7603.810434992126	7415.45361364647	0.03618761379770075	0	0
13	k16_238f53da	HSat2	chromosome_HSat2_chr1	G3	all_available	2	1.0	1.0	7961.810705930449	7956.363143479695	0.0009874462644208933	0	0
15	k16_2d0f4f63	HSat2	chromosome	G1	core	0	0.0	0.0	2.0890268582830482	0.0	11.029305766711206	0	0
15	k16_2d0f4f63	HSat2	chromosome	G1	all_available	0	0.6455696202531646	0.6374622356495468	15.226509372555826	19.51839345835846	-0.3582282311836507	0	0
15	k16_2d0f4f63	HSat2	chromosome	G1	core	1	1.0	1.0	476.47493933498424	743.488852662656	-0.6419096881227577	0	0
15	k16_2d0f4f63	HSat2	chromosome	G1	all_available	1	1.0	1.0	489.4408847035384	535.3051318891308	-0.12922661127065974	0	0
15	k16_2d0f4f63	HSat2	chromosome	G1	core	2	1.0	1.0	640.0964658289396	816.0240443008008	-0.3503218331287632	0	0
15	k16_2d0f4f63	HSat2	chromosome	G1	all_available	2	1.0	1.0	663.4835759799379	720.2846678129946	-0.11850627027729775	0	0
15	k16_2d0f4f63	HSat2	chromosome	G2	core	0	0.0	0.0	0.0	0.0	0.0	0	0
15	k16_2d0f4f63	HSat2	chromosome	G2	all_available	0	0.5952380952380952	0.6442953020134228	13.472401825650415	18.726716137490452	-0.4750608173123497	0	0
15	k16_2d0f4f63	HSat2	chromosome	G2	core	1	1.0	1.0	154.8002109170224	719.2068325520859	-2.2159919757823117	0	0
15	k16_2d0f4f63	HSat2	chromosome	G2	all_available	1	1.0	1.0	463.2930909052724	529.6286784833001	-0.1930556860881024	0	0
15	k16_2d0f4f63	HSat2	chromosome	G2	core	2	1.0	1.0	272.5813318449032	802.6120644082123	-1.5580125865269674	0	0
15	k16_2d0f4f63	HSat2	chromosome	G2	all_available	2	1.0	1.0	660.8744857988399	710.5456525094795	-0.10455089379814567	0	0
15	k16_2d0f4f63	HSat2	chromosome	G3	core	0	0.0	0.0	0.0	1.7087878157520233	-10.739601582781413	0	0
15	k16_2d0f4f63	HSat2	chromosome	G3	all_available	0	0.643598615916955	0.635	20.339097679015723	15.165207580561635	0.42346623305328496	0	0
15	k16_2d0f4f63	HSat2	chromosome	G3	core	1	1.0	1.0	751.0041716305407	467.6004054555083	0.6835435764318972	0	0
15	k16_2d0f4f63	HSat2	chromosome	G3	all_available	1	1.0	1.0	545.1933955525642	488.02549997130217	0.1598112430666462	0	0
15	k16_2d0f4f63	HSat2	chromosome	G3	core	2	1.0	1.0	825.2727961171732	629.25232639354	0.39123189515770673	0	0
15	k16_2d0f4f63	HSat2	chromosome	G3	all_available	2	1.0	1.0	724.1719680235341	663.4835759799379	0.12627139713678068	0	0
18	k16_34d83a51	HSat2	chromosome_HSat2_chr10	G1	core	0	1.0	0.9969788519637462	188.95655131217592	233.49469531712538	-0.30533377874103407	0	0
18	k16_34d83a51	HSat2	chromosome_HSat2_chr10	G1	all_available	0	1.0	1.0	9.456697846406012	16.604392309137992	-0.81209085093325	0	0
18	k16_34d83a51	HSat2	chromosome_HSat2_chr10	G1	core	1	1.0	1.0	520.414064901461	808.6628342689949	-0.6358773659087268	0	0
18	k16_34d83a51	HSat2	chromosome_HSat2_chr10	G1	all_available	1	1.0	1.0	135.87190775346176	164.30863756693824	-0.2741592839133348	0	0
18	k16_34d83a51	HSat2	chromosome_HSat2_chr10	G1	core	2	1.0	1.0	3510.0776583418033	4484.355099652335	-0.3533974854674316	0	0
18	k16_34d83a51	HSat2	chromosome_HSat2_chr10	G1	all_available	2	1.0	1.0	3362.27864164769	3502.8611755042307	-0.059094505739562125	0	0
18	k16_34d83a51	HSat2	chromosome_HSat2_chr10	G2	core	0	0.9761904761904762	1.0	67.32170531287431	226.18706888527183	-1.748357774549248	0	0
18	k16_34d83a51	HSat2	chromosome_HSat2_chr10	G2	all_available	0	1.0	1.0	4.443532100214245	14.898116555348558	-1.745123336572824	0	0
18	k16_34d83a51	HSat2	chromosome_HSat2_chr10	G2	core	1	1.0	1.0	291.39819919207343	777.8136053383612	-1.4164294124233887	0	0
18	k16_34d83a51	HSat2	chromosome_HSat2_chr10	G2	all_available	1	1.0	1.0	127.49410804226162	156.54092210881083	-0.29610717203841586	0	0
18	k16_34d83a51	HSat2	chromosome_HSat2_chr10	G2	core	2	1.0	1.0	2586.027498039529	4392.098982913663	-0.764172722866294	0	0
18	k16_34d83a51	HSat2	chromosome_HSat2_chr10	G2	all_available	2	1.0	1.0	3281.108364495536	3454.5832637024214	-0.07432842034774166	0	0
18	k16_34d83a51	HSat2	chromosome_HSat2_chr10	G3	core	0	1.0	0.995	236.96056447849062	186.36029784853167	0.3465507880555695	0	0
18	k16_34d83a51	HSat2	chromosome_HSat2_chr10	G3	all_available	0	1.0	1.0	18.041386340884383	8.795703050806726	1.036355349344493	0	0
18	k16_34d83a51	HSat2	chromosome_HSat2_chr10	G3	core	1	1.0	1.0	816.6699855184421	501.5572363963729	0.7033377496727591	0	0
18	k16_34d83a51	HSat2	chromosome_HSat2_chr10	G3	all_available	1	1.0	1.0	167.70372103708794	135.1106751176041	0.311770958036782	0	0
18	k16_34d83a51	HSat2	chromosome_HSat2_chr10	G3	core	2	1.0	1.0	4507.415504272197	3460.6991523181464	0.38123682075328785	0	0
18	k16_34d83a51	HSat2	chromosome_HSat2_chr10	G3	all_available	2	1.0	1.0	3526.262948679091	3354.465913469099	0.07205695377746552	0	0
19	k16_360e8045	HSat2	chromosome	G1	core	0	1.0	1.0	84.75316131276037	54.3175900108306	0.6418381733998652	0	0
19	k16_360e8045	HSat2	chromosome	G1	all_available	0	1.0	1.0	138.99433579040158	145.24395727675892	-0.06345160409804622	0	0
19	k16_360e8045	HSat2	chromosome	G1	core	1	1.0	1.0	601.440042063361	796.0991960959097	-0.4045266977214395	0	0
19	k16_360e8045	HSat2	chromosome	G1	all_available	1	1.0	1.0	548.3645692893417	592.8176560747553	-0.11245285994539289	0	0
19	k16_360e8045	HSat2	chromosome	G1	core	2	1.0	1.0	4492.036443748126	4665.923209890231	-0.05479291986022924	0	0
19	k16_360e8045	HSat2	chromosome	G1	all_available	2	1.0	1.0	5097.996962530544	5094.727246786549	0.00092560179757912	0	0
19	k16_360e8045	HSat2	chromosome	G2	core	0	1.0	1.0	101.81631804598399	56.557780371056744	0.8481600539741516	0	0
19	k16_360e8045	HSat2	chromosome	G2	all_available	0	1.0	1.0	147.33965252420896	139.6434325454437	0.07739748072343515	0	0
19	k16_360e8045	HSat2	chromosome	G2	core	1	1.0	1.0	427.7977145447136	779.6110449622952	-0.8658242328451619	0	0
19	k16_360e8045	HSat2	chromosome	G2	all_available	1	1.0	1.0	525.0217027104796	588.7085811083266	-0.16517629909632714	0	0
19	k16_360e8045	HSat2	chromosome	G2	core	2	1.0	1.0	4398.233419904365	4646.96143482611	-0.07936348249639424	0	0
19	k16_360e8045	HSat2	chromosome	G2	all_available	2	1.0	1.0	5060.835483117497	5095.762453358082	-0.009922447611093845	0	0
19	k16_360e8045	HSat2	chromosome	G3	core	0	1.0	1.0	53.56218271845931	88.02967348139927	-0.7167646172241849	0	0
19	k16_360e8045	HSat2	chromosome	G3	all_available	0	1.0	1.0	140.84809390690708	141.85363197450243	-0.010262976879660768	0	0
19	k16_360e8045	HSat2	chromosome	G3	core	1	1.0	1.0	801.4493069683252	600.352562462611	0.41680068209943655	0	0
19	k16_360e8045	HSat2	chromosome	G3	all_available	1	1.0	1.0	604.4996930367056	544.1955351837007	0.15161622227185934	0	0
19	k16_360e8045	HSat2	chromosome	G3	core	2	1.0	1.0	4671.100355787496	4477.512182073035	0.06106507016352195	0	0
19	k16_360e8045	HSat2	chromosome	G3	all_available	2	1.0	1.0	5095.762453358082	5080.3883952398055	0.004359229781804804	0	0
20	k16_360e8560	HSat2	chromosome_HSat2_chr1	G1	core	0	0.9936708860759493	0.9697885196374623	40.123261880306906	106.27517856701515	-1.4052715000700893	0	0
20	k16_360e8560	HSat2	chromosome_HSat2_chr1	G1	all_available	0	1.0	1.0	383.0854909906342	410.33953064944717	-0.09915150884609134	0	0
20	k16_360e8560	HSat2	chromosome_HSat2_chr1	G1	core	1	1.0	1.0	1715.0439483572545	2001.5086246372057	-0.2228421657823046	0	0
20	k16_360e8560	HSat2	chromosome_HSat2_chr1	G1	all_available	1	1.0	1.0	2031.2692937430702	2061.5678194189068	-0.02136039558091633	0	0
20	k16_360e8560	HSat2	chromosome_HSat2_chr1	G1	core	2	1.0	1.0	7559.17942960847	8506.705696636318	-0.17037088701220454	0	0
20	k16_360e8560	HSat2	chromosome_HSat2_chr1	G1	all_available	2	1.0	1.0	8505.239163639759	8638.443966887637	-0.022419657735888512	0	0
20	k16_360e8560	HSat2	chromosome_HSat2_chr1	G2	core	0	0.7619047619047619	0.9977628635346756	23.554362065681367	99.32494827944136	-2.0761151543912577	0	0
20	k16_360e8560	HSat2	chromosome_HSat2_chr1	G2	all_available	0	1.0	1.0	370.37100604057207	406.13038942196783	-0.13297147680546034	0	0
20	k16_360e8560	HSat2	chromosome_HSat2_chr1	G2	core	1	1.0	1.0	1395.464785922808	1984.9328000731575	-0.5083441397658276	0	0
20	k16_360e8560	HSat2	chromosome_HSat2_chr1	G2	all_available	1	1.0	1.0	2049.8080352200777	2045.9574806577095	0.0027126430330354934	0	0
20	k16_360e8560	HSat2	chromosome_HSat2_chr1	G2	core	2	1.0	1.0	7029.525564187441	8428.004468460893	-0.2617637226059235	0	0
20	k16_360e8560	HSat2	chromosome_HSat2_chr1	G2	all_available	2	1.0	1.0	8395.171261857191	8613.89841975395	-0.03710654968920326	0	0
20	k16_360e8560	HSat2	chromosome_HSat2_chr1	G3	core	0	1.0	0.945	108.7545971012091	37.623551765073145	1.5313433513598211	0	0
20	k16_360e8560	HSat2	chromosome_HSat2_chr1	G3	all_available	0	1.0	1.0	411.6408542175285	380.77572783744415	0.11244437030138502	0	0
20	k16_360e8560	HSat2	chromosome_HSat2_chr1	G3	core	1	1.0	1.0	2008.2760827726804	1696.8407406481545	0.2431063169137061	0	0
20	k16_360e8560	HSat2	chromosome_HSat2_chr1	G3	all_available	1	1.0	1.0	2061.5678194189068	2032.9113840647512	0.020194583962442447	0	0
20	k16_360e8560	HSat2	chromosome_HSat2_chr1	G3	core	2	1.0	1.0	8527.770266239064	7527.714440545102	0.17995664937058065	0	0
20	k16_360e8560	HSat2	chromosome_HSat2_chr1	G3	all_available	2	1.0	1.0	8652.800446830932	8491.610475710537	0.02712893412745411	0	0
25	k16_3dab53d8	HSat2	pan_HSat2	G1	core	0	1.0	1.0	43.41524534750402	103.73895008554649	-1.2566647089869865	0	0
25	k16_3dab53d8	HSat2	pan_HSat2	G1	all_available	0	1.0	1.0	384.841705493253	410.73061989818643	-0.09392711452313683	0	0
25	k16_3dab53d8	HSat2	pan_HSat2	G1	core	1	1.0	1.0	1595.9357255727132	1798.501716714087	-0.17239288485554377	0	0
25	k16_3dab53d8	HSat2	pan_HSat2	G1	all_available	1	1.0	1.0	2180.0440946258223	2182.079397302663	-0.0013462800632857309	0	0
25	k16_3dab53d8	HSat2	pan_HSat2	G1	core	2	1.0	1.0	7181.571118779624	7892.737319476742	-0.13622621889249584	0	0
25	k16_3dab53d8	HSat2	pan_HSat2	G1	all_available	2	1.0	1.0	7759.40693686689	7835.916314546906	-0.014155599006019157	0	0
25	k16_3dab53d8	HSat2	pan_HSat2	G2	core	0	1.0	1.0	28.926765699128474	97.1154948209444	-1.747261454250308	0	0
25	k16_3dab53d8	HSat2	pan_HSat2	G2	all_available	0	1.0	1.0	371.1176197681335	406.2715944967371	-0.1305676637233167	0	0
25	k16_3dab53d8	HSat2	pan_HSat2	G2	core	1	1.0	1.0	1330.977351284363	1787.0527133545227	-0.42509589239647994	0	0
25	k16_3dab53d8	HSat2	pan_HSat2	G2	all_available	1	1.0	1.0	2152.5291946202833	2187.3431133995214	-0.023146728133454936	0	0
25	k16_3dab53d8	HSat2	pan_HSat2	G2	core	2	1.0	1.0	6767.746986711552	7835.089702028665	-0.21127412873164944	0	0
25	k16_3dab53d8	HSat2	pan_HSat2	G2	all_available	2	1.0	1.0	7651.38912687278	7826.175588443632	-0.03258577865647551	0	0
25	k16_3dab53d8	HSat2	pan_HSat2	G3	core	0	1.0	1.0	105.74562229646446	40.78367727895153	1.3745124407851448	0	0
25	k16_3dab53d8	HSat2	pan_HSat2	G3	all_available	0	1.0	1.0	411.5538304336245	383.48335688149234	0.10191692172910735	0	0
25	k16_3dab53d8	HSat2	pan_HSat2	G3	core	1	1.0	1.0	1804.721685538805	1586.3031552451027	0.1861077515608565	0	0
25	k16_3dab53d8	HSat2	pan_HSat2	G3	all_available	1	1.0	1.0	2187.3431133995214	2166.7803159685004	0.013626647605875652	0	0
25	k16_3dab53d8	HSat2	pan_HSat2	G3	core	2	1.0	1.0	7913.700724114825	7154.756400493829	0.1454498399297043	0	0
25	k16_3dab53d8	HSat2	pan_HSat2	G3	all_available	2	1.0	1.0	7860.746009071445	7735.120651837562	0.023242437315168306	0	0
26	k16_3dbf535a	HSat2	chromosome_HSat2_chr10	G1	core	0	1.0	0.9939577039274925	164.57894243928735	323.5688960793088	-0.9752888667761926	0	0
26	k16_3dbf535a	HSat2	chromosome_HSat2_chr10	G1	all_available	0	1.0	1.0	9.727412634786678	23.94352603739023	-1.2994195511503375	0	0
26	k16_3dbf535a	HSat2	chromosome_HSat2_chr10	G1	core	1	1.0	0.9969788519637462	223.7261825986584	363.4533440473058	-0.700033596011489	0	0
26	k16_3dbf535a	HSat2	chromosome_HSat2_chr10	G1	all_available	1	1.0	1.0	241.14395631794747	261.3518201498331	-0.11609809126615264	0	0
26	k16_3dbf535a	HSat2	chromosome_HSat2_chr10	G1	core	2	1.0	1.0	506.1622652373411	552.7367175488541	-0.12699225433931186	0	0
26	k16_3dbf535a	HSat2	chromosome_HSat2_chr10	G1	all_available	2	1.0	1.0	574.1084777570093	593.2793016148526	-0.04738800980638584	0	0
26	k16_3dbf535a	HSat2	chromosome_HSat2_chr10	G2	core	0	0.9523809523809523	1.0	49.877893974311476	310.58259062877886	-2.638480228404999	0	0
26	k16_3dbf535a	HSat2	chromosome_HSat2_chr10	G2	all_available	0	1.0	1.0	3.5889159871892184	19.901988236266455	-2.4709630664165925	0	0
26	k16_3dbf535a	HSat2	chromosome_HSat2_chr10	G2	core	1	0.9761904761904762	1.0	95.40597270906642	348.96349641378504	-1.8709136514552427	0	0
26	k16_3dbf535a	HSat2	chromosome_HSat2_chr10	G2	all_available	1	1.0	1.0	233.52256699005008	258.5302352178394	-0.1467704417715437	0	0
26	k16_3dbf535a	HSat2	chromosome_HSat2_chr10	G2	core	2	1.0	1.0	322.88815264705875	545.9910005621286	-0.7578408391774447	0	0
26	k16_3dbf535a	HSat2	chromosome_HSat2_chr10	G2	all_available	2	1.0	1.0	554.7015035947991	587.2177586204642	-0.08218381866785528	0	0
26	k16_3dbf535a	HSat2	chromosome_HSat2_chr10	G3	core	0	1.0	0.99	327.99287872669714	159.68564874711853	1.0384251950187993	0	0
26	k16_3dbf535a	HSat2	chromosome_HSat2_chr10	G3	all_available	0	1.0	1.0	26.77475386375915	8.809912100127024	1.603563915337095	0	0
26	k16_3dbf535a	HSat2	chromosome_HSat2_chr10	G3	core	1	1.0	0.995	367.5378646285164	221.0799182638351	0.7333223028463173	0	0
26	k16_3dbf535a	HSat2	chromosome_HSat2_chr10	G3	all_available	1	1.0	1.0	265.52685603417655	239.54850629226365	0.14853937932421443	0	0
26	k16_3dbf535a	HSat2	chromosome_HSat2_chr10	G3	core	2	1.0	1.0	555.4173079578351	504.3409674947238	0.13917245235246983	0	0
26	k16_3dbf535a	HSat2	chromosome_HSat2_chr10	G3	all_available	2	1.0	1.0	593.5182796232485	571.7780710814495	0.05383708076551849	0	0
30	k16_43143e38	HSat2	regional_HSat2_G1_group_enriched_exact	G1	core	0	1.0	0.9848942598187311	105.14104149328332	21.19834228963295	2.310248241492319	1	0
30	k16_43143e38	HSat2	regional_HSat2_G1_group_enriched_exact	G1	all_available	0	1.0	0.9939577039274925	242.18921767197054	243.5841394056028	-0.008285526095983113	0	0
30	k16_43143e38	HSat2	regional_HSat2_G1_group_enriched_exact	G1	core	1	1.0	0.9969788519637462	316.1957107418607	323.2747199169025	-0.03194279582884928	0	0
30	k16_43143e38	HSat2	regional_HSat2_G1_group_enriched_exact	G1	all_available	1	1.0	1.0	284.4523795024031	291.5382066797103	-0.03549769116580591	0	0
30	k16_43143e38	HSat2	regional_HSat2_G1_group_enriched_exact	G1	core	2	1.0	1.0	574.1436250937597	595.5934970672206	-0.05291623166000752	0	0
30	k16_43143e38	HSat2	regional_HSat2_G1_group_enriched_exact	G1	all_available	2	1.0	1.0	415.61152108356464	425.4211561326372	-0.03365605260008714	0	0
30	k16_43143e38	HSat2	regional_HSat2_G1_group_enriched_exact	G2	core	0	0.9285714285714286	0.9955257270693513	83.98389446734544	28.16173566409245	1.5763423870328135	0	0
30	k16_43143e38	HSat2	regional_HSat2_G1_group_enriched_exact	G2	all_available	0	1.0	0.9955257270693513	234.71067030141603	245.7723345822445	-0.06643882046593608	0	0
30	k16_43143e38	HSat2	regional_HSat2_G1_group_enriched_exact	G2	core	1	0.9761904761904762	1.0	143.07359215121437	323.44539206756644	-1.1767591257357684	0	0
30	k16_43143e38	HSat2	regional_HSat2_G1_group_enriched_exact	G2	all_available	1	1.0	1.0	263.0943802389286	292.2708780488285	-0.15172510585690177	0	0
30	k16_43143e38	HSat2	regional_HSat2_G1_group_enriched_exact	G2	core	2	1.0	1.0	535.9784768252541	594.4383967505428	-0.14935197479105236	0	0
30	k16_43143e38	HSat2	regional_HSat2_G1_group_enriched_exact	G2	all_available	2	1.0	1.0	407.4106254511637	422.53765279972725	-0.05259617358177638	0	0
30	k16_43143e38	HSat2	regional_HSat2_G1_group_enriched_exact	G3	core	0	0.9930795847750865	0.985	20.55432898975473	104.14796442942054	-2.341064126837976	0	0
30	k16_43143e38	HSat2	regional_HSat2_G1_group_enriched_exact	G3	all_available	0	0.9930795847750865	1.0	245.77843685719824	240.61769217525884	0.03061549673672306	0	0
30	k16_43143e38	HSat2	regional_HSat2_G1_group_enriched_exact	G3	core	1	1.0	0.995	325.56269442197157	310.0275200724551	0.0705388872428467	0	0
30	k16_43143e38	HSat2	regional_HSat2_G1_group_enriched_exact	G3	all_available	1	1.0	1.0	295.1601488230807	279.0379151602403	0.08103649990443001	0	0
30	k16_43143e38	HSat2	regional_HSat2_G1_group_enriched_exact	G3	core	2	1.0	1.0	597.1918307804522	568.4575228041626	0.07114175853754495	0	0
30	k16_43143e38	HSat2	regional_HSat2_G1_group_enriched_exact	G3	all_available	2	1.0	1.0	430.1236615832871	413.10303671110745	0.05824969408370981	0	0
33	k16_4d01a0d0	HSat2	pan	G1	core	0	1.0	1.0	400.97866994560314	629.088336314335	-0.6497358147467159	0	0
33	k16_4d01a0d0	HSat2	pan	G1	all_available	0	1.0	1.0	87.31949544238097	109.87200801919883	-0.33144478868262905	0	0
33	k16_4d01a0d0	HSat2	pan	G1	core	1	1.0	1.0	1042.2421226217912	1139.7395414883879	-0.12901358420833076	0	0
33	k16_4d01a0d0	HSat2	pan	G1	all_available	1	1.0	1.0	854.7610996869688	886.0664556101249	-0.05189359414119016	0	0
33	k16_4d01a0d0	HSat2	pan	G1	core	2	1.0	1.0	4984.947884288187	5061.546189821612	-0.021999737244282332	0	0
33	k16_4d01a0d0	HSat2	pan	G1	all_available	2	1.0	1.0	4065.528634876342	4052.6632574993846	0.004572650499664399	0	0
33	k16_4d01a0d0	HSat2	pan	G2	core	0	1.0	1.0	171.38456805986172	609.239497758189	-1.8297662156969117	0	0
33	k16_4d01a0d0	HSat2	pan	G2	all_available	0	1.0	1.0	82.88508162555652	103.68636197178884	-0.32303829335170847	0	0
33	k16_4d01a0d0	HSat2	pan	G2	core	1	1.0	1.0	910.2068452236666	1131.3852339772282	-0.3138235960748904	0	0
33	k16_4d01a0d0	HSat2	pan	G2	all_available	1	1.0	1.0	850.0941936157676	882.0768282532158	-0.05328155130209733	0	0
33	k16_4d01a0d0	HSat2	pan	G2	core	2	1.0	1.0	4841.390677125737	5053.8426038764	-0.061959203873467796	0	0
33	k16_4d01a0d0	HSat2	pan	G2	all_available	2	1.0	1.0	4099.7417408784995	4050.607661271012	0.01739467373234513	0	0
33	k16_4d01a0d0	HSat2	pan	G3	core	0	1.0	1.0	635.0670044269204	391.5257723029532	0.6978001257181495	0	0
33	k16_4d01a0d0	HSat2	pan	G3	all_available	0	1.0	1.0	112.97429604706556	86.6338170062073	0.38298849722331907	0	0
33	k16_4d01a0d0	HSat2	pan	G3	core	1	1.0	1.0	1140.3453859155502	1041.2686518616515	0.13112839298826076	0	0
33	k16_4d01a0d0	HSat2	pan	G3	all_available	1	1.0	1.0	888.5924277532563	854.7610996869688	0.05600053082916882	0	0
33	k16_4d01a0d0	HSat2	pan	G3	core	2	1.0	1.0	5068.649337746363	4965.509551285164	0.02965958008628016	0	0
33	k16_4d01a0d0	HSat2	pan	G3	all_available	2	1.0	1.0	4040.7828350159893	4068.764244925962	-0.009955868352151802	0	0
34	k16_4d83a118	HSat2	pan_HSat2	G1	core	0	1.0	1.0	195.93330636971592	408.4925792055097	-1.059943379036706	0	0
34	k16_4d83a118	HSat2	pan_HSat2	G1	all_available	0	1.0	1.0	112.15717991476372	123.36461709001155	-0.13740551790667913	0	0
34	k16_4d83a118	HSat2	pan_HSat2	G1	core	1	1.0	1.0	2017.5381216354845	2404.6566847283525	-0.2532348848824501	0	0
34	k16_4d83a118	HSat2	pan_HSat2	G1	all_available	1	1.0	1.0	2145.5629957883216	2180.758237862057	-0.023473568030745434	0	0
34	k16_4d83a118	HSat2	pan_HSat2	G1	core	2	1.0	1.0	7602.770821699333	8535.740335521517	-0.16699096502251515	0	0
34	k16_4d83a118	HSat2	pan_HSat2	G1	all_available	2	1.0	1.0	8253.148070796244	8438.87791094768	-0.032106653372068916	0	0
34	k16_4d83a118	HSat2	pan_HSat2	G2	core	0	1.0	1.0	103.04843995705434	388.56225110111683	-1.9148127982443661	0	0
34	k16_4d83a118	HSat2	pan_HSat2	G2	all_available	0	1.0	1.0	109.17055789494191	120.84924166603123	-0.14662331344452284	0	0
34	k16_4d83a118	HSat2	pan_HSat2	G2	core	1	1.0	1.0	1593.008909312065	2374.5728609679923	-0.5759133906609727	0	0
34	k16_4d83a118	HSat2	pan_HSat2	G2	all_available	1	1.0	1.0	2130.0954059434944	2170.91701701278	-0.027386517951535395	0	0
34	k16_4d83a118	HSat2	pan_HSat2	G2	core	2	1.0	1.0	7051.398837700366	8456.37278335496	-0.26212945874021315	0	0
34	k16_4d83a118	HSat2	pan_HSat2	G2	all_available	2	1.0	1.0	8165.948499233717	8386.265658259137	-0.03840805879489747	0	0
34	k16_4d83a118	HSat2	pan_HSat2	G3	core	0	1.0	1.0	412.0846672131965	187.0647299382249	1.1393990020075175	0	0
34	k16_4d83a118	HSat2	pan_HSat2	G3	all_available	0	1.0	1.0	124.81217484160257	111.35530256009713	0.1645870137750336	0	0
34	k16_4d83a118	HSat2	pan_HSat2	G3	core	1	1.0	1.0	2414.311299586224	1997.7178335665799	0.27325875860858484	0	0
34	k16_4d83a118	HSat2	pan_HSat2	G3	all_available	1	1.0	1.0	2189.048718797858	2139.4029966521884	0.03309578100934042	0	0
34	k16_4d83a118	HSat2	pan_HSat2	G3	core	2	1.0	1.0	8564.048174125917	7572.612466565344	0.1775017893494515	0	0
34	k16_4d83a118	HSat2	pan_HSat2	G3	all_available	2	1.0	1.0	8462.882809664223	8246.27732293953	0.03740620450222783	0	0
36	k16_4f62d4e8	HSat2	pan_HSat2	G1	core	0	1.0	0.9969788519637462	221.60415367367222	353.58393140160206	-0.6740653599870309	0	0
36	k16_4f62d4e8	HSat2	pan_HSat2	G1	all_available	0	1.0	1.0	390.6449752884152	405.0946610906578	-0.05240088205043578	0	0
36	k16_4f62d4e8	HSat2	pan_HSat2	G1	core	1	1.0	1.0	523.1429836771629	765.700012564901	-0.5495730944772307	0	0
36	k16_4f62d4e8	HSat2	pan_HSat2	G1	all_available	1	1.0	1.0	529.0482027198385	562.2331259830805	-0.087769121449178	0	0
36	k16_4f62d4e8	HSat2	pan_HSat2	G1	core	2	1.0	1.0	1561.172274919113	1693.4675964328878	-0.11735056264087758	0	0
36	k16_4f62d4e8	HSat2	pan_HSat2	G1	all_available	2	1.0	1.0	1391.507073769637	1409.9321591513756	-0.01897749079157666	0	0
36	k16_4f62d4e8	HSat2	pan_HSat2	G2	core	0	0.9761904761904762	1.0	96.50854070117322	338.97077088680965	-1.8124216567546747	0	0
36	k16_4f62d4e8	HSat2	pan_HSat2	G2	all_available	0	1.0	1.0	360.98808312793915	404.4948243390797	-0.16416960118368748	0	0
36	k16_4f62d4e8	HSat2	pan_HSat2	G2	core	1	1.0	1.0	210.82295901143993	739.8070570013923	-1.8111121816147289	0	0
36	k16_4f62d4e8	HSat2	pan_HSat2	G2	all_available	1	1.0	1.0	499.2667709948497	559.7535560967505	-0.16498058583882544	0	0
36	k16_4f62d4e8	HSat2	pan_HSat2	G2	core	2	1.0	1.0	1103.8681751778254	1681.3818998861484	-0.6070791041448642	0	0
36	k16_4f62d4e8	HSat2	pan_HSat2	G2	all_available	2	1.0	1.0	1363.3450804990266	1407.4261496615852	-0.04590841680538643	0	0
36	k16_4f62d4e8	HSat2	pan_HSat2	G3	core	0	1.0	0.995	358.110410261721	219.35459546974238	0.7071369789475049	0	0
36	k16_4f62d4e8	HSat2	pan_HSat2	G3	all_available	0	1.0	1.0	414.4980903444331	381.1818699116302	0.12088564858974755	0	0
36	k16_4f62d4e8	HSat2	pan_HSat2	G3	core	1	1.0	1.0	775.5267222226811	507.2520378706313	0.6124727530327972	0	0
36	k16_4f62d4e8	HSat2	pan_HSat2	G3	all_available	1	1.0	1.0	575.7017295400009	524.0517649798608	0.13561197359379973	0	0
36	k16_4f62d4e8	HSat2	pan_HSat2	G3	core	2	1.0	1.0	1704.7531804943374	1541.0597727357163	0.145639966145859	0	0
36	k16_4f62d4e8	HSat2	pan_HSat2	G3	all_available	2	1.0	1.0	1421.0971396627554	1376.9308041223126	0.04554908086370409	0	0
37	k16_4f6fd4d6	HSat2	pan_HSat2	G1	core	0	1.0	0.9969788519637462	179.32585225170664	324.580598103574	-0.8559896774313407	0	0
37	k16_4f6fd4d6	HSat2	pan_HSat2	G1	all_available	0	1.0	1.0	235.5141565677606	255.61688514550644	-0.1181688753139696	0	0
37	k16_4f6fd4d6	HSat2	pan_HSat2	G1	core	1	1.0	1.0	447.67908395167376	521.8252325356739	-0.22110133301487508	0	0
37	k16_4f6fd4d6	HSat2	pan_HSat2	G1	all_available	1	1.0	1.0	489.77339006771615	515.2975835058912	-0.07329128825847232	0	0
37	k16_4f6fd4d6	HSat2	pan_HSat2	G1	core	2	1.0	1.0	2589.416251964075	2977.5539828056935	-0.2015006926926731	0	0
37	k16_4f6fd4d6	HSat2	pan_HSat2	G1	all_available	2	1.0	1.0	2965.7674756442793	3047.1479707121407	-0.03905405562299619	0	0
37	k16_4f6fd4d6	HSat2	pan_HSat2	G2	core	0	0.9761904761904762	1.0	69.04816551226804	311.2612161369263	-2.1724345757424084	0	0
37	k16_4f6fd4d6	HSat2	pan_HSat2	G2	all_available	0	1.0	1.0	229.0650192672291	248.4168923486797	-0.1170056293672154	0	0
37	k16_4f6fd4d6	HSat2	pan_HSat2	G2	core	1	1.0	1.0	266.66725096580694	513.5218827415359	-0.9453824944413417	0	0
37	k16_4f6fd4d6	HSat2	pan_HSat2	G2	all_available	1	1.0	1.0	466.30273030284746	507.2745470025518	-0.12149964676586528	0	0
37	k16_4f6fd4d6	HSat2	pan_HSat2	G2	core	2	1.0	1.0	2422.2467488963716	2942.9109028301114	-0.2808979230487873	0	0
37	k16_4f6fd4d6	HSat2	pan_HSat2	G2	all_available	2	1.0	1.0	2860.869798103985	3026.560421941693	-0.08122528531181278	0	0
37	k16_4f6fd4d6	HSat2	pan_HSat2	G3	core	0	1.0	0.995	328.57290094999416	173.52611434310109	0.9210567821065431	0	0
37	k16_4f6fd4d6	HSat2	pan_HSat2	G3	all_available	0	1.0	1.0	261.6526724699354	233.96562926944176	0.16135573575013729	0	0
37	k16_4f6fd4d6	HSat2	pan_HSat2	G3	core	1	1.0	1.0	525.7131007158976	444.9604767906651	0.24059799343710225	0	0
37	k16_4f6fd4d6	HSat2	pan_HSat2	G3	all_available	1	1.0	1.0	518.0320966762987	487.8051787012529	0.08673624150283044	0	0
37	k16_4f6fd4d6	HSat2	pan_HSat2	G3	core	2	1.0	1.0	2988.3059907954307	2585.9795650266065	0.20861693218241598	0	0
37	k16_4f6fd4d6	HSat2	pan_HSat2	G3	all_available	2	1.0	1.0	3062.1777643899027	2944.250634711557	0.056657528514951434	0	0
38	k16_51d8e3d4	HSat2	pan_HSat2	G1	core	0	1.0	1.0	293.91283397902663	381.38978760451005	-0.3758767305801502	0	0
38	k16_51d8e3d4	HSat2	pan_HSat2	G1	all_available	0	1.0	1.0	335.45261231323326	347.00711266556357	-0.04885611245739696	0	0
38	k16_51d8e3d4	HSat2	pan_HSat2	G1	core	1	1.0	1.0	2239.8409408681637	2251.3303315595576	-0.007381466769452027	0	0
38	k16_51d8e3d4	HSat2	pan_HSat2	G1	all_available	1	1.0	1.0	2732.3809994065714	2732.2350017411345	7.70886850328024e-05	0	0
38	k16_51d8e3d4	HSat2	pan_HSat2	G1	core	2	1.0	1.0	7025.074932841848	6994.569691316806	0.006278308049292	0	0
38	k16_51d8e3d4	HSat2	pan_HSat2	G1	all_available	2	1.0	1.0	7470.842710399356	7421.756604813594	0.009510297905539975	0	0
38	k16_51d8e3d4	HSat2	pan_HSat2	G2	core	0	1.0	1.0	129.94783057902714	375.4859553303617	-1.530819137484286	0	0
38	k16_51d8e3d4	HSat2	pan_HSat2	G2	all_available	0	1.0	1.0	318.3633673370242	346.3233221272378	-0.1214448381150745	0	0
38	k16_51d8e3d4	HSat2	pan_HSat2	G2	core	1	1.0	1.0	2281.5644052364705	2246.3600235239605	0.022434203006078225	0	0
38	k16_51d8e3d4	HSat2	pan_HSat2	G2	all_available	1	1.0	1.0	2716.283266322205	2732.95683301637	-0.008828731267777187	0	0
38	k16_51d8e3d4	HSat2	pan_HSat2	G2	core	2	1.0	1.0	7418.951955588539	6997.285457833317	0.08442003767386846	0	0
38	k16_51d8e3d4	HSat2	pan_HSat2	G2	all_available	2	1.0	1.0	7511.1921603512	7433.468887615972	0.015006292313712744	0	0
38	k16_51d8e3d4	HSat2	pan_HSat2	G3	core	0	1.0	1.0	385.05122906627037	288.4157790087279	0.41689905079816153	0	0
38	k16_51d8e3d4	HSat2	pan_HSat2	G3	all_available	0	1.0	1.0	354.0397847865111	330.59819594124235	0.09883234963048529	0	0
38	k16_51d8e3d4	HSat2	pan_HSat2	G3	core	1	1.0	1.0	2249.9464298469084	2244.624167701756	0.003416745252371781	0	0
38	k16_51d8e3d4	HSat2	pan_HSat2	G3	all_available	1	1.0	1.0	2732.95683301637	2731.0228080394254	0.0010213095661792126	0	0
38	k16_51d8e3d4	HSat2	pan_HSat2	G3	core	2	1.0	1.0	6991.2261717492365	7032.517432874486	-0.008495714552293324	0	0
38	k16_51d8e3d4	HSat2	pan_HSat2	G3	all_available	2	1.0	1.0	7415.719178936406	7489.283913072995	-0.014241167750541807	0	0
43	k16_583a0d74	HSat2	pan_HSat2	G1	core	0	1.0	0.9969788519637462	197.88806111654233	277.74509899312983	-0.4890747832804012	0	0
43	k16_583a0d74	HSat2	pan_HSat2	G1	all_available	0	1.0	1.0	234.62211046646877	244.99182397568572	-0.06239436584138906	0	0
43	k16_583a0d74	HSat2	pan_HSat2	G1	core	1	1.0	1.0	381.6488018320084	478.0294293324117	-0.3248530145796405	0	0
43	k16_583a0d74	HSat2	pan_HSat2	G1	all_available	1	1.0	1.0	571.50871703864	591.4540108728996	-0.049490405961093796	0	0
43	k16_583a0d74	HSat2	pan_HSat2	G1	core	2	1.0	1.0	4723.06860367548	4904.202745873909	-0.05429412067330745	0	0
43	k16_583a0d74	HSat2	pan_HSat2	G1	all_available	2	1.0	1.0	4626.8289255697655	4682.595339560014	-0.017284607874810953	0	0
43	k16_583a0d74	HSat2	pan_HSat2	G2	core	0	0.9761904761904762	1.0	86.34717660135345	272.9079994196784	-1.660182351501555	0	0
43	k16_583a0d74	HSat2	pan_HSat2	G2	all_available	0	1.0	1.0	210.40115547631183	244.99182397568572	-0.21959000774885296	0	0
43	k16_583a0d74	HSat2	pan_HSat2	G2	core	1	1.0	1.0	276.8227067882186	472.61604518653803	-0.7717041632033563	0	0
43	k16_583a0d74	HSat2	pan_HSat2	G2	all_available	1	1.0	1.0	564.8237220740336	585.1214373419098	-0.0509353054097388	0	0
43	k16_583a0d74	HSat2	pan_HSat2	G2	core	2	1.0	1.0	4740.841404980335	4877.640222995786	-0.04104020816842622	0	0
43	k16_583a0d74	HSat2	pan_HSat2	G2	all_available	2	1.0	1.0	4620.092394057171	4665.1459823562545	-0.014000520371113531	0	0
43	k16_583a0d74	HSat2	pan_HSat2	G3	core	0	1.0	0.995	280.3749235783628	197.15054043725536	0.5080574847187881	0	0
43	k16_583a0d74	HSat2	pan_HSat2	G3	all_available	0	1.0	1.0	248.003972435599	225.9350057348773	0.13445484597166	0	0
43	k16_583a0d74	HSat2	pan_HSat2	G3	core	1	1.0	1.0	480.39410912849536	370.71101476367494	0.37392258952195406	0	0
43	k16_583a0d74	HSat2	pan_HSat2	G3	all_available	1	1.0	1.0	595.7277323588264	568.9961699485191	0.06623406587751077	0	0
43	k16_583a0d74	HSat2	pan_HSat2	G3	core	2	1.0	1.0	4910.017426638806	4725.279566427592	0.05532844601207284	0	0
43	k16_583a0d74	HSat2	pan_HSat2	G3	all_available	2	1.0	1.0	4687.967693048418	4625.270408466007	0.01942491056999852	0	0
44	k16_60e83458	HSat2	pan_HSat2	G1	core	0	1.0	1.0	372.4398385324489	671.5985705221955	-0.8505900330837505	0	0
44	k16_60e83458	HSat2	pan_HSat2	G1	all_available	0	1.0	1.0	268.0695566822712	293.21478388332224	-0.12934999546604048	0	0
44	k16_60e83458	HSat2	pan_HSat2	G1	core	1	1.0	1.0	1682.8175450671458	1883.1194067290605	-0.1622456266751086	0	0
44	k16_60e83458	HSat2	pan_HSat2	G1	all_available	1	1.0	1.0	2255.332012621915	2264.631639445145	-0.0059365691972314135	0	0
44	k16_60e83458	HSat2	pan_HSat2	G1	core	2	1.0	1.0	6548.610266681311	7127.8614785830805	-0.12228050898537647	0	0
44	k16_60e83458	HSat2	pan_HSat2	G1	all_available	2	1.0	1.0	6935.1324478927745	6932.917537640797	0.00046083473973782923	0	0
44	k16_60e83458	HSat2	pan_HSat2	G2	core	0	1.0	1.0	130.9976726340628	644.4067292724003	-2.298421604895291	0	0
44	k16_60e83458	HSat2	pan_HSat2	G2	all_available	0	1.0	1.0	234.15488698367778	287.44056135075675	-0.29579936731035794	0	0
44	k16_60e83458	HSat2	pan_HSat2	G2	core	1	1.0	1.0	1381.3280101686973	1868.0082029243504	-0.4354445755512918	0	0
44	k16_60e83458	HSat2	pan_HSat2	G2	all_available	1	1.0	1.0	2221.0608368362173	2266.48766086338	-0.029209383824819902	0	0
44	k16_60e83458	HSat2	pan_HSat2	G2	core	2	1.0	1.0	6316.450359886867	7085.479862440132	-0.16575149950978404	0	0
44	k16_60e83458	HSat2	pan_HSat2	G2	all_available	2	1.0	1.0	6904.365213070427	6943.793281559389	-0.008215218563912444	0	0
44	k16_60e83458	HSat2	pan_HSat2	G3	core	0	1.0	1.0	677.7152299678127	356.23193870801	0.9278604016653531	0	0
44	k16_60e83458	HSat2	pan_HSat2	G3	all_available	0	1.0	1.0	299.85766036819416	260.320810787331	0.20398644912095573	0	0
44	k16_60e83458	HSat2	pan_HSat2	G3	core	1	1.0	1.0	1891.1423702763207	1678.6461362254297	0.1719597429946493	0	0
44	k16_60e83458	HSat2	pan_HSat2	G3	all_available	1	1.0	1.0	2269.0058570403553	2248.9358475720937	0.012817819561497221	0	0
44	k16_60e83458	HSat2	pan_HSat2	G3	core	2	1.0	1.0	7138.1171187575765	6522.900746761423	0.13002987709021283	0	0
44	k16_60e83458	HSat2	pan_HSat2	G3	all_available	2	1.0	1.0	6946.9268669057765	6930.423181366127	0.0034314610491313472	0	0
45	k16_60e836d1	HSat2	chromosome_HSat2_chr10	G1	core	0	1.0	0.8731117824773413	126.02957794894778	320.71927119681146	-1.347541734965105	0	0
45	k16_60e836d1	HSat2	chromosome_HSat2_chr10	G1	all_available	0	1.0	0.9244712990936556	6.976543930378737	22.47856163008773	-1.687822694503722	0	0
45	k16_60e836d1	HSat2	chromosome_HSat2_chr10	G1	core	1	1.0	1.0	351.3658581485528	431.2545587162655	-0.2955649337241871	0	0
45	k16_60e836d1	HSat2	chromosome_HSat2_chr10	G1	all_available	1	1.0	1.0	80.78032099454029	94.06993975993846	-0.21972737857211488	0	0
45	k16_60e836d1	HSat2	chromosome_HSat2_chr10	G1	core	2	1.0	1.0	5040.0220883339125	5223.2957062449905	-0.051530314743764856	0	0
45	k16_60e836d1	HSat2	chromosome_HSat2_chr10	G1	all_available	2	1.0	1.0	4993.17303605308	5047.278262566154	-0.015548719807776832	0	0
45	k16_60e836d1	HSat2	chromosome_HSat2_chr10	G2	core	0	0.0	1.0	4.609698722251682	304.6197488790945	-6.0458850038612955	0	0
45	k16_60e836d1	HSat2	chromosome_HSat2_chr10	G2	all_available	0	0.40476190476190477	1.0	0.6096715801264719	18.58335593340422	-4.927548174682611	0	0
45	k16_60e836d1	HSat2	chromosome_HSat2_chr10	G2	core	1	1.0	1.0	240.1961087589641	421.41684780197846	-0.8110326306753386	0	0
45	k16_60e836d1	HSat2	chromosome_HSat2_chr10	G2	all_available	1	1.0	1.0	74.14612456115913	90.43421196837963	-0.286493865799147	0	0
45	k16_60e836d1	HSat2	chromosome_HSat2_chr10	G2	core	2	1.0	1.0	4922.94271490983	5205.249574461586	-0.08044636976947832	0	0
45	k16_60e836d1	HSat2	chromosome_HSat2_chr10	G2	all_available	2	1.0	1.0	4975.536961117057	5041.409468808863	-0.018974902545941044	0	0
45	k16_60e836d1	HSat2	chromosome_HSat2_chr10	G3	core	0	1.0	0.79	325.04825061625417	117.26562168099329	1.470865899455977	0	0
45	k16_60e836d1	HSat2	chromosome_HSat2_chr10	G3	all_available	0	1.0	0.875	24.97750198009811	5.5782334099981465	2.1625481440788774	1	0
45	k16_60e836d1	HSat2	chromosome_HSat2_chr10	G3	core	1	1.0	1.0	434.9782157570466	342.6335359821246	0.3442758917724326	0	0
45	k16_60e836d1	HSat2	chromosome_HSat2_chr10	G3	all_available	1	1.0	1.0	96.42522699471812	80.42902724211459	0.2616913901401867	0	0
45	k16_60e836d1	HSat2	chromosome_HSat2_chr10	G3	core	2	1.0	1.0	5231.637972583384	5024.98738461233	0.058142724619920885	0	0
45	k16_60e836d1	HSat2	chromosome_HSat2_chr10	G3	all_available	2	1.0	1.0	5057.293304409327	4985.845678367021	0.02052721850982487	0	0
46	k16_6214f638	HSat2	chromosome_HSat2_chr1	G1	core	0	1.0	1.0	581.0106741480467	967.1743669645034	-0.7352103492905162	0	0
46	k16_6214f638	HSat2	chromosome_HSat2_chr1	G1	all_available	0	1.0	1.0	673.5811282133511	743.8333033570104	-0.1431274214824795	0	0
46	k16_6214f638	HSat2	chromosome_HSat2_chr1	G1	core	1	1.0	1.0	2219.0363085351896	2660.623523180201	-0.2618310027764623	0	0
46	k16_6214f638	HSat2	chromosome_HSat2_chr1	G1	all_available	1	1.0	1.0	2313.5977692944643	2361.229535710113	-0.029400214151605628	0	0
46	k16_6214f638	HSat2	chromosome_HSat2_chr1	G1	core	2	1.0	1.0	6440.890956663901	7153.537563822028	-0.1513965693611553	0	0
46	k16_6214f638	HSat2	chromosome_HSat2_chr1	G1	all_available	2	1.0	1.0	6944.641343107411	7080.114934316943	-0.027872588404553224	0	0
46	k16_6214f638	HSat2	chromosome_HSat2_chr1	G2	core	0	1.0	1.0	212.30873198160683	930.7016983662476	-2.1321498861427184	0	0
46	k16_6214f638	HSat2	chromosome_HSat2_chr1	G2	all_available	0	1.0	1.0	643.6294168385438	735.714881500711	-0.19291622747512086	0	0
46	k16_6214f638	HSat2	chromosome_HSat2_chr1	G2	core	1	1.0	1.0	1409.3577320019717	2631.564489811615	-0.9008824228845753	0	0
46	k16_6214f638	HSat2	chromosome_HSat2_chr1	G2	all_available	1	1.0	1.0	2305.4432374394764	2355.4395948015654	-0.030952175873104098	0	0
46	k16_6214f638	HSat2	chromosome_HSat2_chr1	G2	core	2	1.0	1.0	5797.06098264802	7087.1937699953405	-0.2898927865622895	0	0
46	k16_6214f638	HSat2	chromosome_HSat2_chr1	G2	all_available	2	1.0	1.0	6820.693288316352	7064.716084114916	-0.050713186361349055	0	0
46	k16_6214f638	HSat2	chromosome_HSat2_chr1	G3	core	0	1.0	1.0	978.2996161987311	575.3569446820511	0.7658180781949679	0	0
46	k16_6214f638	HSat2	chromosome_HSat2_chr1	G3	all_available	0	1.0	1.0	748.2427477244578	669.4336029642454	0.16056519308825556	0	0
46	k16_6214f638	HSat2	chromosome_HSat2_chr1	G3	core	1	1.0	1.0	2684.747414324604	2172.2418792762896	0.30560148029540574	0	0
46	k16_6214f638	HSat2	chromosome_HSat2_chr1	G3	all_available	1	1.0	1.0	2376.5317016303416	2313.5977692944643	0.03871956362007248	0	0
46	k16_6214f638	HSat2	chromosome_HSat2_chr1	G3	core	2	1.0	1.0	7179.908882528991	6383.365446302591	0.16964826626164395	0	0
46	k16_6214f638	HSat2	chromosome_HSat2_chr1	G3	all_available	2	1.0	1.0	7114.379137017917	6937.853652718222	0.036248446195894145	0	0
49	k16_63d47638	HSat2	pan_HSat2	G1	core	0	1.0	1.0	291.0898552306991	369.7627745927799	-0.3451343750326239	0	0
49	k16_63d47638	HSat2	pan_HSat2	G1	all_available	0	1.0	1.0	316.7968981551578	333.6087794954661	-0.07459881715236387	0	0
49	k16_63d47638	HSat2	pan_HSat2	G1	core	1	1.0	1.0	1437.8895110626213	1371.0667420943576	0.06865397122472817	0	0
49	k16_63d47638	HSat2	pan_HSat2	G1	all_available	1	1.0	1.0	2176.734972984169	2200.117064935756	-0.015414518612886688	0	0
49	k16_63d47638	HSat2	pan_HSat2	G1	core	2	1.0	1.0	9712.777747150883	9939.133598623568	-0.033236143627827966	0	0
49	k16_63d47638	HSat2	pan_HSat2	G1	all_available	2	1.0	1.0	9812.110347240865	9824.929518915507	-0.001883599185304184	0	0
49	k16_63d47638	HSat2	pan_HSat2	G2	core	0	1.0	1.0	128.52333078368082	363.20720277774956	-1.49875528504849	0	0
49	k16_63d47638	HSat2	pan_HSat2	G2	all_available	0	1.0	1.0	298.219942267414	332.59358480958747	-0.1573831063577626	0	0
49	k16_63d47638	HSat2	pan_HSat2	G2	core	1	1.0	1.0	1676.790372414961	1381.104916602825	0.2798792352234359	0	0
49	k16_63d47638	HSat2	pan_HSat2	G2	all_available	1	1.0	1.0	2139.957147700117	2188.5709327872964	-0.03240722112114936	0	0
49	k16_63d47638	HSat2	pan_HSat2	G2	core	2	1.0	1.0	9259.000988864167	9928.039860317027	-0.10065235673718301	0	0
49	k16_63d47638	HSat2	pan_HSat2	G2	all_available	2	1.0	1.0	9765.860288643838	9824.385452827084	-0.008620025273739645	0	0
49	k16_63d47638	HSat2	pan_HSat2	G3	core	0	1.0	1.0	374.2521623952139	282.3460813016691	0.40654478907215097	0	0
49	k16_63d47638	HSat2	pan_HSat2	G3	all_available	0	1.0	1.0	335.03002527967396	315.2668176847818	0.0877167931243301	0	0
49	k16_63d47638	HSat2	pan_HSat2	G3	core	1	1.0	1.0	1365.102382678701	1447.7577968263777	-0.08481104874167754	0	0
49	k16_63d47638	HSat2	pan_HSat2	G3	all_available	1	1.0	1.0	2203.283193464423	2172.44589115707	0.020334686382258625	0	0
49	k16_63d47638	HSat2	pan_HSat2	G3	core	2	1.0	1.0	9953.765470473476	9677.778471596259	0.04056647496152301	0	0
49	k16_63d47638	HSat2	pan_HSat2	G3	all_available	2	1.0	1.0	9831.261671070739	9799.13219182886	0.004722582477035571	0	0
50	k16_63e4f600	HSat2	G1_specific	G1	core	0	0.8860759493670886	0.0030211480362537764	28.535110852410337	0.0	14.800501104823136	1	1
50	k16_63e4f600	HSat2	G1_specific	G1	all_available	0	0.9493670886075949	0.4622356495468278	2.2078871952185946	0.4755466354535148	2.212630434046342	1	0
50	k16_63e4f600	HSat2	G1_specific	G1	core	1	1.0	0.9969788519637462	344.4961814193832	484.74334115726094	-0.4927318773488511	0	0
50	k16_63e4f600	HSat2	G1_specific	G1	all_available	1	1.0	1.0	459.42492752742453	482.9176760963695	-0.0719479815206625	0	0
50	k16_63e4f600	HSat2	G1_specific	G1	core	2	1.0	1.0	1052.0335941484598	1418.0199133016981	-0.4306966642543985	0	0
50	k16_63e4f600	HSat2	G1_specific	G1	all_available	2	1.0	1.0	1248.210180194623	1307.2751975440501	-0.06670194273998699	0	0
50	k16_63e4f600	HSat2	G1_specific	G2	core	0	0.0	0.31543624161073824	2.625329319688782	0.0	11.35883211410437	0	0
50	k16_63e4f600	HSat2	G1_specific	G2	all_available	0	0.38095238095238093	0.6420581655480985	0.4823991254852962	0.9121787262184237	-0.9176823872117469	0	0
50	k16_63e4f600	HSat2	G1_specific	G2	core	1	0.9761904761904762	1.0	146.27250910179743	472.9177746230956	-1.6929239036471544	0	0
50	k16_63e4f600	HSat2	G1_specific	G2	all_available	1	1.0	1.0	431.2995625687474	480.18385814196364	-0.15489631335617543	0	0
50	k16_63e4f600	HSat2	G1_specific	G2	core	2	1.0	1.0	524.3665247258957	1378.601703985957	-1.394556506075829	0	0
50	k16_63e4f600	HSat2	G1_specific	G2	all_available	2	1.0	1.0	1207.9860373012382	1299.0050735503114	-0.10480320273835093	0	0
50	k16_63e4f600	HSat2	G1_specific	G3	core	0	0.0034602076124567475	0.7	0.0	26.87547574921073	-14.714056352767459	0	0
50	k16_63e4f600	HSat2	G1_specific	G3	all_available	0	0.4740484429065744	0.83	0.4643270909887113	1.930816103425161	-2.0536406780824383	0	0
50	k16_63e4f600	HSat2	G1_specific	G3	core	1	1.0	0.995	491.83932650322885	332.1781088798805	0.5662286844308189	0	0
50	k16_63e4f600	HSat2	G1_specific	G3	all_available	1	1.0	1.0	485.731388803315	455.96759080312927	0.09122724057622686	0	0
50	k16_63e4f600	HSat2	G1_specific	G3	core	2	1.0	1.0	1434.8404320855104	1008.8620575416667	0.5081609526877849	0	0
50	k16_63e4f600	HSat2	G1_specific	G3	all_available	2	1.0	1.0	1315.4430327071927	1244.7623227789147	0.0796784117146351	0	0
52	k16_6834d350	HSat2	chromosome_HSat2_chr10	G1	core	0	1.0	0.9969788519637462	189.81144939788766	349.3788163079542	-0.8802216473020253	0	0
52	k16_6834d350	HSat2	chromosome_HSat2_chr10	G1	all_available	0	1.0	1.0	11.360052241033014	26.695699922834848	-1.2325649551463576	0	0
52	k16_6834d350	HSat2	chromosome_HSat2_chr10	G1	core	1	1.0	1.0	453.44864037205383	646.0185067415157	-0.510635392666025	0	0
52	k16_6834d350	HSat2	chromosome_HSat2_chr10	G1	all_available	1	1.0	1.0	416.71710857785183	436.6949155678368	-0.06755724356841548	0	0
52	k16_6834d350	HSat2	chromosome_HSat2_chr10	G1	core	2	1.0	1.0	4909.2665380724375	4744.2946615607925	0.04931387018280729	0	0
52	k16_6834d350	HSat2	chromosome_HSat2_chr10	G1	all_available	2	1.0	1.0	4246.431087710942	4216.829587361381	0.010092115427866864	0	0
52	k16_6834d350	HSat2	chromosome_HSat2_chr10	G2	core	0	0.9761904761904762	1.0	65.62880786093615	336.53441665364596	-2.3583352260625556	0	0
52	k16_6834d350	HSat2	chromosome_HSat2_chr10	G2	all_available	0	1.0	1.0	6.448188779542091	22.515207027328618	-1.8037742127745484	0	0
52	k16_6834d350	HSat2	chromosome_HSat2_chr10	G2	core	1	1.0	1.0	326.21645873343255	628.6907700594488	-0.946518882248465	0	0
52	k16_6834d350	HSat2	chromosome_HSat2_chr10	G2	all_available	1	1.0	1.0	395.5535938675764	431.64227898099676	-0.12596269768732202	0	0
52	k16_6834d350	HSat2	chromosome_HSat2_chr10	G2	core	2	1.0	1.0	5454.105607365576	4774.287054009123	0.19205728656880788	0	0
52	k16_6834d350	HSat2	chromosome_HSat2_chr10	G2	all_available	2	1.0	1.0	4179.254318853724	4232.641437813849	-0.018312720423684373	0	0
52	k16_6834d350	HSat2	chromosome_HSat2_chr10	G3	core	0	1.0	0.995	353.18183649814284	189.08023285213397	0.9014090580115532	0	0
52	k16_6834d350	HSat2	chromosome_HSat2_chr10	G3	all_available	0	1.0	1.0	29.484357323218752	10.681288256656334	1.4647779574732505	0	0
52	k16_6834d350	HSat2	chromosome_HSat2_chr10	G3	core	1	1.0	1.0	651.7346103457265	440.52727648746236	0.5650521995211386	0	0
52	k16_6834d350	HSat2	chromosome_HSat2_chr10	G3	all_available	1	1.0	1.0	439.3370628939992	412.675136763282	0.0903214794114246	0	0
52	k16_6834d350	HSat2	chromosome_HSat2_chr10	G3	core	2	1.0	1.0	4741.982379117863	4915.637666467282	-0.05188826540462454	0	0
52	k16_6834d350	HSat2	chromosome_HSat2_chr10	G3	all_available	2	1.0	1.0	4229.764797357893	4229.677741229021	2.969354425916801e-05	0	0
58	k16_80a0d3cd	HSat2	G2_specific	G1	core	0	0.006329113924050633	0.13293051359516617	8.096318952604737	5.23002783121953	0.630349860494975	0	0
58	k16_80a0d3cd	HSat2	G2_specific	G1	all_available	0	0.9620253164556962	0.9607250755287009	5.587860400892885	5.417149394868298	0.0447539660902197	0	0
58	k16_80a0d3cd	HSat2	G2_specific	G1	core	1	1.0	1.0	374.4158832634215	452.2873878549714	-0.2725974657820737	0	0
58	k16_80a0d3cd	HSat2	G2_specific	G1	all_available	1	1.0	1.0	244.63264274287303	246.97732608320732	-0.013761620509054568	0	0
58	k16_80a0d3cd	HSat2	G2_specific	G1	core	2	1.0	1.0	4828.610191840371	4859.855670409462	-0.00930546581857061	0	0
58	k16_80a0d3cd	HSat2	G2_specific	G1	all_available	2	1.0	1.0	5048.416738198233	5051.515872204331	-0.0008853731384296042	0	0
58	k16_80a0d3cd	HSat2	G2_specific	G2	core	0	0.9285714285714286	0.013422818791946308	29.193099504141273	5.66349227924415	2.3656582566365776	1	1
58	k16_80a0d3cd	HSat2	G2_specific	G2	all_available	0	1.0	0.9574944071588367	8.29670859176071	5.3175373326571	0.6416834516520876	0	0
58	k16_80a0d3cd	HSat2	G2_specific	G2	core	1	1.0	1.0	462.8313503843956	445.6744249375027	0.0544962961180651	0	0
58	k16_80a0d3cd	HSat2	G2_specific	G2	all_available	1	1.0	1.0	242.95483990673773	246.6727685152378	-0.0219101956590972	0	0
58	k16_80a0d3cd	HSat2	G2_specific	G2	core	2	1.0	1.0	4932.357236310788	4854.009301312949	0.02310041601403878	0	0
58	k16_80a0d3cd	HSat2	G2_specific	G2	all_available	2	1.0	1.0	5018.128188898689	5052.108726226063	-0.009736360610370236	0	0
58	k16_80a0d3cd	HSat2	G2_specific	G3	core	0	0.01730103806228374	0.2	5.0265527649810124	8.529065854032389	-0.7627005615893472	0	0
58	k16_80a0d3cd	HSat2	G2_specific	G3	all_available	0	0.9550173010380623	0.97	5.2656726646388545	5.769617609905929	-0.13183393837124582	0	0
58	k16_80a0d3cd	HSat2	G2_specific	G3	core	1	1.0	1.0	451.9933661914449	378.45811495329826	0.2561673366502959	0	0
58	k16_80a0d3cd	HSat2	G2_specific	G3	all_available	1	1.0	1.0	246.97732608320732	244.63264274287303	0.013761620509054582	0	0
58	k16_80a0d3cd	HSat2	G2_specific	G3	core	2	1.0	1.0	4859.115285473023	4835.052915804629	0.0071619812660943145	0	0
58	k16_80a0d3cd	HSat2	G2_specific	G3	all_available	2	1.0	1.0	5057.176314138545	5042.58053758317	0.004169855819890396	0	0
59	k16_8320d364	HSat2	regional_HSat2_G1_group_specific_exact	G1	core	0	0.8164556962025317	0.006042296072507553	24.627952136775292	1.0706213993664062	4.522488047165389	1	1
59	k16_8320d364	HSat2	regional_HSat2_G1_group_specific_exact	G1	all_available	0	0.9873417721518988	0.9003021148036254	60.11989432568741	55.23748953211565	0.12219259977306024	0	0
59	k16_8320d364	HSat2	regional_HSat2_G1_group_specific_exact	G1	core	1	1.0	1.0	782.6831982865772	1098.3291242661755	-0.4888095257716364	0	0
59	k16_8320d364	HSat2	regional_HSat2_G1_group_specific_exact	G1	all_available	1	1.0	1.0	1029.7143085277762	1054.6447354857207	-0.03451294459567121	0	0
59	k16_8320d364	HSat2	regional_HSat2_G1_group_specific_exact	G1	core	2	1.0	1.0	3158.581623771881	3357.78572262188	-0.088233285718907	0	0
59	k16_8320d364	HSat2	regional_HSat2_G1_group_specific_exact	G1	all_available	2	1.0	1.0	3692.9113485875914	3725.243933280164	-0.012576264753358882	0	0
59	k16_8320d364	HSat2	regional_HSat2_G1_group_specific_exact	G2	core	0	0.0	0.2930648769574944	2.367989129890481	1.7879524190102254	0.40515656242453885	0	0
59	k16_8320d364	HSat2	regional_HSat2_G1_group_specific_exact	G2	all_available	0	0.8571428571428571	0.9351230425055929	60.63618302539625	56.85069538869131	0.09299936017036287	0	0
59	k16_8320d364	HSat2	regional_HSat2_G1_group_specific_exact	G2	core	1	1.0	1.0	381.62769479804615	1066.8790407104511	-1.4831564123100078	0	0
59	k16_8320d364	HSat2	regional_HSat2_G1_group_specific_exact	G2	all_available	1	1.0	1.0	992.0665774984809	1052.4209869027404	-0.08520299196935122	0	0
59	k16_8320d364	HSat2	regional_HSat2_G1_group_specific_exact	G2	core	2	1.0	1.0	2615.3390330320394	3336.31742174761	-0.3512584572488409	0	0
59	k16_8320d364	HSat2	regional_HSat2_G1_group_specific_exact	G2	all_available	2	1.0	1.0	3672.4997301958724	3716.942059995927	-0.017353810034389277	0	0
59	k16_8320d364	HSat2	regional_HSat2_G1_group_specific_exact	G3	core	0	0.006920415224913495	0.645	0.8625210455135105	22.323214377473064	-4.692234256239813	0	0
59	k16_8320d364	HSat2	regional_HSat2_G1_group_specific_exact	G3	all_available	0	0.9065743944636678	0.96	54.5035584443422	60.277540971797535	-0.14526760369726444	0	0
59	k16_8320d364	HSat2	regional_HSat2_G1_group_specific_exact	G3	core	1	1.0	1.0	1110.5107406965274	761.6556732957783	0.5440119099106606	0	0
59	k16_8320d364	HSat2	regional_HSat2_G1_group_specific_exact	G3	all_available	1	1.0	1.0	1061.1422337146603	1023.5586765878207	0.05202418694481574	0	0
59	k16_8320d364	HSat2	regional_HSat2_G1_group_specific_exact	G3	core	2	1.0	1.0	3371.7439177093593	3147.191337240516	0.09943004626990695	0	0
59	k16_8320d364	HSat2	regional_HSat2_G1_group_specific_exact	G3	all_available	2	1.0	1.0	3728.3775167614904	3692.5187430210767	0.013942699627798564	0	0
61	k16_8b53d0e1	HSat2	regional_HSat2_G1_group_specific_exact	G1	core	0	0.8354430379746836	0.07250755287009064	26.695748918177337	6.587132530636342	2.018722581269261	1	1
61	k16_8b53d0e1	HSat2	regional_HSat2_G1_group_specific_exact	G1	all_available	0	1.0	1.0	54.403210352050976	49.08230453034667	0.14848592461399207	0	0
61	k16_8b53d0e1	HSat2	regional_HSat2_G1_group_specific_exact	G1	core	1	1.0	1.0	665.1718081143878	574.3774914322689	0.21172746724637917	0	0
61	k16_8b53d0e1	HSat2	regional_HSat2_G1_group_specific_exact	G1	all_available	1	1.0	1.0	525.7297318996893	528.4786109990778	-0.007523741840506986	0	0
61	k16_8b53d0e1	HSat2	regional_HSat2_G1_group_specific_exact	G1	core	2	1.0	1.0	4673.465208054646	4676.36390524037	-0.0008945479631008259	0	0
61	k16_8b53d0e1	HSat2	regional_HSat2_G1_group_specific_exact	G1	all_available	2	1.0	1.0	4939.149555872927	4930.994281803999	0.0023840734123447968	0	0
61	k16_8b53d0e1	HSat2	regional_HSat2_G1_group_specific_exact	G2	core	0	0.3333333333333333	0.31767337807606266	18.474135108536508	7.295347270688997	1.3403386133033088	0	0
61	k16_8b53d0e1	HSat2	regional_HSat2_G1_group_specific_exact	G2	all_available	0	1.0	1.0	55.18442387580957	50.908473430717	0.11635311479845767	0	0
61	k16_8b53d0e1	HSat2	regional_HSat2_G1_group_specific_exact	G2	core	1	1.0	1.0	717.5581050152709	583.7091185660186	0.2978455933787604	0	0
61	k16_8b53d0e1	HSat2	regional_HSat2_G1_group_specific_exact	G2	all_available	1	1.0	1.0	527.8652916394742	526.845151633386	0.002790810701309859	0	0
61	k16_8b53d0e1	HSat2	regional_HSat2_G1_group_specific_exact	G2	core	2	1.0	1.0	4752.750538099779	4674.434954302724	0.023970691943978616	0	0
61	k16_8b53d0e1	HSat2	regional_HSat2_G1_group_specific_exact	G2	all_available	2	1.0	1.0	4945.958512230712	4933.084856406021	0.003760033330431573	0	0
61	k16_8b53d0e1	HSat2	regional_HSat2_G1_group_specific_exact	G3	core	0	0.03460207612456748	0.73	6.373921555236859	21.30670133771256	-1.7408954698979988	0	0
61	k16_8b53d0e1	HSat2	regional_HSat2_G1_group_specific_exact	G3	all_available	0	1.0	1.0	48.84521827833108	54.630919097545075	-0.16149723092142493	0	0
61	k16_8b53d0e1	HSat2	regional_HSat2_G1_group_specific_exact	G3	core	1	1.0	1.0	572.6075254442721	676.5146418032407	-0.24057414084987394	0	0
61	k16_8b53d0e1	HSat2	regional_HSat2_G1_group_specific_exact	G3	all_available	1	1.0	1.0	528.4786109990778	526.0394101012075	0.006674182082359941	0	0
61	k16_8b53d0e1	HSat2	regional_HSat2_G1_group_specific_exact	G3	core	2	1.0	1.0	4674.503172571447	4679.974111925897	-0.0016875119898253216	0	0
61	k16_8b53d0e1	HSat2	regional_HSat2_G1_group_specific_exact	G3	all_available	2	1.0	1.0	4929.36303917538	4941.01143906654	-0.003405158171207994	0	0
65	k16_93d803d4	HSat2	G1_specific	G1	core	0	0.8860759493670886	0.0030211480362537764	28.623754226853404	0.0	14.804975685781844	1	1
65	k16_93d803d4	HSat2	G1_specific	G1	all_available	0	0.9493670886075949	0.44108761329305135	2.1750029783689735	0.4575465229872975	2.2465405126534774	1	0
65	k16_93d803d4	HSat2	G1_specific	G1	core	1	1.0	1.0	302.57409231911566	305.2733637308766	-0.012813209056947458	0	0
65	k16_93d803d4	HSat2	G1_specific	G1	all_available	1	1.0	1.0	438.6329792841563	450.5989243397424	-0.038829494964239285	0	0
65	k16_93d803d4	HSat2	G1_specific	G1	core	2	1.0	1.0	768.7653111538218	847.1169847894605	-0.14001780327242352	0	0
65	k16_93d803d4	HSat2	G1_specific	G1	all_available	2	1.0	1.0	715.2665811719946	730.0154774262331	-0.0294459736569459	0	0
65	k16_93d803d4	HSat2	G1_specific	G2	core	0	0.0	0.31543624161073824	4.632769423901774	0.0	12.177970542229158	0	0
65	k16_93d803d4	HSat2	G1_specific	G2	all_available	0	0.38095238095238093	0.6263982102908278	0.5072880186131852	0.8857018188285416	-0.8028028109116804	0	0
65	k16_93d803d4	HSat2	G1_specific	G2	core	1	1.0	1.0	161.55744359777333	304.6994023204031	-0.9153352521724453	0	0
65	k16_93d803d4	HSat2	G1_specific	G2	all_available	1	1.0	1.0	410.26307914372535	446.74171108319257	-0.12289134694408392	0	0
65	k16_93d803d4	HSat2	G1_specific	G2	core	2	1.0	1.0	591.40672491973	838.7883130386022	-0.5041553923187488	0	0
65	k16_93d803d4	HSat2	G1_specific	G2	all_available	2	1.0	1.0	687.4757817035206	728.4648668478908	-0.08355038473930801	0	0
65	k16_93d803d4	HSat2	G1_specific	G3	core	0	0.0034602076124567475	0.7	0.0	26.865276495649276	-14.713508765898684	0	0
65	k16_93d803d4	HSat2	G1_specific	G3	all_available	0	0.44982698961937717	0.83	0.4372040060565871	1.9519652419743345	-2.1559916943900332	0	0
65	k16_93d803d4	HSat2	G1_specific	G3	core	1	1.0	1.0	305.6441182043614	301.9645007034603	0.017473792103217464	0	0
65	k16_93d803d4	HSat2	G1_specific	G3	all_available	1	1.0	1.0	455.992171448084	433.58236319429	0.07270281918268923	0	0
65	k16_93d803d4	HSat2	G1_specific	G3	core	2	1.0	1.0	850.5634880184176	763.6685779461102	0.15547206945661557	0	0
65	k16_93d803d4	HSat2	G1_specific	G3	all_available	2	1.0	1.0	733.0363385656678	711.5749817265303	0.04286887124842955	0	0
67	k16_a0d364c8	HSat2	chromosome_HSat2_chr1	G1	core	0	1.0	1.0	486.37503122562293	688.4762012313132	-0.5013367465908104	0	0
67	k16_a0d364c8	HSat2	chromosome_HSat2_chr1	G1	all_available	0	1.0	1.0	483.00369213848853	517.2210393178506	-0.09874654689289868	0	0
67	k16_a0d364c8	HSat2	chromosome_HSat2_chr1	G1	core	1	1.0	1.0	674.657893670277	828.3755686847686	-0.2961284838478122	0	0
67	k16_a0d364c8	HSat2	chromosome_HSat2_chr1	G1	all_available	1	1.0	1.0	586.6236819886781	616.9326192492312	-0.07267749363092628	0	0
67	k16_a0d364c8	HSat2	chromosome_HSat2_chr1	G1	core	2	1.0	1.0	2764.1147680420418	2646.3459342124074	0.06281583033196403	0	0
67	k16_a0d364c8	HSat2	chromosome_HSat2_chr1	G1	all_available	2	1.0	1.0	3778.194543735555	3748.427609696012	0.01141144586165585	0	0
67	k16_a0d364c8	HSat2	chromosome_HSat2_chr1	G2	core	0	1.0	1.0	184.1717665612142	666.7287681819437	-1.8560423947100513	0	0
67	k16_a0d364c8	HSat2	chromosome_HSat2_chr1	G2	all_available	0	1.0	1.0	453.76565277713337	507.4101134706333	-0.16120452855953957	0	0
67	k16_a0d364c8	HSat2	chromosome_HSat2_chr1	G2	core	1	1.0	1.0	309.2893968123774	817.938110777084	-1.4030314099640464	0	0
67	k16_a0d364c8	HSat2	chromosome_HSat2_chr1	G2	all_available	1	1.0	1.0	553.4383584748001	609.6003417537554	-0.13944083174775698	0	0
67	k16_a0d364c8	HSat2	chromosome_HSat2_chr1	G2	core	2	1.0	1.0	2746.504834522765	2655.9435408583636	0.04837233475333254	0	0
67	k16_a0d364c8	HSat2	chromosome_HSat2_chr1	G2	all_available	2	1.0	1.0	3758.2629244432082	3753.5052005972284	0.001827517456497435	0	0
67	k16_a0d364c8	HSat2	chromosome_HSat2_chr1	G3	core	0	1.0	1.0	696.6024652697337	463.1266719366166	0.588927688834655	0	0
67	k16_a0d364c8	HSat2	chromosome_HSat2_chr1	G3	all_available	0	1.0	1.0	522.6458041753604	478.0184530889776	0.12876699683074755	0	0
67	k16_a0d364c8	HSat2	chromosome_HSat2_chr1	G3	core	1	1.0	1.0	837.7230533698754	649.231810110025	0.36773918703436975	0	0
67	k16_a0d364c8	HSat2	chromosome_HSat2_chr1	G3	all_available	1	1.0	1.0	624.5418916952796	578.294073681066	0.11099484282197801	0	0
67	k16_a0d364c8	HSat2	chromosome_HSat2_chr1	G3	core	2	1.0	1.0	2642.6524353917257	2761.516299017835	-0.06347392642014203	0	0
67	k16_a0d364c8	HSat2	chromosome_HSat2_chr1	G3	all_available	2	1.0	1.0	3748.014906101282	3771.6229311849333	-0.009058756364162255	0	0
69	k16_b60e8760	HSat2	regional_HSat2_G1_group_enriched_exact	G1	core	0	1.0	0.9909365558912386	90.42545500508878	17.76312791691799	2.347778041630311	1	0
69	k16_b60e8760	HSat2	regional_HSat2_G1_group_enriched_exact	G1	all_available	0	1.0	1.0	70.56669790152617	62.65374208784106	0.1715842408430029	0	0
69	k16_b60e8760	HSat2	regional_HSat2_G1_group_enriched_exact	G1	core	1	1.0	1.0	1662.2810377589776	1763.113209455211	-0.08496074778476218	0	0
69	k16_b60e8760	HSat2	regional_HSat2_G1_group_enriched_exact	G1	all_available	1	1.0	1.0	1636.4239484774926	1636.6745228141947	-0.00022089291594388588	0	0
69	k16_b60e8760	HSat2	regional_HSat2_G1_group_enriched_exact	G1	core	2	1.0	1.0	7069.97781467039	7998.739728920538	-0.17806699712992816	0	0
69	k16_b60e8760	HSat2	regional_HSat2_G1_group_enriched_exact	G1	all_available	2	1.0	1.0	8083.291847230184	8171.933839262166	-0.015734584887795625	0	0
69	k16_b60e8760	HSat2	regional_HSat2_G1_group_enriched_exact	G2	core	0	0.9285714285714286	1.0	87.316347272397	19.75185091302931	2.1442074101514104	1	0
69	k16_b60e8760	HSat2	regional_HSat2_G1_group_enriched_exact	G2	all_available	0	1.0	1.0	72.4727156843015	65.02341361004811	0.15647637832785308	0	0
69	k16_b60e8760	HSat2	regional_HSat2_G1_group_enriched_exact	G2	core	1	1.0	1.0	1294.1786032987573	1755.8823689200128	-0.44015917473363675	0	0
69	k16_b60e8760	HSat2	regional_HSat2_G1_group_enriched_exact	G2	all_available	1	1.0	1.0	1618.824123025734	1637.0654693086751	-0.016165756401746115	0	0
69	k16_b60e8760	HSat2	regional_HSat2_G1_group_enriched_exact	G2	core	2	1.0	1.0	6496.411253318172	7917.257660710716	-0.2853577988515957	0	0
69	k16_b60e8760	HSat2	regional_HSat2_G1_group_enriched_exact	G2	all_available	2	1.0	1.0	7994.024961106321	8158.788089477195	-0.02943278827527332	0	0
69	k16_b60e8760	HSat2	regional_HSat2_G1_group_enriched_exact	G3	core	0	1.0	0.985	16.782020979292753	89.95159782245175	-2.4221625196605228	0	0
69	k16_b60e8760	HSat2	regional_HSat2_G1_group_enriched_exact	G3	all_available	0	1.0	1.0	61.40153598092171	71.00345165572809	-0.2096112364098936	0	0
69	k16_b60e8760	HSat2	regional_HSat2_G1_group_enriched_exact	G3	core	1	1.0	1.0	1775.0683116668047	1644.3030315479984	0.1103982813031396	0	0
69	k16_b60e8760	HSat2	regional_HSat2_G1_group_enriched_exact	G3	all_available	1	1.0	1.0	1637.1971480913044	1634.2202792405108	0.0026255973648150236	0	0
69	k16_b60e8760	HSat2	regional_HSat2_G1_group_enriched_exact	G3	core	2	1.0	1.0	8019.891280501182	7013.877857399034	0.19337034638866343	0	0
69	k16_b60e8760	HSat2	regional_HSat2_G1_group_enriched_exact	G3	all_available	2	1.0	1.0	8190.033344456532	8064.667562983455	0.022254258175945802	0	0
71	k16_d34583a0	HSat2	regional_HSat2_G1_group_enriched_exact	G1	core	0	0.9936708860759493	0.8610271903323263	38.0865236044275	9.202240996652893	2.0491045763805924	1	0
71	k16_d34583a0	HSat2	regional_HSat2_G1_group_enriched_exact	G1	all_available	0	1.0	1.0	12.595522802409265	9.89324601762677	0.3483638637638371	0	0
71	k16_d34583a0	HSat2	regional_HSat2_G1_group_enriched_exact	G1	core	1	1.0	1.0	2459.3707656152033	2160.1047922690987	0.18718786245974534	0	0
71	k16_d34583a0	HSat2	regional_HSat2_G1_group_enriched_exact	G1	all_available	1	1.0	1.0	2433.7284716196173	2406.316969036572	0.016341518197920964	0	0
71	k16_d34583a0	HSat2	regional_HSat2_G1_group_enriched_exact	G1	core	2	1.0	1.0	10241.449682029437	10630.398625502363	-0.05377574787713655	0	0
71	k16_d34583a0	HSat2	regional_HSat2_G1_group_enriched_exact	G1	all_available	2	1.0	1.0	8938.082108758856	9029.556048624383	-0.01468975763427194	0	0
71	k16_d34583a0	HSat2	regional_HSat2_G1_group_enriched_exact	G2	core	0	0.7619047619047619	0.9172259507829977	22.425198662391587	10.330694936456833	1.1181081473033827	0	0
71	k16_d34583a0	HSat2	regional_HSat2_G1_group_enriched_exact	G2	all_available	0	1.0	1.0	11.347207315719194	10.688732864897798	0.08623861122812605	0	0
71	k16_d34583a0	HSat2	regional_HSat2_G1_group_enriched_exact	G2	core	1	1.0	1.0	2924.782080680832	2196.137644886302	0.41336049351433923	0	0
71	k16_d34583a0	HSat2	regional_HSat2_G1_group_enriched_exact	G2	all_available	1	1.0	1.0	2410.261790823665	2416.7889607317147	-0.0039016442874885405	0	0
71	k16_d34583a0	HSat2	regional_HSat2_G1_group_enriched_exact	G2	core	2	1.0	1.0	10177.149428787165	10603.482517039338	-0.059204637359228	0	0
71	k16_d34583a0	HSat2	regional_HSat2_G1_group_enriched_exact	G2	all_available	2	1.0	1.0	8869.236933872377	9015.20006905834	-0.023549518884233032	0	0
71	k16_d34583a0	HSat2	regional_HSat2_G1_group_enriched_exact	G3	core	0	0.8754325259515571	0.945	8.775624824487503	35.91886603531337	-2.0330438268028144	0	0
71	k16_d34583a0	HSat2	regional_HSat2_G1_group_enriched_exact	G3	all_available	0	1.0	1.0	9.630556686303787	12.554013476378701	-0.3824226816705728	0	0
71	k16_d34583a0	HSat2	regional_HSat2_G1_group_enriched_exact	G3	core	1	1.0	1.0	2150.6283557040038	2461.220392873195	-0.19461552869579726	0	0
71	k16_d34583a0	HSat2	regional_HSat2_G1_group_enriched_exact	G3	all_available	1	1.0	1.0	2405.5842888547327	2429.5884710107375	-0.014324611119985387	0	0
71	k16_d34583a0	HSat2	regional_HSat2_G1_group_enriched_exact	G3	core	2	1.0	1.0	10640.491704967537	10230.457150129783	0.056694201291899476	0	0
71	k16_d34583a0	HSat2	regional_HSat2_G1_group_enriched_exact	G3	all_available	2	1.0	1.0	9043.579406414266	8902.611532829753	0.02266529016013132	0	0
1	k16_0320c806	HSat3	G5_specific	G1	core	0	1.0	0.13315926892950392	29.469420760853293	0.0	14.846980038086118	1	1
1	k16_0320c806	HSat3	G5_specific	G1	all_available	0	1.0	0.13315926892950392	4.776881034115468	0.0	12.222155216809538	1	1
1	k16_0320c806	HSat3	G5_specific	G1	core	1	1.0	0.2454308093994778	32.40448112038684	2.978516809259613	3.4430875620358807	1	0
1	k16_0320c806	HSat3	G5_specific	G1	all_available	1	1.0	0.7493472584856397	8.28263300933179	3.3737205164941195	1.2954956113588478	0	0
1	k16_0320c806	HSat3	G5_specific	G1	core	2	1.0	1.0	82.93762035379682	58.260889510746146	0.5094915581076312	0	0
1	k16_0320c806	HSat3	G5_specific	G1	all_available	2	1.0	1.0	27.84489638580496	23.57513441024791	0.2401375445356166	0	0
1	k16_0320c806	HSat3	G5_specific	G2	core	0	0.018518518518518517	0.2809278350515464	1.980930085406985	0.0	10.952690355553958	0	0
1	k16_0320c806	HSat3	G5_specific	G2	all_available	0	0.018518518518518517	0.2809278350515464	0.2560259559608383	0.0	8.00577024820219	0	0
1	k16_0320c806	HSat3	G5_specific	G2	core	1	0.3333333333333333	0.3479381443298969	4.443625681939397	3.018383330934416	0.5578079948172352	0	0
1	k16_0320c806	HSat3	G5_specific	G2	all_available	1	0.8148148148148148	0.7783505154639175	3.7675333515745413	3.750083248264572	0.006695879335227813	0	0
1	k16_0320c806	HSat3	G5_specific	G2	core	2	1.0	1.0	64.18358366735887	58.765337513396055	0.12723683344837086	0	0
1	k16_0320c806	HSat3	G5_specific	G2	all_available	2	1.0	1.0	22.919695100754183	24.190028868707685	-0.07782133347285602	0	0
1	k16_0320c806	HSat3	G5_specific	G3	core	0	0.0	0.2956989247311828	0.0	1.7845223668108874	-10.802130490994376	0	0
1	k16_0320c806	HSat3	G5_specific	G3	all_available	0	0.0	0.2956989247311828	0.0	0.23617152054539903	-7.889786971856424	0	0
1	k16_0320c806	HSat3	G5_specific	G3	core	1	0.014285714285714285	0.40860215053763443	2.6253494329087523	3.892887491314786	-0.5681523219189515	0	0
1	k16_0320c806	HSat3	G5_specific	G3	all_available	1	0.6571428571428571	0.8064516129032258	3.0477713146131253	3.913593096731159	-0.36063441479916036	0	0
1	k16_0320c806	HSat3	G5_specific	G3	core	2	1.0	1.0	59.88541093888165	59.455868820602454	0.010385184001867175	0	0
1	k16_0320c806	HSat3	G5_specific	G3	all_available	2	1.0	1.0	21.914603942599165	24.30539362576828	-0.14937741782834887	0	0
1	k16_0320c806	HSat3	G5_specific	G4	core	0	0.07692307692307693	0.2655086848635236	1.5393976106239986	1.2374453435859805	0.31477259101798005	0	0
1	k16_0320c806	HSat3	G5_specific	G4	all_available	0	0.07692307692307693	0.2655086848635236	0.21660724498165687	0.13033355027352775	0.7284910782075513	0	0
1	k16_0320c806	HSat3	G5_specific	G4	core	1	0.3076923076923077	0.34987593052109184	3.6622166665039018	3.3745288314119137	0.11799749247704984	0	0
1	k16_0320c806	HSat3	G5_specific	G4	all_available	1	0.8205128205128205	0.7791563275434243	3.8306214129821674	3.736502750528272	0.03588038022371223	0	0
1	k16_0320c806	HSat3	G5_specific	G4	core	2	1.0	1.0	57.747736815469835	59.95065921326611	-0.054010292361130335	0	0
1	k16_0320c806	HSat3	G5_specific	G4	all_available	2	1.0	1.0	24.39778910907879	23.94763147781576	0.02686633299475448	0	0
1	k16_0320c806	HSat3	G5_specific	G5	core	0	1.0	0.15949367088607594	20.814960944336544	0.0	14.345402539883397	1	1
1	k16_0320c806	HSat3	G5_specific	G5	all_available	0	1.0	0.15949367088607594	3.844461266632251	0.0	11.908940945832175	1	1
1	k16_0320c806	HSat3	G5_specific	G5	core	1	1.0	0.2683544303797468	24.213321914840474	3.080465612377311	2.974172006480307	1	0
1	k16_0320c806	HSat3	G5_specific	G5	all_available	1	1.0	0.7569620253164557	7.73452852590802	3.435932528347517	1.170378336494356	0	0
1	k16_0320c806	HSat3	G5_specific	G5	core	2	1.0	1.0	72.04293004254305	58.61557514305717	0.2975682068148614	0	0
1	k16_0320c806	HSat3	G5_specific	G5	all_available	2	1.0	1.0	26.943860880921605	23.592934033569875	0.19159414552016205	0	0
1	k16_0320c806	HSat3	G5_specific	G6	core	0	0.0	0.27848101265822783	1.7262958007854645	0.0	10.754299451364204	0	0
1	k16_0320c806	HSat3	G5_specific	G6	all_available	0	0.0	0.27848101265822783	0.2517774385636299	0.0	7.981723892510855	0	0
1	k16_0320c806	HSat3	G5_specific	G6	core	1	0.3191489361702128	0.3493670886075949	3.8303039175922877	3.1415334103823493	0.28590738887582945	0	0
1	k16_0320c806	HSat3	G5_specific	G6	all_available	1	0.7872340425531915	0.7822784810126582	3.1888558417128494	3.845257204366361	-0.26996401471275644	0	0
1	k16_0320c806	HSat3	G5_specific	G6	core	2	1.0	1.0	56.60338011553048	60.73363405113584	-0.10160575611769372	0	0
1	k16_0320c806	HSat3	G5_specific	G6	all_available	2	1.0	1.0	22.781265941338773	24.177076490001884	-0.0857882284502586	0	0
1	k16_0320c806	HSat3	G5_specific	G7	core	0	0.0	0.34810126582278483	0.0	1.9600922233355735	-10.937441666709434	0	0
1	k16_0320c806	HSat3	G5_specific	G7	all_available	0	0.0	0.34810126582278483	0.0	0.27339954035553393	-8.100134254640599	0	0
1	k16_0320c806	HSat3	G5_specific	G7	core	1	0.007936507936507936	0.4810126582278481	2.30824717717812	4.4289059058450935	-0.9398534507454934	0	0
1	k16_0320c806	HSat3	G5_specific	G7	all_available	1	0.6428571428571429	0.8386075949367089	2.834999568540381	4.43271288904821	-0.6446580365107787	0	0
1	k16_0320c806	HSat3	G5_specific	G7	core	2	1.0	1.0	54.706869682391954	63.08807672527598	-0.20564185942927166	0	0
1	k16_0320c806	HSat3	G5_specific	G7	all_available	2	1.0	1.0	23.220371024474098	24.3994252209461	-0.07145313595149334	0	0
3	k16_0560c43a	HSat3	G6_enriched	G1	core	0	0.0	0.5430809399477807	0.0	4.072946471301001	-11.992211309124961	0	0
3	k16_0560c43a	HSat3	G6_enriched	G1	all_available	0	0.8305084745762712	0.8981723237597912	98.60045565052926	99.78209982672443	-0.01718654307291332	0	0
3	k16_0560c43a	HSat3	G6_enriched	G1	core	1	1.0	1.0	41.49269372938702	87.70626750282133	-1.0798043003528361	0	0
3	k16_0560c43a	HSat3	G6_enriched	G1	all_available	1	1.0	1.0	963.5681420182055	978.5563126062308	-0.022268157283637957	0	0
3	k16_0560c43a	HSat3	G6_enriched	G1	core	2	1.0	1.0	547.0420859424639	751.5408056282274	-0.4581988920857979	0	0
3	k16_0560c43a	HSat3	G6_enriched	G1	all_available	2	1.0	1.0	2691.8127915095856	2730.65342415031	-0.0206681327518634	0	0
3	k16_0560c43a	HSat3	G6_enriched	G2	core	0	0.0	0.5360824742268041	0.0	3.998671157163618	-11.9656656748042	0	0
3	k16_0560c43a	HSat3	G6_enriched	G2	all_available	0	0.8333333333333334	0.8969072164948454	103.52059827523829	98.86247261265736	0.06642230882949542	0	0
3	k16_0560c43a	HSat3	G6_enriched	G2	core	1	1.0	1.0	50.75250805350076	87.69165606308871	-0.7889484833318696	0	0
3	k16_0560c43a	HSat3	G6_enriched	G2	all_available	1	1.0	1.0	1012.0391376333364	971.9379217807636	0.058328948130911405	0	0
3	k16_0560c43a	HSat3	G6_enriched	G2	core	2	1.0	1.0	594.0896397158224	751.4327788612582	-0.3389629121340388	0	0
3	k16_0560c43a	HSat3	G6_enriched	G2	all_available	2	1.0	1.0	2802.9726926002104	2711.0299090157014	0.04811664224375021	0	0
3	k16_0560c43a	HSat3	G6_enriched	G3	core	0	0.0	0.5591397849462365	0.0	4.218781077424853	-12.0429524384035	0	0
3	k16_0560c43a	HSat3	G6_enriched	G3	all_available	0	0.8285714285714286	0.9005376344086021	102.48725432776114	98.9782585487994	0.05026043889204413	0	0
3	k16_0560c43a	HSat3	G6_enriched	G3	core	1	1.0	1.0	41.24672385337158	88.65094271777977	-1.1038377364330028	0	0
3	k16_0560c43a	HSat3	G6_enriched	G3	all_available	1	1.0	1.0	1003.2128322307241	973.1061697185675	0.04395854016381946	0	0
3	k16_0560c43a	HSat3	G6_enriched	G3	core	2	1.0	1.0	540.2920680986263	759.4925653218871	-0.49129556933104845	0	0
3	k16_0560c43a	HSat3	G6_enriched	G3	all_available	2	1.0	1.0	2785.996399871794	2722.635615476028	0.033189469706100504	0	0
3	k16_0560c43a	HSat3	G6_enriched	G4	core	0	0.07692307692307693	0.5086848635235732	0.3901874109153367	3.779947926062844	-3.2728161318885878	0	0
3	k16_0560c43a	HSat3	G6_enriched	G4	all_available	0	0.6923076923076923	0.9081885856079405	95.86692248842085	99.71321775307189	-0.056751057332475034	0	0
3	k16_0560c43a	HSat3	G6_enriched	G4	core	1	1.0	1.0	75.19421102229947	80.83684571791628	-0.10439009171690064	0	0
3	k16_0560c43a	HSat3	G6_enriched	G4	all_available	1	1.0	1.0	935.242835097947	978.8457335979547	-0.06574043150565663	0	0
3	k16_0560c43a	HSat3	G6_enriched	G4	core	2	1.0	1.0	742.5801343848989	729.7267825953747	0.0251902814470221	0	0
3	k16_0560c43a	HSat3	G6_enriched	G4	all_available	2	1.0	1.0	2683.437172897703	2728.5523223308337	-0.024053589199585994	0	0
3	k16_0560c43a	HSat3	G6_enriched	G5	core	0	0.851063829787234	0.4253164556962025	4.857071983541465	0.4017595461081352	3.5923931781324288	1	0
3	k16_0560c43a	HSat3	G6_enriched	G5	all_available	0	0.9361702127659575	0.8835443037974684	100.8403551237634	99.49710950398558	0.019346391267059476	0	0
3	k16_0560c43a	HSat3	G6_enriched	G5	core	1	1.0	1.0	92.9357096641374	73.42207476237397	0.3400150365865674	0	0
3	k16_0560c43a	HSat3	G6_enriched	G5	all_available	1	1.0	1.0	978.5563126062308	975.9654963580588	0.0038247269489687075	0	0
3	k16_0560c43a	HSat3	G6_enriched	G5	core	2	1.0	1.0	794.5639741096369	709.284948647839	0.16379783088942218	0	0
3	k16_0560c43a	HSat3	G6_enriched	G5	all_available	2	1.0	1.0	2732.327077266558	2723.8903617062433	0.004461557141098599	0	0
3	k16_0560c43a	HSat3	G6_enriched	G6	core	0	0.9361702127659575	0.4151898734177215	6.0821306595746325	0.3865348273677481	3.9724161173044497	1	0
3	k16_0560c43a	HSat3	G6_enriched	G6	all_available	0	0.9787234042553191	0.8784810126582279	98.2783842056957	99.71321775307189	-0.0209104078236753	0	0
3	k16_0560c43a	HSat3	G6_enriched	G6	core	1	1.0	1.0	113.78053129661684	67.61590282875446	0.750810561721092	0	0
3	k16_0560c43a	HSat3	G6_enriched	G6	all_available	1	1.0	1.0	966.3638988947114	978.5563126062308	-0.01808829691828137	0	0
3	k16_0560c43a	HSat3	G6_enriched	G6	core	2	1.0	1.0	885.527921178561	681.3979793000591	0.37803963949298974	0	0
3	k16_0560c43a	HSat3	G6_enriched	G6	all_available	2	1.0	1.0	2712.721379901234	2727.1134880804516	-0.00763385816444563	0	0
3	k16_0560c43a	HSat3	G6_enriched	G7	core	0	0.9603174603174603	0.27531645569620256	5.041065678001232	0.0	12.299799195541908	1	0
3	k16_0560c43a	HSat3	G6_enriched	G7	all_available	0	0.9841269841269841	0.8512658227848101	98.10533909125994	99.92438167854681	-0.026504819762172192	0	0
3	k16_0560c43a	HSat3	G6_enriched	G7	core	1	1.0	1.0	94.08108235223783	52.211339064090055	0.8495292006850599	0	0
3	k16_0560c43a	HSat3	G6_enriched	G7	all_available	1	1.0	1.0	970.1431529881235	978.6463968780538	-0.012590023439289026	0	0
3	k16_0560c43a	HSat3	G6_enriched	G7	core	2	1.0	1.0	780.3687618968393	608.4312562793057	0.35906123671776596	0	0
3	k16_0560c43a	HSat3	G6_enriched	G7	all_available	2	1.0	1.0	2707.896378960333	2730.871979835431	-0.012189145867406057	0	0
8	k16_0e834158	HSat3	pan	G1	core	0	1.0	1.0	1139.4443621362755	1355.9111626697431	-0.2509319751026634	0	0
8	k16_0e834158	HSat3	pan	G1	all_available	0	1.0	1.0	2420.231976463147	2456.657598320123	-0.021551449504857486	0	0
8	k16_0e834158	HSat3	pan	G1	core	1	1.0	1.0	4218.279456741104	4364.695296300895	-0.049226254545542775	0	0
8	k16_0e834158	HSat3	pan	G1	all_available	1	1.0	1.0	6918.5157071803915	6985.891905568819	-0.013981761297594411	0	0
8	k16_0e834158	HSat3	pan	G1	core	2	1.0	1.0	8051.606882331643	8167.9932845600615	-0.020704942770835885	0	0
8	k16_0e834158	HSat3	pan	G1	all_available	2	1.0	1.0	10743.097939301679	10805.295047801581	-0.008328389120149753	0	0
8	k16_0e834158	HSat3	pan	G2	core	0	1.0	1.0	1124.6075584241728	1355.449263750569	-0.2693492454401861	0	0
8	k16_0e834158	HSat3	pan	G2	all_available	0	1.0	1.0	2489.528272171342	2444.6403811750024	0.026250135600967086	0	0
8	k16_0e834158	HSat3	pan	G2	core	1	1.0	1.0	3923.56651579962	4377.545746376323	-0.15795655884366297	0	0
8	k16_0e834158	HSat3	pan	G2	all_available	1	1.0	1.0	7045.002485068497	6945.780585248625	0.020463375294931065	0	0
8	k16_0e834158	HSat3	pan	G2	core	2	1.0	1.0	7472.387623839915	8215.778659672953	-0.13682800164872902	0	0
8	k16_0e834158	HSat3	pan	G2	all_available	2	1.0	1.0	10847.534592634249	10789.547185507454	0.007732866946711249	0	0
8	k16_0e834158	HSat3	pan	G3	core	0	1.0	1.0	1157.0925947624535	1358.3162659943284	-0.23131492768976142	0	0
8	k16_0e834158	HSat3	pan	G3	all_available	0	1.0	1.0	2488.206136310785	2450.264231616494	0.022168667040467476	0	0
8	k16_0e834158	HSat3	pan	G3	core	1	1.0	1.0	4047.323258635348	4392.2425111686925	-0.1179896035416471	0	0
8	k16_0e834158	HSat3	pan	G3	all_available	1	1.0	1.0	7022.093845728154	6957.403756499105	0.013352228585687036	0	0
8	k16_0e834158	HSat3	pan	G3	core	2	1.0	1.0	7744.928051215236	8227.48578373163	-0.08719978085670851	0	0
8	k16_0e834158	HSat3	pan	G3	all_available	2	1.0	1.0	10831.25112832039	10799.125250889447	0.00428544312268437	0	0
8	k16_0e834158	HSat3	pan	G4	core	0	1.0	1.0	1307.7203334327191	1331.2162126270648	-0.02569084771087065	0	0
8	k16_0e834158	HSat3	pan	G4	all_available	0	1.0	1.0	2429.570451033879	2454.7784101311345	-0.0148915266359754	0	0
8	k16_0e834158	HSat3	pan	G4	core	1	1.0	1.0	4285.52832806271	4339.456900838402	-0.018041417653156415	0	0
8	k16_0e834158	HSat3	pan	G4	all_available	1	1.0	1.0	6878.503979592825	6987.259689571618	-0.022631933185820467	0	0
8	k16_0e834158	HSat3	pan	G4	core	2	1.0	1.0	8070.476225480393	8152.620780738399	-0.014610100730193143	0	0
8	k16_0e834158	HSat3	pan	G4	all_available	2	1.0	1.0	10694.944890219294	10809.191169549324	-0.015329523175938083	0	0
8	k16_0e834158	HSat3	pan	G5	core	0	1.0	1.0	1379.4245040968908	1304.6683886466506	0.08038328082448204	0	0
8	k16_0e834158	HSat3	pan	G5	all_available	0	1.0	1.0	2462.35753931825	2450.2431645882248	0.007115325552216039	0	0
8	k16_0e834158	HSat3	pan	G5	core	1	1.0	1.0	4549.616984757299	4301.463806124138	0.0809173785012813	0	0
8	k16_0e834158	HSat3	pan	G5	all_available	1	1.0	1.0	6999.433914766002	6959.294393181218	0.008297208567520606	0	0
8	k16_0e834158	HSat3	pan	G5	core	2	1.0	1.0	8483.114813567996	8078.081344645608	0.0705814057296205	0	0
8	k16_0e834158	HSat3	pan	G5	all_available	2	1.0	1.0	10866.470886544026	10791.93979578125	0.009929264997569463	0	0
8	k16_0e834158	HSat3	pan	G6	core	0	1.0	1.0	1420.2023788389845	1290.0020496199813	0.13872306801717096	0	0
8	k16_0e834158	HSat3	pan	G6	all_available	0	1.0	1.0	2450.285298644763	2452.7586359853935	-0.0014555326896867062	0	0
8	k16_0e834158	HSat3	pan	G6	core	1	1.0	1.0	4449.859040300602	4306.040484336834	0.047397741798638794	0	0
8	k16_0e834158	HSat3	pan	G6	all_available	1	1.0	1.0	6922.363265757446	6985.891905568819	-0.013179665848253926	0	0
8	k16_0e834158	HSat3	pan	G6	core	2	1.0	1.0	8206.62065746653	8121.573398705438	0.01502901699976785	0	0
8	k16_0e834158	HSat3	pan	G6	all_available	2	1.0	1.0	10756.705776076067	10809.383933419917	-0.007047977773192599	0	0
8	k16_0e834158	HSat3	pan	G7	core	0	1.0	1.0	1394.213036551663	1179.741629175579	0.24097989965510938	0	0
8	k16_0e834158	HSat3	pan	G7	all_available	0	1.0	1.0	2454.7581660800342	2450.7653097235693	0.0023485660669803447	0	0
8	k16_0e834158	HSat3	pan	G7	core	1	1.0	1.0	4452.060820981363	4213.024671531647	0.07961691916501037	0	0
8	k16_0e834158	HSat3	pan	G7	all_available	1	1.0	1.0	6950.395887543314	6977.286668978107	-0.005570954033426754	0	0
8	k16_0e834158	HSat3	pan	G7	core	2	1.0	1.0	8315.541190547652	7981.068827809764	0.05922818685377615	0	0
8	k16_0e834158	HSat3	pan	G7	all_available	2	1.0	1.0	10805.500781805078	10803.913993675804	0.00021187534980188102	0	0
9	k16_1483a0d8	HSat3	G3_enriched	G1	core	0	0.0	0.5848563968668408	0.3812291896516099	9.813463581360446	-4.6823995562486145	0	0
9	k16_1483a0d8	HSat3	G3_enriched	G1	all_available	0	0.288135593220339	0.6997389033942559	0.47353142810330895	1.672499438771907	-1.8182925223277044	0	0
9	k16_1483a0d8	HSat3	G3_enriched	G1	core	1	1.0	1.0	163.0441519113828	131.63005480989167	0.3087716493559693	0	0
9	k16_1483a0d8	HSat3	G3_enriched	G1	all_available	1	1.0	1.0	63.05030947059187	57.6901244760174	0.1281769495357279	0	0
9	k16_1483a0d8	HSat3	G3_enriched	G1	core	2	1.0	1.0	1431.133904987778	1376.3037302755718	0.056359737881201924	0	0
9	k16_1483a0d8	HSat3	G3_enriched	G1	all_available	2	1.0	1.0	1453.0513101218285	1440.7292890503625	0.012286359134314397	0	0
9	k16_1483a0d8	HSat3	G3_enriched	G2	core	0	0.1111111111111111	0.5618556701030928	0.5694053025568625	9.571301004114897	-4.0688064651791365	0	0
9	k16_1483a0d8	HSat3	G3_enriched	G2	all_available	0	0.3888888888888889	0.6804123711340206	0.5015996840180441	1.5995884456221483	-1.6711207304882116	0	0
9	k16_1483a0d8	HSat3	G3_enriched	G2	core	1	1.0	1.0	130.61171734569868	134.6191633956088	-0.04359913850209103	0	0
9	k16_1483a0d8	HSat3	G3_enriched	G2	all_available	1	1.0	1.0	54.576251150214134	59.02503151392676	-0.11305161525426848	0	0
9	k16_1483a0d8	HSat3	G3_enriched	G2	core	2	1.0	1.0	1357.62419678484	1383.3647483591249	-0.0270973954876906	0	0
9	k16_1483a0d8	HSat3	G3_enriched	G2	all_available	2	1.0	1.0	1439.170704390442	1443.527102834228	-0.004360467364481499	0	0
9	k16_1483a0d8	HSat3	G3_enriched	G3	core	0	1.0	0.41397849462365593	12.222209433798279	1.1488269649608787	3.410134467168059	1	0
9	k16_1483a0d8	HSat3	G3_enriched	G3	all_available	0	1.0	0.5779569892473119	2.2223116637286866	0.6663948026578421	1.7360978427888432	0	0
9	k16_1483a0d8	HSat3	G3_enriched	G3	core	1	1.0	1.0	125.38558463742183	136.3020701400605	-0.1204350587421447	0	0
9	k16_1483a0d8	HSat3	G3_enriched	G3	all_available	1	1.0	1.0	54.866348275459934	59.219761135186175	-0.11015518046126005	0	0
9	k16_1483a0d8	HSat3	G3_enriched	G3	core	2	1.0	1.0	1365.1537196799377	1385.3823325201397	-0.021220753939741762	0	0
9	k16_1483a0d8	HSat3	G3_enriched	G3	all_available	2	1.0	1.0	1442.0885352832113	1444.5509567393697	-0.0024613545498418797	0	0
9	k16_1483a0d8	HSat3	G3_enriched	G4	core	0	0.5384615384615384	0.5037220843672456	7.927422286938814	5.984317445664349	0.4056060400073513	0	0
9	k16_1483a0d8	HSat3	G3_enriched	G4	all_available	0	0.6666666666666666	0.6426799007444168	1.603001388555425	1.1635882968616278	0.4618553646291049	0	0
9	k16_1483a0d8	HSat3	G3_enriched	G4	core	1	1.0	1.0	128.32187342664844	134.5585661046563	-0.06846660632789915	0	0
9	k16_1483a0d8	HSat3	G3_enriched	G4	all_available	1	1.0	1.0	58.984302854693844	58.59173885487958	0.009633639614371942	0	0
9	k16_1483a0d8	HSat3	G3_enriched	G4	core	2	1.0	1.0	1412.576964204626	1379.4451482176137	0.034241359323590834	0	0
9	k16_1483a0d8	HSat3	G3_enriched	G4	all_available	2	1.0	1.0	1447.8345544687616	1442.652815625231	0.005172602963598631	0	0
9	k16_1483a0d8	HSat3	G3_enriched	G5	core	0	0.02127659574468085	0.5645569620253165	0.6381335868850785	9.628249949368685	-3.9132340176346205	0	0
9	k16_1483a0d8	HSat3	G3_enriched	G5	all_available	0	0.2765957446808511	0.6886075949367089	0.41556607071106033	1.617867170331829	-1.958367374101569	0	0
9	k16_1483a0d8	HSat3	G3_enriched	G5	core	1	1.0	1.0	159.10513873888743	132.37677659320292	0.2653285550333032	0	0
9	k16_1483a0d8	HSat3	G3_enriched	G5	all_available	1	1.0	1.0	63.11333796624513	57.97288989215139	0.12256449610276804	0	0
9	k16_1483a0d8	HSat3	G3_enriched	G5	core	2	1.0	1.0	1429.5548728664305	1376.3954300128444	0.05467095222439452	0	0
9	k16_1483a0d8	HSat3	G3_enriched	G5	all_available	2	1.0	1.0	1454.334202628978	1441.8156676406884	0.01247209513588158	0	0
9	k16_1483a0d8	HSat3	G3_enriched	G6	core	0	0.0	0.5670886075949367	0.443913523869896	9.628249949368685	-4.435826569326345	0	0
9	k16_1483a0d8	HSat3	G3_enriched	G6	all_available	0	0.2553191489361702	0.6911392405063291	0.42049931770982135	1.617867170331829	-1.9413824149677708	0	0
9	k16_1483a0d8	HSat3	G3_enriched	G6	core	1	1.0	1.0	136.6141730607916	133.3970816106406	0.03437980499370512	0	0
9	k16_1483a0d8	HSat3	G3_enriched	G6	all_available	1	1.0	1.0	57.134465270635005	58.822777791143686	-0.04201290326475836	0	0
9	k16_1483a0d8	HSat3	G3_enriched	G6	core	2	1.0	1.0	1369.2623997452067	1383.2852556532673	-0.014699738231860028	0	0
9	k16_1483a0d8	HSat3	G3_enriched	G6	all_available	2	1.0	1.0	1439.59128093947	1443.7766375433182	-0.004188291914155553	0	0
9	k16_1483a0d8	HSat3	G3_enriched	G7	core	0	1.0	0.310126582278481	10.534572181291967	0.9012666396667685	3.545571013399569	1	0
9	k16_1483a0d8	HSat3	G3_enriched	G7	all_available	0	1.0	0.5031645569620253	2.2341613350917937	0.5517193479435345	2.0157599495394147	1	0
9	k16_1483a0d8	HSat3	G3_enriched	G7	core	1	1.0	1.0	131.49902353294965	136.62086962271292	-0.055125382523619565	0	0
9	k16_1483a0d8	HSat3	G3_enriched	G7	all_available	1	1.0	1.0	58.71797965306672	58.367735544950115	0.008631083869689487	0	0
9	k16_1483a0d8	HSat3	G3_enriched	G7	core	2	1.0	1.0	1376.5537901904436	1386.0980825771812	-0.009968355581901536	0	0
9	k16_1483a0d8	HSat3	G3_enriched	G7	all_available	2	1.0	1.0	1437.3227127168902	1446.1997289782043	-0.008882787751947386	0	0
10	k16_158ba0ed	HSat3	G3_enriched	G1	core	0	0.7796610169491526	0.3629242819843342	8.939889967834276	0.46024390165324214	4.276816701286309	0	0
10	k16_158ba0ed	HSat3	G3_enriched	G1	all_available	0	0.8983050847457628	0.6840731070496083	2.024290428996429	0.8371757082166389	1.2728041915878054	0	0
10	k16_158ba0ed	HSat3	G3_enriched	G1	core	1	1.0	1.0	118.98066498337563	211.41862878706067	-0.8293700547058868	0	0
10	k16_158ba0ed	HSat3	G3_enriched	G1	all_available	1	1.0	1.0	224.83879547144687	237.42650065747475	-0.07858964090263737	0	0
10	k16_158ba0ed	HSat3	G3_enriched	G1	core	2	1.0	1.0	1572.7684675000116	1607.0240149016633	-0.031085166409335684	0	0
10	k16_158ba0ed	HSat3	G3_enriched	G1	all_available	2	1.0	1.0	1321.5839377267198	1318.4907879864024	0.003380563746097343	0	0
10	k16_158ba0ed	HSat3	G3_enriched	G2	core	0	0.9074074074074074	0.35051546391752575	12.322880090033744	0.44695974987585174	4.781943631145065	1	0
10	k16_158ba0ed	HSat3	G3_enriched	G2	all_available	0	0.9814814814814815	0.6752577319587629	1.9809209729628376	0.8050417179295454	1.2979730230069468	0	0
10	k16_158ba0ed	HSat3	G3_enriched	G2	core	1	1.0	1.0	151.91170476851596	211.0879371987684	-0.47460844114116363	0	0
10	k16_158ba0ed	HSat3	G3_enriched	G2	all_available	1	1.0	1.0	238.2653636173097	236.2190099091796	0.012444119855186783	0	0
10	k16_158ba0ed	HSat3	G3_enriched	G2	core	2	1.0	1.0	1458.8404113871518	1616.334858409477	-0.14790394840911217	0	0
10	k16_158ba0ed	HSat3	G3_enriched	G2	all_available	2	1.0	1.0	1285.3433055649155	1323.9127264711076	-0.0426542448910563	0	0
10	k16_158ba0ed	HSat3	G3_enriched	G3	core	0	0.9428571428571428	0.31989247311827956	10.703500032729071	0.4356569918145149	4.615573163160159	1	0
10	k16_158ba0ed	HSat3	G3_enriched	G3	all_available	0	0.9714285714285714	0.6639784946236559	1.891465874440025	0.7750463850214534	1.2860524939594264	0	0
10	k16_158ba0ed	HSat3	G3_enriched	G3	core	1	1.0	1.0	138.53377553612393	212.5582889648657	-0.6176171343338167	0	0
10	k16_158ba0ed	HSat3	G3_enriched	G3	all_available	1	1.0	1.0	229.32570878826579	238.5352692120457	-0.05680425353869414	0	0
10	k16_158ba0ed	HSat3	G3_enriched	G3	core	2	1.0	1.0	1481.6124216535918	1620.924599803573	-0.12964880006025106	0	0
10	k16_158ba0ed	HSat3	G3_enriched	G3	all_available	2	1.0	1.0	1295.8479141887544	1322.861319142065	-0.029765395511818664	0	0
10	k16_158ba0ed	HSat3	G3_enriched	G4	core	0	0.5897435897435898	0.40198511166253104	9.049276092717491	0.6858564735592042	3.7198812363407048	0	0
10	k16_158ba0ed	HSat3	G3_enriched	G4	all_available	0	0.8717948717948718	0.6972704714640199	2.0037517356942813	0.9631793272111289	1.0560501847503345	0	0
10	k16_158ba0ed	HSat3	G3_enriched	G4	core	1	1.0	1.0	191.78315717695193	202.42747874062832	-0.07792872275696167	0	0
10	k16_158ba0ed	HSat3	G3_enriched	G4	all_available	1	1.0	1.0	231.0899513968093	236.9604795077122	-0.036191782762074964	0	0
10	k16_158ba0ed	HSat3	G3_enriched	G4	core	2	1.0	1.0	1573.6732766930681	1608.7666650565163	-0.031819031160479266	0	0
10	k16_158ba0ed	HSat3	G3_enriched	G4	all_available	2	1.0	1.0	1328.423120243049	1318.4907879864024	0.010827237618296471	0	0
10	k16_158ba0ed	HSat3	G3_enriched	G5	core	0	0.0	0.46835443037974683	0.3423173377569862	2.9780390888902124	-3.117232432438381	0	0
10	k16_158ba0ed	HSat3	G3_enriched	G5	all_available	0	0.5531914893617021	0.7316455696202532	0.5059913024592807	1.1459910578920907	-1.1778212411171798	0	0
10	k16_158ba0ed	HSat3	G3_enriched	G5	core	1	1.0	1.0	211.41862878706067	192.2479218720166	0.13713381915800432	0	0
10	k16_158ba0ed	HSat3	G3_enriched	G5	all_available	1	1.0	1.0	242.12225832321744	236.50102696022861	0.03388912270369722	0	0
10	k16_158ba0ed	HSat3	G3_enriched	G5	core	2	1.0	1.0	1687.2816947407462	1590.245296461092	0.08545148270995795	0	0
10	k16_158ba0ed	HSat3	G3_enriched	G5	all_available	2	1.0	1.0	1334.416370673704	1317.13571585644	0.018804872289680013	0	0
10	k16_158ba0ed	HSat3	G3_enriched	G6	core	0	0.0	0.46835443037974683	0.439203671039964	2.9780390888902124	-2.758603972136773	0	0
10	k16_158ba0ed	HSat3	G3_enriched	G6	all_available	0	0.5319148936170213	0.7341772151898734	0.6214641795504477	1.081781467335306	-0.7986793769440167	0	0
10	k16_158ba0ed	HSat3	G3_enriched	G6	core	1	1.0	1.0	262.3528926071086	182.6672939972473	0.522287950740743	0	0
10	k16_158ba0ed	HSat3	G3_enriched	G6	all_available	1	1.0	1.0	250.92836746037878	233.98374376653797	0.10086685958953746	0	0
10	k16_158ba0ed	HSat3	G3_enriched	G6	core	2	1.0	1.0	1645.4747321975722	1582.9974529583262	0.0558449039159624	0	0
10	k16_158ba0ed	HSat3	G3_enriched	G6	all_available	2	1.0	1.0	1334.8940842114869	1317.13571585644	0.019321256168248802	0	0
10	k16_158ba0ed	HSat3	G3_enriched	G7	core	0	0.007936507936507936	0.5822784810126582	0.3639280132905066	5.14203881006933	-3.8169372333481015	0	0
10	k16_158ba0ed	HSat3	G3_enriched	G7	all_available	0	0.4444444444444444	0.819620253164557	0.5039981841635525	1.409082527372207	-1.481429495721141	0	0
10	k16_158ba0ed	HSat3	G3_enriched	G7	core	1	1.0	1.0	227.0651393983261	152.66482821734553	0.572735409968915	0	0
10	k16_158ba0ed	HSat3	G3_enriched	G7	all_available	1	1.0	1.0	238.26604840603648	235.59180647304652	0.016283956091671162	0	0
10	k16_158ba0ed	HSat3	G3_enriched	G7	core	2	1.0	1.0	1636.7404220968258	1537.7790221641412	0.08997727597821445	0	0
10	k16_158ba0ed	HSat3	G3_enriched	G7	all_available	2	1.0	1.0	1328.6117202560283	1315.641126210286	0.014153523678355737	0	0
11	k16_1d1f53d4	HSat3	chromosome_HSat3_chr1	G1	core	0	0.0	0.0	0.732066565348654	0.7701164030943277	-0.07300445041255739	0	0
11	k16_1d1f53d4	HSat3	chromosome_HSat3_chr1	G1	all_available	0	0.5084745762711864	0.4308093994778068	1.8135515164038483	0.6874642948231876	1.398159276257884	0	0
11	k16_1d1f53d4	HSat3	chromosome_HSat3_chr1	G1	core	1	1.0	1.0	79.77403923929256	93.9760973536679	-0.23637179514869414	0	0
11	k16_1d1f53d4	HSat3	chromosome_HSat3_chr1	G1	all_available	1	1.0	1.0	35.70070208871689	36.72107557897544	-0.040654747249825075	0	0
11	k16_1d1f53d4	HSat3	chromosome_HSat3_chr1	G1	core	2	1.0	1.0	3331.215826926248	3328.1469552096205	0.001329690282772354	0	0
11	k16_1d1f53d4	HSat3	chromosome_HSat3_chr1	G1	all_available	2	1.0	1.0	1924.6474024087074	1906.1702876185473	0.013917151290176462	0	0
11	k16_1d1f53d4	HSat3	chromosome_HSat3_chr1	G2	core	0	0.0	0.0	0.9825065793355918	0.753456228442396	0.3824975018671874	0	0
11	k16_1d1f53d4	HSat3	chromosome_HSat3_chr1	G2	all_available	0	0.3333333333333333	0.45618556701030927	0.4409086244857099	0.8639209116092439	-0.9688201310589276	0	0
11	k16_1d1f53d4	HSat3	chromosome_HSat3_chr1	G2	core	1	1.0	1.0	75.66248485070932	93.98947075186025	-0.31291727173699563	0	0
11	k16_1d1f53d4	HSat3	chromosome_HSat3_chr1	G2	all_available	1	1.0	1.0	33.30969687304463	37.37438015018763	-0.16610271715441327	0	0
11	k16_1d1f53d4	HSat3	chromosome_HSat3_chr1	G2	core	2	1.0	1.0	3268.051189496396	3339.9966557439348	-0.03141606717540145	0	0
11	k16_1d1f53d4	HSat3	chromosome_HSat3_chr1	G2	all_available	2	1.0	1.0	1844.9436647001144	1915.42606759695	-0.054088548017463454	0	0
11	k16_1d1f53d4	HSat3	chromosome_HSat3_chr1	G3	core	0	0.0	0.0	0.8142873427714357	0.7491703331687862	0.12009040737582753	0	0
11	k16_1d1f53d4	HSat3	chromosome_HSat3_chr1	G3	all_available	0	0.37142857142857144	0.4543010752688172	0.47448615024450935	0.9353061523597471	-0.9775770182931964	0	0
11	k16_1d1f53d4	HSat3	chromosome_HSat3_chr1	G3	core	1	1.0	1.0	81.39574387877329	94.38169092485347	-0.2135512210459491	0	0
11	k16_1d1f53d4	HSat3	chromosome_HSat3_chr1	G3	all_available	1	1.0	1.0	33.1943693386924	37.313732612197285	-0.16876334449883687	0	0
11	k16_1d1f53d4	HSat3	chromosome_HSat3_chr1	G3	core	2	1.0	1.0	3277.1024694377375	3345.217386885969	-0.029679173381625193	0	0
11	k16_1d1f53d4	HSat3	chromosome_HSat3_chr1	G3	all_available	2	1.0	1.0	1853.0579610596096	1912.4602882282475	-0.04552175917048649	0	0
11	k16_1d1f53d4	HSat3	chromosome_HSat3_chr1	G4	core	0	0.0	0.0	0.7270361100659967	0.7742275144974102	-0.09060976718983192	0	0
11	k16_1d1f53d4	HSat3	chromosome_HSat3_chr1	G4	all_available	0	0.5641025641025641	0.4292803970223325	2.6382158951942354	0.6874642948231876	1.9386556316791619	0	0
11	k16_1d1f53d4	HSat3	chromosome_HSat3_chr1	G4	core	1	1.0	1.0	91.33892817045505	92.14801452040061	-0.012723081978102464	0	0
11	k16_1d1f53d4	HSat3	chromosome_HSat3_chr1	G4	all_available	1	1.0	1.0	41.18718326204762	36.456145548896075	0.17602888443008446	0	0
11	k16_1d1f53d4	HSat3	chromosome_HSat3_chr1	G4	core	2	1.0	1.0	3380.566319909061	3324.683889442102	0.024047767170559925	0	0
11	k16_1d1f53d4	HSat3	chromosome_HSat3_chr1	G4	all_available	2	1.0	1.0	1942.3648010558773	1906.4360504436277	0.026936030800833618	0	0
11	k16_1d1f53d4	HSat3	chromosome_HSat3_chr1	G5	core	0	0.0	0.0	0.6938674262202092	0.775074833475172	-0.15945801958835873	0	0
11	k16_1d1f53d4	HSat3	chromosome_HSat3_chr1	G5	all_available	0	0.5106382978723404	0.43291139240506327	1.3202432796448482	0.704579697576276	0.9050151791728671	0	0
11	k16_1d1f53d4	HSat3	chromosome_HSat3_chr1	G5	core	1	1.0	1.0	95.53033635805501	90.82648451631451	0.07284512116314139	0	0
11	k16_1d1f53d4	HSat3	chromosome_HSat3_chr1	G5	all_available	1	1.0	1.0	38.5098205927264	36.49685013376595	0.0774523784538	0	0
11	k16_1d1f53d4	HSat3	chromosome_HSat3_chr1	G5	core	2	1.0	1.0	3410.8336364299985	3321.311305220703	0.03837142532354255	0	0
11	k16_1d1f53d4	HSat3	chromosome_HSat3_chr1	G5	all_available	2	1.0	1.0	1906.1702876185473	1912.5172364592681	-0.0047957394762515515	0	0
11	k16_1d1f53d4	HSat3	chromosome_HSat3_chr1	G6	core	0	0.0	0.0	0.8511786483538418	0.7529340900320938	0.17671749812241683	0	0
11	k16_1d1f53d4	HSat3	chromosome_HSat3_chr1	G6	all_available	0	0.574468085106383	0.4253164556962025	2.63804328942702	0.6874642948231876	1.9385612757653012	0	0
11	k16_1d1f53d4	HSat3	chromosome_HSat3_chr1	G6	core	1	1.0	1.0	100.29647106645635	90.28140203118157	0.15176852168048358	0	0
11	k16_1d1f53d4	HSat3	chromosome_HSat3_chr1	G6	all_available	1	1.0	1.0	39.9919610285014	36.154399751694314	0.14553497294039297	0	0
11	k16_1d1f53d4	HSat3	chromosome_HSat3_chr1	G6	core	2	1.0	1.0	3380.008325958519	3324.0212911367194	0.024097170168232502	0	0
11	k16_1d1f53d4	HSat3	chromosome_HSat3_chr1	G6	all_available	2	1.0	1.0	1958.0962563692551	1902.3002151764292	0.04170671941261823	0	0
11	k16_1d1f53d4	HSat3	chromosome_HSat3_chr1	G7	core	0	0.0	0.0	0.7137764060170589	0.8139924000191492	-0.18929459257340006	0	0
11	k16_1d1f53d4	HSat3	chromosome_HSat3_chr1	G7	all_available	0	0.38095238095238093	0.4651898734177215	0.47896552204635956	0.9353061523597471	-0.964049563123477	0	0
11	k16_1d1f53d4	HSat3	chromosome_HSat3_chr1	G7	core	1	1.0	1.0	99.6854570830524	84.21635373445704	0.24327997634464343	0	0
11	k16_1d1f53d4	HSat3	chromosome_HSat3_chr1	G7	all_available	1	1.0	1.0	38.29697808008148	35.99562626870632	0.08940652949605696	0	0
11	k16_1d1f53d4	HSat3	chromosome_HSat3_chr1	G7	core	2	1.0	1.0	3350.6747584745003	3311.2089987452973	0.017093575004419412	0	0
11	k16_1d1f53d4	HSat3	chromosome_HSat3_chr1	G7	all_available	2	1.0	1.0	1920.4702963270352	1902.1075370255955	0.013860830494287022	0	0
12	k16_1dabe3d4	HSat3	chromosome	G1	core	0	1.0	1.0	953.7879210210713	1088.8238958132943	-0.19103002938190605	0	0
12	k16_1dabe3d4	HSat3	chromosome	G1	all_available	0	1.0	1.0	2261.9025954806675	2283.8464278763477	-0.013928833289790587	0	0
12	k16_1dabe3d4	HSat3	chromosome	G1	core	1	1.0	1.0	3623.067586803163	3662.6373374314744	-0.015671133881849524	0	0
12	k16_1dabe3d4	HSat3	chromosome	G1	all_available	1	1.0	1.0	4872.729557059404	4909.114056331378	-0.010732530612864334	0	0
12	k16_1dabe3d4	HSat3	chromosome	G1	core	2	1.0	1.0	7118.297987988364	6924.974307873222	0.039723604243235816	0	0
12	k16_1dabe3d4	HSat3	chromosome	G1	all_available	2	1.0	1.0	8100.683922105964	8090.154360708742	0.0018764866908441387	0	0
12	k16_1dabe3d4	HSat3	chromosome	G2	core	0	1.0	1.0	929.7740819172382	1088.799636348971	-0.2277861480482118	0	0
12	k16_1dabe3d4	HSat3	chromosome	G2	all_available	0	1.0	1.0	2330.882719084767	2275.8778563747323	0.034453268538030234	0	0
12	k16_1dabe3d4	HSat3	chromosome	G2	core	1	1.0	1.0	3332.9304627804304	3673.5294861958673	-0.1403755967441155	0	0
12	k16_1dabe3d4	HSat3	chromosome	G2	all_available	1	1.0	1.0	4924.032861389393	4888.467965400196	0.01045798908956893	0	0
12	k16_1dabe3d4	HSat3	chromosome	G2	core	2	1.0	1.0	6330.791558967343	6999.899272466209	-0.14494824457896974	0	0
12	k16_1dabe3d4	HSat3	chromosome	G2	all_available	2	1.0	1.0	8087.417469183478	8097.3457172173	-0.0017699899670804064	0	0
12	k16_1dabe3d4	HSat3	chromosome	G3	core	0	1.0	1.0	933.4542570996099	1093.2157059630483	-0.22792663449511877	0	0
12	k16_1dabe3d4	HSat3	chromosome	G3	all_available	0	1.0	1.0	2315.7903823968936	2278.592644645093	0.02336163125737544	0	0
12	k16_1dabe3d4	HSat3	chromosome	G3	core	1	1.0	1.0	3516.0462843249534	3688.6934190083393	-0.06915580520375408	0	0
12	k16_1dabe3d4	HSat3	chromosome	G3	all_available	1	1.0	1.0	4933.698886387134	4894.1211756324865	0.011619843205445615	0	0
12	k16_1dabe3d4	HSat3	chromosome	G3	core	2	1.0	1.0	6606.813798642651	7011.114052538118	-0.085689005844895	0	0
12	k16_1dabe3d4	HSat3	chromosome	G3	all_available	2	1.0	1.0	8112.195323002319	8091.584798594253	0.0036700959277540892	0	0
12	k16_1dabe3d4	HSat3	chromosome	G4	core	0	1.0	1.0	1045.169221384896	1068.1696623619816	-0.03140424021432703	0	0
12	k16_1dabe3d4	HSat3	chromosome	G4	all_available	0	1.0	1.0	2246.493170545024	2281.1918795228835	-0.022113116423887046	0	0
12	k16_1dabe3d4	HSat3	chromosome	G4	core	1	1.0	1.0	3632.1220011855844	3655.0360450559283	-0.00907296840003677	0	0
12	k16_1dabe3d4	HSat3	chromosome	G4	all_available	1	1.0	1.0	4837.593653403146	4909.114056331378	-0.021173090345438236	0	0
12	k16_1dabe3d4	HSat3	chromosome	G4	core	2	1.0	1.0	6819.325634023608	6958.166323788066	-0.02907808287125318	0	0
12	k16_1dabe3d4	HSat3	chromosome	G4	all_available	2	1.0	1.0	8025.750490595767	8106.805152034515	-0.014497160917889917	0	0
12	k16_1dabe3d4	HSat3	chromosome	G5	core	0	1.0	1.0	1134.3137701140063	1044.968156936954	0.11836068018132133	0	0
12	k16_1dabe3d4	HSat3	chromosome	G5	all_available	0	1.0	1.0	2297.5583813426706	2277.4049812076864	0.012710652956343304	0	0
12	k16_1dabe3d4	HSat3	chromosome	G5	core	1	1.0	1.0	3790.6700751981257	3630.0403528407796	0.06246729288042503	0	0
12	k16_1dabe3d4	HSat3	chromosome	G5	all_available	1	1.0	1.0	4935.502967987826	4889.998049731328	0.013363222048991074	0	0
12	k16_1dabe3d4	HSat3	chromosome	G5	core	2	1.0	1.0	7358.9783723816745	6892.592030330987	0.09445885603813574	0	0
12	k16_1dabe3d4	HSat3	chromosome	G5	all_available	2	1.0	1.0	8148.149563642131	8083.061403518355	0.011570653328401171	0	0
12	k16_1dabe3d4	HSat3	chromosome	G6	core	0	1.0	1.0	1143.2458517066534	1037.1655055508195	0.14048942483873547	0	0
12	k16_1dabe3d4	HSat3	chromosome	G6	all_available	0	1.0	1.0	2276.1301029554425	2281.1137514516363	-0.0031553653530175386	0	0
12	k16_1dabe3d4	HSat3	chromosome	G6	core	1	1.0	1.0	3636.235185767612	3656.644988163708	-0.008075050953253081	0	0
12	k16_1dabe3d4	HSat3	chromosome	G6	all_available	1	1.0	1.0	4872.183354708332	4909.811181871371	-0.011099114009003576	0	0
12	k16_1dabe3d4	HSat3	chromosome	G6	core	2	1.0	1.0	6930.767335833366	6958.166323788066	-0.005692075518677048	0	0
12	k16_1dabe3d4	HSat3	chromosome	G6	all_available	2	1.0	1.0	8058.898239593059	8109.003825565764	-0.008942075798503764	0	0
12	k16_1dabe3d4	HSat3	chromosome	G7	core	0	1.0	1.0	1110.9650164874397	963.5903099757686	0.2053213985904716	0	0
12	k16_1dabe3d4	HSat3	chromosome	G7	all_available	0	1.0	1.0	2276.2695168593773	2280.9902799969705	-0.0029889105815878478	0	0
12	k16_1dabe3d4	HSat3	chromosome	G7	core	1	1.0	1.0	3742.8814812042942	3578.7029978777246	0.06471253094539307	0	0
12	k16_1dabe3d4	HSat3	chromosome	G7	all_available	1	1.0	1.0	4896.458415177285	4904.077466016962	-0.002243135878934768	0	0
12	k16_1dabe3d4	HSat3	chromosome	G7	core	2	1.0	1.0	7052.347586728964	6795.370317121432	0.05355140078240553	0	0
12	k16_1dabe3d4	HSat3	chromosome	G7	all_available	2	1.0	1.0	8110.250895461833	8089.638888692334	0.0036712413134861693	0	0
14	k16_281a0283	HSat3	regional_HSat3_G1_group_specific_exact	G1	core	0	1.0	0.16971279373368145	27.448501654915912	1.2888312781307565	4.411525692133401	1	1
14	k16_281a0283	HSat3	regional_HSat3_G1_group_specific_exact	G1	all_available	0	1.0	0.825065274151436	6.429864467250008	2.253738066054487	1.5120528398107438	0	0
14	k16_281a0283	HSat3	regional_HSat3_G1_group_specific_exact	G1	core	1	1.0	1.0	317.3508560786415	305.41602191801263	0.05530280983468634	0	0
14	k16_281a0283	HSat3	regional_HSat3_G1_group_specific_exact	G1	all_available	1	1.0	1.0	291.13975812775107	290.6756133108587	0.0023018204698116752	0	0
14	k16_281a0283	HSat3	regional_HSat3_G1_group_specific_exact	G1	core	2	1.0	1.0	6087.271709367049	5951.930217995951	0.032438145496667306	0	0
14	k16_281a0283	HSat3	regional_HSat3_G1_group_specific_exact	G1	all_available	2	1.0	1.0	6764.514833312794	6750.107455208808	0.0030759953622357065	0	0
14	k16_281a0283	HSat3	regional_HSat3_G1_group_specific_exact	G2	core	0	0.12962962962962962	0.3015463917525773	2.501228715398999	1.3208195647421588	0.9206884097045528	0	0
14	k16_281a0283	HSat3	regional_HSat3_G1_group_specific_exact	G2	all_available	0	0.8333333333333334	0.8505154639175257	2.3159926807800097	2.4809480834844164	-0.09921945116145213	0	0
14	k16_281a0283	HSat3	regional_HSat3_G1_group_specific_exact	G2	core	1	1.0	1.0	274.0619838432507	311.0546584444742	-0.18266526614206016	0	0
14	k16_281a0283	HSat3	regional_HSat3_G1_group_specific_exact	G2	all_available	1	1.0	1.0	289.0701774612769	290.87097678385874	-0.008959542269619319	0	0
14	k16_281a0283	HSat3	regional_HSat3_G1_group_specific_exact	G2	core	2	1.0	1.0	5720.6163538110795	5985.229528617651	-0.06523596822031005	0	0
14	k16_281a0283	HSat3	regional_HSat3_G1_group_specific_exact	G2	all_available	2	1.0	1.0	6760.518474722124	6750.849562159601	0.0020648231153196908	0	0
14	k16_281a0283	HSat3	regional_HSat3_G1_group_specific_exact	G3	core	0	0.0	0.3333333333333333	1.1669164466712743	2.213038743539747	-0.9227434013278664	0	0
14	k16_281a0283	HSat3	regional_HSat3_G1_group_specific_exact	G3	all_available	0	0.8142857142857143	0.8548387096774194	2.0674103054545774	2.5431610800647553	-0.29866761786812873	0	0
14	k16_281a0283	HSat3	regional_HSat3_G1_group_specific_exact	G3	core	1	1.0	1.0	342.8809960776862	302.5406583262941	0.18057834650317803	0	0
14	k16_281a0283	HSat3	regional_HSat3_G1_group_specific_exact	G3	all_available	1	1.0	1.0	299.0404397285631	289.53778217144077	0.046588817593802324	0	0
14	k16_281a0283	HSat3	regional_HSat3_G1_group_specific_exact	G3	core	2	1.0	1.0	6158.6747662369235	5933.277650423157	0.05379063797845626	0	0
14	k16_281a0283	HSat3	regional_HSat3_G1_group_specific_exact	G3	all_available	2	1.0	1.0	6836.51483366133	6746.68351396479	0.019082555747169362	0	0
14	k16_281a0283	HSat3	regional_HSat3_G1_group_specific_exact	G4	core	0	0.23076923076923078	0.2853598014888337	2.0052650238466114	1.8736753115547309	0.09787144929107938	0	0
14	k16_281a0283	HSat3	regional_HSat3_G1_group_specific_exact	G4	all_available	0	0.6923076923076923	0.8635235732009926	2.1110913776470275	2.484874362681494	-0.23508113082203866	0	0
14	k16_281a0283	HSat3	regional_HSat3_G1_group_specific_exact	G4	core	1	1.0	1.0	286.4629100563155	308.42314112847123	-0.10656229945607969	0	0
14	k16_281a0283	HSat3	regional_HSat3_G1_group_specific_exact	G4	all_available	1	1.0	1.0	286.4958579636016	291.15866566493054	-0.02329119599610421	0	0
14	k16_281a0283	HSat3	regional_HSat3_G1_group_specific_exact	G4	core	2	1.0	1.0	5961.892987536012	5966.013315205663	-0.0009967173424558628	0	0
14	k16_281a0283	HSat3	regional_HSat3_G1_group_specific_exact	G4	all_available	2	1.0	1.0	6683.760149734548	6757.185484563621	-0.01576249280472555	0	0
14	k16_281a0283	HSat3	regional_HSat3_G1_group_specific_exact	G5	core	0	1.0	0.1949367088607595	22.08934630827552	1.3864736325643836	3.9928837758874125	1	1
14	k16_281a0283	HSat3	regional_HSat3_G1_group_specific_exact	G5	all_available	0	1.0	0.830379746835443	5.797242639302766	2.289370980484596	1.3400344108873108	0	0
14	k16_281a0283	HSat3	regional_HSat3_G1_group_specific_exact	G5	core	1	1.0	1.0	286.3573728056148	308.883644827009	-0.10924636705677442	0	0
14	k16_281a0283	HSat3	regional_HSat3_G1_group_specific_exact	G5	all_available	1	1.0	1.0	287.5498105196449	291.0516845314665	-0.01746342012141464	0	0
14	k16_281a0283	HSat3	regional_HSat3_G1_group_specific_exact	G5	core	2	1.0	1.0	5891.3394877807605	5971.975197420877	-0.01961247989574275	0	0
14	k16_281a0283	HSat3	regional_HSat3_G1_group_specific_exact	G5	all_available	2	1.0	1.0	6761.45279683096	6751.183111818033	0.002192914010192232	0	0
14	k16_281a0283	HSat3	regional_HSat3_G1_group_specific_exact	G6	core	0	0.0425531914893617	0.30886075949367087	2.1279466208846043	1.4427578605055136	0.5603109762569061	0	0
14	k16_281a0283	HSat3	regional_HSat3_G1_group_specific_exact	G6	all_available	0	0.8297872340425532	0.850632911392405	2.2284519835451104	2.509970334242291	-0.1715558558681505	0	0
14	k16_281a0283	HSat3	regional_HSat3_G1_group_specific_exact	G6	core	1	1.0	1.0	244.34781142107997	312.13463846750875	-0.3532310011871786	0	0
14	k16_281a0283	HSat3	regional_HSat3_G1_group_specific_exact	G6	all_available	1	1.0	1.0	278.222364787839	291.7911467897023	-0.068697475127571	0	0
14	k16_281a0283	HSat3	regional_HSat3_G1_group_specific_exact	G6	core	2	1.0	1.0	5543.300947404395	5986.9769038500735	-0.11108235135401053	0	0
14	k16_281a0283	HSat3	regional_HSat3_G1_group_specific_exact	G6	all_available	2	1.0	1.0	6666.270128664123	6763.479095182248	-0.020885769353897635	0	0
14	k16_281a0283	HSat3	regional_HSat3_G1_group_specific_exact	G7	core	0	0.0	0.3924050632911392	0.7746511739862911	2.476162606758731	-1.6752086793292573	0	0
14	k16_281a0283	HSat3	regional_HSat3_G1_group_specific_exact	G7	all_available	0	0.8015873015873016	0.8670886075949367	2.007005293742524	2.7025179341190353	-0.42907485404875606	0	0
14	k16_281a0283	HSat3	regional_HSat3_G1_group_specific_exact	G7	core	1	1.0	1.0	309.8965091382235	303.107683739668	0.0319559746429487	0	0
14	k16_281a0283	HSat3	regional_HSat3_G1_group_specific_exact	G7	all_available	1	1.0	1.0	294.3175183685068	289.4293580373293	0.02416206622849801	0	0
14	k16_281a0283	HSat3	regional_HSat3_G1_group_specific_exact	G7	core	2	1.0	1.0	5965.920377860473	5966.381191373597	-0.00011143085098898067	0	0
14	k16_281a0283	HSat3	regional_HSat3_G1_group_specific_exact	G7	all_available	2	1.0	1.0	6742.735333187778	6754.398923205799	-0.002493418951530776	0	0
16	k16_2ec3c158	HSat3	G1_specific	G1	core	0	1.0	0.15926892950391644	30.11710598247718	0.0	14.878343426597676	1	1
16	k16_2ec3c158	HSat3	G1_specific	G1	all_available	0	1.0	0.15926892950391644	4.735382519895064	0.0	12.20956988532287	1	1
16	k16_2ec3c158	HSat3	G1_specific	G1	core	1	1.0	0.9895561357702349	35.12596071941871	16.28639098773496	1.1088232332440926	0	0
16	k16_2ec3c158	HSat3	G1_specific	G1	all_available	1	1.0	0.9947780678851175	12.612419492308709	9.458218843714494	0.41516648895726765	0	0
16	k16_2ec3c158	HSat3	G1_specific	G1	core	2	1.0	1.0	232.0758322132736	207.43108079394705	0.16196347429196573	0	0
16	k16_2ec3c158	HSat3	G1_specific	G1	all_available	2	1.0	1.0	866.9729564977187	870.3531450304488	-0.005613893406230636	0	0
16	k16_2ec3c158	HSat3	G1_specific	G2	core	0	0.09259259259259259	0.2963917525773196	1.515877700456116	0.0	10.566889056431526	0	0
16	k16_2ec3c158	HSat3	G1_specific	G2	all_available	0	0.09259259259259259	0.2963917525773196	0.19546114897722158	0.0	7.618100231420894	0	0
16	k16_2ec3c158	HSat3	G1_specific	G2	core	1	0.9814814814814815	0.9922680412371134	10.160636689718423	17.27955073605219	-0.7660164080220435	0	0
16	k16_2ec3c158	HSat3	G1_specific	G2	all_available	1	0.9814814814814815	0.9974226804123711	8.620664372043617	9.85292005057969	-0.1927313647039282	0	0
16	k16_2ec3c158	HSat3	G1_specific	G2	core	2	1.0	1.0	200.1348373674482	211.22181124155475	-0.07778612168106092	0	0
16	k16_2ec3c158	HSat3	G1_specific	G2	all_available	2	1.0	1.0	896.7464905668991	866.7951998186882	0.04900897456488456	0	0
16	k16_2ec3c158	HSat3	G1_specific	G3	core	0	0.0	0.3225806451612903	0.0	1.3696238049313978	-10.42061693365285	0	0
16	k16_2ec3c158	HSat3	G1_specific	G3	all_available	0	0.0	0.3225806451612903	0.0	0.18002037859560932	-7.500008309425124	0	0
16	k16_2ec3c158	HSat3	G1_specific	G3	core	1	1.0	0.989247311827957	18.76242842045486	16.24885708314497	0.20749642887468264	0	0
16	k16_2ec3c158	HSat3	G1_specific	G3	all_available	1	1.0	0.9946236559139785	9.680004949093325	9.703057638247172	-0.003431303442980845	0	0
16	k16_2ec3c158	HSat3	G1_specific	G3	core	2	1.0	1.0	221.0370358568065	206.3169435248081	0.0994253492960534	0	0
16	k16_2ec3c158	HSat3	G1_specific	G3	all_available	2	1.0	1.0	889.7139127123046	867.1635961844959	0.03703727710034793	0	0
16	k16_2ec3c158	HSat3	G1_specific	G4	core	0	0.23076923076923078	0.27543424317617865	1.220738888834634	0.850486222973674	0.5208808915474075	0	0
16	k16_2ec3c158	HSat3	G1_specific	G4	all_available	0	0.23076923076923078	0.27543424317617865	0.16245543373624266	0.09775016270514583	0.7270423069611356	0	0
16	k16_2ec3c158	HSat3	G1_specific	G4	core	1	1.0	0.9900744416873449	15.824998534389339	16.879014040526513	-0.09301957532439793	0	0
16	k16_2ec3c158	HSat3	G1_specific	G4	all_available	1	1.0	0.9950372208436724	9.357108185715205	9.710592914523076	-0.053491041452270446	0	0
16	k16_2ec3c158	HSat3	G1_specific	G4	core	2	1.0	1.0	208.44146876278694	209.6398521628715	-0.008270631411586963	0	0
16	k16_2ec3c158	HSat3	G1_specific	G4	all_available	2	1.0	1.0	854.0862287785145	870.3531450304488	-0.02721912835263444	0	0
16	k16_2ec3c158	HSat3	G1_specific	G5	core	0	1.0	0.1848101265822785	19.965370701710565	0.0	14.285284496683468	1	1
16	k16_2ec3c158	HSat3	G1_specific	G5	all_available	0	1.0	0.1848101265822785	3.8867228236574904	0.0	11.924709649904838	1	1
16	k16_2ec3c158	HSat3	G1_specific	G5	core	1	1.0	0.9898734177215189	27.186887764031407	16.5321750268558	0.7176002662263855	0	0
16	k16_2ec3c158	HSat3	G1_specific	G5	all_available	1	1.0	0.9949367088607595	11.517037996599207	9.521353773283353	0.27450485260277097	0	0
16	k16_2ec3c158	HSat3	G1_specific	G5	core	2	1.0	1.0	212.8114531254773	209.12048534394722	0.02524128192551301	0	0
16	k16_2ec3c158	HSat3	G1_specific	G5	all_available	2	1.0	1.0	871.7235853174859	868.4641981721669	0.005404361310834092	0	0
16	k16_2ec3c158	HSat3	G1_specific	G6	core	0	0.0	0.3037974683544304	1.3168030655175365	0.0	10.363919072588049	0	0
16	k16_2ec3c158	HSat3	G1_specific	G6	all_available	0	0.0	0.3037974683544304	0.19254502874087553	0.0	7.596525441848283	0	0
16	k16_2ec3c158	HSat3	G1_specific	G6	core	1	0.9361702127659575	0.9974683544303797	8.43387381077359	17.349108953535694	-1.0405063320606822	0	0
16	k16_2ec3c158	HSat3	G1_specific	G6	all_available	1	0.9787234042553191	0.9974683544303797	7.795495741203211	9.919600830973005	-0.34760167113202445	0	0
16	k16_2ec3c158	HSat3	G1_specific	G6	core	2	1.0	1.0	175.96389768053163	211.7563711808921	-0.2671245281542675	0	0
16	k16_2ec3c158	HSat3	G1_specific	G6	all_available	2	1.0	1.0	854.7710624126497	870.3531450304488	-0.02606279424626709	0	0
16	k16_2ec3c158	HSat3	G1_specific	G7	core	0	0.0	0.379746835443038	0.0	1.5007497386013973	-10.552428697407109	0	0
16	k16_2ec3c158	HSat3	G1_specific	G7	all_available	0	0.0	0.379746835443038	0.0	0.22536048869621417	-7.822478346987507	0	0
16	k16_2ec3c158	HSat3	G1_specific	G7	core	1	1.0	0.9873417721518988	16.24885708314497	17.871600991064277	-0.13732257462603562	0	0
16	k16_2ec3c158	HSat3	G1_specific	G7	all_available	1	1.0	0.9936708860759493	9.735582415814878	9.654906947705289	0.012003695557964574	0	0
16	k16_2ec3c158	HSat3	G1_specific	G7	core	2	1.0	1.0	206.73397328643898	212.49355926652584	-0.039643433156653876	0	0
16	k16_2ec3c158	HSat3	G1_specific	G7	all_available	2	1.0	1.0	856.2088557590912	868.9350327366151	-0.021285533690311224	0	0
17	k16_2f53c4f5	HSat3	G7_enriched	G1	core	0	0.03389830508474576	0.5248041775456919	0.0	4.458067078134827	-12.122526187064427	0	0
17	k16_2f53c4f5	HSat3	G7_enriched	G1	all_available	0	0.8135593220338984	0.8981723237597912	1.373019158691465	1.9970566645265557	-0.5401953777089499	0	0
17	k16_2f53c4f5	HSat3	G7_enriched	G1	core	1	1.0	1.0	101.70395440865984	144.1342455798517	-0.5030332030616742	0	0
17	k16_2f53c4f5	HSat3	G7_enriched	G1	all_available	1	1.0	1.0	269.7490989456121	277.1967454088319	-0.03929203444477231	0	0
17	k16_2f53c4f5	HSat3	G7_enriched	G1	core	2	1.0	1.0	2833.8245645652505	2867.7809476459415	-0.017184376362958595	0	0
17	k16_2f53c4f5	HSat3	G7_enriched	G1	all_available	2	1.0	1.0	5036.740579986754	5050.744591664583	-0.004005661833414977	0	0
17	k16_2f53c4f5	HSat3	G7_enriched	G2	core	0	0.0	0.5231958762886598	0.0	4.4506531410077965	-12.12012547140245	0	0
17	k16_2f53c4f5	HSat3	G7_enriched	G2	all_available	0	0.8148148148148148	0.8969072164948454	1.3637731957945072	1.9929489592923426	-0.5469672629357984	0	0
17	k16_2f53c4f5	HSat3	G7_enriched	G2	core	1	1.0	1.0	111.92537821605933	144.19198434017795	-0.36545088934480463	0	0
17	k16_2f53c4f5	HSat3	G7_enriched	G2	all_available	1	1.0	1.0	278.28945539227675	275.46820228698357	0.01470039582675436	0	0
17	k16_2f53c4f5	HSat3	G7_enriched	G2	core	2	1.0	1.0	2812.6803187438427	2872.3181241512166	-0.03026994397996477	0	0
17	k16_2f53c4f5	HSat3	G7_enriched	G2	all_available	2	1.0	1.0	5123.579350395077	5037.720832679483	0.024380852663632307	0	0
17	k16_2f53c4f5	HSat3	G7_enriched	G3	core	0	0.0	0.5456989247311828	0.0	4.559017881001507	-12.154823766241057	0	0
17	k16_2f53c4f5	HSat3	G7_enriched	G3	all_available	0	0.7857142857142857	0.9059139784946236	1.2234176034320678	2.0443808986994982	-0.7402738406766103	0	0
17	k16_2f53c4f5	HSat3	G7_enriched	G3	core	1	1.0	1.0	92.53758669559716	145.4386685921636	-0.6522938467478225	0	0
17	k16_2f53c4f5	HSat3	G7_enriched	G3	all_available	1	1.0	1.0	274.09581290007293	276.62634900519424	-0.013258243730607008	0	0
17	k16_2f53c4f5	HSat3	G7_enriched	G3	core	2	1.0	1.0	2837.036568487094	2870.6515282686432	-0.016993458182121984	0	0
17	k16_2f53c4f5	HSat3	G7_enriched	G3	all_available	2	1.0	1.0	5121.1039345891495	5044.503573310951	0.02174253357518452	0	0
17	k16_2f53c4f5	HSat3	G7_enriched	G4	core	0	0.28205128205128205	0.47642679900744417	3.5145788636351214	2.5475902598491116	0.4640628102138596	0	0
17	k16_2f53c4f5	HSat3	G7_enriched	G4	all_available	0	0.7692307692307693	0.8982630272952854	2.021920547028512	1.9061761058918951	0.08500159100627161	0	0
17	k16_2f53c4f5	HSat3	G7_enriched	G4	core	1	1.0	1.0	137.13580210525973	138.7940551475046	-0.01734038443882461	0	0
17	k16_2f53c4f5	HSat3	G7_enriched	G4	all_available	1	1.0	1.0	276.85138145434104	276.55167362087025	0.00156264220346865	0	0
17	k16_2f53c4f5	HSat3	G7_enriched	G4	core	2	1.0	1.0	2864.7055018883807	2863.9292097381895	0.0003910015239555306	0	0
17	k16_2f53c4f5	HSat3	G7_enriched	G4	all_available	2	1.0	1.0	4997.943669945299	5056.2822882154815	-0.016742365537859866	0	0
17	k16_2f53c4f5	HSat3	G7_enriched	G5	core	0	0.851063829787234	0.41265822784810124	5.743202281965707	1.8367874734033174	1.6441366153233175	0	0
17	k16_2f53c4f5	HSat3	G7_enriched	G5	all_available	0	0.9574468085106383	0.8784810126582279	2.369623324676309	1.7994382153891555	0.3969183547295599	0	0
17	k16_2f53c4f5	HSat3	G7_enriched	G5	core	1	1.0	1.0	154.09314149755454	133.3940372865333	0.20810701835431442	0	0
17	k16_2f53c4f5	HSat3	G7_enriched	G5	all_available	1	1.0	1.0	279.7954592680436	276.29728210984933	0.018151113595299417	0	0
17	k16_2f53c4f5	HSat3	G7_enriched	G5	core	2	1.0	1.0	2855.0544150956584	2864.046667500642	-0.004536756359998389	0	0
17	k16_2f53c4f5	HSat3	G7_enriched	G5	all_available	2	1.0	1.0	5050.3535544929555	5049.240910252462	0.0003178753408873297	0	0
17	k16_2f53c4f5	HSat3	G7_enriched	G6	core	0	0.8936170212765957	0.40759493670886077	6.584015327587682	1.8513636404029752	1.829819454448908	0	0
17	k16_2f53c4f5	HSat3	G7_enriched	G6	all_available	0	0.9574468085106383	0.8784810126582279	2.6119771801176848	1.7994382153891555	0.537346433006448	0	0
17	k16_2f53c4f5	HSat3	G7_enriched	G6	core	1	1.0	1.0	179.59869480266062	129.89086600242635	0.4674738083060182	0	0
17	k16_2f53c4f5	HSat3	G7_enriched	G6	all_available	1	1.0	1.0	276.63432216322417	276.4808963319983	0.0008003608787770559	0	0
17	k16_2f53c4f5	HSat3	G7_enriched	G6	core	2	1.0	1.0	2889.5238411047435	2859.0964917231327	0.015272457804150921	0	0
17	k16_2f53c4f5	HSat3	G7_enriched	G6	all_available	2	1.0	1.0	5010.005474486588	5056.2822882154815	-0.013264827774067308	0	0
17	k16_2f53c4f5	HSat3	G7_enriched	G7	core	0	0.8571428571428571	0.30063291139240506	5.564575590525152	0.0	12.44231518312865	1	0
17	k16_2f53c4f5	HSat3	G7_enriched	G7	all_available	0	0.9920634920634921	0.8449367088607594	2.4185779997394397	1.6642315844751936	0.5390326205360709	0	0
17	k16_2f53c4f5	HSat3	G7_enriched	G7	core	1	1.0	1.0	151.05843049348323	116.50359790432262	0.3747293603405031	0	0
17	k16_2f53c4f5	HSat3	G7_enriched	G7	all_available	1	1.0	1.0	276.49512597813606	276.5850247340172	-0.0004689953934221603	0	0
17	k16_2f53c4f5	HSat3	G7_enriched	G7	core	2	1.0	1.0	2896.4143463128253	2846.589872008547	0.02503334413629726	0	0
17	k16_2f53c4f5	HSat3	G7_enriched	G7	all_available	2	1.0	1.0	5013.670681230975	5057.303484942234	-0.01250111654858427	0	0
21	k16_390e83a8	HSat3	regional_HSat3_G1_group_enriched_exact	G1	core	0	1.0	0.8120104438642297	33.34604232697522	4.476295775719676	2.896859276374687	1	0
21	k16_390e83a8	HSat3	regional_HSat3_G1_group_enriched_exact	G1	all_available	0	1.0	1.0	29.299757113892237	25.53740068891642	0.19826976264050036	0	0
21	k16_390e83a8	HSat3	regional_HSat3_G1_group_enriched_exact	G1	core	1	1.0	1.0	1953.4823719277736	1836.1822453975296	0.08933893290703986	0	0
21	k16_390e83a8	HSat3	regional_HSat3_G1_group_enriched_exact	G1	all_available	1	1.0	1.0	2709.274900098258	2709.7937392958006	-0.0002762564983593326	0	0
21	k16_390e83a8	HSat3	regional_HSat3_G1_group_enriched_exact	G1	core	2	1.0	1.0	34184.46995661177	34173.595235063905	0.0004590213745076517	0	0
21	k16_390e83a8	HSat3	regional_HSat3_G1_group_enriched_exact	G1	all_available	2	1.0	1.0	45123.97165761186	45088.07435918932	0.0011481583289029993	0	0
21	k16_390e83a8	HSat3	regional_HSat3_G1_group_enriched_exact	G2	core	0	0.6296296296296297	0.865979381443299	5.002457430797998	4.62277260360308	0.1138549057130983	0	0
21	k16_390e83a8	HSat3	regional_HSat3_G1_group_enriched_exact	G2	all_available	0	1.0	1.0	27.187289065817197	26.2163570044003	0.05246311324757059	0	0
21	k16_390e83a8	HSat3	regional_HSat3_G1_group_enriched_exact	G2	core	1	1.0	1.0	1829.111369616538	1854.538406232487	-0.0199172150336358	0	0
21	k16_390e83a8	HSat3	regional_HSat3_G1_group_enriched_exact	G2	all_available	1	1.0	1.0	2733.362322623818	2704.050271308337	0.015554731018621669	0	0
21	k16_390e83a8	HSat3	regional_HSat3_G1_group_enriched_exact	G2	core	2	1.0	1.0	33132.76873463558	34255.21102699907	-0.04806470430395516	0	0
21	k16_390e83a8	HSat3	regional_HSat3_G1_group_enriched_exact	G2	all_available	2	1.0	1.0	45435.454381136544	45042.17379310899	0.012542051031759259	0	0
21	k16_390e83a8	HSat3	regional_HSat3_G1_group_enriched_exact	G3	core	0	0.8857142857142857	0.8279569892473119	4.438595516891757	4.800005191256459	-0.1129082546023626	0	0
21	k16_390e83a8	HSat3	regional_HSat3_G1_group_enriched_exact	G3	all_available	0	1.0	1.0	25.24877462335825	26.40831667713193	-0.06477646265941804	0	0
21	k16_390e83a8	HSat3	regional_HSat3_G1_group_enriched_exact	G3	core	1	1.0	1.0	1893.5635823839818	1835.4016985189855	0.045007993108725525	0	0
21	k16_390e83a8	HSat3	regional_HSat3_G1_group_enriched_exact	G3	all_available	1	1.0	1.0	2740.549202918207	2705.894912699634	0.01835921857262578	0	0
21	k16_390e83a8	HSat3	regional_HSat3_G1_group_enriched_exact	G3	core	2	1.0	1.0	33721.02053918768	34294.07531872929	-0.02431115673652957	0	0
21	k16_390e83a8	HSat3	regional_HSat3_G1_group_enriched_exact	G3	all_available	2	1.0	1.0	45357.735686280605	45079.24792159053	0.008885174230486518	0	0
21	k16_390e83a8	HSat3	regional_HSat3_G1_group_enriched_exact	G4	core	0	0.8974358974358975	0.8312655086848635	4.899222983234859	4.685183030579409	0.06443409678505632	0	0
21	k16_390e83a8	HSat3	regional_HSat3_G1_group_enriched_exact	G4	all_available	0	1.0	1.0	24.639074116663473	26.383329678646213	-0.09867473520145417	0	0
21	k16_390e83a8	HSat3	regional_HSat3_G1_group_enriched_exact	G4	core	1	1.0	1.0	1812.9370928677663	1854.574673656149	-0.03275947479005206	0	0
21	k16_390e83a8	HSat3	regional_HSat3_G1_group_enriched_exact	G4	all_available	1	1.0	1.0	2681.1517937398307	2712.918974556252	-0.016993053694288874	0	0
21	k16_390e83a8	HSat3	regional_HSat3_G1_group_enriched_exact	G4	core	2	1.0	1.0	34221.38219818329	34143.60868845306	0.0032824842208461495	0	0
21	k16_390e83a8	HSat3	regional_HSat3_G1_group_enriched_exact	G4	all_available	2	1.0	1.0	44888.74067717326	45102.113896384326	-0.006841429758641624	0	0
21	k16_390e83a8	HSat3	regional_HSat3_G1_group_enriched_exact	G5	core	0	1.0	0.8177215189873418	25.183373593344033	4.496820747731354	2.485230776082906	1	0
21	k16_390e83a8	HSat3	regional_HSat3_G1_group_enriched_exact	G5	all_available	0	1.0	1.0	27.967237759631242	26.159193922008903	0.09641611905804855	0	0
21	k16_390e83a8	HSat3	regional_HSat3_G1_group_enriched_exact	G5	core	1	1.0	1.0	1874.6076621672014	1850.2289118802378	0.018884901265460264	0	0
21	k16_390e83a8	HSat3	regional_HSat3_G1_group_enriched_exact	G5	all_available	1	1.0	1.0	2722.142459188872	2706.230900621776	0.008457628980923948	0	0
21	k16_390e83a8	HSat3	regional_HSat3_G1_group_enriched_exact	G5	core	2	1.0	1.0	34445.68326722404	34081.8012716002	0.015321609217702868	0	0
21	k16_390e83a8	HSat3	regional_HSat3_G1_group_enriched_exact	G5	all_available	2	1.0	1.0	45148.90905900767	45070.421483991755	0.0025101862454897906	0	0
21	k16_390e83a8	HSat3	regional_HSat3_G1_group_enriched_exact	G6	core	0	0.5957446808510638	0.8658227848101265	4.498076899122668	4.712529792024279	-0.06717882075923508	0	0
21	k16_390e83a8	HSat3	regional_HSat3_G1_group_enriched_exact	G6	all_available	0	1.0	1.0	26.257244284340935	26.262538656848992	-0.0002908570334108976	0	0
21	k16_390e83a8	HSat3	regional_HSat3_G1_group_enriched_exact	G6	core	1	1.0	1.0	1746.9091909993806	1861.7496044597217	-0.0918543850321422	0	0
21	k16_390e83a8	HSat3	regional_HSat3_G1_group_enriched_exact	G6	all_available	1	1.0	1.0	2669.490991370279	2713.600377088979	-0.023643586307088196	0	0
21	k16_390e83a8	HSat3	regional_HSat3_G1_group_enriched_exact	G6	core	2	1.0	1.0	34006.14539598076	34211.57253805628	-0.00868893346982936	0	0
21	k16_390e83a8	HSat3	regional_HSat3_G1_group_enriched_exact	G6	all_available	2	1.0	1.0	44691.05185100372	45122.37449677574	-0.013856988591607939	0	0
21	k16_390e83a8	HSat3	regional_HSat3_G1_group_enriched_exact	G7	core	0	0.8333333333333334	0.8386075949367089	3.8232350357337372	5.335927746964566	-0.480838286371437	0	0
21	k16_390e83a8	HSat3	regional_HSat3_G1_group_enriched_exact	G7	all_available	0	1.0	1.0	24.35688312294748	27.03560928895939	-0.1505254739093987	0	0
21	k16_390e83a8	HSat3	regional_HSat3_G1_group_enriched_exact	G7	core	1	1.0	1.0	1831.062937503537	1868.4595121926523	-0.02916790594131564	0	0
21	k16_390e83a8	HSat3	regional_HSat3_G1_group_enriched_exact	G7	all_available	1	1.0	1.0	2694.623155839923	2711.5142041830964	-0.00901519896297596	0	0
21	k16_390e83a8	HSat3	regional_HSat3_G1_group_enriched_exact	G7	core	2	1.0	1.0	34493.453040737164	33909.09515355181	0.024650272058414895	0	0
21	k16_390e83a8	HSat3	regional_HSat3_G1_group_enriched_exact	G7	all_available	2	1.0	1.0	44967.69108098432	45115.71886556437	-0.004741364438374873	0	0
22	k16_3a0d0662	HSat3	pan_HSat3	G1	core	0	1.0	1.0	44.25400258212485	49.65374607829856	-0.16609107284142388	0	0
22	k16_3a0d0662	HSat3	pan_HSat3	G1	all_available	0	1.0	1.0	462.5602331079257	474.6085516903971	-0.03709677568093445	0	0
22	k16_3a0d0662	HSat3	pan_HSat3	G1	core	1	1.0	1.0	1524.6535909809338	1691.0721907720692	-0.14945666336953872	0	0
22	k16_3a0d0662	HSat3	pan_HSat3	G1	all_available	1	1.0	1.0	3410.160260541175	3442.712597788152	-0.013706203518518227	0	0
22	k16_3a0d0662	HSat3	pan_HSat3	G1	core	2	1.0	1.0	4472.19713141782	4461.325531184045	0.0035113602030074076	0	0
22	k16_3a0d0662	HSat3	pan_HSat3	G1	all_available	2	1.0	1.0	6273.900717243868	6326.67421266509	-0.012084606240926629	0	0
22	k16_3a0d0662	HSat3	pan_HSat3	G2	core	0	1.0	1.0	55.75279563827215	47.85112288994422	0.2204870957795715	0	0
22	k16_3a0d0662	HSat3	pan_HSat3	G2	all_available	0	1.0	1.0	497.220009442648	471.4032908953378	0.07692236633706326	0	0
22	k16_3a0d0662	HSat3	pan_HSat3	G2	core	1	1.0	1.0	1479.7445724914141	1696.9183361815917	-0.19756884721904744	0	0
22	k16_3a0d0662	HSat3	pan_HSat3	G2	all_available	1	1.0	1.0	3503.593544613286	3431.6665849151364	0.02992601775566081	0	0
22	k16_3a0d0662	HSat3	pan_HSat3	G2	core	2	1.0	1.0	4118.201413087769	4500.976258906176	-0.12822353417631008	0	0
22	k16_3a0d0662	HSat3	pan_HSat3	G2	all_available	2	1.0	1.0	6357.36925509301	6302.421383752369	0.012523667891753364	0	0
22	k16_3a0d0662	HSat3	pan_HSat3	G3	core	0	1.0	1.0	59.805098562705204	47.27278933827036	0.33925209495167713	0	0
22	k16_3a0d0662	HSat3	pan_HSat3	G3	all_available	0	1.0	1.0	490.7962356318257	472.64907568128524	0.05435463710013941	0	0
22	k16_3a0d0662	HSat3	pan_HSat3	G3	core	1	1.0	1.0	1515.7263489491725	1703.5673967626935	-0.1685496085806066	0	0
22	k16_3a0d0662	HSat3	pan_HSat3	G3	all_available	1	1.0	1.0	3499.185948604382	3434.5019507240922	0.026918420532187622	0	0
22	k16_3a0d0662	HSat3	pan_HSat3	G3	core	2	1.0	1.0	4354.44270172588	4503.0440018836	-0.04841247523907899	0	0
22	k16_3a0d0662	HSat3	pan_HSat3	G3	all_available	2	1.0	1.0	6352.463805912726	6309.178947696224	0.009863978144580501	0	0
22	k16_3a0d0662	HSat3	pan_HSat3	G4	core	0	1.0	1.0	55.67304204870245	48.45354238464647	0.20037291177008393	0	0
22	k16_3a0d0662	HSat3	pan_HSat3	G4	all_available	0	1.0	1.0	457.2353692791978	474.6085516903971	-0.053800973304495465	0	0
22	k16_3a0d0662	HSat3	pan_HSat3	G4	core	1	1.0	1.0	1663.3299551040761	1673.9832664872342	-0.009210716211332008	0	0
22	k16_3a0d0662	HSat3	pan_HSat3	G4	all_available	1	1.0	1.0	3370.6466512090415	3441.2683522542325	-0.029914994080316875	0	0
22	k16_3a0d0662	HSat3	pan_HSat3	G4	core	2	1.0	1.0	4457.56632895483	4466.06850414183	-0.00274911449671499	0	0
22	k16_3a0d0662	HSat3	pan_HSat3	G4	all_available	2	1.0	1.0	6240.04426037388	6327.275392179941	-0.020028124668105662	0	0
22	k16_3a0d0662	HSat3	pan_HSat3	G5	core	0	1.0	1.0	36.5256065873543	49.920093658301745	-0.4507018107670486	0	0
22	k16_3a0d0662	HSat3	pan_HSat3	G5	all_available	0	1.0	1.0	475.0157227171232	473.65024589613523	0.0041531243041852085	0	0
22	k16_3a0d0662	HSat3	pan_HSat3	G5	core	1	1.0	1.0	1740.4062968591477	1650.1157562676883	0.07685686272657548	0	0
22	k16_3a0d0662	HSat3	pan_HSat3	G5	all_available	1	1.0	1.0	3449.3121263990897	3434.537669379269	0.006192773823483655	0	0
22	k16_3a0d0662	HSat3	pan_HSat3	G5	core	2	1.0	1.0	4625.816952186418	4444.454909680435	0.05770167508936006	0	0
22	k16_3a0d0662	HSat3	pan_HSat3	G5	all_available	2	1.0	1.0	6329.430851366679	6314.743785124647	0.0033515772155700125	0	0
22	k16_3a0d0662	HSat3	pan_HSat3	G6	core	0	1.0	1.0	40.813702006840536	49.920093658301745	-0.29056061667985655	0	0
22	k16_3a0d0662	HSat3	pan_HSat3	G6	all_available	0	1.0	1.0	472.84785473003944	474.37930144305983	-0.004665001048468084	0	0
22	k16_3a0d0662	HSat3	pan_HSat3	G6	core	1	1.0	1.0	1756.396659580985	1642.5578386510188	0.09667446643538606	0	0
22	k16_3a0d0662	HSat3	pan_HSat3	G6	all_available	1	1.0	1.0	3413.126563668338	3439.768240183439	-0.011217448424728913	0	0
22	k16_3a0d0662	HSat3	pan_HSat3	G6	core	2	1.0	1.0	4421.700330862991	4481.611667803368	-0.01941638660480553	0	0
22	k16_3a0d0662	HSat3	pan_HSat3	G6	all_available	2	1.0	1.0	6245.759501837722	6327.275392179941	-0.018707368723272357	0	0
22	k16_3a0d0662	HSat3	pan_HSat3	G7	core	0	1.0	1.0	48.67959143741798	49.25366815393047	-0.016913767762362766	0	0
22	k16_3a0d0662	HSat3	pan_HSat3	G7	all_available	0	1.0	1.0	468.9076412548776	475.71038509166266	-0.020779687480576296	0	0
22	k16_3a0d0662	HSat3	pan_HSat3	G7	core	1	1.0	1.0	1730.3261501764036	1540.9689018357767	0.16720614822199759	0	0
22	k16_3a0d0662	HSat3	pan_HSat3	G7	all_available	1	1.0	1.0	3438.9253637030774	3435.798675077545	0.0013123020350308708	0	0
22	k16_3a0d0662	HSat3	pan_HSat3	G7	core	2	1.0	1.0	4560.2211518855	4403.225255725445	0.0505431294654271	0	0
22	k16_3a0d0662	HSat3	pan_HSat3	G7	all_available	2	1.0	1.0	6316.848694383735	6317.352295977265	-0.00011501216539079919	0	0
23	k16_3a0e80c1	HSat3	regional_HSat3_G1_group_specific_exact	G1	core	0	0.8135593220338984	0.11488250652741515	11.46766098366198	1.4691995176617985	2.96361310168138	1	1
23	k16_3a0e80c1	HSat3	regional_HSat3_G1_group_specific_exact	G1	all_available	0	0.9661016949152542	0.8668407310704961	7.796087052505947	6.320608159402204	0.30264362840730963	0	0
23	k16_3a0e80c1	HSat3	regional_HSat3_G1_group_specific_exact	G1	core	1	1.0	1.0	252.62390949775548	223.55530620171766	0.1763586569574638	0	0
23	k16_3a0e80c1	HSat3	regional_HSat3_G1_group_specific_exact	G1	all_available	1	1.0	1.0	1158.8082919557173	1160.3506187549735	-0.0019188901834937663	0	0
23	k16_3a0e80c1	HSat3	regional_HSat3_G1_group_specific_exact	G1	core	2	1.0	1.0	3883.7145198001913	3655.369277248048	0.08741997399858513	0	0
23	k16_3a0e80c1	HSat3	regional_HSat3_G1_group_specific_exact	G1	all_available	2	1.0	1.0	6723.3487120263335	6740.409867095203	-0.00365634205093204	0	0
23	k16_3a0e80c1	HSat3	regional_HSat3_G1_group_specific_exact	G2	core	0	0.037037037037037035	0.23195876288659795	3.647530497989516	1.4734921738785909	1.3070973482004296	0	0
23	k16_3a0e80c1	HSat3	regional_HSat3_G1_group_specific_exact	G2	all_available	0	0.9629629629629629	0.8685567010309279	6.31961885843913	6.603016443106808	-0.06327789126430623	0	0
23	k16_3a0e80c1	HSat3	regional_HSat3_G1_group_specific_exact	G2	core	1	1.0	1.0	226.6643613169311	225.59424185038114	0.006827297880656971	0	0
23	k16_3a0e80c1	HSat3	regional_HSat3_G1_group_specific_exact	G2	all_available	1	1.0	1.0	1204.178793606821	1155.049021718502	0.060095482260216	0	0
23	k16_3a0e80c1	HSat3	regional_HSat3_G1_group_specific_exact	G2	core	2	1.0	1.0	3587.099773053792	3691.428295308179	-0.04136125001970746	0	0
23	k16_3a0e80c1	HSat3	regional_HSat3_G1_group_specific_exact	G2	all_available	2	1.0	1.0	6865.653143545709	6719.8275756254825	0.030972753555700838	0	0
23	k16_3a0e80c1	HSat3	regional_HSat3_G1_group_specific_exact	G3	core	0	0.0	0.24731182795698925	1.1723365075069747	2.6456481344135065	-1.1735495736975623	0	0
23	k16_3a0e80c1	HSat3	regional_HSat3_G1_group_specific_exact	G3	all_available	0	0.8428571428571429	0.8870967741935484	6.24969318046837	6.603016443106808	-0.07932752378485454	0	0
23	k16_3a0e80c1	HSat3	regional_HSat3_G1_group_specific_exact	G3	core	1	1.0	1.0	238.56588432121288	223.05767793086324	0.09697051899137624	0	0
23	k16_3a0e80c1	HSat3	regional_HSat3_G1_group_specific_exact	G3	all_available	1	1.0	1.0	1175.2291437357953	1156.3559495093646	0.023356501245382497	0	0
23	k16_3a0e80c1	HSat3	regional_HSat3_G1_group_specific_exact	G3	core	2	1.0	1.0	3829.5700759286397	3651.919448337444	0.06852747609573098	0	0
23	k16_3a0e80c1	HSat3	regional_HSat3_G1_group_specific_exact	G3	all_available	2	1.0	1.0	6831.005267885899	6719.8275756254825	0.023673685970709908	0	0
23	k16_3a0e80c1	HSat3	regional_HSat3_G1_group_specific_exact	G4	core	0	0.10256410256410256	0.21836228287841192	2.104997263503557	1.817997263914118	0.21136018882319754	0	0
23	k16_3a0e80c1	HSat3	regional_HSat3_G1_group_specific_exact	G4	all_available	0	0.7692307692307693	0.890818858560794	5.950576942244647	6.640024937253288	-0.1581339373770396	0	0
23	k16_3a0e80c1	HSat3	regional_HSat3_G1_group_specific_exact	G4	core	1	1.0	1.0	227.9507687947719	225.44708594408505	0.015933342321531457	0	0
23	k16_3a0e80c1	HSat3	regional_HSat3_G1_group_specific_exact	G4	all_available	1	1.0	1.0	1150.163380653591	1160.3506187549735	-0.01272198342783222	0	0
23	k16_3a0e80c1	HSat3	regional_HSat3_G1_group_specific_exact	G4	core	2	1.0	1.0	3649.8168385880476	3684.530467833161	-0.013656713810639457	0	0
23	k16_3a0e80c1	HSat3	regional_HSat3_G1_group_specific_exact	G4	all_available	2	1.0	1.0	6662.507088051642	6745.882968378985	-0.017942124443726573	0	0
23	k16_3a0e80c1	HSat3	regional_HSat3_G1_group_specific_exact	G5	core	0	0.7446808510638298	0.14430379746835442	6.460451449168989	1.4921280917360351	2.113520340894981	0	0
23	k16_3a0e80c1	HSat3	regional_HSat3_G1_group_specific_exact	G5	all_available	0	0.9787234042553191	0.8683544303797468	6.9450298856802455	6.521915373244695	0.09067170654937187	0	0
23	k16_3a0e80c1	HSat3	regional_HSat3_G1_group_specific_exact	G5	core	1	1.0	1.0	229.17709392757885	225.38040241495685	0.024100675236100967	0	0
23	k16_3a0e80c1	HSat3	regional_HSat3_G1_group_specific_exact	G5	all_available	1	1.0	1.0	1151.249513569857	1160.3506187549735	-0.01136024835580166	0	0
23	k16_3a0e80c1	HSat3	regional_HSat3_G1_group_specific_exact	G5	core	2	1.0	1.0	3684.530467833161	3680.3242512636975	0.0016479040059844683	0	0
23	k16_3a0e80c1	HSat3	regional_HSat3_G1_group_specific_exact	G5	all_available	2	1.0	1.0	6723.773355916124	6740.409867095203	-0.0035652249271436874	0	0
23	k16_3a0e80c1	HSat3	regional_HSat3_G1_group_specific_exact	G6	core	0	0.06382978723404255	0.22531645569620254	3.2238869760492834	1.4921280917360351	1.11091066269889	0	0
23	k16_3a0e80c1	HSat3	regional_HSat3_G1_group_specific_exact	G6	all_available	0	0.9361702127659575	0.8734177215189873	6.719685441924913	6.577816512675223	0.03078030518411463	0	0
23	k16_3a0e80c1	HSat3	regional_HSat3_G1_group_specific_exact	G6	core	1	1.0	1.0	198.82560343570643	227.80626028196124	-0.19630292130166238	0	0
23	k16_3a0e80c1	HSat3	regional_HSat3_G1_group_specific_exact	G6	all_available	1	1.0	1.0	1139.9494048312122	1162.7100928644015	-0.028521605342845584	0	0
23	k16_3a0e80c1	HSat3	regional_HSat3_G1_group_specific_exact	G6	core	2	1.0	1.0	3371.933237668176	3699.0622734689273	-0.13358357847079894	0	0
23	k16_3a0e80c1	HSat3	regional_HSat3_G1_group_specific_exact	G6	all_available	2	1.0	1.0	6616.433631332001	6747.558004510994	-0.028311679730258586	0	0
23	k16_3a0e80c1	HSat3	regional_HSat3_G1_group_specific_exact	G7	core	0	0.0	0.2911392405063291	1.0028450568246745	3.1503764132694343	-1.650445479098516	0	0
23	k16_3a0e80c1	HSat3	regional_HSat3_G1_group_specific_exact	G7	all_available	0	0.8015873015873016	0.9113924050632911	6.282320462293115	6.750875604238267	-0.10376116186540815	0	0
23	k16_3a0e80c1	HSat3	regional_HSat3_G1_group_specific_exact	G7	core	1	1.0	1.0	221.43888659477085	229.55097110720857	-0.05190571093141629	0	0
23	k16_3a0e80c1	HSat3	regional_HSat3_G1_group_specific_exact	G7	all_available	1	1.0	1.0	1143.5722114941136	1167.3401533624765	-0.029677517746683885	0	0
23	k16_3a0e80c1	HSat3	regional_HSat3_G1_group_specific_exact	G7	core	2	1.0	1.0	3646.7346290133873	3733.008892347447	-0.03373371680118617	0	0
23	k16_3a0e80c1	HSat3	regional_HSat3_G1_group_specific_exact	G7	all_available	2	1.0	1.0	6710.360877611119	6756.70711146891	-0.009929961866103109	0	0
24	k16_3d4f91da	HSat3	pan_HSat3	G1	core	0	1.0	1.0	107.88786067140559	167.70543916297467	-0.636392166003816	0	0
24	k16_3d4f91da	HSat3	pan_HSat3	G1	all_available	0	1.0	1.0	632.8813524207477	649.2703698508558	-0.03688425441944794	0	0
24	k16_3d4f91da	HSat3	pan_HSat3	G1	core	1	1.0	1.0	1484.4250051073564	1485.732432064601	-0.0012701126315058406	0	0
24	k16_3d4f91da	HSat3	pan_HSat3	G1	all_available	1	1.0	1.0	2025.8033984392387	2036.1273783886186	-0.007333645122114636	0	0
24	k16_3d4f91da	HSat3	pan_HSat3	G1	core	2	1.0	1.0	4974.06297215897	5038.088528670095	-0.018451697127222565	0	0
24	k16_3d4f91da	HSat3	pan_HSat3	G1	all_available	2	1.0	1.0	6128.626057810096	6140.165267790469	-0.002713806562957322	0	0
24	k16_3d4f91da	HSat3	pan_HSat3	G2	core	0	1.0	1.0	124.84314944099597	167.91828944546768	-0.427639752981172	0	0
24	k16_3d4f91da	HSat3	pan_HSat3	G2	all_available	0	1.0	1.0	664.1216731596357	645.9707114568048	0.03997876557076815	0	0
24	k16_3d4f91da	HSat3	pan_HSat3	G2	core	1	1.0	1.0	1371.1435939044868	1500.684548751833	-0.13024099022721694	0	0
24	k16_3d4f91da	HSat3	pan_HSat3	G2	all_available	1	1.0	1.0	2047.3091941097905	2030.844326375875	0.011649340969546841	0	0
24	k16_3d4f91da	HSat3	pan_HSat3	G2	core	2	1.0	1.0	4746.121801283287	5053.048008791115	-0.09040474317689523	0	0
24	k16_3d4f91da	HSat3	pan_HSat3	G2	all_available	2	1.0	1.0	6154.212889867933	6131.794148099372	0.005265085410597676	0	0
24	k16_3d4f91da	HSat3	pan_HSat3	G3	core	0	1.0	1.0	114.33283361178701	169.3467273905261	-0.566736237971246	0	0
24	k16_3d4f91da	HSat3	pan_HSat3	G3	all_available	0	1.0	1.0	656.2751141326789	646.9008756079068	0.020756029971018896	0	0
24	k16_3d4f91da	HSat3	pan_HSat3	G3	core	1	1.0	1.0	1411.2953092287798	1502.0770521588074	-0.08993885995373532	0	0
24	k16_3d4f91da	HSat3	pan_HSat3	G3	all_available	1	1.0	1.0	2040.412356898868	2032.0776845794558	0.005905183896347563	0	0
24	k16_3d4f91da	HSat3	pan_HSat3	G3	core	2	1.0	1.0	4760.544184144594	5070.042702258747	-0.09087138047801893	0	0
24	k16_3d4f91da	HSat3	pan_HSat3	G3	all_available	2	1.0	1.0	6136.439514130821	6138.741123455808	-0.0005410136038166952	0	0
24	k16_3d4f91da	HSat3	pan_HSat3	G4	core	0	1.0	1.0	157.70739369147842	160.69872527993175	-0.027108016167577683	0	0
24	k16_3d4f91da	HSat3	pan_HSat3	G4	all_available	0	1.0	1.0	637.748575772235	648.6138038752094	-0.02437191784381355	0	0
24	k16_3d4f91da	HSat3	pan_HSat3	G4	core	1	1.0	1.0	1430.8172358265397	1493.9289051571131	-0.06227204804035281	0	0
24	k16_3d4f91da	HSat3	pan_HSat3	G4	all_available	1	1.0	1.0	2019.7439156872072	2035.487825035797	-0.011202202148641593	0	0
24	k16_3d4f91da	HSat3	pan_HSat3	G4	core	2	1.0	1.0	4953.4291815702	5034.023822039141	-0.023284412700731647	0	0
24	k16_3d4f91da	HSat3	pan_HSat3	G4	all_available	2	1.0	1.0	6098.25181263434	6140.165267790469	-0.009881761674123898	0	0
24	k16_3d4f91da	HSat3	pan_HSat3	G5	core	0	1.0	1.0	169.70610297087504	155.59245028821212	0.12526561782217638	0	0
24	k16_3d4f91da	HSat3	pan_HSat3	G5	all_available	0	1.0	1.0	644.5429756728546	648.5267584222951	-0.008889532806863406	0	0
24	k16_3d4f91da	HSat3	pan_HSat3	G5	core	1	1.0	1.0	1564.5763027040239	1475.6295284724374	0.08444139953652761	0	0
24	k16_3d4f91da	HSat3	pan_HSat3	G5	all_available	1	1.0	1.0	2048.8905302885655	2029.9635341587918	0.013389087043465486	0	0
24	k16_3d4f91da	HSat3	pan_HSat3	G5	core	2	1.0	1.0	5231.444827681035	4984.901698806266	0.06964437811330906	0	0
24	k16_3d4f91da	HSat3	pan_HSat3	G5	all_available	2	1.0	1.0	6184.219604481055	6130.763914464482	0.012524698975885852	0	0
24	k16_3d4f91da	HSat3	pan_HSat3	G6	core	0	1.0	1.0	201.2036467745268	147.00605899131986	0.45277819211682974	0	0
24	k16_3d4f91da	HSat3	pan_HSat3	G6	all_available	0	1.0	1.0	651.5362654771503	647.323083731646	0.009359517446601193	0	0
24	k16_3d4f91da	HSat3	pan_HSat3	G6	core	1	1.0	1.0	1506.307574514578	1475.2772746258481	0.030030234513216576	0	0
24	k16_3d4f91da	HSat3	pan_HSat3	G6	all_available	1	1.0	1.0	2025.9244999358302	2033.3716439853295	-0.005293511075957384	0	0
24	k16_3d4f91da	HSat3	pan_HSat3	G6	core	2	1.0	1.0	5117.783333715623	4982.35724118067	0.038690594817024304	0	0
24	k16_3d4f91da	HSat3	pan_HSat3	G6	all_available	2	1.0	1.0	6096.608001681861	6139.130815464117	-0.010027623249814197	0	0
24	k16_3d4f91da	HSat3	pan_HSat3	G7	core	0	1.0	1.0	177.6105106638275	126.88494969803511	0.48519275714521265	0	0
24	k16_3d4f91da	HSat3	pan_HSat3	G7	all_available	0	1.0	1.0	647.2131735637308	648.5151531452054	-0.002899307176790762	0	0
24	k16_3d4f91da	HSat3	pan_HSat3	G7	core	1	1.0	1.0	1528.2759538058535	1440.209380909624	0.08562644082648303	0	0
24	k16_3d4f91da	HSat3	pan_HSat3	G7	all_available	1	1.0	1.0	2031.2120909090029	2033.8374684761673	-0.0018635039029128472	0	0
24	k16_3d4f91da	HSat3	pan_HSat3	G7	core	2	1.0	1.0	5091.5693081917525	4924.251685555955	0.048205876427242174	0	0
24	k16_3d4f91da	HSat3	pan_HSat3	G7	all_available	2	1.0	1.0	6130.606370825588	6140.446016001194	-0.002313674097423076	0	0
27	k16_3e476af8	HSat3	pan_HSat3	G1	core	0	1.0	1.0	95.81953602564424	165.1404474404098	-0.7852954662697333	0	0
27	k16_3e476af8	HSat3	pan_HSat3	G1	all_available	0	1.0	1.0	796.5451441117468	810.5654802766342	-0.025172576349952812	0	0
27	k16_3e476af8	HSat3	pan_HSat3	G1	core	1	1.0	1.0	1356.4569650616536	1501.3429748636274	-0.14641021156486658	0	0
27	k16_3e476af8	HSat3	pan_HSat3	G1	all_available	1	1.0	1.0	2176.912822747474	2199.302109766591	-0.014762154471333307	0	0
27	k16_3e476af8	HSat3	pan_HSat3	G1	core	2	1.0	1.0	4236.62575266327	4341.613276801471	-0.035315525214792406	0	0
27	k16_3e476af8	HSat3	pan_HSat3	G1	all_available	2	1.0	1.0	5147.345862366152	5157.0905062858965	-0.0027286404452414167	0	0
27	k16_3e476af8	HSat3	pan_HSat3	G2	core	0	1.0	1.0	115.30279555218704	165.07504365178528	-0.5176907628766148	0	0
27	k16_3e476af8	HSat3	pan_HSat3	G2	all_available	0	1.0	1.0	829.9733532061496	804.1624707594706	0.045577953853997245	0	0
27	k16_3e476af8	HSat3	pan_HSat3	G2	core	1	1.0	1.0	1314.9013133387764	1504.2992916547817	-0.19413696678053624	0	0
27	k16_3e476af8	HSat3	pan_HSat3	G2	all_available	1	1.0	1.0	2208.006029807383	2190.9699046096985	0.011174439417889563	0	0
27	k16_3e476af8	HSat3	pan_HSat3	G2	core	2	1.0	1.0	3937.185799543581	4366.281391205854	-0.1492402775902747	0	0
27	k16_3e476af8	HSat3	pan_HSat3	G2	all_available	2	1.0	1.0	5142.711784937826	5156.608372311872	-0.0038931785121551258	0	0
27	k16_3e476af8	HSat3	pan_HSat3	G3	core	0	1.0	1.0	103.53005789717794	165.8884720287012	-0.6801587089577601	0	0
27	k16_3e476af8	HSat3	pan_HSat3	G3	all_available	0	1.0	1.0	821.4335369743569	806.0810582010972	0.027218895402715965	0	0
27	k16_3e476af8	HSat3	pan_HSat3	G3	core	1	1.0	1.0	1280.1729027055494	1513.8126570424151	-0.24184782403682195	0	0
27	k16_3e476af8	HSat3	pan_HSat3	G3	all_available	1	1.0	1.0	2199.9732322241844	2191.5410620873467	0.005540257248358087	0	0
27	k16_3e476af8	HSat3	pan_HSat3	G3	core	2	1.0	1.0	4003.0065522379673	4375.265509021535	-0.12828656040558806	0	0
27	k16_3e476af8	HSat3	pan_HSat3	G3	all_available	2	1.0	1.0	5132.83867837318	5160.755164241185	-0.00782526826949607	0	0
27	k16_3e476af8	HSat3	pan_HSat3	G4	core	0	1.0	1.0	153.19071415854825	154.32080268392343	-0.010603634386892586	0	0
27	k16_3e476af8	HSat3	pan_HSat3	G4	all_available	0	1.0	1.0	801.8528394914389	808.8300956272936	-0.012499174196690117	0	0
27	k16_3e476af8	HSat3	pan_HSat3	G4	core	1	1.0	1.0	1437.9837813304218	1478.7912759489138	-0.040371005811843746	0	0
27	k16_3e476af8	HSat3	pan_HSat3	G4	all_available	1	1.0	1.0	2178.5845287241355	2194.495725270195	-0.01049836445500136	0	0
27	k16_3e476af8	HSat3	pan_HSat3	G4	core	2	1.0	1.0	4220.271355664881	4329.022913925739	-0.036705663758120184	0	0
27	k16_3e476af8	HSat3	pan_HSat3	G4	all_available	2	1.0	1.0	5163.235694179148	5150.0166384582835	0.0036983625076120346	0	0
27	k16_3e476af8	HSat3	pan_HSat3	G5	core	0	1.0	1.0	169.02727855899153	149.51671123590648	0.17694824057191555	0	0
27	k16_3e476af8	HSat3	pan_HSat3	G5	all_available	0	1.0	1.0	808.8300956272936	808.293687611762	0.0009570971167536722	0	0
27	k16_3e476af8	HSat3	pan_HSat3	G5	core	1	1.0	1.0	1588.398725247357	1434.9602043058255	0.14656228378399846	0	0
27	k16_3e476af8	HSat3	pan_HSat3	G5	all_available	1	1.0	1.0	2210.9524465772806	2189.2232970737227	0.014248874880061397	0	0
27	k16_3e476af8	HSat3	pan_HSat3	G5	core	2	1.0	1.0	4557.012774464252	4275.075190687294	0.09213859936233341	0	0
27	k16_3e476af8	HSat3	pan_HSat3	G5	all_available	2	1.0	1.0	5212.668895148571	5147.856522589062	0.018050376099060163	0	0
27	k16_3e476af8	HSat3	pan_HSat3	G6	core	0	1.0	1.0	195.8610120317966	140.15635785186055	0.48279012648943004	0	0
27	k16_3e476af8	HSat3	pan_HSat3	G6	all_available	0	1.0	1.0	804.2873190554836	808.8300956272936	-0.008125695466671135	0	0
27	k16_3e476af8	HSat3	pan_HSat3	G6	core	1	1.0	1.0	1612.539144294193	1423.503436320458	0.17988808775726448	0	0
27	k16_3e476af8	HSat3	pan_HSat3	G6	all_available	1	1.0	1.0	2202.886292045304	2190.7348820357006	0.007980121628202578	0	0
27	k16_3e476af8	HSat3	pan_HSat3	G6	core	2	1.0	1.0	4453.187051614028	4280.953584273949	0.056906005592585594	0	0
27	k16_3e476af8	HSat3	pan_HSat3	G6	all_available	2	1.0	1.0	5143.451698683458	5156.126238337847	-0.003550728252404635	0	0
27	k16_3e476af8	HSat3	pan_HSat3	G7	core	0	1.0	1.0	172.5795391076788	118.59583270457313	0.5412043082587394	0	0
27	k16_3e476af8	HSat3	pan_HSat3	G7	all_available	0	1.0	1.0	804.2913950762563	809.0436182861251	-0.00849918972919311	0	0
27	k16_3e476af8	HSat3	pan_HSat3	G7	core	1	1.0	1.0	1532.971448903074	1358.9517482461085	0.17383647518431986	0	0
27	k16_3e476af8	HSat3	pan_HSat3	G7	all_available	1	1.0	1.0	2186.500663835556	2193.7635492591958	-0.004784247292697655	0	0
27	k16_3e476af8	HSat3	pan_HSat3	G7	core	2	1.0	1.0	4408.573241098211	4195.787482519581	0.07137020431598028	0	0
27	k16_3e476af8	HSat3	pan_HSat3	G7	all_available	2	1.0	1.0	5150.063802200619	5156.608372311872	-0.0018321759189007271	0	0
28	k16_4118ba0e	HSat3	pan_HSat3	G1	core	0	1.0	1.0	276.59492351828743	240.61689751293102	0.20103593786519067	0	0
28	k16_4118ba0e	HSat3	pan_HSat3	G1	all_available	0	1.0	1.0	382.8219107558218	379.3788056327272	0.013034286989554372	0	0
28	k16_4118ba0e	HSat3	pan_HSat3	G1	core	1	1.0	1.0	1864.9395752256962	1844.8237619043177	0.015645878333763345	0	0
28	k16_4118ba0e	HSat3	pan_HSat3	G1	all_available	1	1.0	1.0	1457.452895326809	1443.6520036700126	0.013726228533108653	0	0
28	k16_4118ba0e	HSat3	pan_HSat3	G1	core	2	1.0	1.0	4762.5560772418485	4823.115226306819	-0.018229193438053553	0	0
28	k16_4118ba0e	HSat3	pan_HSat3	G1	all_available	2	1.0	1.0	3932.2674240011506	3898.941969663599	0.0122787536977294	0	0
28	k16_4118ba0e	HSat3	pan_HSat3	G2	core	0	1.0	1.0	209.39473287559792	245.37642448377773	-0.2287704795711223	0	0
28	k16_4118ba0e	HSat3	pan_HSat3	G2	all_available	0	1.0	1.0	379.4424771314548	380.24247927040255	-0.003038513523157428	0	0
28	k16_4118ba0e	HSat3	pan_HSat3	G2	core	1	1.0	1.0	1732.810386140496	1853.704694842871	-0.09729758353891232	0	0
28	k16_4118ba0e	HSat3	pan_HSat3	G2	all_available	1	1.0	1.0	1414.5290235170137	1448.7653403196919	-0.0345021347853577	0	0
28	k16_4118ba0e	HSat3	pan_HSat3	G2	core	2	1.0	1.0	4572.623066222022	4839.595021003172	-0.081864311159355	0	0
28	k16_4118ba0e	HSat3	pan_HSat3	G2	all_available	2	1.0	1.0	3817.100844151788	3918.0796654789183	-0.0376694204942422	0	0
28	k16_4118ba0e	HSat3	pan_HSat3	G3	core	0	1.0	1.0	259.89541336266893	240.60520675195716	0.11126286518448018	0	0
28	k16_4118ba0e	HSat3	pan_HSat3	G3	all_available	0	1.0	1.0	385.0012768092364	379.50330171649733	0.02075073876247278	0	0
28	k16_4118ba0e	HSat3	pan_HSat3	G3	core	1	1.0	1.0	1783.0811875246077	1850.2010581166448	-0.05330963158918381	0	0
28	k16_4118ba0e	HSat3	pan_HSat3	G3	all_available	1	1.0	1.0	1439.4331591763707	1446.5430898210047	-0.007108496010235289	0	0
28	k16_4118ba0e	HSat3	pan_HSat3	G3	core	2	1.0	1.0	4702.286040856678	4827.464053611375	-0.03790320758283216	0	0
28	k16_4118ba0e	HSat3	pan_HSat3	G3	all_available	2	1.0	1.0	3873.493930385449	3913.282664126843	-0.014743839896804101	0	0
28	k16_4118ba0e	HSat3	pan_HSat3	G4	core	0	1.0	1.0	234.1380464974423	243.44570118791748	-0.05624040417750514	0	0
28	k16_4118ba0e	HSat3	pan_HSat3	G4	all_available	0	1.0	1.0	370.6305979368248	381.01261776929647	-0.039856679296198426	0	0
28	k16_4118ba0e	HSat3	pan_HSat3	G4	core	1	1.0	1.0	1818.983077475779	1849.58568397119	-0.02407000198440304	0	0
28	k16_4118ba0e	HSat3	pan_HSat3	G4	all_available	1	1.0	1.0	1456.8516087326707	1443.875682003159	0.012907395442739892	0	0
28	k16_4118ba0e	HSat3	pan_HSat3	G4	core	2	1.0	1.0	4826.011509306236	4811.662626871197	0.00429586479859271	0	0
28	k16_4118ba0e	HSat3	pan_HSat3	G4	all_available	2	1.0	1.0	3942.7092038819965	3903.639833336258	0.01436735438068765	0	0
28	k16_4118ba0e	HSat3	pan_HSat3	G5	core	0	1.0	1.0	250.52195063999747	241.71997188886255	0.05160012829245054	0	0
28	k16_4118ba0e	HSat3	pan_HSat3	G5	all_available	0	1.0	1.0	381.62988456595536	379.52659614995656	0.00797313980589988	0	0
28	k16_4118ba0e	HSat3	pan_HSat3	G5	core	1	1.0	1.0	1920.8982131495645	1841.5800634580346	0.060836921064146315	0	0
28	k16_4118ba0e	HSat3	pan_HSat3	G5	all_available	1	1.0	1.0	1455.9238200548587	1443.7032474680125	0.012160633960145877	0	0
28	k16_4118ba0e	HSat3	pan_HSat3	G5	core	2	1.0	1.0	4909.545389412924	4795.796764614867	0.03381891232212616	0	0
28	k16_4118ba0e	HSat3	pan_HSat3	G5	all_available	2	1.0	1.0	3930.1468887128913	3902.794704946677	0.010075655415382022	0	0
28	k16_4118ba0e	HSat3	pan_HSat3	G6	core	0	1.0	1.0	202.33221327518274	245.9817947624402	-0.28182425024866037	0	0
28	k16_4118ba0e	HSat3	pan_HSat3	G6	all_available	0	1.0	1.0	368.4647870564066	381.59100166789955	-0.05050026435396972	0	0
28	k16_4118ba0e	HSat3	pan_HSat3	G6	core	1	1.0	1.0	1841.5800634580346	1847.121834949011	-0.004334905963285644	0	0
28	k16_4118ba0e	HSat3	pan_HSat3	G6	all_available	1	1.0	1.0	1448.9162145740488	1443.875682003159	0.00502763692329899	0	0
28	k16_4118ba0e	HSat3	pan_HSat3	G6	core	2	1.0	1.0	4814.14551693754	4814.63745826625	-0.0001474165884446118	0	0
28	k16_4118ba0e	HSat3	pan_HSat3	G6	all_available	2	1.0	1.0	3901.9527358970463	3906.78768530322	-0.0017865510337967188	0	0
28	k16_4118ba0e	HSat3	pan_HSat3	G7	core	0	1.0	1.0	241.63812919984434	244.5224425500791	-0.017118690873428967	0	0
28	k16_4118ba0e	HSat3	pan_HSat3	G7	all_available	0	1.0	1.0	382.7809203618451	379.2202806454143	0.013482763962826999	0	0
28	k16_4118ba0e	HSat3	pan_HSat3	G7	core	1	1.0	1.0	1863.4423436183342	1829.960548600197	0.02615762111552365	0	0
28	k16_4118ba0e	HSat3	pan_HSat3	G7	all_available	1	1.0	1.0	1449.7405132130043	1442.9469152163322	0.006776467645019038	0	0
28	k16_4118ba0e	HSat3	pan_HSat3	G7	core	2	1.0	1.0	4882.118624196615	4782.495254112835	0.029743806623423664	0	0
28	k16_4118ba0e	HSat3	pan_HSat3	G7	all_available	2	1.0	1.0	3925.2692710103647	3894.5608752412327	0.011330953708038763	0	0
29	k16_411b0a0e	HSat3	chromosome_HSat3_chr1	G1	core	0	0.0	0.0	0.0	0.0	0.0	0	0
29	k16_411b0a0e	HSat3	chromosome_HSat3_chr1	G1	all_available	0	0.4915254237288136	0.42297650130548303	0.0	0.0	0.0	0	0
29	k16_411b0a0e	HSat3	chromosome_HSat3_chr1	G1	core	1	0.0	0.0	0.721003146097228	0.7257181071384899	-0.009390729809655406	0	0
29	k16_411b0a0e	HSat3	chromosome_HSat3_chr1	G1	all_available	1	0.864406779661017	0.8198433420365535	3.264410741217103	1.33663607195807	1.2875788151226837	0	0
29	k16_411b0a0e	HSat3	chromosome_HSat3_chr1	G1	core	2	1.0	1.0	81.31979874429277	86.661568927318	-0.09178461726077114	0	0
29	k16_411b0a0e	HSat3	chromosome_HSat3_chr1	G1	all_available	2	1.0	1.0	71.47354026340928	68.95161355741568	0.05182419900370665	0	0
29	k16_411b0a0e	HSat3	chromosome_HSat3_chr1	G2	core	0	0.0	0.0	0.0	0.0	0.0	0	0
29	k16_411b0a0e	HSat3	chromosome_HSat3_chr1	G2	all_available	0	0.3333333333333333	0.44587628865979384	0.0	0.0	0.0	0	0
29	k16_411b0a0e	HSat3	chromosome_HSat3_chr1	G2	core	1	0.0	0.0	0.9569014132568645	0.7130946423579139	0.4237618879775336	0	0
29	k16_411b0a0e	HSat3	chromosome_HSat3_chr1	G2	all_available	1	0.7592592592592593	0.8350515463917526	0.9750912576973956	1.7088483360862639	-0.8087804223368659	0	0
29	k16_411b0a0e	HSat3	chromosome_HSat3_chr1	G2	core	2	1.0	1.0	88.79629321871538	85.48110965548031	0.054893186579739205	0	0
29	k16_411b0a0e	HSat3	chromosome_HSat3_chr1	G2	all_available	2	1.0	1.0	67.32258860123923	69.52393576177067	-0.04641842677520236	0	0
29	k16_411b0a0e	HSat3	chromosome_HSat3_chr1	G3	core	0	0.0	0.0	0.0	0.0	0.0	0	0
29	k16_411b0a0e	HSat3	chromosome_HSat3_chr1	G3	all_available	0	0.35714285714285715	0.44623655913978494	0.0	0.0	0.0	0	0
29	k16_411b0a0e	HSat3	chromosome_HSat3_chr1	G3	core	1	0.0	0.0	0.7781465666276396	0.7152002214346885	0.12153177700031714	0	0
29	k16_411b0a0e	HSat3	chromosome_HSat3_chr1	G3	all_available	1	0.8285714285714286	0.8252688172043011	1.0665709446419014	1.7266733238069554	-0.6944985057933777	0	0
29	k16_411b0a0e	HSat3	chromosome_HSat3_chr1	G3	core	2	1.0	1.0	88.78984778967748	85.19405624474624	0.05964126171043543	0	0
29	k16_411b0a0e	HSat3	chromosome_HSat3_chr1	G3	all_available	2	1.0	1.0	66.06975440607354	70.37305325045665	-0.09103179087130228	0	0
29	k16_411b0a0e	HSat3	chromosome_HSat3_chr1	G4	core	0	0.0	0.0	0.0	0.0	0.0	0	0
29	k16_411b0a0e	HSat3	chromosome_HSat3_chr1	G4	all_available	0	0.5128205128205128	0.42431761786600497	4.871258776517346	0.0	12.250375044688713	0	0
29	k16_411b0a0e	HSat3	chromosome_HSat3_chr1	G4	core	1	0.0	0.0	0.7550312450804995	0.718584646936009	0.07128145347347575	0	0
29	k16_411b0a0e	HSat3	chromosome_HSat3_chr1	G4	all_available	1	0.7948717948717948	0.8287841191066998	9.059630808663101	1.3721520371900249	2.7221201239872	0	0
29	k16_411b0a0e	HSat3	chromosome_HSat3_chr1	G4	core	2	1.0	1.0	91.52569367647541	85.27892181076402	0.10198645009763875	0	0
29	k16_411b0a0e	HSat3	chromosome_HSat3_chr1	G4	all_available	2	1.0	1.0	80.4430496726255	68.60642176689664	0.22962105915621642	0	0
29	k16_411b0a0e	HSat3	chromosome_HSat3_chr1	G5	core	0	0.0	0.0	0.0	0.0	0.0	0	0
29	k16_411b0a0e	HSat3	chromosome_HSat3_chr1	G5	all_available	0	0.5106382978723404	0.42278481012658226	2.112389247431757	0.0	11.045342794301858	0	0
29	k16_411b0a0e	HSat3	chromosome_HSat3_chr1	G5	core	1	0.0	0.0	0.6668309293522637	0.7281093911549271	-0.12665237331689108	0	0
29	k16_411b0a0e	HSat3	chromosome_HSat3_chr1	G5	all_available	1	0.9148936170212766	0.8151898734177215	5.386592580950981	1.3721520371900249	1.9721493844251146	0	0
29	k16_411b0a0e	HSat3	chromosome_HSat3_chr1	G5	core	2	1.0	1.0	84.1813310176083	86.13503200856994	-0.03309940649077297	0	0
29	k16_411b0a0e	HSat3	chromosome_HSat3_chr1	G5	all_available	2	1.0	1.0	70.52287438619088	69.08946112048375	0.02962519384702062	0	0
29	k16_411b0a0e	HSat3	chromosome_HSat3_chr1	G6	core	0	0.0	0.0	0.0	0.0	0.0	0	0
29	k16_411b0a0e	HSat3	chromosome_HSat3_chr1	G6	all_available	0	0.574468085106383	0.4151898734177215	4.516203073993471	0.0	12.1412140572504	0	0
29	k16_411b0a0e	HSat3	chromosome_HSat3_chr1	G6	core	1	0.0	0.0	0.8109507546099509	0.718584646936009	0.17422782402033976	0	0
29	k16_411b0a0e	HSat3	chromosome_HSat3_chr1	G6	all_available	1	0.851063829787234	0.8227848101265823	8.631684666576454	1.3185710513659243	2.7097402572584106	1	0
29	k16_411b0a0e	HSat3	chromosome_HSat3_chr1	G6	core	2	1.0	1.0	87.5826814978747	85.8005116830515	0.029659027509191357	0	0
29	k16_411b0a0e	HSat3	chromosome_HSat3_chr1	G6	all_available	2	1.0	1.0	73.4442716776392	68.95161355741568	0.09106437850018324	0	0
29	k16_411b0a0e	HSat3	chromosome_HSat3_chr1	G7	core	0	0.0	0.0	0.0	0.0	0.0	0	0
29	k16_411b0a0e	HSat3	chromosome_HSat3_chr1	G7	all_available	0	0.38095238095238093	0.4525316455696203	0.0	0.0	0.0	0	0
29	k16_411b0a0e	HSat3	chromosome_HSat3_chr1	G7	core	1	0.0	0.0	0.6811901935674112	0.7671828717798068	-0.17127577990060883	0	0
29	k16_411b0a0e	HSat3	chromosome_HSat3_chr1	G7	all_available	1	0.8015873015873016	0.8354430379746836	1.1106050078014262	1.7819163113183976	-0.6815947465539645	0	0
29	k16_411b0a0e	HSat3	chromosome_HSat3_chr1	G7	core	2	1.0	1.0	84.31036572805438	86.45828454633642	-0.03629376884810494	0	0
29	k16_411b0a0e	HSat3	chromosome_HSat3_chr1	G7	all_available	2	1.0	1.0	66.92790944179961	70.82775078702585	-0.08170559074953195	0	0
31	k16_43a0e814	HSat3	regional_HSat3_G1_group_enriched_exact	G1	core	0	1.0	0.9947780678851175	107.8007609673389	24.418670903370668	2.142265082250918	1	0
31	k16_43a0e814	HSat3	regional_HSat3_G1_group_enriched_exact	G1	all_available	0	1.0	0.9973890339425587	22.03808832451662	8.666863600173762	1.3463161901044085	0	0
31	k16_43a0e814	HSat3	regional_HSat3_G1_group_enriched_exact	G1	core	1	1.0	1.0	328.351691631955	286.48436506449656	0.19678483996738116	0	0
31	k16_43a0e814	HSat3	regional_HSat3_G1_group_enriched_exact	G1	all_available	1	1.0	1.0	1496.1229645327555	1509.2792196587973	-0.012630970148912297	0	0
31	k16_43a0e814	HSat3	regional_HSat3_G1_group_enriched_exact	G1	core	2	1.0	1.0	4237.0033974164635	4328.233216075441	-0.03073394459518955	0	0
31	k16_43a0e814	HSat3	regional_HSat3_G1_group_enriched_exact	G1	all_available	2	1.0	1.0	7392.722736140824	7460.4996225574105	-0.013166441741409868	0	0
31	k16_43a0e814	HSat3	regional_HSat3_G1_group_enriched_exact	G2	core	0	1.0	0.9948453608247423	26.067429353977744	25.21823949687342	0.04777889095144005	0	0
31	k16_43a0e814	HSat3	regional_HSat3_G1_group_enriched_exact	G2	all_available	0	1.0	0.9974226804123711	8.398186954818181	9.312804391614879	-0.14912090191300229	0	0
31	k16_43a0e814	HSat3	regional_HSat3_G1_group_enriched_exact	G2	core	1	1.0	1.0	276.10469742425363	294.1027688273223	-0.0911046137711908	0	0
31	k16_43a0e814	HSat3	regional_HSat3_G1_group_enriched_exact	G2	all_available	1	1.0	1.0	1551.2708483946465	1500.8507537577157	0.04767004751002181	0	0
31	k16_43a0e814	HSat3	regional_HSat3_G1_group_enriched_exact	G2	core	2	1.0	1.0	4036.8789951905273	4340.80798674214	-0.1047232392459069	0	0
31	k16_43a0e814	HSat3	regional_HSat3_G1_group_enriched_exact	G2	all_available	2	1.0	1.0	7553.762752769208	7427.486479092013	0.02432139553632566	0	0
31	k16_43a0e814	HSat3	regional_HSat3_G1_group_enriched_exact	G3	core	0	1.0	0.9946236559139785	24.970377809295748	25.52175364229742	-0.0315085644962511	0	0
31	k16_43a0e814	HSat3	regional_HSat3_G1_group_enriched_exact	G3	all_available	0	1.0	0.9973118279569892	8.22990050615438	9.441519141865136	-0.19812152517958656	0	0
31	k16_43a0e814	HSat3	regional_HSat3_G1_group_enriched_exact	G3	core	1	1.0	1.0	329.72615790331804	285.8773694454319	0.2058712543956172	0	0
31	k16_43a0e814	HSat3	regional_HSat3_G1_group_enriched_exact	G3	all_available	1	1.0	1.0	1541.4974150386674	1501.908105487022	0.03753590149784335	0	0
31	k16_43a0e814	HSat3	regional_HSat3_G1_group_enriched_exact	G3	core	2	1.0	1.0	4148.666946896043	4345.20932759381	-0.06677782091297695	0	0
31	k16_43a0e814	HSat3	regional_HSat3_G1_group_enriched_exact	G3	all_available	2	1.0	1.0	7578.0034428616345	7433.754810696485	0.02772668737152544	0	0
31	k16_43a0e814	HSat3	regional_HSat3_G1_group_enriched_exact	G4	core	0	1.0	0.9950372208436724	22.91432654106866	25.702104385498668	-0.1656297725438948	0	0
31	k16_43a0e814	HSat3	regional_HSat3_G1_group_enriched_exact	G4	all_available	0	1.0	0.9975186104218362	8.903679156643511	9.066117183961941	-0.02608029981999725	0	0
31	k16_43a0e814	HSat3	regional_HSat3_G1_group_enriched_exact	G4	core	1	1.0	1.0	271.0040333212887	291.3375631231387	-0.10437703020437629	0	0
31	k16_43a0e814	HSat3	regional_HSat3_G1_group_enriched_exact	G4	all_available	1	1.0	1.0	1458.5224726468432	1514.065326666296	-0.05391980247813517	0	0
31	k16_43a0e814	HSat3	regional_HSat3_G1_group_enriched_exact	G4	core	2	1.0	1.0	4303.6268802481445	4314.705944540361	-0.003709236236872884	0	0
31	k16_43a0e814	HSat3	regional_HSat3_G1_group_enriched_exact	G4	all_available	2	1.0	1.0	7302.980792754794	7462.113402475639	-0.031098844678258013	0	0
31	k16_43a0e814	HSat3	regional_HSat3_G1_group_enriched_exact	G5	core	0	1.0	0.9949367088607595	83.00342479348387	24.66605111983872	1.7506029899829434	0	0
31	k16_43a0e814	HSat3	regional_HSat3_G1_group_enriched_exact	G5	all_available	0	1.0	0.9974683544303797	17.685847117525107	8.76200258447098	1.0131797045872375	0	0
31	k16_43a0e814	HSat3	regional_HSat3_G1_group_enriched_exact	G5	core	1	1.0	1.0	292.29533204354726	289.72807014806887	0.012727279641014621	0	0
31	k16_43a0e814	HSat3	regional_HSat3_G1_group_enriched_exact	G5	all_available	1	1.0	1.0	1517.5406664076147	1507.5723888104897	0.00950789404337093	0	0
31	k16_43a0e814	HSat3	regional_HSat3_G1_group_enriched_exact	G5	core	2	1.0	1.0	4447.4871714155	4286.632488321837	0.053145698008796635	0	0
31	k16_43a0e814	HSat3	regional_HSat3_G1_group_enriched_exact	G5	all_available	2	1.0	1.0	7469.932800045908	7437.273109106556	0.006321512362288736	0	0
31	k16_43a0e814	HSat3	regional_HSat3_G1_group_enriched_exact	G6	core	0	0.9574468085106383	1.0	22.570259336459454	25.89783343363912	-0.1984002015503132	0	0
31	k16_43a0e814	HSat3	regional_HSat3_G1_group_enriched_exact	G6	all_available	0	0.9787234042553191	1.0	8.080079591092566	9.352662826167963	-0.21098338193860444	0	0
31	k16_43a0e814	HSat3	regional_HSat3_G1_group_enriched_exact	G6	core	1	1.0	1.0	235.85237134846068	294.48294918798194	-0.3202987790128883	0	0
31	k16_43a0e814	HSat3	regional_HSat3_G1_group_enriched_exact	G6	all_available	1	1.0	1.0	1479.7517513517562	1514.065326666296	-0.03307226757983679	0	0
31	k16_43a0e814	HSat3	regional_HSat3_G1_group_enriched_exact	G6	core	2	1.0	1.0	4349.645067696072	4303.551100617423	0.015370078301647997	0	0
31	k16_43a0e814	HSat3	regional_HSat3_G1_group_enriched_exact	G6	all_available	2	1.0	1.0	7397.971265805084	7462.113402475639	-0.012454586471577754	0	0
31	k16_43a0e814	HSat3	regional_HSat3_G1_group_enriched_exact	G7	core	0	1.0	0.9936708860759493	21.884464539592116	26.85839802330748	-0.29545396437624216	0	0
31	k16_43a0e814	HSat3	regional_HSat3_G1_group_enriched_exact	G7	all_available	0	1.0	0.9968354430379747	8.44574830887191	9.70786137762942	-0.20090604806967433	0	0
31	k16_43a0e814	HSat3	regional_HSat3_G1_group_enriched_exact	G7	core	1	1.0	1.0	287.40469030425834	297.50907050666535	-0.04984987766836965	0	0
31	k16_43a0e814	HSat3	regional_HSat3_G1_group_enriched_exact	G7	all_available	1	1.0	1.0	1501.908105487022	1516.407788529995	-0.013861218382672008	0	0
31	k16_43a0e814	HSat3	regional_HSat3_G1_group_enriched_exact	G7	core	2	1.0	1.0	4405.389165920197	4229.483718077867	0.05878788870384203	0	0
31	k16_43a0e814	HSat3	regional_HSat3_G1_group_enriched_exact	G7	all_available	2	1.0	1.0	7443.733010825844	7456.98598807722	-0.002566320059372799	0	0
32	k16_476afbf4	HSat3	chromosome_HSat3_chr1	G1	core	0	0.0	0.0	0.31223869524191944	0.4451121126133645	-0.5101438762344135	0	0
32	k16_476afbf4	HSat3	chromosome_HSat3_chr1	G1	all_available	0	0.5084745762711864	0.4830287206266319	1.3744887331440432	0.7150275553744153	0.9418573084655791	0	0
32	k16_476afbf4	HSat3	chromosome_HSat3_chr1	G1	core	1	1.0	1.0	68.23504220016919	79.4103920918652	-0.21881201594699737	0	0
32	k16_476afbf4	HSat3	chromosome_HSat3_chr1	G1	all_available	1	1.0	1.0	70.89257642739837	65.41034269581658	0.11611408383426046	0	0
32	k16_476afbf4	HSat3	chromosome_HSat3_chr1	G1	core	2	1.0	1.0	1379.3339640653962	1415.1823667240342	-0.03701614648991912	0	0
32	k16_476afbf4	HSat3	chromosome_HSat3_chr1	G1	all_available	2	1.0	1.0	2464.033539027074	2470.0798488729997	-0.00353578500333135	0	0
32	k16_476afbf4	HSat3	chromosome_HSat3_chr1	G2	core	0	0.0	0.0	0.5577929932739416	0.4116677097860952	0.4373333753636133	0	0
32	k16_476afbf4	HSat3	chromosome_HSat3_chr1	G2	all_available	0	0.4444444444444444	0.49226804123711343	0.5963573587039791	0.9054013186320964	-0.6015557028954357	0	0
32	k16_476afbf4	HSat3	chromosome_HSat3_chr1	G2	core	1	1.0	1.0	84.82949659279762	77.87558638601143	0.12339336052918315	0	0
32	k16_476afbf4	HSat3	chromosome_HSat3_chr1	G2	all_available	1	1.0	1.0	59.09083186859	66.57426639834607	-0.17202757265178423	0	0
32	k16_476afbf4	HSat3	chromosome_HSat3_chr1	G2	core	2	1.0	1.0	1334.5867292480061	1421.8383773205192	-0.0913643511662554	0	0
32	k16_476afbf4	HSat3	chromosome_HSat3_chr1	G2	all_available	2	1.0	1.0	2488.412512414293	2464.9416542761646	0.0136721620353157	0	0
32	k16_476afbf4	HSat3	chromosome_HSat3_chr1	G3	core	0	0.0	0.0	0.42912698140295713	0.43740325887304365	-0.027495889790373387	0	0
32	k16_476afbf4	HSat3	chromosome_HSat3_chr1	G3	all_available	0	0.4	0.5026881720430108	0.45790490821568297	0.892467775087676	-0.9612204590118749	0	0
32	k16_476afbf4	HSat3	chromosome_HSat3_chr1	G3	core	1	1.0	1.0	84.16117130845949	76.87973701171234	0.1305497588758986	0	0
32	k16_476afbf4	HSat3	chromosome_HSat3_chr1	G3	all_available	1	1.0	1.0	58.45620763748336	66.75180344185941	-0.19144751080219835	0	0
32	k16_476afbf4	HSat3	chromosome_HSat3_chr1	G3	core	2	1.0	1.0	1321.1309231528412	1428.9234388913992	-0.11315509340049819	0	0
32	k16_476afbf4	HSat3	chromosome_HSat3_chr1	G3	all_available	2	1.0	1.0	2472.069660674344	2468.5862333618766	0.0020343542295408784	0	0
32	k16_476afbf4	HSat3	chromosome_HSat3_chr1	G4	core	0	0.0	0.0	0.4093606032992827	0.43777815329414926	-0.09659946438842208	0	0
32	k16_476afbf4	HSat3	chromosome_HSat3_chr1	G4	all_available	0	0.5128205128205128	0.4838709677419355	6.328083831176739	0.7211380134763067	3.131650183549628	0	0
32	k16_476afbf4	HSat3	chromosome_HSat3_chr1	G4	core	1	1.0	1.0	81.48018568170313	77.99906401123187	0.06299166604722535	0	0
32	k16_476afbf4	HSat3	chromosome_HSat3_chr1	G4	all_available	1	1.0	1.0	84.88689311874379	65.41034269581658	0.3760179795200279	0	0
32	k16_476afbf4	HSat3	chromosome_HSat3_chr1	G4	core	2	1.0	1.0	1408.9706577275122	1410.6564981092658	-0.0017251586743351698	0	0
32	k16_476afbf4	HSat3	chromosome_HSat3_chr1	G4	all_available	2	1.0	1.0	2472.0319352245174	2469.5307806740516	0.001460429553005086	0	0
32	k16_476afbf4	HSat3	chromosome_HSat3_chr1	G5	core	0	0.0	0.0	0.0	0.4455718402161558	-8.802748470802179	0	0
32	k16_476afbf4	HSat3	chromosome_HSat3_chr1	G5	all_available	0	0.5319148936170213	0.4810126582278481	4.594446613164072	0.7235041912597799	2.665139137200481	0	0
32	k16_476afbf4	HSat3	chromosome_HSat3_chr1	G5	core	1	1.0	1.0	63.19899071211833	79.5853314245742	-0.3325963296206902	0	0
32	k16_476afbf4	HSat3	chromosome_HSat3_chr1	G5	all_available	1	1.0	1.0	66.69361143877939	65.8323496862225	0.018751598400646264	0	0
32	k16_476afbf4	HSat3	chromosome_HSat3_chr1	G5	core	2	1.0	1.0	1474.4824064089048	1406.1145317482476	0.06849445010194702	0	0
32	k16_476afbf4	HSat3	chromosome_HSat3_chr1	G5	all_available	2	1.0	1.0	2478.280002224604	2467.0926178507534	0.006527316019060044	0	0
32	k16_476afbf4	HSat3	chromosome_HSat3_chr1	G6	core	0	0.0	0.0	0.4599100967742826	0.427162585341745	0.10632663950688447	0	0
32	k16_476afbf4	HSat3	chromosome_HSat3_chr1	G6	all_available	0	0.5957446808510638	0.47341772151898737	6.923330409649864	0.7043762032604322	3.295209757118641	0	0
32	k16_476afbf4	HSat3	chromosome_HSat3_chr1	G6	core	1	1.0	1.0	76.3676615450234	78.73840279892738	-0.04410503144907015	0	0
32	k16_476afbf4	HSat3	chromosome_HSat3_chr1	G6	all_available	1	1.0	1.0	75.92654258221556	65.50039925397304	0.21309758954695227	0	0
32	k16_476afbf4	HSat3	chromosome_HSat3_chr1	G6	core	2	1.0	1.0	1474.836603373014	1400.8457476094459	0.07425697204478057	0	0
32	k16_476afbf4	HSat3	chromosome_HSat3_chr1	G6	all_available	2	1.0	1.0	2463.997764206027	2470.0798488729997	-0.0035567313540307514	0	0
32	k16_476afbf4	HSat3	chromosome_HSat3_chr1	G7	core	0	0.0	0.0	0.383340714797747	0.4600769992137623	-0.26262188369282474	0	0
32	k16_476afbf4	HSat3	chromosome_HSat3_chr1	G7	all_available	0	0.47619047619047616	0.49050632911392406	0.6273993382208922	0.9312849039558326	-0.5690892449846114	0	0
32	k16_476afbf4	HSat3	chromosome_HSat3_chr1	G7	core	1	1.0	1.0	78.63831214266227	78.42457938808005	0.003926420124024241	0	0
32	k16_476afbf4	HSat3	chromosome_HSat3_chr1	G7	all_available	1	1.0	1.0	61.971350240729166	67.8256863315523	-0.130228329613333	0	0
32	k16_476afbf4	HSat3	chromosome_HSat3_chr1	G7	core	2	1.0	1.0	1434.28038662141	1379.8562411562539	0.055809074338556176	0	0
32	k16_476afbf4	HSat3	chromosome_HSat3_chr1	G7	all_available	2	1.0	1.0	2456.5152721782415	2474.34369388457	-0.01043269637705793	0	0
35	k16_4f5be4f5	HSat3	pan_HSat3	G1	core	0	1.0	1.0	79.87565164682337	73.29896866370038	0.12396127605105277	0	0
35	k16_4f5be4f5	HSat3	pan_HSat3	G1	all_available	0	1.0	1.0	171.26348932918455	172.53150201715192	-0.010642117051032565	0	0
35	k16_4f5be4f5	HSat3	pan_HSat3	G1	core	1	1.0	1.0	2463.488675904659	2377.278276277937	0.05139202844584735	0	0
35	k16_4f5be4f5	HSat3	pan_HSat3	G1	all_available	1	1.0	1.0	4513.650217995843	4529.382750420179	-0.0050198344886982155	0	0
35	k16_4f5be4f5	HSat3	pan_HSat3	G1	core	2	1.0	1.0	36787.47763484616	36806.15097575114	-0.0007321268613891749	0	0
35	k16_4f5be4f5	HSat3	pan_HSat3	G1	all_available	2	1.0	1.0	47692.05134873009	47710.554306968865	-0.0005596099956489397	0	0
35	k16_4f5be4f5	HSat3	pan_HSat3	G2	core	0	1.0	1.0	75.84484013489416	73.60987972308817	0.043151043074454394	0	0
35	k16_4f5be4f5	HSat3	pan_HSat3	G2	all_available	0	1.0	1.0	176.24969908878003	171.7299457734718	0.037478944682258236	0	0
35	k16_4f5be4f5	HSat3	pan_HSat3	G2	core	1	1.0	1.0	2386.8685989959604	2382.3318721869505	0.0027447420330624504	0	0
35	k16_4f5be4f5	HSat3	pan_HSat3	G2	all_available	1	1.0	1.0	4613.04179972639	4512.66600990768	0.03173835187875378	0	0
35	k16_4f5be4f5	HSat3	pan_HSat3	G2	core	2	1.0	1.0	35623.520618271024	36925.85602129407	-0.05180126190573222	0	0
35	k16_4f5be4f5	HSat3	pan_HSat3	G2	all_available	2	1.0	1.0	48100.87043626829	47653.82072405808	0.013471111808583361	0	0
35	k16_4f5be4f5	HSat3	pan_HSat3	G3	core	0	1.0	1.0	83.49174176614744	72.34211717033924	0.20679502275632752	0	0
35	k16_4f5be4f5	HSat3	pan_HSat3	G3	all_available	0	1.0	1.0	177.8095815846662	171.71150416713903	0.050346081384601775	0	0
35	k16_4f5be4f5	HSat3	pan_HSat3	G3	core	1	1.0	1.0	2442.473751543539	2375.064222365456	0.04037651651975568	0	0
35	k16_4f5be4f5	HSat3	pan_HSat3	G3	all_available	1	1.0	1.0	4609.802831883846	4522.325091569684	0.027640334410170032	0	0
35	k16_4f5be4f5	HSat3	pan_HSat3	G3	core	2	1.0	1.0	36344.54372940964	36993.878486561225	-0.025547767744453952	0	0
35	k16_4f5be4f5	HSat3	pan_HSat3	G3	all_available	2	1.0	1.0	47962.29793993627	47694.93403045522	0.00806474481354365	0	0
35	k16_4f5be4f5	HSat3	pan_HSat3	G4	core	0	1.0	1.0	70.50530352865741	74.21034888051922	-0.073887584355913	0	0
35	k16_4f5be4f5	HSat3	pan_HSat3	G4	all_available	0	1.0	1.0	166.56768354546628	172.53150201715192	-0.05075097909036309	0	0
35	k16_4f5be4f5	HSat3	pan_HSat3	G4	core	1	1.0	1.0	2352.203793607699	2386.985950193325	-0.021177005927383113	0	0
35	k16_4f5be4f5	HSat3	pan_HSat3	G4	all_available	1	1.0	1.0	4457.027209869591	4534.094797481822	-0.02473278078390306	0	0
35	k16_4f5be4f5	HSat3	pan_HSat3	G4	core	2	1.0	1.0	36800.88429363394	36806.15097575114	-0.00020645352583815633	0	0
35	k16_4f5be4f5	HSat3	pan_HSat3	G4	all_available	2	1.0	1.0	47564.0177869234	47743.58649178041	-0.00543635910404097	0	0
35	k16_4f5be4f5	HSat3	pan_HSat3	G5	core	0	1.0	1.0	71.79987063853817	74.0652330719664	-0.04481462727112673	0	0
35	k16_4f5be4f5	HSat3	pan_HSat3	G5	all_available	0	1.0	1.0	169.45860883439903	172.4263852252039	-0.025047480036486557	0	0
35	k16_4f5be4f5	HSat3	pan_HSat3	G5	core	1	1.0	1.0	2358.900392951191	2389.3886383951235	-0.018527021491972766	0	0
35	k16_4f5be4f5	HSat3	pan_HSat3	G5	all_available	1	1.0	1.0	4550.653992079186	4528.200864440612	0.007135938466920436	0	0
35	k16_4f5be4f5	HSat3	pan_HSat3	G5	core	2	1.0	1.0	37305.696713208614	36759.71887846727	0.02127021782034761	0	0
35	k16_4f5be4f5	HSat3	pan_HSat3	G5	all_available	2	1.0	1.0	47796.806968007004	47692.05134873009	0.0031654053166771585	0	0
35	k16_4f5be4f5	HSat3	pan_HSat3	G6	core	0	1.0	1.0	66.0339170098395	74.59111355378172	-0.17579403172482633	0	0
35	k16_4f5be4f5	HSat3	pan_HSat3	G6	all_available	0	1.0	1.0	169.07856141973548	172.4263852252039	-0.02828664878824682	0	0
35	k16_4f5be4f5	HSat3	pan_HSat3	G6	core	1	1.0	1.0	2312.7085545196232	2389.4307684368064	-0.04708347711592467	0	0
35	k16_4f5be4f5	HSat3	pan_HSat3	G6	all_available	1	1.0	1.0	4489.791357849966	4530.791435929845	-0.013114674492016346	0	0
35	k16_4f5be4f5	HSat3	pan_HSat3	G6	core	2	1.0	1.0	36753.3380474849	36878.81705045664	-0.004917093772542666	0	0
35	k16_4f5be4f5	HSat3	pan_HSat3	G6	all_available	2	1.0	1.0	47378.92498198027	47738.96680395113	-0.010921878338414378	0	0
35	k16_4f5be4f5	HSat3	pan_HSat3	G7	core	0	1.0	1.0	72.76272872065982	74.77496480471632	-0.03935514532006776	0	0
35	k16_4f5be4f5	HSat3	pan_HSat3	G7	all_available	0	1.0	1.0	172.34376610622377	172.2350069535477	0.0009107083603888877	0	0
35	k16_4f5be4f5	HSat3	pan_HSat3	G7	core	1	1.0	1.0	2369.8678763586404	2393.2453911982125	-0.01416169613693313	0	0
35	k16_4f5be4f5	HSat3	pan_HSat3	G7	all_available	1	1.0	1.0	4504.6035744834935	4545.489438650716	-0.013035495139754842	0	0
35	k16_4f5be4f5	HSat3	pan_HSat3	G7	core	2	1.0	1.0	37227.42437798951	36568.00452371237	0.02578390190804849	0	0
35	k16_4f5be4f5	HSat3	pan_HSat3	G7	all_available	2	1.0	1.0	47613.09743590609	47717.787436583734	-0.003168664647506059	0	0
39	k16_51da7e3d	HSat3	regional_HSat3_G1_group_enriched_exact	G1	core	0	1.0	0.9947780678851175	48.38242473862495	10.00568537336751	2.273548718409345	1	0
39	k16_51da7e3d	HSat3	regional_HSat3_G1_group_enriched_exact	G1	all_available	0	1.0	0.9973890339425587	11.569400474743622	5.866993827626181	0.9794995412802835	0	0
39	k16_51da7e3d	HSat3	regional_HSat3_G1_group_enriched_exact	G1	core	1	1.0	1.0	1095.787830611151	1109.9723003927425	-0.018555170580561598	0	0
39	k16_51da7e3d	HSat3	regional_HSat3_G1_group_enriched_exact	G1	all_available	1	1.0	1.0	758.6489309713238	754.7353403164517	0.007461585350410955	0	0
39	k16_51da7e3d	HSat3	regional_HSat3_G1_group_enriched_exact	G1	core	2	1.0	1.0	4104.077717724882	4204.273190874003	-0.03479835823248431	0	0
39	k16_51da7e3d	HSat3	regional_HSat3_G1_group_enriched_exact	G1	all_available	2	1.0	1.0	3481.0635189588234	3474.2177540720404	0.002839957440930821	0	0
39	k16_51da7e3d	HSat3	regional_HSat3_G1_group_enriched_exact	G2	core	0	1.0	0.9948453608247423	10.331446698943573	10.516493693348867	-0.025609031585887957	0	0
39	k16_51da7e3d	HSat3	regional_HSat3_G1_group_enriched_exact	G2	all_available	0	1.0	0.9974226804123711	4.194648168733004	6.872007875247539	-0.7120479084271063	0	0
39	k16_51da7e3d	HSat3	regional_HSat3_G1_group_enriched_exact	G2	core	1	1.0	1.0	1012.262418781411	1114.2233095258907	-0.13845492955137592	0	0
39	k16_51da7e3d	HSat3	regional_HSat3_G1_group_enriched_exact	G2	all_available	1	1.0	1.0	731.6298331488961	758.3640664625713	-0.05177663313935202	0	0
39	k16_51da7e3d	HSat3	regional_HSat3_G1_group_enriched_exact	G2	core	2	1.0	1.0	3797.3119146879253	4220.39191581211	-0.15239843110195106	0	0
39	k16_51da7e3d	HSat3	regional_HSat3_G1_group_enriched_exact	G2	all_available	2	1.0	1.0	3389.7508431028928	3490.18256269935	-0.0421232550945077	0	0
39	k16_51da7e3d	HSat3	regional_HSat3_G1_group_enriched_exact	G3	core	0	1.0	0.9946236559139785	12.43958794263483	9.977599775123906	0.3181453770028589	0	0
39	k16_51da7e3d	HSat3	regional_HSat3_G1_group_enriched_exact	G3	all_available	0	1.0	0.9973118279569892	5.094014828634491	6.790949205938176	-0.41473932439055844	0	0
39	k16_51da7e3d	HSat3	regional_HSat3_G1_group_enriched_exact	G3	core	1	1.0	1.0	1054.653257389653	1115.4716410037736	-0.08088500514956053	0	0
39	k16_51da7e3d	HSat3	regional_HSat3_G1_group_enriched_exact	G3	all_available	1	1.0	1.0	737.8868393929297	757.7046557334577	-0.038235976555470744	0	0
39	k16_51da7e3d	HSat3	regional_HSat3_G1_group_enriched_exact	G3	core	2	1.0	1.0	3979.496159312851	4229.1711194343925	-0.08778913011656653	0	0
39	k16_51da7e3d	HSat3	regional_HSat3_G1_group_enriched_exact	G3	all_available	2	1.0	1.0	3439.5958166134014	3490.874894601903	-0.02134960332066032	0	0
39	k16_51da7e3d	HSat3	regional_HSat3_G1_group_enriched_exact	G4	core	0	1.0	0.9950372208436724	8.214442118730519	10.680098994808501	-0.37864997395010197	0	0
39	k16_51da7e3d	HSat3	regional_HSat3_G1_group_enriched_exact	G4	all_available	0	1.0	0.9975186104218362	6.130897455646	6.649099602525405	-0.11704237802314506	0	0
39	k16_51da7e3d	HSat3	regional_HSat3_G1_group_enriched_exact	G4	core	1	1.0	1.0	1065.414080848425	1110.5104752361558	-0.059808693380545716	0	0
39	k16_51da7e3d	HSat3	regional_HSat3_G1_group_enriched_exact	G4	all_available	1	1.0	1.0	755.3403665471888	754.7353403164517	0.0011560575795950977	0	0
39	k16_51da7e3d	HSat3	regional_HSat3_G1_group_enriched_exact	G4	core	2	1.0	1.0	4133.430047885235	4187.990008855357	-0.018918524391710753	0	0
39	k16_51da7e3d	HSat3	regional_HSat3_G1_group_enriched_exact	G4	all_available	2	1.0	1.0	3501.343093645385	3473.4640541031667	0.01153326648618542	0	0
39	k16_51da7e3d	HSat3	regional_HSat3_G1_group_enriched_exact	G5	core	0	1.0	0.9949367088607595	31.684636239452153	10.147367089980996	1.6425813736842463	0	0
39	k16_51da7e3d	HSat3	regional_HSat3_G1_group_enriched_exact	G5	all_available	0	1.0	0.9974683544303797	9.828383517820695	6.130897455646	0.6807673651690794	0	0
39	k16_51da7e3d	HSat3	regional_HSat3_G1_group_enriched_exact	G5	core	1	1.0	1.0	1156.7548687638894	1101.0656698648386	0.07118259129286525	0	0
39	k16_51da7e3d	HSat3	regional_HSat3_G1_group_enriched_exact	G5	all_available	1	1.0	1.0	764.8250442214501	754.6891857537319	0.019247138459204137	0	0
39	k16_51da7e3d	HSat3	regional_HSat3_G1_group_enriched_exact	G5	core	2	1.0	1.0	4363.001745200698	4149.270805047824	0.0724632149811903	0	0
39	k16_51da7e3d	HSat3	regional_HSat3_G1_group_enriched_exact	G5	all_available	2	1.0	1.0	3521.1716733742282	3470.146667731552	0.02105892051219103	0	0
39	k16_51da7e3d	HSat3	regional_HSat3_G1_group_enriched_exact	G6	core	0	0.9574468085106383	1.0	7.413066192438516	10.794292625717079	-0.5420654500787097	0	0
39	k16_51da7e3d	HSat3	regional_HSat3_G1_group_enriched_exact	G6	all_available	0	0.9787234042553191	1.0	5.888774596481683	6.692610991463261	-0.1845722865054482	0	0
39	k16_51da7e3d	HSat3	regional_HSat3_G1_group_enriched_exact	G6	core	1	1.0	1.0	1107.3468273777005	1108.52384076709	-0.0015326436072293837	0	0
39	k16_51da7e3d	HSat3	regional_HSat3_G1_group_enriched_exact	G6	all_available	1	1.0	1.0	758.4970311413214	754.3892842761986	0.00783433983090691	0	0
39	k16_51da7e3d	HSat3	regional_HSat3_G1_group_enriched_exact	G6	core	2	1.0	1.0	4218.44138124164	4172.6591085053215	0.015742988083149684	0	0
39	k16_51da7e3d	HSat3	regional_HSat3_G1_group_enriched_exact	G6	all_available	2	1.0	1.0	3469.890285218525	3478.3822238180014	-0.003526424809189811	0	0
39	k16_51da7e3d	HSat3	regional_HSat3_G1_group_enriched_exact	G7	core	0	1.0	0.9936708860759493	9.57424862848439	12.013091097903555	-0.3273456550894931	0	0
39	k16_51da7e3d	HSat3	regional_HSat3_G1_group_enriched_exact	G7	all_available	0	1.0	0.9968354430379747	4.546718892186082	7.071976963530038	-0.6371744827135392	0	0
39	k16_51da7e3d	HSat3	regional_HSat3_G1_group_enriched_exact	G7	core	1	1.0	1.0	1133.0129848356496	1081.131188368486	0.0676227385500951	0	0
39	k16_51da7e3d	HSat3	regional_HSat3_G1_group_enriched_exact	G7	all_available	1	1.0	1.0	761.2706229628509	751.0276016587645	0.019543450143449055	0	0
39	k16_51da7e3d	HSat3	regional_HSat3_G1_group_enriched_exact	G7	core	2	1.0	1.0	4297.8930815849635	4079.7689925336863	0.07514211018632383	0	0
39	k16_51da7e3d	HSat3	regional_HSat3_G1_group_enriched_exact	G7	all_available	2	1.0	1.0	3515.012407868823	3458.7493084002836	0.023279324933569587	0	0
40	k16_51dabc3c	HSat3	G5_specific	G1	core	0	1.0	0.15926892950391644	29.87370169856086	0.0	14.866636687281982	1	1
40	k16_51dabc3c	HSat3	G5_specific	G1	all_available	0	1.0	0.15926892950391644	4.773568028245266	0.0	12.221154498082893	1	1
40	k16_51dabc3c	HSat3	G5_specific	G1	core	1	1.0	1.0	103.33943546805888	75.29647528016717	0.45673147094339517	0	0
40	k16_51dabc3c	HSat3	G5_specific	G1	all_available	1	1.0	1.0	25.184940785997735	20.115649602659715	0.3242285753919327	0	0
40	k16_51dabc3c	HSat3	G5_specific	G1	core	2	1.0	1.0	1293.8062198319221	1282.9691403771233	0.012135074771671077	0	0
40	k16_51dabc3c	HSat3	G5_specific	G1	all_available	2	1.0	1.0	925.3448377379409	910.7621537326088	0.02291673137553754	0	0
40	k16_51dabc3c	HSat3	G5_specific	G2	core	0	0.09259259259259259	0.2963917525773196	1.515877700456116	0.0	10.566889056431526	0	0
40	k16_51dabc3c	HSat3	G5_specific	G2	all_available	0	0.09259259259259259	0.2963917525773196	0.19546114897722158	0.0	7.618100231420894	0	0
40	k16_51dabc3c	HSat3	G5_specific	G2	core	1	1.0	1.0	71.75152208280053	77.1446834274424	-0.10455589214688248	0	0
40	k16_51dabc3c	HSat3	G5_specific	G2	all_available	1	1.0	1.0	17.290188733370925	21.170316364822554	-0.2920739196212851	0	0
40	k16_51dabc3c	HSat3	G5_specific	G2	core	2	1.0	1.0	1209.79484800941	1290.9782032597889	-0.09370214554651543	0	0
40	k16_51dabc3c	HSat3	G5_specific	G2	all_available	2	1.0	1.0	888.4108019430175	913.7922108479784	-0.04063916565660278	0	0
40	k16_51dabc3c	HSat3	G5_specific	G3	core	0	0.0	0.3225806451612903	0.0	1.3696238049313978	-10.42061693365285	0	0
40	k16_51dabc3c	HSat3	G5_specific	G3	all_available	0	0.0	0.3225806451612903	0.0	0.17921384485199476	-7.493566039616808	0	0
40	k16_51dabc3c	HSat3	G5_specific	G3	core	1	1.0	1.0	86.29659290837563	74.79388656658384	0.20638067691643533	0	0
40	k16_51dabc3c	HSat3	G5_specific	G3	all_available	1	1.0	1.0	20.06622114760417	20.833530519074493	-0.054135740843879565	0	0
40	k16_51dabc3c	HSat3	G5_specific	G3	core	2	1.0	1.0	1267.7986763197441	1288.9885195083436	-0.023913728735508434	0	0
40	k16_51dabc3c	HSat3	G5_specific	G3	all_available	2	1.0	1.0	900.9505470774003	913.6046120895787	-0.020121992515403166	0	0
40	k16_51dabc3c	HSat3	G5_specific	G4	core	0	0.23076923076923078	0.27543424317617865	1.220738888834634	0.850486222973674	0.5208808915474075	0	0
40	k16_51dabc3c	HSat3	G5_specific	G4	all_available	0	0.23076923076923078	0.27543424317617865	0.16245543373624266	0.09775016270514583	0.7270423069611356	0	0
40	k16_51dabc3c	HSat3	G5_specific	G4	core	1	1.0	1.0	78.53667475719078	76.39827951074543	0.03982585229185044	0	0
40	k16_51dabc3c	HSat3	G5_specific	G4	all_available	1	1.0	1.0	21.8523758198909	20.609097454164313	0.0845048319263372	0	0
40	k16_51dabc3c	HSat3	G5_specific	G4	core	2	1.0	1.0	1277.0911379360055	1285.9776325167577	-0.010004056994723955	0	0
40	k16_51dabc3c	HSat3	G5_specific	G4	all_available	2	1.0	1.0	914.6168064213851	911.38053351687	0.005113867959128432	0	0
40	k16_51dabc3c	HSat3	G5_specific	G5	core	0	1.0	0.1848101265822785	20.814960944336544	0.0	14.345402539883397	1	1
40	k16_51dabc3c	HSat3	G5_specific	G5	all_available	0	1.0	0.1848101265822785	3.8223953896593486	0.0	11.900638686300752	1	1
40	k16_51dabc3c	HSat3	G5_specific	G5	core	1	1.0	1.0	79.74397985415246	76.2508682613749	0.06462101473784214	0	0
40	k16_51dabc3c	HSat3	G5_specific	G5	all_available	1	1.0	1.0	22.426024055354798	20.442553868310814	0.13359218188097252	0	0
40	k16_51dabc3c	HSat3	G5_specific	G5	core	2	1.0	1.0	1305.9847206393379	1280.4257581313293	0.028514391363984277	0	0
40	k16_51dabc3c	HSat3	G5_specific	G5	all_available	2	1.0	1.0	921.6882383856614	910.7629661234715	0.017203192789217715	0	0
40	k16_51dabc3c	HSat3	G5_specific	G6	core	0	0.0	0.3037974683544304	1.3168030655175365	0.0	10.363919072588049	0	0
40	k16_51dabc3c	HSat3	G5_specific	G6	all_available	0	0.0	0.3037974683544304	0.19158550093701274	0.0	7.589355281774065	0	0
40	k16_51dabc3c	HSat3	G5_specific	G6	core	1	1.0	1.0	60.258829395438525	78.06645016237822	-0.3735245607112714	0	0
40	k16_51dabc3c	HSat3	G5_specific	G6	all_available	1	1.0	1.0	17.621110139936608	21.24053458439536	-0.26950130820094637	0	0
40	k16_51dabc3c	HSat3	G5_specific	G6	core	2	1.0	1.0	1263.6794426858044	1287.6613905011707	-0.027122702426265174	0	0
40	k16_51dabc3c	HSat3	G5_specific	G6	all_available	2	1.0	1.0	907.3583267212218	912.5600524299026	-0.00824709081321645	0	0
40	k16_51dabc3c	HSat3	G5_specific	G7	core	0	0.0	0.379746835443038	0.0	1.5007497386013973	-10.552428697407109	0	0
40	k16_51dabc3c	HSat3	G5_specific	G7	all_available	0	0.0	0.379746835443038	0.0	0.21437967942681718	-7.750738331146715	0	0
40	k16_51dabc3c	HSat3	G5_specific	G7	core	1	1.0	1.0	74.79388656658384	80.70683161495134	-0.10976903246651498	0	0
40	k16_51dabc3c	HSat3	G5_specific	G7	all_available	1	1.0	1.0	21.067572293233336	20.430197617552455	0.04431878043371648	0	0
40	k16_51dabc3c	HSat3	G5_specific	G7	core	2	1.0	1.0	1304.5316722771909	1268.4513609547716	0.040463739816742936	0	0
40	k16_51dabc3c	HSat3	G5_specific	G7	all_available	2	1.0	1.0	918.0594373543536	908.3323427160122	0.015367292678009892	0	0
41	k16_53d43eac	HSat3	chromosome_HSat3_chr10	G1	core	0	0.9491525423728814	0.9138381201044387	13.461346660882366	14.339202847032052	-0.0911355193485096	0	0
41	k16_53d43eac	HSat3	chromosome_HSat3_chr10	G1	all_available	0	0.9661016949152542	0.9295039164490861	2.3665061288071536	2.2734534167731404	0.057848273427846576	0	0
41	k16_53d43eac	HSat3	chromosome_HSat3_chr10	G1	core	1	1.0	1.0	55.76380420672299	99.20543873058993	-0.8310789014239591	0	0
41	k16_53d43eac	HSat3	chromosome_HSat3_chr10	G1	all_available	1	1.0	1.0	21.368105693161816	27.384254964535135	-0.35787278051694654	0	0
41	k16_53d43eac	HSat3	chromosome_HSat3_chr10	G1	core	2	1.0	1.0	566.2184339400649	679.7958245446238	-0.2637423561309855	0	0
41	k16_53d43eac	HSat3	chromosome_HSat3_chr10	G1	all_available	2	1.0	1.0	413.5627289571473	422.26300000324864	-0.030035594228172983	0	0
41	k16_53d43eac	HSat3	chromosome_HSat3_chr10	G2	core	0	0.8703703703703703	0.9252577319587629	16.468467376451606	13.638218573738861	0.27203290799244173	0	0
41	k16_53d43eac	HSat3	chromosome_HSat3_chr10	G2	all_available	0	0.8888888888888888	0.9407216494845361	2.2100407320280127	2.2897979949668983	-0.051124642968955886	0	0
41	k16_53d43eac	HSat3	chromosome_HSat3_chr10	G2	core	1	1.0	1.0	72.13922860076303	98.01006122845918	-0.44214058176292415	0	0
41	k16_53d43eac	HSat3	chromosome_HSat3_chr10	G2	all_available	1	1.0	1.0	21.018172324221137	27.346666696423178	-0.3797118863401487	0	0
41	k16_53d43eac	HSat3	chromosome_HSat3_chr10	G2	core	2	1.0	1.0	581.6334638567821	679.7344979289076	-0.2248607103927363	0	0
41	k16_53d43eac	HSat3	chromosome_HSat3_chr10	G2	all_available	2	1.0	1.0	402.9959586810795	424.5078098689167	-0.0750255433371965	0	0
41	k16_53d43eac	HSat3	chromosome_HSat3_chr10	G3	core	0	0.8857142857142857	0.9247311827956989	14.226550361277702	14.177453340294843	0.004987121734732635	0	0
41	k16_53d43eac	HSat3	chromosome_HSat3_chr10	G3	all_available	0	0.9	0.9408602150537635	2.323140599694206	2.274398065315356	0.0305783907085992	0	0
41	k16_53d43eac	HSat3	chromosome_HSat3_chr10	G3	core	1	1.0	1.0	68.34809464090387	100.3834002399878	-0.5545409585649919	0	0
41	k16_53d43eac	HSat3	chromosome_HSat3_chr10	G3	all_available	1	1.0	1.0	21.61157749327693	27.54952896395986	-0.35020888173062314	0	0
41	k16_53d43eac	HSat3	chromosome_HSat3_chr10	G3	core	2	1.0	1.0	506.81108788601057	685.7200083141666	-0.43617078812071935	0	0
41	k16_53d43eac	HSat3	chromosome_HSat3_chr10	G3	all_available	2	1.0	1.0	396.5453397687288	426.06949344242685	-0.10360267755495021	0	0
41	k16_53d43eac	HSat3	chromosome_HSat3_chr10	G4	core	0	0.9487179487179487	0.9156327543424317	15.525277206107646	14.021919559546761	0.1469252023102896	0	0
41	k16_53d43eac	HSat3	chromosome_HSat3_chr10	G4	all_available	0	0.9487179487179487	0.9330024813895782	2.3705025566166387	2.2734534167731404	0.06028153672466881	0	0
41	k16_53d43eac	HSat3	chromosome_HSat3_chr10	G4	core	1	1.0	1.0	76.6073792687484	94.44578178647652	-0.3019994387120764	0	0
41	k16_53d43eac	HSat3	chromosome_HSat3_chr10	G4	all_available	1	1.0	1.0	25.482902483628866	26.571848000296907	-0.060366637989955105	0	0
41	k16_53d43eac	HSat3	chromosome_HSat3_chr10	G4	core	2	1.0	1.0	650.1933922632112	660.1716318735072	-0.02197221815450974	0	0
41	k16_53d43eac	HSat3	chromosome_HSat3_chr10	G4	all_available	2	1.0	1.0	422.26300000324864	419.11466163729074	0.01079682229978508	0	0
41	k16_53d43eac	HSat3	chromosome_HSat3_chr10	G5	core	0	0.9148936170212766	0.9189873417721519	10.757665451357832	14.292225188300065	-0.40983235820426317	0	0
41	k16_53d43eac	HSat3	chromosome_HSat3_chr10	G5	all_available	0	0.9361702127659575	0.9341772151898734	1.991945447124464	2.3086080017192834	-0.21274579112289443	0	0
41	k16_53d43eac	HSat3	chromosome_HSat3_chr10	G5	core	1	1.0	1.0	99.41916952332276	87.11866479183224	0.19054016020716757	0	0
41	k16_53d43eac	HSat3	chromosome_HSat3_chr10	G5	all_available	1	1.0	1.0	26.83819868138858	26.33424432984038	0.027346754265230214	0	0
41	k16_53d43eac	HSat3	chromosome_HSat3_chr10	G5	core	2	1.0	1.0	722.85415580605	635.7844207694731	0.18516665760557327	0	0
41	k16_53d43eac	HSat3	chromosome_HSat3_chr10	G5	all_available	2	1.0	1.0	434.4533389232443	418.75595636078816	0.05309140140063062	0	0
41	k16_53d43eac	HSat3	chromosome_HSat3_chr10	G6	core	0	0.9361702127659575	0.9164556962025316	16.147790883744964	13.973707410892208	0.2086080717465311	0	0
41	k16_53d43eac	HSat3	chromosome_HSat3_chr10	G6	all_available	0	0.9574468085106383	0.9316455696202531	2.423710300246746	2.268466436098942	0.09545923521731452	0	0
41	k16_53d43eac	HSat3	chromosome_HSat3_chr10	G6	core	1	1.0	1.0	127.99045805904076	84.15171212146467	0.6049658569128751	0	0
41	k16_53d43eac	HSat3	chromosome_HSat3_chr10	G6	all_available	1	1.0	1.0	30.696432702052842	25.74099199347895	0.2539943066870528	0	0
41	k16_53d43eac	HSat3	chromosome_HSat3_chr10	G6	core	2	1.0	1.0	817.3377833333034	620.1406252646228	0.3983364635042502	0	0
41	k16_53d43eac	HSat3	chromosome_HSat3_chr10	G6	all_available	2	1.0	1.0	442.0293684503408	417.16821470436184	0.08351279222685024	0	0
41	k16_53d43eac	HSat3	chromosome_HSat3_chr10	G7	core	0	0.9285714285714286	0.9145569620253164	12.009194891215706	14.648209352855687	-0.28656323955015683	0	0
41	k16_53d43eac	HSat3	chromosome_HSat3_chr10	G7	all_available	0	0.9444444444444444	0.930379746835443	2.264739523520273	2.2975473766423313	-0.020740388682059848	0	0
41	k16_53d43eac	HSat3	chromosome_HSat3_chr10	G7	core	1	1.0	1.0	110.90074418761287	73.52925059579968	0.5928722485657871	0	0
41	k16_53d43eac	HSat3	chromosome_HSat3_chr10	G7	all_available	1	1.0	1.0	29.88942205640291	24.69244595235844	0.2755550906202349	0	0
41	k16_53d43eac	HSat3	chromosome_HSat3_chr10	G7	core	2	1.0	1.0	698.016022703996	591.7322316444565	0.2383153013167079	0	0
41	k16_53d43eac	HSat3	chromosome_HSat3_chr10	G7	all_available	2	1.0	1.0	434.67569803633853	413.78218348487167	0.07106774432155567	0	0
42	k16_562e83b4	HSat3	G2_enriched	G1	core	0	0.7796610169491526	0.3629242819843342	8.939889967834276	0.46024390165324214	4.276816701286309	0	0
42	k16_562e83b4	HSat3	G2_enriched	G1	all_available	0	0.8983050847457628	0.6840731070496083	2.024290428996429	0.8371757082166389	1.2728041915878054	0	0
42	k16_562e83b4	HSat3	G2_enriched	G1	core	1	1.0	1.0	117.22449280649924	209.75448654081166	-0.8394222034579008	0	0
42	k16_562e83b4	HSat3	G2_enriched	G1	all_available	1	1.0	1.0	223.7960648257822	236.6981985082187	-0.08086370593808151	0	0
42	k16_562e83b4	HSat3	G2_enriched	G1	core	2	1.0	1.0	1590.8943540591933	1635.8824830809901	-0.04023105382701402	0	0
42	k16_562e83b4	HSat3	G2_enriched	G1	all_available	2	1.0	1.0	1340.850541984078	1330.1177481382226	0.011594462023315665	0	0
42	k16_562e83b4	HSat3	G2_enriched	G2	core	0	0.9074074074074074	0.35051546391752575	12.710152380805624	0.44695974987585174	4.826581910459149	1	0
42	k16_562e83b4	HSat3	G2_enriched	G2	all_available	0	0.9814814814814815	0.6752577319587629	2.0065191957499047	0.8050417179295454	1.3164873680514182	0	0
42	k16_562e83b4	HSat3	G2_enriched	G2	core	1	1.0	1.0	147.86909301890947	209.35644029388357	-0.5016378961310902	0	0
42	k16_562e83b4	HSat3	G2_enriched	G2	all_available	1	1.0	1.0	237.22518855595342	235.71095157383616	0.009238373751014287	0	0
42	k16_562e83b4	HSat3	G2_enriched	G2	core	2	1.0	1.0	1447.0542524462303	1644.2300179630836	-0.1842930061066253	0	0
42	k16_562e83b4	HSat3	G2_enriched	G2	all_available	2	1.0	1.0	1293.6989474697014	1338.527350265998	-0.049144649212890246	0	0
42	k16_562e83b4	HSat3	G2_enriched	G3	core	0	0.9428571428571428	0.31989247311827956	10.718639197658831	0.4356569918145149	4.617612097053175	1	0
42	k16_562e83b4	HSat3	G2_enriched	G3	all_available	0	0.9714285714285714	0.6639784946236559	1.8970346332412324	0.7750463850214534	1.2902915259660104	0	0
42	k16_562e83b4	HSat3	G2_enriched	G3	core	1	1.0	1.0	136.68177397909506	211.12267378229484	-0.6272569277671931	0	0
42	k16_562e83b4	HSat3	G2_enriched	G3	all_available	1	1.0	1.0	228.48703902789225	237.5420693729477	-0.056070470310977207	0	0
42	k16_562e83b4	HSat3	G2_enriched	G3	core	2	1.0	1.0	1494.8112491965182	1648.431788996865	-0.14113077467797705	0	0
42	k16_562e83b4	HSat3	G2_enriched	G3	all_available	2	1.0	1.0	1312.7715810188315	1336.366609269448	-0.02569990862979384	0	0
42	k16_562e83b4	HSat3	G2_enriched	G4	core	0	0.5897435897435898	0.40198511166253104	9.049276092717491	0.6858564735592042	3.7198812363407048	0	0
42	k16_562e83b4	HSat3	G2_enriched	G4	all_available	0	0.8717948717948718	0.6972704714640199	2.0037517356942813	0.9631793272111289	1.0560501847503345	0	0
42	k16_562e83b4	HSat3	G2_enriched	G4	core	1	1.0	1.0	188.58677122400275	199.04903241165073	-0.07789497734479552	0	0
42	k16_562e83b4	HSat3	G2_enriched	G4	all_available	1	1.0	1.0	227.47245273930974	235.96602809224478	-0.05288709886352075	0	0
42	k16_562e83b4	HSat3	G2_enriched	G4	core	2	1.0	1.0	1559.2814936014956	1635.6422685149591	-0.06897580955002242	0	0
42	k16_562e83b4	HSat3	G2_enriched	G4	all_available	2	1.0	1.0	1339.6662846721895	1331.097923043254	0.00925695046298492	0	0
42	k16_562e83b4	HSat3	G2_enriched	G5	core	0	0.0	0.46835443037974683	0.3423173377569862	2.9780390888902124	-3.117232432438381	0	0
42	k16_562e83b4	HSat3	G2_enriched	G5	all_available	0	0.5531914893617021	0.7316455696202532	0.5059913024592807	1.1459910578920907	-1.1778212411171798	0	0
42	k16_562e83b4	HSat3	G2_enriched	G5	core	1	1.0	1.0	209.53707550807508	188.58677122400275	0.1519762932317741	0	0
42	k16_562e83b4	HSat3	G2_enriched	G5	all_available	1	1.0	1.0	241.13361989724282	235.5890541598605	0.03356016013694806	0	0
42	k16_562e83b4	HSat3	G2_enriched	G5	core	2	1.0	1.0	1717.0348679512656	1614.071821278428	0.08921450737361555	0	0
42	k16_562e83b4	HSat3	G2_enriched	G5	all_available	2	1.0	1.0	1352.9477836881128	1329.7144919521256	0.024989629250443526	0	0
42	k16_562e83b4	HSat3	G2_enriched	G6	core	0	0.0	0.46835443037974683	0.439203671039964	2.9780390888902124	-2.758603972136773	0	0
42	k16_562e83b4	HSat3	G2_enriched	G6	all_available	0	0.5319148936170213	0.7341772151898734	0.6214641795504477	1.081781467335306	-0.7986793769440167	0	0
42	k16_562e83b4	HSat3	G2_enriched	G6	core	1	1.0	1.0	260.31519222979426	177.2573170478851	0.554411732265241	0	0
42	k16_562e83b4	HSat3	G2_enriched	G6	all_available	1	1.0	1.0	249.80338038366787	233.8188568748806	0.09540132095122479	0	0
42	k16_562e83b4	HSat3	G2_enriched	G6	core	2	1.0	1.0	1661.5929259458337	1608.5541844724628	0.046802416276472955	0	0
42	k16_562e83b4	HSat3	G2_enriched	G6	all_available	2	1.0	1.0	1349.1777005291456	1329.7144919521256	0.02096385042372168	0	0
42	k16_562e83b4	HSat3	G2_enriched	G7	core	0	0.007936507936507936	0.5822784810126582	0.3639280132905066	5.14203881006933	-3.8169372333481015	0	0
42	k16_562e83b4	HSat3	G2_enriched	G7	all_available	0	0.4444444444444444	0.819620253164557	0.5039981841635525	1.4231291457490833	-1.495729876169256	0	0
42	k16_562e83b4	HSat3	G2_enriched	G7	core	1	1.0	1.0	225.56565067503738	149.48358231047683	0.593557091565632	0	0
42	k16_562e83b4	HSat3	G2_enriched	G7	all_available	1	1.0	1.0	237.24569505713856	234.92770937067417	0.014164961953737645	0	0
42	k16_562e83b4	HSat3	G2_enriched	G7	core	2	1.0	1.0	1666.8049441783114	1552.4803413236014	0.1025102207613788	0	0
42	k16_562e83b4	HSat3	G2_enriched	G7	all_available	2	1.0	1.0	1344.2296783743313	1326.5724161071514	0.019076214472066068	0	0
47	k16_62e83a02	HSat3	pan_HSat3	G1	core	0	1.0	1.0	166.85805020170756	237.70705477424457	-0.5105608516481516	0	0
47	k16_62e83a02	HSat3	pan_HSat3	G1	all_available	0	1.0	1.0	201.73049394042758	214.95783353504518	-0.0916240653984697	0	0
47	k16_62e83a02	HSat3	pan_HSat3	G1	core	1	1.0	1.0	2176.68440936829	2329.0601785964204	-0.09761562236436179	0	0
47	k16_62e83a02	HSat3	pan_HSat3	G1	all_available	1	1.0	1.0	1465.987538874926	1478.493340814755	-0.012254896811658185	0	0
47	k16_62e83a02	HSat3	pan_HSat3	G1	core	2	1.0	1.0	9493.116124799937	9700.892487938097	-0.03123574789313945	0	0
47	k16_62e83a02	HSat3	pan_HSat3	G1	all_available	2	1.0	1.0	8939.113040055014	8954.481138197709	-0.0024781474007824524	0	0
47	k16_62e83a02	HSat3	pan_HSat3	G2	core	0	1.0	1.0	186.38141628385483	237.66653289002198	-0.35067907465341536	0	0
47	k16_62e83a02	HSat3	pan_HSat3	G2	all_available	0	1.0	1.0	208.93471340234174	214.6794085385531	-0.039131425196142065	0	0
47	k16_62e83a02	HSat3	pan_HSat3	G2	core	1	1.0	1.0	2071.2247673492448	2329.9829123713753	-0.16983517517372212	0	0
47	k16_62e83a02	HSat3	pan_HSat3	G2	all_available	1	1.0	1.0	1422.2941407247818	1484.4937332385632	-0.0617511049361703	0	0
47	k16_62e83a02	HSat3	pan_HSat3	G2	core	2	1.0	1.0	9454.04136279552	9699.594806490015	-0.03699330045112847	0	0
47	k16_62e83a02	HSat3	pan_HSat3	G2	all_available	2	1.0	1.0	8901.326645157333	8961.52593317352	-0.009724038529531851	0	0
47	k16_62e83a02	HSat3	pan_HSat3	G3	core	0	1.0	1.0	181.10831256929734	239.4038499938668	-0.4025916484751359	0	0
47	k16_62e83a02	HSat3	pan_HSat3	G3	all_available	0	1.0	1.0	209.07745487590302	214.49028712565314	-0.03687464234321151	0	0
47	k16_62e83a02	HSat3	pan_HSat3	G3	core	1	1.0	1.0	2096.5897204738985	2338.6736634824874	-0.1576459225585828	0	0
47	k16_62e83a02	HSat3	pan_HSat3	G3	all_available	1	1.0	1.0	1440.826620856864	1483.4635597211677	-0.04207271766590776	0	0
47	k16_62e83a02	HSat3	pan_HSat3	G3	core	2	1.0	1.0	9397.564822553159	9716.66163964785	-0.048173764427753785	0	0
47	k16_62e83a02	HSat3	pan_HSat3	G3	all_available	2	1.0	1.0	8896.439571081191	8961.52593317352	-0.010516335364241297	0	0
47	k16_62e83a02	HSat3	pan_HSat3	G4	core	0	1.0	1.0	245.25088888589536	224.5966761995478	0.12692124689711007	0	0
47	k16_62e83a02	HSat3	pan_HSat3	G4	all_available	0	1.0	1.0	214.42643773267943	213.26723156793813	0.00782044430378973	0	0
47	k16_62e83a02	HSat3	pan_HSat3	G4	core	1	1.0	1.0	2274.1526919160033	2307.221177053163	-0.02082717918374343	0	0
47	k16_62e83a02	HSat3	pan_HSat3	G4	all_available	1	1.0	1.0	1484.926338297009	1474.9950713347325	0.009681225747790853	0	0
47	k16_62e83a02	HSat3	pan_HSat3	G4	core	2	1.0	1.0	9649.968739426278	9672.844028117644	-0.003415866825657652	0	0
47	k16_62e83a02	HSat3	pan_HSat3	G4	all_available	2	1.0	1.0	8951.763323272504	8952.73136561343	-0.0001560043725611282	0	0
47	k16_62e83a02	HSat3	pan_HSat3	G5	core	0	1.0	1.0	238.9331717658066	224.39795971014144	0.09054721139491329	0	0
47	k16_62e83a02	HSat3	pan_HSat3	G5	all_available	0	1.0	1.0	214.4516262789212	213.08823399022594	0.009201278957432817	0	0
47	k16_62e83a02	HSat3	pan_HSat3	G5	core	1	1.0	1.0	2397.465399961684	2283.0379101874446	0.07055514843860697	0	0
47	k16_62e83a02	HSat3	pan_HSat3	G5	all_available	1	1.0	1.0	1502.9981037176406	1474.5127037740597	0.027604918412200998	0	0
47	k16_62e83a02	HSat3	pan_HSat3	G5	core	2	1.0	1.0	9805.178342007583	9636.782940583149	0.024992258500829676	0	0
47	k16_62e83a02	HSat3	pan_HSat3	G5	all_available	2	1.0	1.0	8967.036212536283	8950.750780561248	0.002622524288888866	0	0
47	k16_62e83a02	HSat3	pan_HSat3	G6	core	0	1.0	1.0	276.15878416764366	218.72577195358298	0.3363734263675092	0	0
47	k16_62e83a02	HSat3	pan_HSat3	G6	all_available	0	1.0	1.0	220.00990044552006	212.67917627991054	0.04888943657097121	0	0
47	k16_62e83a02	HSat3	pan_HSat3	G6	core	1	1.0	1.0	2407.3604675462243	2270.4710514940934	0.08446050213473903	0	0
47	k16_62e83a02	HSat3	pan_HSat3	G6	all_available	1	1.0	1.0	1499.0288211648335	1471.9813242369487	0.026268736610501258	0	0
47	k16_62e83a02	HSat3	pan_HSat3	G6	core	2	1.0	1.0	9930.103696386872	9626.82634927611	0.0447485118459481	0	0
47	k16_62e83a02	HSat3	pan_HSat3	G6	all_available	2	1.0	1.0	8972.38909225959	8946.50690054565	0.004167682143822067	0	0
47	k16_62e83a02	HSat3	pan_HSat3	G7	core	0	1.0	1.0	250.98950967850377	194.36734857686974	0.36883950874164656	0	0
47	k16_62e83a02	HSat3	pan_HSat3	G7	all_available	0	1.0	1.0	219.4523785966221	211.09260624737112	0.05603159941624804	0	0
47	k16_62e83a02	HSat3	pan_HSat3	G7	core	1	1.0	1.0	2366.0409596690447	2211.745950514241	0.09728932484919468	0	0
47	k16_62e83a02	HSat3	pan_HSat3	G7	all_available	1	1.0	1.0	1496.9416494685659	1462.3521740663714	0.03372717045923826	0	0
47	k16_62e83a02	HSat3	pan_HSat3	G7	core	2	1.0	1.0	9763.182770133153	9575.448372589599	0.02801149294641712	0	0
47	k16_62e83a02	HSat3	pan_HSat3	G7	all_available	2	1.0	1.0	8993.073722955862	8936.933183289317	0.009034456510910706	0	0
48	k16_62e83f06	HSat3	chromosome_HSat3_chr1	G1	core	0	0.0	0.0	0.0	0.0	0.0	0	0
48	k16_62e83f06	HSat3	chromosome_HSat3_chr1	G1	all_available	0	0.4915254237288136	0.42297650130548303	0.0	0.0	0.0	0	0
48	k16_62e83f06	HSat3	chromosome_HSat3_chr1	G1	core	1	0.9322033898305084	0.762402088772846	6.875289485873089	4.51013827043136	0.6081387756837743	0	0
48	k16_62e83f06	HSat3	chromosome_HSat3_chr1	G1	all_available	1	0.9830508474576272	0.9921671018276762	5.998257934517018	3.8586320686280864	0.6363207359759068	0	0
48	k16_62e83f06	HSat3	chromosome_HSat3_chr1	G1	core	2	1.0	1.0	202.95515190724763	205.86921974289007	-0.020567080345565834	0	0
48	k16_62e83f06	HSat3	chromosome_HSat3_chr1	G1	all_available	2	1.0	1.0	70.48888041156853	67.00252595143587	0.07317914077905482	0	0
48	k16_62e83f06	HSat3	chromosome_HSat3_chr1	G2	core	0	0.0	0.0	0.0	0.0	0.0	0	0
48	k16_62e83f06	HSat3	chromosome_HSat3_chr1	G2	all_available	0	0.3333333333333333	0.44587628865979384	0.0	0.0	0.0	0	0
48	k16_62e83f06	HSat3	chromosome_HSat3_chr1	G2	core	1	0.5925925925925926	0.8118556701030928	4.901513882304982	4.621022868037647	0.0849973179227027	0	0
48	k16_62e83f06	HSat3	chromosome_HSat3_chr1	G2	all_available	1	0.9814814814814815	0.9922680412371134	2.214012048403503	4.347178576753811	-0.9730966458510323	0	0
48	k16_62e83f06	HSat3	chromosome_HSat3_chr1	G2	core	2	1.0	1.0	205.71353449541976	205.78292144878375	-0.00048653506725640966	0	0
48	k16_62e83f06	HSat3	chromosome_HSat3_chr1	G2	all_available	2	1.0	1.0	60.32342126078643	68.31622792076054	-0.17950726691114968	0	0
48	k16_62e83f06	HSat3	chromosome_HSat3_chr1	G3	core	0	0.0	0.0	0.0	0.0	0.0	0	0
48	k16_62e83f06	HSat3	chromosome_HSat3_chr1	G3	all_available	0	0.35714285714285715	0.44623655913978494	0.0	0.0	0.0	0	0
48	k16_62e83f06	HSat3	chromosome_HSat3_chr1	G3	core	1	0.8285714285714286	0.7768817204301075	4.717549046879078	4.638020677225169	0.024523022634218725	0	0
48	k16_62e83f06	HSat3	chromosome_HSat3_chr1	G3	all_available	1	0.9857142857142858	0.9919354838709677	2.5212562858035987	4.405752174456387	-0.805000890085242	0	0
48	k16_62e83f06	HSat3	chromosome_HSat3_chr1	G3	core	2	1.0	1.0	214.34255206924803	204.41784934297823	0.06839678585397507	0	0
48	k16_62e83f06	HSat3	chromosome_HSat3_chr1	G3	all_available	2	1.0	1.0	61.89480764443202	68.05595466344147	-0.13690090118296738	0	0
48	k16_62e83f06	HSat3	chromosome_HSat3_chr1	G4	core	0	0.0	0.0	0.0	0.0	0.0	0	0
48	k16_62e83f06	HSat3	chromosome_HSat3_chr1	G4	all_available	0	0.5128205128205128	0.42431761786600497	3.9152173343971195	0.0	11.935245115629352	0	0
48	k16_62e83f06	HSat3	chromosome_HSat3_chr1	G4	core	1	0.7948717948717948	0.7841191066997518	4.807312008971318	4.665029665347736	0.04333503523517552	0	0
48	k16_62e83f06	HSat3	chromosome_HSat3_chr1	G4	all_available	1	1.0	0.9900744416873449	6.5547193433045186	3.9399753842460994	0.7342013543108867	0	0
48	k16_62e83f06	HSat3	chromosome_HSat3_chr1	G4	core	2	1.0	1.0	199.591110618049	205.81145994635787	-0.04427563041512686	0	0
48	k16_62e83f06	HSat3	chromosome_HSat3_chr1	G4	all_available	2	1.0	1.0	70.70154093393867	67.06835860595828	0.07610825865582437	0	0
48	k16_62e83f06	HSat3	chromosome_HSat3_chr1	G5	core	0	0.0	0.0	0.0	0.0	0.0	0	0
48	k16_62e83f06	HSat3	chromosome_HSat3_chr1	G5	all_available	0	0.5106382978723404	0.42278481012658226	2.112389247431757	0.0	11.045342794301858	0	0
48	k16_62e83f06	HSat3	chromosome_HSat3_chr1	G5	core	1	0.9148936170212766	0.769620253164557	5.98581487890854	4.619461925074967	0.3737515701472551	0	0
48	k16_62e83f06	HSat3	chromosome_HSat3_chr1	G5	all_available	1	1.0	0.9898734177215189	4.98498659554294	4.011679872225321	0.3133129403815951	0	0
48	k16_62e83f06	HSat3	chromosome_HSat3_chr1	G5	core	2	1.0	1.0	198.55941453338343	206.26949594737385	-0.05495944654142971	0	0
48	k16_62e83f06	HSat3	chromosome_HSat3_chr1	G5	all_available	2	1.0	1.0	67.06835860595828	67.34465050476808	-0.005930967326879013	0	0
48	k16_62e83f06	HSat3	chromosome_HSat3_chr1	G6	core	0	0.0	0.0	0.0	0.0	0.0	0	0
48	k16_62e83f06	HSat3	chromosome_HSat3_chr1	G6	all_available	0	0.574468085106383	0.4151898734177215	4.114321770250845	0.0	12.006789521675104	0	0
48	k16_62e83f06	HSat3	chromosome_HSat3_chr1	G6	core	1	0.5531914893617021	0.8126582278481013	4.206020038244193	4.712679700367825	-0.16405503947995034	0	0
48	k16_62e83f06	HSat3	chromosome_HSat3_chr1	G6	all_available	1	1.0	0.9898734177215189	6.347524423158139	3.9399753842460994	0.6878685693926537	0	0
48	k16_62e83f06	HSat3	chromosome_HSat3_chr1	G6	core	2	1.0	1.0	200.15278719583995	206.0187466347891	-0.04167371001238159	0	0
48	k16_62e83f06	HSat3	chromosome_HSat3_chr1	G6	all_available	2	1.0	1.0	69.91794681758594	67.08826475643102	0.05960152080782122	0	0
48	k16_62e83f06	HSat3	chromosome_HSat3_chr1	G7	core	0	0.0	0.0	0.0	0.0	0.0	0	0
48	k16_62e83f06	HSat3	chromosome_HSat3_chr1	G7	all_available	0	0.38095238095238093	0.4525316455696203	0.0	0.0	0.0	0	0
48	k16_62e83f06	HSat3	chromosome_HSat3_chr1	G7	core	1	0.8095238095238095	0.7753164556962026	4.1721838221229	4.970333638926897	-0.2524844590597262	0	0
48	k16_62e83f06	HSat3	chromosome_HSat3_chr1	G7	all_available	1	0.9920634920634921	0.990506329113924	2.629421144868719	4.544853966137767	-0.7892575374521958	0	0
48	k16_62e83f06	HSat3	chromosome_HSat3_chr1	G7	core	2	1.0	1.0	206.1036672536991	205.09528282839148	0.007075830567328695	0	0
48	k16_62e83f06	HSat3	chromosome_HSat3_chr1	G7	all_available	2	1.0	1.0	68.61729126453793	66.70405947712797	0.04079700851196147	0	0
51	k16_66fbf53d	HSat3	regional_HSat3_G1_group_specific_exact	G1	core	0	1.0	0.16449086161879894	26.718941489840322	1.2372281964305967	4.431567726317788	1	1
51	k16_66fbf53d	HSat3	regional_HSat3_G1_group_specific_exact	G1	all_available	0	1.0	0.8328981723237598	7.828931993456415	3.590890742136145	1.1242563101472358	0	0
51	k16_66fbf53d	HSat3	regional_HSat3_G1_group_specific_exact	G1	core	1	1.0	1.0	122.13895851092254	109.27854928201558	0.1605118218023808	0	0
51	k16_66fbf53d	HSat3	regional_HSat3_G1_group_specific_exact	G1	all_available	1	1.0	1.0	592.5036118370858	594.3228875746909	-0.0044229846885521056	0	0
51	k16_66fbf53d	HSat3	regional_HSat3_G1_group_specific_exact	G1	core	2	1.0	1.0	2157.3742470377674	2252.7180682795674	-0.062390273269942065	0	0
51	k16_66fbf53d	HSat3	regional_HSat3_G1_group_specific_exact	G1	all_available	2	1.0	1.0	4851.994761539957	4870.761886045787	-0.00556946275499826	0	0
51	k16_66fbf53d	HSat3	regional_HSat3_G1_group_specific_exact	G2	core	0	0.1111111111111111	0.29896907216494845	1.5717788360756075	1.4091736935514825	0.15744294062430872	0	0
51	k16_66fbf53d	HSat3	regional_HSat3_G1_group_specific_exact	G2	all_available	0	0.8518518518518519	0.8556701030927835	3.6125813394710073	3.759349994370716	-0.057437578082445824	0	0
51	k16_66fbf53d	HSat3	regional_HSat3_G1_group_specific_exact	G2	core	1	1.0	1.0	105.89941518210273	110.38015032646611	-0.05978558020643836	0	0
51	k16_66fbf53d	HSat3	regional_HSat3_G1_group_specific_exact	G2	all_available	1	1.0	1.0	614.8143644795537	592.2571682534377	0.053927028164223706	0	0
51	k16_66fbf53d	HSat3	regional_HSat3_G1_group_specific_exact	G2	core	2	1.0	1.0	2066.2517887819695	2254.6821173030253	-0.1259079185709543	0	0
51	k16_66fbf53d	HSat3	regional_HSat3_G1_group_specific_exact	G2	all_available	2	1.0	1.0	4977.955129210944	4858.573571934188	0.03502040362627754	0	0
51	k16_66fbf53d	HSat3	regional_HSat3_G1_group_specific_exact	G3	core	0	0.0	0.3279569892473118	1.1646465601447549	1.5452906460623703	-0.40768110850017286	0	0
51	k16_66fbf53d	HSat3	regional_HSat3_G1_group_specific_exact	G3	all_available	0	0.8285714285714286	0.8602150537634409	3.329203493373254	3.846920779279127	-0.2084687608813694	0	0
51	k16_66fbf53d	HSat3	regional_HSat3_G1_group_specific_exact	G3	core	1	1.0	1.0	121.51286924617467	107.95427837055306	0.17068720403737012	0	0
51	k16_66fbf53d	HSat3	regional_HSat3_G1_group_specific_exact	G3	all_available	1	1.0	1.0	613.1168566918593	592.8873180834902	0.0484040518827942	0	0
51	k16_66fbf53d	HSat3	regional_HSat3_G1_group_specific_exact	G3	core	2	1.0	1.0	2100.890280882059	2259.6708262616085	-0.10511175838021151	0	0
51	k16_66fbf53d	HSat3	regional_HSat3_G1_group_specific_exact	G3	all_available	2	1.0	1.0	4945.94673653884	4859.542083611377	0.025426323512579865	0	0
51	k16_66fbf53d	HSat3	regional_HSat3_G1_group_specific_exact	G4	core	0	0.2564102564102564	0.27791563275434245	2.0345648147243898	1.422333480307793	0.5161554411799696	0	0
51	k16_66fbf53d	HSat3	regional_HSat3_G1_group_specific_exact	G4	all_available	0	0.6923076923076923	0.8709677419354839	3.5020799515387857	3.7783504194362547	-0.10951437529380559	0	0
51	k16_66fbf53d	HSat3	regional_HSat3_G1_group_specific_exact	G4	core	1	1.0	1.0	110.28225859571164	110.02408775220319	0.003381278760444589	0	0
51	k16_66fbf53d	HSat3	regional_HSat3_G1_group_specific_exact	G4	all_available	1	1.0	1.0	576.2592807023736	595.0996273754288	-0.046413054741977953	0	0
51	k16_66fbf53d	HSat3	regional_HSat3_G1_group_specific_exact	G4	core	2	1.0	1.0	2238.5179745008923	2233.8093827760163	0.0030378193993750332	0	0
51	k16_66fbf53d	HSat3	regional_HSat3_G1_group_specific_exact	G4	all_available	2	1.0	1.0	4790.1389401050665	4873.280151343162	-0.02482565372948683	0	0
51	k16_66fbf53d	HSat3	regional_HSat3_G1_group_specific_exact	G5	core	0	1.0	0.189873417721519	18.266190216458604	1.311085093355814	3.7993215496790143	1	1
51	k16_66fbf53d	HSat3	regional_HSat3_G1_group_specific_exact	G5	all_available	0	1.0	0.8379746835443038	6.649416035496424	3.626401812573637	0.8745080316988705	0	0
51	k16_66fbf53d	HSat3	regional_HSat3_G1_group_specific_exact	G5	core	1	1.0	1.0	105.59846427209033	111.06398906276617	-0.07280159303903441	0	0
51	k16_66fbf53d	HSat3	regional_HSat3_G1_group_specific_exact	G5	all_available	1	1.0	1.0	593.1260625230593	594.3228875746909	-0.002908169219676684	0	0
51	k16_66fbf53d	HSat3	regional_HSat3_G1_group_specific_exact	G5	core	2	1.0	1.0	2324.1012536242915	2221.1105996333617	0.06539166161192826	0	0
51	k16_66fbf53d	HSat3	regional_HSat3_G1_group_specific_exact	G5	all_available	2	1.0	1.0	4858.656169331284	4868.635296301141	-0.0029600920530111338	0	0
51	k16_66fbf53d	HSat3	regional_HSat3_G1_group_specific_exact	G6	core	0	0.0	0.30886075949367087	0.887827047739792	1.516045829054715	-0.7712900442977008	0	0
51	k16_66fbf53d	HSat3	regional_HSat3_G1_group_specific_exact	G6	all_available	0	0.851063829787234	0.8556962025316456	3.3598427209624564	3.790332036754483	-0.17388178048463498	0	0
51	k16_66fbf53d	HSat3	regional_HSat3_G1_group_specific_exact	G6	core	1	1.0	1.0	89.32810250553776	111.3802168277323	-0.31830378683223826	0	0
51	k16_66fbf53d	HSat3	regional_HSat3_G1_group_specific_exact	G6	all_available	1	1.0	1.0	590.2368950792454	594.5512614830587	-0.0105070800817513	0	0
51	k16_66fbf53d	HSat3	regional_HSat3_G1_group_specific_exact	G6	core	2	1.0	1.0	2303.8282450627335	2221.1105996333617	0.05275190840512582	0	0
51	k16_66fbf53d	HSat3	regional_HSat3_G1_group_specific_exact	G6	all_available	2	1.0	1.0	4830.68388499713	4870.761886045787	-0.011920006921790965	0	0
51	k16_66fbf53d	HSat3	regional_HSat3_G1_group_specific_exact	G7	core	0	0.0	0.3860759493670886	0.7671486393485105	1.8979414628500735	-1.3057380239453704	0	0
51	k16_66fbf53d	HSat3	regional_HSat3_G1_group_specific_exact	G7	all_available	0	0.8015873015873016	0.8765822784810127	3.515812968017557	3.9165915522868233	-0.15569837894873734	0	0
51	k16_66fbf53d	HSat3	regional_HSat3_G1_group_specific_exact	G7	core	1	1.0	1.0	110.15056354890518	110.02272493830006	0.0016753210730118433	0	0
51	k16_66fbf53d	HSat3	regional_HSat3_G1_group_specific_exact	G7	all_available	1	1.0	1.0	583.1708687822611	597.6649105421309	-0.035418128986536505	0	0
51	k16_66fbf53d	HSat3	regional_HSat3_G1_group_specific_exact	G7	core	2	1.0	1.0	2297.0299121599105	2161.785829302523	0.08754600383283681	0	0
51	k16_66fbf53d	HSat3	regional_HSat3_G1_group_specific_exact	G7	all_available	2	1.0	1.0	4864.508174343671	4872.082462783837	-0.002244602600193527	0	0
53	k16_69f8f53d	HSat3	regional_HSat3_G1_group_enriched_exact	G1	core	0	1.0	0.9947780678851175	52.621627856176524	11.074485060519653	2.248313411011442	1	0
53	k16_69f8f53d	HSat3	regional_HSat3_G1_group_enriched_exact	G1	all_available	0	1.0	0.9973890339425587	15.462657452932097	8.970089385455612	0.7855264932499151	0	0
53	k16_69f8f53d	HSat3	regional_HSat3_G1_group_enriched_exact	G1	core	1	1.0	1.0	1404.0546959556427	1583.8006378650498	-0.17379149191911947	0	0
53	k16_69f8f53d	HSat3	regional_HSat3_G1_group_enriched_exact	G1	all_available	1	1.0	1.0	2506.058974701711	2547.5343224851595	-0.023681208547475456	0	0
53	k16_69f8f53d	HSat3	regional_HSat3_G1_group_enriched_exact	G1	core	2	1.0	1.0	4858.679656974679	5160.2380593931775	-0.08687329062191149	0	0
53	k16_69f8f53d	HSat3	regional_HSat3_G1_group_enriched_exact	G1	all_available	2	1.0	1.0	7625.393480944409	7717.038775615447	-0.017235568030740424	0	0
53	k16_69f8f53d	HSat3	regional_HSat3_G1_group_enriched_exact	G2	core	0	1.0	0.9948453608247423	12.72100842406633	11.433704969977914	0.1539073040846091	0	0
53	k16_69f8f53d	HSat3	regional_HSat3_G1_group_enriched_exact	G2	all_available	0	1.0	0.9974226804123711	9.105632905838304	9.206450727753912	-0.015884042455485945	0	0
53	k16_69f8f53d	HSat3	regional_HSat3_G1_group_enriched_exact	G2	core	1	1.0	1.0	1306.0342839091295	1582.8860404852837	-0.277364430824517	0	0
53	k16_69f8f53d	HSat3	regional_HSat3_G1_group_enriched_exact	G2	all_available	1	1.0	1.0	2563.866299899214	2528.29252143633	0.020157630722234914	0	0
53	k16_69f8f53d	HSat3	regional_HSat3_G1_group_enriched_exact	G2	core	2	1.0	1.0	4558.459833792923	5171.64542450116	-0.18207686421345812	0	0
53	k16_69f8f53d	HSat3	regional_HSat3_G1_group_enriched_exact	G2	all_available	2	1.0	1.0	7762.952885657048	7681.45426929671	0.015226058807981065	0	0
53	k16_69f8f53d	HSat3	regional_HSat3_G1_group_enriched_exact	G3	core	0	1.0	0.9946236559139785	12.617131038096934	11.155580616849925	0.1776033152783972	0	0
53	k16_69f8f53d	HSat3	regional_HSat3_G1_group_enriched_exact	G3	all_available	0	1.0	0.9973118279569892	9.059535218885966	9.255973047535912	-0.030944246566369495	0	0
53	k16_69f8f53d	HSat3	regional_HSat3_G1_group_enriched_exact	G3	core	1	1.0	1.0	1377.1524800552218	1588.2665187900234	-0.20576457941466766	0	0
53	k16_69f8f53d	HSat3	regional_HSat3_G1_group_enriched_exact	G3	all_available	1	1.0	1.0	2564.521697276393	2532.8937322367365	0.01790322041080289	0	0
53	k16_69f8f53d	HSat3	regional_HSat3_G1_group_enriched_exact	G3	core	2	1.0	1.0	4715.9341590379445	5179.972902442332	-0.1354009470362568	0	0
53	k16_69f8f53d	HSat3	regional_HSat3_G1_group_enriched_exact	G3	all_available	2	1.0	1.0	7758.995814514552	7690.784019250044	0.012739268326991446	0	0
53	k16_69f8f53d	HSat3	regional_HSat3_G1_group_enriched_exact	G4	core	0	1.0	0.9950372208436724	10.400529337416945	11.860038606222638	-0.18943468083133758	0	0
53	k16_69f8f53d	HSat3	regional_HSat3_G1_group_enriched_exact	G4	all_available	0	1.0	0.9975186104218362	8.723199173738573	9.22901890945453	-0.08131089638277544	0	0
53	k16_69f8f53d	HSat3	regional_HSat3_G1_group_enriched_exact	G4	core	1	1.0	1.0	1503.3748607669872	1564.4107025014216	-0.05741448899615284	0	0
53	k16_69f8f53d	HSat3	regional_HSat3_G1_group_enriched_exact	G4	all_available	1	1.0	1.0	2506.269771127408	2543.406470452199	-0.021220321504474567	0	0
53	k16_69f8f53d	HSat3	regional_HSat3_G1_group_enriched_exact	G4	core	2	1.0	1.0	5027.357569118491	5130.837318238541	-0.02939397352971217	0	0
53	k16_69f8f53d	HSat3	regional_HSat3_G1_group_enriched_exact	G4	all_available	2	1.0	1.0	7587.256082132027	7717.038775615447	-0.02446911981178492	0	0
53	k16_69f8f53d	HSat3	regional_HSat3_G1_group_enriched_exact	G5	core	0	1.0	0.9949367088607595	33.55881458372627	11.230304243590181	1.579209273477351	0	0
53	k16_69f8f53d	HSat3	regional_HSat3_G1_group_enriched_exact	G5	all_available	0	1.0	0.9974683544303797	13.519291183563245	9.065195325800522	0.5765570742829577	0	0
53	k16_69f8f53d	HSat3	regional_HSat3_G1_group_enriched_exact	G5	core	1	1.0	1.0	1627.8252555173935	1512.1101452863725	0.10638253671804976	0	0
53	k16_69f8f53d	HSat3	regional_HSat3_G1_group_enriched_exact	G5	all_available	1	1.0	1.0	2560.3605557741635	2528.379542845194	0.018133933818363958	0	0
53	k16_69f8f53d	HSat3	regional_HSat3_G1_group_enriched_exact	G5	core	2	1.0	1.0	5322.9349927281655	5038.402095535099	0.07925566927898953	0	0
53	k16_69f8f53d	HSat3	regional_HSat3_G1_group_enriched_exact	G5	all_available	2	1.0	1.0	7754.548823728772	7688.520430922395	0.012336848514517959	0	0
53	k16_69f8f53d	HSat3	regional_HSat3_G1_group_enriched_exact	G6	core	0	0.9574468085106383	1.0	9.633690391540702	12.22470536549959	-0.343607492553516	0	0
53	k16_69f8f53d	HSat3	regional_HSat3_G1_group_enriched_exact	G6	all_available	0	0.9787234042553191	1.0	8.645442275399038	9.35084143323998	-0.11314383459186642	0	0
53	k16_69f8f53d	HSat3	regional_HSat3_G1_group_enriched_exact	G6	core	1	1.0	1.0	1619.7688068150148	1490.3477982311058	0.12013878378256736	0	0
53	k16_69f8f53d	HSat3	regional_HSat3_G1_group_enriched_exact	G6	all_available	1	1.0	1.0	2528.379542845194	2542.7142470503777	-0.008156289137224248	0	0
53	k16_69f8f53d	HSat3	regional_HSat3_G1_group_enriched_exact	G6	core	2	1.0	1.0	5251.9725431761	5042.242398414796	0.058793887235513514	0	0
53	k16_69f8f53d	HSat3	regional_HSat3_G1_group_enriched_exact	G6	all_available	2	1.0	1.0	7637.542483001121	7716.998761344107	-0.014931372445751453	0	0
53	k16_69f8f53d	HSat3	regional_HSat3_G1_group_enriched_exact	G7	core	0	1.0	0.9936708860759493	9.757294931211202	13.27138493471218	-0.4437266414997718	0	0
53	k16_69f8f53d	HSat3	regional_HSat3_G1_group_enriched_exact	G7	all_available	0	1.0	0.9968354430379747	8.505445213615296	9.65520831383979	-0.18290043448712814	0	0
53	k16_69f8f53d	HSat3	regional_HSat3_G1_group_enriched_exact	G7	core	1	1.0	1.0	1625.501733589723	1415.7436099332263	0.19932494503172415	0	0
53	k16_69f8f53d	HSat3	regional_HSat3_G1_group_enriched_exact	G7	all_available	1	1.0	1.0	2545.374308108961	2536.121414124309	0.005254009644009531	0	0
53	k16_69f8f53d	HSat3	regional_HSat3_G1_group_enriched_exact	G7	core	2	1.0	1.0	5269.314934273696	4885.754136019268	0.10903412197684344	0	0
53	k16_69f8f53d	HSat3	regional_HSat3_G1_group_enriched_exact	G7	all_available	2	1.0	1.0	7701.322446726297	7700.111984059618	0.00022677475543825008	0	0
54	k16_6c53d4f5	HSat3	pan_HSat3	G1	core	0	1.0	1.0	72.55587720973976	134.63023574855478	-0.891828898114725	0	0
54	k16_6c53d4f5	HSat3	pan_HSat3	G1	all_available	0	1.0	1.0	326.6547318765689	337.41985591616606	-0.04677819393074553	0	0
54	k16_6c53d4f5	HSat3	pan_HSat3	G1	core	1	1.0	1.0	1036.6981126629942	1164.0777004925646	-0.16719136564193737	0	0
54	k16_6c53d4f5	HSat3	pan_HSat3	G1	all_available	1	1.0	1.0	2761.7338526343196	2788.2816535841976	-0.013802000750648481	0	0
54	k16_6c53d4f5	HSat3	pan_HSat3	G1	core	2	1.0	1.0	32159.761081395565	32360.864755754665	-0.008993471482702972	0	0
54	k16_6c53d4f5	HSat3	pan_HSat3	G1	all_available	2	1.0	1.0	43470.502097657496	43541.403541029904	-0.002351153679085046	0	0
54	k16_6c53d4f5	HSat3	pan_HSat3	G2	core	0	1.0	1.0	89.00045792184616	135.41573499737507	-0.6055051662914529	0	0
54	k16_6c53d4f5	HSat3	pan_HSat3	G2	all_available	0	1.0	1.0	340.3031008062676	335.81397838626367	0.019157956115074246	0	0
54	k16_6c53d4f5	HSat3	pan_HSat3	G2	core	1	1.0	1.0	1059.4406023133283	1164.367087701593	-0.13624313777176975	0	0
54	k16_6c53d4f5	HSat3	pan_HSat3	G2	all_available	1	1.0	1.0	2829.387022844555	2777.7502534453324	0.02657262947281046	0	0
54	k16_6c53d4f5	HSat3	pan_HSat3	G2	core	2	1.0	1.0	31229.513634218045	32379.70809049452	-0.05217987675159192	0	0
54	k16_6c53d4f5	HSat3	pan_HSat3	G2	all_available	2	1.0	1.0	43900.64339734329	43476.81342988084	0.013995879394154795	0	0
54	k16_6c53d4f5	HSat3	pan_HSat3	G3	core	0	1.0	1.0	76.66389226081353	137.2712487878327	-0.8404020273433377	0	0
54	k16_6c53d4f5	HSat3	pan_HSat3	G3	all_available	0	1.0	1.0	336.638429234191	337.03969131956813	-0.0017186165109146871	0	0
54	k16_6c53d4f5	HSat3	pan_HSat3	G3	core	1	1.0	1.0	1057.8195018395738	1169.147531713233	-0.14436338336018487	0	0
54	k16_6c53d4f5	HSat3	pan_HSat3	G3	all_available	1	1.0	1.0	2824.742271375996	2780.377260719026	0.02283858330578751	0	0
54	k16_6c53d4f5	HSat3	pan_HSat3	G3	core	2	1.0	1.0	31749.56626557523	32412.43209559616	-0.029810394491488163	0	0
54	k16_6c53d4f5	HSat3	pan_HSat3	G3	all_available	2	1.0	1.0	43743.10545399898	43536.15330309718	0.006841703258529174	0	0
54	k16_6c53d4f5	HSat3	pan_HSat3	G4	core	0	1.0	1.0	147.9043527445593	118.61147956051909	0.3184184570323889	0	0
54	k16_6c53d4f5	HSat3	pan_HSat3	G4	all_available	0	1.0	1.0	335.81306638828056	337.0178481120787	-0.005166615480521624	0	0
54	k16_6c53d4f5	HSat3	pan_HSat3	G4	core	1	1.0	1.0	1169.9344483964844	1133.883334671779	0.04515544951379902	0	0
54	k16_6c53d4f5	HSat3	pan_HSat3	G4	all_available	1	1.0	1.0	2732.139403110742	2788.2007299715333	-0.029303321024806487	0	0
54	k16_6c53d4f5	HSat3	pan_HSat3	G4	core	2	1.0	1.0	32296.21302390881	32311.824794619923	-0.0006972204910115228	0	0
54	k16_6c53d4f5	HSat3	pan_HSat3	G4	all_available	2	1.0	1.0	43355.7634043397	43578.02671356904	-0.007377082371979328	0	0
54	k16_6c53d4f5	HSat3	pan_HSat3	G5	core	0	1.0	1.0	143.77650972808007	112.92664845487504	0.34843927188564305	0	0
54	k16_6c53d4f5	HSat3	pan_HSat3	G5	all_available	0	1.0	1.0	334.4422561011349	337.0178481120787	-0.01106782355189874	0	0
54	k16_6c53d4f5	HSat3	pan_HSat3	G5	core	1	1.0	1.0	1157.8704446781478	1133.3285942054006	0.03090759785594767	0	0
54	k16_6c53d4f5	HSat3	pan_HSat3	G5	all_available	1	1.0	1.0	2783.0431528928093	2783.8652727935278	-0.00042611366869942964	0	0
54	k16_6c53d4f5	HSat3	pan_HSat3	G5	core	2	1.0	1.0	32651.878524594504	32234.575452342422	0.018557012074230047	0	0
54	k16_6c53d4f5	HSat3	pan_HSat3	G5	all_available	2	1.0	1.0	43684.741864788586	43523.47353435907	0.005335765199883115	0	0
54	k16_6c53d4f5	HSat3	pan_HSat3	G6	core	0	1.0	1.0	179.59654141455886	107.33011857945337	0.7426991823288198	0	0
54	k16_6c53d4f5	HSat3	pan_HSat3	G6	all_available	0	1.0	1.0	344.6833133936093	336.3000131982361	0.03552251766828749	0	0
54	k16_6c53d4f5	HSat3	pan_HSat3	G6	core	1	1.0	1.0	1233.4406202992052	1117.2121990063943	0.14278491028176643	0	0
54	k16_6c53d4f5	HSat3	pan_HSat3	G6	all_available	1	1.0	1.0	2775.457102776832	2788.2696275134635	-0.0066446800233170705	0	0
54	k16_6c53d4f5	HSat3	pan_HSat3	G6	core	2	1.0	1.0	32393.565842917193	32288.662286731684	0.004679615179381512	0	0
54	k16_6c53d4f5	HSat3	pan_HSat3	G6	all_available	2	1.0	1.0	43322.52919435086	43560.51134143124	-0.007903418481825169	0	0
54	k16_6c53d4f5	HSat3	pan_HSat3	G7	core	0	1.0	1.0	148.5255395577791	92.53804270587453	0.682586663167604	0	0
54	k16_6c53d4f5	HSat3	pan_HSat3	G7	all_available	0	1.0	1.0	336.0574517912415	337.4080286389566	-0.005786391144909581	0	0
54	k16_6c53d4f5	HSat3	pan_HSat3	G7	core	1	1.0	1.0	1197.5505008191722	1087.9270566921805	0.1385045443942924	0	0
54	k16_6c53d4f5	HSat3	pan_HSat3	G7	all_available	1	1.0	1.0	2779.735474394428	2789.1499521612714	-0.00487789832531704	0	0
54	k16_6c53d4f5	HSat3	pan_HSat3	G7	core	2	1.0	1.0	32677.44389311804	32060.5114761211	0.027497694376989432	0	0
54	k16_6c53d4f5	HSat3	pan_HSat3	G7	all_available	2	1.0	1.0	43467.085423863435	43556.38013721371	-0.0029606975899938315	0	0
55	k16_6f12d4f5	HSat3	chromosome_HSat3_chr10	G1	core	0	1.0	0.9895561357702349	9.33080205421196	8.718961369420999	0.09783396157382457	0	0
55	k16_6f12d4f5	HSat3	chromosome_HSat3_chr10	G1	all_available	0	1.0	0.9895561357702349	1.538977141335754	1.4518157392796112	0.08405719896081851	0	0
55	k16_6f12d4f5	HSat3	chromosome_HSat3_chr10	G1	core	1	1.0	1.0	103.14798970100915	78.39067034634984	0.3959574193949237	0	0
55	k16_6f12d4f5	HSat3	chromosome_HSat3_chr10	G1	all_available	1	1.0	1.0	38.50502680413306	34.6958699815366	0.1502787455650711	0	0
55	k16_6f12d4f5	HSat3	chromosome_HSat3_chr10	G1	core	2	1.0	1.0	1691.028433824875	1797.0009295177415	-0.08769018661482955	0	0
55	k16_6f12d4f5	HSat3	chromosome_HSat3_chr10	G1	all_available	2	1.0	1.0	3201.291165743877	3238.6488972459956	-0.016738168763040333	0	0
55	k16_6f12d4f5	HSat3	chromosome_HSat3_chr10	G2	core	0	1.0	0.9896907216494846	11.097326734770437	8.582025800485532	0.37078394144540855	0	0
55	k16_6f12d4f5	HSat3	chromosome_HSat3_chr10	G2	all_available	0	1.0	0.9896907216494846	1.529858528555979	1.4528578196414523	0.07445477755458578	0	0
55	k16_6f12d4f5	HSat3	chromosome_HSat3_chr10	G2	core	1	1.0	1.0	94.40009849711959	78.90984248460374	0.2585801049639072	0	0
55	k16_6f12d4f5	HSat3	chromosome_HSat3_chr10	G2	all_available	1	1.0	1.0	35.39757586643293	34.939747783129334	0.018780835493011985	0	0
55	k16_6f12d4f5	HSat3	chromosome_HSat3_chr10	G2	core	2	1.0	1.0	1788.1419049249223	1782.7996556600033	0.004316641885165691	0	0
55	k16_6f12d4f5	HSat3	chromosome_HSat3_chr10	G2	all_available	2	1.0	1.0	3285.827255721876	3218.2468728328977	0.029981626978948465	0	0
55	k16_6f12d4f5	HSat3	chromosome_HSat3_chr10	G3	core	0	1.0	0.989247311827957	8.760185142291151	8.85841872585966	-0.016086006265471155	0	0
55	k16_6f12d4f5	HSat3	chromosome_HSat3_chr10	G3	all_available	0	1.0	0.989247311827957	1.3252336118565187	1.489695309990339	-0.1686504847334062	0	0
55	k16_6f12d4f5	HSat3	chromosome_HSat3_chr10	G3	core	1	1.0	1.0	78.93123672378209	81.0196262466344	-0.03767460450064424	0	0
55	k16_6f12d4f5	HSat3	chromosome_HSat3_chr10	G3	all_available	1	1.0	1.0	33.045428531091815	35.50048472356349	-0.10338499954470581	0	0
55	k16_6f12d4f5	HSat3	chromosome_HSat3_chr10	G3	core	2	1.0	1.0	1684.1882741067302	1798.9411407477846	-0.09509450423887077	0	0
55	k16_6f12d4f5	HSat3	chromosome_HSat3_chr10	G3	all_available	2	1.0	1.0	3286.9802400818144	3223.25669243388	0.028243689155822364	0	0
55	k16_6f12d4f5	HSat3	chromosome_HSat3_chr10	G4	core	0	1.0	0.9900744416873449	9.1963888846313	8.744634131411601	0.07266134647409524	0	0
55	k16_6f12d4f5	HSat3	chromosome_HSat3_chr10	G4	all_available	0	1.0	0.9900744416873449	1.6844798404460695	1.4538999000032935	0.212239475482765	0	0
55	k16_6f12d4f5	HSat3	chromosome_HSat3_chr10	G4	core	1	1.0	1.0	76.76475781145382	80.8553864340197	-0.07489880447644673	0	0
55	k16_6f12d4f5	HSat3	chromosome_HSat3_chr10	G4	all_available	1	1.0	1.0	34.59435208966273	35.11070709018414	-0.021373916302536333	0	0
55	k16_6f12d4f5	HSat3	chromosome_HSat3_chr10	G4	core	2	1.0	1.0	1782.2064657020294	1784.6484484388357	-0.0019754293595571244	0	0
55	k16_6f12d4f5	HSat3	chromosome_HSat3_chr10	G4	all_available	2	1.0	1.0	3172.8666433998824	3234.2253468363283	-0.027633308843373117	0	0
55	k16_6f12d4f5	HSat3	chromosome_HSat3_chr10	G5	core	0	0.9574468085106383	0.9949367088607595	8.278148436472993	8.928810593140888	-0.10914719029251777	0	0
55	k16_6f12d4f5	HSat3	chromosome_HSat3_chr10	G5	all_available	0	0.9574468085106383	0.9949367088607595	1.4518157392796112	1.4620238393952192	-0.010101540351653272	0	0
55	k16_6f12d4f5	HSat3	chromosome_HSat3_chr10	G5	core	1	1.0	1.0	86.24049929829867	79.30968847154368	0.12086695253205655	0	0
55	k16_6f12d4f5	HSat3	chromosome_HSat3_chr10	G5	all_available	1	1.0	1.0	35.99050773749135	34.880681470584044	0.04518695328809181	0	0
55	k16_6f12d4f5	HSat3	chromosome_HSat3_chr10	G5	core	2	1.0	1.0	1790.206815053398	1783.3928456179774	0.0055017278142796885	0	0
55	k16_6f12d4f5	HSat3	chromosome_HSat3_chr10	G5	all_available	2	1.0	1.0	3222.0420114628128	3228.9056258871265	-0.0030699685428325686	0	0
55	k16_6f12d4f5	HSat3	chromosome_HSat3_chr10	G6	core	0	1.0	0.9898734177215189	9.342159713562463	8.718961369420999	0.09958878614000691	0	0
55	k16_6f12d4f5	HSat3	chromosome_HSat3_chr10	G6	all_available	0	1.0	0.9898734177215189	1.483570802067828	1.457664080976155	0.02539821986823051	0	0
55	k16_6f12d4f5	HSat3	chromosome_HSat3_chr10	G6	core	1	1.0	1.0	81.82620801675066	79.49710218183411	0.04166020725033401	0	0
55	k16_6f12d4f5	HSat3	chromosome_HSat3_chr10	G6	all_available	1	1.0	1.0	34.75476242570721	35.11070709018414	-0.014699946874769694	0	0
55	k16_6f12d4f5	HSat3	chromosome_HSat3_chr10	G6	core	2	1.0	1.0	1927.978824707306	1770.2408944786564	0.12314344394480344	0	0
55	k16_6f12d4f5	HSat3	chromosome_HSat3_chr10	G6	all_available	2	1.0	1.0	3232.716038566371	3224.9426593452504	0.0034732766537460364	0	0
55	k16_6f12d4f5	HSat3	chromosome_HSat3_chr10	G7	core	0	0.9841269841269841	0.9936708860759493	7.94002538490618	9.254599627911205	-0.22100115133379375	0	0
55	k16_6f12d4f5	HSat3	chromosome_HSat3_chr10	G7	all_available	0	0.9841269841269841	0.9936708860759493	1.4860496002699106	1.4528578196414523	0.03256658156058558	0	0
55	k16_6f12d4f5	HSat3	chromosome_HSat3_chr10	G7	core	1	1.0	1.0	73.36348293004339	85.84167478789425	-0.22661323262287675	0	0
55	k16_6f12d4f5	HSat3	chromosome_HSat3_chr10	G7	all_available	1	1.0	1.0	34.7521305371782	35.30297615161402	-0.02268773723526114	0	0
55	k16_6f12d4f5	HSat3	chromosome_HSat3_chr10	G7	core	2	1.0	1.0	1808.1085144833303	1746.526099898803	0.04999303386525997	0	0
55	k16_6f12d4f5	HSat3	chromosome_HSat3_chr10	G7	all_available	2	1.0	1.0	3224.6033400449887	3233.4706927013494	-0.003961828159899194	0	0
56	k16_75ee83a0	HSat3	G2_enriched	G1	core	0	0.8813559322033898	0.38642297650130547	8.072812152580763	1.4573016093345996	2.4689608890169508	1	0
56	k16_75ee83a0	HSat3	G2_enriched	G1	all_available	0	1.0	0.8825065274151436	2.308465712003631	1.2419518415786102	0.8937887270920798	0	0
56	k16_75ee83a0	HSat3	G2_enriched	G1	core	1	1.0	1.0	18.574542206695135	20.81686472817831	-0.16441777753582107	0	0
56	k16_75ee83a0	HSat3	G2_enriched	G1	all_available	1	1.0	1.0	7.9573854053164155	7.5183315069837	0.08187135962297717	0	0
56	k16_75ee83a0	HSat3	G2_enriched	G1	core	2	1.0	1.0	441.50551507207405	498.99414057137204	-0.1765910389493618	0	0
56	k16_75ee83a0	HSat3	G2_enriched	G1	all_available	2	1.0	1.0	166.1361095826614	171.61761319913228	-0.046831671294178125	0	0
56	k16_75ee83a0	HSat3	G2_enriched	G2	core	0	1.0	0.37628865979381443	14.762476141510398	1.4699404133189615	3.3272217414568246	1	0
56	k16_75ee83a0	HSat3	G2_enriched	G2	all_available	0	1.0	0.884020618556701	2.883205398212369	1.2173100451670864	1.2432925811235442	0	0
56	k16_75ee83a0	HSat3	G2_enriched	G2	core	1	1.0	1.0	27.89873024751456	20.164103048411913	0.4683903949479013	0	0
56	k16_75ee83a0	HSat3	G2_enriched	G2	all_available	1	1.0	1.0	7.042603299208675	7.550043236328404	-0.1003623200975342	0	0
56	k16_75ee83a0	HSat3	G2_enriched	G2	core	2	1.0	1.0	453.366712308679	497.23863816527364	-0.1332596577839902	0	0
56	k16_75ee83a0	HSat3	G2_enriched	G2	all_available	2	1.0	1.0	155.43264738279663	172.1217561948398	-0.14713900351631234	0	0
56	k16_75ee83a0	HSat3	G2_enriched	G3	core	0	1.0	0.34946236559139787	12.3941542080853	1.4171627248128957	3.127681233179663	1	0
56	k16_75ee83a0	HSat3	G2_enriched	G3	all_available	0	1.0	0.8790322580645161	2.878106677483253	1.1941857152474686	1.2683864346595364	0	0
56	k16_75ee83a0	HSat3	G2_enriched	G3	core	1	1.0	1.0	27.141249878466972	20.068607347817505	0.4355279224106857	0	0
56	k16_75ee83a0	HSat3	G2_enriched	G3	all_available	1	1.0	1.0	8.371726605758742	7.4753525128915985	0.1633629233301823	0	0
56	k16_75ee83a0	HSat3	G2_enriched	G3	core	2	1.0	1.0	428.47345459455386	500.3119713595271	-0.22362166259823937	0	0
56	k16_75ee83a0	HSat3	G2_enriched	G3	all_available	2	1.0	1.0	157.99633911974226	171.62741909856504	-0.11938819958326245	0	0
56	k16_75ee83a0	HSat3	G2_enriched	G4	core	0	0.5897435897435898	0.4392059553349876	7.003167766219587	1.5756724576130978	2.1513306583947	0	0
56	k16_75ee83a0	HSat3	G2_enriched	G4	all_available	0	0.8974358974358975	0.8982630272952854	1.6515209416689292	1.3097019950305284	0.33432884693081044	0	0
56	k16_75ee83a0	HSat3	G2_enriched	G4	core	1	1.0	1.0	20.872880677858397	20.582974409308992	0.020177269305422168	0	0
56	k16_75ee83a0	HSat3	G2_enriched	G4	all_available	1	1.0	1.0	9.035936824344098	7.378355687963675	0.2923389810330599	0	0
56	k16_75ee83a0	HSat3	G2_enriched	G4	core	2	1.0	1.0	479.9734378890934	490.2421827118784	-0.030539994606028093	0	0
56	k16_75ee83a0	HSat3	G2_enriched	G4	all_available	2	1.0	1.0	169.80406856966806	170.27284875819888	-0.003977354944127095	0	0
56	k16_75ee83a0	HSat3	G2_enriched	G5	core	0	0.0	0.5063291139240507	1.1764013881536382	3.769891834263491	-1.6792995345455948	0	0
56	k16_75ee83a0	HSat3	G2_enriched	G5	all_available	0	0.8297872340425532	0.9063291139240506	0.9554584385133831	1.4925701026361167	-0.6429907691203453	0	0
56	k16_75ee83a0	HSat3	G2_enriched	G5	core	1	1.0	1.0	16.769158164304212	21.066041683626615	-0.3290914440503691	0	0
56	k16_75ee83a0	HSat3	G2_enriched	G5	all_available	1	1.0	1.0	6.527162033319187	7.60678533823196	-0.2207996731919532	0	0
56	k16_75ee83a0	HSat3	G2_enriched	G5	core	2	1.0	1.0	517.2721261213562	479.2505434358841	0.110143163067607	0	0
56	k16_75ee83a0	HSat3	G2_enriched	G5	all_available	2	1.0	1.0	173.9519664716647	169.3857759271208	0.0383760344132055	0	0
56	k16_75ee83a0	HSat3	G2_enriched	G6	core	0	0.0	0.5063291139240507	1.3255040229047095	3.769891834263491	-1.5072767173923147	0	0
56	k16_75ee83a0	HSat3	G2_enriched	G6	all_available	0	0.8297872340425532	0.9063291139240506	1.049715811543305	1.4902350990376378	-0.5051352075824067	0	0
56	k16_75ee83a0	HSat3	G2_enriched	G6	core	1	1.0	1.0	20.582974409308992	20.608459870912533	-0.0017851268972225232	0	0
56	k16_75ee83a0	HSat3	G2_enriched	G6	all_available	1	1.0	1.0	8.222646192775988	7.49298427048571	0.13404524704886467	0	0
56	k16_75ee83a0	HSat3	G2_enriched	G6	core	2	1.0	1.0	556.0318475365945	473.4565849422584	0.23193492585591918	0	0
56	k16_75ee83a0	HSat3	G2_enriched	G6	all_available	2	1.0	1.0	180.66279681719283	169.17137818224367	0.09481340382146844	0	0
56	k16_75ee83a0	HSat3	G2_enriched	G7	core	0	0.007936507936507936	0.629746835443038	1.0827152941387759	6.843563161645047	-2.6589726757200056	0	0
56	k16_75ee83a0	HSat3	G2_enriched	G7	all_available	0	0.8015873015873016	0.9367088607594937	1.0146956950983372	1.8729588374392603	-0.8836210318346258	0	0
56	k16_75ee83a0	HSat3	G2_enriched	G7	core	1	1.0	1.0	19.977242633952933	21.21901669033126	-0.08699610749503063	0	0
56	k16_75ee83a0	HSat3	G2_enriched	G7	all_available	1	1.0	1.0	7.1977694971282435	7.5973576633090545	-0.07793729857424271	0	0
56	k16_75ee83a0	HSat3	G2_enriched	G7	core	2	1.0	1.0	511.92316784696754	458.554470066683	0.15883385448065712	0	0
56	k16_75ee83a0	HSat3	G2_enriched	G7	all_available	2	1.0	1.0	177.7895619833116	167.51032525641517	0.08592010280358964	0	0
57	k16_7c6efbf4	HSat3	chromosome_HSat3_chr1	G1	core	0	0.0	0.0	0.0	0.0	0.0	0	0
57	k16_7c6efbf4	HSat3	chromosome_HSat3_chr1	G1	all_available	0	0.4915254237288136	0.42297650130548303	0.0	0.0	0.0	0	0
57	k16_7c6efbf4	HSat3	chromosome_HSat3_chr1	G1	core	1	0.0	0.0	0.0	0.0	0.0	0	0
57	k16_7c6efbf4	HSat3	chromosome_HSat3_chr1	G1	all_available	1	0.4915254237288136	0.42297650130548303	0.0	0.0	0.0	0	0
57	k16_7c6efbf4	HSat3	chromosome_HSat3_chr1	G1	core	2	0.0	0.0	0.0	0.0	0.0	0	0
57	k16_7c6efbf4	HSat3	chromosome_HSat3_chr1	G1	all_available	2	0.5084745762711864	0.43342036553524804	0.8590554582150272	0.27624100303771176	1.63328904774172	0	0
57	k16_7c6efbf4	HSat3	chromosome_HSat3_chr1	G2	core	0	0.0	0.0	0.0	0.0	0.0	0	0
57	k16_7c6efbf4	HSat3	chromosome_HSat3_chr1	G2	all_available	0	0.3333333333333333	0.44587628865979384	0.0	0.0	0.0	0	0
57	k16_7c6efbf4	HSat3	chromosome_HSat3_chr1	G2	core	1	0.0	0.0	0.0	0.0	0.0	0	0
57	k16_7c6efbf4	HSat3	chromosome_HSat3_chr1	G2	all_available	1	0.3333333333333333	0.44587628865979384	0.0	0.0	0.0	0	0
57	k16_7c6efbf4	HSat3	chromosome_HSat3_chr1	G2	core	2	0.0	0.0	0.0	0.0	0.0	0	0
57	k16_7c6efbf4	HSat3	chromosome_HSat3_chr1	G2	all_available	2	0.37037037037037035	0.4536082474226804	0.2699673199594822	0.30778703563990384	-0.18849331693119567	0	0
57	k16_7c6efbf4	HSat3	chromosome_HSat3_chr1	G3	core	0	0.0	0.0	0.0	0.0	0.0	0	0
57	k16_7c6efbf4	HSat3	chromosome_HSat3_chr1	G3	all_available	0	0.35714285714285715	0.44623655913978494	0.0	0.0	0.0	0	0
57	k16_7c6efbf4	HSat3	chromosome_HSat3_chr1	G3	core	1	0.0	0.0	0.0	0.0	0.0	0	0
57	k16_7c6efbf4	HSat3	chromosome_HSat3_chr1	G3	all_available	1	0.35714285714285715	0.44623655913978494	0.0	0.0	0.0	0	0
57	k16_7c6efbf4	HSat3	chromosome_HSat3_chr1	G3	core	2	0.0	0.0	0.0	0.0	0.0	0	0
57	k16_7c6efbf4	HSat3	chromosome_HSat3_chr1	G3	all_available	2	0.35714285714285715	0.4596774193548387	0.20426416481767726	0.32117028045161433	-0.6503416319468813	0	0
57	k16_7c6efbf4	HSat3	chromosome_HSat3_chr1	G4	core	0	0.0	0.0	0.0	0.0	0.0	0	0
57	k16_7c6efbf4	HSat3	chromosome_HSat3_chr1	G4	all_available	0	0.5128205128205128	0.42431761786600497	5.326516606098407	0.0	12.37924746961957	0	0
57	k16_7c6efbf4	HSat3	chromosome_HSat3_chr1	G4	core	1	0.0	0.0	0.0	0.0	0.0	0	0
57	k16_7c6efbf4	HSat3	chromosome_HSat3_chr1	G4	all_available	1	0.5128205128205128	0.42431761786600497	6.054929133428103	0.0	12.564132607645897	0	0
57	k16_7c6efbf4	HSat3	chromosome_HSat3_chr1	G4	core	2	0.0	0.0	0.0	0.0	0.0	0	0
57	k16_7c6efbf4	HSat3	chromosome_HSat3_chr1	G4	all_available	2	0.5128205128205128	0.43672456575682383	10.5619816462806	0.29352342040493606	5.164490954805909	0	0
57	k16_7c6efbf4	HSat3	chromosome_HSat3_chr1	G5	core	0	0.0	0.0	0.0	0.0	0.0	0	0
57	k16_7c6efbf4	HSat3	chromosome_HSat3_chr1	G5	all_available	0	0.5106382978723404	0.42278481012658226	2.376437903360727	0.0	11.215191944282736	0	0
57	k16_7c6efbf4	HSat3	chromosome_HSat3_chr1	G5	core	1	0.0	0.0	0.0	0.0	0.0	0	0
57	k16_7c6efbf4	HSat3	chromosome_HSat3_chr1	G5	all_available	1	0.5106382978723404	0.42278481012658226	2.6404865592896964	0.0	11.367134353687161	0	0
57	k16_7c6efbf4	HSat3	chromosome_HSat3_chr1	G5	core	2	0.0	0.0	0.0	0.0	0.0	0	0
57	k16_7c6efbf4	HSat3	chromosome_HSat3_chr1	G5	all_available	2	0.5319148936170213	0.43291139240506327	5.280973118579393	0.2887004880828192	4.188442938897128	0	0
57	k16_7c6efbf4	HSat3	chromosome_HSat3_chr1	G6	core	0	0.0	0.0	0.0	0.0	0.0	0	0
57	k16_7c6efbf4	HSat3	chromosome_HSat3_chr1	G6	all_available	0	0.574468085106383	0.4151898734177215	4.989709380942514	0.0	12.28502917990995	0	0
57	k16_7c6efbf4	HSat3	chromosome_HSat3_chr1	G6	core	1	0.0	0.0	0.0	0.0	0.0	0	0
57	k16_7c6efbf4	HSat3	chromosome_HSat3_chr1	G6	all_available	1	0.574468085106383	0.4151898734177215	5.799413135356055	0.0	12.501939944747605	0	0
57	k16_7c6efbf4	HSat3	chromosome_HSat3_chr1	G6	core	2	0.0	0.0	0.0	0.0	0.0	0	0
57	k16_7c6efbf4	HSat3	chromosome_HSat3_chr1	G6	all_available	2	0.5957446808510638	0.4253164556962025	10.025342086700777	0.27179930665355867	5.199811575247845	0	0
57	k16_7c6efbf4	HSat3	chromosome_HSat3_chr1	G7	core	0	0.0	0.0	0.0	0.0	0.0	0	0
57	k16_7c6efbf4	HSat3	chromosome_HSat3_chr1	G7	all_available	0	0.38095238095238093	0.4525316455696203	0.0	0.0	0.0	0	0
57	k16_7c6efbf4	HSat3	chromosome_HSat3_chr1	G7	core	1	0.0	0.0	0.0	0.0	0.0	0	0
57	k16_7c6efbf4	HSat3	chromosome_HSat3_chr1	G7	all_available	1	0.38095238095238093	0.4525316455696203	0.0	0.0	0.0	0	0
57	k16_7c6efbf4	HSat3	chromosome_HSat3_chr1	G7	core	2	0.0	0.0	0.0	0.0	0.0	0	0
57	k16_7c6efbf4	HSat3	chromosome_HSat3_chr1	G7	all_available	2	0.38095238095238093	0.46835443037974683	0.21998219540244257	0.3456110423453449	-0.6493874806991721	0	0
60	k16_83415831	HSat3	G6_enriched	G1	core	0	0.0	0.5535248041775457	0.0	4.494780660696799	-12.134355936002938	0	0
60	k16_83415831	HSat3	G6_enriched	G1	all_available	0	0.8305084745762712	0.9007832898172323	3.597147185578207	4.437275647645525	-0.30274506908046506	0	0
60	k16_83415831	HSat3	G6_enriched	G1	core	1	1.0	1.0	45.4443788464715	84.19096327038224	-0.8895489240690595	0	0
60	k16_83415831	HSat3	G6_enriched	G1	all_available	1	1.0	1.0	625.9924379908163	638.538911855862	-0.028629264105692442	0	0
60	k16_83415831	HSat3	G6_enriched	G1	core	2	1.0	1.0	478.50141805410647	711.0786720633446	-0.5714849987104151	0	0
60	k16_83415831	HSat3	G6_enriched	G1	all_available	2	1.0	1.0	2808.4646527671102	2874.0938860216284	-0.033325533024162586	0	0
60	k16_83415831	HSat3	G6_enriched	G2	core	0	0.0	0.5463917525773195	0.0	4.4397849312948745	-12.116598987453791	0	0
60	k16_83415831	HSat3	G6_enriched	G2	all_available	0	0.8333333333333334	0.8994845360824743	4.185683123106845	4.379762496848816	-0.0653742718775409	0	0
60	k16_83415831	HSat3	G6_enriched	G2	core	1	1.0	1.0	57.85353716045891	83.74248655280272	-0.5335468789960306	0	0
60	k16_83415831	HSat3	G6_enriched	G2	all_available	1	1.0	1.0	658.305089335182	633.2289792822332	0.05602898352512994	0	0
60	k16_83415831	HSat3	G6_enriched	G2	core	2	1.0	1.0	521.6006367173402	710.5010958398	-0.4458905085742185	0	0
60	k16_83415831	HSat3	G6_enriched	G2	all_available	2	1.0	1.0	2948.310815368487	2853.2070754904	0.04730415089700455	0	0
60	k16_83415831	HSat3	G6_enriched	G3	core	0	0.0	0.5698924731182796	0.0	4.609046463765664	-12.170565576033946	0	0
60	k16_83415831	HSat3	G6_enriched	G3	all_available	0	0.8142857142857143	0.9059139784946236	3.9756382622951207	4.411697898817551	-0.15011164887492304	0	0
60	k16_83415831	HSat3	G6_enriched	G3	core	1	1.0	1.0	47.72322651764013	84.66299861819368	-0.8270268121059459	0	0
60	k16_83415831	HSat3	G6_enriched	G3	all_available	1	1.0	1.0	649.0939551279735	635.913736446834	0.029596201671373924	0	0
60	k16_83415831	HSat3	G6_enriched	G3	core	2	1.0	1.0	482.21093081032035	715.3793178482474	-0.5690430799146027	0	0
60	k16_83415831	HSat3	G6_enriched	G3	all_available	2	1.0	1.0	2925.721382959028	2856.1450831240445	0.03472311029699156	0	0
60	k16_83415831	HSat3	G6_enriched	G4	core	0	0.07692307692307693	0.5186104218362283	0.3901874109153367	4.182604131158101	-3.418814496906815	0	0
60	k16_83415831	HSat3	G6_enriched	G4	all_available	0	0.6923076923076923	0.9106699751861043	3.7159221187550906	4.402311708153027	-0.24448051602007523	0	0
60	k16_83415831	HSat3	G6_enriched	G4	core	1	1.0	1.0	72.26687252688271	78.63012312231655	-0.12174603733322714	0	0
60	k16_83415831	HSat3	G6_enriched	G4	all_available	1	1.0	1.0	606.639031609462	639.0077384010847	-0.07499495686129548	0	0
60	k16_83415831	HSat3	G6_enriched	G4	core	2	1.0	1.0	660.298653121743	687.2692790632259	-0.0577566834519497	0	0
60	k16_83415831	HSat3	G6_enriched	G4	all_available	2	1.0	1.0	2768.3619784725424	2873.662559976347	-0.0538580485031409	0	0
60	k16_83415831	HSat3	G6_enriched	G5	core	0	0.851063829787234	0.43544303797468353	5.3837095409741575	0.4017595461081352	3.7408778369555056	1	0
60	k16_83415831	HSat3	G6_enriched	G5	all_available	0	0.9361702127659575	0.8860759493670886	4.473817278706455	4.349792949855587	0.040550411652982156	0	0
60	k16_83415831	HSat3	G6_enriched	G5	core	1	1.0	1.0	88.08359330501492	70.88883098569961	0.31331101200119665	0	0
60	k16_83415831	HSat3	G6_enriched	G5	all_available	1	1.0	1.0	637.079177744889	638.3831493692536	-0.0029498810924954827	0	0
60	k16_83415831	HSat3	G6_enriched	G5	core	2	1.0	1.0	738.6601474905947	636.1065000099845	0.215642099289407	0	0
60	k16_83415831	HSat3	G6_enriched	G5	all_available	2	1.0	1.0	2854.335413568674	2863.4475710764573	-0.004598310574017782	0	0
60	k16_83415831	HSat3	G6_enriched	G6	core	0	0.9787234042553191	0.42025316455696204	6.487606036879607	0.3865348273677481	4.065510698916623	1	0
60	k16_83415831	HSat3	G6_enriched	G6	all_available	0	1.0	0.8784810126582279	5.170129947625865	4.222034357758882	0.2921995747386928	0	0
60	k16_83415831	HSat3	G6_enriched	G6	core	1	1.0	1.0	110.22763496182252	68.76829073768438	0.6806626815335424	0	0
60	k16_83415831	HSat3	G6_enriched	G6	all_available	1	1.0	1.0	630.9180309510325	638.3831493692536	-0.016969962205628745	0	0
60	k16_83415831	HSat3	G6_enriched	G6	core	2	1.0	1.0	843.2879013690471	606.4247778722491	0.4756958863585527	0	0
60	k16_83415831	HSat3	G6_enriched	G6	all_available	2	1.0	1.0	2851.034379945247	2869.965348673607	-0.009547878390653285	0	0
60	k16_83415831	HSat3	G6_enriched	G7	core	0	0.9761904761904762	0.28164556962025317	5.414967289188773	0.0	12.403003310157779	1	0
60	k16_83415831	HSat3	G6_enriched	G7	all_available	0	0.9920634920634921	0.8512658227848101	4.836281412808448	4.199767194739066	0.20354363587855795	0	0
60	k16_83415831	HSat3	G6_enriched	G7	core	1	1.0	1.0	90.97924366838961	58.017736952426745	0.6490344096292325	0	0
60	k16_83415831	HSat3	G6_enriched	G7	all_available	1	1.0	1.0	634.147187268914	638.8151110133019	-0.010580690490175114	0	0
60	k16_83415831	HSat3	G6_enriched	G7	core	2	1.0	1.0	748.3180225581242	533.2033443496015	0.4889649144319694	0	0
60	k16_83415831	HSat3	G6_enriched	G7	all_available	2	1.0	1.0	2855.225507804892	2871.8561324342127	-0.00837878006547494	0	0
62	k16_8ba0e809	HSat3	regional_HSat3_G1_group_enriched_exact	G1	core	0	1.0	0.9869451697127938	58.87706430491392	8.38172733151366	2.812238633480153	1	0
62	k16_8ba0e809	HSat3	regional_HSat3_G1_group_enriched_exact	G1	all_available	0	1.0	1.0	10.91527674144844	3.2627155928542857	1.741893625962723	0	0
62	k16_8ba0e809	HSat3	regional_HSat3_G1_group_enriched_exact	G1	core	1	1.0	1.0	670.5329258704221	655.83453500919	0.031976254462680376	0	0
62	k16_8ba0e809	HSat3	regional_HSat3_G1_group_enriched_exact	G1	all_available	1	1.0	1.0	393.7540207443702	393.2553091015222	0.0018284080113924873	0	0
62	k16_8ba0e809	HSat3	regional_HSat3_G1_group_enriched_exact	G1	core	2	1.0	1.0	7952.586824378835	7972.6993672330755	-0.0036440510103562035	0	0
62	k16_8ba0e809	HSat3	regional_HSat3_G1_group_enriched_exact	G1	all_available	2	1.0	1.0	8337.915517242047	8353.9733215238	-0.0027757816026055923	0	0
62	k16_8ba0e809	HSat3	regional_HSat3_G1_group_enriched_exact	G2	core	0	0.9444444444444444	0.9948453608247423	9.19807226681473	8.743931528710732	0.0730412835123535	0	0
62	k16_8ba0e809	HSat3	regional_HSat3_G1_group_enriched_exact	G2	all_available	0	1.0	1.0	3.069928908079969	3.629629459250885	-0.24154458235968582	0	0
62	k16_8ba0e809	HSat3	regional_HSat3_G1_group_enriched_exact	G2	core	1	1.0	1.0	592.4811188276784	660.7849356953159	-0.15741136648347726	0	0
62	k16_8ba0e809	HSat3	regional_HSat3_G1_group_enriched_exact	G2	all_available	1	1.0	1.0	375.30548934692365	396.03355845272984	-0.07755709132313542	0	0
62	k16_8ba0e809	HSat3	regional_HSat3_G1_group_enriched_exact	G2	core	2	1.0	1.0	7769.268923290445	7987.129115465064	-0.03989818105817519	0	0
62	k16_8ba0e809	HSat3	regional_HSat3_G1_group_enriched_exact	G2	all_available	2	1.0	1.0	8355.049892902889	8351.470183923731	0.0006182529729818782	0	0
62	k16_8ba0e809	HSat3	regional_HSat3_G1_group_enriched_exact	G3	core	0	1.0	0.9865591397849462	8.566128119681267	8.862931448265005	-0.04913506007469078	0	0
62	k16_8ba0e809	HSat3	regional_HSat3_G1_group_enriched_exact	G3	all_available	0	1.0	1.0	3.0859232069022933	3.7131778499799077	-0.26687330543758675	0	0
62	k16_8ba0e809	HSat3	regional_HSat3_G1_group_enriched_exact	G3	core	1	1.0	1.0	656.2268335049947	657.0003869921131	-0.0016996300286114135	0	0
62	k16_8ba0e809	HSat3	regional_HSat3_G1_group_enriched_exact	G3	all_available	1	1.0	1.0	393.81920304681677	393.4582041991413	0.0013230659382586782	0	0
62	k16_8ba0e809	HSat3	regional_HSat3_G1_group_enriched_exact	G3	core	2	1.0	1.0	7902.663742866402	7978.588536688985	-0.013794522287397254	0	0
62	k16_8ba0e809	HSat3	regional_HSat3_G1_group_enriched_exact	G3	all_available	2	1.0	1.0	8357.520101359984	8349.43087856605	0.0013970569660959114	0	0
62	k16_8ba0e809	HSat3	regional_HSat3_G1_group_enriched_exact	G4	core	0	0.9743589743589743	0.9900744416873449	8.64687684785421	8.82240864650339	-0.028990125156267844	0	0
62	k16_8ba0e809	HSat3	regional_HSat3_G1_group_enriched_exact	G4	all_available	0	1.0	1.0	3.8159908484059475	3.4542871778856967	0.14363010583467029	0	0
62	k16_8ba0e809	HSat3	regional_HSat3_G1_group_enriched_exact	G4	core	1	1.0	1.0	679.915816467479	654.6697550427637	0.054588719140497864	0	0
62	k16_8ba0e809	HSat3	regional_HSat3_G1_group_enriched_exact	G4	all_available	1	1.0	1.0	401.042481218541	393.37134581639515	0.02786312313489739	0	0
62	k16_8ba0e809	HSat3	regional_HSat3_G1_group_enriched_exact	G4	core	2	1.0	1.0	7940.203109362885	7969.815353126773	-0.005370387380738343	0	0
62	k16_8ba0e809	HSat3	regional_HSat3_G1_group_enriched_exact	G4	all_available	2	1.0	1.0	8308.908184518237	8353.426891730882	-0.007709251188399157	0	0
62	k16_8ba0e809	HSat3	regional_HSat3_G1_group_enriched_exact	G5	core	0	1.0	0.9873417721518988	39.08115116079515	8.468974358174322	2.206080371258777	1	0
62	k16_8ba0e809	HSat3	regional_HSat3_G1_group_enriched_exact	G5	all_available	0	1.0	1.0	9.680631802072046	3.3262920658140147	1.5409017188684653	0	0
62	k16_8ba0e809	HSat3	regional_HSat3_G1_group_enriched_exact	G5	core	1	1.0	1.0	663.1051843695785	656.6191320007995	0.014180926473347911	0	0
62	k16_8ba0e809	HSat3	regional_HSat3_G1_group_enriched_exact	G5	all_available	1	1.0	1.0	392.77589028136185	393.6610992967603	-0.003247771824458074	0	0
62	k16_8ba0e809	HSat3	regional_HSat3_G1_group_enriched_exact	G5	core	2	1.0	1.0	8023.643157431114	7965.323345232265	0.010524515945392002	0	0
62	k16_8ba0e809	HSat3	regional_HSat3_G1_group_enriched_exact	G5	all_available	2	1.0	1.0	8334.195731508387	8353.426891730882	-0.0033251840681068844	0	0
62	k16_8ba0e809	HSat3	regional_HSat3_G1_group_enriched_exact	G6	core	0	0.9787234042553191	0.9898734177215189	7.704032168794534	9.005933272584219	-0.22523499328816013	0	0
62	k16_8ba0e809	HSat3	regional_HSat3_G1_group_enriched_exact	G6	all_available	0	1.0	1.0	2.9390327055559475	3.5685051106173273	-0.27989186354498424	0	0
62	k16_8ba0e809	HSat3	regional_HSat3_G1_group_enriched_exact	G6	core	1	1.0	1.0	615.9907528737632	660.9514626869843	-0.10163547760572894	0	0
62	k16_8ba0e809	HSat3	regional_HSat3_G1_group_enriched_exact	G6	all_available	1	1.0	1.0	386.93495965838497	395.1112918572045	-0.03016791794274537	0	0
62	k16_8ba0e809	HSat3	regional_HSat3_G1_group_enriched_exact	G6	core	2	1.0	1.0	7944.078164031384	7973.833240577297	-0.005393615391960942	0	0
62	k16_8ba0e809	HSat3	regional_HSat3_G1_group_enriched_exact	G6	all_available	2	1.0	1.0	8335.847361694905	8353.426891730882	-0.0030393061746823696	0	0
62	k16_8ba0e809	HSat3	regional_HSat3_G1_group_enriched_exact	G7	core	0	1.0	0.9841772151898734	7.450031688751591	9.756756916206022	-0.3891093448853083	0	0
62	k16_8ba0e809	HSat3	regional_HSat3_G1_group_enriched_exact	G7	all_available	0	1.0	1.0	3.1218371376130585	4.120067782481384	-0.4001608611636631	0	0
62	k16_8ba0e809	HSat3	regional_HSat3_G1_group_enriched_exact	G7	core	1	1.0	1.0	668.2944201510609	645.0095603269501	0.05116320637650089	0	0
62	k16_8ba0e809	HSat3	regional_HSat3_G1_group_enriched_exact	G7	all_available	1	1.0	1.0	401.39535905212904	389.7280939460927	0.042555895309801146	0	0
62	k16_8ba0e809	HSat3	regional_HSat3_G1_group_enriched_exact	G7	core	2	1.0	1.0	8045.468874924094	7913.757941092328	0.0238135598635995	0	0
62	k16_8ba0e809	HSat3	regional_HSat3_G1_group_enriched_exact	G7	all_available	2	1.0	1.0	8360.352356315	8346.595728237218	0.0023758523838359634	0	0
63	k16_8f53d4f9	HSat3	pan	G1	core	0	1.0	1.0	152.76140804757904	172.223460152169	-0.17300048886352137	0	0
63	k16_8f53d4f9	HSat3	pan	G1	all_available	0	1.0	1.0	1754.3701150645452	1775.507183879675	-0.0172780462213389	0	0
63	k16_8f53d4f9	HSat3	pan	G1	core	1	1.0	1.0	5209.957326513722	5319.879524875956	-0.030122013005815483	0	0
63	k16_8f53d4f9	HSat3	pan	G1	all_available	1	1.0	1.0	8294.92228626254	8350.120697873685	-0.009568585328985533	0	0
63	k16_8f53d4f9	HSat3	pan	G1	core	2	1.0	1.0	43281.89805250212	43205.523707176384	0.002547998613067075	0	0
63	k16_8f53d4f9	HSat3	pan	G1	all_available	2	1.0	1.0	54519.68030548956	54465.07957920789	0.001445563623092666	0	0
63	k16_8f53d4f9	HSat3	pan	G2	core	0	1.0	1.0	172.70369844076276	169.84923097629004	0.0240441518845656	0	0
63	k16_8f53d4f9	HSat3	pan	G2	all_available	0	1.0	1.0	1833.4457432397999	1765.746892293762	0.054278985784942724	0	0
63	k16_8f53d4f9	HSat3	pan	G2	core	1	1.0	1.0	5016.132803428164	5330.638553563301	-0.08773280144988689	0	0
63	k16_8f53d4f9	HSat3	pan	G2	all_available	1	1.0	1.0	8443.617434527489	8325.022289760516	0.02040707683326137	0	0
63	k16_8f53d4f9	HSat3	pan	G2	core	2	1.0	1.0	41821.73238145315	43384.476515437695	-0.05292609630284382	0	0
63	k16_8f53d4f9	HSat3	pan	G2	all_available	2	1.0	1.0	54864.401158492044	54428.63076269034	0.011504614667158315	0	0
63	k16_8f53d4f9	HSat3	pan	G3	core	0	1.0	1.0	184.47953163499733	168.4870299776773	0.13082247508434328	0	0
63	k16_8f53d4f9	HSat3	pan	G3	all_available	0	1.0	1.0	1823.8610593440706	1770.3970680216378	0.042922839159831375	0	0
63	k16_8f53d4f9	HSat3	pan	G3	core	1	1.0	1.0	5100.9712415925915	5334.304031832971	-0.06452807503450386	0	0
63	k16_8f53d4f9	HSat3	pan	G3	all_available	1	1.0	1.0	8461.95800113819	8327.793644949457	0.023057202073965805	0	0
63	k16_8f53d4f9	HSat3	pan	G3	core	2	1.0	1.0	42532.841443895966	43449.83156845345	-0.03077334508982426	0	0
63	k16_8f53d4f9	HSat3	pan	G3	all_available	2	1.0	1.0	54714.614056778344	54458.741858626076	0.006762569812581894	0	0
63	k16_8f53d4f9	HSat3	pan	G4	core	0	1.0	1.0	179.82952879987886	169.43573933284858	0.08589122846515043	0	0
63	k16_8f53d4f9	HSat3	pan	G4	all_available	0	1.0	1.0	1714.4874414200638	1775.7499537929657	-0.05065108214479849	0	0
63	k16_8f53d4f9	HSat3	pan	G4	core	1	1.0	1.0	5267.427926437397	5304.302789653807	-0.010064461423066762	0	0
63	k16_8f53d4f9	HSat3	pan	G4	all_available	1	1.0	1.0	8221.275277350005	8351.675178237634	-0.022703398595689126	0	0
63	k16_8f53d4f9	HSat3	pan	G4	core	2	1.0	1.0	43120.89681707726	43250.56936700754	-0.004331941767707975	0	0
63	k16_8f53d4f9	HSat3	pan	G4	all_available	2	1.0	1.0	54282.02994913632	54509.661552846854	-0.006037289327887067	0	0
63	k16_8f53d4f9	HSat3	pan	G5	core	0	1.0	1.0	156.8931921624175	171.4574019706358	-0.1280666540770969	0	0
63	k16_8f53d4f9	HSat3	pan	G5	all_available	0	1.0	1.0	1758.5179621824639	1774.5552770063985	-0.01309743603407658	0	0
63	k16_8f53d4f9	HSat3	pan	G5	core	1	1.0	1.0	5433.467667616815	5273.4802766171115	0.04311782484413852	0	0
63	k16_8f53d4f9	HSat3	pan	G5	all_available	1	1.0	1.0	8373.37235000948	8332.047474762352	0.007137720294794259	0	0
63	k16_8f53d4f9	HSat3	pan	G5	core	2	1.0	1.0	43875.83588782672	43170.539350884945	0.023379493015935948	0	0
63	k16_8f53d4f9	HSat3	pan	G5	all_available	2	1.0	1.0	54575.145471811076	54439.41158054003	0.0035925974422564284	0	0
63	k16_8f53d4f9	HSat3	pan	G6	core	0	1.0	1.0	163.38447040334083	170.88412330762637	-0.06474711350237955	0	0
63	k16_8f53d4f9	HSat3	pan	G6	all_available	0	1.0	1.0	1741.5531079136952	1774.8074612806752	-0.027288039883091492	0	0
63	k16_8f53d4f9	HSat3	pan	G6	core	1	1.0	1.0	5364.979020574265	5269.573796554238	0.02588624323333364	0	0
63	k16_8f53d4f9	HSat3	pan	G6	all_available	1	1.0	1.0	8268.021497073843	8351.675178237634	-0.014523460689252102	0	0
63	k16_8f53d4f9	HSat3	pan	G6	core	2	1.0	1.0	43171.69521991246	43280.68574973651	-0.003637613557517877	0	0
63	k16_8f53d4f9	HSat3	pan	G6	all_available	2	1.0	1.0	54178.371312010524	54519.68030548956	-0.009060077788009506	0	0
63	k16_8f53d4f9	HSat3	pan	G7	core	0	1.0	1.0	171.23106401757303	169.46999258812102	0.01491452216992462	0	0
63	k16_8f53d4f9	HSat3	pan	G7	all_available	0	1.0	1.0	1765.141441233361	1776.6305776902987	-0.009359929934634267	0	0
63	k16_8f53d4f9	HSat3	pan	G7	core	1	1.0	1.0	5400.4433498762555	5196.069398257494	0.05565714038225008	0	0
63	k16_8f53d4f9	HSat3	pan	G7	all_available	1	1.0	1.0	8328.022579877623	8339.202549520087	-0.0019354496167024553	0	0
63	k16_8f53d4f9	HSat3	pan	G7	core	2	1.0	1.0	43689.839570197735	42958.0169521128	0.024370411126270045	0	0
63	k16_8f53d4f9	HSat3	pan	G7	all_available	2	1.0	1.0	54414.85425649755	54497.716391770264	-0.0021952436122711473	0	0
64	k16_90ec3acc	HSat3	chromosome_HSat3_chr10	G1	core	0	1.0	0.9895561357702349	11.708653573139568	12.753545804572315	-0.12331313006324854	0	0
64	k16_90ec3acc	HSat3	chromosome_HSat3_chr10	G1	all_available	0	1.0	0.9947780678851175	2.157168375674324	2.1438807066815504	0.008910014608958895	0	0
64	k16_90ec3acc	HSat3	chromosome_HSat3_chr10	G1	core	1	1.0	0.9921671018276762	24.294138080209017	24.960046829150873	-0.039010807987558474	0	0
64	k16_90ec3acc	HSat3	chromosome_HSat3_chr10	G1	all_available	1	1.0	1.0	7.269499500016467	7.597462493572374	-0.06365304279332201	0	0
64	k16_90ec3acc	HSat3	chromosome_HSat3_chr10	G1	core	2	1.0	1.0	265.29356089625446	278.31228481483936	-0.06911467737794051	0	0
64	k16_90ec3acc	HSat3	chromosome_HSat3_chr10	G1	all_available	2	1.0	1.0	349.0568739924191	353.9720383236637	-0.020173220327390995	0	0
64	k16_90ec3acc	HSat3	chromosome_HSat3_chr10	G2	core	0	1.0	0.9896907216494846	15.93754445741627	11.910256210076962	0.42019431151201725	0	0
64	k16_90ec3acc	HSat3	chromosome_HSat3_chr10	G2	all_available	0	1.0	0.9948453608247423	2.3751735268835907	2.118784849970652	0.1647223527195923	0	0
64	k16_90ec3acc	HSat3	chromosome_HSat3_chr10	G2	core	1	1.0	0.9922680412371134	32.73991828973561	24.10779077596255	0.44153549434175937	0	0
64	k16_90ec3acc	HSat3	chromosome_HSat3_chr10	G2	all_available	1	1.0	1.0	8.51923445369584	7.395925206604483	0.2039674418757622	0	0
64	k16_90ec3acc	HSat3	chromosome_HSat3_chr10	G2	core	2	1.0	1.0	298.7244122262023	273.81354349851273	0.12562089474208843	0	0
64	k16_90ec3acc	HSat3	chromosome_HSat3_chr10	G2	all_available	2	1.0	1.0	360.43763778804794	352.25778237262205	0.03311799574159668	0	0
64	k16_90ec3acc	HSat3	chromosome_HSat3_chr10	G3	core	0	1.0	0.989247311827957	12.371008052872927	12.715398070577432	-0.03961040643596976	0	0
64	k16_90ec3acc	HSat3	chromosome_HSat3_chr10	G3	all_available	0	1.0	0.9946236559139785	1.8432352933740301	2.193614867201156	-0.2509450524203129	0	0
64	k16_90ec3acc	HSat3	chromosome_HSat3_chr10	G3	core	1	1.0	0.9919354838709677	25.34730354502934	24.778594176005516	0.03273663681368422	0	0
64	k16_90ec3acc	HSat3	chromosome_HSat3_chr10	G3	all_available	1	1.0	1.0	7.31069464977293	7.586803488596724	-0.05347649387304189	0	0
64	k16_90ec3acc	HSat3	chromosome_HSat3_chr10	G3	core	2	1.0	1.0	291.5884322493781	272.8124218925313	0.09602381071189348	0	0
64	k16_90ec3acc	HSat3	chromosome_HSat3_chr10	G3	all_available	2	1.0	1.0	357.6144487011344	352.27728575412675	0.021693510518723046	0	0
64	k16_90ec3acc	HSat3	chromosome_HSat3_chr10	G4	core	0	1.0	0.9900744416873449	12.678559683923508	12.711690847912152	-0.003764785878262283	0	0
64	k16_90ec3acc	HSat3	chromosome_HSat3_chr10	G4	all_available	0	1.0	0.9950372208436724	2.2360037228034746	2.1477546694447307	0.058066882502521316	0	0
64	k16_90ec3acc	HSat3	chromosome_HSat3_chr10	G4	core	1	1.0	0.9925558312655087	26.12233225681827	24.79811319869522	0.07505040521295929	0	0
64	k16_90ec3acc	HSat3	chromosome_HSat3_chr10	G4	all_available	1	1.0	1.0	7.817342308196724	7.537015663466328	0.05267795828122592	0	0
64	k16_90ec3acc	HSat3	chromosome_HSat3_chr10	G4	core	2	1.0	1.0	279.1510398908967	276.2210852536361	0.01522242413035109	0	0
64	k16_90ec3acc	HSat3	chromosome_HSat3_chr10	G4	all_available	2	1.0	1.0	350.1892732205073	353.56398158458643	-0.013836379356622346	0	0
64	k16_90ec3acc	HSat3	chromosome_HSat3_chr10	G5	core	0	0.9574468085106383	0.9949367088607595	10.587612493382743	12.847559716786622	-0.2790930925114327	0	0
64	k16_90ec3acc	HSat3	chromosome_HSat3_chr10	G5	all_available	0	0.9574468085106383	1.0	1.8413767482913175	2.160975031934409	-0.2307817530424232	0	0
64	k16_90ec3acc	HSat3	chromosome_HSat3_chr10	G5	core	1	0.9574468085106383	0.9974683544303797	21.499722578141117	25.486158271395432	-0.24538538139134566	0	0
64	k16_90ec3acc	HSat3	chromosome_HSat3_chr10	G5	all_available	1	1.0	1.0	6.37357197222884	7.700846585704304	-0.2728759123012084	0	0
64	k16_90ec3acc	HSat3	chromosome_HSat3_chr10	G5	core	2	1.0	1.0	253.40623728454452	279.1353625522857	-0.13951234544097924	0	0
64	k16_90ec3acc	HSat3	chromosome_HSat3_chr10	G5	all_available	2	1.0	1.0	351.568895821557	353.39824856853494	-0.007487431417378705	0	0
64	k16_90ec3acc	HSat3	chromosome_HSat3_chr10	G6	core	0	1.0	0.9898734177215189	13.568613084213597	12.476011526052362	0.1211071616485229	0	0
64	k16_90ec3acc	HSat3	chromosome_HSat3_chr10	G6	all_available	0	1.0	0.9949367088607595	2.1745305232678587	2.1438807066815504	0.020469847827892906	0	0
64	k16_90ec3acc	HSat3	chromosome_HSat3_chr10	G6	core	1	1.0	0.9924050632911392	28.40135749749959	24.437678827806007	0.21684438940623885	0	0
64	k16_90ec3acc	HSat3	chromosome_HSat3_chr10	G6	all_available	1	1.0	1.0	7.91412986828106	7.534514488711054	0.07090700624999233	0	0
64	k16_90ec3acc	HSat3	chromosome_HSat3_chr10	G6	core	2	1.0	1.0	268.5676819412871	277.6787088380799	-0.04813067705475917	0	0
64	k16_90ec3acc	HSat3	chromosome_HSat3_chr10	G6	all_available	2	1.0	1.0	352.494482641014	353.39253410200615	-0.0036708747622290977	0	0
64	k16_90ec3acc	HSat3	chromosome_HSat3_chr10	G7	core	0	0.9841269841269841	0.9936708860759493	11.336087276686062	12.914907407112581	-0.18809897273788045	0	0
64	k16_90ec3acc	HSat3	chromosome_HSat3_chr10	G7	all_available	0	1.0	0.9936708860759493	2.2584353722930905	2.1193727418005204	0.09164439205706858	0	0
64	k16_90ec3acc	HSat3	chromosome_HSat3_chr10	G7	core	1	0.9920634920634921	0.9936708860759493	23.135810224016446	26.142492512823644	-0.17626190406211706	0	0
64	k16_90ec3acc	HSat3	chromosome_HSat3_chr10	G7	all_available	1	1.0	1.0	7.565651528813709	7.548807627269845	0.003215121085294335	0	0
64	k16_90ec3acc	HSat3	chromosome_HSat3_chr10	G7	core	2	1.0	1.0	273.56201156601423	278.9362343506162	-0.0280673507856596	0	0
64	k16_90ec3acc	HSat3	chromosome_HSat3_chr10	G7	all_available	2	1.0	1.0	351.1068541859266	354.2346394625813	-0.012795098916104664	0	0
66	k16_a0d0562c	HSat3	pan_HSat3	G1	core	0	1.0	1.0	37.37608024304646	48.49815260326597	-0.37580566459776554	0	0
66	k16_a0d0562c	HSat3	pan_HSat3	G1	all_available	0	1.0	1.0	465.70957461998825	475.8577081957297	-0.031099631629361118	0	0
66	k16_a0d0562c	HSat3	pan_HSat3	G1	core	1	1.0	1.0	1212.9365334813529	1351.1584831265948	-0.15569271887718225	0	0
66	k16_a0d0562c	HSat3	pan_HSat3	G1	all_available	1	1.0	1.0	2524.475388396075	2545.2832668441347	-0.011842607039812384	0	0
66	k16_a0d0562c	HSat3	pan_HSat3	G1	core	2	1.0	1.0	4080.5983784213763	4171.822694666273	-0.031897111573315366	0	0
66	k16_a0d0562c	HSat3	pan_HSat3	G1	all_available	2	1.0	1.0	5802.454547405157	5839.506661830507	-0.009183173191796314	0	0
66	k16_a0d0562c	HSat3	pan_HSat3	G2	core	0	1.0	1.0	42.209253132178716	48.146751081947194	-0.18987493218570647	0	0
66	k16_a0d0562c	HSat3	pan_HSat3	G2	all_available	0	1.0	1.0	490.929488946951	472.0914263349073	0.056449428887958	0	0
66	k16_a0d0562c	HSat3	pan_HSat3	G2	core	1	1.0	1.0	1206.198206396757	1350.489232118418	-0.16301501399202467	0	0
66	k16_a0d0562c	HSat3	pan_HSat3	G2	all_available	1	1.0	1.0	2591.8795570391603	2533.9963760401806	0.03258420473338959	0	0
66	k16_a0d0562c	HSat3	pan_HSat3	G2	core	2	1.0	1.0	3775.2175714830946	4180.416236487754	-0.14708676742934815	0	0
66	k16_a0d0562c	HSat3	pan_HSat3	G2	all_available	2	1.0	1.0	5882.11732010684	5818.279115175388	0.015743049450790986	0	0
66	k16_a0d0562c	HSat3	pan_HSat3	G3	core	0	1.0	1.0	45.83097473567305	47.754665781858535	-0.05931745852822973	0	0
66	k16_a0d0562c	HSat3	pan_HSat3	G3	all_available	0	1.0	1.0	487.33045801540754	473.2563366404156	0.042278482393575796	0	0
66	k16_a0d0562c	HSat3	pan_HSat3	G3	core	1	1.0	1.0	1208.147904593407	1357.41938935703	-0.16806931056594937	0	0
66	k16_a0d0562c	HSat3	pan_HSat3	G3	all_available	1	1.0	1.0	2580.312629414897	2536.432281109227	0.02474521957448758	0	0
66	k16_a0d0562c	HSat3	pan_HSat3	G3	core	2	1.0	1.0	3973.6736919708874	4188.697066293556	-0.0760281241917394	0	0
66	k16_a0d0562c	HSat3	pan_HSat3	G3	all_available	2	1.0	1.0	5864.412998866722	5823.367304276337	0.01013308803009421	0	0
66	k16_a0d0562c	HSat3	pan_HSat3	G4	core	0	1.0	1.0	49.366405273326514	46.87424972618579	0.07473244330435432	0	0
66	k16_a0d0562c	HSat3	pan_HSat3	G4	all_available	0	1.0	1.0	452.6936866896083	475.8577081957297	-0.07199489893058098	0	0
66	k16_a0d0562c	HSat3	pan_HSat3	G4	core	1	1.0	1.0	1296.4828248220251	1334.3411009198828	-0.041524387612009564	0	0
66	k16_a0d0562c	HSat3	pan_HSat3	G4	all_available	1	1.0	1.0	2501.986254615383	2541.5087735317843	-0.022611338486227192	0	0
66	k16_a0d0562c	HSat3	pan_HSat3	G4	core	2	1.0	1.0	4078.598470333982	4144.684324330229	-0.02318873511427398	0	0
66	k16_a0d0562c	HSat3	pan_HSat3	G4	all_available	2	1.0	1.0	5727.356659926299	5834.124504855448	-0.026646722943538696	0	0
66	k16_a0d0562c	HSat3	pan_HSat3	G5	core	0	1.0	1.0	45.733484383360185	47.16434737560592	-0.04444490724838712	0	0
66	k16_a0d0562c	HSat3	pan_HSat3	G5	all_available	0	1.0	1.0	474.3581323866885	474.5997683995743	-0.0007347140479508421	0	0
66	k16_a0d0562c	HSat3	pan_HSat3	G5	core	1	1.0	1.0	1393.6304433196929	1306.6214850368403	0.0930067080072847	0	0
66	k16_a0d0562c	HSat3	pan_HSat3	G5	all_available	1	1.0	1.0	2557.2699141995495	2536.062088869229	0.012014370641289074	0	0
66	k16_a0d0562c	HSat3	pan_HSat3	G5	core	2	1.0	1.0	4295.825735741035	4111.703245277253	0.06319931078263727	0	0
66	k16_a0d0562c	HSat3	pan_HSat3	G5	all_available	2	1.0	1.0	5872.561079173226	5820.694898140582	0.012798413074962501	0	0
66	k16_a0d0562c	HSat3	pan_HSat3	G6	core	0	1.0	1.0	48.57034537563091	46.98071394711757	0.04800610257432098	0	0
66	k16_a0d0562c	HSat3	pan_HSat3	G6	all_available	0	1.0	1.0	466.4538166638274	475.8577081957297	-0.0287959319982611	0	0
66	k16_a0d0562c	HSat3	pan_HSat3	G6	core	1	1.0	1.0	1411.553232374194	1297.8630969310734	0.1211452361528447	0	0
66	k16_a0d0562c	HSat3	pan_HSat3	G6	all_available	1	1.0	1.0	2531.7271667841715	2540.959687253104	-0.005251544727535657	0	0
66	k16_a0d0562c	HSat3	pan_HSat3	G6	core	2	1.0	1.0	4161.412411801933	4133.171180165404	0.009824153797645065	0	0
66	k16_a0d0562c	HSat3	pan_HSat3	G6	all_available	2	1.0	1.0	5803.343940830883	5834.124504855448	-0.007631739360446466	0	0
66	k16_a0d0562c	HSat3	pan_HSat3	G7	core	0	1.0	1.0	52.59610130846446	45.08730650434341	0.2222299689504906	0	0
66	k16_a0d0562c	HSat3	pan_HSat3	G7	all_available	0	1.0	1.0	470.91668866060706	475.3541455332315	-0.01353086281376127	0	0
66	k16_a0d0562c	HSat3	pan_HSat3	G7	core	1	1.0	1.0	1376.3230573237975	1242.1480583748248	0.1479818865775454	0	0
66	k16_a0d0562c	HSat3	pan_HSat3	G7	all_available	1	1.0	1.0	2539.4271667828166	2536.973157237997	0.0013948412479592896	0	0
66	k16_a0d0562c	HSat3	pan_HSat3	G7	core	2	1.0	1.0	4264.976968150584	4043.036429889279	0.07709872900213538	0	0
66	k16_a0d0562c	HSat3	pan_HSat3	G7	all_available	2	1.0	1.0	5827.410520397426	5828.788432804323	-0.0003410901053354091	0	0
68	k16_a0e834c5	HSat3	G7_enriched	G1	core	0	0.0	0.566579634464752	0.0	4.476384275208105	-12.128440428712304	0	0
68	k16_a0e834c5	HSat3	G7_enriched	G1	all_available	0	0.7457627118644068	0.8772845953002611	1.5584358914019534	2.9459203315552216	-0.9181838139221558	0	0
68	k16_a0e834c5	HSat3	G7_enriched	G1	core	1	1.0	1.0	285.96992178637015	478.3680266088201	-0.7422555233347511	0	0
68	k16_a0e834c5	HSat3	G7_enriched	G1	all_available	1	1.0	1.0	196.57218574064396	219.19723267938647	-0.15716962719766223	0	0
68	k16_a0e834c5	HSat3	G7_enriched	G1	core	2	1.0	1.0	2448.4932113741766	2775.5260254575696	-0.18086695547546228	0	0
68	k16_a0e834c5	HSat3	G7_enriched	G1	all_available	2	1.0	1.0	3895.0640586095237	3974.741039930691	-0.029213807198922487	0	0
68	k16_a0e834c5	HSat3	G7_enriched	G2	core	0	0.0	0.5592783505154639	0.0	4.409722838702331	-12.106799391772652	0	0
68	k16_a0e834c5	HSat3	G7_enriched	G2	all_available	0	0.7592592592592593	0.8737113402061856	2.730838739396209	2.88342573659396	-0.0784117959927936	0	0
68	k16_a0e834c5	HSat3	G7_enriched	G2	core	1	1.0	1.0	320.41425340577746	476.84255836194166	-0.57357319903883	0	0
68	k16_a0e834c5	HSat3	G7_enriched	G2	all_available	1	1.0	1.0	196.34051627166696	218.40945943171113	-0.15367668507400564	0	0
68	k16_a0e834c5	HSat3	G7_enriched	G2	core	2	1.0	1.0	2284.6728243606876	2774.0308426375896	-0.27999613721927685	0	0
68	k16_a0e834c5	HSat3	G7_enriched	G2	all_available	2	1.0	1.0	3995.069277017392	3956.7483576785394	0.013905201783417408	0	0
68	k16_a0e834c5	HSat3	G7_enriched	G3	core	0	0.0	0.5833333333333334	0.0	4.598577539010478	-12.167285643578804	0	0
68	k16_a0e834c5	HSat3	G7_enriched	G3	all_available	0	0.7285714285714285	0.8844086021505376	1.9031565676738489	2.994095389430046	-0.6534498435730132	0	0
68	k16_a0e834c5	HSat3	G7_enriched	G3	core	1	1.0	1.0	313.0400155295981	481.5281409041281	-0.6212714133262198	0	0
68	k16_a0e834c5	HSat3	G7_enriched	G3	all_available	1	1.0	1.0	195.5379502503784	219.63665615627826	-0.167669408053259	0	0
68	k16_a0e834c5	HSat3	G7_enriched	G3	core	2	1.0	1.0	2378.8317199138896	2783.58866520557	-0.22669273148708569	0	0
68	k16_a0e834c5	HSat3	G7_enriched	G3	all_available	2	1.0	1.0	3985.08864370361	3959.027417042215	0.009465754928843594	0	0
68	k16_a0e834c5	HSat3	G7_enriched	G4	core	0	0.1794871794871795	0.5210918114143921	1.4648222926421977	3.9908476560421433	-1.4453464525211297	0	0
68	k16_a0e834c5	HSat3	G7_enriched	G4	all_available	0	0.717948717948718	0.8734491315136477	2.0743354710743254	2.9039585876145684	-0.48517303490191194	0	0
68	k16_a0e834c5	HSat3	G7_enriched	G4	core	1	1.0	1.0	430.1946366640209	448.1518547438111	-0.05899799463444948	0	0
68	k16_a0e834c5	HSat3	G7_enriched	G4	all_available	1	1.0	1.0	222.5707987112091	214.17226747415864	0.05549238740508538	0	0
68	k16_a0e834c5	HSat3	G7_enriched	G4	core	2	1.0	1.0	2656.695427503331	2720.6796576235797	-0.034334243938031625	0	0
68	k16_a0e834c5	HSat3	G7_enriched	G4	all_available	2	1.0	1.0	3908.069332908005	3971.2546060072386	-0.023138790026319897	0	0
68	k16_a0e834c5	HSat3	G7_enriched	G5	core	0	0.851063829787234	0.4481012658227848	5.210602418009	1.4857899053452777	1.8095262299122137	0	0
68	k16_a0e834c5	HSat3	G7_enriched	G5	all_available	0	0.9148936170212766	0.8531645569620253	2.955019732578826	2.845580012831824	0.05442624790592891	0	0
68	k16_a0e834c5	HSat3	G7_enriched	G5	core	1	1.0	1.0	481.28650802540164	408.4270939879532	0.23681687183632946	0	0
68	k16_a0e834c5	HSat3	G7_enriched	G5	all_available	1	1.0	1.0	225.20040462327304	213.20526647907516	0.0789659839300776	0	0
68	k16_a0e834c5	HSat3	G7_enriched	G5	core	2	1.0	1.0	2848.947398648433	2649.4488010001132	0.10473669823348321	0	0
68	k16_a0e834c5	HSat3	G7_enriched	G5	all_available	2	1.0	1.0	3993.87264904908	3956.0683721932883	0.013720967233259117	0	0
68	k16_a0e834c5	HSat3	G7_enriched	G6	core	0	1.0	0.43037974683544306	6.905586416305308	1.3698774005389098	2.3328732793691676	1	0
68	k16_a0e834c5	HSat3	G7_enriched	G6	all_available	0	1.0	0.8430379746835444	4.040747798746515	2.7080952055980956	0.5771682067244082	0	0
68	k16_a0e834c5	HSat3	G7_enriched	G6	core	1	1.0	1.0	574.1199983146663	388.76543910726883	0.5624511414088642	0	0
68	k16_a0e834c5	HSat3	G7_enriched	G6	all_available	1	1.0	1.0	236.6972809399852	210.8159279403529	0.16705851277305053	0	0
68	k16_a0e834c5	HSat3	G7_enriched	G6	core	2	1.0	1.0	2860.6408019360374	2630.554188204493	0.12097154282852714	0	0
68	k16_a0e834c5	HSat3	G7_enriched	G6	all_available	2	1.0	1.0	3952.621561663969	3970.2268360704293	-0.0064116025442474914	0	0
68	k16_a0e834c5	HSat3	G7_enriched	G7	core	0	0.9761904761904762	0.2974683544303797	5.949342177212225	0.0	12.538756918321813	1	0
68	k16_a0e834c5	HSat3	G7_enriched	G7	all_available	0	1.0	0.8037974683544303	3.3723332498421916	2.482935565817595	0.44154709847596085	0	0
68	k16_a0e834c5	HSat3	G7_enriched	G7	core	1	1.0	1.0	515.5826716897047	338.6323879323287	0.6064823505445861	0	0
68	k16_a0e834c5	HSat3	G7_enriched	G7	all_available	1	1.0	1.0	233.4226756807072	205.16297720278618	0.1861734540021404	0	0
68	k16_a0e834c5	HSat3	G7_enriched	G7	core	2	1.0	1.0	2851.3266384982135	2472.0199292928187	0.2059428672333578	0	0
68	k16_a0e834c5	HSat3	G7_enriched	G7	all_available	2	1.0	1.0	3977.8884610045507	3955.753806232874	0.008050181846330847	0	0
70	k16_c1fd4350	HSat3	G1_specific	G1	core	0	1.0	0.15926892950391644	28.59218922387074	0.0	14.803383923647731	1	1
70	k16_c1fd4350	HSat3	G1_specific	G1	all_available	0	1.0	0.15926892950391644	4.543077914595893	0.0	12.149771856748831	1	1
70	k16_c1fd4350	HSat3	G1_specific	G1	core	1	1.0	0.97911227154047	32.67384527803243	15.808378365255592	1.0473997634543966	0	0
70	k16_c1fd4350	HSat3	G1_specific	G1	all_available	1	1.0	0.97911227154047	5.223995359226409	2.4725312333462206	1.078857639249827	0	0
70	k16_c1fd4350	HSat3	G1_specific	G1	core	2	1.0	1.0	56.22305193124469	43.80894776560235	0.3599289344589493	0	0
70	k16_c1fd4350	HSat3	G1_specific	G1	all_available	2	1.0	1.0	10.756439956979332	8.50309521711749	0.33910513247739305	0	0
70	k16_c1fd4350	HSat3	G1_specific	G2	core	0	0.09259259259259259	0.2963917525773196	1.5185162008926256	0.0	10.569396341439273	0	0
70	k16_c1fd4350	HSat3	G1_specific	G2	all_available	0	0.09259259259259259	0.2963917525773196	0.19546114897722158	0.0	7.618100231420894	0	0
70	k16_c1fd4350	HSat3	G1_specific	G2	core	1	0.9444444444444444	0.9871134020618557	6.906378806379488	16.652312358363233	-1.2695989096171127	0	0
70	k16_c1fd4350	HSat3	G1_specific	G2	all_available	1	0.9444444444444444	0.9871134020618557	0.8575379104166481	2.7051464470470226	-1.6562861692042636	0	0
70	k16_c1fd4350	HSat3	G1_specific	G2	core	2	1.0	1.0	39.09492865432502	45.89921513739186	-0.23148253872015342	0	0
70	k16_c1fd4350	HSat3	G1_specific	G2	all_available	2	1.0	1.0	6.319813680034657	9.0143734943094	-0.5122769728571561	0	0
70	k16_c1fd4350	HSat3	G1_specific	G3	core	0	0.0	0.3225806451612903	0.0	1.3696238049313978	-10.42061693365285	0	0
70	k16_c1fd4350	HSat3	G1_specific	G3	all_available	0	0.0	0.3225806451612903	0.0	0.17800069407301414	-7.483821371307576	0	0
70	k16_c1fd4350	HSat3	G1_specific	G3	core	1	1.0	0.978494623655914	18.343904626983736	15.680662552610407	0.22630088370037257	0	0
70	k16_c1fd4350	HSat3	G1_specific	G3	all_available	1	1.0	0.978494623655914	2.5141093685386635	2.624350982262521	-0.06188917265273763	0	0
70	k16_c1fd4350	HSat3	G1_specific	G3	core	2	1.0	1.0	51.63216046770826	43.464345165177306	0.2484323068920175	0	0
70	k16_c1fd4350	HSat3	G1_specific	G3	all_available	2	1.0	1.0	8.601227750128515	8.713773702571519	-0.01875287405562486	0	0
70	k16_c1fd4350	HSat3	G1_specific	G4	core	0	0.23076923076923078	0.27543424317617865	1.203159014307967	0.9499878876544324	0.34052704738427947	0	0
70	k16_c1fd4350	HSat3	G1_specific	G4	all_available	0	0.23076923076923078	0.27543424317617865	0.16245543373624266	0.10666012105354886	0.6024133846571263	0	0
70	k16_c1fd4350	HSat3	G1_specific	G4	core	1	1.0	0.9801488833746899	14.643995321243494	16.368501127957607	-0.16060262302974876	0	0
70	k16_c1fd4350	HSat3	G1_specific	G4	all_available	1	1.0	0.9801488833746899	2.5026288030051567	2.612280479808751	-0.061841296468179624	0	0
70	k16_c1fd4350	HSat3	G1_specific	G4	core	2	1.0	1.0	44.68688003206784	45.22979908246914	-0.01742187825319932	0	0
70	k16_c1fd4350	HSat3	G1_specific	G4	all_available	2	1.0	1.0	9.71258321166287	8.646833450982673	0.16766484643067203	0	0
70	k16_c1fd4350	HSat3	G1_specific	G5	core	0	1.0	0.1848101265822785	20.814960944336544	0.0	14.345402539883397	1	1
70	k16_c1fd4350	HSat3	G1_specific	G5	all_available	0	1.0	0.1848101265822785	3.697752061735674	0.0	11.852822880259723	1	1
70	k16_c1fd4350	HSat3	G1_specific	G5	core	1	1.0	0.979746835443038	24.213321914840474	16.168116737762386	0.5826197314456465	0	0
70	k16_c1fd4350	HSat3	G1_specific	G5	all_available	1	1.0	0.979746835443038	4.561474007743645	2.5485986648780643	0.8395461711723369	0	0
70	k16_c1fd4350	HSat3	G1_specific	G5	core	2	1.0	1.0	50.40562783417098	44.389933109220124	0.18334840753748385	0	0
70	k16_c1fd4350	HSat3	G1_specific	G5	all_available	2	1.0	1.0	9.431345146224697	8.613567108010697	0.13083820887931943	0	0
70	k16_c1fd4350	HSat3	G1_specific	G6	core	0	0.0	0.3037974683544304	1.3168030655175365	0.0	10.363919072588049	0	0
70	k16_c1fd4350	HSat3	G1_specific	G6	all_available	0	0.0	0.3037974683544304	0.19158550093701274	0.0	7.589355281774065	0	0
70	k16_c1fd4350	HSat3	G1_specific	G6	core	1	0.8936170212765957	0.9924050632911392	5.622582540515727	16.721830531517924	-1.5722576539559896	0	0
70	k16_c1fd4350	HSat3	G1_specific	G6	all_available	1	0.8936170212765957	0.9924050632911392	0.8539874579460446	2.7571843339482056	-1.6897437157686799	0	0
70	k16_c1fd4350	HSat3	G1_specific	G6	core	2	1.0	1.0	31.660097196498395	46.01323385496628	-0.5393689555137757	0	0
70	k16_c1fd4350	HSat3	G1_specific	G6	all_available	2	1.0	1.0	6.453739115497562	9.055126501349214	-0.48853532416586015	0	0
70	k16_c1fd4350	HSat3	G1_specific	G7	core	0	0.0	0.379746835443038	0.0	1.515877700456116	-10.566889056431526	0	0
70	k16_c1fd4350	HSat3	G1_specific	G7	all_available	0	0.0	0.379746835443038	0.0	0.21400744451729026	-7.748242802995218	0	0
70	k16_c1fd4350	HSat3	G1_specific	G7	core	1	1.0	0.9746835443037974	16.081874769770835	16.631981090413994	-0.04852145531720424	0	0
70	k16_c1fd4350	HSat3	G1_specific	G7	all_available	1	1.0	0.9746835443037974	2.6880527794129763	2.4766622267304497	0.11811854999341434	0	0
70	k16_c1fd4350	HSat3	G1_specific	G7	core	2	1.0	1.0	43.42436129553472	47.647980848707356	-0.1339075049542692	0	0
70	k16_c1fd4350	HSat3	G1_specific	G7	all_available	2	1.0	1.0	8.873690686295376	8.622998553060164	0.04133990142834514	0	0
