query_index	kmer_id	region	exact_distance	query_position_1based	weighted_count
0	k16_00c14d34	HSat2	1	1	18094
0	k16_00c14d34	HSat2	1	2	2154
0	k16_00c14d34	HSat2	1	3	23118
0	k16_00c14d34	HSat2	1	4	89607
0	k16_00c14d34	HSat2	1	5	3789
0	k16_00c14d34	HSat2	1	6	129684
0	k16_00c14d34	HSat2	1	7	7317
0	k16_00c14d34	HSat2	1	8	210311
0	k16_00c14d34	HSat2	1	9	48717
0	k16_00c14d34	HSat2	1	10	4833
0	k16_00c14d34	HSat2	1	11	6895
0	k16_00c14d34	HSat2	1	12	15596
0	k16_00c14d34	HSat2	1	13	6912
0	k16_00c14d34	HSat2	1	14	5618
0	k16_00c14d34	HSat2	1	15	18205
0	k16_00c14d34	HSat2	1	16	6221
0	k16_00c14d34	HSat2	2	1	4916
0	k16_00c14d34	HSat2	2	2	2380
0	k16_00c14d34	HSat2	2	3	39227
0	k16_00c14d34	HSat2	2	4	123841
0	k16_00c14d34	HSat2	2	5	71562
0	k16_00c14d34	HSat2	2	6	27961
0	k16_00c14d34	HSat2	2	7	1728
0	k16_00c14d34	HSat2	2	8	232692
0	k16_00c14d34	HSat2	2	9	7628
0	k16_00c14d34	HSat2	2	10	951
0	k16_00c14d34	HSat2	2	11	4096
0	k16_00c14d34	HSat2	2	12	5480
0	k16_00c14d34	HSat2	2	13	3309
0	k16_00c14d34	HSat2	2	14	1314
0	k16_00c14d34	HSat2	2	15	3600
0	k16_00c14d34	HSat2	2	16	1521
0	k16_00c14d34	HSat3	1	1	0
0	k16_00c14d34	HSat3	1	2	0
0	k16_00c14d34	HSat3	1	3	0
0	k16_00c14d34	HSat3	1	4	0
0	k16_00c14d34	HSat3	1	5	0
0	k16_00c14d34	HSat3	1	6	0
0	k16_00c14d34	HSat3	1	7	0
0	k16_00c14d34	HSat3	1	8	0
0	k16_00c14d34	HSat3	1	9	0
0	k16_00c14d34	HSat3	1	10	0
0	k16_00c14d34	HSat3	1	11	0
0	k16_00c14d34	HSat3	1	12	0
0	k16_00c14d34	HSat3	1	13	0
0	k16_00c14d34	HSat3	1	14	0
0	k16_00c14d34	HSat3	1	15	0
0	k16_00c14d34	HSat3	1	16	0
0	k16_00c14d34	HSat3	2	1	0
0	k16_00c14d34	HSat3	2	2	0
0	k16_00c14d34	HSat3	2	3	0
0	k16_00c14d34	HSat3	2	4	0
0	k16_00c14d34	HSat3	2	5	0
0	k16_00c14d34	HSat3	2	6	0
0	k16_00c14d34	HSat3	2	7	0
0	k16_00c14d34	HSat3	2	8	0
0	k16_00c14d34	HSat3	2	9	0
0	k16_00c14d34	HSat3	2	10	0
0	k16_00c14d34	HSat3	2	11	0
0	k16_00c14d34	HSat3	2	12	0
0	k16_00c14d34	HSat3	2	13	0
0	k16_00c14d34	HSat3	2	14	0
0	k16_00c14d34	HSat3	2	15	0
0	k16_00c14d34	HSat3	2	16	0
0	k16_00c14d34	HSat23	1	1	18094
0	k16_00c14d34	HSat23	1	2	2154
0	k16_00c14d34	HSat23	1	3	23118
0	k16_00c14d34	HSat23	1	4	89607
0	k16_00c14d34	HSat23	1	5	3789
0	k16_00c14d34	HSat23	1	6	129684
0	k16_00c14d34	HSat23	1	7	7317
0	k16_00c14d34	HSat23	1	8	210311
0	k16_00c14d34	HSat23	1	9	48717
0	k16_00c14d34	HSat23	1	10	4833
0	k16_00c14d34	HSat23	1	11	6895
0	k16_00c14d34	HSat23	1	12	15596
0	k16_00c14d34	HSat23	1	13	6912
0	k16_00c14d34	HSat23	1	14	5618
0	k16_00c14d34	HSat23	1	15	18205
0	k16_00c14d34	HSat23	1	16	6221
0	k16_00c14d34	HSat23	2	1	4916
0	k16_00c14d34	HSat23	2	2	2380
0	k16_00c14d34	HSat23	2	3	39227
0	k16_00c14d34	HSat23	2	4	123841
0	k16_00c14d34	HSat23	2	5	71562
0	k16_00c14d34	HSat23	2	6	27961
0	k16_00c14d34	HSat23	2	7	1728
0	k16_00c14d34	HSat23	2	8	232692
0	k16_00c14d34	HSat23	2	9	7628
0	k16_00c14d34	HSat23	2	10	951
0	k16_00c14d34	HSat23	2	11	4096
0	k16_00c14d34	HSat23	2	12	5480
0	k16_00c14d34	HSat23	2	13	3309
0	k16_00c14d34	HSat23	2	14	1314
0	k16_00c14d34	HSat23	2	15	3600
0	k16_00c14d34	HSat23	2	16	1521
0	k16_00c14d34	background	1	1	6776
0	k16_00c14d34	background	1	2	8926
0	k16_00c14d34	background	1	3	4019
0	k16_00c14d34	background	1	4	8604
0	k16_00c14d34	background	1	5	10926
0	k16_00c14d34	background	1	6	14891
0	k16_00c14d34	background	1	7	5876
0	k16_00c14d34	background	1	8	34944
0	k16_00c14d34	background	1	9	7817
0	k16_00c14d34	background	1	10	3527
0	k16_00c14d34	background	1	11	11799
0	k16_00c14d34	background	1	12	16072
0	k16_00c14d34	background	1	13	5053
0	k16_00c14d34	background	1	14	6248
0	k16_00c14d34	background	1	15	21902
0	k16_00c14d34	background	1	16	6665
0	k16_00c14d34	background	2	1	232499
0	k16_00c14d34	background	2	2	392154
0	k16_00c14d34	background	2	3	294631
0	k16_00c14d34	background	2	4	303637
0	k16_00c14d34	background	2	5	468131
0	k16_00c14d34	background	2	6	586061
0	k16_00c14d34	background	2	7	431803
0	k16_00c14d34	background	2	8	978530
0	k16_00c14d34	background	2	9	462554
0	k16_00c14d34	background	2	10	193263
0	k16_00c14d34	background	2	11	426235
0	k16_00c14d34	background	2	12	546550
0	k16_00c14d34	background	2	13	219993
0	k16_00c14d34	background	2	14	367440
0	k16_00c14d34	background	2	15	568564
0	k16_00c14d34	background	2	16	208277
1	k16_0320c806	HSat2	1	1	0
1	k16_0320c806	HSat2	1	2	0
1	k16_0320c806	HSat2	1	3	0
1	k16_0320c806	HSat2	1	4	0
1	k16_0320c806	HSat2	1	5	0
1	k16_0320c806	HSat2	1	6	0
1	k16_0320c806	HSat2	1	7	0
1	k16_0320c806	HSat2	1	8	0
1	k16_0320c806	HSat2	1	9	0
1	k16_0320c806	HSat2	1	10	3
1	k16_0320c806	HSat2	1	11	0
1	k16_0320c806	HSat2	1	12	0
1	k16_0320c806	HSat2	1	13	0
1	k16_0320c806	HSat2	1	14	0
1	k16_0320c806	HSat2	1	15	3
1	k16_0320c806	HSat2	1	16	0
1	k16_0320c806	HSat2	2	1	6020
1	k16_0320c806	HSat2	2	2	775
1	k16_0320c806	HSat2	2	3	0
1	k16_0320c806	HSat2	2	4	0
1	k16_0320c806	HSat2	2	5	25804
1	k16_0320c806	HSat2	2	6	6
1	k16_0320c806	HSat2	2	7	0
1	k16_0320c806	HSat2	2	8	3584
1	k16_0320c806	HSat2	2	9	1432
1	k16_0320c806	HSat2	2	10	16727
1	k16_0320c806	HSat2	2	11	39
1	k16_0320c806	HSat2	2	12	0
1	k16_0320c806	HSat2	2	13	0
1	k16_0320c806	HSat2	2	14	13584
1	k16_0320c806	HSat2	2	15	40200
1	k16_0320c806	HSat2	2	16	1671
1	k16_0320c806	HSat3	1	1	442
1	k16_0320c806	HSat3	1	2	0
1	k16_0320c806	HSat3	1	3	3
1	k16_0320c806	HSat3	1	4	10
1	k16_0320c806	HSat3	1	5	459
1	k16_0320c806	HSat3	1	6	2
1	k16_0320c806	HSat3	1	7	8
1	k16_0320c806	HSat3	1	8	1
1	k16_0320c806	HSat3	1	9	1
1	k16_0320c806	HSat3	1	10	1092
1	k16_0320c806	HSat3	1	11	21
1	k16_0320c806	HSat3	1	12	0
1	k16_0320c806	HSat3	1	13	965
1	k16_0320c806	HSat3	1	14	844
1	k16_0320c806	HSat3	1	15	24930
1	k16_0320c806	HSat3	1	16	400
1	k16_0320c806	HSat3	2	1	35577
1	k16_0320c806	HSat3	2	2	1171
1	k16_0320c806	HSat3	2	3	5452
1	k16_0320c806	HSat3	2	4	2676
1	k16_0320c806	HSat3	2	5	64897
1	k16_0320c806	HSat3	2	6	1510
1	k16_0320c806	HSat3	2	7	218
1	k16_0320c806	HSat3	2	8	87
1	k16_0320c806	HSat3	2	9	2932
1	k16_0320c806	HSat3	2	10	83363
1	k16_0320c806	HSat3	2	11	1056
1	k16_0320c806	HSat3	2	12	9
1	k16_0320c806	HSat3	2	13	4730
1	k16_0320c806	HSat3	2	14	62837
1	k16_0320c806	HSat3	2	15	68878
1	k16_0320c806	HSat3	2	16	6461
1	k16_0320c806	HSat23	1	1	442
1	k16_0320c806	HSat23	1	2	0
1	k16_0320c806	HSat23	1	3	3
1	k16_0320c806	HSat23	1	4	10
1	k16_0320c806	HSat23	1	5	459
1	k16_0320c806	HSat23	1	6	2
1	k16_0320c806	HSat23	1	7	8
1	k16_0320c806	HSat23	1	8	1
1	k16_0320c806	HSat23	1	9	1
1	k16_0320c806	HSat23	1	10	1095
1	k16_0320c806	HSat23	1	11	21
1	k16_0320c806	HSat23	1	12	0
1	k16_0320c806	HSat23	1	13	965
1	k16_0320c806	HSat23	1	14	844
1	k16_0320c806	HSat23	1	15	24933
1	k16_0320c806	HSat23	1	16	400
1	k16_0320c806	HSat23	2	1	41597
1	k16_0320c806	HSat23	2	2	1946
1	k16_0320c806	HSat23	2	3	5452
1	k16_0320c806	HSat23	2	4	2676
1	k16_0320c806	HSat23	2	5	90701
1	k16_0320c806	HSat23	2	6	1516
1	k16_0320c806	HSat23	2	7	218
1	k16_0320c806	HSat23	2	8	3671
1	k16_0320c806	HSat23	2	9	4364
1	k16_0320c806	HSat23	2	10	100090
1	k16_0320c806	HSat23	2	11	1095
1	k16_0320c806	HSat23	2	12	9
1	k16_0320c806	HSat23	2	13	4730
1	k16_0320c806	HSat23	2	14	76421
1	k16_0320c806	HSat23	2	15	109078
1	k16_0320c806	HSat23	2	16	8132
1	k16_0320c806	background	1	1	516
1	k16_0320c806	background	1	2	957
1	k16_0320c806	background	1	3	1261
1	k16_0320c806	background	1	4	1434
1	k16_0320c806	background	1	5	1025
1	k16_0320c806	background	1	6	3125
1	k16_0320c806	background	1	7	372
1	k16_0320c806	background	1	8	0
1	k16_0320c806	background	1	9	0
1	k16_0320c806	background	1	10	1873
1	k16_0320c806	background	1	11	1807
1	k16_0320c806	background	1	12	1036
1	k16_0320c806	background	1	13	0
1	k16_0320c806	background	1	14	945
1	k16_0320c806	background	1	15	33803
1	k16_0320c806	background	1	16	26494
1	k16_0320c806	background	2	1	103541
1	k16_0320c806	background	2	2	79065
1	k16_0320c806	background	2	3	80600
1	k16_0320c806	background	2	4	323657
1	k16_0320c806	background	2	5	107796
1	k16_0320c806	background	2	6	437805
1	k16_0320c806	background	2	7	83532
1	k16_0320c806	background	2	8	95188
1	k16_0320c806	background	2	9	414924
1	k16_0320c806	background	2	10	94090
1	k16_0320c806	background	2	11	297347
1	k16_0320c806	background	2	12	68528
1	k16_0320c806	background	2	13	88111
1	k16_0320c806	background	2	14	118899
1	k16_0320c806	background	2	15	1114226
1	k16_0320c806	background	2	16	766975
2	k16_0534d0fa	HSat2	1	1	87794
2	k16_0534d0fa	HSat2	1	2	7008
2	k16_0534d0fa	HSat2	1	3	223347
2	k16_0534d0fa	HSat2	1	4	49983
2	k16_0534d0fa	HSat2	1	5	4598
2	k16_0534d0fa	HSat2	1	6	8395
2	k16_0534d0fa	HSat2	1	7	14957
2	k16_0534d0fa	HSat2	1	8	7028
2	k16_0534d0fa	HSat2	1	9	5247
2	k16_0534d0fa	HSat2	1	10	17419
2	k16_0534d0fa	HSat2	1	11	5956
2	k16_0534d0fa	HSat2	1	12	78502
2	k16_0534d0fa	HSat2	1	13	74925
2	k16_0534d0fa	HSat2	1	14	3545
2	k16_0534d0fa	HSat2	1	15	20876
2	k16_0534d0fa	HSat2	1	16	29019
2	k16_0534d0fa	HSat2	2	1	79559
2	k16_0534d0fa	HSat2	2	2	7183
2	k16_0534d0fa	HSat2	2	3	17123769
2	k16_0534d0fa	HSat2	2	4	47697
2	k16_0534d0fa	HSat2	2	5	4116
2	k16_0534d0fa	HSat2	2	6	44593
2	k16_0534d0fa	HSat2	2	7	12964
2	k16_0534d0fa	HSat2	2	8	96248
2	k16_0534d0fa	HSat2	2	9	3503
2	k16_0534d0fa	HSat2	2	10	15476
2	k16_0534d0fa	HSat2	2	11	435685
2	k16_0534d0fa	HSat2	2	12	35148
2	k16_0534d0fa	HSat2	2	13	16858198
2	k16_0534d0fa	HSat2	2	14	29710
2	k16_0534d0fa	HSat2	2	15	6215
2	k16_0534d0fa	HSat2	2	16	52218
2	k16_0534d0fa	HSat3	1	1	0
2	k16_0534d0fa	HSat3	1	2	0
2	k16_0534d0fa	HSat3	1	3	0
2	k16_0534d0fa	HSat3	1	4	0
2	k16_0534d0fa	HSat3	1	5	0
2	k16_0534d0fa	HSat3	1	6	0
2	k16_0534d0fa	HSat3	1	7	0
2	k16_0534d0fa	HSat3	1	8	0
2	k16_0534d0fa	HSat3	1	9	0
2	k16_0534d0fa	HSat3	1	10	0
2	k16_0534d0fa	HSat3	1	11	0
2	k16_0534d0fa	HSat3	1	12	0
2	k16_0534d0fa	HSat3	1	13	0
2	k16_0534d0fa	HSat3	1	14	0
2	k16_0534d0fa	HSat3	1	15	0
2	k16_0534d0fa	HSat3	1	16	0
2	k16_0534d0fa	HSat3	2	1	0
2	k16_0534d0fa	HSat3	2	2	0
2	k16_0534d0fa	HSat3	2	3	4237
2	k16_0534d0fa	HSat3	2	4	0
2	k16_0534d0fa	HSat3	2	5	0
2	k16_0534d0fa	HSat3	2	6	0
2	k16_0534d0fa	HSat3	2	7	0
2	k16_0534d0fa	HSat3	2	8	0
2	k16_0534d0fa	HSat3	2	9	0
2	k16_0534d0fa	HSat3	2	10	0
2	k16_0534d0fa	HSat3	2	11	0
2	k16_0534d0fa	HSat3	2	12	0
2	k16_0534d0fa	HSat3	2	13	4236
2	k16_0534d0fa	HSat3	2	14	0
2	k16_0534d0fa	HSat3	2	15	0
2	k16_0534d0fa	HSat3	2	16	1
2	k16_0534d0fa	HSat23	1	1	87794
2	k16_0534d0fa	HSat23	1	2	7008
2	k16_0534d0fa	HSat23	1	3	223347
2	k16_0534d0fa	HSat23	1	4	49983
2	k16_0534d0fa	HSat23	1	5	4598
2	k16_0534d0fa	HSat23	1	6	8395
2	k16_0534d0fa	HSat23	1	7	14957
2	k16_0534d0fa	HSat23	1	8	7028
2	k16_0534d0fa	HSat23	1	9	5247
2	k16_0534d0fa	HSat23	1	10	17419
2	k16_0534d0fa	HSat23	1	11	5956
2	k16_0534d0fa	HSat23	1	12	78502
2	k16_0534d0fa	HSat23	1	13	74925
2	k16_0534d0fa	HSat23	1	14	3545
2	k16_0534d0fa	HSat23	1	15	20876
2	k16_0534d0fa	HSat23	1	16	29019
2	k16_0534d0fa	HSat23	2	1	79559
2	k16_0534d0fa	HSat23	2	2	7183
2	k16_0534d0fa	HSat23	2	3	17128219
2	k16_0534d0fa	HSat23	2	4	47697
2	k16_0534d0fa	HSat23	2	5	4116
2	k16_0534d0fa	HSat23	2	6	44593
2	k16_0534d0fa	HSat23	2	7	12964
2	k16_0534d0fa	HSat23	2	8	96248
2	k16_0534d0fa	HSat23	2	9	3503
2	k16_0534d0fa	HSat23	2	10	15476
2	k16_0534d0fa	HSat23	2	11	435685
2	k16_0534d0fa	HSat23	2	12	35148
2	k16_0534d0fa	HSat23	2	13	16862647
2	k16_0534d0fa	HSat23	2	14	29710
2	k16_0534d0fa	HSat23	2	15	6215
2	k16_0534d0fa	HSat23	2	16	52219
2	k16_0534d0fa	background	1	1	1198
2	k16_0534d0fa	background	1	2	595
2	k16_0534d0fa	background	1	3	2468
2	k16_0534d0fa	background	1	4	623
2	k16_0534d0fa	background	1	5	532
2	k16_0534d0fa	background	1	6	1251
2	k16_0534d0fa	background	1	7	1088
2	k16_0534d0fa	background	1	8	3
2	k16_0534d0fa	background	1	9	779
2	k16_0534d0fa	background	1	10	8806
2	k16_0534d0fa	background	1	11	3396
2	k16_0534d0fa	background	1	12	3662
2	k16_0534d0fa	background	1	13	1344
2	k16_0534d0fa	background	1	14	712
2	k16_0534d0fa	background	1	15	879
2	k16_0534d0fa	background	1	16	1042
2	k16_0534d0fa	background	2	1	80571
2	k16_0534d0fa	background	2	2	66231
2	k16_0534d0fa	background	2	3	131256
2	k16_0534d0fa	background	2	4	53501
2	k16_0534d0fa	background	2	5	50449
2	k16_0534d0fa	background	2	6	61597
2	k16_0534d0fa	background	2	7	112646
2	k16_0534d0fa	background	2	8	42031
2	k16_0534d0fa	background	2	9	65828
2	k16_0534d0fa	background	2	10	157088
2	k16_0534d0fa	background	2	11	48412
2	k16_0534d0fa	background	2	12	142752
2	k16_0534d0fa	background	2	13	182896
2	k16_0534d0fa	background	2	14	43313
2	k16_0534d0fa	background	2	15	79874
2	k16_0534d0fa	background	2	16	86827
3	k16_0560c43a	HSat2	1	1	0
3	k16_0560c43a	HSat2	1	2	0
3	k16_0560c43a	HSat2	1	3	0
3	k16_0560c43a	HSat2	1	4	0
3	k16_0560c43a	HSat2	1	5	0
3	k16_0560c43a	HSat2	1	6	0
3	k16_0560c43a	HSat2	1	7	0
3	k16_0560c43a	HSat2	1	8	0
3	k16_0560c43a	HSat2	1	9	0
3	k16_0560c43a	HSat2	1	10	0
3	k16_0560c43a	HSat2	1	11	0
3	k16_0560c43a	HSat2	1	12	0
3	k16_0560c43a	HSat2	1	13	0
3	k16_0560c43a	HSat2	1	14	0
3	k16_0560c43a	HSat2	1	15	0
3	k16_0560c43a	HSat2	1	16	0
3	k16_0560c43a	HSat2	2	1	0
3	k16_0560c43a	HSat2	2	2	0
3	k16_0560c43a	HSat2	2	3	835
3	k16_0560c43a	HSat2	2	4	0
3	k16_0560c43a	HSat2	2	5	830
3	k16_0560c43a	HSat2	2	6	0
3	k16_0560c43a	HSat2	2	7	0
3	k16_0560c43a	HSat2	2	8	0
3	k16_0560c43a	HSat2	2	9	0
3	k16_0560c43a	HSat2	2	10	11
3	k16_0560c43a	HSat2	2	11	8
3	k16_0560c43a	HSat2	2	12	0
3	k16_0560c43a	HSat2	2	13	0
3	k16_0560c43a	HSat2	2	14	0
3	k16_0560c43a	HSat2	2	15	1
3	k16_0560c43a	HSat2	2	16	1
3	k16_0560c43a	HSat3	1	1	4218
3	k16_0560c43a	HSat3	1	2	5577
3	k16_0560c43a	HSat3	1	3	18533
3	k16_0560c43a	HSat3	1	4	38232
3	k16_0560c43a	HSat3	1	5	41589
3	k16_0560c43a	HSat3	1	6	37427
3	k16_0560c43a	HSat3	1	7	5444
3	k16_0560c43a	HSat3	1	8	1589883
3	k16_0560c43a	HSat3	1	9	9361
3	k16_0560c43a	HSat3	1	10	128432
3	k16_0560c43a	HSat3	1	11	5505261
3	k16_0560c43a	HSat3	1	12	5854
3	k16_0560c43a	HSat3	1	13	16278
3	k16_0560c43a	HSat3	1	14	29058
3	k16_0560c43a	HSat3	1	15	7930
3	k16_0560c43a	HSat3	1	16	137094
3	k16_0560c43a	HSat3	2	1	153827
3	k16_0560c43a	HSat3	2	2	59325
3	k16_0560c43a	HSat3	2	3	980078
3	k16_0560c43a	HSat3	2	4	751448
3	k16_0560c43a	HSat3	2	5	695135
3	k16_0560c43a	HSat3	2	6	511795
3	k16_0560c43a	HSat3	2	7	63677
3	k16_0560c43a	HSat3	2	8	6759024
3	k16_0560c43a	HSat3	2	9	148833
3	k16_0560c43a	HSat3	2	10	10940874
3	k16_0560c43a	HSat3	2	11	8283556
3	k16_0560c43a	HSat3	2	12	28392
3	k16_0560c43a	HSat3	2	13	118665
3	k16_0560c43a	HSat3	2	14	223735
3	k16_0560c43a	HSat3	2	15	160474
3	k16_0560c43a	HSat3	2	16	267538
3	k16_0560c43a	HSat23	1	1	4218
3	k16_0560c43a	HSat23	1	2	5577
3	k16_0560c43a	HSat23	1	3	18533
3	k16_0560c43a	HSat23	1	4	38232
3	k16_0560c43a	HSat23	1	5	41589
3	k16_0560c43a	HSat23	1	6	37427
3	k16_0560c43a	HSat23	1	7	5444
3	k16_0560c43a	HSat23	1	8	1589883
3	k16_0560c43a	HSat23	1	9	9361
3	k16_0560c43a	HSat23	1	10	128432
3	k16_0560c43a	HSat23	1	11	5505261
3	k16_0560c43a	HSat23	1	12	5854
3	k16_0560c43a	HSat23	1	13	16278
3	k16_0560c43a	HSat23	1	14	29058
3	k16_0560c43a	HSat23	1	15	7930
3	k16_0560c43a	HSat23	1	16	137094
3	k16_0560c43a	HSat23	2	1	153827
3	k16_0560c43a	HSat23	2	2	59325
3	k16_0560c43a	HSat23	2	3	980913
3	k16_0560c43a	HSat23	2	4	751448
3	k16_0560c43a	HSat23	2	5	695965
3	k16_0560c43a	HSat23	2	6	511795
3	k16_0560c43a	HSat23	2	7	63677
3	k16_0560c43a	HSat23	2	8	6759024
3	k16_0560c43a	HSat23	2	9	148833
3	k16_0560c43a	HSat23	2	10	10940885
3	k16_0560c43a	HSat23	2	11	8283564
3	k16_0560c43a	HSat23	2	12	28392
3	k16_0560c43a	HSat23	2	13	118665
3	k16_0560c43a	HSat23	2	14	223735
3	k16_0560c43a	HSat23	2	15	160475
3	k16_0560c43a	HSat23	2	16	267539
3	k16_0560c43a	background	1	1	0
3	k16_0560c43a	background	1	2	0
3	k16_0560c43a	background	1	3	560
3	k16_0560c43a	background	1	4	3
3	k16_0560c43a	background	1	5	2263
3	k16_0560c43a	background	1	6	6722
3	k16_0560c43a	background	1	7	403
3	k16_0560c43a	background	1	8	10
3	k16_0560c43a	background	1	9	545
3	k16_0560c43a	background	1	10	407
3	k16_0560c43a	background	1	11	47
3	k16_0560c43a	background	1	12	0
3	k16_0560c43a	background	1	13	775
3	k16_0560c43a	background	1	14	381
3	k16_0560c43a	background	1	15	0
3	k16_0560c43a	background	1	16	469
3	k16_0560c43a	background	2	1	11210
3	k16_0560c43a	background	2	2	25259
3	k16_0560c43a	background	2	3	29032
3	k16_0560c43a	background	2	4	22436
3	k16_0560c43a	background	2	5	105651
3	k16_0560c43a	background	2	6	129257
3	k16_0560c43a	background	2	7	9405
3	k16_0560c43a	background	2	8	10480
3	k16_0560c43a	background	2	9	60533
3	k16_0560c43a	background	2	10	20899
3	k16_0560c43a	background	2	11	27683
3	k16_0560c43a	background	2	12	6710
3	k16_0560c43a	background	2	13	24794
3	k16_0560c43a	background	2	14	20556
3	k16_0560c43a	background	2	15	19093
3	k16_0560c43a	background	2	16	36460
4	k16_0b34d83a	HSat2	1	1	16584
4	k16_0b34d83a	HSat2	1	2	1982
4	k16_0b34d83a	HSat2	1	3	4288163
4	k16_0b34d83a	HSat2	1	4	121395
4	k16_0b34d83a	HSat2	1	5	118
4	k16_0b34d83a	HSat2	1	6	13
4	k16_0b34d83a	HSat2	1	7	74
4	k16_0b34d83a	HSat2	1	8	1398
4	k16_0b34d83a	HSat2	1	9	2963
4	k16_0b34d83a	HSat2	1	10	417
4	k16_0b34d83a	HSat2	1	11	660
4	k16_0b34d83a	HSat2	1	12	7
4	k16_0b34d83a	HSat2	1	13	2405
4	k16_0b34d83a	HSat2	1	14	354
4	k16_0b34d83a	HSat2	1	15	47
4	k16_0b34d83a	HSat2	1	16	28
4	k16_0b34d83a	HSat2	2	1	6683348
4	k16_0b34d83a	HSat2	2	2	1599068
4	k16_0b34d83a	HSat2	2	3	27619627
4	k16_0b34d83a	HSat2	2	4	32464345
4	k16_0b34d83a	HSat2	2	5	106056
4	k16_0b34d83a	HSat2	2	6	57268
4	k16_0b34d83a	HSat2	2	7	54356
4	k16_0b34d83a	HSat2	2	8	32145
4	k16_0b34d83a	HSat2	2	9	660318
4	k16_0b34d83a	HSat2	2	10	806621
4	k16_0b34d83a	HSat2	2	11	801746
4	k16_0b34d83a	HSat2	2	12	24790
4	k16_0b34d83a	HSat2	2	13	23207
4	k16_0b34d83a	HSat2	2	14	565510
4	k16_0b34d83a	HSat2	2	15	32646
4	k16_0b34d83a	HSat2	2	16	73619
4	k16_0b34d83a	HSat3	1	1	0
4	k16_0b34d83a	HSat3	1	2	0
4	k16_0b34d83a	HSat3	1	3	237
4	k16_0b34d83a	HSat3	1	4	0
4	k16_0b34d83a	HSat3	1	5	0
4	k16_0b34d83a	HSat3	1	6	0
4	k16_0b34d83a	HSat3	1	7	5
4	k16_0b34d83a	HSat3	1	8	0
4	k16_0b34d83a	HSat3	1	9	0
4	k16_0b34d83a	HSat3	1	10	0
4	k16_0b34d83a	HSat3	1	11	0
4	k16_0b34d83a	HSat3	1	12	0
4	k16_0b34d83a	HSat3	1	13	0
4	k16_0b34d83a	HSat3	1	14	0
4	k16_0b34d83a	HSat3	1	15	0
4	k16_0b34d83a	HSat3	1	16	0
4	k16_0b34d83a	HSat3	2	1	901
4	k16_0b34d83a	HSat3	2	2	284
4	k16_0b34d83a	HSat3	2	3	10666
4	k16_0b34d83a	HSat3	2	4	10934
4	k16_0b34d83a	HSat3	2	5	2270
4	k16_0b34d83a	HSat3	2	6	986
4	k16_0b34d83a	HSat3	2	7	6557
4	k16_0b34d83a	HSat3	2	8	356
4	k16_0b34d83a	HSat3	2	9	8
4	k16_0b34d83a	HSat3	2	10	4851
4	k16_0b34d83a	HSat3	2	11	567
4	k16_0b34d83a	HSat3	2	12	0
4	k16_0b34d83a	HSat3	2	13	1
4	k16_0b34d83a	HSat3	2	14	0
4	k16_0b34d83a	HSat3	2	15	0
4	k16_0b34d83a	HSat3	2	16	51
4	k16_0b34d83a	HSat23	1	1	16584
4	k16_0b34d83a	HSat23	1	2	1982
4	k16_0b34d83a	HSat23	1	3	4288418
4	k16_0b34d83a	HSat23	1	4	121395
4	k16_0b34d83a	HSat23	1	5	118
4	k16_0b34d83a	HSat23	1	6	13
4	k16_0b34d83a	HSat23	1	7	79
4	k16_0b34d83a	HSat23	1	8	1398
4	k16_0b34d83a	HSat23	1	9	2963
4	k16_0b34d83a	HSat23	1	10	417
4	k16_0b34d83a	HSat23	1	11	660
4	k16_0b34d83a	HSat23	1	12	7
4	k16_0b34d83a	HSat23	1	13	2405
4	k16_0b34d83a	HSat23	1	14	354
4	k16_0b34d83a	HSat23	1	15	47
4	k16_0b34d83a	HSat23	1	16	28
4	k16_0b34d83a	HSat23	2	1	6684249
4	k16_0b34d83a	HSat23	2	2	1599376
4	k16_0b34d83a	HSat23	2	3	27630548
4	k16_0b34d83a	HSat23	2	4	32475572
4	k16_0b34d83a	HSat23	2	5	108337
4	k16_0b34d83a	HSat23	2	6	58254
4	k16_0b34d83a	HSat23	2	7	60913
4	k16_0b34d83a	HSat23	2	8	32501
4	k16_0b34d83a	HSat23	2	9	660326
4	k16_0b34d83a	HSat23	2	10	811472
4	k16_0b34d83a	HSat23	2	11	802338
4	k16_0b34d83a	HSat23	2	12	24790
4	k16_0b34d83a	HSat23	2	13	23208
4	k16_0b34d83a	HSat23	2	14	565510
4	k16_0b34d83a	HSat23	2	15	32646
4	k16_0b34d83a	HSat23	2	16	73670
4	k16_0b34d83a	background	1	1	27
4	k16_0b34d83a	background	1	2	3
4	k16_0b34d83a	background	1	3	15125
4	k16_0b34d83a	background	1	4	1260
4	k16_0b34d83a	background	1	5	0
4	k16_0b34d83a	background	1	6	0
4	k16_0b34d83a	background	1	7	0
4	k16_0b34d83a	background	1	8	463
4	k16_0b34d83a	background	1	9	399
4	k16_0b34d83a	background	1	10	2385
4	k16_0b34d83a	background	1	11	3003
4	k16_0b34d83a	background	1	12	1
4	k16_0b34d83a	background	1	13	526
4	k16_0b34d83a	background	1	14	451
4	k16_0b34d83a	background	1	15	813
4	k16_0b34d83a	background	1	16	561
4	k16_0b34d83a	background	2	1	32008
4	k16_0b34d83a	background	2	2	15383
4	k16_0b34d83a	background	2	3	109658
4	k16_0b34d83a	background	2	4	116887
4	k16_0b34d83a	background	2	5	22419
4	k16_0b34d83a	background	2	6	20954
4	k16_0b34d83a	background	2	7	36446
4	k16_0b34d83a	background	2	8	16481
4	k16_0b34d83a	background	2	9	29144
4	k16_0b34d83a	background	2	10	115049
4	k16_0b34d83a	background	2	11	99123
4	k16_0b34d83a	background	2	12	14262
4	k16_0b34d83a	background	2	13	32067
4	k16_0b34d83a	background	2	14	22138
4	k16_0b34d83a	background	2	15	20539
4	k16_0b34d83a	background	2	16	26270
5	k16_0d340683	HSat2	1	1	593095
5	k16_0d340683	HSat2	1	2	4458
5	k16_0d340683	HSat2	1	3	3930
5	k16_0d340683	HSat2	1	4	12126
5	k16_0d340683	HSat2	1	5	444
5	k16_0d340683	HSat2	1	6	245
5	k16_0d340683	HSat2	1	7	9462
5	k16_0d340683	HSat2	1	8	264045
5	k16_0d340683	HSat2	1	9	4419
5	k16_0d340683	HSat2	1	10	289
5	k16_0d340683	HSat2	1	11	5361580
5	k16_0d340683	HSat2	1	12	3725
5	k16_0d340683	HSat2	1	13	3467
5	k16_0d340683	HSat2	1	14	597
5	k16_0d340683	HSat2	1	15	21980
5	k16_0d340683	HSat2	1	16	4187
5	k16_0d340683	HSat2	2	1	15784281
5	k16_0d340683	HSat2	2	2	354660
5	k16_0d340683	HSat2	2	3	1707650
5	k16_0d340683	HSat2	2	4	475062
5	k16_0d340683	HSat2	2	5	139317
5	k16_0d340683	HSat2	2	6	134058
5	k16_0d340683	HSat2	2	7	7739458
5	k16_0d340683	HSat2	2	8	21396202
5	k16_0d340683	HSat2	2	9	702785
5	k16_0d340683	HSat2	2	10	141155
5	k16_0d340683	HSat2	2	11	35656768
5	k16_0d340683	HSat2	2	12	107039
5	k16_0d340683	HSat2	2	13	233491
5	k16_0d340683	HSat2	2	14	108226
5	k16_0d340683	HSat2	2	15	5652975
5	k16_0d340683	HSat2	2	16	549727
5	k16_0d340683	HSat3	1	1	1
5	k16_0d340683	HSat3	1	2	0
5	k16_0d340683	HSat3	1	3	0
5	k16_0d340683	HSat3	1	4	0
5	k16_0d340683	HSat3	1	5	0
5	k16_0d340683	HSat3	1	6	0
5	k16_0d340683	HSat3	1	7	1
5	k16_0d340683	HSat3	1	8	235
5	k16_0d340683	HSat3	1	9	1
5	k16_0d340683	HSat3	1	10	0
5	k16_0d340683	HSat3	1	11	2687
5	k16_0d340683	HSat3	1	12	0
5	k16_0d340683	HSat3	1	13	0
5	k16_0d340683	HSat3	1	14	0
5	k16_0d340683	HSat3	1	15	0
5	k16_0d340683	HSat3	1	16	92
5	k16_0d340683	HSat3	2	1	5767
5	k16_0d340683	HSat3	2	2	223
5	k16_0d340683	HSat3	2	3	732
5	k16_0d340683	HSat3	2	4	1919
5	k16_0d340683	HSat3	2	5	617
5	k16_0d340683	HSat3	2	6	279
5	k16_0d340683	HSat3	2	7	1542
5	k16_0d340683	HSat3	2	8	7913
5	k16_0d340683	HSat3	2	9	135
5	k16_0d340683	HSat3	2	10	370
5	k16_0d340683	HSat3	2	11	17154
5	k16_0d340683	HSat3	2	12	191
5	k16_0d340683	HSat3	2	13	503
5	k16_0d340683	HSat3	2	14	0
5	k16_0d340683	HSat3	2	15	1336
5	k16_0d340683	HSat3	2	16	29
5	k16_0d340683	HSat23	1	1	593096
5	k16_0d340683	HSat23	1	2	4458
5	k16_0d340683	HSat23	1	3	3930
5	k16_0d340683	HSat23	1	4	12126
5	k16_0d340683	HSat23	1	5	444
5	k16_0d340683	HSat23	1	6	245
5	k16_0d340683	HSat23	1	7	9463
5	k16_0d340683	HSat23	1	8	264287
5	k16_0d340683	HSat23	1	9	4420
5	k16_0d340683	HSat23	1	10	289
5	k16_0d340683	HSat23	1	11	5364362
5	k16_0d340683	HSat23	1	12	3725
5	k16_0d340683	HSat23	1	13	3467
5	k16_0d340683	HSat23	1	14	597
5	k16_0d340683	HSat23	1	15	21980
5	k16_0d340683	HSat23	1	16	4284
5	k16_0d340683	HSat23	2	1	15790217
5	k16_0d340683	HSat23	2	2	354883
5	k16_0d340683	HSat23	2	3	1708383
5	k16_0d340683	HSat23	2	4	476987
5	k16_0d340683	HSat23	2	5	139945
5	k16_0d340683	HSat23	2	6	134339
5	k16_0d340683	HSat23	2	7	7741025
5	k16_0d340683	HSat23	2	8	21404427
5	k16_0d340683	HSat23	2	9	702925
5	k16_0d340683	HSat23	2	10	141536
5	k16_0d340683	HSat23	2	11	35674525
5	k16_0d340683	HSat23	2	12	107230
5	k16_0d340683	HSat23	2	13	234017
5	k16_0d340683	HSat23	2	14	108226
5	k16_0d340683	HSat23	2	15	5654349
5	k16_0d340683	HSat23	2	16	549758
5	k16_0d340683	background	1	1	1664
5	k16_0d340683	background	1	2	1203
5	k16_0d340683	background	1	3	435
5	k16_0d340683	background	1	4	889
5	k16_0d340683	background	1	5	826
5	k16_0d340683	background	1	6	1520
5	k16_0d340683	background	1	7	1208
5	k16_0d340683	background	1	8	448
5	k16_0d340683	background	1	9	342
5	k16_0d340683	background	1	10	0
5	k16_0d340683	background	1	11	16297
5	k16_0d340683	background	1	12	3921
5	k16_0d340683	background	1	13	1085
5	k16_0d340683	background	1	14	1
5	k16_0d340683	background	1	15	50
5	k16_0d340683	background	1	16	503
5	k16_0d340683	background	2	1	78095
5	k16_0d340683	background	2	2	57579
5	k16_0d340683	background	2	3	65915
5	k16_0d340683	background	2	4	87203
5	k16_0d340683	background	2	5	40198
5	k16_0d340683	background	2	6	84842
5	k16_0d340683	background	2	7	139446
5	k16_0d340683	background	2	8	80520
5	k16_0d340683	background	2	9	37950
5	k16_0d340683	background	2	10	31792
5	k16_0d340683	background	2	11	386233
5	k16_0d340683	background	2	12	208580
5	k16_0d340683	background	2	13	100317
5	k16_0d340683	background	2	14	37800
5	k16_0d340683	background	2	15	40363
5	k16_0d340683	background	2	16	61139
6	k16_0d34d43a	HSat2	1	1	19758
6	k16_0d34d43a	HSat2	1	2	22254
6	k16_0d34d43a	HSat2	1	3	5628
6	k16_0d34d43a	HSat2	1	4	27602
6	k16_0d34d43a	HSat2	1	5	9410
6	k16_0d34d43a	HSat2	1	6	22597
6	k16_0d34d43a	HSat2	1	7	23792
6	k16_0d34d43a	HSat2	1	8	54218
6	k16_0d34d43a	HSat2	1	9	4935
6	k16_0d34d43a	HSat2	1	10	36051
6	k16_0d34d43a	HSat2	1	11	37928636
6	k16_0d34d43a	HSat2	1	12	62055
6	k16_0d34d43a	HSat2	1	13	539921
6	k16_0d34d43a	HSat2	1	14	1788139
6	k16_0d34d43a	HSat2	1	15	10739
6	k16_0d34d43a	HSat2	1	16	17493
6	k16_0d34d43a	HSat2	2	1	4011810
6	k16_0d34d43a	HSat2	2	2	6062712
6	k16_0d34d43a	HSat2	2	3	654674
6	k16_0d34d43a	HSat2	2	4	7001248
6	k16_0d34d43a	HSat2	2	5	1437323
6	k16_0d34d43a	HSat2	2	6	5077479
6	k16_0d34d43a	HSat2	2	7	5376880
6	k16_0d34d43a	HSat2	2	8	7792849
6	k16_0d34d43a	HSat2	2	9	1699816
6	k16_0d34d43a	HSat2	2	10	12197376
6	k16_0d34d43a	HSat2	2	11	68067547
6	k16_0d34d43a	HSat2	2	12	8857027
6	k16_0d34d43a	HSat2	2	13	2403229
6	k16_0d34d43a	HSat2	2	14	2264671
6	k16_0d34d43a	HSat2	2	15	2065010
6	k16_0d34d43a	HSat2	2	16	4743745
6	k16_0d34d43a	HSat3	1	1	0
6	k16_0d34d43a	HSat3	1	2	0
6	k16_0d34d43a	HSat3	1	3	0
6	k16_0d34d43a	HSat3	1	4	0
6	k16_0d34d43a	HSat3	1	5	0
6	k16_0d34d43a	HSat3	1	6	176
6	k16_0d34d43a	HSat3	1	7	0
6	k16_0d34d43a	HSat3	1	8	153
6	k16_0d34d43a	HSat3	1	9	0
6	k16_0d34d43a	HSat3	1	10	0
6	k16_0d34d43a	HSat3	1	11	12577
6	k16_0d34d43a	HSat3	1	12	106
6	k16_0d34d43a	HSat3	1	13	0
6	k16_0d34d43a	HSat3	1	14	2
6	k16_0d34d43a	HSat3	1	15	0
6	k16_0d34d43a	HSat3	1	16	0
6	k16_0d34d43a	HSat3	2	1	887
6	k16_0d34d43a	HSat3	2	2	1350
6	k16_0d34d43a	HSat3	2	3	822
6	k16_0d34d43a	HSat3	2	4	1867
6	k16_0d34d43a	HSat3	2	5	945
6	k16_0d34d43a	HSat3	2	6	1137
6	k16_0d34d43a	HSat3	2	7	112
6	k16_0d34d43a	HSat3	2	8	860
6	k16_0d34d43a	HSat3	2	9	890
6	k16_0d34d43a	HSat3	2	10	6636
6	k16_0d34d43a	HSat3	2	11	18857
6	k16_0d34d43a	HSat3	2	12	140
6	k16_0d34d43a	HSat3	2	13	251
6	k16_0d34d43a	HSat3	2	14	1612
6	k16_0d34d43a	HSat3	2	15	348
6	k16_0d34d43a	HSat3	2	16	1778
6	k16_0d34d43a	HSat23	1	1	19758
6	k16_0d34d43a	HSat23	1	2	22254
6	k16_0d34d43a	HSat23	1	3	5628
6	k16_0d34d43a	HSat23	1	4	27602
6	k16_0d34d43a	HSat23	1	5	9410
6	k16_0d34d43a	HSat23	1	6	22773
6	k16_0d34d43a	HSat23	1	7	23792
6	k16_0d34d43a	HSat23	1	8	54371
6	k16_0d34d43a	HSat23	1	9	4935
6	k16_0d34d43a	HSat23	1	10	36051
6	k16_0d34d43a	HSat23	1	11	37941595
6	k16_0d34d43a	HSat23	1	12	62174
6	k16_0d34d43a	HSat23	1	13	539921
6	k16_0d34d43a	HSat23	1	14	1788141
6	k16_0d34d43a	HSat23	1	15	10739
6	k16_0d34d43a	HSat23	1	16	17495
6	k16_0d34d43a	HSat23	2	1	4012745
6	k16_0d34d43a	HSat23	2	2	6064126
6	k16_0d34d43a	HSat23	2	3	655550
6	k16_0d34d43a	HSat23	2	4	7003176
6	k16_0d34d43a	HSat23	2	5	1438312
6	k16_0d34d43a	HSat23	2	6	5078649
6	k16_0d34d43a	HSat23	2	7	5377019
6	k16_0d34d43a	HSat23	2	8	7793734
6	k16_0d34d43a	HSat23	2	9	1700732
6	k16_0d34d43a	HSat23	2	10	12204238
6	k16_0d34d43a	HSat23	2	11	68087165
6	k16_0d34d43a	HSat23	2	12	8857178
6	k16_0d34d43a	HSat23	2	13	2403501
6	k16_0d34d43a	HSat23	2	14	2266346
6	k16_0d34d43a	HSat23	2	15	2065358
6	k16_0d34d43a	HSat23	2	16	4745599
6	k16_0d34d43a	background	1	1	2304
6	k16_0d34d43a	background	1	2	664
6	k16_0d34d43a	background	1	3	1525
6	k16_0d34d43a	background	1	4	407
6	k16_0d34d43a	background	1	5	1381
6	k16_0d34d43a	background	1	6	2767
6	k16_0d34d43a	background	1	7	1193
6	k16_0d34d43a	background	1	8	2130
6	k16_0d34d43a	background	1	9	1798
6	k16_0d34d43a	background	1	10	2275
6	k16_0d34d43a	background	1	11	106327
6	k16_0d34d43a	background	1	12	1990
6	k16_0d34d43a	background	1	13	3223
6	k16_0d34d43a	background	1	14	6678
6	k16_0d34d43a	background	1	15	381
6	k16_0d34d43a	background	1	16	2130
6	k16_0d34d43a	background	2	1	85728
6	k16_0d34d43a	background	2	2	91352
6	k16_0d34d43a	background	2	3	78329
6	k16_0d34d43a	background	2	4	102360
6	k16_0d34d43a	background	2	5	58146
6	k16_0d34d43a	background	2	6	86318
6	k16_0d34d43a	background	2	7	81986
6	k16_0d34d43a	background	2	8	117371
6	k16_0d34d43a	background	2	9	87467
6	k16_0d34d43a	background	2	10	138569
6	k16_0d34d43a	background	2	11	290503
6	k16_0d34d43a	background	2	12	83381
6	k16_0d34d43a	background	2	13	98984
6	k16_0d34d43a	background	2	14	85455
6	k16_0d34d43a	background	2	15	77173
6	k16_0d34d43a	background	2	16	121736
7	k16_0d83a0b3	HSat2	1	1	99
7	k16_0d83a0b3	HSat2	1	2	105
7	k16_0d83a0b3	HSat2	1	3	1764
7	k16_0d83a0b3	HSat2	1	4	720
7	k16_0d83a0b3	HSat2	1	5	1961
7	k16_0d83a0b3	HSat2	1	6	77
7	k16_0d83a0b3	HSat2	1	7	5650
7	k16_0d83a0b3	HSat2	1	8	50
7	k16_0d83a0b3	HSat2	1	9	1851
7	k16_0d83a0b3	HSat2	1	10	39
7	k16_0d83a0b3	HSat2	1	11	15
7	k16_0d83a0b3	HSat2	1	12	306
7	k16_0d83a0b3	HSat2	1	13	10349184
7	k16_0d83a0b3	HSat2	1	14	79792
7	k16_0d83a0b3	HSat2	1	15	1885
7	k16_0d83a0b3	HSat2	1	16	100
7	k16_0d83a0b3	HSat2	2	1	26650
7	k16_0d83a0b3	HSat2	2	2	212512
7	k16_0d83a0b3	HSat2	2	3	1738102
7	k16_0d83a0b3	HSat2	2	4	1232455
7	k16_0d83a0b3	HSat2	2	5	1582142
7	k16_0d83a0b3	HSat2	2	6	108734
7	k16_0d83a0b3	HSat2	2	7	1227804
7	k16_0d83a0b3	HSat2	2	8	175895
7	k16_0d83a0b3	HSat2	2	9	2356113
7	k16_0d83a0b3	HSat2	2	10	719593
7	k16_0d83a0b3	HSat2	2	11	34079
7	k16_0d83a0b3	HSat2	2	12	132849
7	k16_0d83a0b3	HSat2	2	13	48048125
7	k16_0d83a0b3	HSat2	2	14	39955618
7	k16_0d83a0b3	HSat2	2	15	1242249
7	k16_0d83a0b3	HSat2	2	16	558800
7	k16_0d83a0b3	HSat3	1	1	0
7	k16_0d83a0b3	HSat3	1	2	0
7	k16_0d83a0b3	HSat3	1	3	0
7	k16_0d83a0b3	HSat3	1	4	762
7	k16_0d83a0b3	HSat3	1	5	0
7	k16_0d83a0b3	HSat3	1	6	0
7	k16_0d83a0b3	HSat3	1	7	883
7	k16_0d83a0b3	HSat3	1	8	0
7	k16_0d83a0b3	HSat3	1	9	0
7	k16_0d83a0b3	HSat3	1	10	0
7	k16_0d83a0b3	HSat3	1	11	0
7	k16_0d83a0b3	HSat3	1	12	0
7	k16_0d83a0b3	HSat3	1	13	1147
7	k16_0d83a0b3	HSat3	1	14	521
7	k16_0d83a0b3	HSat3	1	15	0
7	k16_0d83a0b3	HSat3	1	16	30
7	k16_0d83a0b3	HSat3	2	1	1
7	k16_0d83a0b3	HSat3	2	2	1413
7	k16_0d83a0b3	HSat3	2	3	2
7	k16_0d83a0b3	HSat3	2	4	281204
7	k16_0d83a0b3	HSat3	2	5	521
7	k16_0d83a0b3	HSat3	2	6	199
7	k16_0d83a0b3	HSat3	2	7	408
7	k16_0d83a0b3	HSat3	2	8	4
7	k16_0d83a0b3	HSat3	2	9	499
7	k16_0d83a0b3	HSat3	2	10	15
7	k16_0d83a0b3	HSat3	2	11	7
7	k16_0d83a0b3	HSat3	2	12	366
7	k16_0d83a0b3	HSat3	2	13	194924
7	k16_0d83a0b3	HSat3	2	14	99878
7	k16_0d83a0b3	HSat3	2	15	12250
7	k16_0d83a0b3	HSat3	2	16	184181
7	k16_0d83a0b3	HSat23	1	1	99
7	k16_0d83a0b3	HSat23	1	2	105
7	k16_0d83a0b3	HSat23	1	3	1764
7	k16_0d83a0b3	HSat23	1	4	1482
7	k16_0d83a0b3	HSat23	1	5	1961
7	k16_0d83a0b3	HSat23	1	6	77
7	k16_0d83a0b3	HSat23	1	7	6533
7	k16_0d83a0b3	HSat23	1	8	50
7	k16_0d83a0b3	HSat23	1	9	1851
7	k16_0d83a0b3	HSat23	1	10	39
7	k16_0d83a0b3	HSat23	1	11	15
7	k16_0d83a0b3	HSat23	1	12	306
7	k16_0d83a0b3	HSat23	1	13	10350343
7	k16_0d83a0b3	HSat23	1	14	80328
7	k16_0d83a0b3	HSat23	1	15	1885
7	k16_0d83a0b3	HSat23	1	16	130
7	k16_0d83a0b3	HSat23	2	1	26651
7	k16_0d83a0b3	HSat23	2	2	213956
7	k16_0d83a0b3	HSat23	2	3	1738104
7	k16_0d83a0b3	HSat23	2	4	1513695
7	k16_0d83a0b3	HSat23	2	5	1582696
7	k16_0d83a0b3	HSat23	2	6	108933
7	k16_0d83a0b3	HSat23	2	7	1228212
7	k16_0d83a0b3	HSat23	2	8	175899
7	k16_0d83a0b3	HSat23	2	9	2356612
7	k16_0d83a0b3	HSat23	2	10	719608
7	k16_0d83a0b3	HSat23	2	11	34086
7	k16_0d83a0b3	HSat23	2	12	133215
7	k16_0d83a0b3	HSat23	2	13	48243546
7	k16_0d83a0b3	HSat23	2	14	40055901
7	k16_0d83a0b3	HSat23	2	15	1254507
7	k16_0d83a0b3	HSat23	2	16	742981
7	k16_0d83a0b3	background	1	1	0
7	k16_0d83a0b3	background	1	2	1
7	k16_0d83a0b3	background	1	3	352
7	k16_0d83a0b3	background	1	4	2523
7	k16_0d83a0b3	background	1	5	776
7	k16_0d83a0b3	background	1	6	0
7	k16_0d83a0b3	background	1	7	18
7	k16_0d83a0b3	background	1	8	0
7	k16_0d83a0b3	background	1	9	1
7	k16_0d83a0b3	background	1	10	0
7	k16_0d83a0b3	background	1	11	390
7	k16_0d83a0b3	background	1	12	0
7	k16_0d83a0b3	background	1	13	34503
7	k16_0d83a0b3	background	1	14	223
7	k16_0d83a0b3	background	1	15	1
7	k16_0d83a0b3	background	1	16	386
7	k16_0d83a0b3	background	2	1	25573
7	k16_0d83a0b3	background	2	2	28383
7	k16_0d83a0b3	background	2	3	49032
7	k16_0d83a0b3	background	2	4	222725
7	k16_0d83a0b3	background	2	5	184290
7	k16_0d83a0b3	background	2	6	27620
7	k16_0d83a0b3	background	2	7	24249
7	k16_0d83a0b3	background	2	8	34866
7	k16_0d83a0b3	background	2	9	44269
7	k16_0d83a0b3	background	2	10	54676
7	k16_0d83a0b3	background	2	11	22776
7	k16_0d83a0b3	background	2	12	19841
7	k16_0d83a0b3	background	2	13	216313
7	k16_0d83a0b3	background	2	14	172901
7	k16_0d83a0b3	background	2	15	57246
7	k16_0d83a0b3	background	2	16	46180
8	k16_0e834158	HSat2	1	1	66
8	k16_0e834158	HSat2	1	2	0
8	k16_0e834158	HSat2	1	3	7
8	k16_0e834158	HSat2	1	4	0
8	k16_0e834158	HSat2	1	5	0
8	k16_0e834158	HSat2	1	6	0
8	k16_0e834158	HSat2	1	7	1
8	k16_0e834158	HSat2	1	8	0
8	k16_0e834158	HSat2	1	9	0
8	k16_0e834158	HSat2	1	10	124
8	k16_0e834158	HSat2	1	11	0
8	k16_0e834158	HSat2	1	12	18579
8	k16_0e834158	HSat2	1	13	493
8	k16_0e834158	HSat2	1	14	712
8	k16_0e834158	HSat2	1	15	304
8	k16_0e834158	HSat2	1	16	0
8	k16_0e834158	HSat2	2	1	4278
8	k16_0e834158	HSat2	2	2	23
8	k16_0e834158	HSat2	2	3	3556
8	k16_0e834158	HSat2	2	4	51
8	k16_0e834158	HSat2	2	5	172
8	k16_0e834158	HSat2	2	6	1178
8	k16_0e834158	HSat2	2	7	1007
8	k16_0e834158	HSat2	2	8	254
8	k16_0e834158	HSat2	2	9	1225
8	k16_0e834158	HSat2	2	10	105167
8	k16_0e834158	HSat2	2	11	5836
8	k16_0e834158	HSat2	2	12	787744
8	k16_0e834158	HSat2	2	13	165386
8	k16_0e834158	HSat2	2	14	1011571
8	k16_0e834158	HSat2	2	15	82222
8	k16_0e834158	HSat2	2	16	11314
8	k16_0e834158	HSat3	1	1	263027
8	k16_0e834158	HSat3	1	2	1138241
8	k16_0e834158	HSat3	1	3	471231
8	k16_0e834158	HSat3	1	4	1106964
8	k16_0e834158	HSat3	1	5	878283
8	k16_0e834158	HSat3	1	6	345279
8	k16_0e834158	HSat3	1	7	1421199
8	k16_0e834158	HSat3	1	8	756424
8	k16_0e834158	HSat3	1	9	8400391
8	k16_0e834158	HSat3	1	10	591842
8	k16_0e834158	HSat3	1	11	518159
8	k16_0e834158	HSat3	1	12	948579
8	k16_0e834158	HSat3	1	13	17528005
8	k16_0e834158	HSat3	1	14	3308666
8	k16_0e834158	HSat3	1	15	1015524
8	k16_0e834158	HSat3	1	16	386559
8	k16_0e834158	HSat3	2	1	418552
8	k16_0e834158	HSat3	2	2	1020010
8	k16_0e834158	HSat3	2	3	1250446
8	k16_0e834158	HSat3	2	4	5771437
8	k16_0e834158	HSat3	2	5	1905384
8	k16_0e834158	HSat3	2	6	750595
8	k16_0e834158	HSat3	2	7	3788828
8	k16_0e834158	HSat3	2	8	3318244
8	k16_0e834158	HSat3	2	9	6395309
8	k16_0e834158	HSat3	2	10	2495280
8	k16_0e834158	HSat3	2	11	6488613
8	k16_0e834158	HSat3	2	12	8233735
8	k16_0e834158	HSat3	2	13	9647228
8	k16_0e834158	HSat3	2	14	10409657
8	k16_0e834158	HSat3	2	15	3144432
8	k16_0e834158	HSat3	2	16	1456728
8	k16_0e834158	HSat23	1	1	263093
8	k16_0e834158	HSat23	1	2	1138241
8	k16_0e834158	HSat23	1	3	471242
8	k16_0e834158	HSat23	1	4	1106964
8	k16_0e834158	HSat23	1	5	878283
8	k16_0e834158	HSat23	1	6	345279
8	k16_0e834158	HSat23	1	7	1421200
8	k16_0e834158	HSat23	1	8	756424
8	k16_0e834158	HSat23	1	9	8400391
8	k16_0e834158	HSat23	1	10	591966
8	k16_0e834158	HSat23	1	11	518159
8	k16_0e834158	HSat23	1	12	967160
8	k16_0e834158	HSat23	1	13	17528498
8	k16_0e834158	HSat23	1	14	3309378
8	k16_0e834158	HSat23	1	15	1015828
8	k16_0e834158	HSat23	1	16	386559
8	k16_0e834158	HSat23	2	1	422830
8	k16_0e834158	HSat23	2	2	1020035
8	k16_0e834158	HSat23	2	3	1254002
8	k16_0e834158	HSat23	2	4	5771488
8	k16_0e834158	HSat23	2	5	1905556
8	k16_0e834158	HSat23	2	6	751773
8	k16_0e834158	HSat23	2	7	3789835
8	k16_0e834158	HSat23	2	8	3318498
8	k16_0e834158	HSat23	2	9	6396537
8	k16_0e834158	HSat23	2	10	2600463
8	k16_0e834158	HSat23	2	11	6494449
8	k16_0e834158	HSat23	2	12	9021529
8	k16_0e834158	HSat23	2	13	9812665
8	k16_0e834158	HSat23	2	14	11421302
8	k16_0e834158	HSat23	2	15	3226654
8	k16_0e834158	HSat23	2	16	1468042
8	k16_0e834158	background	1	1	6490
8	k16_0e834158	background	1	2	660
8	k16_0e834158	background	1	3	113
8	k16_0e834158	background	1	4	1175
8	k16_0e834158	background	1	5	1197
8	k16_0e834158	background	1	6	792
8	k16_0e834158	background	1	7	212
8	k16_0e834158	background	1	8	1289
8	k16_0e834158	background	1	9	1438
8	k16_0e834158	background	1	10	795
8	k16_0e834158	background	1	11	43
8	k16_0e834158	background	1	12	124
8	k16_0e834158	background	1	13	1900
8	k16_0e834158	background	1	14	5663
8	k16_0e834158	background	1	15	16427
8	k16_0e834158	background	1	16	105
8	k16_0e834158	background	2	1	735785
8	k16_0e834158	background	2	2	38543
8	k16_0e834158	background	2	3	16597
8	k16_0e834158	background	2	4	18482
8	k16_0e834158	background	2	5	40232
8	k16_0e834158	background	2	6	116778
8	k16_0e834158	background	2	7	27810
8	k16_0e834158	background	2	8	149652
8	k16_0e834158	background	2	9	132783
8	k16_0e834158	background	2	10	19091
8	k16_0e834158	background	2	11	39435
8	k16_0e834158	background	2	12	53510
8	k16_0e834158	background	2	13	97075
8	k16_0e834158	background	2	14	290524
8	k16_0e834158	background	2	15	942223
8	k16_0e834158	background	2	16	67010
9	k16_1483a0d8	HSat2	1	1	6
9	k16_1483a0d8	HSat2	1	2	592
9	k16_1483a0d8	HSat2	1	3	4
9	k16_1483a0d8	HSat2	1	4	23
9	k16_1483a0d8	HSat2	1	5	0
9	k16_1483a0d8	HSat2	1	6	0
9	k16_1483a0d8	HSat2	1	7	0
9	k16_1483a0d8	HSat2	1	8	0
9	k16_1483a0d8	HSat2	1	9	0
9	k16_1483a0d8	HSat2	1	10	0
9	k16_1483a0d8	HSat2	1	11	0
9	k16_1483a0d8	HSat2	1	12	0
9	k16_1483a0d8	HSat2	1	13	0
9	k16_1483a0d8	HSat2	1	14	0
9	k16_1483a0d8	HSat2	1	15	114
9	k16_1483a0d8	HSat2	1	16	29
9	k16_1483a0d8	HSat2	2	1	21223
9	k16_1483a0d8	HSat2	2	2	53729
9	k16_1483a0d8	HSat2	2	3	401916
9	k16_1483a0d8	HSat2	2	4	126508
9	k16_1483a0d8	HSat2	2	5	3436
9	k16_1483a0d8	HSat2	2	6	152
9	k16_1483a0d8	HSat2	2	7	5
9	k16_1483a0d8	HSat2	2	8	470
9	k16_1483a0d8	HSat2	2	9	15674
9	k16_1483a0d8	HSat2	2	10	681
9	k16_1483a0d8	HSat2	2	11	0
9	k16_1483a0d8	HSat2	2	12	1576
9	k16_1483a0d8	HSat2	2	13	4
9	k16_1483a0d8	HSat2	2	14	9312
9	k16_1483a0d8	HSat2	2	15	124364
9	k16_1483a0d8	HSat2	2	16	435802
9	k16_1483a0d8	HSat3	1	1	542
9	k16_1483a0d8	HSat3	1	2	10694
9	k16_1483a0d8	HSat3	1	3	2884
9	k16_1483a0d8	HSat3	1	4	187919
9	k16_1483a0d8	HSat3	1	5	609
9	k16_1483a0d8	HSat3	1	6	1
9	k16_1483a0d8	HSat3	1	7	1057
9	k16_1483a0d8	HSat3	1	8	1
9	k16_1483a0d8	HSat3	1	9	339
9	k16_1483a0d8	HSat3	1	10	178
9	k16_1483a0d8	HSat3	1	11	1
9	k16_1483a0d8	HSat3	1	12	2035
9	k16_1483a0d8	HSat3	1	13	2740
9	k16_1483a0d8	HSat3	1	14	285861
9	k16_1483a0d8	HSat3	1	15	1179
9	k16_1483a0d8	HSat3	1	16	4
9	k16_1483a0d8	HSat3	2	1	210154
9	k16_1483a0d8	HSat3	2	2	1506218
9	k16_1483a0d8	HSat3	2	3	994904
9	k16_1483a0d8	HSat3	2	4	7151649
9	k16_1483a0d8	HSat3	2	5	76011
9	k16_1483a0d8	HSat3	2	6	1569
9	k16_1483a0d8	HSat3	2	7	2050073
9	k16_1483a0d8	HSat3	2	8	31892
9	k16_1483a0d8	HSat3	2	9	153601
9	k16_1483a0d8	HSat3	2	10	69510
9	k16_1483a0d8	HSat3	2	11	4744
9	k16_1483a0d8	HSat3	2	12	389452
9	k16_1483a0d8	HSat3	2	13	24330
9	k16_1483a0d8	HSat3	2	14	11455634
9	k16_1483a0d8	HSat3	2	15	94478
9	k16_1483a0d8	HSat3	2	16	13373
9	k16_1483a0d8	HSat23	1	1	548
9	k16_1483a0d8	HSat23	1	2	11286
9	k16_1483a0d8	HSat23	1	3	2888
9	k16_1483a0d8	HSat23	1	4	187942
9	k16_1483a0d8	HSat23	1	5	609
9	k16_1483a0d8	HSat23	1	6	1
9	k16_1483a0d8	HSat23	1	7	1057
9	k16_1483a0d8	HSat23	1	8	1
9	k16_1483a0d8	HSat23	1	9	339
9	k16_1483a0d8	HSat23	1	10	178
9	k16_1483a0d8	HSat23	1	11	1
9	k16_1483a0d8	HSat23	1	12	2035
9	k16_1483a0d8	HSat23	1	13	2740
9	k16_1483a0d8	HSat23	1	14	285861
9	k16_1483a0d8	HSat23	1	15	1293
9	k16_1483a0d8	HSat23	1	16	33
9	k16_1483a0d8	HSat23	2	1	231377
9	k16_1483a0d8	HSat23	2	2	1559977
9	k16_1483a0d8	HSat23	2	3	1396846
9	k16_1483a0d8	HSat23	2	4	7278169
9	k16_1483a0d8	HSat23	2	5	79447
9	k16_1483a0d8	HSat23	2	6	1721
9	k16_1483a0d8	HSat23	2	7	2050078
9	k16_1483a0d8	HSat23	2	8	32362
9	k16_1483a0d8	HSat23	2	9	169275
9	k16_1483a0d8	HSat23	2	10	70191
9	k16_1483a0d8	HSat23	2	11	4744
9	k16_1483a0d8	HSat23	2	12	391028
9	k16_1483a0d8	HSat23	2	13	24334
9	k16_1483a0d8	HSat23	2	14	11464958
9	k16_1483a0d8	HSat23	2	15	218860
9	k16_1483a0d8	HSat23	2	16	449175
9	k16_1483a0d8	background	1	1	0
9	k16_1483a0d8	background	1	2	1014
9	k16_1483a0d8	background	1	3	287
9	k16_1483a0d8	background	1	4	1089
9	k16_1483a0d8	background	1	5	443
9	k16_1483a0d8	background	1	6	0
9	k16_1483a0d8	background	1	7	0
9	k16_1483a0d8	background	1	8	1
9	k16_1483a0d8	background	1	9	0
9	k16_1483a0d8	background	1	10	0
9	k16_1483a0d8	background	1	11	498
9	k16_1483a0d8	background	1	12	472
9	k16_1483a0d8	background	1	13	543
9	k16_1483a0d8	background	1	14	3428
9	k16_1483a0d8	background	1	15	6583
9	k16_1483a0d8	background	1	16	1943
9	k16_1483a0d8	background	2	1	37602
9	k16_1483a0d8	background	2	2	86772
9	k16_1483a0d8	background	2	3	36908
9	k16_1483a0d8	background	2	4	13014
9	k16_1483a0d8	background	2	5	83274
9	k16_1483a0d8	background	2	6	32237
9	k16_1483a0d8	background	2	7	18034
9	k16_1483a0d8	background	2	8	26488
9	k16_1483a0d8	background	2	9	19960
9	k16_1483a0d8	background	2	10	39950
9	k16_1483a0d8	background	2	11	52521
9	k16_1483a0d8	background	2	12	45500
9	k16_1483a0d8	background	2	13	39366
9	k16_1483a0d8	background	2	14	190024
9	k16_1483a0d8	background	2	15	174943
9	k16_1483a0d8	background	2	16	31421
10	k16_158ba0ed	HSat2	1	1	0
10	k16_158ba0ed	HSat2	1	2	0
10	k16_158ba0ed	HSat2	1	3	0
10	k16_158ba0ed	HSat2	1	4	0
10	k16_158ba0ed	HSat2	1	5	0
10	k16_158ba0ed	HSat2	1	6	0
10	k16_158ba0ed	HSat2	1	7	0
10	k16_158ba0ed	HSat2	1	8	0
10	k16_158ba0ed	HSat2	1	9	0
10	k16_158ba0ed	HSat2	1	10	0
10	k16_158ba0ed	HSat2	1	11	0
10	k16_158ba0ed	HSat2	1	12	0
10	k16_158ba0ed	HSat2	1	13	0
10	k16_158ba0ed	HSat2	1	14	0
10	k16_158ba0ed	HSat2	1	15	0
10	k16_158ba0ed	HSat2	1	16	0
10	k16_158ba0ed	HSat2	2	1	0
10	k16_158ba0ed	HSat2	2	2	3
10	k16_158ba0ed	HSat2	2	3	546
10	k16_158ba0ed	HSat2	2	4	0
10	k16_158ba0ed	HSat2	2	5	0
10	k16_158ba0ed	HSat2	2	6	0
10	k16_158ba0ed	HSat2	2	7	103
10	k16_158ba0ed	HSat2	2	8	0
10	k16_158ba0ed	HSat2	2	9	0
10	k16_158ba0ed	HSat2	2	10	0
10	k16_158ba0ed	HSat2	2	11	0
10	k16_158ba0ed	HSat2	2	12	0
10	k16_158ba0ed	HSat2	2	13	0
10	k16_158ba0ed	HSat2	2	14	517
10	k16_158ba0ed	HSat2	2	15	973
10	k16_158ba0ed	HSat2	2	16	16
10	k16_158ba0ed	HSat3	1	1	23
10	k16_158ba0ed	HSat3	1	2	553
10	k16_158ba0ed	HSat3	1	3	13539
10	k16_158ba0ed	HSat3	1	4	566
10	k16_158ba0ed	HSat3	1	5	374
10	k16_158ba0ed	HSat3	1	6	28
10	k16_158ba0ed	HSat3	1	7	503
10	k16_158ba0ed	HSat3	1	8	1844
10	k16_158ba0ed	HSat3	1	9	185
10	k16_158ba0ed	HSat3	1	10	2916
10	k16_158ba0ed	HSat3	1	11	4
10	k16_158ba0ed	HSat3	1	12	11688
10	k16_158ba0ed	HSat3	1	13	284
10	k16_158ba0ed	HSat3	1	14	557
10	k16_158ba0ed	HSat3	1	15	1994475
10	k16_158ba0ed	HSat3	1	16	73438
10	k16_158ba0ed	HSat3	2	1	19587
10	k16_158ba0ed	HSat3	2	2	191623
10	k16_158ba0ed	HSat3	2	3	2393991
10	k16_158ba0ed	HSat3	2	4	141462
10	k16_158ba0ed	HSat3	2	5	175429
10	k16_158ba0ed	HSat3	2	6	136882
10	k16_158ba0ed	HSat3	2	7	268571
10	k16_158ba0ed	HSat3	2	8	70750
10	k16_158ba0ed	HSat3	2	9	73729
10	k16_158ba0ed	HSat3	2	10	612814
10	k16_158ba0ed	HSat3	2	11	7492
10	k16_158ba0ed	HSat3	2	12	25328
10	k16_158ba0ed	HSat3	2	13	32338
10	k16_158ba0ed	HSat3	2	14	105183
10	k16_158ba0ed	HSat3	2	15	8558839
10	k16_158ba0ed	HSat3	2	16	5760414
10	k16_158ba0ed	HSat23	1	1	23
10	k16_158ba0ed	HSat23	1	2	553
10	k16_158ba0ed	HSat23	1	3	13539
10	k16_158ba0ed	HSat23	1	4	566
10	k16_158ba0ed	HSat23	1	5	374
10	k16_158ba0ed	HSat23	1	6	28
10	k16_158ba0ed	HSat23	1	7	503
10	k16_158ba0ed	HSat23	1	8	1844
10	k16_158ba0ed	HSat23	1	9	185
10	k16_158ba0ed	HSat23	1	10	2916
10	k16_158ba0ed	HSat23	1	11	4
10	k16_158ba0ed	HSat23	1	12	11688
10	k16_158ba0ed	HSat23	1	13	284
10	k16_158ba0ed	HSat23	1	14	557
10	k16_158ba0ed	HSat23	1	15	1994475
10	k16_158ba0ed	HSat23	1	16	73438
10	k16_158ba0ed	HSat23	2	1	19587
10	k16_158ba0ed	HSat23	2	2	191626
10	k16_158ba0ed	HSat23	2	3	2394537
10	k16_158ba0ed	HSat23	2	4	141462
10	k16_158ba0ed	HSat23	2	5	175429
10	k16_158ba0ed	HSat23	2	6	136882
10	k16_158ba0ed	HSat23	2	7	268674
10	k16_158ba0ed	HSat23	2	8	70750
10	k16_158ba0ed	HSat23	2	9	73729
10	k16_158ba0ed	HSat23	2	10	612814
10	k16_158ba0ed	HSat23	2	11	7492
10	k16_158ba0ed	HSat23	2	12	25328
10	k16_158ba0ed	HSat23	2	13	32338
10	k16_158ba0ed	HSat23	2	14	105700
10	k16_158ba0ed	HSat23	2	15	8559815
10	k16_158ba0ed	HSat23	2	16	5760433
10	k16_158ba0ed	background	1	1	0
10	k16_158ba0ed	background	1	2	59
10	k16_158ba0ed	background	1	3	456
10	k16_158ba0ed	background	1	4	1000
10	k16_158ba0ed	background	1	5	0
10	k16_158ba0ed	background	1	6	0
10	k16_158ba0ed	background	1	7	0
10	k16_158ba0ed	background	1	8	0
10	k16_158ba0ed	background	1	9	0
10	k16_158ba0ed	background	1	10	0
10	k16_158ba0ed	background	1	11	0
10	k16_158ba0ed	background	1	12	410
10	k16_158ba0ed	background	1	13	0
10	k16_158ba0ed	background	1	14	6
10	k16_158ba0ed	background	1	15	578
10	k16_158ba0ed	background	1	16	34
10	k16_158ba0ed	background	2	1	17137
10	k16_158ba0ed	background	2	2	12151
10	k16_158ba0ed	background	2	3	11221
10	k16_158ba0ed	background	2	4	51537
10	k16_158ba0ed	background	2	5	57458
10	k16_158ba0ed	background	2	6	10158
10	k16_158ba0ed	background	2	7	11224
10	k16_158ba0ed	background	2	8	10808
10	k16_158ba0ed	background	2	9	9471
10	k16_158ba0ed	background	2	10	18419
10	k16_158ba0ed	background	2	11	11664
10	k16_158ba0ed	background	2	12	16412
10	k16_158ba0ed	background	2	13	12793
10	k16_158ba0ed	background	2	14	16483
10	k16_158ba0ed	background	2	15	21394
10	k16_158ba0ed	background	2	16	21392
11	k16_1d1f53d4	HSat2	1	1	2011
11	k16_1d1f53d4	HSat2	1	2	45
11	k16_1d1f53d4	HSat2	1	3	0
11	k16_1d1f53d4	HSat2	1	4	0
11	k16_1d1f53d4	HSat2	1	5	184
11	k16_1d1f53d4	HSat2	1	6	5793
11	k16_1d1f53d4	HSat2	1	7	0
11	k16_1d1f53d4	HSat2	1	8	0
11	k16_1d1f53d4	HSat2	1	9	0
11	k16_1d1f53d4	HSat2	1	10	0
11	k16_1d1f53d4	HSat2	1	11	0
11	k16_1d1f53d4	HSat2	1	12	0
11	k16_1d1f53d4	HSat2	1	13	0
11	k16_1d1f53d4	HSat2	1	14	0
11	k16_1d1f53d4	HSat2	1	15	188
11	k16_1d1f53d4	HSat2	1	16	0
11	k16_1d1f53d4	HSat2	2	1	22306
11	k16_1d1f53d4	HSat2	2	2	309403
11	k16_1d1f53d4	HSat2	2	3	1
11	k16_1d1f53d4	HSat2	2	4	289
11	k16_1d1f53d4	HSat2	2	5	289540
11	k16_1d1f53d4	HSat2	2	6	1270700
11	k16_1d1f53d4	HSat2	2	7	343
11	k16_1d1f53d4	HSat2	2	8	2
11	k16_1d1f53d4	HSat2	2	9	791
11	k16_1d1f53d4	HSat2	2	10	24536
11	k16_1d1f53d4	HSat2	2	11	40
11	k16_1d1f53d4	HSat2	2	12	1409
11	k16_1d1f53d4	HSat2	2	13	24
11	k16_1d1f53d4	HSat2	2	14	525
11	k16_1d1f53d4	HSat2	2	15	730245
11	k16_1d1f53d4	HSat2	2	16	522
11	k16_1d1f53d4	HSat3	1	1	207
11	k16_1d1f53d4	HSat3	1	2	106019
11	k16_1d1f53d4	HSat3	1	3	1753
11	k16_1d1f53d4	HSat3	1	4	1071
11	k16_1d1f53d4	HSat3	1	5	82072
11	k16_1d1f53d4	HSat3	1	6	149357
11	k16_1d1f53d4	HSat3	1	7	2272
11	k16_1d1f53d4	HSat3	1	8	10
11	k16_1d1f53d4	HSat3	1	9	394
11	k16_1d1f53d4	HSat3	1	10	1156
11	k16_1d1f53d4	HSat3	1	11	637
11	k16_1d1f53d4	HSat3	1	12	1
11	k16_1d1f53d4	HSat3	1	13	305
11	k16_1d1f53d4	HSat3	1	14	28
11	k16_1d1f53d4	HSat3	1	15	1324
11	k16_1d1f53d4	HSat3	1	16	5
11	k16_1d1f53d4	HSat3	2	1	43650
11	k16_1d1f53d4	HSat3	2	2	10131078
11	k16_1d1f53d4	HSat3	2	3	287365
11	k16_1d1f53d4	HSat3	2	4	259759
11	k16_1d1f53d4	HSat3	2	5	10156693
11	k16_1d1f53d4	HSat3	2	6	11616233
11	k16_1d1f53d4	HSat3	2	7	140792
11	k16_1d1f53d4	HSat3	2	8	6974
11	k16_1d1f53d4	HSat3	2	9	94157
11	k16_1d1f53d4	HSat3	2	10	29268
11	k16_1d1f53d4	HSat3	2	11	34080
11	k16_1d1f53d4	HSat3	2	12	99528
11	k16_1d1f53d4	HSat3	2	13	14191
11	k16_1d1f53d4	HSat3	2	14	77022
11	k16_1d1f53d4	HSat3	2	15	56237
11	k16_1d1f53d4	HSat3	2	16	33973
11	k16_1d1f53d4	HSat23	1	1	2218
11	k16_1d1f53d4	HSat23	1	2	106064
11	k16_1d1f53d4	HSat23	1	3	1753
11	k16_1d1f53d4	HSat23	1	4	1071
11	k16_1d1f53d4	HSat23	1	5	82256
11	k16_1d1f53d4	HSat23	1	6	155161
11	k16_1d1f53d4	HSat23	1	7	2272
11	k16_1d1f53d4	HSat23	1	8	10
11	k16_1d1f53d4	HSat23	1	9	394
11	k16_1d1f53d4	HSat23	1	10	1156
11	k16_1d1f53d4	HSat23	1	11	637
11	k16_1d1f53d4	HSat23	1	12	1
11	k16_1d1f53d4	HSat23	1	13	305
11	k16_1d1f53d4	HSat23	1	14	28
11	k16_1d1f53d4	HSat23	1	15	1512
11	k16_1d1f53d4	HSat23	1	16	5
11	k16_1d1f53d4	HSat23	2	1	65956
11	k16_1d1f53d4	HSat23	2	2	10440536
11	k16_1d1f53d4	HSat23	2	3	287366
11	k16_1d1f53d4	HSat23	2	4	260048
11	k16_1d1f53d4	HSat23	2	5	10446479
11	k16_1d1f53d4	HSat23	2	6	12887219
11	k16_1d1f53d4	HSat23	2	7	141135
11	k16_1d1f53d4	HSat23	2	8	6976
11	k16_1d1f53d4	HSat23	2	9	94948
11	k16_1d1f53d4	HSat23	2	10	53817
11	k16_1d1f53d4	HSat23	2	11	34120
11	k16_1d1f53d4	HSat23	2	12	100937
11	k16_1d1f53d4	HSat23	2	13	14215
11	k16_1d1f53d4	HSat23	2	14	77547
11	k16_1d1f53d4	HSat23	2	15	786482
11	k16_1d1f53d4	HSat23	2	16	34495
11	k16_1d1f53d4	background	1	1	5586
11	k16_1d1f53d4	background	1	2	9319
11	k16_1d1f53d4	background	1	3	1945
11	k16_1d1f53d4	background	1	4	2947
11	k16_1d1f53d4	background	1	5	6952
11	k16_1d1f53d4	background	1	6	9414
11	k16_1d1f53d4	background	1	7	1862
11	k16_1d1f53d4	background	1	8	5181
11	k16_1d1f53d4	background	1	9	4297
11	k16_1d1f53d4	background	1	10	906
11	k16_1d1f53d4	background	1	11	2709
11	k16_1d1f53d4	background	1	12	3621
11	k16_1d1f53d4	background	1	13	4483
11	k16_1d1f53d4	background	1	14	2796
11	k16_1d1f53d4	background	1	15	2462
11	k16_1d1f53d4	background	1	16	3660
11	k16_1d1f53d4	background	2	1	239526
11	k16_1d1f53d4	background	2	2	202813
11	k16_1d1f53d4	background	2	3	112589
11	k16_1d1f53d4	background	2	4	144980
11	k16_1d1f53d4	background	2	5	263690
11	k16_1d1f53d4	background	2	6	291600
11	k16_1d1f53d4	background	2	7	102813
11	k16_1d1f53d4	background	2	8	119040
11	k16_1d1f53d4	background	2	9	142878
11	k16_1d1f53d4	background	2	10	125950
11	k16_1d1f53d4	background	2	11	205421
11	k16_1d1f53d4	background	2	12	128535
11	k16_1d1f53d4	background	2	13	127199
11	k16_1d1f53d4	background	2	14	145992
11	k16_1d1f53d4	background	2	15	112586
11	k16_1d1f53d4	background	2	16	143910
12	k16_1dabe3d4	HSat2	1	1	0
12	k16_1dabe3d4	HSat2	1	2	66
12	k16_1dabe3d4	HSat2	1	3	0
12	k16_1dabe3d4	HSat2	1	4	1
12	k16_1dabe3d4	HSat2	1	5	3
12	k16_1dabe3d4	HSat2	1	6	9
12	k16_1dabe3d4	HSat2	1	7	20
12	k16_1dabe3d4	HSat2	1	8	0
12	k16_1dabe3d4	HSat2	1	9	0
12	k16_1dabe3d4	HSat2	1	10	0
12	k16_1dabe3d4	HSat2	1	11	0
12	k16_1dabe3d4	HSat2	1	12	1
12	k16_1dabe3d4	HSat2	1	13	0
12	k16_1dabe3d4	HSat2	1	14	0
12	k16_1dabe3d4	HSat2	1	15	0
12	k16_1dabe3d4	HSat2	1	16	7
12	k16_1dabe3d4	HSat2	2	1	0
12	k16_1dabe3d4	HSat2	2	2	24034
12	k16_1dabe3d4	HSat2	2	3	0
12	k16_1dabe3d4	HSat2	2	4	4
12	k16_1dabe3d4	HSat2	2	5	3682
12	k16_1dabe3d4	HSat2	2	6	1660
12	k16_1dabe3d4	HSat2	2	7	24850
12	k16_1dabe3d4	HSat2	2	8	0
12	k16_1dabe3d4	HSat2	2	9	282
12	k16_1dabe3d4	HSat2	2	10	19
12	k16_1dabe3d4	HSat2	2	11	0
12	k16_1dabe3d4	HSat2	2	12	0
12	k16_1dabe3d4	HSat2	2	13	48
12	k16_1dabe3d4	HSat2	2	14	1
12	k16_1dabe3d4	HSat2	2	15	32
12	k16_1dabe3d4	HSat2	2	16	0
12	k16_1dabe3d4	HSat3	1	1	618651
12	k16_1dabe3d4	HSat3	1	2	2174162
12	k16_1dabe3d4	HSat3	1	3	375110
12	k16_1dabe3d4	HSat3	1	4	929142
12	k16_1dabe3d4	HSat3	1	5	3021286
12	k16_1dabe3d4	HSat3	1	6	9253432
12	k16_1dabe3d4	HSat3	1	7	900819
12	k16_1dabe3d4	HSat3	1	8	322199
12	k16_1dabe3d4	HSat3	1	9	403249
12	k16_1dabe3d4	HSat3	1	10	1852632
12	k16_1dabe3d4	HSat3	1	11	288784
12	k16_1dabe3d4	HSat3	1	12	359799
12	k16_1dabe3d4	HSat3	1	13	359337
12	k16_1dabe3d4	HSat3	1	14	669471
12	k16_1dabe3d4	HSat3	1	15	798330
12	k16_1dabe3d4	HSat3	1	16	411950
12	k16_1dabe3d4	HSat3	2	1	663831
12	k16_1dabe3d4	HSat3	2	2	18175787
12	k16_1dabe3d4	HSat3	2	3	1201762
12	k16_1dabe3d4	HSat3	2	4	1637342
12	k16_1dabe3d4	HSat3	2	5	2766010
12	k16_1dabe3d4	HSat3	2	6	11616393
12	k16_1dabe3d4	HSat3	2	7	2477293
12	k16_1dabe3d4	HSat3	2	8	1152893
12	k16_1dabe3d4	HSat3	2	9	609076
12	k16_1dabe3d4	HSat3	2	10	8632469
12	k16_1dabe3d4	HSat3	2	11	1275214
12	k16_1dabe3d4	HSat3	2	12	1562554
12	k16_1dabe3d4	HSat3	2	13	464108
12	k16_1dabe3d4	HSat3	2	14	1143185
12	k16_1dabe3d4	HSat3	2	15	1182957
12	k16_1dabe3d4	HSat3	2	16	870392
12	k16_1dabe3d4	HSat23	1	1	618651
12	k16_1dabe3d4	HSat23	1	2	2174228
12	k16_1dabe3d4	HSat23	1	3	375110
12	k16_1dabe3d4	HSat23	1	4	929143
12	k16_1dabe3d4	HSat23	1	5	3021290
12	k16_1dabe3d4	HSat23	1	6	9253441
12	k16_1dabe3d4	HSat23	1	7	900841
12	k16_1dabe3d4	HSat23	1	8	322199
12	k16_1dabe3d4	HSat23	1	9	403249
12	k16_1dabe3d4	HSat23	1	10	1852632
12	k16_1dabe3d4	HSat23	1	11	288784
12	k16_1dabe3d4	HSat23	1	12	359800
12	k16_1dabe3d4	HSat23	1	13	359337
12	k16_1dabe3d4	HSat23	1	14	669471
12	k16_1dabe3d4	HSat23	1	15	798330
12	k16_1dabe3d4	HSat23	1	16	411961
12	k16_1dabe3d4	HSat23	2	1	663831
12	k16_1dabe3d4	HSat23	2	2	18199821
12	k16_1dabe3d4	HSat23	2	3	1201762
12	k16_1dabe3d4	HSat23	2	4	1637346
12	k16_1dabe3d4	HSat23	2	5	2769735
12	k16_1dabe3d4	HSat23	2	6	11618094
12	k16_1dabe3d4	HSat23	2	7	2502150
12	k16_1dabe3d4	HSat23	2	8	1152893
12	k16_1dabe3d4	HSat23	2	9	609363
12	k16_1dabe3d4	HSat23	2	10	8632488
12	k16_1dabe3d4	HSat23	2	11	1275214
12	k16_1dabe3d4	HSat23	2	12	1562554
12	k16_1dabe3d4	HSat23	2	13	464156
12	k16_1dabe3d4	HSat23	2	14	1143186
12	k16_1dabe3d4	HSat23	2	15	1182989
12	k16_1dabe3d4	HSat23	2	16	870392
12	k16_1dabe3d4	background	1	1	494
12	k16_1dabe3d4	background	1	2	7820
12	k16_1dabe3d4	background	1	3	4074
12	k16_1dabe3d4	background	1	4	89932
12	k16_1dabe3d4	background	1	5	25298
12	k16_1dabe3d4	background	1	6	1728
12	k16_1dabe3d4	background	1	7	1047
12	k16_1dabe3d4	background	1	8	54
12	k16_1dabe3d4	background	1	9	532
12	k16_1dabe3d4	background	1	10	797
12	k16_1dabe3d4	background	1	11	6022
12	k16_1dabe3d4	background	1	12	207
12	k16_1dabe3d4	background	1	13	489
12	k16_1dabe3d4	background	1	14	2181
12	k16_1dabe3d4	background	1	15	704
12	k16_1dabe3d4	background	1	16	461
12	k16_1dabe3d4	background	2	1	26002
12	k16_1dabe3d4	background	2	2	912667
12	k16_1dabe3d4	background	2	3	214771
12	k16_1dabe3d4	background	2	4	2230791
12	k16_1dabe3d4	background	2	5	1021727
12	k16_1dabe3d4	background	2	6	30092
12	k16_1dabe3d4	background	2	7	43203
12	k16_1dabe3d4	background	2	8	36389
12	k16_1dabe3d4	background	2	9	20833
12	k16_1dabe3d4	background	2	10	44065
12	k16_1dabe3d4	background	2	11	574116
12	k16_1dabe3d4	background	2	12	30918
12	k16_1dabe3d4	background	2	13	15405
12	k16_1dabe3d4	background	2	14	40847
12	k16_1dabe3d4	background	2	15	28678
12	k16_1dabe3d4	background	2	16	24374
13	k16_238f53da	HSat2	1	1	2172583
13	k16_238f53da	HSat2	1	2	47588
13	k16_238f53da	HSat2	1	3	55914
13	k16_238f53da	HSat2	1	4	26645
13	k16_238f53da	HSat2	1	5	15482
13	k16_238f53da	HSat2	1	6	11813
13	k16_238f53da	HSat2	1	7	5474
13	k16_238f53da	HSat2	1	8	3708
13	k16_238f53da	HSat2	1	9	30839
13	k16_238f53da	HSat2	1	10	9776
13	k16_238f53da	HSat2	1	11	29718
13	k16_238f53da	HSat2	1	12	13275
13	k16_238f53da	HSat2	1	13	9577
13	k16_238f53da	HSat2	1	14	28597
13	k16_238f53da	HSat2	1	15	55821
13	k16_238f53da	HSat2	1	16	7760024
13	k16_238f53da	HSat2	2	1	57221780
13	k16_238f53da	HSat2	2	2	973745
13	k16_238f53da	HSat2	2	3	463612
13	k16_238f53da	HSat2	2	4	2378191
13	k16_238f53da	HSat2	2	5	250855
13	k16_238f53da	HSat2	2	6	116703
13	k16_238f53da	HSat2	2	7	133506
13	k16_238f53da	HSat2	2	8	30746
13	k16_238f53da	HSat2	2	9	1156071
13	k16_238f53da	HSat2	2	10	82454
13	k16_238f53da	HSat2	2	11	103540
13	k16_238f53da	HSat2	2	12	55222
13	k16_238f53da	HSat2	2	13	52662
13	k16_238f53da	HSat2	2	14	1205150
13	k16_238f53da	HSat2	2	15	1322369
13	k16_238f53da	HSat2	2	16	56022334
13	k16_238f53da	HSat3	1	1	608
13	k16_238f53da	HSat3	1	2	3
13	k16_238f53da	HSat3	1	3	65
13	k16_238f53da	HSat3	1	4	2
13	k16_238f53da	HSat3	1	5	0
13	k16_238f53da	HSat3	1	6	0
13	k16_238f53da	HSat3	1	7	0
13	k16_238f53da	HSat3	1	8	0
13	k16_238f53da	HSat3	1	9	0
13	k16_238f53da	HSat3	1	10	0
13	k16_238f53da	HSat3	1	11	0
13	k16_238f53da	HSat3	1	12	0
13	k16_238f53da	HSat3	1	13	0
13	k16_238f53da	HSat3	1	14	0
13	k16_238f53da	HSat3	1	15	1345
13	k16_238f53da	HSat3	1	16	4362
13	k16_238f53da	HSat3	2	1	135612
13	k16_238f53da	HSat3	2	2	12010
13	k16_238f53da	HSat3	2	3	226385
13	k16_238f53da	HSat3	2	4	5536
13	k16_238f53da	HSat3	2	5	3022
13	k16_238f53da	HSat3	2	6	10
13	k16_238f53da	HSat3	2	7	134
13	k16_238f53da	HSat3	2	8	454
13	k16_238f53da	HSat3	2	9	8
13	k16_238f53da	HSat3	2	10	869
13	k16_238f53da	HSat3	2	11	121
13	k16_238f53da	HSat3	2	12	990
13	k16_238f53da	HSat3	2	13	3
13	k16_238f53da	HSat3	2	14	2125
13	k16_238f53da	HSat3	2	15	327908
13	k16_238f53da	HSat3	2	16	430489
13	k16_238f53da	HSat23	1	1	2173191
13	k16_238f53da	HSat23	1	2	47591
13	k16_238f53da	HSat23	1	3	55979
13	k16_238f53da	HSat23	1	4	26647
13	k16_238f53da	HSat23	1	5	15482
13	k16_238f53da	HSat23	1	6	11813
13	k16_238f53da	HSat23	1	7	5474
13	k16_238f53da	HSat23	1	8	3708
13	k16_238f53da	HSat23	1	9	30839
13	k16_238f53da	HSat23	1	10	9776
13	k16_238f53da	HSat23	1	11	29718
13	k16_238f53da	HSat23	1	12	13275
13	k16_238f53da	HSat23	1	13	9577
13	k16_238f53da	HSat23	1	14	28597
13	k16_238f53da	HSat23	1	15	57166
13	k16_238f53da	HSat23	1	16	7764405
13	k16_238f53da	HSat23	2	1	57358046
13	k16_238f53da	HSat23	2	2	985755
13	k16_238f53da	HSat23	2	3	689997
13	k16_238f53da	HSat23	2	4	2383736
13	k16_238f53da	HSat23	2	5	253877
13	k16_238f53da	HSat23	2	6	116713
13	k16_238f53da	HSat23	2	7	133640
13	k16_238f53da	HSat23	2	8	31200
13	k16_238f53da	HSat23	2	9	1156079
13	k16_238f53da	HSat23	2	10	83323
13	k16_238f53da	HSat23	2	11	103661
13	k16_238f53da	HSat23	2	12	56212
13	k16_238f53da	HSat23	2	13	52665
13	k16_238f53da	HSat23	2	14	1207286
13	k16_238f53da	HSat23	2	15	1650322
13	k16_238f53da	HSat23	2	16	56453434
13	k16_238f53da	background	1	1	6609
13	k16_238f53da	background	1	2	130
13	k16_238f53da	background	1	3	273
13	k16_238f53da	background	1	4	965
13	k16_238f53da	background	1	5	102
13	k16_238f53da	background	1	6	27
13	k16_238f53da	background	1	7	19
13	k16_238f53da	background	1	8	565
13	k16_238f53da	background	1	9	52
13	k16_238f53da	background	1	10	47
13	k16_238f53da	background	1	11	133
13	k16_238f53da	background	1	12	97
13	k16_238f53da	background	1	13	575
13	k16_238f53da	background	1	14	2950
13	k16_238f53da	background	1	15	2010
13	k16_238f53da	background	1	16	24450
13	k16_238f53da	background	2	1	182377
13	k16_238f53da	background	2	2	36082
13	k16_238f53da	background	2	3	22430
13	k16_238f53da	background	2	4	27421
13	k16_238f53da	background	2	5	30918
13	k16_238f53da	background	2	6	43218
13	k16_238f53da	background	2	7	19580
13	k16_238f53da	background	2	8	24265
13	k16_238f53da	background	2	9	39826
13	k16_238f53da	background	2	10	17839
13	k16_238f53da	background	2	11	21392
13	k16_238f53da	background	2	12	26210
13	k16_238f53da	background	2	13	18368
13	k16_238f53da	background	2	14	137277
13	k16_238f53da	background	2	15	127432
13	k16_238f53da	background	2	16	203747
14	k16_281a0283	HSat2	1	1	2854
14	k16_281a0283	HSat2	1	2	0
14	k16_281a0283	HSat2	1	3	0
14	k16_281a0283	HSat2	1	4	0
14	k16_281a0283	HSat2	1	5	0
14	k16_281a0283	HSat2	1	6	2647
14	k16_281a0283	HSat2	1	7	828
14	k16_281a0283	HSat2	1	8	0
14	k16_281a0283	HSat2	1	9	0
14	k16_281a0283	HSat2	1	10	0
14	k16_281a0283	HSat2	1	11	936
14	k16_281a0283	HSat2	1	12	102
14	k16_281a0283	HSat2	1	13	0
14	k16_281a0283	HSat2	1	14	0
14	k16_281a0283	HSat2	1	15	0
14	k16_281a0283	HSat2	1	16	0
14	k16_281a0283	HSat2	2	1	299184
14	k16_281a0283	HSat2	2	2	5132
14	k16_281a0283	HSat2	2	3	1368
14	k16_281a0283	HSat2	2	4	1
14	k16_281a0283	HSat2	2	5	227
14	k16_281a0283	HSat2	2	6	140157
14	k16_281a0283	HSat2	2	7	198331
14	k16_281a0283	HSat2	2	8	974
14	k16_281a0283	HSat2	2	9	3
14	k16_281a0283	HSat2	2	10	3
14	k16_281a0283	HSat2	2	11	262182
14	k16_281a0283	HSat2	2	12	16972
14	k16_281a0283	HSat2	2	13	224
14	k16_281a0283	HSat2	2	14	4
14	k16_281a0283	HSat2	2	15	210
14	k16_281a0283	HSat2	2	16	16
14	k16_281a0283	HSat3	1	1	1385279
14	k16_281a0283	HSat3	1	2	2678
14	k16_281a0283	HSat3	1	3	1008
14	k16_281a0283	HSat3	1	4	400
14	k16_281a0283	HSat3	1	5	833
14	k16_281a0283	HSat3	1	6	577559
14	k16_281a0283	HSat3	1	7	3961
14	k16_281a0283	HSat3	1	8	3714
14	k16_281a0283	HSat3	1	9	14
14	k16_281a0283	HSat3	1	10	152
14	k16_281a0283	HSat3	1	11	522563
14	k16_281a0283	HSat3	1	12	557
14	k16_281a0283	HSat3	1	13	1170
14	k16_281a0283	HSat3	1	14	84
14	k16_281a0283	HSat3	1	15	567
14	k16_281a0283	HSat3	1	16	8938
14	k16_281a0283	HSat3	2	1	39234505
14	k16_281a0283	HSat3	2	2	203424
14	k16_281a0283	HSat3	2	3	159792
14	k16_281a0283	HSat3	2	4	24588
14	k16_281a0283	HSat3	2	5	73464
14	k16_281a0283	HSat3	2	6	34209870
14	k16_281a0283	HSat3	2	7	386663
14	k16_281a0283	HSat3	2	8	172064
14	k16_281a0283	HSat3	2	9	27813
14	k16_281a0283	HSat3	2	10	93415
14	k16_281a0283	HSat3	2	11	36852621
14	k16_281a0283	HSat3	2	12	171420
14	k16_281a0283	HSat3	2	13	169104
14	k16_281a0283	HSat3	2	14	29942
14	k16_281a0283	HSat3	2	15	232840
14	k16_281a0283	HSat3	2	16	696449
14	k16_281a0283	HSat23	1	1	1388136
14	k16_281a0283	HSat23	1	2	2678
14	k16_281a0283	HSat23	1	3	1008
14	k16_281a0283	HSat23	1	4	400
14	k16_281a0283	HSat23	1	5	833
14	k16_281a0283	HSat23	1	6	580206
14	k16_281a0283	HSat23	1	7	4789
14	k16_281a0283	HSat23	1	8	3714
14	k16_281a0283	HSat23	1	9	14
14	k16_281a0283	HSat23	1	10	152
14	k16_281a0283	HSat23	1	11	523499
14	k16_281a0283	HSat23	1	12	659
14	k16_281a0283	HSat23	1	13	1170
14	k16_281a0283	HSat23	1	14	84
14	k16_281a0283	HSat23	1	15	567
14	k16_281a0283	HSat23	1	16	8938
14	k16_281a0283	HSat23	2	1	39533835
14	k16_281a0283	HSat23	2	2	208566
14	k16_281a0283	HSat23	2	3	161160
14	k16_281a0283	HSat23	2	4	24589
14	k16_281a0283	HSat23	2	5	73691
14	k16_281a0283	HSat23	2	6	34350239
14	k16_281a0283	HSat23	2	7	584994
14	k16_281a0283	HSat23	2	8	173038
14	k16_281a0283	HSat23	2	9	27816
14	k16_281a0283	HSat23	2	10	93418
14	k16_281a0283	HSat23	2	11	37115019
14	k16_281a0283	HSat23	2	12	188392
14	k16_281a0283	HSat23	2	13	169332
14	k16_281a0283	HSat23	2	14	29946
14	k16_281a0283	HSat23	2	15	233050
14	k16_281a0283	HSat23	2	16	696465
14	k16_281a0283	background	1	1	1082
14	k16_281a0283	background	1	2	718
14	k16_281a0283	background	1	3	345
14	k16_281a0283	background	1	4	325
14	k16_281a0283	background	1	5	431
14	k16_281a0283	background	1	6	70027
14	k16_281a0283	background	1	7	11650
14	k16_281a0283	background	1	8	1852
14	k16_281a0283	background	1	9	474
14	k16_281a0283	background	1	10	494
14	k16_281a0283	background	1	11	1416
14	k16_281a0283	background	1	12	1879
14	k16_281a0283	background	1	13	1371
14	k16_281a0283	background	1	14	6
14	k16_281a0283	background	1	15	3315
14	k16_281a0283	background	1	16	5137
14	k16_281a0283	background	2	1	105852
14	k16_281a0283	background	2	2	143785
14	k16_281a0283	background	2	3	179926
14	k16_281a0283	background	2	4	83192
14	k16_281a0283	background	2	5	63903
14	k16_281a0283	background	2	6	3128926
14	k16_281a0283	background	2	7	392109
14	k16_281a0283	background	2	8	263772
14	k16_281a0283	background	2	9	67133
14	k16_281a0283	background	2	10	67121
14	k16_281a0283	background	2	11	112737
14	k16_281a0283	background	2	12	90211
14	k16_281a0283	background	2	13	161960
14	k16_281a0283	background	2	14	75245
14	k16_281a0283	background	2	15	102486
14	k16_281a0283	background	2	16	2362220
15	k16_2d0f4f63	HSat2	1	1	616
15	k16_2d0f4f63	HSat2	1	2	4218728
15	k16_2d0f4f63	HSat2	1	3	1362
15	k16_2d0f4f63	HSat2	1	4	549
15	k16_2d0f4f63	HSat2	1	5	2646
15	k16_2d0f4f63	HSat2	1	6	1445
15	k16_2d0f4f63	HSat2	1	7	1114
15	k16_2d0f4f63	HSat2	1	8	4905
15	k16_2d0f4f63	HSat2	1	9	5126
15	k16_2d0f4f63	HSat2	1	10	3169
15	k16_2d0f4f63	HSat2	1	11	602
15	k16_2d0f4f63	HSat2	1	12	135
15	k16_2d0f4f63	HSat2	1	13	4243
15	k16_2d0f4f63	HSat2	1	14	2117
15	k16_2d0f4f63	HSat2	1	15	455
15	k16_2d0f4f63	HSat2	1	16	3736
15	k16_2d0f4f63	HSat2	2	1	30164
15	k16_2d0f4f63	HSat2	2	2	1671989
15	k16_2d0f4f63	HSat2	2	3	17402
15	k16_2d0f4f63	HSat2	2	4	71329
15	k16_2d0f4f63	HSat2	2	5	1135811
15	k16_2d0f4f63	HSat2	2	6	32776
15	k16_2d0f4f63	HSat2	2	7	18759
15	k16_2d0f4f63	HSat2	2	8	52419
15	k16_2d0f4f63	HSat2	2	9	49113
15	k16_2d0f4f63	HSat2	2	10	24979
15	k16_2d0f4f63	HSat2	2	11	19935
15	k16_2d0f4f63	HSat2	2	12	8466
15	k16_2d0f4f63	HSat2	2	13	58804
15	k16_2d0f4f63	HSat2	2	14	106040
15	k16_2d0f4f63	HSat2	2	15	40784
15	k16_2d0f4f63	HSat2	2	16	23224
15	k16_2d0f4f63	HSat3	1	1	0
15	k16_2d0f4f63	HSat3	1	2	567
15	k16_2d0f4f63	HSat3	1	3	0
15	k16_2d0f4f63	HSat3	1	4	0
15	k16_2d0f4f63	HSat3	1	5	0
15	k16_2d0f4f63	HSat3	1	6	7
15	k16_2d0f4f63	HSat3	1	7	0
15	k16_2d0f4f63	HSat3	1	8	0
15	k16_2d0f4f63	HSat3	1	9	0
15	k16_2d0f4f63	HSat3	1	10	0
15	k16_2d0f4f63	HSat3	1	11	0
15	k16_2d0f4f63	HSat3	1	12	0
15	k16_2d0f4f63	HSat3	1	13	0
15	k16_2d0f4f63	HSat3	1	14	658
15	k16_2d0f4f63	HSat3	1	15	0
15	k16_2d0f4f63	HSat3	1	16	0
15	k16_2d0f4f63	HSat3	2	1	442
15	k16_2d0f4f63	HSat3	2	2	26426
15	k16_2d0f4f63	HSat3	2	3	356
15	k16_2d0f4f63	HSat3	2	4	371
15	k16_2d0f4f63	HSat3	2	5	8277
15	k16_2d0f4f63	HSat3	2	6	1777
15	k16_2d0f4f63	HSat3	2	7	2
15	k16_2d0f4f63	HSat3	2	8	1107
15	k16_2d0f4f63	HSat3	2	9	1
15	k16_2d0f4f63	HSat3	2	10	463
15	k16_2d0f4f63	HSat3	2	11	0
15	k16_2d0f4f63	HSat3	2	12	0
15	k16_2d0f4f63	HSat3	2	13	580
15	k16_2d0f4f63	HSat3	2	14	26475
15	k16_2d0f4f63	HSat3	2	15	0
15	k16_2d0f4f63	HSat3	2	16	1411
15	k16_2d0f4f63	HSat23	1	1	616
15	k16_2d0f4f63	HSat23	1	2	4219295
15	k16_2d0f4f63	HSat23	1	3	1362
15	k16_2d0f4f63	HSat23	1	4	549
15	k16_2d0f4f63	HSat23	1	5	2646
15	k16_2d0f4f63	HSat23	1	6	1452
15	k16_2d0f4f63	HSat23	1	7	1114
15	k16_2d0f4f63	HSat23	1	8	4905
15	k16_2d0f4f63	HSat23	1	9	5126
15	k16_2d0f4f63	HSat23	1	10	3169
15	k16_2d0f4f63	HSat23	1	11	602
15	k16_2d0f4f63	HSat23	1	12	135
15	k16_2d0f4f63	HSat23	1	13	4243
15	k16_2d0f4f63	HSat23	1	14	2775
15	k16_2d0f4f63	HSat23	1	15	455
15	k16_2d0f4f63	HSat23	1	16	3736
15	k16_2d0f4f63	HSat23	2	1	30606
15	k16_2d0f4f63	HSat23	2	2	1698420
15	k16_2d0f4f63	HSat23	2	3	17758
15	k16_2d0f4f63	HSat23	2	4	71700
15	k16_2d0f4f63	HSat23	2	5	1144093
15	k16_2d0f4f63	HSat23	2	6	34553
15	k16_2d0f4f63	HSat23	2	7	18761
15	k16_2d0f4f63	HSat23	2	8	53526
15	k16_2d0f4f63	HSat23	2	9	49114
15	k16_2d0f4f63	HSat23	2	10	25442
15	k16_2d0f4f63	HSat23	2	11	19935
15	k16_2d0f4f63	HSat23	2	12	8466
15	k16_2d0f4f63	HSat23	2	13	59384
15	k16_2d0f4f63	HSat23	2	14	132515
15	k16_2d0f4f63	HSat23	2	15	40784
15	k16_2d0f4f63	HSat23	2	16	24635
15	k16_2d0f4f63	background	1	1	1
15	k16_2d0f4f63	background	1	2	15786
15	k16_2d0f4f63	background	1	3	0
15	k16_2d0f4f63	background	1	4	1
15	k16_2d0f4f63	background	1	5	7
15	k16_2d0f4f63	background	1	6	519
15	k16_2d0f4f63	background	1	7	1
15	k16_2d0f4f63	background	1	8	545
15	k16_2d0f4f63	background	1	9	3
15	k16_2d0f4f63	background	1	10	1
15	k16_2d0f4f63	background	1	11	0
15	k16_2d0f4f63	background	1	12	0
15	k16_2d0f4f63	background	1	13	914
15	k16_2d0f4f63	background	1	14	5748
15	k16_2d0f4f63	background	1	15	558
15	k16_2d0f4f63	background	1	16	436
15	k16_2d0f4f63	background	2	1	19854
15	k16_2d0f4f63	background	2	2	59762
15	k16_2d0f4f63	background	2	3	33039
15	k16_2d0f4f63	background	2	4	58242
15	k16_2d0f4f63	background	2	5	26201
15	k16_2d0f4f63	background	2	6	44641
15	k16_2d0f4f63	background	2	7	24591
15	k16_2d0f4f63	background	2	8	27042
15	k16_2d0f4f63	background	2	9	37059
15	k16_2d0f4f63	background	2	10	24767
15	k16_2d0f4f63	background	2	11	26094
15	k16_2d0f4f63	background	2	12	18788
15	k16_2d0f4f63	background	2	13	128205
15	k16_2d0f4f63	background	2	14	209321
15	k16_2d0f4f63	background	2	15	45233
15	k16_2d0f4f63	background	2	16	27793
16	k16_2ec3c158	HSat2	1	1	0
16	k16_2ec3c158	HSat2	1	2	0
16	k16_2ec3c158	HSat2	1	3	0
16	k16_2ec3c158	HSat2	1	4	0
16	k16_2ec3c158	HSat2	1	5	0
16	k16_2ec3c158	HSat2	1	6	0
16	k16_2ec3c158	HSat2	1	7	0
16	k16_2ec3c158	HSat2	1	8	0
16	k16_2ec3c158	HSat2	1	9	0
16	k16_2ec3c158	HSat2	1	10	0
16	k16_2ec3c158	HSat2	1	11	0
16	k16_2ec3c158	HSat2	1	12	0
16	k16_2ec3c158	HSat2	1	13	0
16	k16_2ec3c158	HSat2	1	14	0
16	k16_2ec3c158	HSat2	1	15	0
16	k16_2ec3c158	HSat2	1	16	0
16	k16_2ec3c158	HSat2	2	1	0
16	k16_2ec3c158	HSat2	2	2	0
16	k16_2ec3c158	HSat2	2	3	0
16	k16_2ec3c158	HSat2	2	4	0
16	k16_2ec3c158	HSat2	2	5	1
16	k16_2ec3c158	HSat2	2	6	0
16	k16_2ec3c158	HSat2	2	7	0
16	k16_2ec3c158	HSat2	2	8	0
16	k16_2ec3c158	HSat2	2	9	0
16	k16_2ec3c158	HSat2	2	10	0
16	k16_2ec3c158	HSat2	2	11	0
16	k16_2ec3c158	HSat2	2	12	0
16	k16_2ec3c158	HSat2	2	13	0
16	k16_2ec3c158	HSat2	2	14	1
16	k16_2ec3c158	HSat2	2	15	0
16	k16_2ec3c158	HSat2	2	16	0
16	k16_2ec3c158	HSat3	1	1	0
16	k16_2ec3c158	HSat3	1	2	20613
16	k16_2ec3c158	HSat3	1	3	4
16	k16_2ec3c158	HSat3	1	4	17
16	k16_2ec3c158	HSat3	1	5	52903
16	k16_2ec3c158	HSat3	1	6	0
16	k16_2ec3c158	HSat3	1	7	4
16	k16_2ec3c158	HSat3	1	8	6
16	k16_2ec3c158	HSat3	1	9	4141
16	k16_2ec3c158	HSat3	1	10	0
16	k16_2ec3c158	HSat3	1	11	0
16	k16_2ec3c158	HSat3	1	12	6
16	k16_2ec3c158	HSat3	1	13	17
16	k16_2ec3c158	HSat3	1	14	25
16	k16_2ec3c158	HSat3	1	15	1
16	k16_2ec3c158	HSat3	1	16	0
16	k16_2ec3c158	HSat3	2	1	1138
16	k16_2ec3c158	HSat3	2	2	7199395
16	k16_2ec3c158	HSat3	2	3	783
16	k16_2ec3c158	HSat3	2	4	27791
16	k16_2ec3c158	HSat3	2	5	7091390
16	k16_2ec3c158	HSat3	2	6	942
16	k16_2ec3c158	HSat3	2	7	604
16	k16_2ec3c158	HSat3	2	8	1846
16	k16_2ec3c158	HSat3	2	9	495794
16	k16_2ec3c158	HSat3	2	10	1672
16	k16_2ec3c158	HSat3	2	11	416
16	k16_2ec3c158	HSat3	2	12	3747
16	k16_2ec3c158	HSat3	2	13	7870
16	k16_2ec3c158	HSat3	2	14	18718
16	k16_2ec3c158	HSat3	2	15	8312
16	k16_2ec3c158	HSat3	2	16	1558
16	k16_2ec3c158	HSat23	1	1	0
16	k16_2ec3c158	HSat23	1	2	20613
16	k16_2ec3c158	HSat23	1	3	4
16	k16_2ec3c158	HSat23	1	4	17
16	k16_2ec3c158	HSat23	1	5	52903
16	k16_2ec3c158	HSat23	1	6	0
16	k16_2ec3c158	HSat23	1	7	4
16	k16_2ec3c158	HSat23	1	8	6
16	k16_2ec3c158	HSat23	1	9	4141
16	k16_2ec3c158	HSat23	1	10	0
16	k16_2ec3c158	HSat23	1	11	0
16	k16_2ec3c158	HSat23	1	12	6
16	k16_2ec3c158	HSat23	1	13	17
16	k16_2ec3c158	HSat23	1	14	25
16	k16_2ec3c158	HSat23	1	15	1
16	k16_2ec3c158	HSat23	1	16	0
16	k16_2ec3c158	HSat23	2	1	1138
16	k16_2ec3c158	HSat23	2	2	7199395
16	k16_2ec3c158	HSat23	2	3	783
16	k16_2ec3c158	HSat23	2	4	27791
16	k16_2ec3c158	HSat23	2	5	7091391
16	k16_2ec3c158	HSat23	2	6	942
16	k16_2ec3c158	HSat23	2	7	604
16	k16_2ec3c158	HSat23	2	8	1846
16	k16_2ec3c158	HSat23	2	9	495794
16	k16_2ec3c158	HSat23	2	10	1672
16	k16_2ec3c158	HSat23	2	11	416
16	k16_2ec3c158	HSat23	2	12	3747
16	k16_2ec3c158	HSat23	2	13	7870
16	k16_2ec3c158	HSat23	2	14	18719
16	k16_2ec3c158	HSat23	2	15	8312
16	k16_2ec3c158	HSat23	2	16	1558
16	k16_2ec3c158	background	1	1	0
16	k16_2ec3c158	background	1	2	0
16	k16_2ec3c158	background	1	3	0
16	k16_2ec3c158	background	1	4	0
16	k16_2ec3c158	background	1	5	4
16	k16_2ec3c158	background	1	6	421
16	k16_2ec3c158	background	1	7	0
16	k16_2ec3c158	background	1	8	1
16	k16_2ec3c158	background	1	9	453
16	k16_2ec3c158	background	1	10	543
16	k16_2ec3c158	background	1	11	0
16	k16_2ec3c158	background	1	12	559
16	k16_2ec3c158	background	1	13	0
16	k16_2ec3c158	background	1	14	2614
16	k16_2ec3c158	background	1	15	1299
16	k16_2ec3c158	background	1	16	0
16	k16_2ec3c158	background	2	1	8985
16	k16_2ec3c158	background	2	2	23923
16	k16_2ec3c158	background	2	3	13862
16	k16_2ec3c158	background	2	4	23002
16	k16_2ec3c158	background	2	5	32482
16	k16_2ec3c158	background	2	6	11416
16	k16_2ec3c158	background	2	7	11971
16	k16_2ec3c158	background	2	8	19540
16	k16_2ec3c158	background	2	9	25124
16	k16_2ec3c158	background	2	10	12592
16	k16_2ec3c158	background	2	11	12577
16	k16_2ec3c158	background	2	12	29966
16	k16_2ec3c158	background	2	13	25262
16	k16_2ec3c158	background	2	14	81884
16	k16_2ec3c158	background	2	15	81468
16	k16_2ec3c158	background	2	16	11344
17	k16_2f53c4f5	HSat2	1	1	2058
17	k16_2f53c4f5	HSat2	1	2	1032
17	k16_2f53c4f5	HSat2	1	3	0
17	k16_2f53c4f5	HSat2	1	4	0
17	k16_2f53c4f5	HSat2	1	5	0
17	k16_2f53c4f5	HSat2	1	6	0
17	k16_2f53c4f5	HSat2	1	7	0
17	k16_2f53c4f5	HSat2	1	8	0
17	k16_2f53c4f5	HSat2	1	9	0
17	k16_2f53c4f5	HSat2	1	10	4730
17	k16_2f53c4f5	HSat2	1	11	6
17	k16_2f53c4f5	HSat2	1	12	1
17	k16_2f53c4f5	HSat2	1	13	1
17	k16_2f53c4f5	HSat2	1	14	0
17	k16_2f53c4f5	HSat2	1	15	0
17	k16_2f53c4f5	HSat2	1	16	0
17	k16_2f53c4f5	HSat2	2	1	2053681
17	k16_2f53c4f5	HSat2	2	2	337577
17	k16_2f53c4f5	HSat2	2	3	34
17	k16_2f53c4f5	HSat2	2	4	5
17	k16_2f53c4f5	HSat2	2	5	56
17	k16_2f53c4f5	HSat2	2	6	1918
17	k16_2f53c4f5	HSat2	2	7	237
17	k16_2f53c4f5	HSat2	2	8	1
17	k16_2f53c4f5	HSat2	2	9	101
17	k16_2f53c4f5	HSat2	2	10	2250364
17	k16_2f53c4f5	HSat2	2	11	42268
17	k16_2f53c4f5	HSat2	2	12	435
17	k16_2f53c4f5	HSat2	2	13	1085
17	k16_2f53c4f5	HSat2	2	14	38
17	k16_2f53c4f5	HSat2	2	15	1700
17	k16_2f53c4f5	HSat2	2	16	72
17	k16_2f53c4f5	HSat3	1	1	1938984
17	k16_2f53c4f5	HSat3	1	2	93148
17	k16_2f53c4f5	HSat3	1	3	201
17	k16_2f53c4f5	HSat3	1	4	1047
17	k16_2f53c4f5	HSat3	1	5	92
17	k16_2f53c4f5	HSat3	1	6	917
17	k16_2f53c4f5	HSat3	1	7	1556
17	k16_2f53c4f5	HSat3	1	8	631
17	k16_2f53c4f5	HSat3	1	9	6
17	k16_2f53c4f5	HSat3	1	10	329050
17	k16_2f53c4f5	HSat3	1	11	262
17	k16_2f53c4f5	HSat3	1	12	401
17	k16_2f53c4f5	HSat3	1	13	1207
17	k16_2f53c4f5	HSat3	1	14	103
17	k16_2f53c4f5	HSat3	1	15	2749
17	k16_2f53c4f5	HSat3	1	16	8274
17	k16_2f53c4f5	HSat3	2	1	25240013
17	k16_2f53c4f5	HSat3	2	2	19283173
17	k16_2f53c4f5	HSat3	2	3	114343
17	k16_2f53c4f5	HSat3	2	4	44943
17	k16_2f53c4f5	HSat3	2	5	148686
17	k16_2f53c4f5	HSat3	2	6	117685
17	k16_2f53c4f5	HSat3	2	7	186749
17	k16_2f53c4f5	HSat3	2	8	64288
17	k16_2f53c4f5	HSat3	2	9	19505
17	k16_2f53c4f5	HSat3	2	10	36774515
17	k16_2f53c4f5	HSat3	2	11	159101
17	k16_2f53c4f5	HSat3	2	12	98667
17	k16_2f53c4f5	HSat3	2	13	78770
17	k16_2f53c4f5	HSat3	2	14	24921
17	k16_2f53c4f5	HSat3	2	15	195539
17	k16_2f53c4f5	HSat3	2	16	310594
17	k16_2f53c4f5	HSat23	1	1	1941042
17	k16_2f53c4f5	HSat23	1	2	94180
17	k16_2f53c4f5	HSat23	1	3	201
17	k16_2f53c4f5	HSat23	1	4	1047
17	k16_2f53c4f5	HSat23	1	5	92
17	k16_2f53c4f5	HSat23	1	6	917
17	k16_2f53c4f5	HSat23	1	7	1556
17	k16_2f53c4f5	HSat23	1	8	631
17	k16_2f53c4f5	HSat23	1	9	6
17	k16_2f53c4f5	HSat23	1	10	333780
17	k16_2f53c4f5	HSat23	1	11	268
17	k16_2f53c4f5	HSat23	1	12	402
17	k16_2f53c4f5	HSat23	1	13	1208
17	k16_2f53c4f5	HSat23	1	14	103
17	k16_2f53c4f5	HSat23	1	15	2749
17	k16_2f53c4f5	HSat23	1	16	8274
17	k16_2f53c4f5	HSat23	2	1	27293752
17	k16_2f53c4f5	HSat23	2	2	19621551
17	k16_2f53c4f5	HSat23	2	3	114377
17	k16_2f53c4f5	HSat23	2	4	44948
17	k16_2f53c4f5	HSat23	2	5	148742
17	k16_2f53c4f5	HSat23	2	6	119603
17	k16_2f53c4f5	HSat23	2	7	186993
17	k16_2f53c4f5	HSat23	2	8	64289
17	k16_2f53c4f5	HSat23	2	9	19606
17	k16_2f53c4f5	HSat23	2	10	39025731
17	k16_2f53c4f5	HSat23	2	11	201369
17	k16_2f53c4f5	HSat23	2	12	99102
17	k16_2f53c4f5	HSat23	2	13	79855
17	k16_2f53c4f5	HSat23	2	14	24959
17	k16_2f53c4f5	HSat23	2	15	197239
17	k16_2f53c4f5	HSat23	2	16	310666
17	k16_2f53c4f5	background	1	1	763
17	k16_2f53c4f5	background	1	2	5217
17	k16_2f53c4f5	background	1	3	0
17	k16_2f53c4f5	background	1	4	1145
17	k16_2f53c4f5	background	1	5	893
17	k16_2f53c4f5	background	1	6	2213
17	k16_2f53c4f5	background	1	7	9803
17	k16_2f53c4f5	background	1	8	1007
17	k16_2f53c4f5	background	1	9	2860
17	k16_2f53c4f5	background	1	10	6671
17	k16_2f53c4f5	background	1	11	2431
17	k16_2f53c4f5	background	1	12	1927
17	k16_2f53c4f5	background	1	13	862
17	k16_2f53c4f5	background	1	14	545
17	k16_2f53c4f5	background	1	15	2228
17	k16_2f53c4f5	background	1	16	2235
17	k16_2f53c4f5	background	2	1	120261
17	k16_2f53c4f5	background	2	2	202875
17	k16_2f53c4f5	background	2	3	73837
17	k16_2f53c4f5	background	2	4	118113
17	k16_2f53c4f5	background	2	5	132242
17	k16_2f53c4f5	background	2	6	95600
17	k16_2f53c4f5	background	2	7	124766
17	k16_2f53c4f5	background	2	8	83880
17	k16_2f53c4f5	background	2	9	101073
17	k16_2f53c4f5	background	2	10	245659
17	k16_2f53c4f5	background	2	11	134026
17	k16_2f53c4f5	background	2	12	85159
17	k16_2f53c4f5	background	2	13	70546
17	k16_2f53c4f5	background	2	14	56629
17	k16_2f53c4f5	background	2	15	113410
17	k16_2f53c4f5	background	2	16	100022
18	k16_34d83a51	HSat2	1	1	1614
18	k16_34d83a51	HSat2	1	2	179
18	k16_34d83a51	HSat2	1	3	714
18	k16_34d83a51	HSat2	1	4	12112
18	k16_34d83a51	HSat2	1	5	170
18	k16_34d83a51	HSat2	1	6	1901
18	k16_34d83a51	HSat2	1	7	4377
18	k16_34d83a51	HSat2	1	8	29
18	k16_34d83a51	HSat2	1	9	770
18	k16_34d83a51	HSat2	1	10	250
18	k16_34d83a51	HSat2	1	11	3988
18	k16_34d83a51	HSat2	1	12	1856
18	k16_34d83a51	HSat2	1	13	1243542
18	k16_34d83a51	HSat2	1	14	3936
18	k16_34d83a51	HSat2	1	15	90717
18	k16_34d83a51	HSat2	1	16	4578
18	k16_34d83a51	HSat2	2	1	71510
18	k16_34d83a51	HSat2	2	2	12418
18	k16_34d83a51	HSat2	2	3	21247
18	k16_34d83a51	HSat2	2	4	14880
18	k16_34d83a51	HSat2	2	5	496172
18	k16_34d83a51	HSat2	2	6	135540
18	k16_34d83a51	HSat2	2	7	302487
18	k16_34d83a51	HSat2	2	8	17356
18	k16_34d83a51	HSat2	2	9	51301
18	k16_34d83a51	HSat2	2	10	34802
18	k16_34d83a51	HSat2	2	11	18982
18	k16_34d83a51	HSat2	2	12	32511
18	k16_34d83a51	HSat2	2	13	30236998
18	k16_34d83a51	HSat2	2	14	514234
18	k16_34d83a51	HSat2	2	15	28378299
18	k16_34d83a51	HSat2	2	16	538161
18	k16_34d83a51	HSat3	1	1	0
18	k16_34d83a51	HSat3	1	2	0
18	k16_34d83a51	HSat3	1	3	0
18	k16_34d83a51	HSat3	1	4	0
18	k16_34d83a51	HSat3	1	5	0
18	k16_34d83a51	HSat3	1	6	0
18	k16_34d83a51	HSat3	1	7	0
18	k16_34d83a51	HSat3	1	8	0
18	k16_34d83a51	HSat3	1	9	0
18	k16_34d83a51	HSat3	1	10	0
18	k16_34d83a51	HSat3	1	11	0
18	k16_34d83a51	HSat3	1	12	0
18	k16_34d83a51	HSat3	1	13	46
18	k16_34d83a51	HSat3	1	14	0
18	k16_34d83a51	HSat3	1	15	0
18	k16_34d83a51	HSat3	1	16	0
18	k16_34d83a51	HSat3	2	1	0
18	k16_34d83a51	HSat3	2	2	0
18	k16_34d83a51	HSat3	2	3	0
18	k16_34d83a51	HSat3	2	4	0
18	k16_34d83a51	HSat3	2	5	681
18	k16_34d83a51	HSat3	2	6	0
18	k16_34d83a51	HSat3	2	7	75
18	k16_34d83a51	HSat3	2	8	0
18	k16_34d83a51	HSat3	2	9	0
18	k16_34d83a51	HSat3	2	10	29
18	k16_34d83a51	HSat3	2	11	0
18	k16_34d83a51	HSat3	2	12	0
18	k16_34d83a51	HSat3	2	13	3723
18	k16_34d83a51	HSat3	2	14	40
18	k16_34d83a51	HSat3	2	15	2964
18	k16_34d83a51	HSat3	2	16	0
18	k16_34d83a51	HSat23	1	1	1614
18	k16_34d83a51	HSat23	1	2	179
18	k16_34d83a51	HSat23	1	3	714
18	k16_34d83a51	HSat23	1	4	12112
18	k16_34d83a51	HSat23	1	5	170
18	k16_34d83a51	HSat23	1	6	1901
18	k16_34d83a51	HSat23	1	7	4377
18	k16_34d83a51	HSat23	1	8	29
18	k16_34d83a51	HSat23	1	9	770
18	k16_34d83a51	HSat23	1	10	250
18	k16_34d83a51	HSat23	1	11	3988
18	k16_34d83a51	HSat23	1	12	1856
18	k16_34d83a51	HSat23	1	13	1243602
18	k16_34d83a51	HSat23	1	14	3936
18	k16_34d83a51	HSat23	1	15	90717
18	k16_34d83a51	HSat23	1	16	4578
18	k16_34d83a51	HSat23	2	1	71510
18	k16_34d83a51	HSat23	2	2	12418
18	k16_34d83a51	HSat23	2	3	21247
18	k16_34d83a51	HSat23	2	4	14880
18	k16_34d83a51	HSat23	2	5	496879
18	k16_34d83a51	HSat23	2	6	135540
18	k16_34d83a51	HSat23	2	7	302565
18	k16_34d83a51	HSat23	2	8	17356
18	k16_34d83a51	HSat23	2	9	51301
18	k16_34d83a51	HSat23	2	10	34843
18	k16_34d83a51	HSat23	2	11	18982
18	k16_34d83a51	HSat23	2	12	32511
18	k16_34d83a51	HSat23	2	13	30240835
18	k16_34d83a51	HSat23	2	14	514283
18	k16_34d83a51	HSat23	2	15	28381351
18	k16_34d83a51	HSat23	2	16	538161
18	k16_34d83a51	background	1	1	1
18	k16_34d83a51	background	1	2	0
18	k16_34d83a51	background	1	3	0
18	k16_34d83a51	background	1	4	17
18	k16_34d83a51	background	1	5	0
18	k16_34d83a51	background	1	6	458
18	k16_34d83a51	background	1	7	1599
18	k16_34d83a51	background	1	8	0
18	k16_34d83a51	background	1	9	0
18	k16_34d83a51	background	1	10	0
18	k16_34d83a51	background	1	11	442
18	k16_34d83a51	background	1	12	5
18	k16_34d83a51	background	1	13	2656
18	k16_34d83a51	background	1	14	15
18	k16_34d83a51	background	1	15	192
18	k16_34d83a51	background	1	16	6
18	k16_34d83a51	background	2	1	17539
18	k16_34d83a51	background	2	2	12432
18	k16_34d83a51	background	2	3	13329
18	k16_34d83a51	background	2	4	14512
18	k16_34d83a51	background	2	5	22531
18	k16_34d83a51	background	2	6	69621
18	k16_34d83a51	background	2	7	69767
18	k16_34d83a51	background	2	8	16021
18	k16_34d83a51	background	2	9	13754
18	k16_34d83a51	background	2	10	12474
18	k16_34d83a51	background	2	11	11511
18	k16_34d83a51	background	2	12	19021
18	k16_34d83a51	background	2	13	103834
18	k16_34d83a51	background	2	14	7427
18	k16_34d83a51	background	2	15	93383
18	k16_34d83a51	background	2	16	26264
19	k16_360e8045	HSat2	1	1	19894
19	k16_360e8045	HSat2	1	2	3233
19	k16_360e8045	HSat2	1	3	17235
19	k16_360e8045	HSat2	1	4	804299
19	k16_360e8045	HSat2	1	5	802
19	k16_360e8045	HSat2	1	6	5117
19	k16_360e8045	HSat2	1	7	15306
19	k16_360e8045	HSat2	1	8	17001
19	k16_360e8045	HSat2	1	9	5543
19	k16_360e8045	HSat2	1	10	1255
19	k16_360e8045	HSat2	1	11	7856
19	k16_360e8045	HSat2	1	12	2489813
19	k16_360e8045	HSat2	1	13	20076
19	k16_360e8045	HSat2	1	14	207615
19	k16_360e8045	HSat2	1	15	213317
19	k16_360e8045	HSat2	1	16	6539
19	k16_360e8045	HSat2	2	1	3386405
19	k16_360e8045	HSat2	2	2	61451
19	k16_360e8045	HSat2	2	3	1059103
19	k16_360e8045	HSat2	2	4	690585
19	k16_360e8045	HSat2	2	5	12287
19	k16_360e8045	HSat2	2	6	35752
19	k16_360e8045	HSat2	2	7	113866
19	k16_360e8045	HSat2	2	8	59129
19	k16_360e8045	HSat2	2	9	40249
19	k16_360e8045	HSat2	2	10	22332
19	k16_360e8045	HSat2	2	11	58519
19	k16_360e8045	HSat2	2	12	39864531
19	k16_360e8045	HSat2	2	13	119835
19	k16_360e8045	HSat2	2	14	91157
19	k16_360e8045	HSat2	2	15	39787040
19	k16_360e8045	HSat2	2	16	187717
19	k16_360e8045	HSat3	1	1	0
19	k16_360e8045	HSat3	1	2	2
19	k16_360e8045	HSat3	1	3	5916
19	k16_360e8045	HSat3	1	4	0
19	k16_360e8045	HSat3	1	5	0
19	k16_360e8045	HSat3	1	6	1
19	k16_360e8045	HSat3	1	7	0
19	k16_360e8045	HSat3	1	8	6
19	k16_360e8045	HSat3	1	9	0
19	k16_360e8045	HSat3	1	10	0
19	k16_360e8045	HSat3	1	11	0
19	k16_360e8045	HSat3	1	12	1249
19	k16_360e8045	HSat3	1	13	0
19	k16_360e8045	HSat3	1	14	0
19	k16_360e8045	HSat3	1	15	3226
19	k16_360e8045	HSat3	1	16	0
19	k16_360e8045	HSat3	2	1	2407
19	k16_360e8045	HSat3	2	2	6580
19	k16_360e8045	HSat3	2	3	1931649
19	k16_360e8045	HSat3	2	4	2587
19	k16_360e8045	HSat3	2	5	31
19	k16_360e8045	HSat3	2	6	87
19	k16_360e8045	HSat3	2	7	506
19	k16_360e8045	HSat3	2	8	3353
19	k16_360e8045	HSat3	2	9	186
19	k16_360e8045	HSat3	2	10	101
19	k16_360e8045	HSat3	2	11	103
19	k16_360e8045	HSat3	2	12	525167
19	k16_360e8045	HSat3	2	13	53153
19	k16_360e8045	HSat3	2	14	17728
19	k16_360e8045	HSat3	2	15	1823159
19	k16_360e8045	HSat3	2	16	3525
19	k16_360e8045	HSat23	1	1	19894
19	k16_360e8045	HSat23	1	2	3235
19	k16_360e8045	HSat23	1	3	23151
19	k16_360e8045	HSat23	1	4	804299
19	k16_360e8045	HSat23	1	5	802
19	k16_360e8045	HSat23	1	6	5118
19	k16_360e8045	HSat23	1	7	15306
19	k16_360e8045	HSat23	1	8	17007
19	k16_360e8045	HSat23	1	9	5543
19	k16_360e8045	HSat23	1	10	1255
19	k16_360e8045	HSat23	1	11	7856
19	k16_360e8045	HSat23	1	12	2491062
19	k16_360e8045	HSat23	1	13	20076
19	k16_360e8045	HSat23	1	14	207615
19	k16_360e8045	HSat23	1	15	216576
19	k16_360e8045	HSat23	1	16	6539
19	k16_360e8045	HSat23	2	1	3388812
19	k16_360e8045	HSat23	2	2	68031
19	k16_360e8045	HSat23	2	3	2990767
19	k16_360e8045	HSat23	2	4	693172
19	k16_360e8045	HSat23	2	5	12318
19	k16_360e8045	HSat23	2	6	35839
19	k16_360e8045	HSat23	2	7	114372
19	k16_360e8045	HSat23	2	8	62482
19	k16_360e8045	HSat23	2	9	40435
19	k16_360e8045	HSat23	2	10	22433
19	k16_360e8045	HSat23	2	11	58622
19	k16_360e8045	HSat23	2	12	40390099
19	k16_360e8045	HSat23	2	13	172988
19	k16_360e8045	HSat23	2	14	108885
19	k16_360e8045	HSat23	2	15	41610580
19	k16_360e8045	HSat23	2	16	191247
19	k16_360e8045	background	1	1	56
19	k16_360e8045	background	1	2	954
19	k16_360e8045	background	1	3	2774
19	k16_360e8045	background	1	4	5744
19	k16_360e8045	background	1	5	107
19	k16_360e8045	background	1	6	8
19	k16_360e8045	background	1	7	550
19	k16_360e8045	background	1	8	132
19	k16_360e8045	background	1	9	7
19	k16_360e8045	background	1	10	1
19	k16_360e8045	background	1	11	12
19	k16_360e8045	background	1	12	7603
19	k16_360e8045	background	1	13	582
19	k16_360e8045	background	1	14	117
19	k16_360e8045	background	1	15	892
19	k16_360e8045	background	1	16	944
19	k16_360e8045	background	2	1	30280
19	k16_360e8045	background	2	2	44245
19	k16_360e8045	background	2	3	153979
19	k16_360e8045	background	2	4	159085
19	k16_360e8045	background	2	5	29205
19	k16_360e8045	background	2	6	16172
19	k16_360e8045	background	2	7	37841
19	k16_360e8045	background	2	8	14948
19	k16_360e8045	background	2	9	32280
19	k16_360e8045	background	2	10	10515
19	k16_360e8045	background	2	11	20726
19	k16_360e8045	background	2	12	128206
19	k16_360e8045	background	2	13	37749
19	k16_360e8045	background	2	14	13853
19	k16_360e8045	background	2	15	158132
19	k16_360e8045	background	2	16	80454
20	k16_360e8560	HSat2	1	1	41856
20	k16_360e8560	HSat2	1	2	23328
20	k16_360e8560	HSat2	1	3	68203
20	k16_360e8560	HSat2	1	4	79590
20	k16_360e8560	HSat2	1	5	17613
20	k16_360e8560	HSat2	1	6	7951
20	k16_360e8560	HSat2	1	7	238143
20	k16_360e8560	HSat2	1	8	12562
20	k16_360e8560	HSat2	1	9	42189
20	k16_360e8560	HSat2	1	10	25142
20	k16_360e8560	HSat2	1	11	147010
20	k16_360e8560	HSat2	1	12	14514904
20	k16_360e8560	HSat2	1	13	85866
20	k16_360e8560	HSat2	1	14	72893
20	k16_360e8560	HSat2	1	15	11954
20	k16_360e8560	HSat2	1	16	22520
20	k16_360e8560	HSat2	2	1	2259348
20	k16_360e8560	HSat2	2	2	792972
20	k16_360e8560	HSat2	2	3	5930174
20	k16_360e8560	HSat2	2	4	7128509
20	k16_360e8560	HSat2	2	5	584576
20	k16_360e8560	HSat2	2	6	782908
20	k16_360e8560	HSat2	2	7	2456083
20	k16_360e8560	HSat2	2	8	259224
20	k16_360e8560	HSat2	2	9	676069
20	k16_360e8560	HSat2	2	10	5187190
20	k16_360e8560	HSat2	2	11	30071186
20	k16_360e8560	HSat2	2	12	55697586
20	k16_360e8560	HSat2	2	13	5292230
20	k16_360e8560	HSat2	2	14	4689826
20	k16_360e8560	HSat2	2	15	636107
20	k16_360e8560	HSat2	2	16	539578
20	k16_360e8560	HSat3	1	1	0
20	k16_360e8560	HSat3	1	2	0
20	k16_360e8560	HSat3	1	3	65181
20	k16_360e8560	HSat3	1	4	894
20	k16_360e8560	HSat3	1	5	0
20	k16_360e8560	HSat3	1	6	574
20	k16_360e8560	HSat3	1	7	0
20	k16_360e8560	HSat3	1	8	1
20	k16_360e8560	HSat3	1	9	15
20	k16_360e8560	HSat3	1	10	0
20	k16_360e8560	HSat3	1	11	3884
20	k16_360e8560	HSat3	1	12	14123
20	k16_360e8560	HSat3	1	13	2120
20	k16_360e8560	HSat3	1	14	1755
20	k16_360e8560	HSat3	1	15	0
20	k16_360e8560	HSat3	1	16	0
20	k16_360e8560	HSat3	2	1	12060
20	k16_360e8560	HSat3	2	2	11294
20	k16_360e8560	HSat3	2	3	1598178
20	k16_360e8560	HSat3	2	4	17100
20	k16_360e8560	HSat3	2	5	3817
20	k16_360e8560	HSat3	2	6	6073
20	k16_360e8560	HSat3	2	7	8789
20	k16_360e8560	HSat3	2	8	29398
20	k16_360e8560	HSat3	2	9	155168
20	k16_360e8560	HSat3	2	10	2449
20	k16_360e8560	HSat3	2	11	1949051
20	k16_360e8560	HSat3	2	12	2894590
20	k16_360e8560	HSat3	2	13	206720
20	k16_360e8560	HSat3	2	14	104312
20	k16_360e8560	HSat3	2	15	2260
20	k16_360e8560	HSat3	2	16	11593
20	k16_360e8560	HSat23	1	1	41856
20	k16_360e8560	HSat23	1	2	23328
20	k16_360e8560	HSat23	1	3	133387
20	k16_360e8560	HSat23	1	4	80484
20	k16_360e8560	HSat23	1	5	17613
20	k16_360e8560	HSat23	1	6	8525
20	k16_360e8560	HSat23	1	7	238143
20	k16_360e8560	HSat23	1	8	12563
20	k16_360e8560	HSat23	1	9	42204
20	k16_360e8560	HSat23	1	10	25142
20	k16_360e8560	HSat23	1	11	150896
20	k16_360e8560	HSat23	1	12	14529064
20	k16_360e8560	HSat23	1	13	87986
20	k16_360e8560	HSat23	1	14	74651
20	k16_360e8560	HSat23	1	15	11954
20	k16_360e8560	HSat23	1	16	22520
20	k16_360e8560	HSat23	2	1	2271408
20	k16_360e8560	HSat23	2	2	804294
20	k16_360e8560	HSat23	2	3	7528531
20	k16_360e8560	HSat23	2	4	7145686
20	k16_360e8560	HSat23	2	5	588407
20	k16_360e8560	HSat23	2	6	788984
20	k16_360e8560	HSat23	2	7	2464885
20	k16_360e8560	HSat23	2	8	288622
20	k16_360e8560	HSat23	2	9	831266
20	k16_360e8560	HSat23	2	10	5189647
20	k16_360e8560	HSat23	2	11	32020531
20	k16_360e8560	HSat23	2	12	58592868
20	k16_360e8560	HSat23	2	13	5498957
20	k16_360e8560	HSat23	2	14	4794189
20	k16_360e8560	HSat23	2	15	638367
20	k16_360e8560	HSat23	2	16	551176
20	k16_360e8560	background	1	1	122
20	k16_360e8560	background	1	2	56
20	k16_360e8560	background	1	3	2680
20	k16_360e8560	background	1	4	279
20	k16_360e8560	background	1	5	116
20	k16_360e8560	background	1	6	17
20	k16_360e8560	background	1	7	596
20	k16_360e8560	background	1	8	46
20	k16_360e8560	background	1	9	154
20	k16_360e8560	background	1	10	92
20	k16_360e8560	background	1	11	419
20	k16_360e8560	background	1	12	41069
20	k16_360e8560	background	1	13	302
20	k16_360e8560	background	1	14	194
20	k16_360e8560	background	1	15	26
20	k16_360e8560	background	1	16	444
20	k16_360e8560	background	2	1	10889
20	k16_360e8560	background	2	2	5607
20	k16_360e8560	background	2	3	61435
20	k16_360e8560	background	2	4	34102
20	k16_360e8560	background	2	5	4769
20	k16_360e8560	background	2	6	4797
20	k16_360e8560	background	2	7	9425
20	k16_360e8560	background	2	8	1168
20	k16_360e8560	background	2	9	5115
20	k16_360e8560	background	2	10	17808
20	k16_360e8560	background	2	11	97958
20	k16_360e8560	background	2	12	188511
20	k16_360e8560	background	2	13	30072
20	k16_360e8560	background	2	14	29507
20	k16_360e8560	background	2	15	6071
20	k16_360e8560	background	2	16	4604
21	k16_390e83a8	HSat2	1	1	0
21	k16_390e83a8	HSat2	1	2	0
21	k16_390e83a8	HSat2	1	3	13
21	k16_390e83a8	HSat2	1	4	23606
21	k16_390e83a8	HSat2	1	5	0
21	k16_390e83a8	HSat2	1	6	0
21	k16_390e83a8	HSat2	1	7	0
21	k16_390e83a8	HSat2	1	8	2446
21	k16_390e83a8	HSat2	1	9	0
21	k16_390e83a8	HSat2	1	10	0
21	k16_390e83a8	HSat2	1	11	0
21	k16_390e83a8	HSat2	1	12	0
21	k16_390e83a8	HSat2	1	13	23
21	k16_390e83a8	HSat2	1	14	0
21	k16_390e83a8	HSat2	1	15	29567
21	k16_390e83a8	HSat2	1	16	0
21	k16_390e83a8	HSat2	2	1	1311
21	k16_390e83a8	HSat2	2	2	4219
21	k16_390e83a8	HSat2	2	3	83268
21	k16_390e83a8	HSat2	2	4	13192722
21	k16_390e83a8	HSat2	2	5	37
21	k16_390e83a8	HSat2	2	6	15940
21	k16_390e83a8	HSat2	2	7	6675
21	k16_390e83a8	HSat2	2	8	3825041
21	k16_390e83a8	HSat2	2	9	8145
21	k16_390e83a8	HSat2	2	10	516
21	k16_390e83a8	HSat2	2	11	1785
21	k16_390e83a8	HSat2	2	12	4355
21	k16_390e83a8	HSat2	2	13	76285
21	k16_390e83a8	HSat2	2	14	2583
21	k16_390e83a8	HSat2	2	15	15610970
21	k16_390e83a8	HSat2	2	16	1732
21	k16_390e83a8	HSat3	1	1	19092
21	k16_390e83a8	HSat3	1	2	6681
21	k16_390e83a8	HSat3	1	3	6014
21	k16_390e83a8	HSat3	1	4	1076661
21	k16_390e83a8	HSat3	1	5	762
21	k16_390e83a8	HSat3	1	6	4031
21	k16_390e83a8	HSat3	1	7	22200
21	k16_390e83a8	HSat3	1	8	4108
21	k16_390e83a8	HSat3	1	9	27050
21	k16_390e83a8	HSat3	1	10	4858
21	k16_390e83a8	HSat3	1	11	2002
21	k16_390e83a8	HSat3	1	12	9943
21	k16_390e83a8	HSat3	1	13	6231
21	k16_390e83a8	HSat3	1	14	5239
21	k16_390e83a8	HSat3	1	15	22127845
21	k16_390e83a8	HSat3	1	16	17318
21	k16_390e83a8	HSat3	2	1	7063132
21	k16_390e83a8	HSat3	2	2	1378952
21	k16_390e83a8	HSat3	2	3	2030746
21	k16_390e83a8	HSat3	2	4	343666559
21	k16_390e83a8	HSat3	2	5	288345
21	k16_390e83a8	HSat3	2	6	1209244
21	k16_390e83a8	HSat3	2	7	2413024
21	k16_390e83a8	HSat3	2	8	1104757
21	k16_390e83a8	HSat3	2	9	1294672
21	k16_390e83a8	HSat3	2	10	324606
21	k16_390e83a8	HSat3	2	11	581586
21	k16_390e83a8	HSat3	2	12	1092302
21	k16_390e83a8	HSat3	2	13	1216867
21	k16_390e83a8	HSat3	2	14	1559213
21	k16_390e83a8	HSat3	2	15	365453841
21	k16_390e83a8	HSat3	2	16	4296242
21	k16_390e83a8	HSat23	1	1	19092
21	k16_390e83a8	HSat23	1	2	6681
21	k16_390e83a8	HSat23	1	3	6027
21	k16_390e83a8	HSat23	1	4	1100331
21	k16_390e83a8	HSat23	1	5	762
21	k16_390e83a8	HSat23	1	6	4031
21	k16_390e83a8	HSat23	1	7	22200
21	k16_390e83a8	HSat23	1	8	6554
21	k16_390e83a8	HSat23	1	9	27050
21	k16_390e83a8	HSat23	1	10	4858
21	k16_390e83a8	HSat23	1	11	2002
21	k16_390e83a8	HSat23	1	12	9943
21	k16_390e83a8	HSat23	1	13	6254
21	k16_390e83a8	HSat23	1	14	5239
21	k16_390e83a8	HSat23	1	15	22157433
21	k16_390e83a8	HSat23	1	16	17318
21	k16_390e83a8	HSat23	2	1	7064495
21	k16_390e83a8	HSat23	2	2	1383176
21	k16_390e83a8	HSat23	2	3	2114031
21	k16_390e83a8	HSat23	2	4	356860169
21	k16_390e83a8	HSat23	2	5	288382
21	k16_390e83a8	HSat23	2	6	1225276
21	k16_390e83a8	HSat23	2	7	2419700
21	k16_390e83a8	HSat23	2	8	4929836
21	k16_390e83a8	HSat23	2	9	1302849
21	k16_390e83a8	HSat23	2	10	325122
21	k16_390e83a8	HSat23	2	11	583380
21	k16_390e83a8	HSat23	2	12	1096657
21	k16_390e83a8	HSat23	2	13	1293204
21	k16_390e83a8	HSat23	2	14	1561799
21	k16_390e83a8	HSat23	2	15	381065855
21	k16_390e83a8	HSat23	2	16	4298027
21	k16_390e83a8	background	1	1	1420
21	k16_390e83a8	background	1	2	2667
21	k16_390e83a8	background	1	3	3004
21	k16_390e83a8	background	1	4	12614
21	k16_390e83a8	background	1	5	1027
21	k16_390e83a8	background	1	6	3957
21	k16_390e83a8	background	1	7	3721
21	k16_390e83a8	background	1	8	3137
21	k16_390e83a8	background	1	9	2710
21	k16_390e83a8	background	1	10	2545
21	k16_390e83a8	background	1	11	3452
21	k16_390e83a8	background	1	12	2638
21	k16_390e83a8	background	1	13	3538
21	k16_390e83a8	background	1	14	3249
21	k16_390e83a8	background	1	15	17283
21	k16_390e83a8	background	1	16	2096
21	k16_390e83a8	background	2	1	122843
21	k16_390e83a8	background	2	2	170267
21	k16_390e83a8	background	2	3	171903
21	k16_390e83a8	background	2	4	617038
21	k16_390e83a8	background	2	5	104080
21	k16_390e83a8	background	2	6	127232
21	k16_390e83a8	background	2	7	156376
21	k16_390e83a8	background	2	8	102819
21	k16_390e83a8	background	2	9	173289
21	k16_390e83a8	background	2	10	126414
21	k16_390e83a8	background	2	11	97896
21	k16_390e83a8	background	2	12	144099
21	k16_390e83a8	background	2	13	128012
21	k16_390e83a8	background	2	14	178700
21	k16_390e83a8	background	2	15	591890
21	k16_390e83a8	background	2	16	101698
22	k16_3a0d0662	HSat2	1	1	0
22	k16_3a0d0662	HSat2	1	2	0
22	k16_3a0d0662	HSat2	1	3	0
22	k16_3a0d0662	HSat2	1	4	0
22	k16_3a0d0662	HSat2	1	5	0
22	k16_3a0d0662	HSat2	1	6	0
22	k16_3a0d0662	HSat2	1	7	0
22	k16_3a0d0662	HSat2	1	8	0
22	k16_3a0d0662	HSat2	1	9	0
22	k16_3a0d0662	HSat2	1	10	0
22	k16_3a0d0662	HSat2	1	11	0
22	k16_3a0d0662	HSat2	1	12	9
22	k16_3a0d0662	HSat2	1	13	10
22	k16_3a0d0662	HSat2	1	14	0
22	k16_3a0d0662	HSat2	1	15	0
22	k16_3a0d0662	HSat2	1	16	0
22	k16_3a0d0662	HSat2	2	1	0
22	k16_3a0d0662	HSat2	2	2	7
22	k16_3a0d0662	HSat2	2	3	0
22	k16_3a0d0662	HSat2	2	4	0
22	k16_3a0d0662	HSat2	2	5	39
22	k16_3a0d0662	HSat2	2	6	1
22	k16_3a0d0662	HSat2	2	7	0
22	k16_3a0d0662	HSat2	2	8	2
22	k16_3a0d0662	HSat2	2	9	115
22	k16_3a0d0662	HSat2	2	10	10970
22	k16_3a0d0662	HSat2	2	11	1748
22	k16_3a0d0662	HSat2	2	12	2622
22	k16_3a0d0662	HSat2	2	13	169416
22	k16_3a0d0662	HSat2	2	14	6348
22	k16_3a0d0662	HSat2	2	15	105992
22	k16_3a0d0662	HSat2	2	16	53206
22	k16_3a0d0662	HSat3	1	1	55387
22	k16_3a0d0662	HSat3	1	2	72733
22	k16_3a0d0662	HSat3	1	3	59193
22	k16_3a0d0662	HSat3	1	4	43192
22	k16_3a0d0662	HSat3	1	5	18076
22	k16_3a0d0662	HSat3	1	6	47239
22	k16_3a0d0662	HSat3	1	7	46298
22	k16_3a0d0662	HSat3	1	8	106412
22	k16_3a0d0662	HSat3	1	9	26642
22	k16_3a0d0662	HSat3	1	10	33432
22	k16_3a0d0662	HSat3	1	11	222851
22	k16_3a0d0662	HSat3	1	12	24405445
22	k16_3a0d0662	HSat3	1	13	215999
22	k16_3a0d0662	HSat3	1	14	99722
22	k16_3a0d0662	HSat3	1	15	28102
22	k16_3a0d0662	HSat3	1	16	126046
22	k16_3a0d0662	HSat3	2	1	1148157
22	k16_3a0d0662	HSat3	2	2	569862
22	k16_3a0d0662	HSat3	2	3	1049232
22	k16_3a0d0662	HSat3	2	4	1018970
22	k16_3a0d0662	HSat3	2	5	393182
22	k16_3a0d0662	HSat3	2	6	518070
22	k16_3a0d0662	HSat3	2	7	479302
22	k16_3a0d0662	HSat3	2	8	2334903
22	k16_3a0d0662	HSat3	2	9	456497
22	k16_3a0d0662	HSat3	2	10	410005
22	k16_3a0d0662	HSat3	2	11	1247152
22	k16_3a0d0662	HSat3	2	12	24244695
22	k16_3a0d0662	HSat3	2	13	3541117
22	k16_3a0d0662	HSat3	2	14	1137292
22	k16_3a0d0662	HSat3	2	15	467229
22	k16_3a0d0662	HSat3	2	16	10787743
22	k16_3a0d0662	HSat23	1	1	55387
22	k16_3a0d0662	HSat23	1	2	72733
22	k16_3a0d0662	HSat23	1	3	59193
22	k16_3a0d0662	HSat23	1	4	43192
22	k16_3a0d0662	HSat23	1	5	18076
22	k16_3a0d0662	HSat23	1	6	47239
22	k16_3a0d0662	HSat23	1	7	46298
22	k16_3a0d0662	HSat23	1	8	106412
22	k16_3a0d0662	HSat23	1	9	26642
22	k16_3a0d0662	HSat23	1	10	33432
22	k16_3a0d0662	HSat23	1	11	222851
22	k16_3a0d0662	HSat23	1	12	24405454
22	k16_3a0d0662	HSat23	1	13	216009
22	k16_3a0d0662	HSat23	1	14	99722
22	k16_3a0d0662	HSat23	1	15	28102
22	k16_3a0d0662	HSat23	1	16	126046
22	k16_3a0d0662	HSat23	2	1	1148157
22	k16_3a0d0662	HSat23	2	2	569873
22	k16_3a0d0662	HSat23	2	3	1049232
22	k16_3a0d0662	HSat23	2	4	1018970
22	k16_3a0d0662	HSat23	2	5	393221
22	k16_3a0d0662	HSat23	2	6	518071
22	k16_3a0d0662	HSat23	2	7	479302
22	k16_3a0d0662	HSat23	2	8	2334905
22	k16_3a0d0662	HSat23	2	9	456618
22	k16_3a0d0662	HSat23	2	10	420975
22	k16_3a0d0662	HSat23	2	11	1248902
22	k16_3a0d0662	HSat23	2	12	24247365
22	k16_3a0d0662	HSat23	2	13	3710569
22	k16_3a0d0662	HSat23	2	14	1143640
22	k16_3a0d0662	HSat23	2	15	573221
22	k16_3a0d0662	HSat23	2	16	10840949
22	k16_3a0d0662	background	1	1	0
22	k16_3a0d0662	background	1	2	0
22	k16_3a0d0662	background	1	3	9
22	k16_3a0d0662	background	1	4	0
22	k16_3a0d0662	background	1	5	0
22	k16_3a0d0662	background	1	6	5
22	k16_3a0d0662	background	1	7	114
22	k16_3a0d0662	background	1	8	8
22	k16_3a0d0662	background	1	9	4
22	k16_3a0d0662	background	1	10	2
22	k16_3a0d0662	background	1	11	752
22	k16_3a0d0662	background	1	12	2527
22	k16_3a0d0662	background	1	13	524
22	k16_3a0d0662	background	1	14	1358
22	k16_3a0d0662	background	1	15	0
22	k16_3a0d0662	background	1	16	60
22	k16_3a0d0662	background	2	1	4497
22	k16_3a0d0662	background	2	2	3138
22	k16_3a0d0662	background	2	3	2316
22	k16_3a0d0662	background	2	4	7640
22	k16_3a0d0662	background	2	5	4494
22	k16_3a0d0662	background	2	6	5660
22	k16_3a0d0662	background	2	7	12441
22	k16_3a0d0662	background	2	8	6556
22	k16_3a0d0662	background	2	9	7160
22	k16_3a0d0662	background	2	10	4460
22	k16_3a0d0662	background	2	11	32627
22	k16_3a0d0662	background	2	12	151615
22	k16_3a0d0662	background	2	13	70994
22	k16_3a0d0662	background	2	14	128159
22	k16_3a0d0662	background	2	15	8285
22	k16_3a0d0662	background	2	16	15414
23	k16_3a0e80c1	HSat2	1	1	0
23	k16_3a0e80c1	HSat2	1	2	0
23	k16_3a0e80c1	HSat2	1	3	999
23	k16_3a0e80c1	HSat2	1	4	0
23	k16_3a0e80c1	HSat2	1	5	0
23	k16_3a0e80c1	HSat2	1	6	0
23	k16_3a0e80c1	HSat2	1	7	0
23	k16_3a0e80c1	HSat2	1	8	121
23	k16_3a0e80c1	HSat2	1	9	347
23	k16_3a0e80c1	HSat2	1	10	0
23	k16_3a0e80c1	HSat2	1	11	0
23	k16_3a0e80c1	HSat2	1	12	1260
23	k16_3a0e80c1	HSat2	1	13	20
23	k16_3a0e80c1	HSat2	1	14	76
23	k16_3a0e80c1	HSat2	1	15	1054
23	k16_3a0e80c1	HSat2	1	16	31
23	k16_3a0e80c1	HSat2	2	1	1712
23	k16_3a0e80c1	HSat2	2	2	33
23	k16_3a0e80c1	HSat2	2	3	579987
23	k16_3a0e80c1	HSat2	2	4	1247
23	k16_3a0e80c1	HSat2	2	5	19
23	k16_3a0e80c1	HSat2	2	6	5
23	k16_3a0e80c1	HSat2	2	7	503
23	k16_3a0e80c1	HSat2	2	8	24209
23	k16_3a0e80c1	HSat2	2	9	22698
23	k16_3a0e80c1	HSat2	2	10	1
23	k16_3a0e80c1	HSat2	2	11	2
23	k16_3a0e80c1	HSat2	2	12	755886
23	k16_3a0e80c1	HSat2	2	13	85418
23	k16_3a0e80c1	HSat2	2	14	64284
23	k16_3a0e80c1	HSat2	2	15	288098
23	k16_3a0e80c1	HSat2	2	16	75306
23	k16_3a0e80c1	HSat3	1	1	621
23	k16_3a0e80c1	HSat3	1	2	2215
23	k16_3a0e80c1	HSat3	1	3	3740
23	k16_3a0e80c1	HSat3	1	4	1581
23	k16_3a0e80c1	HSat3	1	5	4635
23	k16_3a0e80c1	HSat3	1	6	1116
23	k16_3a0e80c1	HSat3	1	7	1909
23	k16_3a0e80c1	HSat3	1	8	1480
23	k16_3a0e80c1	HSat3	1	9	640
23	k16_3a0e80c1	HSat3	1	10	757
23	k16_3a0e80c1	HSat3	1	11	2529
23	k16_3a0e80c1	HSat3	1	12	8494070
23	k16_3a0e80c1	HSat3	1	13	1337100
23	k16_3a0e80c1	HSat3	1	14	45874
23	k16_3a0e80c1	HSat3	1	15	4008
23	k16_3a0e80c1	HSat3	1	16	55491
23	k16_3a0e80c1	HSat3	2	1	107680
23	k16_3a0e80c1	HSat3	2	2	286113
23	k16_3a0e80c1	HSat3	2	3	262995
23	k16_3a0e80c1	HSat3	2	4	246308
23	k16_3a0e80c1	HSat3	2	5	63452
23	k16_3a0e80c1	HSat3	2	6	123777
23	k16_3a0e80c1	HSat3	2	7	316589
23	k16_3a0e80c1	HSat3	2	8	245004
23	k16_3a0e80c1	HSat3	2	9	347258
23	k16_3a0e80c1	HSat3	2	10	118155
23	k16_3a0e80c1	HSat3	2	11	228025
23	k16_3a0e80c1	HSat3	2	12	38161031
23	k16_3a0e80c1	HSat3	2	13	44549453
23	k16_3a0e80c1	HSat3	2	14	5487157
23	k16_3a0e80c1	HSat3	2	15	459115
23	k16_3a0e80c1	HSat3	2	16	5709512
23	k16_3a0e80c1	HSat23	1	1	621
23	k16_3a0e80c1	HSat23	1	2	2215
23	k16_3a0e80c1	HSat23	1	3	4739
23	k16_3a0e80c1	HSat23	1	4	1581
23	k16_3a0e80c1	HSat23	1	5	4635
23	k16_3a0e80c1	HSat23	1	6	1116
23	k16_3a0e80c1	HSat23	1	7	1909
23	k16_3a0e80c1	HSat23	1	8	1601
23	k16_3a0e80c1	HSat23	1	9	987
23	k16_3a0e80c1	HSat23	1	10	757
23	k16_3a0e80c1	HSat23	1	11	2529
23	k16_3a0e80c1	HSat23	1	12	8495330
23	k16_3a0e80c1	HSat23	1	13	1337120
23	k16_3a0e80c1	HSat23	1	14	45950
23	k16_3a0e80c1	HSat23	1	15	5062
23	k16_3a0e80c1	HSat23	1	16	55522
23	k16_3a0e80c1	HSat23	2	1	109392
23	k16_3a0e80c1	HSat23	2	2	286146
23	k16_3a0e80c1	HSat23	2	3	842982
23	k16_3a0e80c1	HSat23	2	4	247555
23	k16_3a0e80c1	HSat23	2	5	63471
23	k16_3a0e80c1	HSat23	2	6	123782
23	k16_3a0e80c1	HSat23	2	7	317092
23	k16_3a0e80c1	HSat23	2	8	269213
23	k16_3a0e80c1	HSat23	2	9	369956
23	k16_3a0e80c1	HSat23	2	10	118156
23	k16_3a0e80c1	HSat23	2	11	228027
23	k16_3a0e80c1	HSat23	2	12	38916934
23	k16_3a0e80c1	HSat23	2	13	44634874
23	k16_3a0e80c1	HSat23	2	14	5551455
23	k16_3a0e80c1	HSat23	2	15	747213
23	k16_3a0e80c1	HSat23	2	16	5784818
23	k16_3a0e80c1	background	1	1	4383
23	k16_3a0e80c1	background	1	2	3533
23	k16_3a0e80c1	background	1	3	2471
23	k16_3a0e80c1	background	1	4	14169
23	k16_3a0e80c1	background	1	5	2633
23	k16_3a0e80c1	background	1	6	3134
23	k16_3a0e80c1	background	1	7	4491
23	k16_3a0e80c1	background	1	8	5497
23	k16_3a0e80c1	background	1	9	4909
23	k16_3a0e80c1	background	1	10	2063
23	k16_3a0e80c1	background	1	11	989
23	k16_3a0e80c1	background	1	12	1179
23	k16_3a0e80c1	background	1	13	9603
23	k16_3a0e80c1	background	1	14	3296
23	k16_3a0e80c1	background	1	15	7173
23	k16_3a0e80c1	background	1	16	18217
23	k16_3a0e80c1	background	2	1	190517
23	k16_3a0e80c1	background	2	2	196815
23	k16_3a0e80c1	background	2	3	220812
23	k16_3a0e80c1	background	2	4	433795
23	k16_3a0e80c1	background	2	5	144269
23	k16_3a0e80c1	background	2	6	130458
23	k16_3a0e80c1	background	2	7	272377
23	k16_3a0e80c1	background	2	8	200207
23	k16_3a0e80c1	background	2	9	281651
23	k16_3a0e80c1	background	2	10	95629
23	k16_3a0e80c1	background	2	11	111907
23	k16_3a0e80c1	background	2	12	133544
23	k16_3a0e80c1	background	2	13	319062
23	k16_3a0e80c1	background	2	14	191673
23	k16_3a0e80c1	background	2	15	214621
23	k16_3a0e80c1	background	2	16	533159
24	k16_3d4f91da	HSat2	1	1	0
24	k16_3d4f91da	HSat2	1	2	0
24	k16_3d4f91da	HSat2	1	3	0
24	k16_3d4f91da	HSat2	1	4	0
24	k16_3d4f91da	HSat2	1	5	3
24	k16_3d4f91da	HSat2	1	6	0
24	k16_3d4f91da	HSat2	1	7	0
24	k16_3d4f91da	HSat2	1	8	0
24	k16_3d4f91da	HSat2	1	9	12
24	k16_3d4f91da	HSat2	1	10	0
24	k16_3d4f91da	HSat2	1	11	0
24	k16_3d4f91da	HSat2	1	12	33
24	k16_3d4f91da	HSat2	1	13	0
24	k16_3d4f91da	HSat2	1	14	0
24	k16_3d4f91da	HSat2	1	15	0
24	k16_3d4f91da	HSat2	1	16	165
24	k16_3d4f91da	HSat2	2	1	3
24	k16_3d4f91da	HSat2	2	2	1
24	k16_3d4f91da	HSat2	2	3	0
24	k16_3d4f91da	HSat2	2	4	15
24	k16_3d4f91da	HSat2	2	5	30929
24	k16_3d4f91da	HSat2	2	6	23
24	k16_3d4f91da	HSat2	2	7	94
24	k16_3d4f91da	HSat2	2	8	0
24	k16_3d4f91da	HSat2	2	9	73392
24	k16_3d4f91da	HSat2	2	10	1697
24	k16_3d4f91da	HSat2	2	11	3
24	k16_3d4f91da	HSat2	2	12	46723
24	k16_3d4f91da	HSat2	2	13	1
24	k16_3d4f91da	HSat2	2	14	465
24	k16_3d4f91da	HSat2	2	15	9570
24	k16_3d4f91da	HSat2	2	16	94352
24	k16_3d4f91da	HSat3	1	1	145245
24	k16_3d4f91da	HSat3	1	2	29309
24	k16_3d4f91da	HSat3	1	3	81763
24	k16_3d4f91da	HSat3	1	4	328671
24	k16_3d4f91da	HSat3	1	5	1890005
24	k16_3d4f91da	HSat3	1	6	164902
24	k16_3d4f91da	HSat3	1	7	119453
24	k16_3d4f91da	HSat3	1	8	37919
24	k16_3d4f91da	HSat3	1	9	5032704
24	k16_3d4f91da	HSat3	1	10	1620534
24	k16_3d4f91da	HSat3	1	11	214762
24	k16_3d4f91da	HSat3	1	12	440480
24	k16_3d4f91da	HSat3	1	13	715772
24	k16_3d4f91da	HSat3	1	14	445736
24	k16_3d4f91da	HSat3	1	15	417912
24	k16_3d4f91da	HSat3	1	16	326275
24	k16_3d4f91da	HSat3	2	1	1269006
24	k16_3d4f91da	HSat3	2	2	283567
24	k16_3d4f91da	HSat3	2	3	2622039
24	k16_3d4f91da	HSat3	2	4	1005467
24	k16_3d4f91da	HSat3	2	5	808945
24	k16_3d4f91da	HSat3	2	6	3699840
24	k16_3d4f91da	HSat3	2	7	3535337
24	k16_3d4f91da	HSat3	2	8	117232
24	k16_3d4f91da	HSat3	2	9	21932736
24	k16_3d4f91da	HSat3	2	10	1892143
24	k16_3d4f91da	HSat3	2	11	514438
24	k16_3d4f91da	HSat3	2	12	19637240
24	k16_3d4f91da	HSat3	2	13	572161
24	k16_3d4f91da	HSat3	2	14	926933
24	k16_3d4f91da	HSat3	2	15	4622763
24	k16_3d4f91da	HSat3	2	16	7730375
24	k16_3d4f91da	HSat23	1	1	145245
24	k16_3d4f91da	HSat23	1	2	29309
24	k16_3d4f91da	HSat23	1	3	81763
24	k16_3d4f91da	HSat23	1	4	328671
24	k16_3d4f91da	HSat23	1	5	1890008
24	k16_3d4f91da	HSat23	1	6	164902
24	k16_3d4f91da	HSat23	1	7	119453
24	k16_3d4f91da	HSat23	1	8	37919
24	k16_3d4f91da	HSat23	1	9	5032718
24	k16_3d4f91da	HSat23	1	10	1620534
24	k16_3d4f91da	HSat23	1	11	214762
24	k16_3d4f91da	HSat23	1	12	440513
24	k16_3d4f91da	HSat23	1	13	715772
24	k16_3d4f91da	HSat23	1	14	445736
24	k16_3d4f91da	HSat23	1	15	417912
24	k16_3d4f91da	HSat23	1	16	326449
24	k16_3d4f91da	HSat23	2	1	1269009
24	k16_3d4f91da	HSat23	2	2	283568
24	k16_3d4f91da	HSat23	2	3	2622039
24	k16_3d4f91da	HSat23	2	4	1005482
24	k16_3d4f91da	HSat23	2	5	839874
24	k16_3d4f91da	HSat23	2	6	3699865
24	k16_3d4f91da	HSat23	2	7	3535431
24	k16_3d4f91da	HSat23	2	8	117232
24	k16_3d4f91da	HSat23	2	9	22006146
24	k16_3d4f91da	HSat23	2	10	1893840
24	k16_3d4f91da	HSat23	2	11	514441
24	k16_3d4f91da	HSat23	2	12	19683971
24	k16_3d4f91da	HSat23	2	13	572162
24	k16_3d4f91da	HSat23	2	14	927398
24	k16_3d4f91da	HSat23	2	15	4632364
24	k16_3d4f91da	HSat23	2	16	7824760
24	k16_3d4f91da	background	1	1	520
24	k16_3d4f91da	background	1	2	6
24	k16_3d4f91da	background	1	3	360
24	k16_3d4f91da	background	1	4	359
24	k16_3d4f91da	background	1	5	17
24	k16_3d4f91da	background	1	6	453
24	k16_3d4f91da	background	1	7	455
24	k16_3d4f91da	background	1	8	356
24	k16_3d4f91da	background	1	9	4343
24	k16_3d4f91da	background	1	10	440
24	k16_3d4f91da	background	1	11	470
24	k16_3d4f91da	background	1	12	559
24	k16_3d4f91da	background	1	13	387
24	k16_3d4f91da	background	1	14	3147
24	k16_3d4f91da	background	1	15	2711
24	k16_3d4f91da	background	1	16	111
24	k16_3d4f91da	background	2	1	32707
24	k16_3d4f91da	background	2	2	23685
24	k16_3d4f91da	background	2	3	149601
24	k16_3d4f91da	background	2	4	24006
24	k16_3d4f91da	background	2	5	11207
24	k16_3d4f91da	background	2	6	14832
24	k16_3d4f91da	background	2	7	33278
24	k16_3d4f91da	background	2	8	19519
24	k16_3d4f91da	background	2	9	43867
24	k16_3d4f91da	background	2	10	24379
24	k16_3d4f91da	background	2	11	22003
24	k16_3d4f91da	background	2	12	41943
24	k16_3d4f91da	background	2	13	14471
24	k16_3d4f91da	background	2	14	108644
24	k16_3d4f91da	background	2	15	241147
24	k16_3d4f91da	background	2	16	81373
25	k16_3dab53d8	HSat2	1	1	35234
25	k16_3dab53d8	HSat2	1	2	22775
25	k16_3dab53d8	HSat2	1	3	11947
25	k16_3dab53d8	HSat2	1	4	70083
25	k16_3dab53d8	HSat2	1	5	86525
25	k16_3dab53d8	HSat2	1	6	14314447
25	k16_3dab53d8	HSat2	1	7	139708
25	k16_3dab53d8	HSat2	1	8	25985
25	k16_3dab53d8	HSat2	1	9	42104
25	k16_3dab53d8	HSat2	1	10	13263
25	k16_3dab53d8	HSat2	1	11	1694906
25	k16_3dab53d8	HSat2	1	12	8148
25	k16_3dab53d8	HSat2	1	13	18308
25	k16_3dab53d8	HSat2	1	14	79314
25	k16_3dab53d8	HSat2	1	15	59192
25	k16_3dab53d8	HSat2	1	16	23163
25	k16_3dab53d8	HSat2	2	1	1019347
25	k16_3dab53d8	HSat2	2	2	288137
25	k16_3dab53d8	HSat2	2	3	631482
25	k16_3dab53d8	HSat2	2	4	4184928
25	k16_3dab53d8	HSat2	2	5	5121375
25	k16_3dab53d8	HSat2	2	6	48753574
25	k16_3dab53d8	HSat2	2	7	25324409
25	k16_3dab53d8	HSat2	2	8	5114075
25	k16_3dab53d8	HSat2	2	9	705782
25	k16_3dab53d8	HSat2	2	10	143944
25	k16_3dab53d8	HSat2	2	11	1178938
25	k16_3dab53d8	HSat2	2	12	767893
25	k16_3dab53d8	HSat2	2	13	585292
25	k16_3dab53d8	HSat2	2	14	6542483
25	k16_3dab53d8	HSat2	2	15	4582793
25	k16_3dab53d8	HSat2	2	16	790292
25	k16_3dab53d8	HSat3	1	1	0
25	k16_3dab53d8	HSat3	1	2	0
25	k16_3dab53d8	HSat3	1	3	0
25	k16_3dab53d8	HSat3	1	4	1687
25	k16_3dab53d8	HSat3	1	5	2031
25	k16_3dab53d8	HSat3	1	6	16216
25	k16_3dab53d8	HSat3	1	7	3948
25	k16_3dab53d8	HSat3	1	8	0
25	k16_3dab53d8	HSat3	1	9	425
25	k16_3dab53d8	HSat3	1	10	1
25	k16_3dab53d8	HSat3	1	11	0
25	k16_3dab53d8	HSat3	1	12	574
25	k16_3dab53d8	HSat3	1	13	0
25	k16_3dab53d8	HSat3	1	14	894
25	k16_3dab53d8	HSat3	1	15	58774
25	k16_3dab53d8	HSat3	1	16	1
25	k16_3dab53d8	HSat3	2	1	16054
25	k16_3dab53d8	HSat3	2	2	11389
25	k16_3dab53d8	HSat3	2	3	2532
25	k16_3dab53d8	HSat3	2	4	93593
25	k16_3dab53d8	HSat3	2	5	215014
25	k16_3dab53d8	HSat3	2	6	2832918
25	k16_3dab53d8	HSat3	2	7	1943865
25	k16_3dab53d8	HSat3	2	8	3223
25	k16_3dab53d8	HSat3	2	9	155519
25	k16_3dab53d8	HSat3	2	10	26016
25	k16_3dab53d8	HSat3	2	11	8009
25	k16_3dab53d8	HSat3	2	12	5088
25	k16_3dab53d8	HSat3	2	13	3321
25	k16_3dab53d8	HSat3	2	14	16223
25	k16_3dab53d8	HSat3	2	15	1491418
25	k16_3dab53d8	HSat3	2	16	11634
25	k16_3dab53d8	HSat23	1	1	35234
25	k16_3dab53d8	HSat23	1	2	22775
25	k16_3dab53d8	HSat23	1	3	11947
25	k16_3dab53d8	HSat23	1	4	71770
25	k16_3dab53d8	HSat23	1	5	88556
25	k16_3dab53d8	HSat23	1	6	14330698
25	k16_3dab53d8	HSat23	1	7	143658
25	k16_3dab53d8	HSat23	1	8	25985
25	k16_3dab53d8	HSat23	1	9	42529
25	k16_3dab53d8	HSat23	1	10	13264
25	k16_3dab53d8	HSat23	1	11	1694906
25	k16_3dab53d8	HSat23	1	12	8722
25	k16_3dab53d8	HSat23	1	13	18308
25	k16_3dab53d8	HSat23	1	14	80208
25	k16_3dab53d8	HSat23	1	15	117966
25	k16_3dab53d8	HSat23	1	16	23164
25	k16_3dab53d8	HSat23	2	1	1035411
25	k16_3dab53d8	HSat23	2	2	299530
25	k16_3dab53d8	HSat23	2	3	634014
25	k16_3dab53d8	HSat23	2	4	4278559
25	k16_3dab53d8	HSat23	2	5	5336406
25	k16_3dab53d8	HSat23	2	6	51587220
25	k16_3dab53d8	HSat23	2	7	27268561
25	k16_3dab53d8	HSat23	2	8	5117307
25	k16_3dab53d8	HSat23	2	9	861330
25	k16_3dab53d8	HSat23	2	10	169960
25	k16_3dab53d8	HSat23	2	11	1186959
25	k16_3dab53d8	HSat23	2	12	772986
25	k16_3dab53d8	HSat23	2	13	588627
25	k16_3dab53d8	HSat23	2	14	6558782
25	k16_3dab53d8	HSat23	2	15	6074444
25	k16_3dab53d8	HSat23	2	16	801954
25	k16_3dab53d8	background	1	1	126
25	k16_3dab53d8	background	1	2	131
25	k16_3dab53d8	background	1	3	26
25	k16_3dab53d8	background	1	4	186
25	k16_3dab53d8	background	1	5	773
25	k16_3dab53d8	background	1	6	41044
25	k16_3dab53d8	background	1	7	860
25	k16_3dab53d8	background	1	8	92
25	k16_3dab53d8	background	1	9	153
25	k16_3dab53d8	background	1	10	47
25	k16_3dab53d8	background	1	11	5881
25	k16_3dab53d8	background	1	12	16
25	k16_3dab53d8	background	1	13	116
25	k16_3dab53d8	background	1	14	274
25	k16_3dab53d8	background	1	15	1564
25	k16_3dab53d8	background	1	16	57
25	k16_3dab53d8	background	2	1	6159
25	k16_3dab53d8	background	2	2	4635
25	k16_3dab53d8	background	2	3	3761
25	k16_3dab53d8	background	2	4	26829
25	k16_3dab53d8	background	2	5	33367
25	k16_3dab53d8	background	2	6	164921
25	k16_3dab53d8	background	2	7	86002
25	k16_3dab53d8	background	2	8	18769
25	k16_3dab53d8	background	2	9	6188
25	k16_3dab53d8	background	2	10	2117
25	k16_3dab53d8	background	2	11	8383
25	k16_3dab53d8	background	2	12	3627
25	k16_3dab53d8	background	2	13	4408
25	k16_3dab53d8	background	2	14	32407
25	k16_3dab53d8	background	2	15	57581
25	k16_3dab53d8	background	2	16	4288
26	k16_3dbf535a	HSat2	1	1	1399
26	k16_3dbf535a	HSat2	1	2	600
26	k16_3dbf535a	HSat2	1	3	179
26	k16_3dbf535a	HSat2	1	4	1023
26	k16_3dbf535a	HSat2	1	5	1462
26	k16_3dbf535a	HSat2	1	6	1073
26	k16_3dbf535a	HSat2	1	7	201
26	k16_3dbf535a	HSat2	1	8	323
26	k16_3dbf535a	HSat2	1	9	825
26	k16_3dbf535a	HSat2	1	10	133
26	k16_3dbf535a	HSat2	1	11	97
26	k16_3dbf535a	HSat2	1	12	1275
26	k16_3dbf535a	HSat2	1	13	5998
26	k16_3dbf535a	HSat2	1	14	3236
26	k16_3dbf535a	HSat2	1	15	9338
26	k16_3dbf535a	HSat2	1	16	2094494
26	k16_3dbf535a	HSat2	2	1	19818
26	k16_3dbf535a	HSat2	2	2	17516
26	k16_3dbf535a	HSat2	2	3	5175
26	k16_3dbf535a	HSat2	2	4	11272
26	k16_3dbf535a	HSat2	2	5	1892336
26	k16_3dbf535a	HSat2	2	6	147449
26	k16_3dbf535a	HSat2	2	7	493168
26	k16_3dbf535a	HSat2	2	8	4217
26	k16_3dbf535a	HSat2	2	9	13685
26	k16_3dbf535a	HSat2	2	10	30087
26	k16_3dbf535a	HSat2	2	11	13115
26	k16_3dbf535a	HSat2	2	12	19579
26	k16_3dbf535a	HSat2	2	13	971008
26	k16_3dbf535a	HSat2	2	14	70468
26	k16_3dbf535a	HSat2	2	15	83319
26	k16_3dbf535a	HSat2	2	16	2487278
26	k16_3dbf535a	HSat3	1	1	0
26	k16_3dbf535a	HSat3	1	2	0
26	k16_3dbf535a	HSat3	1	3	0
26	k16_3dbf535a	HSat3	1	4	0
26	k16_3dbf535a	HSat3	1	5	182
26	k16_3dbf535a	HSat3	1	6	5
26	k16_3dbf535a	HSat3	1	7	0
26	k16_3dbf535a	HSat3	1	8	0
26	k16_3dbf535a	HSat3	1	9	0
26	k16_3dbf535a	HSat3	1	10	1
26	k16_3dbf535a	HSat3	1	11	0
26	k16_3dbf535a	HSat3	1	12	3
26	k16_3dbf535a	HSat3	1	13	655
26	k16_3dbf535a	HSat3	1	14	0
26	k16_3dbf535a	HSat3	1	15	0
26	k16_3dbf535a	HSat3	1	16	2
26	k16_3dbf535a	HSat3	2	1	560
26	k16_3dbf535a	HSat3	2	2	39
26	k16_3dbf535a	HSat3	2	3	0
26	k16_3dbf535a	HSat3	2	4	2091
26	k16_3dbf535a	HSat3	2	5	100207
26	k16_3dbf535a	HSat3	2	6	198042
26	k16_3dbf535a	HSat3	2	7	48
26	k16_3dbf535a	HSat3	2	8	5
26	k16_3dbf535a	HSat3	2	9	1234
26	k16_3dbf535a	HSat3	2	10	7648
26	k16_3dbf535a	HSat3	2	11	2
26	k16_3dbf535a	HSat3	2	12	3127
26	k16_3dbf535a	HSat3	2	13	272438
26	k16_3dbf535a	HSat3	2	14	590
26	k16_3dbf535a	HSat3	2	15	6451
26	k16_3dbf535a	HSat3	2	16	23218
26	k16_3dbf535a	HSat23	1	1	1399
26	k16_3dbf535a	HSat23	1	2	600
26	k16_3dbf535a	HSat23	1	3	179
26	k16_3dbf535a	HSat23	1	4	1023
26	k16_3dbf535a	HSat23	1	5	1644
26	k16_3dbf535a	HSat23	1	6	1078
26	k16_3dbf535a	HSat23	1	7	201
26	k16_3dbf535a	HSat23	1	8	323
26	k16_3dbf535a	HSat23	1	9	825
26	k16_3dbf535a	HSat23	1	10	134
26	k16_3dbf535a	HSat23	1	11	97
26	k16_3dbf535a	HSat23	1	12	1278
26	k16_3dbf535a	HSat23	1	13	6653
26	k16_3dbf535a	HSat23	1	14	3236
26	k16_3dbf535a	HSat23	1	15	9338
26	k16_3dbf535a	HSat23	1	16	2094496
26	k16_3dbf535a	HSat23	2	1	20378
26	k16_3dbf535a	HSat23	2	2	17555
26	k16_3dbf535a	HSat23	2	3	5175
26	k16_3dbf535a	HSat23	2	4	13363
26	k16_3dbf535a	HSat23	2	5	1992543
26	k16_3dbf535a	HSat23	2	6	345492
26	k16_3dbf535a	HSat23	2	7	493231
26	k16_3dbf535a	HSat23	2	8	4222
26	k16_3dbf535a	HSat23	2	9	14919
26	k16_3dbf535a	HSat23	2	10	37735
26	k16_3dbf535a	HSat23	2	11	13117
26	k16_3dbf535a	HSat23	2	12	22706
26	k16_3dbf535a	HSat23	2	13	1243469
26	k16_3dbf535a	HSat23	2	14	71058
26	k16_3dbf535a	HSat23	2	15	89770
26	k16_3dbf535a	HSat23	2	16	2510505
26	k16_3dbf535a	background	1	1	11
26	k16_3dbf535a	background	1	2	0
26	k16_3dbf535a	background	1	3	0
26	k16_3dbf535a	background	1	4	120
26	k16_3dbf535a	background	1	5	9
26	k16_3dbf535a	background	1	6	20
26	k16_3dbf535a	background	1	7	2
26	k16_3dbf535a	background	1	8	0
26	k16_3dbf535a	background	1	9	0
26	k16_3dbf535a	background	1	10	0
26	k16_3dbf535a	background	1	11	0
26	k16_3dbf535a	background	1	12	6
26	k16_3dbf535a	background	1	13	553
26	k16_3dbf535a	background	1	14	6
26	k16_3dbf535a	background	1	15	306
26	k16_3dbf535a	background	1	16	5894
26	k16_3dbf535a	background	2	1	8050
26	k16_3dbf535a	background	2	2	8491
26	k16_3dbf535a	background	2	3	7079
26	k16_3dbf535a	background	2	4	24166
26	k16_3dbf535a	background	2	5	52225
26	k16_3dbf535a	background	2	6	4582
26	k16_3dbf535a	background	2	7	6152
26	k16_3dbf535a	background	2	8	2177
26	k16_3dbf535a	background	2	9	6278
26	k16_3dbf535a	background	2	10	5076
26	k16_3dbf535a	background	2	11	7148
26	k16_3dbf535a	background	2	12	6874
26	k16_3dbf535a	background	2	13	10195
26	k16_3dbf535a	background	2	14	34531
26	k16_3dbf535a	background	2	15	41019
26	k16_3dbf535a	background	2	16	14651
27	k16_3e476af8	HSat2	1	1	0
27	k16_3e476af8	HSat2	1	2	0
27	k16_3e476af8	HSat2	1	3	0
27	k16_3e476af8	HSat2	1	4	8
27	k16_3e476af8	HSat2	1	5	0
27	k16_3e476af8	HSat2	1	6	0
27	k16_3e476af8	HSat2	1	7	0
27	k16_3e476af8	HSat2	1	8	0
27	k16_3e476af8	HSat2	1	9	0
27	k16_3e476af8	HSat2	1	10	0
27	k16_3e476af8	HSat2	1	11	8
27	k16_3e476af8	HSat2	1	12	0
27	k16_3e476af8	HSat2	1	13	0
27	k16_3e476af8	HSat2	1	14	0
27	k16_3e476af8	HSat2	1	15	0
27	k16_3e476af8	HSat2	1	16	0
27	k16_3e476af8	HSat2	2	1	0
27	k16_3e476af8	HSat2	2	2	3
27	k16_3e476af8	HSat2	2	3	0
27	k16_3e476af8	HSat2	2	4	35
27	k16_3e476af8	HSat2	2	5	0
27	k16_3e476af8	HSat2	2	6	0
27	k16_3e476af8	HSat2	2	7	319
27	k16_3e476af8	HSat2	2	8	0
27	k16_3e476af8	HSat2	2	9	3
27	k16_3e476af8	HSat2	2	10	492
27	k16_3e476af8	HSat2	2	11	686
27	k16_3e476af8	HSat2	2	12	0
27	k16_3e476af8	HSat2	2	13	0
27	k16_3e476af8	HSat2	2	14	2388
27	k16_3e476af8	HSat2	2	15	2449
27	k16_3e476af8	HSat2	2	16	41
27	k16_3e476af8	HSat3	1	1	163066
27	k16_3e476af8	HSat3	1	2	161006
27	k16_3e476af8	HSat3	1	3	64735
27	k16_3e476af8	HSat3	1	4	6782585
27	k16_3e476af8	HSat3	1	5	1881745
27	k16_3e476af8	HSat3	1	6	239606
27	k16_3e476af8	HSat3	1	7	375352
27	k16_3e476af8	HSat3	1	8	134154
27	k16_3e476af8	HSat3	1	9	214225
27	k16_3e476af8	HSat3	1	10	466153
27	k16_3e476af8	HSat3	1	11	342941
27	k16_3e476af8	HSat3	1	12	265234
27	k16_3e476af8	HSat3	1	13	95518
27	k16_3e476af8	HSat3	1	14	78794
27	k16_3e476af8	HSat3	1	15	699427
27	k16_3e476af8	HSat3	1	16	52214
27	k16_3e476af8	HSat3	2	1	3543100
27	k16_3e476af8	HSat3	2	2	3309554
27	k16_3e476af8	HSat3	2	3	109673
27	k16_3e476af8	HSat3	2	4	12945576
27	k16_3e476af8	HSat3	2	5	905190
27	k16_3e476af8	HSat3	2	6	460052
27	k16_3e476af8	HSat3	2	7	9601922
27	k16_3e476af8	HSat3	2	8	1010963
27	k16_3e476af8	HSat3	2	9	1116211
27	k16_3e476af8	HSat3	2	10	2719089
27	k16_3e476af8	HSat3	2	11	11698372
27	k16_3e476af8	HSat3	2	12	1084432
27	k16_3e476af8	HSat3	2	13	288308
27	k16_3e476af8	HSat3	2	14	210717
27	k16_3e476af8	HSat3	2	15	1889600
27	k16_3e476af8	HSat3	2	16	492775
27	k16_3e476af8	HSat23	1	1	163066
27	k16_3e476af8	HSat23	1	2	161006
27	k16_3e476af8	HSat23	1	3	64735
27	k16_3e476af8	HSat23	1	4	6782595
27	k16_3e476af8	HSat23	1	5	1881745
27	k16_3e476af8	HSat23	1	6	239606
27	k16_3e476af8	HSat23	1	7	375352
27	k16_3e476af8	HSat23	1	8	134154
27	k16_3e476af8	HSat23	1	9	214225
27	k16_3e476af8	HSat23	1	10	466153
27	k16_3e476af8	HSat23	1	11	342949
27	k16_3e476af8	HSat23	1	12	265234
27	k16_3e476af8	HSat23	1	13	95518
27	k16_3e476af8	HSat23	1	14	78794
27	k16_3e476af8	HSat23	1	15	699427
27	k16_3e476af8	HSat23	1	16	52214
27	k16_3e476af8	HSat23	2	1	3543100
27	k16_3e476af8	HSat23	2	2	3309557
27	k16_3e476af8	HSat23	2	3	109673
27	k16_3e476af8	HSat23	2	4	12945611
27	k16_3e476af8	HSat23	2	5	905190
27	k16_3e476af8	HSat23	2	6	460052
27	k16_3e476af8	HSat23	2	7	9602241
27	k16_3e476af8	HSat23	2	8	1010963
27	k16_3e476af8	HSat23	2	9	1116214
27	k16_3e476af8	HSat23	2	10	2719617
27	k16_3e476af8	HSat23	2	11	11699101
27	k16_3e476af8	HSat23	2	12	1084432
27	k16_3e476af8	HSat23	2	13	288308
27	k16_3e476af8	HSat23	2	14	213112
27	k16_3e476af8	HSat23	2	15	1892049
27	k16_3e476af8	HSat23	2	16	492816
27	k16_3e476af8	background	1	1	6
27	k16_3e476af8	background	1	2	954
27	k16_3e476af8	background	1	3	3
27	k16_3e476af8	background	1	4	1963
27	k16_3e476af8	background	1	5	17
27	k16_3e476af8	background	1	6	10
27	k16_3e476af8	background	1	7	15
27	k16_3e476af8	background	1	8	1
27	k16_3e476af8	background	1	9	1867
27	k16_3e476af8	background	1	10	564
27	k16_3e476af8	background	1	11	90
27	k16_3e476af8	background	1	12	8
27	k16_3e476af8	background	1	13	2
27	k16_3e476af8	background	1	14	0
27	k16_3e476af8	background	1	15	18
27	k16_3e476af8	background	1	16	423
27	k16_3e476af8	background	2	1	11582
27	k16_3e476af8	background	2	2	21380
27	k16_3e476af8	background	2	3	10951
27	k16_3e476af8	background	2	4	17111
27	k16_3e476af8	background	2	5	13539
27	k16_3e476af8	background	2	6	11962
27	k16_3e476af8	background	2	7	15716
27	k16_3e476af8	background	2	8	10216
27	k16_3e476af8	background	2	9	63793
27	k16_3e476af8	background	2	10	54652
27	k16_3e476af8	background	2	11	17042
27	k16_3e476af8	background	2	12	14727
27	k16_3e476af8	background	2	13	17065
27	k16_3e476af8	background	2	14	12991
27	k16_3e476af8	background	2	15	13818
27	k16_3e476af8	background	2	16	10577
28	k16_4118ba0e	HSat2	1	1	0
28	k16_4118ba0e	HSat2	1	2	0
28	k16_4118ba0e	HSat2	1	3	0
28	k16_4118ba0e	HSat2	1	4	0
28	k16_4118ba0e	HSat2	1	5	8
28	k16_4118ba0e	HSat2	1	6	0
28	k16_4118ba0e	HSat2	1	7	0
28	k16_4118ba0e	HSat2	1	8	0
28	k16_4118ba0e	HSat2	1	9	0
28	k16_4118ba0e	HSat2	1	10	0
28	k16_4118ba0e	HSat2	1	11	0
28	k16_4118ba0e	HSat2	1	12	0
28	k16_4118ba0e	HSat2	1	13	0
28	k16_4118ba0e	HSat2	1	14	0
28	k16_4118ba0e	HSat2	1	15	0
28	k16_4118ba0e	HSat2	1	16	0
28	k16_4118ba0e	HSat2	2	1	1359
28	k16_4118ba0e	HSat2	2	2	225
28	k16_4118ba0e	HSat2	2	3	9
28	k16_4118ba0e	HSat2	2	4	434
28	k16_4118ba0e	HSat2	2	5	24
28	k16_4118ba0e	HSat2	2	6	491
28	k16_4118ba0e	HSat2	2	7	1
28	k16_4118ba0e	HSat2	2	8	0
28	k16_4118ba0e	HSat2	2	9	956
28	k16_4118ba0e	HSat2	2	10	0
28	k16_4118ba0e	HSat2	2	11	4
28	k16_4118ba0e	HSat2	2	12	493
28	k16_4118ba0e	HSat2	2	13	0
28	k16_4118ba0e	HSat2	2	14	0
28	k16_4118ba0e	HSat2	2	15	1
28	k16_4118ba0e	HSat2	2	16	1359
28	k16_4118ba0e	HSat3	1	1	180838
28	k16_4118ba0e	HSat3	1	2	30779
28	k16_4118ba0e	HSat3	1	3	45648
28	k16_4118ba0e	HSat3	1	4	165355
28	k16_4118ba0e	HSat3	1	5	6937599
28	k16_4118ba0e	HSat3	1	6	246447
28	k16_4118ba0e	HSat3	1	7	137684
28	k16_4118ba0e	HSat3	1	8	31075
28	k16_4118ba0e	HSat3	1	9	445876
28	k16_4118ba0e	HSat3	1	10	46049
28	k16_4118ba0e	HSat3	1	11	46873
28	k16_4118ba0e	HSat3	1	12	254947
28	k16_4118ba0e	HSat3	1	13	22922
28	k16_4118ba0e	HSat3	1	14	34341
28	k16_4118ba0e	HSat3	1	15	547200
28	k16_4118ba0e	HSat3	1	16	92093
28	k16_4118ba0e	HSat3	2	1	1192163
28	k16_4118ba0e	HSat3	2	2	272814
28	k16_4118ba0e	HSat3	2	3	267427
28	k16_4118ba0e	HSat3	2	4	869967
28	k16_4118ba0e	HSat3	2	5	19532516
28	k16_4118ba0e	HSat3	2	6	3080936
28	k16_4118ba0e	HSat3	2	7	1095230
28	k16_4118ba0e	HSat3	2	8	305721
28	k16_4118ba0e	HSat3	2	9	7484001
28	k16_4118ba0e	HSat3	2	10	389604
28	k16_4118ba0e	HSat3	2	11	345193
28	k16_4118ba0e	HSat3	2	12	6292857
28	k16_4118ba0e	HSat3	2	13	115534
28	k16_4118ba0e	HSat3	2	14	184370
28	k16_4118ba0e	HSat3	2	15	846852
28	k16_4118ba0e	HSat3	2	16	402135
28	k16_4118ba0e	HSat23	1	1	180838
28	k16_4118ba0e	HSat23	1	2	30779
28	k16_4118ba0e	HSat23	1	3	45648
28	k16_4118ba0e	HSat23	1	4	165355
28	k16_4118ba0e	HSat23	1	5	6937609
28	k16_4118ba0e	HSat23	1	6	246447
28	k16_4118ba0e	HSat23	1	7	137684
28	k16_4118ba0e	HSat23	1	8	31075
28	k16_4118ba0e	HSat23	1	9	445876
28	k16_4118ba0e	HSat23	1	10	46049
28	k16_4118ba0e	HSat23	1	11	46873
28	k16_4118ba0e	HSat23	1	12	254947
28	k16_4118ba0e	HSat23	1	13	22922
28	k16_4118ba0e	HSat23	1	14	34341
28	k16_4118ba0e	HSat23	1	15	547200
28	k16_4118ba0e	HSat23	1	16	92093
28	k16_4118ba0e	HSat23	2	1	1193522
28	k16_4118ba0e	HSat23	2	2	273039
28	k16_4118ba0e	HSat23	2	3	267436
28	k16_4118ba0e	HSat23	2	4	870409
28	k16_4118ba0e	HSat23	2	5	19532540
28	k16_4118ba0e	HSat23	2	6	3081451
28	k16_4118ba0e	HSat23	2	7	1095231
28	k16_4118ba0e	HSat23	2	8	305721
28	k16_4118ba0e	HSat23	2	9	7484965
28	k16_4118ba0e	HSat23	2	10	389604
28	k16_4118ba0e	HSat23	2	11	345197
28	k16_4118ba0e	HSat23	2	12	6293374
28	k16_4118ba0e	HSat23	2	13	115534
28	k16_4118ba0e	HSat23	2	14	184370
28	k16_4118ba0e	HSat23	2	15	846853
28	k16_4118ba0e	HSat23	2	16	403494
28	k16_4118ba0e	background	1	1	220
28	k16_4118ba0e	background	1	2	31
28	k16_4118ba0e	background	1	3	949
28	k16_4118ba0e	background	1	4	139
28	k16_4118ba0e	background	1	5	2370
28	k16_4118ba0e	background	1	6	2495
28	k16_4118ba0e	background	1	7	1756
28	k16_4118ba0e	background	1	8	456
28	k16_4118ba0e	background	1	9	1048
28	k16_4118ba0e	background	1	10	15
28	k16_4118ba0e	background	1	11	15
28	k16_4118ba0e	background	1	12	89
28	k16_4118ba0e	background	1	13	114
28	k16_4118ba0e	background	1	14	612
28	k16_4118ba0e	background	1	15	966
28	k16_4118ba0e	background	1	16	146
28	k16_4118ba0e	background	2	1	37185
28	k16_4118ba0e	background	2	2	10711
28	k16_4118ba0e	background	2	3	24146
28	k16_4118ba0e	background	2	4	32711
28	k16_4118ba0e	background	2	5	16352
28	k16_4118ba0e	background	2	6	136026
28	k16_4118ba0e	background	2	7	85499
28	k16_4118ba0e	background	2	8	26548
28	k16_4118ba0e	background	2	9	31163
28	k16_4118ba0e	background	2	10	18731
28	k16_4118ba0e	background	2	11	18629
28	k16_4118ba0e	background	2	12	56214
28	k16_4118ba0e	background	2	13	16825
28	k16_4118ba0e	background	2	14	18989
28	k16_4118ba0e	background	2	15	23197
28	k16_4118ba0e	background	2	16	33148
29	k16_411b0a0e	HSat2	1	1	0
29	k16_411b0a0e	HSat2	1	2	0
29	k16_411b0a0e	HSat2	1	3	0
29	k16_411b0a0e	HSat2	1	4	0
29	k16_411b0a0e	HSat2	1	5	0
29	k16_411b0a0e	HSat2	1	6	0
29	k16_411b0a0e	HSat2	1	7	0
29	k16_411b0a0e	HSat2	1	8	0
29	k16_411b0a0e	HSat2	1	9	0
29	k16_411b0a0e	HSat2	1	10	0
29	k16_411b0a0e	HSat2	1	11	0
29	k16_411b0a0e	HSat2	1	12	0
29	k16_411b0a0e	HSat2	1	13	0
29	k16_411b0a0e	HSat2	1	14	0
29	k16_411b0a0e	HSat2	1	15	0
29	k16_411b0a0e	HSat2	1	16	0
29	k16_411b0a0e	HSat2	2	1	499
29	k16_411b0a0e	HSat2	2	2	0
29	k16_411b0a0e	HSat2	2	3	0
29	k16_411b0a0e	HSat2	2	4	3
29	k16_411b0a0e	HSat2	2	5	0
29	k16_411b0a0e	HSat2	2	6	0
29	k16_411b0a0e	HSat2	2	7	0
29	k16_411b0a0e	HSat2	2	8	502
29	k16_411b0a0e	HSat2	2	9	0
29	k16_411b0a0e	HSat2	2	10	1
29	k16_411b0a0e	HSat2	2	11	0
29	k16_411b0a0e	HSat2	2	12	0
29	k16_411b0a0e	HSat2	2	13	0
29	k16_411b0a0e	HSat2	2	14	0
29	k16_411b0a0e	HSat2	2	15	0
29	k16_411b0a0e	HSat2	2	16	1
29	k16_411b0a0e	HSat3	1	1	230
29	k16_411b0a0e	HSat3	1	2	3
29	k16_411b0a0e	HSat3	1	3	2
29	k16_411b0a0e	HSat3	1	4	235
29	k16_411b0a0e	HSat3	1	5	2044
29	k16_411b0a0e	HSat3	1	6	497
29	k16_411b0a0e	HSat3	1	7	1401
29	k16_411b0a0e	HSat3	1	8	4857
29	k16_411b0a0e	HSat3	1	9	12455
29	k16_411b0a0e	HSat3	1	10	733
29	k16_411b0a0e	HSat3	1	11	239
29	k16_411b0a0e	HSat3	1	12	12
29	k16_411b0a0e	HSat3	1	13	0
29	k16_411b0a0e	HSat3	1	14	2495
29	k16_411b0a0e	HSat3	1	15	456
29	k16_411b0a0e	HSat3	1	16	2
29	k16_411b0a0e	HSat3	2	1	3351
29	k16_411b0a0e	HSat3	2	2	1828
29	k16_411b0a0e	HSat3	2	3	3201
29	k16_411b0a0e	HSat3	2	4	3053
29	k16_411b0a0e	HSat3	2	5	137108
29	k16_411b0a0e	HSat3	2	6	26554
29	k16_411b0a0e	HSat3	2	7	1732
29	k16_411b0a0e	HSat3	2	8	478146
29	k16_411b0a0e	HSat3	2	9	48074
29	k16_411b0a0e	HSat3	2	10	396628
29	k16_411b0a0e	HSat3	2	11	1227
29	k16_411b0a0e	HSat3	2	12	1347
29	k16_411b0a0e	HSat3	2	13	0
29	k16_411b0a0e	HSat3	2	14	857
29	k16_411b0a0e	HSat3	2	15	386
29	k16_411b0a0e	HSat3	2	16	422
29	k16_411b0a0e	HSat23	1	1	230
29	k16_411b0a0e	HSat23	1	2	3
29	k16_411b0a0e	HSat23	1	3	2
29	k16_411b0a0e	HSat23	1	4	235
29	k16_411b0a0e	HSat23	1	5	2044
29	k16_411b0a0e	HSat23	1	6	497
29	k16_411b0a0e	HSat23	1	7	1401
29	k16_411b0a0e	HSat23	1	8	4857
29	k16_411b0a0e	HSat23	1	9	12455
29	k16_411b0a0e	HSat23	1	10	733
29	k16_411b0a0e	HSat23	1	11	239
29	k16_411b0a0e	HSat23	1	12	12
29	k16_411b0a0e	HSat23	1	13	0
29	k16_411b0a0e	HSat23	1	14	2495
29	k16_411b0a0e	HSat23	1	15	456
29	k16_411b0a0e	HSat23	1	16	2
29	k16_411b0a0e	HSat23	2	1	3850
29	k16_411b0a0e	HSat23	2	2	1828
29	k16_411b0a0e	HSat23	2	3	3201
29	k16_411b0a0e	HSat23	2	4	3056
29	k16_411b0a0e	HSat23	2	5	137108
29	k16_411b0a0e	HSat23	2	6	26554
29	k16_411b0a0e	HSat23	2	7	1732
29	k16_411b0a0e	HSat23	2	8	478648
29	k16_411b0a0e	HSat23	2	9	48074
29	k16_411b0a0e	HSat23	2	10	396629
29	k16_411b0a0e	HSat23	2	11	1227
29	k16_411b0a0e	HSat23	2	12	1347
29	k16_411b0a0e	HSat23	2	13	0
29	k16_411b0a0e	HSat23	2	14	857
29	k16_411b0a0e	HSat23	2	15	386
29	k16_411b0a0e	HSat23	2	16	423
29	k16_411b0a0e	background	1	1	433
29	k16_411b0a0e	background	1	2	1007
29	k16_411b0a0e	background	1	3	429
29	k16_411b0a0e	background	1	4	838
29	k16_411b0a0e	background	1	5	455
29	k16_411b0a0e	background	1	6	1660
29	k16_411b0a0e	background	1	7	2948
29	k16_411b0a0e	background	1	8	91
29	k16_411b0a0e	background	1	9	53
29	k16_411b0a0e	background	1	10	0
29	k16_411b0a0e	background	1	11	561
29	k16_411b0a0e	background	1	12	0
29	k16_411b0a0e	background	1	13	0
29	k16_411b0a0e	background	1	14	13
29	k16_411b0a0e	background	1	15	558
29	k16_411b0a0e	background	1	16	0
29	k16_411b0a0e	background	2	1	55614
29	k16_411b0a0e	background	2	2	34599
29	k16_411b0a0e	background	2	3	23527
29	k16_411b0a0e	background	2	4	39950
29	k16_411b0a0e	background	2	5	12472
29	k16_411b0a0e	background	2	6	120521
29	k16_411b0a0e	background	2	7	117845
29	k16_411b0a0e	background	2	8	38912
29	k16_411b0a0e	background	2	9	31436
29	k16_411b0a0e	background	2	10	20364
29	k16_411b0a0e	background	2	11	33022
29	k16_411b0a0e	background	2	12	42456
29	k16_411b0a0e	background	2	13	24212
29	k16_411b0a0e	background	2	14	22586
29	k16_411b0a0e	background	2	15	27515
29	k16_411b0a0e	background	2	16	39601
30	k16_43143e38	HSat2	1	1	29518
30	k16_43143e38	HSat2	1	2	6552
30	k16_43143e38	HSat2	1	3	121600
30	k16_43143e38	HSat2	1	4	8183
30	k16_43143e38	HSat2	1	5	14361
30	k16_43143e38	HSat2	1	6	28670
30	k16_43143e38	HSat2	1	7	21610
30	k16_43143e38	HSat2	1	8	26770
30	k16_43143e38	HSat2	1	9	18125
30	k16_43143e38	HSat2	1	10	87664
30	k16_43143e38	HSat2	1	11	6384
30	k16_43143e38	HSat2	1	12	15639
30	k16_43143e38	HSat2	1	13	5002
30	k16_43143e38	HSat2	1	14	7582
30	k16_43143e38	HSat2	1	15	16177
30	k16_43143e38	HSat2	1	16	10079
30	k16_43143e38	HSat2	2	1	13601
30	k16_43143e38	HSat2	2	2	118630
30	k16_43143e38	HSat2	2	3	54565
30	k16_43143e38	HSat2	2	4	10364
30	k16_43143e38	HSat2	2	5	613498
30	k16_43143e38	HSat2	2	6	50230
30	k16_43143e38	HSat2	2	7	3863
30	k16_43143e38	HSat2	2	8	5956
30	k16_43143e38	HSat2	2	9	1060390
30	k16_43143e38	HSat2	2	10	5536
30	k16_43143e38	HSat2	2	11	535910
30	k16_43143e38	HSat2	2	12	5773
30	k16_43143e38	HSat2	2	13	1952
30	k16_43143e38	HSat2	2	14	3596
30	k16_43143e38	HSat2	2	15	4755
30	k16_43143e38	HSat2	2	16	2157
30	k16_43143e38	HSat3	1	1	0
30	k16_43143e38	HSat3	1	2	0
30	k16_43143e38	HSat3	1	3	0
30	k16_43143e38	HSat3	1	4	0
30	k16_43143e38	HSat3	1	5	0
30	k16_43143e38	HSat3	1	6	0
30	k16_43143e38	HSat3	1	7	0
30	k16_43143e38	HSat3	1	8	0
30	k16_43143e38	HSat3	1	9	0
30	k16_43143e38	HSat3	1	10	0
30	k16_43143e38	HSat3	1	11	0
30	k16_43143e38	HSat3	1	12	0
30	k16_43143e38	HSat3	1	13	0
30	k16_43143e38	HSat3	1	14	0
30	k16_43143e38	HSat3	1	15	0
30	k16_43143e38	HSat3	1	16	0
30	k16_43143e38	HSat3	2	1	0
30	k16_43143e38	HSat3	2	2	74
30	k16_43143e38	HSat3	2	3	0
30	k16_43143e38	HSat3	2	4	0
30	k16_43143e38	HSat3	2	5	1531
30	k16_43143e38	HSat3	2	6	45
30	k16_43143e38	HSat3	2	7	0
30	k16_43143e38	HSat3	2	8	0
30	k16_43143e38	HSat3	2	9	1407
30	k16_43143e38	HSat3	2	10	0
30	k16_43143e38	HSat3	2	11	0
30	k16_43143e38	HSat3	2	12	0
30	k16_43143e38	HSat3	2	13	0
30	k16_43143e38	HSat3	2	14	0
30	k16_43143e38	HSat3	2	15	1
30	k16_43143e38	HSat3	2	16	4
30	k16_43143e38	HSat23	1	1	29518
30	k16_43143e38	HSat23	1	2	6552
30	k16_43143e38	HSat23	1	3	121600
30	k16_43143e38	HSat23	1	4	8183
30	k16_43143e38	HSat23	1	5	14361
30	k16_43143e38	HSat23	1	6	28670
30	k16_43143e38	HSat23	1	7	21610
30	k16_43143e38	HSat23	1	8	26770
30	k16_43143e38	HSat23	1	9	18125
30	k16_43143e38	HSat23	1	10	87664
30	k16_43143e38	HSat23	1	11	6384
30	k16_43143e38	HSat23	1	12	15639
30	k16_43143e38	HSat23	1	13	5002
30	k16_43143e38	HSat23	1	14	7582
30	k16_43143e38	HSat23	1	15	16177
30	k16_43143e38	HSat23	1	16	10079
30	k16_43143e38	HSat23	2	1	13601
30	k16_43143e38	HSat23	2	2	118714
30	k16_43143e38	HSat23	2	3	54565
30	k16_43143e38	HSat23	2	4	10364
30	k16_43143e38	HSat23	2	5	615073
30	k16_43143e38	HSat23	2	6	50281
30	k16_43143e38	HSat23	2	7	3863
30	k16_43143e38	HSat23	2	8	5956
30	k16_43143e38	HSat23	2	9	1061825
30	k16_43143e38	HSat23	2	10	5536
30	k16_43143e38	HSat23	2	11	535910
30	k16_43143e38	HSat23	2	12	5773
30	k16_43143e38	HSat23	2	13	1952
30	k16_43143e38	HSat23	2	14	3596
30	k16_43143e38	HSat23	2	15	4756
30	k16_43143e38	HSat23	2	16	2161
30	k16_43143e38	background	1	1	889
30	k16_43143e38	background	1	2	483
30	k16_43143e38	background	1	3	2114
30	k16_43143e38	background	1	4	2772
30	k16_43143e38	background	1	5	599
30	k16_43143e38	background	1	6	2842
30	k16_43143e38	background	1	7	949
30	k16_43143e38	background	1	8	3245
30	k16_43143e38	background	1	9	2284
30	k16_43143e38	background	1	10	1664
30	k16_43143e38	background	1	11	13
30	k16_43143e38	background	1	12	4486
30	k16_43143e38	background	1	13	8006
30	k16_43143e38	background	1	14	4
30	k16_43143e38	background	1	15	4088
30	k16_43143e38	background	1	16	2075
30	k16_43143e38	background	2	1	133624
30	k16_43143e38	background	2	2	37333
30	k16_43143e38	background	2	3	68080
30	k16_43143e38	background	2	4	110087
30	k16_43143e38	background	2	5	72332
30	k16_43143e38	background	2	6	144822
30	k16_43143e38	background	2	7	124730
30	k16_43143e38	background	2	8	95057
30	k16_43143e38	background	2	9	144646
30	k16_43143e38	background	2	10	221908
30	k16_43143e38	background	2	11	73404
30	k16_43143e38	background	2	12	207262
30	k16_43143e38	background	2	13	244027
30	k16_43143e38	background	2	14	49218
30	k16_43143e38	background	2	15	108952
30	k16_43143e38	background	2	16	80602
31	k16_43a0e814	HSat2	1	1	13485
31	k16_43a0e814	HSat2	1	2	0
31	k16_43a0e814	HSat2	1	3	0
31	k16_43a0e814	HSat2	1	4	35
31	k16_43a0e814	HSat2	1	5	3955
31	k16_43a0e814	HSat2	1	6	193
31	k16_43a0e814	HSat2	1	7	0
31	k16_43a0e814	HSat2	1	8	0
31	k16_43a0e814	HSat2	1	9	0
31	k16_43a0e814	HSat2	1	10	3
31	k16_43a0e814	HSat2	1	11	0
31	k16_43a0e814	HSat2	1	12	0
31	k16_43a0e814	HSat2	1	13	0
31	k16_43a0e814	HSat2	1	14	12552
31	k16_43a0e814	HSat2	1	15	30
31	k16_43a0e814	HSat2	1	16	1
31	k16_43a0e814	HSat2	2	1	6047133
31	k16_43a0e814	HSat2	2	2	8826
31	k16_43a0e814	HSat2	2	3	11690
31	k16_43a0e814	HSat2	2	4	61170
31	k16_43a0e814	HSat2	2	5	1141206
31	k16_43a0e814	HSat2	2	6	18944
31	k16_43a0e814	HSat2	2	7	680
31	k16_43a0e814	HSat2	2	8	561
31	k16_43a0e814	HSat2	2	9	4549
31	k16_43a0e814	HSat2	2	10	20076
31	k16_43a0e814	HSat2	2	11	593
31	k16_43a0e814	HSat2	2	12	817
31	k16_43a0e814	HSat2	2	13	1297
31	k16_43a0e814	HSat2	2	14	6860330
31	k16_43a0e814	HSat2	2	15	53577
31	k16_43a0e814	HSat2	2	16	5349
31	k16_43a0e814	HSat3	1	1	282767
31	k16_43a0e814	HSat3	1	2	267
31	k16_43a0e814	HSat3	1	3	2643
31	k16_43a0e814	HSat3	1	4	1135
31	k16_43a0e814	HSat3	1	5	983
31	k16_43a0e814	HSat3	1	6	3622
31	k16_43a0e814	HSat3	1	7	90
31	k16_43a0e814	HSat3	1	8	1228
31	k16_43a0e814	HSat3	1	9	1185
31	k16_43a0e814	HSat3	1	10	1852
31	k16_43a0e814	HSat3	1	11	10507
31	k16_43a0e814	HSat3	1	12	229
31	k16_43a0e814	HSat3	1	13	2399
31	k16_43a0e814	HSat3	1	14	12555553
31	k16_43a0e814	HSat3	1	15	51947
31	k16_43a0e814	HSat3	1	16	14278
31	k16_43a0e814	HSat3	2	1	40399981
31	k16_43a0e814	HSat3	2	2	94840
31	k16_43a0e814	HSat3	2	3	455345
31	k16_43a0e814	HSat3	2	4	563768
31	k16_43a0e814	HSat3	2	5	330981
31	k16_43a0e814	HSat3	2	6	408036
31	k16_43a0e814	HSat3	2	7	54944
31	k16_43a0e814	HSat3	2	8	114034
31	k16_43a0e814	HSat3	2	9	294309
31	k16_43a0e814	HSat3	2	10	547822
31	k16_43a0e814	HSat3	2	11	428564
31	k16_43a0e814	HSat3	2	12	244580
31	k16_43a0e814	HSat3	2	13	3243806
31	k16_43a0e814	HSat3	2	14	43430841
31	k16_43a0e814	HSat3	2	15	8231562
31	k16_43a0e814	HSat3	2	16	4146513
31	k16_43a0e814	HSat23	1	1	296252
31	k16_43a0e814	HSat23	1	2	267
31	k16_43a0e814	HSat23	1	3	2643
31	k16_43a0e814	HSat23	1	4	1170
31	k16_43a0e814	HSat23	1	5	4938
31	k16_43a0e814	HSat23	1	6	3815
31	k16_43a0e814	HSat23	1	7	90
31	k16_43a0e814	HSat23	1	8	1228
31	k16_43a0e814	HSat23	1	9	1185
31	k16_43a0e814	HSat23	1	10	1855
31	k16_43a0e814	HSat23	1	11	10507
31	k16_43a0e814	HSat23	1	12	229
31	k16_43a0e814	HSat23	1	13	2399
31	k16_43a0e814	HSat23	1	14	12568105
31	k16_43a0e814	HSat23	1	15	51977
31	k16_43a0e814	HSat23	1	16	14279
31	k16_43a0e814	HSat23	2	1	46447183
31	k16_43a0e814	HSat23	2	2	103666
31	k16_43a0e814	HSat23	2	3	467035
31	k16_43a0e814	HSat23	2	4	624938
31	k16_43a0e814	HSat23	2	5	1472187
31	k16_43a0e814	HSat23	2	6	426980
31	k16_43a0e814	HSat23	2	7	55624
31	k16_43a0e814	HSat23	2	8	114595
31	k16_43a0e814	HSat23	2	9	298858
31	k16_43a0e814	HSat23	2	10	567899
31	k16_43a0e814	HSat23	2	11	429157
31	k16_43a0e814	HSat23	2	12	245397
31	k16_43a0e814	HSat23	2	13	3245103
31	k16_43a0e814	HSat23	2	14	50291239
31	k16_43a0e814	HSat23	2	15	8285139
31	k16_43a0e814	HSat23	2	16	4151862
31	k16_43a0e814	background	1	1	5401
31	k16_43a0e814	background	1	2	2500
31	k16_43a0e814	background	1	3	1575
31	k16_43a0e814	background	1	4	6123
31	k16_43a0e814	background	1	5	3207
31	k16_43a0e814	background	1	6	3932
31	k16_43a0e814	background	1	7	887
31	k16_43a0e814	background	1	8	2649
31	k16_43a0e814	background	1	9	2010
31	k16_43a0e814	background	1	10	2642
31	k16_43a0e814	background	1	11	10198
31	k16_43a0e814	background	1	12	749
31	k16_43a0e814	background	1	13	2692
31	k16_43a0e814	background	1	14	10549
31	k16_43a0e814	background	1	15	3514
31	k16_43a0e814	background	1	16	2730
31	k16_43a0e814	background	2	1	178391
31	k16_43a0e814	background	2	2	59007
31	k16_43a0e814	background	2	3	110743
31	k16_43a0e814	background	2	4	150401
31	k16_43a0e814	background	2	5	83794
31	k16_43a0e814	background	2	6	156384
31	k16_43a0e814	background	2	7	113616
31	k16_43a0e814	background	2	8	80392
31	k16_43a0e814	background	2	9	108513
31	k16_43a0e814	background	2	10	164723
31	k16_43a0e814	background	2	11	232088
31	k16_43a0e814	background	2	12	92632
31	k16_43a0e814	background	2	13	80701
31	k16_43a0e814	background	2	14	269592
31	k16_43a0e814	background	2	15	249551
31	k16_43a0e814	background	2	16	107852
32	k16_476afbf4	HSat2	1	1	0
32	k16_476afbf4	HSat2	1	2	0
32	k16_476afbf4	HSat2	1	3	0
32	k16_476afbf4	HSat2	1	4	0
32	k16_476afbf4	HSat2	1	5	0
32	k16_476afbf4	HSat2	1	6	0
32	k16_476afbf4	HSat2	1	7	0
32	k16_476afbf4	HSat2	1	8	0
32	k16_476afbf4	HSat2	1	9	0
32	k16_476afbf4	HSat2	1	10	0
32	k16_476afbf4	HSat2	1	11	0
32	k16_476afbf4	HSat2	1	12	0
32	k16_476afbf4	HSat2	1	13	0
32	k16_476afbf4	HSat2	1	14	0
32	k16_476afbf4	HSat2	1	15	0
32	k16_476afbf4	HSat2	1	16	0
32	k16_476afbf4	HSat2	2	1	0
32	k16_476afbf4	HSat2	2	2	0
32	k16_476afbf4	HSat2	2	3	2
32	k16_476afbf4	HSat2	2	4	0
32	k16_476afbf4	HSat2	2	5	0
32	k16_476afbf4	HSat2	2	6	0
32	k16_476afbf4	HSat2	2	7	2
32	k16_476afbf4	HSat2	2	8	0
32	k16_476afbf4	HSat2	2	9	0
32	k16_476afbf4	HSat2	2	10	466
32	k16_476afbf4	HSat2	2	11	466
32	k16_476afbf4	HSat2	2	12	7
32	k16_476afbf4	HSat2	2	13	0
32	k16_476afbf4	HSat2	2	14	0
32	k16_476afbf4	HSat2	2	15	0
32	k16_476afbf4	HSat2	2	16	7
32	k16_476afbf4	HSat3	1	1	3798
32	k16_476afbf4	HSat3	1	2	29
32	k16_476afbf4	HSat3	1	3	15420
32	k16_476afbf4	HSat3	1	4	772
32	k16_476afbf4	HSat3	1	5	977
32	k16_476afbf4	HSat3	1	6	8335
32	k16_476afbf4	HSat3	1	7	1894
32	k16_476afbf4	HSat3	1	8	2484
32	k16_476afbf4	HSat3	1	9	34
32	k16_476afbf4	HSat3	1	10	3
32	k16_476afbf4	HSat3	1	11	10377
32	k16_476afbf4	HSat3	1	12	271259
32	k16_476afbf4	HSat3	1	13	592
32	k16_476afbf4	HSat3	1	14	9178
32	k16_476afbf4	HSat3	1	15	3921
32	k16_476afbf4	HSat3	1	16	216170
32	k16_476afbf4	HSat3	2	1	330015
32	k16_476afbf4	HSat3	2	2	44981
32	k16_476afbf4	HSat3	2	3	3416894
32	k16_476afbf4	HSat3	2	4	25629
32	k16_476afbf4	HSat3	2	5	69486
32	k16_476afbf4	HSat3	2	6	170369
32	k16_476afbf4	HSat3	2	7	300134
32	k16_476afbf4	HSat3	2	8	167118
32	k16_476afbf4	HSat3	2	9	23794
32	k16_476afbf4	HSat3	2	10	25527
32	k16_476afbf4	HSat3	2	11	72758
32	k16_476afbf4	HSat3	2	12	16900327
32	k16_476afbf4	HSat3	2	13	17037
32	k16_476afbf4	HSat3	2	14	2843707
32	k16_476afbf4	HSat3	2	15	267475
32	k16_476afbf4	HSat3	2	16	16955267
32	k16_476afbf4	HSat23	1	1	3798
32	k16_476afbf4	HSat23	1	2	29
32	k16_476afbf4	HSat23	1	3	15420
32	k16_476afbf4	HSat23	1	4	772
32	k16_476afbf4	HSat23	1	5	977
32	k16_476afbf4	HSat23	1	6	8335
32	k16_476afbf4	HSat23	1	7	1894
32	k16_476afbf4	HSat23	1	8	2484
32	k16_476afbf4	HSat23	1	9	34
32	k16_476afbf4	HSat23	1	10	3
32	k16_476afbf4	HSat23	1	11	10377
32	k16_476afbf4	HSat23	1	12	271259
32	k16_476afbf4	HSat23	1	13	592
32	k16_476afbf4	HSat23	1	14	9178
32	k16_476afbf4	HSat23	1	15	3921
32	k16_476afbf4	HSat23	1	16	216170
32	k16_476afbf4	HSat23	2	1	330015
32	k16_476afbf4	HSat23	2	2	44981
32	k16_476afbf4	HSat23	2	3	3416896
32	k16_476afbf4	HSat23	2	4	25629
32	k16_476afbf4	HSat23	2	5	69486
32	k16_476afbf4	HSat23	2	6	170369
32	k16_476afbf4	HSat23	2	7	300136
32	k16_476afbf4	HSat23	2	8	167118
32	k16_476afbf4	HSat23	2	9	23794
32	k16_476afbf4	HSat23	2	10	25993
32	k16_476afbf4	HSat23	2	11	73224
32	k16_476afbf4	HSat23	2	12	16900338
32	k16_476afbf4	HSat23	2	13	17037
32	k16_476afbf4	HSat23	2	14	2843707
32	k16_476afbf4	HSat23	2	15	267475
32	k16_476afbf4	HSat23	2	16	16955278
32	k16_476afbf4	background	1	1	3
32	k16_476afbf4	background	1	2	0
32	k16_476afbf4	background	1	3	528
32	k16_476afbf4	background	1	4	2
32	k16_476afbf4	background	1	5	5496
32	k16_476afbf4	background	1	6	1983
32	k16_476afbf4	background	1	7	971
32	k16_476afbf4	background	1	8	1063
32	k16_476afbf4	background	1	9	0
32	k16_476afbf4	background	1	10	0
32	k16_476afbf4	background	1	11	339
32	k16_476afbf4	background	1	12	524
32	k16_476afbf4	background	1	13	983
32	k16_476afbf4	background	1	14	1591
32	k16_476afbf4	background	1	15	398
32	k16_476afbf4	background	1	16	3414
32	k16_476afbf4	background	2	1	23825
32	k16_476afbf4	background	2	2	16750
32	k16_476afbf4	background	2	3	84860
32	k16_476afbf4	background	2	4	13244
32	k16_476afbf4	background	2	5	306345
32	k16_476afbf4	background	2	6	110559
32	k16_476afbf4	background	2	7	33475
32	k16_476afbf4	background	2	8	32264
32	k16_476afbf4	background	2	9	20111
32	k16_476afbf4	background	2	10	17627
32	k16_476afbf4	background	2	11	32630
32	k16_476afbf4	background	2	12	31175
32	k16_476afbf4	background	2	13	22071
32	k16_476afbf4	background	2	14	18527
32	k16_476afbf4	background	2	15	23758
32	k16_476afbf4	background	2	16	212275
33	k16_4d01a0d0	HSat2	1	1	16327
33	k16_4d01a0d0	HSat2	1	2	17417
33	k16_4d01a0d0	HSat2	1	3	2962
33	k16_4d01a0d0	HSat2	1	4	7281
33	k16_4d01a0d0	HSat2	1	5	80907
33	k16_4d01a0d0	HSat2	1	6	4857
33	k16_4d01a0d0	HSat2	1	7	10792
33	k16_4d01a0d0	HSat2	1	8	5982180
33	k16_4d01a0d0	HSat2	1	9	25409
33	k16_4d01a0d0	HSat2	1	10	8757
33	k16_4d01a0d0	HSat2	1	11	16788
33	k16_4d01a0d0	HSat2	1	12	13983
33	k16_4d01a0d0	HSat2	1	13	3967
33	k16_4d01a0d0	HSat2	1	14	12987
33	k16_4d01a0d0	HSat2	1	15	832521
33	k16_4d01a0d0	HSat2	1	16	45245
33	k16_4d01a0d0	HSat2	2	1	1642615
33	k16_4d01a0d0	HSat2	2	2	861516
33	k16_4d01a0d0	HSat2	2	3	124650
33	k16_4d01a0d0	HSat2	2	4	189760
33	k16_4d01a0d0	HSat2	2	5	5084604
33	k16_4d01a0d0	HSat2	2	6	884965
33	k16_4d01a0d0	HSat2	2	7	606369
33	k16_4d01a0d0	HSat2	2	8	24926976
33	k16_4d01a0d0	HSat2	2	9	144355
33	k16_4d01a0d0	HSat2	2	10	666090
33	k16_4d01a0d0	HSat2	2	11	50826
33	k16_4d01a0d0	HSat2	2	12	904983
33	k16_4d01a0d0	HSat2	2	13	2661840
33	k16_4d01a0d0	HSat2	2	14	2599477
33	k16_4d01a0d0	HSat2	2	15	15925815
33	k16_4d01a0d0	HSat2	2	16	1785465
33	k16_4d01a0d0	HSat3	1	1	7429
33	k16_4d01a0d0	HSat3	1	2	0
33	k16_4d01a0d0	HSat3	1	3	0
33	k16_4d01a0d0	HSat3	1	4	0
33	k16_4d01a0d0	HSat3	1	5	83
33	k16_4d01a0d0	HSat3	1	6	0
33	k16_4d01a0d0	HSat3	1	7	0
33	k16_4d01a0d0	HSat3	1	8	2708
33	k16_4d01a0d0	HSat3	1	9	0
33	k16_4d01a0d0	HSat3	1	10	0
33	k16_4d01a0d0	HSat3	1	11	0
33	k16_4d01a0d0	HSat3	1	12	0
33	k16_4d01a0d0	HSat3	1	13	0
33	k16_4d01a0d0	HSat3	1	14	3
33	k16_4d01a0d0	HSat3	1	15	1077
33	k16_4d01a0d0	HSat3	1	16	0
33	k16_4d01a0d0	HSat3	2	1	71056
33	k16_4d01a0d0	HSat3	2	2	227
33	k16_4d01a0d0	HSat3	2	3	1
33	k16_4d01a0d0	HSat3	2	4	15421
33	k16_4d01a0d0	HSat3	2	5	66481
33	k16_4d01a0d0	HSat3	2	6	216
33	k16_4d01a0d0	HSat3	2	7	211
33	k16_4d01a0d0	HSat3	2	8	35312
33	k16_4d01a0d0	HSat3	2	9	1138
33	k16_4d01a0d0	HSat3	2	10	22
33	k16_4d01a0d0	HSat3	2	11	0
33	k16_4d01a0d0	HSat3	2	12	1567
33	k16_4d01a0d0	HSat3	2	13	236
33	k16_4d01a0d0	HSat3	2	14	21844
33	k16_4d01a0d0	HSat3	2	15	25097
33	k16_4d01a0d0	HSat3	2	16	1761
33	k16_4d01a0d0	HSat23	1	1	23756
33	k16_4d01a0d0	HSat23	1	2	17417
33	k16_4d01a0d0	HSat23	1	3	2962
33	k16_4d01a0d0	HSat23	1	4	7281
33	k16_4d01a0d0	HSat23	1	5	80990
33	k16_4d01a0d0	HSat23	1	6	4857
33	k16_4d01a0d0	HSat23	1	7	10792
33	k16_4d01a0d0	HSat23	1	8	5984961
33	k16_4d01a0d0	HSat23	1	9	25409
33	k16_4d01a0d0	HSat23	1	10	8757
33	k16_4d01a0d0	HSat23	1	11	16788
33	k16_4d01a0d0	HSat23	1	12	13983
33	k16_4d01a0d0	HSat23	1	13	3967
33	k16_4d01a0d0	HSat23	1	14	12990
33	k16_4d01a0d0	HSat23	1	15	833598
33	k16_4d01a0d0	HSat23	1	16	45245
33	k16_4d01a0d0	HSat23	2	1	1713721
33	k16_4d01a0d0	HSat23	2	2	861743
33	k16_4d01a0d0	HSat23	2	3	124651
33	k16_4d01a0d0	HSat23	2	4	205181
33	k16_4d01a0d0	HSat23	2	5	5151248
33	k16_4d01a0d0	HSat23	2	6	885181
33	k16_4d01a0d0	HSat23	2	7	606580
33	k16_4d01a0d0	HSat23	2	8	24962713
33	k16_4d01a0d0	HSat23	2	9	145511
33	k16_4d01a0d0	HSat23	2	10	666112
33	k16_4d01a0d0	HSat23	2	11	50826
33	k16_4d01a0d0	HSat23	2	12	906595
33	k16_4d01a0d0	HSat23	2	13	2662076
33	k16_4d01a0d0	HSat23	2	14	2621322
33	k16_4d01a0d0	HSat23	2	15	15951059
33	k16_4d01a0d0	HSat23	2	16	1787289
33	k16_4d01a0d0	background	1	1	71
33	k16_4d01a0d0	background	1	2	43
33	k16_4d01a0d0	background	1	3	451
33	k16_4d01a0d0	background	1	4	551
33	k16_4d01a0d0	background	1	5	211
33	k16_4d01a0d0	background	1	6	39
33	k16_4d01a0d0	background	1	7	27
33	k16_4d01a0d0	background	1	8	19385
33	k16_4d01a0d0	background	1	9	2400
33	k16_4d01a0d0	background	1	10	1363
33	k16_4d01a0d0	background	1	11	18
33	k16_4d01a0d0	background	1	12	17
33	k16_4d01a0d0	background	1	13	10
33	k16_4d01a0d0	background	1	14	995
33	k16_4d01a0d0	background	1	15	2674
33	k16_4d01a0d0	background	1	16	202
33	k16_4d01a0d0	background	2	1	50468
33	k16_4d01a0d0	background	2	2	27249
33	k16_4d01a0d0	background	2	3	50326
33	k16_4d01a0d0	background	2	4	93535
33	k16_4d01a0d0	background	2	5	27477
33	k16_4d01a0d0	background	2	6	35200
33	k16_4d01a0d0	background	2	7	21651
33	k16_4d01a0d0	background	2	8	338594
33	k16_4d01a0d0	background	2	9	153040
33	k16_4d01a0d0	background	2	10	46355
33	k16_4d01a0d0	background	2	11	24324
33	k16_4d01a0d0	background	2	12	28328
33	k16_4d01a0d0	background	2	13	56396
33	k16_4d01a0d0	background	2	14	155684
33	k16_4d01a0d0	background	2	15	63896
33	k16_4d01a0d0	background	2	16	33995
34	k16_4d83a118	HSat2	1	1	10475
34	k16_4d83a118	HSat2	1	2	6598
34	k16_4d83a118	HSat2	1	3	492034
34	k16_4d83a118	HSat2	1	4	121661
34	k16_4d83a118	HSat2	1	5	265359
34	k16_4d83a118	HSat2	1	6	9110
34	k16_4d83a118	HSat2	1	7	45525
34	k16_4d83a118	HSat2	1	8	26423
34	k16_4d83a118	HSat2	1	9	12881
34	k16_4d83a118	HSat2	1	10	14048
34	k16_4d83a118	HSat2	1	11	191724
34	k16_4d83a118	HSat2	1	12	289977
34	k16_4d83a118	HSat2	1	13	16905267
34	k16_4d83a118	HSat2	1	14	583826
34	k16_4d83a118	HSat2	1	15	79177
34	k16_4d83a118	HSat2	1	16	11719
34	k16_4d83a118	HSat2	2	1	1065922
34	k16_4d83a118	HSat2	2	2	495659
34	k16_4d83a118	HSat2	2	3	296285
34	k16_4d83a118	HSat2	2	4	6452884
34	k16_4d83a118	HSat2	2	5	4186554
34	k16_4d83a118	HSat2	2	6	2609181
34	k16_4d83a118	HSat2	2	7	856843
34	k16_4d83a118	HSat2	2	8	1322023
34	k16_4d83a118	HSat2	2	9	2485733
34	k16_4d83a118	HSat2	2	10	1233788
34	k16_4d83a118	HSat2	2	11	6922117
34	k16_4d83a118	HSat2	2	12	28294612
34	k16_4d83a118	HSat2	2	13	48846475
34	k16_4d83a118	HSat2	2	14	5817912
34	k16_4d83a118	HSat2	2	15	4604113
34	k16_4d83a118	HSat2	2	16	662671
34	k16_4d83a118	HSat3	1	1	1285
34	k16_4d83a118	HSat3	1	2	0
34	k16_4d83a118	HSat3	1	3	36
34	k16_4d83a118	HSat3	1	4	768
34	k16_4d83a118	HSat3	1	5	72
34	k16_4d83a118	HSat3	1	6	0
34	k16_4d83a118	HSat3	1	7	0
34	k16_4d83a118	HSat3	1	8	0
34	k16_4d83a118	HSat3	1	9	0
34	k16_4d83a118	HSat3	1	10	0
34	k16_4d83a118	HSat3	1	11	0
34	k16_4d83a118	HSat3	1	12	783
34	k16_4d83a118	HSat3	1	13	2897
34	k16_4d83a118	HSat3	1	14	0
34	k16_4d83a118	HSat3	1	15	46
34	k16_4d83a118	HSat3	1	16	0
34	k16_4d83a118	HSat3	2	1	128264
34	k16_4d83a118	HSat3	2	2	541
34	k16_4d83a118	HSat3	2	3	1378
34	k16_4d83a118	HSat3	2	4	125234
34	k16_4d83a118	HSat3	2	5	3399
34	k16_4d83a118	HSat3	2	6	138
34	k16_4d83a118	HSat3	2	7	236
34	k16_4d83a118	HSat3	2	8	611
34	k16_4d83a118	HSat3	2	9	286
34	k16_4d83a118	HSat3	2	10	4186
34	k16_4d83a118	HSat3	2	11	1093
34	k16_4d83a118	HSat3	2	12	33720
34	k16_4d83a118	HSat3	2	13	52316
34	k16_4d83a118	HSat3	2	14	8561
34	k16_4d83a118	HSat3	2	15	2097
34	k16_4d83a118	HSat3	2	16	644
34	k16_4d83a118	HSat23	1	1	11760
34	k16_4d83a118	HSat23	1	2	6598
34	k16_4d83a118	HSat23	1	3	492085
34	k16_4d83a118	HSat23	1	4	122429
34	k16_4d83a118	HSat23	1	5	265433
34	k16_4d83a118	HSat23	1	6	9110
34	k16_4d83a118	HSat23	1	7	45525
34	k16_4d83a118	HSat23	1	8	26423
34	k16_4d83a118	HSat23	1	9	12881
34	k16_4d83a118	HSat23	1	10	14048
34	k16_4d83a118	HSat23	1	11	191724
34	k16_4d83a118	HSat23	1	12	290769
34	k16_4d83a118	HSat23	1	13	16908203
34	k16_4d83a118	HSat23	1	14	583826
34	k16_4d83a118	HSat23	1	15	79235
34	k16_4d83a118	HSat23	1	16	11719
34	k16_4d83a118	HSat23	2	1	1194193
34	k16_4d83a118	HSat23	2	2	496200
34	k16_4d83a118	HSat23	2	3	297687
34	k16_4d83a118	HSat23	2	4	6578151
34	k16_4d83a118	HSat23	2	5	4190028
34	k16_4d83a118	HSat23	2	6	2609333
34	k16_4d83a118	HSat23	2	7	857079
34	k16_4d83a118	HSat23	2	8	1322647
34	k16_4d83a118	HSat23	2	9	2486019
34	k16_4d83a118	HSat23	2	10	1238010
34	k16_4d83a118	HSat23	2	11	6923218
34	k16_4d83a118	HSat23	2	12	28328576
34	k16_4d83a118	HSat23	2	13	48899253
34	k16_4d83a118	HSat23	2	14	5826491
34	k16_4d83a118	HSat23	2	15	4606245
34	k16_4d83a118	HSat23	2	16	663326
34	k16_4d83a118	background	1	1	13
34	k16_4d83a118	background	1	2	7
34	k16_4d83a118	background	1	3	1520
34	k16_4d83a118	background	1	4	1731
34	k16_4d83a118	background	1	5	947
34	k16_4d83a118	background	1	6	16
34	k16_4d83a118	background	1	7	27
34	k16_4d83a118	background	1	8	48
34	k16_4d83a118	background	1	9	20
34	k16_4d83a118	background	1	10	18
34	k16_4d83a118	background	1	11	175
34	k16_4d83a118	background	1	12	588
34	k16_4d83a118	background	1	13	51025
34	k16_4d83a118	background	1	14	1634
34	k16_4d83a118	background	1	15	55
34	k16_4d83a118	background	1	16	46
34	k16_4d83a118	background	2	1	7671
34	k16_4d83a118	background	2	2	5532
34	k16_4d83a118	background	2	3	4715
34	k16_4d83a118	background	2	4	43409
34	k16_4d83a118	background	2	5	33530
34	k16_4d83a118	background	2	6	10162
34	k16_4d83a118	background	2	7	5606
34	k16_4d83a118	background	2	8	7770
34	k16_4d83a118	background	2	9	9213
34	k16_4d83a118	background	2	10	10082
34	k16_4d83a118	background	2	11	24192
34	k16_4d83a118	background	2	12	90084
34	k16_4d83a118	background	2	13	146826
34	k16_4d83a118	background	2	14	41331
34	k16_4d83a118	background	2	15	27945
34	k16_4d83a118	background	2	16	5794
35	k16_4f5be4f5	HSat2	1	1	728
35	k16_4f5be4f5	HSat2	1	2	0
35	k16_4f5be4f5	HSat2	1	3	0
35	k16_4f5be4f5	HSat2	1	4	0
35	k16_4f5be4f5	HSat2	1	5	0
35	k16_4f5be4f5	HSat2	1	6	4
35	k16_4f5be4f5	HSat2	1	7	1579
35	k16_4f5be4f5	HSat2	1	8	0
35	k16_4f5be4f5	HSat2	1	9	0
35	k16_4f5be4f5	HSat2	1	10	1963
35	k16_4f5be4f5	HSat2	1	11	16
35	k16_4f5be4f5	HSat2	1	12	0
35	k16_4f5be4f5	HSat2	1	13	0
35	k16_4f5be4f5	HSat2	1	14	0
35	k16_4f5be4f5	HSat2	1	15	0
35	k16_4f5be4f5	HSat2	1	16	629
35	k16_4f5be4f5	HSat2	2	1	118546
35	k16_4f5be4f5	HSat2	2	2	1710
35	k16_4f5be4f5	HSat2	2	3	6308
35	k16_4f5be4f5	HSat2	2	4	431
35	k16_4f5be4f5	HSat2	2	5	305
35	k16_4f5be4f5	HSat2	2	6	83631
35	k16_4f5be4f5	HSat2	2	7	388005
35	k16_4f5be4f5	HSat2	2	8	5438
35	k16_4f5be4f5	HSat2	2	9	64
35	k16_4f5be4f5	HSat2	2	10	471802
35	k16_4f5be4f5	HSat2	2	11	93799
35	k16_4f5be4f5	HSat2	2	12	1042
35	k16_4f5be4f5	HSat2	2	13	594
35	k16_4f5be4f5	HSat2	2	14	273
35	k16_4f5be4f5	HSat2	2	15	879
35	k16_4f5be4f5	HSat2	2	16	136023
35	k16_4f5be4f5	HSat3	1	1	51520
35	k16_4f5be4f5	HSat3	1	2	113313
35	k16_4f5be4f5	HSat3	1	3	62498
35	k16_4f5be4f5	HSat3	1	4	5344
35	k16_4f5be4f5	HSat3	1	5	85380
35	k16_4f5be4f5	HSat3	1	6	53569
35	k16_4f5be4f5	HSat3	1	7	25620424
35	k16_4f5be4f5	HSat3	1	8	21724
35	k16_4f5be4f5	HSat3	1	9	14526
35	k16_4f5be4f5	HSat3	1	10	11559250
35	k16_4f5be4f5	HSat3	1	11	40226
35	k16_4f5be4f5	HSat3	1	12	64056
35	k16_4f5be4f5	HSat3	1	13	75130
35	k16_4f5be4f5	HSat3	1	14	7230
35	k16_4f5be4f5	HSat3	1	15	43825
35	k16_4f5be4f5	HSat3	1	16	42446
35	k16_4f5be4f5	HSat3	2	1	3338876
35	k16_4f5be4f5	HSat3	2	2	8516994
35	k16_4f5be4f5	HSat3	2	3	962121
35	k16_4f5be4f5	HSat3	2	4	517369
35	k16_4f5be4f5	HSat3	2	5	5673532
35	k16_4f5be4f5	HSat3	2	6	1790367
35	k16_4f5be4f5	HSat3	2	7	350968608
35	k16_4f5be4f5	HSat3	2	8	1245149
35	k16_4f5be4f5	HSat3	2	9	545613
35	k16_4f5be4f5	HSat3	2	10	359456991
35	k16_4f5be4f5	HSat3	2	11	1974807
35	k16_4f5be4f5	HSat3	2	12	6946137
35	k16_4f5be4f5	HSat3	2	13	1311913
35	k16_4f5be4f5	HSat3	2	14	367699
35	k16_4f5be4f5	HSat3	2	15	3809825
35	k16_4f5be4f5	HSat3	2	16	1970109
35	k16_4f5be4f5	HSat23	1	1	52256
35	k16_4f5be4f5	HSat23	1	2	113313
35	k16_4f5be4f5	HSat23	1	3	62498
35	k16_4f5be4f5	HSat23	1	4	5344
35	k16_4f5be4f5	HSat23	1	5	85380
35	k16_4f5be4f5	HSat23	1	6	53573
35	k16_4f5be4f5	HSat23	1	7	25622069
35	k16_4f5be4f5	HSat23	1	8	21724
35	k16_4f5be4f5	HSat23	1	9	14526
35	k16_4f5be4f5	HSat23	1	10	11561275
35	k16_4f5be4f5	HSat23	1	11	40242
35	k16_4f5be4f5	HSat23	1	12	64056
35	k16_4f5be4f5	HSat23	1	13	75130
35	k16_4f5be4f5	HSat23	1	14	7230
35	k16_4f5be4f5	HSat23	1	15	43825
35	k16_4f5be4f5	HSat23	1	16	43075
35	k16_4f5be4f5	HSat23	2	1	3458220
35	k16_4f5be4f5	HSat23	2	2	8518714
35	k16_4f5be4f5	HSat23	2	3	968496
35	k16_4f5be4f5	HSat23	2	4	517800
35	k16_4f5be4f5	HSat23	2	5	5673842
35	k16_4f5be4f5	HSat23	2	6	1874017
35	k16_4f5be4f5	HSat23	2	7	351358481
35	k16_4f5be4f5	HSat23	2	8	1250699
35	k16_4f5be4f5	HSat23	2	9	545677
35	k16_4f5be4f5	HSat23	2	10	359929771
35	k16_4f5be4f5	HSat23	2	11	2068629
35	k16_4f5be4f5	HSat23	2	12	6947185
35	k16_4f5be4f5	HSat23	2	13	1312509
35	k16_4f5be4f5	HSat23	2	14	368004
35	k16_4f5be4f5	HSat23	2	15	3810718
35	k16_4f5be4f5	HSat23	2	16	2106150
35	k16_4f5be4f5	background	1	1	471
35	k16_4f5be4f5	background	1	2	366
35	k16_4f5be4f5	background	1	3	344
35	k16_4f5be4f5	background	1	4	4204
35	k16_4f5be4f5	background	1	5	542
35	k16_4f5be4f5	background	1	6	2796
35	k16_4f5be4f5	background	1	7	20093
35	k16_4f5be4f5	background	1	8	6
35	k16_4f5be4f5	background	1	9	838
35	k16_4f5be4f5	background	1	10	8710
35	k16_4f5be4f5	background	1	11	30
35	k16_4f5be4f5	background	1	12	1045
35	k16_4f5be4f5	background	1	13	1624
35	k16_4f5be4f5	background	1	14	2
35	k16_4f5be4f5	background	1	15	838
35	k16_4f5be4f5	background	1	16	8
35	k16_4f5be4f5	background	2	1	24841
35	k16_4f5be4f5	background	2	2	58031
35	k16_4f5be4f5	background	2	3	48880
35	k16_4f5be4f5	background	2	4	435694
35	k16_4f5be4f5	background	2	5	37717
35	k16_4f5be4f5	background	2	6	120513
35	k16_4f5be4f5	background	2	7	857171
35	k16_4f5be4f5	background	2	8	70486
35	k16_4f5be4f5	background	2	9	31812
35	k16_4f5be4f5	background	2	10	393725
35	k16_4f5be4f5	background	2	11	35147
35	k16_4f5be4f5	background	2	12	48629
35	k16_4f5be4f5	background	2	13	172237
35	k16_4f5be4f5	background	2	14	17818
35	k16_4f5be4f5	background	2	15	43256
35	k16_4f5be4f5	background	2	16	53655
36	k16_4f62d4e8	HSat2	1	1	188268
36	k16_4f62d4e8	HSat2	1	2	19868
36	k16_4f62d4e8	HSat2	1	3	7397
36	k16_4f62d4e8	HSat2	1	4	9729
36	k16_4f62d4e8	HSat2	1	5	38184
36	k16_4f62d4e8	HSat2	1	6	23402
36	k16_4f62d4e8	HSat2	1	7	329702
36	k16_4f62d4e8	HSat2	1	8	62525
36	k16_4f62d4e8	HSat2	1	9	35147
36	k16_4f62d4e8	HSat2	1	10	39745
36	k16_4f62d4e8	HSat2	1	11	15754
36	k16_4f62d4e8	HSat2	1	12	298469
36	k16_4f62d4e8	HSat2	1	13	114538
36	k16_4f62d4e8	HSat2	1	14	52934
36	k16_4f62d4e8	HSat2	1	15	25754
36	k16_4f62d4e8	HSat2	1	16	20410
36	k16_4f62d4e8	HSat2	2	1	20876
36	k16_4f62d4e8	HSat2	2	2	183834
36	k16_4f62d4e8	HSat2	2	3	7743
36	k16_4f62d4e8	HSat2	2	4	8714
36	k16_4f62d4e8	HSat2	2	5	73053
36	k16_4f62d4e8	HSat2	2	6	190526
36	k16_4f62d4e8	HSat2	2	7	140358
36	k16_4f62d4e8	HSat2	2	8	82844
36	k16_4f62d4e8	HSat2	2	9	9628
36	k16_4f62d4e8	HSat2	2	10	2164274
36	k16_4f62d4e8	HSat2	2	11	18988
36	k16_4f62d4e8	HSat2	2	12	188829
36	k16_4f62d4e8	HSat2	2	13	26678
36	k16_4f62d4e8	HSat2	2	14	7422705
36	k16_4f62d4e8	HSat2	2	15	5180847
36	k16_4f62d4e8	HSat2	2	16	143175
36	k16_4f62d4e8	HSat3	1	1	0
36	k16_4f62d4e8	HSat3	1	2	0
36	k16_4f62d4e8	HSat3	1	3	0
36	k16_4f62d4e8	HSat3	1	4	0
36	k16_4f62d4e8	HSat3	1	5	0
36	k16_4f62d4e8	HSat3	1	6	0
36	k16_4f62d4e8	HSat3	1	7	0
36	k16_4f62d4e8	HSat3	1	8	400
36	k16_4f62d4e8	HSat3	1	9	0
36	k16_4f62d4e8	HSat3	1	10	0
36	k16_4f62d4e8	HSat3	1	11	0
36	k16_4f62d4e8	HSat3	1	12	0
36	k16_4f62d4e8	HSat3	1	13	1
36	k16_4f62d4e8	HSat3	1	14	1564
36	k16_4f62d4e8	HSat3	1	15	559
36	k16_4f62d4e8	HSat3	1	16	572
36	k16_4f62d4e8	HSat3	2	1	432
36	k16_4f62d4e8	HSat3	2	2	3404
36	k16_4f62d4e8	HSat3	2	3	362
36	k16_4f62d4e8	HSat3	2	4	272
36	k16_4f62d4e8	HSat3	2	5	2800
36	k16_4f62d4e8	HSat3	2	6	27628
36	k16_4f62d4e8	HSat3	2	7	1020
36	k16_4f62d4e8	HSat3	2	8	31022
36	k16_4f62d4e8	HSat3	2	9	788
36	k16_4f62d4e8	HSat3	2	10	2391
36	k16_4f62d4e8	HSat3	2	11	0
36	k16_4f62d4e8	HSat3	2	12	34
36	k16_4f62d4e8	HSat3	2	13	390
36	k16_4f62d4e8	HSat3	2	14	138287
36	k16_4f62d4e8	HSat3	2	15	76699
36	k16_4f62d4e8	HSat3	2	16	56101
36	k16_4f62d4e8	HSat23	1	1	188268
36	k16_4f62d4e8	HSat23	1	2	19868
36	k16_4f62d4e8	HSat23	1	3	7397
36	k16_4f62d4e8	HSat23	1	4	9729
36	k16_4f62d4e8	HSat23	1	5	38184
36	k16_4f62d4e8	HSat23	1	6	23402
36	k16_4f62d4e8	HSat23	1	7	329702
36	k16_4f62d4e8	HSat23	1	8	62925
36	k16_4f62d4e8	HSat23	1	9	35147
36	k16_4f62d4e8	HSat23	1	10	39745
36	k16_4f62d4e8	HSat23	1	11	15754
36	k16_4f62d4e8	HSat23	1	12	298469
36	k16_4f62d4e8	HSat23	1	13	114539
36	k16_4f62d4e8	HSat23	1	14	54498
36	k16_4f62d4e8	HSat23	1	15	26313
36	k16_4f62d4e8	HSat23	1	16	20982
36	k16_4f62d4e8	HSat23	2	1	21308
36	k16_4f62d4e8	HSat23	2	2	187246
36	k16_4f62d4e8	HSat23	2	3	8105
36	k16_4f62d4e8	HSat23	2	4	8986
36	k16_4f62d4e8	HSat23	2	5	75853
36	k16_4f62d4e8	HSat23	2	6	218199
36	k16_4f62d4e8	HSat23	2	7	141378
36	k16_4f62d4e8	HSat23	2	8	113911
36	k16_4f62d4e8	HSat23	2	9	10416
36	k16_4f62d4e8	HSat23	2	10	2166665
36	k16_4f62d4e8	HSat23	2	11	18988
36	k16_4f62d4e8	HSat23	2	12	188863
36	k16_4f62d4e8	HSat23	2	13	27068
36	k16_4f62d4e8	HSat23	2	14	7561106
36	k16_4f62d4e8	HSat23	2	15	5257634
36	k16_4f62d4e8	HSat23	2	16	199294
36	k16_4f62d4e8	background	1	1	509
36	k16_4f62d4e8	background	1	2	40
36	k16_4f62d4e8	background	1	3	1007
36	k16_4f62d4e8	background	1	4	45
36	k16_4f62d4e8	background	1	5	5228
36	k16_4f62d4e8	background	1	6	4033
36	k16_4f62d4e8	background	1	7	569
36	k16_4f62d4e8	background	1	8	746
36	k16_4f62d4e8	background	1	9	377
36	k16_4f62d4e8	background	1	10	977
36	k16_4f62d4e8	background	1	11	1316
36	k16_4f62d4e8	background	1	12	666
36	k16_4f62d4e8	background	1	13	728
36	k16_4f62d4e8	background	1	14	101
36	k16_4f62d4e8	background	1	15	47
36	k16_4f62d4e8	background	1	16	163
36	k16_4f62d4e8	background	2	1	22208
36	k16_4f62d4e8	background	2	2	19779
36	k16_4f62d4e8	background	2	3	31922
36	k16_4f62d4e8	background	2	4	24872
36	k16_4f62d4e8	background	2	5	114261
36	k16_4f62d4e8	background	2	6	124847
36	k16_4f62d4e8	background	2	7	25040
36	k16_4f62d4e8	background	2	8	32117
36	k16_4f62d4e8	background	2	9	29957
36	k16_4f62d4e8	background	2	10	34603
36	k16_4f62d4e8	background	2	11	37378
36	k16_4f62d4e8	background	2	12	42248
36	k16_4f62d4e8	background	2	13	26621
36	k16_4f62d4e8	background	2	14	37518
36	k16_4f62d4e8	background	2	15	34351
36	k16_4f62d4e8	background	2	16	18898
37	k16_4f6fd4d6	HSat2	1	1	15406
37	k16_4f6fd4d6	HSat2	1	2	18549
37	k16_4f6fd4d6	HSat2	1	3	17433
37	k16_4f6fd4d6	HSat2	1	4	5226
37	k16_4f6fd4d6	HSat2	1	5	9173
37	k16_4f6fd4d6	HSat2	1	6	1875952
37	k16_4f6fd4d6	HSat2	1	7	23988
37	k16_4f6fd4d6	HSat2	1	8	7030
37	k16_4f6fd4d6	HSat2	1	9	4245
37	k16_4f6fd4d6	HSat2	1	10	13149
37	k16_4f6fd4d6	HSat2	1	11	6361
37	k16_4f6fd4d6	HSat2	1	12	11960
37	k16_4f6fd4d6	HSat2	1	13	11883
37	k16_4f6fd4d6	HSat2	1	14	227389
37	k16_4f6fd4d6	HSat2	1	15	65841
37	k16_4f6fd4d6	HSat2	1	16	88392
37	k16_4f6fd4d6	HSat2	2	1	127870
37	k16_4f6fd4d6	HSat2	2	2	323715
37	k16_4f6fd4d6	HSat2	2	3	16821
37	k16_4f6fd4d6	HSat2	2	4	134868
37	k16_4f6fd4d6	HSat2	2	5	53862
37	k16_4f6fd4d6	HSat2	2	6	2957487
37	k16_4f6fd4d6	HSat2	2	7	16291898
37	k16_4f6fd4d6	HSat2	2	8	1097937
37	k16_4f6fd4d6	HSat2	2	9	11211
37	k16_4f6fd4d6	HSat2	2	10	81004
37	k16_4f6fd4d6	HSat2	2	11	2248640
37	k16_4f6fd4d6	HSat2	2	12	114070
37	k16_4f6fd4d6	HSat2	2	13	40118
37	k16_4f6fd4d6	HSat2	2	14	20546352
37	k16_4f6fd4d6	HSat2	2	15	2626334
37	k16_4f6fd4d6	HSat2	2	16	550995
37	k16_4f6fd4d6	HSat3	1	1	0
37	k16_4f6fd4d6	HSat3	1	2	0
37	k16_4f6fd4d6	HSat3	1	3	0
37	k16_4f6fd4d6	HSat3	1	4	0
37	k16_4f6fd4d6	HSat3	1	5	135
37	k16_4f6fd4d6	HSat3	1	6	11937
37	k16_4f6fd4d6	HSat3	1	7	1361
37	k16_4f6fd4d6	HSat3	1	8	0
37	k16_4f6fd4d6	HSat3	1	9	0
37	k16_4f6fd4d6	HSat3	1	10	0
37	k16_4f6fd4d6	HSat3	1	11	1
37	k16_4f6fd4d6	HSat3	1	12	0
37	k16_4f6fd4d6	HSat3	1	13	3
37	k16_4f6fd4d6	HSat3	1	14	6420
37	k16_4f6fd4d6	HSat3	1	15	0
37	k16_4f6fd4d6	HSat3	1	16	804
37	k16_4f6fd4d6	HSat3	2	1	3403
37	k16_4f6fd4d6	HSat3	2	2	3713
37	k16_4f6fd4d6	HSat3	2	3	687
37	k16_4f6fd4d6	HSat3	2	4	1576
37	k16_4f6fd4d6	HSat3	2	5	4578
37	k16_4f6fd4d6	HSat3	2	6	420873
37	k16_4f6fd4d6	HSat3	2	7	1975677
37	k16_4f6fd4d6	HSat3	2	8	2608
37	k16_4f6fd4d6	HSat3	2	9	79
37	k16_4f6fd4d6	HSat3	2	10	1295
37	k16_4f6fd4d6	HSat3	2	11	7924
37	k16_4f6fd4d6	HSat3	2	12	2679
37	k16_4f6fd4d6	HSat3	2	13	7845
37	k16_4f6fd4d6	HSat3	2	14	2426766
37	k16_4f6fd4d6	HSat3	2	15	8237
37	k16_4f6fd4d6	HSat3	2	16	344302
37	k16_4f6fd4d6	HSat23	1	1	15406
37	k16_4f6fd4d6	HSat23	1	2	18549
37	k16_4f6fd4d6	HSat23	1	3	17433
37	k16_4f6fd4d6	HSat23	1	4	5226
37	k16_4f6fd4d6	HSat23	1	5	9308
37	k16_4f6fd4d6	HSat23	1	6	1887889
37	k16_4f6fd4d6	HSat23	1	7	25350
37	k16_4f6fd4d6	HSat23	1	8	7030
37	k16_4f6fd4d6	HSat23	1	9	4245
37	k16_4f6fd4d6	HSat23	1	10	13149
37	k16_4f6fd4d6	HSat23	1	11	6362
37	k16_4f6fd4d6	HSat23	1	12	11960
37	k16_4f6fd4d6	HSat23	1	13	11886
37	k16_4f6fd4d6	HSat23	1	14	233809
37	k16_4f6fd4d6	HSat23	1	15	65841
37	k16_4f6fd4d6	HSat23	1	16	89196
37	k16_4f6fd4d6	HSat23	2	1	131280
37	k16_4f6fd4d6	HSat23	2	2	327428
37	k16_4f6fd4d6	HSat23	2	3	17508
37	k16_4f6fd4d6	HSat23	2	4	136444
37	k16_4f6fd4d6	HSat23	2	5	58440
37	k16_4f6fd4d6	HSat23	2	6	3378369
37	k16_4f6fd4d6	HSat23	2	7	18267843
37	k16_4f6fd4d6	HSat23	2	8	1100573
37	k16_4f6fd4d6	HSat23	2	9	11290
37	k16_4f6fd4d6	HSat23	2	10	82299
37	k16_4f6fd4d6	HSat23	2	11	2256564
37	k16_4f6fd4d6	HSat23	2	12	116749
37	k16_4f6fd4d6	HSat23	2	13	47963
37	k16_4f6fd4d6	HSat23	2	14	22973404
37	k16_4f6fd4d6	HSat23	2	15	2634571
37	k16_4f6fd4d6	HSat23	2	16	895297
37	k16_4f6fd4d6	background	1	1	39
37	k16_4f6fd4d6	background	1	2	545
37	k16_4f6fd4d6	background	1	3	46
37	k16_4f6fd4d6	background	1	4	45
37	k16_4f6fd4d6	background	1	5	870
37	k16_4f6fd4d6	background	1	6	6856
37	k16_4f6fd4d6	background	1	7	47
37	k16_4f6fd4d6	background	1	8	8
37	k16_4f6fd4d6	background	1	9	14
37	k16_4f6fd4d6	background	1	10	36
37	k16_4f6fd4d6	background	1	11	13
37	k16_4f6fd4d6	background	1	12	15
37	k16_4f6fd4d6	background	1	13	30
37	k16_4f6fd4d6	background	1	14	959
37	k16_4f6fd4d6	background	1	15	224
37	k16_4f6fd4d6	background	1	16	1021
37	k16_4f6fd4d6	background	2	1	4955
37	k16_4f6fd4d6	background	2	2	10511
37	k16_4f6fd4d6	background	2	3	11762
37	k16_4f6fd4d6	background	2	4	9013
37	k16_4f6fd4d6	background	2	5	34499
37	k16_4f6fd4d6	background	2	6	87716
37	k16_4f6fd4d6	background	2	7	57549
37	k16_4f6fd4d6	background	2	8	11350
37	k16_4f6fd4d6	background	2	9	3867
37	k16_4f6fd4d6	background	2	10	10302
37	k16_4f6fd4d6	background	2	11	10557
37	k16_4f6fd4d6	background	2	12	10743
37	k16_4f6fd4d6	background	2	13	7585
37	k16_4f6fd4d6	background	2	14	71897
37	k16_4f6fd4d6	background	2	15	54119
37	k16_4f6fd4d6	background	2	16	79855
38	k16_51d8e3d4	HSat2	1	1	22619
38	k16_51d8e3d4	HSat2	1	2	24077
38	k16_51d8e3d4	HSat2	1	3	24583
38	k16_51d8e3d4	HSat2	1	4	21965341
38	k16_51d8e3d4	HSat2	1	5	6951
38	k16_51d8e3d4	HSat2	1	6	109627
38	k16_51d8e3d4	HSat2	1	7	77357
38	k16_51d8e3d4	HSat2	1	8	120785
38	k16_51d8e3d4	HSat2	1	9	16690
38	k16_51d8e3d4	HSat2	1	10	15994
38	k16_51d8e3d4	HSat2	1	11	11969
38	k16_51d8e3d4	HSat2	1	12	4746
38	k16_51d8e3d4	HSat2	1	13	7391
38	k16_51d8e3d4	HSat2	1	14	104533
38	k16_51d8e3d4	HSat2	1	15	82746
38	k16_51d8e3d4	HSat2	1	16	33566
38	k16_51d8e3d4	HSat2	2	1	1975104
38	k16_51d8e3d4	HSat2	2	2	291895
38	k16_51d8e3d4	HSat2	2	3	1006307
38	k16_51d8e3d4	HSat2	2	4	44064006
38	k16_51d8e3d4	HSat2	2	5	1188545
38	k16_51d8e3d4	HSat2	2	6	14642160
38	k16_51d8e3d4	HSat2	2	7	10327257
38	k16_51d8e3d4	HSat2	2	8	463090
38	k16_51d8e3d4	HSat2	2	9	572440
38	k16_51d8e3d4	HSat2	2	10	541600
38	k16_51d8e3d4	HSat2	2	11	1030393
38	k16_51d8e3d4	HSat2	2	12	711276
38	k16_51d8e3d4	HSat2	2	13	734940
38	k16_51d8e3d4	HSat2	2	14	5794081
38	k16_51d8e3d4	HSat2	2	15	3094474
38	k16_51d8e3d4	HSat2	2	16	2924388
38	k16_51d8e3d4	HSat3	1	1	0
38	k16_51d8e3d4	HSat3	1	2	0
38	k16_51d8e3d4	HSat3	1	3	0
38	k16_51d8e3d4	HSat3	1	4	6529
38	k16_51d8e3d4	HSat3	1	5	0
38	k16_51d8e3d4	HSat3	1	6	154
38	k16_51d8e3d4	HSat3	1	7	0
38	k16_51d8e3d4	HSat3	1	8	10
38	k16_51d8e3d4	HSat3	1	9	0
38	k16_51d8e3d4	HSat3	1	10	0
38	k16_51d8e3d4	HSat3	1	11	0
38	k16_51d8e3d4	HSat3	1	12	0
38	k16_51d8e3d4	HSat3	1	13	0
38	k16_51d8e3d4	HSat3	1	14	63
38	k16_51d8e3d4	HSat3	1	15	0
38	k16_51d8e3d4	HSat3	1	16	0
38	k16_51d8e3d4	HSat3	2	1	913
38	k16_51d8e3d4	HSat3	2	2	129
38	k16_51d8e3d4	HSat3	2	3	646
38	k16_51d8e3d4	HSat3	2	4	10400
38	k16_51d8e3d4	HSat3	2	5	138
38	k16_51d8e3d4	HSat3	2	6	3148
38	k16_51d8e3d4	HSat3	2	7	4146
38	k16_51d8e3d4	HSat3	2	8	1521
38	k16_51d8e3d4	HSat3	2	9	648
38	k16_51d8e3d4	HSat3	2	10	822
38	k16_51d8e3d4	HSat3	2	11	1017
38	k16_51d8e3d4	HSat3	2	12	0
38	k16_51d8e3d4	HSat3	2	13	2
38	k16_51d8e3d4	HSat3	2	14	493
38	k16_51d8e3d4	HSat3	2	15	446
38	k16_51d8e3d4	HSat3	2	16	53
38	k16_51d8e3d4	HSat23	1	1	22619
38	k16_51d8e3d4	HSat23	1	2	24077
38	k16_51d8e3d4	HSat23	1	3	24583
38	k16_51d8e3d4	HSat23	1	4	21972140
38	k16_51d8e3d4	HSat23	1	5	6951
38	k16_51d8e3d4	HSat23	1	6	109781
38	k16_51d8e3d4	HSat23	1	7	77357
38	k16_51d8e3d4	HSat23	1	8	120795
38	k16_51d8e3d4	HSat23	1	9	16690
38	k16_51d8e3d4	HSat23	1	10	15994
38	k16_51d8e3d4	HSat23	1	11	11969
38	k16_51d8e3d4	HSat23	1	12	4746
38	k16_51d8e3d4	HSat23	1	13	7391
38	k16_51d8e3d4	HSat23	1	14	104599
38	k16_51d8e3d4	HSat23	1	15	82746
38	k16_51d8e3d4	HSat23	1	16	33566
38	k16_51d8e3d4	HSat23	2	1	1976017
38	k16_51d8e3d4	HSat23	2	2	292029
38	k16_51d8e3d4	HSat23	2	3	1006964
38	k16_51d8e3d4	HSat23	2	4	44074648
38	k16_51d8e3d4	HSat23	2	5	1188684
38	k16_51d8e3d4	HSat23	2	6	14645376
38	k16_51d8e3d4	HSat23	2	7	10331497
38	k16_51d8e3d4	HSat23	2	8	464611
38	k16_51d8e3d4	HSat23	2	9	573107
38	k16_51d8e3d4	HSat23	2	10	542438
38	k16_51d8e3d4	HSat23	2	11	1031410
38	k16_51d8e3d4	HSat23	2	12	711276
38	k16_51d8e3d4	HSat23	2	13	734942
38	k16_51d8e3d4	HSat23	2	14	5794592
38	k16_51d8e3d4	HSat23	2	15	3094929
38	k16_51d8e3d4	HSat23	2	16	2924442
38	k16_51d8e3d4	background	1	1	97
38	k16_51d8e3d4	background	1	2	513
38	k16_51d8e3d4	background	1	3	43
38	k16_51d8e3d4	background	1	4	63981
38	k16_51d8e3d4	background	1	5	489
38	k16_51d8e3d4	background	1	6	3818
38	k16_51d8e3d4	background	1	7	3078
38	k16_51d8e3d4	background	1	8	392
38	k16_51d8e3d4	background	1	9	23
38	k16_51d8e3d4	background	1	10	30
38	k16_51d8e3d4	background	1	11	54
38	k16_51d8e3d4	background	1	12	11
38	k16_51d8e3d4	background	1	13	433
38	k16_51d8e3d4	background	1	14	1065
38	k16_51d8e3d4	background	1	15	320
38	k16_51d8e3d4	background	1	16	170
38	k16_51d8e3d4	background	2	1	38234
38	k16_51d8e3d4	background	2	2	21056
38	k16_51d8e3d4	background	2	3	30253
38	k16_51d8e3d4	background	2	4	139019
38	k16_51d8e3d4	background	2	5	18134
38	k16_51d8e3d4	background	2	6	145984
38	k16_51d8e3d4	background	2	7	141856
38	k16_51d8e3d4	background	2	8	35945
38	k16_51d8e3d4	background	2	9	42414
38	k16_51d8e3d4	background	2	10	28146
38	k16_51d8e3d4	background	2	11	20637
38	k16_51d8e3d4	background	2	12	16441
38	k16_51d8e3d4	background	2	13	15866
38	k16_51d8e3d4	background	2	14	32988
38	k16_51d8e3d4	background	2	15	26367
38	k16_51d8e3d4	background	2	16	26198
39	k16_51da7e3d	HSat2	1	1	0
39	k16_51da7e3d	HSat2	1	2	0
39	k16_51da7e3d	HSat2	1	3	0
39	k16_51da7e3d	HSat2	1	4	0
39	k16_51da7e3d	HSat2	1	5	0
39	k16_51da7e3d	HSat2	1	6	0
39	k16_51da7e3d	HSat2	1	7	0
39	k16_51da7e3d	HSat2	1	8	0
39	k16_51da7e3d	HSat2	1	9	26
39	k16_51da7e3d	HSat2	1	10	0
39	k16_51da7e3d	HSat2	1	11	0
39	k16_51da7e3d	HSat2	1	12	0
39	k16_51da7e3d	HSat2	1	13	0
39	k16_51da7e3d	HSat2	1	14	0
39	k16_51da7e3d	HSat2	1	15	0
39	k16_51da7e3d	HSat2	1	16	0
39	k16_51da7e3d	HSat2	2	1	1
39	k16_51da7e3d	HSat2	2	2	188
39	k16_51da7e3d	HSat2	2	3	0
39	k16_51da7e3d	HSat2	2	4	4476
39	k16_51da7e3d	HSat2	2	5	1
39	k16_51da7e3d	HSat2	2	6	3
39	k16_51da7e3d	HSat2	2	7	2
39	k16_51da7e3d	HSat2	2	8	4304
39	k16_51da7e3d	HSat2	2	9	59
39	k16_51da7e3d	HSat2	2	10	0
39	k16_51da7e3d	HSat2	2	11	27
39	k16_51da7e3d	HSat2	2	12	16
39	k16_51da7e3d	HSat2	2	13	0
39	k16_51da7e3d	HSat2	2	14	1
39	k16_51da7e3d	HSat2	2	15	0
39	k16_51da7e3d	HSat2	2	16	2
39	k16_51da7e3d	HSat3	1	1	29494
39	k16_51da7e3d	HSat3	1	2	4514
39	k16_51da7e3d	HSat3	1	3	2311
39	k16_51da7e3d	HSat3	1	4	9645
39	k16_51da7e3d	HSat3	1	5	8614
39	k16_51da7e3d	HSat3	1	6	34311
39	k16_51da7e3d	HSat3	1	7	19988
39	k16_51da7e3d	HSat3	1	8	46637
39	k16_51da7e3d	HSat3	1	9	6294526
39	k16_51da7e3d	HSat3	1	10	944
39	k16_51da7e3d	HSat3	1	11	8223
39	k16_51da7e3d	HSat3	1	12	10071
39	k16_51da7e3d	HSat3	1	13	17685
39	k16_51da7e3d	HSat3	1	14	880
39	k16_51da7e3d	HSat3	1	15	1489
39	k16_51da7e3d	HSat3	1	16	6210
39	k16_51da7e3d	HSat3	2	1	10698651
39	k16_51da7e3d	HSat3	2	2	333545
39	k16_51da7e3d	HSat3	2	3	323117
39	k16_51da7e3d	HSat3	2	4	1351535
39	k16_51da7e3d	HSat3	2	5	252029
39	k16_51da7e3d	HSat3	2	6	772937
39	k16_51da7e3d	HSat3	2	7	2528072
39	k16_51da7e3d	HSat3	2	8	4849563
39	k16_51da7e3d	HSat3	2	9	23456581
39	k16_51da7e3d	HSat3	2	10	680026
39	k16_51da7e3d	HSat3	2	11	149636
39	k16_51da7e3d	HSat3	2	12	839945
39	k16_51da7e3d	HSat3	2	13	362411
39	k16_51da7e3d	HSat3	2	14	233926
39	k16_51da7e3d	HSat3	2	15	140557
39	k16_51da7e3d	HSat3	2	16	326279
39	k16_51da7e3d	HSat23	1	1	29494
39	k16_51da7e3d	HSat23	1	2	4514
39	k16_51da7e3d	HSat23	1	3	2311
39	k16_51da7e3d	HSat23	1	4	9645
39	k16_51da7e3d	HSat23	1	5	8614
39	k16_51da7e3d	HSat23	1	6	34311
39	k16_51da7e3d	HSat23	1	7	19988
39	k16_51da7e3d	HSat23	1	8	46637
39	k16_51da7e3d	HSat23	1	9	6294556
39	k16_51da7e3d	HSat23	1	10	944
39	k16_51da7e3d	HSat23	1	11	8223
39	k16_51da7e3d	HSat23	1	12	10071
39	k16_51da7e3d	HSat23	1	13	17685
39	k16_51da7e3d	HSat23	1	14	880
39	k16_51da7e3d	HSat23	1	15	1489
39	k16_51da7e3d	HSat23	1	16	6210
39	k16_51da7e3d	HSat23	2	1	10698652
39	k16_51da7e3d	HSat23	2	2	333733
39	k16_51da7e3d	HSat23	2	3	323117
39	k16_51da7e3d	HSat23	2	4	1356011
39	k16_51da7e3d	HSat23	2	5	252030
39	k16_51da7e3d	HSat23	2	6	772940
39	k16_51da7e3d	HSat23	2	7	2528074
39	k16_51da7e3d	HSat23	2	8	4853867
39	k16_51da7e3d	HSat23	2	9	23456640
39	k16_51da7e3d	HSat23	2	10	680026
39	k16_51da7e3d	HSat23	2	11	149663
39	k16_51da7e3d	HSat23	2	12	839961
39	k16_51da7e3d	HSat23	2	13	362411
39	k16_51da7e3d	HSat23	2	14	233927
39	k16_51da7e3d	HSat23	2	15	140557
39	k16_51da7e3d	HSat23	2	16	326281
39	k16_51da7e3d	background	1	1	512
39	k16_51da7e3d	background	1	2	4
39	k16_51da7e3d	background	1	3	3
39	k16_51da7e3d	background	1	4	3
39	k16_51da7e3d	background	1	5	389
39	k16_51da7e3d	background	1	6	600
39	k16_51da7e3d	background	1	7	885
39	k16_51da7e3d	background	1	8	29
39	k16_51da7e3d	background	1	9	1864
39	k16_51da7e3d	background	1	10	423
39	k16_51da7e3d	background	1	11	34
39	k16_51da7e3d	background	1	12	5
39	k16_51da7e3d	background	1	13	302
39	k16_51da7e3d	background	1	14	521
39	k16_51da7e3d	background	1	15	1
39	k16_51da7e3d	background	1	16	9
39	k16_51da7e3d	background	2	1	27144
39	k16_51da7e3d	background	2	2	10351
39	k16_51da7e3d	background	2	3	11708
39	k16_51da7e3d	background	2	4	14790
39	k16_51da7e3d	background	2	5	14419
39	k16_51da7e3d	background	2	6	66403
39	k16_51da7e3d	background	2	7	71951
39	k16_51da7e3d	background	2	8	25045
39	k16_51da7e3d	background	2	9	18463
39	k16_51da7e3d	background	2	10	17164
39	k16_51da7e3d	background	2	11	13196
39	k16_51da7e3d	background	2	12	27498
39	k16_51da7e3d	background	2	13	35204
39	k16_51da7e3d	background	2	14	15168
39	k16_51da7e3d	background	2	15	14545
39	k16_51da7e3d	background	2	16	17503
40	k16_51dabc3c	HSat2	1	1	0
40	k16_51dabc3c	HSat2	1	2	0
40	k16_51dabc3c	HSat2	1	3	0
40	k16_51dabc3c	HSat2	1	4	1
40	k16_51dabc3c	HSat2	1	5	0
40	k16_51dabc3c	HSat2	1	6	0
40	k16_51dabc3c	HSat2	1	7	0
40	k16_51dabc3c	HSat2	1	8	467
40	k16_51dabc3c	HSat2	1	9	0
40	k16_51dabc3c	HSat2	1	10	0
40	k16_51dabc3c	HSat2	1	11	0
40	k16_51dabc3c	HSat2	1	12	0
40	k16_51dabc3c	HSat2	1	13	0
40	k16_51dabc3c	HSat2	1	14	0
40	k16_51dabc3c	HSat2	1	15	0
40	k16_51dabc3c	HSat2	1	16	0
40	k16_51dabc3c	HSat2	2	1	0
40	k16_51dabc3c	HSat2	2	2	0
40	k16_51dabc3c	HSat2	2	3	0
40	k16_51dabc3c	HSat2	2	4	11436
40	k16_51dabc3c	HSat2	2	5	0
40	k16_51dabc3c	HSat2	2	6	0
40	k16_51dabc3c	HSat2	2	7	0
40	k16_51dabc3c	HSat2	2	8	13
40	k16_51dabc3c	HSat2	2	9	1
40	k16_51dabc3c	HSat2	2	10	0
40	k16_51dabc3c	HSat2	2	11	630
40	k16_51dabc3c	HSat2	2	12	11820
40	k16_51dabc3c	HSat2	2	13	0
40	k16_51dabc3c	HSat2	2	14	0
40	k16_51dabc3c	HSat2	2	15	0
40	k16_51dabc3c	HSat2	2	16	38
40	k16_51dabc3c	HSat3	1	1	539
40	k16_51dabc3c	HSat3	1	2	23
40	k16_51dabc3c	HSat3	1	3	49
40	k16_51dabc3c	HSat3	1	4	32192
40	k16_51dabc3c	HSat3	1	5	0
40	k16_51dabc3c	HSat3	1	6	475
40	k16_51dabc3c	HSat3	1	7	1243
40	k16_51dabc3c	HSat3	1	8	340
40	k16_51dabc3c	HSat3	1	9	159
40	k16_51dabc3c	HSat3	1	10	0
40	k16_51dabc3c	HSat3	1	11	2
40	k16_51dabc3c	HSat3	1	12	50468
40	k16_51dabc3c	HSat3	1	13	6
40	k16_51dabc3c	HSat3	1	14	6
40	k16_51dabc3c	HSat3	1	15	1
40	k16_51dabc3c	HSat3	1	16	90075
40	k16_51dabc3c	HSat3	2	1	398666
40	k16_51dabc3c	HSat3	2	2	63094
40	k16_51dabc3c	HSat3	2	3	10176
40	k16_51dabc3c	HSat3	2	4	169732
40	k16_51dabc3c	HSat3	2	5	4786
40	k16_51dabc3c	HSat3	2	6	33622
40	k16_51dabc3c	HSat3	2	7	91279
40	k16_51dabc3c	HSat3	2	8	82528
40	k16_51dabc3c	HSat3	2	9	16092
40	k16_51dabc3c	HSat3	2	10	7231
40	k16_51dabc3c	HSat3	2	11	6923
40	k16_51dabc3c	HSat3	2	12	7307328
40	k16_51dabc3c	HSat3	2	13	9526
40	k16_51dabc3c	HSat3	2	14	28541
40	k16_51dabc3c	HSat3	2	15	5460
40	k16_51dabc3c	HSat3	2	16	7151858
40	k16_51dabc3c	HSat23	1	1	539
40	k16_51dabc3c	HSat23	1	2	23
40	k16_51dabc3c	HSat23	1	3	49
40	k16_51dabc3c	HSat23	1	4	32193
40	k16_51dabc3c	HSat23	1	5	0
40	k16_51dabc3c	HSat23	1	6	475
40	k16_51dabc3c	HSat23	1	7	1243
40	k16_51dabc3c	HSat23	1	8	807
40	k16_51dabc3c	HSat23	1	9	159
40	k16_51dabc3c	HSat23	1	10	0
40	k16_51dabc3c	HSat23	1	11	2
40	k16_51dabc3c	HSat23	1	12	50468
40	k16_51dabc3c	HSat23	1	13	6
40	k16_51dabc3c	HSat23	1	14	6
40	k16_51dabc3c	HSat23	1	15	1
40	k16_51dabc3c	HSat23	1	16	90075
40	k16_51dabc3c	HSat23	2	1	398666
40	k16_51dabc3c	HSat23	2	2	63094
40	k16_51dabc3c	HSat23	2	3	10176
40	k16_51dabc3c	HSat23	2	4	181168
40	k16_51dabc3c	HSat23	2	5	4786
40	k16_51dabc3c	HSat23	2	6	33622
40	k16_51dabc3c	HSat23	2	7	91279
40	k16_51dabc3c	HSat23	2	8	82541
40	k16_51dabc3c	HSat23	2	9	16093
40	k16_51dabc3c	HSat23	2	10	7231
40	k16_51dabc3c	HSat23	2	11	7553
40	k16_51dabc3c	HSat23	2	12	7319150
40	k16_51dabc3c	HSat23	2	13	9526
40	k16_51dabc3c	HSat23	2	14	28541
40	k16_51dabc3c	HSat23	2	15	5460
40	k16_51dabc3c	HSat23	2	16	7151898
40	k16_51dabc3c	background	1	1	0
40	k16_51dabc3c	background	1	2	1
40	k16_51dabc3c	background	1	3	0
40	k16_51dabc3c	background	1	4	1
40	k16_51dabc3c	background	1	5	39
40	k16_51dabc3c	background	1	6	804
40	k16_51dabc3c	background	1	7	1913
40	k16_51dabc3c	background	1	8	1
40	k16_51dabc3c	background	1	9	0
40	k16_51dabc3c	background	1	10	873
40	k16_51dabc3c	background	1	11	0
40	k16_51dabc3c	background	1	12	29
40	k16_51dabc3c	background	1	13	0
40	k16_51dabc3c	background	1	14	0
40	k16_51dabc3c	background	1	15	0
40	k16_51dabc3c	background	1	16	60
40	k16_51dabc3c	background	2	1	13422
40	k16_51dabc3c	background	2	2	15515
40	k16_51dabc3c	background	2	3	10653
40	k16_51dabc3c	background	2	4	13824
40	k16_51dabc3c	background	2	5	11781
40	k16_51dabc3c	background	2	6	55343
40	k16_51dabc3c	background	2	7	60179
40	k16_51dabc3c	background	2	8	13286
40	k16_51dabc3c	background	2	9	20825
40	k16_51dabc3c	background	2	10	12014
40	k16_51dabc3c	background	2	11	15542
40	k16_51dabc3c	background	2	12	14791
40	k16_51dabc3c	background	2	13	10550
40	k16_51dabc3c	background	2	14	9095
40	k16_51dabc3c	background	2	15	8663
40	k16_51dabc3c	background	2	16	17365
41	k16_53d43eac	HSat2	1	1	0
41	k16_53d43eac	HSat2	1	2	0
41	k16_53d43eac	HSat2	1	3	0
41	k16_53d43eac	HSat2	1	4	0
41	k16_53d43eac	HSat2	1	5	0
41	k16_53d43eac	HSat2	1	6	0
41	k16_53d43eac	HSat2	1	7	0
41	k16_53d43eac	HSat2	1	8	0
41	k16_53d43eac	HSat2	1	9	0
41	k16_53d43eac	HSat2	1	10	0
41	k16_53d43eac	HSat2	1	11	0
41	k16_53d43eac	HSat2	1	12	0
41	k16_53d43eac	HSat2	1	13	0
41	k16_53d43eac	HSat2	1	14	0
41	k16_53d43eac	HSat2	1	15	0
41	k16_53d43eac	HSat2	1	16	0
41	k16_53d43eac	HSat2	2	1	0
41	k16_53d43eac	HSat2	2	2	0
41	k16_53d43eac	HSat2	2	3	0
41	k16_53d43eac	HSat2	2	4	0
41	k16_53d43eac	HSat2	2	5	0
41	k16_53d43eac	HSat2	2	6	0
41	k16_53d43eac	HSat2	2	7	0
41	k16_53d43eac	HSat2	2	8	0
41	k16_53d43eac	HSat2	2	9	927
41	k16_53d43eac	HSat2	2	10	0
41	k16_53d43eac	HSat2	2	11	0
41	k16_53d43eac	HSat2	2	12	12
41	k16_53d43eac	HSat2	2	13	1274
41	k16_53d43eac	HSat2	2	14	233
41	k16_53d43eac	HSat2	2	15	735
41	k16_53d43eac	HSat2	2	16	1
41	k16_53d43eac	HSat3	1	1	231
41	k16_53d43eac	HSat3	1	2	211
41	k16_53d43eac	HSat3	1	3	12
41	k16_53d43eac	HSat3	1	4	1
41	k16_53d43eac	HSat3	1	5	4
41	k16_53d43eac	HSat3	1	6	20
41	k16_53d43eac	HSat3	1	7	19
41	k16_53d43eac	HSat3	1	8	2
41	k16_53d43eac	HSat3	1	9	45812
41	k16_53d43eac	HSat3	1	10	479
41	k16_53d43eac	HSat3	1	11	10125
41	k16_53d43eac	HSat3	1	12	17
41	k16_53d43eac	HSat3	1	13	236
41	k16_53d43eac	HSat3	1	14	670
41	k16_53d43eac	HSat3	1	15	1102
41	k16_53d43eac	HSat3	1	16	148246
41	k16_53d43eac	HSat3	2	1	29859
41	k16_53d43eac	HSat3	2	2	3367
41	k16_53d43eac	HSat3	2	3	11101
41	k16_53d43eac	HSat3	2	4	30511
41	k16_53d43eac	HSat3	2	5	9222
41	k16_53d43eac	HSat3	2	6	36961
41	k16_53d43eac	HSat3	2	7	14890
41	k16_53d43eac	HSat3	2	8	12271
41	k16_53d43eac	HSat3	2	9	2799194
41	k16_53d43eac	HSat3	2	10	21445
41	k16_53d43eac	HSat3	2	11	2338928
41	k16_53d43eac	HSat3	2	12	26491
41	k16_53d43eac	HSat3	2	13	74995
41	k16_53d43eac	HSat3	2	14	35970
41	k16_53d43eac	HSat3	2	15	8541
41	k16_53d43eac	HSat3	2	16	1414810
41	k16_53d43eac	HSat23	1	1	231
41	k16_53d43eac	HSat23	1	2	211
41	k16_53d43eac	HSat23	1	3	12
41	k16_53d43eac	HSat23	1	4	1
41	k16_53d43eac	HSat23	1	5	4
41	k16_53d43eac	HSat23	1	6	20
41	k16_53d43eac	HSat23	1	7	19
41	k16_53d43eac	HSat23	1	8	2
41	k16_53d43eac	HSat23	1	9	45812
41	k16_53d43eac	HSat23	1	10	479
41	k16_53d43eac	HSat23	1	11	10125
41	k16_53d43eac	HSat23	1	12	17
41	k16_53d43eac	HSat23	1	13	236
41	k16_53d43eac	HSat23	1	14	670
41	k16_53d43eac	HSat23	1	15	1102
41	k16_53d43eac	HSat23	1	16	148246
41	k16_53d43eac	HSat23	2	1	29859
41	k16_53d43eac	HSat23	2	2	3367
41	k16_53d43eac	HSat23	2	3	11101
41	k16_53d43eac	HSat23	2	4	30511
41	k16_53d43eac	HSat23	2	5	9222
41	k16_53d43eac	HSat23	2	6	36961
41	k16_53d43eac	HSat23	2	7	14890
41	k16_53d43eac	HSat23	2	8	12271
41	k16_53d43eac	HSat23	2	9	2800121
41	k16_53d43eac	HSat23	2	10	21445
41	k16_53d43eac	HSat23	2	11	2338928
41	k16_53d43eac	HSat23	2	12	26503
41	k16_53d43eac	HSat23	2	13	76269
41	k16_53d43eac	HSat23	2	14	36203
41	k16_53d43eac	HSat23	2	15	9276
41	k16_53d43eac	HSat23	2	16	1414811
41	k16_53d43eac	background	1	1	566
41	k16_53d43eac	background	1	2	893
41	k16_53d43eac	background	1	3	0
41	k16_53d43eac	background	1	4	0
41	k16_53d43eac	background	1	5	0
41	k16_53d43eac	background	1	6	859
41	k16_53d43eac	background	1	7	1565
41	k16_53d43eac	background	1	8	4
41	k16_53d43eac	background	1	9	2340
41	k16_53d43eac	background	1	10	586
41	k16_53d43eac	background	1	11	1131
41	k16_53d43eac	background	1	12	864
41	k16_53d43eac	background	1	13	916
41	k16_53d43eac	background	1	14	826
41	k16_53d43eac	background	1	15	2857
41	k16_53d43eac	background	1	16	33
41	k16_53d43eac	background	2	1	52684
41	k16_53d43eac	background	2	2	27955
41	k16_53d43eac	background	2	3	39979
41	k16_53d43eac	background	2	4	27773
41	k16_53d43eac	background	2	5	26718
41	k16_53d43eac	background	2	6	59322
41	k16_53d43eac	background	2	7	45159
41	k16_53d43eac	background	2	8	47566
41	k16_53d43eac	background	2	9	69370
41	k16_53d43eac	background	2	10	94760
41	k16_53d43eac	background	2	11	34184
41	k16_53d43eac	background	2	12	51963
41	k16_53d43eac	background	2	13	47105
41	k16_53d43eac	background	2	14	60626
41	k16_53d43eac	background	2	15	102890
41	k16_53d43eac	background	2	16	49054
42	k16_562e83b4	HSat2	1	1	0
42	k16_562e83b4	HSat2	1	2	0
42	k16_562e83b4	HSat2	1	3	0
42	k16_562e83b4	HSat2	1	4	0
42	k16_562e83b4	HSat2	1	5	0
42	k16_562e83b4	HSat2	1	6	0
42	k16_562e83b4	HSat2	1	7	0
42	k16_562e83b4	HSat2	1	8	0
42	k16_562e83b4	HSat2	1	9	0
42	k16_562e83b4	HSat2	1	10	0
42	k16_562e83b4	HSat2	1	11	0
42	k16_562e83b4	HSat2	1	12	0
42	k16_562e83b4	HSat2	1	13	0
42	k16_562e83b4	HSat2	1	14	0
42	k16_562e83b4	HSat2	1	15	0
42	k16_562e83b4	HSat2	1	16	0
42	k16_562e83b4	HSat2	2	1	0
42	k16_562e83b4	HSat2	2	2	72
42	k16_562e83b4	HSat2	2	3	0
42	k16_562e83b4	HSat2	2	4	0
42	k16_562e83b4	HSat2	2	5	0
42	k16_562e83b4	HSat2	2	6	72
42	k16_562e83b4	HSat2	2	7	0
42	k16_562e83b4	HSat2	2	8	0
42	k16_562e83b4	HSat2	2	9	0
42	k16_562e83b4	HSat2	2	10	0
42	k16_562e83b4	HSat2	2	11	0
42	k16_562e83b4	HSat2	2	12	0
42	k16_562e83b4	HSat2	2	13	4
42	k16_562e83b4	HSat2	2	14	6
42	k16_562e83b4	HSat2	2	15	6
42	k16_562e83b4	HSat2	2	16	0
42	k16_562e83b4	HSat3	1	1	473
42	k16_562e83b4	HSat3	1	2	14133
42	k16_562e83b4	HSat3	1	3	567
42	k16_562e83b4	HSat3	1	4	374
42	k16_562e83b4	HSat3	1	5	28
42	k16_562e83b4	HSat3	1	6	502
42	k16_562e83b4	HSat3	1	7	1845
42	k16_562e83b4	HSat3	1	8	185
42	k16_562e83b4	HSat3	1	9	3474
42	k16_562e83b4	HSat3	1	10	4
42	k16_562e83b4	HSat3	1	11	11685
42	k16_562e83b4	HSat3	1	12	284
42	k16_562e83b4	HSat3	1	13	569
42	k16_562e83b4	HSat3	1	14	1986883
42	k16_562e83b4	HSat3	1	15	74629
42	k16_562e83b4	HSat3	1	16	5
42	k16_562e83b4	HSat3	2	1	191105
42	k16_562e83b4	HSat3	2	2	2384888
42	k16_562e83b4	HSat3	2	3	141805
42	k16_562e83b4	HSat3	2	4	176182
42	k16_562e83b4	HSat3	2	5	133023
42	k16_562e83b4	HSat3	2	6	265382
42	k16_562e83b4	HSat3	2	7	69550
42	k16_562e83b4	HSat3	2	8	73129
42	k16_562e83b4	HSat3	2	9	713623
42	k16_562e83b4	HSat3	2	10	6988
42	k16_562e83b4	HSat3	2	11	25415
42	k16_562e83b4	HSat3	2	12	30353
42	k16_562e83b4	HSat3	2	13	110381
42	k16_562e83b4	HSat3	2	14	8675283
42	k16_562e83b4	HSat3	2	15	5782993
42	k16_562e83b4	HSat3	2	16	24906
42	k16_562e83b4	HSat23	1	1	473
42	k16_562e83b4	HSat23	1	2	14133
42	k16_562e83b4	HSat23	1	3	567
42	k16_562e83b4	HSat23	1	4	374
42	k16_562e83b4	HSat23	1	5	28
42	k16_562e83b4	HSat23	1	6	502
42	k16_562e83b4	HSat23	1	7	1845
42	k16_562e83b4	HSat23	1	8	185
42	k16_562e83b4	HSat23	1	9	3474
42	k16_562e83b4	HSat23	1	10	4
42	k16_562e83b4	HSat23	1	11	11685
42	k16_562e83b4	HSat23	1	12	284
42	k16_562e83b4	HSat23	1	13	569
42	k16_562e83b4	HSat23	1	14	1986883
42	k16_562e83b4	HSat23	1	15	74629
42	k16_562e83b4	HSat23	1	16	5
42	k16_562e83b4	HSat23	2	1	191105
42	k16_562e83b4	HSat23	2	2	2384960
42	k16_562e83b4	HSat23	2	3	141805
42	k16_562e83b4	HSat23	2	4	176182
42	k16_562e83b4	HSat23	2	5	133023
42	k16_562e83b4	HSat23	2	6	265454
42	k16_562e83b4	HSat23	2	7	69550
42	k16_562e83b4	HSat23	2	8	73129
42	k16_562e83b4	HSat23	2	9	713623
42	k16_562e83b4	HSat23	2	10	6988
42	k16_562e83b4	HSat23	2	11	25415
42	k16_562e83b4	HSat23	2	12	30353
42	k16_562e83b4	HSat23	2	13	110385
42	k16_562e83b4	HSat23	2	14	8675291
42	k16_562e83b4	HSat23	2	15	5783001
42	k16_562e83b4	HSat23	2	16	24906
42	k16_562e83b4	background	1	1	0
42	k16_562e83b4	background	1	2	0
42	k16_562e83b4	background	1	3	3115
42	k16_562e83b4	background	1	4	2627
42	k16_562e83b4	background	1	5	2
42	k16_562e83b4	background	1	6	0
42	k16_562e83b4	background	1	7	0
42	k16_562e83b4	background	1	8	0
42	k16_562e83b4	background	1	9	0
42	k16_562e83b4	background	1	10	0
42	k16_562e83b4	background	1	11	493
42	k16_562e83b4	background	1	12	2
42	k16_562e83b4	background	1	13	1
42	k16_562e83b4	background	1	14	582
42	k16_562e83b4	background	1	15	379
42	k16_562e83b4	background	1	16	0
42	k16_562e83b4	background	2	1	14214
42	k16_562e83b4	background	2	2	15208
42	k16_562e83b4	background	2	3	71831
42	k16_562e83b4	background	2	4	85372
42	k16_562e83b4	background	2	5	14888
42	k16_562e83b4	background	2	6	25710
42	k16_562e83b4	background	2	7	14466
42	k16_562e83b4	background	2	8	17330
42	k16_562e83b4	background	2	9	25179
42	k16_562e83b4	background	2	10	14469
42	k16_562e83b4	background	2	11	19410
42	k16_562e83b4	background	2	12	15169
42	k16_562e83b4	background	2	13	20960
42	k16_562e83b4	background	2	14	25434
42	k16_562e83b4	background	2	15	29249
42	k16_562e83b4	background	2	16	12479
43	k16_583a0d74	HSat2	1	1	843256
43	k16_583a0d74	HSat2	1	2	176440
43	k16_583a0d74	HSat2	1	3	20946
43	k16_583a0d74	HSat2	1	4	3445
43	k16_583a0d74	HSat2	1	5	9442
43	k16_583a0d74	HSat2	1	6	20841
43	k16_583a0d74	HSat2	1	7	7913
43	k16_583a0d74	HSat2	1	8	10409
43	k16_583a0d74	HSat2	1	9	3756
43	k16_583a0d74	HSat2	1	10	7889
43	k16_583a0d74	HSat2	1	11	6261
43	k16_583a0d74	HSat2	1	12	16253
43	k16_583a0d74	HSat2	1	13	2083268
43	k16_583a0d74	HSat2	1	14	3092
43	k16_583a0d74	HSat2	1	15	12723
43	k16_583a0d74	HSat2	1	16	10014
43	k16_583a0d74	HSat2	2	1	32942490
43	k16_583a0d74	HSat2	2	2	267100
43	k16_583a0d74	HSat2	2	3	796426
43	k16_583a0d74	HSat2	2	4	10783
43	k16_583a0d74	HSat2	2	5	19522
43	k16_583a0d74	HSat2	2	6	29314
43	k16_583a0d74	HSat2	2	7	26529
43	k16_583a0d74	HSat2	2	8	1061056
43	k16_583a0d74	HSat2	2	9	10373
43	k16_583a0d74	HSat2	2	10	75266
43	k16_583a0d74	HSat2	2	11	11359
43	k16_583a0d74	HSat2	2	12	111161
43	k16_583a0d74	HSat2	2	13	37276542
43	k16_583a0d74	HSat2	2	14	208878
43	k16_583a0d74	HSat2	2	15	69077
43	k16_583a0d74	HSat2	2	16	3803550
43	k16_583a0d74	HSat3	1	1	631
43	k16_583a0d74	HSat3	1	2	0
43	k16_583a0d74	HSat3	1	3	0
43	k16_583a0d74	HSat3	1	4	0
43	k16_583a0d74	HSat3	1	5	0
43	k16_583a0d74	HSat3	1	6	0
43	k16_583a0d74	HSat3	1	7	0
43	k16_583a0d74	HSat3	1	8	0
43	k16_583a0d74	HSat3	1	9	0
43	k16_583a0d74	HSat3	1	10	0
43	k16_583a0d74	HSat3	1	11	0
43	k16_583a0d74	HSat3	1	12	0
43	k16_583a0d74	HSat3	1	13	582
43	k16_583a0d74	HSat3	1	14	0
43	k16_583a0d74	HSat3	1	15	0
43	k16_583a0d74	HSat3	1	16	0
43	k16_583a0d74	HSat3	2	1	15497
43	k16_583a0d74	HSat3	2	2	3492
43	k16_583a0d74	HSat3	2	3	10
43	k16_583a0d74	HSat3	2	4	0
43	k16_583a0d74	HSat3	2	5	0
43	k16_583a0d74	HSat3	2	6	0
43	k16_583a0d74	HSat3	2	7	0
43	k16_583a0d74	HSat3	2	8	1
43	k16_583a0d74	HSat3	2	9	0
43	k16_583a0d74	HSat3	2	10	1
43	k16_583a0d74	HSat3	2	11	0
43	k16_583a0d74	HSat3	2	12	474
43	k16_583a0d74	HSat3	2	13	18433
43	k16_583a0d74	HSat3	2	14	2444
43	k16_583a0d74	HSat3	2	15	62
43	k16_583a0d74	HSat3	2	16	1018
43	k16_583a0d74	HSat23	1	1	843887
43	k16_583a0d74	HSat23	1	2	176440
43	k16_583a0d74	HSat23	1	3	20946
43	k16_583a0d74	HSat23	1	4	3445
43	k16_583a0d74	HSat23	1	5	9442
43	k16_583a0d74	HSat23	1	6	20841
43	k16_583a0d74	HSat23	1	7	7913
43	k16_583a0d74	HSat23	1	8	10409
43	k16_583a0d74	HSat23	1	9	3756
43	k16_583a0d74	HSat23	1	10	7889
43	k16_583a0d74	HSat23	1	11	6261
43	k16_583a0d74	HSat23	1	12	16253
43	k16_583a0d74	HSat23	1	13	2083859
43	k16_583a0d74	HSat23	1	14	3092
43	k16_583a0d74	HSat23	1	15	12723
43	k16_583a0d74	HSat23	1	16	10014
43	k16_583a0d74	HSat23	2	1	32958424
43	k16_583a0d74	HSat23	2	2	270636
43	k16_583a0d74	HSat23	2	3	796438
43	k16_583a0d74	HSat23	2	4	10783
43	k16_583a0d74	HSat23	2	5	19522
43	k16_583a0d74	HSat23	2	6	29314
43	k16_583a0d74	HSat23	2	7	26529
43	k16_583a0d74	HSat23	2	8	1061057
43	k16_583a0d74	HSat23	2	9	10373
43	k16_583a0d74	HSat23	2	10	75267
43	k16_583a0d74	HSat23	2	11	11359
43	k16_583a0d74	HSat23	2	12	111635
43	k16_583a0d74	HSat23	2	13	37295446
43	k16_583a0d74	HSat23	2	14	211322
43	k16_583a0d74	HSat23	2	15	69139
43	k16_583a0d74	HSat23	2	16	3804580
43	k16_583a0d74	background	1	1	2629
43	k16_583a0d74	background	1	2	2491
43	k16_583a0d74	background	1	3	2823
43	k16_583a0d74	background	1	4	4
43	k16_583a0d74	background	1	5	3
43	k16_583a0d74	background	1	6	23
43	k16_583a0d74	background	1	7	27
43	k16_583a0d74	background	1	8	1561
43	k16_583a0d74	background	1	9	468
43	k16_583a0d74	background	1	10	280
43	k16_583a0d74	background	1	11	401
43	k16_583a0d74	background	1	12	50
43	k16_583a0d74	background	1	13	6386
43	k16_583a0d74	background	1	14	459
43	k16_583a0d74	background	1	15	38
43	k16_583a0d74	background	1	16	891
43	k16_583a0d74	background	2	1	131911
43	k16_583a0d74	background	2	2	109150
43	k16_583a0d74	background	2	3	120084
43	k16_583a0d74	background	2	4	18761
43	k16_583a0d74	background	2	5	24140
43	k16_583a0d74	background	2	6	37992
43	k16_583a0d74	background	2	7	16714
43	k16_583a0d74	background	2	8	39122
43	k16_583a0d74	background	2	9	20787
43	k16_583a0d74	background	2	10	24082
43	k16_583a0d74	background	2	11	33217
43	k16_583a0d74	background	2	12	23331
43	k16_583a0d74	background	2	13	124106
43	k16_583a0d74	background	2	14	17269
43	k16_583a0d74	background	2	15	22473
43	k16_583a0d74	background	2	16	26679
44	k16_60e83458	HSat2	1	1	277043
44	k16_60e83458	HSat2	1	2	78296
44	k16_60e83458	HSat2	1	3	2723
44	k16_60e83458	HSat2	1	4	6710
44	k16_60e83458	HSat2	1	5	31886
44	k16_60e83458	HSat2	1	6	27276
44	k16_60e83458	HSat2	1	7	23573
44	k16_60e83458	HSat2	1	8	12133
44	k16_60e83458	HSat2	1	9	14200
44	k16_60e83458	HSat2	1	10	11520
44	k16_60e83458	HSat2	1	11	12705
44	k16_60e83458	HSat2	1	12	12105
44	k16_60e83458	HSat2	1	13	17153930
44	k16_60e83458	HSat2	1	14	501010
44	k16_60e83458	HSat2	1	15	222888
44	k16_60e83458	HSat2	1	16	192456
44	k16_60e83458	HSat2	2	1	4582511
44	k16_60e83458	HSat2	2	2	6276875
44	k16_60e83458	HSat2	2	3	90703
44	k16_60e83458	HSat2	2	4	1983930
44	k16_60e83458	HSat2	2	5	1342891
44	k16_60e83458	HSat2	2	6	4019733
44	k16_60e83458	HSat2	2	7	2461289
44	k16_60e83458	HSat2	2	8	205212
44	k16_60e83458	HSat2	2	9	307623
44	k16_60e83458	HSat2	2	10	647729
44	k16_60e83458	HSat2	2	11	4264458
44	k16_60e83458	HSat2	2	12	429186
44	k16_60e83458	HSat2	2	13	41102334
44	k16_60e83458	HSat2	2	14	5249949
44	k16_60e83458	HSat2	2	15	11944227
44	k16_60e83458	HSat2	2	16	3546214
44	k16_60e83458	HSat3	1	1	78
44	k16_60e83458	HSat3	1	2	0
44	k16_60e83458	HSat3	1	3	0
44	k16_60e83458	HSat3	1	4	0
44	k16_60e83458	HSat3	1	5	0
44	k16_60e83458	HSat3	1	6	0
44	k16_60e83458	HSat3	1	7	0
44	k16_60e83458	HSat3	1	8	0
44	k16_60e83458	HSat3	1	9	0
44	k16_60e83458	HSat3	1	10	0
44	k16_60e83458	HSat3	1	11	1
44	k16_60e83458	HSat3	1	12	0
44	k16_60e83458	HSat3	1	13	3709
44	k16_60e83458	HSat3	1	14	301
44	k16_60e83458	HSat3	1	15	1
44	k16_60e83458	HSat3	1	16	4
44	k16_60e83458	HSat3	2	1	123990
44	k16_60e83458	HSat3	2	2	2413
44	k16_60e83458	HSat3	2	3	239
44	k16_60e83458	HSat3	2	4	234
44	k16_60e83458	HSat3	2	5	654
44	k16_60e83458	HSat3	2	6	366
44	k16_60e83458	HSat3	2	7	192
44	k16_60e83458	HSat3	2	8	29
44	k16_60e83458	HSat3	2	9	5
44	k16_60e83458	HSat3	2	10	587
44	k16_60e83458	HSat3	2	11	419
44	k16_60e83458	HSat3	2	12	366
44	k16_60e83458	HSat3	2	13	90180
44	k16_60e83458	HSat3	2	14	2211
44	k16_60e83458	HSat3	2	15	73848
44	k16_60e83458	HSat3	2	16	20959
44	k16_60e83458	HSat23	1	1	277121
44	k16_60e83458	HSat23	1	2	78296
44	k16_60e83458	HSat23	1	3	2723
44	k16_60e83458	HSat23	1	4	6710
44	k16_60e83458	HSat23	1	5	31886
44	k16_60e83458	HSat23	1	6	27276
44	k16_60e83458	HSat23	1	7	23573
44	k16_60e83458	HSat23	1	8	12133
44	k16_60e83458	HSat23	1	9	14200
44	k16_60e83458	HSat23	1	10	11520
44	k16_60e83458	HSat23	1	11	12706
44	k16_60e83458	HSat23	1	12	12105
44	k16_60e83458	HSat23	1	13	17157817
44	k16_60e83458	HSat23	1	14	501315
44	k16_60e83458	HSat23	1	15	222889
44	k16_60e83458	HSat23	1	16	192460
44	k16_60e83458	HSat23	2	1	4706555
44	k16_60e83458	HSat23	2	2	6279376
44	k16_60e83458	HSat23	2	3	90942
44	k16_60e83458	HSat23	2	4	1984187
44	k16_60e83458	HSat23	2	5	1343562
44	k16_60e83458	HSat23	2	6	4020106
44	k16_60e83458	HSat23	2	7	2461489
44	k16_60e83458	HSat23	2	8	205241
44	k16_60e83458	HSat23	2	9	307628
44	k16_60e83458	HSat23	2	10	648316
44	k16_60e83458	HSat23	2	11	4264896
44	k16_60e83458	HSat23	2	12	429563
44	k16_60e83458	HSat23	2	13	41192799
44	k16_60e83458	HSat23	2	14	5252212
44	k16_60e83458	HSat23	2	15	12018141
44	k16_60e83458	HSat23	2	16	3567179
44	k16_60e83458	background	1	1	602
44	k16_60e83458	background	1	2	686
44	k16_60e83458	background	1	3	2
44	k16_60e83458	background	1	4	15
44	k16_60e83458	background	1	5	74
44	k16_60e83458	background	1	6	38
44	k16_60e83458	background	1	7	58
44	k16_60e83458	background	1	8	0
44	k16_60e83458	background	1	9	20
44	k16_60e83458	background	1	10	11
44	k16_60e83458	background	1	11	85
44	k16_60e83458	background	1	12	56
44	k16_60e83458	background	1	13	51538
44	k16_60e83458	background	1	14	1303
44	k16_60e83458	background	1	15	1208
44	k16_60e83458	background	1	16	496
44	k16_60e83458	background	2	1	50506
44	k16_60e83458	background	2	2	42247
44	k16_60e83458	background	2	3	5131
44	k16_60e83458	background	2	4	10520
44	k16_60e83458	background	2	5	8816
44	k16_60e83458	background	2	6	13322
44	k16_60e83458	background	2	7	11838
44	k16_60e83458	background	2	8	2008
44	k16_60e83458	background	2	9	6082
44	k16_60e83458	background	2	10	4702
44	k16_60e83458	background	2	11	18755
44	k16_60e83458	background	2	12	4315
44	k16_60e83458	background	2	13	122763
44	k16_60e83458	background	2	14	54949
44	k16_60e83458	background	2	15	54183
44	k16_60e83458	background	2	16	13027
45	k16_60e836d1	HSat2	1	1	17751
45	k16_60e836d1	HSat2	1	2	1930
45	k16_60e836d1	HSat2	1	3	121
45	k16_60e836d1	HSat2	1	4	75
45	k16_60e836d1	HSat2	1	5	710
45	k16_60e836d1	HSat2	1	6	8899
45	k16_60e836d1	HSat2	1	7	3751
45	k16_60e836d1	HSat2	1	8	24
45	k16_60e836d1	HSat2	1	9	95
45	k16_60e836d1	HSat2	1	10	17364
45	k16_60e836d1	HSat2	1	11	2369
45	k16_60e836d1	HSat2	1	12	289104
45	k16_60e836d1	HSat2	1	13	1014
45	k16_60e836d1	HSat2	1	14	200
45	k16_60e836d1	HSat2	1	15	1208
45	k16_60e836d1	HSat2	1	16	297929
45	k16_60e836d1	HSat2	2	1	7377058
45	k16_60e836d1	HSat2	2	2	841133
45	k16_60e836d1	HSat2	2	3	19842
45	k16_60e836d1	HSat2	2	4	10503
45	k16_60e836d1	HSat2	2	5	465309
45	k16_60e836d1	HSat2	2	6	119207
45	k16_60e836d1	HSat2	2	7	83148
45	k16_60e836d1	HSat2	2	8	5839
45	k16_60e836d1	HSat2	2	9	5443
45	k16_60e836d1	HSat2	2	10	578921
45	k16_60e836d1	HSat2	2	11	107986
45	k16_60e836d1	HSat2	2	12	38946995
45	k16_60e836d1	HSat2	2	13	74943
45	k16_60e836d1	HSat2	2	14	16312
45	k16_60e836d1	HSat2	2	15	471184
45	k16_60e836d1	HSat2	2	16	43675201
45	k16_60e836d1	HSat3	1	1	4
45	k16_60e836d1	HSat3	1	2	0
45	k16_60e836d1	HSat3	1	3	0
45	k16_60e836d1	HSat3	1	4	0
45	k16_60e836d1	HSat3	1	5	0
45	k16_60e836d1	HSat3	1	6	0
45	k16_60e836d1	HSat3	1	7	0
45	k16_60e836d1	HSat3	1	8	0
45	k16_60e836d1	HSat3	1	9	0
45	k16_60e836d1	HSat3	1	10	0
45	k16_60e836d1	HSat3	1	11	725
45	k16_60e836d1	HSat3	1	12	694
45	k16_60e836d1	HSat3	1	13	1
45	k16_60e836d1	HSat3	1	14	1
45	k16_60e836d1	HSat3	1	15	1
45	k16_60e836d1	HSat3	1	16	273
45	k16_60e836d1	HSat3	2	1	44880
45	k16_60e836d1	HSat3	2	2	1008
45	k16_60e836d1	HSat3	2	3	1
45	k16_60e836d1	HSat3	2	4	154
45	k16_60e836d1	HSat3	2	5	1035
45	k16_60e836d1	HSat3	2	6	0
45	k16_60e836d1	HSat3	2	7	0
45	k16_60e836d1	HSat3	2	8	0
45	k16_60e836d1	HSat3	2	9	3
45	k16_60e836d1	HSat3	2	10	0
45	k16_60e836d1	HSat3	2	11	38131
45	k16_60e836d1	HSat3	2	12	56265
45	k16_60e836d1	HSat3	2	13	38590
45	k16_60e836d1	HSat3	2	14	7822
45	k16_60e836d1	HSat3	2	15	25233
45	k16_60e836d1	HSat3	2	16	16752
45	k16_60e836d1	HSat23	1	1	17755
45	k16_60e836d1	HSat23	1	2	1930
45	k16_60e836d1	HSat23	1	3	121
45	k16_60e836d1	HSat23	1	4	75
45	k16_60e836d1	HSat23	1	5	710
45	k16_60e836d1	HSat23	1	6	8899
45	k16_60e836d1	HSat23	1	7	3751
45	k16_60e836d1	HSat23	1	8	24
45	k16_60e836d1	HSat23	1	9	95
45	k16_60e836d1	HSat23	1	10	17364
45	k16_60e836d1	HSat23	1	11	3094
45	k16_60e836d1	HSat23	1	12	289798
45	k16_60e836d1	HSat23	1	13	1015
45	k16_60e836d1	HSat23	1	14	201
45	k16_60e836d1	HSat23	1	15	1209
45	k16_60e836d1	HSat23	1	16	298217
45	k16_60e836d1	HSat23	2	1	7421951
45	k16_60e836d1	HSat23	2	2	842158
45	k16_60e836d1	HSat23	2	3	19843
45	k16_60e836d1	HSat23	2	4	10657
45	k16_60e836d1	HSat23	2	5	466355
45	k16_60e836d1	HSat23	2	6	119207
45	k16_60e836d1	HSat23	2	7	83148
45	k16_60e836d1	HSat23	2	8	5839
45	k16_60e836d1	HSat23	2	9	5446
45	k16_60e836d1	HSat23	2	10	578921
45	k16_60e836d1	HSat23	2	11	146117
45	k16_60e836d1	HSat23	2	12	39003706
45	k16_60e836d1	HSat23	2	13	113533
45	k16_60e836d1	HSat23	2	14	24134
45	k16_60e836d1	HSat23	2	15	496417
45	k16_60e836d1	HSat23	2	16	43692414
45	k16_60e836d1	background	1	1	403
45	k16_60e836d1	background	1	2	34
45	k16_60e836d1	background	1	3	0
45	k16_60e836d1	background	1	4	0
45	k16_60e836d1	background	1	5	0
45	k16_60e836d1	background	1	6	5
45	k16_60e836d1	background	1	7	2804
45	k16_60e836d1	background	1	8	1
45	k16_60e836d1	background	1	9	0
45	k16_60e836d1	background	1	10	20
45	k16_60e836d1	background	1	11	2
45	k16_60e836d1	background	1	12	3158
45	k16_60e836d1	background	1	13	412
45	k16_60e836d1	background	1	14	528
45	k16_60e836d1	background	1	15	22
45	k16_60e836d1	background	1	16	861
45	k16_60e836d1	background	2	1	179800
45	k16_60e836d1	background	2	2	20802
45	k16_60e836d1	background	2	3	8571
45	k16_60e836d1	background	2	4	2084
45	k16_60e836d1	background	2	5	5287
45	k16_60e836d1	background	2	6	3861
45	k16_60e836d1	background	2	7	2303654
45	k16_60e836d1	background	2	8	3568
45	k16_60e836d1	background	2	9	3183
45	k16_60e836d1	background	2	10	12635
45	k16_60e836d1	background	2	11	21511
45	k16_60e836d1	background	2	12	2319398
45	k16_60e836d1	background	2	13	3311
45	k16_60e836d1	background	2	14	2326
45	k16_60e836d1	background	2	15	5689
45	k16_60e836d1	background	2	16	129318
46	k16_6214f638	HSat2	1	1	123677
46	k16_6214f638	HSat2	1	2	147798
46	k16_6214f638	HSat2	1	3	77392
46	k16_6214f638	HSat2	1	4	157737
46	k16_6214f638	HSat2	1	5	13683651
46	k16_6214f638	HSat2	1	6	67825
46	k16_6214f638	HSat2	1	7	28569
46	k16_6214f638	HSat2	1	8	62077
46	k16_6214f638	HSat2	1	9	31219
46	k16_6214f638	HSat2	1	10	14338
46	k16_6214f638	HSat2	1	11	271949
46	k16_6214f638	HSat2	1	12	81888
46	k16_6214f638	HSat2	1	13	258589
46	k16_6214f638	HSat2	1	14	41418
46	k16_6214f638	HSat2	1	15	42856
46	k16_6214f638	HSat2	1	16	20040
46	k16_6214f638	HSat2	2	1	4122664
46	k16_6214f638	HSat2	2	2	3857149
46	k16_6214f638	HSat2	2	3	5175258
46	k16_6214f638	HSat2	2	4	20428639
46	k16_6214f638	HSat2	2	5	43321171
46	k16_6214f638	HSat2	2	6	599466
46	k16_6214f638	HSat2	2	7	257196
46	k16_6214f638	HSat2	2	8	952654
46	k16_6214f638	HSat2	2	9	735133
46	k16_6214f638	HSat2	2	10	604487
46	k16_6214f638	HSat2	2	11	3877579
46	k16_6214f638	HSat2	2	12	3489721
46	k16_6214f638	HSat2	2	13	239792
46	k16_6214f638	HSat2	2	14	327359
46	k16_6214f638	HSat2	2	15	384867
46	k16_6214f638	HSat2	2	16	136483
46	k16_6214f638	HSat3	1	1	0
46	k16_6214f638	HSat3	1	2	7
46	k16_6214f638	HSat3	1	3	0
46	k16_6214f638	HSat3	1	4	0
46	k16_6214f638	HSat3	1	5	2916
46	k16_6214f638	HSat3	1	6	0
46	k16_6214f638	HSat3	1	7	0
46	k16_6214f638	HSat3	1	8	0
46	k16_6214f638	HSat3	1	9	0
46	k16_6214f638	HSat3	1	10	0
46	k16_6214f638	HSat3	1	11	0
46	k16_6214f638	HSat3	1	12	0
46	k16_6214f638	HSat3	1	13	0
46	k16_6214f638	HSat3	1	14	0
46	k16_6214f638	HSat3	1	15	0
46	k16_6214f638	HSat3	1	16	0
46	k16_6214f638	HSat3	2	1	883
46	k16_6214f638	HSat3	2	2	790
46	k16_6214f638	HSat3	2	3	3
46	k16_6214f638	HSat3	2	4	7494
46	k16_6214f638	HSat3	2	5	16858
46	k16_6214f638	HSat3	2	6	1160
46	k16_6214f638	HSat3	2	7	280
46	k16_6214f638	HSat3	2	8	431
46	k16_6214f638	HSat3	2	9	0
46	k16_6214f638	HSat3	2	10	139
46	k16_6214f638	HSat3	2	11	1380
46	k16_6214f638	HSat3	2	12	5950
46	k16_6214f638	HSat3	2	13	190
46	k16_6214f638	HSat3	2	14	0
46	k16_6214f638	HSat3	2	15	5989
46	k16_6214f638	HSat3	2	16	4413
46	k16_6214f638	HSat23	1	1	123677
46	k16_6214f638	HSat23	1	2	147810
46	k16_6214f638	HSat23	1	3	77392
46	k16_6214f638	HSat23	1	4	157737
46	k16_6214f638	HSat23	1	5	13686616
46	k16_6214f638	HSat23	1	6	67825
46	k16_6214f638	HSat23	1	7	28569
46	k16_6214f638	HSat23	1	8	62077
46	k16_6214f638	HSat23	1	9	31219
46	k16_6214f638	HSat23	1	10	14338
46	k16_6214f638	HSat23	1	11	271949
46	k16_6214f638	HSat23	1	12	81888
46	k16_6214f638	HSat23	1	13	258589
46	k16_6214f638	HSat23	1	14	41418
46	k16_6214f638	HSat23	1	15	42856
46	k16_6214f638	HSat23	1	16	20040
46	k16_6214f638	HSat23	2	1	4123580
46	k16_6214f638	HSat23	2	2	3857953
46	k16_6214f638	HSat23	2	3	5175261
46	k16_6214f638	HSat23	2	4	20436406
46	k16_6214f638	HSat23	2	5	43338535
46	k16_6214f638	HSat23	2	6	600651
46	k16_6214f638	HSat23	2	7	257476
46	k16_6214f638	HSat23	2	8	953108
46	k16_6214f638	HSat23	2	9	735133
46	k16_6214f638	HSat23	2	10	604639
46	k16_6214f638	HSat23	2	11	3879048
46	k16_6214f638	HSat23	2	12	3495706
46	k16_6214f638	HSat23	2	13	239997
46	k16_6214f638	HSat23	2	14	327359
46	k16_6214f638	HSat23	2	15	390856
46	k16_6214f638	HSat23	2	16	140896
46	k16_6214f638	background	1	1	855
46	k16_6214f638	background	1	2	812
46	k16_6214f638	background	1	3	140
46	k16_6214f638	background	1	4	580
46	k16_6214f638	background	1	5	39525
46	k16_6214f638	background	1	6	237
46	k16_6214f638	background	1	7	104
46	k16_6214f638	background	1	8	217
46	k16_6214f638	background	1	9	620
46	k16_6214f638	background	1	10	47
46	k16_6214f638	background	1	11	388
46	k16_6214f638	background	1	12	190
46	k16_6214f638	background	1	13	197
46	k16_6214f638	background	1	14	72
46	k16_6214f638	background	1	15	229
46	k16_6214f638	background	1	16	55
46	k16_6214f638	background	2	1	31878
46	k16_6214f638	background	2	2	51235
46	k16_6214f638	background	2	3	17696
46	k16_6214f638	background	2	4	63918
46	k16_6214f638	background	2	5	130204
46	k16_6214f638	background	2	6	7773
46	k16_6214f638	background	2	7	6461
46	k16_6214f638	background	2	8	5999
46	k16_6214f638	background	2	9	8311
46	k16_6214f638	background	2	10	8963
46	k16_6214f638	background	2	11	23711
46	k16_6214f638	background	2	12	46073
46	k16_6214f638	background	2	13	5751
46	k16_6214f638	background	2	14	4163
46	k16_6214f638	background	2	15	4125
46	k16_6214f638	background	2	16	9617
47	k16_62e83a02	HSat2	1	1	600
47	k16_62e83a02	HSat2	1	2	20
47	k16_62e83a02	HSat2	1	3	0
47	k16_62e83a02	HSat2	1	4	15886
47	k16_62e83a02	HSat2	1	5	0
47	k16_62e83a02	HSat2	1	6	0
47	k16_62e83a02	HSat2	1	7	458
47	k16_62e83a02	HSat2	1	8	0
47	k16_62e83a02	HSat2	1	9	1
47	k16_62e83a02	HSat2	1	10	16
47	k16_62e83a02	HSat2	1	11	41859
47	k16_62e83a02	HSat2	1	12	1
47	k16_62e83a02	HSat2	1	13	0
47	k16_62e83a02	HSat2	1	14	4
47	k16_62e83a02	HSat2	1	15	52950
47	k16_62e83a02	HSat2	1	16	0
47	k16_62e83a02	HSat2	2	1	65975
47	k16_62e83a02	HSat2	2	2	90394
47	k16_62e83a02	HSat2	2	3	25
47	k16_62e83a02	HSat2	2	4	4565805
47	k16_62e83a02	HSat2	2	5	1371
47	k16_62e83a02	HSat2	2	6	2318
47	k16_62e83a02	HSat2	2	7	5198
47	k16_62e83a02	HSat2	2	8	1621
47	k16_62e83a02	HSat2	2	9	11836
47	k16_62e83a02	HSat2	2	10	13292
47	k16_62e83a02	HSat2	2	11	4319433
47	k16_62e83a02	HSat2	2	12	31720
47	k16_62e83a02	HSat2	2	13	100
47	k16_62e83a02	HSat2	2	14	99727
47	k16_62e83a02	HSat2	2	15	6649528
47	k16_62e83a02	HSat2	2	16	32717
47	k16_62e83a02	HSat3	1	1	453190
47	k16_62e83a02	HSat3	1	2	157987
47	k16_62e83a02	HSat3	1	3	22381
47	k16_62e83a02	HSat3	1	4	2671782
47	k16_62e83a02	HSat3	1	5	36122
47	k16_62e83a02	HSat3	1	6	72816
47	k16_62e83a02	HSat3	1	7	114115
47	k16_62e83a02	HSat3	1	8	6482
47	k16_62e83a02	HSat3	1	9	35242
47	k16_62e83a02	HSat3	1	10	48960
47	k16_62e83a02	HSat3	1	11	46695
47	k16_62e83a02	HSat3	1	12	86446
47	k16_62e83a02	HSat3	1	13	28444
47	k16_62e83a02	HSat3	1	14	25950
47	k16_62e83a02	HSat3	1	15	7087347
47	k16_62e83a02	HSat3	1	16	79167
47	k16_62e83a02	HSat3	2	1	30977854
47	k16_62e83a02	HSat3	2	2	1522537
47	k16_62e83a02	HSat3	2	3	376750
47	k16_62e83a02	HSat3	2	4	33978427
47	k16_62e83a02	HSat3	2	5	536950
47	k16_62e83a02	HSat3	2	6	563489
47	k16_62e83a02	HSat3	2	7	6936756
47	k16_62e83a02	HSat3	2	8	89808
47	k16_62e83a02	HSat3	2	9	448092
47	k16_62e83a02	HSat3	2	10	1020579
47	k16_62e83a02	HSat3	2	11	699282
47	k16_62e83a02	HSat3	2	12	1148763
47	k16_62e83a02	HSat3	2	13	4514919
47	k16_62e83a02	HSat3	2	14	379433
47	k16_62e83a02	HSat3	2	15	46542355
47	k16_62e83a02	HSat3	2	16	776814
47	k16_62e83a02	HSat23	1	1	453803
47	k16_62e83a02	HSat23	1	2	158007
47	k16_62e83a02	HSat23	1	3	22381
47	k16_62e83a02	HSat23	1	4	2687669
47	k16_62e83a02	HSat23	1	5	36122
47	k16_62e83a02	HSat23	1	6	72816
47	k16_62e83a02	HSat23	1	7	114573
47	k16_62e83a02	HSat23	1	8	6482
47	k16_62e83a02	HSat23	1	9	35243
47	k16_62e83a02	HSat23	1	10	48976
47	k16_62e83a02	HSat23	1	11	88554
47	k16_62e83a02	HSat23	1	12	86447
47	k16_62e83a02	HSat23	1	13	28444
47	k16_62e83a02	HSat23	1	14	25954
47	k16_62e83a02	HSat23	1	15	7140303
47	k16_62e83a02	HSat23	1	16	79167
47	k16_62e83a02	HSat23	2	1	31044080
47	k16_62e83a02	HSat23	2	2	1612945
47	k16_62e83a02	HSat23	2	3	376775
47	k16_62e83a02	HSat23	2	4	38544383
47	k16_62e83a02	HSat23	2	5	538321
47	k16_62e83a02	HSat23	2	6	565807
47	k16_62e83a02	HSat23	2	7	6941972
47	k16_62e83a02	HSat23	2	8	91429
47	k16_62e83a02	HSat23	2	9	459945
47	k16_62e83a02	HSat23	2	10	1033873
47	k16_62e83a02	HSat23	2	11	5018729
47	k16_62e83a02	HSat23	2	12	1180510
47	k16_62e83a02	HSat23	2	13	4515019
47	k16_62e83a02	HSat23	2	14	479177
47	k16_62e83a02	HSat23	2	15	53192184
47	k16_62e83a02	HSat23	2	16	809531
47	k16_62e83a02	background	1	1	11173
47	k16_62e83a02	background	1	2	4627
47	k16_62e83a02	background	1	3	1174
47	k16_62e83a02	background	1	4	2991
47	k16_62e83a02	background	1	5	1438
47	k16_62e83a02	background	1	6	146
47	k16_62e83a02	background	1	7	3
47	k16_62e83a02	background	1	8	1269
47	k16_62e83a02	background	1	9	10
47	k16_62e83a02	background	1	10	3153
47	k16_62e83a02	background	1	11	50
47	k16_62e83a02	background	1	12	474
47	k16_62e83a02	background	1	13	1447
47	k16_62e83a02	background	1	14	41
47	k16_62e83a02	background	1	15	7063
47	k16_62e83a02	background	1	16	6
47	k16_62e83a02	background	2	1	371079
47	k16_62e83a02	background	2	2	196514
47	k16_62e83a02	background	2	3	41729
47	k16_62e83a02	background	2	4	103379
47	k16_62e83a02	background	2	5	75925
47	k16_62e83a02	background	2	6	37278
47	k16_62e83a02	background	2	7	69309
47	k16_62e83a02	background	2	8	41975
47	k16_62e83a02	background	2	9	39925
47	k16_62e83a02	background	2	10	71247
47	k16_62e83a02	background	2	11	43731
47	k16_62e83a02	background	2	12	46178
47	k16_62e83a02	background	2	13	36440
47	k16_62e83a02	background	2	14	43862
47	k16_62e83a02	background	2	15	136027
47	k16_62e83a02	background	2	16	59344
48	k16_62e83f06	HSat2	1	1	0
48	k16_62e83f06	HSat2	1	2	0
48	k16_62e83f06	HSat2	1	3	0
48	k16_62e83f06	HSat2	1	4	253
48	k16_62e83f06	HSat2	1	5	0
48	k16_62e83f06	HSat2	1	6	1
48	k16_62e83f06	HSat2	1	7	0
48	k16_62e83f06	HSat2	1	8	0
48	k16_62e83f06	HSat2	1	9	0
48	k16_62e83f06	HSat2	1	10	99
48	k16_62e83f06	HSat2	1	11	369
48	k16_62e83f06	HSat2	1	12	76
48	k16_62e83f06	HSat2	1	13	0
48	k16_62e83f06	HSat2	1	14	0
48	k16_62e83f06	HSat2	1	15	15
48	k16_62e83f06	HSat2	1	16	0
48	k16_62e83f06	HSat2	2	1	529
48	k16_62e83f06	HSat2	2	2	1274
48	k16_62e83f06	HSat2	2	3	36
48	k16_62e83f06	HSat2	2	4	545823
48	k16_62e83f06	HSat2	2	5	0
48	k16_62e83f06	HSat2	2	6	665
48	k16_62e83f06	HSat2	2	7	3
48	k16_62e83f06	HSat2	2	8	5
48	k16_62e83f06	HSat2	2	9	18
48	k16_62e83f06	HSat2	2	10	1229
48	k16_62e83f06	HSat2	2	11	78549
48	k16_62e83f06	HSat2	2	12	594459
48	k16_62e83f06	HSat2	2	13	456
48	k16_62e83f06	HSat2	2	14	606
48	k16_62e83f06	HSat2	2	15	143867
48	k16_62e83f06	HSat2	2	16	31
48	k16_62e83f06	HSat3	1	1	901
48	k16_62e83f06	HSat3	1	2	632
48	k16_62e83f06	HSat3	1	3	76
48	k16_62e83f06	HSat3	1	4	667
48	k16_62e83f06	HSat3	1	5	6
48	k16_62e83f06	HSat3	1	6	4
48	k16_62e83f06	HSat3	1	7	50
48	k16_62e83f06	HSat3	1	8	1
48	k16_62e83f06	HSat3	1	9	1
48	k16_62e83f06	HSat3	1	10	0
48	k16_62e83f06	HSat3	1	11	7167
48	k16_62e83f06	HSat3	1	12	257
48	k16_62e83f06	HSat3	1	13	21
48	k16_62e83f06	HSat3	1	14	2
48	k16_62e83f06	HSat3	1	15	9744
48	k16_62e83f06	HSat3	1	16	75
48	k16_62e83f06	HSat3	2	1	72162
48	k16_62e83f06	HSat3	2	2	3489
48	k16_62e83f06	HSat3	2	3	4876
48	k16_62e83f06	HSat3	2	4	60755
48	k16_62e83f06	HSat3	2	5	583
48	k16_62e83f06	HSat3	2	6	1193
48	k16_62e83f06	HSat3	2	7	3101
48	k16_62e83f06	HSat3	2	8	514
48	k16_62e83f06	HSat3	2	9	2336
48	k16_62e83f06	HSat3	2	10	702
48	k16_62e83f06	HSat3	2	11	349410
48	k16_62e83f06	HSat3	2	12	226982
48	k16_62e83f06	HSat3	2	13	2618
48	k16_62e83f06	HSat3	2	14	135
48	k16_62e83f06	HSat3	2	15	388608
48	k16_62e83f06	HSat3	2	16	2142
48	k16_62e83f06	HSat23	1	1	901
48	k16_62e83f06	HSat23	1	2	632
48	k16_62e83f06	HSat23	1	3	76
48	k16_62e83f06	HSat23	1	4	920
48	k16_62e83f06	HSat23	1	5	6
48	k16_62e83f06	HSat23	1	6	5
48	k16_62e83f06	HSat23	1	7	50
48	k16_62e83f06	HSat23	1	8	1
48	k16_62e83f06	HSat23	1	9	1
48	k16_62e83f06	HSat23	1	10	99
48	k16_62e83f06	HSat23	1	11	7536
48	k16_62e83f06	HSat23	1	12	333
48	k16_62e83f06	HSat23	1	13	21
48	k16_62e83f06	HSat23	1	14	2
48	k16_62e83f06	HSat23	1	15	9759
48	k16_62e83f06	HSat23	1	16	75
48	k16_62e83f06	HSat23	2	1	72696
48	k16_62e83f06	HSat23	2	2	4763
48	k16_62e83f06	HSat23	2	3	4912
48	k16_62e83f06	HSat23	2	4	606578
48	k16_62e83f06	HSat23	2	5	583
48	k16_62e83f06	HSat23	2	6	1858
48	k16_62e83f06	HSat23	2	7	3104
48	k16_62e83f06	HSat23	2	8	519
48	k16_62e83f06	HSat23	2	9	2354
48	k16_62e83f06	HSat23	2	10	1931
48	k16_62e83f06	HSat23	2	11	427959
48	k16_62e83f06	HSat23	2	12	821455
48	k16_62e83f06	HSat23	2	13	3074
48	k16_62e83f06	HSat23	2	14	741
48	k16_62e83f06	HSat23	2	15	532494
48	k16_62e83f06	HSat23	2	16	2173
48	k16_62e83f06	background	1	1	522
48	k16_62e83f06	background	1	2	4
48	k16_62e83f06	background	1	3	0
48	k16_62e83f06	background	1	4	88
48	k16_62e83f06	background	1	5	0
48	k16_62e83f06	background	1	6	0
48	k16_62e83f06	background	1	7	0
48	k16_62e83f06	background	1	8	0
48	k16_62e83f06	background	1	9	0
48	k16_62e83f06	background	1	10	0
48	k16_62e83f06	background	1	11	4
48	k16_62e83f06	background	1	12	0
48	k16_62e83f06	background	1	13	437
48	k16_62e83f06	background	1	14	0
48	k16_62e83f06	background	1	15	10
48	k16_62e83f06	background	1	16	342
48	k16_62e83f06	background	2	1	34139
48	k16_62e83f06	background	2	2	32389
48	k16_62e83f06	background	2	3	3878
48	k16_62e83f06	background	2	4	7698
48	k16_62e83f06	background	2	5	2904
48	k16_62e83f06	background	2	6	2984
48	k16_62e83f06	background	2	7	6650
48	k16_62e83f06	background	2	8	2058
48	k16_62e83f06	background	2	9	6372
48	k16_62e83f06	background	2	10	5425
48	k16_62e83f06	background	2	11	3329
48	k16_62e83f06	background	2	12	4309
48	k16_62e83f06	background	2	13	6046
48	k16_62e83f06	background	2	14	4028
48	k16_62e83f06	background	2	15	36101
48	k16_62e83f06	background	2	16	28432
49	k16_63d47638	HSat2	1	1	106429
49	k16_63d47638	HSat2	1	2	115719
49	k16_63d47638	HSat2	1	3	15734
49	k16_63d47638	HSat2	1	4	696140
49	k16_63d47638	HSat2	1	5	3104
49	k16_63d47638	HSat2	1	6	22473
49	k16_63d47638	HSat2	1	7	20802
49	k16_63d47638	HSat2	1	8	25367
49	k16_63d47638	HSat2	1	9	16471570
49	k16_63d47638	HSat2	1	10	10219
49	k16_63d47638	HSat2	1	11	145324
49	k16_63d47638	HSat2	1	12	60446
49	k16_63d47638	HSat2	1	13	120182
49	k16_63d47638	HSat2	1	14	12840
49	k16_63d47638	HSat2	1	15	18179
49	k16_63d47638	HSat2	1	16	49424
49	k16_63d47638	HSat2	2	1	7300156
49	k16_63d47638	HSat2	2	2	8234697
49	k16_63d47638	HSat2	2	3	518548
49	k16_63d47638	HSat2	2	4	17157802
49	k16_63d47638	HSat2	2	5	282366
49	k16_63d47638	HSat2	2	6	1280616
49	k16_63d47638	HSat2	2	7	948536
49	k16_63d47638	HSat2	2	8	464703
49	k16_63d47638	HSat2	2	9	70098812
49	k16_63d47638	HSat2	2	10	378687
49	k16_63d47638	HSat2	2	11	14796529
49	k16_63d47638	HSat2	2	12	12443835
49	k16_63d47638	HSat2	2	13	1057569
49	k16_63d47638	HSat2	2	14	715060
49	k16_63d47638	HSat2	2	15	5477588
49	k16_63d47638	HSat2	2	16	1634224
49	k16_63d47638	HSat3	1	1	141
49	k16_63d47638	HSat3	1	2	416
49	k16_63d47638	HSat3	1	3	0
49	k16_63d47638	HSat3	1	4	0
49	k16_63d47638	HSat3	1	5	0
49	k16_63d47638	HSat3	1	6	0
49	k16_63d47638	HSat3	1	7	0
49	k16_63d47638	HSat3	1	8	0
49	k16_63d47638	HSat3	1	9	6985
49	k16_63d47638	HSat3	1	10	0
49	k16_63d47638	HSat3	1	11	0
49	k16_63d47638	HSat3	1	12	0
49	k16_63d47638	HSat3	1	13	0
49	k16_63d47638	HSat3	1	14	0
49	k16_63d47638	HSat3	1	15	13
49	k16_63d47638	HSat3	1	16	0
49	k16_63d47638	HSat3	2	1	6610
49	k16_63d47638	HSat3	2	2	237020
49	k16_63d47638	HSat3	2	3	40
49	k16_63d47638	HSat3	2	4	3355
49	k16_63d47638	HSat3	2	5	0
49	k16_63d47638	HSat3	2	6	156
49	k16_63d47638	HSat3	2	7	1770
49	k16_63d47638	HSat3	2	8	427
49	k16_63d47638	HSat3	2	9	67271
49	k16_63d47638	HSat3	2	10	135
49	k16_63d47638	HSat3	2	11	3676
49	k16_63d47638	HSat3	2	12	12398
49	k16_63d47638	HSat3	2	13	138
49	k16_63d47638	HSat3	2	14	6576
49	k16_63d47638	HSat3	2	15	235007
49	k16_63d47638	HSat3	2	16	22403
49	k16_63d47638	HSat23	1	1	106582
49	k16_63d47638	HSat23	1	2	116141
49	k16_63d47638	HSat23	1	3	15734
49	k16_63d47638	HSat23	1	4	696140
49	k16_63d47638	HSat23	1	5	3104
49	k16_63d47638	HSat23	1	6	22473
49	k16_63d47638	HSat23	1	7	20802
49	k16_63d47638	HSat23	1	8	25367
49	k16_63d47638	HSat23	1	9	16478809
49	k16_63d47638	HSat23	1	10	10219
49	k16_63d47638	HSat23	1	11	145324
49	k16_63d47638	HSat23	1	12	60446
49	k16_63d47638	HSat23	1	13	120182
49	k16_63d47638	HSat23	1	14	12840
49	k16_63d47638	HSat23	1	15	18192
49	k16_63d47638	HSat23	1	16	49424
49	k16_63d47638	HSat23	2	1	7306945
49	k16_63d47638	HSat23	2	2	8471828
49	k16_63d47638	HSat23	2	3	518597
49	k16_63d47638	HSat23	2	4	17161210
49	k16_63d47638	HSat23	2	5	282366
49	k16_63d47638	HSat23	2	6	1280776
49	k16_63d47638	HSat23	2	7	950310
49	k16_63d47638	HSat23	2	8	465138
49	k16_63d47638	HSat23	2	9	70166847
49	k16_63d47638	HSat23	2	10	378830
49	k16_63d47638	HSat23	2	11	14800318
49	k16_63d47638	HSat23	2	12	12456467
49	k16_63d47638	HSat23	2	13	1057707
49	k16_63d47638	HSat23	2	14	721664
49	k16_63d47638	HSat23	2	15	5712604
49	k16_63d47638	HSat23	2	16	1656631
49	k16_63d47638	background	1	1	299
49	k16_63d47638	background	1	2	709
49	k16_63d47638	background	1	3	572
49	k16_63d47638	background	1	4	2424
49	k16_63d47638	background	1	5	15
49	k16_63d47638	background	1	6	84
49	k16_63d47638	background	1	7	59
49	k16_63d47638	background	1	8	53
49	k16_63d47638	background	1	9	52099
49	k16_63d47638	background	1	10	31
49	k16_63d47638	background	1	11	327
49	k16_63d47638	background	1	12	108
49	k16_63d47638	background	1	13	390
49	k16_63d47638	background	1	14	27
49	k16_63d47638	background	1	15	31
49	k16_63d47638	background	1	16	171
49	k16_63d47638	background	2	1	34867
49	k16_63d47638	background	2	2	43272
49	k16_63d47638	background	2	3	8000
49	k16_63d47638	background	2	4	52163
49	k16_63d47638	background	2	5	2200
49	k16_63d47638	background	2	6	4345
49	k16_63d47638	background	2	7	4500
49	k16_63d47638	background	2	8	3787
49	k16_63d47638	background	2	9	199228
49	k16_63d47638	background	2	10	2320
49	k16_63d47638	background	2	11	60098
49	k16_63d47638	background	2	12	51627
49	k16_63d47638	background	2	13	7091
49	k16_63d47638	background	2	14	3751
49	k16_63d47638	background	2	15	18918
49	k16_63d47638	background	2	16	5575
50	k16_63e4f600	HSat2	1	1	112
50	k16_63e4f600	HSat2	1	2	33
50	k16_63e4f600	HSat2	1	3	0
50	k16_63e4f600	HSat2	1	4	595
50	k16_63e4f600	HSat2	1	5	18
50	k16_63e4f600	HSat2	1	6	73974
50	k16_63e4f600	HSat2	1	7	504
50	k16_63e4f600	HSat2	1	8	98
50	k16_63e4f600	HSat2	1	9	3
50	k16_63e4f600	HSat2	1	10	2
50	k16_63e4f600	HSat2	1	11	850
50	k16_63e4f600	HSat2	1	12	65
50	k16_63e4f600	HSat2	1	13	53
50	k16_63e4f600	HSat2	1	14	4300399
50	k16_63e4f600	HSat2	1	15	1075
50	k16_63e4f600	HSat2	1	16	192
50	k16_63e4f600	HSat2	2	1	76883
50	k16_63e4f600	HSat2	2	2	57520
50	k16_63e4f600	HSat2	2	3	32685
50	k16_63e4f600	HSat2	2	4	85943
50	k16_63e4f600	HSat2	2	5	37621
50	k16_63e4f600	HSat2	2	6	5619063
50	k16_63e4f600	HSat2	2	7	497347
50	k16_63e4f600	HSat2	2	8	120578
50	k16_63e4f600	HSat2	2	9	28195
50	k16_63e4f600	HSat2	2	10	6282
50	k16_63e4f600	HSat2	2	11	141361
50	k16_63e4f600	HSat2	2	12	80380
50	k16_63e4f600	HSat2	2	13	21236
50	k16_63e4f600	HSat2	2	14	6783020
50	k16_63e4f600	HSat2	2	15	1292992
50	k16_63e4f600	HSat2	2	16	80876
50	k16_63e4f600	HSat3	1	1	0
50	k16_63e4f600	HSat3	1	2	0
50	k16_63e4f600	HSat3	1	3	0
50	k16_63e4f600	HSat3	1	4	0
50	k16_63e4f600	HSat3	1	5	0
50	k16_63e4f600	HSat3	1	6	0
50	k16_63e4f600	HSat3	1	7	0
50	k16_63e4f600	HSat3	1	8	0
50	k16_63e4f600	HSat3	1	9	28
50	k16_63e4f600	HSat3	1	10	0
50	k16_63e4f600	HSat3	1	11	0
50	k16_63e4f600	HSat3	1	12	0
50	k16_63e4f600	HSat3	1	13	0
50	k16_63e4f600	HSat3	1	14	0
50	k16_63e4f600	HSat3	1	15	83
50	k16_63e4f600	HSat3	1	16	50
50	k16_63e4f600	HSat3	2	1	552
50	k16_63e4f600	HSat3	2	2	5258
50	k16_63e4f600	HSat3	2	3	0
50	k16_63e4f600	HSat3	2	4	1129
50	k16_63e4f600	HSat3	2	5	1
50	k16_63e4f600	HSat3	2	6	1302
50	k16_63e4f600	HSat3	2	7	1263
50	k16_63e4f600	HSat3	2	8	0
50	k16_63e4f600	HSat3	2	9	31463
50	k16_63e4f600	HSat3	2	10	0
50	k16_63e4f600	HSat3	2	11	487
50	k16_63e4f600	HSat3	2	12	1186
50	k16_63e4f600	HSat3	2	13	18
50	k16_63e4f600	HSat3	2	14	2111
50	k16_63e4f600	HSat3	2	15	32343
50	k16_63e4f600	HSat3	2	16	41175
50	k16_63e4f600	HSat23	1	1	112
50	k16_63e4f600	HSat23	1	2	33
50	k16_63e4f600	HSat23	1	3	0
50	k16_63e4f600	HSat23	1	4	595
50	k16_63e4f600	HSat23	1	5	18
50	k16_63e4f600	HSat23	1	6	73974
50	k16_63e4f600	HSat23	1	7	504
50	k16_63e4f600	HSat23	1	8	98
50	k16_63e4f600	HSat23	1	9	31
50	k16_63e4f600	HSat23	1	10	2
50	k16_63e4f600	HSat23	1	11	850
50	k16_63e4f600	HSat23	1	12	65
50	k16_63e4f600	HSat23	1	13	53
50	k16_63e4f600	HSat23	1	14	4300399
50	k16_63e4f600	HSat23	1	15	1158
50	k16_63e4f600	HSat23	1	16	242
50	k16_63e4f600	HSat23	2	1	77435
50	k16_63e4f600	HSat23	2	2	62778
50	k16_63e4f600	HSat23	2	3	32685
50	k16_63e4f600	HSat23	2	4	87072
50	k16_63e4f600	HSat23	2	5	37622
50	k16_63e4f600	HSat23	2	6	5620374
50	k16_63e4f600	HSat23	2	7	498610
50	k16_63e4f600	HSat23	2	8	120578
50	k16_63e4f600	HSat23	2	9	59658
50	k16_63e4f600	HSat23	2	10	6282
50	k16_63e4f600	HSat23	2	11	141848
50	k16_63e4f600	HSat23	2	12	81566
50	k16_63e4f600	HSat23	2	13	21254
50	k16_63e4f600	HSat23	2	14	6785140
50	k16_63e4f600	HSat23	2	15	1325335
50	k16_63e4f600	HSat23	2	16	122051
50	k16_63e4f600	background	1	1	0
50	k16_63e4f600	background	1	2	883
50	k16_63e4f600	background	1	3	0
50	k16_63e4f600	background	1	4	6
50	k16_63e4f600	background	1	5	0
50	k16_63e4f600	background	1	6	267
50	k16_63e4f600	background	1	7	13
50	k16_63e4f600	background	1	8	0
50	k16_63e4f600	background	1	9	0
50	k16_63e4f600	background	1	10	0
50	k16_63e4f600	background	1	11	464
50	k16_63e4f600	background	1	12	0
50	k16_63e4f600	background	1	13	0
50	k16_63e4f600	background	1	14	12749
50	k16_63e4f600	background	1	15	6
50	k16_63e4f600	background	1	16	1
50	k16_63e4f600	background	2	1	43151
50	k16_63e4f600	background	2	2	40527
50	k16_63e4f600	background	2	3	7528
50	k16_63e4f600	background	2	4	7962
50	k16_63e4f600	background	2	5	4356
50	k16_63e4f600	background	2	6	30227
50	k16_63e4f600	background	2	7	4558
50	k16_63e4f600	background	2	8	5983
50	k16_63e4f600	background	2	9	3542
50	k16_63e4f600	background	2	10	6897
50	k16_63e4f600	background	2	11	64191
50	k16_63e4f600	background	2	12	46974
50	k16_63e4f600	background	2	13	5429
50	k16_63e4f600	background	2	14	25342
50	k16_63e4f600	background	2	15	9047
50	k16_63e4f600	background	2	16	5436
51	k16_66fbf53d	HSat2	1	1	2
51	k16_66fbf53d	HSat2	1	2	27
51	k16_66fbf53d	HSat2	1	3	0
51	k16_66fbf53d	HSat2	1	4	0
51	k16_66fbf53d	HSat2	1	5	13
51	k16_66fbf53d	HSat2	1	6	0
51	k16_66fbf53d	HSat2	1	7	0
51	k16_66fbf53d	HSat2	1	8	14
51	k16_66fbf53d	HSat2	1	9	0
51	k16_66fbf53d	HSat2	1	10	0
51	k16_66fbf53d	HSat2	1	11	0
51	k16_66fbf53d	HSat2	1	12	0
51	k16_66fbf53d	HSat2	1	13	0
51	k16_66fbf53d	HSat2	1	14	0
51	k16_66fbf53d	HSat2	1	15	0
51	k16_66fbf53d	HSat2	1	16	0
51	k16_66fbf53d	HSat2	2	1	15155
51	k16_66fbf53d	HSat2	2	2	64347
51	k16_66fbf53d	HSat2	2	3	2027
51	k16_66fbf53d	HSat2	2	4	665
51	k16_66fbf53d	HSat2	2	5	32230
51	k16_66fbf53d	HSat2	2	6	0
51	k16_66fbf53d	HSat2	2	7	0
51	k16_66fbf53d	HSat2	2	8	76500
51	k16_66fbf53d	HSat2	2	9	6
51	k16_66fbf53d	HSat2	2	10	0
51	k16_66fbf53d	HSat2	2	11	0
51	k16_66fbf53d	HSat2	2	12	0
51	k16_66fbf53d	HSat2	2	13	1
51	k16_66fbf53d	HSat2	2	14	0
51	k16_66fbf53d	HSat2	2	15	0
51	k16_66fbf53d	HSat2	2	16	7
51	k16_66fbf53d	HSat3	1	1	1959
51	k16_66fbf53d	HSat3	1	2	2289
51	k16_66fbf53d	HSat3	1	3	895227
51	k16_66fbf53d	HSat3	1	4	13674
51	k16_66fbf53d	HSat3	1	5	1839
51	k16_66fbf53d	HSat3	1	6	5271
51	k16_66fbf53d	HSat3	1	7	2308
51	k16_66fbf53d	HSat3	1	8	4187939
51	k16_66fbf53d	HSat3	1	9	118
51	k16_66fbf53d	HSat3	1	10	92
51	k16_66fbf53d	HSat3	1	11	4666
51	k16_66fbf53d	HSat3	1	12	274
51	k16_66fbf53d	HSat3	1	13	1786
51	k16_66fbf53d	HSat3	1	14	505
51	k16_66fbf53d	HSat3	1	15	304
51	k16_66fbf53d	HSat3	1	16	305
51	k16_66fbf53d	HSat3	2	1	161975
51	k16_66fbf53d	HSat3	2	2	668957
51	k16_66fbf53d	HSat3	2	3	35495328
51	k16_66fbf53d	HSat3	2	4	304200
51	k16_66fbf53d	HSat3	2	5	246487
51	k16_66fbf53d	HSat3	2	6	1629864
51	k16_66fbf53d	HSat3	2	7	437284
51	k16_66fbf53d	HSat3	2	8	34025160
51	k16_66fbf53d	HSat3	2	9	105425
51	k16_66fbf53d	HSat3	2	10	35672
51	k16_66fbf53d	HSat3	2	11	99669
51	k16_66fbf53d	HSat3	2	12	137835
51	k16_66fbf53d	HSat3	2	13	190371
51	k16_66fbf53d	HSat3	2	14	62420
51	k16_66fbf53d	HSat3	2	15	41647
51	k16_66fbf53d	HSat3	2	16	148544
51	k16_66fbf53d	HSat23	1	1	1961
51	k16_66fbf53d	HSat23	1	2	2316
51	k16_66fbf53d	HSat23	1	3	895227
51	k16_66fbf53d	HSat23	1	4	13674
51	k16_66fbf53d	HSat23	1	5	1852
51	k16_66fbf53d	HSat23	1	6	5271
51	k16_66fbf53d	HSat23	1	7	2308
51	k16_66fbf53d	HSat23	1	8	4187953
51	k16_66fbf53d	HSat23	1	9	118
51	k16_66fbf53d	HSat23	1	10	92
51	k16_66fbf53d	HSat23	1	11	4666
51	k16_66fbf53d	HSat23	1	12	274
51	k16_66fbf53d	HSat23	1	13	1786
51	k16_66fbf53d	HSat23	1	14	505
51	k16_66fbf53d	HSat23	1	15	304
51	k16_66fbf53d	HSat23	1	16	305
51	k16_66fbf53d	HSat23	2	1	177130
51	k16_66fbf53d	HSat23	2	2	733304
51	k16_66fbf53d	HSat23	2	3	35497355
51	k16_66fbf53d	HSat23	2	4	304865
51	k16_66fbf53d	HSat23	2	5	278717
51	k16_66fbf53d	HSat23	2	6	1629864
51	k16_66fbf53d	HSat23	2	7	437284
51	k16_66fbf53d	HSat23	2	8	34101660
51	k16_66fbf53d	HSat23	2	9	105431
51	k16_66fbf53d	HSat23	2	10	35672
51	k16_66fbf53d	HSat23	2	11	99669
51	k16_66fbf53d	HSat23	2	12	137835
51	k16_66fbf53d	HSat23	2	13	190372
51	k16_66fbf53d	HSat23	2	14	62420
51	k16_66fbf53d	HSat23	2	15	41647
51	k16_66fbf53d	HSat23	2	16	148551
51	k16_66fbf53d	background	1	1	0
51	k16_66fbf53d	background	1	2	392
51	k16_66fbf53d	background	1	3	151
51	k16_66fbf53d	background	1	4	461
51	k16_66fbf53d	background	1	5	1
51	k16_66fbf53d	background	1	6	0
51	k16_66fbf53d	background	1	7	0
51	k16_66fbf53d	background	1	8	126
51	k16_66fbf53d	background	1	9	0
51	k16_66fbf53d	background	1	10	0
51	k16_66fbf53d	background	1	11	3
51	k16_66fbf53d	background	1	12	1
51	k16_66fbf53d	background	1	13	0
51	k16_66fbf53d	background	1	14	1
51	k16_66fbf53d	background	1	15	0
51	k16_66fbf53d	background	1	16	0
51	k16_66fbf53d	background	2	1	40803
51	k16_66fbf53d	background	2	2	59801
51	k16_66fbf53d	background	2	3	58279
51	k16_66fbf53d	background	2	4	47154
51	k16_66fbf53d	background	2	5	8991
51	k16_66fbf53d	background	2	6	5132
51	k16_66fbf53d	background	2	7	12967
51	k16_66fbf53d	background	2	8	9755
51	k16_66fbf53d	background	2	9	4511
51	k16_66fbf53d	background	2	10	4943
51	k16_66fbf53d	background	2	11	13916
51	k16_66fbf53d	background	2	12	4937
51	k16_66fbf53d	background	2	13	13434
51	k16_66fbf53d	background	2	14	8558
51	k16_66fbf53d	background	2	15	3682
51	k16_66fbf53d	background	2	16	13725
52	k16_6834d350	HSat2	1	1	2275292
52	k16_6834d350	HSat2	1	2	4489
52	k16_6834d350	HSat2	1	3	441
52	k16_6834d350	HSat2	1	4	64
52	k16_6834d350	HSat2	1	5	1014
52	k16_6834d350	HSat2	1	6	538
52	k16_6834d350	HSat2	1	7	1081
52	k16_6834d350	HSat2	1	8	2002
52	k16_6834d350	HSat2	1	9	920
52	k16_6834d350	HSat2	1	10	1094
52	k16_6834d350	HSat2	1	11	8699
52	k16_6834d350	HSat2	1	12	1112
52	k16_6834d350	HSat2	1	13	3846
52	k16_6834d350	HSat2	1	14	1511357
52	k16_6834d350	HSat2	1	15	275
52	k16_6834d350	HSat2	1	16	2694
52	k16_6834d350	HSat2	2	1	34431772
52	k16_6834d350	HSat2	2	2	129076
52	k16_6834d350	HSat2	2	3	434987
52	k16_6834d350	HSat2	2	4	19409
52	k16_6834d350	HSat2	2	5	511827
52	k16_6834d350	HSat2	2	6	16053
52	k16_6834d350	HSat2	2	7	239477
52	k16_6834d350	HSat2	2	8	42921
52	k16_6834d350	HSat2	2	9	161467
52	k16_6834d350	HSat2	2	10	87187
52	k16_6834d350	HSat2	2	11	102591
52	k16_6834d350	HSat2	2	12	34285
52	k16_6834d350	HSat2	2	13	271638
52	k16_6834d350	HSat2	2	14	34366582
52	k16_6834d350	HSat2	2	15	57906
52	k16_6834d350	HSat2	2	16	635018
52	k16_6834d350	HSat3	1	1	259
52	k16_6834d350	HSat3	1	2	0
52	k16_6834d350	HSat3	1	3	0
52	k16_6834d350	HSat3	1	4	0
52	k16_6834d350	HSat3	1	5	0
52	k16_6834d350	HSat3	1	6	0
52	k16_6834d350	HSat3	1	7	0
52	k16_6834d350	HSat3	1	8	0
52	k16_6834d350	HSat3	1	9	0
52	k16_6834d350	HSat3	1	10	0
52	k16_6834d350	HSat3	1	11	0
52	k16_6834d350	HSat3	1	12	0
52	k16_6834d350	HSat3	1	13	0
52	k16_6834d350	HSat3	1	14	175
52	k16_6834d350	HSat3	1	15	0
52	k16_6834d350	HSat3	1	16	0
52	k16_6834d350	HSat3	2	1	13595
52	k16_6834d350	HSat3	2	2	0
52	k16_6834d350	HSat3	2	3	0
52	k16_6834d350	HSat3	2	4	0
52	k16_6834d350	HSat3	2	5	0
52	k16_6834d350	HSat3	2	6	0
52	k16_6834d350	HSat3	2	7	0
52	k16_6834d350	HSat3	2	8	44
52	k16_6834d350	HSat3	2	9	176
52	k16_6834d350	HSat3	2	10	0
52	k16_6834d350	HSat3	2	11	0
52	k16_6834d350	HSat3	2	12	70
52	k16_6834d350	HSat3	2	13	322
52	k16_6834d350	HSat3	2	14	13661
52	k16_6834d350	HSat3	2	15	106
52	k16_6834d350	HSat3	2	16	0
52	k16_6834d350	HSat23	1	1	2275572
52	k16_6834d350	HSat23	1	2	4489
52	k16_6834d350	HSat23	1	3	441
52	k16_6834d350	HSat23	1	4	64
52	k16_6834d350	HSat23	1	5	1014
52	k16_6834d350	HSat23	1	6	538
52	k16_6834d350	HSat23	1	7	1081
52	k16_6834d350	HSat23	1	8	2002
52	k16_6834d350	HSat23	1	9	920
52	k16_6834d350	HSat23	1	10	1094
52	k16_6834d350	HSat23	1	11	8699
52	k16_6834d350	HSat23	1	12	1112
52	k16_6834d350	HSat23	1	13	3846
52	k16_6834d350	HSat23	1	14	1511535
52	k16_6834d350	HSat23	1	15	275
52	k16_6834d350	HSat23	1	16	2694
52	k16_6834d350	HSat23	2	1	34445849
52	k16_6834d350	HSat23	2	2	129076
52	k16_6834d350	HSat23	2	3	434987
52	k16_6834d350	HSat23	2	4	19409
52	k16_6834d350	HSat23	2	5	511827
52	k16_6834d350	HSat23	2	6	16053
52	k16_6834d350	HSat23	2	7	239477
52	k16_6834d350	HSat23	2	8	42974
52	k16_6834d350	HSat23	2	9	161643
52	k16_6834d350	HSat23	2	10	87187
52	k16_6834d350	HSat23	2	11	102593
52	k16_6834d350	HSat23	2	12	34357
52	k16_6834d350	HSat23	2	13	272003
52	k16_6834d350	HSat23	2	14	34380752
52	k16_6834d350	HSat23	2	15	58023
52	k16_6834d350	HSat23	2	16	635018
52	k16_6834d350	background	1	1	7961
52	k16_6834d350	background	1	2	3744
52	k16_6834d350	background	1	3	1
52	k16_6834d350	background	1	4	0
52	k16_6834d350	background	1	5	772
52	k16_6834d350	background	1	6	79
52	k16_6834d350	background	1	7	1
52	k16_6834d350	background	1	8	8
52	k16_6834d350	background	1	9	786
52	k16_6834d350	background	1	10	2
52	k16_6834d350	background	1	11	588
52	k16_6834d350	background	1	12	356
52	k16_6834d350	background	1	13	12
52	k16_6834d350	background	1	14	4203
52	k16_6834d350	background	1	15	388
52	k16_6834d350	background	1	16	10
52	k16_6834d350	background	2	1	185122
52	k16_6834d350	background	2	2	194014
52	k16_6834d350	background	2	3	21317
52	k16_6834d350	background	2	4	20883
52	k16_6834d350	background	2	5	16886
52	k16_6834d350	background	2	6	30069
52	k16_6834d350	background	2	7	15673
52	k16_6834d350	background	2	8	16188
52	k16_6834d350	background	2	9	117841
52	k16_6834d350	background	2	10	26203
52	k16_6834d350	background	2	11	21542
52	k16_6834d350	background	2	12	30604
52	k16_6834d350	background	2	13	29273
52	k16_6834d350	background	2	14	115840
52	k16_6834d350	background	2	15	12960
52	k16_6834d350	background	2	16	21321
53	k16_69f8f53d	HSat2	1	1	0
53	k16_69f8f53d	HSat2	1	2	1043
53	k16_69f8f53d	HSat2	1	3	4
53	k16_69f8f53d	HSat2	1	4	583
53	k16_69f8f53d	HSat2	1	5	0
53	k16_69f8f53d	HSat2	1	6	0
53	k16_69f8f53d	HSat2	1	7	0
53	k16_69f8f53d	HSat2	1	8	0
53	k16_69f8f53d	HSat2	1	9	0
53	k16_69f8f53d	HSat2	1	10	0
53	k16_69f8f53d	HSat2	1	11	0
53	k16_69f8f53d	HSat2	1	12	0
53	k16_69f8f53d	HSat2	1	13	0
53	k16_69f8f53d	HSat2	1	14	0
53	k16_69f8f53d	HSat2	1	15	0
53	k16_69f8f53d	HSat2	1	16	296
53	k16_69f8f53d	HSat2	2	1	1946
53	k16_69f8f53d	HSat2	2	2	753067
53	k16_69f8f53d	HSat2	2	3	107174
53	k16_69f8f53d	HSat2	2	4	586278
53	k16_69f8f53d	HSat2	2	5	2146
53	k16_69f8f53d	HSat2	2	6	5154
53	k16_69f8f53d	HSat2	2	7	935
53	k16_69f8f53d	HSat2	2	8	0
53	k16_69f8f53d	HSat2	2	9	1002
53	k16_69f8f53d	HSat2	2	10	2
53	k16_69f8f53d	HSat2	2	11	478
53	k16_69f8f53d	HSat2	2	12	4
53	k16_69f8f53d	HSat2	2	13	3335
53	k16_69f8f53d	HSat2	2	14	2
53	k16_69f8f53d	HSat2	2	15	1
53	k16_69f8f53d	HSat2	2	16	109140
53	k16_69f8f53d	HSat3	1	1	9528
53	k16_69f8f53d	HSat3	1	2	22923
53	k16_69f8f53d	HSat3	1	3	172844
53	k16_69f8f53d	HSat3	1	4	21490542
53	k16_69f8f53d	HSat3	1	5	7542
53	k16_69f8f53d	HSat3	1	6	718
53	k16_69f8f53d	HSat3	1	7	54210
53	k16_69f8f53d	HSat3	1	8	21699
53	k16_69f8f53d	HSat3	1	9	3493
53	k16_69f8f53d	HSat3	1	10	1464
53	k16_69f8f53d	HSat3	1	11	9752
53	k16_69f8f53d	HSat3	1	12	22628
53	k16_69f8f53d	HSat3	1	13	9943
53	k16_69f8f53d	HSat3	1	14	1412
53	k16_69f8f53d	HSat3	1	15	1448
53	k16_69f8f53d	HSat3	1	16	1536
53	k16_69f8f53d	HSat3	2	1	1493545
53	k16_69f8f53d	HSat3	2	2	3702293
53	k16_69f8f53d	HSat3	2	3	16787470
53	k16_69f8f53d	HSat3	2	4	44249389
53	k16_69f8f53d	HSat3	2	5	1041997
53	k16_69f8f53d	HSat3	2	6	652013
53	k16_69f8f53d	HSat3	2	7	10049655
53	k16_69f8f53d	HSat3	2	8	936089
53	k16_69f8f53d	HSat3	2	9	1483590
53	k16_69f8f53d	HSat3	2	10	360393
53	k16_69f8f53d	HSat3	2	11	910585
53	k16_69f8f53d	HSat3	2	12	5471195
53	k16_69f8f53d	HSat3	2	13	587170
53	k16_69f8f53d	HSat3	2	14	452557
53	k16_69f8f53d	HSat3	2	15	125208
53	k16_69f8f53d	HSat3	2	16	991391
53	k16_69f8f53d	HSat23	1	1	9528
53	k16_69f8f53d	HSat23	1	2	23966
53	k16_69f8f53d	HSat23	1	3	172848
53	k16_69f8f53d	HSat23	1	4	21491127
53	k16_69f8f53d	HSat23	1	5	7542
53	k16_69f8f53d	HSat23	1	6	718
53	k16_69f8f53d	HSat23	1	7	54210
53	k16_69f8f53d	HSat23	1	8	21699
53	k16_69f8f53d	HSat23	1	9	3493
53	k16_69f8f53d	HSat23	1	10	1464
53	k16_69f8f53d	HSat23	1	11	9752
53	k16_69f8f53d	HSat23	1	12	22628
53	k16_69f8f53d	HSat23	1	13	9943
53	k16_69f8f53d	HSat23	1	14	1412
53	k16_69f8f53d	HSat23	1	15	1448
53	k16_69f8f53d	HSat23	1	16	1832
53	k16_69f8f53d	HSat23	2	1	1495491
53	k16_69f8f53d	HSat23	2	2	4455392
53	k16_69f8f53d	HSat23	2	3	16894653
53	k16_69f8f53d	HSat23	2	4	44835719
53	k16_69f8f53d	HSat23	2	5	1044143
53	k16_69f8f53d	HSat23	2	6	657175
53	k16_69f8f53d	HSat23	2	7	10050590
53	k16_69f8f53d	HSat23	2	8	936089
53	k16_69f8f53d	HSat23	2	9	1484592
53	k16_69f8f53d	HSat23	2	10	360395
53	k16_69f8f53d	HSat23	2	11	911063
53	k16_69f8f53d	HSat23	2	12	5471199
53	k16_69f8f53d	HSat23	2	13	590508
53	k16_69f8f53d	HSat23	2	14	452559
53	k16_69f8f53d	HSat23	2	15	125209
53	k16_69f8f53d	HSat23	2	16	1100531
53	k16_69f8f53d	background	1	1	1138
53	k16_69f8f53d	background	1	2	9753
53	k16_69f8f53d	background	1	3	967
53	k16_69f8f53d	background	1	4	2001
53	k16_69f8f53d	background	1	5	922
53	k16_69f8f53d	background	1	6	527
53	k16_69f8f53d	background	1	7	3
53	k16_69f8f53d	background	1	8	1361
53	k16_69f8f53d	background	1	9	526
53	k16_69f8f53d	background	1	10	1
53	k16_69f8f53d	background	1	11	6
53	k16_69f8f53d	background	1	12	103
53	k16_69f8f53d	background	1	13	0
53	k16_69f8f53d	background	1	14	0
53	k16_69f8f53d	background	1	15	0
53	k16_69f8f53d	background	1	16	1
53	k16_69f8f53d	background	2	1	102110
53	k16_69f8f53d	background	2	2	457103
53	k16_69f8f53d	background	2	3	132535
53	k16_69f8f53d	background	2	4	73264
53	k16_69f8f53d	background	2	5	32038
53	k16_69f8f53d	background	2	6	13651
53	k16_69f8f53d	background	2	7	72948
53	k16_69f8f53d	background	2	8	293876
53	k16_69f8f53d	background	2	9	21147
53	k16_69f8f53d	background	2	10	70014
53	k16_69f8f53d	background	2	11	27854
53	k16_69f8f53d	background	2	12	12786
53	k16_69f8f53d	background	2	13	19592
53	k16_69f8f53d	background	2	14	14796
53	k16_69f8f53d	background	2	15	14476
53	k16_69f8f53d	background	2	16	32886
54	k16_6c53d4f5	HSat2	1	1	2326
54	k16_6c53d4f5	HSat2	1	2	401
54	k16_6c53d4f5	HSat2	1	3	0
54	k16_6c53d4f5	HSat2	1	4	7905
54	k16_6c53d4f5	HSat2	1	5	0
54	k16_6c53d4f5	HSat2	1	6	121
54	k16_6c53d4f5	HSat2	1	7	0
54	k16_6c53d4f5	HSat2	1	8	0
54	k16_6c53d4f5	HSat2	1	9	0
54	k16_6c53d4f5	HSat2	1	10	0
54	k16_6c53d4f5	HSat2	1	11	1
54	k16_6c53d4f5	HSat2	1	12	0
54	k16_6c53d4f5	HSat2	1	13	0
54	k16_6c53d4f5	HSat2	1	14	0
54	k16_6c53d4f5	HSat2	1	15	0
54	k16_6c53d4f5	HSat2	1	16	43
54	k16_6c53d4f5	HSat2	2	1	2079217
54	k16_6c53d4f5	HSat2	2	2	362075
54	k16_6c53d4f5	HSat2	2	3	22
54	k16_6c53d4f5	HSat2	2	4	2277589
54	k16_6c53d4f5	HSat2	2	5	2130
54	k16_6c53d4f5	HSat2	2	6	578769
54	k16_6c53d4f5	HSat2	2	7	1340
54	k16_6c53d4f5	HSat2	2	8	4
54	k16_6c53d4f5	HSat2	2	9	290
54	k16_6c53d4f5	HSat2	2	10	3
54	k16_6c53d4f5	HSat2	2	11	44176
54	k16_6c53d4f5	HSat2	2	12	164
54	k16_6c53d4f5	HSat2	2	13	279
54	k16_6c53d4f5	HSat2	2	14	94
54	k16_6c53d4f5	HSat2	2	15	1159
54	k16_6c53d4f5	HSat2	2	16	543545
54	k16_6c53d4f5	HSat3	1	1	330139
54	k16_6c53d4f5	HSat3	1	2	2804500
54	k16_6c53d4f5	HSat3	1	3	104081
54	k16_6c53d4f5	HSat3	1	4	16179043
54	k16_6c53d4f5	HSat3	1	5	971211
54	k16_6c53d4f5	HSat3	1	6	84313
54	k16_6c53d4f5	HSat3	1	7	118905
54	k16_6c53d4f5	HSat3	1	8	21813
54	k16_6c53d4f5	HSat3	1	9	85528
54	k16_6c53d4f5	HSat3	1	10	57243
54	k16_6c53d4f5	HSat3	1	11	103822
54	k16_6c53d4f5	HSat3	1	12	119894
54	k16_6c53d4f5	HSat3	1	13	53241
54	k16_6c53d4f5	HSat3	1	14	15500
54	k16_6c53d4f5	HSat3	1	15	50891
54	k16_6c53d4f5	HSat3	1	16	82976
54	k16_6c53d4f5	HSat3	2	1	5087883
54	k16_6c53d4f5	HSat3	2	2	327925890
54	k16_6c53d4f5	HSat3	2	3	472742
54	k16_6c53d4f5	HSat3	2	4	349879853
54	k16_6c53d4f5	HSat3	2	5	2930220
54	k16_6c53d4f5	HSat3	2	6	1621612
54	k16_6c53d4f5	HSat3	2	7	6306394
54	k16_6c53d4f5	HSat3	2	8	414992
54	k16_6c53d4f5	HSat3	2	9	281001
54	k16_6c53d4f5	HSat3	2	10	2754847
54	k16_6c53d4f5	HSat3	2	11	668478
54	k16_6c53d4f5	HSat3	2	12	1900150
54	k16_6c53d4f5	HSat3	2	13	382965
54	k16_6c53d4f5	HSat3	2	14	282611
54	k16_6c53d4f5	HSat3	2	15	1601806
54	k16_6c53d4f5	HSat3	2	16	4400236
54	k16_6c53d4f5	HSat23	1	1	332465
54	k16_6c53d4f5	HSat23	1	2	2804906
54	k16_6c53d4f5	HSat23	1	3	104081
54	k16_6c53d4f5	HSat23	1	4	16186999
54	k16_6c53d4f5	HSat23	1	5	971211
54	k16_6c53d4f5	HSat23	1	6	84434
54	k16_6c53d4f5	HSat23	1	7	118905
54	k16_6c53d4f5	HSat23	1	8	21813
54	k16_6c53d4f5	HSat23	1	9	85528
54	k16_6c53d4f5	HSat23	1	10	57243
54	k16_6c53d4f5	HSat23	1	11	103823
54	k16_6c53d4f5	HSat23	1	12	119894
54	k16_6c53d4f5	HSat23	1	13	53241
54	k16_6c53d4f5	HSat23	1	14	15500
54	k16_6c53d4f5	HSat23	1	15	50891
54	k16_6c53d4f5	HSat23	1	16	83019
54	k16_6c53d4f5	HSat23	2	1	7167116
54	k16_6c53d4f5	HSat23	2	2	328288880
54	k16_6c53d4f5	HSat23	2	3	472764
54	k16_6c53d4f5	HSat23	2	4	352158407
54	k16_6c53d4f5	HSat23	2	5	2932352
54	k16_6c53d4f5	HSat23	2	6	2200392
54	k16_6c53d4f5	HSat23	2	7	6307739
54	k16_6c53d4f5	HSat23	2	8	414996
54	k16_6c53d4f5	HSat23	2	9	281293
54	k16_6c53d4f5	HSat23	2	10	2754850
54	k16_6c53d4f5	HSat23	2	11	712654
54	k16_6c53d4f5	HSat23	2	12	1900324
54	k16_6c53d4f5	HSat23	2	13	383275
54	k16_6c53d4f5	HSat23	2	14	282705
54	k16_6c53d4f5	HSat23	2	15	1602965
54	k16_6c53d4f5	HSat23	2	16	4943786
54	k16_6c53d4f5	background	1	1	3975
54	k16_6c53d4f5	background	1	2	5856
54	k16_6c53d4f5	background	1	3	515
54	k16_6c53d4f5	background	1	4	11385
54	k16_6c53d4f5	background	1	5	988
54	k16_6c53d4f5	background	1	6	3
54	k16_6c53d4f5	background	1	7	558
54	k16_6c53d4f5	background	1	8	445
54	k16_6c53d4f5	background	1	9	286
54	k16_6c53d4f5	background	1	10	10365
54	k16_6c53d4f5	background	1	11	2
54	k16_6c53d4f5	background	1	12	0
54	k16_6c53d4f5	background	1	13	2163
54	k16_6c53d4f5	background	1	14	1
54	k16_6c53d4f5	background	1	15	2
54	k16_6c53d4f5	background	1	16	4
54	k16_6c53d4f5	background	2	1	164235
54	k16_6c53d4f5	background	2	2	449250
54	k16_6c53d4f5	background	2	3	215076
54	k16_6c53d4f5	background	2	4	628149
54	k16_6c53d4f5	background	2	5	49278
54	k16_6c53d4f5	background	2	6	21740
54	k16_6c53d4f5	background	2	7	23564
54	k16_6c53d4f5	background	2	8	71803
54	k16_6c53d4f5	background	2	9	19732
54	k16_6c53d4f5	background	2	10	701123
54	k16_6c53d4f5	background	2	11	15881
54	k16_6c53d4f5	background	2	12	24209
54	k16_6c53d4f5	background	2	13	276775
54	k16_6c53d4f5	background	2	14	21527
54	k16_6c53d4f5	background	2	15	18855
54	k16_6c53d4f5	background	2	16	81951
55	k16_6f12d4f5	HSat2	1	1	0
55	k16_6f12d4f5	HSat2	1	2	34
55	k16_6f12d4f5	HSat2	1	3	0
55	k16_6f12d4f5	HSat2	1	4	0
55	k16_6f12d4f5	HSat2	1	5	0
55	k16_6f12d4f5	HSat2	1	6	13
55	k16_6f12d4f5	HSat2	1	7	0
55	k16_6f12d4f5	HSat2	1	8	173
55	k16_6f12d4f5	HSat2	1	9	0
55	k16_6f12d4f5	HSat2	1	10	0
55	k16_6f12d4f5	HSat2	1	11	0
55	k16_6f12d4f5	HSat2	1	12	0
55	k16_6f12d4f5	HSat2	1	13	0
55	k16_6f12d4f5	HSat2	1	14	0
55	k16_6f12d4f5	HSat2	1	15	0
55	k16_6f12d4f5	HSat2	1	16	452
55	k16_6f12d4f5	HSat2	2	1	6574
55	k16_6f12d4f5	HSat2	2	2	64581
55	k16_6f12d4f5	HSat2	2	3	974
55	k16_6f12d4f5	HSat2	2	4	0
55	k16_6f12d4f5	HSat2	2	5	22578
55	k16_6f12d4f5	HSat2	2	6	43034
55	k16_6f12d4f5	HSat2	2	7	114
55	k16_6f12d4f5	HSat2	2	8	13530
55	k16_6f12d4f5	HSat2	2	9	711
55	k16_6f12d4f5	HSat2	2	10	1
55	k16_6f12d4f5	HSat2	2	11	2958
55	k16_6f12d4f5	HSat2	2	12	0
55	k16_6f12d4f5	HSat2	2	13	134
55	k16_6f12d4f5	HSat2	2	14	0
55	k16_6f12d4f5	HSat2	2	15	8
55	k16_6f12d4f5	HSat2	2	16	17233
55	k16_6f12d4f5	HSat3	1	1	4839
55	k16_6f12d4f5	HSat3	1	2	39168
55	k16_6f12d4f5	HSat3	1	3	8
55	k16_6f12d4f5	HSat3	1	4	6
55	k16_6f12d4f5	HSat3	1	5	42384
55	k16_6f12d4f5	HSat3	1	6	4517
55	k16_6f12d4f5	HSat3	1	7	22
55	k16_6f12d4f5	HSat3	1	8	202318
55	k16_6f12d4f5	HSat3	1	9	234
55	k16_6f12d4f5	HSat3	1	10	255
55	k16_6f12d4f5	HSat3	1	11	9863
55	k16_6f12d4f5	HSat3	1	12	226
55	k16_6f12d4f5	HSat3	1	13	1294
55	k16_6f12d4f5	HSat3	1	14	24
55	k16_6f12d4f5	HSat3	1	15	59
55	k16_6f12d4f5	HSat3	1	16	3188
55	k16_6f12d4f5	HSat3	2	1	115595
55	k16_6f12d4f5	HSat3	2	2	8779012
55	k16_6f12d4f5	HSat3	2	3	21636
55	k16_6f12d4f5	HSat3	2	4	51643
55	k16_6f12d4f5	HSat3	2	5	19529986
55	k16_6f12d4f5	HSat3	2	6	206418
55	k16_6f12d4f5	HSat3	2	7	69450
55	k16_6f12d4f5	HSat3	2	8	26363609
55	k16_6f12d4f5	HSat3	2	9	9415
55	k16_6f12d4f5	HSat3	2	10	45634
55	k16_6f12d4f5	HSat3	2	11	48210
55	k16_6f12d4f5	HSat3	2	12	53297
55	k16_6f12d4f5	HSat3	2	13	26910
55	k16_6f12d4f5	HSat3	2	14	8405
55	k16_6f12d4f5	HSat3	2	15	58204
55	k16_6f12d4f5	HSat3	2	16	123826
55	k16_6f12d4f5	HSat23	1	1	4839
55	k16_6f12d4f5	HSat23	1	2	39202
55	k16_6f12d4f5	HSat23	1	3	8
55	k16_6f12d4f5	HSat23	1	4	6
55	k16_6f12d4f5	HSat23	1	5	42384
55	k16_6f12d4f5	HSat23	1	6	4530
55	k16_6f12d4f5	HSat23	1	7	22
55	k16_6f12d4f5	HSat23	1	8	202493
55	k16_6f12d4f5	HSat23	1	9	234
55	k16_6f12d4f5	HSat23	1	10	255
55	k16_6f12d4f5	HSat23	1	11	9863
55	k16_6f12d4f5	HSat23	1	12	226
55	k16_6f12d4f5	HSat23	1	13	1294
55	k16_6f12d4f5	HSat23	1	14	24
55	k16_6f12d4f5	HSat23	1	15	59
55	k16_6f12d4f5	HSat23	1	16	3640
55	k16_6f12d4f5	HSat23	2	1	122172
55	k16_6f12d4f5	HSat23	2	2	8843627
55	k16_6f12d4f5	HSat23	2	3	22610
55	k16_6f12d4f5	HSat23	2	4	51643
55	k16_6f12d4f5	HSat23	2	5	19552639
55	k16_6f12d4f5	HSat23	2	6	249452
55	k16_6f12d4f5	HSat23	2	7	69564
55	k16_6f12d4f5	HSat23	2	8	26377203
55	k16_6f12d4f5	HSat23	2	9	10126
55	k16_6f12d4f5	HSat23	2	10	45635
55	k16_6f12d4f5	HSat23	2	11	51168
55	k16_6f12d4f5	HSat23	2	12	53297
55	k16_6f12d4f5	HSat23	2	13	27044
55	k16_6f12d4f5	HSat23	2	14	8405
55	k16_6f12d4f5	HSat23	2	15	58212
55	k16_6f12d4f5	HSat23	2	16	141059
55	k16_6f12d4f5	background	1	1	571
55	k16_6f12d4f5	background	1	2	1400
55	k16_6f12d4f5	background	1	3	1428
55	k16_6f12d4f5	background	1	4	0
55	k16_6f12d4f5	background	1	5	1379
55	k16_6f12d4f5	background	1	6	3
55	k16_6f12d4f5	background	1	7	0
55	k16_6f12d4f5	background	1	8	1945
55	k16_6f12d4f5	background	1	9	1
55	k16_6f12d4f5	background	1	10	546
55	k16_6f12d4f5	background	1	11	4
55	k16_6f12d4f5	background	1	12	453
55	k16_6f12d4f5	background	1	13	1
55	k16_6f12d4f5	background	1	14	0
55	k16_6f12d4f5	background	1	15	0
55	k16_6f12d4f5	background	1	16	1
55	k16_6f12d4f5	background	2	1	45584
55	k16_6f12d4f5	background	2	2	83601
55	k16_6f12d4f5	background	2	3	13543
55	k16_6f12d4f5	background	2	4	16315
55	k16_6f12d4f5	background	2	5	49673
55	k16_6f12d4f5	background	2	6	20512
55	k16_6f12d4f5	background	2	7	8746
55	k16_6f12d4f5	background	2	8	38160
55	k16_6f12d4f5	background	2	9	12426
55	k16_6f12d4f5	background	2	10	17690
55	k16_6f12d4f5	background	2	11	17471
55	k16_6f12d4f5	background	2	12	16918
55	k16_6f12d4f5	background	2	13	9369
55	k16_6f12d4f5	background	2	14	7255
55	k16_6f12d4f5	background	2	15	14154
55	k16_6f12d4f5	background	2	16	16707
56	k16_75ee83a0	HSat2	1	1	0
56	k16_75ee83a0	HSat2	1	2	0
56	k16_75ee83a0	HSat2	1	3	0
56	k16_75ee83a0	HSat2	1	4	0
56	k16_75ee83a0	HSat2	1	5	7
56	k16_75ee83a0	HSat2	1	6	0
56	k16_75ee83a0	HSat2	1	7	0
56	k16_75ee83a0	HSat2	1	8	0
56	k16_75ee83a0	HSat2	1	9	0
56	k16_75ee83a0	HSat2	1	10	0
56	k16_75ee83a0	HSat2	1	11	0
56	k16_75ee83a0	HSat2	1	12	0
56	k16_75ee83a0	HSat2	1	13	0
56	k16_75ee83a0	HSat2	1	14	0
56	k16_75ee83a0	HSat2	1	15	0
56	k16_75ee83a0	HSat2	1	16	0
56	k16_75ee83a0	HSat2	2	1	165
56	k16_75ee83a0	HSat2	2	2	111
56	k16_75ee83a0	HSat2	2	3	176
56	k16_75ee83a0	HSat2	2	4	634
56	k16_75ee83a0	HSat2	2	5	26286
56	k16_75ee83a0	HSat2	2	6	24053
56	k16_75ee83a0	HSat2	2	7	0
56	k16_75ee83a0	HSat2	2	8	5
56	k16_75ee83a0	HSat2	2	9	0
56	k16_75ee83a0	HSat2	2	10	0
56	k16_75ee83a0	HSat2	2	11	1
56	k16_75ee83a0	HSat2	2	12	0
56	k16_75ee83a0	HSat2	2	13	1777
56	k16_75ee83a0	HSat2	2	14	0
56	k16_75ee83a0	HSat2	2	15	0
56	k16_75ee83a0	HSat2	2	16	0
56	k16_75ee83a0	HSat3	1	1	87
56	k16_75ee83a0	HSat3	1	2	7389
56	k16_75ee83a0	HSat3	1	3	1507
56	k16_75ee83a0	HSat3	1	4	9715
56	k16_75ee83a0	HSat3	1	5	26917
56	k16_75ee83a0	HSat3	1	6	486
56	k16_75ee83a0	HSat3	1	7	43
56	k16_75ee83a0	HSat3	1	8	814
56	k16_75ee83a0	HSat3	1	9	697
56	k16_75ee83a0	HSat3	1	10	0
56	k16_75ee83a0	HSat3	1	11	2
56	k16_75ee83a0	HSat3	1	12	1203
56	k16_75ee83a0	HSat3	1	13	5
56	k16_75ee83a0	HSat3	1	14	1904
56	k16_75ee83a0	HSat3	1	15	0
56	k16_75ee83a0	HSat3	1	16	918
56	k16_75ee83a0	HSat3	2	1	126776
56	k16_75ee83a0	HSat3	2	2	436446
56	k16_75ee83a0	HSat3	2	3	69218
56	k16_75ee83a0	HSat3	2	4	925979
56	k16_75ee83a0	HSat3	2	5	1182116
56	k16_75ee83a0	HSat3	2	6	98245
56	k16_75ee83a0	HSat3	2	7	10076
56	k16_75ee83a0	HSat3	2	8	12271
56	k16_75ee83a0	HSat3	2	9	11415
56	k16_75ee83a0	HSat3	2	10	949
56	k16_75ee83a0	HSat3	2	11	5978
56	k16_75ee83a0	HSat3	2	12	9591
56	k16_75ee83a0	HSat3	2	13	4319
56	k16_75ee83a0	HSat3	2	14	24156
56	k16_75ee83a0	HSat3	2	15	2447
56	k16_75ee83a0	HSat3	2	16	8144
56	k16_75ee83a0	HSat23	1	1	87
56	k16_75ee83a0	HSat23	1	2	7389
56	k16_75ee83a0	HSat23	1	3	1507
56	k16_75ee83a0	HSat23	1	4	9715
56	k16_75ee83a0	HSat23	1	5	26924
56	k16_75ee83a0	HSat23	1	6	486
56	k16_75ee83a0	HSat23	1	7	43
56	k16_75ee83a0	HSat23	1	8	814
56	k16_75ee83a0	HSat23	1	9	697
56	k16_75ee83a0	HSat23	1	10	0
56	k16_75ee83a0	HSat23	1	11	2
56	k16_75ee83a0	HSat23	1	12	1203
56	k16_75ee83a0	HSat23	1	13	5
56	k16_75ee83a0	HSat23	1	14	1904
56	k16_75ee83a0	HSat23	1	15	0
56	k16_75ee83a0	HSat23	1	16	918
56	k16_75ee83a0	HSat23	2	1	126941
56	k16_75ee83a0	HSat23	2	2	436557
56	k16_75ee83a0	HSat23	2	3	69396
56	k16_75ee83a0	HSat23	2	4	926615
56	k16_75ee83a0	HSat23	2	5	1208402
56	k16_75ee83a0	HSat23	2	6	122298
56	k16_75ee83a0	HSat23	2	7	10076
56	k16_75ee83a0	HSat23	2	8	12276
56	k16_75ee83a0	HSat23	2	9	11415
56	k16_75ee83a0	HSat23	2	10	949
56	k16_75ee83a0	HSat23	2	11	5979
56	k16_75ee83a0	HSat23	2	12	9591
56	k16_75ee83a0	HSat23	2	13	6096
56	k16_75ee83a0	HSat23	2	14	24156
56	k16_75ee83a0	HSat23	2	15	2447
56	k16_75ee83a0	HSat23	2	16	8144
56	k16_75ee83a0	background	1	1	5630
56	k16_75ee83a0	background	1	2	1978
56	k16_75ee83a0	background	1	3	2220
56	k16_75ee83a0	background	1	4	2653
56	k16_75ee83a0	background	1	5	1188
56	k16_75ee83a0	background	1	6	2616
56	k16_75ee83a0	background	1	7	1713
56	k16_75ee83a0	background	1	8	1677
56	k16_75ee83a0	background	1	9	4270
56	k16_75ee83a0	background	1	10	2428
56	k16_75ee83a0	background	1	11	2397
56	k16_75ee83a0	background	1	12	4399
56	k16_75ee83a0	background	1	13	816
56	k16_75ee83a0	background	1	14	11561
56	k16_75ee83a0	background	1	15	4940
56	k16_75ee83a0	background	1	16	2511
56	k16_75ee83a0	background	2	1	159622
56	k16_75ee83a0	background	2	2	125973
56	k16_75ee83a0	background	2	3	211246
56	k16_75ee83a0	background	2	4	93288
56	k16_75ee83a0	background	2	5	81926
56	k16_75ee83a0	background	2	6	156456
56	k16_75ee83a0	background	2	7	128382
56	k16_75ee83a0	background	2	8	106989
56	k16_75ee83a0	background	2	9	188711
56	k16_75ee83a0	background	2	10	174421
56	k16_75ee83a0	background	2	11	115185
56	k16_75ee83a0	background	2	12	147114
56	k16_75ee83a0	background	2	13	93240
56	k16_75ee83a0	background	2	14	201582
56	k16_75ee83a0	background	2	15	113974
56	k16_75ee83a0	background	2	16	101979
57	k16_7c6efbf4	HSat2	1	1	0
57	k16_7c6efbf4	HSat2	1	2	0
57	k16_7c6efbf4	HSat2	1	3	0
57	k16_7c6efbf4	HSat2	1	4	0
57	k16_7c6efbf4	HSat2	1	5	0
57	k16_7c6efbf4	HSat2	1	6	0
57	k16_7c6efbf4	HSat2	1	7	0
57	k16_7c6efbf4	HSat2	1	8	0
57	k16_7c6efbf4	HSat2	1	9	0
57	k16_7c6efbf4	HSat2	1	10	0
57	k16_7c6efbf4	HSat2	1	11	0
57	k16_7c6efbf4	HSat2	1	12	0
57	k16_7c6efbf4	HSat2	1	13	0
57	k16_7c6efbf4	HSat2	1	14	0
57	k16_7c6efbf4	HSat2	1	15	0
57	k16_7c6efbf4	HSat2	1	16	0
57	k16_7c6efbf4	HSat2	2	1	0
57	k16_7c6efbf4	HSat2	2	2	0
57	k16_7c6efbf4	HSat2	2	3	0
57	k16_7c6efbf4	HSat2	2	4	1
57	k16_7c6efbf4	HSat2	2	5	0
57	k16_7c6efbf4	HSat2	2	6	0
57	k16_7c6efbf4	HSat2	2	7	0
57	k16_7c6efbf4	HSat2	2	8	0
57	k16_7c6efbf4	HSat2	2	9	0
57	k16_7c6efbf4	HSat2	2	10	0
57	k16_7c6efbf4	HSat2	2	11	0
57	k16_7c6efbf4	HSat2	2	12	1
57	k16_7c6efbf4	HSat2	2	13	0
57	k16_7c6efbf4	HSat2	2	14	0
57	k16_7c6efbf4	HSat2	2	15	0
57	k16_7c6efbf4	HSat2	2	16	0
57	k16_7c6efbf4	HSat3	1	1	234
57	k16_7c6efbf4	HSat3	1	2	21
57	k16_7c6efbf4	HSat3	1	3	3
57	k16_7c6efbf4	HSat3	1	4	770
57	k16_7c6efbf4	HSat3	1	5	1403
57	k16_7c6efbf4	HSat3	1	6	275
57	k16_7c6efbf4	HSat3	1	7	0
57	k16_7c6efbf4	HSat3	1	8	235
57	k16_7c6efbf4	HSat3	1	9	228
57	k16_7c6efbf4	HSat3	1	10	5
57	k16_7c6efbf4	HSat3	1	11	230
57	k16_7c6efbf4	HSat3	1	12	2
57	k16_7c6efbf4	HSat3	1	13	0
57	k16_7c6efbf4	HSat3	1	14	241
57	k16_7c6efbf4	HSat3	1	15	3
57	k16_7c6efbf4	HSat3	1	16	282
57	k16_7c6efbf4	HSat3	2	1	24
57	k16_7c6efbf4	HSat3	2	2	1144
57	k16_7c6efbf4	HSat3	2	3	11933
57	k16_7c6efbf4	HSat3	2	4	1497
57	k16_7c6efbf4	HSat3	2	5	255
57	k16_7c6efbf4	HSat3	2	6	10142
57	k16_7c6efbf4	HSat3	2	7	10252
57	k16_7c6efbf4	HSat3	2	8	3
57	k16_7c6efbf4	HSat3	2	9	0
57	k16_7c6efbf4	HSat3	2	10	0
57	k16_7c6efbf4	HSat3	2	11	6
57	k16_7c6efbf4	HSat3	2	12	12181
57	k16_7c6efbf4	HSat3	2	13	0
57	k16_7c6efbf4	HSat3	2	14	173
57	k16_7c6efbf4	HSat3	2	15	231
57	k16_7c6efbf4	HSat3	2	16	191
57	k16_7c6efbf4	HSat23	1	1	234
57	k16_7c6efbf4	HSat23	1	2	21
57	k16_7c6efbf4	HSat23	1	3	3
57	k16_7c6efbf4	HSat23	1	4	770
57	k16_7c6efbf4	HSat23	1	5	1403
57	k16_7c6efbf4	HSat23	1	6	275
57	k16_7c6efbf4	HSat23	1	7	0
57	k16_7c6efbf4	HSat23	1	8	235
57	k16_7c6efbf4	HSat23	1	9	228
57	k16_7c6efbf4	HSat23	1	10	5
57	k16_7c6efbf4	HSat23	1	11	230
57	k16_7c6efbf4	HSat23	1	12	2
57	k16_7c6efbf4	HSat23	1	13	0
57	k16_7c6efbf4	HSat23	1	14	241
57	k16_7c6efbf4	HSat23	1	15	3
57	k16_7c6efbf4	HSat23	1	16	282
57	k16_7c6efbf4	HSat23	2	1	24
57	k16_7c6efbf4	HSat23	2	2	1144
57	k16_7c6efbf4	HSat23	2	3	11933
57	k16_7c6efbf4	HSat23	2	4	1498
57	k16_7c6efbf4	HSat23	2	5	255
57	k16_7c6efbf4	HSat23	2	6	10142
57	k16_7c6efbf4	HSat23	2	7	10252
57	k16_7c6efbf4	HSat23	2	8	3
57	k16_7c6efbf4	HSat23	2	9	0
57	k16_7c6efbf4	HSat23	2	10	0
57	k16_7c6efbf4	HSat23	2	11	6
57	k16_7c6efbf4	HSat23	2	12	12182
57	k16_7c6efbf4	HSat23	2	13	0
57	k16_7c6efbf4	HSat23	2	14	173
57	k16_7c6efbf4	HSat23	2	15	231
57	k16_7c6efbf4	HSat23	2	16	191
57	k16_7c6efbf4	background	1	1	441
57	k16_7c6efbf4	background	1	2	545
57	k16_7c6efbf4	background	1	3	1
57	k16_7c6efbf4	background	1	4	1020
57	k16_7c6efbf4	background	1	5	3342
57	k16_7c6efbf4	background	1	6	2274
57	k16_7c6efbf4	background	1	7	0
57	k16_7c6efbf4	background	1	8	2126
57	k16_7c6efbf4	background	1	9	843
57	k16_7c6efbf4	background	1	10	0
57	k16_7c6efbf4	background	1	11	1895
57	k16_7c6efbf4	background	1	12	0
57	k16_7c6efbf4	background	1	13	362
57	k16_7c6efbf4	background	1	14	447
57	k16_7c6efbf4	background	1	15	999
57	k16_7c6efbf4	background	1	16	530
57	k16_7c6efbf4	background	2	1	60294
57	k16_7c6efbf4	background	2	2	27153
57	k16_7c6efbf4	background	2	3	38230
57	k16_7c6efbf4	background	2	4	60728
57	k16_7c6efbf4	background	2	5	140426
57	k16_7c6efbf4	background	2	6	163108
57	k16_7c6efbf4	background	2	7	15175
57	k16_7c6efbf4	background	2	8	62653
57	k16_7c6efbf4	background	2	9	42935
57	k16_7c6efbf4	background	2	10	31267
57	k16_7c6efbf4	background	2	11	84599
57	k16_7c6efbf4	background	2	12	23194
57	k16_7c6efbf4	background	2	13	32308
57	k16_7c6efbf4	background	2	14	29486
57	k16_7c6efbf4	background	2	15	59093
57	k16_7c6efbf4	background	2	16	40563
58	k16_80a0d3cd	HSat2	1	1	10327
58	k16_80a0d3cd	HSat2	1	2	8
58	k16_80a0d3cd	HSat2	1	3	6606
58	k16_80a0d3cd	HSat2	1	4	1112973
58	k16_80a0d3cd	HSat2	1	5	807
58	k16_80a0d3cd	HSat2	1	6	2212
58	k16_80a0d3cd	HSat2	1	7	1098
58	k16_80a0d3cd	HSat2	1	8	7394
58	k16_80a0d3cd	HSat2	1	9	704
58	k16_80a0d3cd	HSat2	1	10	2542
58	k16_80a0d3cd	HSat2	1	11	1126
58	k16_80a0d3cd	HSat2	1	12	356
58	k16_80a0d3cd	HSat2	1	13	1046882
58	k16_80a0d3cd	HSat2	1	14	508
58	k16_80a0d3cd	HSat2	1	15	39
58	k16_80a0d3cd	HSat2	1	16	7638
58	k16_80a0d3cd	HSat2	2	1	3129038
58	k16_80a0d3cd	HSat2	2	2	37349
58	k16_80a0d3cd	HSat2	2	3	2001143
58	k16_80a0d3cd	HSat2	2	4	35582509
58	k16_80a0d3cd	HSat2	2	5	674537
58	k16_80a0d3cd	HSat2	2	6	179214
58	k16_80a0d3cd	HSat2	2	7	1720862
58	k16_80a0d3cd	HSat2	2	8	2796351
58	k16_80a0d3cd	HSat2	2	9	17861
58	k16_80a0d3cd	HSat2	2	10	123720
58	k16_80a0d3cd	HSat2	2	11	76022
58	k16_80a0d3cd	HSat2	2	12	207202
58	k16_80a0d3cd	HSat2	2	13	39774803
58	k16_80a0d3cd	HSat2	2	14	825765
58	k16_80a0d3cd	HSat2	2	15	62070
58	k16_80a0d3cd	HSat2	2	16	2939040
58	k16_80a0d3cd	HSat3	1	1	1
58	k16_80a0d3cd	HSat3	1	2	0
58	k16_80a0d3cd	HSat3	1	3	0
58	k16_80a0d3cd	HSat3	1	4	269
58	k16_80a0d3cd	HSat3	1	5	0
58	k16_80a0d3cd	HSat3	1	6	0
58	k16_80a0d3cd	HSat3	1	7	0
58	k16_80a0d3cd	HSat3	1	8	0
58	k16_80a0d3cd	HSat3	1	9	0
58	k16_80a0d3cd	HSat3	1	10	0
58	k16_80a0d3cd	HSat3	1	11	0
58	k16_80a0d3cd	HSat3	1	12	0
58	k16_80a0d3cd	HSat3	1	13	489
58	k16_80a0d3cd	HSat3	1	14	0
58	k16_80a0d3cd	HSat3	1	15	145
58	k16_80a0d3cd	HSat3	1	16	0
58	k16_80a0d3cd	HSat3	2	1	429
58	k16_80a0d3cd	HSat3	2	2	0
58	k16_80a0d3cd	HSat3	2	3	0
58	k16_80a0d3cd	HSat3	2	4	10318
58	k16_80a0d3cd	HSat3	2	5	1
58	k16_80a0d3cd	HSat3	2	6	0
58	k16_80a0d3cd	HSat3	2	7	110
58	k16_80a0d3cd	HSat3	2	8	0
58	k16_80a0d3cd	HSat3	2	9	0
58	k16_80a0d3cd	HSat3	2	10	0
58	k16_80a0d3cd	HSat3	2	11	107
58	k16_80a0d3cd	HSat3	2	12	32
58	k16_80a0d3cd	HSat3	2	13	10355
58	k16_80a0d3cd	HSat3	2	14	1413
58	k16_80a0d3cd	HSat3	2	15	902
58	k16_80a0d3cd	HSat3	2	16	1203
58	k16_80a0d3cd	HSat23	1	1	10328
58	k16_80a0d3cd	HSat23	1	2	8
58	k16_80a0d3cd	HSat23	1	3	6606
58	k16_80a0d3cd	HSat23	1	4	1113250
58	k16_80a0d3cd	HSat23	1	5	807
58	k16_80a0d3cd	HSat23	1	6	2212
58	k16_80a0d3cd	HSat23	1	7	1098
58	k16_80a0d3cd	HSat23	1	8	7394
58	k16_80a0d3cd	HSat23	1	9	704
58	k16_80a0d3cd	HSat23	1	10	2542
58	k16_80a0d3cd	HSat23	1	11	1126
58	k16_80a0d3cd	HSat23	1	12	356
58	k16_80a0d3cd	HSat23	1	13	1047388
58	k16_80a0d3cd	HSat23	1	14	508
58	k16_80a0d3cd	HSat23	1	15	184
58	k16_80a0d3cd	HSat23	1	16	7638
58	k16_80a0d3cd	HSat23	2	1	3129506
58	k16_80a0d3cd	HSat23	2	2	37349
58	k16_80a0d3cd	HSat23	2	3	2001143
58	k16_80a0d3cd	HSat23	2	4	35593204
58	k16_80a0d3cd	HSat23	2	5	674538
58	k16_80a0d3cd	HSat23	2	6	179214
58	k16_80a0d3cd	HSat23	2	7	1720979
58	k16_80a0d3cd	HSat23	2	8	2796351
58	k16_80a0d3cd	HSat23	2	9	17861
58	k16_80a0d3cd	HSat23	2	10	123720
58	k16_80a0d3cd	HSat23	2	11	76139
58	k16_80a0d3cd	HSat23	2	12	207234
58	k16_80a0d3cd	HSat23	2	13	39785588
58	k16_80a0d3cd	HSat23	2	14	827178
58	k16_80a0d3cd	HSat23	2	15	62977
58	k16_80a0d3cd	HSat23	2	16	2940243
58	k16_80a0d3cd	background	1	1	8339
58	k16_80a0d3cd	background	1	2	138
58	k16_80a0d3cd	background	1	3	2406
58	k16_80a0d3cd	background	1	4	4018
58	k16_80a0d3cd	background	1	5	2425
58	k16_80a0d3cd	background	1	6	3691
58	k16_80a0d3cd	background	1	7	2794
58	k16_80a0d3cd	background	1	8	839
58	k16_80a0d3cd	background	1	9	3949
58	k16_80a0d3cd	background	1	10	5468
58	k16_80a0d3cd	background	1	11	2
58	k16_80a0d3cd	background	1	12	3937
58	k16_80a0d3cd	background	1	13	4847
58	k16_80a0d3cd	background	1	14	6590
58	k16_80a0d3cd	background	1	15	3626
58	k16_80a0d3cd	background	1	16	7041
58	k16_80a0d3cd	background	2	1	236341
58	k16_80a0d3cd	background	2	2	92133
58	k16_80a0d3cd	background	2	3	126285
58	k16_80a0d3cd	background	2	4	182154
58	k16_80a0d3cd	background	2	5	163873
58	k16_80a0d3cd	background	2	6	233558
58	k16_80a0d3cd	background	2	7	143617
58	k16_80a0d3cd	background	2	8	125197
58	k16_80a0d3cd	background	2	9	198980
58	k16_80a0d3cd	background	2	10	227932
58	k16_80a0d3cd	background	2	11	124677
58	k16_80a0d3cd	background	2	12	153703
58	k16_80a0d3cd	background	2	13	256802
58	k16_80a0d3cd	background	2	14	271873
58	k16_80a0d3cd	background	2	15	126937
58	k16_80a0d3cd	background	2	16	312994
59	k16_8320d364	HSat2	1	1	1951
59	k16_8320d364	HSat2	1	2	204
59	k16_8320d364	HSat2	1	3	825
59	k16_8320d364	HSat2	1	4	16110
59	k16_8320d364	HSat2	1	5	4762502
59	k16_8320d364	HSat2	1	6	448
59	k16_8320d364	HSat2	1	7	111
59	k16_8320d364	HSat2	1	8	859
59	k16_8320d364	HSat2	1	9	853
59	k16_8320d364	HSat2	1	10	717
59	k16_8320d364	HSat2	1	11	2274
59	k16_8320d364	HSat2	1	12	763
59	k16_8320d364	HSat2	1	13	9421
59	k16_8320d364	HSat2	1	14	48715
59	k16_8320d364	HSat2	1	15	4290566
59	k16_8320d364	HSat2	1	16	764
59	k16_8320d364	HSat2	2	1	205842
59	k16_8320d364	HSat2	2	2	29913
59	k16_8320d364	HSat2	2	3	45992
59	k16_8320d364	HSat2	2	4	3272539
59	k16_8320d364	HSat2	2	5	20229964
59	k16_8320d364	HSat2	2	6	126354
59	k16_8320d364	HSat2	2	7	86078
59	k16_8320d364	HSat2	2	8	39724
59	k16_8320d364	HSat2	2	9	521248
59	k16_8320d364	HSat2	2	10	88468
59	k16_8320d364	HSat2	2	11	41926
59	k16_8320d364	HSat2	2	12	48728
59	k16_8320d364	HSat2	2	13	352379
59	k16_8320d364	HSat2	2	14	1058757
59	k16_8320d364	HSat2	2	15	23505546
59	k16_8320d364	HSat2	2	16	219428
59	k16_8320d364	HSat3	1	1	0
59	k16_8320d364	HSat3	1	2	0
59	k16_8320d364	HSat3	1	3	0
59	k16_8320d364	HSat3	1	4	0
59	k16_8320d364	HSat3	1	5	172
59	k16_8320d364	HSat3	1	6	0
59	k16_8320d364	HSat3	1	7	0
59	k16_8320d364	HSat3	1	8	0
59	k16_8320d364	HSat3	1	9	0
59	k16_8320d364	HSat3	1	10	0
59	k16_8320d364	HSat3	1	11	0
59	k16_8320d364	HSat3	1	12	752
59	k16_8320d364	HSat3	1	13	1
59	k16_8320d364	HSat3	1	14	20
59	k16_8320d364	HSat3	1	15	4
59	k16_8320d364	HSat3	1	16	197
59	k16_8320d364	HSat3	2	1	717
59	k16_8320d364	HSat3	2	2	0
59	k16_8320d364	HSat3	2	3	4
59	k16_8320d364	HSat3	2	4	1199
59	k16_8320d364	HSat3	2	5	108660
59	k16_8320d364	HSat3	2	6	55
59	k16_8320d364	HSat3	2	7	127
59	k16_8320d364	HSat3	2	8	41
59	k16_8320d364	HSat3	2	9	4
59	k16_8320d364	HSat3	2	10	13
59	k16_8320d364	HSat3	2	11	3
59	k16_8320d364	HSat3	2	12	124221
59	k16_8320d364	HSat3	2	13	3828
59	k16_8320d364	HSat3	2	14	46912
59	k16_8320d364	HSat3	2	15	9004
59	k16_8320d364	HSat3	2	16	53686
59	k16_8320d364	HSat23	1	1	1951
59	k16_8320d364	HSat23	1	2	204
59	k16_8320d364	HSat23	1	3	825
59	k16_8320d364	HSat23	1	4	16110
59	k16_8320d364	HSat23	1	5	4762674
59	k16_8320d364	HSat23	1	6	448
59	k16_8320d364	HSat23	1	7	111
59	k16_8320d364	HSat23	1	8	859
59	k16_8320d364	HSat23	1	9	853
59	k16_8320d364	HSat23	1	10	717
59	k16_8320d364	HSat23	1	11	2274
59	k16_8320d364	HSat23	1	12	1515
59	k16_8320d364	HSat23	1	13	9422
59	k16_8320d364	HSat23	1	14	48735
59	k16_8320d364	HSat23	1	15	4290570
59	k16_8320d364	HSat23	1	16	961
59	k16_8320d364	HSat23	2	1	206559
59	k16_8320d364	HSat23	2	2	29913
59	k16_8320d364	HSat23	2	3	45996
59	k16_8320d364	HSat23	2	4	3273738
59	k16_8320d364	HSat23	2	5	20338850
59	k16_8320d364	HSat23	2	6	126409
59	k16_8320d364	HSat23	2	7	86205
59	k16_8320d364	HSat23	2	8	39765
59	k16_8320d364	HSat23	2	9	521252
59	k16_8320d364	HSat23	2	10	88481
59	k16_8320d364	HSat23	2	11	41929
59	k16_8320d364	HSat23	2	12	172949
59	k16_8320d364	HSat23	2	13	356214
59	k16_8320d364	HSat23	2	14	1105679
59	k16_8320d364	HSat23	2	15	23514783
59	k16_8320d364	HSat23	2	16	273114
59	k16_8320d364	background	1	1	77
59	k16_8320d364	background	1	2	0
59	k16_8320d364	background	1	3	6
59	k16_8320d364	background	1	4	676
59	k16_8320d364	background	1	5	14957
59	k16_8320d364	background	1	6	166
59	k16_8320d364	background	1	7	4
59	k16_8320d364	background	1	8	3
59	k16_8320d364	background	1	9	29
59	k16_8320d364	background	1	10	6
59	k16_8320d364	background	1	11	2
59	k16_8320d364	background	1	12	428
59	k16_8320d364	background	1	13	4490
59	k16_8320d364	background	1	14	3733
59	k16_8320d364	background	1	15	12098
59	k16_8320d364	background	1	16	5
59	k16_8320d364	background	2	1	62504
59	k16_8320d364	background	2	2	17375
59	k16_8320d364	background	2	3	16726
59	k16_8320d364	background	2	4	42855
59	k16_8320d364	background	2	5	106593
59	k16_8320d364	background	2	6	151790
59	k16_8320d364	background	2	7	19383
59	k16_8320d364	background	2	8	25971
59	k16_8320d364	background	2	9	98227
59	k16_8320d364	background	2	10	36441
59	k16_8320d364	background	2	11	17870
59	k16_8320d364	background	2	12	29517
59	k16_8320d364	background	2	13	129949
59	k16_8320d364	background	2	14	183972
59	k16_8320d364	background	2	15	101989
59	k16_8320d364	background	2	16	18892
60	k16_83415831	HSat2	1	1	0
60	k16_83415831	HSat2	1	2	0
60	k16_83415831	HSat2	1	3	0
60	k16_83415831	HSat2	1	4	0
60	k16_83415831	HSat2	1	5	0
60	k16_83415831	HSat2	1	6	0
60	k16_83415831	HSat2	1	7	0
60	k16_83415831	HSat2	1	8	0
60	k16_83415831	HSat2	1	9	0
60	k16_83415831	HSat2	1	10	0
60	k16_83415831	HSat2	1	11	0
60	k16_83415831	HSat2	1	12	0
60	k16_83415831	HSat2	1	13	0
60	k16_83415831	HSat2	1	14	0
60	k16_83415831	HSat2	1	15	0
60	k16_83415831	HSat2	1	16	0
60	k16_83415831	HSat2	2	1	0
60	k16_83415831	HSat2	2	2	0
60	k16_83415831	HSat2	2	3	0
60	k16_83415831	HSat2	2	4	0
60	k16_83415831	HSat2	2	5	145
60	k16_83415831	HSat2	2	6	95
60	k16_83415831	HSat2	2	7	0
60	k16_83415831	HSat2	2	8	583
60	k16_83415831	HSat2	2	9	2
60	k16_83415831	HSat2	2	10	4
60	k16_83415831	HSat2	2	11	0
60	k16_83415831	HSat2	2	12	0
60	k16_83415831	HSat2	2	13	0
60	k16_83415831	HSat2	2	14	0
60	k16_83415831	HSat2	2	15	629
60	k16_83415831	HSat2	2	16	132
60	k16_83415831	HSat3	1	1	543
60	k16_83415831	HSat3	1	2	1705
60	k16_83415831	HSat3	1	3	1335
60	k16_83415831	HSat3	1	4	184
60	k16_83415831	HSat3	1	5	1007284
60	k16_83415831	HSat3	1	6	16
60	k16_83415831	HSat3	1	7	3067
60	k16_83415831	HSat3	1	8	3472
60	k16_83415831	HSat3	1	9	1416
60	k16_83415831	HSat3	1	10	756
60	k16_83415831	HSat3	1	11	191
60	k16_83415831	HSat3	1	12	71
60	k16_83415831	HSat3	1	13	4167627
60	k16_83415831	HSat3	1	14	413
60	k16_83415831	HSat3	1	15	114478
60	k16_83415831	HSat3	1	16	141946
60	k16_83415831	HSat3	2	1	137372
60	k16_83415831	HSat3	2	2	52430
60	k16_83415831	HSat3	2	3	74678
60	k16_83415831	HSat3	2	4	73166
60	k16_83415831	HSat3	2	5	5857425
60	k16_83415831	HSat3	2	6	65891
60	k16_83415831	HSat3	2	7	65094
60	k16_83415831	HSat3	2	8	224083
60	k16_83415831	HSat3	2	9	397736
60	k16_83415831	HSat3	2	10	264074
60	k16_83415831	HSat3	2	11	141189
60	k16_83415831	HSat3	2	12	22471
60	k16_83415831	HSat3	2	13	12594986
60	k16_83415831	HSat3	2	14	80853
60	k16_83415831	HSat3	2	15	11824195
60	k16_83415831	HSat3	2	16	6556239
60	k16_83415831	HSat23	1	1	543
60	k16_83415831	HSat23	1	2	1705
60	k16_83415831	HSat23	1	3	1335
60	k16_83415831	HSat23	1	4	184
60	k16_83415831	HSat23	1	5	1007284
60	k16_83415831	HSat23	1	6	16
60	k16_83415831	HSat23	1	7	3067
60	k16_83415831	HSat23	1	8	3472
60	k16_83415831	HSat23	1	9	1416
60	k16_83415831	HSat23	1	10	756
60	k16_83415831	HSat23	1	11	191
60	k16_83415831	HSat23	1	12	71
60	k16_83415831	HSat23	1	13	4167627
60	k16_83415831	HSat23	1	14	413
60	k16_83415831	HSat23	1	15	114478
60	k16_83415831	HSat23	1	16	141946
60	k16_83415831	HSat23	2	1	137372
60	k16_83415831	HSat23	2	2	52430
60	k16_83415831	HSat23	2	3	74678
60	k16_83415831	HSat23	2	4	73166
60	k16_83415831	HSat23	2	5	5857570
60	k16_83415831	HSat23	2	6	65986
60	k16_83415831	HSat23	2	7	65094
60	k16_83415831	HSat23	2	8	224666
60	k16_83415831	HSat23	2	9	397738
60	k16_83415831	HSat23	2	10	264078
60	k16_83415831	HSat23	2	11	141189
60	k16_83415831	HSat23	2	12	22471
60	k16_83415831	HSat23	2	13	12594986
60	k16_83415831	HSat23	2	14	80853
60	k16_83415831	HSat23	2	15	11824824
60	k16_83415831	HSat23	2	16	6556371
60	k16_83415831	background	1	1	0
60	k16_83415831	background	1	2	0
60	k16_83415831	background	1	3	0
60	k16_83415831	background	1	4	890
60	k16_83415831	background	1	5	17
60	k16_83415831	background	1	6	440
60	k16_83415831	background	1	7	440
60	k16_83415831	background	1	8	555
60	k16_83415831	background	1	9	443
60	k16_83415831	background	1	10	2139
60	k16_83415831	background	1	11	34548
60	k16_83415831	background	1	12	1319
60	k16_83415831	background	1	13	53
60	k16_83415831	background	1	14	337
60	k16_83415831	background	1	15	7408
60	k16_83415831	background	1	16	455
60	k16_83415831	background	2	1	27684
60	k16_83415831	background	2	2	6315
60	k16_83415831	background	2	3	13829
60	k16_83415831	background	2	4	154687
60	k16_83415831	background	2	5	28827
60	k16_83415831	background	2	6	8008
60	k16_83415831	background	2	7	15828
60	k16_83415831	background	2	8	14422
60	k16_83415831	background	2	9	15112
60	k16_83415831	background	2	10	159287
60	k16_83415831	background	2	11	910187
60	k16_83415831	background	2	12	11092
60	k16_83415831	background	2	13	13317
60	k16_83415831	background	2	14	28862
60	k16_83415831	background	2	15	687241
60	k16_83415831	background	2	16	36710
61	k16_8b53d0e1	HSat2	1	1	2114
61	k16_8b53d0e1	HSat2	1	2	3535
61	k16_8b53d0e1	HSat2	1	3	129830
61	k16_8b53d0e1	HSat2	1	4	2407
61	k16_8b53d0e1	HSat2	1	5	2855
61	k16_8b53d0e1	HSat2	1	6	14189
61	k16_8b53d0e1	HSat2	1	7	3200
61	k16_8b53d0e1	HSat2	1	8	6905
61	k16_8b53d0e1	HSat2	1	9	777
61	k16_8b53d0e1	HSat2	1	10	4991
61	k16_8b53d0e1	HSat2	1	11	75063
61	k16_8b53d0e1	HSat2	1	12	15422
61	k16_8b53d0e1	HSat2	1	13	3848
61	k16_8b53d0e1	HSat2	1	14	4081
61	k16_8b53d0e1	HSat2	1	15	2570
61	k16_8b53d0e1	HSat2	1	16	4183840
61	k16_8b53d0e1	HSat2	2	1	401441
61	k16_8b53d0e1	HSat2	2	2	334573
61	k16_8b53d0e1	HSat2	2	3	17115190
61	k16_8b53d0e1	HSat2	2	4	134431
61	k16_8b53d0e1	HSat2	2	5	95640
61	k16_8b53d0e1	HSat2	2	6	750964
61	k16_8b53d0e1	HSat2	2	7	79593
61	k16_8b53d0e1	HSat2	2	8	317215
61	k16_8b53d0e1	HSat2	2	9	72690
61	k16_8b53d0e1	HSat2	2	10	1742480
61	k16_8b53d0e1	HSat2	2	11	21535823
61	k16_8b53d0e1	HSat2	2	12	755469
61	k16_8b53d0e1	HSat2	2	13	273193
61	k16_8b53d0e1	HSat2	2	14	694258
61	k16_8b53d0e1	HSat2	2	15	1168004
61	k16_8b53d0e1	HSat2	2	16	37545944
61	k16_8b53d0e1	HSat3	1	1	354
61	k16_8b53d0e1	HSat3	1	2	0
61	k16_8b53d0e1	HSat3	1	3	383
61	k16_8b53d0e1	HSat3	1	4	429
61	k16_8b53d0e1	HSat3	1	5	0
61	k16_8b53d0e1	HSat3	1	6	0
61	k16_8b53d0e1	HSat3	1	7	7
61	k16_8b53d0e1	HSat3	1	8	0
61	k16_8b53d0e1	HSat3	1	9	0
61	k16_8b53d0e1	HSat3	1	10	0
61	k16_8b53d0e1	HSat3	1	11	2195
61	k16_8b53d0e1	HSat3	1	12	0
61	k16_8b53d0e1	HSat3	1	13	0
61	k16_8b53d0e1	HSat3	1	14	2499
61	k16_8b53d0e1	HSat3	1	15	1817
61	k16_8b53d0e1	HSat3	1	16	2808
61	k16_8b53d0e1	HSat3	2	1	8618
61	k16_8b53d0e1	HSat3	2	2	1101
61	k16_8b53d0e1	HSat3	2	3	76849
61	k16_8b53d0e1	HSat3	2	4	435
61	k16_8b53d0e1	HSat3	2	5	1194
61	k16_8b53d0e1	HSat3	2	6	873
61	k16_8b53d0e1	HSat3	2	7	2076
61	k16_8b53d0e1	HSat3	2	8	15
61	k16_8b53d0e1	HSat3	2	9	42
61	k16_8b53d0e1	HSat3	2	10	1946
61	k16_8b53d0e1	HSat3	2	11	57357
61	k16_8b53d0e1	HSat3	2	12	2446
61	k16_8b53d0e1	HSat3	2	13	83
61	k16_8b53d0e1	HSat3	2	14	151145
61	k16_8b53d0e1	HSat3	2	15	157853
61	k16_8b53d0e1	HSat3	2	16	15529
61	k16_8b53d0e1	HSat23	1	1	2468
61	k16_8b53d0e1	HSat23	1	2	3535
61	k16_8b53d0e1	HSat23	1	3	130213
61	k16_8b53d0e1	HSat23	1	4	2836
61	k16_8b53d0e1	HSat23	1	5	2855
61	k16_8b53d0e1	HSat23	1	6	14189
61	k16_8b53d0e1	HSat23	1	7	3207
61	k16_8b53d0e1	HSat23	1	8	6905
61	k16_8b53d0e1	HSat23	1	9	777
61	k16_8b53d0e1	HSat23	1	10	4991
61	k16_8b53d0e1	HSat23	1	11	77267
61	k16_8b53d0e1	HSat23	1	12	15422
61	k16_8b53d0e1	HSat23	1	13	3848
61	k16_8b53d0e1	HSat23	1	14	6580
61	k16_8b53d0e1	HSat23	1	15	4387
61	k16_8b53d0e1	HSat23	1	16	4186726
61	k16_8b53d0e1	HSat23	2	1	410069
61	k16_8b53d0e1	HSat23	2	2	335674
61	k16_8b53d0e1	HSat23	2	3	17192242
61	k16_8b53d0e1	HSat23	2	4	134866
61	k16_8b53d0e1	HSat23	2	5	96850
61	k16_8b53d0e1	HSat23	2	6	751840
61	k16_8b53d0e1	HSat23	2	7	81669
61	k16_8b53d0e1	HSat23	2	8	317230
61	k16_8b53d0e1	HSat23	2	9	72732
61	k16_8b53d0e1	HSat23	2	10	1744448
61	k16_8b53d0e1	HSat23	2	11	21593277
61	k16_8b53d0e1	HSat23	2	12	757953
61	k16_8b53d0e1	HSat23	2	13	273308
61	k16_8b53d0e1	HSat23	2	14	845418
61	k16_8b53d0e1	HSat23	2	15	1325857
61	k16_8b53d0e1	HSat23	2	16	37561839
61	k16_8b53d0e1	background	1	1	7
61	k16_8b53d0e1	background	1	2	1102
61	k16_8b53d0e1	background	1	3	2817
61	k16_8b53d0e1	background	1	4	529
61	k16_8b53d0e1	background	1	5	1111
61	k16_8b53d0e1	background	1	6	35
61	k16_8b53d0e1	background	1	7	1213
61	k16_8b53d0e1	background	1	8	1023
61	k16_8b53d0e1	background	1	9	2330
61	k16_8b53d0e1	background	1	10	805
61	k16_8b53d0e1	background	1	11	977
61	k16_8b53d0e1	background	1	12	517
61	k16_8b53d0e1	background	1	13	458
61	k16_8b53d0e1	background	1	14	9
61	k16_8b53d0e1	background	1	15	1697
61	k16_8b53d0e1	background	1	16	13213
61	k16_8b53d0e1	background	2	1	56819
61	k16_8b53d0e1	background	2	2	40844
61	k16_8b53d0e1	background	2	3	110746
61	k16_8b53d0e1	background	2	4	52001
61	k16_8b53d0e1	background	2	5	61781
61	k16_8b53d0e1	background	2	6	39320
61	k16_8b53d0e1	background	2	7	46681
61	k16_8b53d0e1	background	2	8	38682
61	k16_8b53d0e1	background	2	9	48906
61	k16_8b53d0e1	background	2	10	63737
61	k16_8b53d0e1	background	2	11	103207
61	k16_8b53d0e1	background	2	12	54521
61	k16_8b53d0e1	background	2	13	37465
61	k16_8b53d0e1	background	2	14	54957
61	k16_8b53d0e1	background	2	15	60867
61	k16_8b53d0e1	background	2	16	181642
62	k16_8ba0e809	HSat2	1	1	0
62	k16_8ba0e809	HSat2	1	2	0
62	k16_8ba0e809	HSat2	1	3	7722
62	k16_8ba0e809	HSat2	1	4	0
62	k16_8ba0e809	HSat2	1	5	0
62	k16_8ba0e809	HSat2	1	6	0
62	k16_8ba0e809	HSat2	1	7	0
62	k16_8ba0e809	HSat2	1	8	0
62	k16_8ba0e809	HSat2	1	9	0
62	k16_8ba0e809	HSat2	1	10	21
62	k16_8ba0e809	HSat2	1	11	0
62	k16_8ba0e809	HSat2	1	12	0
62	k16_8ba0e809	HSat2	1	13	4
62	k16_8ba0e809	HSat2	1	14	180
62	k16_8ba0e809	HSat2	1	15	27
62	k16_8ba0e809	HSat2	1	16	613
62	k16_8ba0e809	HSat2	2	1	3747
62	k16_8ba0e809	HSat2	2	2	2
62	k16_8ba0e809	HSat2	2	3	125473
62	k16_8ba0e809	HSat2	2	4	1
62	k16_8ba0e809	HSat2	2	5	975
62	k16_8ba0e809	HSat2	2	6	786
62	k16_8ba0e809	HSat2	2	7	0
62	k16_8ba0e809	HSat2	2	8	1230
62	k16_8ba0e809	HSat2	2	9	526
62	k16_8ba0e809	HSat2	2	10	204031
62	k16_8ba0e809	HSat2	2	11	1131
62	k16_8ba0e809	HSat2	2	12	0
62	k16_8ba0e809	HSat2	2	13	100573
62	k16_8ba0e809	HSat2	2	14	106342
62	k16_8ba0e809	HSat2	2	15	53108
62	k16_8ba0e809	HSat2	2	16	169213
62	k16_8ba0e809	HSat3	1	1	5067
62	k16_8ba0e809	HSat3	1	2	12372
62	k16_8ba0e809	HSat3	1	3	512742
62	k16_8ba0e809	HSat3	1	4	932
62	k16_8ba0e809	HSat3	1	5	1743
62	k16_8ba0e809	HSat3	1	6	3451
62	k16_8ba0e809	HSat3	1	7	26
62	k16_8ba0e809	HSat3	1	8	2615
62	k16_8ba0e809	HSat3	1	9	1323
62	k16_8ba0e809	HSat3	1	10	4451
62	k16_8ba0e809	HSat3	1	11	14842
62	k16_8ba0e809	HSat3	1	12	44
62	k16_8ba0e809	HSat3	1	13	5285
62	k16_8ba0e809	HSat3	1	14	571895
62	k16_8ba0e809	HSat3	1	15	3475
62	k16_8ba0e809	HSat3	1	16	2273646
62	k16_8ba0e809	HSat3	2	1	726925
62	k16_8ba0e809	HSat3	2	2	107153
62	k16_8ba0e809	HSat3	2	3	46176220
62	k16_8ba0e809	HSat3	2	4	181739
62	k16_8ba0e809	HSat3	2	5	175978
62	k16_8ba0e809	HSat3	2	6	375109
62	k16_8ba0e809	HSat3	2	7	32091
62	k16_8ba0e809	HSat3	2	8	250322
62	k16_8ba0e809	HSat3	2	9	238304
62	k16_8ba0e809	HSat3	2	10	170778
62	k16_8ba0e809	HSat3	2	11	1454874
62	k16_8ba0e809	HSat3	2	12	89231
62	k16_8ba0e809	HSat3	2	13	239318
62	k16_8ba0e809	HSat3	2	14	47926878
62	k16_8ba0e809	HSat3	2	15	287825
62	k16_8ba0e809	HSat3	2	16	40357527
62	k16_8ba0e809	HSat23	1	1	5067
62	k16_8ba0e809	HSat23	1	2	12372
62	k16_8ba0e809	HSat23	1	3	520467
62	k16_8ba0e809	HSat23	1	4	932
62	k16_8ba0e809	HSat23	1	5	1743
62	k16_8ba0e809	HSat23	1	6	3451
62	k16_8ba0e809	HSat23	1	7	26
62	k16_8ba0e809	HSat23	1	8	2615
62	k16_8ba0e809	HSat23	1	9	1323
62	k16_8ba0e809	HSat23	1	10	4472
62	k16_8ba0e809	HSat23	1	11	14842
62	k16_8ba0e809	HSat23	1	12	44
62	k16_8ba0e809	HSat23	1	13	5289
62	k16_8ba0e809	HSat23	1	14	572085
62	k16_8ba0e809	HSat23	1	15	3502
62	k16_8ba0e809	HSat23	1	16	2274272
62	k16_8ba0e809	HSat23	2	1	730677
62	k16_8ba0e809	HSat23	2	2	107155
62	k16_8ba0e809	HSat23	2	3	46301823
62	k16_8ba0e809	HSat23	2	4	181740
62	k16_8ba0e809	HSat23	2	5	176953
62	k16_8ba0e809	HSat23	2	6	375900
62	k16_8ba0e809	HSat23	2	7	32091
62	k16_8ba0e809	HSat23	2	8	251585
62	k16_8ba0e809	HSat23	2	9	238830
62	k16_8ba0e809	HSat23	2	10	374809
62	k16_8ba0e809	HSat23	2	11	1456005
62	k16_8ba0e809	HSat23	2	12	89231
62	k16_8ba0e809	HSat23	2	13	339909
62	k16_8ba0e809	HSat23	2	14	48033532
62	k16_8ba0e809	HSat23	2	15	340933
62	k16_8ba0e809	HSat23	2	16	40526987
62	k16_8ba0e809	background	1	1	6272
62	k16_8ba0e809	background	1	2	1992
62	k16_8ba0e809	background	1	3	3457
62	k16_8ba0e809	background	1	4	3851
62	k16_8ba0e809	background	1	5	2975
62	k16_8ba0e809	background	1	6	9494
62	k16_8ba0e809	background	1	7	4660
62	k16_8ba0e809	background	1	8	3068
62	k16_8ba0e809	background	1	9	4251
62	k16_8ba0e809	background	1	10	2055
62	k16_8ba0e809	background	1	11	2469
62	k16_8ba0e809	background	1	12	4584
62	k16_8ba0e809	background	1	13	3222
62	k16_8ba0e809	background	1	14	4247
62	k16_8ba0e809	background	1	15	5207
62	k16_8ba0e809	background	1	16	10474
62	k16_8ba0e809	background	2	1	171028
62	k16_8ba0e809	background	2	2	106514
62	k16_8ba0e809	background	2	3	195530
62	k16_8ba0e809	background	2	4	169151
62	k16_8ba0e809	background	2	5	82648
62	k16_8ba0e809	background	2	6	188995
62	k16_8ba0e809	background	2	7	114227
62	k16_8ba0e809	background	2	8	90612
62	k16_8ba0e809	background	2	9	174282
62	k16_8ba0e809	background	2	10	85943
62	k16_8ba0e809	background	2	11	106228
62	k16_8ba0e809	background	2	12	107550
62	k16_8ba0e809	background	2	13	103946
62	k16_8ba0e809	background	2	14	177565
62	k16_8ba0e809	background	2	15	136636
62	k16_8ba0e809	background	2	16	333167
63	k16_8f53d4f9	HSat2	1	1	15128
63	k16_8f53d4f9	HSat2	1	2	1931
63	k16_8f53d4f9	HSat2	1	3	622
63	k16_8f53d4f9	HSat2	1	4	81
63	k16_8f53d4f9	HSat2	1	5	1612
63	k16_8f53d4f9	HSat2	1	6	15679
63	k16_8f53d4f9	HSat2	1	7	3464
63	k16_8f53d4f9	HSat2	1	8	12
63	k16_8f53d4f9	HSat2	1	9	471
63	k16_8f53d4f9	HSat2	1	10	3365
63	k16_8f53d4f9	HSat2	1	11	870980
63	k16_8f53d4f9	HSat2	1	12	4446
63	k16_8f53d4f9	HSat2	1	13	2258
63	k16_8f53d4f9	HSat2	1	14	4
63	k16_8f53d4f9	HSat2	1	15	5847682
63	k16_8f53d4f9	HSat2	1	16	994
63	k16_8f53d4f9	HSat2	2	1	7348913
63	k16_8f53d4f9	HSat2	2	2	78952
63	k16_8f53d4f9	HSat2	2	3	109222
63	k16_8f53d4f9	HSat2	2	4	145196
63	k16_8f53d4f9	HSat2	2	5	162672
63	k16_8f53d4f9	HSat2	2	6	2672587
63	k16_8f53d4f9	HSat2	2	7	674254
63	k16_8f53d4f9	HSat2	2	8	44426
63	k16_8f53d4f9	HSat2	2	9	84154
63	k16_8f53d4f9	HSat2	2	10	868629
63	k16_8f53d4f9	HSat2	2	11	59557562
63	k16_8f53d4f9	HSat2	2	12	3094103
63	k16_8f53d4f9	HSat2	2	13	2965878
63	k16_8f53d4f9	HSat2	2	14	53062
63	k16_8f53d4f9	HSat2	2	15	64786841
63	k16_8f53d4f9	HSat2	2	16	418809
63	k16_8f53d4f9	HSat3	1	1	13452457
63	k16_8f53d4f9	HSat3	1	2	365334
63	k16_8f53d4f9	HSat3	1	3	3414468
63	k16_8f53d4f9	HSat3	1	4	257369
63	k16_8f53d4f9	HSat3	1	5	423395
63	k16_8f53d4f9	HSat3	1	6	489544
63	k16_8f53d4f9	HSat3	1	7	286277
63	k16_8f53d4f9	HSat3	1	8	113038
63	k16_8f53d4f9	HSat3	1	9	65287
63	k16_8f53d4f9	HSat3	1	10	507017
63	k16_8f53d4f9	HSat3	1	11	2065721
63	k16_8f53d4f9	HSat3	1	12	566731
63	k16_8f53d4f9	HSat3	1	13	459012
63	k16_8f53d4f9	HSat3	1	14	72784
63	k16_8f53d4f9	HSat3	1	15	34062237
63	k16_8f53d4f9	HSat3	1	16	437164
63	k16_8f53d4f9	HSat3	2	1	370882720
63	k16_8f53d4f9	HSat3	2	2	6433503
63	k16_8f53d4f9	HSat3	2	3	9317182
63	k16_8f53d4f9	HSat3	2	4	730324
63	k16_8f53d4f9	HSat3	2	5	3710734
63	k16_8f53d4f9	HSat3	2	6	1820720
63	k16_8f53d4f9	HSat3	2	7	2116342
63	k16_8f53d4f9	HSat3	2	8	1679070
63	k16_8f53d4f9	HSat3	2	9	985890
63	k16_8f53d4f9	HSat3	2	10	4503148
63	k16_8f53d4f9	HSat3	2	11	6372073
63	k16_8f53d4f9	HSat3	2	12	8545949
63	k16_8f53d4f9	HSat3	2	13	1842201
63	k16_8f53d4f9	HSat3	2	14	687138
63	k16_8f53d4f9	HSat3	2	15	375158514
63	k16_8f53d4f9	HSat3	2	16	6208462
63	k16_8f53d4f9	HSat23	1	1	13467635
63	k16_8f53d4f9	HSat23	1	2	367265
63	k16_8f53d4f9	HSat23	1	3	3415125
63	k16_8f53d4f9	HSat23	1	4	257450
63	k16_8f53d4f9	HSat23	1	5	425007
63	k16_8f53d4f9	HSat23	1	6	505223
63	k16_8f53d4f9	HSat23	1	7	289741
63	k16_8f53d4f9	HSat23	1	8	113050
63	k16_8f53d4f9	HSat23	1	9	65758
63	k16_8f53d4f9	HSat23	1	10	510382
63	k16_8f53d4f9	HSat23	1	11	2936701
63	k16_8f53d4f9	HSat23	1	12	571177
63	k16_8f53d4f9	HSat23	1	13	461270
63	k16_8f53d4f9	HSat23	1	14	72788
63	k16_8f53d4f9	HSat23	1	15	39910069
63	k16_8f53d4f9	HSat23	1	16	438158
63	k16_8f53d4f9	HSat23	2	1	378232932
63	k16_8f53d4f9	HSat23	2	2	6512458
63	k16_8f53d4f9	HSat23	2	3	9426593
63	k16_8f53d4f9	HSat23	2	4	875520
63	k16_8f53d4f9	HSat23	2	5	3873409
63	k16_8f53d4f9	HSat23	2	6	4493408
63	k16_8f53d4f9	HSat23	2	7	2790625
63	k16_8f53d4f9	HSat23	2	8	1723510
63	k16_8f53d4f9	HSat23	2	9	1070044
63	k16_8f53d4f9	HSat23	2	10	5371790
63	k16_8f53d4f9	HSat23	2	11	65930302
63	k16_8f53d4f9	HSat23	2	12	11640052
63	k16_8f53d4f9	HSat23	2	13	4808237
63	k16_8f53d4f9	HSat23	2	14	740200
63	k16_8f53d4f9	HSat23	2	15	439947331
63	k16_8f53d4f9	HSat23	2	16	6627285
63	k16_8f53d4f9	background	1	1	18961
63	k16_8f53d4f9	background	1	2	2504
63	k16_8f53d4f9	background	1	3	5350
63	k16_8f53d4f9	background	1	4	5830
63	k16_8f53d4f9	background	1	5	2365
63	k16_8f53d4f9	background	1	6	6341
63	k16_8f53d4f9	background	1	7	7
63	k16_8f53d4f9	background	1	8	1061
63	k16_8f53d4f9	background	1	9	4363
63	k16_8f53d4f9	background	1	10	3607
63	k16_8f53d4f9	background	1	11	2957
63	k16_8f53d4f9	background	1	12	2372
63	k16_8f53d4f9	background	1	13	846
63	k16_8f53d4f9	background	1	14	496
63	k16_8f53d4f9	background	1	15	33715
63	k16_8f53d4f9	background	1	16	7563
63	k16_8f53d4f9	background	2	1	662550
63	k16_8f53d4f9	background	2	2	122244
63	k16_8f53d4f9	background	2	3	112990
63	k16_8f53d4f9	background	2	4	98956
63	k16_8f53d4f9	background	2	5	134402
63	k16_8f53d4f9	background	2	6	128122
63	k16_8f53d4f9	background	2	7	82462
63	k16_8f53d4f9	background	2	8	70237
63	k16_8f53d4f9	background	2	9	234256
63	k16_8f53d4f9	background	2	10	216233
63	k16_8f53d4f9	background	2	11	240209
63	k16_8f53d4f9	background	2	12	265839
63	k16_8f53d4f9	background	2	13	99919
63	k16_8f53d4f9	background	2	14	64165
63	k16_8f53d4f9	background	2	15	749472
63	k16_8f53d4f9	background	2	16	250842
64	k16_90ec3acc	HSat2	1	1	0
64	k16_90ec3acc	HSat2	1	2	1
64	k16_90ec3acc	HSat2	1	3	0
64	k16_90ec3acc	HSat2	1	4	0
64	k16_90ec3acc	HSat2	1	5	0
64	k16_90ec3acc	HSat2	1	6	0
64	k16_90ec3acc	HSat2	1	7	7
64	k16_90ec3acc	HSat2	1	8	0
64	k16_90ec3acc	HSat2	1	9	0
64	k16_90ec3acc	HSat2	1	10	0
64	k16_90ec3acc	HSat2	1	11	0
64	k16_90ec3acc	HSat2	1	12	0
64	k16_90ec3acc	HSat2	1	13	1
64	k16_90ec3acc	HSat2	1	14	0
64	k16_90ec3acc	HSat2	1	15	0
64	k16_90ec3acc	HSat2	1	16	0
64	k16_90ec3acc	HSat2	2	1	0
64	k16_90ec3acc	HSat2	2	2	32849
64	k16_90ec3acc	HSat2	2	3	0
64	k16_90ec3acc	HSat2	2	4	0
64	k16_90ec3acc	HSat2	2	5	0
64	k16_90ec3acc	HSat2	2	6	25357
64	k16_90ec3acc	HSat2	2	7	33842
64	k16_90ec3acc	HSat2	2	8	8
64	k16_90ec3acc	HSat2	2	9	0
64	k16_90ec3acc	HSat2	2	10	0
64	k16_90ec3acc	HSat2	2	11	632
64	k16_90ec3acc	HSat2	2	12	0
64	k16_90ec3acc	HSat2	2	13	37138
64	k16_90ec3acc	HSat2	2	14	0
64	k16_90ec3acc	HSat2	2	15	0
64	k16_90ec3acc	HSat2	2	16	180
64	k16_90ec3acc	HSat3	1	1	520
64	k16_90ec3acc	HSat3	1	2	56
64	k16_90ec3acc	HSat3	1	3	530
64	k16_90ec3acc	HSat3	1	4	1
64	k16_90ec3acc	HSat3	1	5	67
64	k16_90ec3acc	HSat3	1	6	1008
64	k16_90ec3acc	HSat3	1	7	9923
64	k16_90ec3acc	HSat3	1	8	1665
64	k16_90ec3acc	HSat3	1	9	646
64	k16_90ec3acc	HSat3	1	10	6037
64	k16_90ec3acc	HSat3	1	11	3640
64	k16_90ec3acc	HSat3	1	12	342
64	k16_90ec3acc	HSat3	1	13	22805
64	k16_90ec3acc	HSat3	1	14	35
64	k16_90ec3acc	HSat3	1	15	21
64	k16_90ec3acc	HSat3	1	16	1178
64	k16_90ec3acc	HSat3	2	1	3004
64	k16_90ec3acc	HSat3	2	2	177309
64	k16_90ec3acc	HSat3	2	3	59
64	k16_90ec3acc	HSat3	2	4	1946
64	k16_90ec3acc	HSat3	2	5	2792
64	k16_90ec3acc	HSat3	2	6	5314
64	k16_90ec3acc	HSat3	2	7	2394962
64	k16_90ec3acc	HSat3	2	8	1577
64	k16_90ec3acc	HSat3	2	9	2058
64	k16_90ec3acc	HSat3	2	10	1744
64	k16_90ec3acc	HSat3	2	11	2777
64	k16_90ec3acc	HSat3	2	12	9057
64	k16_90ec3acc	HSat3	2	13	2739177
64	k16_90ec3acc	HSat3	2	14	4025
64	k16_90ec3acc	HSat3	2	15	8879
64	k16_90ec3acc	HSat3	2	16	665280
64	k16_90ec3acc	HSat23	1	1	520
64	k16_90ec3acc	HSat23	1	2	57
64	k16_90ec3acc	HSat23	1	3	530
64	k16_90ec3acc	HSat23	1	4	1
64	k16_90ec3acc	HSat23	1	5	67
64	k16_90ec3acc	HSat23	1	6	1008
64	k16_90ec3acc	HSat23	1	7	9930
64	k16_90ec3acc	HSat23	1	8	1665
64	k16_90ec3acc	HSat23	1	9	646
64	k16_90ec3acc	HSat23	1	10	6037
64	k16_90ec3acc	HSat23	1	11	3640
64	k16_90ec3acc	HSat23	1	12	342
64	k16_90ec3acc	HSat23	1	13	22806
64	k16_90ec3acc	HSat23	1	14	35
64	k16_90ec3acc	HSat23	1	15	21
64	k16_90ec3acc	HSat23	1	16	1178
64	k16_90ec3acc	HSat23	2	1	3004
64	k16_90ec3acc	HSat23	2	2	210158
64	k16_90ec3acc	HSat23	2	3	59
64	k16_90ec3acc	HSat23	2	4	1946
64	k16_90ec3acc	HSat23	2	5	2792
64	k16_90ec3acc	HSat23	2	6	30671
64	k16_90ec3acc	HSat23	2	7	2428814
64	k16_90ec3acc	HSat23	2	8	1585
64	k16_90ec3acc	HSat23	2	9	2058
64	k16_90ec3acc	HSat23	2	10	1744
64	k16_90ec3acc	HSat23	2	11	3409
64	k16_90ec3acc	HSat23	2	12	9057
64	k16_90ec3acc	HSat23	2	13	2776325
64	k16_90ec3acc	HSat23	2	14	4025
64	k16_90ec3acc	HSat23	2	15	8879
64	k16_90ec3acc	HSat23	2	16	665460
64	k16_90ec3acc	background	1	1	1840
64	k16_90ec3acc	background	1	2	2476
64	k16_90ec3acc	background	1	3	444
64	k16_90ec3acc	background	1	4	1934
64	k16_90ec3acc	background	1	5	799
64	k16_90ec3acc	background	1	6	2188
64	k16_90ec3acc	background	1	7	2857
64	k16_90ec3acc	background	1	8	1469
64	k16_90ec3acc	background	1	9	1878
64	k16_90ec3acc	background	1	10	991
64	k16_90ec3acc	background	1	11	1812
64	k16_90ec3acc	background	1	12	2535
64	k16_90ec3acc	background	1	13	2971
64	k16_90ec3acc	background	1	14	842
64	k16_90ec3acc	background	1	15	2036
64	k16_90ec3acc	background	1	16	2596
64	k16_90ec3acc	background	2	1	189911
64	k16_90ec3acc	background	2	2	159561
64	k16_90ec3acc	background	2	3	50052
64	k16_90ec3acc	background	2	4	98196
64	k16_90ec3acc	background	2	5	84283
64	k16_90ec3acc	background	2	6	105364
64	k16_90ec3acc	background	2	7	125738
64	k16_90ec3acc	background	2	8	89434
64	k16_90ec3acc	background	2	9	95086
64	k16_90ec3acc	background	2	10	54150
64	k16_90ec3acc	background	2	11	100021
64	k16_90ec3acc	background	2	12	146823
64	k16_90ec3acc	background	2	13	120476
64	k16_90ec3acc	background	2	14	67385
64	k16_90ec3acc	background	2	15	86254
64	k16_90ec3acc	background	2	16	144160
65	k16_93d803d4	HSat2	1	1	3695
65	k16_93d803d4	HSat2	1	2	38
65	k16_93d803d4	HSat2	1	3	99
65	k16_93d803d4	HSat2	1	4	2
65	k16_93d803d4	HSat2	1	5	2
65	k16_93d803d4	HSat2	1	6	222
65	k16_93d803d4	HSat2	1	7	73
65	k16_93d803d4	HSat2	1	8	41
65	k16_93d803d4	HSat2	1	9	4130348
65	k16_93d803d4	HSat2	1	10	5062
65	k16_93d803d4	HSat2	1	11	171
65	k16_93d803d4	HSat2	1	12	211
65	k16_93d803d4	HSat2	1	13	21
65	k16_93d803d4	HSat2	1	14	30
65	k16_93d803d4	HSat2	1	15	1
65	k16_93d803d4	HSat2	1	16	62
65	k16_93d803d4	HSat2	2	1	422713
65	k16_93d803d4	HSat2	2	2	17540
65	k16_93d803d4	HSat2	2	3	120982
65	k16_93d803d4	HSat2	2	4	20644
65	k16_93d803d4	HSat2	2	5	5793
65	k16_93d803d4	HSat2	2	6	94806
65	k16_93d803d4	HSat2	2	7	90481
65	k16_93d803d4	HSat2	2	8	17796
65	k16_93d803d4	HSat2	2	9	2243324
65	k16_93d803d4	HSat2	2	10	1518532
65	k16_93d803d4	HSat2	2	11	23229
65	k16_93d803d4	HSat2	2	12	255819
65	k16_93d803d4	HSat2	2	13	17469
65	k16_93d803d4	HSat2	2	14	30705
65	k16_93d803d4	HSat2	2	15	17881
65	k16_93d803d4	HSat2	2	16	103774
65	k16_93d803d4	HSat3	1	1	0
65	k16_93d803d4	HSat3	1	2	0
65	k16_93d803d4	HSat3	1	3	0
65	k16_93d803d4	HSat3	1	4	0
65	k16_93d803d4	HSat3	1	5	0
65	k16_93d803d4	HSat3	1	6	0
65	k16_93d803d4	HSat3	1	7	0
65	k16_93d803d4	HSat3	1	8	0
65	k16_93d803d4	HSat3	1	9	0
65	k16_93d803d4	HSat3	1	10	0
65	k16_93d803d4	HSat3	1	11	0
65	k16_93d803d4	HSat3	1	12	0
65	k16_93d803d4	HSat3	1	13	0
65	k16_93d803d4	HSat3	1	14	0
65	k16_93d803d4	HSat3	1	15	0
65	k16_93d803d4	HSat3	1	16	0
65	k16_93d803d4	HSat3	2	1	750
65	k16_93d803d4	HSat3	2	2	0
65	k16_93d803d4	HSat3	2	3	0
65	k16_93d803d4	HSat3	2	4	0
65	k16_93d803d4	HSat3	2	5	0
65	k16_93d803d4	HSat3	2	6	0
65	k16_93d803d4	HSat3	2	7	280
65	k16_93d803d4	HSat3	2	8	0
65	k16_93d803d4	HSat3	2	9	826
65	k16_93d803d4	HSat3	2	10	528
65	k16_93d803d4	HSat3	2	11	0
65	k16_93d803d4	HSat3	2	12	0
65	k16_93d803d4	HSat3	2	13	0
65	k16_93d803d4	HSat3	2	14	0
65	k16_93d803d4	HSat3	2	15	280
65	k16_93d803d4	HSat3	2	16	0
65	k16_93d803d4	HSat23	1	1	3695
65	k16_93d803d4	HSat23	1	2	38
65	k16_93d803d4	HSat23	1	3	99
65	k16_93d803d4	HSat23	1	4	2
65	k16_93d803d4	HSat23	1	5	2
65	k16_93d803d4	HSat23	1	6	222
65	k16_93d803d4	HSat23	1	7	73
65	k16_93d803d4	HSat23	1	8	41
65	k16_93d803d4	HSat23	1	9	4130348
65	k16_93d803d4	HSat23	1	10	5062
65	k16_93d803d4	HSat23	1	11	171
65	k16_93d803d4	HSat23	1	12	211
65	k16_93d803d4	HSat23	1	13	21
65	k16_93d803d4	HSat23	1	14	30
65	k16_93d803d4	HSat23	1	15	1
65	k16_93d803d4	HSat23	1	16	62
65	k16_93d803d4	HSat23	2	1	423488
65	k16_93d803d4	HSat23	2	2	17540
65	k16_93d803d4	HSat23	2	3	120982
65	k16_93d803d4	HSat23	2	4	20644
65	k16_93d803d4	HSat23	2	5	5793
65	k16_93d803d4	HSat23	2	6	94806
65	k16_93d803d4	HSat23	2	7	90761
65	k16_93d803d4	HSat23	2	8	17796
65	k16_93d803d4	HSat23	2	9	2244166
65	k16_93d803d4	HSat23	2	10	1519069
65	k16_93d803d4	HSat23	2	11	23229
65	k16_93d803d4	HSat23	2	12	255819
65	k16_93d803d4	HSat23	2	13	17469
65	k16_93d803d4	HSat23	2	14	30705
65	k16_93d803d4	HSat23	2	15	18161
65	k16_93d803d4	HSat23	2	16	103774
65	k16_93d803d4	background	1	1	3
65	k16_93d803d4	background	1	2	0
65	k16_93d803d4	background	1	3	831
65	k16_93d803d4	background	1	4	0
65	k16_93d803d4	background	1	5	422
65	k16_93d803d4	background	1	6	5460
65	k16_93d803d4	background	1	7	3591
65	k16_93d803d4	background	1	8	347
65	k16_93d803d4	background	1	9	13175
65	k16_93d803d4	background	1	10	444
65	k16_93d803d4	background	1	11	1292
65	k16_93d803d4	background	1	12	2
65	k16_93d803d4	background	1	13	0
65	k16_93d803d4	background	1	14	358
65	k16_93d803d4	background	1	15	0
65	k16_93d803d4	background	1	16	1
65	k16_93d803d4	background	2	1	59202
65	k16_93d803d4	background	2	2	57578
65	k16_93d803d4	background	2	3	38855
65	k16_93d803d4	background	2	4	37668
65	k16_93d803d4	background	2	5	42587
65	k16_93d803d4	background	2	6	265176
65	k16_93d803d4	background	2	7	192068
65	k16_93d803d4	background	2	8	55289
65	k16_93d803d4	background	2	9	35024
65	k16_93d803d4	background	2	10	29936
65	k16_93d803d4	background	2	11	28496
65	k16_93d803d4	background	2	12	36676
65	k16_93d803d4	background	2	13	34098
65	k16_93d803d4	background	2	14	45056
65	k16_93d803d4	background	2	15	35857
65	k16_93d803d4	background	2	16	20476
66	k16_a0d0562c	HSat2	1	1	0
66	k16_a0d0562c	HSat2	1	2	0
66	k16_a0d0562c	HSat2	1	3	0
66	k16_a0d0562c	HSat2	1	4	0
66	k16_a0d0562c	HSat2	1	5	0
66	k16_a0d0562c	HSat2	1	6	0
66	k16_a0d0562c	HSat2	1	7	0
66	k16_a0d0562c	HSat2	1	8	0
66	k16_a0d0562c	HSat2	1	9	0
66	k16_a0d0562c	HSat2	1	10	0
66	k16_a0d0562c	HSat2	1	11	0
66	k16_a0d0562c	HSat2	1	12	0
66	k16_a0d0562c	HSat2	1	13	0
66	k16_a0d0562c	HSat2	1	14	0
66	k16_a0d0562c	HSat2	1	15	0
66	k16_a0d0562c	HSat2	1	16	7
66	k16_a0d0562c	HSat2	2	1	0
66	k16_a0d0562c	HSat2	2	2	0
66	k16_a0d0562c	HSat2	2	3	0
66	k16_a0d0562c	HSat2	2	4	1
66	k16_a0d0562c	HSat2	2	5	0
66	k16_a0d0562c	HSat2	2	6	0
66	k16_a0d0562c	HSat2	2	7	0
66	k16_a0d0562c	HSat2	2	8	0
66	k16_a0d0562c	HSat2	2	9	55
66	k16_a0d0562c	HSat2	2	10	9
66	k16_a0d0562c	HSat2	2	11	7
66	k16_a0d0562c	HSat2	2	12	1
66	k16_a0d0562c	HSat2	2	13	0
66	k16_a0d0562c	HSat2	2	14	97
66	k16_a0d0562c	HSat2	2	15	0
66	k16_a0d0562c	HSat2	2	16	100
66	k16_a0d0562c	HSat3	1	1	338483
66	k16_a0d0562c	HSat3	1	2	117344
66	k16_a0d0562c	HSat3	1	3	40217
66	k16_a0d0562c	HSat3	1	4	50577
66	k16_a0d0562c	HSat3	1	5	49956
66	k16_a0d0562c	HSat3	1	6	229302
66	k16_a0d0562c	HSat3	1	7	42515
66	k16_a0d0562c	HSat3	1	8	36622
66	k16_a0d0562c	HSat3	1	9	117573
66	k16_a0d0562c	HSat3	1	10	247517
66	k16_a0d0562c	HSat3	1	11	189799
66	k16_a0d0562c	HSat3	1	12	77876
66	k16_a0d0562c	HSat3	1	13	25413
66	k16_a0d0562c	HSat3	1	14	241658
66	k16_a0d0562c	HSat3	1	15	50034
66	k16_a0d0562c	HSat3	1	16	16018802
66	k16_a0d0562c	HSat3	2	1	679437
66	k16_a0d0562c	HSat3	2	2	681155
66	k16_a0d0562c	HSat3	2	3	372516
66	k16_a0d0562c	HSat3	2	4	361258
66	k16_a0d0562c	HSat3	2	5	334531
66	k16_a0d0562c	HSat3	2	6	8201254
66	k16_a0d0562c	HSat3	2	7	424078
66	k16_a0d0562c	HSat3	2	8	357725
66	k16_a0d0562c	HSat3	2	9	953156
66	k16_a0d0562c	HSat3	2	10	9362699
66	k16_a0d0562c	HSat3	2	11	3150563
66	k16_a0d0562c	HSat3	2	12	1058893
66	k16_a0d0562c	HSat3	2	13	403873
66	k16_a0d0562c	HSat3	2	14	8699287
66	k16_a0d0562c	HSat3	2	15	646255
66	k16_a0d0562c	HSat3	2	16	21341450
66	k16_a0d0562c	HSat23	1	1	338483
66	k16_a0d0562c	HSat23	1	2	117344
66	k16_a0d0562c	HSat23	1	3	40217
66	k16_a0d0562c	HSat23	1	4	50577
66	k16_a0d0562c	HSat23	1	5	49956
66	k16_a0d0562c	HSat23	1	6	229302
66	k16_a0d0562c	HSat23	1	7	42515
66	k16_a0d0562c	HSat23	1	8	36622
66	k16_a0d0562c	HSat23	1	9	117573
66	k16_a0d0562c	HSat23	1	10	247517
66	k16_a0d0562c	HSat23	1	11	189799
66	k16_a0d0562c	HSat23	1	12	77876
66	k16_a0d0562c	HSat23	1	13	25413
66	k16_a0d0562c	HSat23	1	14	241658
66	k16_a0d0562c	HSat23	1	15	50034
66	k16_a0d0562c	HSat23	1	16	16018813
66	k16_a0d0562c	HSat23	2	1	679437
66	k16_a0d0562c	HSat23	2	2	681155
66	k16_a0d0562c	HSat23	2	3	372516
66	k16_a0d0562c	HSat23	2	4	361259
66	k16_a0d0562c	HSat23	2	5	334531
66	k16_a0d0562c	HSat23	2	6	8201254
66	k16_a0d0562c	HSat23	2	7	424078
66	k16_a0d0562c	HSat23	2	8	357725
66	k16_a0d0562c	HSat23	2	9	953213
66	k16_a0d0562c	HSat23	2	10	9362708
66	k16_a0d0562c	HSat23	2	11	3150571
66	k16_a0d0562c	HSat23	2	12	1058894
66	k16_a0d0562c	HSat23	2	13	403873
66	k16_a0d0562c	HSat23	2	14	8699384
66	k16_a0d0562c	HSat23	2	15	646255
66	k16_a0d0562c	HSat23	2	16	21341553
66	k16_a0d0562c	background	1	1	84
66	k16_a0d0562c	background	1	2	3
66	k16_a0d0562c	background	1	3	0
66	k16_a0d0562c	background	1	4	1
66	k16_a0d0562c	background	1	5	2
66	k16_a0d0562c	background	1	6	30
66	k16_a0d0562c	background	1	7	11
66	k16_a0d0562c	background	1	8	1
66	k16_a0d0562c	background	1	9	457
66	k16_a0d0562c	background	1	10	11
66	k16_a0d0562c	background	1	11	4640
66	k16_a0d0562c	background	1	12	13459
66	k16_a0d0562c	background	1	13	479
66	k16_a0d0562c	background	1	14	49
66	k16_a0d0562c	background	1	15	7
66	k16_a0d0562c	background	1	16	1619
66	k16_a0d0562c	background	2	1	10727
66	k16_a0d0562c	background	2	2	16515
66	k16_a0d0562c	background	2	3	6652
66	k16_a0d0562c	background	2	4	9688
66	k16_a0d0562c	background	2	5	61770
66	k16_a0d0562c	background	2	6	19335
66	k16_a0d0562c	background	2	7	6710
66	k16_a0d0562c	background	2	8	14019
66	k16_a0d0562c	background	2	9	13338
66	k16_a0d0562c	background	2	10	10073
66	k16_a0d0562c	background	2	11	170189
66	k16_a0d0562c	background	2	12	326820
66	k16_a0d0562c	background	2	13	28935
66	k16_a0d0562c	background	2	14	69261
66	k16_a0d0562c	background	2	15	20215
66	k16_a0d0562c	background	2	16	146519
67	k16_a0d364c8	HSat2	1	1	21261
67	k16_a0d364c8	HSat2	1	2	23974
67	k16_a0d364c8	HSat2	1	3	71858
67	k16_a0d364c8	HSat2	1	4	19372
67	k16_a0d364c8	HSat2	1	5	28726
67	k16_a0d364c8	HSat2	1	6	25366
67	k16_a0d364c8	HSat2	1	7	32708
67	k16_a0d364c8	HSat2	1	8	23171
67	k16_a0d364c8	HSat2	1	9	58759
67	k16_a0d364c8	HSat2	1	10	162410
67	k16_a0d364c8	HSat2	1	11	154763
67	k16_a0d364c8	HSat2	1	12	46538
67	k16_a0d364c8	HSat2	1	13	38105
67	k16_a0d364c8	HSat2	1	14	33532
67	k16_a0d364c8	HSat2	1	15	76936
67	k16_a0d364c8	HSat2	1	16	20537
67	k16_a0d364c8	HSat2	2	1	644650
67	k16_a0d364c8	HSat2	2	2	13696
67	k16_a0d364c8	HSat2	2	3	10392
67	k16_a0d364c8	HSat2	2	4	12534
67	k16_a0d364c8	HSat2	2	5	7179
67	k16_a0d364c8	HSat2	2	6	29209
67	k16_a0d364c8	HSat2	2	7	546110
67	k16_a0d364c8	HSat2	2	8	2357892
67	k16_a0d364c8	HSat2	2	9	148407
67	k16_a0d364c8	HSat2	2	10	713664
67	k16_a0d364c8	HSat2	2	11	28660860
67	k16_a0d364c8	HSat2	2	12	24486
67	k16_a0d364c8	HSat2	2	13	48857
67	k16_a0d364c8	HSat2	2	14	24585207
67	k16_a0d364c8	HSat2	2	15	2109752
67	k16_a0d364c8	HSat2	2	16	60673
67	k16_a0d364c8	HSat3	1	1	0
67	k16_a0d364c8	HSat3	1	2	0
67	k16_a0d364c8	HSat3	1	3	0
67	k16_a0d364c8	HSat3	1	4	0
67	k16_a0d364c8	HSat3	1	5	0
67	k16_a0d364c8	HSat3	1	6	0
67	k16_a0d364c8	HSat3	1	7	0
67	k16_a0d364c8	HSat3	1	8	0
67	k16_a0d364c8	HSat3	1	9	0
67	k16_a0d364c8	HSat3	1	10	0
67	k16_a0d364c8	HSat3	1	11	102
67	k16_a0d364c8	HSat3	1	12	0
67	k16_a0d364c8	HSat3	1	13	0
67	k16_a0d364c8	HSat3	1	14	0
67	k16_a0d364c8	HSat3	1	15	0
67	k16_a0d364c8	HSat3	1	16	0
67	k16_a0d364c8	HSat3	2	1	0
67	k16_a0d364c8	HSat3	2	2	0
67	k16_a0d364c8	HSat3	2	3	0
67	k16_a0d364c8	HSat3	2	4	0
67	k16_a0d364c8	HSat3	2	5	0
67	k16_a0d364c8	HSat3	2	6	113
67	k16_a0d364c8	HSat3	2	7	0
67	k16_a0d364c8	HSat3	2	8	1
67	k16_a0d364c8	HSat3	2	9	3
67	k16_a0d364c8	HSat3	2	10	0
67	k16_a0d364c8	HSat3	2	11	6522
67	k16_a0d364c8	HSat3	2	12	0
67	k16_a0d364c8	HSat3	2	13	0
67	k16_a0d364c8	HSat3	2	14	6407
67	k16_a0d364c8	HSat3	2	15	2
67	k16_a0d364c8	HSat3	2	16	0
67	k16_a0d364c8	HSat23	1	1	21261
67	k16_a0d364c8	HSat23	1	2	23974
67	k16_a0d364c8	HSat23	1	3	71858
67	k16_a0d364c8	HSat23	1	4	19372
67	k16_a0d364c8	HSat23	1	5	28726
67	k16_a0d364c8	HSat23	1	6	25366
67	k16_a0d364c8	HSat23	1	7	32708
67	k16_a0d364c8	HSat23	1	8	23171
67	k16_a0d364c8	HSat23	1	9	58759
67	k16_a0d364c8	HSat23	1	10	162410
67	k16_a0d364c8	HSat23	1	11	154870
67	k16_a0d364c8	HSat23	1	12	46538
67	k16_a0d364c8	HSat23	1	13	38105
67	k16_a0d364c8	HSat23	1	14	33532
67	k16_a0d364c8	HSat23	1	15	76936
67	k16_a0d364c8	HSat23	1	16	20537
67	k16_a0d364c8	HSat23	2	1	644650
67	k16_a0d364c8	HSat23	2	2	13697
67	k16_a0d364c8	HSat23	2	3	10392
67	k16_a0d364c8	HSat23	2	4	12534
67	k16_a0d364c8	HSat23	2	5	7179
67	k16_a0d364c8	HSat23	2	6	29337
67	k16_a0d364c8	HSat23	2	7	546110
67	k16_a0d364c8	HSat23	2	8	2357893
67	k16_a0d364c8	HSat23	2	9	148410
67	k16_a0d364c8	HSat23	2	10	713664
67	k16_a0d364c8	HSat23	2	11	28667666
67	k16_a0d364c8	HSat23	2	12	24486
67	k16_a0d364c8	HSat23	2	13	48857
67	k16_a0d364c8	HSat23	2	14	24591884
67	k16_a0d364c8	HSat23	2	15	2109754
67	k16_a0d364c8	HSat23	2	16	60673
67	k16_a0d364c8	background	1	1	48
67	k16_a0d364c8	background	1	2	35
67	k16_a0d364c8	background	1	3	591
67	k16_a0d364c8	background	1	4	46
67	k16_a0d364c8	background	1	5	430
67	k16_a0d364c8	background	1	6	74
67	k16_a0d364c8	background	1	7	38
67	k16_a0d364c8	background	1	8	94
67	k16_a0d364c8	background	1	9	2134
67	k16_a0d364c8	background	1	10	1950
67	k16_a0d364c8	background	1	11	451
67	k16_a0d364c8	background	1	12	144
67	k16_a0d364c8	background	1	13	151
67	k16_a0d364c8	background	1	14	64
67	k16_a0d364c8	background	1	15	321
67	k16_a0d364c8	background	1	16	85
67	k16_a0d364c8	background	2	1	19530
67	k16_a0d364c8	background	2	2	29529
67	k16_a0d364c8	background	2	3	9347
67	k16_a0d364c8	background	2	4	50701
67	k16_a0d364c8	background	2	5	31139
67	k16_a0d364c8	background	2	6	20072
67	k16_a0d364c8	background	2	7	12543
67	k16_a0d364c8	background	2	8	21239
67	k16_a0d364c8	background	2	9	89300
67	k16_a0d364c8	background	2	10	133312
67	k16_a0d364c8	background	2	11	103540
67	k16_a0d364c8	background	2	12	13279
67	k16_a0d364c8	background	2	13	53025
67	k16_a0d364c8	background	2	14	84818
67	k16_a0d364c8	background	2	15	26459
67	k16_a0d364c8	background	2	16	10725
68	k16_a0e834c5	HSat2	1	1	3
68	k16_a0e834c5	HSat2	1	2	0
68	k16_a0e834c5	HSat2	1	3	0
68	k16_a0e834c5	HSat2	1	4	0
68	k16_a0e834c5	HSat2	1	5	0
68	k16_a0e834c5	HSat2	1	6	0
68	k16_a0e834c5	HSat2	1	7	0
68	k16_a0e834c5	HSat2	1	8	0
68	k16_a0e834c5	HSat2	1	9	0
68	k16_a0e834c5	HSat2	1	10	0
68	k16_a0e834c5	HSat2	1	11	4
68	k16_a0e834c5	HSat2	1	12	0
68	k16_a0e834c5	HSat2	1	13	20
68	k16_a0e834c5	HSat2	1	14	12500
68	k16_a0e834c5	HSat2	1	15	5215
68	k16_a0e834c5	HSat2	1	16	1636
68	k16_a0e834c5	HSat2	2	1	39605
68	k16_a0e834c5	HSat2	2	2	507
68	k16_a0e834c5	HSat2	2	3	1
68	k16_a0e834c5	HSat2	2	4	50
68	k16_a0e834c5	HSat2	2	5	61
68	k16_a0e834c5	HSat2	2	6	1097
68	k16_a0e834c5	HSat2	2	7	295
68	k16_a0e834c5	HSat2	2	8	138
68	k16_a0e834c5	HSat2	2	9	112
68	k16_a0e834c5	HSat2	2	10	32
68	k16_a0e834c5	HSat2	2	11	93051
68	k16_a0e834c5	HSat2	2	12	2454
68	k16_a0e834c5	HSat2	2	13	2535
68	k16_a0e834c5	HSat2	2	14	5031998
68	k16_a0e834c5	HSat2	2	15	4971761
68	k16_a0e834c5	HSat2	2	16	163163
68	k16_a0e834c5	HSat3	1	1	1147
68	k16_a0e834c5	HSat3	1	2	876
68	k16_a0e834c5	HSat3	1	3	8
68	k16_a0e834c5	HSat3	1	4	19
68	k16_a0e834c5	HSat3	1	5	2331
68	k16_a0e834c5	HSat3	1	6	3556
68	k16_a0e834c5	HSat3	1	7	1141
68	k16_a0e834c5	HSat3	1	8	427
68	k16_a0e834c5	HSat3	1	9	187
68	k16_a0e834c5	HSat3	1	10	3384
68	k16_a0e834c5	HSat3	1	11	5107
68	k16_a0e834c5	HSat3	1	12	4727
68	k16_a0e834c5	HSat3	1	13	791347
68	k16_a0e834c5	HSat3	1	14	777408
68	k16_a0e834c5	HSat3	1	15	2793
68	k16_a0e834c5	HSat3	1	16	235665
68	k16_a0e834c5	HSat3	2	1	135047
68	k16_a0e834c5	HSat3	2	2	90750
68	k16_a0e834c5	HSat3	2	3	11415
68	k16_a0e834c5	HSat3	2	4	144952
68	k16_a0e834c5	HSat3	2	5	138716
68	k16_a0e834c5	HSat3	2	6	90361
68	k16_a0e834c5	HSat3	2	7	92498
68	k16_a0e834c5	HSat3	2	8	45553
68	k16_a0e834c5	HSat3	2	9	127675
68	k16_a0e834c5	HSat3	2	10	277505
68	k16_a0e834c5	HSat3	2	11	1569652
68	k16_a0e834c5	HSat3	2	12	1404407
68	k16_a0e834c5	HSat3	2	13	21782185
68	k16_a0e834c5	HSat3	2	14	29452906
68	k16_a0e834c5	HSat3	2	15	610065
68	k16_a0e834c5	HSat3	2	16	8790929
68	k16_a0e834c5	HSat23	1	1	1150
68	k16_a0e834c5	HSat23	1	2	876
68	k16_a0e834c5	HSat23	1	3	8
68	k16_a0e834c5	HSat23	1	4	19
68	k16_a0e834c5	HSat23	1	5	2331
68	k16_a0e834c5	HSat23	1	6	3556
68	k16_a0e834c5	HSat23	1	7	1141
68	k16_a0e834c5	HSat23	1	8	427
68	k16_a0e834c5	HSat23	1	9	187
68	k16_a0e834c5	HSat23	1	10	3384
68	k16_a0e834c5	HSat23	1	11	5111
68	k16_a0e834c5	HSat23	1	12	4727
68	k16_a0e834c5	HSat23	1	13	791369
68	k16_a0e834c5	HSat23	1	14	789908
68	k16_a0e834c5	HSat23	1	15	8008
68	k16_a0e834c5	HSat23	1	16	237301
68	k16_a0e834c5	HSat23	2	1	174652
68	k16_a0e834c5	HSat23	2	2	91257
68	k16_a0e834c5	HSat23	2	3	11416
68	k16_a0e834c5	HSat23	2	4	145002
68	k16_a0e834c5	HSat23	2	5	138777
68	k16_a0e834c5	HSat23	2	6	91458
68	k16_a0e834c5	HSat23	2	7	92793
68	k16_a0e834c5	HSat23	2	8	45691
68	k16_a0e834c5	HSat23	2	9	127787
68	k16_a0e834c5	HSat23	2	10	277537
68	k16_a0e834c5	HSat23	2	11	1662703
68	k16_a0e834c5	HSat23	2	12	1406869
68	k16_a0e834c5	HSat23	2	13	21784738
68	k16_a0e834c5	HSat23	2	14	34484904
68	k16_a0e834c5	HSat23	2	15	5581836
68	k16_a0e834c5	HSat23	2	16	8954092
68	k16_a0e834c5	background	1	1	4670
68	k16_a0e834c5	background	1	2	4644
68	k16_a0e834c5	background	1	3	1640
68	k16_a0e834c5	background	1	4	2561
68	k16_a0e834c5	background	1	5	1869
68	k16_a0e834c5	background	1	6	913
68	k16_a0e834c5	background	1	7	2949
68	k16_a0e834c5	background	1	8	0
68	k16_a0e834c5	background	1	9	1228
68	k16_a0e834c5	background	1	10	2007
68	k16_a0e834c5	background	1	11	1418
68	k16_a0e834c5	background	1	12	1756
68	k16_a0e834c5	background	1	13	2032
68	k16_a0e834c5	background	1	14	684
68	k16_a0e834c5	background	1	15	2404
68	k16_a0e834c5	background	1	16	5753
68	k16_a0e834c5	background	2	1	215091
68	k16_a0e834c5	background	2	2	198600
68	k16_a0e834c5	background	2	3	64752
68	k16_a0e834c5	background	2	4	47353
68	k16_a0e834c5	background	2	5	57209
68	k16_a0e834c5	background	2	6	47996
68	k16_a0e834c5	background	2	7	103890
68	k16_a0e834c5	background	2	8	38618
68	k16_a0e834c5	background	2	9	43547
68	k16_a0e834c5	background	2	10	73217
68	k16_a0e834c5	background	2	11	96215
68	k16_a0e834c5	background	2	12	56598
68	k16_a0e834c5	background	2	13	96202
68	k16_a0e834c5	background	2	14	119975
68	k16_a0e834c5	background	2	15	162633
68	k16_a0e834c5	background	2	16	234066
69	k16_b60e8760	HSat2	1	1	13420181
69	k16_b60e8760	HSat2	1	2	1079
69	k16_b60e8760	HSat2	1	3	555434
69	k16_b60e8760	HSat2	1	4	45323
69	k16_b60e8760	HSat2	1	5	1101
69	k16_b60e8760	HSat2	1	6	688
69	k16_b60e8760	HSat2	1	7	12159
69	k16_b60e8760	HSat2	1	8	1842
69	k16_b60e8760	HSat2	1	9	10098
69	k16_b60e8760	HSat2	1	10	22192
69	k16_b60e8760	HSat2	1	11	544104
69	k16_b60e8760	HSat2	1	12	4523
69	k16_b60e8760	HSat2	1	13	8170
69	k16_b60e8760	HSat2	1	14	20250
69	k16_b60e8760	HSat2	1	15	140
69	k16_b60e8760	HSat2	1	16	169829
69	k16_b60e8760	HSat2	2	1	57502844
69	k16_b60e8760	HSat2	2	2	301154
69	k16_b60e8760	HSat2	2	3	5437196
69	k16_b60e8760	HSat2	2	4	4801623
69	k16_b60e8760	HSat2	2	5	635018
69	k16_b60e8760	HSat2	2	6	738722
69	k16_b60e8760	HSat2	2	7	958872
69	k16_b60e8760	HSat2	2	8	307154
69	k16_b60e8760	HSat2	2	9	714489
69	k16_b60e8760	HSat2	2	10	5002010
69	k16_b60e8760	HSat2	2	11	29614758
69	k16_b60e8760	HSat2	2	12	5144172
69	k16_b60e8760	HSat2	2	13	4594875
69	k16_b60e8760	HSat2	2	14	5323752
69	k16_b60e8760	HSat2	2	15	621393
69	k16_b60e8760	HSat2	2	16	165394
69	k16_b60e8760	HSat3	1	1	14203
69	k16_b60e8760	HSat3	1	2	8
69	k16_b60e8760	HSat3	1	3	90836
69	k16_b60e8760	HSat3	1	4	1495
69	k16_b60e8760	HSat3	1	5	0
69	k16_b60e8760	HSat3	1	6	0
69	k16_b60e8760	HSat3	1	7	0
69	k16_b60e8760	HSat3	1	8	0
69	k16_b60e8760	HSat3	1	9	298
69	k16_b60e8760	HSat3	1	10	0
69	k16_b60e8760	HSat3	1	11	11367
69	k16_b60e8760	HSat3	1	12	0
69	k16_b60e8760	HSat3	1	13	1765
69	k16_b60e8760	HSat3	1	14	359
69	k16_b60e8760	HSat3	1	15	0
69	k16_b60e8760	HSat3	1	16	0
69	k16_b60e8760	HSat3	2	1	2846524
69	k16_b60e8760	HSat3	2	2	14291
69	k16_b60e8760	HSat3	2	3	1571399
69	k16_b60e8760	HSat3	2	4	22876
69	k16_b60e8760	HSat3	2	5	4177
69	k16_b60e8760	HSat3	2	6	27990
69	k16_b60e8760	HSat3	2	7	6151
69	k16_b60e8760	HSat3	2	8	9107
69	k16_b60e8760	HSat3	2	9	13222
69	k16_b60e8760	HSat3	2	10	12983
69	k16_b60e8760	HSat3	2	11	2416851
69	k16_b60e8760	HSat3	2	12	17331
69	k16_b60e8760	HSat3	2	13	570884
69	k16_b60e8760	HSat3	2	14	52463
69	k16_b60e8760	HSat3	2	15	1727
69	k16_b60e8760	HSat3	2	16	15070
69	k16_b60e8760	HSat23	1	1	13434421
69	k16_b60e8760	HSat23	1	2	1087
69	k16_b60e8760	HSat23	1	3	646305
69	k16_b60e8760	HSat23	1	4	46818
69	k16_b60e8760	HSat23	1	5	1101
69	k16_b60e8760	HSat23	1	6	688
69	k16_b60e8760	HSat23	1	7	12159
69	k16_b60e8760	HSat23	1	8	1842
69	k16_b60e8760	HSat23	1	9	10396
69	k16_b60e8760	HSat23	1	10	22192
69	k16_b60e8760	HSat23	1	11	555471
69	k16_b60e8760	HSat23	1	12	4523
69	k16_b60e8760	HSat23	1	13	9947
69	k16_b60e8760	HSat23	1	14	20609
69	k16_b60e8760	HSat23	1	15	140
69	k16_b60e8760	HSat23	1	16	169829
69	k16_b60e8760	HSat23	2	1	60350050
69	k16_b60e8760	HSat23	2	2	315458
69	k16_b60e8760	HSat23	2	3	7008778
69	k16_b60e8760	HSat23	2	4	4824572
69	k16_b60e8760	HSat23	2	5	639209
69	k16_b60e8760	HSat23	2	6	766712
69	k16_b60e8760	HSat23	2	7	965036
69	k16_b60e8760	HSat23	2	8	316261
69	k16_b60e8760	HSat23	2	9	727740
69	k16_b60e8760	HSat23	2	10	5015001
69	k16_b60e8760	HSat23	2	11	32031941
69	k16_b60e8760	HSat23	2	12	5161503
69	k16_b60e8760	HSat23	2	13	5165772
69	k16_b60e8760	HSat23	2	14	5376270
69	k16_b60e8760	HSat23	2	15	623120
69	k16_b60e8760	HSat23	2	16	180469
69	k16_b60e8760	background	1	1	38934
69	k16_b60e8760	background	1	2	16
69	k16_b60e8760	background	1	3	3135
69	k16_b60e8760	background	1	4	33
69	k16_b60e8760	background	1	5	8
69	k16_b60e8760	background	1	6	5
69	k16_b60e8760	background	1	7	19
69	k16_b60e8760	background	1	8	3
69	k16_b60e8760	background	1	9	6
69	k16_b60e8760	background	1	10	92
69	k16_b60e8760	background	1	11	2950
69	k16_b60e8760	background	1	12	17
69	k16_b60e8760	background	1	13	22
69	k16_b60e8760	background	1	14	87
69	k16_b60e8760	background	1	15	0
69	k16_b60e8760	background	1	16	101
69	k16_b60e8760	background	2	1	195538
69	k16_b60e8760	background	2	2	7442
69	k16_b60e8760	background	2	3	65963
69	k16_b60e8760	background	2	4	30417
69	k16_b60e8760	background	2	5	6729
69	k16_b60e8760	background	2	6	7233
69	k16_b60e8760	background	2	7	6217
69	k16_b60e8760	background	2	8	1706
69	k16_b60e8760	background	2	9	5975
69	k16_b60e8760	background	2	10	18377
69	k16_b60e8760	background	2	11	95769
69	k16_b60e8760	background	2	12	17848
69	k16_b60e8760	background	2	13	38437
69	k16_b60e8760	background	2	14	26577
69	k16_b60e8760	background	2	15	3489
69	k16_b60e8760	background	2	16	2353
70	k16_c1fd4350	HSat2	1	1	0
70	k16_c1fd4350	HSat2	1	2	0
70	k16_c1fd4350	HSat2	1	3	0
70	k16_c1fd4350	HSat2	1	4	0
70	k16_c1fd4350	HSat2	1	5	0
70	k16_c1fd4350	HSat2	1	6	0
70	k16_c1fd4350	HSat2	1	7	0
70	k16_c1fd4350	HSat2	1	8	0
70	k16_c1fd4350	HSat2	1	9	0
70	k16_c1fd4350	HSat2	1	10	0
70	k16_c1fd4350	HSat2	1	11	0
70	k16_c1fd4350	HSat2	1	12	0
70	k16_c1fd4350	HSat2	1	13	0
70	k16_c1fd4350	HSat2	1	14	0
70	k16_c1fd4350	HSat2	1	15	0
70	k16_c1fd4350	HSat2	1	16	0
70	k16_c1fd4350	HSat2	2	1	0
70	k16_c1fd4350	HSat2	2	2	318
70	k16_c1fd4350	HSat2	2	3	7
70	k16_c1fd4350	HSat2	2	4	437
70	k16_c1fd4350	HSat2	2	5	0
70	k16_c1fd4350	HSat2	2	6	0
70	k16_c1fd4350	HSat2	2	7	0
70	k16_c1fd4350	HSat2	2	8	0
70	k16_c1fd4350	HSat2	2	9	1
70	k16_c1fd4350	HSat2	2	10	0
70	k16_c1fd4350	HSat2	2	11	759
70	k16_c1fd4350	HSat2	2	12	0
70	k16_c1fd4350	HSat2	2	13	0
70	k16_c1fd4350	HSat2	2	14	0
70	k16_c1fd4350	HSat2	2	15	0
70	k16_c1fd4350	HSat2	2	16	2
70	k16_c1fd4350	HSat3	1	1	169
70	k16_c1fd4350	HSat3	1	2	12
70	k16_c1fd4350	HSat3	1	3	1
70	k16_c1fd4350	HSat3	1	4	9
70	k16_c1fd4350	HSat3	1	5	456
70	k16_c1fd4350	HSat3	1	6	96
70	k16_c1fd4350	HSat3	1	7	0
70	k16_c1fd4350	HSat3	1	8	2
70	k16_c1fd4350	HSat3	1	9	20
70	k16_c1fd4350	HSat3	1	10	0
70	k16_c1fd4350	HSat3	1	11	31
70	k16_c1fd4350	HSat3	1	12	27
70	k16_c1fd4350	HSat3	1	13	0
70	k16_c1fd4350	HSat3	1	14	8
70	k16_c1fd4350	HSat3	1	15	0
70	k16_c1fd4350	HSat3	1	16	14744
70	k16_c1fd4350	HSat3	2	1	29
70	k16_c1fd4350	HSat3	2	2	16970
70	k16_c1fd4350	HSat3	2	3	4498
70	k16_c1fd4350	HSat3	2	4	1157
70	k16_c1fd4350	HSat3	2	5	7792
70	k16_c1fd4350	HSat3	2	6	2346
70	k16_c1fd4350	HSat3	2	7	29
70	k16_c1fd4350	HSat3	2	8	8
70	k16_c1fd4350	HSat3	2	9	237
70	k16_c1fd4350	HSat3	2	10	28
70	k16_c1fd4350	HSat3	2	11	30375
70	k16_c1fd4350	HSat3	2	12	2
70	k16_c1fd4350	HSat3	2	13	816
70	k16_c1fd4350	HSat3	2	14	332
70	k16_c1fd4350	HSat3	2	15	216
70	k16_c1fd4350	HSat3	2	16	39761
70	k16_c1fd4350	HSat23	1	1	169
70	k16_c1fd4350	HSat23	1	2	12
70	k16_c1fd4350	HSat23	1	3	1
70	k16_c1fd4350	HSat23	1	4	9
70	k16_c1fd4350	HSat23	1	5	456
70	k16_c1fd4350	HSat23	1	6	96
70	k16_c1fd4350	HSat23	1	7	0
70	k16_c1fd4350	HSat23	1	8	2
70	k16_c1fd4350	HSat23	1	9	20
70	k16_c1fd4350	HSat23	1	10	0
70	k16_c1fd4350	HSat23	1	11	31
70	k16_c1fd4350	HSat23	1	12	27
70	k16_c1fd4350	HSat23	1	13	0
70	k16_c1fd4350	HSat23	1	14	8
70	k16_c1fd4350	HSat23	1	15	0
70	k16_c1fd4350	HSat23	1	16	14744
70	k16_c1fd4350	HSat23	2	1	29
70	k16_c1fd4350	HSat23	2	2	17288
70	k16_c1fd4350	HSat23	2	3	4505
70	k16_c1fd4350	HSat23	2	4	1594
70	k16_c1fd4350	HSat23	2	5	7792
70	k16_c1fd4350	HSat23	2	6	2346
70	k16_c1fd4350	HSat23	2	7	29
70	k16_c1fd4350	HSat23	2	8	8
70	k16_c1fd4350	HSat23	2	9	238
70	k16_c1fd4350	HSat23	2	10	28
70	k16_c1fd4350	HSat23	2	11	31134
70	k16_c1fd4350	HSat23	2	12	2
70	k16_c1fd4350	HSat23	2	13	816
70	k16_c1fd4350	HSat23	2	14	332
70	k16_c1fd4350	HSat23	2	15	216
70	k16_c1fd4350	HSat23	2	16	39763
70	k16_c1fd4350	background	1	1	2961
70	k16_c1fd4350	background	1	2	4993
70	k16_c1fd4350	background	1	3	1790
70	k16_c1fd4350	background	1	4	1851
70	k16_c1fd4350	background	1	5	1323
70	k16_c1fd4350	background	1	6	1002
70	k16_c1fd4350	background	1	7	1588
70	k16_c1fd4350	background	1	8	1907
70	k16_c1fd4350	background	1	9	4519
70	k16_c1fd4350	background	1	10	4053
70	k16_c1fd4350	background	1	11	6748
70	k16_c1fd4350	background	1	12	2760
70	k16_c1fd4350	background	1	13	2560
70	k16_c1fd4350	background	1	14	2085
70	k16_c1fd4350	background	1	15	660
70	k16_c1fd4350	background	1	16	2109
70	k16_c1fd4350	background	2	1	165639
70	k16_c1fd4350	background	2	2	150741
70	k16_c1fd4350	background	2	3	134699
70	k16_c1fd4350	background	2	4	199828
70	k16_c1fd4350	background	2	5	64943
70	k16_c1fd4350	background	2	6	103191
70	k16_c1fd4350	background	2	7	78083
70	k16_c1fd4350	background	2	8	145372
70	k16_c1fd4350	background	2	9	171054
70	k16_c1fd4350	background	2	10	77439
70	k16_c1fd4350	background	2	11	158260
70	k16_c1fd4350	background	2	12	178284
70	k16_c1fd4350	background	2	13	190353
70	k16_c1fd4350	background	2	14	168858
70	k16_c1fd4350	background	2	15	85881
70	k16_c1fd4350	background	2	16	123139
71	k16_d34583a0	HSat2	1	1	31583
71	k16_d34583a0	HSat2	1	2	16997
71	k16_d34583a0	HSat2	1	3	7210
71	k16_d34583a0	HSat2	1	4	4985
71	k16_d34583a0	HSat2	1	5	8306
71	k16_d34583a0	HSat2	1	6	9328
71	k16_d34583a0	HSat2	1	7	21341042
71	k16_d34583a0	HSat2	1	8	1020542
71	k16_d34583a0	HSat2	1	9	100711
71	k16_d34583a0	HSat2	1	10	21249
71	k16_d34583a0	HSat2	1	11	1393
71	k16_d34583a0	HSat2	1	12	2039
71	k16_d34583a0	HSat2	1	13	2619
71	k16_d34583a0	HSat2	1	14	8091
71	k16_d34583a0	HSat2	1	15	1040
71	k16_d34583a0	HSat2	1	16	54355
71	k16_d34583a0	HSat2	2	1	2347515
71	k16_d34583a0	HSat2	2	2	4317644
71	k16_d34583a0	HSat2	2	3	1146322
71	k16_d34583a0	HSat2	2	4	1509888
71	k16_d34583a0	HSat2	2	5	2015386
71	k16_d34583a0	HSat2	2	6	2030328
71	k16_d34583a0	HSat2	2	7	59922810
71	k16_d34583a0	HSat2	2	8	11002403
71	k16_d34583a0	HSat2	2	9	21844968
71	k16_d34583a0	HSat2	2	10	5096614
71	k16_d34583a0	HSat2	2	11	1542987
71	k16_d34583a0	HSat2	2	12	682756
71	k16_d34583a0	HSat2	2	13	1715468
71	k16_d34583a0	HSat2	2	14	1187860
71	k16_d34583a0	HSat2	2	15	715091
71	k16_d34583a0	HSat2	2	16	7109934
71	k16_d34583a0	HSat3	1	1	0
71	k16_d34583a0	HSat3	1	2	0
71	k16_d34583a0	HSat3	1	3	0
71	k16_d34583a0	HSat3	1	4	1
71	k16_d34583a0	HSat3	1	5	0
71	k16_d34583a0	HSat3	1	6	1
71	k16_d34583a0	HSat3	1	7	7765
71	k16_d34583a0	HSat3	1	8	298
71	k16_d34583a0	HSat3	1	9	1
71	k16_d34583a0	HSat3	1	10	0
71	k16_d34583a0	HSat3	1	11	0
71	k16_d34583a0	HSat3	1	12	0
71	k16_d34583a0	HSat3	1	13	0
71	k16_d34583a0	HSat3	1	14	0
71	k16_d34583a0	HSat3	1	15	0
71	k16_d34583a0	HSat3	1	16	722
71	k16_d34583a0	HSat3	2	1	1184
71	k16_d34583a0	HSat3	2	2	842
71	k16_d34583a0	HSat3	2	3	83
71	k16_d34583a0	HSat3	2	4	1689
71	k16_d34583a0	HSat3	2	5	1280
71	k16_d34583a0	HSat3	2	6	688
71	k16_d34583a0	HSat3	2	7	14978
71	k16_d34583a0	HSat3	2	8	6093
71	k16_d34583a0	HSat3	2	9	4014
71	k16_d34583a0	HSat3	2	10	133
71	k16_d34583a0	HSat3	2	11	968
71	k16_d34583a0	HSat3	2	12	521
71	k16_d34583a0	HSat3	2	13	126
71	k16_d34583a0	HSat3	2	14	705
71	k16_d34583a0	HSat3	2	15	0
71	k16_d34583a0	HSat3	2	16	2486
71	k16_d34583a0	HSat23	1	1	31583
71	k16_d34583a0	HSat23	1	2	16997
71	k16_d34583a0	HSat23	1	3	7210
71	k16_d34583a0	HSat23	1	4	4986
71	k16_d34583a0	HSat23	1	5	8306
71	k16_d34583a0	HSat23	1	6	9329
71	k16_d34583a0	HSat23	1	7	21349038
71	k16_d34583a0	HSat23	1	8	1020853
71	k16_d34583a0	HSat23	1	9	100712
71	k16_d34583a0	HSat23	1	10	21249
71	k16_d34583a0	HSat23	1	11	1393
71	k16_d34583a0	HSat23	1	12	2039
71	k16_d34583a0	HSat23	1	13	2619
71	k16_d34583a0	HSat23	1	14	8091
71	k16_d34583a0	HSat23	1	15	1040
71	k16_d34583a0	HSat23	1	16	55107
71	k16_d34583a0	HSat23	2	1	2348708
71	k16_d34583a0	HSat23	2	2	4318534
71	k16_d34583a0	HSat23	2	3	1146431
71	k16_d34583a0	HSat23	2	4	1511580
71	k16_d34583a0	HSat23	2	5	2016701
71	k16_d34583a0	HSat23	2	6	2031044
71	k16_d34583a0	HSat23	2	7	59938418
71	k16_d34583a0	HSat23	2	8	11008704
71	k16_d34583a0	HSat23	2	9	21849154
71	k16_d34583a0	HSat23	2	10	5096756
71	k16_d34583a0	HSat23	2	11	1543975
71	k16_d34583a0	HSat23	2	12	683298
71	k16_d34583a0	HSat23	2	13	1715603
71	k16_d34583a0	HSat23	2	14	1188599
71	k16_d34583a0	HSat23	2	15	715091
71	k16_d34583a0	HSat23	2	16	7112476
71	k16_d34583a0	background	1	1	6
71	k16_d34583a0	background	1	2	792
71	k16_d34583a0	background	1	3	585
71	k16_d34583a0	background	1	4	368
71	k16_d34583a0	background	1	5	11
71	k16_d34583a0	background	1	6	4
71	k16_d34583a0	background	1	7	62123
71	k16_d34583a0	background	1	8	4952
71	k16_d34583a0	background	1	9	7954
71	k16_d34583a0	background	1	10	35
71	k16_d34583a0	background	1	11	3
71	k16_d34583a0	background	1	12	552
71	k16_d34583a0	background	1	13	12
71	k16_d34583a0	background	1	14	1942
71	k16_d34583a0	background	1	15	547
71	k16_d34583a0	background	1	16	193
71	k16_d34583a0	background	2	1	43694
71	k16_d34583a0	background	2	2	41287
71	k16_d34583a0	background	2	3	24489
71	k16_d34583a0	background	2	4	42413
71	k16_d34583a0	background	2	5	38738
71	k16_d34583a0	background	2	6	28830
71	k16_d34583a0	background	2	7	238752
71	k16_d34583a0	background	2	8	157894
71	k16_d34583a0	background	2	9	230351
71	k16_d34583a0	background	2	10	49976
71	k16_d34583a0	background	2	11	30723
71	k16_d34583a0	background	2	12	37215
71	k16_d34583a0	background	2	13	33398
71	k16_d34583a0	background	2	14	37071
71	k16_d34583a0	background	2	15	22248
71	k16_d34583a0	background	2	16	43621
