column_index	hap	is_reference	fasta
0	chm13v2.0	1	/home/senescence/Documents/storage2/hiura/docker/bulk_env/data/00_analysis/Repthoscope.v1.0.0/VallePrep_v0.0.0/results/data/CHM13/filfa/chm13v2.0.t2t.filtered.fasta.gz
1	HG00096_hap1	0	/home/senescence/Documents/storage2/hiura/docker/bulk_env/data/00_analysis/Repthoscope.v1.0.0/VallePrep_v0.0.0/results/data/HG00096/filfa/HG00096_hap1.t2t.filtered.fasta.gz
2	HG00096_hap2	0	/home/senescence/Documents/storage2/hiura/docker/bulk_env/data/00_analysis/Repthoscope.v1.0.0/VallePrep_v0.0.0/results/data/HG00096/filfa/HG00096_hap2.t2t.filtered.fasta.gz
3	HG00097_hap1	0	/home/senescence/Documents/storage2/hiura/docker/bulk_env/data/00_analysis/Repthoscope.v1.0.0/VallePrep_v0.0.0/results/data/HG00097/filfa/HG00097_hap1.t2t.filtered.fasta.gz
4	HG00097_hap2	0	/home/senescence/Documents/storage2/hiura/docker/bulk_env/data/00_analysis/Repthoscope.v1.0.0/VallePrep_v0.0.0/results/data/HG00097/filfa/HG00097_hap2.t2t.filtered.fasta.gz
5	HG00099_hap1	0	/home/senescence/Documents/storage2/hiura/docker/bulk_env/data/00_analysis/Repthoscope.v1.0.0/VallePrep_v0.0.0/results/data/HG00099/filfa/HG00099_hap1.t2t.filtered.fasta.gz
6	HG00099_hap2	0	/home/senescence/Documents/storage2/hiura/docker/bulk_env/data/00_analysis/Repthoscope.v1.0.0/VallePrep_v0.0.0/results/data/HG00099/filfa/HG00099_hap2.t2t.filtered.fasta.gz
7	HG00126_hap2	0	/home/senescence/Documents/storage2/hiura/docker/bulk_env/data/00_analysis/Repthoscope.v1.0.0/VallePrep_v0.0.0/results/data/HG00126/filfa/HG00126_hap2.t2t.filtered.fasta.gz
8	HG00128_hap1	0	/home/senescence/Documents/storage2/hiura/docker/bulk_env/data/00_analysis/Repthoscope.v1.0.0/VallePrep_v0.0.0/results/data/HG00128/filfa/HG00128_hap1.t2t.filtered.fasta.gz
9	HG00128_hap2	0	/home/senescence/Documents/storage2/hiura/docker/bulk_env/data/00_analysis/Repthoscope.v1.0.0/VallePrep_v0.0.0/results/data/HG00128/filfa/HG00128_hap2.t2t.filtered.fasta.gz
10	HG00133_hap1	0	/home/senescence/Documents/storage2/hiura/docker/bulk_env/data/00_analysis/Repthoscope.v1.0.0/VallePrep_v0.0.0/results/data/HG00133/filfa/HG00133_hap1.t2t.filtered.fasta.gz
11	HG00133_hap2	0	/home/senescence/Documents/storage2/hiura/docker/bulk_env/data/00_analysis/Repthoscope.v1.0.0/VallePrep_v0.0.0/results/data/HG00133/filfa/HG00133_hap2.t2t.filtered.fasta.gz
12	HG00140_hap1	0	/home/senescence/Documents/storage2/hiura/docker/bulk_env/data/00_analysis/Repthoscope.v1.0.0/VallePrep_v0.0.0/results/data/HG00140/filfa/HG00140_hap1.t2t.filtered.fasta.gz
13	HG00140_hap2	0	/home/senescence/Documents/storage2/hiura/docker/bulk_env/data/00_analysis/Repthoscope.v1.0.0/VallePrep_v0.0.0/results/data/HG00140/filfa/HG00140_hap2.t2t.filtered.fasta.gz
14	HG00146_hap1	0	/home/senescence/Documents/storage2/hiura/docker/bulk_env/data/00_analysis/Repthoscope.v1.0.0/VallePrep_v0.0.0/results/data/HG00146/filfa/HG00146_hap1.t2t.filtered.fasta.gz
15	HG00146_hap2	0	/home/senescence/Documents/storage2/hiura/docker/bulk_env/data/00_analysis/Repthoscope.v1.0.0/VallePrep_v0.0.0/results/data/HG00146/filfa/HG00146_hap2.t2t.filtered.fasta.gz
16	HG00171_hap1	0	/home/senescence/Documents/storage2/hiura/docker/bulk_env/data/00_analysis/Repthoscope.v1.0.0/VallePrep_v0.0.0/results/data/HG00171/filfa/HG00171_hap1.t2t.filtered.fasta.gz
17	HG00171_hap2	0	/home/senescence/Documents/storage2/hiura/docker/bulk_env/data/00_analysis/Repthoscope.v1.0.0/VallePrep_v0.0.0/results/data/HG00171/filfa/HG00171_hap2.t2t.filtered.fasta.gz
18	hg002v1.1_hap1	0	/home/senescence/Documents/storage2/hiura/docker/bulk_env/data/00_analysis/Repthoscope.v1.0.0/VallePrep_v0.0.0/results/data/HG002/filfa/hg002v1.1_hap1.t2t.filtered.fasta.gz
19	hg002v1.1_hap2	0	/home/senescence/Documents/storage2/hiura/docker/bulk_env/data/00_analysis/Repthoscope.v1.0.0/VallePrep_v0.0.0/results/data/HG002/filfa/hg002v1.1_hap2.t2t.filtered.fasta.gz
20	HG00232_hap1	0	/home/senescence/Documents/storage2/hiura/docker/bulk_env/data/00_analysis/Repthoscope.v1.0.0/VallePrep_v0.0.0/results/data/HG00232/filfa/HG00232_hap1.t2t.filtered.fasta.gz
21	HG00232_hap2	0	/home/senescence/Documents/storage2/hiura/docker/bulk_env/data/00_analysis/Repthoscope.v1.0.0/VallePrep_v0.0.0/results/data/HG00232/filfa/HG00232_hap2.t2t.filtered.fasta.gz
22	HG00235_hap1	0	/home/senescence/Documents/storage2/hiura/docker/bulk_env/data/00_analysis/Repthoscope.v1.0.0/VallePrep_v0.0.0/results/data/HG00235/filfa/HG00235_hap1.t2t.filtered.fasta.gz
23	HG00235_hap2	0	/home/senescence/Documents/storage2/hiura/docker/bulk_env/data/00_analysis/Repthoscope.v1.0.0/VallePrep_v0.0.0/results/data/HG00235/filfa/HG00235_hap2.t2t.filtered.fasta.gz
24	HG00253_hap1	0	/home/senescence/Documents/storage2/hiura/docker/bulk_env/data/00_analysis/Repthoscope.v1.0.0/VallePrep_v0.0.0/results/data/HG00253/filfa/HG00253_hap1.t2t.filtered.fasta.gz
25	HG00253_hap2	0	/home/senescence/Documents/storage2/hiura/docker/bulk_env/data/00_analysis/Repthoscope.v1.0.0/VallePrep_v0.0.0/results/data/HG00253/filfa/HG00253_hap2.t2t.filtered.fasta.gz
26	HG00268_hap1	0	/home/senescence/Documents/storage2/hiura/docker/bulk_env/data/00_analysis/Repthoscope.v1.0.0/VallePrep_v0.0.0/results/data/HG00268/filfa/HG00268_hap1.t2t.filtered.fasta.gz
27	HG00268_hap2	0	/home/senescence/Documents/storage2/hiura/docker/bulk_env/data/00_analysis/Repthoscope.v1.0.0/VallePrep_v0.0.0/results/data/HG00268/filfa/HG00268_hap2.t2t.filtered.fasta.gz
28	HG00272_hap1	0	/home/senescence/Documents/storage2/hiura/docker/bulk_env/data/00_analysis/Repthoscope.v1.0.0/VallePrep_v0.0.0/results/data/HG00272/filfa/HG00272_hap1.t2t.filtered.fasta.gz
29	HG00280_hap1	0	/home/senescence/Documents/storage2/hiura/docker/bulk_env/data/00_analysis/Repthoscope.v1.0.0/VallePrep_v0.0.0/results/data/HG00280/filfa/HG00280_hap1.t2t.filtered.fasta.gz
30	HG00280_hap2	0	/home/senescence/Documents/storage2/hiura/docker/bulk_env/data/00_analysis/Repthoscope.v1.0.0/VallePrep_v0.0.0/results/data/HG00280/filfa/HG00280_hap2.t2t.filtered.fasta.gz
31	HG00290_hap1	0	/home/senescence/Documents/storage2/hiura/docker/bulk_env/data/00_analysis/Repthoscope.v1.0.0/VallePrep_v0.0.0/results/data/HG00290/filfa/HG00290_hap1.t2t.filtered.fasta.gz
32	HG00290_hap2	0	/home/senescence/Documents/storage2/hiura/docker/bulk_env/data/00_analysis/Repthoscope.v1.0.0/VallePrep_v0.0.0/results/data/HG00290/filfa/HG00290_hap2.t2t.filtered.fasta.gz
33	HG00320_hap1	0	/home/senescence/Documents/storage2/hiura/docker/bulk_env/data/00_analysis/Repthoscope.v1.0.0/VallePrep_v0.0.0/results/data/HG00320/filfa/HG00320_hap1.t2t.filtered.fasta.gz
34	HG00320_hap2	0	/home/senescence/Documents/storage2/hiura/docker/bulk_env/data/00_analysis/Repthoscope.v1.0.0/VallePrep_v0.0.0/results/data/HG00320/filfa/HG00320_hap2.t2t.filtered.fasta.gz
35	HG00321_hap1	0	/home/senescence/Documents/storage2/hiura/docker/bulk_env/data/00_analysis/Repthoscope.v1.0.0/VallePrep_v0.0.0/results/data/HG00321/filfa/HG00321_hap1.t2t.filtered.fasta.gz
36	HG00321_hap2	0	/home/senescence/Documents/storage2/hiura/docker/bulk_env/data/00_analysis/Repthoscope.v1.0.0/VallePrep_v0.0.0/results/data/HG00321/filfa/HG00321_hap2.t2t.filtered.fasta.gz
37	HG00323_hap1	0	/home/senescence/Documents/storage2/hiura/docker/bulk_env/data/00_analysis/Repthoscope.v1.0.0/VallePrep_v0.0.0/results/data/HG00323/filfa/HG00323_hap1.t2t.filtered.fasta.gz
38	HG00323_hap2	0	/home/senescence/Documents/storage2/hiura/docker/bulk_env/data/00_analysis/Repthoscope.v1.0.0/VallePrep_v0.0.0/results/data/HG00323/filfa/HG00323_hap2.t2t.filtered.fasta.gz
39	HG00329_hap1	0	/home/senescence/Documents/storage2/hiura/docker/bulk_env/data/00_analysis/Repthoscope.v1.0.0/VallePrep_v0.0.0/results/data/HG00329/filfa/HG00329_hap1.t2t.filtered.fasta.gz
40	HG00329_hap2	0	/home/senescence/Documents/storage2/hiura/docker/bulk_env/data/00_analysis/Repthoscope.v1.0.0/VallePrep_v0.0.0/results/data/HG00329/filfa/HG00329_hap2.t2t.filtered.fasta.gz
41	HG00344_hap1	0	/home/senescence/Documents/storage2/hiura/docker/bulk_env/data/00_analysis/Repthoscope.v1.0.0/VallePrep_v0.0.0/results/data/HG00344/filfa/HG00344_hap1.t2t.filtered.fasta.gz
42	HG00344_hap2	0	/home/senescence/Documents/storage2/hiura/docker/bulk_env/data/00_analysis/Repthoscope.v1.0.0/VallePrep_v0.0.0/results/data/HG00344/filfa/HG00344_hap2.t2t.filtered.fasta.gz
43	HG00350_hap1	0	/home/senescence/Documents/storage2/hiura/docker/bulk_env/data/00_analysis/Repthoscope.v1.0.0/VallePrep_v0.0.0/results/data/HG00350/filfa/HG00350_hap1.t2t.filtered.fasta.gz
44	HG00350_hap2	0	/home/senescence/Documents/storage2/hiura/docker/bulk_env/data/00_analysis/Repthoscope.v1.0.0/VallePrep_v0.0.0/results/data/HG00350/filfa/HG00350_hap2.t2t.filtered.fasta.gz
45	HG00358_hap1	0	/home/senescence/Documents/storage2/hiura/docker/bulk_env/data/00_analysis/Repthoscope.v1.0.0/VallePrep_v0.0.0/results/data/HG00358/filfa/HG00358_hap1.t2t.filtered.fasta.gz
46	HG00358_hap2	0	/home/senescence/Documents/storage2/hiura/docker/bulk_env/data/00_analysis/Repthoscope.v1.0.0/VallePrep_v0.0.0/results/data/HG00358/filfa/HG00358_hap2.t2t.filtered.fasta.gz
47	HG00408_hap1	0	/home/senescence/Documents/storage2/hiura/docker/bulk_env/data/00_analysis/Repthoscope.v1.0.0/VallePrep_v0.0.0/results/data/HG00408/filfa/HG00408_hap1.t2t.filtered.fasta.gz
48	HG00408_hap2	0	/home/senescence/Documents/storage2/hiura/docker/bulk_env/data/00_analysis/Repthoscope.v1.0.0/VallePrep_v0.0.0/results/data/HG00408/filfa/HG00408_hap2.t2t.filtered.fasta.gz
49	HG00423_hap1	0	/home/senescence/Documents/storage2/hiura/docker/bulk_env/data/00_analysis/Repthoscope.v1.0.0/VallePrep_v0.0.0/results/data/HG00423/filfa/HG00423_hap1.t2t.filtered.fasta.gz
50	HG00423_hap2	0	/home/senescence/Documents/storage2/hiura/docker/bulk_env/data/00_analysis/Repthoscope.v1.0.0/VallePrep_v0.0.0/results/data/HG00423/filfa/HG00423_hap2.t2t.filtered.fasta.gz
51	HG00438_hap1	0	/home/senescence/Documents/storage2/hiura/docker/bulk_env/data/00_analysis/Repthoscope.v1.0.0/VallePrep_v0.0.0/results/data/HG00438/filfa/HG00438_hap1.t2t.filtered.fasta.gz
52	HG00438_hap2	0	/home/senescence/Documents/storage2/hiura/docker/bulk_env/data/00_analysis/Repthoscope.v1.0.0/VallePrep_v0.0.0/results/data/HG00438/filfa/HG00438_hap2.t2t.filtered.fasta.gz
53	HG00512_hap1	0	/home/senescence/Documents/storage2/hiura/docker/bulk_env/data/00_analysis/Repthoscope.v1.0.0/VallePrep_v0.0.0/results/data/HG00512/filfa/HG00512_hap1.t2t.filtered.fasta.gz
54	HG00512_hap2	0	/home/senescence/Documents/storage2/hiura/docker/bulk_env/data/00_analysis/Repthoscope.v1.0.0/VallePrep_v0.0.0/results/data/HG00512/filfa/HG00512_hap2.t2t.filtered.fasta.gz
55	HG00513_hap1	0	/home/senescence/Documents/storage2/hiura/docker/bulk_env/data/00_analysis/Repthoscope.v1.0.0/VallePrep_v0.0.0/results/data/HG00513/filfa/HG00513_hap1.t2t.filtered.fasta.gz
56	HG00513_hap2	0	/home/senescence/Documents/storage2/hiura/docker/bulk_env/data/00_analysis/Repthoscope.v1.0.0/VallePrep_v0.0.0/results/data/HG00513/filfa/HG00513_hap2.t2t.filtered.fasta.gz
57	HG00514_hap1	0	/home/senescence/Documents/storage2/hiura/docker/bulk_env/data/00_analysis/Repthoscope.v1.0.0/VallePrep_v0.0.0/results/data/HG00514/filfa/HG00514_hap1.t2t.filtered.fasta.gz
58	HG00514_hap2	0	/home/senescence/Documents/storage2/hiura/docker/bulk_env/data/00_analysis/Repthoscope.v1.0.0/VallePrep_v0.0.0/results/data/HG00514/filfa/HG00514_hap2.t2t.filtered.fasta.gz
59	HG00544_hap1	0	/home/senescence/Documents/storage2/hiura/docker/bulk_env/data/00_analysis/Repthoscope.v1.0.0/VallePrep_v0.0.0/results/data/HG00544/filfa/HG00544_hap1.t2t.filtered.fasta.gz
60	HG00544_hap2	0	/home/senescence/Documents/storage2/hiura/docker/bulk_env/data/00_analysis/Repthoscope.v1.0.0/VallePrep_v0.0.0/results/data/HG00544/filfa/HG00544_hap2.t2t.filtered.fasta.gz
61	HG00558_hap1	0	/home/senescence/Documents/storage2/hiura/docker/bulk_env/data/00_analysis/Repthoscope.v1.0.0/VallePrep_v0.0.0/results/data/HG00558/filfa/HG00558_hap1.t2t.filtered.fasta.gz
62	HG00558_hap2	0	/home/senescence/Documents/storage2/hiura/docker/bulk_env/data/00_analysis/Repthoscope.v1.0.0/VallePrep_v0.0.0/results/data/HG00558/filfa/HG00558_hap2.t2t.filtered.fasta.gz
63	HG00597_hap1	0	/home/senescence/Documents/storage2/hiura/docker/bulk_env/data/00_analysis/Repthoscope.v1.0.0/VallePrep_v0.0.0/results/data/HG00597/filfa/HG00597_hap1.t2t.filtered.fasta.gz
64	HG00597_hap2	0	/home/senescence/Documents/storage2/hiura/docker/bulk_env/data/00_analysis/Repthoscope.v1.0.0/VallePrep_v0.0.0/results/data/HG00597/filfa/HG00597_hap2.t2t.filtered.fasta.gz
65	HG00609_hap1	0	/home/senescence/Documents/storage2/hiura/docker/bulk_env/data/00_analysis/Repthoscope.v1.0.0/VallePrep_v0.0.0/results/data/HG00609/filfa/HG00609_hap1.t2t.filtered.fasta.gz
66	HG00609_hap2	0	/home/senescence/Documents/storage2/hiura/docker/bulk_env/data/00_analysis/Repthoscope.v1.0.0/VallePrep_v0.0.0/results/data/HG00609/filfa/HG00609_hap2.t2t.filtered.fasta.gz
67	HG00621_hap1	0	/home/senescence/Documents/storage2/hiura/docker/bulk_env/data/00_analysis/Repthoscope.v1.0.0/VallePrep_v0.0.0/results/data/HG00621/filfa/HG00621_hap1.t2t.filtered.fasta.gz
68	HG00621_hap2	0	/home/senescence/Documents/storage2/hiura/docker/bulk_env/data/00_analysis/Repthoscope.v1.0.0/VallePrep_v0.0.0/results/data/HG00621/filfa/HG00621_hap2.t2t.filtered.fasta.gz
69	HG00639_hap1	0	/home/senescence/Documents/storage2/hiura/docker/bulk_env/data/00_analysis/Repthoscope.v1.0.0/VallePrep_v0.0.0/results/data/HG00639/filfa/HG00639_hap1.t2t.filtered.fasta.gz
70	HG00639_hap2	0	/home/senescence/Documents/storage2/hiura/docker/bulk_env/data/00_analysis/Repthoscope.v1.0.0/VallePrep_v0.0.0/results/data/HG00639/filfa/HG00639_hap2.t2t.filtered.fasta.gz
71	HG00642_hap1	0	/home/senescence/Documents/storage2/hiura/docker/bulk_env/data/00_analysis/Repthoscope.v1.0.0/VallePrep_v0.0.0/results/data/HG00642/filfa/HG00642_hap1.t2t.filtered.fasta.gz
72	HG00642_hap2	0	/home/senescence/Documents/storage2/hiura/docker/bulk_env/data/00_analysis/Repthoscope.v1.0.0/VallePrep_v0.0.0/results/data/HG00642/filfa/HG00642_hap2.t2t.filtered.fasta.gz
73	HG00658_hap1	0	/home/senescence/Documents/storage2/hiura/docker/bulk_env/data/00_analysis/Repthoscope.v1.0.0/VallePrep_v0.0.0/results/data/HG00658/filfa/HG00658_hap1.t2t.filtered.fasta.gz
74	HG00658_hap2	0	/home/senescence/Documents/storage2/hiura/docker/bulk_env/data/00_analysis/Repthoscope.v1.0.0/VallePrep_v0.0.0/results/data/HG00658/filfa/HG00658_hap2.t2t.filtered.fasta.gz
75	HG00673_hap1	0	/home/senescence/Documents/storage2/hiura/docker/bulk_env/data/00_analysis/Repthoscope.v1.0.0/VallePrep_v0.0.0/results/data/HG00673/filfa/HG00673_hap1.t2t.filtered.fasta.gz
76	HG00673_hap2	0	/home/senescence/Documents/storage2/hiura/docker/bulk_env/data/00_analysis/Repthoscope.v1.0.0/VallePrep_v0.0.0/results/data/HG00673/filfa/HG00673_hap2.t2t.filtered.fasta.gz
77	HG00706_hap1	0	/home/senescence/Documents/storage2/hiura/docker/bulk_env/data/00_analysis/Repthoscope.v1.0.0/VallePrep_v0.0.0/results/data/HG00706/filfa/HG00706_hap1.t2t.filtered.fasta.gz
78	HG00706_hap2	0	/home/senescence/Documents/storage2/hiura/docker/bulk_env/data/00_analysis/Repthoscope.v1.0.0/VallePrep_v0.0.0/results/data/HG00706/filfa/HG00706_hap2.t2t.filtered.fasta.gz
79	HG00731_hap1	0	/home/senescence/Documents/storage2/hiura/docker/bulk_env/data/00_analysis/Repthoscope.v1.0.0/VallePrep_v0.0.0/results/data/HG00731/filfa/HG00731_hap1.t2t.filtered.fasta.gz
80	HG00731_hap2	0	/home/senescence/Documents/storage2/hiura/docker/bulk_env/data/00_analysis/Repthoscope.v1.0.0/VallePrep_v0.0.0/results/data/HG00731/filfa/HG00731_hap2.t2t.filtered.fasta.gz
81	HG00732_hap1	0	/home/senescence/Documents/storage2/hiura/docker/bulk_env/data/00_analysis/Repthoscope.v1.0.0/VallePrep_v0.0.0/results/data/HG00732/filfa/HG00732_hap1.t2t.filtered.fasta.gz
82	HG00732_hap2	0	/home/senescence/Documents/storage2/hiura/docker/bulk_env/data/00_analysis/Repthoscope.v1.0.0/VallePrep_v0.0.0/results/data/HG00732/filfa/HG00732_hap2.t2t.filtered.fasta.gz
83	HG00733_hap1	0	/home/senescence/Documents/storage2/hiura/docker/bulk_env/data/00_analysis/Repthoscope.v1.0.0/VallePrep_v0.0.0/results/data/HG00733/filfa/HG00733_hap1.t2t.filtered.fasta.gz
84	HG00733_hap2	0	/home/senescence/Documents/storage2/hiura/docker/bulk_env/data/00_analysis/Repthoscope.v1.0.0/VallePrep_v0.0.0/results/data/HG00733/filfa/HG00733_hap2.t2t.filtered.fasta.gz
85	HG00735_hap1	0	/home/senescence/Documents/storage2/hiura/docker/bulk_env/data/00_analysis/Repthoscope.v1.0.0/VallePrep_v0.0.0/results/data/HG00735/filfa/HG00735_hap1.t2t.filtered.fasta.gz
86	HG00735_hap2	0	/home/senescence/Documents/storage2/hiura/docker/bulk_env/data/00_analysis/Repthoscope.v1.0.0/VallePrep_v0.0.0/results/data/HG00735/filfa/HG00735_hap2.t2t.filtered.fasta.gz
87	HG00738_hap1	0	/home/senescence/Documents/storage2/hiura/docker/bulk_env/data/00_analysis/Repthoscope.v1.0.0/VallePrep_v0.0.0/results/data/HG00738/filfa/HG00738_hap1.t2t.filtered.fasta.gz
88	HG00738_hap2	0	/home/senescence/Documents/storage2/hiura/docker/bulk_env/data/00_analysis/Repthoscope.v1.0.0/VallePrep_v0.0.0/results/data/HG00738/filfa/HG00738_hap2.t2t.filtered.fasta.gz
89	HG00741_hap1	0	/home/senescence/Documents/storage2/hiura/docker/bulk_env/data/00_analysis/Repthoscope.v1.0.0/VallePrep_v0.0.0/results/data/HG00741/filfa/HG00741_hap1.t2t.filtered.fasta.gz
90	HG00741_hap2	0	/home/senescence/Documents/storage2/hiura/docker/bulk_env/data/00_analysis/Repthoscope.v1.0.0/VallePrep_v0.0.0/results/data/HG00741/filfa/HG00741_hap2.t2t.filtered.fasta.gz
91	HG00864_hap1	0	/home/senescence/Documents/storage2/hiura/docker/bulk_env/data/00_analysis/Repthoscope.v1.0.0/VallePrep_v0.0.0/results/data/HG00864/filfa/HG00864_hap1.t2t.filtered.fasta.gz
92	HG00864_hap2	0	/home/senescence/Documents/storage2/hiura/docker/bulk_env/data/00_analysis/Repthoscope.v1.0.0/VallePrep_v0.0.0/results/data/HG00864/filfa/HG00864_hap2.t2t.filtered.fasta.gz
93	HG01071_hap1	0	/home/senescence/Documents/storage2/hiura/docker/bulk_env/data/00_analysis/Repthoscope.v1.0.0/VallePrep_v0.0.0/results/data/HG01071/filfa/HG01071_hap1.t2t.filtered.fasta.gz
94	HG01071_hap2	0	/home/senescence/Documents/storage2/hiura/docker/bulk_env/data/00_analysis/Repthoscope.v1.0.0/VallePrep_v0.0.0/results/data/HG01071/filfa/HG01071_hap2.t2t.filtered.fasta.gz
95	HG01074_hap1	0	/home/senescence/Documents/storage2/hiura/docker/bulk_env/data/00_analysis/Repthoscope.v1.0.0/VallePrep_v0.0.0/results/data/HG01074/filfa/HG01074_hap1.t2t.filtered.fasta.gz
96	HG01074_hap2	0	/home/senescence/Documents/storage2/hiura/docker/bulk_env/data/00_analysis/Repthoscope.v1.0.0/VallePrep_v0.0.0/results/data/HG01074/filfa/HG01074_hap2.t2t.filtered.fasta.gz
97	HG01081_hap1	0	/home/senescence/Documents/storage2/hiura/docker/bulk_env/data/00_analysis/Repthoscope.v1.0.0/VallePrep_v0.0.0/results/data/HG01081/filfa/HG01081_hap1.t2t.filtered.fasta.gz
98	HG01081_hap2	0	/home/senescence/Documents/storage2/hiura/docker/bulk_env/data/00_analysis/Repthoscope.v1.0.0/VallePrep_v0.0.0/results/data/HG01081/filfa/HG01081_hap2.t2t.filtered.fasta.gz
99	HG01099_hap1	0	/home/senescence/Documents/storage2/hiura/docker/bulk_env/data/00_analysis/Repthoscope.v1.0.0/VallePrep_v0.0.0/results/data/HG01099/filfa/HG01099_hap1.t2t.filtered.fasta.gz
100	HG01099_hap2	0	/home/senescence/Documents/storage2/hiura/docker/bulk_env/data/00_analysis/Repthoscope.v1.0.0/VallePrep_v0.0.0/results/data/HG01099/filfa/HG01099_hap2.t2t.filtered.fasta.gz
101	HG01106_hap1	0	/home/senescence/Documents/storage2/hiura/docker/bulk_env/data/00_analysis/Repthoscope.v1.0.0/VallePrep_v0.0.0/results/data/HG01106/filfa/HG01106_hap1.t2t.filtered.fasta.gz
102	HG01106_hap2	0	/home/senescence/Documents/storage2/hiura/docker/bulk_env/data/00_analysis/Repthoscope.v1.0.0/VallePrep_v0.0.0/results/data/HG01106/filfa/HG01106_hap2.t2t.filtered.fasta.gz
103	HG01109_hap1	0	/home/senescence/Documents/storage2/hiura/docker/bulk_env/data/00_analysis/Repthoscope.v1.0.0/VallePrep_v0.0.0/results/data/HG01109/filfa/HG01109_hap1.t2t.filtered.fasta.gz
104	HG01109_hap2	0	/home/senescence/Documents/storage2/hiura/docker/bulk_env/data/00_analysis/Repthoscope.v1.0.0/VallePrep_v0.0.0/results/data/HG01109/filfa/HG01109_hap2.t2t.filtered.fasta.gz
105	HG01114_hap1	0	/home/senescence/Documents/storage2/hiura/docker/bulk_env/data/00_analysis/Repthoscope.v1.0.0/VallePrep_v0.0.0/results/data/HG01114/filfa/HG01114_hap1.t2t.filtered.fasta.gz
106	HG01114_hap2	0	/home/senescence/Documents/storage2/hiura/docker/bulk_env/data/00_analysis/Repthoscope.v1.0.0/VallePrep_v0.0.0/results/data/HG01114/filfa/HG01114_hap2.t2t.filtered.fasta.gz
107	HG01123_hap1	0	/home/senescence/Documents/storage2/hiura/docker/bulk_env/data/00_analysis/Repthoscope.v1.0.0/VallePrep_v0.0.0/results/data/HG01123/filfa/HG01123_hap1.t2t.filtered.fasta.gz
108	HG01123_hap2	0	/home/senescence/Documents/storage2/hiura/docker/bulk_env/data/00_analysis/Repthoscope.v1.0.0/VallePrep_v0.0.0/results/data/HG01123/filfa/HG01123_hap2.t2t.filtered.fasta.gz
109	HG01150_hap1	0	/home/senescence/Documents/storage2/hiura/docker/bulk_env/data/00_analysis/Repthoscope.v1.0.0/VallePrep_v0.0.0/results/data/HG01150/filfa/HG01150_hap1.t2t.filtered.fasta.gz
110	HG01150_hap2	0	/home/senescence/Documents/storage2/hiura/docker/bulk_env/data/00_analysis/Repthoscope.v1.0.0/VallePrep_v0.0.0/results/data/HG01150/filfa/HG01150_hap2.t2t.filtered.fasta.gz
111	HG01167_hap1	0	/home/senescence/Documents/storage2/hiura/docker/bulk_env/data/00_analysis/Repthoscope.v1.0.0/VallePrep_v0.0.0/results/data/HG01167/filfa/HG01167_hap1.t2t.filtered.fasta.gz
112	HG01167_hap2	0	/home/senescence/Documents/storage2/hiura/docker/bulk_env/data/00_analysis/Repthoscope.v1.0.0/VallePrep_v0.0.0/results/data/HG01167/filfa/HG01167_hap2.t2t.filtered.fasta.gz
113	HG01175_hap1	0	/home/senescence/Documents/storage2/hiura/docker/bulk_env/data/00_analysis/Repthoscope.v1.0.0/VallePrep_v0.0.0/results/data/HG01175/filfa/HG01175_hap1.t2t.filtered.fasta.gz
114	HG01175_hap2	0	/home/senescence/Documents/storage2/hiura/docker/bulk_env/data/00_analysis/Repthoscope.v1.0.0/VallePrep_v0.0.0/results/data/HG01175/filfa/HG01175_hap2.t2t.filtered.fasta.gz
115	HG01192_hap1	0	/home/senescence/Documents/storage2/hiura/docker/bulk_env/data/00_analysis/Repthoscope.v1.0.0/VallePrep_v0.0.0/results/data/HG01192/filfa/HG01192_hap1.t2t.filtered.fasta.gz
116	HG01192_hap2	0	/home/senescence/Documents/storage2/hiura/docker/bulk_env/data/00_analysis/Repthoscope.v1.0.0/VallePrep_v0.0.0/results/data/HG01192/filfa/HG01192_hap2.t2t.filtered.fasta.gz
117	HG01243_hap1	0	/home/senescence/Documents/storage2/hiura/docker/bulk_env/data/00_analysis/Repthoscope.v1.0.0/VallePrep_v0.0.0/results/data/HG01243/filfa/HG01243_hap1.t2t.filtered.fasta.gz
118	HG01243_hap2	0	/home/senescence/Documents/storage2/hiura/docker/bulk_env/data/00_analysis/Repthoscope.v1.0.0/VallePrep_v0.0.0/results/data/HG01243/filfa/HG01243_hap2.t2t.filtered.fasta.gz
119	HG01252_hap1	0	/home/senescence/Documents/storage2/hiura/docker/bulk_env/data/00_analysis/Repthoscope.v1.0.0/VallePrep_v0.0.0/results/data/HG01252/filfa/HG01252_hap1.t2t.filtered.fasta.gz
120	HG01252_hap2	0	/home/senescence/Documents/storage2/hiura/docker/bulk_env/data/00_analysis/Repthoscope.v1.0.0/VallePrep_v0.0.0/results/data/HG01252/filfa/HG01252_hap2.t2t.filtered.fasta.gz
121	HG01255_hap1	0	/home/senescence/Documents/storage2/hiura/docker/bulk_env/data/00_analysis/Repthoscope.v1.0.0/VallePrep_v0.0.0/results/data/HG01255/filfa/HG01255_hap1.t2t.filtered.fasta.gz
122	HG01255_hap2	0	/home/senescence/Documents/storage2/hiura/docker/bulk_env/data/00_analysis/Repthoscope.v1.0.0/VallePrep_v0.0.0/results/data/HG01255/filfa/HG01255_hap2.t2t.filtered.fasta.gz
123	HG01258_hap1	0	/home/senescence/Documents/storage2/hiura/docker/bulk_env/data/00_analysis/Repthoscope.v1.0.0/VallePrep_v0.0.0/results/data/HG01258/filfa/HG01258_hap1.t2t.filtered.fasta.gz
124	HG01258_hap2	0	/home/senescence/Documents/storage2/hiura/docker/bulk_env/data/00_analysis/Repthoscope.v1.0.0/VallePrep_v0.0.0/results/data/HG01258/filfa/HG01258_hap2.t2t.filtered.fasta.gz
125	HG01261_hap1	0	/home/senescence/Documents/storage2/hiura/docker/bulk_env/data/00_analysis/Repthoscope.v1.0.0/VallePrep_v0.0.0/results/data/HG01261/filfa/HG01261_hap1.t2t.filtered.fasta.gz
126	HG01261_hap2	0	/home/senescence/Documents/storage2/hiura/docker/bulk_env/data/00_analysis/Repthoscope.v1.0.0/VallePrep_v0.0.0/results/data/HG01261/filfa/HG01261_hap2.t2t.filtered.fasta.gz
127	HG01346_hap1	0	/home/senescence/Documents/storage2/hiura/docker/bulk_env/data/00_analysis/Repthoscope.v1.0.0/VallePrep_v0.0.0/results/data/HG01346/filfa/HG01346_hap1.t2t.filtered.fasta.gz
128	HG01346_hap2	0	/home/senescence/Documents/storage2/hiura/docker/bulk_env/data/00_analysis/Repthoscope.v1.0.0/VallePrep_v0.0.0/results/data/HG01346/filfa/HG01346_hap2.t2t.filtered.fasta.gz
129	HG01352_hap1	0	/home/senescence/Documents/storage2/hiura/docker/bulk_env/data/00_analysis/Repthoscope.v1.0.0/VallePrep_v0.0.0/results/data/HG01352/filfa/HG01352_hap1.t2t.filtered.fasta.gz
130	HG01352_hap2	0	/home/senescence/Documents/storage2/hiura/docker/bulk_env/data/00_analysis/Repthoscope.v1.0.0/VallePrep_v0.0.0/results/data/HG01352/filfa/HG01352_hap2.t2t.filtered.fasta.gz
131	HG01358_hap1	0	/home/senescence/Documents/storage2/hiura/docker/bulk_env/data/00_analysis/Repthoscope.v1.0.0/VallePrep_v0.0.0/results/data/HG01358/filfa/HG01358_hap1.t2t.filtered.fasta.gz
132	HG01358_hap2	0	/home/senescence/Documents/storage2/hiura/docker/bulk_env/data/00_analysis/Repthoscope.v1.0.0/VallePrep_v0.0.0/results/data/HG01358/filfa/HG01358_hap2.t2t.filtered.fasta.gz
133	HG01361_hap1	0	/home/senescence/Documents/storage2/hiura/docker/bulk_env/data/00_analysis/Repthoscope.v1.0.0/VallePrep_v0.0.0/results/data/HG01361/filfa/HG01361_hap1.t2t.filtered.fasta.gz
134	HG01361_hap2	0	/home/senescence/Documents/storage2/hiura/docker/bulk_env/data/00_analysis/Repthoscope.v1.0.0/VallePrep_v0.0.0/results/data/HG01361/filfa/HG01361_hap2.t2t.filtered.fasta.gz
135	HG01433_hap1	0	/home/senescence/Documents/storage2/hiura/docker/bulk_env/data/00_analysis/Repthoscope.v1.0.0/VallePrep_v0.0.0/results/data/HG01433/filfa/HG01433_hap1.t2t.filtered.fasta.gz
136	HG01433_hap2	0	/home/senescence/Documents/storage2/hiura/docker/bulk_env/data/00_analysis/Repthoscope.v1.0.0/VallePrep_v0.0.0/results/data/HG01433/filfa/HG01433_hap2.t2t.filtered.fasta.gz
137	HG01457_hap1	0	/home/senescence/Documents/storage2/hiura/docker/bulk_env/data/00_analysis/Repthoscope.v1.0.0/VallePrep_v0.0.0/results/data/HG01457/filfa/HG01457_hap1.t2t.filtered.fasta.gz
138	HG01457_hap2	0	/home/senescence/Documents/storage2/hiura/docker/bulk_env/data/00_analysis/Repthoscope.v1.0.0/VallePrep_v0.0.0/results/data/HG01457/filfa/HG01457_hap2.t2t.filtered.fasta.gz
139	HG01496_hap1	0	/home/senescence/Documents/storage2/hiura/docker/bulk_env/data/00_analysis/Repthoscope.v1.0.0/VallePrep_v0.0.0/results/data/HG01496/filfa/HG01496_hap1.t2t.filtered.fasta.gz
140	HG01496_hap2	0	/home/senescence/Documents/storage2/hiura/docker/bulk_env/data/00_analysis/Repthoscope.v1.0.0/VallePrep_v0.0.0/results/data/HG01496/filfa/HG01496_hap2.t2t.filtered.fasta.gz
141	HG01505_hap1	0	/home/senescence/Documents/storage2/hiura/docker/bulk_env/data/00_analysis/Repthoscope.v1.0.0/VallePrep_v0.0.0/results/data/HG01505/filfa/HG01505_hap1.t2t.filtered.fasta.gz
142	HG01505_hap2	0	/home/senescence/Documents/storage2/hiura/docker/bulk_env/data/00_analysis/Repthoscope.v1.0.0/VallePrep_v0.0.0/results/data/HG01505/filfa/HG01505_hap2.t2t.filtered.fasta.gz
143	HG01530_hap1	0	/home/senescence/Documents/storage2/hiura/docker/bulk_env/data/00_analysis/Repthoscope.v1.0.0/VallePrep_v0.0.0/results/data/HG01530/filfa/HG01530_hap1.t2t.filtered.fasta.gz
144	HG01530_hap2	0	/home/senescence/Documents/storage2/hiura/docker/bulk_env/data/00_analysis/Repthoscope.v1.0.0/VallePrep_v0.0.0/results/data/HG01530/filfa/HG01530_hap2.t2t.filtered.fasta.gz
145	HG01573_hap1	0	/home/senescence/Documents/storage2/hiura/docker/bulk_env/data/00_analysis/Repthoscope.v1.0.0/VallePrep_v0.0.0/results/data/HG01573/filfa/HG01573_hap1.t2t.filtered.fasta.gz
146	HG01573_hap2	0	/home/senescence/Documents/storage2/hiura/docker/bulk_env/data/00_analysis/Repthoscope.v1.0.0/VallePrep_v0.0.0/results/data/HG01573/filfa/HG01573_hap2.t2t.filtered.fasta.gz
147	HG01596_hap1	0	/home/senescence/Documents/storage2/hiura/docker/bulk_env/data/00_analysis/Repthoscope.v1.0.0/VallePrep_v0.0.0/results/data/HG01596/filfa/HG01596_hap1.t2t.filtered.fasta.gz
148	HG01596_hap2	0	/home/senescence/Documents/storage2/hiura/docker/bulk_env/data/00_analysis/Repthoscope.v1.0.0/VallePrep_v0.0.0/results/data/HG01596/filfa/HG01596_hap2.t2t.filtered.fasta.gz
149	HG01784_hap1	0	/home/senescence/Documents/storage2/hiura/docker/bulk_env/data/00_analysis/Repthoscope.v1.0.0/VallePrep_v0.0.0/results/data/HG01784/filfa/HG01784_hap1.t2t.filtered.fasta.gz
150	HG01784_hap2	0	/home/senescence/Documents/storage2/hiura/docker/bulk_env/data/00_analysis/Repthoscope.v1.0.0/VallePrep_v0.0.0/results/data/HG01784/filfa/HG01784_hap2.t2t.filtered.fasta.gz
151	HG01786_hap1	0	/home/senescence/Documents/storage2/hiura/docker/bulk_env/data/00_analysis/Repthoscope.v1.0.0/VallePrep_v0.0.0/results/data/HG01786/filfa/HG01786_hap1.t2t.filtered.fasta.gz
152	HG01884_hap1	0	/home/senescence/Documents/storage2/hiura/docker/bulk_env/data/00_analysis/Repthoscope.v1.0.0/VallePrep_v0.0.0/results/data/HG01884/filfa/HG01884_hap1.t2t.filtered.fasta.gz
153	HG01884_hap2	0	/home/senescence/Documents/storage2/hiura/docker/bulk_env/data/00_analysis/Repthoscope.v1.0.0/VallePrep_v0.0.0/results/data/HG01884/filfa/HG01884_hap2.t2t.filtered.fasta.gz
154	HG01890_hap1	0	/home/senescence/Documents/storage2/hiura/docker/bulk_env/data/00_analysis/Repthoscope.v1.0.0/VallePrep_v0.0.0/results/data/HG01890/filfa/HG01890_hap1.t2t.filtered.fasta.gz
155	HG01890_hap2	0	/home/senescence/Documents/storage2/hiura/docker/bulk_env/data/00_analysis/Repthoscope.v1.0.0/VallePrep_v0.0.0/results/data/HG01890/filfa/HG01890_hap2.t2t.filtered.fasta.gz
156	HG01891_hap1	0	/home/senescence/Documents/storage2/hiura/docker/bulk_env/data/00_analysis/Repthoscope.v1.0.0/VallePrep_v0.0.0/results/data/HG01891/filfa/HG01891_hap1.t2t.filtered.fasta.gz
157	HG01891_hap2	0	/home/senescence/Documents/storage2/hiura/docker/bulk_env/data/00_analysis/Repthoscope.v1.0.0/VallePrep_v0.0.0/results/data/HG01891/filfa/HG01891_hap2.t2t.filtered.fasta.gz
158	HG01928_hap1	0	/home/senescence/Documents/storage2/hiura/docker/bulk_env/data/00_analysis/Repthoscope.v1.0.0/VallePrep_v0.0.0/results/data/HG01928/filfa/HG01928_hap1.t2t.filtered.fasta.gz
159	HG01928_hap2	0	/home/senescence/Documents/storage2/hiura/docker/bulk_env/data/00_analysis/Repthoscope.v1.0.0/VallePrep_v0.0.0/results/data/HG01928/filfa/HG01928_hap2.t2t.filtered.fasta.gz
160	HG01934_hap1	0	/home/senescence/Documents/storage2/hiura/docker/bulk_env/data/00_analysis/Repthoscope.v1.0.0/VallePrep_v0.0.0/results/data/HG01934/filfa/HG01934_hap1.t2t.filtered.fasta.gz
161	HG01934_hap2	0	/home/senescence/Documents/storage2/hiura/docker/bulk_env/data/00_analysis/Repthoscope.v1.0.0/VallePrep_v0.0.0/results/data/HG01934/filfa/HG01934_hap2.t2t.filtered.fasta.gz
162	HG01940_hap1	0	/home/senescence/Documents/storage2/hiura/docker/bulk_env/data/00_analysis/Repthoscope.v1.0.0/VallePrep_v0.0.0/results/data/HG01940/filfa/HG01940_hap1.t2t.filtered.fasta.gz
163	HG01940_hap2	0	/home/senescence/Documents/storage2/hiura/docker/bulk_env/data/00_analysis/Repthoscope.v1.0.0/VallePrep_v0.0.0/results/data/HG01940/filfa/HG01940_hap2.t2t.filtered.fasta.gz
164	HG01943_hap1	0	/home/senescence/Documents/storage2/hiura/docker/bulk_env/data/00_analysis/Repthoscope.v1.0.0/VallePrep_v0.0.0/results/data/HG01943/filfa/HG01943_hap1.t2t.filtered.fasta.gz
165	HG01943_hap2	0	/home/senescence/Documents/storage2/hiura/docker/bulk_env/data/00_analysis/Repthoscope.v1.0.0/VallePrep_v0.0.0/results/data/HG01943/filfa/HG01943_hap2.t2t.filtered.fasta.gz
166	HG01952_hap1	0	/home/senescence/Documents/storage2/hiura/docker/bulk_env/data/00_analysis/Repthoscope.v1.0.0/VallePrep_v0.0.0/results/data/HG01952/filfa/HG01952_hap1.t2t.filtered.fasta.gz
167	HG01952_hap2	0	/home/senescence/Documents/storage2/hiura/docker/bulk_env/data/00_analysis/Repthoscope.v1.0.0/VallePrep_v0.0.0/results/data/HG01952/filfa/HG01952_hap2.t2t.filtered.fasta.gz
168	HG01960_hap1	0	/home/senescence/Documents/storage2/hiura/docker/bulk_env/data/00_analysis/Repthoscope.v1.0.0/VallePrep_v0.0.0/results/data/HG01960/filfa/HG01960_hap1.t2t.filtered.fasta.gz
169	HG01960_hap2	0	/home/senescence/Documents/storage2/hiura/docker/bulk_env/data/00_analysis/Repthoscope.v1.0.0/VallePrep_v0.0.0/results/data/HG01960/filfa/HG01960_hap2.t2t.filtered.fasta.gz
170	HG01969_hap1	0	/home/senescence/Documents/storage2/hiura/docker/bulk_env/data/00_analysis/Repthoscope.v1.0.0/VallePrep_v0.0.0/results/data/HG01969/filfa/HG01969_hap1.t2t.filtered.fasta.gz
171	HG01969_hap2	0	/home/senescence/Documents/storage2/hiura/docker/bulk_env/data/00_analysis/Repthoscope.v1.0.0/VallePrep_v0.0.0/results/data/HG01969/filfa/HG01969_hap2.t2t.filtered.fasta.gz
172	HG01975_hap1	0	/home/senescence/Documents/storage2/hiura/docker/bulk_env/data/00_analysis/Repthoscope.v1.0.0/VallePrep_v0.0.0/results/data/HG01975/filfa/HG01975_hap1.t2t.filtered.fasta.gz
173	HG01975_hap2	0	/home/senescence/Documents/storage2/hiura/docker/bulk_env/data/00_analysis/Repthoscope.v1.0.0/VallePrep_v0.0.0/results/data/HG01975/filfa/HG01975_hap2.t2t.filtered.fasta.gz
174	HG01978_hap1	0	/home/senescence/Documents/storage2/hiura/docker/bulk_env/data/00_analysis/Repthoscope.v1.0.0/VallePrep_v0.0.0/results/data/HG01978/filfa/HG01978_hap1.t2t.filtered.fasta.gz
175	HG01978_hap2	0	/home/senescence/Documents/storage2/hiura/docker/bulk_env/data/00_analysis/Repthoscope.v1.0.0/VallePrep_v0.0.0/results/data/HG01978/filfa/HG01978_hap2.t2t.filtered.fasta.gz
176	HG01981_hap1	0	/home/senescence/Documents/storage2/hiura/docker/bulk_env/data/00_analysis/Repthoscope.v1.0.0/VallePrep_v0.0.0/results/data/HG01981/filfa/HG01981_hap1.t2t.filtered.fasta.gz
177	HG01981_hap2	0	/home/senescence/Documents/storage2/hiura/docker/bulk_env/data/00_analysis/Repthoscope.v1.0.0/VallePrep_v0.0.0/results/data/HG01981/filfa/HG01981_hap2.t2t.filtered.fasta.gz
178	HG01993_hap1	0	/home/senescence/Documents/storage2/hiura/docker/bulk_env/data/00_analysis/Repthoscope.v1.0.0/VallePrep_v0.0.0/results/data/HG01993/filfa/HG01993_hap1.t2t.filtered.fasta.gz
179	HG01993_hap2	0	/home/senescence/Documents/storage2/hiura/docker/bulk_env/data/00_analysis/Repthoscope.v1.0.0/VallePrep_v0.0.0/results/data/HG01993/filfa/HG01993_hap2.t2t.filtered.fasta.gz
180	HG02004_hap1	0	/home/senescence/Documents/storage2/hiura/docker/bulk_env/data/00_analysis/Repthoscope.v1.0.0/VallePrep_v0.0.0/results/data/HG02004/filfa/HG02004_hap1.t2t.filtered.fasta.gz
181	HG02004_hap2	0	/home/senescence/Documents/storage2/hiura/docker/bulk_env/data/00_analysis/Repthoscope.v1.0.0/VallePrep_v0.0.0/results/data/HG02004/filfa/HG02004_hap2.t2t.filtered.fasta.gz
182	HG02011_hap1	0	/home/senescence/Documents/storage2/hiura/docker/bulk_env/data/00_analysis/Repthoscope.v1.0.0/VallePrep_v0.0.0/results/data/HG02011/filfa/HG02011_hap1.t2t.filtered.fasta.gz
183	HG02011_hap2	0	/home/senescence/Documents/storage2/hiura/docker/bulk_env/data/00_analysis/Repthoscope.v1.0.0/VallePrep_v0.0.0/results/data/HG02011/filfa/HG02011_hap2.t2t.filtered.fasta.gz
184	HG02015_hap1	0	/home/senescence/Documents/storage2/hiura/docker/bulk_env/data/00_analysis/Repthoscope.v1.0.0/VallePrep_v0.0.0/results/data/HG02015/filfa/HG02015_hap1.t2t.filtered.fasta.gz
185	HG02015_hap2	0	/home/senescence/Documents/storage2/hiura/docker/bulk_env/data/00_analysis/Repthoscope.v1.0.0/VallePrep_v0.0.0/results/data/HG02015/filfa/HG02015_hap2.t2t.filtered.fasta.gz
186	HG02018_hap1	0	/home/senescence/Documents/storage2/hiura/docker/bulk_env/data/00_analysis/Repthoscope.v1.0.0/VallePrep_v0.0.0/results/data/HG02018/filfa/HG02018_hap1.t2t.filtered.fasta.gz
187	HG02018_hap2	0	/home/senescence/Documents/storage2/hiura/docker/bulk_env/data/00_analysis/Repthoscope.v1.0.0/VallePrep_v0.0.0/results/data/HG02018/filfa/HG02018_hap2.t2t.filtered.fasta.gz
188	HG02027_hap1	0	/home/senescence/Documents/storage2/hiura/docker/bulk_env/data/00_analysis/Repthoscope.v1.0.0/VallePrep_v0.0.0/results/data/HG02027/filfa/HG02027_hap1.t2t.filtered.fasta.gz
189	HG02027_hap2	0	/home/senescence/Documents/storage2/hiura/docker/bulk_env/data/00_analysis/Repthoscope.v1.0.0/VallePrep_v0.0.0/results/data/HG02027/filfa/HG02027_hap2.t2t.filtered.fasta.gz
190	HG02040_hap1	0	/home/senescence/Documents/storage2/hiura/docker/bulk_env/data/00_analysis/Repthoscope.v1.0.0/VallePrep_v0.0.0/results/data/HG02040/filfa/HG02040_hap1.t2t.filtered.fasta.gz
191	HG02040_hap2	0	/home/senescence/Documents/storage2/hiura/docker/bulk_env/data/00_analysis/Repthoscope.v1.0.0/VallePrep_v0.0.0/results/data/HG02040/filfa/HG02040_hap2.t2t.filtered.fasta.gz
192	HG02055_hap1	0	/home/senescence/Documents/storage2/hiura/docker/bulk_env/data/00_analysis/Repthoscope.v1.0.0/VallePrep_v0.0.0/results/data/HG02055/filfa/HG02055_hap1.t2t.filtered.fasta.gz
193	HG02055_hap2	0	/home/senescence/Documents/storage2/hiura/docker/bulk_env/data/00_analysis/Repthoscope.v1.0.0/VallePrep_v0.0.0/results/data/HG02055/filfa/HG02055_hap2.t2t.filtered.fasta.gz
194	HG02056_hap1	0	/home/senescence/Documents/storage2/hiura/docker/bulk_env/data/00_analysis/Repthoscope.v1.0.0/VallePrep_v0.0.0/results/data/HG02056/filfa/HG02056_hap1.t2t.filtered.fasta.gz
195	HG02056_hap2	0	/home/senescence/Documents/storage2/hiura/docker/bulk_env/data/00_analysis/Repthoscope.v1.0.0/VallePrep_v0.0.0/results/data/HG02056/filfa/HG02056_hap2.t2t.filtered.fasta.gz
196	HG02059_hap1	0	/home/senescence/Documents/storage2/hiura/docker/bulk_env/data/00_analysis/Repthoscope.v1.0.0/VallePrep_v0.0.0/results/data/HG02059/filfa/HG02059_hap1.t2t.filtered.fasta.gz
197	HG02059_hap2	0	/home/senescence/Documents/storage2/hiura/docker/bulk_env/data/00_analysis/Repthoscope.v1.0.0/VallePrep_v0.0.0/results/data/HG02059/filfa/HG02059_hap2.t2t.filtered.fasta.gz
198	HG02071_hap1	0	/home/senescence/Documents/storage2/hiura/docker/bulk_env/data/00_analysis/Repthoscope.v1.0.0/VallePrep_v0.0.0/results/data/HG02071/filfa/HG02071_hap1.t2t.filtered.fasta.gz
199	HG02071_hap2	0	/home/senescence/Documents/storage2/hiura/docker/bulk_env/data/00_analysis/Repthoscope.v1.0.0/VallePrep_v0.0.0/results/data/HG02071/filfa/HG02071_hap2.t2t.filtered.fasta.gz
200	HG02074_hap1	0	/home/senescence/Documents/storage2/hiura/docker/bulk_env/data/00_analysis/Repthoscope.v1.0.0/VallePrep_v0.0.0/results/data/HG02074/filfa/HG02074_hap1.t2t.filtered.fasta.gz
201	HG02074_hap2	0	/home/senescence/Documents/storage2/hiura/docker/bulk_env/data/00_analysis/Repthoscope.v1.0.0/VallePrep_v0.0.0/results/data/HG02074/filfa/HG02074_hap2.t2t.filtered.fasta.gz
202	HG02080_hap1	0	/home/senescence/Documents/storage2/hiura/docker/bulk_env/data/00_analysis/Repthoscope.v1.0.0/VallePrep_v0.0.0/results/data/HG02080/filfa/HG02080_hap1.t2t.filtered.fasta.gz
203	HG02080_hap2	0	/home/senescence/Documents/storage2/hiura/docker/bulk_env/data/00_analysis/Repthoscope.v1.0.0/VallePrep_v0.0.0/results/data/HG02080/filfa/HG02080_hap2.t2t.filtered.fasta.gz
204	HG02083_hap1	0	/home/senescence/Documents/storage2/hiura/docker/bulk_env/data/00_analysis/Repthoscope.v1.0.0/VallePrep_v0.0.0/results/data/HG02083/filfa/HG02083_hap1.t2t.filtered.fasta.gz
205	HG02083_hap2	0	/home/senescence/Documents/storage2/hiura/docker/bulk_env/data/00_analysis/Repthoscope.v1.0.0/VallePrep_v0.0.0/results/data/HG02083/filfa/HG02083_hap2.t2t.filtered.fasta.gz
206	HG02106_hap1	0	/home/senescence/Documents/storage2/hiura/docker/bulk_env/data/00_analysis/Repthoscope.v1.0.0/VallePrep_v0.0.0/results/data/HG02106/filfa/HG02106_hap1.t2t.filtered.fasta.gz
207	HG02106_hap2	0	/home/senescence/Documents/storage2/hiura/docker/bulk_env/data/00_analysis/Repthoscope.v1.0.0/VallePrep_v0.0.0/results/data/HG02106/filfa/HG02106_hap2.t2t.filtered.fasta.gz
208	HG02109_hap1	0	/home/senescence/Documents/storage2/hiura/docker/bulk_env/data/00_analysis/Repthoscope.v1.0.0/VallePrep_v0.0.0/results/data/HG02109/filfa/HG02109_hap1.t2t.filtered.fasta.gz
209	HG02109_hap2	0	/home/senescence/Documents/storage2/hiura/docker/bulk_env/data/00_analysis/Repthoscope.v1.0.0/VallePrep_v0.0.0/results/data/HG02109/filfa/HG02109_hap2.t2t.filtered.fasta.gz
210	HG02129_hap1	0	/home/senescence/Documents/storage2/hiura/docker/bulk_env/data/00_analysis/Repthoscope.v1.0.0/VallePrep_v0.0.0/results/data/HG02129/filfa/HG02129_hap1.t2t.filtered.fasta.gz
211	HG02129_hap2	0	/home/senescence/Documents/storage2/hiura/docker/bulk_env/data/00_analysis/Repthoscope.v1.0.0/VallePrep_v0.0.0/results/data/HG02129/filfa/HG02129_hap2.t2t.filtered.fasta.gz
212	HG02132_hap1	0	/home/senescence/Documents/storage2/hiura/docker/bulk_env/data/00_analysis/Repthoscope.v1.0.0/VallePrep_v0.0.0/results/data/HG02132/filfa/HG02132_hap1.t2t.filtered.fasta.gz
213	HG02132_hap2	0	/home/senescence/Documents/storage2/hiura/docker/bulk_env/data/00_analysis/Repthoscope.v1.0.0/VallePrep_v0.0.0/results/data/HG02132/filfa/HG02132_hap2.t2t.filtered.fasta.gz
214	HG02135_hap1	0	/home/senescence/Documents/storage2/hiura/docker/bulk_env/data/00_analysis/Repthoscope.v1.0.0/VallePrep_v0.0.0/results/data/HG02135/filfa/HG02135_hap1.t2t.filtered.fasta.gz
215	HG02135_hap2	0	/home/senescence/Documents/storage2/hiura/docker/bulk_env/data/00_analysis/Repthoscope.v1.0.0/VallePrep_v0.0.0/results/data/HG02135/filfa/HG02135_hap2.t2t.filtered.fasta.gz
216	HG02145_hap1	0	/home/senescence/Documents/storage2/hiura/docker/bulk_env/data/00_analysis/Repthoscope.v1.0.0/VallePrep_v0.0.0/results/data/HG02145/filfa/HG02145_hap1.t2t.filtered.fasta.gz
217	HG02145_hap2	0	/home/senescence/Documents/storage2/hiura/docker/bulk_env/data/00_analysis/Repthoscope.v1.0.0/VallePrep_v0.0.0/results/data/HG02145/filfa/HG02145_hap2.t2t.filtered.fasta.gz
218	HG02148_hap1	0	/home/senescence/Documents/storage2/hiura/docker/bulk_env/data/00_analysis/Repthoscope.v1.0.0/VallePrep_v0.0.0/results/data/HG02148/filfa/HG02148_hap1.t2t.filtered.fasta.gz
219	HG02148_hap2	0	/home/senescence/Documents/storage2/hiura/docker/bulk_env/data/00_analysis/Repthoscope.v1.0.0/VallePrep_v0.0.0/results/data/HG02148/filfa/HG02148_hap2.t2t.filtered.fasta.gz
220	HG02155_hap1	0	/home/senescence/Documents/storage2/hiura/docker/bulk_env/data/00_analysis/Repthoscope.v1.0.0/VallePrep_v0.0.0/results/data/HG02155/filfa/HG02155_hap1.t2t.filtered.fasta.gz
221	HG02155_hap2	0	/home/senescence/Documents/storage2/hiura/docker/bulk_env/data/00_analysis/Repthoscope.v1.0.0/VallePrep_v0.0.0/results/data/HG02155/filfa/HG02155_hap2.t2t.filtered.fasta.gz
222	HG02165_hap1	0	/home/senescence/Documents/storage2/hiura/docker/bulk_env/data/00_analysis/Repthoscope.v1.0.0/VallePrep_v0.0.0/results/data/HG02165/filfa/HG02165_hap1.t2t.filtered.fasta.gz
223	HG02165_hap2	0	/home/senescence/Documents/storage2/hiura/docker/bulk_env/data/00_analysis/Repthoscope.v1.0.0/VallePrep_v0.0.0/results/data/HG02165/filfa/HG02165_hap2.t2t.filtered.fasta.gz
224	HG02178_hap1	0	/home/senescence/Documents/storage2/hiura/docker/bulk_env/data/00_analysis/Repthoscope.v1.0.0/VallePrep_v0.0.0/results/data/HG02178/filfa/HG02178_hap1.t2t.filtered.fasta.gz
225	HG02178_hap2	0	/home/senescence/Documents/storage2/hiura/docker/bulk_env/data/00_analysis/Repthoscope.v1.0.0/VallePrep_v0.0.0/results/data/HG02178/filfa/HG02178_hap2.t2t.filtered.fasta.gz
226	HG02257_hap1	0	/home/senescence/Documents/storage2/hiura/docker/bulk_env/data/00_analysis/Repthoscope.v1.0.0/VallePrep_v0.0.0/results/data/HG02257/filfa/HG02257_hap1.t2t.filtered.fasta.gz
227	HG02257_hap2	0	/home/senescence/Documents/storage2/hiura/docker/bulk_env/data/00_analysis/Repthoscope.v1.0.0/VallePrep_v0.0.0/results/data/HG02257/filfa/HG02257_hap2.t2t.filtered.fasta.gz
228	HG02258_hap1	0	/home/senescence/Documents/storage2/hiura/docker/bulk_env/data/00_analysis/Repthoscope.v1.0.0/VallePrep_v0.0.0/results/data/HG02258/filfa/HG02258_hap1.t2t.filtered.fasta.gz
229	HG02258_hap2	0	/home/senescence/Documents/storage2/hiura/docker/bulk_env/data/00_analysis/Repthoscope.v1.0.0/VallePrep_v0.0.0/results/data/HG02258/filfa/HG02258_hap2.t2t.filtered.fasta.gz
230	HG02273_hap1	0	/home/senescence/Documents/storage2/hiura/docker/bulk_env/data/00_analysis/Repthoscope.v1.0.0/VallePrep_v0.0.0/results/data/HG02273/filfa/HG02273_hap1.t2t.filtered.fasta.gz
231	HG02273_hap2	0	/home/senescence/Documents/storage2/hiura/docker/bulk_env/data/00_analysis/Repthoscope.v1.0.0/VallePrep_v0.0.0/results/data/HG02273/filfa/HG02273_hap2.t2t.filtered.fasta.gz
232	HG02280_hap2	0	/home/senescence/Documents/storage2/hiura/docker/bulk_env/data/00_analysis/Repthoscope.v1.0.0/VallePrep_v0.0.0/results/data/HG02280/filfa/HG02280_hap2.t2t.filtered.fasta.gz
233	HG02282_hap1	0	/home/senescence/Documents/storage2/hiura/docker/bulk_env/data/00_analysis/Repthoscope.v1.0.0/VallePrep_v0.0.0/results/data/HG02282/filfa/HG02282_hap1.t2t.filtered.fasta.gz
234	HG02282_hap2	0	/home/senescence/Documents/storage2/hiura/docker/bulk_env/data/00_analysis/Repthoscope.v1.0.0/VallePrep_v0.0.0/results/data/HG02282/filfa/HG02282_hap2.t2t.filtered.fasta.gz
235	HG02293_hap1	0	/home/senescence/Documents/storage2/hiura/docker/bulk_env/data/00_analysis/Repthoscope.v1.0.0/VallePrep_v0.0.0/results/data/HG02293/filfa/HG02293_hap1.t2t.filtered.fasta.gz
236	HG02293_hap2	0	/home/senescence/Documents/storage2/hiura/docker/bulk_env/data/00_analysis/Repthoscope.v1.0.0/VallePrep_v0.0.0/results/data/HG02293/filfa/HG02293_hap2.t2t.filtered.fasta.gz
237	HG02300_hap1	0	/home/senescence/Documents/storage2/hiura/docker/bulk_env/data/00_analysis/Repthoscope.v1.0.0/VallePrep_v0.0.0/results/data/HG02300/filfa/HG02300_hap1.t2t.filtered.fasta.gz
238	HG02300_hap2	0	/home/senescence/Documents/storage2/hiura/docker/bulk_env/data/00_analysis/Repthoscope.v1.0.0/VallePrep_v0.0.0/results/data/HG02300/filfa/HG02300_hap2.t2t.filtered.fasta.gz
239	HG02391_hap1	0	/home/senescence/Documents/storage2/hiura/docker/bulk_env/data/00_analysis/Repthoscope.v1.0.0/VallePrep_v0.0.0/results/data/HG02391/filfa/HG02391_hap1.t2t.filtered.fasta.gz
240	HG02391_hap2	0	/home/senescence/Documents/storage2/hiura/docker/bulk_env/data/00_analysis/Repthoscope.v1.0.0/VallePrep_v0.0.0/results/data/HG02391/filfa/HG02391_hap2.t2t.filtered.fasta.gz
241	HG02392_hap1	0	/home/senescence/Documents/storage2/hiura/docker/bulk_env/data/00_analysis/Repthoscope.v1.0.0/VallePrep_v0.0.0/results/data/HG02392/filfa/HG02392_hap1.t2t.filtered.fasta.gz
242	HG02392_hap2	0	/home/senescence/Documents/storage2/hiura/docker/bulk_env/data/00_analysis/Repthoscope.v1.0.0/VallePrep_v0.0.0/results/data/HG02392/filfa/HG02392_hap2.t2t.filtered.fasta.gz
243	HG02451_hap1	0	/home/senescence/Documents/storage2/hiura/docker/bulk_env/data/00_analysis/Repthoscope.v1.0.0/VallePrep_v0.0.0/results/data/HG02451/filfa/HG02451_hap1.t2t.filtered.fasta.gz
244	HG02451_hap2	0	/home/senescence/Documents/storage2/hiura/docker/bulk_env/data/00_analysis/Repthoscope.v1.0.0/VallePrep_v0.0.0/results/data/HG02451/filfa/HG02451_hap2.t2t.filtered.fasta.gz
245	HG02486_hap1	0	/home/senescence/Documents/storage2/hiura/docker/bulk_env/data/00_analysis/Repthoscope.v1.0.0/VallePrep_v0.0.0/results/data/HG02486/filfa/HG02486_hap1.t2t.filtered.fasta.gz
246	HG02486_hap2	0	/home/senescence/Documents/storage2/hiura/docker/bulk_env/data/00_analysis/Repthoscope.v1.0.0/VallePrep_v0.0.0/results/data/HG02486/filfa/HG02486_hap2.t2t.filtered.fasta.gz
247	HG02492_hap1	0	/home/senescence/Documents/storage2/hiura/docker/bulk_env/data/00_analysis/Repthoscope.v1.0.0/VallePrep_v0.0.0/results/data/HG02492/filfa/HG02492_hap1.t2t.filtered.fasta.gz
248	HG02492_hap2	0	/home/senescence/Documents/storage2/hiura/docker/bulk_env/data/00_analysis/Repthoscope.v1.0.0/VallePrep_v0.0.0/results/data/HG02492/filfa/HG02492_hap2.t2t.filtered.fasta.gz
249	HG02514_hap1	0	/home/senescence/Documents/storage2/hiura/docker/bulk_env/data/00_analysis/Repthoscope.v1.0.0/VallePrep_v0.0.0/results/data/HG02514/filfa/HG02514_hap1.t2t.filtered.fasta.gz
250	HG02514_hap2	0	/home/senescence/Documents/storage2/hiura/docker/bulk_env/data/00_analysis/Repthoscope.v1.0.0/VallePrep_v0.0.0/results/data/HG02514/filfa/HG02514_hap2.t2t.filtered.fasta.gz
251	HG02523_hap1	0	/home/senescence/Documents/storage2/hiura/docker/bulk_env/data/00_analysis/Repthoscope.v1.0.0/VallePrep_v0.0.0/results/data/HG02523/filfa/HG02523_hap1.t2t.filtered.fasta.gz
252	HG02523_hap2	0	/home/senescence/Documents/storage2/hiura/docker/bulk_env/data/00_analysis/Repthoscope.v1.0.0/VallePrep_v0.0.0/results/data/HG02523/filfa/HG02523_hap2.t2t.filtered.fasta.gz
253	HG02554_hap1	0	/home/senescence/Documents/storage2/hiura/docker/bulk_env/data/00_analysis/Repthoscope.v1.0.0/VallePrep_v0.0.0/results/data/HG02554/filfa/HG02554_hap1.t2t.filtered.fasta.gz
254	HG02554_hap2	0	/home/senescence/Documents/storage2/hiura/docker/bulk_env/data/00_analysis/Repthoscope.v1.0.0/VallePrep_v0.0.0/results/data/HG02554/filfa/HG02554_hap2.t2t.filtered.fasta.gz
255	HG02559_hap1	0	/home/senescence/Documents/storage2/hiura/docker/bulk_env/data/00_analysis/Repthoscope.v1.0.0/VallePrep_v0.0.0/results/data/HG02559/filfa/HG02559_hap1.t2t.filtered.fasta.gz
256	HG02559_hap2	0	/home/senescence/Documents/storage2/hiura/docker/bulk_env/data/00_analysis/Repthoscope.v1.0.0/VallePrep_v0.0.0/results/data/HG02559/filfa/HG02559_hap2.t2t.filtered.fasta.gz
257	HG02572_hap1	0	/home/senescence/Documents/storage2/hiura/docker/bulk_env/data/00_analysis/Repthoscope.v1.0.0/VallePrep_v0.0.0/results/data/HG02572/filfa/HG02572_hap1.t2t.filtered.fasta.gz
258	HG02572_hap2	0	/home/senescence/Documents/storage2/hiura/docker/bulk_env/data/00_analysis/Repthoscope.v1.0.0/VallePrep_v0.0.0/results/data/HG02572/filfa/HG02572_hap2.t2t.filtered.fasta.gz
259	HG02583_hap1	0	/home/senescence/Documents/storage2/hiura/docker/bulk_env/data/00_analysis/Repthoscope.v1.0.0/VallePrep_v0.0.0/results/data/HG02583/filfa/HG02583_hap1.t2t.filtered.fasta.gz
260	HG02583_hap2	0	/home/senescence/Documents/storage2/hiura/docker/bulk_env/data/00_analysis/Repthoscope.v1.0.0/VallePrep_v0.0.0/results/data/HG02583/filfa/HG02583_hap2.t2t.filtered.fasta.gz
261	HG02587_hap1	0	/home/senescence/Documents/storage2/hiura/docker/bulk_env/data/00_analysis/Repthoscope.v1.0.0/VallePrep_v0.0.0/results/data/HG02587/filfa/HG02587_hap1.t2t.filtered.fasta.gz
262	HG02587_hap2	0	/home/senescence/Documents/storage2/hiura/docker/bulk_env/data/00_analysis/Repthoscope.v1.0.0/VallePrep_v0.0.0/results/data/HG02587/filfa/HG02587_hap2.t2t.filtered.fasta.gz
263	HG02602_hap1	0	/home/senescence/Documents/storage2/hiura/docker/bulk_env/data/00_analysis/Repthoscope.v1.0.0/VallePrep_v0.0.0/results/data/HG02602/filfa/HG02602_hap1.t2t.filtered.fasta.gz
264	HG02602_hap2	0	/home/senescence/Documents/storage2/hiura/docker/bulk_env/data/00_analysis/Repthoscope.v1.0.0/VallePrep_v0.0.0/results/data/HG02602/filfa/HG02602_hap2.t2t.filtered.fasta.gz
265	HG02615_hap1	0	/home/senescence/Documents/storage2/hiura/docker/bulk_env/data/00_analysis/Repthoscope.v1.0.0/VallePrep_v0.0.0/results/data/HG02615/filfa/HG02615_hap1.t2t.filtered.fasta.gz
266	HG02615_hap2	0	/home/senescence/Documents/storage2/hiura/docker/bulk_env/data/00_analysis/Repthoscope.v1.0.0/VallePrep_v0.0.0/results/data/HG02615/filfa/HG02615_hap2.t2t.filtered.fasta.gz
267	HG02622_hap1	0	/home/senescence/Documents/storage2/hiura/docker/bulk_env/data/00_analysis/Repthoscope.v1.0.0/VallePrep_v0.0.0/results/data/HG02622/filfa/HG02622_hap1.t2t.filtered.fasta.gz
268	HG02622_hap2	0	/home/senescence/Documents/storage2/hiura/docker/bulk_env/data/00_analysis/Repthoscope.v1.0.0/VallePrep_v0.0.0/results/data/HG02622/filfa/HG02622_hap2.t2t.filtered.fasta.gz
269	HG02630_hap1	0	/home/senescence/Documents/storage2/hiura/docker/bulk_env/data/00_analysis/Repthoscope.v1.0.0/VallePrep_v0.0.0/results/data/HG02630/filfa/HG02630_hap1.t2t.filtered.fasta.gz
270	HG02630_hap2	0	/home/senescence/Documents/storage2/hiura/docker/bulk_env/data/00_analysis/Repthoscope.v1.0.0/VallePrep_v0.0.0/results/data/HG02630/filfa/HG02630_hap2.t2t.filtered.fasta.gz
271	HG02647_hap1	0	/home/senescence/Documents/storage2/hiura/docker/bulk_env/data/00_analysis/Repthoscope.v1.0.0/VallePrep_v0.0.0/results/data/HG02647/filfa/HG02647_hap1.t2t.filtered.fasta.gz
272	HG02647_hap2	0	/home/senescence/Documents/storage2/hiura/docker/bulk_env/data/00_analysis/Repthoscope.v1.0.0/VallePrep_v0.0.0/results/data/HG02647/filfa/HG02647_hap2.t2t.filtered.fasta.gz
273	HG02666_hap1	0	/home/senescence/Documents/storage2/hiura/docker/bulk_env/data/00_analysis/Repthoscope.v1.0.0/VallePrep_v0.0.0/results/data/HG02666/filfa/HG02666_hap1.t2t.filtered.fasta.gz
274	HG02666_hap2	0	/home/senescence/Documents/storage2/hiura/docker/bulk_env/data/00_analysis/Repthoscope.v1.0.0/VallePrep_v0.0.0/results/data/HG02666/filfa/HG02666_hap2.t2t.filtered.fasta.gz
275	HG02668_hap1	0	/home/senescence/Documents/storage2/hiura/docker/bulk_env/data/00_analysis/Repthoscope.v1.0.0/VallePrep_v0.0.0/results/data/HG02668/filfa/HG02668_hap1.t2t.filtered.fasta.gz
276	HG02668_hap2	0	/home/senescence/Documents/storage2/hiura/docker/bulk_env/data/00_analysis/Repthoscope.v1.0.0/VallePrep_v0.0.0/results/data/HG02668/filfa/HG02668_hap2.t2t.filtered.fasta.gz
277	HG02698_hap1	0	/home/senescence/Documents/storage2/hiura/docker/bulk_env/data/00_analysis/Repthoscope.v1.0.0/VallePrep_v0.0.0/results/data/HG02698/filfa/HG02698_hap1.t2t.filtered.fasta.gz
278	HG02698_hap2	0	/home/senescence/Documents/storage2/hiura/docker/bulk_env/data/00_analysis/Repthoscope.v1.0.0/VallePrep_v0.0.0/results/data/HG02698/filfa/HG02698_hap2.t2t.filtered.fasta.gz
279	HG02717_hap1	0	/home/senescence/Documents/storage2/hiura/docker/bulk_env/data/00_analysis/Repthoscope.v1.0.0/VallePrep_v0.0.0/results/data/HG02717/filfa/HG02717_hap1.t2t.filtered.fasta.gz
280	HG02717_hap2	0	/home/senescence/Documents/storage2/hiura/docker/bulk_env/data/00_analysis/Repthoscope.v1.0.0/VallePrep_v0.0.0/results/data/HG02717/filfa/HG02717_hap2.t2t.filtered.fasta.gz
281	HG02723_hap1	0	/home/senescence/Documents/storage2/hiura/docker/bulk_env/data/00_analysis/Repthoscope.v1.0.0/VallePrep_v0.0.0/results/data/HG02723/filfa/HG02723_hap1.t2t.filtered.fasta.gz
282	HG02723_hap2	0	/home/senescence/Documents/storage2/hiura/docker/bulk_env/data/00_analysis/Repthoscope.v1.0.0/VallePrep_v0.0.0/results/data/HG02723/filfa/HG02723_hap2.t2t.filtered.fasta.gz
283	HG02735_hap1	0	/home/senescence/Documents/storage2/hiura/docker/bulk_env/data/00_analysis/Repthoscope.v1.0.0/VallePrep_v0.0.0/results/data/HG02735/filfa/HG02735_hap1.t2t.filtered.fasta.gz
284	HG02735_hap2	0	/home/senescence/Documents/storage2/hiura/docker/bulk_env/data/00_analysis/Repthoscope.v1.0.0/VallePrep_v0.0.0/results/data/HG02735/filfa/HG02735_hap2.t2t.filtered.fasta.gz
285	HG02738_hap1	0	/home/senescence/Documents/storage2/hiura/docker/bulk_env/data/00_analysis/Repthoscope.v1.0.0/VallePrep_v0.0.0/results/data/HG02738/filfa/HG02738_hap1.t2t.filtered.fasta.gz
286	HG02738_hap2	0	/home/senescence/Documents/storage2/hiura/docker/bulk_env/data/00_analysis/Repthoscope.v1.0.0/VallePrep_v0.0.0/results/data/HG02738/filfa/HG02738_hap2.t2t.filtered.fasta.gz
287	HG02769_hap1	0	/home/senescence/Documents/storage2/hiura/docker/bulk_env/data/00_analysis/Repthoscope.v1.0.0/VallePrep_v0.0.0/results/data/HG02769/filfa/HG02769_hap1.t2t.filtered.fasta.gz
288	HG02769_hap2	0	/home/senescence/Documents/storage2/hiura/docker/bulk_env/data/00_analysis/Repthoscope.v1.0.0/VallePrep_v0.0.0/results/data/HG02769/filfa/HG02769_hap2.t2t.filtered.fasta.gz
289	HG02809_hap1	0	/home/senescence/Documents/storage2/hiura/docker/bulk_env/data/00_analysis/Repthoscope.v1.0.0/VallePrep_v0.0.0/results/data/HG02809/filfa/HG02809_hap1.t2t.filtered.fasta.gz
290	HG02809_hap2	0	/home/senescence/Documents/storage2/hiura/docker/bulk_env/data/00_analysis/Repthoscope.v1.0.0/VallePrep_v0.0.0/results/data/HG02809/filfa/HG02809_hap2.t2t.filtered.fasta.gz
291	HG02818_hap1	0	/home/senescence/Documents/storage2/hiura/docker/bulk_env/data/00_analysis/Repthoscope.v1.0.0/VallePrep_v0.0.0/results/data/HG02818/filfa/HG02818_hap1.t2t.filtered.fasta.gz
292	HG02818_hap2	0	/home/senescence/Documents/storage2/hiura/docker/bulk_env/data/00_analysis/Repthoscope.v1.0.0/VallePrep_v0.0.0/results/data/HG02818/filfa/HG02818_hap2.t2t.filtered.fasta.gz
293	HG02841_hap1	0	/home/senescence/Documents/storage2/hiura/docker/bulk_env/data/00_analysis/Repthoscope.v1.0.0/VallePrep_v0.0.0/results/data/HG02841/filfa/HG02841_hap1.t2t.filtered.fasta.gz
294	HG02841_hap2	0	/home/senescence/Documents/storage2/hiura/docker/bulk_env/data/00_analysis/Repthoscope.v1.0.0/VallePrep_v0.0.0/results/data/HG02841/filfa/HG02841_hap2.t2t.filtered.fasta.gz
295	HG02886_hap1	0	/home/senescence/Documents/storage2/hiura/docker/bulk_env/data/00_analysis/Repthoscope.v1.0.0/VallePrep_v0.0.0/results/data/HG02886/filfa/HG02886_hap1.t2t.filtered.fasta.gz
296	HG02886_hap2	0	/home/senescence/Documents/storage2/hiura/docker/bulk_env/data/00_analysis/Repthoscope.v1.0.0/VallePrep_v0.0.0/results/data/HG02886/filfa/HG02886_hap2.t2t.filtered.fasta.gz
297	HG02922_hap1	0	/home/senescence/Documents/storage2/hiura/docker/bulk_env/data/00_analysis/Repthoscope.v1.0.0/VallePrep_v0.0.0/results/data/HG02922/filfa/HG02922_hap1.t2t.filtered.fasta.gz
298	HG02922_hap2	0	/home/senescence/Documents/storage2/hiura/docker/bulk_env/data/00_analysis/Repthoscope.v1.0.0/VallePrep_v0.0.0/results/data/HG02922/filfa/HG02922_hap2.t2t.filtered.fasta.gz
299	HG02953_hap1	0	/home/senescence/Documents/storage2/hiura/docker/bulk_env/data/00_analysis/Repthoscope.v1.0.0/VallePrep_v0.0.0/results/data/HG02953/filfa/HG02953_hap1.t2t.filtered.fasta.gz
300	HG02953_hap2	0	/home/senescence/Documents/storage2/hiura/docker/bulk_env/data/00_analysis/Repthoscope.v1.0.0/VallePrep_v0.0.0/results/data/HG02953/filfa/HG02953_hap2.t2t.filtered.fasta.gz
301	HG02965_hap1	0	/home/senescence/Documents/storage2/hiura/docker/bulk_env/data/00_analysis/Repthoscope.v1.0.0/VallePrep_v0.0.0/results/data/HG02965/filfa/HG02965_hap1.t2t.filtered.fasta.gz
302	HG02965_hap2	0	/home/senescence/Documents/storage2/hiura/docker/bulk_env/data/00_analysis/Repthoscope.v1.0.0/VallePrep_v0.0.0/results/data/HG02965/filfa/HG02965_hap2.t2t.filtered.fasta.gz
303	HG02976_hap1	0	/home/senescence/Documents/storage2/hiura/docker/bulk_env/data/00_analysis/Repthoscope.v1.0.0/VallePrep_v0.0.0/results/data/HG02976/filfa/HG02976_hap1.t2t.filtered.fasta.gz
304	HG02976_hap2	0	/home/senescence/Documents/storage2/hiura/docker/bulk_env/data/00_analysis/Repthoscope.v1.0.0/VallePrep_v0.0.0/results/data/HG02976/filfa/HG02976_hap2.t2t.filtered.fasta.gz
305	HG02984_hap1	0	/home/senescence/Documents/storage2/hiura/docker/bulk_env/data/00_analysis/Repthoscope.v1.0.0/VallePrep_v0.0.0/results/data/HG02984/filfa/HG02984_hap1.t2t.filtered.fasta.gz
306	HG02984_hap2	0	/home/senescence/Documents/storage2/hiura/docker/bulk_env/data/00_analysis/Repthoscope.v1.0.0/VallePrep_v0.0.0/results/data/HG02984/filfa/HG02984_hap2.t2t.filtered.fasta.gz
307	HG03009_hap1	0	/home/senescence/Documents/storage2/hiura/docker/bulk_env/data/00_analysis/Repthoscope.v1.0.0/VallePrep_v0.0.0/results/data/HG03009/filfa/HG03009_hap1.t2t.filtered.fasta.gz
308	HG03009_hap2	0	/home/senescence/Documents/storage2/hiura/docker/bulk_env/data/00_analysis/Repthoscope.v1.0.0/VallePrep_v0.0.0/results/data/HG03009/filfa/HG03009_hap2.t2t.filtered.fasta.gz
309	HG03017_hap1	0	/home/senescence/Documents/storage2/hiura/docker/bulk_env/data/00_analysis/Repthoscope.v1.0.0/VallePrep_v0.0.0/results/data/HG03017/filfa/HG03017_hap1.t2t.filtered.fasta.gz
310	HG03017_hap2	0	/home/senescence/Documents/storage2/hiura/docker/bulk_env/data/00_analysis/Repthoscope.v1.0.0/VallePrep_v0.0.0/results/data/HG03017/filfa/HG03017_hap2.t2t.filtered.fasta.gz
311	HG03041_hap1	0	/home/senescence/Documents/storage2/hiura/docker/bulk_env/data/00_analysis/Repthoscope.v1.0.0/VallePrep_v0.0.0/results/data/HG03041/filfa/HG03041_hap1.t2t.filtered.fasta.gz
312	HG03041_hap2	0	/home/senescence/Documents/storage2/hiura/docker/bulk_env/data/00_analysis/Repthoscope.v1.0.0/VallePrep_v0.0.0/results/data/HG03041/filfa/HG03041_hap2.t2t.filtered.fasta.gz
313	HG03050_hap1	0	/home/senescence/Documents/storage2/hiura/docker/bulk_env/data/00_analysis/Repthoscope.v1.0.0/VallePrep_v0.0.0/results/data/HG03050/filfa/HG03050_hap1.t2t.filtered.fasta.gz
314	HG03050_hap2	0	/home/senescence/Documents/storage2/hiura/docker/bulk_env/data/00_analysis/Repthoscope.v1.0.0/VallePrep_v0.0.0/results/data/HG03050/filfa/HG03050_hap2.t2t.filtered.fasta.gz
315	HG03065_hap1	0	/home/senescence/Documents/storage2/hiura/docker/bulk_env/data/00_analysis/Repthoscope.v1.0.0/VallePrep_v0.0.0/results/data/HG03065/filfa/HG03065_hap1.t2t.filtered.fasta.gz
316	HG03065_hap2	0	/home/senescence/Documents/storage2/hiura/docker/bulk_env/data/00_analysis/Repthoscope.v1.0.0/VallePrep_v0.0.0/results/data/HG03065/filfa/HG03065_hap2.t2t.filtered.fasta.gz
317	HG03098_hap1	0	/home/senescence/Documents/storage2/hiura/docker/bulk_env/data/00_analysis/Repthoscope.v1.0.0/VallePrep_v0.0.0/results/data/HG03098/filfa/HG03098_hap1.t2t.filtered.fasta.gz
318	HG03098_hap2	0	/home/senescence/Documents/storage2/hiura/docker/bulk_env/data/00_analysis/Repthoscope.v1.0.0/VallePrep_v0.0.0/results/data/HG03098/filfa/HG03098_hap2.t2t.filtered.fasta.gz
319	HG03130_hap1	0	/home/senescence/Documents/storage2/hiura/docker/bulk_env/data/00_analysis/Repthoscope.v1.0.0/VallePrep_v0.0.0/results/data/HG03130/filfa/HG03130_hap1.t2t.filtered.fasta.gz
320	HG03130_hap2	0	/home/senescence/Documents/storage2/hiura/docker/bulk_env/data/00_analysis/Repthoscope.v1.0.0/VallePrep_v0.0.0/results/data/HG03130/filfa/HG03130_hap2.t2t.filtered.fasta.gz
321	HG03139_hap1	0	/home/senescence/Documents/storage2/hiura/docker/bulk_env/data/00_analysis/Repthoscope.v1.0.0/VallePrep_v0.0.0/results/data/HG03139/filfa/HG03139_hap1.t2t.filtered.fasta.gz
322	HG03139_hap2	0	/home/senescence/Documents/storage2/hiura/docker/bulk_env/data/00_analysis/Repthoscope.v1.0.0/VallePrep_v0.0.0/results/data/HG03139/filfa/HG03139_hap2.t2t.filtered.fasta.gz
323	HG03195_hap1	0	/home/senescence/Documents/storage2/hiura/docker/bulk_env/data/00_analysis/Repthoscope.v1.0.0/VallePrep_v0.0.0/results/data/HG03195/filfa/HG03195_hap1.t2t.filtered.fasta.gz
324	HG03195_hap2	0	/home/senescence/Documents/storage2/hiura/docker/bulk_env/data/00_analysis/Repthoscope.v1.0.0/VallePrep_v0.0.0/results/data/HG03195/filfa/HG03195_hap2.t2t.filtered.fasta.gz
325	HG03209_hap1	0	/home/senescence/Documents/storage2/hiura/docker/bulk_env/data/00_analysis/Repthoscope.v1.0.0/VallePrep_v0.0.0/results/data/HG03209/filfa/HG03209_hap1.t2t.filtered.fasta.gz
326	HG03209_hap2	0	/home/senescence/Documents/storage2/hiura/docker/bulk_env/data/00_analysis/Repthoscope.v1.0.0/VallePrep_v0.0.0/results/data/HG03209/filfa/HG03209_hap2.t2t.filtered.fasta.gz
327	HG03225_hap1	0	/home/senescence/Documents/storage2/hiura/docker/bulk_env/data/00_analysis/Repthoscope.v1.0.0/VallePrep_v0.0.0/results/data/HG03225/filfa/HG03225_hap1.t2t.filtered.fasta.gz
328	HG03225_hap2	0	/home/senescence/Documents/storage2/hiura/docker/bulk_env/data/00_analysis/Repthoscope.v1.0.0/VallePrep_v0.0.0/results/data/HG03225/filfa/HG03225_hap2.t2t.filtered.fasta.gz
329	HG03239_hap1	0	/home/senescence/Documents/storage2/hiura/docker/bulk_env/data/00_analysis/Repthoscope.v1.0.0/VallePrep_v0.0.0/results/data/HG03239/filfa/HG03239_hap1.t2t.filtered.fasta.gz
330	HG03239_hap2	0	/home/senescence/Documents/storage2/hiura/docker/bulk_env/data/00_analysis/Repthoscope.v1.0.0/VallePrep_v0.0.0/results/data/HG03239/filfa/HG03239_hap2.t2t.filtered.fasta.gz
331	HG03248_hap1	0	/home/senescence/Documents/storage2/hiura/docker/bulk_env/data/00_analysis/Repthoscope.v1.0.0/VallePrep_v0.0.0/results/data/HG03248/filfa/HG03248_hap1.t2t.filtered.fasta.gz
332	HG03248_hap2	0	/home/senescence/Documents/storage2/hiura/docker/bulk_env/data/00_analysis/Repthoscope.v1.0.0/VallePrep_v0.0.0/results/data/HG03248/filfa/HG03248_hap2.t2t.filtered.fasta.gz
333	HG03270_hap1	0	/home/senescence/Documents/storage2/hiura/docker/bulk_env/data/00_analysis/Repthoscope.v1.0.0/VallePrep_v0.0.0/results/data/HG03270/filfa/HG03270_hap1.t2t.filtered.fasta.gz
334	HG03270_hap2	0	/home/senescence/Documents/storage2/hiura/docker/bulk_env/data/00_analysis/Repthoscope.v1.0.0/VallePrep_v0.0.0/results/data/HG03270/filfa/HG03270_hap2.t2t.filtered.fasta.gz
335	HG03369_hap1	0	/home/senescence/Documents/storage2/hiura/docker/bulk_env/data/00_analysis/Repthoscope.v1.0.0/VallePrep_v0.0.0/results/data/HG03369/filfa/HG03369_hap1.t2t.filtered.fasta.gz
336	HG03369_hap2	0	/home/senescence/Documents/storage2/hiura/docker/bulk_env/data/00_analysis/Repthoscope.v1.0.0/VallePrep_v0.0.0/results/data/HG03369/filfa/HG03369_hap2.t2t.filtered.fasta.gz
337	HG03371_hap1	0	/home/senescence/Documents/storage2/hiura/docker/bulk_env/data/00_analysis/Repthoscope.v1.0.0/VallePrep_v0.0.0/results/data/HG03371/filfa/HG03371_hap1.t2t.filtered.fasta.gz
338	HG03371_hap2	0	/home/senescence/Documents/storage2/hiura/docker/bulk_env/data/00_analysis/Repthoscope.v1.0.0/VallePrep_v0.0.0/results/data/HG03371/filfa/HG03371_hap2.t2t.filtered.fasta.gz
339	HG03452_hap1	0	/home/senescence/Documents/storage2/hiura/docker/bulk_env/data/00_analysis/Repthoscope.v1.0.0/VallePrep_v0.0.0/results/data/HG03452/filfa/HG03452_hap1.t2t.filtered.fasta.gz
340	HG03452_hap2	0	/home/senescence/Documents/storage2/hiura/docker/bulk_env/data/00_analysis/Repthoscope.v1.0.0/VallePrep_v0.0.0/results/data/HG03452/filfa/HG03452_hap2.t2t.filtered.fasta.gz
341	HG03453_hap1	0	/home/senescence/Documents/storage2/hiura/docker/bulk_env/data/00_analysis/Repthoscope.v1.0.0/VallePrep_v0.0.0/results/data/HG03453/filfa/HG03453_hap1.t2t.filtered.fasta.gz
342	HG03453_hap2	0	/home/senescence/Documents/storage2/hiura/docker/bulk_env/data/00_analysis/Repthoscope.v1.0.0/VallePrep_v0.0.0/results/data/HG03453/filfa/HG03453_hap2.t2t.filtered.fasta.gz
343	HG03456_hap1	0	/home/senescence/Documents/storage2/hiura/docker/bulk_env/data/00_analysis/Repthoscope.v1.0.0/VallePrep_v0.0.0/results/data/HG03456/filfa/HG03456_hap1.t2t.filtered.fasta.gz
344	HG03456_hap2	0	/home/senescence/Documents/storage2/hiura/docker/bulk_env/data/00_analysis/Repthoscope.v1.0.0/VallePrep_v0.0.0/results/data/HG03456/filfa/HG03456_hap2.t2t.filtered.fasta.gz
345	HG03470_hap1	0	/home/senescence/Documents/storage2/hiura/docker/bulk_env/data/00_analysis/Repthoscope.v1.0.0/VallePrep_v0.0.0/results/data/HG03470/filfa/HG03470_hap1.t2t.filtered.fasta.gz
346	HG03470_hap2	0	/home/senescence/Documents/storage2/hiura/docker/bulk_env/data/00_analysis/Repthoscope.v1.0.0/VallePrep_v0.0.0/results/data/HG03470/filfa/HG03470_hap2.t2t.filtered.fasta.gz
347	HG03471_hap1	0	/home/senescence/Documents/storage2/hiura/docker/bulk_env/data/00_analysis/Repthoscope.v1.0.0/VallePrep_v0.0.0/results/data/HG03471/filfa/HG03471_hap1.t2t.filtered.fasta.gz
348	HG03471_hap2	0	/home/senescence/Documents/storage2/hiura/docker/bulk_env/data/00_analysis/Repthoscope.v1.0.0/VallePrep_v0.0.0/results/data/HG03471/filfa/HG03471_hap2.t2t.filtered.fasta.gz
349	HG03486_hap1	0	/home/senescence/Documents/storage2/hiura/docker/bulk_env/data/00_analysis/Repthoscope.v1.0.0/VallePrep_v0.0.0/results/data/HG03486/filfa/HG03486_hap1.t2t.filtered.fasta.gz
350	HG03486_hap2	0	/home/senescence/Documents/storage2/hiura/docker/bulk_env/data/00_analysis/Repthoscope.v1.0.0/VallePrep_v0.0.0/results/data/HG03486/filfa/HG03486_hap2.t2t.filtered.fasta.gz
351	HG03516_hap1	0	/home/senescence/Documents/storage2/hiura/docker/bulk_env/data/00_analysis/Repthoscope.v1.0.0/VallePrep_v0.0.0/results/data/HG03516/filfa/HG03516_hap1.t2t.filtered.fasta.gz
352	HG03516_hap2	0	/home/senescence/Documents/storage2/hiura/docker/bulk_env/data/00_analysis/Repthoscope.v1.0.0/VallePrep_v0.0.0/results/data/HG03516/filfa/HG03516_hap2.t2t.filtered.fasta.gz
353	HG03520_hap1	0	/home/senescence/Documents/storage2/hiura/docker/bulk_env/data/00_analysis/Repthoscope.v1.0.0/VallePrep_v0.0.0/results/data/HG03520/filfa/HG03520_hap1.t2t.filtered.fasta.gz
354	HG03520_hap2	0	/home/senescence/Documents/storage2/hiura/docker/bulk_env/data/00_analysis/Repthoscope.v1.0.0/VallePrep_v0.0.0/results/data/HG03520/filfa/HG03520_hap2.t2t.filtered.fasta.gz
355	HG03521_hap1	0	/home/senescence/Documents/storage2/hiura/docker/bulk_env/data/00_analysis/Repthoscope.v1.0.0/VallePrep_v0.0.0/results/data/HG03521/filfa/HG03521_hap1.t2t.filtered.fasta.gz
356	HG03521_hap2	0	/home/senescence/Documents/storage2/hiura/docker/bulk_env/data/00_analysis/Repthoscope.v1.0.0/VallePrep_v0.0.0/results/data/HG03521/filfa/HG03521_hap2.t2t.filtered.fasta.gz
357	HG03540_hap1	0	/home/senescence/Documents/storage2/hiura/docker/bulk_env/data/00_analysis/Repthoscope.v1.0.0/VallePrep_v0.0.0/results/data/HG03540/filfa/HG03540_hap1.t2t.filtered.fasta.gz
358	HG03540_hap2	0	/home/senescence/Documents/storage2/hiura/docker/bulk_env/data/00_analysis/Repthoscope.v1.0.0/VallePrep_v0.0.0/results/data/HG03540/filfa/HG03540_hap2.t2t.filtered.fasta.gz
359	HG03579_hap1	0	/home/senescence/Documents/storage2/hiura/docker/bulk_env/data/00_analysis/Repthoscope.v1.0.0/VallePrep_v0.0.0/results/data/HG03579/filfa/HG03579_hap1.t2t.filtered.fasta.gz
360	HG03579_hap2	0	/home/senescence/Documents/storage2/hiura/docker/bulk_env/data/00_analysis/Repthoscope.v1.0.0/VallePrep_v0.0.0/results/data/HG03579/filfa/HG03579_hap2.t2t.filtered.fasta.gz
361	HG03583_hap1	0	/home/senescence/Documents/storage2/hiura/docker/bulk_env/data/00_analysis/Repthoscope.v1.0.0/VallePrep_v0.0.0/results/data/HG03583/filfa/HG03583_hap1.t2t.filtered.fasta.gz
362	HG03583_hap2	0	/home/senescence/Documents/storage2/hiura/docker/bulk_env/data/00_analysis/Repthoscope.v1.0.0/VallePrep_v0.0.0/results/data/HG03583/filfa/HG03583_hap2.t2t.filtered.fasta.gz
363	HG03654_hap1	0	/home/senescence/Documents/storage2/hiura/docker/bulk_env/data/00_analysis/Repthoscope.v1.0.0/VallePrep_v0.0.0/results/data/HG03654/filfa/HG03654_hap1.t2t.filtered.fasta.gz
364	HG03654_hap2	0	/home/senescence/Documents/storage2/hiura/docker/bulk_env/data/00_analysis/Repthoscope.v1.0.0/VallePrep_v0.0.0/results/data/HG03654/filfa/HG03654_hap2.t2t.filtered.fasta.gz
365	HG03669_hap1	0	/home/senescence/Documents/storage2/hiura/docker/bulk_env/data/00_analysis/Repthoscope.v1.0.0/VallePrep_v0.0.0/results/data/HG03669/filfa/HG03669_hap1.t2t.filtered.fasta.gz
366	HG03669_hap2	0	/home/senescence/Documents/storage2/hiura/docker/bulk_env/data/00_analysis/Repthoscope.v1.0.0/VallePrep_v0.0.0/results/data/HG03669/filfa/HG03669_hap2.t2t.filtered.fasta.gz
367	HG03683_hap1	0	/home/senescence/Documents/storage2/hiura/docker/bulk_env/data/00_analysis/Repthoscope.v1.0.0/VallePrep_v0.0.0/results/data/HG03683/filfa/HG03683_hap1.t2t.filtered.fasta.gz
368	HG03683_hap2	0	/home/senescence/Documents/storage2/hiura/docker/bulk_env/data/00_analysis/Repthoscope.v1.0.0/VallePrep_v0.0.0/results/data/HG03683/filfa/HG03683_hap2.t2t.filtered.fasta.gz
369	HG03688_hap1	0	/home/senescence/Documents/storage2/hiura/docker/bulk_env/data/00_analysis/Repthoscope.v1.0.0/VallePrep_v0.0.0/results/data/HG03688/filfa/HG03688_hap1.t2t.filtered.fasta.gz
370	HG03688_hap2	0	/home/senescence/Documents/storage2/hiura/docker/bulk_env/data/00_analysis/Repthoscope.v1.0.0/VallePrep_v0.0.0/results/data/HG03688/filfa/HG03688_hap2.t2t.filtered.fasta.gz
371	HG03704_hap1	0	/home/senescence/Documents/storage2/hiura/docker/bulk_env/data/00_analysis/Repthoscope.v1.0.0/VallePrep_v0.0.0/results/data/HG03704/filfa/HG03704_hap1.t2t.filtered.fasta.gz
372	HG03704_hap2	0	/home/senescence/Documents/storage2/hiura/docker/bulk_env/data/00_analysis/Repthoscope.v1.0.0/VallePrep_v0.0.0/results/data/HG03704/filfa/HG03704_hap2.t2t.filtered.fasta.gz
373	HG03710_hap1	0	/home/senescence/Documents/storage2/hiura/docker/bulk_env/data/00_analysis/Repthoscope.v1.0.0/VallePrep_v0.0.0/results/data/HG03710/filfa/HG03710_hap1.t2t.filtered.fasta.gz
374	HG03710_hap2	0	/home/senescence/Documents/storage2/hiura/docker/bulk_env/data/00_analysis/Repthoscope.v1.0.0/VallePrep_v0.0.0/results/data/HG03710/filfa/HG03710_hap2.t2t.filtered.fasta.gz
375	HG03732_hap2	0	/home/senescence/Documents/storage2/hiura/docker/bulk_env/data/00_analysis/Repthoscope.v1.0.0/VallePrep_v0.0.0/results/data/HG03732/filfa/HG03732_hap2.t2t.filtered.fasta.gz
376	HG03742_hap1	0	/home/senescence/Documents/storage2/hiura/docker/bulk_env/data/00_analysis/Repthoscope.v1.0.0/VallePrep_v0.0.0/results/data/HG03742/filfa/HG03742_hap1.t2t.filtered.fasta.gz
377	HG03742_hap2	0	/home/senescence/Documents/storage2/hiura/docker/bulk_env/data/00_analysis/Repthoscope.v1.0.0/VallePrep_v0.0.0/results/data/HG03742/filfa/HG03742_hap2.t2t.filtered.fasta.gz
378	HG03784_hap1	0	/home/senescence/Documents/storage2/hiura/docker/bulk_env/data/00_analysis/Repthoscope.v1.0.0/VallePrep_v0.0.0/results/data/HG03784/filfa/HG03784_hap1.t2t.filtered.fasta.gz
379	HG03784_hap2	0	/home/senescence/Documents/storage2/hiura/docker/bulk_env/data/00_analysis/Repthoscope.v1.0.0/VallePrep_v0.0.0/results/data/HG03784/filfa/HG03784_hap2.t2t.filtered.fasta.gz
380	HG03804_hap1	0	/home/senescence/Documents/storage2/hiura/docker/bulk_env/data/00_analysis/Repthoscope.v1.0.0/VallePrep_v0.0.0/results/data/HG03804/filfa/HG03804_hap1.t2t.filtered.fasta.gz
381	HG03804_hap2	0	/home/senescence/Documents/storage2/hiura/docker/bulk_env/data/00_analysis/Repthoscope.v1.0.0/VallePrep_v0.0.0/results/data/HG03804/filfa/HG03804_hap2.t2t.filtered.fasta.gz
382	HG03807_hap1	0	/home/senescence/Documents/storage2/hiura/docker/bulk_env/data/00_analysis/Repthoscope.v1.0.0/VallePrep_v0.0.0/results/data/HG03807/filfa/HG03807_hap1.t2t.filtered.fasta.gz
383	HG03807_hap2	0	/home/senescence/Documents/storage2/hiura/docker/bulk_env/data/00_analysis/Repthoscope.v1.0.0/VallePrep_v0.0.0/results/data/HG03807/filfa/HG03807_hap2.t2t.filtered.fasta.gz
384	HG03816_hap1	0	/home/senescence/Documents/storage2/hiura/docker/bulk_env/data/00_analysis/Repthoscope.v1.0.0/VallePrep_v0.0.0/results/data/HG03816/filfa/HG03816_hap1.t2t.filtered.fasta.gz
385	HG03816_hap2	0	/home/senescence/Documents/storage2/hiura/docker/bulk_env/data/00_analysis/Repthoscope.v1.0.0/VallePrep_v0.0.0/results/data/HG03816/filfa/HG03816_hap2.t2t.filtered.fasta.gz
386	HG03831_hap1	0	/home/senescence/Documents/storage2/hiura/docker/bulk_env/data/00_analysis/Repthoscope.v1.0.0/VallePrep_v0.0.0/results/data/HG03831/filfa/HG03831_hap1.t2t.filtered.fasta.gz
387	HG03831_hap2	0	/home/senescence/Documents/storage2/hiura/docker/bulk_env/data/00_analysis/Repthoscope.v1.0.0/VallePrep_v0.0.0/results/data/HG03831/filfa/HG03831_hap2.t2t.filtered.fasta.gz
388	HG03834_hap1	0	/home/senescence/Documents/storage2/hiura/docker/bulk_env/data/00_analysis/Repthoscope.v1.0.0/VallePrep_v0.0.0/results/data/HG03834/filfa/HG03834_hap1.t2t.filtered.fasta.gz
389	HG03834_hap2	0	/home/senescence/Documents/storage2/hiura/docker/bulk_env/data/00_analysis/Repthoscope.v1.0.0/VallePrep_v0.0.0/results/data/HG03834/filfa/HG03834_hap2.t2t.filtered.fasta.gz
390	HG03874_hap1	0	/home/senescence/Documents/storage2/hiura/docker/bulk_env/data/00_analysis/Repthoscope.v1.0.0/VallePrep_v0.0.0/results/data/HG03874/filfa/HG03874_hap1.t2t.filtered.fasta.gz
391	HG03874_hap2	0	/home/senescence/Documents/storage2/hiura/docker/bulk_env/data/00_analysis/Repthoscope.v1.0.0/VallePrep_v0.0.0/results/data/HG03874/filfa/HG03874_hap2.t2t.filtered.fasta.gz
392	HG03927_hap1	0	/home/senescence/Documents/storage2/hiura/docker/bulk_env/data/00_analysis/Repthoscope.v1.0.0/VallePrep_v0.0.0/results/data/HG03927/filfa/HG03927_hap1.t2t.filtered.fasta.gz
393	HG03927_hap2	0	/home/senescence/Documents/storage2/hiura/docker/bulk_env/data/00_analysis/Repthoscope.v1.0.0/VallePrep_v0.0.0/results/data/HG03927/filfa/HG03927_hap2.t2t.filtered.fasta.gz
394	HG03942_hap1	0	/home/senescence/Documents/storage2/hiura/docker/bulk_env/data/00_analysis/Repthoscope.v1.0.0/VallePrep_v0.0.0/results/data/HG03942/filfa/HG03942_hap1.t2t.filtered.fasta.gz
395	HG03942_hap2	0	/home/senescence/Documents/storage2/hiura/docker/bulk_env/data/00_analysis/Repthoscope.v1.0.0/VallePrep_v0.0.0/results/data/HG03942/filfa/HG03942_hap2.t2t.filtered.fasta.gz
396	HG04036_hap1	0	/home/senescence/Documents/storage2/hiura/docker/bulk_env/data/00_analysis/Repthoscope.v1.0.0/VallePrep_v0.0.0/results/data/HG04036/filfa/HG04036_hap1.t2t.filtered.fasta.gz
397	HG04036_hap2	0	/home/senescence/Documents/storage2/hiura/docker/bulk_env/data/00_analysis/Repthoscope.v1.0.0/VallePrep_v0.0.0/results/data/HG04036/filfa/HG04036_hap2.t2t.filtered.fasta.gz
398	HG04115_hap1	0	/home/senescence/Documents/storage2/hiura/docker/bulk_env/data/00_analysis/Repthoscope.v1.0.0/VallePrep_v0.0.0/results/data/HG04115/filfa/HG04115_hap1.t2t.filtered.fasta.gz
399	HG04115_hap2	0	/home/senescence/Documents/storage2/hiura/docker/bulk_env/data/00_analysis/Repthoscope.v1.0.0/VallePrep_v0.0.0/results/data/HG04115/filfa/HG04115_hap2.t2t.filtered.fasta.gz
400	HG04157_hap1	0	/home/senescence/Documents/storage2/hiura/docker/bulk_env/data/00_analysis/Repthoscope.v1.0.0/VallePrep_v0.0.0/results/data/HG04157/filfa/HG04157_hap1.t2t.filtered.fasta.gz
401	HG04157_hap2	0	/home/senescence/Documents/storage2/hiura/docker/bulk_env/data/00_analysis/Repthoscope.v1.0.0/VallePrep_v0.0.0/results/data/HG04157/filfa/HG04157_hap2.t2t.filtered.fasta.gz
402	HG04160_hap1	0	/home/senescence/Documents/storage2/hiura/docker/bulk_env/data/00_analysis/Repthoscope.v1.0.0/VallePrep_v0.0.0/results/data/HG04160/filfa/HG04160_hap1.t2t.filtered.fasta.gz
403	HG04160_hap2	0	/home/senescence/Documents/storage2/hiura/docker/bulk_env/data/00_analysis/Repthoscope.v1.0.0/VallePrep_v0.0.0/results/data/HG04160/filfa/HG04160_hap2.t2t.filtered.fasta.gz
404	HG04184_hap1	0	/home/senescence/Documents/storage2/hiura/docker/bulk_env/data/00_analysis/Repthoscope.v1.0.0/VallePrep_v0.0.0/results/data/HG04184/filfa/HG04184_hap1.t2t.filtered.fasta.gz
405	HG04184_hap2	0	/home/senescence/Documents/storage2/hiura/docker/bulk_env/data/00_analysis/Repthoscope.v1.0.0/VallePrep_v0.0.0/results/data/HG04184/filfa/HG04184_hap2.t2t.filtered.fasta.gz
406	HG04187_hap1	0	/home/senescence/Documents/storage2/hiura/docker/bulk_env/data/00_analysis/Repthoscope.v1.0.0/VallePrep_v0.0.0/results/data/HG04187/filfa/HG04187_hap1.t2t.filtered.fasta.gz
407	HG04187_hap2	0	/home/senescence/Documents/storage2/hiura/docker/bulk_env/data/00_analysis/Repthoscope.v1.0.0/VallePrep_v0.0.0/results/data/HG04187/filfa/HG04187_hap2.t2t.filtered.fasta.gz
408	HG04199_hap1	0	/home/senescence/Documents/storage2/hiura/docker/bulk_env/data/00_analysis/Repthoscope.v1.0.0/VallePrep_v0.0.0/results/data/HG04199/filfa/HG04199_hap1.t2t.filtered.fasta.gz
409	HG04199_hap2	0	/home/senescence/Documents/storage2/hiura/docker/bulk_env/data/00_analysis/Repthoscope.v1.0.0/VallePrep_v0.0.0/results/data/HG04199/filfa/HG04199_hap2.t2t.filtered.fasta.gz
410	HG04204_hap1	0	/home/senescence/Documents/storage2/hiura/docker/bulk_env/data/00_analysis/Repthoscope.v1.0.0/VallePrep_v0.0.0/results/data/HG04204/filfa/HG04204_hap1.t2t.filtered.fasta.gz
411	HG04204_hap2	0	/home/senescence/Documents/storage2/hiura/docker/bulk_env/data/00_analysis/Repthoscope.v1.0.0/VallePrep_v0.0.0/results/data/HG04204/filfa/HG04204_hap2.t2t.filtered.fasta.gz
412	HG04217_hap1	0	/home/senescence/Documents/storage2/hiura/docker/bulk_env/data/00_analysis/Repthoscope.v1.0.0/VallePrep_v0.0.0/results/data/HG04217/filfa/HG04217_hap1.t2t.filtered.fasta.gz
413	HG04217_hap2	0	/home/senescence/Documents/storage2/hiura/docker/bulk_env/data/00_analysis/Repthoscope.v1.0.0/VallePrep_v0.0.0/results/data/HG04217/filfa/HG04217_hap2.t2t.filtered.fasta.gz
414	HG04228_hap1	0	/home/senescence/Documents/storage2/hiura/docker/bulk_env/data/00_analysis/Repthoscope.v1.0.0/VallePrep_v0.0.0/results/data/HG04228/filfa/HG04228_hap1.t2t.filtered.fasta.gz
415	HG04228_hap2	0	/home/senescence/Documents/storage2/hiura/docker/bulk_env/data/00_analysis/Repthoscope.v1.0.0/VallePrep_v0.0.0/results/data/HG04228/filfa/HG04228_hap2.t2t.filtered.fasta.gz
416	HG06807_hap1	0	/home/senescence/Documents/storage2/hiura/docker/bulk_env/data/00_analysis/Repthoscope.v1.0.0/VallePrep_v0.0.0/results/data/HG06807/filfa/HG06807_hap1.t2t.filtered.fasta.gz
417	HG06807_hap2	0	/home/senescence/Documents/storage2/hiura/docker/bulk_env/data/00_analysis/Repthoscope.v1.0.0/VallePrep_v0.0.0/results/data/HG06807/filfa/HG06807_hap2.t2t.filtered.fasta.gz
418	NA12329_hap1	0	/home/senescence/Documents/storage2/hiura/docker/bulk_env/data/00_analysis/Repthoscope.v1.0.0/VallePrep_v0.0.0/results/data/NA12329/filfa/NA12329_hap1.t2t.filtered.fasta.gz
419	NA12329_hap2	0	/home/senescence/Documents/storage2/hiura/docker/bulk_env/data/00_analysis/Repthoscope.v1.0.0/VallePrep_v0.0.0/results/data/NA12329/filfa/NA12329_hap2.t2t.filtered.fasta.gz
420	NA18505_hap1	0	/home/senescence/Documents/storage2/hiura/docker/bulk_env/data/00_analysis/Repthoscope.v1.0.0/VallePrep_v0.0.0/results/data/NA18505/filfa/NA18505_hap1.t2t.filtered.fasta.gz
421	NA18505_hap2	0	/home/senescence/Documents/storage2/hiura/docker/bulk_env/data/00_analysis/Repthoscope.v1.0.0/VallePrep_v0.0.0/results/data/NA18505/filfa/NA18505_hap2.t2t.filtered.fasta.gz
422	NA18508_hap1	0	/home/senescence/Documents/storage2/hiura/docker/bulk_env/data/00_analysis/Repthoscope.v1.0.0/VallePrep_v0.0.0/results/data/NA18508/filfa/NA18508_hap1.t2t.filtered.fasta.gz
423	NA18508_hap2	0	/home/senescence/Documents/storage2/hiura/docker/bulk_env/data/00_analysis/Repthoscope.v1.0.0/VallePrep_v0.0.0/results/data/NA18508/filfa/NA18508_hap2.t2t.filtered.fasta.gz
424	NA18522_hap1	0	/home/senescence/Documents/storage2/hiura/docker/bulk_env/data/00_analysis/Repthoscope.v1.0.0/VallePrep_v0.0.0/results/data/NA18522/filfa/NA18522_hap1.t2t.filtered.fasta.gz
425	NA18522_hap2	0	/home/senescence/Documents/storage2/hiura/docker/bulk_env/data/00_analysis/Repthoscope.v1.0.0/VallePrep_v0.0.0/results/data/NA18522/filfa/NA18522_hap2.t2t.filtered.fasta.gz
426	NA18534_hap1	0	/home/senescence/Documents/storage2/hiura/docker/bulk_env/data/00_analysis/Repthoscope.v1.0.0/VallePrep_v0.0.0/results/data/NA18534/filfa/NA18534_hap1.t2t.filtered.fasta.gz
427	NA18534_hap2	0	/home/senescence/Documents/storage2/hiura/docker/bulk_env/data/00_analysis/Repthoscope.v1.0.0/VallePrep_v0.0.0/results/data/NA18534/filfa/NA18534_hap2.t2t.filtered.fasta.gz
428	NA18565_hap1	0	/home/senescence/Documents/storage2/hiura/docker/bulk_env/data/00_analysis/Repthoscope.v1.0.0/VallePrep_v0.0.0/results/data/NA18565/filfa/NA18565_hap1.t2t.filtered.fasta.gz
429	NA18565_hap2	0	/home/senescence/Documents/storage2/hiura/docker/bulk_env/data/00_analysis/Repthoscope.v1.0.0/VallePrep_v0.0.0/results/data/NA18565/filfa/NA18565_hap2.t2t.filtered.fasta.gz
430	NA18570_hap1	0	/home/senescence/Documents/storage2/hiura/docker/bulk_env/data/00_analysis/Repthoscope.v1.0.0/VallePrep_v0.0.0/results/data/NA18570/filfa/NA18570_hap1.t2t.filtered.fasta.gz
431	NA18570_hap2	0	/home/senescence/Documents/storage2/hiura/docker/bulk_env/data/00_analysis/Repthoscope.v1.0.0/VallePrep_v0.0.0/results/data/NA18570/filfa/NA18570_hap2.t2t.filtered.fasta.gz
432	NA18608_hap1	0	/home/senescence/Documents/storage2/hiura/docker/bulk_env/data/00_analysis/Repthoscope.v1.0.0/VallePrep_v0.0.0/results/data/NA18608/filfa/NA18608_hap1.t2t.filtered.fasta.gz
433	NA18608_hap2	0	/home/senescence/Documents/storage2/hiura/docker/bulk_env/data/00_analysis/Repthoscope.v1.0.0/VallePrep_v0.0.0/results/data/NA18608/filfa/NA18608_hap2.t2t.filtered.fasta.gz
434	NA18620_hap1	0	/home/senescence/Documents/storage2/hiura/docker/bulk_env/data/00_analysis/Repthoscope.v1.0.0/VallePrep_v0.0.0/results/data/NA18620/filfa/NA18620_hap1.t2t.filtered.fasta.gz
435	NA18620_hap2	0	/home/senescence/Documents/storage2/hiura/docker/bulk_env/data/00_analysis/Repthoscope.v1.0.0/VallePrep_v0.0.0/results/data/NA18620/filfa/NA18620_hap2.t2t.filtered.fasta.gz
436	NA18747_hap1	0	/home/senescence/Documents/storage2/hiura/docker/bulk_env/data/00_analysis/Repthoscope.v1.0.0/VallePrep_v0.0.0/results/data/NA18747/filfa/NA18747_hap1.t2t.filtered.fasta.gz
437	NA18747_hap2	0	/home/senescence/Documents/storage2/hiura/docker/bulk_env/data/00_analysis/Repthoscope.v1.0.0/VallePrep_v0.0.0/results/data/NA18747/filfa/NA18747_hap2.t2t.filtered.fasta.gz
438	NA18879_hap1	0	/home/senescence/Documents/storage2/hiura/docker/bulk_env/data/00_analysis/Repthoscope.v1.0.0/VallePrep_v0.0.0/results/data/NA18879/filfa/NA18879_hap1.t2t.filtered.fasta.gz
439	NA18879_hap2	0	/home/senescence/Documents/storage2/hiura/docker/bulk_env/data/00_analysis/Repthoscope.v1.0.0/VallePrep_v0.0.0/results/data/NA18879/filfa/NA18879_hap2.t2t.filtered.fasta.gz
440	NA18906_hap1	0	/home/senescence/Documents/storage2/hiura/docker/bulk_env/data/00_analysis/Repthoscope.v1.0.0/VallePrep_v0.0.0/results/data/NA18906/filfa/NA18906_hap1.t2t.filtered.fasta.gz
441	NA18906_hap2	0	/home/senescence/Documents/storage2/hiura/docker/bulk_env/data/00_analysis/Repthoscope.v1.0.0/VallePrep_v0.0.0/results/data/NA18906/filfa/NA18906_hap2.t2t.filtered.fasta.gz
442	NA18939_hap1	0	/home/senescence/Documents/storage2/hiura/docker/bulk_env/data/00_analysis/Repthoscope.v1.0.0/VallePrep_v0.0.0/results/data/NA18939/filfa/NA18939_hap1.t2t.filtered.fasta.gz
443	NA18939_hap2	0	/home/senescence/Documents/storage2/hiura/docker/bulk_env/data/00_analysis/Repthoscope.v1.0.0/VallePrep_v0.0.0/results/data/NA18939/filfa/NA18939_hap2.t2t.filtered.fasta.gz
444	NA18940_hap1	0	/home/senescence/Documents/storage2/hiura/docker/bulk_env/data/00_analysis/Repthoscope.v1.0.0/VallePrep_v0.0.0/results/data/NA18940/filfa/NA18940_hap1.t2t.filtered.fasta.gz
445	NA18940_hap2	0	/home/senescence/Documents/storage2/hiura/docker/bulk_env/data/00_analysis/Repthoscope.v1.0.0/VallePrep_v0.0.0/results/data/NA18940/filfa/NA18940_hap2.t2t.filtered.fasta.gz
446	NA18943_hap1	0	/home/senescence/Documents/storage2/hiura/docker/bulk_env/data/00_analysis/Repthoscope.v1.0.0/VallePrep_v0.0.0/results/data/NA18943/filfa/NA18943_hap1.t2t.filtered.fasta.gz
447	NA18943_hap2	0	/home/senescence/Documents/storage2/hiura/docker/bulk_env/data/00_analysis/Repthoscope.v1.0.0/VallePrep_v0.0.0/results/data/NA18943/filfa/NA18943_hap2.t2t.filtered.fasta.gz
448	NA18944_hap1	0	/home/senescence/Documents/storage2/hiura/docker/bulk_env/data/00_analysis/Repthoscope.v1.0.0/VallePrep_v0.0.0/results/data/NA18944/filfa/NA18944_hap1.t2t.filtered.fasta.gz
449	NA18944_hap2	0	/home/senescence/Documents/storage2/hiura/docker/bulk_env/data/00_analysis/Repthoscope.v1.0.0/VallePrep_v0.0.0/results/data/NA18944/filfa/NA18944_hap2.t2t.filtered.fasta.gz
450	NA18945_hap1	0	/home/senescence/Documents/storage2/hiura/docker/bulk_env/data/00_analysis/Repthoscope.v1.0.0/VallePrep_v0.0.0/results/data/NA18945/filfa/NA18945_hap1.t2t.filtered.fasta.gz
451	NA18945_hap2	0	/home/senescence/Documents/storage2/hiura/docker/bulk_env/data/00_analysis/Repthoscope.v1.0.0/VallePrep_v0.0.0/results/data/NA18945/filfa/NA18945_hap2.t2t.filtered.fasta.gz
452	NA18948_hap1	0	/home/senescence/Documents/storage2/hiura/docker/bulk_env/data/00_analysis/Repthoscope.v1.0.0/VallePrep_v0.0.0/results/data/NA18948/filfa/NA18948_hap1.t2t.filtered.fasta.gz
453	NA18948_hap2	0	/home/senescence/Documents/storage2/hiura/docker/bulk_env/data/00_analysis/Repthoscope.v1.0.0/VallePrep_v0.0.0/results/data/NA18948/filfa/NA18948_hap2.t2t.filtered.fasta.gz
454	NA18952_hap1	0	/home/senescence/Documents/storage2/hiura/docker/bulk_env/data/00_analysis/Repthoscope.v1.0.0/VallePrep_v0.0.0/results/data/NA18952/filfa/NA18952_hap1.t2t.filtered.fasta.gz
455	NA18952_hap2	0	/home/senescence/Documents/storage2/hiura/docker/bulk_env/data/00_analysis/Repthoscope.v1.0.0/VallePrep_v0.0.0/results/data/NA18952/filfa/NA18952_hap2.t2t.filtered.fasta.gz
456	NA18959_hap1	0	/home/senescence/Documents/storage2/hiura/docker/bulk_env/data/00_analysis/Repthoscope.v1.0.0/VallePrep_v0.0.0/results/data/NA18959/filfa/NA18959_hap1.t2t.filtered.fasta.gz
457	NA18959_hap2	0	/home/senescence/Documents/storage2/hiura/docker/bulk_env/data/00_analysis/Repthoscope.v1.0.0/VallePrep_v0.0.0/results/data/NA18959/filfa/NA18959_hap2.t2t.filtered.fasta.gz
458	NA18960_hap1	0	/home/senescence/Documents/storage2/hiura/docker/bulk_env/data/00_analysis/Repthoscope.v1.0.0/VallePrep_v0.0.0/results/data/NA18960/filfa/NA18960_hap1.t2t.filtered.fasta.gz
459	NA18960_hap2	0	/home/senescence/Documents/storage2/hiura/docker/bulk_env/data/00_analysis/Repthoscope.v1.0.0/VallePrep_v0.0.0/results/data/NA18960/filfa/NA18960_hap2.t2t.filtered.fasta.gz
460	NA18967_hap1	0	/home/senescence/Documents/storage2/hiura/docker/bulk_env/data/00_analysis/Repthoscope.v1.0.0/VallePrep_v0.0.0/results/data/NA18967/filfa/NA18967_hap1.t2t.filtered.fasta.gz
461	NA18967_hap2	0	/home/senescence/Documents/storage2/hiura/docker/bulk_env/data/00_analysis/Repthoscope.v1.0.0/VallePrep_v0.0.0/results/data/NA18967/filfa/NA18967_hap2.t2t.filtered.fasta.gz
462	NA18970_hap1	0	/home/senescence/Documents/storage2/hiura/docker/bulk_env/data/00_analysis/Repthoscope.v1.0.0/VallePrep_v0.0.0/results/data/NA18970/filfa/NA18970_hap1.t2t.filtered.fasta.gz
463	NA18970_hap2	0	/home/senescence/Documents/storage2/hiura/docker/bulk_env/data/00_analysis/Repthoscope.v1.0.0/VallePrep_v0.0.0/results/data/NA18970/filfa/NA18970_hap2.t2t.filtered.fasta.gz
464	NA18971_hap1	0	/home/senescence/Documents/storage2/hiura/docker/bulk_env/data/00_analysis/Repthoscope.v1.0.0/VallePrep_v0.0.0/results/data/NA18971/filfa/NA18971_hap1.t2t.filtered.fasta.gz
465	NA18971_hap2	0	/home/senescence/Documents/storage2/hiura/docker/bulk_env/data/00_analysis/Repthoscope.v1.0.0/VallePrep_v0.0.0/results/data/NA18971/filfa/NA18971_hap2.t2t.filtered.fasta.gz
466	NA18974_hap1	0	/home/senescence/Documents/storage2/hiura/docker/bulk_env/data/00_analysis/Repthoscope.v1.0.0/VallePrep_v0.0.0/results/data/NA18974/filfa/NA18974_hap1.t2t.filtered.fasta.gz
467	NA18974_hap2	0	/home/senescence/Documents/storage2/hiura/docker/bulk_env/data/00_analysis/Repthoscope.v1.0.0/VallePrep_v0.0.0/results/data/NA18974/filfa/NA18974_hap2.t2t.filtered.fasta.gz
468	NA18976_hap1	0	/home/senescence/Documents/storage2/hiura/docker/bulk_env/data/00_analysis/Repthoscope.v1.0.0/VallePrep_v0.0.0/results/data/NA18976/filfa/NA18976_hap1.t2t.filtered.fasta.gz
469	NA18976_hap2	0	/home/senescence/Documents/storage2/hiura/docker/bulk_env/data/00_analysis/Repthoscope.v1.0.0/VallePrep_v0.0.0/results/data/NA18976/filfa/NA18976_hap2.t2t.filtered.fasta.gz
470	NA18982_hap1	0	/home/senescence/Documents/storage2/hiura/docker/bulk_env/data/00_analysis/Repthoscope.v1.0.0/VallePrep_v0.0.0/results/data/NA18982/filfa/NA18982_hap1.t2t.filtered.fasta.gz
471	NA18982_hap2	0	/home/senescence/Documents/storage2/hiura/docker/bulk_env/data/00_analysis/Repthoscope.v1.0.0/VallePrep_v0.0.0/results/data/NA18982/filfa/NA18982_hap2.t2t.filtered.fasta.gz
472	NA18983_hap2	0	/home/senescence/Documents/storage2/hiura/docker/bulk_env/data/00_analysis/Repthoscope.v1.0.0/VallePrep_v0.0.0/results/data/NA18983/filfa/NA18983_hap2.t2t.filtered.fasta.gz
473	NA18989_hap1	0	/home/senescence/Documents/storage2/hiura/docker/bulk_env/data/00_analysis/Repthoscope.v1.0.0/VallePrep_v0.0.0/results/data/NA18989/filfa/NA18989_hap1.t2t.filtered.fasta.gz
474	NA18989_hap2	0	/home/senescence/Documents/storage2/hiura/docker/bulk_env/data/00_analysis/Repthoscope.v1.0.0/VallePrep_v0.0.0/results/data/NA18989/filfa/NA18989_hap2.t2t.filtered.fasta.gz
475	NA19036_hap2	0	/home/senescence/Documents/storage2/hiura/docker/bulk_env/data/00_analysis/Repthoscope.v1.0.0/VallePrep_v0.0.0/results/data/NA19036/filfa/NA19036_hap2.t2t.filtered.fasta.gz
476	NA19043_hap1	0	/home/senescence/Documents/storage2/hiura/docker/bulk_env/data/00_analysis/Repthoscope.v1.0.0/VallePrep_v0.0.0/results/data/NA19043/filfa/NA19043_hap1.t2t.filtered.fasta.gz
477	NA19043_hap2	0	/home/senescence/Documents/storage2/hiura/docker/bulk_env/data/00_analysis/Repthoscope.v1.0.0/VallePrep_v0.0.0/results/data/NA19043/filfa/NA19043_hap2.t2t.filtered.fasta.gz
478	NA19087_hap1	0	/home/senescence/Documents/storage2/hiura/docker/bulk_env/data/00_analysis/Repthoscope.v1.0.0/VallePrep_v0.0.0/results/data/NA19087/filfa/NA19087_hap1.t2t.filtered.fasta.gz
479	NA19087_hap2	0	/home/senescence/Documents/storage2/hiura/docker/bulk_env/data/00_analysis/Repthoscope.v1.0.0/VallePrep_v0.0.0/results/data/NA19087/filfa/NA19087_hap2.t2t.filtered.fasta.gz
480	NA19129_hap1	0	/home/senescence/Documents/storage2/hiura/docker/bulk_env/data/00_analysis/Repthoscope.v1.0.0/VallePrep_v0.0.0/results/data/NA19129/filfa/NA19129_hap1.t2t.filtered.fasta.gz
481	NA19129_hap2	0	/home/senescence/Documents/storage2/hiura/docker/bulk_env/data/00_analysis/Repthoscope.v1.0.0/VallePrep_v0.0.0/results/data/NA19129/filfa/NA19129_hap2.t2t.filtered.fasta.gz
482	NA19159_hap1	0	/home/senescence/Documents/storage2/hiura/docker/bulk_env/data/00_analysis/Repthoscope.v1.0.0/VallePrep_v0.0.0/results/data/NA19159/filfa/NA19159_hap1.t2t.filtered.fasta.gz
483	NA19159_hap2	0	/home/senescence/Documents/storage2/hiura/docker/bulk_env/data/00_analysis/Repthoscope.v1.0.0/VallePrep_v0.0.0/results/data/NA19159/filfa/NA19159_hap2.t2t.filtered.fasta.gz
484	NA19185_hap1	0	/home/senescence/Documents/storage2/hiura/docker/bulk_env/data/00_analysis/Repthoscope.v1.0.0/VallePrep_v0.0.0/results/data/NA19185/filfa/NA19185_hap1.t2t.filtered.fasta.gz
485	NA19185_hap2	0	/home/senescence/Documents/storage2/hiura/docker/bulk_env/data/00_analysis/Repthoscope.v1.0.0/VallePrep_v0.0.0/results/data/NA19185/filfa/NA19185_hap2.t2t.filtered.fasta.gz
486	NA19238_hap1	0	/home/senescence/Documents/storage2/hiura/docker/bulk_env/data/00_analysis/Repthoscope.v1.0.0/VallePrep_v0.0.0/results/data/NA19238/filfa/NA19238_hap1.t2t.filtered.fasta.gz
487	NA19238_hap2	0	/home/senescence/Documents/storage2/hiura/docker/bulk_env/data/00_analysis/Repthoscope.v1.0.0/VallePrep_v0.0.0/results/data/NA19238/filfa/NA19238_hap2.t2t.filtered.fasta.gz
488	NA19239_hap1	0	/home/senescence/Documents/storage2/hiura/docker/bulk_env/data/00_analysis/Repthoscope.v1.0.0/VallePrep_v0.0.0/results/data/NA19239/filfa/NA19239_hap1.t2t.filtered.fasta.gz
489	NA19239_hap2	0	/home/senescence/Documents/storage2/hiura/docker/bulk_env/data/00_analysis/Repthoscope.v1.0.0/VallePrep_v0.0.0/results/data/NA19239/filfa/NA19239_hap2.t2t.filtered.fasta.gz
490	NA19240_hap1	0	/home/senescence/Documents/storage2/hiura/docker/bulk_env/data/00_analysis/Repthoscope.v1.0.0/VallePrep_v0.0.0/results/data/NA19240/filfa/NA19240_hap1.t2t.filtered.fasta.gz
491	NA19240_hap2	0	/home/senescence/Documents/storage2/hiura/docker/bulk_env/data/00_analysis/Repthoscope.v1.0.0/VallePrep_v0.0.0/results/data/NA19240/filfa/NA19240_hap2.t2t.filtered.fasta.gz
492	NA19317_hap1	0	/home/senescence/Documents/storage2/hiura/docker/bulk_env/data/00_analysis/Repthoscope.v1.0.0/VallePrep_v0.0.0/results/data/NA19317/filfa/NA19317_hap1.t2t.filtered.fasta.gz
493	NA19317_hap2	0	/home/senescence/Documents/storage2/hiura/docker/bulk_env/data/00_analysis/Repthoscope.v1.0.0/VallePrep_v0.0.0/results/data/NA19317/filfa/NA19317_hap2.t2t.filtered.fasta.gz
494	NA19331_hap1	0	/home/senescence/Documents/storage2/hiura/docker/bulk_env/data/00_analysis/Repthoscope.v1.0.0/VallePrep_v0.0.0/results/data/NA19331/filfa/NA19331_hap1.t2t.filtered.fasta.gz
495	NA19331_hap2	0	/home/senescence/Documents/storage2/hiura/docker/bulk_env/data/00_analysis/Repthoscope.v1.0.0/VallePrep_v0.0.0/results/data/NA19331/filfa/NA19331_hap2.t2t.filtered.fasta.gz
496	NA19338_hap1	0	/home/senescence/Documents/storage2/hiura/docker/bulk_env/data/00_analysis/Repthoscope.v1.0.0/VallePrep_v0.0.0/results/data/NA19338/filfa/NA19338_hap1.t2t.filtered.fasta.gz
497	NA19338_hap2	0	/home/senescence/Documents/storage2/hiura/docker/bulk_env/data/00_analysis/Repthoscope.v1.0.0/VallePrep_v0.0.0/results/data/NA19338/filfa/NA19338_hap2.t2t.filtered.fasta.gz
498	NA19347_hap1	0	/home/senescence/Documents/storage2/hiura/docker/bulk_env/data/00_analysis/Repthoscope.v1.0.0/VallePrep_v0.0.0/results/data/NA19347/filfa/NA19347_hap1.t2t.filtered.fasta.gz
499	NA19347_hap2	0	/home/senescence/Documents/storage2/hiura/docker/bulk_env/data/00_analysis/Repthoscope.v1.0.0/VallePrep_v0.0.0/results/data/NA19347/filfa/NA19347_hap2.t2t.filtered.fasta.gz
500	NA19384_hap1	0	/home/senescence/Documents/storage2/hiura/docker/bulk_env/data/00_analysis/Repthoscope.v1.0.0/VallePrep_v0.0.0/results/data/NA19384/filfa/NA19384_hap1.t2t.filtered.fasta.gz
501	NA19384_hap2	0	/home/senescence/Documents/storage2/hiura/docker/bulk_env/data/00_analysis/Repthoscope.v1.0.0/VallePrep_v0.0.0/results/data/NA19384/filfa/NA19384_hap2.t2t.filtered.fasta.gz
502	NA19391_hap1	0	/home/senescence/Documents/storage2/hiura/docker/bulk_env/data/00_analysis/Repthoscope.v1.0.0/VallePrep_v0.0.0/results/data/NA19391/filfa/NA19391_hap1.t2t.filtered.fasta.gz
503	NA19391_hap2	0	/home/senescence/Documents/storage2/hiura/docker/bulk_env/data/00_analysis/Repthoscope.v1.0.0/VallePrep_v0.0.0/results/data/NA19391/filfa/NA19391_hap2.t2t.filtered.fasta.gz
504	NA19434_hap1	0	/home/senescence/Documents/storage2/hiura/docker/bulk_env/data/00_analysis/Repthoscope.v1.0.0/VallePrep_v0.0.0/results/data/NA19434/filfa/NA19434_hap1.t2t.filtered.fasta.gz
505	NA19434_hap2	0	/home/senescence/Documents/storage2/hiura/docker/bulk_env/data/00_analysis/Repthoscope.v1.0.0/VallePrep_v0.0.0/results/data/NA19434/filfa/NA19434_hap2.t2t.filtered.fasta.gz
506	NA19443_hap1	0	/home/senescence/Documents/storage2/hiura/docker/bulk_env/data/00_analysis/Repthoscope.v1.0.0/VallePrep_v0.0.0/results/data/NA19443/filfa/NA19443_hap1.t2t.filtered.fasta.gz
507	NA19443_hap2	0	/home/senescence/Documents/storage2/hiura/docker/bulk_env/data/00_analysis/Repthoscope.v1.0.0/VallePrep_v0.0.0/results/data/NA19443/filfa/NA19443_hap2.t2t.filtered.fasta.gz
508	NA19468_hap1	0	/home/senescence/Documents/storage2/hiura/docker/bulk_env/data/00_analysis/Repthoscope.v1.0.0/VallePrep_v0.0.0/results/data/NA19468/filfa/NA19468_hap1.t2t.filtered.fasta.gz
509	NA19468_hap2	0	/home/senescence/Documents/storage2/hiura/docker/bulk_env/data/00_analysis/Repthoscope.v1.0.0/VallePrep_v0.0.0/results/data/NA19468/filfa/NA19468_hap2.t2t.filtered.fasta.gz
510	NA19650_hap1	0	/home/senescence/Documents/storage2/hiura/docker/bulk_env/data/00_analysis/Repthoscope.v1.0.0/VallePrep_v0.0.0/results/data/NA19650/filfa/NA19650_hap1.t2t.filtered.fasta.gz
511	NA19650_hap2	0	/home/senescence/Documents/storage2/hiura/docker/bulk_env/data/00_analysis/Repthoscope.v1.0.0/VallePrep_v0.0.0/results/data/NA19650/filfa/NA19650_hap2.t2t.filtered.fasta.gz
512	NA19682_hap1	0	/home/senescence/Documents/storage2/hiura/docker/bulk_env/data/00_analysis/Repthoscope.v1.0.0/VallePrep_v0.0.0/results/data/NA19682/filfa/NA19682_hap1.t2t.filtered.fasta.gz
513	NA19682_hap2	0	/home/senescence/Documents/storage2/hiura/docker/bulk_env/data/00_analysis/Repthoscope.v1.0.0/VallePrep_v0.0.0/results/data/NA19682/filfa/NA19682_hap2.t2t.filtered.fasta.gz
514	NA19700_hap1	0	/home/senescence/Documents/storage2/hiura/docker/bulk_env/data/00_analysis/Repthoscope.v1.0.0/VallePrep_v0.0.0/results/data/NA19700/filfa/NA19700_hap1.t2t.filtered.fasta.gz
515	NA19705_hap1	0	/home/senescence/Documents/storage2/hiura/docker/bulk_env/data/00_analysis/Repthoscope.v1.0.0/VallePrep_v0.0.0/results/data/NA19705/filfa/NA19705_hap1.t2t.filtered.fasta.gz
516	NA19705_hap2	0	/home/senescence/Documents/storage2/hiura/docker/bulk_env/data/00_analysis/Repthoscope.v1.0.0/VallePrep_v0.0.0/results/data/NA19705/filfa/NA19705_hap2.t2t.filtered.fasta.gz
517	NA19776_hap1	0	/home/senescence/Documents/storage2/hiura/docker/bulk_env/data/00_analysis/Repthoscope.v1.0.0/VallePrep_v0.0.0/results/data/NA19776/filfa/NA19776_hap1.t2t.filtered.fasta.gz
518	NA19776_hap2	0	/home/senescence/Documents/storage2/hiura/docker/bulk_env/data/00_analysis/Repthoscope.v1.0.0/VallePrep_v0.0.0/results/data/NA19776/filfa/NA19776_hap2.t2t.filtered.fasta.gz
519	NA19835_hap1	0	/home/senescence/Documents/storage2/hiura/docker/bulk_env/data/00_analysis/Repthoscope.v1.0.0/VallePrep_v0.0.0/results/data/NA19835/filfa/NA19835_hap1.t2t.filtered.fasta.gz
520	NA19835_hap2	0	/home/senescence/Documents/storage2/hiura/docker/bulk_env/data/00_analysis/Repthoscope.v1.0.0/VallePrep_v0.0.0/results/data/NA19835/filfa/NA19835_hap2.t2t.filtered.fasta.gz
521	NA19836_hap1	0	/home/senescence/Documents/storage2/hiura/docker/bulk_env/data/00_analysis/Repthoscope.v1.0.0/VallePrep_v0.0.0/results/data/NA19836/filfa/NA19836_hap1.t2t.filtered.fasta.gz
522	NA19836_hap2	0	/home/senescence/Documents/storage2/hiura/docker/bulk_env/data/00_analysis/Repthoscope.v1.0.0/VallePrep_v0.0.0/results/data/NA19836/filfa/NA19836_hap2.t2t.filtered.fasta.gz
523	NA19909_hap1	0	/home/senescence/Documents/storage2/hiura/docker/bulk_env/data/00_analysis/Repthoscope.v1.0.0/VallePrep_v0.0.0/results/data/NA19909/filfa/NA19909_hap1.t2t.filtered.fasta.gz
524	NA19983_hap1	0	/home/senescence/Documents/storage2/hiura/docker/bulk_env/data/00_analysis/Repthoscope.v1.0.0/VallePrep_v0.0.0/results/data/NA19983/filfa/NA19983_hap1.t2t.filtered.fasta.gz
525	NA19983_hap2	0	/home/senescence/Documents/storage2/hiura/docker/bulk_env/data/00_analysis/Repthoscope.v1.0.0/VallePrep_v0.0.0/results/data/NA19983/filfa/NA19983_hap2.t2t.filtered.fasta.gz
526	NA20129_hap1	0	/home/senescence/Documents/storage2/hiura/docker/bulk_env/data/00_analysis/Repthoscope.v1.0.0/VallePrep_v0.0.0/results/data/NA20129/filfa/NA20129_hap1.t2t.filtered.fasta.gz
527	NA20129_hap2	0	/home/senescence/Documents/storage2/hiura/docker/bulk_env/data/00_analysis/Repthoscope.v1.0.0/VallePrep_v0.0.0/results/data/NA20129/filfa/NA20129_hap2.t2t.filtered.fasta.gz
528	NA20282_hap1	0	/home/senescence/Documents/storage2/hiura/docker/bulk_env/data/00_analysis/Repthoscope.v1.0.0/VallePrep_v0.0.0/results/data/NA20282/filfa/NA20282_hap1.t2t.filtered.fasta.gz
529	NA20282_hap2	0	/home/senescence/Documents/storage2/hiura/docker/bulk_env/data/00_analysis/Repthoscope.v1.0.0/VallePrep_v0.0.0/results/data/NA20282/filfa/NA20282_hap2.t2t.filtered.fasta.gz
530	NA20346_hap1	0	/home/senescence/Documents/storage2/hiura/docker/bulk_env/data/00_analysis/Repthoscope.v1.0.0/VallePrep_v0.0.0/results/data/NA20346/filfa/NA20346_hap1.t2t.filtered.fasta.gz
531	NA20346_hap2	0	/home/senescence/Documents/storage2/hiura/docker/bulk_env/data/00_analysis/Repthoscope.v1.0.0/VallePrep_v0.0.0/results/data/NA20346/filfa/NA20346_hap2.t2t.filtered.fasta.gz
532	NA20355_hap1	0	/home/senescence/Documents/storage2/hiura/docker/bulk_env/data/00_analysis/Repthoscope.v1.0.0/VallePrep_v0.0.0/results/data/NA20355/filfa/NA20355_hap1.t2t.filtered.fasta.gz
533	NA20355_hap2	0	/home/senescence/Documents/storage2/hiura/docker/bulk_env/data/00_analysis/Repthoscope.v1.0.0/VallePrep_v0.0.0/results/data/NA20355/filfa/NA20355_hap2.t2t.filtered.fasta.gz
534	NA20503_hap1	0	/home/senescence/Documents/storage2/hiura/docker/bulk_env/data/00_analysis/Repthoscope.v1.0.0/VallePrep_v0.0.0/results/data/NA20503/filfa/NA20503_hap1.t2t.filtered.fasta.gz
535	NA20503_hap2	0	/home/senescence/Documents/storage2/hiura/docker/bulk_env/data/00_analysis/Repthoscope.v1.0.0/VallePrep_v0.0.0/results/data/NA20503/filfa/NA20503_hap2.t2t.filtered.fasta.gz
536	NA20509_hap1	0	/home/senescence/Documents/storage2/hiura/docker/bulk_env/data/00_analysis/Repthoscope.v1.0.0/VallePrep_v0.0.0/results/data/NA20509/filfa/NA20509_hap1.t2t.filtered.fasta.gz
537	NA20509_hap2	0	/home/senescence/Documents/storage2/hiura/docker/bulk_env/data/00_analysis/Repthoscope.v1.0.0/VallePrep_v0.0.0/results/data/NA20509/filfa/NA20509_hap2.t2t.filtered.fasta.gz
538	NA20752_hap1	0	/home/senescence/Documents/storage2/hiura/docker/bulk_env/data/00_analysis/Repthoscope.v1.0.0/VallePrep_v0.0.0/results/data/NA20752/filfa/NA20752_hap1.t2t.filtered.fasta.gz
539	NA20752_hap2	0	/home/senescence/Documents/storage2/hiura/docker/bulk_env/data/00_analysis/Repthoscope.v1.0.0/VallePrep_v0.0.0/results/data/NA20752/filfa/NA20752_hap2.t2t.filtered.fasta.gz
540	NA20762_hap1	0	/home/senescence/Documents/storage2/hiura/docker/bulk_env/data/00_analysis/Repthoscope.v1.0.0/VallePrep_v0.0.0/results/data/NA20762/filfa/NA20762_hap1.t2t.filtered.fasta.gz
541	NA20762_hap2	0	/home/senescence/Documents/storage2/hiura/docker/bulk_env/data/00_analysis/Repthoscope.v1.0.0/VallePrep_v0.0.0/results/data/NA20762/filfa/NA20762_hap2.t2t.filtered.fasta.gz
542	NA20799_hap1	0	/home/senescence/Documents/storage2/hiura/docker/bulk_env/data/00_analysis/Repthoscope.v1.0.0/VallePrep_v0.0.0/results/data/NA20799/filfa/NA20799_hap1.t2t.filtered.fasta.gz
543	NA20799_hap2	0	/home/senescence/Documents/storage2/hiura/docker/bulk_env/data/00_analysis/Repthoscope.v1.0.0/VallePrep_v0.0.0/results/data/NA20799/filfa/NA20799_hap2.t2t.filtered.fasta.gz
544	NA20805_hap1	0	/home/senescence/Documents/storage2/hiura/docker/bulk_env/data/00_analysis/Repthoscope.v1.0.0/VallePrep_v0.0.0/results/data/NA20805/filfa/NA20805_hap1.t2t.filtered.fasta.gz
545	NA20805_hap2	0	/home/senescence/Documents/storage2/hiura/docker/bulk_env/data/00_analysis/Repthoscope.v1.0.0/VallePrep_v0.0.0/results/data/NA20805/filfa/NA20805_hap2.t2t.filtered.fasta.gz
546	NA20806_hap1	0	/home/senescence/Documents/storage2/hiura/docker/bulk_env/data/00_analysis/Repthoscope.v1.0.0/VallePrep_v0.0.0/results/data/NA20806/filfa/NA20806_hap1.t2t.filtered.fasta.gz
547	NA20806_hap2	0	/home/senescence/Documents/storage2/hiura/docker/bulk_env/data/00_analysis/Repthoscope.v1.0.0/VallePrep_v0.0.0/results/data/NA20806/filfa/NA20806_hap2.t2t.filtered.fasta.gz
548	NA20809_hap1	0	/home/senescence/Documents/storage2/hiura/docker/bulk_env/data/00_analysis/Repthoscope.v1.0.0/VallePrep_v0.0.0/results/data/NA20809/filfa/NA20809_hap1.t2t.filtered.fasta.gz
549	NA20809_hap2	0	/home/senescence/Documents/storage2/hiura/docker/bulk_env/data/00_analysis/Repthoscope.v1.0.0/VallePrep_v0.0.0/results/data/NA20809/filfa/NA20809_hap2.t2t.filtered.fasta.gz
550	NA20827_hap1	0	/home/senescence/Documents/storage2/hiura/docker/bulk_env/data/00_analysis/Repthoscope.v1.0.0/VallePrep_v0.0.0/results/data/NA20827/filfa/NA20827_hap1.t2t.filtered.fasta.gz
551	NA20827_hap2	0	/home/senescence/Documents/storage2/hiura/docker/bulk_env/data/00_analysis/Repthoscope.v1.0.0/VallePrep_v0.0.0/results/data/NA20827/filfa/NA20827_hap2.t2t.filtered.fasta.gz
552	NA20847_hap1	0	/home/senescence/Documents/storage2/hiura/docker/bulk_env/data/00_analysis/Repthoscope.v1.0.0/VallePrep_v0.0.0/results/data/NA20847/filfa/NA20847_hap1.t2t.filtered.fasta.gz
553	NA20847_hap2	0	/home/senescence/Documents/storage2/hiura/docker/bulk_env/data/00_analysis/Repthoscope.v1.0.0/VallePrep_v0.0.0/results/data/NA20847/filfa/NA20847_hap2.t2t.filtered.fasta.gz
554	NA20850_hap1	0	/home/senescence/Documents/storage2/hiura/docker/bulk_env/data/00_analysis/Repthoscope.v1.0.0/VallePrep_v0.0.0/results/data/NA20850/filfa/NA20850_hap1.t2t.filtered.fasta.gz
555	NA20850_hap2	0	/home/senescence/Documents/storage2/hiura/docker/bulk_env/data/00_analysis/Repthoscope.v1.0.0/VallePrep_v0.0.0/results/data/NA20850/filfa/NA20850_hap2.t2t.filtered.fasta.gz
556	NA20870_hap1	0	/home/senescence/Documents/storage2/hiura/docker/bulk_env/data/00_analysis/Repthoscope.v1.0.0/VallePrep_v0.0.0/results/data/NA20870/filfa/NA20870_hap1.t2t.filtered.fasta.gz
557	NA20870_hap2	0	/home/senescence/Documents/storage2/hiura/docker/bulk_env/data/00_analysis/Repthoscope.v1.0.0/VallePrep_v0.0.0/results/data/NA20870/filfa/NA20870_hap2.t2t.filtered.fasta.gz
558	NA20905_hap1	0	/home/senescence/Documents/storage2/hiura/docker/bulk_env/data/00_analysis/Repthoscope.v1.0.0/VallePrep_v0.0.0/results/data/NA20905/filfa/NA20905_hap1.t2t.filtered.fasta.gz
559	NA20905_hap2	0	/home/senescence/Documents/storage2/hiura/docker/bulk_env/data/00_analysis/Repthoscope.v1.0.0/VallePrep_v0.0.0/results/data/NA20905/filfa/NA20905_hap2.t2t.filtered.fasta.gz
560	NA21093_hap1	0	/home/senescence/Documents/storage2/hiura/docker/bulk_env/data/00_analysis/Repthoscope.v1.0.0/VallePrep_v0.0.0/results/data/NA21093/filfa/NA21093_hap1.t2t.filtered.fasta.gz
561	NA21093_hap2	0	/home/senescence/Documents/storage2/hiura/docker/bulk_env/data/00_analysis/Repthoscope.v1.0.0/VallePrep_v0.0.0/results/data/NA21093/filfa/NA21093_hap2.t2t.filtered.fasta.gz
562	NA21102_hap1	0	/home/senescence/Documents/storage2/hiura/docker/bulk_env/data/00_analysis/Repthoscope.v1.0.0/VallePrep_v0.0.0/results/data/NA21102/filfa/NA21102_hap1.t2t.filtered.fasta.gz
563	NA21102_hap2	0	/home/senescence/Documents/storage2/hiura/docker/bulk_env/data/00_analysis/Repthoscope.v1.0.0/VallePrep_v0.0.0/results/data/NA21102/filfa/NA21102_hap2.t2t.filtered.fasta.gz
564	NA21106_hap1	0	/home/senescence/Documents/storage2/hiura/docker/bulk_env/data/00_analysis/Repthoscope.v1.0.0/VallePrep_v0.0.0/results/data/NA21106/filfa/NA21106_hap1.t2t.filtered.fasta.gz
565	NA21106_hap2	0	/home/senescence/Documents/storage2/hiura/docker/bulk_env/data/00_analysis/Repthoscope.v1.0.0/VallePrep_v0.0.0/results/data/NA21106/filfa/NA21106_hap2.t2t.filtered.fasta.gz
566	NA21110_hap1	0	/home/senescence/Documents/storage2/hiura/docker/bulk_env/data/00_analysis/Repthoscope.v1.0.0/VallePrep_v0.0.0/results/data/NA21110/filfa/NA21110_hap1.t2t.filtered.fasta.gz
567	NA21110_hap2	0	/home/senescence/Documents/storage2/hiura/docker/bulk_env/data/00_analysis/Repthoscope.v1.0.0/VallePrep_v0.0.0/results/data/NA21110/filfa/NA21110_hap2.t2t.filtered.fasta.gz
568	NA21144_hap1	0	/home/senescence/Documents/storage2/hiura/docker/bulk_env/data/00_analysis/Repthoscope.v1.0.0/VallePrep_v0.0.0/results/data/NA21144/filfa/NA21144_hap1.t2t.filtered.fasta.gz
569	NA21144_hap2	0	/home/senescence/Documents/storage2/hiura/docker/bulk_env/data/00_analysis/Repthoscope.v1.0.0/VallePrep_v0.0.0/results/data/NA21144/filfa/NA21144_hap2.t2t.filtered.fasta.gz
570	NA21309_hap1	0	/home/senescence/Documents/storage2/hiura/docker/bulk_env/data/00_analysis/Repthoscope.v1.0.0/VallePrep_v0.0.0/results/data/NA21309/filfa/NA21309_hap1.t2t.filtered.fasta.gz
571	NA21309_hap2	0	/home/senescence/Documents/storage2/hiura/docker/bulk_env/data/00_analysis/Repthoscope.v1.0.0/VallePrep_v0.0.0/results/data/NA21309/filfa/NA21309_hap2.t2t.filtered.fasta.gz
572	NA21487_hap1	0	/home/senescence/Documents/storage2/hiura/docker/bulk_env/data/00_analysis/Repthoscope.v1.0.0/VallePrep_v0.0.0/results/data/NA21487/filfa/NA21487_hap1.t2t.filtered.fasta.gz
573	NA21487_hap2	0	/home/senescence/Documents/storage2/hiura/docker/bulk_env/data/00_analysis/Repthoscope.v1.0.0/VallePrep_v0.0.0/results/data/NA21487/filfa/NA21487_hap2.t2t.filtered.fasta.gz
