kmer_id	hap	HSat3_group	group_status	HSat3_exact_hits	HSat3_valid_16mer_starts	HSat3_density_per_M	union_plus_background_exact_hits
k16_3e476af8	chm13v2.0	reference	reference_projection_only	30026	69357083	432.9190141978722	30026
k16_3e476af8	HG00096_hap1	NA	incomplete_core_regions	15400	17894657	860.5920750534643	15400
k16_3e476af8	HG00096_hap2	G2	stable_partition	13119	16896342	776.4402496114247	13119
k16_3e476af8	HG00097_hap1	G3	stable_partition	13199	17290243	763.3785135350614	13199
k16_3e476af8	HG00097_hap2	G4	stable_partition	11270	14784379	762.2910641021851	11270
k16_3e476af8	HG00099_hap1	G3	stable_partition	16445	18799475	874.7584706487814	16445
k16_3e476af8	HG00099_hap2	G7	stable_partition	12447	16084614	773.8451168302827	12447
k16_3e476af8	HG00126_hap2	G7	stable_partition	14302	16850918	848.7371429853257	14302
k16_3e476af8	HG00128_hap1	G4	stable_partition	13979	16782353	832.9582866002163	13979
k16_3e476af8	HG00128_hap2	G3	stable_partition	9055	12396871	730.4262503013865	9055
k16_3e476af8	HG00133_hap1	NA	incomplete_core_regions	352	3415045	103.07331235752385	352
k16_3e476af8	HG00133_hap2	G7	stable_partition	520	4807429	108.16592403132735	520
k16_3e476af8	HG00140_hap1	NA	incomplete_core_regions	93	3526830	26.369289135002255	93
k16_3e476af8	HG00140_hap2	G7	stable_partition	17306	21153361	818.1205814054797	17306
k16_3e476af8	HG00146_hap1	G7	stable_partition	478	3048652	156.79060778337444	478
k16_3e476af8	HG00146_hap2	G3	stable_partition	258	3739082	69.00089380227553	258
k16_3e476af8	HG00171_hap1	G3	stable_partition	19538	23144876	844.1609278874512	19538
k16_3e476af8	HG00171_hap2	G7	stable_partition	486	4947657	98.2283129165987	486
k16_3e476af8	hg002v1.1_hap1	G7	stable_partition	22915	25960104	882.7006240036635	22915
k16_3e476af8	hg002v1.1_hap2	G5	stable_partition	11909	37803162	315.0265578313264	11909
k16_3e476af8	HG00232_hap1	G7	stable_partition	13934	17219688	809.1900387509925	13934
k16_3e476af8	HG00232_hap2	G2	stable_partition	16572	19532606	848.4274960545458	16572
k16_3e476af8	HG00235_hap1	G2	stable_partition	10400	13644950	762.1867430807735	10400
k16_3e476af8	HG00235_hap2	G7	stable_partition	15574	19073716	816.5162991836514	15574
k16_3e476af8	HG00253_hap1	NA	incomplete_core_regions	48	1236791	38.81011423918835	48
k16_3e476af8	HG00253_hap2	NA	incomplete_core_regions	46	1043313	44.090316137151554	46
k16_3e476af8	HG00268_hap1	NA	incomplete_core_regions	16802	19828263	847.3762931225998	16802
k16_3e476af8	HG00268_hap2	G7	stable_partition	12704	16077906	790.1526479878661	12704
k16_3e476af8	HG00272_hap1	G6	stable_partition	11860	15887047	746.5201053411625	11860
k16_3e476af8	HG00280_hap1	G7	stable_partition	13679	15925672	858.9276483905985	13679
k16_3e476af8	HG00280_hap2	G2	stable_partition	12857	14919641	861.7499576564878	12857
k16_3e476af8	HG00290_hap1	G7	stable_partition	515	4510328	114.1823831880963	515
k16_3e476af8	HG00290_hap2	G7	stable_partition	580	4692244	123.60823520686476	580
k16_3e476af8	HG00320_hap1	G3	stable_partition	10031	13995185	716.7465096031242	10031
k16_3e476af8	HG00320_hap2	G6	stable_partition	12985	16144728	804.2873190554836	12985
k16_3e476af8	HG00321_hap1	G6	stable_partition	24605	28126726	874.7907595075233	24605
k16_3e476af8	HG00321_hap2	G5	stable_partition	11570	15680438	737.8620418638817	11570
k16_3e476af8	HG00323_hap1	G5	stable_partition	19726	23287303	847.071041245094	19726
k16_3e476af8	HG00323_hap2	G3	stable_partition	334	4718406	70.78661734492538	334
k16_3e476af8	HG00329_hap1	G7	stable_partition	483	3938532	122.63452474170577	483
k16_3e476af8	HG00329_hap2	G2	stable_partition	225	2291540	98.18724525864702	225
k16_3e476af8	HG00344_hap1	G6	stable_partition	483	3708700	130.23431391053467	483
k16_3e476af8	HG00344_hap2	G3	stable_partition	329	3729505	88.21546022863625	329
k16_3e476af8	HG00350_hap1	G7	stable_partition	17726	20676556	857.2994458071257	17726
k16_3e476af8	HG00350_hap2	G4	stable_partition	18407	21130300	871.1187252428977	18407
k16_3e476af8	HG00358_hap1	G6	stable_partition	520	4525412	114.90666485173062	520
k16_3e476af8	HG00358_hap2	G3	stable_partition	13449	16380186	821.0529477504101	13449
k16_3e476af8	HG00408_hap1	NA	incomplete_core_regions	13107	14421132	908.8745599166556	13107
k16_3e476af8	HG00408_hap2	NA	incomplete_core_regions	12037	13826109	870.5992408999524	12037
k16_3e476af8	HG00423_hap1	G3	stable_partition	21740	23571489	922.3006658595051	21740
k16_3e476af8	HG00423_hap2	G3	stable_partition	19228	21568746	891.4751001286769	19228
k16_3e476af8	HG00438_hap1	G2	stable_partition	218	3617181	60.26792687454678	218
k16_3e476af8	HG00438_hap2	G2	stable_partition	12940	17051653	758.8707088984277	12940
k16_3e476af8	HG00512_hap1	NA	incomplete_core_regions	221	2721752	81.19769912909038	221
k16_3e476af8	HG00512_hap2	NA	incomplete_core_regions	251	3201583	78.39871713461747	251
k16_3e476af8	HG00513_hap1	NA	incomplete_core_regions	177	1332700	132.81308621595258	177
k16_3e476af8	HG00513_hap2	NA	incomplete_core_regions	13004	15836970	821.1166656248007	13004
k16_3e476af8	HG00514_hap1	NA	incomplete_core_regions	184	1971847	93.31352787513433	184
k16_3e476af8	HG00514_hap2	NA	incomplete_core_regions	154	1742788	88.36416133230203	154
k16_3e476af8	HG00544_hap1	NA	incomplete_core_regions	17802	19614312	907.6025710205894	17802
k16_3e476af8	HG00544_hap2	NA	incomplete_core_regions	15163	16979262	893.0305687019847	15163
k16_3e476af8	HG00558_hap1	G7	stable_partition	14240	17304366	822.9137085981654	14240
k16_3e476af8	HG00558_hap2	NA	incomplete_core_regions	12286	14762166	832.2626909899266	12286
k16_3e476af8	HG00597_hap1	G7	stable_partition	15919	18667544	852.7634915444688	15919
k16_3e476af8	HG00597_hap2	G2	stable_partition	10440	12777263	817.0763957821014	10440
k16_3e476af8	HG00609_hap1	G7	stable_partition	13119	16647485	788.0469632500044	13119
k16_3e476af8	HG00609_hap2	G2	stable_partition	12905	16234293	794.9222057283307	12905
k16_3e476af8	HG00621_hap1	NA	incomplete_core_regions	22122	22994655	962.0496589316083	22122
k16_3e476af8	HG00621_hap2	G2	stable_partition	14737	17243966	854.6177834031917	14737
k16_3e476af8	HG00639_hap1	G7	stable_partition	514	4156149	123.67217825924912	514
k16_3e476af8	HG00639_hap2	NA	incomplete_core_regions	234	2767633	84.54878229880913	234
k16_3e476af8	HG00642_hap1	G3	stable_partition	281	2909242	96.58873342265785	281
k16_3e476af8	HG00642_hap2	G4	stable_partition	8741	21019643	415.84911789415264	8741
k16_3e476af8	HG00658_hap1	G7	stable_partition	12435	14613503	850.9253393932995	12435
k16_3e476af8	HG00658_hap2	NA	incomplete_core_regions	12618	14697292	858.5255025211446	12618
k16_3e476af8	HG00673_hap1	G7	stable_partition	13339	16068384	830.139483846042	13339
k16_3e476af8	HG00673_hap2	G3	stable_partition	15610	18283563	853.7723199794264	15610
k16_3e476af8	HG00706_hap1	G6	stable_partition	17353	19703639	880.7002604950284	17353
k16_3e476af8	HG00706_hap2	G7	stable_partition	6239	9935001	627.9818190254837	6239
k16_3e476af8	HG00731_hap1	G4	stable_partition	12658	16622342	761.5052078702266	12658
k16_3e476af8	HG00731_hap2	G3	stable_partition	12589	34192088	368.1845928800838	12589
k16_3e476af8	HG00732_hap1	NA	incomplete_core_regions	24696	27661548	892.7916832420225	24696
k16_3e476af8	HG00732_hap2	NA	incomplete_core_regions	18597	20932449	888.4292516370158	18597
k16_3e476af8	HG00733_hap1	G4	stable_partition	703	4253836	165.2626006268225	703
k16_3e476af8	HG00733_hap2	NA	incomplete_core_regions	18343	21031676	872.1606399794291	18343
k16_3e476af8	HG00735_hap1	NA	incomplete_core_regions	13106	13880116	944.2284199930317	13106
k16_3e476af8	HG00735_hap2	NA	incomplete_core_regions	19828	19957074	993.5324186301057	19828
k16_3e476af8	HG00738_hap1	G5	stable_partition	14605	16987730	859.7381757303654	14605
k16_3e476af8	HG00738_hap2	G2	stable_partition	12080	14716741	820.8339060937473	12080
k16_3e476af8	HG00741_hap1	G3	stable_partition	20744	23403674	886.3565609399618	20744
k16_3e476af8	HG00741_hap2	G7	stable_partition	18992	21868334	868.4703645005604	18992
k16_3e476af8	HG00864_hap1	G7	stable_partition	19690	22900594	859.8030251966389	19690
k16_3e476af8	HG00864_hap2	NA	incomplete_core_regions	10712	13685729	782.7131459347179	10712
k16_3e476af8	HG01071_hap1	NA	incomplete_core_regions	11684	14877686	785.3371821397494	11684
k16_3e476af8	HG01071_hap2	NA	incomplete_core_regions	16924	20217967	837.0772392694082	16924
k16_3e476af8	HG01074_hap1	G4	stable_partition	17884	19920458	897.7705231476104	17884
k16_3e476af8	HG01074_hap2	G6	stable_partition	13054	14548366	897.2828976120068	13054
k16_3e476af8	HG01081_hap1	G6	stable_partition	12415	16091032	771.5477789118809	12415
k16_3e476af8	HG01081_hap2	G3	stable_partition	14345	17146648	836.6066650461362	14345
k16_3e476af8	HG01099_hap1	G7	stable_partition	10687	14859993	719.1793428166487	10687
k16_3e476af8	HG01099_hap2	G7	stable_partition	15155	18673746	811.5672131344188	15155
k16_3e476af8	HG01106_hap1	G7	stable_partition	550	4663260	117.94324142338193	550
k16_3e476af8	HG01106_hap2	G7	stable_partition	12786	16189946	789.7493913815401	12786
k16_3e476af8	HG01109_hap1	G1	stable_partition	16090	18069875	890.4322802454361	16090
k16_3e476af8	HG01109_hap2	G7	stable_partition	11395	14659350	777.3195946614277	11395
k16_3e476af8	HG01114_hap1	NA	incomplete_core_regions	9022	11793644	764.988327611042	9022
k16_3e476af8	HG01114_hap2	NA	incomplete_core_regions	15712	18176397	864.4177391151833	15712
k16_3e476af8	HG01123_hap1	G5	stable_partition	12113	16475375	735.2184699893022	12113
k16_3e476af8	HG01123_hap2	G7	stable_partition	13001	16069949	809.0255918049273	13001
k16_3e476af8	HG01150_hap1	G7	stable_partition	515	3925071	131.20781764202482	515
k16_3e476af8	HG01150_hap2	G2	stable_partition	8713	11537906	755.1630252491224	8713
k16_3e476af8	HG01167_hap1	G5	stable_partition	25084	29151790	860.4617418004177	25084
k16_3e476af8	HG01167_hap2	G1	stable_partition	12911	17116000	754.3234400560879	12911
k16_3e476af8	HG01175_hap1	G7	stable_partition	14936	16872017	885.2527827585759	14936
k16_3e476af8	HG01175_hap2	G6	stable_partition	13184	15571842	846.6564199662441	13184
k16_3e476af8	HG01192_hap1	NA	incomplete_core_regions	14843	17219460	861.9898649551147	14843
k16_3e476af8	HG01192_hap2	G2	stable_partition	12080	14889866	811.2900411595377	12080
k16_3e476af8	HG01243_hap1	G3	stable_partition	20385	23422222	870.3273327355535	20385
k16_3e476af8	HG01243_hap2	G5	stable_partition	13446	16615238	809.2571409449566	13446
k16_3e476af8	HG01252_hap1	G4	stable_partition	347	3334374	104.06751012333949	347
k16_3e476af8	HG01252_hap2	G6	stable_partition	13276	16003532	829.5668731127604	13276
k16_3e476af8	HG01255_hap1	G6	stable_partition	18430	20848786	883.9843240752723	18430
k16_3e476af8	HG01255_hap2	G7	stable_partition	15796	18649944	846.973052573241	15796
k16_3e476af8	HG01258_hap1	G7	stable_partition	12096	14782268	818.2776824232925	12096
k16_3e476af8	HG01258_hap2	G7	stable_partition	512	4786626	106.96469705383291	512
k16_3e476af8	HG01261_hap1	NA	incomplete_core_regions	18736	20543004	912.0379862652999	18736
k16_3e476af8	HG01261_hap2	NA	incomplete_core_regions	492	18681368	26.336401060136495	492
k16_3e476af8	HG01346_hap1	G7	stable_partition	13184	15635695	843.1988472530322	13184
k16_3e476af8	HG01346_hap2	NA	incomplete_core_regions	28661	29145141	983.388620422183	28661
k16_3e476af8	HG01352_hap1	G7	stable_partition	19875	22834832	870.3808287269203	19875
k16_3e476af8	HG01352_hap2	G7	stable_partition	13564	17641083	768.8870348832892	13564
k16_3e476af8	HG01358_hap1	G6	stable_partition	15150	17326562	874.3800414646598	15150
k16_3e476af8	HG01358_hap2	G3	stable_partition	18318	20576051	890.2582910588626	18318
k16_3e476af8	HG01361_hap1	NA	incomplete_core_regions	17058	20514037	831.5281872602648	17058
k16_3e476af8	HG01361_hap2	NA	incomplete_core_regions	13166	15938799	826.0346341026071	13166
k16_3e476af8	HG01433_hap1	G7	stable_partition	21654	24536109	882.5360206868986	21654
k16_3e476af8	HG01433_hap2	G1	stable_partition	17159	20124352	852.6485722372576	17159
k16_3e476af8	HG01457_hap1	G4	stable_partition	461	5129790	89.86722653363977	461
k16_3e476af8	HG01457_hap2	G4	stable_partition	431	4820821	89.40385880330342	431
k16_3e476af8	HG01496_hap1	G2	stable_partition	12796	15343577	833.9645963910501	12796
k16_3e476af8	HG01496_hap2	G3	stable_partition	16456	19622186	838.6425447195332	16456
k16_3e476af8	HG01505_hap1	NA	incomplete_core_regions	13070	15950344	819.4180639615046	13070
k16_3e476af8	HG01505_hap2	G6	stable_partition	14216	16579536	857.4425725786296	14216
k16_3e476af8	HG01530_hap1	NA	incomplete_core_regions	17340	19976832	868.0054975683832	17340
k16_3e476af8	HG01530_hap2	NA	incomplete_core_regions	10055	13168730	763.5512308324342	10055
k16_3e476af8	HG01573_hap1	G7	stable_partition	512	3029849	168.98531907035633	512
k16_3e476af8	HG01573_hap2	G3	stable_partition	238	3508154	67.84194764539983	238
k16_3e476af8	HG01596_hap1	G3	stable_partition	319	5178872	61.59642485854063	319
k16_3e476af8	HG01596_hap2	NA	incomplete_core_regions	11516	13511139	852.3337669755304	11516
k16_3e476af8	HG01784_hap1	G7	stable_partition	12990	17627412	736.9204282511806	12990
k16_3e476af8	HG01784_hap2	G3	stable_partition	13585	16044962	846.6832143323244	13585
k16_3e476af8	HG01786_hap1	G7	stable_partition	13208	15539669	849.9537538412176	13208
k16_3e476af8	HG01884_hap1	G1	stable_partition	21438	25031628	856.4365050487328	21438
k16_3e476af8	HG01884_hap2	G5	stable_partition	17394	21241335	818.8750848287078	17394
k16_3e476af8	HG01890_hap1	NA	incomplete_core_regions	17160	20531662	835.7823151384432	17160
k16_3e476af8	HG01890_hap2	G7	stable_partition	34313	37483612	915.4133811864236	34313
k16_3e476af8	HG01891_hap1	NA	incomplete_core_regions	8734	8950050	975.8604700532399	8734
k16_3e476af8	HG01891_hap2	NA	incomplete_core_regions	28	871062	32.14466938059518	28
k16_3e476af8	HG01928_hap1	G2	stable_partition	22385	24978052	896.1867802981594	22385
k16_3e476af8	HG01928_hap2	G3	stable_partition	7583	11806833	642.2552093351367	7583
k16_3e476af8	HG01934_hap1	G7	stable_partition	19193	23636261	812.0150644807992	19193
k16_3e476af8	HG01934_hap2	G6	stable_partition	19620	22243630	882.0502768657814	19620
k16_3e476af8	HG01940_hap1	NA	incomplete_core_regions	10485	13728666	763.7304309100389	10485
k16_3e476af8	HG01940_hap2	NA	incomplete_core_regions	18384	21941455	837.8660394217247	18384
k16_3e476af8	HG01943_hap1	NA	incomplete_core_regions	25819	27559620	936.841654565629	25819
k16_3e476af8	HG01943_hap2	NA	incomplete_core_regions	7685	9298113	826.5117879294434	7685
k16_3e476af8	HG01952_hap1	G3	stable_partition	12260	15577391	787.0380861596143	12260
k16_3e476af8	HG01952_hap2	G7	stable_partition	548	3790581	144.5688668834672	548
k16_3e476af8	HG01960_hap1	G5	stable_partition	11820	14702245	803.9588511822515	11820
k16_3e476af8	HG01960_hap2	G7	stable_partition	21809	23916301	911.888506504413	21809
k16_3e476af8	HG01969_hap1	G7	stable_partition	25284	27170464	930.5693123238528	25284
k16_3e476af8	HG01969_hap2	G3	stable_partition	6194	9317853	664.7454086257853	6194
k16_3e476af8	HG01975_hap1	G2	stable_partition	17179	19013845	903.4995288959177	17179
k16_3e476af8	HG01975_hap2	G7	stable_partition	5599	9100761	615.2232763831507	5599
k16_3e476af8	HG01978_hap1	NA	incomplete_core_regions	11650	14688945	793.1134604969927	11650
k16_3e476af8	HG01978_hap2	NA	incomplete_core_regions	15339	18232315	841.308413111555	15339
k16_3e476af8	HG01981_hap1	G7	stable_partition	15098	17860979	845.3064078962301	15098
k16_3e476af8	HG01981_hap2	G7	stable_partition	18766	20990914	894.005854151944	18766
k16_3e476af8	HG01993_hap1	G7	stable_partition	7840	10554721	742.7955698686872	7840
k16_3e476af8	HG01993_hap2	G7	stable_partition	20041	22299559	898.7173244098684	20041
k16_3e476af8	HG02004_hap1	G7	stable_partition	560	3942199	142.05269698460174	560
k16_3e476af8	HG02004_hap2	G7	stable_partition	16636	19974982	832.8418018098839	16636
k16_3e476af8	HG02011_hap1	NA	incomplete_core_regions	19242	20380428	944.1411142101629	19242
k16_3e476af8	HG02011_hap2	G2	stable_partition	14446	18306369	789.1242659863351	14446
k16_3e476af8	HG02015_hap1	NA	incomplete_core_regions	424	2285669	185.50367529156674	424
k16_3e476af8	HG02015_hap2	NA	incomplete_core_regions	13166	14872009	885.2872533899085	13166
k16_3e476af8	HG02018_hap1	G7	stable_partition	23416	26312896	889.9058469276814	23416
k16_3e476af8	HG02018_hap2	G7	stable_partition	11277	14847180	759.5381749261476	11277
k16_3e476af8	HG02027_hap1	G3	stable_partition	16601	19458006	853.1706691836769	16601
k16_3e476af8	HG02027_hap2	G7	stable_partition	16496	19604484	841.4401521611077	16496
k16_3e476af8	HG02040_hap1	NA	incomplete_core_regions	17427	19356941	900.297211217413	17427
k16_3e476af8	HG02040_hap2	G3	stable_partition	11385	15941913	714.1551958036655	11385
k16_3e476af8	HG02055_hap1	G4	stable_partition	15715	17600466	892.8740864020305	15715
k16_3e476af8	HG02055_hap2	G1	stable_partition	15089	17864870	844.6185166754642	15089
k16_3e476af8	HG02056_hap1	G6	stable_partition	14469	17176212	842.3859696189124	14469
k16_3e476af8	HG02056_hap2	G3	stable_partition	19575	22426617	872.8467606148533	19575
k16_3e476af8	HG02059_hap1	G3	stable_partition	13458	16902263	796.2247422135131	13458
k16_3e476af8	HG02059_hap2	G2	stable_partition	317	3594664	88.18626720049495	317
k16_3e476af8	HG02071_hap1	G6	stable_partition	10997	13764478	798.940577332464	10997
k16_3e476af8	HG02071_hap2	G7	stable_partition	10322	14188809	727.4747302610106	10322
k16_3e476af8	HG02074_hap1	NA	incomplete_core_regions	6620	8405111	787.616011257912	6620
k16_3e476af8	HG02074_hap2	NA	incomplete_core_regions	14523	15548957	934.0176321794446	14523
k16_3e476af8	HG02080_hap1	G3	stable_partition	17298	19682280	878.8615953029832	17298
k16_3e476af8	HG02080_hap2	G3	stable_partition	15727	18992088	828.0816727470934	15727
k16_3e476af8	HG02083_hap1	G7	stable_partition	14524	17374222	835.95110042913	14524
k16_3e476af8	HG02083_hap2	G7	stable_partition	14643	17884209	818.7669915957703	14643
k16_3e476af8	HG02106_hap1	G7	stable_partition	482	3831098	125.81249553000211	482
k16_3e476af8	HG02106_hap2	G7	stable_partition	13065	16415601	795.8892275707725	13065
k16_3e476af8	HG02109_hap1	G4	stable_partition	18222	19615562	928.9563052029812	18222
k16_3e476af8	HG02109_hap2	G4	stable_partition	14822	17107711	866.3929382487231	14822
k16_3e476af8	HG02129_hap1	NA	incomplete_core_regions	12845	14761284	870.1817538365904	12845
k16_3e476af8	HG02129_hap2	NA	incomplete_core_regions	21455	22459422	955.2783682500823	21455
k16_3e476af8	HG02132_hap1	G3	stable_partition	14527	17324702	838.5137014189335	14527
k16_3e476af8	HG02132_hap2	G7	stable_partition	10023	13677101	732.8307365720266	10023
k16_3e476af8	HG02135_hap1	G7	stable_partition	9805	11893496	824.4001595493874	9805
k16_3e476af8	HG02135_hap2	G7	stable_partition	13744	16002027	858.8911892224654	13744
k16_3e476af8	HG02145_hap1	G4	stable_partition	15520	19059104	814.3090042428017	15520
k16_3e476af8	HG02145_hap2	G1	stable_partition	14461	16894338	855.9672477252437	14461
k16_3e476af8	HG02148_hap1	G7	stable_partition	10491	12853654	816.18814385388	10491
k16_3e476af8	HG02148_hap2	G7	stable_partition	22352	24545878	910.6213271328081	22352
k16_3e476af8	HG02155_hap1	G6	stable_partition	11534	13926149	828.2260946655102	11534
k16_3e476af8	HG02155_hap2	G3	stable_partition	9520	12233421	778.1960581590382	9520
k16_3e476af8	HG02165_hap1	G3	stable_partition	12585	16298341	772.1644798080983	12585
k16_3e476af8	HG02165_hap2	G6	stable_partition	11642	14584016	798.2712032131616	11642
k16_3e476af8	HG02178_hap1	NA	incomplete_core_regions	457	3023941	151.1272872056697	457
k16_3e476af8	HG02178_hap2	NA	incomplete_core_regions	506	3949865	128.10564411695083	506
k16_3e476af8	HG02257_hap1	G3	stable_partition	18535	20441299	906.7427662009151	18535
k16_3e476af8	HG02257_hap2	G1	stable_partition	21165	24687746	857.3079130026695	21165
k16_3e476af8	HG02258_hap1	G1	stable_partition	17817	20827100	855.4719572095971	17817
k16_3e476af8	HG02258_hap2	G1	stable_partition	15518	18604191	834.1131307456475	15518
k16_3e476af8	HG02273_hap1	NA	incomplete_core_regions	20547	23410325	877.6896518950506	20547
k16_3e476af8	HG02273_hap2	NA	incomplete_core_regions	537	4543546	118.18962545993811	537
k16_3e476af8	HG02280_hap2	G1	stable_partition	13232	15162221	872.695365672351	13232
k16_3e476af8	HG02282_hap1	NA	incomplete_core_regions	17980	19038646	944.3948902668814	17980
k16_3e476af8	HG02282_hap2	G1	stable_partition	19489	23204001	839.8982572014197	19489
k16_3e476af8	HG02293_hap1	G7	stable_partition	20478	22810154	897.7580773895696	20478
k16_3e476af8	HG02293_hap2	NA	incomplete_core_regions	18043	19733881	914.3158408627274	18043
k16_3e476af8	HG02300_hap1	NA	incomplete_core_regions	24688	25918550	952.52242120026	24688
k16_3e476af8	HG02300_hap2	NA	incomplete_core_regions	11536	12446494	926.8473515513685	11536
k16_3e476af8	HG02391_hap1	G3	stable_partition	22996	25147583	914.4417576830346	22996
k16_3e476af8	HG02391_hap2	G6	stable_partition	13149	16646876	789.8779326523487	13149
k16_3e476af8	HG02392_hap1	NA	incomplete_core_regions	557	3379633	164.8107945448515	557
k16_3e476af8	HG02392_hap2	NA	incomplete_core_regions	437	2571025	169.9711204675178	437
k16_3e476af8	HG02451_hap1	NA	incomplete_core_regions	15593	17779850	877.004024218427	15593
k16_3e476af8	HG02451_hap2	G5	stable_partition	17681	19331286	914.6313390635263	17681
k16_3e476af8	HG02486_hap1	G1	stable_partition	13637	17086931	798.0953396487643	13637
k16_3e476af8	HG02486_hap2	G2	stable_partition	15197	17836757	852.0046553305626	15197
k16_3e476af8	HG02492_hap1	G5	stable_partition	526	4025921	130.65333373406978	526
k16_3e476af8	HG02492_hap2	NA	incomplete_core_regions	10494	12560829	835.4544114882863	10494
k16_3e476af8	HG02514_hap1	G7	stable_partition	554	3740734	148.0992767729542	554
k16_3e476af8	HG02514_hap2	G7	stable_partition	530	4085502	129.72702008223223	530
k16_3e476af8	HG02523_hap1	G1	stable_partition	9510	12480274	762.0025009066308	9510
k16_3e476af8	HG02523_hap2	G3	stable_partition	16986	19668335	863.6216537902166	16986
k16_3e476af8	HG02554_hap1	G2	stable_partition	29625	31499560	940.489327469971	29625
k16_3e476af8	HG02554_hap2	NA	incomplete_core_regions	10838	13978499	775.3336034147873	10838
k16_3e476af8	HG02559_hap1	G3	stable_partition	19544	23311427	838.3871137532678	19544
k16_3e476af8	HG02559_hap2	G5	stable_partition	20949	24970989	838.9335320279065	20949
k16_3e476af8	HG02572_hap1	G5	stable_partition	12423	17258768	719.8080419181717	12423
k16_3e476af8	HG02572_hap2	G7	stable_partition	21919	24805463	883.635995828822	21919
k16_3e476af8	HG02583_hap1	G3	stable_partition	2838	6818757	416.20488895556775	2838
k16_3e476af8	HG02583_hap2	G1	stable_partition	4629	9673121	478.5425510546183	4629
k16_3e476af8	HG02587_hap1	NA	incomplete_core_regions	15077	19187861	785.757203473592	15077
k16_3e476af8	HG02587_hap2	G5	stable_partition	15562	19308873	805.9507149899428	15562
k16_3e476af8	HG02602_hap1	NA	incomplete_core_regions	14650	17022912	860.6048130895583	14650
k16_3e476af8	HG02602_hap2	NA	incomplete_core_regions	20581	21878415	940.6988577554636	20581
k16_3e476af8	HG02615_hap1	G5	stable_partition	14982	19286194	776.8251216388262	14982
k16_3e476af8	HG02615_hap2	G4	stable_partition	13210	16954069	779.1639871230911	13210
k16_3e476af8	HG02622_hap1	NA	incomplete_core_regions	15768	19423539	811.7985090152727	15768
k16_3e476af8	HG02622_hap2	NA	incomplete_core_regions	16869	20253601	832.8889267641838	16869
k16_3e476af8	HG02630_hap1	G5	stable_partition	12872	16721912	769.7684331791723	12872
k16_3e476af8	HG02630_hap2	G6	stable_partition	12928	17015167	759.7927190488344	12928
k16_3e476af8	HG02647_hap1	NA	incomplete_core_regions	16342	21122920	773.6619747648526	16342
k16_3e476af8	HG02647_hap2	NA	incomplete_core_regions	16690	20545181	812.355948579864	16690
k16_3e476af8	HG02666_hap1	G5	stable_partition	17517	21657206	808.8300956272936	17517
k16_3e476af8	HG02666_hap2	G5	stable_partition	16548	19469064	849.9638195241436	16548
k16_3e476af8	HG02668_hap1	G5	stable_partition	17474	21241496	822.6350912383949	17474
k16_3e476af8	HG02668_hap2	G5	stable_partition	17703	20309478	871.6619895400562	17703
k16_3e476af8	HG02698_hap1	NA	incomplete_core_regions	16101	16888818	953.3526857829837	16101
k16_3e476af8	HG02698_hap2	NA	incomplete_core_regions	12656	13726160	922.0350046917711	12656
k16_3e476af8	HG02717_hap1	G2	stable_partition	18847	21217497	888.2763127054997	18847
k16_3e476af8	HG02717_hap2	G7	stable_partition	14657	18267102	802.3713887402611	14657
k16_3e476af8	HG02723_hap1	G5	stable_partition	16357	20145734	811.9336828332986	16357
k16_3e476af8	HG02723_hap2	G3	stable_partition	15125	18034238	838.682510455945	15125
k16_3e476af8	HG02735_hap1	G7	stable_partition	546	4364473	125.10101448674331	546
k16_3e476af8	HG02735_hap2	G7	stable_partition	13400	17487543	766.259731284149	13400
k16_3e476af8	HG02738_hap1	G7	stable_partition	677	5071823	133.4825761861169	677
k16_3e476af8	HG02738_hap2	G2	stable_partition	17654	20470751	862.4011888962941	17654
k16_3e476af8	HG02769_hap1	NA	incomplete_core_regions	11551	14206032	813.1053062530058	11551
k16_3e476af8	HG02769_hap2	G6	stable_partition	11188	13646929	819.818143701048	11188
k16_3e476af8	HG02809_hap1	G3	stable_partition	17136	20210767	847.8649029005182	17136
k16_3e476af8	HG02809_hap2	NA	incomplete_core_regions	15489	17946219	863.0787354149641	15489
k16_3e476af8	HG02818_hap1	G5	stable_partition	13371	17960489	744.4674808130223	13371
k16_3e476af8	HG02818_hap2	NA	incomplete_core_regions	11871	14796402	802.2896377105732	11871
k16_3e476af8	HG02841_hap1	G1	stable_partition	14818	19678112	753.0193953566277	14818
k16_3e476af8	HG02841_hap2	G1	stable_partition	16464	21041584	782.4505987762138	16464
k16_3e476af8	HG02886_hap1	G2	stable_partition	16402	19290600	850.2586752096877	16402
k16_3e476af8	HG02886_hap2	G3	stable_partition	15541	17318987	897.3388570590186	15541
k16_3e476af8	HG02922_hap1	G1	stable_partition	15532	20686017	750.8453657366713	15532
k16_3e476af8	HG02922_hap2	G4	stable_partition	14662	16874059	868.9077121278289	14662
k16_3e476af8	HG02953_hap1	G7	stable_partition	12415	15186195	817.5188057311261	12415
k16_3e476af8	HG02953_hap2	G4	stable_partition	282	3132651	90.01960320508093	282
k16_3e476af8	HG02965_hap1	G5	stable_partition	22103	25613701	862.9365978778311	22103
k16_3e476af8	HG02965_hap2	G5	stable_partition	14198	18545781	765.5649551776762	14198
k16_3e476af8	HG02976_hap1	G1	stable_partition	273	3029877	90.10266753402861	273
k16_3e476af8	HG02976_hap2	G1	stable_partition	207	3072844	67.36430485895151	207
k16_3e476af8	HG02984_hap1	G1	stable_partition	23168	26537806	873.0186662755768	23168
k16_3e476af8	HG02984_hap2	G1	stable_partition	17551	21006099	835.5192461008586	17551
k16_3e476af8	HG03009_hap1	G7	stable_partition	19703	22737770	866.5317663077778	19703
k16_3e476af8	HG03009_hap2	G7	stable_partition	12917	16169669	798.8413368263754	12917
k16_3e476af8	HG03017_hap1	G7	stable_partition	18324	22249710	823.561295855092	18324
k16_3e476af8	HG03017_hap2	G7	stable_partition	10582	14583495	725.6148131843568	10582
k16_3e476af8	HG03041_hap1	G4	stable_partition	13681	17194259	795.6725555896303	13681
k16_3e476af8	HG03041_hap2	G4	stable_partition	17812	21965575	810.9052460497848	17812
k16_3e476af8	HG03050_hap1	G2	stable_partition	21549	23587265	913.5862084900475	21549
k16_3e476af8	HG03050_hap2	G1	stable_partition	18134	21439529	845.8208200376044	18134
k16_3e476af8	HG03065_hap1	G4	stable_partition	16295	19966225	816.1282365594898	16295
k16_3e476af8	HG03065_hap2	G4	stable_partition	330	4804383	68.68727992751619	330
k16_3e476af8	HG03098_hap1	G1	stable_partition	278	4077524	68.17862997250293	278
k16_3e476af8	HG03098_hap2	G1	stable_partition	19360	22724012	851.9622327254535	19360
k16_3e476af8	HG03130_hap1	G6	stable_partition	20780	23290738	892.2001526958915	20780
k16_3e476af8	HG03130_hap2	NA	incomplete_core_regions	17468	19163188	911.5393534729191	17468
k16_3e476af8	HG03139_hap1	G4	stable_partition	14835	18500901	801.8528394914389	14835
k16_3e476af8	HG03139_hap2	G5	stable_partition	18376	21696231	846.9673834132758	18376
k16_3e476af8	HG03195_hap1	NA	incomplete_core_regions	24621	26062752	944.6815132952959	24621
k16_3e476af8	HG03195_hap2	G1	stable_partition	13842	18542827	746.4881164020999	13842
k16_3e476af8	HG03209_hap1	G5	stable_partition	286	3798072	75.30136342860273	286
k16_3e476af8	HG03209_hap2	G1	stable_partition	11466	14608881	784.8650420247793	11466
k16_3e476af8	HG03225_hap1	G4	stable_partition	17852	21226466	841.0255385894195	17852
k16_3e476af8	HG03225_hap2	G6	stable_partition	19400	22847022	849.125982370919	19400
k16_3e476af8	HG03239_hap1	G3	stable_partition	14850	18469285	804.0376224634576	14850
k16_3e476af8	HG03239_hap2	G3	stable_partition	289	4222013	68.45076033636087	289
k16_3e476af8	HG03248_hap1	G1	stable_partition	256	4025391	63.596306545128165	256
k16_3e476af8	HG03248_hap2	G5	stable_partition	20134	23018875	874.6735016372434	20134
k16_3e476af8	HG03270_hap1	G5	stable_partition	15029	18928245	793.9985983909231	15029
k16_3e476af8	HG03270_hap2	G1	stable_partition	345	4456175	77.42065785118403	345
k16_3e476af8	HG03369_hap1	G6	stable_partition	15791	18847164	837.8448874324009	15791
k16_3e476af8	HG03369_hap2	G2	stable_partition	14888	16917286	880.0465984910345	14888
k16_3e476af8	HG03371_hap1	G1	stable_partition	17392	21342150	814.9132116492481	17392
k16_3e476af8	HG03371_hap2	G2	stable_partition	14694	18314040	802.3352575401168	14694
k16_3e476af8	HG03452_hap1	G4	stable_partition	335	4573814	73.24303087095365	335
k16_3e476af8	HG03452_hap2	NA	incomplete_core_regions	14697	17550709	837.402067346681	14697
k16_3e476af8	HG03453_hap1	NA	incomplete_core_regions	14546	16787043	866.5016227098483	14546
k16_3e476af8	HG03453_hap2	G1	stable_partition	15145	18104602	836.527640872746	15145
k16_3e476af8	HG03456_hap1	G5	stable_partition	19715	24068677	819.1144033384137	19715
k16_3e476af8	HG03456_hap2	G4	stable_partition	11271	14342799	785.8298788123574	11271
k16_3e476af8	HG03470_hap1	G3	stable_partition	14858	18079514	821.8141261983038	14858
k16_3e476af8	HG03470_hap2	G1	stable_partition	18248	23110028	789.6139286373864	18248
k16_3e476af8	HG03471_hap1	NA	incomplete_core_regions	251	3366533	74.55741559640141	251
k16_3e476af8	HG03471_hap2	NA	incomplete_core_regions	17834	20737660	859.9813093666305	17834
k16_3e476af8	HG03486_hap1	G5	stable_partition	12791	15443477	828.2461261800046	12791
k16_3e476af8	HG03486_hap2	G5	stable_partition	15613	18935904	824.5183330038006	15613
k16_3e476af8	HG03516_hap1	G7	stable_partition	10039	14177288	708.1043990924076	10039
k16_3e476af8	HG03516_hap2	G1	stable_partition	18335	22231624	824.7260748922346	18335
k16_3e476af8	HG03520_hap1	NA	incomplete_core_regions	13147	15349829	856.4916260630656	13147
k16_3e476af8	HG03520_hap2	NA	incomplete_core_regions	14509	17920358	809.6378431725527	14509
k16_3e476af8	HG03521_hap1	G5	stable_partition	3465	7620800	454.6766743648961	3465
k16_3e476af8	HG03521_hap2	G1	stable_partition	268	5820346	46.04537256032545	268
k16_3e476af8	HG03540_hap1	NA	incomplete_core_regions	22213	23425830	948.2268077587859	22213
k16_3e476af8	HG03540_hap2	NA	incomplete_core_regions	516	3208555	160.8200576271873	516
k16_3e476af8	HG03579_hap1	G1	stable_partition	11175	15282091	731.2480994910972	11175
k16_3e476af8	HG03579_hap2	G1	stable_partition	17321	20097577	861.8451866113014	17321
k16_3e476af8	HG03583_hap1	G2	stable_partition	223	3471573	64.2360105923165	223
k16_3e476af8	HG03583_hap2	G5	stable_partition	244	3437642	70.9788861085593	244
k16_3e476af8	HG03654_hap1	G4	stable_partition	16283	18466603	881.7539425090798	16283
k16_3e476af8	HG03654_hap2	G7	stable_partition	12792	16582197	771.4297448040209	12792
k16_3e476af8	HG03669_hap1	G1	stable_partition	20132	22359152	900.3919289962338	20132
k16_3e476af8	HG03669_hap2	G7	stable_partition	410	3579168	114.55176175021681	410
k16_3e476af8	HG03683_hap1	NA	incomplete_core_regions	9912	13297949	745.3781030443116	9912
k16_3e476af8	HG03683_hap2	G7	stable_partition	610	5146327	118.53113881026215	610
k16_3e476af8	HG03688_hap1	G3	stable_partition	17270	19611371	880.6115594876054	17270
k16_3e476af8	HG03688_hap2	G3	stable_partition	23301	25733596	905.4700322488936	23301
k16_3e476af8	HG03704_hap1	G7	stable_partition	17977	21036631	854.556986810293	17977
k16_3e476af8	HG03704_hap2	G3	stable_partition	294	3636752	80.84136614209602	294
k16_3e476af8	HG03710_hap1	NA	incomplete_core_regions	14475	17638627	820.6421055334977	14475
k16_3e476af8	HG03710_hap2	NA	incomplete_core_regions	19593	22078251	887.4344258519391	19593
k16_3e476af8	HG03732_hap2	G6	stable_partition	12279	16169998	759.3692961495728	12279
k16_3e476af8	HG03742_hap1	G4	stable_partition	20361	22457872	906.6308686771392	20361
k16_3e476af8	HG03742_hap2	G6	stable_partition	13922	15748374	884.027773279959	13922
k16_3e476af8	HG03784_hap1	G7	stable_partition	19539	22484913	868.9826818542728	19539
k16_3e476af8	HG03784_hap2	NA	incomplete_core_regions	197	2702960	72.8830615325421	197
k16_3e476af8	HG03804_hap1	G3	stable_partition	13685	15852577	863.2665843540769	13685
k16_3e476af8	HG03804_hap2	G7	stable_partition	15820	18132092	872.4861974007191	15820
k16_3e476af8	HG03807_hap1	G7	stable_partition	6886	11120732	619.2038437757515	6886
k16_3e476af8	HG03807_hap2	G7	stable_partition	8335	12686899	656.9769334492219	8335
k16_3e476af8	HG03816_hap1	G3	stable_partition	15205	18072615	841.3281641865331	15205
k16_3e476af8	HG03816_hap2	G7	stable_partition	17436	19744476	883.0824378423615	17436
k16_3e476af8	HG03831_hap1	G3	stable_partition	16735	19646002	851.8272572709704	16735
k16_3e476af8	HG03831_hap2	G3	stable_partition	17108	19238086	889.2776547521411	17108
k16_3e476af8	HG03834_hap1	G6	stable_partition	20714	22585344	917.1434360264781	20714
k16_3e476af8	HG03834_hap2	G7	stable_partition	19419	22176448	875.658716851319	19419
k16_3e476af8	HG03874_hap1	G3	stable_partition	9553	13260922	720.3873154521232	9553
k16_3e476af8	HG03874_hap2	G4	stable_partition	654	4637618	141.02067052525672	654
k16_3e476af8	HG03927_hap1	G3	stable_partition	19317	21481963	899.2194987022369	19317
k16_3e476af8	HG03927_hap2	G7	stable_partition	19742	23049442	856.5066347376219	19742
k16_3e476af8	HG03942_hap1	NA	incomplete_core_regions	362	2533767	142.8702797060661	362
k16_3e476af8	HG03942_hap2	NA	incomplete_core_regions	507	2734567	185.4041243092599	507
k16_3e476af8	HG04036_hap1	G2	stable_partition	13897	16833723	825.5452462892493	13897
k16_3e476af8	HG04036_hap2	G7	stable_partition	18816	22171956	848.6396058155626	18816
k16_3e476af8	HG04115_hap1	NA	incomplete_core_regions	14317	16788384	852.7920257244533	14317
k16_3e476af8	HG04115_hap2	NA	incomplete_core_regions	16097	18184962	885.181943190203	16097
k16_3e476af8	HG04157_hap1	G5	stable_partition	15774	17786867	886.8340894436328	15774
k16_3e476af8	HG04157_hap2	G6	stable_partition	12842	15658805	820.1136676777058	12842
k16_3e476af8	HG04160_hap1	G1	stable_partition	15917	18599074	855.7952938947391	15917
k16_3e476af8	HG04160_hap2	G2	stable_partition	28862	30690486	940.4217319986395	28862
k16_3e476af8	HG04184_hap1	G3	stable_partition	21505	23821770	902.7456817860301	21505
k16_3e476af8	HG04184_hap2	G2	stable_partition	17994	20523530	876.7497599097231	17994
k16_3e476af8	HG04187_hap1	G6	stable_partition	3933	7234616	543.63631739404	3933
k16_3e476af8	HG04187_hap2	G1	stable_partition	13735	16992586	808.293687611762	13735
k16_3e476af8	HG04199_hap1	G3	stable_partition	20499	23711704	864.5097796429982	20499
k16_3e476af8	HG04199_hap2	G5	stable_partition	17332	21022828	824.4371309131197	17332
k16_3e476af8	HG04204_hap1	G6	stable_partition	8251	11467425	719.5163691936071	8251
k16_3e476af8	HG04204_hap2	G7	stable_partition	16148	18420234	876.6446723749547	16148
k16_3e476af8	HG04217_hap1	G6	stable_partition	14486	17777982	814.8281396617457	14486
k16_3e476af8	HG04217_hap2	G5	stable_partition	16313	19509095	836.1741023866048	16313
k16_3e476af8	HG04228_hap1	G7	stable_partition	13333	16537846	806.2114014122517	13333
k16_3e476af8	HG04228_hap2	G6	stable_partition	15637	18728764	834.9189514054424	15637
k16_3e476af8	HG06807_hap1	G1	stable_partition	6428	10202951	630.01380678982	6428
k16_3e476af8	HG06807_hap2	G6	stable_partition	13850	17692896	782.8000571528822	13850
k16_3e476af8	NA12329_hap1	G6	stable_partition	484	4454621	108.65121858851741	484
k16_3e476af8	NA12329_hap2	G3	stable_partition	13675	17782441	769.0170320261432	13675
k16_3e476af8	NA18505_hap1	G2	stable_partition	14207	17063289	832.606187470657	14207
k16_3e476af8	NA18505_hap2	G6	stable_partition	16212	18100137	895.6838282494768	16212
k16_3e476af8	NA18508_hap1	NA	incomplete_core_regions	13410	15283460	877.4191184456923	13410
k16_3e476af8	NA18508_hap2	G1	stable_partition	15030	18196340	825.9902815621164	15030
k16_3e476af8	NA18522_hap1	G1	stable_partition	18738	22787829	822.2810518720322	18738
k16_3e476af8	NA18522_hap2	G1	stable_partition	12460	16663209	747.7551292791203	12460
k16_3e476af8	NA18534_hap1	G7	stable_partition	12336	15984472	771.748982387407	12336
k16_3e476af8	NA18534_hap2	G3	stable_partition	247	4323035	57.13578539151314	247
k16_3e476af8	NA18565_hap1	NA	incomplete_core_regions	306	3628127	84.341038778411	306
k16_3e476af8	NA18565_hap2	NA	incomplete_core_regions	11362	14407596	788.611785061158	11362
k16_3e476af8	NA18570_hap1	G2	stable_partition	12219	14528592	841.0312575368625	12219
k16_3e476af8	NA18570_hap2	G7	stable_partition	11147	14204254	784.7649021201677	11147
k16_3e476af8	NA18608_hap1	G3	stable_partition	12939	17402834	743.499593227172	12939
k16_3e476af8	NA18608_hap2	G2	stable_partition	232	3568029	65.02189303954648	232
k16_3e476af8	NA18620_hap1	NA	incomplete_core_regions	432	1860034	232.25381901621154	432
k16_3e476af8	NA18620_hap2	NA	incomplete_core_regions	260	2821479	92.15025169423554	260
k16_3e476af8	NA18747_hap1	G7	stable_partition	10209	12400815	823.2523426887668	10209
k16_3e476af8	NA18747_hap2	NA	incomplete_core_regions	13920	14985692	928.8860334244158	13920
k16_3e476af8	NA18879_hap1	G1	stable_partition	12538	16635186	753.7036255560954	12538
k16_3e476af8	NA18879_hap2	G2	stable_partition	9555	13374228	714.4337602140475	9555
k16_3e476af8	NA18906_hap1	G5	stable_partition	628	4734572	132.6413454056671	628
k16_3e476af8	NA18906_hap2	G1	stable_partition	265	3821901	69.3372224973907	265
k16_3e476af8	NA18939_hap1	NA	incomplete_core_regions	12683	16023860	791.5071649402828	12683
k16_3e476af8	NA18939_hap2	G7	stable_partition	10504	13984307	751.1276747571402	10504
k16_3e476af8	NA18940_hap1	G2	stable_partition	13713	16592766	826.4444879172045	13713
k16_3e476af8	NA18940_hap2	G6	stable_partition	13094	16899851	774.7997304828309	13094
k16_3e476af8	NA18943_hap1	G7	stable_partition	12596	16320998	771.7665304535911	12596
k16_3e476af8	NA18943_hap2	G2	stable_partition	14896	17928687	830.847233821417	14896
k16_3e476af8	NA18944_hap1	G3	stable_partition	12056	16761566	719.2645364997519	12056
k16_3e476af8	NA18944_hap2	G7	stable_partition	14585	18923635	770.729302272	14585
k16_3e476af8	NA18945_hap1	G6	stable_partition	488	4611162	105.83015734428761	488
k16_3e476af8	NA18945_hap2	G2	stable_partition	11118	14764248	753.0353052861209	11118
k16_3e476af8	NA18948_hap1	G7	stable_partition	17239	21007986	820.5927022228594	17239
k16_3e476af8	NA18948_hap2	G7	stable_partition	15412	19055935	808.7768981159937	15412
k16_3e476af8	NA18952_hap1	G6	stable_partition	449	3022700	148.54269361828827	449
k16_3e476af8	NA18952_hap2	NA	incomplete_core_regions	404	2183673	185.00938556276512	404
k16_3e476af8	NA18959_hap1	G2	stable_partition	260	3864496	67.27914843229235	260
k16_3e476af8	NA18959_hap2	G7	stable_partition	21982	25072175	876.7488261389369	21982
k16_3e476af8	NA18960_hap1	G7	stable_partition	12053	16233898	742.4587736106264	12085
k16_3e476af8	NA18960_hap2	G7	stable_partition	13289	16689037	796.2712288312381	13289
k16_3e476af8	NA18967_hap1	G7	stable_partition	17169	20871484	822.6056182684471	17169
k16_3e476af8	NA18967_hap2	G7	stable_partition	13295	16191404	821.1147100029126	13295
k16_3e476af8	NA18970_hap1	G7	stable_partition	13069	17237925	758.1538961330903	13069
k16_3e476af8	NA18970_hap2	G6	stable_partition	11868	15580771	761.7081336989036	11868
k16_3e476af8	NA18971_hap1	G7	stable_partition	479	2951146	162.3098281142309	479
k16_3e476af8	NA18971_hap2	G3	stable_partition	223	2591592	86.04749513040633	223
k16_3e476af8	NA18974_hap1	G7	stable_partition	12528	15896639	788.0911178771814	12528
k16_3e476af8	NA18974_hap2	G2	stable_partition	265	3299513	80.31488283270895	265
k16_3e476af8	NA18976_hap1	NA	incomplete_core_regions	197	1528803	128.8589831390964	197
k16_3e476af8	NA18976_hap2	NA	incomplete_core_regions	483	2014835	239.72186308059963	483
k16_3e476af8	NA18982_hap1	G3	stable_partition	13776	16812129	819.4084163879542	13776
k16_3e476af8	NA18982_hap2	G2	stable_partition	7616	11188380	680.7062327164433	7617
k16_3e476af8	NA18983_hap2	NA	incomplete_core_regions	13410	15983463	838.992150824887	13410
k16_3e476af8	NA18989_hap1	G7	stable_partition	13654	16542108	825.4087084910823	13654
k16_3e476af8	NA18989_hap2	G2	stable_partition	9745	12494360	779.9519143037338	9745
k16_3e476af8	NA19036_hap2	G1	stable_partition	13927	18583504	749.4280949383926	13927
k16_3e476af8	NA19043_hap1	G1	stable_partition	14307	16751405	854.0776131912518	14307
k16_3e476af8	NA19043_hap2	G2	stable_partition	13854	16309138	849.4624302032394	13854
k16_3e476af8	NA19087_hap1	G7	stable_partition	19391	21398231	906.1964047401862	19391
k16_3e476af8	NA19087_hap2	G2	stable_partition	13674	15913652	859.2622234041563	13674
k16_3e476af8	NA19129_hap1	NA	incomplete_core_regions	14864	18150937	818.91089148731	14864
k16_3e476af8	NA19129_hap2	G1	stable_partition	15673	19570968	800.8290647657285	15673
k16_3e476af8	NA19159_hap1	G1	stable_partition	15565	20283066	767.3889144767364	15565
k16_3e476af8	NA19159_hap2	G1	stable_partition	6027	10347443	582.4627398285742	6027
k16_3e476af8	NA19185_hap1	G3	stable_partition	16338	20622872	792.2271931862837	16338
k16_3e476af8	NA19185_hap2	G1	stable_partition	15558	19481066	798.6215949373612	15558
k16_3e476af8	NA19238_hap1	G5	stable_partition	16740	20582893	813.29675085033	16740
k16_3e476af8	NA19238_hap2	G4	stable_partition	17872	22182723	805.6720538772449	17872
k16_3e476af8	NA19239_hap1	G2	stable_partition	15747	19600176	803.4111530427074	15747
k16_3e476af8	NA19239_hap2	G2	stable_partition	17051	19111878	892.1676875501194	17051
k16_3e476af8	NA19240_hap1	G1	stable_partition	17506	21011036	833.1811910654952	17506
k16_3e476af8	NA19240_hap2	G4	stable_partition	497	4177279	118.97697041543071	497
k16_3e476af8	NA19317_hap1	G5	stable_partition	15257	19550589	780.3856957966841	15257
k16_3e476af8	NA19317_hap2	G4	stable_partition	17866	21968904	813.2403874130453	17866
k16_3e476af8	NA19331_hap1	NA	incomplete_core_regions	494	2970274	166.31462282604232	494
k16_3e476af8	NA19331_hap2	NA	incomplete_core_regions	23812	25870884	920.4169443920046	23812
k16_3e476af8	NA19338_hap1	NA	incomplete_core_regions	18901	20870672	905.6248883600873	18901
k16_3e476af8	NA19338_hap2	G1	stable_partition	16064	20167093	796.5451441117468	16064
k16_3e476af8	NA19347_hap1	G6	stable_partition	10794	14422118	748.4337598680028	10794
k16_3e476af8	NA19347_hap2	G3	stable_partition	16964	20841083	813.9692164749788	16964
k16_3e476af8	NA19384_hap1	G6	stable_partition	13347	16550170	806.4569729495225	13347
k16_3e476af8	NA19384_hap2	G5	stable_partition	14948	18839124	793.4551521610028	14948
k16_3e476af8	NA19391_hap1	G1	stable_partition	12267	15344327	799.4485518980403	12267
k16_3e476af8	NA19391_hap2	G5	stable_partition	12658	16032005	789.5456619430944	12658
k16_3e476af8	NA19434_hap1	NA	incomplete_core_regions	18114	19453897	931.1244939767081	18114
k16_3e476af8	NA19434_hap2	NA	incomplete_core_regions	10586	13026258	812.6662315455444	10586
k16_3e476af8	NA19443_hap1	G5	stable_partition	286	5304997	53.91143482267756	286
k16_3e476af8	NA19443_hap2	G2	stable_partition	319	4322008	73.80828540807885	319
k16_3e476af8	NA19468_hap1	G1	stable_partition	12235	15819521	773.4115337626215	12235
k16_3e476af8	NA19468_hap2	G4	stable_partition	14139	16696085	846.8452334783873	14139
k16_3e476af8	NA19650_hap1	NA	incomplete_core_regions	15683	19424904	807.3656374312069	15683
k16_3e476af8	NA19650_hap2	G2	stable_partition	20010	22073844	906.5027369043652	20010
k16_3e476af8	NA19682_hap1	G7	stable_partition	15078	18165094	830.0535081183725	15078
k16_3e476af8	NA19682_hap2	G4	stable_partition	414	4146486	99.84357839384964	414
k16_3e476af8	NA19700_hap1	G5	stable_partition	15802	19726337	801.0610383468558	15802
k16_3e476af8	NA19705_hap1	G5	stable_partition	25561	29087340	878.7671887494697	25561
k16_3e476af8	NA19705_hap2	G1	stable_partition	11245	15711518	715.7169663682402	11245
k16_3e476af8	NA19776_hap1	G2	stable_partition	292	3133205	93.19530640350696	292
k16_3e476af8	NA19776_hap2	G4	stable_partition	487	4185235	116.36144684826539	487
k16_3e476af8	NA19835_hap1	NA	incomplete_core_regions	465	3660529	127.03081986237507	465
k16_3e476af8	NA19835_hap2	G4	stable_partition	11677	14062240	830.3797972442513	11677
k16_3e476af8	NA19836_hap1	NA	incomplete_core_regions	15144	17505847	865.0823921858794	15144
k16_3e476af8	NA19836_hap2	G6	stable_partition	11963	16075278	744.186196966547	11963
k16_3e476af8	NA19909_hap1	NA	incomplete_core_regions	328	2435432	134.6783650703448	419
k16_3e476af8	NA19983_hap1	G1	stable_partition	305	4491683	67.90327812537083	305
k16_3e476af8	NA19983_hap2	NA	incomplete_core_regions	14423	17891648	806.1303240484051	14423
k16_3e476af8	NA20129_hap1	G6	stable_partition	501	3135921	159.76167766981376	501
k16_3e476af8	NA20129_hap2	G1	stable_partition	11957	15262577	783.4194710369029	11957
k16_3e476af8	NA20282_hap1	G1	stable_partition	277	3812659	72.65270772969731	277
k16_3e476af8	NA20282_hap2	G4	stable_partition	8929	12024547	742.5643560626443	8929
k16_3e476af8	NA20346_hap1	G4	stable_partition	356	2100678	169.46909521592553	356
k16_3e476af8	NA20346_hap2	G7	stable_partition	4321	7816464	552.807509891941	4321
k16_3e476af8	NA20355_hap1	G7	stable_partition	14893	18981314	784.6137522407563	14893
k16_3e476af8	NA20355_hap2	G2	stable_partition	15857	19125570	829.0994725908822	15857
k16_3e476af8	NA20503_hap1	G7	stable_partition	14760	18477785	798.7970419614688	14760
k16_3e476af8	NA20503_hap2	G2	stable_partition	18599	22144157	839.9055335454856	18599
k16_3e476af8	NA20509_hap1	G2	stable_partition	15504	18279582	848.1594382191015	15504
k16_3e476af8	NA20509_hap2	NA	incomplete_core_regions	13407	15621945	858.2157983528939	13407
k16_3e476af8	NA20752_hap1	G3	stable_partition	9603	12475920	769.722793990343	9603
k16_3e476af8	NA20752_hap2	G4	stable_partition	14313	17449523	820.2516481396082	14313
k16_3e476af8	NA20762_hap1	G7	stable_partition	15127	18874278	801.4611207909517	15127
k16_3e476af8	NA20762_hap2	G6	stable_partition	11372	14713774	772.8812471905576	11372
k16_3e476af8	NA20799_hap1	G7	stable_partition	9096	13302751	683.7683423526456	9096
k16_3e476af8	NA20799_hap2	G5	stable_partition	493	5375022	91.72055481819423	493
k16_3e476af8	NA20805_hap1	G3	stable_partition	319	3916893	81.44210219681774	319
k16_3e476af8	NA20805_hap2	G6	stable_partition	12339	15222706	810.5654802766342	12339
k16_3e476af8	NA20806_hap1	G3	stable_partition	10700	15019854	712.3904133821808	10700
k16_3e476af8	NA20806_hap2	G7	stable_partition	22903	26214444	873.6786483054915	22903
k16_3e476af8	NA20809_hap1	G5	stable_partition	506	2768061	182.79943975223088	506
k16_3e476af8	NA20809_hap2	G1	stable_partition	203	2093859	96.95017668333924	203
k16_3e476af8	NA20827_hap1	G7	stable_partition	15281	19404940	787.479889141631	15281
k16_3e476af8	NA20827_hap2	G5	stable_partition	16270	19835839	820.2325094491844	16270
k16_3e476af8	NA20847_hap1	NA	incomplete_core_regions	243	3260864	74.52012718101706	243
k16_3e476af8	NA20847_hap2	NA	incomplete_core_regions	16096	18418749	873.8921411003538	16096
k16_3e476af8	NA20850_hap1	G3	stable_partition	282	3361295	83.89623642078425	282
k16_3e476af8	NA20850_hap2	G6	stable_partition	430	3051513	140.9137041198907	430
k16_3e476af8	NA20870_hap1	G2	stable_partition	13760	15327825	897.7137982720966	13760
k16_3e476af8	NA20870_hap2	G3	stable_partition	15602	17649765	883.9777753414846	15602
k16_3e476af8	NA20905_hap1	G2	stable_partition	15695	18527701	847.1099571393127	15695
k16_3e476af8	NA20905_hap2	G2	stable_partition	12574	15048600	835.5594540355914	12574
k16_3e476af8	NA21093_hap1	G7	stable_partition	483	3385342	142.67391595886028	483
k16_3e476af8	NA21093_hap2	G6	stable_partition	369	2363126	156.14910080969022	369
k16_3e476af8	NA21102_hap1	G7	stable_partition	535	4163366	128.50179398112007	535
k16_3e476af8	NA21102_hap2	G7	stable_partition	491	3790235	129.5434188117623	491
k16_3e476af8	NA21106_hap1	NA	incomplete_core_regions	8246	10017727	823.1408182714501	8246
k16_3e476af8	NA21106_hap2	NA	incomplete_core_regions	11760	14055779	836.6665412141156	11760
k16_3e476af8	NA21110_hap1	G7	stable_partition	499	4640749	107.52574638274984	499
k16_3e476af8	NA21110_hap2	NA	incomplete_core_regions	395	4263552	92.64575640217357	395
k16_3e476af8	NA21144_hap1	G7	stable_partition	21926	24463062	896.290088297205	21926
k16_3e476af8	NA21144_hap2	G3	stable_partition	12721	15334492	829.5677483153664	12721
k16_3e476af8	NA21309_hap1	NA	incomplete_core_regions	26358	28278308	932.0925424533887	26358
k16_3e476af8	NA21309_hap2	NA	incomplete_core_regions	12902	16255600	793.6957110165113	12902
k16_3e476af8	NA21487_hap1	NA	incomplete_core_regions	10490	13899619	754.696945290371	10490
k16_3e476af8	NA21487_hap2	G4	stable_partition	19947	22263366	895.956164040963	19947
k16_a0d0562c	chm13v2.0	reference	reference_projection_only	18152	69357083	261.7180425537793	18152
k16_a0d0562c	HG00096_hap1	NA	incomplete_core_regions	9205	17894657	514.3993539524116	9205
k16_a0d0562c	HG00096_hap2	G2	stable_partition	8019	16896342	474.5997683995743	8019
k16_a0d0562c	HG00097_hap1	G3	stable_partition	7908	17290243	457.3677767281813	7908
k16_a0d0562c	HG00097_hap2	G4	stable_partition	6298	14784379	425.990161642907	6298
k16_a0d0562c	HG00099_hap1	G3	stable_partition	9964	18799475	530.0148009452391	9964
k16_a0d0562c	HG00099_hap2	G7	stable_partition	7189	16084614	446.94886678660737	7189
k16_a0d0562c	HG00126_hap2	G7	stable_partition	8572	16850918	508.6963214704386	8572
k16_a0d0562c	HG00128_hap1	G4	stable_partition	8370	16782353	498.73816859888484	8370
k16_a0d0562c	HG00128_hap2	G3	stable_partition	5265	12396871	424.70394343863063	5265
k16_a0d0562c	HG00133_hap1	NA	incomplete_core_regions	112	3415045	32.796053931939404	112
k16_a0d0562c	HG00133_hap2	G7	stable_partition	168	4807429	34.94591391781345	168
k16_a0d0562c	HG00140_hap1	NA	incomplete_core_regions	109	3526830	30.905941029196192	109
k16_a0d0562c	HG00140_hap2	G7	stable_partition	10231	21153361	483.65836521203414	10231
k16_a0d0562c	HG00146_hap1	G7	stable_partition	144	3048652	47.23399062930108	144
k16_a0d0562c	HG00146_hap2	G3	stable_partition	123	3739082	32.89577495224764	123
k16_a0d0562c	HG00171_hap1	G3	stable_partition	11567	23144876	499.76504518753956	11567
k16_a0d0562c	HG00171_hap2	G7	stable_partition	188	4947657	37.9977835973674	188
k16_a0d0562c	hg002v1.1_hap1	G7	stable_partition	13343	25960104	513.980991755657	13343
k16_a0d0562c	hg002v1.1_hap2	G5	stable_partition	6975	37803162	184.50837525178449	6975
k16_a0d0562c	HG00232_hap1	G7	stable_partition	8282	17219688	480.9610952300646	8282
k16_a0d0562c	HG00232_hap2	G2	stable_partition	10123	19532606	518.2616185469568	10123
k16_a0d0562c	HG00235_hap1	G2	stable_partition	6036	13644950	442.36145973418735	6036
k16_a0d0562c	HG00235_hap2	G7	stable_partition	9343	19073716	489.83638007402436	9343
k16_a0d0562c	HG00253_hap1	NA	incomplete_core_regions	48	1236791	38.81011423918835	48
k16_a0d0562c	HG00253_hap2	NA	incomplete_core_regions	47	1043313	45.04880127056789	47
k16_a0d0562c	HG00268_hap1	NA	incomplete_core_regions	9751	19828263	491.7727790881127	9751
k16_a0d0562c	HG00268_hap2	G7	stable_partition	7808	16077906	485.6353806273031	7808
k16_a0d0562c	HG00272_hap1	G6	stable_partition	6787	15887047	427.20336888283896	6787
k16_a0d0562c	HG00280_hap1	G7	stable_partition	7960	15925672	499.8219227420985	7960
k16_a0d0562c	HG00280_hap2	G2	stable_partition	7602	14919641	509.52968640465275	7602
k16_a0d0562c	HG00290_hap1	G7	stable_partition	132	4510328	29.266164234618856	132
k16_a0d0562c	HG00290_hap2	G7	stable_partition	167	4692244	35.59064703370072	167
k16_a0d0562c	HG00320_hap1	G3	stable_partition	6125	13995185	437.65052051830685	6125
k16_a0d0562c	HG00320_hap2	G6	stable_partition	7539	16144728	466.96358092870935	7539
k16_a0d0562c	HG00321_hap1	G6	stable_partition	14684	28126726	522.0657391834371	14684
k16_a0d0562c	HG00321_hap2	G5	stable_partition	6686	15680438	426.39115055332	6686
k16_a0d0562c	HG00323_hap1	G5	stable_partition	11698	23287303	502.3338254326832	11698
k16_a0d0562c	HG00323_hap2	G3	stable_partition	145	4718406	30.730717110820898	145
k16_a0d0562c	HG00329_hap1	G7	stable_partition	163	3938532	41.38597832898146	163
k16_a0d0562c	HG00329_hap2	G2	stable_partition	82	2291540	35.78379604981803	82
k16_a0d0562c	HG00344_hap1	G6	stable_partition	146	3708700	39.36689405991318	146
k16_a0d0562c	HG00344_hap2	G3	stable_partition	131	3729505	35.125304832678864	131
k16_a0d0562c	HG00350_hap1	G7	stable_partition	10485	20676556	507.0960560356377	10485
k16_a0d0562c	HG00350_hap2	G4	stable_partition	11001	21130300	520.6267776605159	11001
k16_a0d0562c	HG00358_hap1	G6	stable_partition	143	4525412	31.59933283422592	143
k16_a0d0562c	HG00358_hap2	G3	stable_partition	7888	16380186	481.5574133285178	7888
k16_a0d0562c	HG00408_hap1	NA	incomplete_core_regions	7666	14421132	531.5810159701749	7666
k16_a0d0562c	HG00408_hap2	NA	incomplete_core_regions	6968	13826109	503.97403926151605	6968
k16_a0d0562c	HG00423_hap1	G3	stable_partition	13434	23571489	569.9258116447375	13434
k16_a0d0562c	HG00423_hap2	G3	stable_partition	11438	21568746	530.3043579816833	11438
k16_a0d0562c	HG00438_hap1	G2	stable_partition	116	3617181	32.069172098382694	116
k16_a0d0562c	HG00438_hap2	G2	stable_partition	7628	17051653	447.34665900132967	7628
k16_a0d0562c	HG00512_hap1	NA	incomplete_core_regions	119	2721752	43.721837992587126	119
k16_a0d0562c	HG00512_hap2	NA	incomplete_core_regions	83	3201583	25.924675387144422	83
k16_a0d0562c	HG00513_hap1	NA	incomplete_core_regions	57	1332700	42.77031590005253	57
k16_a0d0562c	HG00513_hap2	NA	incomplete_core_regions	7665	15836970	483.9940973557442	7665
k16_a0d0562c	HG00514_hap1	NA	incomplete_core_regions	57	1971847	28.906908091753568	57
k16_a0d0562c	HG00514_hap2	NA	incomplete_core_regions	58	1742788	33.280008813464406	58
k16_a0d0562c	HG00544_hap1	NA	incomplete_core_regions	10579	19614312	539.3510616125612	10579
k16_a0d0562c	HG00544_hap2	NA	incomplete_core_regions	8945	16979262	526.819127945608	8945
k16_a0d0562c	HG00558_hap1	G7	stable_partition	8331	17304366	481.43919286034514	8331
k16_a0d0562c	HG00558_hap2	NA	incomplete_core_regions	7450	14762166	504.6684883505578	7450
k16_a0d0562c	HG00597_hap1	G7	stable_partition	9421	18667544	504.67270895410775	9421
k16_a0d0562c	HG00597_hap2	G2	stable_partition	6285	12777263	491.88938194353517	6285
k16_a0d0562c	HG00609_hap1	G7	stable_partition	7485	16647485	449.61746474016945	7485
k16_a0d0562c	HG00609_hap2	G2	stable_partition	7565	16234293	465.98887922005594	7565
k16_a0d0562c	HG00621_hap1	NA	incomplete_core_regions	13253	22994655	576.3513303417686	13253
k16_a0d0562c	HG00621_hap2	G2	stable_partition	8854	17243966	513.4549673781542	8854
k16_a0d0562c	HG00639_hap1	G7	stable_partition	142	4156149	34.166243799247816	142
k16_a0d0562c	HG00639_hap2	NA	incomplete_core_regions	82	2767633	29.62820576283055	82
k16_a0d0562c	HG00642_hap1	G3	stable_partition	88	2909242	30.248428972220257	88
k16_a0d0562c	HG00642_hap2	G4	stable_partition	4788	21019643	227.7869324421923	4788
k16_a0d0562c	HG00658_hap1	G7	stable_partition	7143	14613503	488.79450738128975	7143
k16_a0d0562c	HG00658_hap2	NA	incomplete_core_regions	7654	14697292	520.7762082974197	7654
k16_a0d0562c	HG00673_hap1	G7	stable_partition	7889	16068384	490.9641193538815	7889
k16_a0d0562c	HG00673_hap2	G3	stable_partition	9157	18283563	500.8323596445616	9157
k16_a0d0562c	HG00706_hap1	G6	stable_partition	10298	19703639	522.6445734211837	10298
k16_a0d0562c	HG00706_hap2	G7	stable_partition	3690	9935001	371.4141548652084	3690
k16_a0d0562c	HG00731_hap1	G4	stable_partition	7407	16622342	445.60507779228703	7407
k16_a0d0562c	HG00731_hap2	G3	stable_partition	7664	34192088	224.14542218071034	7664
k16_a0d0562c	HG00732_hap1	NA	incomplete_core_regions	14742	27661548	532.9419741801869	14742
k16_a0d0562c	HG00732_hap2	NA	incomplete_core_regions	10984	20932449	524.7355433661871	10984
k16_a0d0562c	HG00733_hap1	G4	stable_partition	181	4253836	42.549830317858984	181
k16_a0d0562c	HG00733_hap2	NA	incomplete_core_regions	10980	21031676	522.0696629217757	10980
k16_a0d0562c	HG00735_hap1	NA	incomplete_core_regions	7505	13880116	540.701533041943	7505
k16_a0d0562c	HG00735_hap2	NA	incomplete_core_regions	11630	19957074	582.750757951792	11630
k16_a0d0562c	HG00738_hap1	G5	stable_partition	8380	16987730	493.2972209942117	8380
k16_a0d0562c	HG00738_hap2	G2	stable_partition	7356	14716741	499.83892493589445	7356
k16_a0d0562c	HG00741_hap1	G3	stable_partition	11915	23403674	509.108099865004	11915
k16_a0d0562c	HG00741_hap2	G7	stable_partition	11212	21868334	512.7048086973613	11212
k16_a0d0562c	HG00864_hap1	G7	stable_partition	11452	22900594	500.0743648832864	11452
k16_a0d0562c	HG00864_hap2	NA	incomplete_core_regions	6183	13685729	451.78448294570205	6183
k16_a0d0562c	HG01071_hap1	NA	incomplete_core_regions	6987	14877686	469.629484047452	6987
k16_a0d0562c	HG01071_hap2	NA	incomplete_core_regions	9840	20217967	486.6958186250873	9840
k16_a0d0562c	HG01074_hap1	G4	stable_partition	10643	19920458	534.2748645638569	10643
k16_a0d0562c	HG01074_hap2	G6	stable_partition	7761	14548366	533.461970918246	7761
k16_a0d0562c	HG01081_hap1	G6	stable_partition	7465	16091032	463.92301003440923	7465
k16_a0d0562c	HG01081_hap2	G3	stable_partition	8786	17146648	512.403357204277	8786
k16_a0d0562c	HG01099_hap1	G7	stable_partition	6366	14859993	428.39858672880933	6366
k16_a0d0562c	HG01099_hap2	G7	stable_partition	8722	18673746	467.0728626168526	8722
k16_a0d0562c	HG01106_hap1	G7	stable_partition	199	4663260	42.674009169550914	199
k16_a0d0562c	HG01106_hap2	G7	stable_partition	7421	16189946	458.3708926515258	7421
k16_a0d0562c	HG01109_hap1	G1	stable_partition	9495	18069875	525.4601927240781	9495
k16_a0d0562c	HG01109_hap2	G7	stable_partition	6292	14659350	429.21411931634077	6292
k16_a0d0562c	HG01114_hap1	NA	incomplete_core_regions	5236	11793644	443.9679542641782	5236
k16_a0d0562c	HG01114_hap2	NA	incomplete_core_regions	9391	18176397	516.6590496455376	9391
k16_a0d0562c	HG01123_hap1	G5	stable_partition	6938	16475375	421.113328224699	6938
k16_a0d0562c	HG01123_hap2	G7	stable_partition	7847	16069949	488.3027320124041	7847
k16_a0d0562c	HG01150_hap1	G7	stable_partition	150	3925071	38.215869216123735	150
k16_a0d0562c	HG01150_hap2	G2	stable_partition	4982	11537906	431.7941227810315	4982
k16_a0d0562c	HG01167_hap1	G5	stable_partition	14877	29151790	510.32886831306064	14877
k16_a0d0562c	HG01167_hap2	G1	stable_partition	7476	17116000	436.7842953961206	7476
k16_a0d0562c	HG01175_hap1	G7	stable_partition	8577	16872017	508.35652903858505	8577
k16_a0d0562c	HG01175_hap2	G6	stable_partition	7747	15571842	497.5005526000071	7747
k16_a0d0562c	HG01192_hap1	NA	incomplete_core_regions	8510	17219460	494.2082968920048	8510
k16_a0d0562c	HG01192_hap2	G2	stable_partition	7354	14889866	493.8929604873543	7354
k16_a0d0562c	HG01243_hap1	G3	stable_partition	12134	23422222	518.0550333781313	12134
k16_a0d0562c	HG01243_hap2	G5	stable_partition	7667	16615238	461.4438866298515	7667
k16_a0d0562c	HG01252_hap1	G4	stable_partition	97	3334374	29.090917815458013	97
k16_a0d0562c	HG01252_hap2	G6	stable_partition	7910	16003532	494.2658908046049	7910
k16_a0d0562c	HG01255_hap1	G6	stable_partition	11002	20848786	527.7045867322922	11002
k16_a0d0562c	HG01255_hap2	G7	stable_partition	9442	18649944	506.27497862728166	9442
k16_a0d0562c	HG01258_hap1	G7	stable_partition	6928	14782268	468.6696249858276	6928
k16_a0d0562c	HG01258_hap2	G7	stable_partition	164	4786626	34.262129525055855	164
k16_a0d0562c	HG01261_hap1	NA	incomplete_core_regions	11381	20543004	554.0085568790232	11381
k16_a0d0562c	HG01261_hap2	NA	incomplete_core_regions	109	18681368	5.834690478770077	109
k16_a0d0562c	HG01346_hap1	G7	stable_partition	7900	15635695	505.25416363007844	7900
k16_a0d0562c	HG01346_hap2	NA	incomplete_core_regions	17004	29145141	583.424866601263	17004
k16_a0d0562c	HG01352_hap1	G7	stable_partition	11693	22834832	512.0685801410757	11693
k16_a0d0562c	HG01352_hap2	G7	stable_partition	8153	17641083	462.1598345180962	8153
k16_a0d0562c	HG01358_hap1	G6	stable_partition	9081	17326562	524.108591190797	9081
k16_a0d0562c	HG01358_hap2	G3	stable_partition	11220	20576051	545.294138316434	11220
k16_a0d0562c	HG01361_hap1	NA	incomplete_core_regions	10646	20514037	518.9617236236826	10646
k16_a0d0562c	HG01361_hap2	NA	incomplete_core_regions	7552	15938799	473.81236189753065	7552
k16_a0d0562c	HG01433_hap1	G7	stable_partition	12919	24536109	526.5301030411954	12919
k16_a0d0562c	HG01433_hap2	G1	stable_partition	10498	20124352	521.656548245628	10498
k16_a0d0562c	HG01457_hap1	G4	stable_partition	167	5129790	32.55493889613415	167
k16_a0d0562c	HG01457_hap2	G4	stable_partition	145	4820821	30.077864330577718	145
k16_a0d0562c	HG01496_hap1	G2	stable_partition	7497	15343577	488.6083603582137	7497
k16_a0d0562c	HG01496_hap2	G3	stable_partition	9913	19622186	505.19345805813884	9913
k16_a0d0562c	HG01505_hap1	NA	incomplete_core_regions	8047	15950344	504.5032257611497	8047
k16_a0d0562c	HG01505_hap2	G6	stable_partition	8251	16579536	497.6616957193495	8251
k16_a0d0562c	HG01530_hap1	NA	incomplete_core_regions	10309	19976832	516.0477897596576	10309
k16_a0d0562c	HG01530_hap2	NA	incomplete_core_regions	6007	13168730	456.1563643570792	6007
k16_a0d0562c	HG01573_hap1	G7	stable_partition	159	3029849	52.47786275817706	159
k16_a0d0562c	HG01573_hap2	G3	stable_partition	115	3508154	32.780773021936895	115
k16_a0d0562c	HG01596_hap1	G3	stable_partition	135	5178872	26.067452526341643	135
k16_a0d0562c	HG01596_hap2	NA	incomplete_core_regions	6997	13511139	517.8689968329095	6997
k16_a0d0562c	HG01784_hap1	G7	stable_partition	7815	17627412	443.3435832781352	7815
k16_a0d0562c	HG01784_hap2	G3	stable_partition	8110	16044962	505.45460936585573	8110
k16_a0d0562c	HG01786_hap1	G7	stable_partition	7747	15539669	498.53056715686796	7747
k16_a0d0562c	HG01884_hap1	G1	stable_partition	12413	25031628	495.8926363079541	12413
k16_a0d0562c	HG01884_hap2	G5	stable_partition	10076	21241335	474.3581323866885	10076
k16_a0d0562c	HG01890_hap1	NA	incomplete_core_regions	9918	20531662	483.0587996237226	9918
k16_a0d0562c	HG01890_hap2	G7	stable_partition	20302	37483612	541.6233632980728	20302
k16_a0d0562c	HG01891_hap1	NA	incomplete_core_regions	5084	8950050	568.0415193211211	5084
k16_a0d0562c	HG01891_hap2	NA	incomplete_core_regions	15	871062	17.220358596747417	15
k16_a0d0562c	HG01928_hap1	G2	stable_partition	13406	24978052	536.7111894874748	13406
k16_a0d0562c	HG01928_hap2	G3	stable_partition	4358	11806833	369.10829517110983	4358
k16_a0d0562c	HG01934_hap1	G7	stable_partition	11631	23636261	492.08290600615726	11631
k16_a0d0562c	HG01934_hap2	G6	stable_partition	11495	22243630	516.7771627202934	11495
k16_a0d0562c	HG01940_hap1	NA	incomplete_core_regions	6341	13728666	461.8802729995762	6341
k16_a0d0562c	HG01940_hap2	NA	incomplete_core_regions	10778	21941455	491.2162844259873	10778
k16_a0d0562c	HG01943_hap1	NA	incomplete_core_regions	15475	27559620	561.5099192223986	15475
k16_a0d0562c	HG01943_hap2	NA	incomplete_core_regions	4538	9298113	488.056017387614	4538
k16_a0d0562c	HG01952_hap1	G3	stable_partition	7149	15577391	458.9343619865483	7149
k16_a0d0562c	HG01952_hap2	G7	stable_partition	178	3790581	46.95850055703861	178
k16_a0d0562c	HG01960_hap1	G5	stable_partition	6891	14702245	468.7039292298557	6891
k16_a0d0562c	HG01960_hap2	G7	stable_partition	12544	23916301	524.49582399887	12544
k16_a0d0562c	HG01969_hap1	G7	stable_partition	14915	27170464	548.9416743122238	14915
k16_a0d0562c	HG01969_hap2	G3	stable_partition	3472	9317853	372.6180269210085	3472
k16_a0d0562c	HG01975_hap1	G2	stable_partition	10365	19013845	545.1290888297449	10365
k16_a0d0562c	HG01975_hap2	G7	stable_partition	3187	9100761	350.19049505860005	3187
k16_a0d0562c	HG01978_hap1	NA	incomplete_core_regions	7291	14688945	496.3596772947274	7291
k16_a0d0562c	HG01978_hap2	NA	incomplete_core_regions	8806	18232315	482.9885837316874	8806
k16_a0d0562c	HG01981_hap1	G7	stable_partition	8730	17860979	488.77499939952907	8730
k16_a0d0562c	HG01981_hap2	G7	stable_partition	11276	20990914	537.1848029104402	11276
k16_a0d0562c	HG01993_hap1	G7	stable_partition	4438	10554721	420.47534937209616	4438
k16_a0d0562c	HG01993_hap2	G7	stable_partition	11962	22299559	536.4231642428445	11962
k16_a0d0562c	HG02004_hap1	G7	stable_partition	169	3942199	42.86947462571017	169
k16_a0d0562c	HG02004_hap2	G7	stable_partition	9553	19974982	478.24824072432205	9553
k16_a0d0562c	HG02011_hap1	NA	incomplete_core_regions	11268	20380428	552.8833839995901	11268
k16_a0d0562c	HG02011_hap2	G2	stable_partition	8427	18306369	460.33159279155797	8427
k16_a0d0562c	HG02015_hap1	NA	incomplete_core_regions	104	2285669	45.5009014866107	104
k16_a0d0562c	HG02015_hap2	NA	incomplete_core_regions	7492	14872009	503.7651604433537	7492
k16_a0d0562c	HG02018_hap1	G7	stable_partition	13999	26312896	532.0204967176551	13999
k16_a0d0562c	HG02018_hap2	G7	stable_partition	6726	14847180	453.0153200809851	6726
k16_a0d0562c	HG02027_hap1	G3	stable_partition	9647	19458006	495.7856421670339	9647
k16_a0d0562c	HG02027_hap2	G7	stable_partition	9724	19604484	496.0089742734366	9724
k16_a0d0562c	HG02040_hap1	NA	incomplete_core_regions	10137	19356941	523.6881178694506	10137
k16_a0d0562c	HG02040_hap2	G3	stable_partition	6698	15941913	420.1503295118974	6698
k16_a0d0562c	HG02055_hap1	G4	stable_partition	9241	17600466	525.0429164773251	9241
k16_a0d0562c	HG02055_hap2	G1	stable_partition	8477	17864870	474.50667147312015	8477
k16_a0d0562c	HG02056_hap1	G6	stable_partition	8385	17176212	488.1751575958657	8385
k16_a0d0562c	HG02056_hap2	G3	stable_partition	11728	22426617	522.9500285308302	11728
k16_a0d0562c	HG02059_hap1	G3	stable_partition	7812	16902263	462.1866314587579	7812
k16_a0d0562c	HG02059_hap2	G2	stable_partition	148	3594664	41.17213736805443	148
k16_a0d0562c	HG02071_hap1	G6	stable_partition	6413	13764478	465.9094227910423	6413
k16_a0d0562c	HG02071_hap2	G7	stable_partition	6002	14188809	423.0094294736084	6002
k16_a0d0562c	HG02074_hap1	NA	incomplete_core_regions	3826	8405111	455.1992234248899	3826
k16_a0d0562c	HG02074_hap2	NA	incomplete_core_regions	8518	15548957	547.8180948085458	8518
k16_a0d0562c	HG02080_hap1	G3	stable_partition	10426	19682280	529.7150533373166	10426
k16_a0d0562c	HG02080_hap2	G3	stable_partition	9374	18992088	493.5739556387902	9374
k16_a0d0562c	HG02083_hap1	G7	stable_partition	8504	17374222	489.460765494996	8504
k16_a0d0562c	HG02083_hap2	G7	stable_partition	8511	17884209	475.8946845230896	8511
k16_a0d0562c	HG02106_hap1	G7	stable_partition	152	3831098	39.67530979369361	152
k16_a0d0562c	HG02106_hap2	G7	stable_partition	7943	16415601	483.8689731798427	7943
k16_a0d0562c	HG02109_hap1	G4	stable_partition	10767	19615562	548.9009185665952	10767
k16_a0d0562c	HG02109_hap2	G4	stable_partition	8551	17107711	499.8330869629491	8551
k16_a0d0562c	HG02129_hap1	NA	incomplete_core_regions	7893	14761284	534.7095821745588	7893
k16_a0d0562c	HG02129_hap2	NA	incomplete_core_regions	12960	22459422	577.040673620185	12960
k16_a0d0562c	HG02132_hap1	G3	stable_partition	8607	17324702	496.80508213070567	8607
k16_a0d0562c	HG02132_hap2	G7	stable_partition	5749	13677101	420.33761394318867	5749
k16_a0d0562c	HG02135_hap1	G7	stable_partition	5523	11893496	464.3714514218527	5523
k16_a0d0562c	HG02135_hap2	G7	stable_partition	7956	16002027	497.18701262033863	7956
k16_a0d0562c	HG02145_hap1	G4	stable_partition	9353	19059104	490.73660545637404	9353
k16_a0d0562c	HG02145_hap2	G1	stable_partition	8419	16894338	498.33263665021974	8419
k16_a0d0562c	HG02148_hap1	G7	stable_partition	5950	12853654	462.9033891841184	5950
k16_a0d0562c	HG02148_hap2	G7	stable_partition	13161	24545878	536.1796387971945	13161
k16_a0d0562c	HG02155_hap1	G6	stable_partition	6627	13926149	475.8673772627307	6627
k16_a0d0562c	HG02155_hap2	G3	stable_partition	5643	12233421	461.27734833943833	5643
k16_a0d0562c	HG02165_hap1	G3	stable_partition	7427	16298341	455.6905515720895	7427
k16_a0d0562c	HG02165_hap2	G6	stable_partition	7039	14584016	482.6516920990761	7039
k16_a0d0562c	HG02178_hap1	NA	incomplete_core_regions	108	3023941	35.714982534381456	108
k16_a0d0562c	HG02178_hap2	NA	incomplete_core_regions	173	3949865	43.79896528109188	173
k16_a0d0562c	HG02257_hap1	G3	stable_partition	10805	20441299	528.5867595792225	10805
k16_a0d0562c	HG02257_hap2	G1	stable_partition	11991	24687746	485.70655255445354	11991
k16_a0d0562c	HG02258_hap1	G1	stable_partition	10612	20827100	509.52845091251305	10612
k16_a0d0562c	HG02258_hap2	G1	stable_partition	9131	18604191	490.8033894083328	9131
k16_a0d0562c	HG02273_hap1	NA	incomplete_core_regions	12173	23410325	519.9842377241665	12173
k16_a0d0562c	HG02273_hap2	NA	incomplete_core_regions	165	4543546	36.3152480463497	165
k16_a0d0562c	HG02280_hap2	G1	stable_partition	7602	15162221	501.37773351278815	7602
k16_a0d0562c	HG02282_hap1	NA	incomplete_core_regions	10331	19038646	542.6331263263155	10331
k16_a0d0562c	HG02282_hap2	G1	stable_partition	11225	23204001	483.7527803933468	11225
k16_a0d0562c	HG02293_hap1	G7	stable_partition	12350	22810154	541.4255423264568	12350
k16_a0d0562c	HG02293_hap2	NA	incomplete_core_regions	11113	19733881	563.1431546587313	11113
k16_a0d0562c	HG02300_hap1	NA	incomplete_core_regions	14739	25918550	568.6660712115454	14739
k16_a0d0562c	HG02300_hap2	NA	incomplete_core_regions	6678	12446494	536.5366343325277	6678
k16_a0d0562c	HG02391_hap1	G3	stable_partition	13789	25147583	548.3230734341348	13789
k16_a0d0562c	HG02391_hap2	G6	stable_partition	7665	16646876	460.4467528922544	7665
k16_a0d0562c	HG02392_hap1	NA	incomplete_core_regions	165	3379633	48.8218691201086	165
k16_a0d0562c	HG02392_hap2	NA	incomplete_core_regions	98	2571025	38.11709337715503	98
k16_a0d0562c	HG02451_hap1	NA	incomplete_core_regions	9412	17779850	529.3632960907994	9412
k16_a0d0562c	HG02451_hap2	G5	stable_partition	10527	19331286	544.5576667791269	10527
k16_a0d0562c	HG02486_hap1	G1	stable_partition	8150	17086931	476.9727226030233	8150
k16_a0d0562c	HG02486_hap2	G2	stable_partition	9097	17836757	510.0142363323109	9097
k16_a0d0562c	HG02492_hap1	G5	stable_partition	173	4025921	42.97153371861991	173
k16_a0d0562c	HG02492_hap2	NA	incomplete_core_regions	6063	12560829	482.691070788401	6063
k16_a0d0562c	HG02514_hap1	G7	stable_partition	157	3740734	41.9703726594834	157
k16_a0d0562c	HG02514_hap2	G7	stable_partition	184	4085502	45.037305085152326	184
k16_a0d0562c	HG02523_hap1	G1	stable_partition	5581	12480274	447.18569480125194	5581
k16_a0d0562c	HG02523_hap2	G3	stable_partition	10162	19668335	516.6680351946416	10162
k16_a0d0562c	HG02554_hap1	G2	stable_partition	17292	31499560	548.9600489657633	17292
k16_a0d0562c	HG02554_hap2	NA	incomplete_core_regions	6336	13978499	453.2675504000823	6336
k16_a0d0562c	HG02559_hap1	G3	stable_partition	11584	23311427	496.9236761009954	11584
k16_a0d0562c	HG02559_hap2	G5	stable_partition	12213	24970989	489.08755676437164	12213
k16_a0d0562c	HG02572_hap1	G5	stable_partition	7302	17258768	423.0892958292272	7302
k16_a0d0562c	HG02572_hap2	G7	stable_partition	12828	24805463	517.1441468357192	12828
k16_a0d0562c	HG02583_hap1	G3	stable_partition	1712	6818757	251.07215288651582	1712
k16_a0d0562c	HG02583_hap2	G1	stable_partition	2706	9673121	279.7442521395111	2706
k16_a0d0562c	HG02587_hap1	NA	incomplete_core_regions	8544	19187861	445.28152460558266	8544
k16_a0d0562c	HG02587_hap2	G5	stable_partition	9290	19308873	481.12595696289475	9290
k16_a0d0562c	HG02602_hap1	NA	incomplete_core_regions	8657	17022912	508.5498885267104	8657
k16_a0d0562c	HG02602_hap2	NA	incomplete_core_regions	12228	21878415	558.907032342151	12228
k16_a0d0562c	HG02615_hap1	G5	stable_partition	8704	19286194	451.3072926674905	8704
k16_a0d0562c	HG02615_hap2	G4	stable_partition	7675	16954069	452.6936866896083	7675
k16_a0d0562c	HG02622_hap1	NA	incomplete_core_regions	8947	19423539	460.62666540839956	8947
k16_a0d0562c	HG02622_hap2	NA	incomplete_core_regions	9930	20253601	490.2831847037966	9930
k16_a0d0562c	HG02630_hap1	G5	stable_partition	7419	16721912	443.66936029803287	7419
k16_a0d0562c	HG02630_hap2	G6	stable_partition	7359	17015167	432.49648974941005	7359
k16_a0d0562c	HG02647_hap1	NA	incomplete_core_regions	9594	21122920	454.19856724354395	9594
k16_a0d0562c	HG02647_hap2	NA	incomplete_core_regions	9543	20545181	464.4884851586365	9543
k16_a0d0562c	HG02666_hap1	G5	stable_partition	10502	21657206	484.9194305119506	10502
k16_a0d0562c	HG02666_hap2	G5	stable_partition	9841	19469064	505.4685731168175	9841
k16_a0d0562c	HG02668_hap1	G5	stable_partition	10120	21241496	476.4259541794985	10120
k16_a0d0562c	HG02668_hap2	G5	stable_partition	10437	20309478	513.8979938332241	10437
k16_a0d0562c	HG02698_hap1	NA	incomplete_core_regions	9528	16888818	564.1602627253133	9528
k16_a0d0562c	HG02698_hap2	NA	incomplete_core_regions	7670	13726160	558.7870169078606	7670
k16_a0d0562c	HG02717_hap1	G2	stable_partition	10850	21217497	511.3704033986667	10850
k16_a0d0562c	HG02717_hap2	G7	stable_partition	8500	18267102	465.31737765519676	8500
k16_a0d0562c	HG02723_hap1	G5	stable_partition	9505	20145734	471.81204715598847	9505
k16_a0d0562c	HG02723_hap2	G3	stable_partition	8912	18034238	494.1711426898103	8912
k16_a0d0562c	HG02735_hap1	G7	stable_partition	167	4364473	38.26349710491966	167
k16_a0d0562c	HG02735_hap2	G7	stable_partition	7863	17487543	449.6343482900943	7863
k16_a0d0562c	HG02738_hap1	G7	stable_partition	181	5071823	35.6873652728023	181
k16_a0d0562c	HG02738_hap2	G2	stable_partition	10345	20470751	505.3551772477717	10345
k16_a0d0562c	HG02769_hap1	NA	incomplete_core_regions	6690	14206032	470.9267162005548	6690
k16_a0d0562c	HG02769_hap2	G6	stable_partition	6261	13646929	458.78453679945136	6261
k16_a0d0562c	HG02809_hap1	G3	stable_partition	9966	20210767	493.10350270229725	9966
k16_a0d0562c	HG02809_hap2	NA	incomplete_core_regions	8782	17946219	489.3509880827822	8782
k16_a0d0562c	HG02818_hap1	G5	stable_partition	7642	17960489	425.4895287093798	7642
k16_a0d0562c	HG02818_hap2	NA	incomplete_core_regions	6814	14796402	460.5173609097671	6814
k16_a0d0562c	HG02841_hap1	G1	stable_partition	8662	19678112	440.1845055054062	8662
k16_a0d0562c	HG02841_hap2	G1	stable_partition	9480	21041584	450.5364234935925	9480
k16_a0d0562c	HG02886_hap1	G2	stable_partition	9634	19290600	499.4142224710481	9634
k16_a0d0562c	HG02886_hap2	G3	stable_partition	9242	17318987	533.6339821722829	9242
k16_a0d0562c	HG02922_hap1	G1	stable_partition	9021	20686017	436.09168454226835	9021
k16_a0d0562c	HG02922_hap2	G4	stable_partition	8514	16874059	504.5614691758515	8514
k16_a0d0562c	HG02953_hap1	G7	stable_partition	7122	15186195	468.978569022721	7122
k16_a0d0562c	HG02953_hap2	G4	stable_partition	139	3132651	44.37136470037677	139
k16_a0d0562c	HG02965_hap1	G5	stable_partition	12655	25613701	494.0715127423406	12655
k16_a0d0562c	HG02965_hap2	G5	stable_partition	8317	18545781	448.45779209837536	8317
k16_a0d0562c	HG02976_hap1	G1	stable_partition	101	3029877	33.334686523578355	101
k16_a0d0562c	HG02976_hap2	G1	stable_partition	108	3072844	35.14659383945297	108
k16_a0d0562c	HG02984_hap1	G1	stable_partition	13106	26537806	493.86147445647913	13106
k16_a0d0562c	HG02984_hap2	G1	stable_partition	10409	21006099	495.5227527014892	10409
k16_a0d0562c	HG03009_hap1	G7	stable_partition	11856	22737770	521.4231650685181	11856
k16_a0d0562c	HG03009_hap2	G7	stable_partition	7470	16169669	461.9760614765831	7470
k16_a0d0562c	HG03017_hap1	G7	stable_partition	10666	22249710	479.3770345770799	10666
k16_a0d0562c	HG03017_hap2	G7	stable_partition	6306	14583495	432.40663503501736	6306
k16_a0d0562c	HG03041_hap1	G4	stable_partition	7478	17194259	434.91260658572145	7478
k16_a0d0562c	HG03041_hap2	G4	stable_partition	10302	21965575	469.0066160344084	10302
k16_a0d0562c	HG03050_hap1	G2	stable_partition	12357	23587265	523.8843927008917	12357
k16_a0d0562c	HG03050_hap2	G1	stable_partition	10696	21439529	498.891556806122	10696
k16_a0d0562c	HG03065_hap1	G4	stable_partition	9780	19966225	489.827195676699	9780
k16_a0d0562c	HG03065_hap2	G4	stable_partition	175	4804383	36.42507268883434	175
k16_a0d0562c	HG03098_hap1	G1	stable_partition	123	4077524	30.165365059776473	123
k16_a0d0562c	HG03098_hap2	G1	stable_partition	11055	22724012	486.4897976642505	11055
k16_a0d0562c	HG03130_hap1	G6	stable_partition	12576	23290738	539.9571280223066	12576
k16_a0d0562c	HG03130_hap2	NA	incomplete_core_regions	10558	19163188	550.9521693363339	10558
k16_a0d0562c	HG03139_hap1	G4	stable_partition	8649	18500901	467.4907454507216	8649
k16_a0d0562c	HG03139_hap2	G5	stable_partition	10363	21696231	477.64056346929567	10363
k16_a0d0562c	HG03195_hap1	NA	incomplete_core_regions	14426	26062752	553.5102356036692	14426
k16_a0d0562c	HG03195_hap2	G1	stable_partition	8165	18542827	440.3319946845214	8165
k16_a0d0562c	HG03209_hap1	G5	stable_partition	135	3798072	35.54434987014464	135
k16_a0d0562c	HG03209_hap2	G1	stable_partition	6677	14608881	457.0507487876724	6677
k16_a0d0562c	HG03225_hap1	G4	stable_partition	10300	21226466	485.24328072322544	10300
k16_a0d0562c	HG03225_hap2	G6	stable_partition	11007	22847022	481.7695715441601	11007
k16_a0d0562c	HG03239_hap1	G3	stable_partition	8795	18469285	476.1960194994013	8795
k16_a0d0562c	HG03239_hap2	G3	stable_partition	141	4222013	33.39639172120029	141
k16_a0d0562c	HG03248_hap1	G1	stable_partition	113	4025391	28.07180718593548	113
k16_a0d0562c	HG03248_hap2	G5	stable_partition	12101	23018875	525.6990187400557	12101
k16_a0d0562c	HG03270_hap1	G5	stable_partition	8672	18928245	458.15129717520034	8672
k16_a0d0562c	HG03270_hap2	G1	stable_partition	135	4456175	30.295040028724184	135
k16_a0d0562c	HG03369_hap1	G6	stable_partition	9169	18847164	486.4922913601219	9169
k16_a0d0562c	HG03369_hap2	G2	stable_partition	8541	16917286	504.8682158592105	8541
k16_a0d0562c	HG03371_hap1	G1	stable_partition	9930	21342150	465.2764599630309	9930
k16_a0d0562c	HG03371_hap2	G2	stable_partition	8575	18314040	468.22001044007766	8575
k16_a0d0562c	HG03452_hap1	G4	stable_partition	175	4573814	38.261284783334	175
k16_a0d0562c	HG03452_hap2	NA	incomplete_core_regions	8682	17550709	494.6808701574392	8682
k16_a0d0562c	HG03453_hap1	NA	incomplete_core_regions	8668	16787043	516.3506163652527	8668
k16_a0d0562c	HG03453_hap2	G1	stable_partition	8945	18104602	494.07327485022864	8945
k16_a0d0562c	HG03456_hap1	G5	stable_partition	11701	24068677	486.15052667830474	11701
k16_a0d0562c	HG03456_hap2	G4	stable_partition	6465	14342799	450.7488391910114	6465
k16_a0d0562c	HG03470_hap1	G3	stable_partition	8644	18079514	478.1101969887022	8644
k16_a0d0562c	HG03470_hap2	G1	stable_partition	10616	23110028	459.3676822892642	10616
k16_a0d0562c	HG03471_hap1	NA	incomplete_core_regions	90	3366533	26.733734676000502	90
k16_a0d0562c	HG03471_hap2	NA	incomplete_core_regions	10314	20737660	497.35601798852906	10314
k16_a0d0562c	HG03486_hap1	G5	stable_partition	7878	15443477	510.118284891414	7878
k16_a0d0562c	HG03486_hap2	G5	stable_partition	9117	18935904	481.46631922088324	9117
k16_a0d0562c	HG03516_hap1	G7	stable_partition	5800	14177288	409.1050418105353	5800
k16_a0d0562c	HG03516_hap2	G1	stable_partition	11123	22231624	500.323323208417	11123
k16_a0d0562c	HG03520_hap1	NA	incomplete_core_regions	7875	15349829	513.0350312045821	7875
k16_a0d0562c	HG03520_hap2	NA	incomplete_core_regions	8490	17920358	473.7628567465003	8490
k16_a0d0562c	HG03521_hap1	G5	stable_partition	2002	7620800	262.70207852193994	2002
k16_a0d0562c	HG03521_hap2	G1	stable_partition	132	5820346	22.679064096876715	132
k16_a0d0562c	HG03540_hap1	NA	incomplete_core_regions	12770	23425830	545.1247618547561	12770
k16_a0d0562c	HG03540_hap2	NA	incomplete_core_regions	130	3208555	40.51668118514409	130
k16_a0d0562c	HG03579_hap1	G1	stable_partition	6598	15282091	431.7472000395757	6598
k16_a0d0562c	HG03579_hap2	G1	stable_partition	10168	20097577	505.9316354404314	10168
k16_a0d0562c	HG03583_hap1	G2	stable_partition	89	3471573	25.63679346509493	89
k16_a0d0562c	HG03583_hap2	G5	stable_partition	145	3437642	42.18007576123401	145
k16_a0d0562c	HG03654_hap1	G4	stable_partition	9561	18466603	517.7454673174054	9561
k16_a0d0562c	HG03654_hap2	G7	stable_partition	7546	16582197	455.06635821538	7546
k16_a0d0562c	HG03669_hap1	G1	stable_partition	11890	22359152	531.7732980213203	11890
k16_a0d0562c	HG03669_hap2	G7	stable_partition	169	3579168	47.217677404357666	169
k16_a0d0562c	HG03683_hap1	NA	incomplete_core_regions	6456	13297949	485.48840125646444	6456
k16_a0d0562c	HG03683_hap2	G7	stable_partition	186	5146327	36.14228167001436	186
k16_a0d0562c	HG03688_hap1	G3	stable_partition	10580	19611371	539.4829356907276	10580
k16_a0d0562c	HG03688_hap2	G3	stable_partition	14062	25733596	546.4451994971864	14062
k16_a0d0562c	HG03704_hap1	G7	stable_partition	10696	21036631	508.44643327156336	10696
k16_a0d0562c	HG03704_hap2	G3	stable_partition	137	3636752	37.6709767396842	137
k16_a0d0562c	HG03710_hap1	NA	incomplete_core_regions	8527	17638627	483.4276500092666	8527
k16_a0d0562c	HG03710_hap2	NA	incomplete_core_regions	11499	22078251	520.8292993860791	11499
k16_a0d0562c	HG03732_hap2	G6	stable_partition	7159	16169998	442.7335117790367	7159
k16_a0d0562c	HG03742_hap1	G4	stable_partition	11832	22457872	526.8531230385497	11832
k16_a0d0562c	HG03742_hap2	G6	stable_partition	8189	15748374	519.9901907333418	8189
k16_a0d0562c	HG03784_hap1	G7	stable_partition	11688	22484913	519.815220098917	11688
k16_a0d0562c	HG03784_hap2	NA	incomplete_core_regions	76	2702960	28.117323230828422	76
k16_a0d0562c	HG03804_hap1	G3	stable_partition	8164	15852577	514.995132967971	8164
k16_a0d0562c	HG03804_hap2	G7	stable_partition	9280	18132092	511.7997415852512	9280
k16_a0d0562c	HG03807_hap1	G7	stable_partition	3871	11120732	348.0885970455902	3871
k16_a0d0562c	HG03807_hap2	G7	stable_partition	4921	12686899	387.8804426519041	4921
k16_a0d0562c	HG03816_hap1	G3	stable_partition	8958	18072615	495.66706312285186	8958
k16_a0d0562c	HG03816_hap2	G7	stable_partition	10368	19744476	525.1088962806609	10368
k16_a0d0562c	HG03831_hap1	G3	stable_partition	10419	19646002	530.3369102782337	10419
k16_a0d0562c	HG03831_hap2	G3	stable_partition	10422	19238086	541.7378839038354	10422
k16_a0d0562c	HG03834_hap1	G6	stable_partition	12323	22585344	545.6193184394269	12323
k16_a0d0562c	HG03834_hap2	G7	stable_partition	11306	22176448	509.8201479335194	11306
k16_a0d0562c	HG03874_hap1	G3	stable_partition	5624	13260922	424.10324108685654	5624
k16_a0d0562c	HG03874_hap2	G4	stable_partition	182	4637618	39.24428445809896	182
k16_a0d0562c	HG03927_hap1	G3	stable_partition	11779	21481963	548.3204677337914	11779
k16_a0d0562c	HG03927_hap2	G7	stable_partition	11696	23049442	507.43093910906816	11696
k16_a0d0562c	HG03942_hap1	NA	incomplete_core_regions	116	2533767	45.78163659089411	116
k16_a0d0562c	HG03942_hap2	NA	incomplete_core_regions	126	2734567	46.076764621236194	126
k16_a0d0562c	HG04036_hap1	G2	stable_partition	8255	16833723	490.384687926729	8255
k16_a0d0562c	HG04036_hap2	G7	stable_partition	11367	22171956	512.6746598270355	11367
k16_a0d0562c	HG04115_hap1	NA	incomplete_core_regions	8698	16788384	518.096321837766	8698
k16_a0d0562c	HG04115_hap2	NA	incomplete_core_regions	9764	18184962	536.9271599247774	9764
k16_a0d0562c	HG04157_hap1	G5	stable_partition	8936	17786867	502.39314208623705	8936
k16_a0d0562c	HG04157_hap2	G6	stable_partition	7443	15658805	475.32362782472865	7443
k16_a0d0562c	HG04160_hap1	G1	stable_partition	9488	18599074	510.1329238219064	9488
k16_a0d0562c	HG04160_hap2	G2	stable_partition	17524	30690486	570.9912837483251	17524
k16_a0d0562c	HG04184_hap1	G3	stable_partition	12768	23821770	535.9803238802155	12768
k16_a0d0562c	HG04184_hap2	G2	stable_partition	10665	20523530	519.6474485626985	10665
k16_a0d0562c	HG04187_hap1	G6	stable_partition	1923	7234616	265.8054000378182	1923
k16_a0d0562c	HG04187_hap2	G1	stable_partition	8279	16992586	487.21248196125066	8279
k16_a0d0562c	HG04199_hap1	G3	stable_partition	12457	23711704	525.3523745066993	12457
k16_a0d0562c	HG04199_hap2	G5	stable_partition	10117	21022828	481.23877529702474	10117
k16_a0d0562c	HG04204_hap1	G6	stable_partition	4655	11467425	405.9324565017866	4655
k16_a0d0562c	HG04204_hap2	G7	stable_partition	9389	18420234	509.71122299532135	9389
k16_a0d0562c	HG04217_hap1	G6	stable_partition	8335	17777982	468.838364219291	8335
k16_a0d0562c	HG04217_hap2	G5	stable_partition	9669	19509095	495.6149939297543	9669
k16_a0d0562c	HG04228_hap1	G7	stable_partition	7820	16537846	472.8548082984931	7820
k16_a0d0562c	HG04228_hap2	G6	stable_partition	9123	18728764	487.11169621230744	9123
k16_a0d0562c	HG06807_hap1	G1	stable_partition	3658	10202951	358.5237251457936	3658
k16_a0d0562c	HG06807_hap2	G6	stable_partition	8117	17692896	458.7717013653389	8117
k16_a0d0562c	NA12329_hap1	G6	stable_partition	129	4454621	28.958692557683356	129
k16_a0d0562c	NA12329_hap2	G3	stable_partition	8295	17782441	466.47139163852705	8295
k16_a0d0562c	NA18505_hap1	G2	stable_partition	8123	17063289	476.0512466266029	8123
k16_a0d0562c	NA18505_hap2	G6	stable_partition	9512	18100137	525.520884178943	9512
k16_a0d0562c	NA18508_hap1	NA	incomplete_core_regions	7858	15283460	514.1505915545301	7858
k16_a0d0562c	NA18508_hap2	G1	stable_partition	8738	18196340	480.20645910111597	8738
k16_a0d0562c	NA18522_hap1	G1	stable_partition	10944	22787829	480.2563684324645	10944
k16_a0d0562c	NA18522_hap2	G1	stable_partition	7193	16663209	431.6695541657072	7193
k16_a0d0562c	NA18534_hap1	G7	stable_partition	7191	15984472	449.8741028167837	7191
k16_a0d0562c	NA18534_hap2	G3	stable_partition	139	4323035	32.15333671830091	139
k16_a0d0562c	NA18565_hap1	NA	incomplete_core_regions	181	3628127	49.888000061739845	181
k16_a0d0562c	NA18565_hap2	NA	incomplete_core_regions	6533	14407596	453.44136523539385	6533
k16_a0d0562c	NA18570_hap1	G2	stable_partition	7309	14528592	503.0769671279915	7309
k16_a0d0562c	NA18570_hap2	G7	stable_partition	6535	14204254	460.0734399708707	6535
k16_a0d0562c	NA18608_hap1	G3	stable_partition	7858	17402834	451.53565218170786	7858
k16_a0d0562c	NA18608_hap2	G2	stable_partition	94	3568029	26.345077352230042	94
k16_a0d0562c	NA18620_hap1	NA	incomplete_core_regions	98	1860034	52.68720894349243	98
k16_a0d0562c	NA18620_hap2	NA	incomplete_core_regions	102	2821479	36.15125258773856	102
k16_a0d0562c	NA18747_hap1	G7	stable_partition	5976	12400815	481.9038103544001	5976
k16_a0d0562c	NA18747_hap2	NA	incomplete_core_regions	8231	14985692	549.2572515169803	8231
k16_a0d0562c	NA18879_hap1	G1	stable_partition	7510	16635186	451.4527219593457	7510
k16_a0d0562c	NA18879_hap2	G2	stable_partition	5854	13374228	437.70750730434685	5854
k16_a0d0562c	NA18906_hap1	G5	stable_partition	171	4734572	36.11730901969597	171
k16_a0d0562c	NA18906_hap2	G1	stable_partition	111	3821901	29.043138480039122	111
k16_a0d0562c	NA18939_hap1	NA	incomplete_core_regions	7476	16023860	466.55425097323615	7476
k16_a0d0562c	NA18939_hap2	G7	stable_partition	6373	13984307	455.72512102315835	6373
k16_a0d0562c	NA18940_hap1	G2	stable_partition	8209	16592766	494.73366887714803	8209
k16_a0d0562c	NA18940_hap2	G6	stable_partition	7883	16899851	466.4538166638274	7883
k16_a0d0562c	NA18943_hap1	G7	stable_partition	7277	16320998	445.86734218091317	7277
k16_a0d0562c	NA18943_hap2	G2	stable_partition	8985	17928687	501.15214795149245	8985
k16_a0d0562c	NA18944_hap1	G3	stable_partition	7242	16761566	432.059868391772	7242
k16_a0d0562c	NA18944_hap2	G7	stable_partition	8372	18923635	442.4097167378255	8372
k16_a0d0562c	NA18945_hap1	G6	stable_partition	130	4611162	28.192459948273342	130
k16_a0d0562c	NA18945_hap2	G2	stable_partition	6581	14764248	445.7389228357584	6581
k16_a0d0562c	NA18948_hap1	G7	stable_partition	10223	21007986	486.62446747632066	10223
k16_a0d0562c	NA18948_hap2	G7	stable_partition	9093	19055935	477.17417172130365	9093
k16_a0d0562c	NA18952_hap1	G6	stable_partition	99	3022700	32.752175207595855	99
k16_a0d0562c	NA18952_hap2	NA	incomplete_core_regions	70	2183673	32.05608165691475	70
k16_a0d0562c	NA18959_hap1	G2	stable_partition	89	3864496	23.030170040284684	89
k16_a0d0562c	NA18959_hap2	G7	stable_partition	13141	25072175	524.1268457961864	13141
k16_a0d0562c	NA18960_hap1	G7	stable_partition	7014	16233898	432.0588930643768	7048
k16_a0d0562c	NA18960_hap2	G7	stable_partition	7780	16689037	466.17429154240597	7780
k16_a0d0562c	NA18967_hap1	G7	stable_partition	10104	20871484	484.1054905343578	10104
k16_a0d0562c	NA18967_hap2	G7	stable_partition	7790	16191404	481.11948784676116	7790
k16_a0d0562c	NA18970_hap1	G7	stable_partition	7696	17237925	446.45744774965664	7696
k16_a0d0562c	NA18970_hap2	G6	stable_partition	6732	15580771	432.0710444945247	6732
k16_a0d0562c	NA18971_hap1	G7	stable_partition	148	2951146	50.150009521724776	148
k16_a0d0562c	NA18971_hap2	G3	stable_partition	108	2591592	41.67322634118334	108
k16_a0d0562c	NA18974_hap1	G7	stable_partition	7267	15896639	457.1406572169123	7267
k16_a0d0562c	NA18974_hap2	G2	stable_partition	102	3299513	30.91365301485401	102
k16_a0d0562c	NA18976_hap1	NA	incomplete_core_regions	81	1528803	52.982627585110706	81
k16_a0d0562c	NA18976_hap2	NA	incomplete_core_regions	105	2014835	52.113448495782535	105
k16_a0d0562c	NA18982_hap1	G3	stable_partition	8401	16812129	499.69875915180046	8401
k16_a0d0562c	NA18982_hap2	G2	stable_partition	4733	11188380	423.0281774483884	4733
k16_a0d0562c	NA18983_hap2	NA	incomplete_core_regions	7920	15983463	495.5121427690607	7920
k16_a0d0562c	NA18989_hap1	G7	stable_partition	7912	16542108	478.2945438392737	7912
k16_a0d0562c	NA18989_hap2	G2	stable_partition	5781	12494360	462.6887651708451	5781
k16_a0d0562c	NA19036_hap2	G1	stable_partition	8424	18583504	453.30525394995476	8424
k16_a0d0562c	NA19043_hap1	G1	stable_partition	8437	16751405	503.6592452991257	8437
k16_a0d0562c	NA19043_hap2	G2	stable_partition	8180	16309138	501.55930987891577	8180
k16_a0d0562c	NA19087_hap1	G7	stable_partition	11442	21398231	534.7170988106446	11442
k16_a0d0562c	NA19087_hap2	G2	stable_partition	7961	15913652	500.2622905163441	7961
k16_a0d0562c	NA19129_hap1	NA	incomplete_core_regions	8875	18150937	488.95547375873764	8875
k16_a0d0562c	NA19129_hap2	G1	stable_partition	9396	19570968	480.0988893344468	9396
k16_a0d0562c	NA19159_hap1	G1	stable_partition	9290	20283066	458.01754034621786	9290
k16_a0d0562c	NA19159_hap2	G1	stable_partition	3462	10347443	334.57541152920584	3462
k16_a0d0562c	NA19185_hap1	G3	stable_partition	9780	20622872	474.2307472984364	9780
k16_a0d0562c	NA19185_hap2	G1	stable_partition	9261	19481066	475.3846632417343	9261
k16_a0d0562c	NA19238_hap1	G5	stable_partition	10045	20582893	488.0266345454937	10045
k16_a0d0562c	NA19238_hap2	G4	stable_partition	9981	22182723	449.9447610647259	9981
k16_a0d0562c	NA19239_hap1	G2	stable_partition	9269	19600176	472.90391678115543	9269
k16_a0d0562c	NA19239_hap2	G2	stable_partition	10128	19111878	529.9322233011325	10128
k16_a0d0562c	NA19240_hap1	G1	stable_partition	9925	21011036	472.37080551382616	9925
k16_a0d0562c	NA19240_hap2	G4	stable_partition	122	4177279	29.20561446817414	122
k16_a0d0562c	NA19317_hap1	G5	stable_partition	9191	19550589	470.1137137095972	9191
k16_a0d0562c	NA19317_hap2	G4	stable_partition	10568	21968904	481.04356958362604	10568
k16_a0d0562c	NA19331_hap1	NA	incomplete_core_regions	186	2970274	62.62048551749771	186
k16_a0d0562c	NA19331_hap2	NA	incomplete_core_regions	13983	25870884	540.491774459659	13983
k16_a0d0562c	NA19338_hap1	NA	incomplete_core_regions	11036	20870672	528.7802903519349	11036
k16_a0d0562c	NA19338_hap2	G1	stable_partition	9862	20167093	489.01445538035654	9862
k16_a0d0562c	NA19347_hap1	G6	stable_partition	6266	14422118	434.4715526526686	6266
k16_a0d0562c	NA19347_hap2	G3	stable_partition	10021	20841083	480.82913925346395	10021
k16_a0d0562c	NA19384_hap1	G6	stable_partition	7708	16550170	465.7353972799071	7708
k16_a0d0562c	NA19384_hap2	G5	stable_partition	9151	18839124	485.7444539353316	9151
k16_a0d0562c	NA19391_hap1	G1	stable_partition	7146	15344327	465.70957461998825	7146
k16_a0d0562c	NA19391_hap2	G5	stable_partition	7393	16032005	461.1400757422419	7393
k16_a0d0562c	NA19434_hap1	NA	incomplete_core_regions	10957	19453897	563.2290537983212	10957
k16_a0d0562c	NA19434_hap2	NA	incomplete_core_regions	6227	13026258	478.0344439669474	6227
k16_a0d0562c	NA19443_hap1	G5	stable_partition	182	5304997	34.30727670534027	182
k16_a0d0562c	NA19443_hap2	G2	stable_partition	120	4322008	27.76487225382276	120
k16_a0d0562c	NA19468_hap1	G1	stable_partition	7261	15819521	458.98987712712665	7261
k16_a0d0562c	NA19468_hap2	G4	stable_partition	8598	16696085	514.9710246444001	8598
k16_a0d0562c	NA19650_hap1	NA	incomplete_core_regions	9533	19424904	490.761756145616	9533
k16_a0d0562c	NA19650_hap2	G2	stable_partition	12123	22073844	549.2020329581019	12123
k16_a0d0562c	NA19682_hap1	G7	stable_partition	8644	18165094	475.8577081957297	8644
k16_a0d0562c	NA19682_hap2	G4	stable_partition	159	4146486	38.34572213676834	159
k16_a0d0562c	NA19700_hap1	G5	stable_partition	9210	19726337	466.8885054533946	9210
k16_a0d0562c	NA19705_hap1	G5	stable_partition	14911	29087340	512.6285181113158	14911
k16_a0d0562c	NA19705_hap2	G1	stable_partition	6481	15711518	412.4999252141009	6481
k16_a0d0562c	NA19776_hap1	G2	stable_partition	92	3133205	29.362904757269312	92
k16_a0d0562c	NA19776_hap2	G4	stable_partition	165	4185235	39.424309507112504	165
k16_a0d0562c	NA19835_hap1	NA	incomplete_core_regions	125	3660529	34.148069855477175	125
k16_a0d0562c	NA19835_hap2	G4	stable_partition	6660	14062240	473.60875649967574	6660
k16_a0d0562c	NA19836_hap1	NA	incomplete_core_regions	9091	17505847	519.3122046593918	9091
k16_a0d0562c	NA19836_hap2	G6	stable_partition	6710	16075278	417.4111327965837	6710
k16_a0d0562c	NA19909_hap1	NA	incomplete_core_regions	109	2435432	44.755920099596295	173
k16_a0d0562c	NA19983_hap1	G1	stable_partition	110	4491683	24.48970686488784	110
k16_a0d0562c	NA19983_hap2	NA	incomplete_core_regions	8724	17891648	487.6018128682165	8724
k16_a0d0562c	NA20129_hap1	G6	stable_partition	112	3135921	35.71518542718392	112
k16_a0d0562c	NA20129_hap2	G1	stable_partition	7353	15262577	481.7666112347869	7353
k16_a0d0562c	NA20282_hap1	G1	stable_partition	114	3812659	29.900392350850154	114
k16_a0d0562c	NA20282_hap2	G4	stable_partition	5172	12024547	430.12015338290917	5172
k16_a0d0562c	NA20346_hap1	G4	stable_partition	104	2100678	49.50782556869735	104
k16_a0d0562c	NA20346_hap2	G7	stable_partition	2569	7816464	328.6652378876177	2569
k16_a0d0562c	NA20355_hap1	G7	stable_partition	8622	18981314	454.2362030363124	8622
k16_a0d0562c	NA20355_hap2	G2	stable_partition	9281	19125570	485.2665829044572	9281
k16_a0d0562c	NA20503_hap1	G7	stable_partition	8800	18477785	476.2475588930167	8800
k16_a0d0562c	NA20503_hap2	G2	stable_partition	10749	22144157	485.4102145319869	10749
k16_a0d0562c	NA20509_hap1	G2	stable_partition	9337	18279582	510.7884852071562	9337
k16_a0d0562c	NA20509_hap2	NA	incomplete_core_regions	7894	15621945	505.31479914952973	7894
k16_a0d0562c	NA20752_hap1	G3	stable_partition	5698	12475920	456.71982507101677	5698
k16_a0d0562c	NA20752_hap2	G4	stable_partition	8825	17449523	505.74448367442477	8825
k16_a0d0562c	NA20762_hap1	G7	stable_partition	8957	18874278	474.56119910917914	8957
k16_a0d0562c	NA20762_hap2	G6	stable_partition	6728	14713774	457.2586203920218	6728
k16_a0d0562c	NA20799_hap1	G7	stable_partition	5710	13302751	429.2345244979779	5710
k16_a0d0562c	NA20799_hap2	G5	stable_partition	154	5375022	28.651045521302052	154
k16_a0d0562c	NA20805_hap1	G3	stable_partition	133	3916893	33.95548461497416	133
k16_a0d0562c	NA20805_hap2	G6	stable_partition	7401	15222706	486.181628942975	7401
k16_a0d0562c	NA20806_hap1	G3	stable_partition	6399	15019854	426.0360986198667	6399
k16_a0d0562c	NA20806_hap2	G7	stable_partition	13656	26214444	520.9341842230184	13656
k16_a0d0562c	NA20809_hap1	G5	stable_partition	195	2768061	70.44642441044472	195
k16_a0d0562c	NA20809_hap2	G1	stable_partition	94	2093859	44.8931852622359	94
k16_a0d0562c	NA20827_hap1	G7	stable_partition	9306	19404940	479.56860469550537	9306
k16_a0d0562c	NA20827_hap2	G5	stable_partition	9459	19835839	476.86412457774037	9459
k16_a0d0562c	NA20847_hap1	NA	incomplete_core_regions	126	3260864	38.64006594571255	126
k16_a0d0562c	NA20847_hap2	NA	incomplete_core_regions	9653	18418749	524.0855391427507	9653
k16_a0d0562c	NA20850_hap1	G3	stable_partition	122	3361295	36.29553490544567	122
k16_a0d0562c	NA20850_hap2	G6	stable_partition	119	3051513	38.997048349458126	119
k16_a0d0562c	NA20870_hap1	G2	stable_partition	8165	15327825	532.6913635822434	8165
k16_a0d0562c	NA20870_hap2	G3	stable_partition	9451	17649765	535.474551644172	9451
k16_a0d0562c	NA20905_hap1	G2	stable_partition	9085	18527701	490.3468595483055	9085
k16_a0d0562c	NA20905_hap2	G2	stable_partition	7396	15048600	491.474289967173	7396
k16_a0d0562c	NA21093_hap1	G7	stable_partition	197	3385342	58.19205267887263	197
k16_a0d0562c	NA21093_hap2	G6	stable_partition	113	2363126	47.81801732112464	113
k16_a0d0562c	NA21102_hap1	G7	stable_partition	173	4163366	41.552916558380886	173
k16_a0d0562c	NA21102_hap2	G7	stable_partition	142	3790235	37.46469546083554	142
k16_a0d0562c	NA21106_hap1	NA	incomplete_core_regions	4616	10017727	460.78316967511694	4616
k16_a0d0562c	NA21106_hap2	NA	incomplete_core_regions	7105	14055779	505.4860353168615	7105
k16_a0d0562c	NA21110_hap1	G7	stable_partition	123	4640749	26.504342294745957	123
k16_a0d0562c	NA21110_hap2	NA	incomplete_core_regions	144	4263552	33.774655498513916	144
k16_a0d0562c	NA21144_hap1	G7	stable_partition	12990	24463062	531.0046632755949	12990
k16_a0d0562c	NA21144_hap2	G3	stable_partition	7639	15334492	498.15800875568624	7639
k16_a0d0562c	NA21309_hap1	NA	incomplete_core_regions	15661	28278308	553.8167276486274	15661
k16_a0d0562c	NA21309_hap2	NA	incomplete_core_regions	7470	16255600	459.53394522503015	7470
k16_a0d0562c	NA21487_hap1	NA	incomplete_core_regions	6188	13899619	445.19205886146955	6188
k16_a0d0562c	NA21487_hap2	G4	stable_partition	11507	22263366	516.8580528209436	11507
k16_4118ba0e	chm13v2.0	reference	reference_projection_only	14425	69357083	207.9816419038269	14425
k16_4118ba0e	HG00096_hap1	NA	incomplete_core_regions	6908	17894657	386.0370165239825	6908
k16_4118ba0e	HG00096_hap2	G2	stable_partition	6287	16896342	372.0923736037067	6287
k16_4118ba0e	HG00097_hap1	G3	stable_partition	6498	17290243	375.8188939276331	6498
k16_4118ba0e	HG00097_hap2	G4	stable_partition	5388	14784379	364.4387092619852	5388
k16_4118ba0e	HG00099_hap1	G3	stable_partition	7811	18799475	415.49032619261976	7811
k16_4118ba0e	HG00099_hap2	G7	stable_partition	5906	16084614	367.18319755761627	5906
k16_4118ba0e	HG00126_hap2	G7	stable_partition	6768	16850918	401.63983944376207	6768
k16_4118ba0e	HG00128_hap1	G4	stable_partition	6864	16782353	409.00105009112843	6864
k16_4118ba0e	HG00128_hap2	G3	stable_partition	4435	12396871	357.75156489085026	4435
k16_4118ba0e	HG00133_hap1	NA	incomplete_core_regions	685	3415045	200.58300842302225	685
k16_4118ba0e	HG00133_hap2	G7	stable_partition	904	4807429	188.04229870061525	904
k16_4118ba0e	HG00140_hap1	NA	incomplete_core_regions	568	3526830	161.05114224388475	568
k16_4118ba0e	HG00140_hap2	G7	stable_partition	8089	21153361	382.39786103021646	8089
k16_4118ba0e	HG00146_hap1	G7	stable_partition	639	3048652	209.60083341752355	639
k16_4118ba0e	HG00146_hap2	G3	stable_partition	779	3739082	208.3399080309017	779
k16_4118ba0e	HG00171_hap1	G3	stable_partition	9336	23144876	403.37221940614415	9336
k16_4118ba0e	HG00171_hap2	G7	stable_partition	987	4947657	199.48836388617886	987
k16_4118ba0e	hg002v1.1_hap1	G7	stable_partition	10402	25960104	400.69176918551636	10402
k16_4118ba0e	hg002v1.1_hap2	G5	stable_partition	6048	37803162	159.98661699251505	6048
k16_4118ba0e	HG00232_hap1	G7	stable_partition	6647	17219688	386.0116396998598	6647
k16_4118ba0e	HG00232_hap2	G2	stable_partition	7802	19532606	399.43466836939217	7802
k16_4118ba0e	HG00235_hap1	G2	stable_partition	5079	13644950	372.2256219333893	5079
k16_4118ba0e	HG00235_hap2	G7	stable_partition	7378	19073716	386.8150285974689	7378
k16_4118ba0e	HG00253_hap1	NA	incomplete_core_regions	146	1236791	118.04743081086457	146
k16_4118ba0e	HG00253_hap2	NA	incomplete_core_regions	118	1043313	113.1012457431279	118
k16_4118ba0e	HG00268_hap1	NA	incomplete_core_regions	7628	19828263	384.70339030705816	7628
k16_4118ba0e	HG00268_hap2	G7	stable_partition	6242	16077906	388.23463702300535	6242
k16_4118ba0e	HG00272_hap1	G6	stable_partition	5534	15887047	348.3340862527819	5534
k16_4118ba0e	HG00280_hap1	G7	stable_partition	6322	15925672	396.96912004717916	6322
k16_4118ba0e	HG00280_hap2	G2	stable_partition	5756	14919641	385.8001677118102	5756
k16_4118ba0e	HG00290_hap1	G7	stable_partition	808	4510328	179.14439925433362	808
k16_4118ba0e	HG00290_hap2	G7	stable_partition	918	4692244	195.64199986189976	918
k16_4118ba0e	HG00320_hap1	G3	stable_partition	5121	13995185	365.911561726408	5121
k16_4118ba0e	HG00320_hap2	G6	stable_partition	6018	16144728	372.7532603832037	6018
k16_4118ba0e	HG00321_hap1	G6	stable_partition	11090	28126726	394.2869141612856	11090
k16_4118ba0e	HG00321_hap2	G5	stable_partition	5524	15680438	352.28607772308396	5524
k16_4118ba0e	HG00323_hap1	G5	stable_partition	8977	23287303	385.4890366651733	8977
k16_4118ba0e	HG00323_hap2	G3	stable_partition	1014	4718406	214.90308379567168	1014
k16_4118ba0e	HG00329_hap1	G7	stable_partition	765	3938532	194.2348062679191	765
k16_4118ba0e	HG00329_hap2	G2	stable_partition	412	2291540	179.79175576250032	412
k16_4118ba0e	HG00344_hap1	G6	stable_partition	697	3708700	187.93647369698277	697
k16_4118ba0e	HG00344_hap2	G3	stable_partition	886	3729505	237.56503879201125	886
k16_4118ba0e	HG00350_hap1	G7	stable_partition	8363	20676556	404.46774598245474	8363
k16_4118ba0e	HG00350_hap2	G4	stable_partition	8433	21130300	399.09513826116995	8433
k16_4118ba0e	HG00358_hap1	G6	stable_partition	790	4525412	174.5697408324369	790
k16_4118ba0e	HG00358_hap2	G3	stable_partition	6279	16380186	383.3289805134081	6279
k16_4118ba0e	HG00408_hap1	NA	incomplete_core_regions	5790	14421132	401.49414068188264	5790
k16_4118ba0e	HG00408_hap2	NA	incomplete_core_regions	5493	13826109	397.29181941209924	5493
k16_4118ba0e	HG00423_hap1	G3	stable_partition	10106	23571489	428.7382948103109	10106
k16_4118ba0e	HG00423_hap2	G3	stable_partition	8562	21568746	396.9632726909576	8562
k16_4118ba0e	HG00438_hap1	G2	stable_partition	522	3617181	144.3112744427221	522
k16_4118ba0e	HG00438_hap2	G2	stable_partition	6196	17051653	363.3665310923229	6196
k16_4118ba0e	HG00512_hap1	NA	incomplete_core_regions	460	2721752	169.00878551756367	460
k16_4118ba0e	HG00512_hap2	NA	incomplete_core_regions	380	3201583	118.69128490499855	380
k16_4118ba0e	HG00513_hap1	NA	incomplete_core_regions	265	1332700	198.84445111427928	265
k16_4118ba0e	HG00513_hap2	NA	incomplete_core_regions	5630	15836970	355.4972952528167	5630
k16_4118ba0e	HG00514_hap1	NA	incomplete_core_regions	171	1971847	86.72072427526071	171
k16_4118ba0e	HG00514_hap2	NA	incomplete_core_regions	126	1742788	72.2979501809744	126
k16_4118ba0e	HG00544_hap1	NA	incomplete_core_regions	7884	19614312	401.9513914125563	7884
k16_4118ba0e	HG00544_hap2	NA	incomplete_core_regions	6801	16979262	400.54744428821465	6801
k16_4118ba0e	HG00558_hap1	G7	stable_partition	6778	17304366	391.6930559605593	6778
k16_4118ba0e	HG00558_hap2	NA	incomplete_core_regions	5667	14762166	383.88675482988066	5667
k16_4118ba0e	HG00597_hap1	G7	stable_partition	7227	18667544	387.1425185873407	7227
k16_4118ba0e	HG00597_hap2	G2	stable_partition	4901	12777263	383.57197468659757	4901
k16_4118ba0e	HG00609_hap1	G7	stable_partition	6190	16647485	371.8279367724314	6190
k16_4118ba0e	HG00609_hap2	G2	stable_partition	5896	16234293	363.18181518591535	5896
k16_4118ba0e	HG00621_hap1	NA	incomplete_core_regions	9774	22994655	425.0553008949254	9774
k16_4118ba0e	HG00621_hap2	G2	stable_partition	6752	17243966	391.5572554480796	6752
k16_4118ba0e	HG00639_hap1	G7	stable_partition	909	4156149	218.7120817853258	909
k16_4118ba0e	HG00639_hap2	NA	incomplete_core_regions	440	2767633	158.98061628835904	440
k16_4118ba0e	HG00642_hap1	G3	stable_partition	709	2909242	243.70609251482003	709
k16_4118ba0e	HG00642_hap2	G4	stable_partition	4407	21019643	209.66102992329604	4407
k16_4118ba0e	HG00658_hap1	G7	stable_partition	5610	14613503	383.8915282666996	5610
k16_4118ba0e	HG00658_hap2	NA	incomplete_core_regions	5850	14697292	398.0325083015293	5850
k16_4118ba0e	HG00673_hap1	G7	stable_partition	6408	16068384	398.79554782858065	6408
k16_4118ba0e	HG00673_hap2	G3	stable_partition	7127	18283563	389.803672292977	7127
k16_4118ba0e	HG00706_hap1	G6	stable_partition	7623	19703639	386.8828494066502	7623
k16_4118ba0e	HG00706_hap2	G7	stable_partition	3398	9935001	342.0231160520265	3398
k16_4118ba0e	HG00731_hap1	G4	stable_partition	5945	16622342	357.65116612328154	5945
k16_4118ba0e	HG00731_hap2	G3	stable_partition	6350	34192088	185.71547897279626	6350
k16_4118ba0e	HG00732_hap1	NA	incomplete_core_regions	11338	27661548	409.8830622205236	11338
k16_4118ba0e	HG00732_hap2	NA	incomplete_core_regions	8344	20932449	398.6155657180868	8344
k16_4118ba0e	HG00733_hap1	G4	stable_partition	913	4253836	214.62980707295722	913
k16_4118ba0e	HG00733_hap2	NA	incomplete_core_regions	8407	21031676	399.73038763054353	8407
k16_4118ba0e	HG00735_hap1	NA	incomplete_core_regions	5632	13880116	405.76029768050927	5632
k16_4118ba0e	HG00735_hap2	NA	incomplete_core_regions	8567	19957074	429.2713450879623	8567
k16_4118ba0e	HG00738_hap1	G5	stable_partition	6766	16987730	398.28746983852466	6766
k16_4118ba0e	HG00738_hap2	G2	stable_partition	5898	14716741	400.7680776606723	5898
k16_4118ba0e	HG00741_hap1	G3	stable_partition	9325	23403674	398.44171474957307	9325
k16_4118ba0e	HG00741_hap2	G7	stable_partition	8858	21868334	405.0605775455963	8858
k16_4118ba0e	HG00864_hap1	G7	stable_partition	8688	22900594	379.3788056327272	8688
k16_4118ba0e	HG00864_hap2	NA	incomplete_core_regions	5049	13685729	368.9244467722545	5049
k16_4118ba0e	HG01071_hap1	NA	incomplete_core_regions	5474	14877686	367.93356171114243	5474
k16_4118ba0e	HG01071_hap2	NA	incomplete_core_regions	7896	20217967	390.5437178723261	7896
k16_4118ba0e	HG01074_hap1	G4	stable_partition	8227	19920458	412.99251252154943	8227
k16_4118ba0e	HG01074_hap2	G6	stable_partition	5948	14548366	408.8431649299997	5948
k16_4118ba0e	HG01081_hap1	G6	stable_partition	5954	16091032	370.0197725043366	5954
k16_4118ba0e	HG01081_hap2	G3	stable_partition	7028	17146648	409.87602941402895	7028
k16_4118ba0e	HG01099_hap1	G7	stable_partition	5438	14859993	365.94902837437405	5438
k16_4118ba0e	HG01099_hap2	G7	stable_partition	7214	18673746	386.3177746982314	7214
k16_4118ba0e	HG01106_hap1	G7	stable_partition	949	4663260	203.50570201961716	949
k16_4118ba0e	HG01106_hap2	G7	stable_partition	6108	16189946	377.2711780508718	6108
k16_4118ba0e	HG01109_hap1	G1	stable_partition	7331	18069875	405.70286180728976	7331
k16_4118ba0e	HG01109_hap2	G7	stable_partition	5157	14659350	351.7891311688445	5157
k16_4118ba0e	HG01114_hap1	NA	incomplete_core_regions	4069	11793644	345.0163494845189	4069
k16_4118ba0e	HG01114_hap2	NA	incomplete_core_regions	7079	18176397	389.4611236759408	7079
k16_4118ba0e	HG01123_hap1	G5	stable_partition	5960	16475375	361.75200867962036	5960
k16_4118ba0e	HG01123_hap2	G7	stable_partition	6167	16069949	383.7597742220588	6167
k16_4118ba0e	HG01150_hap1	G7	stable_partition	721	3925071	183.69094469883476	721
k16_4118ba0e	HG01150_hap2	G2	stable_partition	4081	11537906	353.7036963206322	4081
k16_4118ba0e	HG01167_hap1	G5	stable_partition	11528	29151790	395.44741506439226	11528
k16_4118ba0e	HG01167_hap2	G1	stable_partition	6588	17116000	384.9030147230662	6588
k16_4118ba0e	HG01175_hap1	G7	stable_partition	6738	16872017	399.35948381275335	6738
k16_4118ba0e	HG01175_hap2	G6	stable_partition	5828	15571842	374.2652924426025	5828
k16_4118ba0e	HG01192_hap1	NA	incomplete_core_regions	6633	17219460	385.20371718973763	6633
k16_4118ba0e	HG01192_hap2	G2	stable_partition	5626	14889866	377.84087512943364	5626
k16_4118ba0e	HG01243_hap1	G3	stable_partition	9457	23422222	403.76186341330043	9457
k16_4118ba0e	HG01243_hap2	G5	stable_partition	6286	16615238	378.3274124631859	6286
k16_4118ba0e	HG01252_hap1	G4	stable_partition	482	3334374	144.5548699695955	482
k16_4118ba0e	HG01252_hap2	G6	stable_partition	6059	16003532	378.60392318395714	6059
k16_4118ba0e	HG01255_hap1	G6	stable_partition	8470	20848786	406.25866657176107	8470
k16_4118ba0e	HG01255_hap2	G7	stable_partition	7222	18649944	387.23976865560564	7222
k16_4118ba0e	HG01258_hap1	G7	stable_partition	5462	14782268	369.4967511074755	5462
k16_4118ba0e	HG01258_hap2	G7	stable_partition	933	4786626	194.9180905297385	933
k16_4118ba0e	HG01261_hap1	NA	incomplete_core_regions	8459	20543004	411.77035257355743	8459
k16_4118ba0e	HG01261_hap2	NA	incomplete_core_regions	519	18681368	27.781691362217156	519
k16_4118ba0e	HG01346_hap1	G7	stable_partition	6286	15635695	402.0288193137561	6286
k16_4118ba0e	HG01346_hap2	NA	incomplete_core_regions	12805	29145141	439.3528238549266	12805
k16_4118ba0e	HG01352_hap1	G7	stable_partition	9471	22834832	414.7610983080585	9471
k16_4118ba0e	HG01352_hap2	G7	stable_partition	6752	17641083	382.7429415756391	6752
k16_4118ba0e	HG01358_hap1	G6	stable_partition	6777	17326562	391.1335670631023	6777
k16_4118ba0e	HG01358_hap2	G3	stable_partition	8564	20576051	416.2120321338628	8564
k16_4118ba0e	HG01361_hap1	NA	incomplete_core_regions	8658	20514037	422.05247070579037	8658
k16_4118ba0e	HG01361_hap2	NA	incomplete_core_regions	6309	15938799	395.8265613362713	6309
k16_4118ba0e	HG01433_hap1	G7	stable_partition	9737	24536109	396.8436886223484	9737
k16_4118ba0e	HG01433_hap2	G1	stable_partition	7878	20124352	391.46602086864715	7878
k16_4118ba0e	HG01457_hap1	G4	stable_partition	908	5129790	177.0052965131126	908
k16_4118ba0e	HG01457_hap2	G4	stable_partition	958	4820821	198.72133812892037	958
k16_4118ba0e	HG01496_hap1	G2	stable_partition	5744	15343577	374.35859969288776	5744
k16_4118ba0e	HG01496_hap2	G3	stable_partition	7784	19622186	396.69382402144186	7784
k16_4118ba0e	HG01505_hap1	NA	incomplete_core_regions	6391	15950344	400.6810135254763	6391
k16_4118ba0e	HG01505_hap2	G6	stable_partition	6359	16579536	383.5451124808318	6359
k16_4118ba0e	HG01530_hap1	NA	incomplete_core_regions	8210	19976832	410.97607468491503	8210
k16_4118ba0e	HG01530_hap2	NA	incomplete_core_regions	5050	13168730	383.484208424047	5050
k16_4118ba0e	HG01573_hap1	G7	stable_partition	685	3029849	226.08387414686342	685
k16_4118ba0e	HG01573_hap2	G3	stable_partition	628	3508154	179.01152571979452	628
k16_4118ba0e	HG01596_hap1	G3	stable_partition	982	5178872	189.61658059901848	982
k16_4118ba0e	HG01596_hap2	NA	incomplete_core_regions	5371	13511139	397.52385050586776	5371
k16_4118ba0e	HG01784_hap1	G7	stable_partition	6511	17627412	369.36789132743934	6511
k16_4118ba0e	HG01784_hap2	G3	stable_partition	6336	16044962	394.8903088707845	6336
k16_4118ba0e	HG01786_hap1	G7	stable_partition	6240	15539669	401.552954570654	6240
k16_4118ba0e	HG01884_hap1	G1	stable_partition	9914	25031628	396.0589379164631	9914
k16_4118ba0e	HG01884_hap2	G5	stable_partition	8227	21241335	387.3108728806358	8227
k16_4118ba0e	HG01890_hap1	NA	incomplete_core_regions	7797	20531662	379.7549365462961	7797
k16_4118ba0e	HG01890_hap2	G7	stable_partition	15267	37483612	407.29799465430386	15267
k16_4118ba0e	HG01891_hap1	NA	incomplete_core_regions	3757	8950050	419.7741912056357	3757
k16_4118ba0e	HG01891_hap2	NA	incomplete_core_regions	176	871062	202.0522075351697	176
k16_4118ba0e	HG01928_hap1	G2	stable_partition	10135	24978052	405.75622150198103	10135
k16_4118ba0e	HG01928_hap2	G3	stable_partition	3986	11806833	337.6011162349802	3986
k16_4118ba0e	HG01934_hap1	G7	stable_partition	9120	23636261	385.84782931615115	9120
k16_4118ba0e	HG01934_hap2	G6	stable_partition	8955	22243630	402.5871676520424	8955
k16_4118ba0e	HG01940_hap1	NA	incomplete_core_regions	5124	13728666	373.23364120009916	5124
k16_4118ba0e	HG01940_hap2	NA	incomplete_core_regions	8644	21941455	393.9574654461156	8644
k16_4118ba0e	HG01943_hap1	NA	incomplete_core_regions	11536	27559620	418.5834202358378	11536
k16_4118ba0e	HG01943_hap2	NA	incomplete_core_regions	3667	9298113	394.38109646548713	3667
k16_4118ba0e	HG01952_hap1	G3	stable_partition	5899	15577391	378.6898589115468	5899
k16_4118ba0e	HG01952_hap2	G7	stable_partition	858	3790581	226.35052515696142	858
k16_4118ba0e	HG01960_hap1	G5	stable_partition	5739	14702245	390.34854881006265	5739
k16_4118ba0e	HG01960_hap2	G7	stable_partition	9774	23916301	408.6752378639155	9774
k16_4118ba0e	HG01969_hap1	G7	stable_partition	11477	27170464	422.4072139511493	11477
k16_4118ba0e	HG01969_hap2	G3	stable_partition	3370	9317853	361.671299171601	3370
k16_4118ba0e	HG01975_hap1	G2	stable_partition	7554	19013845	397.2894488200572	7554
k16_4118ba0e	HG01975_hap2	G7	stable_partition	2968	9100761	326.1265733711719	2968
k16_4118ba0e	HG01978_hap1	NA	incomplete_core_regions	5689	14688945	387.2980666753126	5689
k16_4118ba0e	HG01978_hap2	NA	incomplete_core_regions	6871	18232315	376.8583419055671	6871
k16_4118ba0e	HG01981_hap1	G7	stable_partition	6878	17860979	385.0852744410035	6878
k16_4118ba0e	HG01981_hap2	G7	stable_partition	8555	20990914	407.5572888345882	8555
k16_4118ba0e	HG01993_hap1	G7	stable_partition	3870	10554721	366.66056828977287	3870
k16_4118ba0e	HG01993_hap2	G7	stable_partition	9349	22299559	419.24595907928045	9349
k16_4118ba0e	HG02004_hap1	G7	stable_partition	831	3942199	210.7960557039358	831
k16_4118ba0e	HG02004_hap2	G7	stable_partition	7756	19974982	388.28570659037393	7756
k16_4118ba0e	HG02011_hap1	NA	incomplete_core_regions	8227	20380428	403.67160100857546	8227
k16_4118ba0e	HG02011_hap2	G2	stable_partition	6594	18306369	360.20250657025434	6594
k16_4118ba0e	HG02015_hap1	NA	incomplete_core_regions	341	2285669	149.19045583590625	341
k16_4118ba0e	HG02015_hap2	NA	incomplete_core_regions	5753	14872009	386.8340854285389	5753
k16_4118ba0e	HG02018_hap1	G7	stable_partition	10714	26312896	407.1767699002041	10714
k16_4118ba0e	HG02018_hap2	G7	stable_partition	5465	14847180	368.08336667299784	5465
k16_4118ba0e	HG02027_hap1	G3	stable_partition	7425	19458006	381.59100166789955	7425
k16_4118ba0e	HG02027_hap2	G7	stable_partition	7576	19604484	386.4422037325747	7576
k16_4118ba0e	HG02040_hap1	NA	incomplete_core_regions	8110	19356941	418.971158717692	8110
k16_4118ba0e	HG02040_hap2	G3	stable_partition	5635	15941913	353.4707534785819	5635
k16_4118ba0e	HG02055_hap1	G4	stable_partition	6981	17600466	396.63722540073655	6981
k16_4118ba0e	HG02055_hap2	G1	stable_partition	7280	17864870	407.50366501407507	7280
k16_4118ba0e	HG02056_hap1	G6	stable_partition	6573	17176212	382.6804187093173	6573
k16_4118ba0e	HG02056_hap2	G3	stable_partition	9125	22426617	406.88258955864814	9125
k16_4118ba0e	HG02059_hap1	G3	stable_partition	6274	16902263	371.19289884437364	6274
k16_4118ba0e	HG02059_hap2	G2	stable_partition	707	3594664	196.6804129676654	707
k16_4118ba0e	HG02071_hap1	G6	stable_partition	5028	13764478	365.28809882946524	5028
k16_4118ba0e	HG02071_hap2	G7	stable_partition	4818	14188809	339.56338407261666	4818
k16_4118ba0e	HG02074_hap1	NA	incomplete_core_regions	3274	8405111	389.52489741063505	3274
k16_4118ba0e	HG02074_hap2	NA	incomplete_core_regions	6663	15548957	428.5174883434304	6663
k16_4118ba0e	HG02080_hap1	G3	stable_partition	8195	19682280	416.3643642911289	8195
k16_4118ba0e	HG02080_hap2	G3	stable_partition	7345	18992088	386.7399940438355	7345
k16_4118ba0e	HG02083_hap1	G7	stable_partition	6729	17374222	387.2979175700644	6729
k16_4118ba0e	HG02083_hap2	G7	stable_partition	7039	17884209	393.58743794595557	7039
k16_4118ba0e	HG02106_hap1	G7	stable_partition	766	3831098	199.9426796182191	766
k16_4118ba0e	HG02106_hap2	G7	stable_partition	6393	16415601	389.44660021890155	6393
k16_4118ba0e	HG02109_hap1	G4	stable_partition	8225	19615562	419.30993361291405	8225
k16_4118ba0e	HG02109_hap2	G4	stable_partition	6712	17107711	392.33770081806966	6712
k16_4118ba0e	HG02129_hap1	NA	incomplete_core_regions	5900	14761284	399.6942271417581	5900
k16_4118ba0e	HG02129_hap2	NA	incomplete_core_regions	9690	22459422	431.4447629150919	9690
k16_4118ba0e	HG02132_hap1	G3	stable_partition	6872	17324702	396.6590594170105	6872
k16_4118ba0e	HG02132_hap2	G7	stable_partition	4812	13677101	351.82894386756374	4812
k16_4118ba0e	HG02135_hap1	G7	stable_partition	4608	11893496	387.4386471395795	4608
k16_4118ba0e	HG02135_hap2	G7	stable_partition	6209	16002027	388.0133435595378	6209
k16_4118ba0e	HG02145_hap1	G4	stable_partition	7379	19059104	387.1640555610589	7379
k16_4118ba0e	HG02145_hap2	G1	stable_partition	6720	16894338	397.7663996067795	6720
k16_4118ba0e	HG02148_hap1	G7	stable_partition	4946	12853654	384.7933046898571	4946
k16_4118ba0e	HG02148_hap2	G7	stable_partition	10076	24545878	410.4966218767974	10076
k16_4118ba0e	HG02155_hap1	G6	stable_partition	5039	13926149	361.8372889734269	5039
k16_4118ba0e	HG02155_hap2	G3	stable_partition	4542	12233421	371.2779932939445	4542
k16_4118ba0e	HG02165_hap1	G3	stable_partition	5969	16298341	366.2335939590416	5969
k16_4118ba0e	HG02165_hap2	G6	stable_partition	5371	14584016	368.27990314876234	5371
k16_4118ba0e	HG02178_hap1	NA	incomplete_core_regions	422	3023941	139.5529873102683	422
k16_4118ba0e	HG02178_hap2	NA	incomplete_core_regions	707	3949865	178.99345927012695	707
k16_4118ba0e	HG02257_hap1	G3	stable_partition	8221	20441299	402.17600652483	8221
k16_4118ba0e	HG02257_hap2	G1	stable_partition	9462	24687746	383.26706698942866	9462
k16_4118ba0e	HG02258_hap1	G1	stable_partition	8027	20827100	385.4113150654676	8027
k16_4118ba0e	HG02258_hap2	G1	stable_partition	7692	18604191	413.45522629820346	7692
k16_4118ba0e	HG02273_hap1	NA	incomplete_core_regions	9447	23410325	403.53989105234547	9447
k16_4118ba0e	HG02273_hap2	NA	incomplete_core_regions	870	4543546	191.48039878984386	870
k16_4118ba0e	HG02280_hap2	G1	stable_partition	6001	15162221	395.7863429111078	6001
k16_4118ba0e	HG02282_hap1	NA	incomplete_core_regions	7911	19038646	415.52324676870404	7911
k16_4118ba0e	HG02282_hap2	G1	stable_partition	8883	23204001	382.8219107558218	8883
k16_4118ba0e	HG02293_hap1	G7	stable_partition	9237	22810154	404.951233560282	9237
k16_4118ba0e	HG02293_hap2	NA	incomplete_core_regions	8227	19733881	416.89721347767323	8227
k16_4118ba0e	HG02300_hap1	NA	incomplete_core_regions	10906	25918550	420.7797118280151	10906
k16_4118ba0e	HG02300_hap2	NA	incomplete_core_regions	5144	12446494	413.2890756224203	5144
k16_4118ba0e	HG02391_hap1	G3	stable_partition	10468	25147583	416.2626682651768	10468
k16_4118ba0e	HG02391_hap2	G6	stable_partition	6066	16646876	364.3926944611109	6066
k16_4118ba0e	HG02392_hap1	NA	incomplete_core_regions	724	3379633	214.22444389671898	724
k16_4118ba0e	HG02392_hap2	NA	incomplete_core_regions	414	2571025	161.02527202185897	414
k16_4118ba0e	HG02451_hap1	NA	incomplete_core_regions	6855	17779850	385.5488094668965	6855
k16_4118ba0e	HG02451_hap2	G5	stable_partition	8121	19331286	420.0962108780554	8121
k16_4118ba0e	HG02486_hap1	G1	stable_partition	6892	17086931	403.3492029668757	6892
k16_4118ba0e	HG02486_hap2	G2	stable_partition	7014	17836757	393.23291784487503	7014
k16_4118ba0e	HG02492_hap1	G5	stable_partition	877	4025921	217.8383530128882	877
k16_4118ba0e	HG02492_hap2	NA	incomplete_core_regions	4718	12560829	375.61215107697114	4718
k16_4118ba0e	HG02514_hap1	G7	stable_partition	747	3740734	199.69342915053568	747
k16_4118ba0e	HG02514_hap2	G7	stable_partition	843	4085502	206.33939231947508	843
k16_4118ba0e	HG02523_hap1	G1	stable_partition	4585	12480274	367.3797546432073	4585
k16_4118ba0e	HG02523_hap2	G3	stable_partition	7906	19668335	401.9659010282263	7906
k16_4118ba0e	HG02554_hap1	G2	stable_partition	12898	31499560	409.46603698591343	12898
k16_4118ba0e	HG02554_hap2	NA	incomplete_core_regions	5123	13978499	366.4914237215312	5123
k16_4118ba0e	HG02559_hap1	G3	stable_partition	9196	23311427	394.4846448053137	9196
k16_4118ba0e	HG02559_hap2	G5	stable_partition	9802	24970989	392.5355139117638	9802
k16_4118ba0e	HG02572_hap1	G5	stable_partition	6357	17258768	368.3345184314431	6357
k16_4118ba0e	HG02572_hap2	G7	stable_partition	9925	24805463	400.11347500347	9925
k16_4118ba0e	HG02583_hap1	G3	stable_partition	1925	6818757	282.30951770241995	1925
k16_4118ba0e	HG02583_hap2	G1	stable_partition	2941	9673121	304.03837603189294	2941
k16_4118ba0e	HG02587_hap1	NA	incomplete_core_regions	7131	19187861	371.64121628773523	7131
k16_4118ba0e	HG02587_hap2	G5	stable_partition	7152	19308873	370.3996603012512	7152
k16_4118ba0e	HG02602_hap1	NA	incomplete_core_regions	6899	17022912	405.27731095596334	6899
k16_4118ba0e	HG02602_hap2	NA	incomplete_core_regions	9318	21878415	425.8992253323653	9318
k16_4118ba0e	HG02615_hap1	G5	stable_partition	6990	19286194	362.43542919873147	6990
k16_4118ba0e	HG02615_hap2	G4	stable_partition	6272	16954069	369.94069093384013	6272
k16_4118ba0e	HG02622_hap1	NA	incomplete_core_regions	7625	19423539	392.5649182674692	7625
k16_4118ba0e	HG02622_hap2	NA	incomplete_core_regions	8145	20253601	402.1507089035673	8145
k16_4118ba0e	HG02630_hap1	G5	stable_partition	5932	16721912	354.7441225620611	5932
k16_4118ba0e	HG02630_hap2	G6	stable_partition	6013	17015167	353.39059557863874	6013
k16_4118ba0e	HG02647_hap1	NA	incomplete_core_regions	8256	21122920	390.855052237096	8256
k16_4118ba0e	HG02647_hap2	NA	incomplete_core_regions	8294	20545181	403.69564035478686	8294
k16_4118ba0e	HG02666_hap1	G5	stable_partition	8484	21657206	391.74028265695955	8484
k16_4118ba0e	HG02666_hap2	G5	stable_partition	7425	19469064	381.37426637459305	7425
k16_4118ba0e	HG02668_hap1	G5	stable_partition	8346	21241496	392.9101792077168	8346
k16_4118ba0e	HG02668_hap2	G5	stable_partition	7874	20309478	387.70075725235284	7874
k16_4118ba0e	HG02698_hap1	NA	incomplete_core_regions	7022	16888818	415.7780609631769	7022
k16_4118ba0e	HG02698_hap2	NA	incomplete_core_regions	5810	13726160	423.27934396801436	5810
k16_4118ba0e	HG02717_hap1	G2	stable_partition	8049	21217497	379.35671677012607	8049
k16_4118ba0e	HG02717_hap2	G7	stable_partition	6932	18267102	379.4800072830381	6932
k16_4118ba0e	HG02723_hap1	G5	stable_partition	7491	20145734	371.8405097575497	7491
k16_4118ba0e	HG02723_hap2	G3	stable_partition	7101	18034238	393.75104176844064	7101
k16_4118ba0e	HG02735_hap1	G7	stable_partition	894	4364473	204.83572701675553	894
k16_4118ba0e	HG02735_hap2	G7	stable_partition	6357	17487543	363.51590386368173	6357
k16_4118ba0e	HG02738_hap1	G7	stable_partition	1002	5071823	197.56209946601055	1002
k16_4118ba0e	HG02738_hap2	G2	stable_partition	8103	20470751	395.8330595687476	8103
k16_4118ba0e	HG02769_hap1	NA	incomplete_core_regions	5168	14206032	363.78912844909826	5168
k16_4118ba0e	HG02769_hap2	G6	stable_partition	4936	13646929	361.6930959338911	4936
k16_4118ba0e	HG02809_hap1	G3	stable_partition	7890	20210767	390.38597595034366	7890
k16_4118ba0e	HG02809_hap2	NA	incomplete_core_regions	6862	17946219	382.36466411114225	6862
k16_4118ba0e	HG02818_hap1	G5	stable_partition	6690	17960489	372.4842903776172	6690
k16_4118ba0e	HG02818_hap2	NA	incomplete_core_regions	5443	14796402	367.8596999459734	5443
k16_4118ba0e	HG02841_hap1	G1	stable_partition	7115	19678112	361.56923997586756	7115
k16_4118ba0e	HG02841_hap2	G1	stable_partition	7673	21041584	364.6588583825248	7673
k16_4118ba0e	HG02886_hap1	G2	stable_partition	7449	19290600	386.14662063388386	7449
k16_4118ba0e	HG02886_hap2	G3	stable_partition	7124	17318987	411.3404554204007	7124
k16_4118ba0e	HG02922_hap1	G1	stable_partition	7756	20686017	374.9392645283043	7756
k16_4118ba0e	HG02922_hap2	G4	stable_partition	6760	16874059	400.61493206821194	6760
k16_4118ba0e	HG02953_hap1	G7	stable_partition	5830	15186195	383.90129983185386	5830
k16_4118ba0e	HG02953_hap2	G4	stable_partition	581	3132651	185.46592007855327	581
k16_4118ba0e	HG02965_hap1	G5	stable_partition	10191	25613701	397.872997736641	10191
k16_4118ba0e	HG02965_hap2	G5	stable_partition	7049	18545781	380.0864466155402	7049
k16_4118ba0e	HG02976_hap1	G1	stable_partition	828	3029877	273.2784202130978	828
k16_4118ba0e	HG02976_hap2	G1	stable_partition	926	3072844	301.3494990308652	926
k16_4118ba0e	HG02984_hap1	G1	stable_partition	10373	26537806	390.87632187830445	10373
k16_4118ba0e	HG02984_hap2	G1	stable_partition	8230	21006099	391.7909746117068	8230
k16_4118ba0e	HG03009_hap1	G7	stable_partition	9202	22737770	404.7010766667091	9202
k16_4118ba0e	HG03009_hap2	G7	stable_partition	6022	16169669	372.4256816883512	6022
k16_4118ba0e	HG03017_hap1	G7	stable_partition	8723	22249710	392.05005368609295	8723
k16_4118ba0e	HG03017_hap2	G7	stable_partition	5315	14583495	364.45310263417656	5315
k16_4118ba0e	HG03041_hap1	G4	stable_partition	6298	17194259	366.28504898059293	6298
k16_4118ba0e	HG03041_hap2	G4	stable_partition	8238	21965575	375.04140000887753	8238
k16_4118ba0e	HG03050_hap1	G2	stable_partition	9178	23587265	389.1082751645857	9178
k16_4118ba0e	HG03050_hap2	G1	stable_partition	8538	21439529	398.2363605095989	8538
k16_4118ba0e	HG03065_hap1	G4	stable_partition	7498	19966225	375.53418335213587	7498
k16_4118ba0e	HG03065_hap2	G4	stable_partition	964	4804383	200.6501146973503	964
k16_4118ba0e	HG03098_hap1	G1	stable_partition	720	4077524	176.57774669137447	720
k16_4118ba0e	HG03098_hap2	G1	stable_partition	8720	22724012	383.73505523584475	8720
k16_4118ba0e	HG03130_hap1	G6	stable_partition	9412	23290738	404.1091355714018	9412
k16_4118ba0e	HG03130_hap2	NA	incomplete_core_regions	7897	19163188	412.09218424408294	7897
k16_4118ba0e	HG03139_hap1	G4	stable_partition	6857	18500901	370.6305979368248	6857
k16_4118ba0e	HG03139_hap2	G5	stable_partition	8348	21696231	384.7672897656741	8348
k16_4118ba0e	HG03195_hap1	NA	incomplete_core_regions	10631	26062752	407.90013272581496	10631
k16_4118ba0e	HG03195_hap2	G1	stable_partition	6872	18542827	370.6015269408489	6872
k16_4118ba0e	HG03209_hap1	G5	stable_partition	732	3798072	192.72936374033983	732
k16_4118ba0e	HG03209_hap2	G1	stable_partition	5642	14608881	386.2034333772724	5642
k16_4118ba0e	HG03225_hap1	G4	stable_partition	8175	21226466	385.1324097002299	8175
k16_4118ba0e	HG03225_hap2	G6	stable_partition	8592	22847022	376.06651755314107	8592
k16_4118ba0e	HG03239_hap1	G3	stable_partition	6940	18469285	375.7589966260199	6940
k16_4118ba0e	HG03239_hap2	G3	stable_partition	866	4222013	205.1154271670883	866
k16_4118ba0e	HG03248_hap1	G1	stable_partition	786	4025391	195.2605349393388	786
k16_4118ba0e	HG03248_hap2	G5	stable_partition	9233	23018875	401.1056144142579	9233
k16_4118ba0e	HG03270_hap1	G5	stable_partition	6992	18928245	369.3950495674586	6992
k16_4118ba0e	HG03270_hap2	G1	stable_partition	1128	4456175	253.13189001778431	1128
k16_4118ba0e	HG03369_hap1	G6	stable_partition	7153	18847164	379.52659614995656	7153
k16_4118ba0e	HG03369_hap2	G2	stable_partition	6588	16917286	389.42416650046584	6588
k16_4118ba0e	HG03371_hap1	G1	stable_partition	8255	21342150	386.7932705936375	8255
k16_4118ba0e	HG03371_hap2	G2	stable_partition	6686	18314040	365.0751008515871	6686
k16_4118ba0e	HG03452_hap1	G4	stable_partition	970	4573814	212.07683565619416	970
k16_4118ba0e	HG03452_hap2	NA	incomplete_core_regions	7150	17550709	407.39094927731975	7150
k16_4118ba0e	HG03453_hap1	NA	incomplete_core_regions	6693	16787043	398.70035479149004	6693
k16_4118ba0e	HG03453_hap2	G1	stable_partition	7053	18104602	389.56945863819595	7053
k16_4118ba0e	HG03456_hap1	G5	stable_partition	9230	24068677	383.48597224517164	9230
k16_4118ba0e	HG03456_hap2	G4	stable_partition	5276	14342799	367.85009676284244	5276
k16_4118ba0e	HG03470_hap1	G3	stable_partition	6746	18079514	373.1294989456022	6746
k16_4118ba0e	HG03470_hap2	G1	stable_partition	8692	23110028	376.11378056313913	8692
k16_4118ba0e	HG03471_hap1	NA	incomplete_core_regions	640	3366533	190.1065576960036	640
k16_4118ba0e	HG03471_hap2	NA	incomplete_core_regions	7934	20737660	382.5889709832257	7934
k16_4118ba0e	HG03486_hap1	G5	stable_partition	6049	15443477	391.68640585277524	6049
k16_4118ba0e	HG03486_hap2	G5	stable_partition	7703	18935904	406.79335932417064	7703
k16_4118ba0e	HG03516_hap1	G7	stable_partition	4976	14177288	350.98391173262473	4976
k16_4118ba0e	HG03516_hap2	G1	stable_partition	8756	22231624	393.8533685168479	8756
k16_4118ba0e	HG03520_hap1	NA	incomplete_core_regions	5906	15349829	384.7599865770492	5906
k16_4118ba0e	HG03520_hap2	NA	incomplete_core_regions	6613	17920358	369.02164566131995	6613
k16_4118ba0e	HG03521_hap1	G5	stable_partition	2187	7620800	286.97774511862275	2187
k16_4118ba0e	HG03521_hap2	G1	stable_partition	1332	5820346	228.85237406848321	1332
k16_4118ba0e	HG03540_hap1	NA	incomplete_core_regions	9522	23425830	406.47439172912976	9522
k16_4118ba0e	HG03540_hap2	NA	incomplete_core_regions	506	3208555	157.7033898437147	506
k16_4118ba0e	HG03579_hap1	G1	stable_partition	5697	15282091	372.78929957948816	5697
k16_4118ba0e	HG03579_hap2	G1	stable_partition	8135	20097577	404.77516269747343	8135
k16_4118ba0e	HG03583_hap1	G2	stable_partition	524	3471573	150.94022219898588	524
k16_4118ba0e	HG03583_hap2	G5	stable_partition	651	3437642	189.37399531422994	651
k16_4118ba0e	HG03654_hap1	G4	stable_partition	7274	18466603	393.90027499914305	7274
k16_4118ba0e	HG03654_hap2	G7	stable_partition	6354	16582197	383.1820355288265	6354
k16_4118ba0e	HG03669_hap1	G1	stable_partition	9246	22359152	413.52194394492244	9246
k16_4118ba0e	HG03669_hap2	G7	stable_partition	836	3579168	233.57383615410063	836
k16_4118ba0e	HG03683_hap1	NA	incomplete_core_regions	5122	13297949	385.1721795594193	5122
k16_4118ba0e	HG03683_hap2	G7	stable_partition	1016	5146327	197.42235578889566	1016
k16_4118ba0e	HG03688_hap1	G3	stable_partition	8352	19611371	425.87537607646095	8352
k16_4118ba0e	HG03688_hap2	G3	stable_partition	11033	25733596	428.7391470667372	11033
k16_4118ba0e	HG03704_hap1	G7	stable_partition	8318	21036631	395.4055190681435	8318
k16_4118ba0e	HG03704_hap2	G3	stable_partition	827	3636752	227.40071360378712	827
k16_4118ba0e	HG03710_hap1	NA	incomplete_core_regions	6751	17638627	382.7395408951048	6751
k16_4118ba0e	HG03710_hap2	NA	incomplete_core_regions	8867	22078251	401.6169577925353	8867
k16_4118ba0e	HG03732_hap2	G6	stable_partition	5877	16169998	363.4508798331329	5877
k16_4118ba0e	HG03742_hap1	G4	stable_partition	9173	22457872	408.4536593671921	9173
k16_4118ba0e	HG03742_hap2	G6	stable_partition	6181	15748374	392.48496384452136	6181
k16_4118ba0e	HG03784_hap1	G7	stable_partition	9381	22484913	417.21308861635356	9381
k16_4118ba0e	HG03784_hap2	NA	incomplete_core_regions	284	2702960	105.06999733625359	284
k16_4118ba0e	HG03804_hap1	G3	stable_partition	6418	15852577	404.8553115370454	6418
k16_4118ba0e	HG03804_hap2	G7	stable_partition	7307	18132092	402.98714566416277	7307
k16_4118ba0e	HG03807_hap1	G7	stable_partition	3670	11120732	330.0142472635794	3670
k16_4118ba0e	HG03807_hap2	G7	stable_partition	4436	12686899	349.65203080752826	4436
k16_4118ba0e	HG03816_hap1	G3	stable_partition	7035	18072615	389.26298158844196	7035
k16_4118ba0e	HG03816_hap2	G7	stable_partition	8135	19744476	412.0139729208311	8135
k16_4118ba0e	HG03831_hap1	G3	stable_partition	8102	19646002	412.399428647111	8102
k16_4118ba0e	HG03831_hap2	G3	stable_partition	7902	19238086	410.74772199271797	7902
k16_4118ba0e	HG03834_hap1	G6	stable_partition	9421	22585344	417.1289133342401	9421
k16_4118ba0e	HG03834_hap2	G7	stable_partition	8909	22176448	401.7325046824451	8909
k16_4118ba0e	HG03874_hap1	G3	stable_partition	4641	13260922	349.9756653421233	4641
k16_4118ba0e	HG03874_hap2	G4	stable_partition	818	4637618	176.38365212486235	818
k16_4118ba0e	HG03927_hap1	G3	stable_partition	9019	21481963	419.8405890560374	9019
k16_4118ba0e	HG03927_hap2	G7	stable_partition	9224	23049442	400.18322352445665	9224
k16_4118ba0e	HG03942_hap1	NA	incomplete_core_regions	398	2533767	157.07837382048152	398
k16_4118ba0e	HG03942_hap2	NA	incomplete_core_regions	421	2734567	153.9549040122257	421
k16_4118ba0e	HG04036_hap1	G2	stable_partition	6613	16833723	392.8423914305825	6613
k16_4118ba0e	HG04036_hap2	G7	stable_partition	8920	22171956	402.31001721273486	8920
k16_4118ba0e	HG04115_hap1	NA	incomplete_core_regions	6786	16788384	404.20805242481947	6787
k16_4118ba0e	HG04115_hap2	NA	incomplete_core_regions	7600	18184962	417.9277361151483	7600
k16_4118ba0e	HG04157_hap1	G5	stable_partition	6788	17786867	381.62988456595536	6788
k16_4118ba0e	HG04157_hap2	G6	stable_partition	5936	15658805	379.08384452070254	5936
k16_4118ba0e	HG04160_hap1	G1	stable_partition	7522	18599074	404.42873661344646	7522
k16_4118ba0e	HG04160_hap2	G2	stable_partition	12788	30690486	416.6763602244682	12788
k16_4118ba0e	HG04184_hap1	G3	stable_partition	9733	23821770	408.57585309571874	9733
k16_4118ba0e	HG04184_hap2	G2	stable_partition	8179	20523530	398.5181886351909	8179
k16_4118ba0e	HG04187_hap1	G6	stable_partition	2092	7234616	289.1653129896597	2092
k16_4118ba0e	HG04187_hap2	G1	stable_partition	6534	16992586	384.52063741210435	6534
k16_4118ba0e	HG04199_hap1	G3	stable_partition	9741	23711704	410.8097840627565	9741
k16_4118ba0e	HG04199_hap2	G5	stable_partition	8197	21022828	389.9094831580223	8197
k16_4118ba0e	HG04204_hap1	G6	stable_partition	4006	11467425	349.337362136661	4006
k16_4118ba0e	HG04204_hap2	G7	stable_partition	7506	18420234	407.4866801366367	7506
k16_4118ba0e	HG04217_hap1	G6	stable_partition	6690	17777982	376.3081771598149	6690
k16_4118ba0e	HG04217_hap2	G5	stable_partition	7529	19509095	385.922565859667	7529
k16_4118ba0e	HG04228_hap1	G7	stable_partition	6331	16537846	382.8188991480511	6331
k16_4118ba0e	HG04228_hap2	G6	stable_partition	7189	18728764	383.8480745445882	7189
k16_4118ba0e	HG06807_hap1	G1	stable_partition	3383	10202951	331.5707387009895	3383
k16_4118ba0e	HG06807_hap2	G6	stable_partition	6572	17692896	371.448518094494	6572
k16_4118ba0e	NA12329_hap1	G6	stable_partition	801	4454621	179.81327704421992	801
k16_4118ba0e	NA12329_hap2	G3	stable_partition	6876	17782441	386.6735731050647	6876
k16_4118ba0e	NA18505_hap1	G2	stable_partition	6476	17063289	379.5282374927835	6476
k16_4118ba0e	NA18505_hap2	G6	stable_partition	7273	18100137	401.8201630186556	7273
k16_4118ba0e	NA18508_hap1	NA	incomplete_core_regions	6094	15283460	398.73170080596935	6094
k16_4118ba0e	NA18508_hap2	G1	stable_partition	7356	18196340	404.2571198383851	7356
k16_4118ba0e	NA18522_hap1	G1	stable_partition	8690	22787829	381.34391828199165	8690
k16_4118ba0e	NA18522_hap2	G1	stable_partition	6042	16663209	362.5952240051721	6042
k16_4118ba0e	NA18534_hap1	G7	stable_partition	5611	15984472	351.0281728417429	5611
k16_4118ba0e	NA18534_hap2	G3	stable_partition	913	4323035	211.19421887632186	913
k16_4118ba0e	NA18565_hap1	NA	incomplete_core_regions	727	3628127	200.3788731761595	727
k16_4118ba0e	NA18565_hap2	NA	incomplete_core_regions	5318	14407596	369.1108495824008	5318
k16_4118ba0e	NA18570_hap1	G2	stable_partition	5496	14528592	378.2885499159175	5496
k16_4118ba0e	NA18570_hap2	G7	stable_partition	5412	14204254	381.01261776929647	5412
k16_4118ba0e	NA18608_hap1	G3	stable_partition	6516	17402834	374.4217752120143	6516
k16_4118ba0e	NA18608_hap2	G2	stable_partition	540	3568029	151.34406138515132	540
k16_4118ba0e	NA18620_hap1	NA	incomplete_core_regions	222	1860034	119.35265699444204	222
k16_4118ba0e	NA18620_hap2	NA	incomplete_core_regions	549	2821479	194.5788006928281	549
k16_4118ba0e	NA18747_hap1	G7	stable_partition	4729	12400815	381.34590347489257	4729
k16_4118ba0e	NA18747_hap2	NA	incomplete_core_regions	5975	14985692	398.7136529964715	5975
k16_4118ba0e	NA18879_hap1	G1	stable_partition	6328	16635186	380.3985119252649	6328
k16_4118ba0e	NA18879_hap2	G2	stable_partition	4704	13374228	351.7212357976849	4704
k16_4118ba0e	NA18906_hap1	G5	stable_partition	978	4734572	206.56566211264715	978
k16_4118ba0e	NA18906_hap2	G1	stable_partition	967	3821901	253.0154496414219	967
k16_4118ba0e	NA18939_hap1	NA	incomplete_core_regions	5781	16023860	360.7744950342801	5781
k16_4118ba0e	NA18939_hap2	G7	stable_partition	5069	13984307	362.47774022695586	5069
k16_4118ba0e	NA18940_hap1	G2	stable_partition	6349	16592766	382.6366261056173	6349
k16_4118ba0e	NA18940_hap2	G6	stable_partition	6227	16899851	368.4647870564066	6227
k16_4118ba0e	NA18943_hap1	G7	stable_partition	5877	16320998	360.08827401363567	5877
k16_4118ba0e	NA18943_hap2	G2	stable_partition	6795	17928687	379.00154093827393	6795
k16_4118ba0e	NA18944_hap1	G3	stable_partition	5823	16761566	347.4019074351406	5823
k16_4118ba0e	NA18944_hap2	G7	stable_partition	6979	18923635	368.79806654482604	6979
k16_4118ba0e	NA18945_hap1	G6	stable_partition	741	4611162	160.69702170515805	741
k16_4118ba0e	NA18945_hap2	G2	stable_partition	5383	14764248	364.5969642341418	5383
k16_4118ba0e	NA18948_hap1	G7	stable_partition	8322	21007986	396.13506977775023	8322
k16_4118ba0e	NA18948_hap2	G7	stable_partition	7316	19055935	383.9223842860505	7316
k16_4118ba0e	NA18952_hap1	G6	stable_partition	422	3022700	139.61028219803487	422
k16_4118ba0e	NA18952_hap2	NA	incomplete_core_regions	313	2183673	143.33647940877594	313
k16_4118ba0e	NA18959_hap1	G2	stable_partition	568	3864496	146.97906272900786	568
k16_4118ba0e	NA18959_hap2	G7	stable_partition	10040	25072175	400.44391840755736	10040
k16_4118ba0e	NA18960_hap1	G7	stable_partition	5802	16233898	357.40029905325264	5824
k16_4118ba0e	NA18960_hap2	G7	stable_partition	6010	16689037	360.11664423777114	6010
k16_4118ba0e	NA18967_hap1	G7	stable_partition	7948	20871484	380.8066546681587	7948
k16_4118ba0e	NA18967_hap2	G7	stable_partition	6226	16191404	384.5250232777837	6226
k16_4118ba0e	NA18970_hap1	G7	stable_partition	6190	17237925	359.09194407099466	6190
k16_4118ba0e	NA18970_hap2	G6	stable_partition	5379	15580771	345.2332365323898	5379
k16_4118ba0e	NA18971_hap1	G7	stable_partition	689	2951146	233.4686254085701	689
k16_4118ba0e	NA18971_hap2	G3	stable_partition	570	2591592	219.94202791180092	570
k16_4118ba0e	NA18974_hap1	G7	stable_partition	5609	15896639	352.84188060130197	5609
k16_4118ba0e	NA18974_hap2	G2	stable_partition	600	3299513	181.84501773443534	600
k16_4118ba0e	NA18976_hap1	NA	incomplete_core_regions	257	1528803	168.1053739428821	257
k16_4118ba0e	NA18976_hap2	NA	incomplete_core_regions	336	2014835	166.7630351865041	336
k16_4118ba0e	NA18982_hap1	G3	stable_partition	6402	16812129	380.7965070931825	6402
k16_4118ba0e	NA18982_hap2	G2	stable_partition	3834	11188380	342.67695591318846	3838
k16_4118ba0e	NA18983_hap2	NA	incomplete_core_regions	6463	15983463	404.35542660561106	6463
k16_4118ba0e	NA18989_hap1	G7	stable_partition	6437	16542108	389.12815706438386	6437
k16_4118ba0e	NA18989_hap2	G2	stable_partition	4363	12494360	349.1975579381417	4363
k16_4118ba0e	NA19036_hap2	G1	stable_partition	7156	18583504	385.07269673146675	7156
k16_4118ba0e	NA19043_hap1	G1	stable_partition	6708	16751405	400.44402245662377	6708
k16_4118ba0e	NA19043_hap2	G2	stable_partition	6289	16309138	385.61204154382654	6289
k16_4118ba0e	NA19087_hap1	G7	stable_partition	8711	21398231	407.0897262488661	8711
k16_4118ba0e	NA19087_hap2	G2	stable_partition	6251	15913652	392.80738324553033	6251
k16_4118ba0e	NA19129_hap1	NA	incomplete_core_regions	6787	18150937	373.92009018597776	6787
k16_4118ba0e	NA19129_hap2	G1	stable_partition	7328	19570968	374.4321691190748	7328
k16_4118ba0e	NA19159_hap1	G1	stable_partition	7566	20283066	373.0205285532276	7566
k16_4118ba0e	NA19159_hap2	G1	stable_partition	3467	10347443	335.0586226954814	3467
k16_4118ba0e	NA19185_hap1	G3	stable_partition	7707	20622872	373.71128521769424	7707
k16_4118ba0e	NA19185_hap2	G1	stable_partition	7396	19481066	379.65068235998996	7396
k16_4118ba0e	NA19238_hap1	G5	stable_partition	7897	20582893	383.66812673029006	7897
k16_4118ba0e	NA19238_hap2	G4	stable_partition	8265	22182723	372.5872608155455	8265
k16_4118ba0e	NA19239_hap1	G2	stable_partition	7132	19600176	363.8742835778618	7132
k16_4118ba0e	NA19239_hap2	G2	stable_partition	7543	19111878	394.67602294238173	7543
k16_4118ba0e	NA19240_hap1	G1	stable_partition	8020	21011036	381.70416727666355	8020
k16_4118ba0e	NA19240_hap2	G4	stable_partition	757	4177279	181.21844387219525	757
k16_4118ba0e	NA19317_hap1	G5	stable_partition	7564	19550589	386.8937145576535	7564
k16_4118ba0e	NA19317_hap2	G4	stable_partition	8488	21968904	386.3642901803385	8488
k16_4118ba0e	NA19331_hap1	NA	incomplete_core_regions	604	2970274	203.34824329337968	604
k16_4118ba0e	NA19331_hap2	NA	incomplete_core_regions	10531	25870884	407.0599211066773	10531
k16_4118ba0e	NA19338_hap1	NA	incomplete_core_regions	8669	20870672	415.3675550073328	8669
k16_4118ba0e	NA19338_hap2	G1	stable_partition	7869	20167093	390.1900982952774	7869
k16_4118ba0e	NA19347_hap1	G6	stable_partition	5034	14422118	349.0472065198746	5034
k16_4118ba0e	NA19347_hap2	G3	stable_partition	7960	20841083	381.93792520283137	7960
k16_4118ba0e	NA19384_hap1	G6	stable_partition	6072	16550170	366.8844489210685	6072
k16_4118ba0e	NA19384_hap2	G5	stable_partition	7263	18839124	385.5274799401501	7263
k16_4118ba0e	NA19391_hap1	G1	stable_partition	5967	15344327	388.873360167572	5967
k16_4118ba0e	NA19391_hap2	G5	stable_partition	6091	16032005	379.92752622020765	6091
k16_4118ba0e	NA19434_hap1	NA	incomplete_core_regions	7671	19453897	394.3168815996096	7671
k16_4118ba0e	NA19434_hap2	NA	incomplete_core_regions	4686	13026258	359.7349292482922	4686
k16_4118ba0e	NA19443_hap1	G5	stable_partition	1369	5304997	258.05858137148806	1369
k16_4118ba0e	NA19443_hap2	G2	stable_partition	867	4322008	200.60120203386944	867
k16_4118ba0e	NA19468_hap1	G1	stable_partition	6025	15819521	380.8585607617323	6025
k16_4118ba0e	NA19468_hap2	G4	stable_partition	6303	16696085	377.5136506552285	6303
k16_4118ba0e	NA19650_hap1	NA	incomplete_core_regions	7498	19424904	385.9993336389204	7498
k16_4118ba0e	NA19650_hap2	G2	stable_partition	8985	22073844	407.0428331377172	8985
k16_4118ba0e	NA19682_hap1	G7	stable_partition	6838	18165094	376.43625736260987	6838
k16_4118ba0e	NA19682_hap2	G4	stable_partition	792	4146486	191.0051064925819	792
k16_4118ba0e	NA19700_hap1	G5	stable_partition	7454	19726337	377.87045815956606	7454
k16_4118ba0e	NA19705_hap1	G5	stable_partition	11384	29087340	391.3730165769713	11384
k16_4118ba0e	NA19705_hap2	G1	stable_partition	5651	15711518	359.6724390348533	5651
k16_4118ba0e	NA19776_hap1	G2	stable_partition	588	3133205	187.66726083993865	588
k16_4118ba0e	NA19776_hap2	G4	stable_partition	933	4185235	222.92655012203616	933
k16_4118ba0e	NA19835_hap1	NA	incomplete_core_regions	662	3660529	180.8481779546071	662
k16_4118ba0e	NA19835_hap2	G4	stable_partition	5289	14062240	376.11362058960736	5289
k16_4118ba0e	NA19836_hap1	NA	incomplete_core_regions	6830	17505847	390.155357807023	6830
k16_4118ba0e	NA19836_hap2	G6	stable_partition	5657	16075278	351.9068223890125	5657
k16_4118ba0e	NA19909_hap1	NA	incomplete_core_regions	637	2435432	261.55523948112693	939
k16_4118ba0e	NA19983_hap1	G1	stable_partition	821	4491683	182.78226669157198	821
k16_4118ba0e	NA19983_hap2	NA	incomplete_core_regions	6763	17891648	377.997599773928	6763
k16_4118ba0e	NA20129_hap1	G6	stable_partition	527	3135921	168.05270285826717	527
k16_4118ba0e	NA20129_hap2	G1	stable_partition	5921	15262577	387.9423507576735	5921
k16_4118ba0e	NA20282_hap1	G1	stable_partition	751	3812659	196.9753917148111	751
k16_4118ba0e	NA20282_hap2	G4	stable_partition	4270	12024547	355.10693251063844	4270
k16_4118ba0e	NA20346_hap1	G4	stable_partition	426	2100678	202.79167011793336	426
k16_4118ba0e	NA20346_hap2	G7	stable_partition	2650	7816464	339.02797991521487	2650
k16_4118ba0e	NA20355_hap1	G7	stable_partition	6950	18981314	366.14957215290787	6950
k16_4118ba0e	NA20355_hap2	G2	stable_partition	7221	19125570	377.5573747605954	7221
k16_4118ba0e	NA20503_hap1	G7	stable_partition	7076	18477785	382.94633258261206	7076
k16_4118ba0e	NA20503_hap2	G2	stable_partition	8470	22144157	382.4936754196604	8470
k16_4118ba0e	NA20509_hap1	G2	stable_partition	7095	18279582	388.13797820978624	7095
k16_4118ba0e	NA20509_hap2	NA	incomplete_core_regions	6162	15621945	394.4451219102359	6162
k16_4118ba0e	NA20752_hap1	G3	stable_partition	4838	12475920	387.7870329402561	4838
k16_4118ba0e	NA20752_hap2	G4	stable_partition	6901	17449523	395.48359000988165	6901
k16_4118ba0e	NA20762_hap1	G7	stable_partition	7261	18874278	384.70345726602096	7261
k16_4118ba0e	NA20762_hap2	G6	stable_partition	5399	14713774	366.93509088830643	5399
k16_4118ba0e	NA20799_hap1	G7	stable_partition	4738	13302751	356.1669311858878	4738
k16_4118ba0e	NA20799_hap2	G5	stable_partition	1038	5375022	193.1154886435814	1038
k16_4118ba0e	NA20805_hap1	G3	stable_partition	906	3916893	231.30578241478642	906
k16_4118ba0e	NA20805_hap2	G6	stable_partition	5908	15222706	388.10445396501774	5908
k16_4118ba0e	NA20806_hap1	G3	stable_partition	5517	15019854	367.31382342331693	5517
k16_4118ba0e	NA20806_hap2	G7	stable_partition	10345	26214444	394.62976975594063	10345
k16_4118ba0e	NA20809_hap1	G5	stable_partition	573	2768061	207.00410865222983	573
k16_4118ba0e	NA20809_hap2	G1	stable_partition	575	2093859	274.61256942325156	575
k16_4118ba0e	NA20827_hap1	G7	stable_partition	7471	19404940	385.00505541372456	7471
k16_4118ba0e	NA20827_hap2	G5	stable_partition	7702	19835839	388.28707976506564	7702
k16_4118ba0e	NA20847_hap1	NA	incomplete_core_regions	662	3260864	203.01367981001354	662
k16_4118ba0e	NA20847_hap2	NA	incomplete_core_regions	7491	18418749	406.705145935807	7491
k16_4118ba0e	NA20850_hap1	G3	stable_partition	720	3361295	214.2031568190236	720
k16_4118ba0e	NA20850_hap2	G6	stable_partition	522	3051513	171.06268267577428	522
k16_4118ba0e	NA20870_hap1	G2	stable_partition	6351	15327825	414.3445009321283	6351
k16_4118ba0e	NA20870_hap2	G3	stable_partition	7448	17649765	421.98862137824494	7448
k16_4118ba0e	NA20905_hap1	G2	stable_partition	7167	18527701	386.82619068604356	7167
k16_4118ba0e	NA20905_hap2	G2	stable_partition	5810	15048600	386.08242627221136	5810
k16_4118ba0e	NA21093_hap1	G7	stable_partition	759	3385342	224.20186793535188	759
k16_4118ba0e	NA21093_hap2	G6	stable_partition	311	2363126	131.6053397068121	311
k16_4118ba0e	NA21102_hap1	G7	stable_partition	915	4163366	219.77409624808388	915
k16_4118ba0e	NA21102_hap2	G7	stable_partition	803	3790235	211.86021447218974	803
k16_4118ba0e	NA21106_hap1	NA	incomplete_core_regions	3647	10017727	364.05464033907094	3647
k16_4118ba0e	NA21106_hap2	NA	incomplete_core_regions	5530	14055779	393.432480689971	5530
k16_4118ba0e	NA21110_hap1	G7	stable_partition	923	4640749	198.89030843943507	923
k16_4118ba0e	NA21110_hap2	NA	incomplete_core_regions	829	4263552	194.43881533519468	829
k16_4118ba0e	NA21144_hap1	G7	stable_partition	10060	24463062	411.23224884930596	10060
k16_4118ba0e	NA21144_hap2	G3	stable_partition	6204	15334492	404.57812361831094	6204
k16_4118ba0e	NA21309_hap1	NA	incomplete_core_regions	11225	28278308	396.94737040136914	11225
k16_4118ba0e	NA21309_hap2	NA	incomplete_core_regions	5890	16255600	362.33667167007064	5890
k16_4118ba0e	NA21487_hap1	NA	incomplete_core_regions	5103	13899619	367.1323652828182	5103
k16_4118ba0e	NA21487_hap2	G4	stable_partition	8774	22263366	394.10033505266	8774
