kmer_id	canonical_kmer	family_background_E	family_count_fraction	other_family_E	count_ge10_hap_fraction	pooled_background_count
k16_0e834158	AATGGAATCAACCCGA	20.074399523318	1.0	21.204420241627954	1.0	1396
k16_1dabe3d4	ACTCGGGTTGATTCCA	20.05120520219628	1.0	21.10042914990333	1.0	1256
k16_3a0d0562	ATGGAATCAACCCGAG	20.04841341047056	1.0	21.06946552627507	1.0	1209
k16_6af8f53d	CGGGTTGATTCCATTC	20.045275470708223	1.0	21.16741711809018	1.0	1382
k16_834158b9	GAATCAACCCGAGTGC	19.886707568035625	1.0	20.053562130103906	1.0	144
k16_8f53d4f9	GATTCCATTCCATTGC	19.78432455584576	0.9993476932202651	10.682128697288245	1.0	1099
k16_362f8f53	ATCGAGTTGATTCCAT	19.621277907428958	1.0	19.708272994348835	0.9930191972076788	73
k16_3a0e8341	ATGGAATGGAATCAAC	19.593325310555397	0.9991578026214266	10.31409897245251	1.0	4236
k16_af0f53d4	GGTTAATTCCATTCCA	19.59312733769181	0.9999991053742596	18.965943187133192	1.0	152
k16_0d8be3d4	AATCGAGTTGATTCCA	19.590181908072076	1.0	19.674862149732345	0.9912739965095986	71
k16_0d0562e4	AATCAACCCGAGTGCA	19.55649831044401	1.0	20.11398307128725	1.0	554
k16_476af8f5	CACTCGGGTTGATTCC	19.526193479284085	0.99999955180727	19.96310804602793	1.0	1599
k16_4362f8f5	CAATCGAGTTGATTCC	19.51392454619879	1.0	19.59860478785906	1.0	71
k16_34158b90	ATCAACCCGAGTGCAA	19.465252208876404	1.0	19.61559943494622	1.0	129
k16_3e476af8	ATTGCACTCGGGTTGA	19.453290780609894	1.0	19.59809332014774	1.0	124
k16_a0e83c15	GGAATGGAATTAACCC	19.435200705117477	1.0	19.59876887558749	1.0	141
k16_6af0f53d	CGGGTTAATTCCATTC	19.358469925463776	1.0	19.517644562676423	1.0	137
k16_af8f53d4	GGTTGATTCCATTCCA	19.284384466890536	0.9999955032372677	17.711860521147987	1.0	2748
k16_a0e83415	GGAATGGAATCAACCC	19.276281266684318	0.9999995894202846	20.196833637301832	1.0	2940
k16_158320e8	ACCCGAATAGAATGGA	19.182588284193397	1.0	19.241557030594038	0.9930191972076788	49
k16_560c83a0	CCCGAATAGAATGGAA	19.179313425574893	0.9999990770291192	18.623106403170322	0.9930191972076788	49
k16_5a0e83a0	CCGGAATGGAATGGAA	19.165438149003652	0.9999930269949164	16.992246153691326	0.9982547993019197	526
k16_0560c83a	AACCCGAATAGAATGG	19.163596482214412	1.0	19.219023342287958	0.9930191972076788	46
k16_62f8f53d	CGAGTTGATTCCATTC	19.155074652810548	0.9999335753835332	13.952219086909258	1.0	492
k16_3d4f91da	ATTCCATTGCACTCGG	19.13982522443104	1.0	19.287957132407982	1.0	127
k16_4f53e476	CATTCCATTGCACTCG	19.138050103993425	0.9999722536546762	15.157678978697628	1.0	174
k16_562e43a0	CCCGAGTGCAATGGAA	19.118852964047296	1.0	19.261431648435963	1.0	122
k16_0562e43a	AACCCGAGTGCAATGG	19.10867485767949	1.0	19.25680676565643	1.0	127
k16_158b90e8	ACCCGAGTGCAATGGA	19.104414495687248	1.0	19.250327678626295	1.0	125
k16_4158b90e	CAACCCGAGTGCAATG	19.028194502717074	1.0	19.157357584114063	1.0	110
k16_0e8341d8	AATGGAATCAACTCGA	18.963497266387957	0.9999432503552118	14.17951018230431	1.0	1067
k16_3a0e83c1	ATGGAATGGAATTAAC	18.879453742917704	0.9998512298997887	12.805943947068918	1.0	1178
k16_4e53d476	CATGCCATTCCACTCG	18.845656375849483	0.9999974348241281	17.783495815480464	0.9965095986038395	46
k16_8be3d4f5	GAGTTGATTCCATTCC	18.83715564865943	0.9999974527553144	18.10484885995316	1.0	961
k16_3a0d0662	ATGGAATCAACGCGAG	18.75592861562566	1.0	18.844079733825428	1.0	74
k16_1d9be3d4	ACTCGCGTTGATTCCA	18.754029706038082	1.0	18.842180824237854	1.0	74
k16_4766f8f5	CACTCGCGTTGATTCC	18.737641582987123	1.0	18.825792701186895	1.0	74
k16_0e834198	AATGGAATCAACGCGA	18.726289611161594	1.0	18.881057294322005	1.0	133
k16_66f8f53d	CGCGTTGATTCCATTC	18.71646916341732	0.9999968884008199	17.610994140341468	1.0	126
k16_a0d0562c	GGAATCAACCCGAGTA	18.716343910786037	1.0	18.8319654657923	1.0	98
k16_0e83c158	AATGGAATTAACCCGA	18.701367675314895	1.0	19.531111993492683	1.0	913
k16_9be3d4f5	GCGTTGATTCCATTCC	18.656448509186497	0.9991216946652767	10.250318720182786	1.0	188
k16_6ef8f53d	CGTGTTGATTCCATTC	18.651012476945663	0.9999984515494239	18.1744742624065	1.0	298
k16_6f8f53d4	CGTTGATTCCATTCCA	18.649263495424364	0.9991409686949753	10.282346396035894	1.0	221
k16_3a0e8f41	ATGGAATGGATTCAAC	18.594679334711483	0.9999991481981836	18.52075940413844	1.0	416
k16_3e43a0e8	ATTGCAATGGAATGGA	18.570280410176988	0.9999516216670709	14.379421682906395	1.0	456
k16_3a0d0462	ATGGAATCAACACGAG	18.513208903973734	1.0	18.88191533745136	1.0	342
k16_476ef8f5	CACTCGTGTTGATTCC	18.50690668386734	1.0	18.867982176562247	1.0	334
k16_41583a0e	CAACCCGAATGGAATG	18.434882892821793	1.0	18.983996767669822	1.0	544
k16_0e834118	AATGGAATCAACACGA	18.375109748988084	0.9999983168907587	18.161439253014027	1.0	700
k16_0e83ac68	AATGGAATGGTACGGA	18.339037590005297	0.9998560240058206	12.832736751468438	0.9947643979057592	33
k16_3ac68320	ATGGTACGGAATAGAA	18.33596599166897	1.0	18.361534004145927	0.9930191972076788	21
k16_5b14f53d	CCGTACCATTCCATTC	18.319220019799562	0.9999850370927071	15.85107936803836	0.9947643979057592	31
k16_6c53d4f5	CGTACCATTCCATTCC	18.307507128912068	0.9999996563014044	18.19569164424339	0.9947643979057592	28
k16_73d6c53d	CTATTCCGTACCATTC	18.30597533153104	1.0	18.331543344008	0.9930191972076788	21
k16_4f73d6c5	CATTCTATTCCGTACC	18.302814551409785	1.0	18.324757616241627	0.9930191972076788	18
k16_3a0eb1a0	ATGGAATGGTACGGAA	18.30113239313926	0.9998525353098873	12.798118603519926	0.9947643979057592	33
k16_a0eb1a0c	GGAATGGTACGGAATA	18.299472499922402	0.9999989570753054	17.925544801120314	0.9930191972076788	21
k16_3d6c53d4	ATTCCGTACCATTCCA	18.28123883595055	0.9998506118125314	12.77941935767183	0.9947643979057592	34
k16_3dcf5b14	ATTCTATTCCGTACCA	18.278938745584405	1.0	18.300881810416247	0.9930191972076788	18
k16_53d4f90d	CCATTCCATTGCAATC	18.270811723776436	0.9999951993964955	17.236788144150577	1.0	680
k16_4f53d8f9	CATTCCATTCGATTGC	18.25646944395674	0.9996705282176639	11.655303048703585	1.0	74
k16_4f13d4f5	CATTACATTCCATTCC	18.25594602473095	0.9996838178163533	11.722493604434224	1.0	1748
k16_2f8f53d4	AGTTGATTCCATTCCA	18.24961474809959	0.9999929321409896	16.99226419737902	1.0	2295
k16_0560e83a	AACCCGAATGGAATGG	18.233301696675777	1.0	19.005950203044634	1.0	832
k16_51dbbe3d	CCACTCGTGTTGATTC	18.233145594583416	1.0	18.69665666885645	1.0	445
k16_34118ba0	ATCAACACGAGTGGAA	18.231703332925854	1.0	18.739082769127048	1.0	495
k16_0d0462e8	AATCAACACGAGTGGA	18.17864127333898	1.0	18.74278794747392	1.0	562
k16_0e83a060	AATGGAATGGAACGAA	18.172874880741514	0.9999954346201348	17.2079270367265	1.0	515
k16_4118ba0e	CAACACGAGTGGAATG	18.165022925342793	1.0	18.521308501646395	1.0	329
k16_1dbbe3d4	ACTCGTGTTGATTCCA	18.138100520127395	1.0	18.880963820011978	1.0	791
k16_3a0603a0	ATGGAACGAAATGGAA	18.108933107589177	0.9997198628059882	11.884903583777618	1.0	56
k16_4fdbd4f5	CATTTCGTTCCATTCC	18.103519426839547	1.0	18.14945852374739	1.0	38
k16_3d4fdbd4	ATTCCATTTCGTTCCA	18.095620401288873	0.9997181824278409	11.876273161056819	1.0	60
k16_3f6f53d4	ATTTCGTTCCATTCCA	18.09084621490678	0.999996055301517	17.097636578970228	1.0	43
k16_51dabe3d	CCACTCGGGTTGATTC	18.07774531518377	0.9999988136053702	18.558715493963767	1.0	1685
k16_3d4f53e4	ATTCCATTCCATTGCA	18.077147694730925	0.9991591915228242	10.316396154349999	1.0	12066
k16_2e43a0e8	AGTGCAATGGAATGGA	18.073018911418945	0.9999082580148018	13.492336302462325	1.0	2090
k16_43a0e834	CAATGGAATGGAATCA	18.063738997727942	0.9991463348331767	10.293799619862499	1.0	4914
k16_3d476ef8	ATTCCACTCGTGTTGA	18.058604907876887	1.0	18.534534179603487	1.0	459
k16_0d0562e8	AATCAACCCGAGTGGA	18.02669713816305	0.9999988557116093	18.610848756219855	1.0	1897
k16_3d476af8	ATTCCACTCGGGTTGA	18.015453447749	0.9999986807215991	18.512818978666612	1.0	1894
k16_34158ba0	ATCAACCCGAGTGGAA	18.00115910487546	0.9999988498791633	18.603514008492763	1.0	1936
k16_0462e83a	AACACGAGTGGAATGG	17.997886531204866	1.0	18.523300186639013	1.0	516
k16_0562e83a	AACCCGAGTGGAATGG	17.978036658596544	0.9999988812900069	18.64346335175247	1.0	2075
k16_3d4f53da	ATTCCATTCCATTCGG	17.94847127875373	0.9990753717242	10.177506068217067	1.0	2254
k16_4158ba0e	CAACCCGAGTGGAATG	17.94157201811753	0.9999986867266974	18.519400835787007	1.0	2070
k16_0d4f53e4	AATCCATTCCATTGCA	17.92697237279912	0.9999412051605834	14.081045345952374	1.0	436
k16_53dcf5b1	CCATTCTATTCCGTAC	17.926901493305166	0.9999041440780734	13.40239814816218	0.9930191972076788	369
k16_3d4f5bd6	ATTCCATTCCGTTCCG	17.87679267945397	0.9998072998539016	12.430295526033525	1.0	1817
k16_0a0e8341	AAGGAATGGAATCAAC	17.871570857756463	0.9995789603185828	11.307927976923317	1.0	1224
k16_560e83a0	CCCGAATGGAATGGAA	17.87120380419335	0.9999977361931552	18.152983961657778	1.0	2531
k16_c68320e8	TACGGAATAGAATGGA	17.865009052058348	0.999926695076751	13.789559937224604	0.9930191972076788	940
k16_0eb1a0c8	AATGGTACGGAATAGA	17.864710705051507	1.0	18.347688390761764	0.9930191972076788	467
k16_0e8180e8	AATGGAACGAAATGGA	17.825302115104538	0.9997256626548761	11.915094368971728	1.0	355
k16_1583a0e8	ACCCGAATGGAATGGA	17.796517836443517	0.9999643972239204	14.821561187069538	1.0	2597
k16_394f51da	ATGCCATTCCACTCGG	17.79311395848329	1.0	17.827104928874288	0.9965095986038395	28
k16_53f6f53d	CCATTTCGTTCCATTC	17.777761573537056	0.999804894968458	12.398300758770073	1.0	339
k16_353d4f93	ATCCATTCCATTGCAT	17.767691367985837	0.9999333895904395	13.901798809412945	1.0	431
k16_af8f53dc	GGTTGATTCCATTCTA	17.743057270609764	0.9999942044328362	16.664101385490316	1.0	91
k16_4f93d4f5	CATTGCATTCCATTCC	17.739389807732326	0.9995126150224133	11.103042367113687	1.0	13393
k16_0ec3a068	AATGTAATGGAACGGA	17.737612237602086	0.9999453115545038	14.140158076326195	0.9947643979057592	37
k16_83a0e818	GAATGGAATGGAACGA	17.721754423925784	0.9999966867010808	17.470783838864797	1.0	1072
k16_4f5bd4f1	CATTCCGTTCCATTAC	17.70329842637476	0.9999922276087772	16.373373002733455	1.0	38
k16_3a0e8180	ATGGAATGGAACGAAA	17.66673641848876	0.999993757042836	16.72467160777033	1.0	477
k16_53d4f6ac	CCATTCCATTCGGGTA	17.61160596617754	1.0	17.626271696386002	0.9930191972076788	12
k16_4f53d6f5	CATTCCATTCCGTTCC	17.598627734524605	0.9997688209068831	12.176385412884061	1.0	8142
k16_1a0683a0	ACGGAACGGAATGGAA	17.582125576765254	0.9998042666466962	12.407759237017501	1.0	2438
k16_d8ba0e80	TCGAGTGGAATGGAAA	17.57017790173676	0.9999925883398623	16.358851620649173	0.9965095986038395	34
k16_4f53f6f5	CATTCCATTTCGTTCC	17.53770583935878	1.0	18.150859804262968	1.0	622
k16_4f53e4f5	CATTCCATTGCATTCC	17.537080036915416	0.9999387963558017	14.089272805193628	1.0	16275
k16_62e83a02	CGAGTGGAATGGAAAG	17.535330580703825	0.9999930194296123	16.445303626532777	1.0	140
k16_53d4fdbd	CCATTCCATTTCGTTC	17.499325508346	0.9999597180261833	14.570812979798788	1.0	604
k16_3ec3a0e8	ATTGTAATGGAATGGA	17.478471483492594	0.9999444239342297	14.13353032379229	1.0	490
k16_2e83a4e8	AGTGGAATGGCATGGA	17.46991016990795	0.9998959884683248	13.304746448616694	1.0	2191
k16_6f53d4f5	CGTTCCATTCCATTCC	17.45023449309276	0.9995093348653921	11.092815527636054	1.0	10882
k16_0e83a3d0	AATGGAATGGATTCAA	17.449533506564375	0.9999973965811905	17.868243195918573	1.0	2566
k16_0e80a1e8	AATGGAAAGGACTGGA	17.438350374665124	0.9991961200355005	10.375770397499712	1.0	918
k16_158ba0e8	ACCCGAGTGGAATGGA	17.433035100423538	0.9999984050800479	18.13181559667975	1.0	2151
k16_0e81a0e4	AATGGAACGGAATGCA	17.419424172114155	0.9999246373769991	13.714551927657169	1.0	429
k16_f53d4f90	TTCCATTCCATTGCAA	17.41698780420702	0.9999483625908852	14.28705028430303	1.0	2327
k16_f53d4760	TTCCATTCCACTCGAA	17.412012324758177	0.9994342901835326	10.874561128274777	0.9947643979057592	86
k16_3a068390	ATGGAACGGAATGCAA	17.41187993001459	0.9999287256041709	13.789558114566917	1.0	422
k16_53d4f93d	CCATTCCATTGCATTC	17.40723548637403	0.9993340108945464	10.652684752418017	1.0	17677
k16_3d8ba0e8	ATTCGAGTGGAATGGA	17.367859355042604	1.0	17.474382092696644	0.9947643979057592	90
k16_3e4f5bd4	ATTGCATTCCGTTCCA	17.351428725849637	0.9999275001812495	13.763181072333435	1.0	429
k16_3d4f93d6	ATTCCATTGCATTCCG	17.345311700564018	0.9999725691541084	15.039311885527228	1.0	528
k16_53d4f91d	CCATTCCATTGCACTC	17.343068327753656	0.9998983155337628	13.344592088285877	1.0	3877
k16_53e4f5bd	CCATTGCATTCCGTTC	17.327582469403424	0.9999773100099546	15.266710703579266	1.0	514
k16_068390e8	AACGGAATGCAATGGA	17.32354152816967	0.9998638950754763	12.89839762124187	1.0	543
k16_3a0e41a0	ATGGAATGCAACGGAA	17.32232816813397	0.9995733231777197	11.277659082975866	1.0	217
k16_1a0e43a0	ACGGAATGCAATGGAA	17.315493311995837	0.9998628938914177	12.887661536382554	1.0	534
k16_283a0d05	AGGAATGGAATCAACC	17.312144936827416	0.99999938798055	18.230843559873023	1.0	1518
k16_3b0e81a0	ATGTAATGGAACGGAA	17.30965506442369	0.9999393710351183	14.002979669204175	0.9930191972076788	459
k16_51d8313d	CCACTCGAATACATTC	17.30430492288542	1.0	17.32261390900032	0.9930191972076788	15
k16_3a0ec3a2	ATGGAATGTAATGGAG	17.302763801859616	0.9998856191458805	13.171199694705575	1.0	2762
k16_53d4760c	CCATTCCACTCGAATA	17.30121386657247	1.0	17.321946588665778	0.9930191972076788	17
k16_180e83a0	ACGAAATGGAATGGAA	17.29963785786098	0.9999464955350912	14.197075418546499	1.0	969
k16_4f51d831	CATTCCACTCGAATAC	17.297073503636774	1.0	17.31659486672712	0.9930191972076788	16
k16_0e83a0f0	AATGGAATGGAATTAA	17.285133576638124	0.9997397141186528	12.004140622482177	1.0	6964
k16_bd6f53d4	GTTCCGTTCCATTCCA	17.256249816239844	0.9993824556396409	10.758631764917299	1.0	3624
k16_51debe3d	CCACTCTGGTTGATTC	17.24451579326053	1.0	17.518873785079943	1.0	246
k16_562e83a0	CCCGAGTGGAATGGAA	17.240163337676627	0.9999986391317661	18.229128404591137	1.0	2644
k16_83a0e808	GAATGGAATGGAAAGA	17.238384800086937	0.9998251866262576	12.561698780932748	1.0	1831
k16_4f5bd4f5	CATTCCGTTCCATTCC	17.22969527093163	0.9998258116090342	12.582173235736246	1.0	8640
k16_0d0522e8	AATCAACCAGAGTGGA	17.227986142575446	1.0	17.562030929876947	1.0	306
k16_4760c4f5	CACTCGAATACATTCC	17.21805099515656	1.0	17.326853822607532	0.9930191972076788	92
k16_4f53d4f5	CATTCCATTCCATTCC	17.21607582309421	0.9991882722407398	10.367755155578834	1.0	271103
k16_158ba0e9	ACCCGAGTGGAATGGC	17.209227460302944	1.0	17.783309677189862	0.9965095986038395	574
k16_562e83a4	CCCGAGTGGAATGGCA	17.200321459544902	1.0	17.777700376631746	0.9947643979057592	578
k16_583a0e80	CCGAATGGAATGGAAA	17.1969090053354	0.9999994202975845	17.441525745611838	1.0	365
k16_0681a0e8	AACGGAACGGAATGGA	17.19687491118532	0.9998080602101213	12.43600046041857	1.0	3637
k16_6afcf53d	CGGGTTTATTCCATTC	17.18457522659004	1.0	17.229323953869105	1.0	37
k16_af8353d4	GGTTGAATCCATTCCA	17.183275431847143	1.0	17.21125502588692	1.0	23
k16_7f53d4f1	CTTTCCATTCCATTAC	17.17951493191051	0.9996343272223829	11.50685962676629	1.0	1596
k16_53d6f5bd	CCATTCCGTTCCGTTC	17.175972094148968	0.9998013916128581	12.386976467122542	1.0	3639
k16_0603a0e8	AACGAAATGGAATGGA	17.174277977068428	0.999946915376523	14.207769675797278	1.0	1165
k16_4753d4f9	CACTCCATTCCATTGC	17.17087966780048	0.9998949429349123	13.288884977143443	1.0	2726
k16_3d6f53c4	ATTCCGTTCCATTACA	17.167430456369537	0.9999372566426289	13.954387895733774	0.9912739965095986	582
k16_0e830158	AATGGAATAAACCCGA	17.162751716648163	1.0	17.20630909131174	1.0	36
k16_3a0e8070	ATGGAATGGAAACTAA	17.161215162612514	0.9999539299497906	14.315861808473072	0.9982547993019197	136
k16_8353d4f9	GAATCCATTCCATTGC	17.145681797312697	0.9999972100335563	17.432320451590492	0.9982547993019197	1477
k16_4f5be4f5	CATTCCGTTGCATTCC	17.143814471704374	1.0	17.384260736490223	1.0	213
k16_53d6f93d	CCATTCCGTTGCATTC	17.140631343848874	0.9995770658049299	11.287534185361078	1.0	205
k16_0e41a0e8	AATGCAACGGAATGGA	17.13058107944171	0.9995765827569975	11.286667572779686	1.0	266
k16_3a0c0562	ATGGAATAAACCCGAG	17.11872144419794	1.0	17.16108648163451	1.0	35
k16_0ecf62e8	AATGTATTCGAGTGGA	17.118091480181057	0.9999944899482882	16.450502735770034	0.9930191972076788	194
k16_3d4f5be4	ATTCCATTCCGTTGCA	17.113620601158345	0.9995647342471908	11.246771321671076	1.0	239
k16_43a0d076	CAATGGAATCAACTCG	17.10395180552236	1.0	17.135541230297687	1.0	26
k16_5bd4f53d	CCGTTCCATTCCATTC	17.098905121405746	0.999155319258421	10.309369780127609	1.0	14423
k16_3b3d8ba0	ATGTATTCGAGTGGAA	17.09879319606055	0.9999930196942347	16.274260832706975	0.9930191972076788	194
k16_3d4760c4	ATTCCACTCGAATACA	17.08923494653593	0.9999943786275419	16.421646202124908	0.9930191972076788	194
k16_1dabf3d4	ACTCGGGTTTATTCCA	17.063912669291476	1.0	17.114603447203145	1.0	42
k16_390683a0	ATGCAACGGAATGGAA	17.062213179814183	0.999552002063672	11.205220506405432	1.0	253
k16_4f93d6f5	CATTGCATTCCGTTCC	17.053660783883135	1.0	17.835626407972942	1.0	845
k16_53d7f5bd	CCATTCCTTTCCGTTC	17.043730233516083	0.9994049718073452	10.799619419059287	1.0	184
k16_aa0e83a0	GGGGAATGGAATGGAA	17.038138695421683	0.9999654278135216	14.883996672293465	1.0	8911
k16_3d4f51da	ATTCCATTCCACTCGG	17.0340787455276	0.9999973074018178	17.770053495229735	1.0	3278
k16_4f5bd6f5	CATTCCGTTCCGTTCC	17.02568500056303	0.9998044865976886	12.4093691002182	1.0	4139
k16_5394f51d	CCATGCCATTCCACTC	17.021853488371217	0.9999876812921832	16.18334234223615	1.0	3324
k16_3a0e8083	ATGGAATGGAAAGAAT	17.01892971539604	0.9999479382899619	14.247694126834835	1.0	1870
k16_0f53d6f5	AATTCCATTCCGTTCC	17.016638125910042	0.9997772268976569	12.185411231818147	1.0	69
k16_476afcf5	CACTCGGGTTTATTCC	17.0148726377785	1.0	17.0620011229492	1.0	39
k16_3d7f5bd4	ATTCCTTTCCGTTCCA	17.01352123675694	0.9997042932100572	11.790035906309422	1.0	124
k16_522e83a0	CCAGAGTGGAATGGAA	17.009082599397892	1.0	17.657145908778762	1.0	666
k16_3d477af8	ATTCCACTCTGGTTGA	17.0080181539284	1.0	17.66934612243456	1.0	683
k16_4753c4f5	CACTCCATTACATTCC	16.993083358662417	1.0	17.994634953822903	1.0	1177
k16_4f5fd4f5	CATTCCTTTCCATTCC	16.988676367625754	0.9997390724299295	12.00243326068122	1.0	14038
k16_3d4f6af8	ATTCCATTCGGGTTGA	16.987960700627845	0.9999993969397103	17.38453626439872	1.0	536
k16_b14f53d4	GTACCATTCCATTCCA	16.987349426134884	0.999264712852516	10.504793731239031	0.9947643979057592	2089
k16_3d6f5bd4	ATTCCGTTCCGTTCCA	16.98702487562234	0.9999331683774098	13.908958478519049	1.0	2115
k16_0e834148	AATGGAATCAACCAGA	16.98188544882473	1.0	17.78653238878295	1.0	877
k16_2a83a0e8	AGGGGAATGGAATGGA	16.979718448582403	0.9999645979088835	14.850616456035953	1.0	9316
k16_0683a0f8	AACGGAATGGAATTGA	16.971771174574084	0.9999079751752482	13.390381897812386	1.0	61
k16_148ba0e8	ACCAGAGTGGAATGGA	16.96712591661384	1.0	17.656909233036806	1.0	720
k16_0287a0e8	AAAGGACTGGAATGGA	16.96624808028724	0.99920571409651	10.392836568347102	0.9982547993019197	1638
k16_53d4fb1d	CCATTCCATTGTACTC	16.959840892993814	1.0	17.393650508757304	0.9930191972076788	412
k16_43d4f5bd	CAATTCCATTCCGTTC	16.92715308572302	0.9998886011817046	13.13104607263607	1.0	52
k16_2dabe3d4	AGTCGGGTTGATTCCA	16.92658842392541	1.0	16.99026619954535	1.0	53
k16_3a0680a0	ATGGAACGGAAAGGAA	16.91311194143509	0.9997754068105827	12.187263607982624	1.0	673
k16_0283a0d0	AAAGGAATGGAATCAA	16.911576278875874	0.999370379566352	10.729746526724137	1.0	3654
k16_b90e83a0	GTGCAATGGAATGGAA	16.910097714021294	0.9999186465872966	13.609473852124408	1.0	1087
k16_4f5394f5	CATTCCATGCCATTCC	16.902528317003274	0.9998691667956081	12.971418811300225	1.0	2489
k16_3a0d0561	ATGGAATCAACCCGAC	16.893805543545945	1.0	16.962177027870194	1.0	57
k16_6f5bd4f5	CGTTCCGTTCCATTCC	16.891990939699028	0.9998116333427547	12.463115775320055	1.0	4882
k16_0e839068	AATGGAATGCAACGGA	16.88950618172648	0.9992896685157655	10.549645680377553	1.0	766
k16_0e8f4158	AATGGATTCAACCCGA	16.88476782221536	1.0	16.909128530541686	0.9982547993019197	20
k16_4b6af8f5	CAGTCGGGTTGATTCC	16.882378146205493	1.0	16.947230781401746	1.0	54
k16_2a0ecf62	AGGGAATGTATTCGAG	16.868116463162828	1.0	17.284543696349775	0.9930191972076788	393
k16_4f53d4f9	CATTCCATTCCATTGC	16.858237083395903	0.9997874861467816	12.296316216187558	1.0	11223
k16_341d8fa0	ATCAACTCGATTGGAA	16.85759658989483	1.0	16.87590557600973	0.9965095986038395	15
k16_ba0e93a0	GTGGAATGGCATGGAA	16.847517983007833	0.9998053007487295	12.400114164493772	1.0	1593
k16_52d7f53d	CCAGTCCTTTCCATTC	16.843946593906757	1.0	18.2439564490042	1.0	1925
k16_6af8353d	CGGGTTGAATCCATTC	16.843811573132708	1.0	16.86817228145903	1.0	20
k16_f41583a0	TTCAACCCGAATGGAA	16.841648550245093	1.0	16.842876404738977	0.9947643979057592	1
k16_4b5fd4f5	CAGTCCTTTCCATTCC	16.841532972204355	1.0	18.25497854648843	1.0	1954
k16_1d4f53e4	ACTCCATTCCATTGCA	16.83953511463498	0.9998972717822997	13.322540339761911	1.0	4078
k16_20e83415	AGAATGGAATCAACCC	16.835794337349196	1.0	17.771442870402634	1.0	1072
k16_4148ba0e	CAACCAGAGTGGAATG	16.83377444577443	1.0	17.63137170395174	1.0	867
k16_3d4f53d5	ATTCCATTCCATTCCC	16.829143160431858	0.9996148562510488	11.441552737080958	1.0	15213
k16_5be4f53d	CCGTTGCATTCCATTC	16.823074799797627	0.9995565084127344	11.222835298999767	1.0	822
k16_50d8be3d	CCAATCGAGTTGATTC	16.81764744029413	1.0	16.833528611686944	0.9965095986038395	13
k16_3d4362f8	ATTCCAATCGAGTTGA	16.81398073595098	1.0	16.824993986595587	0.9773123909249564	9
k16_a0e83414	GGAATGGAATCAACCA	16.81064500398312	0.9999989388845236	17.43691349045763	1.0	1024
k16_1d4f13d4	ACTCCATTACATTCCA	16.80855347268104	0.9997309447314808	11.936877834645296	1.0	1178
k16_3a0681a0	ATGGAACGGAACGGAA	16.796278877767236	0.9998049319875437	12.413282575995762	1.0	5383
k16_0e83a01c	AATGGAATGGAAACTA	16.788555371622905	1.0	18.421460610912053	1.0	2468
k16_4f53c436	CATTCCATTACAATCG	16.787976368360642	0.9999146968415018	13.46949689459178	0.9633507853403142	20
k16_1d8fa0e8	ACTCGATTGGAATGGA	16.787126958386548	1.0	16.85315349718995	0.9982547993019197	55
k16_1d8313d5	ACTCGAATACATTCCC	16.78690651020423	1.0	17.272518498447067	0.9930191972076788	470
k16_af4f53d4	GGTTCATTCCATTCCA	16.77803332292887	1.0	16.865028409848744	1.0	73
k16_3d0560e8	ATTCAACCCGAATGGA	16.773362838539164	1.0	16.77581750340833	0.9947643979057592	2
k16_0e81a068	AATGGAACGGAACGGA	16.764911032305786	0.9998064297064452	12.424404376725509	1.0	5579
k16_763e83a0	CTCGATTGGAATGGAA	16.761638630974854	0.9999990177039222	16.680684811111426	0.9982547993019197	54
k16_53d4b5fd	CCATTCCAGTCCTTTC	16.74556960983026	0.9997392206811964	11.987276087747995	0.9982547993019197	2058
k16_4f53d7f5	CATTCCATTCCTTTCC	16.74238502239366	0.9995922337509487	11.358900645114092	1.0	13620
k16_3a0287a0	ATGGAAAGGACTGGAA	16.722496236611903	0.9991901584275273	10.365102213275883	1.0	2237
k16_34148ba0	ATCAACCAGAGTGGAA	16.72012770646629	1.0	17.695678207548266	1.0	1135
k16_3d6f93d4	ATTCCGTTGCATTCCA	16.7127530639116	0.9995094038785397	11.076226508113466	1.0	677
k16_7af8f53d	CTGGTTGATTCCATTC	16.699760205833734	0.9999994819589618	17.603771162671727	1.0	1257
k16_5bd6f53d	CCGTTCCGTTCCATTC	16.69952450905363	0.9998076130022155	12.432852214143322	1.0	5713
k16_a0e8f415	GGAATGGATTCAACCC	16.692263383501782	1.0	17.26138638199965	1.0	568
k16_f53d4f10	TTCCATTCCATTACAA	16.67628342353708	0.9997500062388985	12.044165102585293	1.0	1749
k16_4f6af835	CATTCGGGTTGAATCC	16.670363410629125	1.0	16.671591265123006	0.9947643979057592	1
k16_53dabe0d	CCATTCGGGTTGAATC	16.65735939147874	1.0	16.65858724597262	0.9947643979057592	1
k16_3dabe0d4	ATTCGGGTTGAATCCA	16.656708094416228	1.0	16.657935948910108	0.9930191972076788	1
k16_3a3d0560	ATGGATTCAACCCGAA	16.647554118838613	1.0	16.648781973332497	0.9930191972076788	1
k16_4f53d6f9	CATTCCATTCCGTTGC	16.64476898500613	0.9999957061242833	16.571377301440776	1.0	654
k16_3d4b5fd4	ATTCCAGTCCTTTCCA	16.64061793564286	0.9991821853252213	10.350970041719696	1.0	2409
k16_43a0e8ba	CAATGGAATGGAGTGG	16.63600316596356	0.9997933758367077	12.326163287550141	1.0	4030
k16_3d4f53f6	ATTCCATTCCATTTCG	16.625304649672902	0.9998312886677315	12.605147618832797	1.0	2339
k16_5fd6f53d	CCTTTCCGTTCCATTC	16.625130747212314	0.9999748311137772	15.088771084059228	1.0	1039
k16_1f83a0e8	ACTTGAATGGAATGGA	16.614078733394216	0.9998041202322162	12.393677009952674	1.0	2346
k16_477af8f5	CACTCTGGTTGATTCC	16.59216680985026	1.0	17.637824836605272	1.0	1250
k16_76af8f50	CTCGGGTTGATTCCAA	16.56572170030233	1.0	16.58645442239564	0.9947643979057592	17
k16_7f53d4f5	CTTTCCATTCCATTCC	16.561179490880416	0.9992539978973732	10.48816310612524	1.0	14986
k16_3e834158	ATTGGAATCAACCCGA	16.56067801517803	1.0	16.715445698338442	1.0	133
k16_0e81a028	AATGGAACGGAAAGGA	16.55531336676464	0.9999401399794616	14.004196593132077	1.0	1221
k16_4c53d4f5	CATACCATTCCATTCC	16.52677291226228	0.9998463467895483	12.736642789508373	1.0	2531
k16_0d0763e8	AATCAACTCGATTGGA	16.52470195923871	1.0	16.878105933594508	0.9965095986038395	326
k16_4f52d7f5	CATTCCAGTCCTTTCC	16.515517814099976	1.0	18.239737306576966	1.0	2706
k16_3d6f53d6	ATTCCGTTCCATTCCG	16.512415009181353	0.999342015479695	10.654332386182123	1.0	590
k16_a0e83411	GGAATGGAATCAACAC	16.50745349741381	0.9999532725232787	14.34717787502087	1.0	1659
k16_2d7f53d4	AGTCCTTTCCATTCCA	16.464129856082206	1.0	18.28539260626832	1.0	2976
k16_3a0e8071	ATGGAATGGAAACTAC	16.460463806208804	1.0	17.50909404549851	0.9947643979057592	1255
k16_2c43a0e8	AGTACAATGGAATGGA	16.40363720124084	1.0	17.426504049036957	0.9947643979057592	1212
k16_462e83a0	CACGAGTGGAATGGAA	16.40033475749794	1.0	16.934257541317617	1.0	526
k16_3583a0e8	ATCCGAATGGAATGGA	16.397215769751543	1.0	16.410665033927753	1.0	11
k16_118ba0e8	ACACGAGTGGAATGGA	16.390525482774823	1.0	16.92952975734862	1.0	532
k16_20e83a06	AGAATGGAATGGAACG	16.381178337002414	0.9999818187758819	15.665119796355624	1.0	4787
k16_18ba0e83	ACGAGTGGAATGGAAT	16.377533538900025	0.9994685008325368	10.95708406384125	1.0	632
k16_4f57d4f5	CATTCCCTTCCATTCC	16.360550664571726	0.9999508131347318	14.35152571920037	1.0	5758
k16_5f53d476	CCTTCCATTCCACTCG	16.345145617223036	0.9999959851450366	15.980840151677635	1.0	29
k16_a0e83015	GGAATGGAATAAACCC	16.33354674893209	0.9999294293035995	13.757933188703268	1.0	1034
k16_4f5fd6f5	CATTCCTTTCCGTTCC	16.327011572192646	0.9997964882181997	12.316758791082961	1.0	1061
k16_bd6f5bd4	GTTCCGTTCCGTTCCA	16.317855633275528	0.9996206183703278	11.450328802490269	1.0	2601
k16_0522e83a	AACCAGAGTGGAATGG	16.30612867492829	1.0	17.621798843647476	1.0	1749
k16_3cbf53d4	ATTAGTTTCCATTCCA	16.277839134215473	0.9999531757484431	14.292434100541549	0.9982547993019197	1204
k16_4753d4b5	CACTCCATTCCAGTCC	16.27646876646022	0.9999306991836364	13.775577579805068	1.0	1019
k16_6f53d6f5	CGTTCCATTCCGTTCC	16.27327899593902	0.9998902719855542	13.167608293922713	1.0	1124
k16_4f50d4f5	CATTCCAATCCATTCC	16.272007173850596	0.9992254064251912	10.430089962747807	1.0	4375
k16_3d476838	ATTCCACTCGGAATGA	16.266157820355893	1.0	16.319218582800126	0.9947643979057592	44
k16_1a0e81a0	ACGGAATGGAACGGAA	16.255351168546692	0.9994086209597028	10.80835707288398	1.0	1166
k16_5bd4f5bd	CCGTTCCATTCCGTTC	16.253492451564753	0.9998824677340666	13.073868361120667	1.0	1147
k16_3a0e80a1	ATGGAATGGAAAGGAC	16.24293559000433	1.0	18.286368659784372	1.0	3667
k16_58ba0e82	CCGAGTGGAATGGAAG	16.219688374909346	1.0	16.250075526084334	1.0	25
k16_41a0e83a	CAACGGAATGGAATGG	16.202651023345105	0.9996979389652353	11.763211698262978	1.0	1332
k16_4f53d4e5	CATTCCATTCCATGCC	16.19602850719413	0.9997737082914496	12.192435995863109	1.0	4412
k16_3d4f6bf8	ATTCCATTCGGTTTGA	16.189697586237823	1.0	16.201929357804122	0.9895287958115183	10
k16_341d8ba0	ATCAACTCGAGTGGAA	16.184223259312382	0.9999988556244342	16.46035586995272	1.0	399
k16_0d0762e8	AATCAACTCGAGTGGA	16.178763867773686	0.9999988527439496	16.456729086270464	1.0	401
k16_7f5bd4f5	CTTTCCGTTCCATTCC	16.16720087599544	0.9996964716950786	11.760941956851967	1.0	1838
k16_4f13d6f5	CATTACATTCCGTTCC	16.15855260664003	0.9999847314257795	15.145056138639962	1.0	26
k16_0e81a0ec	AATGGAACGGAATGTA	16.14215556199143	0.9999230456677789	13.519202650955597	0.9982547993019197	30
k16_3a0683b0	ATGGAACGGAATGTAA	16.129879527795186	0.9999212770747821	13.486419263174692	0.9965095986038395	13
k16_3c4f5bd4	ATTACATTCCGTTCCA	16.09527909390753	0.9999195695361575	13.455459020984568	0.9982547993019197	16
k16_1debe3d4	ACTCTGGTTGATTCCA	16.079991827141004	0.9999984049824097	17.312608986063516	1.0	2466
k16_7f93d4f5	CTTTGCATTCCATTCC	16.07990130065753	0.9999699464025277	14.888707566728105	1.0	2239
k16_d60e83a0	TCCGAATGGAATGGAA	16.057672110757746	0.9997476972572003	11.987204500469062	1.0	360
k16_6afbf53d	CGGGTTGTTTCCATTC	16.04140156655474	1.0	16.136469486837015	1.0	80
k16_34f58ba0	ATCATTCCGAGTGGAA	16.027684178044073	1.0	16.30913422143799	0.9947643979057592	253
k16_43583a0e	CAATCCGAATGGAATG	16.02713386967547	1.0	16.02958853454464	1.0	2
k16_0683a068	AACGGAATGGAACGGA	16.017075957942502	0.9994166786535469	10.828140266839643	1.0	1621
k16_3a0d0522	ATGGAATCAACCAGAG	16.01175755116672	1.0	17.69831127186996	1.0	2606
k16_a0e83815	GGAATGGAATGAACCC	16.002844335113043	1.0	16.85929366064178	1.0	952
k16_e83a0680	TGGAATGGAACGGAAA	15.986697989197914	0.9996314865638062	11.485594122506406	1.0	2231
k16_3d4762f8	ATTCCACTCGAGTTGA	15.971703801191035	0.9999985373509378	16.106336371294585	1.0	252
k16_6f93d4f5	CGTTGCATTCCATTCC	15.960542873917793	0.9999993576794243	17.293545432033252	1.0	2099
k16_2fd4f53d	AGTTTCCATTCCATTC	15.956300962404498	0.9998960216642306	13.291376262634417	1.0	5254
k16_1dafe3d4	ACTCGGTTTGATTCCA	15.95069444284948	0.9999664630976696	14.41016422081435	1.0	88
k16_41d8ba0e	CAACTCGAGTGGAATG	15.950412784177955	1.0	16.244941994318598	1.0	266
k16_4f9fe4f5	CATTGCTTTGCATTCC	15.947054314619901	1.0	16.885269382051895	0.9965095986038395	1076
k16_d62e83a0	TCCGAGTGGAATGGAA	15.937232024069306	1.0	16.095306184168177	1.0	136
k16_390e8341	ATGCAATGGAATCAAC	15.935817155117778	0.9999594197017349	14.356289903170337	1.0	723
k16_0160e83a	AAACCGAATGGAATGG	15.92078652936818	1.0	16.264543382003154	0.9895287958115183	316
k16_0d60e83a	AATCCGAATGGAATGG	15.920340895792794	1.0	16.37312205586846	1.0	433
k16_afbf53d4	GGTTGTTTCCATTCCA	15.905705306856179	1.0	16.740279375427267	1.0	920
k16_0d3d62e8	AATCATTCCGAGTGGA	15.893197592866375	1.0	16.308704136512134	0.9947643979057592	392
k16_b10e83a0	GTACAATGGAATGGAA	15.889210472009658	1.0	17.385541572572645	0.9930191972076788	2139
k16_5fd4f51d	CCTTTCCATTCCACTC	15.884411068047976	0.9997210919843208	11.887721421042631	1.0	3672
k16_4f5fd476	CATTCCTTTCCACTCG	15.88212607361813	0.9993227593890176	10.600281173182736	1.0	339
k16_40583a0e	CAAACCGAATGGAATG	15.882004217475211	1.0	16.22285430930058	0.987783595113438	313
k16_3d4f13d6	ATTCCATTACATTCCG	15.881308213335862	0.9999648143587047	14.316846128311589	0.9965095986038395	25
k16_0e82a0ec	AATGGAAGGGAATGTA	15.875993280325975	0.9999838242086893	14.986122935438546	1.0	66
k16_43a0d056	CAATGGAATCAACCCG	15.874084200244695	1.0	15.974890897909342	1.0	85
k16_4f7f53d4	CATTCTTTCCATTCCA	15.868294267508126	0.999996520980805	17.203207170664264	1.0	4624
k16_51d8be3d	CCACTCGAGTTGATTC	15.867995508737778	0.9999985697142718	16.13861628686505	1.0	393
k16_1d8be3d4	ACTCGAGTTGATTCCA	15.866695100212905	0.999990088029313	15.69271564057767	1.0	863
k16_0583a0e8	AACCGAATGGAATGGA	15.864428861626712	0.9993962519896241	10.768610317916961	1.0	708
k16_2e83a0a8	AGTGGAATGGAAGGGA	15.861177123135015	0.9999986683138146	17.572926442810783	1.0	3900
k16_0e83a020	AATGGAATGGAAAGAA	15.855878064150525	0.99982528437156	12.562968763547175	1.0	6834
k16_3d4f68f8	ATTCCATTCGGATTGA	15.849986030743773	1.0	15.852440695612941	1.0	2
k16_41d83a0e	CAACTCGAATGGAATG	15.842958743582024	0.999976850467524	14.666133325140208	0.987783595113438	8
k16_0d0562ec	AATCAACCCGAGTGTA	15.84270828148565	1.0	15.864651346317489	1.0	18
k16_83a0e439	GAATGGAATGCAATGC	15.833449019094534	0.999004792650226	10.058394758753183	1.0	877
k16_476bf8f5	CACTCGGTTTGATTCC	15.814679206990412	0.9999652378826577	14.334317306904204	1.0	97
k16_8f8f53d4	GATTGATTCCATTCCA	15.807738161141376	0.9999979633421962	16.496296312766177	1.0	1121
k16_0d0462e4	AATCAACACGAGTGCA	15.797911014823798	1.0	15.90329235482648	0.9947643979057592	89
k16_53e7f93d	CCATTGCTTTGCATTC	15.784444585814915	1.0	16.89468635252244	0.9965095986038395	1361
k16_0683b0e8	AACGGAATGTAATGGA	15.7826882021073	0.9999623877819679	14.220629663200125	1.0	27
k16_3a0d0762	ATGGAATCAACTCGAG	15.77217652916884	0.9999899730051015	15.67607016878931	1.0	976
k16_0f53d4f1	AATTCCATTCCATTAC	15.766725261317156	0.999892853142244	13.190967850579245	1.0	1788
k16_4762f8f5	CACTCGAGTTGATTCC	15.766633408036215	0.9999893813704404	15.593361855474528	1.0	864
k16_34158bb0	ATCAACCCGAGTGTAA	15.763031218862015	1.0	15.786183611871703	1.0	19
k16_5314f53d	CCATACCATTCCATTC	15.75843774591727	0.9995112270308306	11.089519217820511	1.0	5137
k16_3a0d0162	ATGGAATCAAACCGAG	15.753363619957575	0.9999610226867451	14.193274600970682	1.0	71
k16_4f53c4f5	CATTCCATTACATTCC	15.746018373652399	0.9990497974032321	10.135767247837231	1.0	6367
k16_3c476af8	ATTACACTCGGGTTGA	15.738669362306707	1.0	15.765443669459243	1.0	22
k16_36af8f53	ATCGGGTTGATTCCAT	15.736606421223664	1.0	15.786110745285477	1.0	41
k16_8be3d4f9	GAGTTGATTCCATTGC	15.733249662664225	1.0	17.12157571609213	1.0	1900
k16_1da0e3d4	ACTCGGAATGATTCCA	15.72792151196986	1.0	15.730376176839027	0.9930191972076788	2
k16_0d0d60e8	AATCAATCCGAATGGA	15.727042676800425	1.0	15.729497341669592	0.9738219895287958	2
k16_4f51da0e	CATTCCACTCGGAATG	15.724637664545364	1.0	15.738086928721573	0.9947643979057592	11
k16_0158ba0e	AAACCCGAGTGGAATG	15.724206513968147	1.0	15.796088285543501	1.0	60
k16_834118b9	GAATCAACACGAGTGC	15.723716372635623	1.0	15.885089448965461	0.9947643979057592	139
k16_0e834f58	AATGGAATCATTCCGA	15.72358578609378	1.0	15.726040450962948	0.9930191972076788	2
k16_d4f51da0	TCCATTCCACTCGGAA	15.718543782392315	1.0	15.731993046568524	0.9947643979057592	11
k16_1a0ec3a0	ACGGAATGTAATGGAA	15.716627903057427	0.9999543327811752	14.00730679754574	1.0	25
k16_7a0e8ba0	CTGGAATGGAGTGGAA	15.70774297396092	0.9999939457692278	16.31462500072104	0.9982547993019197	2136
k16_0e83a0e5	AATGGAATGGAATGCC	15.700190073615397	0.9999799838154851	14.969459629367204	0.9982547993019197	587
k16_0562ec3a	AACCCGAGTGTAATGG	15.693119289638236	1.0	15.706568553814446	1.0	11
k16_4f53d435	CATTCCATTCCAATCC	15.691399271287237	0.9998615929866672	12.902322130276263	1.0	12133
k16_4158bb0e	CAACCCGAGTGTAATG	15.691210222347763	1.0	15.70951920846266	0.9982547993019197	15
k16_3d476afc	ATTCCACTCGGGTTTA	15.689586833188763	1.0	15.750912015511744	1.0	51
k16_0dabe3d4	AATCGGGTTGATTCCA	15.689380900105592	1.0	15.876877211671639	1.0	163
k16_ba0e82a0	GTGGAATGGAAGGGAA	15.687738220209054	0.9999986560476511	17.559698638445834	1.0	4496
k16_6838f53d	CGGAATGATTCCATTC	15.686402786349246	0.9999956811477781	15.411863089123887	0.9930191972076788	3
k16_53da3e3d	CCATTCGGATTGATTC	15.678133090864451	1.0	15.679360945358333	0.9738219895287958	1
k16_1e83a2e8	ACTGGAATGGAGTGGA	15.675921860361159	0.9999241402750436	13.6612514672185	1.0	2269
k16_4f53c4f1	CATTCCATTACATTAC	15.659860733098983	0.9999681544889433	14.484825006829782	1.0	452
k16_53d4f10d	CCATTCCATTACAATC	15.638775591346368	0.9999189560789066	13.543397597969868	0.9982547993019197	1614
k16_1a0681a0	ACGGAACGGAACGGAA	15.632879777169542	0.9997812907652844	12.245194030842452	1.0	9356
k16_4753d6f5	CACTCCATTCCGTTCC	15.632414174689572	0.999373659172591	10.719249918689064	1.0	1302
k16_3a0e8041	ATGGAATGGAAACAAC	15.624808605347617	0.9999847382693519	15.521929858620712	1.0	2129
k16_3a0d3d62	ATGGAATCATTCCGAG	15.614921534507436	1.0	15.617376199376604	0.9930191972076788	2
k16_4353d4f5	CAATCCATTCCATTCC	15.612114260012687	0.9995004198566331	11.060209183744925	1.0	7518
k16_51da0e3d	CCACTCGGAATGATTC	15.609746369890322	1.0	15.6183194867977	0.9947643979057592	7
k16_476838f5	CACTCGGAATGATTCC	15.609166586875585	1.0	15.611621251744753	0.9930191972076788	2
k16_4f53f4f5	CATTCCATTTCATTCC	15.607527408961689	0.9990308077323063	10.108743403954982	1.0	11108
k16_bf8f53d4	GTTTGATTCCATTCCA	15.606704542549284	0.9992882916275385	10.535281164037816	1.0	1093
k16_57d4f51d	CCCTTCCATTCCACTC	15.594866305363794	0.9999986086446762	17.509689854656397	1.0	4667
k16_0681a068	AACGGAACGGAACGGA	15.582146226113386	0.9997940359123041	12.33183356695818	1.0	10408
k16_53dfd4f5	CCATTCTTTCCATTCC	15.58196774737628	0.9996610872076733	11.61329641231649	1.0	5945
k16_ba0e80a0	GTGGAATGGAAAGGAA	15.572147961930375	0.9997224551005043	11.895486838149491	1.0	5071
k16_0c834158	AATAGAATCAACCCGA	15.56810106745077	1.0	15.734955629519048	1.0	144
k16_4f5314f5	CATTCCATACCATTCC	15.551993041963861	0.9998078126232706	12.415173175274477	1.0	4909
k16_53d7f51d	CCATTCCTTTCCACTC	15.548292563179812	0.9992393297661215	10.44381042234399	1.0	1608
k16_0e804158	AATGGAAACAACCCGA	15.541609864297255	1.0	16.16914717064294	1.0	640
k16_6f5bd6f5	CGTTCCGTTCCGTTCC	15.54046097749691	0.9997846155288503	12.267298680167286	1.0	10226
k16_4af8f53d	CAGGTTGATTCCATTC	15.536065477028194	0.9998931933798311	13.182385917847519	1.0	1890
k16_0dbbe3d4	AATCGTGTTGATTCCA	15.533942583612875	1.0	15.567933554003874	0.9947643979057592	28
k16_53d6f5fd	CCATTCCGTTCCTTTC	15.522958986020921	0.9999571445649158	14.03234878843369	1.0	88
k16_a0e83405	GGAATGGAATCAAACC	15.517802113037312	0.9999743059061729	14.794483246729483	1.0	1050
k16_0762e83a	AACTCGAGTGGAATGG	15.507118660830503	1.0	16.1900318875208	1.0	711
k16_436af8f5	CAATCGGGTTGATTCC	15.506136338240545	1.0	15.569814113860485	1.0	53
k16_0e835158	AATGGAATCCACCCGA	15.493884223149765	1.0	15.527875193540764	1.0	28
k16_8353e4f5	GAATCCATTGCATTCC	15.485539014519263	0.9993592878278965	10.67209714086166	0.9965095986038395	462
k16_5bd6f5bd	CCGTTCCGTTCCGTTC	15.481620100963921	0.9997920969204624	12.318312477183033	1.0	11128
k16_3c4f57d4	ATTACATTCCCTTCCA	15.462124590683551	0.9999884133008685	15.2709055194891	0.9947643979057592	620
k16_158ba0e4	ACCCGAGTGGAATGCA	15.462098564971628	1.0	15.801978433606592	1.0	312
k16_93a0e839	GCATGGAATGGAATGC	15.457308470616365	0.9999455674592375	13.75398873890716	1.0	30
k16_6af8f73d	CGGGTTGATTCTATTC	15.451216496502798	1.0	15.616976426299425	1.0	143
k16_0562e839	AACCCGAGTGGAATGC	15.447506644954728	1.0	15.75201668078253	1.0	276
k16_11dabe3d	ACACTCGGGTTGATTC	15.446756043299086	1.0	15.850239845898049	1.0	379
k16_341583a0	ATCAACCCGAATGGAA	15.442156049760666	0.9999982606033619	15.856336179408535	1.0	557
k16_0d0560e8	AATCAACCCGAATGGA	15.415329892740216	0.9999982471915627	15.845254946327778	1.0	576
k16_6ae8f53d	CGGGTGGATTCCATTC	15.41034691867442	1.0	15.446735443651892	1.0	30
k16_0e0390e8	AATGAAATGCAATGGA	15.401269951537035	0.999773993598389	12.165136526200342	1.0	2622
k16_3a0e88a0	ATGGAATGGAGAGGAA	15.363585715553759	0.9991930782306467	10.367032666812863	1.0	4516
k16_53c4f5bd	CCATTACATTCCGTTC	15.357954011508017	0.9999690729939198	14.380922352314043	0.9965095986038395	374
k16_4f53d4c5	CATTCCATTCCATACC	15.357041817288147	0.9997219204366424	11.890882196073626	1.0	5487
k16_4fd3d4f5	CATTTCATTCCATTCC	15.351219002593734	0.9990115707579398	10.080996634172742	1.0	17000
k16_a0e80415	GGAATGGAAACAACCC	15.338808494768452	1.0	16.159540152986928	1.0	900
k16_4f53c476	CATTCCATTACACTCG	15.337387982705174	0.9997986469072165	12.21966687667658	1.0	112
k16_3d83a0e8	ATTCGAATGGAATGGA	15.332678314227365	0.9997334546574203	11.899300408054543	1.0	946
k16_d4f53da8	TCCATTCCATTCGGGA	15.321922856275906	1.0	15.325603289176007	0.9930191972076788	3
k16_53d7f93d	CCATTCCTTTGCATTC	15.313017561621999	0.9992452549731162	10.450064409051118	1.0	1394
k16_4f93f4f5	CATTGCATTTCATTCC	15.312833529981864	0.999468243843591	10.957047680672465	1.0	2720
k16_3d4f93e4	ATTCCATTGCATTGCA	15.308081022878234	0.9997665083560201	12.095873178756735	1.0	1486
k16_51d2be3d	CCACTCAGGTTGATTC	15.306932586931024	1.0	15.679439407918192	1.0	346
k16_3e7f93d4	ATTGCTTTGCATTCCA	15.299151230995527	0.9999990456157496	16.722272201921786	0.9965095986038395	2310
k16_83a0d054	GAATGGAATCAACCCA	15.291790535417471	0.9999877421687781	15.296937678149972	1.0	1007
k16_0a83a0d0	AAGGGAATGGAATCAA	15.285840583023388	0.9997229228091364	11.851364522078882	1.0	1187
k16_0d05e2e8	AATCAACCTGAGTGGA	15.285008325204439	1.0	15.666029590879036	1.0	355
k16_3d4f11da	ATTCCATTACACTCGG	15.283392102915005	1.0	15.33289642697682	1.0	41
k16_73d4c53d	CTATTCCATACCATTC	15.28331419595613	0.9999678381616293	14.19176299812398	1.0	80
k16_0760e83a	AACTCGAATGGAATGG	15.282763070279275	0.9998417592108585	12.582752146346305	0.9982547993019197	717
k16_2e83a028	AGTGGAATGGAAAGGA	15.273441673949927	0.9997317845523229	11.944828964123346	1.0	6775
k16_3a3e43a0	ATGGATTGCAATGGAA	15.254981133524481	0.9998518344206072	12.635725130404136	1.0	399
k16_3e8390e8	ATTGGAATGCAATGGA	15.252118388473555	0.9991493205270708	10.269444335288329	1.0	589
k16_3560e83a	ATCCCGAATGGAATGG	15.250393167395004	1.0	15.251621021888885	0.9930191972076788	1
k16_3d62e83a	ATTCCGAGTGGAATGG	15.234268438809533	1.0	15.72513464549702	0.9947643979057592	476
k16_762e80a0	CTCGAGTGGAAAGGAA	15.228635233464944	0.9999973473393814	15.247493244756873	0.9982547993019197	142
k16_0562e03a	AACCCGAGTGAAATGG	15.220295136970664	1.0	15.310755542453085	1.0	76
k16_4d583a0e	CATCCCGAATGGAATG	15.214459932059048	1.0	15.220588781062359	0.9930191972076788	5
k16_0e4090e8	AATGCAAAGCAATGGA	15.213988953564725	0.9999972204129169	16.51131401991756	0.9965095986038395	2633
k16_0c0562e8	AATAAACCCGAGTGGA	15.211349639961108	1.0	15.73590961571835	1.0	515
k16_51dabf3d	CCACTCGGGTTTATTC	15.211302277427977	1.0	15.725578500443973	1.0	503
k16_51d4f5bd	CCACTCCATTCCGTTC	15.21026648057884	0.999377774445914	10.728492647521078	1.0	2126
k16_0762e80a	AACTCGAGTGGAAAGG	15.209981666521625	0.999997306680241	15.225548287791785	0.9982547993019197	139
k16_83a02831	GAATGGAAAGGAATAC	15.205893454585237	0.999989287576207	15.580674494591586	0.9808027923211169	1806
k16_4f5dd4f5	CATTCCTCTCCATTCC	15.200021400087369	0.9992169314380581	10.410219636923504	1.0	5298
k16_30158ba0	ATAAACCCGAGTGGAA	15.19700154003572	1.0	15.719852639510467	1.0	513
k16_51d4f52d	CCACTCCATTCCAGTC	15.189378800399226	0.9999294572226323	13.754358648724823	1.0	3556
k16_3d4f13c4	ATTCCATTACATTACA	15.184887328548221	0.9990913157310295	10.181743841227386	1.0	1125
k16_0e834d58	AATGGAATCATCCCGA	15.182157843140732	1.0	15.214948540432818	1.0	27
k16_0243a0d0	AAAGCAATGGAATCAA	15.179852258307628	0.9999985290764807	16.965774919861058	0.9720767888307156	3737
k16_3d4f90d4	ATTCCATTGCAATCCA	15.17704801302662	0.9998646046755192	12.765773594116697	1.0	643
k16_6f5fd4f5	CGTTCCTTTCCATTCC	15.17339306462408	0.9999866559321053	14.935537111247829	1.0	457
k16_53dabe3d	CCATTCGGGTTGATTC	15.16649882040547	1.0	15.696173313461527	1.0	521
k16_076af8f5	AACTCGGGTTGATTCC	15.166411282286655	1.0	15.183506871741267	1.0	14
k16_13d6f53d	ACATTCCGTTCCATTC	15.16041539187195	0.9999082891663912	13.229394161912765	0.9982547993019197	542
k16_3d474af8	ATTCCACTCAGGTTGA	15.157999465819438	1.0	15.522895474253797	1.0	338
k16_562e8390	CCCGAGTGGAATGCAA	15.15289695368801	1.0	15.770060696558948	1.0	627
k16_34178ba0	ATCAACCTGAGTGGAA	15.152505210083682	1.0	15.518354768697762	1.0	339
k16_3d4f9fe4	ATTCCATTGCTTTGCA	15.13936264412073	0.9999971752316781	16.48805217942527	0.9965095986038395	2771
k16_6a38f53d	CGGGATGATTCCATTC	15.138283526206207	0.999341319957696	10.60716442022495	1.0	27
k16_83a020e8	GAATGGAAAGAATGGA	15.136839137757969	0.9994402406239349	10.895136623278079	1.0	8560
k16_0e838158	AATGGAATGAACCCGA	15.11204560673513	1.0	15.61423072969505	1.0	489
k16_0f834158	AATTGAATCAACCCGA	15.108057456575443	1.0	16.01451340959067	1.0	1027
k16_a0e43415	GGAATGCAATCAACCC	15.105019286823271	1.0	15.144996689451864	1.0	33
k16_53d7f63d	CCATTCCTTTCGATTC	15.089735097837048	0.9998929940849508	12.9573782113885	1.0	119
k16_2be3d4f5	AGGTTGATTCCATTCC	15.084349871004248	0.9999171697439362	13.495417831959827	1.0	2413
k16_4158fa0e	CAACCCGATTGGAATG	15.08187970598699	1.0	15.400247902030706	1.0	290
k16_283a0d04	AGGAATGGAATCAACA	15.081532535963362	0.9991333056185621	10.254315902705448	1.0	2004
k16_4f53e472	CATTCCATTGCACTAG	15.074823329267483	0.9999936020882784	14.844920092826452	0.9930191972076788	40
k16_3d436af8	ATTCCAATCGGGTTGA	15.07339383133987	1.0	15.395697173919505	1.0	294
k16_53e4fd3d	CCATTGCATTTCATTC	15.066937215763602	0.9998007426712487	12.339394840587412	1.0	3510
k16_0e834358	AATGGAATCAATCCGA	15.044696397259608	0.9999967118675277	14.937672043977724	1.0	32
k16_0563e83a	AACCCGATTGGAATGG	15.032913870086643	1.0	15.357180768122555	1.0	296
k16_3e0d0562	ATTGAATCAACCCGAG	15.0326225714775	1.0	15.903249356588658	1.0	973
k16_4058ba0e	CAAACCGAGTGGAATG	15.030713924699825	1.0	15.270120013693514	1.0	212
k16_68f8f53d	CGGATTGATTCCATTC	15.029825021081928	0.9999968301867654	14.990541303676292	1.0	90
k16_3d4f53ec	ATTCCATTCCATTGTA	15.02890294313363	0.9999066415153602	13.437348814792845	1.0	9908
k16_0460e83a	AACACGAATGGAATGG	15.019799171956738	1.0	15.300238197119965	1.0	252
k16_4f90d4f5	CATTGCAATCCATTCC	15.019290693798627	0.9999954183924056	15.326658423002064	1.0	588
k16_2a0e8341	AGGGAATGGAATCAAC	15.018504708911077	0.9999734769898152	14.698303075234673	0.9982547993019197	1567
k16_390e83a2	ATGCAATGGAATGGAG	15.015081406236211	0.9999725925877202	14.79670620034241	1.0	2519
k16_41183a0e	CAACACGAATGGAATG	15.012791978396015	1.0	15.24907303266016	1.0	209
k16_6af8f43d	CGGGTTGATTCAATTC	15.012483816139442	1.0	15.926130470036329	1.0	1038
k16_05e2e83a	AACCTGAGTGGAATGG	15.004273462482116	1.0	15.692532917048494	1.0	718
k16_0ec3a0e4	AATGTAATGGAATGCA	15.001049002680748	0.9993431304389518	10.624772864618226	1.0	530
k16_0e83a010	AATGGAATGGAAACAA	14.997925655632795	0.9999410131384351	13.996606431828516	1.0	4591
k16_3a0e4341	ATGGAATGCAATCAAC	14.992893834332712	0.9990051553979621	10.052198845043025	1.0	1365
k16_0162e83a	AAACCGAGTGGAATGG	14.9862826992461	0.9999968692374401	15.008424608613318	1.0	145
k16_4f5bd7f5	CATTCCGTTCCTTTCC	14.985971427452721	0.9999908612579022	15.097367742034752	1.0	634
k16_3e474af8	ATTGCACTCAGGTTGA	14.983873498214896	1.0	14.9948867488595	0.9947643979057592	9
k16_0d0162e8	AATCAAACCGAGTGGA	14.982019951520927	0.9999408805070585	13.568180429713163	1.0	157
k16_0e434158	AATGCAATCAACCCGA	14.978323272966554	1.0	15.00750714778772	1.0	24
k16_e83a0e40	TGGAATGGAATGCAAA	14.97663913564563	0.9997195991322565	11.875472543452204	1.0	6313
k16_53d4fb3d	CCATTCCATTGTATTC	14.971175813028632	0.9997138553323726	11.838105388644452	1.0	4455
k16_562ec3a0	CCCGAGTGTAATGGAA	14.96303585329137	1.0	14.976485117467579	1.0	11
k16_4f13e476	CATTACATTGCACTCG	14.9626050057668	1.0	15.021573752167441	0.9982547993019197	49
k16_2e83a0e4	AGTGGAATGGAATGCA	14.960170831819955	0.9995908006879664	11.304561719514775	1.0	1456
k16_af8f93d4	GGTTGATTGCATTCCA	14.95506570862253	1.0	15.692781700596033	1.0	784
k16_6f53d7f5	CGTTCCATTCCTTTCC	14.951214704126718	0.9999580070128289	13.806960623448864	1.0	35
k16_158bb0e8	ACCCGAGTGTAATGGA	14.948515268090418	1.0	14.961964532266627	1.0	11
k16_90e83415	GCAATGGAATCAACCC	14.947926354071296	1.0	15.952542334332618	1.0	1182
k16_4390e83a	CAATGCAATGGAATGG	14.941501567052478	0.9997673484906899	12.095979914050451	1.0	2030
k16_83a06839	GAATGGAACGGAATGC	14.931444012110907	0.999905958078201	13.143706985824398	1.0	468
k16_4f93d4f1	CATTGCATTCCATTAC	14.930662770987624	0.9997032118514048	11.709534191480659	1.0	532
k16_6af8f5fd	CGGGTTGATTCCTTTC	14.922120012457423	0.9999712676703827	14.067968709015574	1.0	28
k16_4f53e435	CATTCCATTGCAATCC	14.92059768774383	1.0	15.79658897285254	1.0	981
k16_3a0f8341	ATGGAATTGAATCAAC	14.920435502263937	0.9995162098104928	11.083413388075199	1.0	2631
k16_a0e83435	GGAATGGAATCAATCC	14.918983393898912	0.9999932396575211	14.765426610991817	1.0	106
k16_390243a0	ATGCAAAGCAATGGAA	14.91804442593465	0.9999971855404325	16.493326775616577	0.9965095986038395	3442
k16_af8f5fd4	GGTTGATTCCTTTCCA	14.917402337906768	0.9999711735603896	14.063251034464919	1.0	28
k16_51dafe3d	CCACTCGGTTTGATTC	14.906341847529422	0.9999368428750453	13.472865687659997	1.0	139
k16_0d0563e8	AATCAACCCGATTGGA	14.903755868027295	1.0	15.217189988509764	1.0	285
k16_3a0e8381	ATGGAATGGAATGAAC	14.900225294178908	0.9998276831479318	12.547354730580471	1.0	4728
k16_1daba3d4	ACTCGGGTGGATTCCA	14.898204429840034	1.0	14.92497873699257	1.0	22
k16_34158fa0	ATCAACCCGATTGGAA	14.893764294917787	1.0	15.204229849820752	1.0	282
k16_41503a0e	CAACCCAAATGGAATG	14.893206708960713	1.0	15.71324274795276	1.0	899
k16_0e8b4158	AATGGAGTCAACCCGA	14.892024873114147	0.9999967442193615	14.951936605449275	1.0	180
k16_4f53d475	CATTCCATTCCACTCC	14.891169255142607	0.9992209997437462	10.425624229483727	1.0	46622
k16_0d83b0e8	AATCGAATGTAATGGA	14.88866561782669	0.9997796774477835	12.040052230458796	1.0	29
k16_3e4f53c4	ATTGCATTCCATTACA	14.888168947602738	0.9990019130000831	10.034501588743224	1.0	525
k16_af8f43d4	GGTTGATTCAATTCCA	14.874347099046915	0.9999951467226627	15.707231040910692	1.0	1585
k16_02834158	AAAGGAATCAACCCGA	14.870563083751485	0.999974073786005	14.108968798521014	1.0	34
k16_0d0542e8	AATCAACCCAAGTGGA	14.866677242809528	0.9999971603332632	15.149213822180744	1.0	406
k16_3a0e4390	ATGGAATGCAATGCAA	14.863463541554804	0.9991701584648052	10.316402490540066	1.0	2557
k16_178b90e8	ACCTGAGTGCAATGGA	14.862412393786428	1.0	14.874644165352725	0.9947643979057592	10
k16_05e2e43a	AACCTGAGTGCAATGG	14.859789378613051	1.0	14.872021150179348	0.9947643979057592	10
k16_158fa0e8	ACCCGATTGGAATGGA	14.854909102845884	1.0	15.185050683211166	1.0	302
k16_57dcf51d	CCCTTCTATTCCACTC	14.851303545992295	0.999869917703818	12.658152309592193	0.9930191972076788	11
k16_83b0e839	GAATGTAATGGAATGC	14.848601184072544	0.9993238880237019	10.581837105984484	1.0	619
k16_3d4f13e4	ATTCCATTACATTGCA	14.843767048490735	0.9999819572386556	14.82853900131322	1.0	1100
k16_41d8ba02	CAACTCGAGTGGAAAG	14.837404487250577	0.9999973160991111	15.230602306764698	0.9982547993019197	532
k16_0d05e2e4	AATCAACCTGAGTGCA	14.836993897686169	1.0	15.871900971116846	0.9947643979057592	1232
k16_4f53d5f5	CATTCCATTCCCTTCC	14.825455266954302	0.999932375980821	13.906453354337216	1.0	17877
k16_a0e03415	GGAATGAAATCAACCC	14.823800846309183	1.0	15.432128320227475	1.0	616
k16_d0762e80	TCAACTCGAGTGGAAA	14.822058912471274	0.9999972984801249	15.221162604766958	0.9982547993019197	539
k16_3a0e0562	ATGGAATGAACCCGAG	14.817965282079525	1.0	15.320150405039445	1.0	489
k16_3a0e8371	ATGGAATGGAATCTAC	14.817438355164656	0.9999972882311946	15.215699830101112	1.0	538
k16_4178ba0e	CAACCTGAGTGGAATG	14.81353065316925	1.0	15.513180030105937	1.0	733
k16_43a0e836	CAATGGAATGGAATCG	14.81234411093002	0.9996930866257984	11.685680896655294	1.0	1148
k16_3dcf5314	ATTCTATTCCATACCA	14.811398808974635	0.999422475879875	10.799181838766431	1.0	609
k16_3d4f53e5	ATTCCATTCCATTGCC	14.81093666894339	0.9999945079915588	15.83202323821027	1.0	2223
k16_3d62e832	ATTCCGAGTGGAATAG	14.808512765814028	1.0	14.808512765814028	0.9930191972076788	0
k16_4178b90e	CAACCTGAGTGCAATG	14.804984622176708	1.0	14.814778321849317	0.9947643979057592	8
k16_d62e8320	TCCGAGTGGAATAGAA	14.797824441693212	1.0	14.801504874593311	0.9930191972076788	3
k16_4f5bd4f9	CATTCCGTTCCATTGC	14.792576799999374	0.9995452728652444	11.120438992725138	1.0	456
k16_4e53f476	CATGCCATTTCACTCG	14.7908014127287	1.0	14.823592110020785	0.9982547993019197	27
k16_3a0e0341	ATGGAATGAAATCAAC	14.79038543243321	0.9999790742108965	14.861431866840812	1.0	1765
k16_a0f83415	GGAATTGAATCAACCC	14.786808572130376	1.0	16.01342576134583	1.0	1574
k16_34058ba0	ATCAAACCGAGTGGAA	14.784660457058823	0.9999322140324088	13.37082093525106	1.0	157
k16_0e83415b	AATGGAATCAACCCGT	14.769181788958278	1.0	14.87798461640925	1.0	92
k16_c683a0e8	TACGGAATGGAATGGA	14.76671694777217	0.9997909698996655	12.155595690909859	1.0	551
k16_6af8fd3d	CGGGTTGATTTCATTC	14.764904078380775	1.0	15.39641143941762	1.0	645
k16_1d8ba028	ACTCGAGTGGAAAGGA	14.7619991031136	0.9999973345345697	15.240546025893474	0.9982547993019197	636
k16_58ba0c82	CCGAGTGGAATAGAAG	14.743298990630977	1.0	14.743298990630977	0.9930191972076788	0
k16_53c4f63d	CCATTACATTCGATTC	14.738690334069469	0.9999022040756451	12.945097060892062	1.0	29
k16_3d4e53c4	ATTCCATGCCATTACA	14.738622919036361	0.9999010484738788	12.928148386240204	0.9930191972076788	15
k16_5f73d476	CCTTCTATTCCACTCG	14.737562386542695	0.9998605419994175	12.55773619311892	0.9930191972076788	22
k16_0f8390e8	AATTGAATGCAATGGA	14.733374096168694	0.999766662259176	11.95723369606213	1.0	91
k16_1dabc3d4	ACTCGGGTTAATTCCA	14.730652307457511	1.0	14.815332549117779	0.9982547993019197	71
k16_4f5394f1	CATTCCATGCCATTAC	14.727261679355212	0.999995837027971	14.597336395688345	0.9965095986038395	13
k16_0e834178	AATGGAATCAACCTGA	14.724220276152685	0.9994775945612289	10.980902295337216	1.0	4332
k16_3d476bf8	ATTCCACTCGGTTTGA	14.724105552662595	1.0	14.905115267054093	1.0	157
k16_10e83a0e	ACAATGGAATGGAATG	14.720294934411914	0.9999858741639986	15.886859783490177	1.0	11836
k16_4f13dcf5	CATTACATTCTATTCC	14.716687814358956	1.0	14.783887302354803	1.0	56
k16_394fd1da	ATGCCATTTCACTCGG	14.716557105362696	1.0	14.745740980183863	0.9982547993019197	24
k16_6be3d4f5	CGGTTGATTCCATTCC	14.716075769707441	1.0	14.865315761944883	1.0	128
k16_0a0d0562	AAGGAATCAACCCGAG	14.714075814354073	0.9999708379506578	13.939289409194174	1.0	23
k16_562e03a4	CCCGAGTGAAATGGCA	14.71083860646685	1.0	14.74122575764184	0.9982547993019197	25
k16_ba0e43a0	GTGGAATGCAATGGAA	14.709751403325091	0.9992109010023844	10.384280986964068	1.0	2323
k16_3d4f51de	ATTCCATTCCACTCTG	14.709031082787416	0.9998677261989829	12.845881898005985	1.0	2307
k16_af8f53e4	GGTTGATTCCATTGCA	14.708831981761119	1.0	15.374812627619074	1.0	689
k16_1dabe3d7	ACTCGGGTTGATTCCT	14.705775893333131	0.9999706696946715	13.930989488173232	1.0	23
k16_0542e83a	AACCCAAGTGGAATGG	14.705742454659168	1.0	15.259884687245455	1.0	550
k16_4f5fe4f5	CATTCCTTTGCATTCC	14.702897005897901	0.999927721293307	13.637959047724738	1.0	2790
k16_dcf51da0	TCTATTCCACTCGGAA	14.69373836976084	1.0	14.69373836976084	0.9930191972076788	0
k16_476ae8f5	CACTCGGGTGGATTCC	14.686687463680329	1.0	14.691592624036735	0.9965095986038395	4
k16_4f5110f5	CATTCCACACAATTCC	14.686177326542598	1.0	14.923500811360391	0.9947643979057592	210
k16_1d4f5394	ACTCCATTCCATGCCA	14.68406604259934	0.9997199440798911	11.797608781550013	1.0	1062
k16_ddabe3d4	TCTCGGGTTGATTCCA	14.683618857725214	1.0	15.164837665652103	1.0	465
k16_43a0e81a	CAATGGAATGGAACGG	14.682794060669902	0.9993364704619581	10.609858084377244	1.0	914
k16_563e83a0	CCCGATTGGAATGGAA	14.682085050974742	1.0	15.005370505340444	1.0	295
k16_0c43a0e8	AATACAATGGAATGGA	14.673536119967011	0.9993538297026758	10.682209929537267	1.0	5999
k16_13d5f53d	ACATTCCCTTCCATTC	14.672520300472897	1.0	15.912720949118844	0.9982547993019197	1600
k16_4f53d0f9	CATTCCATTCAATTGC	14.669748283031948	0.9996370327852248	11.379968863380991	1.0	44
k16_1dabe3e4	ACTCGGGTTGATTGCA	14.668481070316894	1.0	14.694049082793853	1.0	21
k16_4f93e4f5	CATTGCATTGCATTCC	14.667502729366616	0.9998631451029389	12.816710040319196	1.0	2891
k16_390d0562	ATGCAATCAACCCGAG	14.667131855957326	1.0	14.693906163109864	1.0	22
k16_af8753d4	GGTTGACTCCATTCCA	14.667039129881044	0.9999962959258889	14.765832159343585	1.0	217
k16_34158b80	ATCAACCCGAGTGAAA	14.664422925253682	1.0	14.722212008781886	1.0	48
k16_a0e8b415	GGAATGGAGTCAACCC	14.66046127106365	0.9999961460493152	14.708608690417847	1.0	169
k16_3a0f0562	ATGGAATTAACCCGAG	14.656453816675285	1.0	14.749219818926226	1.0	78
k16_476af4f5	CACTCGGGTTCATTCC	14.65449768659986	1.0	14.824631171031916	1.0	147
k16_34150ba0	ATCAACCCAAGTGGAA	14.654138976629152	0.9999970922794204	15.115047570283592	1.0	614
k16_3d4f50da	ATTCCATTCCAATCGG	14.65297999471152	0.9999893238054228	14.569880873757752	1.0	288
k16_1dabd3d4	ACTCGGGTTCATTCCA	14.652818870060525	1.0	15.314923327541596	1.0	684
k16_178ba0e8	ACCTGAGTGGAATGGA	14.652545305734128	1.0	15.568797899430203	1.0	1042
k16_3a4e83a2	ATGGCATGGAATGGAG	14.642091117819845	0.9997116784300305	11.755633856770517	1.0	1062
k16_1a0e8341	ACGGAATGGAATCAAC	14.641724381017386	0.9998897524943499	12.896852168385077	1.0	443
k16_3d4f6ef8	ATTCCATTCGTGTTGA	14.639995946493434	0.9999725353411307	14.025804528575947	1.0	164
k16_3f476af8	ATTTCACTCGGGTTGA	14.628590236062877	1.0	14.68519869134249	1.0	47
k16_53e4f43d	CCATTGCATTCAATTC	14.627602285722242	0.9992453466557052	10.399264284923015	1.0	81
k16_0e8083a0	AATGGAAAGAATGGAA	14.626100477662948	0.9990432998205669	10.12520058427884	1.0	12884
k16_6f53d4f9	CGTTCCATTCCATTGC	14.61935983833609	0.9999949033159027	15.172955899568459	1.0	916
k16_3d47eaf8	ATTCCACTTGGGTTGA	14.611658562270069	0.999996943868024	15.043231024297235	1.0	578
k16_3e4f51da	ATTGCATTCCACTCGG	14.610482835010552	0.9999667646494039	13.94723999490107	1.0	277
k16_4f53d43d	CATTCCATTCCAATTC	14.609058192804913	0.999996660694876	15.782958342095743	1.0	2039
k16_3a0e8bb0	ATGGAATGGAGTGTAA	14.608783237605207	0.9996824672484932	11.64361000369524	1.0	1647
k16_4f53e0f5	CATTCCATTGAATTCC	14.60683593199636	0.9994584398478125	10.895736446392023	1.0	1166
k16_4f13c4f5	CATTACATTACATTCC	14.594788251873023	0.9999983241777578	15.910053290913433	1.0	2059
k16_51d4f539	CCACTCCATTCCATGC	14.591992918299182	0.999969373283137	14.311918608389046	1.0	1130
k16_1dabe3dc	ACTCGGGTTGATTCTA	14.589280410338409	1.0	14.749554685868807	1.0	138
k16_320d0562	ATAGAATCAACCCGAG	14.58616855667502	1.0	14.748639597560766	1.0	140
k16_3b0e8390	ATGTAATGGAATGCAA	14.58508372052143	0.9990623409977467	10.124956176189432	1.0	1075
k16_34178b90	ATCAACCTGAGTGCAA	14.58031395705815	1.0	14.99949973875224	0.9947643979057592	396
k16_3a0d4562	ATGGAATCCACCCGAG	14.572567871319848	1.0	14.931729305405026	1.0	332
k16_83a0d075	GAATGGAATCAACTCC	14.571589042107679	0.9999510245660777	13.71772042322887	0.9965095986038395	512
k16_560e83a2	CCCGAATGGAATGGAG	14.568663706965193	0.9999953217468597	14.428986100908824	0.9947643979057592	5
k16_53e4f5fd	CCATTGCATTCCTTTC	14.566347000673002	0.9992054075354929	10.36233918854945	1.0	1390
k16_4753d4e5	CACTCCATTCCATGCC	14.562333586164332	1.0	15.460904045525304	1.0	1015
k16_3a0ec341	ATGGAATGTAATCAAC	14.55538265381103	0.9999443953815458	13.601493437568912	1.0	528
k16_3d776af8	ATTCCTCTCGGGTTGA	14.54925452248011	1.0	14.571197587311948	1.0	18
k16_3e4f50d4	ATTGCATTCCAATCCA	14.54576283182439	0.9999827007951148	14.799936384758572	1.0	1418
k16_776af8f5	CTCTCGGGTTGATTCC	14.542660495786322	1.0	15.015937708954365	1.0	456
k16_53d4f6fd	CCATTCCATTCGTTTC	14.538539424225057	0.999901871272175	12.922647520147155	1.0	146
k16_0e80a0c4	AATGGAAAGGAATACA	14.536268956974688	0.9999654943470222	14.519870736504295	0.9808027923211169	3568
k16_380e83a4	ATGAAATGGAATGGCA	14.535925003823001	0.9991318203530597	10.21729692708011	0.9947643979057592	443
k16_6af8f93d	CGGGTTGATTGCATTC	14.530361623928954	1.0	14.922657874899016	1.0	367
k16_0562283a	AACCCGAGAGGAATGG	14.526900591718642	1.0	14.55728774289363	1.0	25
k16_3a3e8390	ATGGATTGGAATGCAA	14.519429632836767	0.9999829095251626	14.817449604633238	1.0	1498
k16_50dabe3d	CCAATCGGGTTGATTC	14.513007847969895	1.0	14.611521773290564	1.0	83
k16_0d0562e0	AATCAACCCGAGTGAA	14.511127264422797	1.0	14.57597989961905	1.0	54
k16_380e81a0	ATGAAATGGAACGGAA	14.509390964568105	0.9995891136749456	11.236346206692533	1.0	420
k16_0e03a068	AATGAAATGGAACGGA	14.506145033908952	0.9997333797844997	11.804446828072996	1.0	446
k16_0d056228	AATCAACCCGAGAGGA	14.501350480943634	1.0	14.52450287395332	1.0	19
k16_bf0f53d4	GTTTAATTCCATTCCA	14.500655009795443	1.0	15.450363312641196	0.9895287958115183	1094
k16_53d6f43d	CCATTCCGTTCAATTC	14.50015918837846	0.9994377218907414	10.789969951269397	1.0	70
k16_3d6f53dc	ATTCCGTTCCATTCTA	14.499243272832942	0.9993864599676837	10.671985888932458	1.0	61
k16_3a0e8190	ATGGAATGGAACGCAA	14.493488287179714	0.9999707521095041	13.80341362414921	0.9982547993019197	18
k16_13d4f93d	ACATTCCATTGCATTC	14.492639313851706	0.9993646419686104	10.647268160373466	1.0	454
k16_341588a0	ATCAACCCGAGAGGAA	14.490745908357843	1.0	14.510267271448187	1.0	16
k16_5ddabe3d	CCTCTCGGGTTGATTC	14.485444504182537	1.0	14.501325675575348	1.0	13
k16_0d0162e4	AATCAAACCGAGTGCA	14.480872976411469	1.0	14.487001825414778	0.9808027923211169	5
k16_51d4f13d	CCACTCCATTACATTC	14.47618852153664	0.9999898545909244	14.94660993687609	1.0	1145
k16_4f5bf4f5	CATTCCGTTTCATTCC	14.475609380727617	0.9999855331748412	14.131540529522116	1.0	46
k16_5af8f53d	CCGGTTGATTCCATTC	14.471497577226058	0.9995763639652333	11.161703070364378	1.0	65
k16_18320e83	ACGAATAGAATGGAAT	14.47066774874119	0.9999765450920605	14.25348960887041	0.9982547993019197	588
k16_158b80e8	ACCCGAGTGAAATGGA	14.46779000154678	1.0	14.545503338232619	1.0	65
k16_4f51d8f1	CATTCCACTCGATTAC	14.464437941991061	1.0	14.469343102347468	0.9930191972076788	4
k16_4f53d4c4	CATTCCATTCCATACA	14.459766808036232	0.9996550200633069	11.525764795009161	1.0	1774
k16_41588a0e	CAACCCGAGAGGAATG	14.45902883457166	1.0	14.483389542897985	1.0	20
k16_0e034158	AATGAAATCAACCCGA	14.457923551957352	1.0	15.447152099284223	1.0	1157
k16_3e4353d4	ATTGCAATCCATTCCA	14.456478203200355	0.9999864686275128	14.915427590582079	1.0	1470
k16_5bd4fd3d	CCGTTCCATTTCATTC	14.455350319073657	0.9999764471277273	14.115839412198481	1.0	346
k16_a0eb120c	GGAATGGTACAGAATA	14.452993826511676	1.0	14.452993826511676	0.9930191972076788	0
k16_562e03a0	CCCGAGTGAAATGGAA	14.451937820504137	1.0	14.529651157189976	1.0	65
k16_1d4f53da	ACTCCATTCCATTCGG	14.450576275584776	0.9999898797716876	14.183369396103922	0.9947643979057592	9
k16_0eb3a0c8	AATGGTATGGAATAGA	14.449903936682581	0.9999639788916305	14.121775406409474	1.0	1154
k16_0ec34158	AATGTAATCAACCCGA	14.448056279124168	1.0	14.467577642214513	0.9982547993019197	16
k16_5f53d4f5	CCTTCCATTCCATTCC	14.443979602331662	0.9997530135833802	12.061423355092266	1.0	12608
k16_a0ec3415	GGAATGTAATCAACCC	14.440661465327327	1.0	14.455327195535794	0.9965095986038395	12
k16_8f53e4f9	GATTCCATTGCATTGC	14.43904519619756	0.999735945442266	11.749026006520168	0.9965095986038395	14
k16_43a0683a	CAATGGAACGGAATGG	14.43790269805108	0.999193933543851	10.344418238431983	1.0	1821
k16_83a3d054	GAATGGATTCAACCCA	14.430932823361195	1.0	15.22073543553074	0.9930191972076788	856
k16_3a0a83b0	ATGGAAGGGAATGTAA	14.429607455524716	0.9999849292680313	15.088209779081605	0.9947643979057592	2454
k16_3dcf53d6	ATTCTATTCCATTCCG	14.429033422660957	0.9990101123813591	10.016333072170012	1.0	77
k16_3a068341	ATGGAACGGAATCAAC	14.42842090623282	0.999601138478811	11.235126471468782	1.0	60
k16_6af8f13d	CGGGTTGATTACATTC	14.425598945196136	1.0	14.437830716762432	0.9895287958115183	10
k16_4118b90e	CAACACGAGTGCAATG	14.41938373769911	1.0	14.517897663019777	0.9947643979057592	83
k16_834058b9	GAATCAAACCGAGTGC	14.418506241525607	1.0	14.424635090528918	0.9790575916230366	5
k16_53c4f91d	CCATTACATTGCACTC	14.417401805107964	1.0	14.990658668522855	0.9947643979057592	573
k16_57d4f93d	CCCTTCCATTGCATTC	14.417309275254791	0.9999848121259987	14.061370938639321	1.0	36
k16_2f8f53e4	AGTTGATTCCATTGCA	14.417272876383507	0.9999977281504873	15.47106181686168	1.0	1523
k16_d0462e80	TCAACACGAGTGGAAA	14.416059662805878	1.0	14.486772287378633	0.9965095986038395	59
k16_3e4f93d4	ATTGCATTGCATTCCA	14.411628767377811	0.9991670641675363	10.31100038060147	1.0	3903
k16_4f53dab1	CATTCCATTCGGGTAC	14.407985902160064	0.9999737867182544	13.79526479822402	0.9930191972076788	2
k16_4158b80e	CAACCCGAGTGAAATG	14.407909862819471	1.0	14.477452392154984	1.0	58
k16_22e83a0e	AGAGTGGAATGGAATG	14.407536629351561	0.9999125920714613	13.42741016453372	1.0	4613
k16_4f93d435	CATTGCATTCCAATCC	14.40525358395222	1.0	15.671732877948104	1.0	1651
k16_762e83a0	CTCGAGTGGAATGGAA	14.396682875166555	0.9995759664625197	11.256351491525441	1.0	2826
k16_0a83b3d8	AAGGGAATGTATTCGA	14.395585455111826	1.0	14.395585455111826	0.9930191972076788	0
k16_a0283415	GGAAAGGAATCAACCC	14.394052074275363	0.9999694064468265	13.977416262253517	1.0	454
k16_540e83a0	CCCAAATGGAATGGAA	14.392168916232992	0.9995066373718902	11.02757786920601	1.0	1668
k16_3a2d0562	ATGGAGTCAACCCGAG	14.390464717251058	0.9999953906005126	14.450376449586184	1.0	180
k16_4150ba0e	CAACCCAAGTGGAATG	14.38871629611444	1.0	15.21846061429223	1.0	913
k16_3c4f53e4	ATTACATTCCATTGCA	14.388106822358576	0.9995166463215838	11.063982514550782	0.9982547993019197	2123
k16_3d4f93c4	ATTCCATTGCATTACA	14.386156924249429	0.9994428790726942	10.816797341531354	1.0	387
k16_0e8341c8	AATGGAATCAACTAGA	14.385342714257945	0.9999941757016095	14.980434112652567	1.0	977
k16_1dabe3c4	ACTCGGGTTGATTACA	14.38527946861112	1.0	14.40722253344296	0.9982547993019197	18
k16_60c4f57d	CGAATACATTCCCTTC	14.384439137177807	1.0	14.384439137177807	0.9930191972076788	0
k16_3b0e8ba0	ATGTAATGGAGTGGAA	14.376929589443714	0.9993723330481835	10.68541475852455	1.0	1314
k16_0e8390e4	AATGGAATGCAATGCA	14.375606260438705	0.9990613838648859	10.14136787830848	1.0	4237
k16_0a83b0d8	AAGGGAATGTAATCGA	14.373496871477823	1.0	14.379625720481133	0.9930191972076788	5
k16_63c4f57d	CGATTACATTCCCTTC	14.37236758359501	1.0	14.37236758359501	0.9930191972076788	0
k16_3b0d0562	ATGTAATCAACCCGAG	14.371379783464366	1.0	14.390901146554711	0.9965095986038395	16
k16_0be3d4f5	AAGTTGATTCCATTCC	14.367255034123124	0.9998205198194728	12.287848397424206	1.0	522
k16_6fd3d4f5	CGTTTCATTCCATTCC	14.366901645368847	0.9999297582406355	13.386115409541299	1.0	813
k16_4f13d4f9	CATTACATTCCATTGC	14.366185142819269	0.9999975423937085	15.35767735572336	0.9982547993019197	1409
k16_0e83415c	AATGGAATCAACCCTA	14.365219814750999	1.0	14.411158911658843	1.0	38
k16_446af8f5	CACACGGGTTGATTCC	14.36433255753001	1.0	14.863913493846031	1.0	486
k16_8390e839	GAATGCAATGGAATGC	14.360930612711838	0.9996360998192015	11.483620284432362	1.0	4357
k16_4f73e4f5	CATTCTATTGCATTCC	14.357683029061675	0.9990665378967662	10.140205774243062	1.0	2380
k16_0f53d476	AATTCCATTCCACTCG	14.35233441170511	0.9998566582254288	12.477027729053093	0.9982547993019197	167
k16_835158b9	GAATCCACCCGAGTGC	14.351262200996052	1.0	14.351262200996052	0.9616055846422339	0
k16_353d4353	ATCCATTCCAATCCAT	14.350736157508276	0.9997378735610866	11.876750197757103	1.0	1420
k16_4353e4f5	CAATCCATTGCATTCC	14.350433251998727	0.9999632391984511	13.801790207693571	1.0	397
k16_0d0522e4	AATCAACCAGAGTGCA	14.336919329613123	1.0	14.35522831572802	0.9982547993019197	15
k16_283a0c05	AGGAATGGAATAAACC	14.327607381287782	0.9999899892384313	15.35018170246981	0.987783595113438	2734
k16_1dabe1d4	ACTCGGGTTGACTCCA	14.326187313455412	0.9999951627259007	14.380763520091065	1.0	175
k16_0d0562c8	AATCAACCCGAGTAGA	14.325224637656524	1.0	14.501893694382062	1.0	153
k16_1d8f13d5	ACTCGATTACATTCCC	14.325108917492754	1.0	14.325108917492754	0.9930191972076788	0
k16_bb0e83a0	GTGTAATGGAATGGAA	14.324491663800151	0.9997854173992228	12.178439254318691	1.0	2449
k16_41583a0d	CAACCCGAATGGAATC	14.323752180539135	0.9999944325362581	14.177945725479457	0.9668411867364747	0
k16_4f93d7f5	CATTGCATTCCTTTCC	14.321057788513016	0.9999957343798321	15.429755275644036	1.0	1897
k16_20d0562e	AGAATCAACCCGAGTG	14.318618414756143	1.0	14.474489099113935	1.0	134
k16_4443d4f5	CACACAATTCCATTCC	14.31848712853275	1.0	14.986788498322904	0.9930191972076788	692
k16_4c43d4f5	CATACAATTCCATTCC	14.30969279281229	0.9999008420332645	13.148797561730795	1.0	2088
k16_3d4f5dda	ATTCCATTCCTCTCGG	14.309674423599454	1.0	14.407040594896523	1.0	82
k16_03a0d056	AAATGGAATCAACCCG	14.302307384843585	1.0	14.320616370958483	0.9965095986038395	15
k16_834148b9	GAATCAACCAGAGTGC	14.301861675770091	1.0	14.318957265224705	0.9982547993019197	14
k16_476af8f1	CACTCGGGTTGATTAC	14.299638896771764	1.0	14.321581961603604	0.9982547993019197	18
k16_8f93d4f9	GATTGCATTCCATTGC	14.299561789042343	0.9999922069825437	14.560345933490682	0.9860383944153578	532
k16_6af8f53c	CGGGTTGATTCCATTA	14.297077560663466	1.0	14.320229953673152	1.0	19
k16_4f73d6f5	CATTCTATTCCGTTCC	14.294584215656812	0.9999411347021968	13.487521335304805	1.0	639
k16_6f7bd4f5	CGTTCTGTTCCATTCC	14.294447445256356	1.0	14.332033255032142	1.0	31
k16_2a0ec362	AGGGAATGTAATCGAG	14.29137684109963	1.0	14.29137684109963	0.9930191972076788	0
k16_53c4f93d	CCATTACATTGCATTC	14.290944209167808	0.9999914976108286	14.434663144742363	1.0	399
k16_8320e839	GAATAGAATGGAATGC	14.288801794338918	0.9996612625139396	11.579402649771126	1.0	4104
k16_e83a3d04	TGGAATGGATTCAACA	14.28834832993737	0.9999973114521384	15.228106600765164	0.9930191972076788	1318
k16_51fabe3d	CCACTTGGGTTGATTC	14.28694496552343	0.9999969503269249	15.046283203999023	1.0	1025
k16_4f53e5f5	CATTCCATTGCCTTCC	14.286726489913347	1.0	15.258523997823483	1.0	1129
k16_4f53e6f5	CATTCCATTGCGTTCC	14.28402374239332	0.9999944334969886	14.178194689962236	0.9982547993019197	33
k16_43d3d4f5	CAATTCATTCCATTCC	14.281576729064298	0.999961416988651	13.535419185144235	1.0	47
k16_476af0f5	CACTCGGGTTAATTCC	14.281242786013317	1.0	14.344920561633257	0.9982547993019197	53
k16_0462e80a	AACACGAGTGGAAAGG	14.281093201019294	1.0	14.351805825592049	1.0	59
k16_4f58ba0c	CATTCCGAGTGGAATA	14.278372025173788	1.0	14.813142968018155	0.9930191972076788	527
k16_48f8f53d	CAGATTGATTCCATTC	14.268832480585873	1.0	14.28106425215217	0.9930191972076788	10
k16_0a43a0e8	AAGGCAATGGAATGGA	14.267881029893541	0.9999944510107484	15.81713217044319	1.0	3725
k16_1583a0d8	ACCCGAATGGAATCGA	14.267014677319345	0.9998668287881419	12.482081435111493	0.9668411867364747	0
k16_0683a0ec	AACGGAATGGAATGTA	14.264991901359434	0.9993779940854877	10.637875912328923	1.0	73
k16_50d4f93d	CCAATCCATTGCATTC	14.253981070558075	0.9999751575425841	14.038935383088637	1.0	483
k16_390e8390	ATGCAATGGAATGCAA	14.251785360239268	0.9998627856676019	12.819018919938973	1.0	4535
k16_53d4443d	CCATTCCACACAATTC	14.247967842247379	1.0	14.943830560969252	0.9947643979057592	728
k16_13c4f53d	ACATTACATTCCATTC	14.246353118810408	0.9999719337636823	14.101807977687105	1.0	792
k16_834158b8	GAATCAACCCGAGTGA	14.241819456616101	1.0	14.301966902090472	1.0	50
k16_0e8fa0d0	AATGGATTGGAATCAA	14.238602971471716	0.9995453678853741	11.13350181416796	1.0	1662
k16_53c4f13d	CCATTACATTACATTC	14.235624372846816	0.9990105209734867	10.057088076657644	1.0	2629
k16_3c4f53d6	ATTACATTCCATTCCG	14.235466414040165	0.9993743708161048	10.625502172243154	1.0	47
k16_0c83a0e4	AATAGAATGGAATGCA	14.234753178245494	0.9995995031811614	11.353679667133747	1.0	5682
k16_562283a0	CCCGAGAGGAATGGAA	14.226711596036655	1.0	14.269076633473224	1.0	35
k16_4f53c4f9	CATTCCATTACATTGC	14.225907022902819	1.0	14.315213246796446	1.0	75
k16_4e53d4f5	CATGCCATTCCATTCC	14.224666188974792	0.9993891380481006	10.75367341443946	1.0	5093
k16_8ba0e839	GAGTGGAATGGAATGC	14.219569852833732	0.9999608691980862	14.16352519258344	1.0	2238
k16_4353d4f9	CAATCCATTCCATTGC	14.218532969357538	0.999901877600965	12.782085912029514	1.0	44
k16_40a0e83a	CAAAGGAATGGAATGG	14.213231676723503	0.9998193555559085	12.394724119415912	1.0	2381
k16_4158320e	CAACCCGAATAGAATG	14.213210361536683	1.0	14.22056186213823	0.9930191972076788	6
k16_a0e8f411	GGAATGGATTCAACAC	14.212626980521703	1.0	14.227292710730168	0.9930191972076788	12
k16_ba0e8390	GTGGAATGGAATGCAA	14.212420764389735	0.9999645116071242	14.371127324550347	1.0	3204
k16_4f53d7f9	CATTCCATTCCTTTGC	14.209655768248306	1.0	15.73358694675043	1.0	2203
k16_34118b90	ATCAACACGAGTGCAA	14.207809838625485	1.0	14.305176009922553	0.9947643979057592	82
k16_4f53e4f9	CATTCCATTGCATTGC	14.205644084891034	0.9998215241834731	12.433573313284201	1.0	3119
k16_5e2e43a0	CCTGAGTGCAATGGAA	14.203946282706875	1.0	14.876107249112435	0.9947643979057592	697
k16_72f8f53d	CTAGTTGATTCCATTC	14.200921202543846	0.9996305675554894	11.300491619155906	0.9982547993019197	20
k16_a3e83415	GGATTGGAATCAACCC	14.195458351319793	1.0	14.343590259296736	1.0	127
k16_51defe3d	CCACTCTGTTTGATTC	14.191586267880746	1.0	14.229172077656532	0.9947643979057592	31
k16_4f51dabd	CATTCCACTCGGGTTC	14.190786001412762	1.0	14.407116405412594	1.0	190
k16_04158ba0	AACAACCCGAGTGGAA	14.187680232379222	1.0	14.582781515064102	1.0	370
k16_6ab8f53d	CGGGGTGATTCCATTC	14.187450338321822	1.0	14.20575932443672	0.9965095986038395	15
k16_1503a0e8	ACCCAAATGGAATGGA	14.184751219887826	0.9999978257419112	15.534404796947198	1.0	2137
k16_7afbf53d	CTGGTTGTTTCCATTC	14.184647907481365	1.0	15.191099399357137	0.987783595113438	1185
k16_1da3e3d4	ACTCGGATTGATTCCA	14.179772807369014	1.0	14.65393458185511	1.0	457
k16_3d4f5bc4	ATTCCATTCCGTTACA	14.179361157050753	0.9994126581076912	10.704099105795342	1.0	43
k16_3e4f53e4	ATTGCATTCCATTGCA	14.179194932537678	0.9998708787381455	12.906734299897098	1.0	5206
k16_3d4feaf8	ATTCCATTTGGGTTGA	14.176664183846434	0.9997108745585674	11.75405680852635	1.0	1980
k16_3a0d0d62	ATGGAATCAATCCGAG	14.175927174880938	1.0	14.652739383856455	1.0	460
k16_0e834558	AATGGAATCACCCCGA	14.175696587185335	1.0	14.194005573300233	0.9982547993019197	15
k16_3a0d3562	ATGGAATCATCCCGAG	14.174663923357546	1.0	14.217028960794115	1.0	35
k16_a83a0d05	GGGAATGGAATCAACC	14.170242964905857	1.0	15.547262840255062	0.9895287958115183	1876
k16_4198ba0e	CAACGCGAGTGGAATG	14.166016377244949	1.0	14.207188091214153	1.0	34
k16_1588a0e8	ACCCGAGAGGAATGGA	14.165757727486419	1.0	14.202146252463889	1.0	30
k16_10562e83	ACAACCCGAGTGGAAT	14.159874361005931	1.0	14.537117631409984	1.0	351
k16_53d4f97d	CCATTCCATTGCCTTC	14.155168532075812	0.9999926348377086	15.105479987062646	1.0	1819
k16_8fa0e839	GATTGGAATGGAATGC	14.151910448219631	0.9993947260780851	10.739503914264896	1.0	1939
k16_71dabe3d	CTACTCGGGTTGATTC	14.150030169358812	1.0	14.316884731427091	1.0	144
k16_0ec1a0e8	AATGTAACGGAATGGA	14.149616683264222	0.9998189794058904	12.14029452068382	1.0	48
k16_af8f73d4	GGTTGATTCTATTCCA	14.14919217318155	0.9999958009128815	14.584874944937342	1.0	583
k16_3c4f53da	ATTACATTCCATTCGG	14.14817944987347	0.9999437461325467	13.18800539549448	0.9860383944153578	7
k16_18ba0283	ACGAGTGGAAAGGAAT	14.147290315284065	1.0	14.212142950480319	1.0	54
k16_560e83b0	CCCGAATGGAATGTAA	14.146300023624072	1.0	14.151205183980478	0.987783595113438	4
k16_20e81a0e	AGAATGGAACGGAATG	14.14418599433818	0.9998503698944228	12.456155525757465	1.0	508
k16_1d8ba0e8	ACTCGAGTGGAATGGA	14.142459449643097	0.9995573309481759	11.197403043090505	1.0	3714
k16_0ec3a2e8	AATGTAATGGAGTGGA	14.139638955861948	0.9999548855398658	13.958235293946762	1.0	1954
k16_054f53d4	AACCCATTCCATTCCA	14.136855897570685	0.9999949546804169	15.187568927873562	0.9912739965095986	1776
k16_0d07a0e8	AATCAACTGGAATGGA	14.135343984941404	0.9994483781694882	10.850864638276736	1.0	1215
k16_3e6f53d4	ATTGCGTTCCATTCCA	14.134671478287702	0.9999750369764786	13.647669726508857	1.0	20
k16_0562c83a	AACCCGAGTAGAATGG	14.134431870344747	1.0	14.236383589225143	1.0	86
k16_3d4f91d2	ATTCCATTGCACTCAG	14.132106001004509	1.0	14.894652935977744	0.9947643979057592	818
k16_4f53d6fd	CATTCCATTCCGTTTC	14.128174920476148	0.9990787861079322	10.126606037514186	1.0	669
k16_3b0683a0	ATGTAACGGAATGGAA	14.12715205622458	0.9993843729222586	10.637456910812684	1.0	42
k16_4f93d4f9	CATTGCATTCCATTGC	14.126937148112193	0.9998404908707111	12.594608757360765	1.0	3852
k16_af8f13d4	GGTTGATTACATTCCA	14.125807237918425	1.0	14.641802518359581	0.9982547993019197	505
k16_0e834168	AATGGAATCAACCGGA	14.122706781789054	0.9993957062855772	10.69390588782062	1.0	454
k16_4f53e7f5	CATTCCATTGCTTTCC	14.12140020951407	1.0	15.320995605051921	1.0	1523
k16_2e8320a8	AGTGGAATAGAAGGGA	14.119605375160479	0.9998451270327077	12.467250910274911	0.9930191972076788	868
k16_310e83a0	ATACAATGGAATGGAA	14.118829668429626	0.9998007638928573	12.343575152274632	1.0	8583
k16_1da8e3d4	ACTCGGGATGATTCCA	14.118184552887007	1.0	14.15935626685621	1.0	34
k16_283a0683	AGGAATGGAACGGAAT	14.117378128830595	0.9991682798647455	10.274669130594205	0.9982547993019197	901
k16_0e82a068	AATGGAAGGGAACGGA	14.116745168173463	0.9999517918371529	13.321368896591558	0.9982547993019197	78
k16_310f53d4	ATACAATTCCATTCCA	14.115873439676664	0.9998676507385709	12.787694340992374	1.0	2477
k16_1a0e83b0	ACGGAATGGAATGTAA	14.115495329191674	0.9992977484830752	10.46270943556427	1.0	51
k16_20e83a02	AGAATGGAATGGAAAG	14.112457454077873	0.9995883450183315	11.323232652505835	1.0	8825
k16_51d9be3d	CCACTCGCGTTGATTC	14.106283706039354	1.0	14.16878566455556	1.0	52
k16_af8f51d4	GGTTGATTCCACTCCA	14.105670320214726	1.0	14.70429609976177	1.0	604
k16_476af8f9	CACTCGGGTTGATTGC	14.10544093325858	1.0	14.129801641584905	1.0	20
k16_476af875	CACTCGGGTTGACTCC	14.102892691045444	0.9999943613050196	14.159605476431414	1.0	177
k16_43a0e80a	CAATGGAATGGAAAGG	14.10164886401384	0.9993098199205143	10.56483325643653	1.0	2801
k16_3b0ec3a0	ATGTAATGTAATGGAA	14.10123625930121	0.9990945465161116	10.186847431353865	1.0	3708
k16_1583a0ec	ACCCGAATGGAATGTA	14.100946120401293	1.0	14.11317789196759	0.987783595113438	10
k16_320e81a0	ATAGAATGGAACGGAA	14.099367730471988	0.9995000749887517	10.966842028368458	1.0	811
k16_3d8320e8	ATTCGAATAGAATGGA	14.094358518155946	0.9997728653951221	11.879485842622339	1.0	74
k16_4353d435	CAATCCATTCCAATCC	14.092269574089649	1.0	15.264327379310767	0.9982547993019197	1472
k16_90e8341c	GCAATGGAATCAACTA	14.088581142372583	1.0	14.28038570582917	0.9965095986038395	167
k16_43a0e8fa	CAATGGAATGGATTGG	14.083747680343391	0.999856489483175	12.374197976648597	1.0	63
k16_2e834158	AGTGGAATCAACCCGA	14.083413545045698	1.0	14.173873950528119	1.0	76
k16_53d4f33d	CCATTCCATTATATTC	14.081149588066769	0.9997489281623694	11.93780868604664	1.0	2060
k16_4f5bd4fd	CATTCCGTTCCATTTC	14.079330384722102	0.9998607964530937	12.608024842971428	1.0	1051
k16_0e83a2ec	AATGGAATGGAGTGTA	14.079205814908532	0.9997042902700874	11.746363535311675	1.0	3199
k16_53d4f92d	CCATTCCATTGCAGTC	14.074420877067032	0.9999949545404091	14.319974449134696	1.0	366
k16_0e0562e8	AATGAACCCGAGTGGA	14.072481243930683	0.9999771510827531	13.775332980249381	1.0	188
k16_3e476ef8	ATTGCACTCGTGTTGA	14.065731673163102	1.0	14.165392440123156	0.9930191972076788	84
k16_3ace8320	ATGGTATGGAATAGAA	14.064067702214572	0.999429498035366	10.817106013936394	1.0	1870
k16_3d4766f8	ATTCCACTCGCGTTGA	14.060312558705599	1.0	14.093103255997686	1.0	27
k16_a0e80414	GGAATGGAAACAACCA	14.057937488314488	1.0	15.17329122750233	0.987783595113438	1370
k16_2d0562e8	AGTCAACCCGAGTGGA	14.056500412013731	0.9999941984927684	14.118540841789516	1.0	182
k16_06c3a0e8	AACGTAATGGAATGGA	14.055183663440257	0.9999620855476427	13.429004064147323	0.9982547993019197	72
k16_f53e4f50	TTCCATTGCATTCCAA	14.054109456338958	0.9997333307380121	11.878795591533859	1.0	2874
k16_5bd4f73d	CCGTTCCATTCTATTC	14.051854094693127	0.9999486466414903	13.566240943174407	1.0	824
k16_43a0e839	CAATGGAATGGAATGC	14.051056089491555	0.9999334150848125	13.641845611090206	1.0	3096
k16_38158ba0	ATGAACCCGAGTGGAA	14.044422830747807	0.9999766337397116	13.743032816651338	1.0	184
k16_158b80e9	ACCCGAGTGAAATGGC	14.043226516762699	1.0	14.057892246971166	0.9930191972076788	12
k16_53d6f13d	CCATTCCGTTACATTC	14.04303336788955	0.9999215824658394	12.905918573836939	1.0	41
k16_6ac8f53d	CGGGTAGATTCCATTC	14.041692409925703	1.0	14.127530538495114	0.9965095986038395	72
k16_3e4f51d4	ATTGCATTCCACTCCA	14.041495577646574	0.9990165451810714	10.034849116399768	1.0	748
k16_0d8fa0e8	AATCGATTGGAATGGA	14.04076197106649	0.9999178867848255	12.889070673674341	0.9982547993019197	85
k16_34154ba0	ATCAACCCCAGTGGAA	14.0405892742082	0.9999936672788298	13.99214899044559	1.0	82
k16_53d4f83d	CCATTCCATTGAATTC	14.040487235874217	0.9998335915398876	12.475606878972386	1.0	2220
k16_0662e83a	AACGCGAGTGGAATGG	14.038851176813099	1.0	14.068035051634265	1.0	24
k16_436ef8f5	CAATCGTGTTGATTCC	14.035070770607746	1.0	15.520914176777799	0.987783595113438	2115
k16_3d43eaf8	ATTCCAATTGGGTTGA	14.035025711525092	1.0	14.072611521300878	0.9947643979057592	31
k16_4768f8f5	CACTCGGATTGATTCC	14.032416637148865	1.0	14.50657841163496	1.0	457
k16_43a0d072	CAATGGAATCAACTAG	14.029603138720017	0.9999942004778806	14.119034553609842	0.9982547993019197	208
k16_0d0542e4	AATCAACCCAAGTGCA	14.029532177279874	1.0	15.098212682057754	0.9930191972076788	1289
k16_0e837158	AATGGAATCTACCCGA	14.028736713870078	1.0	14.1191971193525	1.0	76
k16_8053d4f5	GAAACCATTCCATTCC	14.025054187256496	0.999706360370942	11.550279536772955	0.9825479930191972	3
k16_53d4be3d	CCATTCCAGTTGATTC	14.022897903924582	1.0	15.1171189216303	1.0	1333
k16_0540e83a	AACCCAAATGGAATGG	14.021812008875543	1.0	15.505460849426601	0.9965095986038395	2110
k16_da0e83a0	TCGGAATGGAATGGAA	14.019379623927618	0.9994698357540668	10.854414330940017	1.0	363
k16_3dcf6af8	ATTCTATTCGGGTTGA	14.019104996726222	1.0	14.026456497327768	0.9930191972076788	6
k16_34198ba0	ATCAACGCGAGTGGAA	14.017732108691346	1.0	14.045711702731122	1.0	23
k16_683a0d05	CGGAATGGAATCAACC	14.016071388256657	0.9999948202631306	14.282082831809461	1.0	388
k16_8f4bd4f5	GATTCAGTTCCATTCC	14.013016238985882	0.9998559828825369	12.329790368141422	1.0	8
k16_0d4353d4	AATCCAATCCATTCCA	14.011044234892266	0.9998484692690266	12.372488428626218	1.0	326
k16_3a0ec3b0	ATGGAATGTAATGTAA	14.011025899802707	0.9995577898088976	11.153387079090683	1.0	1469
k16_34158b20	ATCAACCCGAGTAGAA	14.00778674953095	1.0	14.183368598172006	1.0	152
k16_0f5bd4f5	AATTCCGTTCCATTCC	14.007158966502002	0.99967799902361	11.498795907974687	0.9982547993019197	393
k16_158390e8	ACCCGAATGCAATGGA	14.004321707652279	1.0	14.005549562146163	0.9930191972076788	1
k16_3a3d0543	ATGGATTCAACCCAAT	14.003632387213775	1.0	14.412677599720169	0.9930191972076788	385
k16_3d446af8	ATTCCACACGGGTTGA	14.003503447212815	1.0	14.064828629535796	1.0	51
k16_476a38f5	CACTCGGGATGATTCC	14.002756660968217	1.0	14.04392837493742	1.0	34
k16_0d0560c8	AATCAACCCGAATAGA	14.001289032089518	1.0	14.008640532691064	0.9930191972076788	6
k16_b4158ba0	GTCAACCCGAGTGGAA	13.998813806651178	0.999993894285662	14.044811915048088	1.0	167
k16_3d7c53d4	ATTCCTTACCATTCCA	13.998094024374321	0.9999793666950948	13.619331035188583	1.0	17
k16_0ec3b0e8	AATGTAATGTAATGGA	13.997255234248675	0.9993050539948226	10.56806519253221	1.0	5428
k16_76af8f51	CTCGGGTTGATTCCAC	13.996906669977601	1.0	14.079268346173174	1.0	69
k16_a3e8f415	GGATTGGATTCAACCC	13.994885536063181	1.0	13.994885536063181	0.9616055846422339	0
k16_415bba0e	CAACCCGTGTGGAATG	13.991021738673645	1.0	14.049990485074286	1.0	49
k16_4150fa0e	CAACCCAATTGGAATG	13.983402340966625	1.0	14.020988150742411	0.9947643979057592	31
k16_3a3e8f41	ATGGATTGGATTCAAC	13.979071742928454	1.0	13.979071742928454	0.9616055846422339	0
k16_4f73d4c5	CATTCTATTCCATACC	13.978121568166005	0.9994606382620105	10.894189498504188	1.0	2028
k16_34158320	ATCAACCCGAATAGAA	13.97602812761342	1.0	13.983379628214966	0.9930191972076788	6
k16_5e0e83a0	CCTGAATGGAATGGAA	13.974415571741657	0.9991673783091375	10.246741804981273	1.0	385
k16_7f53d6f5	CTTTCCATTCCGTTCC	13.974367721107843	0.9999660986303847	13.918614982618015	1.0	1037
k16_0543e83a	AACCCAATTGGAATGG	13.97161602801986	1.0	14.010398129797652	0.9947643979057592	32
k16_8f13d5f5	GATTACATTCCCTTCC	13.971294111796864	0.9999745675422497	14.005072778170847	0.9930191972076788	795
k16_6f53dcf5	CGTTCCATTCTATTCC	13.971068125666699	0.9999832295662746	14.22152834598225	1.0	817
k16_0c82a0ec	AATAGAAGGGAATGTA	13.970625779793806	1.0	14.508784381195207	0.9930191972076788	531
k16_5e2e83a0	CCTGAGTGGAATGGAA	13.965285803559055	1.0	15.577446674689147	1.0	2416
k16_af8fd3d4	GGTTGATTTCATTCCA	13.963490587369543	1.0	15.460692230761289	1.0	2141
k16_4f51d476	CATTCCACTCCACTCG	13.961979472213828	0.9999277660671251	12.96792826911814	1.0	105
k16_a0a83415	GGAAGGGAATCAACCC	13.961537145942676	1.0	13.976202876151143	0.9947643979057592	12
k16_350d4f53	ATCCAATCCATTCCAT	13.959571024583013	0.99984812735606	12.369236468912401	0.9982547993019197	377
k16_f93d4f50	TTGCATTCCATTCCAA	13.959465537255062	0.9999690766281155	14.341923093697737	1.0	2636
k16_320d0560	ATAGAATCAACCCGAA	13.955281750098639	1.0	14.701078144334966	0.9930191972076788	795
k16_034158ba	AAATCAACCCGAGTGG	13.954777100669398	1.0	14.057872932719226	1.0	87
k16_341d8b90	ATCAACTCGAGTGCAA	13.952571948670327	0.9999426868408987	13.071781175439025	0.9930191972076788	6
k16_290e83a0	AGGCAATGGAATGGAA	13.952361308399032	0.999994040781909	15.714234836059752	1.0	4503
k16_34d583a0	ATCATCCCGAATGGAA	13.947574753561407	1.0	13.950029418430574	0.9930191972076788	2
k16_0e83b0ec	AATGGAATGTAATGTA	13.947251039772137	0.9995829169744103	11.237818813429934	1.0	1755
k16_058ba0e8	AACCGAGTGGAATGGA	13.943699755156688	0.9999959945525915	14.652985096678458	1.0	950
k16_a0e83011	GGAATGGAATAAACAC	13.943083788106218	1.0	14.762423872305742	1.0	898
k16_3d476af4	ATTCCACTCGGGTTCA	13.94184803266872	0.999975257936017	13.66049617626213	1.0	203
k16_c83a0e80	TAGAATGGAATGGAAA	13.941509597494555	0.9991188621895386	10.236374995995893	1.0	8885
k16_4f17d4f5	CATTACCTTCCATTCC	13.939519933544458	1.0	14.33275180119727	0.9982547993019197	368
k16_06834158	AACGGAATCAACCCGA	13.936853428939841	1.0	14.023848515859717	1.0	73
k16_0e83a0dc	AATGGAATGGAATCTA	13.935267375591406	0.9997104951305281	11.768279306840581	1.0	3259
k16_3415cba0	ATCAACCCTAGTGGAA	13.934715630893944	1.0	14.08616924167237	1.0	130
k16_1daae3d4	ACTCGGGGTGATTCCA	13.932325916117259	1.0	13.948207087510069	0.9965095986038395	13
k16_1dabe0d4	ACTCGGGTTGAATCCA	13.931893459717948	1.0	13.957461472194906	0.9982547993019197	21
k16_511abe3d	CCACACGGGTTGATTC	13.93091938258342	1.0	13.988708466111623	1.0	48
k16_3dabe3dc	ATTCGGGTTGATTCTA	13.93063855971978	1.0	14.67570223922634	1.0	794
k16_0e8341d4	AATGGAATCAACTCCA	13.927547376508766	0.9999497278601496	13.68001882061744	0.9930191972076788	1393
k16_0e43a3e8	AATGCAATGGATTGGA	13.926923002043923	0.9999645159382577	13.85278732145236	1.0	1009
k16_73dabe3d	CTATTCGGGTTGATTC	13.926914153117561	1.0	13.930594586017662	0.9930191972076788	3
k16_3b0e43a0	ATGTAATGCAATGGAA	13.92501803288758	0.9993213652763606	10.531988245853121	1.0	590
k16_ba0e81a0	GTGGAATGGAACGGAA	13.923808880205643	0.9998493559968867	12.463877873941978	1.0	887
k16_0a0e8301	AAGGAATGGAATAAAC	13.922244524914504	0.9999886240828166	15.29739219949311	0.9895287958115183	4140
k16_3dc76af8	ATTCTACTCGGGTTGA	13.919840905249613	1.0	14.025222245252294	1.0	89
k16_0462e43a	AACACGAGTGCAATGG	13.918398875005186	1.0	14.028340397449323	0.9947643979057592	93
k16_0572e83a	AACCCTAGTGGAATGG	13.917901122011099	1.0	14.054905124713049	1.0	117
k16_3d4353e4	ATTCCAATCCATTGCA	13.917171764768813	0.9999758531387901	14.318807383314576	1.0	1697
k16_0e804118	AATGGAAACAACACGA	13.916512195939326	1.0	14.395088659977072	0.9895287958115183	462
k16_0283a0d8	AAAGGAATGGAATCGA	13.914371454840934	0.9997785694603	11.969103636233779	1.0	590
k16_4158b20e	CAACCCGAGTAGAATG	13.91367955949318	1.0	14.023621081937318	1.0	93
k16_3a0e8f90	ATGGAATGGATTGCAA	13.913528499052237	0.9999681224099458	13.679205377382393	1.0	461
k16_0562e80a	AACCCGAGTGGAAAGG	13.909857596314716	1.0	14.074522062666322	1.0	142
k16_8350d4f5	GAATCCAATCCATTCC	13.908948102253817	0.9999852061157918	13.635633132484763	0.9825479930191972	4
k16_0d0762e4	AATCAACTCGAGTGCA	13.907954104204336	0.9999592985098167	13.56556370370278	0.9930191972076788	540
k16_53d4f11d	CCATTCCATTACACTC	13.907690951296033	0.9998489420347695	12.636231085265255	1.0	3503
k16_a2e83415	GGAGTGGAATCAACCC	13.906032853826035	1.0	14.444191455227434	1.0	531
k16_353d6f53	ATCCATTCCGTTCCAT	13.905714372172424	0.9998226673665395	12.10274565494667	1.0	57
k16_6af8f51d	CGGGTTGATTCCACTC	13.901678538642226	1.0	13.992138944124648	0.9982547993019197	76
k16_1dfbe3d4	ACTCTTGTTGATTCCA	13.900998309434245	1.0	13.931385460609235	0.9930191972076788	25
k16_6af8753d	CGGGTTGACTCCATTC	13.899431166531762	0.9999958929370839	14.616842586734977	1.0	962
k16_53da8e3d	CCATTCGGGATGATTC	13.891737303950752	1.0	13.89419196881992	0.9930191972076788	2
k16_a0d0560c	GGAATCAACCCGAATA	13.890635371265532	1.0	13.896764220268842	0.9930191972076788	5
k16_3d4f51d2	ATTCCATTCCACTCAG	13.890492769652408	0.9999931228938862	15.204394344128511	1.0	2677
k16_6af8f5bd	CGGGTTGATTCCGTTC	13.890392781612832	1.0	13.977387868532707	1.0	73
k16_20e83906	AGAATGGAATGCAACG	13.88978678159904	0.999592934326738	11.233275258615944	0.9947643979057592	973
k16_3d4f93da	ATTCCATTGCATTCGG	13.88940439486461	0.9998418278576859	12.346122798377602	0.9982547993019197	557
k16_4158ba0c	CAACCCGAGTGGAATA	13.889197894176656	1.0	14.038437886414098	1.0	128
k16_af8f5bd4	GGTTGATTCCGTTCCA	13.888715820432248	1.0	14.004337375438512	1.0	98
k16_a0e83455	GGAATGGAATCACCCC	13.887058207723587	0.9999783941448133	13.856034311866178	0.9982547993019197	464
k16_4be3d4f5	CAGTTGATTCCATTCC	13.885446875081728	1.0	15.447734478046842	1.0	2294
k16_0c83a068	AATAGAATGGAACGGA	13.882491454667456	0.9996714824900167	11.530213930805193	1.0	1257
k16_3d4353d6	ATTCCAATCCATTCCG	13.879839070931025	0.9994071016052175	10.66297975827606	1.0	40
k16_0d3560e8	AATCATCCCGAATGGA	13.878348305919253	1.0	13.880802970788421	0.9930191972076788	2
k16_3e4f53d5	ATTGCATTCCATTCCC	13.877411990937409	0.9999419244073567	13.507007268395158	1.0	1280
k16_477ef8f5	CACTCTTGTTGATTCC	13.876983678297774	1.0	13.896505041388119	0.9860383944153578	16
k16_abe3dcf4	GGGTTGATTCTATTCA	13.874758322943451	1.0	14.675884728011647	0.9930191972076788	872
k16_4f53f4f1	CATTCCATTTCATTAC	13.867780334608296	0.9997901539268639	12.173909688242876	1.0	2586
k16_ac8f53d4	GGTAGATTCCATTCCA	13.864796141298338	1.0	15.114326360209523	1.0	1618
k16_1683a0e8	ACCGGAATGGAATGGA	13.860675641913842	0.9996538133787815	11.358213522461131	1.0	179
k16_3eee83a0	ATTGTGTGGAATGGAA	13.858285804405403	1.0	15.058950467957876	0.9947643979057592	1525
k16_3a4f53d4	ATGGCATTCCATTCCA	13.858249592388711	0.9999484703041724	13.11798555170524	0.9982547993019197	52
k16_520e83a0	CCAGAATGGAATGGAA	13.85804632930266	1.0	15.502785176418332	1.0	2498
k16_58ba0e80	CCGAGTGGAATGGAAA	13.856552930022158	1.0	13.97330781292115	1.0	99
k16_1a83a0e8	ACGGGAATGGAATGGA	13.852268080759165	0.9996937601768722	11.477081271834251	1.0	39
k16_0cb3a0e8	AATAGTATGGAATGGA	13.850500184554411	0.999936100875418	13.004161219465628	1.0	104
k16_562c83a0	CCCGAGTAGAATGGAA	13.848998997988868	1.0	13.981527693704411	1.0	113
k16_3d7f11d4	ATTCCTTTACACTCCA	13.848354852891372	0.9999821878645921	14.134589650963512	0.9930191972076788	867
k16_3d472af8	ATTCCACTAGGGTTGA	13.844227667986774	1.0	13.984579063951957	1.0	120
k16_d0562e80	TCAACCCGAGTGGAAA	13.84400910303205	1.0	14.013050441162	1.0	146
k16_3a0a81a0	ATGGAAGGGAACGGAA	13.841753554275657	0.9999389895138227	12.981590874482585	0.9982547993019197	23
k16_3d7f51da	ATTCCTTTCCACTCGG	13.838611133973199	0.9998414438263051	12.230346948490887	1.0	153
k16_ab8f53d4	GGGTGATTCCATTCCA	13.837217702691516	0.999941290436212	13.373100575743601	1.0	854
k16_476af835	CACTCGGGTTGAATCC	13.836419634055686	1.0	13.863193941208221	1.0	22
k16_010562e8	AAACAACCCGAGTGGA	13.836084843785567	1.0	14.552278445651217	1.0	755
k16_1a0e83a3	ACGGAATGGAATGGAT	13.83361664197116	0.9999717460649332	14.257167351492619	1.0	2076
k16_35bd4f53	ATCCGTTCCATTCCAT	13.832844900289421	0.9998606050701301	12.50549166636767	1.0	737
k16_a0e81415	GGAATGGAACCAACCC	13.829946314973927	1.0	13.904163541989382	0.9808027923211169	62
k16_3dcf53f6	ATTCTATTCCATTTCG	13.82907502706717	0.9999376174546362	12.949505870141698	0.9842931937172775	7
k16_162e83a0	ACCGAGTGGAATGGAA	13.828547164853472	0.999976179794908	14.099556761948064	1.0	1147
k16_462e43a0	CACGAGTGCAATGGAA	13.82698726504236	1.0	13.940339489859651	0.9947643979057592	96
k16_3a0d1562	ATGGAATCACCCCGAG	13.825602932678303	1.0	13.843911918793202	0.9982547993019197	15
k16_3a2ec0a0	ATGGAGTGTAAAGGAA	13.825109586139721	0.9999827034506616	14.176965001297445	0.9947643979057592	962
k16_4f73d6fd	CATTCTATTCCGTTTC	13.824588700803016	0.9999921508912663	13.68246267864344	0.9947643979057592	3
k16_118b90e8	ACACGAGTGCAATGGA	13.824575568407893	1.0	13.937927793225182	0.9947643979057592	96
k16_158b20e8	ACCCGAGTAGAATGGA	13.82401955268904	1.0	13.950934521317528	1.0	108
k16_6f57d4f5	CGTTCCCTTCCATTCC	13.817770153965945	1.0	13.838502876059254	0.9965095986038395	17
k16_3a3d0562	ATGGATTCAACCCGAG	13.817107308548843	1.0	13.841468016875169	0.9982547993019197	20
k16_6afaf53d	CGGGTTGGTTCCATTC	13.816272277179753	1.0	13.888154048755107	0.9808027923211169	60
k16_150ba0e8	ACCCAAGTGGAATGGA	13.816140066682498	1.0	14.883062596562848	1.0	1286
k16_1a0e8fa0	ACGGAATGGATTGGAA	13.81419163841882	0.9993029650793165	10.445972519120755	1.0	40
k16_415cba0e	CAACCCTAGTGGAATG	13.811581790259915	1.0	13.956384329797762	1.0	124
k16_18b90e83	ACGAGTGCAATGGAAT	13.808630554531913	1.0	13.923117890644969	0.9947643979057592	97
k16_a0683415	GGAACGGAATCAACCC	13.806743811617542	1.0	13.894894929817314	1.0	74
k16_158ba028	ACCCGAGTGGAAAGGA	13.805802046062094	1.0	13.969370216532106	1.0	141
k16_6f73d4f5	CGTTCTATTCCATTCC	13.80478540362658	0.9996890235338964	11.549069227504127	1.0	693
k16_0d0561e8	AATCAACCCGACTGGA	13.80188322827121	1.0	13.876100455286663	1.0	62
k16_3c4f13d4	ATTACATTACATTCCA	13.7971915470899	0.9996404063408348	11.451863753418165	1.0	2596
k16_048ba0e8	AACAGAGTGGAATGGA	13.78749894360253	0.9995988457108842	11.24633957057781	1.0	1023
k16_3a0e8b80	ATGGAATGGAGTGAAA	13.785602214322752	0.9997550056367843	11.994628966045328	1.0	3785
k16_4f93d475	CATTGCATTCCACTCC	13.780916689295955	0.9996871446026102	11.571508464241798	1.0	1078
k16_0e8bb028	AATGGAGTGTAAAGGA	13.780394072113955	0.9999827249641543	14.178760509065585	0.9947643979057592	1032
k16_0560e43a	AACCCGAATGCAATGG	13.779769748698737	1.0	13.779769748698737	0.9895287958115183	0
k16_be4f53dc	GTTGCATTCCATTCTA	13.779619405054122	0.9994048504686802	10.719470407486854	0.9947643979057592	1003
k16_51dabefd	CCACTCGGGTTGTTTC	13.7795560606886	1.0	14.485243493545422	1.0	741
k16_0e8343d8	AATGGAATCAATTCGA	13.77942340989204	0.9998762175167687	12.415161076144598	0.9982547993019197	58
k16_4158ba02	CAACCCGAGTGGAAAG	13.777457828495665	1.0	13.943217758292292	1.0	143
k16_562e80a0	CCCGAGTGGAAAGGAA	13.776217667783225	1.0	13.94635115221528	1.0	147
k16_51dabe1d	CCACTCGGGTTGACTC	13.774826999415831	0.9999929319630766	13.833673204035449	1.0	179
k16_abe3d4f4	GGGTTGATTCCATTCA	13.769137130300692	1.0	14.198392701281284	1.0	407
k16_43b0e83a	CAATGTAATGGAATGG	13.766107901715959	0.9999627076385411	13.584504309594326	1.0	632
k16_53d4f58d	CCATTCCATTCCGATC	13.763522260529493	0.9995694837053644	11.04776697159421	0.9982547993019197	12
k16_0d4f50d4	AATCCATTCCAATCCA	13.762677870359434	0.9997410526210952	11.892100103992515	1.0	2699
k16_4f53d6f1	CATTCCATTCCGTTAC	13.76209943592725	0.999607006206027	11.237886776960185	1.0	593
k16_4e83a2e8	CATGGAATGGAGTGGA	13.761343906047575	0.9991774513193545	10.311921859202618	1.0	3095
k16_60e83a01	CGAATGGAATGGAAAC	13.759383720467738	0.9997440689927951	11.67224976639645	1.0	72
k16_4f53dcf9	CATTCCATTCTATTGC	13.758813886310612	0.9990373400226884	10.093712535300686	1.0	3664
k16_3a0e8351	ATGGAATGGAATCCAC	13.758401933802086	0.9999745657094895	14.004968817012617	1.0	1108
k16_0e43a0e4	AATGCAATGGAATGCA	13.75707663719161	0.9992118757247831	10.39163285527876	1.0	7629
k16_0d0662e8	AATCAACGCGAGTGGA	13.754749238633815	1.0	14.223595491594109	1.0	451
k16_0452e83a	AACACCAGTGGAATGG	13.753733065257741	1.0	14.042240467341879	0.9982547993019197	260
k16_0e8ba068	AATGGAGTGGAACGGA	13.749230564658697	0.9999343383217969	13.16204819712596	1.0	605
k16_476ab8f5	CACTCGGGGTGATTCC	13.7476608519861	1.0	13.763542023378909	0.9965095986038395	13
k16_0f83a0e4	AATTGAATGGAATGCA	13.747005184622669	0.9996333607357992	11.412852693733143	1.0	2229
k16_3d4f9bd4	ATTCCATTGCGTTCCA	13.745636847517822	0.9997354990351727	11.706980437347395	0.9982547993019197	449
k16_5394fd1d	CCATGCCATTTCACTC	13.740565358190539	1.0	14.864962562976178	0.9982547993019197	1386
k16_5bd4f51d	CCGTTCCATTCCACTC	13.7395948784784	0.9998427208342469	12.374781700613644	1.0	882
k16_3d4f51d9	ATTCCATTCCACTCGC	13.739523247721783	0.9999918675384666	13.631302602437891	1.0	31
k16_0e83b158	AATGGAATGTACCCGA	13.734039725778128	1.0	13.747488989954338	0.9947643979057592	11
k16_5fd4f73d	CCTTTCCATTCTATTC	13.732865939346924	0.9992503222211309	10.446825979672802	1.0	3735
k16_3d4f53a4	ATTCCATTCCATGGCA	13.73253471508146	0.9999458535415652	13.046523598780775	0.9965095986038395	99
k16_a0c83415	GGAATAGAATCAACCC	13.730931230582279	1.0	14.645881442767255	1.0	1040
k16_73d4fdbd	CTATTCCATTTCGTTC	13.730923386524818	0.9992454728370221	10.330056305258765	0.9808027923211169	1
k16_3f4753d4	ATTTCACTCCATTCCA	13.729895065529634	0.999707665469942	11.755911997748752	1.0	3989
k16_a0603a0c	GGAACGAAATGGAATA	13.729591411888832	0.9991525494835586	10.177306268648776	0.9808027923211169	1
k16_05a2e83a	AACCGGAGTGGAATGG	13.726117604609874	1.0	13.804994431008813	1.0	66
k16_6ac4f53d	CGGGTACATTCCATTC	13.724895701218074	1.0	13.727350366087242	0.9930191972076788	2
k16_560e8ba0	CCCGAATGGAGTGGAA	13.724605613724222	1.0	13.730734462727531	0.9930191972076788	5
k16_3d4751da	ATTCCACTCCACTCGG	13.720503697300947	1.0	13.831583016694156	0.9982547993019197	94
k16_b80e93a0	GTGAAATGGCATGGAA	13.720289049454003	1.0	14.849748401787695	0.9982547993019197	1395
k16_3e4762f8	ATTGCACTCGAGTTGA	13.719950290205661	0.9999326587989696	12.839159516974359	0.9930191972076788	6
k16_bb0283e0	GTGTAAAGGAATTGAA	13.717320173685113	1.0	14.770101250155927	0.9930191972076788	1262
k16_11d4f53d	ACACTCCATTCCATTC	13.716065229111873	0.9997085760385532	11.766025958343116	1.0	4431
k16_3c4f51da	ATTACATTCCACTCGG	13.715753632732433	1.0	13.871624317090225	1.0	134
k16_4f53d635	CATTCCATTCCGATCC	13.711665678925975	1.0	13.723897450492272	0.9965095986038395	10
k16_ae8f53d4	GGTGGATTCCATTCCA	13.710922727214637	1.0	14.286654235861878	1.0	576
k16_1583a2e8	ACCCGAATGGAGTGGA	13.709653854318267	1.0	13.719447553990877	0.9947643979057592	8
k16_4f53d47a	CATTCCATTCCACTGG	13.708297437641647	0.9996314787014086	11.371582009694409	1.0	1407
k16_47aefcf5	CACTGGTGTTTATTCC	13.706975533096365	1.0	14.011485568924167	0.9895287958115183	276
k16_4f93d4fd	CATTGCATTCCATTTC	13.70678414269628	0.99945407956108	10.858153637287367	1.0	1763
k16_5bd4753d	CCGTTCCACTCCATTC	13.704009095098332	0.999949213371555	13.335509189819495	1.0	606
k16_73dec53d	CTATTCTGTACCATTC	13.702125517731774	1.0	14.316884731427091	0.9930191972076788	624
k16_0562e832	AACCCGAGTGGAATAG	13.7003490449244	1.0	13.846262227863448	1.0	125
k16_0e8ba0f8	AATGGAGTGGAATTGA	13.699462190692161	0.9999770144533118	13.98483229902164	1.0	1018
k16_af8c53d4	GGTTGATACCATTCCA	13.695586788626704	1.0	13.718739181636392	0.9947643979057592	19
k16_4f53e4f1	CATTCCATTGCATTAC	13.695133861112136	0.9999728546092873	13.911037553948454	1.0	1060
k16_53d4f72d	CCATTCCATTCTAGTC	13.693148166289756	1.0	14.644763138033193	1.0	1097
k16_53d476ac	CCATTCCACTCGGGTA	13.692677685200547	1.0	13.79691672381258	0.9965095986038395	88
k16_4048ba0e	CAAACAGAGTGGAATG	13.6907910288655	1.0	14.255768283319341	0.9965095986038395	563
k16_3a0d3560	ATGGAATCATCCCGAA	13.69014661988433	1.0	14.082442870854392	0.9930191972076788	367
k16_4f5bd5f5	CATTCCGTTCCCTTCC	13.689497372029418	0.9999747421595454	13.327587470526156	0.9982547993019197	31
k16_8341d8b9	GAATCAACTCGAGTGC	13.688642100671812	0.9999526161792056	13.346251700170257	0.9930191972076788	540
k16_3e81a0e8	ATTGGAACGGAATGGA	13.68113519340454	0.9999828643887727	13.423647785372388	1.0	17
k16_341587a0	ATCAACCCGACTGGAA	13.680093494273942	1.0	13.754310721289396	1.0	62
k16_ce9ba0e8	TATGGCGTGGAATGGA	13.677625137184027	1.0	13.677625137184027	0.9930191972076788	0
k16_3d477bf8	ATTCCACTCTGTTTGA	13.676080450506506	1.0	14.24685841665196	0.9947643979057592	570
k16_3d4fd1da	ATTCCATTTCACTCGG	13.675551890888707	1.0	14.58004050748868	1.0	1024
k16_52dabe3d	CCAGTCGGGTTGATTC	13.673060592609385	1.0	13.723751370521054	1.0	42
k16_0d4f53d6	AATCCATTCCATTCCG	13.67285924866843	0.9999778946903046	14.446249826005829	0.9982547993019197	2541
k16_73d6fd3d	CTATTCCGTTTCATTC	13.670240991497906	1.0	13.686122162890715	0.9930191972076788	13
k16_1e43a0e8	ACTGCAATGGAATGGA	13.670101812399812	0.9992558441180506	10.419487921135767	1.0	1298
k16_6f51d4f5	CGTTCCACTCCATTCC	13.667436230821632	0.9999884108358684	13.987841880243215	1.0	604
k16_0d4f53c4	AATCCATTCCATTACA	13.66704446882346	0.9993966652040368	10.665319816163352	1.0	516
k16_476efbf5	CACTCGTGTTGTTTCC	13.663107072670815	1.0	13.676556336847025	0.9825479930191972	11
k16_3a0e83ee	ATGGAATGGAATTGTG	13.662751448171916	0.9999850024933354	14.382722631026644	0.9930191972076788	1583
k16_4f53c0f5	CATTCCATTAAATTCC	13.657709393504767	0.9994773779304166	10.965225704831454	1.0	5770
k16_5dabe3d4	CCTCGGGTTGATTCCA	13.65730612992331	1.0	13.681666838249637	0.9965095986038395	20
k16_390e83b0	ATGCAATGGAATGTAA	13.651837846652056	0.9990358147554372	10.067081051242477	1.0	1578
k16_3d4f6a38	ATTCCATTCGGGATGA	13.651051009520817	1.0	14.016900568134897	0.9930191972076788	339
k16_41783a0e	CAACCTGAATGGAATG	13.649870769446453	0.9999912296857596	13.522373300501673	0.9982547993019197	15
k16_4fd1d4f5	CATTTCACTCCATTCC	13.649853743685835	0.9998819229905616	12.94327476890334	1.0	4214
k16_110f53d4	ACACAATTCCATTCCA	13.64985049753558	1.0	14.8680446184081	0.9930191972076788	1558
k16_0d0552e8	AATCAACCCCAGTGGA	13.647033815086491	0.9999938168934837	14.02664101546096	1.0	516
k16_14f53d47	ACCATTCCATTCCACT	13.64692808155858	0.9991595082410929	10.242914128482477	0.9982547993019197	1025
k16_41587a0e	CAACCCGACTGGAATG	13.646154476549096	1.0	13.713353964544943	1.0	56
k16_3f83a0e8	ATTTGAATGGAATGGA	13.64525932914952	0.9994813905097645	10.93370685655896	1.0	2113
k16_6f53e4f5	CGTTCCATTGCATTCC	13.643308104538495	1.0	15.50569097354531	1.0	3096
k16_6af4f53d	CGGGTTCATTCCATTC	13.641815516016575	1.0	16.933298483852468	1.0	10325
k16_af8f50d4	GGTTGATTCCAATCCA	13.635576087123516	0.9999857722806086	14.155583788835294	1.0	1047
k16_6efcf53d	CGTGTTTATTCCATTC	13.633710107158869	0.9999916437566327	13.592142690711224	1.0	88
k16_2af8f53d	AGGGTTGATTCCATTC	13.632688106096385	1.0	14.625624632601482	1.0	1163
k16_2e83a068	AGTGGAATGGAACGGA	13.631193312331378	0.9998556691937922	12.525648745415856	1.0	1461
k16_4f53dcb5	CATTCCATTCTAGTCC	13.630094671515067	0.9994028235250207	10.708746682600689	1.0	1091
k16_3a0d05a2	ATGGAATCAACCGGAG	13.629898919479624	1.0	14.23661396819374	1.0	614
k16_3d4f51ca	ATTCCATTCCACTAGG	13.62877618805455	0.9999243777708458	13.126117406932611	1.0	1065
k16_0fabe0d4	AATTGGGTTGAATCCA	13.626572508567866	1.0	14.402811646130871	0.9930191972076788	837
k16_3dcf5bf4	ATTCTATTCCGTTTCA	13.625970038157016	0.9999909922893997	13.48384401599744	0.9947643979057592	3
k16_51dabd3d	CCACTCGGGTTCATTC	13.625832021026717	0.9999762771774586	13.721184609635666	1.0	614
k16_0c4f57dc	AATACATTCCCTTCTA	13.623812982155615	1.0	14.450097552521074	0.9930191972076788	908
k16_4f9bd4f5	CATTGCGTTCCATTCC	13.623778301383698	1.0	14.201980217788215	1.0	579
k16_0e834398	AATGGAATCAATGCGA	13.62367182098528	1.0	13.624899675479162	0.9773123909249564	1
k16_4f53c6f5	CATTCCATTACGTTCC	13.623661277382107	0.9999910613726156	13.494950411777044	0.9947643979057592	14
k16_b0283e0c	GTAAAGGAATTGAATA	13.621016612475373	0.999991729180279	14.474499989181218	0.9930191972076788	1399
k16_41d8b90e	CAACTCGAGTGCAATG	13.619528489654272	0.9999278043497879	12.73873771642297	0.9930191972076788	6
k16_150fa0e8	ACCCAATTGGAATGGA	13.617081290952896	1.0	14.167873233111344	0.9982547993019197	546
k16_1d6be3d4	ACTCCGGTTGATTCCA	13.614744796372836	1.0	14.21984561574242	1.0	612
k16_4f50d6f5	CATTCCAATCCGTTCC	13.611982396764136	1.0	14.001468151570457	1.0	364
k16_5314f93d	CCATACCATTGCATTC	13.611173410420722	0.9999940551562602	14.083331318200832	1.0	628
k16_0e43a0ea	AATGCAATGGAATGGG	13.611164109712819	1.0	14.81769562328729	0.9947643979057592	1536
k16_5fd3d4f5	CCTTTCATTCCATTCC	13.611129670768152	0.9992967676427006	10.507401967382474	1.0	1810
k16_0e03a0e9	AATGAAATGGAATGGC	13.609076859839302	0.9991414355611185	10.233377504766207	0.9965095986038395	1935
k16_0062e83a	AAAACGAGTGGAATGG	13.60867384364834	1.0	13.799402549675182	1.0	166
k16_1483a0e8	ACCAGAATGGAATGGA	13.606860797861106	1.0	14.870784814618563	1.0	1646
k16_3deb23d4	ATTCTGGTAGATTCCA	13.606108346634636	1.0	13.608563011503804	0.9930191972076788	2
k16_abe3d4f1	GGGTTGATTCCATTAC	13.601994682661152	1.0	14.063722970605154	0.9982547993019197	443
k16_1dbbf3d4	ACTCGTGTTTATTCCA	13.599952982381438	1.0	13.707616215376415	1.0	91
k16_3dcf7b14	ATTCTATTCTGTACCA	13.593246019096835	1.0	14.310187142057302	0.9930191972076788	756
k16_53e6f53d	CCATTGCGTTCCATTC	13.59318344906797	0.9997842156856701	11.936850645600456	1.0	585
k16_60f8f53d	CGAATTGATTCCATTC	13.59102767771868	0.9998584922347614	12.222075449831978	0.9982547993019197	54
k16_5bd5f53d	CCGTTCCCTTCCATTC	13.587385048969217	0.9999870812717196	13.8311608205141	0.9965095986038395	512
k16_341183a0	ATCAACACGAATGGAA	13.58549688076852	0.9999419140161478	12.945201922454592	1.0	140
k16_118ba028	ACACGAGTGGAAAGGA	13.584008441109713	1.0	14.186684524854114	0.9982547993019197	609
k16_3d4f93d5	ATTCCATTGCATTCCC	13.581670093166348	0.9999925790149384	14.630915464595196	1.0	1773
k16_ba0c82a0	GTGGAATAGAAGGGAA	13.577164499364908	0.9998732917680643	12.696070296422993	0.9930191972076788	1769
k16_3a0e81b0	ATGGAATGGAACGTAA	13.572296257775943	0.9993416721527321	10.49090707773931	0.9947643979057592	12
k16_4764f8f5	CACTCGCATTGATTCC	13.56907667995207	1.0	13.56907667995207	0.9685863874345549	0
k16_83a07834	GAATGGAACTGAATCA	13.567347624392252	0.999843939994928	12.270789073888556	1.0	524
k16_3a0d0e62	ATGGAATCAATGCGAG	13.566676036367912	1.0	13.566676036367912	0.9685863874345549	0
k16_43eaf835	CAATTGGGTTGAATCC	13.566641370841772	1.0	14.376903358201488	0.9930191972076788	885
k16_6af8f50d	CGGGTTGATTCCAATC	13.565908009482682	1.0	14.145754517396528	1.0	581
k16_0f62e83a	AATTCGAGTGGAATGG	13.564283772946599	1.0	13.575297023591203	0.9825479930191972	9
k16_1d93e3d4	ACTCGCATTGATTCCA	13.561127085251576	1.0	13.561127085251576	0.9685863874345549	0
k16_834178b9	GAATCAACCTGAGTGC	13.559601562889616	1.0	15.849511991257543	0.9947643979057592	4569
k16_1d4f53d6	ACTCCATTCCATTCCG	13.559208478922592	0.9993944955273819	10.657561803158698	1.0	604
k16_53e4f73d	CCATTGCATTCTATTC	13.55517086658423	0.9998902189781022	12.99210767668217	1.0	3594
k16_0682a0e8	AACGGAAGGGAATGGA	13.54808543956038	0.9997495953281643	11.647739323382098	0.9982547993019197	77
k16_0d0460e8	AATCAACACGAATGGA	13.547835863979014	0.9999406935466106	12.915203349211394	1.0	147
k16_3a0dc562	ATGGAATCTACCCGAG	13.543474446671272	1.0	13.629312575240682	0.9982547993019197	72
k16_4f53d446	CATTCCATTCCACACG	13.54217840417683	0.9999632811926269	13.090963389546033	1.0	50
k16_4f53deb2	CATTCCATTCTGGTAG	13.54049960259191	1.0	13.54049960259191	0.9930191972076788	0
k16_3683a0e8	ATCGGAATGGAATGGA	13.539380082300648	0.9992616581257813	10.376290279902827	1.0	365
k16_0e834108	AATGGAATCAACAAGA	13.539255195797402	0.9999199084129146	13.07503032104683	0.9982547993019197	1216
k16_53d4f511	CCATTCCATTCCACAC	13.53756693231997	0.9999704644174993	14.447336301039599	1.0	4552
k16_4f53ecf5	CATTCCATTGTATTCC	13.536361619446152	0.9999370501297358	13.685971595411255	1.0	4562
k16_3a0d0720	ATGGAATCAACTAGAA	13.536129002849936	0.9999902166522362	14.232209460540842	0.9965095986038395	1133
k16_34150b90	ATCAACCCAAGTGCAA	13.535995046454039	1.0	13.727799609910628	0.9930191972076788	167
k16_3d4f5324	ATTCCATTCCATAGCA	13.534468662317165	0.9999056354508739	12.517362363581544	1.0	23
k16_3a0d0422	ATGGAATCAACAAGAG	13.53428556702012	1.0	13.93218643817873	0.9912739965095986	373
k16_ba0eb3a0	GTGGAATGGTATGGAA	13.531953993133879	0.9999591651013289	13.453583102074193	1.0	766
k16_3d4f57d6	ATTCCATTCCCTTCCG	13.528627717156779	0.9997583351148372	11.671377146361483	0.9982547993019197	46
k16_3415bba0	ATCAACCCGTGTGGAA	13.526856325224417	1.0	14.053975826072756	1.0	518
k16_0d056ee8	AATCAACCCGTGTGGA	13.5267100644264	1.0	14.05808537527044	1.0	523
k16_2ec3a0e8	AGTGTAATGGAATGGA	13.526450194654759	0.9998197037131019	12.418929816266878	1.0	5631
k16_198ba0e8	ACGCGAGTGGAATGGA	13.52459343174679	1.0	13.553777306567957	1.0	24
k16_3d476ff8	ATTCCACTCGTTTTGA	13.524428908089055	1.0	13.533002024996433	0.9982547993019197	7
k16_50f4f53d	CCAATTCATTCCATTC	13.523265372212121	0.9992635469506026	10.386889673502706	1.0	479
k16_0560e8ba	AACCCGAATGGAGTGG	13.522492949040736	1.0	13.529844449642281	0.9930191972076788	6
k16_0e83a2e0	AATGGAATGGAGTGAA	13.522146508327795	0.9996934671507771	11.697584894427173	1.0	5293
k16_83a0ec39	GAATGGAATGTAATGC	13.522046965246064	0.999972354765762	13.718533537585351	0.9965095986038395	887
k16_3a3e8341	ATGGATTGGAATCAAC	13.521409872339449	0.9996161883235959	11.328631032952996	1.0	2033
k16_34108ba0	ATCAACAAGAGTGGAA	13.519597264670734	1.0	13.917498135829344	0.9930191972076788	373
k16_0e8340d9	AATGGAATCAAATCGC	13.519166132141423	1.0	13.519166132141423	0.9930191972076788	0
k16_4353d6f5	CAATCCATTCCGTTCC	13.518968506626994	1.0	13.569659284538663	1.0	42
k16_0e83a06c	AATGGAATGGAACGTA	13.516849224105599	0.999413257084301	10.657075368124646	1.0	209
k16_0fbba0e8	AATTGTGTGGAATGGA	13.512568400090789	1.0	15.06525739924633	0.9947643979057592	2271
k16_0560e83b	AACCCGAATGGAATGT	13.51135036670192	1.0	13.519923483609299	0.9860383944153578	7
k16_43d4f13d	CAATTCCATTACATTC	13.510955194136981	0.9999395303524037	13.083746346723679	1.0	535
k16_0e83a064	AATGGAATGGAACGCA	13.507609759133413	0.999971626241943	13.847188372387455	1.0	1260
k16_3d4f5110	ATTCCATTCCACACAA	13.507204312507954	0.9999600341526332	13.821846795015494	0.9947643979057592	1995
k16_576af8f5	CCCTCGGGTTGATTCC	13.502905265957622	1.0	13.52726597428395	0.9982547993019197	20
k16_3d476af0	ATTCCACTCGGGTTAA	13.501666909578956	1.0	13.666331375930563	0.9982547993019197	142
k16_0e8341f8	AATGGAATCAACTTGA	13.495429982342712	0.9999124082476394	13.120420881355692	1.0	2139
k16_3d4f51fa	ATTCCATTCCACTTGG	13.49540980854248	0.999829038863926	12.347778028323582	1.0	1949
k16_3a0643a0	ATGGAACGCAATGGAA	13.493772212730759	0.9997358193708978	11.7143834833997	1.0	805
k16_1dbfe3d4	ACTCGTTTTGATTCCA	13.492637699302215	1.0	13.502431398974823	0.9982547993019197	8
k16_3d435bd4	ATTCCAATCCGTTCCA	13.491143651290637	0.9998043789030171	11.976367091580403	1.0	373
k16_af8350d4	GGTTGAATCCAATCCA	13.490265633731472	1.0	13.941250690447822	0.9616055846422339	431
k16_8fe3d4f5	GATTTGATTCCATTCC	13.488222095933569	0.9991823758123605	10.300325406309494	1.0	2148
k16_662e83a0	CGCGAGTGGAATGGAA	13.487497036489902	1.0	13.51668091131107	1.0	24
k16_4158390e	CAACCCGAATGCAATG	13.485011948628223	1.0	13.485011948628223	0.987783595113438	0
k16_560e43a0	CCCGAATGCAATGGAA	13.477737401258967	1.0	14.036890526640292	0.9912739965095986	556
k16_476ff8f5	CACTCGTTTTGATTCC	13.477729898816323	1.0	13.487523598488933	0.9982547993019197	8
k16_4f57d6f5	CATTCCCTTCCGTTCC	13.476881498389965	1.0	13.565032616589736	0.9982547993019197	74
k16_64f8f53d	CGCATTGATTCCATTC	13.47496595083536	1.0	13.476193805329242	0.9720767888307156	1
k16_4f53c7f5	CATTCCATTACTTTCC	13.474569266281009	0.9995095273003434	10.956207187425166	1.0	1058
k16_4f9394f5	CATTGCATGCCATTCC	13.474291135984664	1.0	13.488956866193131	1.0	12
k16_41583a2e	CAACCCGAATGGAGTG	13.473642539117654	1.0	13.47854769947406	0.9930191972076788	4
k16_4f5bc4f5	CATTCCGTTACATTCC	13.473432013354525	1.0	13.502615888175692	1.0	24
k16_4f52f8f5	CATTCCAGTTGATTCC	13.473006070540968	0.999951896796764	13.55447911429497	1.0	1522
k16_0e8190e8	AATGGAACGCAATGGA	13.468641429836246	0.9996775908684684	11.480403582084953	1.0	916
k16_0481a0e8	AACAGAACGGAATGGA	13.464766015842477	0.9999936046660357	13.97795555167401	1.0	680
k16_4f51dabc	CATTCCACTCGGGTTA	13.463445782471998	1.0	13.634670587056979	0.9982547993019197	148
k16_3d6f50d4	ATTCCGTTCCAATCCA	13.460561343750593	0.9994295818835206	10.667218116131473	1.0	76
k16_a0e83515	GGAATGGAATCCACCC	13.45973453382234	1.0	14.26227018393177	1.0	874
k16_93e3d4f5	GCATTGATTCCATTCC	13.457160692533613	0.9997430249632893	11.68476786306365	0.9790575916230366	449
k16_4d58ba0e	CATCCCGAGTGGAATG	13.456009190578333	1.0	13.526721815151088	1.0	59
k16_3d476a38	ATTCCACTCGGGATGA	13.455227474753407	1.0	13.525940099326162	1.0	59
k16_3562e83a	ATCCCGAGTGGAATGG	13.45072463527717	1.0	13.516751174080575	1.0	55
k16_af8f73d0	GGTTGATTCTATTCAA	13.450322660760488	1.0	14.831121115666186	0.9930191972076788	1884
k16_50d7f53d	CCAATCCTTTCCATTC	13.448907926131858	0.9994361772819718	10.740926512429377	1.0	611
k16_3a0d056e	ATGGAATCAACCCGTG	13.447530466737904	1.0	14.827857140060825	1.0	1883
k16_3dcbe3d4	ATTCTAGTTGATTCCA	13.446223251043968	0.9999949299830662	14.312969848605954	0.9965095986038395	1195
k16_353d4f13	ATCCATTCCATTACAT	13.445717322194906	0.999342555268523	10.541337788787851	1.0	634
k16_3d4768f8	ATTCCACTCGGATTGA	13.445232953392816	1.0	13.505380398867187	1.0	50
k16_358ba0e8	ATCCGAGTGGAATGGA	13.444582790031204	1.0	14.020314298678445	1.0	576
k16_0d0572e8	AATCAACCCTAGTGGA	13.44117670524598	1.0	14.01278144383179	1.0	571
k16_4018ba0e	CAAAACGAGTGGAATG	13.43571499780162	1.0	13.591585682159412	0.9982547993019197	134
k16_3a010562	ATGGAAACAACCCGAG	13.435335761128334	1.0	14.37930889134978	1.0	1085
k16_0d0e62e4	AATCAATGCGAGTGCA	13.431007614477975	1.0	13.431007614477975	0.9668411867364747	0
k16_4fd3d4f9	CATTTCATTCCATTGC	13.430421793987476	0.9999293856092427	13.509674831895397	1.0	4157
k16_7f53e4f5	CTTTCCATTGCATTCC	13.429507284962593	1.0	15.490709683980674	1.0	3727
k16_51d3be3d	CCACTCATGTTGATTC	13.429053819123416	1.0	13.598095157253365	0.9965095986038395	146
k16_4c53d4f9	CATACCATTCCATTGC	13.424785289788028	1.0	13.450353302264986	0.9965095986038395	21
k16_4f72f8f5	CATTCTAGTTGATTCC	13.423436578244235	1.0	14.476809657754421	0.9965095986038395	1263
k16_20d0560e	AGAATCAACCCGAATG	13.423069961417095	1.0	14.418473190071206	1.0	1167
k16_4f5396f5	CATTCCATGCCGTTCC	13.417707513592658	1.0	13.609512077049246	0.9965095986038395	167
k16_3e477af8	ATTGCACTCTGGTTGA	13.416922724978884	1.0	13.975241909257873	0.9982547993019197	555
k16_7f11d4f5	CTTTACACTCCATTCC	13.41622491225955	1.0	14.504680843536933	0.9947643979057592	1323
k16_83a0e819	GAATGGAATGGAACGC	13.4125336895598	0.999989893426179	14.185317167836205	1.0	1259
k16_a0d0462c	GGAATCAACACGAGTA	13.410466670307107	1.0	13.420260369979717	0.987783595113438	8
k16_bd4f5bdc	GTTCCATTCCGTTCTA	13.409478403853386	0.9999584889995848	12.913997115141028	0.9773123909249564	13
k16_1a0d0562	ACGGAATCAACCCGAG	13.407128392244596	1.0	13.851809419363159	0.9982547993019197	424
k16_0e43ace8	AATGCAATGGTATGGA	13.40491566199581	0.9999224462663416	13.015399312516928	1.0	1057
k16_53d4c93d	CCATTCCATAGCATTC	13.402453559436452	0.9999070881423823	12.464093539325072	1.0	25
k16_0dc520e8	AATCTACCAGAATGGA	13.397531487242565	1.0	13.399986152111733	0.9930191972076788	2
k16_0f0562e8	AATTAACCCGAGTGGA	13.397343406970286	1.0	13.469225178545642	0.9982547993019197	60
k16_0d0122e8	AATCAAACAGAGTGGA	13.396437588625933	1.0	14.27510366199433	0.9947643979057592	985
k16_543e83a0	CCCAATTGGAATGGAA	13.396117677846222	1.0	14.16372423974266	0.9982547993019197	825
k16_4f50d4f9	CATTCCAATCCATTGC	13.395374579384796	1.0	15.0310496883578	1.0	2475
k16_0daba3d4	AATCGGGTGGATTCCA	13.390169688315453	1.0	13.391397542809337	0.9668411867364747	1
k16_183a0e80	ACGAATGGAATGGAAA	13.390085184272762	0.9999698397737983	13.374824083133161	0.9982547993019197	482
k16_0118ba0e	AAACACGAGTGGAATG	13.390016184849864	1.0	13.520302010304311	0.9982547993019197	111
k16_4f5bd435	CATTCCGTTCCAATCC	13.3898464361445	1.0	13.41541444862146	1.0	21
k16_34358ba0	ATCAATCCGAGTGGAA	13.389580590732692	1.0	13.434329318011757	1.0	37
k16_43d6f53d	CAATTCCGTTCCATTC	13.388035837297108	0.9999794355046013	13.160506485083317	1.0	42
k16_0e8ba028	AATGGAGTGGAAAGGA	13.384542855136202	0.9998919692652559	12.906757850011736	1.0	2539
k16_053d4f53	AACCATTCCATTCCAT	13.381073667069499	0.9997231015362738	11.761814347554557	1.0	2501
k16_01583a0e	AAACCCGAATGGAATG	13.375529350803658	1.0	13.382880851405204	0.9965095986038395	6
k16_0d4f5bd4	AATCCATTCCGTTCCA	13.374440221710216	0.999822840783469	12.104157346496434	1.0	607
k16_010162e8	AAACAAACCGAGTGGA	13.373311291344237	1.0	13.541259655771132	0.9982547993019197	145
k16_51dbfe3d	CCACTCGTTTTGATTC	13.373162178351206	1.0	13.38417542899581	0.9982547993019197	9
k16_1dabe3d6	ACTCGGGTTGATTCCG	13.371878557973826	1.0	13.815656756546701	0.9982547993019197	423
k16_43ace83a	CAATGGTATGGAATGG	13.370142486710218	0.9999780074774577	13.52729662994699	0.9982547993019197	553
k16_53d4e93d	CCATTCCATGGCATTC	13.369370831668407	1.0	13.868951767984425	0.9982547993019197	486
k16_0683a3e8	AACGGAATGGATTGGA	13.367924732062837	0.9993334554110969	10.510541844461667	1.0	556
k16_0d8380e8	AATCGAATGAAATGGA	13.366629165035354	0.9995622983048332	11.046145973599085	0.9982547993019197	536
k16_20e8390c	AGAATGGAATGCAATA	13.366167118116206	0.9995057713156049	10.978683974445943	0.9982547993019197	2010
k16_3a0e89a0	ATGGAATGGAGCGGAA	13.3634515305066	0.9998622370582313	12.142542960225136	1.0	26
k16_0dabe3f4	AATCGGGTTGATTTCA	13.360910261794764	1.0	13.581463791216587	0.9912739965095986	194
k16_3a0e8394	ATGGAATGGAATGCCA	13.360878633516549	0.9998996207096816	12.643193477839873	0.9982547993019197	603
k16_3d6f53d5	ATTCCGTTCCATTCCC	13.358822240611005	0.9999680497571781	12.988510404153123	0.9982547993019197	24
k16_d4f51da8	TCCATTCCACTCGGGA	13.358534520546769	1.0	13.41868196602114	1.0	50
k16_4f93d4e5	CATTGCATTCCATGCC	13.358013031514824	1.0	14.004507744170166	0.9982547993019197	664
k16_20ec3a0e	AGAATGTAATGGAATG	13.35704890486391	0.9999689669542395	13.849576897134984	1.0	1708
k16_3c158ba0	ATTAACCCGAGTGGAA	13.348949405008767	1.0	13.420831176584121	0.9982547993019197	60
k16_4373d4f5	CAATCTATTCCATTCC	13.3486668948095	1.0	14.103226961888057	1.0	807
k16_0e83415a	AATGGAATCAACCCGG	13.346872942221589	1.0	13.361538672430056	0.9982547993019197	12
k16_5fd4f52d	CCTTTCCATTCCAGTC	13.346817063843753	0.9999910793933987	14.365391662688998	1.0	1711
k16_4158ba06	CAACCCGAGTGGAACG	13.346247859675842	1.0	13.512007789472468	1.0	143
k16_034158fa	AAATCAACCCGATTGG	13.34574329652376	1.0	13.569456077100643	0.9912739965095986	197
k16_4f53dc75	CATTCCATTCTACTCC	13.34503717943018	0.9998715304294452	12.693618644628184	1.0	2436
k16_a0e8341c	GGAATGGAATCAACTA	13.344723412735544	0.9999356604744748	13.134902014072068	0.9982547993019197	1029
k16_475af8f5	CACTCCGGTTGATTCC	13.343806729641965	1.0	13.944053995649499	0.9982547993019197	606
k16_83a0ec18	GAATGGAATGTAACGA	13.343667773343416	0.9999674680373467	12.962481048179267	0.9965095986038395	15
k16_50fabe0d	CCAATTGGGTTGAATC	13.342477260414507	1.0	14.240388645648617	0.9930191972076788	1014
k16_83a0e8b9	GAATGGAATGGAGTGC	13.33981934754347	0.9994489869837625	10.835267531963579	1.0	2180
k16_1a0e83ac	ACGGAATGGAATGGTA	13.33620726586585	0.9991542550854532	10.142449144697975	0.9703315881326352	5
k16_20e83b06	AGAATGGAATGTAACG	13.335305754370388	1.0	13.338986187270487	0.9947643979057592	3
k16_0d0d62e8	AATCAATCCGAGTGGA	13.335198404906357	1.0	13.381137501814202	1.0	38
k16_51da3e3d	CCACTCGGATTGATTC	13.333422533256009	1.0	13.381739426940438	1.0	40
k16_53d6f50d	CCATTCCGTTCCAATC	13.333242448993031	1.0	13.350338038447646	1.0	14
k16_3d4b6af8	ATTCCAGTCGGGTTGA	13.332956047011606	1.0	13.755811707627476	1.0	400
k16_51dbbf3d	CCACTCGTGTTTATTC	13.332412564781292	1.0	13.440075797776268	1.0	91
k16_f53d6f50	TTCCATTCCGTTCCAA	13.331890199937686	0.9999781707050862	13.074402791905534	1.0	17
k16_3a2e81a0	ATGGAGTGGAACGGAA	13.33123028795412	0.9999299785267483	13.069300705477064	1.0	1055
k16_0d056224	AATCAACCCGAGAGCA	13.330728393854653	1.0	13.338079894456198	0.9930191972076788	6
k16_114ba0e8	ACACCAGTGGAATGGA	13.328647242367163	1.0	13.92564971096765	0.9965095986038395	602
k16_4390e834	CAATGCAATGGAATCA	13.327723531489728	0.9996996771529394	11.563304297657412	0.9965095986038395	1083
k16_0d83a0e9	AATCGAATGGAATGGC	13.326012853773847	0.999979525189136	13.166811594923203	1.0	101
k16_36af8fd3	ATCGGGTTGATTTCAT	13.323130362775116	1.0	13.537344559198983	0.9930191972076788	188
k16_3a2e8341	ATGGAGTGGAATCAAC	13.323067206865838	0.9999223479394702	13.277865650954814	1.0	2869
k16_056ee83a	AACCCGTGTGGAATGG	13.322822563476258	1.0	13.37232688753807	1.0	41
k16_4f13d4fd	CATTACATTCCATTTC	13.322017783082892	0.9998496538081107	12.221526965011305	1.0	480
k16_0d3562e8	AATCATCCCGAGTGGA	13.321555669082223	1.0	13.382880851405204	1.0	51
k16_53e4f63d	CCATTGCATTCGATTC	13.320277158155292	0.9998450285147533	12.297221881227792	1.0	940
k16_34d58ba0	ATCATCCCGAGTGGAA	13.316721571583495	1.0	13.378046753906476	1.0	51
k16_4f5bd476	CATTCCGTTCCACTCG	13.316068630230996	0.9998592342342343	12.155336805323632	1.0	133
k16_282a0e83	AGGAAGGGAATGGAAT	13.312334195559163	0.9999919251461044	15.275925358641974	1.0	5355
k16_51daae3d	CCACTCGGGGTGATTC	13.312005231867373	1.0	13.33877953901991	0.9965095986038395	22
k16_1ebbf3d4	ACTGGTGTTTATTCCA	13.309904948404972	1.0	13.990520855844421	0.9895287958115183	708
k16_4f53d4bd	CATTCCATTCCAGTTC	13.307628340890808	0.999974000891398	14.104918209499406	1.0	2386
k16_a0e83b15	GGAATGGAATGTACCC	13.305235473577424	1.0	13.884259920079366	0.9982547993019197	580
k16_4f51e476	CATTCCACTGCACTCG	13.304204755896905	1.0	13.87498272204236	0.987783595113438	570
k16_3da8e3d4	ATTCGGGATGATTCCA	13.30372671572748	1.0	14.0742165460198	0.9930191972076788	829
k16_51eabe3d	CCACTGGGGTTGATTC	13.302244349232938	0.9999934913630387	13.95262107278331	1.0	865
k16_afaf53d4	GGTTGGTTCCATTCCA	13.299137316442748	1.0	13.819421300172907	0.9842931937172775	510
k16_0e81b0e8	AATGGAACGTAATGGA	13.298170241494406	0.9990942839252169	10.051303021269911	0.9947643979057592	15
k16_a0e43a01	GGAATGCAATGGAAAC	13.29777825410236	0.9999021308777081	12.529743696955572	0.9790575916230366	322
k16_53d6f57d	CCATTCCGTTCCCTTC	13.297668568151744	0.9999581904841542	13.12174836093723	0.9982547993019197	418
k16_3a3e81a0	ATGGATTGGAACGGAA	13.294439549680357	0.9995308730229648	10.9587174862432	1.0	617
k16_0d1562e8	AATCACCCCGAGTGGA	13.294286566593854	1.0	13.308952296802321	0.9982547993019197	12
k16_3d476ab8	ATTCCACTCGGGGTGA	13.293866139438439	1.0	13.30974731083125	0.9982547993019197	13
k16_43d4f5fd	CAATTCCATTCCTTTC	13.293393435820073	0.9995595721954806	11.147432389931225	1.0	2675
k16_34558ba0	ATCACCCCGAGTGGAA	13.290093332801572	1.0	13.304759063010037	0.9982547993019197	12
k16_462e80a0	CACGAGTGGAAAGGAA	13.289715906965576	1.0	14.20596850066165	0.9982547993019197	1042
k16_4e8390e8	CATGGAATGCAATGGA	13.287590115077311	0.9992499127805559	10.380404990114462	0.9982547993019197	1130
k16_6f13d4f5	CGTTACATTCCATTCC	13.287023564278199	0.9990933721838201	10.131866404636265	1.0	1383
k16_1dabe3f4	ACTCGGGTTGATTTCA	13.285608210286233	1.0	14.78324492818482	1.0	2142
k16_83415889	GAATCAACCCGAGAGC	13.28404800757938	1.0	13.291399508180925	0.9930191972076788	6
k16_1d4f5be4	ACTCCATTCCGTTGCA	13.28403621851106	1.0	13.3059792833429	0.9965095986038395	18
k16_0e43a0eb	AATGCAATGGAATGGT	13.281663808598255	0.9995388855702623	11.037789823019596	1.0	1394
k16_4753d6f9	CACTCCATTCCGTTGC	13.280120240848381	1.0	13.292352012414678	0.9965095986038395	10
k16_0c0452e8	AATAAACACCAGTGGA	13.278988517421574	1.0	14.0480374338029	0.9895287958115183	827
k16_13d4f5bd	ACATTCCATTCCGTTC	13.278544520367058	0.9998280890253262	12.190416980917984	1.0	1023
k16_69f8f53d	CGGCTTGATTCCATTC	13.277179253405004	1.0	13.288192504049608	0.9808027923211169	9
k16_0e834378	AATGGAATCAATCTGA	13.275375998862378	1.0	14.261507266887337	0.9930191972076788	1152
k16_04058ba0	AACAAACCGAGTGGAA	13.272914680335766	1.0	13.453924394727267	0.9982547993019197	157
k16_ba0e8fa0	GTGGAATGGATTGGAA	13.271985249406383	0.9995012495720182	10.999447620103906	1.0	3851
k16_3e83a0d8	ATTGGAATGGAATCGA	13.271845034582475	0.9999475956902696	12.795905726736878	1.0	119
k16_3d4f52da	ATTCCATTCCAGTCGG	13.270765761257987	0.9999655109976806	13.181342366852832	0.9982547993019197	399
k16_11abe3d4	ACACGGGTTGATTCCA	13.265931198998832	1.0	14.850506799977296	1.0	2348
k16_436af8fd	CAATCGGGTTGATTTC	13.265884352294789	1.0	13.481157040524721	0.9895287958115183	189
k16_3a068ba0	ATGGAACGGAGTGGAA	13.264638956644692	0.999696044012827	11.481172709242173	1.0	618
k16_41a0e8ba	CAACGGAATGGAGTGG	13.263393156273281	1.0	13.275624927839576	0.9965095986038395	10
k16_53dcbe3d	CCATTCTAGTTGATTC	13.263010416333296	1.0	14.460464895404625	0.9965095986038395	1519
k16_308ba0e8	ATAAGAGTGGAATGGA	13.260720039578251	1.0	13.271733290222855	0.924956369982548	9
k16_a0eb3415	GGAATGGTATCAACCC	13.258479247504637	1.0	13.675826583047947	0.9930191972076788	394
k16_4f53d466	CATTCCATTCCACGCG	13.258245311478921	0.9999651020764264	12.861204265069043	0.9947643979057592	2
k16_8be3e4f5	GAGTTGATTGCATTCC	13.257908674566565	1.0	13.261589107466666	0.987783595113438	3
k16_0e81a0f8	AATGGAACGGAATTGA	13.257360220754755	0.9997050094754533	11.467294697841131	1.0	357
k16_e8390e80	TGGAATGCAATGGAAA	13.257240735834037	0.9999347394267675	13.63396091908193	1.0	5540
k16_6af8c53d	CGGGTTGATACCATTC	13.250820919478565	1.0	13.520091729957304	0.987783595113438	241
k16_0d0720e8	AATCAACTAGAATGGA	13.25041645383024	0.99999503887045	14.34429056471408	0.9965095986038395	1599
k16_3a0e81ac	ATGGAATGGAACGGTA	13.248600485978914	0.999248928278428	10.28516682184238	0.9947643979057592	17
k16_a0e8f435	GGAATGGATTCAATCC	13.247203367321761	1.0	13.248431221815643	0.9930191972076788	1
k16_51da8e3d	CCACTCGGGATGATTC	13.246257431885198	1.0	13.293385917055902	1.0	39
k16_158ba068	ACCCGAGTGGAACGGA	13.245338977310851	1.0	13.413287341737746	1.0	145
k16_5fc4753d	CCTTTACACTCCATTC	13.244851592106368	0.9999791388518025	13.90663680325115	0.9947643979057592	1474
k16_0283a0c0	AAAGGAATGGAATAAA	13.241795622431699	0.9999847012927408	15.14221173247161	1.0	7873
k16_10162e83	ACAAACCGAGTGGAAT	13.240628661420711	1.0	13.399803298633357	0.9982547993019197	137
k16_34048ba0	ATCAAACAGAGTGGAA	13.240382999817259	1.0	14.246222913927541	0.9947643979057592	1184
k16_bd476af8	GTTCCACTCGGGTTGA	13.238164810426454	1.0	13.38961842120488	1.0	130
k16_53d4f9dd	CCATTCCATTGCTCTC	13.238108647699978	1.0	13.272099618090976	1.0	28
k16_180e8320	ACGAAATGGAATAGAA	13.237272299925653	0.9999366150871939	12.926508943179652	0.9825479930191972	578
k16_20a83b3d	AGAAGGGAATGTATTC	13.23631906741012	1.0	14.374734168359629	0.9930191972076788	1411
k16_0e43a0ec	AATGCAATGGAATGTA	13.23511563345514	0.9991130434782609	10.187635703321607	1.0	2820
k16_1d6f53d4	ACTCCGTTCCATTCCA	13.234930032353112	0.9999133489830322	12.705384073230586	1.0	591
k16_4c53d476	CATACCATTCCACTCG	13.233400661283813	0.9999763503925835	12.958860964058452	0.9965095986038395	3
k16_3a0a8341	ATGGAAGGGAATCAAC	13.23299589629853	0.9999506290679591	13.048097669284525	1.0	518
k16_380e8390	ATGAAATGGAATGCAA	13.231167680390609	0.9994560866584186	10.853360368005037	1.0	2464
k16_3d4e5bd4	ATTCCATGCCGTTCCA	13.229509663702318	0.9999582166882547	12.904564438945869	0.9965095986038395	162
k16_0c8390e8	AATAGAATGCAATGGA	13.225838048084665	0.9998555366699848	12.661326066907902	1.0	5025
k16_390ec3a0	ATGCAATGTAATGGAA	13.22512456307939	0.9999531428154921	13.451687772619318	1.0	1515
k16_e93a0e80	TGGCATGGAATGGAAA	13.223016107236601	0.9999758428432007	13.913109884340697	1.0	1728
k16_4f5394e5	CATTCCATGCCATGCC	13.21994181665051	1.0	13.350227642104956	1.0	111
k16_b90683a0	GTGCAACGGAATGGAA	13.219763236077638	1.0	13.220991090571522	0.9947643979057592	1
k16_23e3d4f5	AGATTGATTCCATTCC	13.218555460343696	1.0	14.257652985263599	0.9947643979057592	1239
k16_0d5f53d4	AATCCCTTCCATTCCA	13.218419860771913	1.0	13.27384672084546	1.0	46
k16_0462e839	AACACGAGTGGAATGC	13.218335884051934	1.0	13.245110191204471	1.0	22
k16_10e43a0e	ACAATGCAATGGAATG	13.218154710204693	1.0	14.311224552159352	0.9616055846422339	1331
k16_5fe4f13d	CCTTTGCATTACATTC	13.215774631830708	1.0	13.219455064730807	0.9301919720767888	3
k16_0d0062e8	AATCAAAACGAGTGGA	13.213579211588003	1.0	13.486921201186718	1.0	245
k16_62e43a02	CGAGTGCAATGGAAAG	13.211806550019299	0.999963929735124	12.813538693234133	0.9860383944153578	1
k16_552e83a0	CCCCAGTGGAATGGAA	13.211633612225759	1.0	13.86907285461673	1.0	678
k16_4f57d4f9	CATTCCCTTCCATTGC	13.210928577220727	1.0	14.431233080050616	0.9982547993019197	1562
k16_340d9ba0	ATCAAATCGCGTGGAA	13.210777799737322	1.0	13.210777799737322	0.9930191972076788	0
k16_50d4f5bd	CCAATCCATTCCGTTC	13.210727588443183	0.9993294572692556	10.48716527590863	1.0	554
k16_ba0e8301	GTGGAATGGAATAAAC	13.210372309441462	0.9999638423526576	13.497449973557739	0.9947643979057592	1173
k16_53c6f53d	CCATTACGTTCCATTC	13.209822772875164	0.9993681750989462	10.494067483939881	0.9930191972076788	12
k16_3c4f51d4	ATTACATTCCACTCCA	13.208957500969436	0.9997733759631522	11.882733039628782	1.0	1137
k16_3d475af8	ATTCCACTCCGGTTGA	13.208101946123769	1.0	13.259978202962612	1.0	43
k16_34018ba0	ATCAAAACGAGTGGAA	13.205853086897656	1.0	13.475123897376394	0.9982547993019197	241
k16_0e93a028	AATGGCATGGAAAGGA	13.204456712792874	0.9993423701516575	10.539655853893482	0.9982547993019197	941
k16_1dabefd4	ACTCGGGTTGTTTCCA	13.204242356640375	1.0	14.42560089392254	1.0	1564
k16_53d4f6ec	CCATTCCATTCGTGTA	13.20295211467433	1.0	13.21883328606714	0.9947643979057592	13
k16_32ce83a0	ATAGTATGGAATGGAA	13.202760124715539	0.9998240404706917	12.097628046106188	1.0	765
k16_4308ba0e	CAATAAGAGTGGAATG	13.201669618868776	1.0	13.21390139043507	0.9179755671902269	10
k16_0e8fa068	AATGGATTGGAACGGA	13.201180327275008	0.9995017832994598	10.871886421403808	1.0	625
k16_0e43b0e8	AATGCAATGTAATGGA	13.201007119681687	0.9999635066093585	13.812323242584963	1.0	2337
k16_4f13d0f5	CATTACATTCAATTCC	13.200563371025094	0.9994760575477776	10.793092901125348	0.9982547993019197	483
k16_51cabe3d	CCACTAGGGTTGATTC	13.20015894405556	1.0	13.5915189711829	1.0	366
k16_53d4363d	CCATTCCAATCGATTC	13.19922718667181	0.9999886076237782	13.145034396055697	0.9982547993019197	77
k16_390e8fa0	ATGCAATGGATTGGAA	13.197562559027732	0.9999621138772657	13.758288886464143	1.0	2216
k16_4168ba0e	CAACCGGAGTGGAATG	13.197331966754296	1.0	13.272715505267353	1.0	63
k16_6a0e83a0	CGGGAATGGAATGGAA	13.197106493150908	0.9997197826606978	11.60522647228406	1.0	914
k16_1580a0e8	ACCCGAAAGGAATGGA	13.195188441921532	1.0	13.206201692566134	0.9982547993019197	9
k16_120683a0	ACAGAACGGAATGGAA	13.193800350575206	0.999993394587525	13.931328948549147	1.0	992
k16_0562e8ba	AACCCGAGTGGAGTGG	13.193360949559343	1.0	13.3078482856724	1.0	97
k16_2fcf53d4	AGTTTATTCCATTCCA	13.189614183614237	0.9998681214948082	12.41062021280714	0.9982547993019197	893
k16_3a0d0560	ATGGAATCAACCCGAA	13.188550295983708	0.9998777601209063	12.907952550172316	1.0	6579
k16_53e4fb3d	CCATTGCATTGTATTC	13.187871898900699	0.9999942602626504	14.133983190748502	0.9703315881326352	1329
k16_4f7bd6f5	CATTCTGTTCCGTTCC	13.186939755704497	0.9999394594594595	12.885491339453893	0.9947643979057592	488
k16_434158ba	CAATCAACCCGAGTGG	13.186753688568269	1.0	13.311417035786633	1.0	106
k16_4f53d444	CATTCCATTCCACACA	13.184560855797264	0.9999600106153639	13.820997385207072	0.9982547993019197	2787
k16_53d4f70d	CCATTCCATTCTAATC	13.181663348695082	0.9999584418462902	13.29662280482872	1.0	909
k16_0162ec3a	AAACCGAGTGTAATGG	13.181338212386088	1.0	13.209317806425865	0.9720767888307156	23
k16_bf8f50d4	GTTTGATTCCAATCCA	13.175688044473233	1.0	13.234656790873874	0.9842931937172775	49
k16_1d83b0e8	ACTCGAATGTAATGGA	13.175152090969906	1.0	13.283954918420878	1.0	92
k16_3d4f7af8	ATTCCATTCTGGTTGA	13.174481174130431	1.0	13.576106399081667	1.0	377
k16_476af8fd	CACTCGGGTTGATTTC	13.174390344490808	1.0	14.669850376609858	1.0	2137
k16_41483a0e	CAACCAGAATGGAATG	13.170105522400494	1.0	13.866726368293554	1.0	729
k16_51dafefd	CCACTCGGTTTGTTTC	13.168375085839617	1.0	13.328649361370015	0.9965095986038395	138
k16_3f4f53f6	ATTTCATTCCATTTCG	13.164638274148892	1.0	13.169543434505298	0.9930191972076788	4
k16_475bd4f5	CACTCCGTTCCATTCC	13.164146988478574	1.0	13.743171434980514	1.0	580
k16_5a2e83a0	CCGGAGTGGAATGGAA	13.163955872618473	1.0	13.769864032430165	1.0	613
k16_0d0366e8	AATCAAATCGCGTGGA	13.16352464008307	1.0	13.16352464008307	0.9930191972076788	0
k16_0e8fa3d0	AATGGATTGGATTCAA	13.162990899101473	1.0	14.014683274192096	0.9616055846422339	945
k16_51dabc3d	CCACTCGGGTTAATTC	13.16214892414816	1.0	13.232861548720914	0.9982547993019197	59
k16_a0e80411	GGAATGGAAACAACAC	13.159728849294979	0.9999804504222709	13.697165508987183	0.9895287958115183	1074
k16_3d4f5198	ATTCCATTCCACGCGA	13.158587124909713	0.9999626377732113	12.762771846530766	0.9930191972076788	3
k16_0f4f53d4	AATTCATTCCATTCCA	13.156871747667141	0.9999557870705317	13.676144897194016	1.0	2478
k16_4154ba0e	CAACCCCAGTGGAATG	13.156188421070285	0.9999946558358273	14.236999155226062	1.0	1574
k16_53e4f50d	CCATTGCATTCCAATC	13.154829748008611	0.999079626556439	10.156749951610804	1.0	6039
k16_154ba0e8	ACCCCAGTGGAATGGA	13.153958770353857	0.9999929221077963	13.831663101219217	1.0	904
k16_3d4c53e4	ATTCCATACCATTGCA	13.152352022681294	0.999918557774533	12.94481646633972	1.0	1357
k16_83a3e839	GAATGGATTGGAATGC	13.152103846588185	0.9999935037515835	13.955369577695201	1.0	1093
k16_51d4f63d	CCACTCCATTCGATTC	13.151500136802984	0.9999575936967271	13.101301622451615	1.0	563
k16_6f53f4f5	CGTTCCATTTCATTCC	13.151487786632844	1.0	14.267975064036511	1.0	1372
k16_5396f53d	CCATGCCGTTCCATTC	13.151100936451755	1.0	13.335357595030107	0.9947643979057592	160
k16_0d05a2e8	AATCAACCGGAGTGGA	13.150314946169285	1.0	13.203375708613518	0.9982547993019197	44
k16_394e83a0	ATGCCATGGAATGGAA	13.148913503427428	0.9998872858431019	12.475979738436724	0.9965095986038395	659
k16_4fd0d4f5	CATTTCAATCCATTCC	13.1488587711706	1.0	14.134369784600121	1.0	1151
k16_3d4f511a	ATTCCATTCCACACGG	13.148462845009579	1.0	13.201523607453812	1.0	44
k16_283a0ec3	AGGAATGGAATGTAAT	13.147904760392324	0.9999508164469801	13.185212818406065	1.0	928
k16_3d4663f8	ATTCCACGCGATTTGA	13.147187285243332	1.0	13.147187285243332	0.9930191972076788	0
k16_3d4f5fde	ATTCCATTCCTTTCTG	13.14706331042766	0.9999464690137945	13.506324318493656	0.9982547993019197	2415
k16_2e41a0e8	AGTGCAACGGAATGGA	13.146685986869457	1.0	13.526763680833582	0.9947643979057592	354
k16_83c558b8	GAATTACCCCGAGTGA	13.145952221720695	1.0	13.145952221720695	0.912739965095986	0
k16_476ab0f5	CACTCGGGGTAATTCC	13.145803730125952	1.0	13.154376847033328	0.9162303664921466	7
k16_43d4753d	CAATTCCACTCCATTC	13.143409079586347	0.9999763693936387	13.944903329037231	1.0	1961
k16_4353d476	CAATCCATTCCACTCG	13.142836177644783	0.9998970122097747	12.315554476357052	0.9982547993019197	121
k16_0283a0e0	AAAGGAATGGAATGAA	13.142673929989751	0.9999548181430257	14.105018766211256	1.0	7685
k16_4f73d435	CATTCTATTCCAATCC	13.142044988956993	0.999843834047648	12.140443532685467	1.0	535
k16_4378ba0e	CAATCTGAGTGGAATG	13.141935176398741	1.0	13.187874273306585	0.9616055846422339	38
k16_4663f8f5	CACGCGATTTGATTCC	13.140071187632493	1.0	13.140071187632493	0.9930191972076788	0
k16_0e804148	AATGGAAACAACCAGA	13.13982603847697	1.0	15.241372189762282	0.987783595113438	3866
k16_0f1562e0	AATTACCCCGAGTGAA	13.138592609744995	1.0	13.138592609744995	0.912739965095986	0
k16_0562e83b	AACCCGAGTGGAATGT	13.138254496037156	1.0	13.180619533473726	1.0	35
k16_396f53d4	ATGCCGTTCCATTCCA	13.137648619935446	0.9999663499826141	12.913734757297453	0.9947643979057592	152
k16_53d4f5b1	CCATTCCATTCCGTAC	13.134720908891557	0.9995844352096713	10.972762076895462	0.9965095986038395	9
k16_4f73dec5	CATTCTATTCTGTACC	13.13366651358042	1.0	14.3165861057456	0.9930191972076788	1492
k16_3a0f1562	ATGGAATTACCCCGAG	13.133448933713323	1.0	13.142022050620701	0.9197207678883071	7
k16_3e47eaf8	ATTGCACTTGGGTTGA	13.131851806255272	1.0	13.712519907429323	0.9930191972076788	582
k16_1daac3d4	ACTCGGGGTAATTCCA	13.131534559657982	1.0	13.140107676565359	0.9197207678883071	7
k16_4148b90e	CAACCAGAGTGCAATG	13.131202024193085	1.0	13.692854084449108	0.9982547993019197	559
k16_5f14f53d	CCTTACCATTCCATTC	13.131097916117133	1.0	13.856236308953498	1.0	767
k16_158ba2e8	ACCCGAGTGGAGTGGA	13.12893603992328	1.0	13.24115225963686	1.0	95
k16_3d6f51da	ATTCCGTTCCACTCGG	13.127568062821924	1.0	13.282335745982335	1.0	133
k16_53d5f5bd	CCATTCCCTTCCGTTC	13.126076216437392	0.9998079268585477	11.892201217659602	0.9982547993019197	387
k16_4f5fd435	CATTCCTTTCCAATCC	13.124738479420857	1.0	14.169205904517407	1.0	1248
k16_0d83a3e8	AATCGAATGGATTGGA	13.121482675407435	0.9997263749657969	11.424139456157329	1.0	35
k16_162ec3a0	ACCGAGTGTAATGGAA	13.119536787163895	1.0	13.14389749549022	0.9616055846422339	20
k16_51d6be3d	CCACTCCGGTTGATTC	13.11940008567212	1.0	13.171276342510964	0.9982547993019197	43
k16_6f5fd4e5	CGTTCCTTTCCATGCC	13.119305953476662	1.0	13.119305953476662	0.924956369982548	0
k16_8180e838	GAACGAAATGGAATGA	13.118210644768094	1.0	13.130442416334391	0.9930191972076788	10
k16_058bb0e8	AACCGAGTGTAATGGA	13.115786807405076	1.0	13.144970682226242	0.9581151832460733	24
k16_0561e83a	AACCCGACTGGAATGG	13.11400679277921	1.0	13.608365210906884	0.9982547993019197	480
k16_61d4f53d	CGACTCCATTCCATTC	13.112459536142593	0.9991415116969031	10.19056843145708	1.0	1222
k16_198fe3d4	ACGCGATTTGATTCCA	13.110803736618156	1.0	13.110803736618156	0.9930191972076788	0
k16_476afbf5	CACTCGGGTTGTTTCC	13.109447949009596	1.0	14.564259429129216	1.0	2045
k16_4f7ac8f5	CATTCTGGTAGATTCC	13.10888717906897	1.0	13.493676572387116	0.9930191972076788	359
k16_1dbbefd4	ACTCGTGTTGTTTCCA	13.108031795444486	1.0	13.663846260181973	0.9842931937172775	552
k16_5198fe3d	CCACGCGATTTGATTC	13.107541796631317	1.0	13.107541796631317	0.9930191972076788	0
k16_34168ba0	ATCAACCGGAGTGGAA	13.106717747420982	1.0	13.15740852533265	0.9982547993019197	42
k16_1dab23d4	ACTCGGGTAGATTCCA	13.10168087132634	1.0	13.620250903321939	0.9982547993019197	508
k16_0dcf53d4	AATCTATTCCATTCCA	13.101669524097385	0.9999424896742825	13.296788308967695	1.0	1743
k16_562e81a0	CCCGAGTGGAACGGAA	13.099920832468083	1.0	13.255791516825875	1.0	134
k16_34158890	ATCAACCCGAGAGCAA	13.098920806985722	1.0	13.106272307587268	0.9930191972076788	6
k16_3d477ef8	ATTCCACTCTTGTTGA	13.098588019852272	1.0	13.859686081951203	0.9947643979057592	816
k16_1583a0e4	ACCCGAATGGAATGCA	13.097302605110823	1.0	13.17268614362388	1.0	63
k16_4f53d576	CATTCCATTCCCCTCG	13.095892340366166	0.9998502881952241	11.972950997871683	1.0	53
k16_562e83a2	CCCGAGTGGAATGGAG	13.095708399267206	1.0	13.135685801895798	1.0	33
k16_63d4f50d	CGATTCCATTCCAATC	13.094074811633108	0.9997975491538745	11.737095687576394	0.9982547993019197	113
k16_3a010462	ATGGAAACAACACGAG	13.093160984688542	1.0	13.66724320157546	0.9842931937172775	574
k16_4fd3d0f5	CATTTCATTCAATTCC	13.092537415373602	0.9997110204418636	11.567215664056983	1.0	1056
k16_3e776af8	ATTGCTCTCGGGTTGA	13.091899810752862	1.0	13.099251311354408	0.9930191972076788	6
k16_0e83a3e4	AATGGAATGGATTGCA	13.091424147728056	0.9999666698145175	13.614919560851835	1.0	1591
k16_1f8fa0e8	ACTTGATTGGAATGGA	13.091015536302999	1.0	13.849211480101692	0.9720767888307156	812
k16_7f50d4f5	CTTTCCAATCCATTCC	13.090386383991689	0.9999862762723611	13.743956404063068	1.0	1066
k16_465318f5	CACGCCATACGATTCC	13.090138741211685	1.0	13.090138741211685	0.9930191972076788	0
k16_3a0d0366	ATGGAATCAAATCGCG	13.089893186577621	1.0	13.089893186577621	0.9930191972076788	0
k16_2e83a3e8	AGTGGAATGGATTGGA	13.087453004623315	0.9995452703170257	11.132438020771595	1.0	5056
k16_2e03a4e8	AGTGAAATGGCATGGA	13.086868027519087	1.0	14.902907366293913	0.9982547993019197	2961
k16_a0d0162c	GGAATCAAACCGAGTA	13.08332613871344	1.0	13.09311983838605	0.9633507853403142	8
k16_4f5fd4f9	CATTCCTTTCCATTGC	13.082269616623744	0.999984826183937	14.36586165169659	1.0	2901
k16_4f5314f9	CATTCCATACCATTGC	13.082091296272377	0.9999925712969773	13.76187646527576	0.9982547993019197	907
k16_0562243a	AACCCGAGAGCAATGG	13.079235691868263	1.0	13.08169035673743	0.9982547993019197	2
k16_435bd4f5	CAATCCGTTCCATTCC	13.077829048608036	1.0	13.751530967164937	0.9982547993019197	699
k16_f4150fa0	TTCAACCCAATTGGAA	13.077632900611805	1.0	13.96362917351119	0.9930191972076788	996
k16_0e8f4150	AATGGATTCAACCCAA	13.076537158372517	1.0	15.483171081329031	0.9930191972076788	5053
k16_366e83a0	ATCGCGTGGAATGGAA	13.076211821126455	0.9999604085834192	12.679170774716574	0.9930191972076788	2
k16_194c63d4	ACGCCATACGATTCCA	13.075846107000768	1.0	13.075846107000768	0.9930191972076788	0
k16_53c4f50d	CCATTACATTCCAATC	13.075466241649378	0.9999525107563136	12.937985079036666	0.9982547993019197	461
k16_34148b90	ATCAACCAGAGTGCAA	13.073191330102519	1.0	13.992694743093343	0.9982547993019197	1047
k16_3a0d0962	ATGGAATCAAGCCGAG	13.072228520087846	1.0	13.079580020689392	0.9720767888307156	6
k16_3a0db3a6	ATGGAATCGTATGGCG	13.070744002930667	1.0	13.070744002930667	0.9930191972076788	0
k16_3d4f51ea	ATTCCATTCCACTGGG	13.070621907892573	0.9999916538692663	13.593889568424707	1.0	693
k16_558b80e9	CCCCGAGTGAAATGGC	13.070001676241416	1.0	13.085882847634227	0.9493891797556719	13
k16_4f13d435	CATTACATTCCAATCC	13.067863769941178	0.9999807266069192	13.25404528179011	1.0	446
k16_40d9ba0e	CAAATCGCGTGGAATG	13.065508521202128	1.0	13.065508521202128	0.9930191972076788	0
k16_e83a2ec0	TGGAATGGAGTGTAAA	13.06467369171014	1.0	14.573144847783203	0.9947643979057592	2167
k16_3a0e8f43	ATGGAATGGATTCAAT	13.061759295278687	0.9999897665755891	13.299801123897844	0.9947643979057592	358
k16_4f5394f9	CATTCCATGCCATTGC	13.061750428043217	1.0	13.912080788546762	0.9930191972076788	943
k16_30118ba0	ATAAACACGAGTGGAA	13.060220808613298	0.9999903655317263	13.386806462718729	1.0	455
k16_3e83a068	ATTGGAATGGAACGGA	13.058532947305793	0.9999823844419391	13.383797599023199	1.0	610
k16_4f50d7f5	CATTCCAATCCTTTCC	13.057782023428144	0.999992768191614	13.80062816123913	1.0	1000
k16_83a3e8f4	GAATGGATTGGATTCA	13.057583922433656	0.9999849315894159	13.609108110485986	0.9616055846422339	913
k16_15cba0e8	ACCCTAGTGGAATGGA	13.057366424052598	1.0	14.012153588275467	1.0	1102
k16_53d6f7bd	CCATTCCGTTCTGTTC	13.057116952820923	0.9999934406013656	13.9414135322174	1.0	1224
k16_341c83a0	ATCAACTAGAATGGAA	13.055617870519143	0.9999948825808168	14.299544531408896	0.9965095986038395	1903
k16_3a0e8120	ATGGAATGGAACAGAA	13.055014035324897	0.9991331722673695	10.25026381134018	1.0	9576
k16_6ef4f53d	CGTGTTCATTCCATTC	13.054193060278088	1.0	13.909963781006978	0.9982547993019197	951
k16_402e83a0	CAAAAGTGGAATGGAA	13.052872315861899	1.0	13.526149529029942	0.912739965095986	456
k16_0c8341d8	AATAGAATCAACTCGA	13.05205155496148	0.9998676127938996	12.028908727017923	0.9912739965095986	18
k16_4f5bdef5	CATTCCGTTCTGTTCC	13.051909534462286	1.0	14.079001900742337	1.0	1219
k16_a0e83715	GGAATGGAATCTACCC	13.051700949526001	1.0	14.28251130285758	1.0	1582
k16_53d4c73d	CCATTCCATACTATTC	13.048774094650703	0.9999334841027006	12.451907311960388	1.0	15
k16_876af8f5	GACTCGGGTTGATTCC	13.048267224552905	1.0	13.055618725154451	0.9895287958115183	6
k16_562e8380	CCCGAGTGGAATGAAA	13.047761230723404	1.0	13.140527232974348	1.0	78
k16_14f51dab	ACCATTCCACTCGGGT	13.043907587459303	1.0	13.04881274781571	0.9965095986038395	4
k16_4f13e4f5	CATTACATTGCATTCC	13.043449673038722	0.9999961087677246	14.694720118553244	1.0	2907
k16_341483a0	ATCAACCAGAATGGAA	13.043294907683075	1.0	13.06281627077342	1.0	16
k16_3d6f57d4	ATTCCGTTCCCTTCCA	13.041974151852356	0.9999351281219592	12.785801261149654	0.9965095986038395	541
k16_0d9ba0e8	AATCGCGTGGAATGGA	13.041081272733567	1.0	13.043535937602735	0.9930191972076788	2
k16_3dbbe3d4	ATTCGTGTTGATTCCA	13.03971124783282	1.0	13.61544275648006	1.0	576
k16_4f9354f5	CATTGCATCCCATTCC	13.038634490917572	1.0	13.054515662310381	0.9965095986038395	13
k16_122e83a0	ACAGAGTGGAATGGAA	13.036579290343216	0.9995723036735895	11.153875279110835	1.0	2294
k16_3f4f93d4	ATTTCATTGCATTCCA	13.035915665588957	0.9998680883807849	12.655469920679531	1.0	3182
k16_0522e43a	AACCAGAGTGCAATGG	13.035004745704242	1.0	13.715620653143691	0.9982547993019197	708
k16_1562e03a	ACCCCGAGTGAAATGG	13.034532637722258	1.0	13.051628227176872	0.9493891797556719	14
k16_4108ba0e	CAACAAGAGTGGAATG	13.034327395412644	1.0	13.869590110323838	0.9947643979057592	921
k16_b90e83e0	GTGCAATGGAATTGAA	13.034155051965833	1.0	13.154304586511433	0.9738219895287958	102
k16_aac3d4f4	GGGGTAATTCCATTCA	13.034141926383384	1.0	13.034141926383384	0.912739965095986	0
k16_3dabe1d4	ATTCGGGTTGACTCCA	13.0336116917222	1.0	13.0336116917222	0.956369982547993	0
k16_5194c63d	CCACGCCATACGATTC	13.032766841402957	1.0	13.032766841402957	0.9930191972076788	0
k16_0d0422e8	AATCAACAAGAGTGGA	13.032412736405794	1.0	13.847570026790294	0.9930191972076788	892
k16_314f51da	ATACCATTCCACTCGG	13.030469395453844	1.0	13.032924060323012	0.9965095986038395	2
k16_3a010162	ATGGAAACAAACCGAG	13.030254568243517	1.0	13.180601794313333	0.9982547993019197	129
k16_76bf8f50	CTCGGTTTGATTCCAA	13.03010175443039	1.0	13.041115005074994	0.9528795811518325	9
k16_560e8390	CCCGAATGGAATGCAA	13.028206537099676	1.0	13.097749066435188	0.9982547993019197	58
k16_0683a0fc	AACGGAATGGAATTTA	13.027995668569258	0.9999592706735273	12.63829365696282	0.9703315881326352	8
k16_3d576af8	ATTCCCCTCGGGTTGA	13.02784484488462	1.0	13.13436758253866	0.9947643979057592	90
k16_050c22e8	AACCAATAAGAGTGGA	13.027332270045038	1.0	13.027332270045038	0.912739965095986	0
k16_43d7f11d	CAATTCCTTTACACTC	13.02721321097989	1.0	14.733852202700355	0.9930191972076788	2659
k16_1ec3a0e8	ACTGTAATGGAATGGA	13.027101279556911	0.9996266965309442	11.071530023912533	1.0	30
k16_53d435fd	CCATTCCAATCCTTTC	13.026864281861414	0.9999428150710881	13.075012602850002	1.0	1073
k16_4f5fd475	CATTCCTTTCCACTCC	13.023671533682272	1.0	15.048510103059971	1.0	3605
k16_560283a0	CCCGAAAGGAATGGAA	13.022618082873956	1.0	13.03363133351856	0.9965095986038395	9
k16_53dabe1d	CCATTCGGGTTGACTC	13.022391918559808	1.0	13.022391918559808	0.9546247818499127	0
k16_3e4753d4	ATTGCACTCCATTCCA	13.02123497767792	0.9991222884983968	10.187415956241004	1.0	2424
k16_313d5f73	ATACATTCCCTTCTAT	13.020010531032527	1.0	14.456331290006803	0.9930191972076788	2004
k16_168ba0e8	ACCGGAGTGGAATGGA	13.019344482997507	1.0	13.626059531711624	1.0	614
k16_53d6f91d	CCATTCCGTTGCACTC	13.018202293556008	1.0	13.360990876506433	0.9947643979057592	315
k16_2f8f93d4	AGTTGATTGCATTCCA	13.017084155962149	1.0	13.459958960651697	0.9947643979057592	422
k16_30114ba0	ATAAACACCAGTGGAA	13.016182544624252	1.0	14.043274910904303	0.9895287958115183	1219
k16_476efcf5	CACTCGTGTTTATTCC	13.01613729512416	1.0	13.649229624100913	1.0	647
k16_7b0e83a0	CTGTAATGGAATGGAA	13.014950607680646	0.9994762587084343	10.764868152784658	0.9912739965095986	464
k16_7f53d4e5	CTTTCCATTCCATGCC	13.013497379283292	1.0	14.421861364657671	1.0	1943
k16_53c4f43d	CCATTACATTCAATTC	13.013056266804632	0.9991210422485692	10.109673159480298	1.0	485
k16_ac4f53d4	GGTACATTCCATTCCA	13.012576564275545	1.0	13.870382142561896	0.9965095986038395	954
k16_390683a2	ATGCAACGGAATGGAG	13.012338568045628	1.0	13.028219739438438	0.9965095986038395	13
k16_ba0e83ac	GTGGAATGGAATGGTA	13.011144925022782	0.999063075652671	10.086082891628704	0.9965095986038395	1891
k16_561e83a0	CCCGACTGGAATGGAA	13.008532762160181	1.0	13.43230443571664	0.9982547993019197	401
k16_3d4f9dda	ATTCCATTGCTCTCGG	13.00628199904954	1.0	13.030642707375867	0.9930191972076788	20
k16_3d477cfa	ATTCCACTCTTATTGG	13.004765860167044	1.0	13.004765860167044	0.912739965095986	0
k16_1d4f53c4	ACTCCATTCCATTACA	13.002688984967145	0.9994231169526302	10.727458134941427	1.0	1571
k16_3d4f5fda	ATTCCATTCCTTTCGG	13.002254903404058	0.9999893633994575	13.244057492707391	1.0	362
k16_0e82a0d0	AATGGAAGGGAATCAA	13.001989317289182	0.9994148667724783	10.680136137444075	1.0	1059
k16_0e53a0e8	AATGCCATGGAATGGA	13.001103872020082	0.9998941726950435	12.566940275640155	0.9982547993019197	989
k16_5f93d4f5	CCTTGCATTCCATTCC	12.999984624621195	0.999986993054291	12.953838936521572	1.0	84
k16_5bd4f50d	CCGTTCCATTCCAATC	12.999768746152414	1.0	13.56557610302322	1.0	564
k16_3e83a2e8	ATTGGAATGGAGTGGA	12.997546665442806	0.9995866029563475	11.224587322791848	1.0	3226
k16_542e83a0	CCCAAGTGGAATGGAA	12.997402401598348	1.0	14.907630624075518	1.0	3240
k16_50d4f51d	CCAATCCATTCCACTC	12.996557956269262	0.9999765122214741	14.44804867369578	1.0	5112
k16_4f53d6c5	CATTCCATTCCGTACC	12.996192743259666	0.9999444374991319	12.493403400061874	0.9965095986038395	7
k16_a0e83714	GGAATGGAATCTACCA	12.995309890264231	1.0	13.95957199538462	1.0	1117
k16_4fd3e4f5	CATTTCATTGCATTCC	12.99444045688701	1.0	14.679466898809716	1.0	2602
k16_2d0560e8	AGTCAACCCGAATGGA	12.994270503472986	1.0	12.99549835796687	0.93717277486911	1
k16_b41583a0	GTCAACCCGAATGGAA	12.99358463701666	1.0	12.994812491510544	0.9406631762652705	1
k16_1bd4f53d	ACGTTCCATTCCATTC	12.99280399603747	0.9999491383183433	13.005181376315115	0.9965095986038395	766
k16_4f62f8f5	CATTCGAGTTGATTCC	12.992276377996207	0.9999599001513769	12.963891603601294	0.9790575916230366	467
k16_435fd4f5	CAATCCTTTCCATTCC	12.991239172247942	1.0	14.01410602004406	1.0	1212
k16_1587a0e8	ACCCGACTGGAATGGA	12.990734338077594	1.0	13.419989909058186	0.9982547993019197	407
k16_380d0562	ATGAAATCAACCCGAG	12.990725054148895	1.0	14.674222598755907	1.0	2598
k16_3d476efc	ATTCCACTCGTGTTTA	12.988402267352095	0.9999898923535655	13.317641606076748	0.9982547993019197	458
k16_0e83a368	AATGGAATGGATCGGA	12.986146531869393	0.9999443787805048	12.491879661218835	0.9965095986038395	14
k16_0f50d4f5	AATTCCAATCCATTCC	12.98463001627366	0.9997102752385234	11.44983537035776	0.9982547993019197	481
k16_e83a0280	TGGAATGGAAAGGAAA	12.982864482148063	0.9999205614770548	13.501682198833416	1.0	10709
k16_0366e83a	AAATCGCGTGGAATGG	12.98259396121998	1.0	12.98259396121998	0.9930191972076788	0
k16_4fd1daac	CATTTCACTCGGGGTA	12.982431160426074	1.0	12.982431160426074	0.912739965095986	0
k16_1be3d4f5	ACGTTGATTCCATTCC	12.980132531241733	0.9996175881140721	11.222795044309658	0.9755671902268761	1168
k16_53d4763d	CCATTCCACTCGATTC	12.979996760822827	0.9999813279557846	13.763420641708958	1.0	1492
k16_1a0a83a0	ACGGAAGGGAATGGAA	12.979178750097763	0.9997399364701949	11.593127129287605	0.9982547993019197	613
k16_4f6af875	CATTCGGGTTGACTCC	12.977599834173652	1.0	12.977599834173652	0.9493891797556719	0
k16_6e83a0e0	CGTGGAATGGAATGAA	12.976996041270924	0.9999792559094728	13.14796262563091	0.9930191972076788	429
k16_53d46531	CCATTCCACGCCATAC	12.976657824561839	1.0	12.977885679055722	0.9930191972076788	1
k16_4e93a0e8	CATGGCATGGAATGGA	12.976138881660873	0.9995069188724178	10.824461281312862	1.0	411
k16_0122e83a	AAACAGAGTGGAATGG	12.975788396880711	1.0	14.345221293318694	0.9965095986038395	1860
k16_9a0e83a0	GCGGAATGGAATGGAA	12.975662827357427	0.9994131455399061	10.726471870701364	1.0	2199
k16_0fd3d4f5	AATTTCATTCCATTCC	12.974804583892794	0.9992263814249023	10.37821505078914	1.0	3666
k16_0e81a3e8	AATGGAACGGATTGGA	12.973127795054614	0.9998042478222571	11.975400576370747	0.9982547993019197	1040
k16_2f8f5fd4	AGTTGATTCCTTTCCA	12.97278920809192	1.0	13.447835001876252	0.9790575916230366	458
k16_0d4f53d5	AATCCATTCCATTCCC	12.972770064509195	0.9999262168078111	12.796664797112898	1.0	860
k16_3a0e8741	ATGGAATGGACTCAAC	12.972318295497976	1.0	13.007508541231623	0.9965095986038395	29
k16_3d0543e8	ATTCAACCCAATTGGA	12.970413313779012	1.0	14.18807935645322	0.9930191972076788	1557
k16_5f43d4f5	CCTTCAATTCCATTCC	12.970056958097562	0.9996737094762813	11.508604647180224	1.0	2563
k16_80e03b89	GAAATGAAATGTGAGC	12.968444943863734	1.0	13.139669748448714	1.0	148
k16_0e830118	AATGGAATAAACACGA	12.966884070748304	1.0	13.86017348731365	1.0	1007
k16_562e83b0	CCCGAGTGGAATGTAA	12.966678998110421	1.0	13.004264807886207	1.0	31
k16_158ba0c8	ACCCGAGTGGAATAGA	12.964781117347014	1.0	13.087189323544601	1.0	104
k16_4f71d4f5	CATTCTACTCCATTCC	12.964714836321784	1.0	14.646298977986392	1.0	2593
k16_43a0a83a	CAATGGAAGGGAATGG	12.964686553267502	0.9996206085438956	11.322430736139351	0.9982547993019197	2803
k16_34158ba2	ATCAACCCGAGTGGAG	12.964570774177863	1.0	13.584135045280814	1.0	630
k16_0762e43a	AACTCGAGTGCAATGG	12.962427333003744	0.999930671103716	12.797192448097201	0.9930191972076788	764
k16_1dafefd4	ACTCGGTTTGTTTCCA	12.962233115752143	1.0	13.461814052068162	0.9982547993019197	486
k16_03a0d046	AAATGGAATCAACACG	12.961317354709935	0.999991388886497	13.54880024919947	0.9930191972076788	778
k16_62e83a06	CGAGTGGAATGGAACG	12.957280936036195	0.9995464792114074	10.856061775462566	1.0	89
k16_1583a028	ACCCGAATGGAAAGGA	12.955131415008829	1.0	13.332374685412882	0.9825479930191972	351
k16_3a2d0560	ATGGAGTCAACCCGAA	12.95440152455515	1.0	12.95440152455515	0.956369982547993	0
k16_1d4f53d7	ACTCCATTCCATTCCT	12.952688937145734	0.9997596115322361	11.914276992981394	1.0	3046
k16_0283a3e8	AAAGGAATGGATTGGA	12.951709285851	0.9998837728554563	12.592894777571399	1.0	1592
k16_3e4c53d4	ATTGCATACCATTCCA	12.950609297481225	0.9997062156377219	11.301147101627734	1.0	36
k16_562e8320	CCCGAGTGGAATAGAA	12.949273249503538	1.0	13.070552561894837	1.0	103
k16_3d4f7ac8	ATTCCATTCTGGTAGA	12.948026507703503	1.0	13.342193385666098	0.9930191972076788	369
k16_9ba0e838	GCGTGGAATGGAATGA	12.94738097190589	1.0	13.395667673953433	0.9930191972076788	428
k16_3c0f53d6	ATTAAATTCCATTCCG	12.94666409627059	0.9998555205594244	11.902806057989077	0.9668411867364747	1
k16_60e8ba02	CGAATGGAGTGGAAAG	12.94655172343622	0.9997427910034009	11.420507532746242	0.9930191972076788	14
k16_3e83b0e8	ATTGGAATGTAATGGA	12.946221208538608	0.99993933984419	12.882643735627557	1.0	786
k16_562e8ba0	CCCGAGTGGAGTGGAA	12.945866498049668	1.0	13.046673195714312	0.9982547993019197	85
k16_b92e83a0	GTGCAGTGGAATGGAA	12.9456080068241	1.0	14.058123997828085	0.9982547993019197	1365
k16_63d4753d	CGATTCCACTCCATTC	12.945319979632039	0.9996928186766244	11.398900467777228	1.0	596
k16_5394f50d	CCATGCCATTCCAATC	12.944998033307897	0.9999857992871242	12.827171172287995	0.9947643979057592	23
k16_560f83a0	CCCGAATTGAATGGAA	12.94450762613117	1.0	12.949412786487576	0.9930191972076788	4
k16_36ce9ba0	ATCGTATGGCGTGGAA	12.944030583003524	1.0	12.944030583003524	0.9930191972076788	0
k16_35158b90	ATCCACCCGAGTGCAA	12.943445258251527	1.0	12.943445258251527	0.9616055846422339	0
k16_3a0c0462	ATGGAATAAACACGAG	12.941752449043788	1.0	13.468019279309383	1.0	517
k16_158ba0ec	ACCCGAGTGGAATGTA	12.940531952777206	1.0	12.979314054555	1.0	32
k16_283a1e83	AGGAATGGACTGGAAT	12.940229934550324	1.0	12.992106191389167	1.0	43
k16_562243a0	CCCGAGAGCAATGGAA	12.939484381234973	1.0	12.94193904610414	0.9912739965095986	2
k16_3e83a4e8	ATTGGAATGGCATGGA	12.938528725754837	0.9999715188972117	12.690695746804366	0.9947643979057592	25
k16_0e83c558	AATGGAATTACCCCGA	12.93843434504712	1.0	13.318512039011246	0.9650959860383944	354
k16_1283a0e8	ACAGGAATGGAATGGA	12.938089813690825	0.9998721672933408	12.63042439308539	1.0	2701
k16_0a0603a0	AAGGAACGAAATGGAA	12.936261671943727	1.0	13.095436309156373	0.9912739965095986	137
k16_63d4353d	CGATTCCAATCCATTC	12.936028117774228	0.9999015457320075	12.18395289648622	0.9982547993019197	42
k16_5bd4f63d	CCGTTCCATTCGATTC	12.933797655309778	0.9995704774858616	10.89346071635371	0.9982547993019197	22
k16_72d4f53d	CTAGTCCATTCCATTC	12.933195356805335	0.9999935318620475	13.961625616320164	1.0	1476
k16_0d4f57d4	AATCCATTCCCTTCCA	12.933083971419306	1.0	13.538992131230998	0.9982547993019197	613
k16_4f53d076	CATTCCATTCAACTCG	12.932823279691911	0.9997306683677085	11.380339080929218	1.0	35
k16_3a0e8da0	ATGGAATGGATCGGAA	12.932308777470519	0.9999421664449714	12.435612047573814	0.9947643979057592	12
k16_05e0e83a	AACCTGAATGGAATGG	12.931121658879555	0.9999916106678747	13.586441608888073	1.0	872
k16_0e8f4198	AATGGATTCAACGCGA	12.930085661633576	1.0	12.930085661633576	0.9755671902268761	0
k16_50d5f53d	CCAATCCCTTCCATTC	12.92916582261788	1.0	12.996365310613728	1.0	56
k16_1583e0e8	ACCCGAATTGAATGGA	12.928844469534592	1.0	12.934973318537901	0.9930191972076788	5
k16_50d6f53d	CCAATCCGTTCCATTC	12.928623675812046	0.9999386488952967	12.973558826686943	0.9982547993019197	1068
k16_562e83ac	CCCGAGTGGAATGGTA	12.928474878464566	1.0	12.930929543333734	0.9965095986038395	2
k16_3d4f5bde	ATTCCATTCCGTTCTG	12.927780315471756	0.9999930820742708	13.86464157520805	1.0	1313
k16_af8f33d4	GGTTGATTATATTCCA	12.926319624994413	1.0	12.93122478535082	0.9965095986038395	4
k16_158890e8	ACCCGAGAGCAATGGA	12.926300881316756	1.0	12.928755546185924	0.987783595113438	2
k16_390eb3a0	ATGCAATGGTATGGAA	12.923858009235726	0.999910883084973	12.814890014742423	1.0	1536
k16_0562e81a	AACCCGAGTGGAACGG	12.923632063582126	1.0	13.531959537500418	1.0	616
k16_4f53ccf6	CATTCCATTATATTCG	12.923423148805847	0.9996428765517402	11.284806087585126	0.9842931937172775	1048
k16_a0e83a15	GGAATGGAATGGACCC	12.92298824887482	1.0	13.722704030985097	1.0	870
k16_6f8353d4	CGTTGAATCCATTCCA	12.921537554977617	0.9999558901370347	12.523269698192452	0.9755671902268761	1
k16_390e83ac	ATGCAATGGAATGGTA	12.920359969424071	0.9994266914231734	10.723456955710725	0.9982547993019197	1479
k16_0e83ac28	AATGGAATGGTAAGGA	12.919307091256202	0.9999856856570284	13.683170231174252	1.0	1244
k16_4f53c4fd	CATTCCATTACATTTC	12.918467102177997	0.9998762730344811	12.415808321056058	1.0	1065
k16_3dabe3d4	ATTCGGGTTGATTCCA	12.917867785788802	0.9998697520948204	12.816397381460675	1.0	7604
k16_5f53e4f5	CCTTCCATTGCATTCC	12.915928118509155	1.0	14.093970023816922	1.0	1483
k16_47aaf8f5	CACTGGGGTTGATTCC	12.913335329486367	0.9999948961363753	14.303371012525652	1.0	2231
k16_34058bb0	ATCAAACCGAGTGTAA	12.91249356998626	1.0	12.940473164026036	0.9738219895287958	23
k16_5fd4f91d	CCTTTCCATTGCACTC	12.911695711802723	0.9999660456798787	12.900747705270012	0.987783595113438	363
k16_6f53d435	CGTTCCATTCCAATCC	12.911085186751208	1.0	13.466899651488696	1.0	552
k16_0d0162ec	AATCAAACCGAGTGTA	12.909905806275123	1.0	12.939089681096291	0.9738219895287958	24
k16_3d7f50d4	ATTCCTTTCCAATCCA	12.909479912031003	0.9994372620597187	10.783375641251824	1.0	2385
k16_41580a0e	CAACCCGAAAGGAATG	12.908105609274697	1.0	12.910560274143865	0.987783595113438	2
k16_0f5fc475	AATTCCTTTACACTCC	12.907034873685998	1.0	14.682745891378907	0.9930191972076788	2847
k16_0562a83a	AACCCGAGGGGAATGG	12.906974279075813	1.0	12.968299461398795	0.9947643979057592	51
k16_4f53f7f5	CATTCCATTTCTTTCC	12.905571757882166	0.9993664255563923	10.66727887324008	1.0	5110
k16_3e834058	ATTGGAATCAAACCGA	12.905334216618094	0.9999703365320439	12.63201924684904	0.9598603839441536	4
k16_4f53d456	CATTCCATTCCACCCG	12.903391240305108	0.9998581218166083	11.929017972102464	0.9982547993019197	59
k16_0442e83a	AACACAAGTGGAATGG	12.902217498521889	1.0	13.129082627157239	0.9860383944153578	200
k16_6ab0f53d	CGGGGTAATTCCATTC	12.901282367041048	1.0	13.281360061005174	0.9650959860383944	354
k16_1a0e83f0	ACGGAATGGAATTTAA	12.900751424651498	0.999850721760289	11.8556655318761	0.9668411867364747	0
k16_0e83ae03	AATGGAATGGTGAAAT	12.900325258623003	1.0	12.948642152307432	1.0	40
k16_0d62e83a	AATCCGAGTGGAATGG	12.899599371207596	1.0	13.41129316129879	1.0	500
k16_4158aa0e	CAACCCGAGGGGAATG	12.898176447979733	1.0	12.945304933150437	0.9947643979057592	39
k16_11dafe3d	ACACTCGGTTTGATTC	12.89771344330798	1.0	12.92810059448297	0.9738219895287958	25
k16_3a0e8b90	ATGGAATGGAGTGCAA	12.897459865776796	0.9991082017854351	10.16374591252588	1.0	2645
k16_283a0d15	AGGAATGGAATCACCC	12.895486876953049	0.9999850155837928	12.749680421893371	0.9930191972076788	0
k16_0db3a6e8	AATCGTATGGCGTGGA	12.894751765091259	1.0	12.894751765091259	0.9930191972076788	0
k16_4f5bd475	CATTCCGTTCCACTCC	12.892054870671057	0.9999937547619939	14.012217016100456	1.0	1650
k16_6394f53d	CGATGCCATTCCATTC	12.889604868506073	0.9999442361043342	12.48818393084504	0.9982547993019197	93
k16_2dbbe3d4	AGTCGTGTTGATTCCA	12.889280539507753	1.0	12.896632040109301	0.9930191972076788	6
k16_0e8f4358	AATGGATTCAATCCGA	12.889235506887356	1.0	12.89046336138124	0.9930191972076788	1
k16_f51d4f50	TTCCACTCCATTCCAA	12.888800488722893	0.999543040632333	11.07999159548847	1.0	3118
k16_0d4f53d7	AATCCATTCCATTCCT	12.88878255726188	0.9999513947020225	13.398844399150645	1.0	2099
k16_3d465318	ATTCCACGCCATACGA	12.886879928332206	1.0	12.886879928332206	0.9930191972076788	0
k16_68f8353d	CGGATTGAATCCATTC	12.885282365377597	1.0	12.886510219871479	0.9930191972076788	1
k16_ba0ec390	GTGGAATGTAATGCAA	12.884981614637944	1.0	13.266945835298303	0.9389179755671903	356
k16_4f6a38f5	CATTCGGGATGATTCC	12.884821719906952	1.0	13.992785671633156	0.9930191972076788	1357
k16_3a0d0552	ATGGAATCAACCCCAG	12.88478858078308	0.9999934301294264	13.939112254330912	1.0	1524
k16_3d4f91fa	ATTCCATTGCACTTGG	12.884484722044732	1.0	13.461040170058006	0.9947643979057592	577
k16_476bfbf5	CACTCGGTTTGTTTCC	12.882465112971405	1.0	13.467234176790987	0.9982547993019197	587
k16_a0cc3415	GGAATATAATCAACCC	12.882366120754629	1.0	12.887271281111035	0.9965095986038395	4
k16_43a3e83a	CAATGGATTGGAATGG	12.881100376874572	0.9998659400618016	12.662348436855588	1.0	4128
k16_4158ba2e	CAACCCGAGTGGAGTG	12.880499511622547	1.0	13.410174004678606	1.0	521
k16_8f8353d4	GATTGAATCCATTCCA	12.879201221187435	1.0	12.880429075681318	0.9930191972076788	1
k16_23e83a0e	AGATTGGAATGGAATG	12.877966815703942	0.9999204300754422	13.052701975407789	1.0	2407
k16_4753d476	CACTCCATTCCACTCG	12.875926304423214	0.9999384728973113	12.730545558496342	1.0	565
k16_4258ba0e	CAAGCCGAGTGGAATG	12.875822799892227	1.0	13.042677361960504	0.9895287958115183	144
k16_7f52f8f5	CTTTCCAGTTGATTCC	12.875187686141869	1.0	13.721424270770752	0.9912739965095986	937
k16_380e43a0	ATGAAATGCAATGGAA	12.87513998169529	0.9997671761718349	11.885157384278967	1.0	2121
k16_53d4e539	CCATTCCATGCCATGC	12.8749789027615	1.0	13.345599173199702	1.0	453
k16_4b6ef8f5	CAGTCGTGTTGATTCC	12.87425672888297	1.0	12.88770599305918	0.9982547993019197	11
k16_3a0eb0a0	ATGGAATGGTAAGGAA	12.874161084472759	0.9999798839977202	13.65596090141074	1.0	1489
k16_53d6f63d	CCATTCCGTTCGATTC	12.873175231031444	0.9998483439155579	12.08698559127045	0.9982547993019197	593
k16_1d4353d4	ACTCCAATCCATTCCA	12.872592032666667	0.9995830727538044	11.165438076600054	1.0	2169
k16_5fd4753d	CCTTTCCACTCCATTC	12.870935838520769	0.9998905139135625	12.876921183276615	1.0	3893
k16_abc3d4f4	GGGTTAATTCCATTCA	12.870902067997656	1.0	12.873356732866824	0.9650959860383944	2
k16_4058bb0e	CAAACCGAGTGTAATG	12.868107210782231	1.0	12.894881517934767	0.9738219895287958	22
k16_4f53e4b5	CATTCCATTGCAGTCC	12.867757608326235	1.0	13.26192448628883	1.0	369
k16_3d4e5394	ATTCCATGCCATGCCA	12.865490277215354	0.999147402275033	10.134774509976769	1.0	489
k16_3d47aaf8	ATTCCACTGGGGTTGA	12.864747642546883	0.9999935019786474	13.954975915406864	1.0	1592
k16_0562e838	AACCCGAGTGGAATGA	12.863247114473772	1.0	12.96061328577084	1.0	82
k16_0e8341db	AATGGAATCAACTCGT	12.861223620420326	1.0	12.87223687106493	0.9703315881326352	9
k16_4f51dab1	CATTCCACTCGGGTAC	12.859506138578118	1.0	12.859506138578118	0.9912739965095986	0
k16_0d6f53d4	AATCCGTTCCATTCCA	12.858529304589274	0.9999705177814631	13.407625076813877	1.0	1275
k16_3d0f5fc4	ATTCAATTCCTTTACA	12.858377724964324	0.9999915339973502	14.440850322632931	0.9930191972076788	3091
k16_0d0562f8	AATCAACCCGAGTTGA	12.85803028118314	1.0	12.886009875222916	1.0	23
k16_f5bd4f50	TTCCGTTCCATTCCAA	12.857318733174695	0.9999819527161162	13.348868156277922	1.0	828
k16_4158890e	CAACCCGAGAGCAATG	12.85589504402136	1.0	12.863246544622905	0.9930191972076788	6
k16_3a4e80a0	ATGGCATGGAAAGGAA	12.855820238133525	0.9992943904037095	10.437998381236705	0.9982547993019197	1336
k16_3dcf51da	ATTCTATTCCACTCGG	12.852254125374467	0.9999895392018411	13.268099730570812	1.0	559
k16_51df3ebd	CCACTCTTATTGGTTC	12.851439075968699	1.0	12.851439075968699	0.912739965095986	0
k16_1d476af8	ACTCCACTCGGGTTGA	12.850512595818731	1.0	13.47327137050593	1.0	634
k16_3a0e8383	ATGGAATGGAATGAAT	12.85040518060619	0.999742188883633	11.909930966181891	1.0	6922
k16_0d0442e8	AATCAACACAAGTGGA	12.848931382900616	1.0	13.013595849252223	0.9895287958115183	142
k16_7f53c4f5	CTTTCCATTACATTCC	12.846995458846838	1.0	14.384107958107618	1.0	2234
k16_4f5194c6	CATTCCACGCCATACG	12.845834527889407	1.0	12.845834527889407	0.9930191972076788	0
k16_3def53d4	ATTCTGTTCCATTCCA	12.845123869656026	0.9990666940436413	10.132787221454638	1.0	6628
k16_477bf8f4	CACTCTGTTTGATTCA	12.844154779135499	1.0	13.892785018425204	0.9930191972076788	1255
k16_56ee83a0	CCCGTGTGGAATGGAA	12.842507345796697	1.0	13.323726153723586	1.0	465
k16_3a3d0d60	ATGGATTCAATCCGAA	12.841644829250253	1.0	12.841644829250253	0.9930191972076788	0
k16_7f53d4b5	CTTTCCATTCCAGTCC	12.833771542813963	0.99991322106067	12.892411054940387	0.9982547993019197	2000
k16_0a8390e8	AAGGGAATGCAATGGA	12.832457369257638	0.999034686453193	10.019834488741168	1.0	1375
k16_3d476ac4	ATTCCACTCGGGTACA	12.832122465179868	0.9998747553816048	11.94398019134702	0.9912739965095986	0
k16_3e83a0ec	ATTGGAATGGAATGTA	12.830700471938247	0.9999340883874724	12.631237858863104	0.9965095986038395	501
k16_0e837148	AATGGAATCTACCAGA	12.830505779383989	1.0	13.987218374467941	1.0	1444
k16_42e43a0e	CAAGTGCAATGGAATG	12.829108411221739	1.0	13.537053615776749	0.9947643979057592	744
k16_6bf8f50d	CGGTTTGATTCCAATC	12.829000492805864	1.0	12.83390565316227	0.9267015706806283	4
k16_0f53d5f5	AATTCCATTCCCTTCC	12.82864865369608	0.9994479126852678	10.782496094368513	1.0	1862
k16_56ee83b0	CCCGTGTGGAATGTAA	12.82715857845841	1.0	12.829613243327579	0.9458987783595113	2
k16_66f8353d	CGCGTTGAATCCATTC	12.826736968476087	1.0	12.826736968476087	0.9755671902268761	0
k16_3d4f55da	ATTCCATTCCCCTCGG	12.825448970638073	1.0	12.885596416112445	0.9965095986038395	50
k16_18ba0e82	ACGAGTGGAATGGAAG	12.825188835723866	1.0	12.827643500593034	0.9947643979057592	2
k16_0d93a0e8	AATCGCATGGAATGGA	12.825033827757801	0.9999687709819964	12.557826948276945	0.9947643979057592	9
k16_9be0d4f5	GCGTTGAATCCATTCC	12.823582332939854	0.999921253642019	12.208406564134641	0.9773123909249564	0
k16_0e93a0e4	AATGGCATGGAATGCA	12.823073945866405	0.9999676786830141	12.971852343272147	0.9982547993019197	543
k16_3a0e839c	ATGGAATGGAATGCTA	12.820753856962721	0.9998798430750561	12.568995531198594	1.0	1910
k16_51d4f50d	CCACTCCATTCCAATC	12.820636011884242	0.9995298769771529	11.034797865914395	1.0	3042
k16_83a1e810	GAATGGACTGGAACAA	12.818803008887848	0.9999848798705717	12.73667432944811	0.9965095986038395	53
k16_6af8f33d	CGGGTTGATTATATTC	12.817677143836224	1.0	12.82258230419263	0.9965095986038395	4
k16_53d4f5ad	CCATTCCATTCCGGTC	12.815995244048187	0.9995836860437685	10.938536043641381	1.0	165
k16_0f83ac68	AATTGAATGGTACGGA	12.814739910472854	1.0	12.814739910472854	0.9930191972076788	0
k16_13d4753d	ACATTCCACTCCATTC	12.813566232104886	0.9999310310234996	13.034658393190611	1.0	1796
k16_48f8f50d	CAGATTGATTCCAATC	12.813443475153372	1.0	12.814671329647256	0.912739965095986	1
k16_0e81a4e8	AATGGAACGGCATGGA	12.812131126509103	0.9999669319459448	12.93890224549565	0.9947643979057592	517
k16_1dab13d4	ACTCGGGTACATTCCA	12.811714036394738	1.0	12.823945807961033	0.9930191972076788	10
k16_7a0683a0	CTGGAACGGAATGGAA	12.810123044419397	0.999653640539116	11.102903138897386	0.9912739965095986	65
k16_62e83a0d	CGAGTGGAATGGAATC	12.80837281760639	0.9994357104969134	10.644261533348711	1.0	481
k16_0f51dabe	AATTCCACTCGGGTTG	12.807947631211729	1.0	12.883331169724785	0.9982547993019197	63
k16_15bba0ec	ACCCGTGTGGAATGTA	12.806444205611028	1.0	12.808898870480196	0.9354275741710296	2
k16_118ba0e4	ACACGAGTGGAATGCA	12.805452262157148	1.0	12.833431856196924	1.0	23
k16_7f53dcf5	CTTTCCATTCTATTCC	12.803819445880675	0.9999946823077721	15.111715631322848	1.0	5878
k16_572e83a0	CCCTAGTGGAATGGAA	12.798824797663253	1.0	14.056597620049319	1.0	1634
k16_c48320e8	TACAGAATAGAATGGA	12.798753348087391	0.9998958464667285	12.751139430192438	0.9930191972076788	2258
k16_0b90e83a	AAGTGCAATGGAATGG	12.798209097833354	1.0	13.6196360400356	0.9947643979057592	901
k16_1562e83a	ACCCCGAGTGGAATGG	12.797199804038009	1.0	12.862052439234262	1.0	54
k16_562a83a0	CCCGAGGGGAATGGAA	12.796448745839465	1.0	12.860126521459405	0.9947643979057592	53
k16_83a0e8f8	GAATGGAATGGATTGA	12.795056122089846	0.9998822918469794	12.519512375401364	1.0	1550
k16_056ee83b	AACCCGTGTGGAATGT	12.79418152257722	1.0	12.796636187446389	0.9354275741710296	2
k16_4bd3d4f5	CAGTTCATTCCATTCC	12.79416084687242	1.0	13.795098783161617	0.9982547993019197	1176
k16_0462e838	AACACGAGTGGAATGA	12.793378655201904	1.0	12.803172354874514	0.9808027923211169	8
k16_0560283a	AACCCGAAAGGAATGG	12.792954135653321	1.0	12.79540880052249	0.9790575916230366	2
k16_3a068120	ATGGAACGGAACAGAA	12.792389648657524	0.9999751280903347	14.03722601270905	0.9947643979057592	3385
k16_4fd3d435	CATTTCATTCCAATCC	12.791954840012828	1.0	13.53334935349592	1.0	789
k16_4558ba0e	CACCCCGAGTGGAATG	12.791576793423832	1.0	13.133396456395745	0.9982547993019197	314
k16_34138ba0	ATCAACATGAGTGGAA	12.790157848789649	1.0	13.35845265099138	0.9930191972076788	567
k16_158aa0e8	ACCCGAGGGGAATGGA	12.787175482985035	1.0	12.84967744150124	0.9930191972076788	52
k16_3dc753d4	ATTCTACTCCATTCCA	12.786561102499368	0.9994532455437195	10.82774061562786	1.0	2919
k16_4f13d475	CATTACATTCCACTCC	12.786252575078906	0.999987704111745	13.90244588281383	1.0	1913
k16_3a6e83a0	ATGGCGTGGAATGGAA	12.784684884961088	0.9991345013927981	10.165570473863577	0.9947643979057592	1436
k16_0cc34158	AATATAATCAACCCGA	12.783546051960382	1.0	12.789674900963691	0.9965095986038395	5
k16_4753d435	CACTCCATTCCAATCC	12.782993296757873	1.0	14.032523515669057	1.0	1618
k16_4f1fd4f5	CATTACTTTCCATTCC	12.780473753526286	0.9999950518320592	14.348064584221758	1.0	2677
k16_2e83a0f0	AGTGGAATGGAATTAA	12.779189562028966	0.9999755201958385	12.909089230271348	0.9930191972076788	384
k16_0e83a1c8	AATGGAATGGACTAGA	12.778315329917604	1.0	14.443725903480644	1.0	2551
k16_1f83a028	ACTTGAATGGAAAGGA	12.778146493005194	1.0	13.73673110407807	0.9842931937172775	1108
k16_0e034118	AATGAAATCAACACGA	12.772745573433724	0.9999521130132887	12.707868104352741	1.0	426
k16_2ec0a0f8	AGTGTAAAGGAATTGA	12.772147202876207	1.0	14.75844205304413	0.9930191972076788	3479
k16_0e43a1d8	AATGCAATGGACTCGA	12.771610465443993	1.0	12.848159373340247	0.9965095986038395	64
k16_53dbbe3d	CCATTCGTGTTGATTC	12.771503430094162	0.9999884016284114	13.119183132479657	1.0	479
k16_0341583a	AAATCAACCCGAATGG	12.771281365944779	1.0	12.837307904748181	0.9982547993019197	55
k16_3a0d0d60	ATGGAATCAATCCGAA	12.769790449617114	0.9999509555493796	12.370294738338066	0.9755671902268761	0
k16_3d0f11f9	ATTCAATTACACTTGC	12.769035590579854	1.0	12.769035590579854	0.912739965095986	0
k16_53f4f63d	CCATTTCATTCGATTC	12.7683359436433	0.9994285970376677	10.630661972875835	0.9982547993019197	540
k16_34258ba0	ATCAAGCCGAGTGGAA	12.767756479106879	1.0	12.870852311156707	0.9895287958115183	87
k16_e83a2e80	TGGAATGGAGTGGAAA	12.767271028009274	0.9990610815419	10.116634304241474	1.0	5497
k16_0e83a069	AATGGAATGGAACGGC	12.764563796914102	0.9999682975800486	12.9997436431912	0.9982547993019197	649
k16_53d4fa2d	CCATTCCATTGGAGTC	12.763214392249008	0.9998229085499752	11.863279143426457	0.9965095986038395	459
k16_3a0e8141	ATGGAATGGAACCAAC	12.762943651624692	0.9998696537678208	12.530564604819444	0.9982547993019197	2377
k16_353d4f50	ATCCATTCCATTCCAA	12.762522000025513	0.9999745704525612	13.317813452969336	1.0	1102
k16_3d4748f8	ATTCCACTCAGATTGA	12.761535674418582	1.0	13.157570757022196	0.9650959860383944	371
k16_4050ba0e	CAAACCAAGTGGAATG	12.76145621465695	1.0	12.78218893675026	0.9965095986038395	17
k16_53d7f50d	CCATTCCTTTCCAATC	12.761023863755618	0.9998991634954316	12.883374548975128	1.0	3231
k16_4f51d7f5	CATTCCACTCCTTTCC	12.760009405798703	0.9998513781491909	12.474867056729519	1.0	3377
k16_058ba2e8	AACCGAGTGGAGTGGA	12.759041358864662	1.0	12.762721791764763	0.9301919720767888	3
k16_4358ba0e	CAATCCGAGTGGAATG	12.757650269738427	1.0	13.268482220594214	1.0	499
k16_3e0eb1a0	ATTGAATGGTACGGAA	12.757236908088005	0.9999835084189521	12.611430453028328	0.9930191972076788	0
k16_2f8753d4	AGTTGACTCCATTCCA	12.756232681534213	1.0	12.764805798441591	0.9650959860383944	7
k16_3ac48320	ATGGTACAGAATAGAA	12.754234482967385	1.0	14.344532683481722	0.9930191972076788	2362
k16_0f73d6f5	AATTCTATTCCGTTCC	12.753425662596927	0.9999835488434837	12.614970708138795	0.9668411867364747	6
k16_353d477c	ATCCATTCCACTCTTA	12.753136158543109	1.0	13.22109458405709	0.912739965095986	450
k16_1eabe3d4	ACTGGGGTTGATTCCA	12.75214339888058	0.9999949537001993	14.319734229576053	1.0	2677
k16_6bf4f53d	CGGTTTCATTCCATTC	12.751830534178456	1.0	12.787020779912103	0.987783595113438	29
k16_a0c0562c	GGAATAAACCCGAGTA	12.750069994346216	1.0	12.754975154702622	0.9720767888307156	4
k16_3a0e81a4	ATGGAATGGAACGGCA	12.749807933054152	0.999967971644229	12.984987779331249	0.9982547993019197	649
k16_34050ba0	ATCAAACCAAGTGGAA	12.749329508737045	0.9999837498781241	12.632706928498534	0.9982547993019197	24
k16_0e83a4d8	AATGGAATGGCATCGA	12.745994194888715	0.9999463910451601	12.763118488749194	0.9982547993019197	646
k16_3d476ae8	ATTCCACTCGGGTGGA	12.74592157271704	1.0	12.760587302925504	0.9982547993019197	12
k16_0a83a0d8	AAGGGAATGGAATCGA	12.744838601964698	0.9999670135739144	12.478850243405535	0.9895287958115183	10
k16_15bba0e8	ACCCGTGTGGAATGGA	12.744298787045967	1.0	13.22639730190896	1.0	466
k16_4760f8f5	CACTCGAATTGATTCC	12.744202961210696	1.0	12.810229500014099	0.9982547993019197	55
k16_283a0d07	AGGAATGGAATCAACT	12.744155437617179	0.9998743765010161	12.42561473308899	1.0	1470
k16_4f51daba	CATTCCACTCGGGTGG	12.74328467975331	1.0	12.757950409961778	0.9982547993019197	12
k16_3d4769f8	ATTCCACTCGGCTTGA	12.743054796179829	1.0	12.845006515060224	0.9842931937172775	86
k16_3a0d0f62	ATGGAATCAATTCGAG	12.74244367550048	0.9999840449294786	12.659139178957009	0.9982547993019197	52
k16_0d0962e8	AATCAAGCCGAGTGGA	12.742425449573838	1.0	12.845521281623666	0.9860383944153578	87
k16_38068320	ATGAAACGGAATAGAA	12.742398679810822	0.9999643331639159	13.132897540926262	0.9947643979057592	1020
k16_1d4f5314	ACTCCATTCCATACCA	12.742374962314065	0.999742301249839	11.630684482781644	0.9947643979057592	1103
k16_4f53dff6	CATTCCATTCTTTTCG	12.741192279524716	0.9997852659398745	11.502143548644133	0.9947643979057592	11
k16_83a4e839	GAATGGCATGGAATGC	12.740646381909217	0.9999656781987919	12.885218600626303	0.9982547993019197	538
k16_1560e83a	ACCCCGAATGGAATGG	12.739885758346333	1.0	12.739885758346333	0.9930191972076788	0
k16_0d04e2e8	AATCAACATGAGTGGA	12.738530900376091	1.0	13.390508256257156	0.9947643979057592	671
k16_3d6c53d0	ATTCCGTACCATTCAA	12.734989805563298	0.9999832521060477	12.589183350503621	0.9930191972076788	0
k16_6c53d0f5	CGTACCATTCAATTCC	12.734293350396833	1.0	12.735521204890714	0.9930191972076788	1
k16_3d4f531c	ATTCCATTCCATACTA	12.73395469898345	0.9998108124470275	12.00937542036507	1.0	1426
k16_d4f53d48	TCCATTCCATTCCAGA	12.731084317714293	0.9992131147540984	10.32503765643158	0.9982547993019197	2582
k16_53c5f53d	CCATTACCTTCCATTC	12.73035936002721	0.9998571346934111	12.173138632995055	0.9982547993019197	897
k16_0c22e83a	AATAAGAGTGGAATGG	12.729906313288765	1.0	13.252757412763513	0.9179755671902269	513
k16_3a0d0262	ATGGAATCAAAGCGAG	12.729752749786837	1.0	13.289739334494383	0.9790575916230366	557
k16_3a0d0572	ATGGAATCAACCCTAG	12.728503043792756	1.0	14.299085661661133	1.0	2314
k16_af8f57d4	GGTTGATTCCCTTCCA	12.728150013321502	1.0	12.739163263966105	0.9965095986038395	9
k16_ba0e8380	GTGGAATGGAATGAAA	12.727722817411642	0.9991072482209099	10.191996946594736	1.0	6524
k16_353d476a	ATCCATTCCACTCGGG	12.727173654695026	1.0	12.854088623323513	0.9982547993019197	108
k16_60e83a3d	CGAATGGAATGGATTC	12.726419887150799	0.9999353117166653	12.27402617344627	0.9982547993019197	49
k16_0552e83a	AACCCCAGTGGAATGG	12.725864518375557	0.9999937253720854	14.00544398930001	1.0	1980
k16_4f13d7f5	CATTACATTCCTTTCC	12.725456908563391	0.999986669688204	13.785916359966224	1.0	1796
k16_4f57dcf5	CATTCCCTTCTATTCC	12.72521289737462	1.0	15.205459628560664	1.0	5379
k16_148b90e8	ACCAGAGTGCAATGGA	12.725202804284454	1.0	13.748674055830135	0.9982547993019197	1213
k16_3d4f93ec	ATTCCATTGCATTGTA	12.724950670323008	1.0	14.309935782047312	0.9668411867364747	2349
k16_0463e83a	AACACGATTGGAATGG	12.724700097288581	1.0	12.770639194196425	1.0	38
k16_bd7f5394	GTTCCTTTCCATGCCA	12.722813759034116	0.9997332960794524	11.440688450386421	0.9267015706806283	387
k16_4f53f635	CATTCCATTTCGATCC	12.71895612171417	1.0	12.71895612171417	0.9650959860383944	0
k16_3b158ba0	ATGTACCCGAGTGGAA	12.71785639961268	0.9998644320550406	11.829714125779832	0.9790575916230366	0
k16_4f5b14f5	CATTCCGTACCATTCC	12.716522855290899	1.0	13.175572826207157	0.9947643979057592	440
k16_3c4f511a	ATTACATTCCACACGG	12.715959537510141	1.0	12.719639970410242	0.9458987783595113	3
k16_0e83a268	AATGGAATGGAGCGGA	12.715791768409742	0.9998865362124042	12.422510321575366	1.0	1109
k16_0560e839	AACCCGAATGGAATGC	12.715160193804401	1.0	12.780012829000654	0.9895287958115183	54
k16_3d6f51d4	ATTCCGTTCCACTCCA	12.714048323251784	0.9999384770611722	13.134488790988637	1.0	2069
k16_ba0e8320	GTGGAATGGAATAGAA	12.713857780052699	0.9994586209156833	10.89300186816156	1.0	7042
k16_452e83a0	CACCAGTGGAATGGAA	12.712835943734635	1.0	13.93630024249476	0.9965095986038395	1568
k16_4f13d446	CATTACATTCCACACG	12.712830722513711	1.0	12.71651115541381	0.944153577661431	3
k16_0ec3a3e4	AATGTAATGGATTGCA	12.712690737187959	1.0	12.819213474842	0.9982547993019197	90
k16_4f51dbbd	CATTCCACTCGTGTTC	12.712306944217683	1.0	12.836970291436048	0.9982547993019197	106
k16_a0281a0c	GGAAAGGAACGGAATA	12.712199143595695	0.999246282803828	10.2828538462443	0.9773123909249564	574
k16_3d7f51d4	ATTCCTTTCCACTCCA	12.710429960789714	0.999940569841384	13.560618852479841	1.0	5221
k16_4f73d4b5	CATTCTATTCCAGTCC	12.710062463570898	1.0	13.267547224414141	0.9982547993019197	554
k16_3d4f53f5	ATTCCATTCCATTTCC	12.709980401102829	0.9990657819541925	10.116057660186124	1.0	4668
k16_5583a0e8	CCCCGAATGGAATGGA	12.708880720164593	0.9998635859834598	11.820738446331745	0.9930191972076788	0
k16_53d4e13d	CCATTCCATGACATTC	12.708276455538563	0.9999500108309867	12.342771714650514	1.0	28
k16_4767f8f5	CACTCGCTTTGATTCC	12.707155532498872	1.0	13.26547471677786	0.9755671902268761	555
k16_34148fa0	ATCAACCAGATTGGAA	12.707035360431954	1.0	12.74462117020774	1.0	31
k16_3c476bf8	ATTACACTCGGTTTGA	12.706841088863461	1.0	12.734820682903237	0.9738219895287958	23
k16_90e8b415	GCAATGGAGTCAACCC	12.705410818324344	1.0	12.71276231892589	0.9179755671902269	6
k16_462e8390	CACGAGTGGAATGCAA	12.70505680840197	1.0	12.734240683223138	1.0	24
k16_0ec562e8	AATGTACCCGAGTGGA	12.704815973068838	0.9998632010943912	11.816673699235992	0.9773123909249564	0
k16_0e81e0d0	AATGGAACTGAATCAA	12.704408170143605	0.9999863450470072	13.751204120666417	0.9947643979057592	1768
k16_0a0e8ba0	AAGGAATGGAGTGGAA	12.703694956963975	0.9999398315282791	13.420764267025158	1.0	3836
k16_1d9fe3d4	ACTCGCTTTGATTCCA	12.702363225285216	1.0	13.274794262780134	0.9755671902268761	572
k16_53dcfe2d	CCATTCTATTTGAGTC	12.701289421055744	1.0	12.806670761058426	0.9930191972076788	89
k16_3a2e80a0	ATGGAGTGGAAAGGAA	12.701222716799675	0.9998751130605248	12.707520996520222	1.0	4145
k16_20e83414	AGAATGGAATCAACCA	12.700628345783343	0.9993949429972613	10.571879877056826	0.9982547993019197	722
k16_4f53d7f1	CATTCCATTCCTTTAC	12.700547634724096	0.9999362388577404	13.337092348454856	0.9982547993019197	3564
k16_2a0e43a0	AGGGAATGCAATGGAA	12.700283962440738	0.9999852101635756	13.636027905399054	1.0	1550
k16_4c93d4f5	CATAGCATTCCATTCC	12.699494485937072	1.0	13.225761316202666	1.0	517
k16_0c0462e8	AATAAACACGAGTGGA	12.699130238852062	0.9999899254483176	13.32237270017371	1.0	827
k16_a0d0563c	GGAATCAACCCGATTA	12.69880784599551	1.0	12.748312170057323	1.0	41
k16_3a0ec3a1	ATGGAATGTAATGGAC	12.698197845606604	0.9999256625326776	12.457686579555261	0.9982547993019197	454
k16_0e83a3e0	AATGGAATGGATTGAA	12.69807831359022	0.9997693511628546	11.892551704076046	1.0	2499
k16_0562e83e	AACCCGAGTGGAATTG	12.698055339473006	1.0	12.716364325587904	1.0	15
k16_42f8f53d	CAAGTTGATTCCATTC	12.697829161977376	0.999811864572594	12.229373243269206	1.0	4188
k16_63d4f57d	CGATTCCATTCCCTTC	12.696575146232028	0.9997442411635322	11.332942397249177	0.9965095986038395	10
k16_f50d4f50	TTCCAATCCATTCCAA	12.696208328269067	0.9998696983516842	12.051817472969528	1.0	376
k16_3d4fd8d4	ATTCCATTTCGATCCA	12.696155683169692	0.9999827951069284	12.550349228110015	0.9650959860383944	0
k16_53d4fd8d	CCATTCCATTTCGATC	12.695758538901687	0.9996559198981523	11.050989278254525	0.9650959860383944	0
k16_bdef53d4	GTTCTGTTCCATTCCA	12.69567577479019	0.9999945718550686	14.214505182180199	1.0	2549
k16_4f68f8f5	CATTCGGATTGATTCC	12.693696596629398	1.0	12.693696596629398	0.9703315881326352	0
k16_3d437af8	ATTCCAATCTGGTTGA	12.692951633337307	1.0	12.74601239578154	1.0	44
k16_0162e8ba	AAACCGAGTGGAGTGG	12.692723409931624	1.0	12.696403842831725	0.912739965095986	3
k16_5b14f43d	CCGTACCATTCAATTC	12.69220419862581	1.0	12.69220419862581	0.9930191972076788	0
k16_41dabe3d	CAACTCGGGTTGATTC	12.69148974649204	1.0	12.712222468585349	1.0	17
k16_3a3603a0	ATGGATCGAAATGGAA	12.691457420294492	0.9999827389788379	12.545650965234813	0.9650959860383944	0
k16_0e8d80e8	AATGGATCGAAATGGA	12.691432521024923	0.99998273868089	12.545626065965246	0.9650959860383944	0
k16_3d4f4af8	ATTCCATTCAGGTTGA	12.688382701032012	0.9999829775644299	12.565728638982023	1.0	19
k16_4f73d475	CATTCTATTCCACTCC	12.684657090042398	0.9999879951500407	14.400664685770849	1.0	3915
k16_162e8ba0	ACCGAGTGGAGTGGAA	12.683288181542489	1.0	12.686968614442588	0.9232111692844677	3
k16_3d0562e8	ATTCAACCCGAGTGGA	12.683063826512633	1.0	12.760777163198473	1.0	65
k16_0e836ce9	AATGGAATCGTATGGC	12.68249823537693	0.9999881301411326	13.085805655165279	0.9930191972076788	544
k16_4f7bd4f5	CATTCTGTTCCATTCC	12.682187063215997	0.9999565466146192	13.986066477684519	1.0	7276
k16_70d4f53d	CTAATCCATTCCATTC	12.681892023757806	0.9998594211274425	12.292155236164923	1.0	1438
k16_18ba0e43	ACGAGTGGAATGCAAT	12.681368219400111	0.999965875548124	12.429922396427187	0.9982547993019197	22
k16_4f53e4fd	CATTCCATTGCATTTC	12.680683384264599	0.9999634300760197	13.719987126226993	1.0	3293
k16_3da3e3d4	ATTCGGATTGATTCCA	12.679305444399603	0.9999477806788512	12.279809733120555	0.9703315881326352	0
k16_4e93d4f5	CATGGCATTCCATTCC	12.679050608229945	1.0	13.638898816918532	0.9982547993019197	1110
k16_1a4e8390	ACGGCATGGAATGCAA	12.678081528344196	1.0	12.816202191994353	0.9895287958115183	118
k16_0693a0e4	AACGGCATGGAATGCA	12.67789882418767	1.0	12.816019487837828	0.9895287958115183	118
k16_2e83ace8	AGTGGAATGGTATGGA	12.677015705168216	0.9999573898222547	13.392188323997948	1.0	2189
k16_4353d4f1	CAATCCATTCCATTAC	12.67643272354587	0.9992257950996349	10.289792238152456	1.0	1152
k16_e83a0104	TGGAATGGAAACAACA	12.675657246167903	0.9998222335089836	12.142089421890834	1.0	2053
k16_4f53e776	CATTCCATTGCTCTCG	12.673732721766928	1.0	13.083702755187144	0.9930191972076788	386
k16_53d5f13d	CCATTCCCTTACATTC	12.673216045423706	0.999982622899543	12.535982707271405	0.9860383944153578	7
k16_43a0e814	CAATGGAATGGAACCA	12.673091674015222	0.9999193914051085	12.57971711183351	0.9650959860383944	863
k16_4e53dc76	CATGCCATTCTACTCG	12.672257550104431	1.0	12.672257550104431	0.9930191972076788	0
k16_1e81a0e8	ACTGGAACGGAATGGA	12.66931169099724	0.9996190602381702	10.96557944343522	0.9895287958115183	68
k16_7ac8f53d	CTGGTAGATTCCATTC	12.669130659235694	1.0	13.946799714900687	1.0	1673
k16_15c3a0e8	ACCCTAATGGAATGGA	12.66847140965627	0.9999829552233718	12.563836668565797	1.0	34
k16_4f6ef8f5	CATTCGTGTTGATTCC	12.668339096366783	1.0	13.482798073900266	1.0	891
k16_4351d4f5	CAATCCACTCCATTCC	12.667173745522515	1.0	14.16132618805762	1.0	2134
k16_a0f0562c	GGAATTAACCCGAGTA	12.66713382370457	1.0	12.692701836181529	0.9912739965095986	21
k16_8753d4c5	GACTCCATTCCATACC	12.666864613340046	0.9996887209651797	11.346288240774877	0.9895287958115183	746
k16_3e4f5396	ATTGCATTCCATGCCG	12.666824929299725	1.0	12.80271140607675	0.9895287958115183	116
k16_283a2e83	AGGAATGGAGTGGAAT	12.666543079131033	0.9999740425405678	14.107231167167338	1.0	4387
k16_3d4c73e4	ATTCCATACTATTGCA	12.666352225171416	0.9997709311648151	11.452804435984035	0.9965095986038395	86
k16_53e4f71d	CCATTGCATTCTACTC	12.666091697657064	0.999975862609976	12.92940989140467	0.9982547993019197	535
k16_51d0be3d	CCACTCAAGTTGATTC	12.664195180411175	1.0	12.75580884485474	0.9982547993019197	77
k16_3a0d05e2	ATGGAATCAACCTGAG	12.662656690937457	1.0	16.781669494209314	1.0	19233
k16_1d4f6af8	ACTCCATTCGGGTTGA	12.662448935126356	1.0	12.667354095482763	0.9930191972076788	4
k16_158ba0e0	ACCCGAGTGGAATGAA	12.662112752954513	0.9999835602025383	12.61596706485489	1.0	84
k16_4e5bd4f5	CATGCCGTTCCATTCC	12.66188934091671	1.0	13.34556752847448	0.9930191972076788	712
k16_476ac4f5	CACTCGGGTACATTCC	12.661874898999008	1.0	12.661874898999008	0.9790575916230366	0
k16_4a0e83a0	CAGGAATGGAATGGAA	12.660971183228902	0.9998884443760578	12.826934541589452	1.0	4207
k16_474af8f5	CACTCAGGTTGATTCC	12.659525027914343	1.0	16.72730434572217	1.0	18521
k16_50d4753d	CCAATCCACTCCATTC	12.65758548389404	0.9999123509966944	12.83885241346588	1.0	2140
k16_e81a0e40	TGGAACGGAATGCAAA	12.656435927389882	1.0	12.661341087746289	0.9808027923211169	4
k16_f4158ba0	TTCAACCCGAGTGGAA	12.656175057579537	1.0	12.73039228459499	0.9982547993019197	62
k16_1e83a0a8	ACTGGAATGGAAGGGA	12.656072719538487	0.999938583741069	12.733146906952513	0.9965095986038395	855
k16_7a0e83a1	CTGGAATGGAATGGAC	12.652832406193122	0.9999763368216802	13.724816316925882	1.0	2345
k16_51dab13d	CCACTCGGGTACATTC	12.652235945508394	0.999875855708864	11.849469946308718	0.9773123909249564	0
k16_0422e83a	AACAAGAGTGGAATGG	12.652149145502042	1.0	13.96534976778078	1.0	1744
k16_3dcc53d4	ATTCTATACCATTCCA	12.6516889724708	0.9996363048573507	11.095794100120171	0.9982547993019197	372
k16_4f91d4f5	CATTGCACTCCATTCC	12.649368547418803	0.9993287541493108	10.552178690174292	1.0	3362
k16_0560f83a	AACCCGAATTGAATGG	12.64883431559399	1.0	12.651288980463159	0.9930191972076788	2
k16_50d4f63d	CCAATCCATTCGATTC	12.648718848684904	0.9999827345085378	12.545277431061796	1.0	35
k16_0f8341d8	AATTGAATCAACTCGA	12.64730773769779	1.0	13.02549643483627	0.9738219895287958	352
k16_3d4f50f4	ATTCCATTCCAATTCA	12.647229140048267	0.9998055231427461	11.969589151902557	1.0	1512
k16_3f4353d4	ATTTCAATCCATTCCA	12.64652213823376	0.9996701874160009	11.363359558528376	1.0	1361
k16_63d4f93d	CGATTCCATTGCATTC	12.645182147116298	0.9998218256457039	12.095913221125292	1.0	1762
k16_4c73d4f5	CATACTATTCCATTCC	12.644638154422346	0.9999474062516436	12.269503151469625	0.9965095986038395	20
k16_4f50d4f1	CATTCCAATCCATTAC	12.644576013589587	0.9999153444272446	12.401796599097459	0.9895287958115183	557
k16_0693a0e8	AACGGCATGGAATGGA	12.642840213445064	0.9999101416392412	12.42299930940237	0.9965095986038395	692
k16_3d4f53c5	ATTCCATTCCATTACC	12.64140054435461	0.9997301111604657	11.699200969024256	0.9982547993019197	2557
k16_51dabe0d	CCACTCGGGTTGAATC	12.639278703227685	1.0	12.707650187551938	1.0	57
k16_0e83a2e4	AATGGAATGGAGTGCA	12.637393579971368	0.999336940651035	10.591295252175147	1.0	4947
k16_560e83e0	CCCGAATGGAATTGAA	12.636056161759859	1.0	12.643407662361405	0.9895287958115183	6
k16_3a0cc341	ATGGAATATAATCAAC	12.635689393581755	1.0	13.005346862888137	1.0	343
k16_3a0e83b1	ATGGAATGGAATGTAC	12.635626685022944	0.9999425176450301	13.447487222079967	1.0	3957
k16_3d4353c4	ATTCCAATCCATTACA	12.635328734258833	0.9990552018029899	10.013921438909122	1.0	965
k16_4f90d4f1	CATTGCAATCCATTAC	12.635062647093472	1.0	12.713939473492411	0.9982547993019197	66
k16_6af8f57d	CGGGTTGATTCCCTTC	12.634253074764173	1.0	12.641604575365719	0.9965095986038395	6
k16_8befd4f5	GAGTTGTTTCCATTCC	12.632419550935873	1.0	13.149273592564397	0.9930191972076788	506
k16_7f5394fd	CTTTCCATGCCATTTC	12.6322770619406	1.0	13.263784422977444	0.9144851657940664	645
k16_3a078340	ATGGAACTGAATCAAA	12.630737360953782	0.9999533549455419	13.130033614182354	0.9930191972076788	1545
k16_1e8ba0e8	ACTGGAGTGGAATGGA	12.628264375538494	0.9999638093476434	13.824341340477812	1.0	4092
k16_53d4f4bd	CCATTCCATTCAGTTC	12.62697883057135	0.9994641796112385	10.8390967747222	1.0	2819
k16_73d6f5fd	CTATTCCGTTCCTTTC	12.625233605550566	1.0	12.641114776943377	0.9703315881326352	13
k16_4f53d735	CATTCCATTCCTATCC	12.625105447302568	1.0	13.460368162213763	1.0	921
k16_1a4e83a0	ACGGCATGGAATGGAA	12.622954099453805	0.9999086497288039	12.399243245634732	0.9965095986038395	687
k16_5fd4be3d	CCTTTCCAGTTGATTC	12.621116220294093	1.0	13.708994373832903	0.9912739965095986	1322
k16_1da7e3d4	ACTCGGCTTGATTCCA	12.61946721904327	1.0	13.132883144601099	0.9720767888307156	502
k16_531cf93d	CCATACTATTGCATTC	12.618877895372188	0.9997627038204685	11.40189231262508	0.9982547993019197	83
k16_0a834158	AAGGGAATCAACCCGA	12.618079472975449	1.0	12.625430973576995	0.9965095986038395	6
k16_560e80a0	CCCGAATGGAAAGGAA	12.617332526424153	1.0	13.350621875973365	0.9860383944153578	778
k16_014f53d4	AAACCATTCCATTCCA	12.616749566456607	0.9995989251193198	11.22526623894463	1.0	3082
k16_7c53d4f5	CTTACCATTCCATTCC	12.615819470255037	1.0	13.829253914234295	1.0	1549
k16_3d4f91d9	ATTCCATTGCACTCGC	12.612575924666304	1.0	12.612575924666304	0.9790575916230366	0
k16_57d4f73d	CCCTTCCATTCTATTC	12.610589054686843	0.9999396831859341	12.998087779196675	1.0	1669
k16_06839028	AACGGAATGCAAAGGA	12.60931027063405	0.9996015503314377	10.88183378551367	0.9947643979057592	10
k16_4f59d4f5	CATTCCGCTCCATTCC	12.609184870062762	0.9992994833689847	10.356774310082193	1.0	540
k16_0d8be3d0	AATCGAGTTGATTCAA	12.607148266802573	1.0	12.607148266802573	0.9650959860383944	0
k16_51da7e3d	CCACTCGGCTTGATTC	12.607107601233416	1.0	12.69987360348436	0.9738219895287958	78
k16_362f8f43	ATCGAGTTGATTCAAT	12.606171229335924	1.0	12.606171229335924	0.9650959860383944	0
k16_3d5f53c4	ATTCCCTTCCATTACA	12.605417479964775	0.9998982706002034	12.333291154571466	0.9965095986038395	729
k16_0f53d477	AATTCCATTCCACTCT	12.604958300234397	0.9999825823419783	13.400096162055041	0.9947643979057592	1297
k16_1a0e40a0	ACGGAATGCAAAGGAA	12.603024094474074	0.9995998108196602	10.875547609353694	0.9947643979057592	10
k16_4362f8f4	CAATCGAGTTGATTCA	12.602388878806662	1.0	12.602388878806662	0.9650959860383944	0
k16_2d83a0c8	AGTCGAATGGAATAGA	12.601287178707315	1.0	12.69290084315088	0.9982547993019197	77
k16_18fa0e83	ACGATTGGAATGGAAT	12.600523337255126	0.9999823377724398	12.512505965723651	1.0	48
k16_0eb3a3e8	AATGGTATGGATTGGA	12.60023895585153	0.9999635355892649	12.334250597292368	0.9912739965095986	10
k16_6afbf5fd	CGGGTTGTTTCCTTTC	12.598795116802492	1.0	12.716682437992507	0.9912739965095986	100
k16_0603a0c8	AACGAAATGGAATAGA	12.598005312129239	0.9993458786365558	10.522957387102148	0.9825479930191972	1535
k16_4753d4f1	CACTCCATTCCATTAC	12.597855251316536	0.999512977890445	10.94115665855783	1.0	2288
k16_0d0461e8	AATCAACACGACTGGA	12.597042087669978	1.0	12.611707817878445	0.9982547993019197	12
k16_1e0d0122	ACTGAATCAAACAGAG	12.591040106996747	1.0	13.840053596207445	0.9930191972076788	1617
k16_3c6f53d4	ATTACGTTCCATTCCA	12.588995923900404	0.9991095846848566	10.05253515127267	0.9947643979057592	535
k16_5bd7f539	CCGTTCCTTTCCATGC	12.588247741499849	1.0	13.09735446780504	0.924956369982548	497
k16_753dabe0	CTCCATTCGGGTTGAA	12.587429777197837	1.0	12.588657631691719	0.9930191972076788	1
k16_53d4f5cd	CCATTCCATTCCTATC	12.585901955926861	1.0	13.590517936188183	1.0	1182
k16_10ba0e83	ACAAGTGGAATGGAAT	12.585688432626755	1.0	13.077428484991275	0.9947643979057592	477
k16_4f5be476	CATTCCGTTGCACTCG	12.584587722628898	1.0	12.584587722628898	0.9947643979057592	0
k16_62d4f93d	CGAGTCCATTGCATTC	12.583900789342453	1.0	12.654613413915206	0.9965095986038395	59
k16_a0e83811	GGAATGGAATGAACAC	12.58366181994849	1.0	13.77628758915928	0.9982547993019197	1510
k16_436af835	CAATCGGGTTGAATCC	12.582796674283273	1.0	12.584024528777157	0.9930191972076788	1
k16_3c4f50d4	ATTACATTCCAATCCA	12.582448179626752	0.9999697964279242	13.069613279899784	0.9965095986038395	997
k16_62c83a02	CGAGTAGAATGGAAAG	12.581980128220161	1.0	12.740054288319032	0.9982547993019197	136
k16_1cabe3d4	ACTAGGGTTGATTCCA	12.580961735228946	1.0	14.321815215745856	1.0	2751
k16_6d53d4f5	CGTCCCATTCCATTCC	12.580469457447432	1.0	12.6651496991077	0.9982547993019197	71
k16_50d4f531	CCAATCCATTCCATAC	12.57924969212077	1.0	12.593915422329237	0.9947643979057592	12
k16_3c47e4f8	ATTACACTTGCATTGA	12.578094822465411	1.0	12.579322676959295	0.912739965095986	1
k16_53e4f57d	CCATTGCATTCCCTTC	12.575733898680513	0.9999304847529892	12.882627725736823	0.9982547993019197	1669
k16_2e834f58	AGTGGAATCATTCCGA	12.575388229998124	1.0	12.575388229998124	0.9912739965095986	0
k16_0d0562a8	AATCAACCCGAGGGGA	12.57515528965279	1.0	12.675961987317434	0.9965095986038395	85
k16_0e81a2e8	AATGGAACGGAGTGGA	12.571524368474613	0.999693177584431	11.48075884315277	1.0	1840
k16_341187a0	ATCAACACGACTGGAA	12.570645775895395	1.0	12.585311506103862	0.9947643979057592	12
k16_90e83411	GCAATGGAATCAACAC	12.570216911003518	1.0	12.584882641211985	0.9895287958115183	12
k16_3e476ae8	ATTGCACTCGGGTGGA	12.570008186720884	1.0	12.570008186720884	0.9616055846422339	0
k16_3d0d60e8	ATTCAATCCGAATGGA	12.56895145103567	1.0	12.56895145103567	0.9930191972076788	0
k16_06834178	AACGGAATCAACCTGA	12.567865351993467	1.0	12.803103221942969	0.9930191972076788	208
k16_3d4f91de	ATTCCATTGCACTCTG	12.56704601758035	1.0	13.665862574594756	0.9982547993019197	1341
k16_93c4f511	GCATTACATTCCACAC	12.56683565473439	1.0	12.56683565473439	0.912739965095986	0
k16_60e83a2d	CGAATGGAATGGAGTC	12.565097055344296	0.9997503165629291	11.32847437367546	0.9982547993019197	66
k16_53debe3d	CCATTCTGGTTGATTC	12.564687878702475	1.0	13.047665564412732	1.0	467
k16_55dabe3d	CCCCTCGGGTTGATTC	12.564605765689093	1.0	12.66311969100976	0.9965095986038395	83
k16_81a4e839	GAACGGCATGGAATGC	12.563581064193151	1.0	12.694988760634855	0.9895287958115183	112
k16_52dbbe3d	CCAGTCGTGTTGATTC	12.563553150881226	1.0	12.578218881089693	0.9982547993019197	12
k16_6f50d4f5	CGTTCCAATCCATTCC	12.561336086823786	1.0	13.72847928053017	1.0	1463
k16_8390d054	GAATGCAATCAACCCA	12.55834245071877	1.0	12.562022883618871	0.9633507853403142	3
k16_53d3d4f5	CCATTCATTCCATTCC	12.557334514248485	0.9999855282897815	14.131053465777526	0.9982547993019197	3437
k16_53da3e0d	CCATTCGGATTGAATC	12.556784032541605	1.0	12.556784032541605	0.9930191972076788	0
k16_3a0d0622	ATGGAATCAACGAGAG	12.556001785830256	0.9999812944257389	12.429716693860922	0.9965095986038395	16
k16_0e81a060	AATGGAACGGAACGAA	12.555962095205723	0.9998883367762827	11.870718674495915	0.9982547993019197	22
k16_f43583a0	TTCAATCCGAATGGAA	12.555553420062063	1.0	12.555553420062063	0.9930191972076788	0
k16_4f68f835	CATTCGGATTGAATCC	12.554978774807632	1.0	12.554978774807632	0.9930191972076788	0
k16_324f53d4	ATAGCATTCCATTCCA	12.55306829905647	0.9997854468605512	11.732503770572578	1.0	905
k16_0a83a068	AAGGGAATGGAACGGA	12.552133039957498	0.9999506935770166	12.362609774687153	0.9982547993019197	184
k16_6bfbf53d	CGGTTTGTTTCCATTC	12.55080560658959	1.0	12.554486039489689	0.9616055846422339	3
k16_562e83e0	CCCGAGTGGAATTGAA	12.550568702933992	1.0	12.57492941126032	1.0	20
k16_83a06818	GAATGGAACGGAACGA	12.550259072304678	0.999887894471329	11.86501565159487	0.9982547993019197	22
k16_028fa0e8	AAAGGATTGGAATGGA	12.549111214713706	0.9998348847289014	12.189408071493942	1.0	2077
k16_53d4c51d	CCATTCCATACCACTC	12.549102819853118	0.9999631227643175	12.318011174898363	1.0	39
k16_3da3e0d4	ATTCGGATTGAATCCA	12.549082296686485	1.0	12.549082296686485	0.9930191972076788	0
k16_162e83b0	ACCGAGTGGAATGTAA	12.548963823547135	1.0	12.674753420735124	0.9965095986038395	107
k16_03d4f5bd	AAATTCCATTCCGTTC	12.548305522139277	0.9999444683539032	12.494204721931856	0.9685863874345549	438
k16_1ddbe3d4	ACTCTCGTTGATTCCA	12.547721416603286	1.0	12.56724277969363	0.9965095986038395	16
k16_3f4f53d5	ATTTCATTCCATTCCC	12.547558384102425	0.9992778740612362	10.385421388820617	0.9982547993019197	1460
k16_53d4373d	CCATTCCAATCTATTC	12.545436703532213	0.9990275472394078	10.03108550317184	1.0	2835
k16_0e8ba3e8	AATGGAGTGGATTGGA	12.54388210233861	0.9992228734255092	10.339515705930177	1.0	2983
k16_53d475fd	CCATTCCACTCCTTTC	12.543605810983655	0.9994079313359294	10.735120521568161	1.0	4474
k16_4f53dc35	CATTCCATTCTAATCC	12.543176151008517	0.9999041548857047	12.616383168865573	1.0	1638
k16_3a0d0460	ATGGAATCAACACGAA	12.54311519513476	0.9999200695395006	12.591905292273164	1.0	1074
k16_3d4f13d5	ATTCCATTACATTCCC	12.542456114017149	0.9999932755026562	13.905552504728634	0.9930191972076788	2168
k16_4110ba0e	CAACACAAGTGGAATG	12.540722798704307	1.0	13.171437022315876	0.9912739965095986	644
k16_03a4e80a	AAATGGCATGGAAAGG	12.536155983756169	0.9999886752281941	13.153620354818017	0.9162303664921466	819
k16_0dabe0d4	AATCGGGTTGAATCCA	12.535136904894815	1.0	12.535136904894815	0.9930191972076788	0
k16_3b3e83a0	ATGTATTGGAATGGAA	12.532878769786326	0.9997436948944023	11.57126746529312	0.9982547993019197	1032
k16_3d6353d4	ATTCCGATCCATTCCA	12.532794240153082	0.9999237121660023	12.03609751025638	0.9965095986038395	12
k16_4f5324f5	CATTCCATAGCATTCC	12.532458655497221	1.0	13.433004532631912	1.0	1018
k16_3d436ef8	ATTCCAATCGTGTTGA	12.530501676613277	1.0	12.557275983765813	1.0	22
k16_13d4f53e	ACATTCCATTCCATTG	12.5295475133689	0.9998447836605365	12.350373385106098	1.0	3062
k16_4f6af8f5	CATTCGGGTTGATTCC	12.527400928748309	1.0	15.449756234289984	1.0	7729
k16_1fd4f53d	ACTTTCCATTCCATTC	12.527287762729657	0.9999658436743799	14.154554883080404	1.0	7470
k16_40a0ec3a	CAAAGGAATGTAATGG	12.525072204663955	1.0	12.941499437850906	0.9616055846422339	393
k16_51ffbe3d	CCACTTTTGTTGATTC	12.525034698115713	1.0	12.90038525434762	0.912739965095986	349
k16_43a4e83a	CAATGGCATGGAATGG	12.523580520173427	0.9999492591840877	13.140242623994965	0.9965095986038395	1967
k16_53d4f5ed	CCATTCCATTCCTGTC	12.52251548279528	0.9998503871979317	12.347996058877154	1.0	2633
k16_3a0e41e0	ATGGAATGCAACTGAA	12.51985556317083	0.9998834612022919	11.809065689802368	0.9965095986038395	1
k16_3d4f5114	ATTCCATTCCACACCA	12.519616462455929	0.9998927556437343	12.622077315495039	1.0	2232
k16_3e83a3e8	ATTGGAATGGATTGGA	12.519536202374209	0.9998769987699877	12.135001370982211	1.0	682
k16_394e53d4	ATGCCATGCCATTCCA	12.517670772108868	1.0	13.019855895068789	0.9947643979057592	489
k16_36af8353	ATCGGGTTGAATCCAT	12.51673374305422	1.0	12.51673374305422	0.9930191972076788	0
k16_281a0c83	AGGAACGGAATAGAAT	12.515319191351088	1.0	12.528768455527297	0.9703315881326352	11
k16_4f5fdcf5	CATTCCTTTCTATTCC	12.513595549212127	0.999871517070867	12.701565321663944	1.0	5428
k16_8683a0e8	GACGGAATGGAATGGA	12.513316243593641	0.9998790133539011	11.993880403238421	1.0	342
k16_76838f51	CTCGGAATGATTCCAC	12.513103665496283	1.0	12.513103665496283	0.9912739965095986	0
k16_4f13d7f9	CATTACATTCCTTTGC	12.51298509490543	1.0	13.000350616332026	0.9616055846422339	472
k16_1defe3d2	ACTCTGTTTGATTCAG	12.512806113426704	1.0	13.789968421972786	0.9930191972076788	1672
k16_3d4b6ef8	ATTCCAGTCGTGTTGA	12.512317858922538	1.0	12.526983589131005	0.9947643979057592	12
k16_73d4f61d	CTATTCCATTCGACTC	12.509767712938887	0.9997411816904533	11.276629881066683	0.9982547993019197	69
k16_3a068fa0	ATGGAACGGATTGGAA	12.509634831243327	0.9997906753938925	11.878674037893086	0.9982547993019197	1681
k16_4f91daba	CATTGCACTCGGGTGG	12.509294940624459	1.0	12.509294940624459	0.9616055846422339	0
k16_1d4750d4	ACTCCACTCCAATCCA	12.508843497119873	0.999974517531938	13.314814372448502	0.9982547993019197	1534
k16_22f8f53d	AGAGTTGATTCCATTC	12.50531308595901	0.9999874754205128	13.008353599549082	0.9965095986038395	667
k16_3c558b80	ATTACCCCGAGTGAAA	12.505298256084028	1.0	13.01526785254989	0.912739965095986	498
k16_4138ba0e	CAACATGAGTGGAATG	12.505267355030963	1.0	13.072733485227497	0.9947643979057592	566
k16_34118fa0	ATCAACACGATTGGAA	12.504501175040156	1.0	12.5240225381305	0.9982547993019197	16
k16_0d0463e8	AATCAACACGATTGGA	12.502710423793296	1.0	12.52223178688364	0.9982547993019197	16
k16_83c158b8	GAATTAACCCGAGTGA	12.501015618831996	1.0	12.502243473325878	0.912739965095986	1
k16_4f53d406	CATTCCATTCCAAACG	12.498799617411606	0.9998620417816318	11.697261472705813	0.9860383944153578	1
k16_34058ba2	ATCAAACCGAGTGGAG	12.498141337101902	1.0	12.50059600197107	0.912739965095986	2
k16_4776f8f5	CACTCTCGTTGATTCC	12.497409099892213	1.0	12.516930462982558	0.9965095986038395	16
k16_283a0d01	AGGAATGGAATCAAAC	12.493922620507805	1.0	12.945806008414294	0.9982547993019197	432
k16_0a010562	AAGGAAACAACCCGAG	12.492634532969596	1.0	12.607121869082652	0.987783595113438	97
k16_43a2d056	CAATGGAGTCAACCCG	12.490620836963256	1.0	12.494301269863357	0.912739965095986	3
k16_83a0e8f9	GAATGGAATGGATTGC	12.489389265574912	0.9999879817081598	13.93538862792644	1.0	2706
k16_34158be0	ATCAACCCGAGTTGAA	12.48802536769686	1.0	12.508758089790168	1.0	17
k16_0f0562e0	AATTAACCCGAGTGAA	12.487610957957086	1.0	12.488838812450968	0.912739965095986	1
k16_4353c4f6	CAATCCATTACATTCG	12.48608397994903	0.9994071184041923	10.439424254034087	0.9982547993019197	47
k16_2e83a0ea	AGTGGAATGGAATGGG	12.48500244766505	0.9994471090094261	10.815962916920926	1.0	4026
k16_3f4f51da	ATTTCATTCCACTCGG	12.482154569549792	1.0	13.010126237327873	1.0	519
k16_477cfaf5	CACTCTTATTGGTTCC	12.481634596527877	1.0	13.03410265642416	0.912739965095986	548
k16_1583a0f8	ACCCGAATGGAATTGA	12.481401348895355	0.99994040642816	12.089257138217853	0.987783595113438	6
k16_42e83a02	CAAGTGGAATGGAAAG	12.479723848860353	0.9999130368615003	12.470247648395903	0.9965095986038395	985
k16_6bf3d4f5	CGGTTTATTCCATTCC	12.479526737843198	0.9999008880431335	11.876582740604283	0.9685863874345549	10
k16_40ec3a1d	CAAATGTAATGGACTC	12.478723175686005	1.0	12.559924170331836	0.9982547993019197	68
k16_39ce83a0	ATGCTATGGAATGGAA	12.474137404017295	0.999859122877361	12.110292001831167	1.0	1000
k16_51d6f53d	CCACTCCGTTCCATTC	12.47365096495688	0.9998051649013426	11.91415451061296	1.0	1487
k16_3a0e8f80	ATGGAATGGATTGAAA	12.472226603991526	0.9996528982992017	11.296338370798805	1.0	1612
k16_3c158b80	ATTAACCCGAGTGAAA	12.471677933552995	1.0	12.472905788046877	0.912739965095986	1
k16_a0e3d475	GGAATGATTCCACTCC	12.464158854413421	1.0	12.464158854413421	0.9912739965095986	0
k16_4750d4f5	CACTCCAATCCATTCC	12.464078383731701	1.0	14.455942927577846	1.0	3497
k16_3d4453d4	ATTCCACACCATTCCA	12.463668361087723	0.9995934213987898	11.121833231378146	1.0	1802
k16_3f476ab0	ATTTCACTCGGGGTAA	12.463233348734471	1.0	12.973202945200331	0.912739965095986	498
k16_3d4f41da	ATTCCATTCAACTCGG	12.461347990790518	1.0	12.488122297943054	1.0	22
k16_0b5fd4f5	AAGTCCTTTCCATTCC	12.459469966889081	1.0	13.487767354476887	0.9965095986038395	1221
k16_3e4e53d4	ATTGCATGCCATTCCA	12.458771905885417	0.9999492679363211	12.842691529058825	0.9982547993019197	1173
k16_4058ba2e	CAAACCGAGTGGAGTG	12.458495650806004	1.0	12.46340081116241	0.912739965095986	4
k16_35158ba0	ATCCACCCGAGTGGAA	12.457483608248655	1.0	12.469715379814952	0.9982547993019197	10
k16_3a4e8390	ATGGCATGGAATGCAA	12.45585618173216	0.9999669348616775	12.939029450791683	0.9982547993019197	991
k16_118fa0e8	ACACGATTGGAATGGA	12.455748082400085	1.0	12.506438860311754	1.0	42
k16_0683a3d0	AACGGAATGGATTCAA	12.454494753884902	1.0	12.459399914241308	0.9930191972076788	4
k16_3a0d0461	ATGGAATCAACACGAC	12.453727138036857	1.0	12.905610525943347	0.9930191972076788	432
k16_158ba0f8	ACCCGAGTGGAATTGA	12.451976375308918	1.0	12.473919440140756	1.0	18
k16_bf8353d4	GTTTGAATCCATTCCA	12.451831077973786	1.0	12.456736238330194	0.9947643979057592	4
k16_1d4f50da	ACTCCATTCCAATCGG	12.451593516260827	1.0	12.472326238354135	0.9895287958115183	17
k16_4f53d4d4	CATTCCATTCCATCCA	12.451281025641965	0.9995462551120929	11.039228449200726	1.0	2834
k16_3e4f51d9	ATTGCATTCCACTCGC	12.450374278088605	0.9999808238091585	12.393874046922557	0.987783595113438	75
k16_bf8f5fd4	GTTTGATTCCTTTCCA	12.449241244914962	1.0	12.935730266167594	0.9947643979057592	471
k16_3d7f93d6	ATTCCTTTGCATTCCG	12.448425093771737	0.9995545566826621	10.720948608651359	0.9930191972076788	10
k16_2d0f53d4	AGTCAATTCCATTCCA	12.44838496038364	0.9999501325642667	13.033661860611216	1.0	1712
k16_3d4f50c4	ATTCCATTCCAATACA	12.447957584169083	0.999800154879968	11.91396746378039	1.0	1707
k16_34148be0	ATCAACCAGAGTTGAA	12.4469005643592	1.0	12.451805724715607	0.9773123909249564	4
k16_4f51d435	CATTCCACTCCAATCC	12.446693318020007	1.0	14.327538220494965	1.0	3151
k16_4e53d436	CATGCCATTCCAATCG	12.44561879195228	0.9999795316849517	12.299812336892602	0.9930191972076788	0
k16_1d2be3d4	ACTCAGGTTGATTCCA	12.445596567420486	1.0	16.761679557570677	1.0	22220
k16_563e83a2	CCCGATTGGAATGGAG	12.44508140026873	1.0	12.468233793278419	0.987783595113438	19
k16_1dbbd3d4	ACTCGTGTTCATTCCA	12.443675950790645	1.0	12.487233325454222	0.9982547993019197	36
k16_51fbbe3d	CCACTTGTGTTGATTC	12.442982963552238	1.0	13.005467041140289	0.9895287958115183	560
k16_14308ba0	ACCAATAAGAGTGGAA	12.442832246840453	1.0	13.006147862203981	0.912739965095986	561
k16_472af8f5	CACTAGGGTTGATTCC	12.440560247155723	1.0	14.184350906807946	1.0	2759
k16_4f53a4f5	CATTCCATGGCATTCC	12.440544302730224	1.0	13.8470559908489	0.9982547993019197	1939
k16_3d4f6afc	ATTCCATTCGGGTTTA	12.43904468303243	0.9999388379204893	12.051780743319679	0.9965095986038395	10
k16_0d4562e8	AATCCACCCGAGTGGA	12.438055819396899	1.0	12.449069070041503	0.9965095986038395	9
k16_0ec3a1d8	AATGTAATGGACTCGA	12.437715854702057	1.0	12.872434556911323	1.0	413
k16_463e83a0	CACGATTGGAATGGAA	12.436495002939127	1.0	12.48599932700094	1.0	41
k16_34378ba0	ATCAATCTGAGTGGAA	12.435291367817515	1.0	13.153726372003561	0.9668411867364747	758
k16_380e8f41	ATGAAATGGATTCAAC	12.435222963866769	1.0	13.506244107888966	0.9930191972076788	1293
k16_0d4c53d4	AATCCATACCATTCCA	12.433929739138623	1.0	12.453451102228968	1.0	16
k16_4769f8f5	CACTCGGCTTGATTCC	12.433120505797605	1.0	12.946536431355433	0.9738219895287958	502
k16_3a0ec562	ATGGAATGTACCCGAG	12.432766865321657	1.0	12.444998636887954	0.9930191972076788	10
k16_4f13f4f5	CATTACATTTCATTCC	12.430987867577379	0.9999924904064943	13.746252906617789	1.0	2059
k16_60e83b0d	CGAATGGAATGTAATC	12.430119836365222	0.9999210780735158	11.987128860584304	1.0	57
k16_0c4522e8	AATACACCAGAGTGGA	12.429098561942817	1.0	12.496298049938664	0.912739965095986	56
k16_0e93a0f8	AATGGCATGGAATTGA	12.428666705742014	0.9999193613418272	11.956086347414637	0.9947643979057592	32
k16_383e83a0	ATGAATTGGAATGGAA	12.427705939232728	0.9998302577657072	12.09266345730617	1.0	1836
k16_51e8f13d	CCACTGGATTACATTC	12.427313473233742	0.999979287918643	12.282734872667946	0.9895287958115183	1
k16_8343d8b9	GAATCAATTCGAGTGC	12.42707533510608	1.0	12.493101873909483	0.9965095986038395	55
k16_de2e83a0	TCTGAGTGGAATGGAA	12.425746039023235	1.0	13.534279781741603	0.9930191972076788	1358
k16_0f83b0e8	AATTGAATGTAATGGA	12.42397966203175	0.9997968187623361	11.83321372188257	0.9982547993019197	1347
k16_3a068180	ATGGAACGGAACGAAA	12.42061164253968	0.9998772504091653	11.734161927154291	0.9982547993019197	21
k16_08ba0e83	AAGAGTGGAATGGAAT	12.420148920995178	1.0	13.612237167888855	1.0	1509
k16_5394e53d	CCATGCCATGCCATTC	12.417524814965548	1.0	13.143406109750968	0.9982547993019197	768
k16_51dfbe3d	CCACTCTTGTTGATTC	12.416611291567396	1.0	13.821732194384376	0.9912739965095986	1936
k16_4748f8f5	CACTCAGATTGATTCC	12.4156999282723	1.0	14.451664026669922	0.9668411867364747	3642
k16_2c8390e8	AGTAGAATGCAATGGA	12.415508689497512	0.99997340001064	12.789265915253118	0.9982547993019197	671
k16_20e80a0e	AGAATGGAAAGGAATG	12.414128217523809	0.9991936789611735	10.35049265672939	1.0	13986
k16_6838f51d	CGGAATGATTCCACTC	12.413917647742599	1.0	12.413917647742599	0.9895287958115183	0
k16_0e83a0e7	AATGGAATGGAATGCT	12.41190022122779	0.9998796485738356	12.662003876232458	1.0	3936
k16_8fa0d054	GATTGGAATCAACCCA	12.411894116123989	1.0	12.411894116123989	0.9808027923211169	0
k16_53d4f5b5	CCATTCCATTCCGTCC	12.411702423085964	1.0	12.777551981700046	1.0	339
k16_53deb23d	CCATTCTGGTAGATTC	12.409486892288307	1.0	13.368703440510723	0.9930191972076788	1109
k16_53d4743d	CCATTCCACTCAATTC	12.408409482938811	0.9993015424882733	10.448725337767733	1.0	2178
k16_3d6d53d4	ATTCCGTCCCATTCCA	12.408040925486983	0.9999403305686497	12.087422040606874	1.0	66
k16_3a0e8f20	ATGGAATGGATTAGAA	12.407975715723763	0.9992485366239519	10.311026830197767	1.0	1319
k16_0c62e83a	AATACGAGTGGAATGG	12.40783230937185	1.0	12.733079983870516	0.9930191972076788	297
k16_1d4f51da	ACTCCATTCCACTCGG	12.407633575341526	1.0	12.986658021843466	1.0	580
k16_3a0e8fa2	ATGGAATGGATTGGAG	12.407387702665684	0.9994790170788889	10.843864335919507	1.0	2519
k16_0e9390e8	AATGGCATGCAATGGA	12.405565175133383	0.9999552860796623	13.02485880738795	0.9982547993019197	1589
k16_4f50dcf5	CATTCCAATCTATTCC	12.404499309032369	0.9993313764952093	10.518249725804107	1.0	2522
k16_af8f53f4	GGTTGATTCCATTTCA	12.403619453146067	0.9994258805709435	10.730328931439663	0.9982547993019197	2875
k16_13d4f50d	ACATTCCATTCCAATC	12.403086888619642	1.0	13.23766095719073	0.9965095986038395	920
k16_3d47eef8	ATTCCACTTGTGTTGA	12.40280967347818	1.0	12.986759476820593	0.9912739965095986	586
k16_4f53d8c5	CATTCCATTCGATACC	12.40240212152671	0.9997503692454911	11.235304366502632	0.9982547993019197	16
k16_0e8341da	AATGGAATCAACTCGG	12.402095651859465	1.0	12.405776084759566	0.9930191972076788	3
k16_a3e83405	GGATTGGAATCAAACC	12.4013793116157	1.0	12.899221508287583	0.9267015706806283	484
k16_4f57d4f1	CATTCCCTTCCATTAC	12.400947682317836	0.9999293153008812	12.530375738873076	0.9947643979057592	930
k16_4158be0e	CAACCCGAGTTGAATG	12.398876328443942	1.0	12.411108100010237	1.0	10
k16_41583e0e	CAACCCGAATTGAATG	12.39861749579171	1.0	12.399845350285592	0.9930191972076788	1
k16_0f11f93e	AATTACACTTGCATTG	12.398129787400869	1.0	12.39935764189475	0.912739965095986	1
k16_2a0e81a0	AGGGAATGGAACGGAA	12.397437582827985	0.9999559968904469	12.526765203198394	0.9965095986038395	520
k16_740e83a1	CTCAAATGGAATGGAC	12.396911840152963	0.9996866431649041	11.185952195269289	0.9982547993019197	412
k16_0562f83a	AACCCGAGTTGAATGG	12.396345361137502	1.0	12.412226532530312	0.9965095986038395	13
k16_4f5fe4f1	CATTCCTTTGCATTAC	12.39630924880992	1.0	13.245958119523971	0.9267015706806283	942
k16_180e8380	ACGAAATGGAATGAAA	12.39457270720022	1.0	13.184375319369765	0.9930191972076788	856
k16_3d4f5396	ATTCCATTCCATGCCG	12.39452298281933	0.999917592039391	12.547867324135154	0.9965095986038395	1243
k16_330d0560	ATATAATCAACCCGAA	12.39425732014279	1.0	12.39425732014279	0.9860383944153578	0
k16_3a0d0520	ATGGAATCAACCAGAA	12.393967368801736	1.0	12.7425558459195	1.0	321
k16_4f93d5f5	CATTGCATTCCCTTCC	12.39327227430648	1.0	13.803486181794186	1.0	1947
k16_7e3e83a0	CTTGATTGGAATGGAA	12.392934225678898	1.0	13.860682871462362	0.9720767888307156	2074
k16_0d07e2e8	AATCAACTTGAGTGGA	12.392918570493396	1.0	12.931077171894795	1.0	531
k16_3d4f57e4	ATTCCATTCCCTTGCA	12.392497949524747	0.9992288997363112	10.325726880455637	0.9982547993019197	2445
k16_301583a0	ATAAACCCGAATGGAA	12.389717807886738	0.9999576629974598	12.118849178362824	0.9965095986038395	6
k16_1d83e3d4	ACTCGAATTGATTCCA	12.388612888968801	0.9999841972187105	12.672973964604687	0.9982547993019197	408
k16_8ba0d055	GAGTGGAATCAACCCC	12.38570407864395	1.0	12.389384511544051	0.9144851657940664	3
k16_0e8ba0ec	AATGGAGTGGAATGTA	12.384051377861667	0.999796365727154	12.011517758062327	1.0	3013
k16_90e83a05	GCAATGGAATGGAACC	12.383241307802638	0.9999188209189472	12.658848711019647	0.9685863874345549	1608
k16_4f5114f5	CATTCCACACCATTCC	12.38271139450371	1.0	13.799841459875719	1.0	1962
k16_7f93c4f5	CTTTGCATTACATTCC	12.381475987607903	1.0	13.313909918634856	0.956369982547993	1067
k16_45583a0e	CACCCCGAATGGAATG	12.381416708547437	1.0	12.734820682903237	0.9930191972076788	326
k16_50dbbe3d	CCAATCGTGTTGATTC	12.380289427273773	1.0	12.38886254418115	0.9860383944153578	7
k16_4e80a068	CATGGAAAGGAACGGA	12.377566315705684	0.9999874598715891	13.006563817932188	0.924956369982548	835
k16_afbf5fd4	GGTTGTTTCCTTTCCA	12.376837952864326	1.0	12.883352967884205	0.9947643979057592	494
k16_476ef4f5	CACTCGTGTTCATTCC	12.376794533788457	1.0	12.419159571225027	0.9982547993019197	35
k16_3d0563e8	ATTCAACCCGATTGGA	12.376436868800164	1.0	12.391102599008631	0.9930191972076788	12
k16_0520e83a	AACCAGAATGGAATGG	12.375339835982507	1.0	13.84131092748483	1.0	2070
k16_3d4f50dc	ATTCCATTCCAATCTA	12.372644952574847	0.9990739272462021	10.087548576834498	1.0	2808
k16_53c4fead	CCATTACATTTGGGTC	12.372553980155852	1.0	12.457234221816119	0.9930191972076788	71
k16_1dabe3d5	ACTCGGGTTGATTCCC	12.3715666163779	1.0	12.389875602492797	0.9982547993019197	15
k16_e83ace80	TGGAATGGTATGGAAA	12.371517932936046	0.9999527829716509	12.94627831680291	1.0	1505
k16_0e8380d8	AATGGAATGAAATCGA	12.370503473910956	0.9995540274201206	10.850365370085413	1.0	585
k16_258ba0e8	AGCCGAGTGGAATGGA	12.36988629898007	1.0	12.454566540640338	0.9947643979057592	71
k16_390cb3a0	ATGCAATAGTATGGAA	12.369568842648675	0.9997805814591333	11.514905402536037	0.9982547993019197	442
k16_0e43a3d8	AATGCAATGGATTCGA	12.369464013931761	1.0	12.388985377022106	0.9982547993019197	16
k16_4fdfd4f5	CATTTCTTTCCATTCC	12.368099899163967	0.9999760492427568	14.419887655666194	1.0	8356
k16_4753d7f5	CACTCCATTCCTTTCC	12.366207452102238	0.999748123755195	11.825365162172178	1.0	4269
k16_20d0462e	AGAATCAACACGAGTG	12.364200388139068	1.0	12.372773505046444	0.9755671902268761	7
k16_53d4750d	CCATTCCACTCCAATC	12.363815913533735	0.9994406235183182	10.781681465231403	1.0	3598
k16_0f53dabe	AATTCCATTCGGGTTG	12.363332870297366	1.0	12.836610083465409	0.9650959860383944	456
k16_522e43a0	CCAGAGTGCAATGGAA	12.360386002511827	1.0	13.717883786023176	0.9982547993019197	1835
k16_4150b90e	CAACCCAAGTGCAATG	12.359422659428166	1.0	13.261941253183545	0.9930191972076788	1021
k16_378ba0e8	ATCTGAGTGGAATGGA	12.359106267675056	1.0	13.202607200525382	0.9581151832460733	933
k16_3a3e83b0	ATGGATTGGAATGTAA	12.358143178033393	0.9999680017065756	12.9863424695011	0.9912739965095986	1220
k16_4f70d4f5	CATTCTAATCCATTCC	12.356939077560899	0.9993191940013427	10.444784677460877	1.0	1527
k16_4f53d6e5	CATTCCATTCCGTGCC	12.356870073479662	1.0	12.389660770771748	0.9982547993019197	27
k16_4f53def5	CATTCCATTCTGTTCC	12.356041072520044	0.9999704930816815	14.409568243336688	1.0	10960
k16_3e834118	ATTGGAATCAACACGA	12.35504307431776	1.0	12.379403782644085	0.9842931937172775	20
k16_62f4f53d	CGAGTTCATTCCATTC	12.3543306162252	0.9999911834460383	13.514787479292826	0.9982547993019197	1730
k16_3d474ef8	ATTCCACTCATGTTGA	12.354108217845297	1.0	13.07179647477898	0.9930191972076788	757
k16_02834058	AAAGGAATCAAACCGA	12.354012840611283	0.9995950726737991	10.791954301704106	0.9982547993019197	27
k16_51daba3d	CCACTCGGGTGGATTC	12.353757243349737	1.0	12.36477049399434	0.9965095986038395	9
k16_3c83a0e8	ATTAGAATGGAATGGA	12.352857740715585	0.9991265549547144	10.17815241674576	1.0	3429
k16_a0e83425	GGAATGGAATCAAGCC	12.352662345125408	1.0	13.03097726927263	0.9825479930191972	705
k16_0562c839	AACCCGAGTAGAATGC	12.35103537113523	1.0	12.3934004085718	0.9965095986038395	35
k16_f4158fa0	TTCAACCCGATTGGAA	12.349698760186426	1.0	12.364364490394893	0.9930191972076788	12
k16_0f51debe	AATTCCACTCTGGTTG	12.349475744996289	1.0	12.758520957502682	0.9738219895287958	385
k16_4380e83a	CAATGAAATGGAATGG	12.348667769665981	0.9990431604643238	10.065676323828304	1.0	4328
k16_d0720e80	TCAACTAGAATGGAAA	12.34771985347829	0.9999887684618408	13.16554577309321	0.9162303664921466	1116
k16_4fd3e476	CATTTCATTGCACTCG	12.347461185111241	0.9999561816707929	12.069241054985781	0.9685863874345549	0
k16_0a0e83a3	AAGGAATGGAATGGAT	12.346541762181474	0.9999447251180119	13.288990288845694	1.0	3483
k16_1d23e3d4	ACTCAGATTGATTCCA	12.343952504573661	1.0	14.509871983056973	0.9668411867364747	4096
k16_62d0f53d	CGAGTCAATTCCATTC	12.342913756079298	0.9999179588153253	11.931212062934184	0.9965095986038395	84
k16_4f53d4c9	CATTCCATTCCATAGC	12.342584026234267	1.0	13.182658083447683	1.0	928
k16_2a0d0562	AGGGAATCAACCCGAG	12.342501194302807	1.0	12.348630043306118	0.9947643979057592	5
k16_4562e83a	CACCCGAGTGGAATGG	12.342409477011799	1.0	12.909875607208333	1.0	566
k16_4f53d6b5	CATTCCATTCCGGTCC	12.342046144667213	0.9999713901524905	12.68418957492282	1.0	631
k16_af0f53d0	GGTTAATTCCATTCAA	12.341143920231675	1.0	13.059578924417721	0.9650959860383944	758
k16_3d4053d4	ATTCCAAACCATTCCA	12.340366780279956	0.9999637435947017	12.806113332349994	1.0	965
k16_4353d475	CAATCCATTCCACTCC	12.340295311599872	1.0	14.527679122141576	1.0	4175
k16_4fd1dabc	CATTTCACTCGGGTTA	12.338163949467322	1.0	12.34061861433649	0.912739965095986	2
k16_0e03a3e8	AATGAAATGGATTGGA	12.335670528353354	0.9998537655374117	12.006856988525282	1.0	954
k16_34158f50	ATCAACCCGATTCCAA	12.332982139715913	1.0	12.43149606503658	0.987783595113438	83
k16_0e814158	AATGGAACCAACCCGA	12.331805804487276	1.0	12.960137996246186	0.9738219895287958	641
k16_1a0e8f41	ACGGAATGGATTCAAC	12.33173198735542	1.0	12.33173198735542	0.9912739965095986	0
k16_100ba0e8	ACAAAAGTGGAATGGA	12.329612636138979	1.0	13.395361991539415	0.912739965095986	1284
k16_5ed4f53d	CCTGTCCATTCCATTC	12.328766348056805	1.0	14.131839829701217	1.0	2924
k16_320d0462	ATAGAATCAACACGAG	12.327189351531079	1.0	12.334540852132625	0.9720767888307156	6
k16_0d0563d4	AATCAACCCGATTCCA	12.327175907188833	1.0	12.423393410625218	0.987783595113438	81
k16_4f5fdef5	CATTCCTTTCTGTTCC	12.326377140890916	1.0	14.680401826267802	1.0	4830
k16_c0f53d88	TAAATTCCATTCGAGA	12.32465149023121	1.0	12.40352831663015	0.9947643979057592	66
k16_3a0e8311	ATGGAATGGAATACAC	12.324232388560514	0.9999839329038063	12.649046203939038	0.9860383944153578	453
k16_4f93dc76	CATTGCATTCTACTCG	12.324112867202853	0.9999565037732977	12.079883707468392	0.9947643979057592	28
k16_ba0e83a8	GTGGAATGGAATGGGA	12.322768026370486	0.9992136337853865	10.306604692236718	1.0	2883
k16_2fe3d4f5	AGTTTGATTCCATTCC	12.32206917989701	1.0	13.125308936649018	1.0	875
k16_83a0d074	GAATGGAATCAACTCA	12.321917172885266	0.9997757696706057	11.668849504287484	0.9982547993019197	1161
k16_0e834150	AATGGAATCAACCCAA	12.320976223303122	0.9999984613846	16.033288229086082	1.0	15857
k16_838f51d4	GAATGATTCCACTCCA	12.320402995015762	0.9999649835422648	12.392699470139627	0.9912739965095986	323
k16_46e83a0e	CACGTGGAATGGAATG	12.317764106099382	1.0	12.334859695553996	0.9982547993019197	14
k16_83a0e875	GAATGGAATGGACTCC	12.316489996080573	1.0	12.748479718615718	1.0	410
k16_13f4f53d	ACATTTCATTCCATTC	12.315836635038583	0.999218688960075	10.322277908748417	0.9982547993019197	3198
k16_ba4e83a0	GTGGCATGGAATGGAA	12.314067286802764	0.9999887393727831	13.161814429292178	1.0	1164
k16_ce83a2d0	TATGGAATGGAGTCAA	12.313098464615729	0.9999902061603252	13.36313871375259	0.9895287958115183	1516
k16_0e8fa0ec	AATGGATTGGAATGTA	12.312985110082558	0.9999660191425497	12.899620666828467	0.9965095986038395	1152
k16_3a0693a0	ATGGAACGGCATGGAA	12.312676260177518	0.9999647228983667	12.845614479925423	0.9930191972076788	1067
k16_1dabebd4	ACTCGGGTTGGTTCCA	12.312547989663042	1.0	12.691681494384737	0.9685863874345549	353
k16_4f53d0e5	CATTCCATTCAATGCC	12.31212658420282	0.9997166336072542	11.101993626582598	0.9982547993019197	35
k16_1dbbe3dc	ACTCGTGTTGATTCTA	12.310411074661536	1.0	12.316539923664845	0.9720767888307156	5
k16_0603a0e0	AACGAAATGGAATGAA	12.309836342018462	1.0	13.231286736357795	0.9930191972076788	1050
k16_0e43a0db	AATGCAATGGAATCGT	12.309747776577142	0.9994609769792252	10.48219211215997	0.9930191972076788	1
k16_bc4f53dc	GTTACATTCCATTCTA	12.309235201882242	1.0	13.323613702037692	0.9912739965095986	1198
k16_540ec3a1	CCCAAATGTAATGGAC	12.309007410972	1.0	12.389046789521004	0.9930191972076788	67
k16_836af8f5	GAATCGGGTTGATTCC	12.307824153947129	1.0	12.397130377840758	0.987783595113438	75
k16_60d4f93d	CGAATCCATTGCATTC	12.30775673665625	1.0	12.32606572277115	0.9912739965095986	15
k16_8f8f50d4	GATTGATTCCAATCCA	12.307625174760647	1.0	12.78090238792869	0.9319371727748691	456
k16_53d4f5b9	CCATTCCATTCCGTGC	12.307540128998909	0.999548856762022	10.702599956846536	0.9982547993019197	115
k16_5fd4f71d	CCTTTCCATTCTACTC	12.307500386706897	1.0	13.022946079954746	1.0	754
k16_20e93a0e	AGAATGGCATGGAATG	12.307128281888646	1.0	13.487882048927894	0.9982547993019197	1488
k16_ba0e8290	GTGGAATGGAAGGCAA	12.30590489204615	0.9999876162524303	13.024666219881949	0.9982547993019197	964
k16_3d4742f8	ATTCCACTCAAGTTGA	12.304632929110385	1.0	12.925795336188429	0.9982547993019197	632
k16_41f8ba0e	CAACTTGAGTGGAATG	12.304142747268527	1.0	12.759613876672601	0.9895287958115183	436
k16_53d4c13d	CCATTCCATAACATTC	12.303287645507826	0.999802437615878	11.622394389036844	0.9982547993019197	571
k16_1983a0e8	ACGCGAATGGAATGGA	12.303055884504824	0.9999665271966527	12.457735710492578	0.9965095986038395	411
k16_4f53fef5	CATTCCATTTTGTTCC	12.30183813279787	1.0	13.91359713592066	1.0	2415
k16_0542e43a	AACCCAAGTGCAATGG	12.30163545858448	1.0	13.279058801484538	0.9947643979057592	1138
k16_0753d4f5	AACTCCATTCCATTCC	12.301607058931793	0.9993269770050477	10.529583683730532	1.0	3558
k16_148ba0f8	ACCAGAGTGGAATTGA	12.298829956063624	1.0	12.677018653202104	0.9703315881326352	352
k16_50dabe0d	CCAATCGGGTTGAATC	12.298209279916502	1.0	12.30066394478567	0.9930191972076788	2
k16_0e830168	AATGGAATAAACCGGA	12.298129678689858	1.0	12.29935753318374	0.9598603839441536	1
k16_4f531cf9	CATTCCATACTATTGC	12.297323214061896	1.0	12.751898244192986	0.9965095986038395	435
k16_834158f5	GAATCAACCCGATTCC	12.296035121587705	1.0	12.388801123838647	0.987783595113438	78
k16_3d475afc	ATTCCACTCCGGTTTA	12.294880064868885	1.0	12.304673764541494	0.9458987783595113	8
k16_380d0462	ATGAAATCAACACGAG	12.293558474025753	1.0	12.918708492988241	0.9825479930191972	637
k16_3a0eb80e	ATGGAATGGTGAAATG	12.292658611911696	1.0	12.785271980982104	1.0	478
k16_41c83a02	CAACTAGAATGGAAAG	12.291699223616943	1.0	13.312145921134299	0.9162303664921466	1208
k16_13e4353c	ACATTGCAATCCATTA	12.289290136209873	1.0	12.600745891825257	0.9982547993019197	283
k16_a0e8f405	GGAATGGATTCAAACC	12.287701403745189	1.0	12.28892925823907	0.987783595113438	1
k16_4fdbd6f5	CATTTCGTTCCGTTCC	12.285380267742406	1.0	12.30490163083275	0.9947643979057592	16
k16_03b0e876	AAATGTAATGGACTCG	12.28525804417362	1.0	12.345405489647991	0.9982547993019197	50
k16_341f8ba0	ATCAACTTGAGTGGAA	12.285105957451067	1.0	12.91105217788235	1.0	638
k16_394f53d6	ATGCCATTCCATTCCG	12.284870635322791	0.9995273570255002	10.61500345781541	0.9808027923211169	19
k16_3d4f57c4	ATTCCATTCCCTTACA	12.284310352462235	0.9998898637982305	12.218738748157808	0.9982547993019197	1022
k16_53e4f539	CCATTGCATTCCATGC	12.284108875520868	0.9997778358599059	11.8858523376422	0.9982547993019197	2939
k16_be3d4f50	GTTGATTCCATTCCAA	12.283805875399759	0.9999051257945715	12.57458244033157	0.9982547993019197	1943
k16_340e83a1	ATCAAATGGAATGGAC	12.28297559013701	0.999526045930458	10.631418451650106	0.9965095986038395	74
k16_442e83a0	CACAAGTGGAATGGAA	12.282122953113083	1.0	12.920748997410072	0.9895287958115183	654
k16_36af8f50	ATCGGGTTGATTCCAA	12.28209692886449	1.0	12.937977741121932	0.9965095986038395	676
k16_51ebbf3d	CCACTGGTGTTTATTC	12.281617237937876	1.0	13.973123477968725	0.9895287958115183	2619
k16_0e83aca8	AATGGAATGGTAGGGA	12.280919767197448	0.9999834431603696	12.605733582575972	0.9912739965095986	453
k16_13d5f73d	ACATTCCCTTCTATTC	12.2807902963004	1.0	14.697121536630318	0.9930191972076788	5095
k16_4c53d6f5	CATACCATTCCGTTCC	12.278354909167973	0.9999778088453942	12.183239232019965	0.9982547993019197	42
k16_0c05a2e8	AATAAACCGGAGTGGA	12.27818230421488	1.0	12.286755421122256	0.93717277486911	7
k16_53d4f7ac	CCATTCCATTCTGGTA	12.276662650848646	1.0	13.591345508205956	0.9930191972076788	1747
k16_78ba0e82	CTGAGTGGAATGGAAG	12.276360753021676	1.0	13.145643290563953	0.9930191972076788	971
k16_30168ba0	ATAAACCGGAGTGGAA	12.275972174730903	1.0	12.284545291638281	0.93717277486911	7
k16_3e834378	ATTGGAATCAATCTGA	12.274422804520881	1.0	12.806647772928242	0.912739965095986	524
k16_4fd3c4f5	CATTTCATTACATTCC	12.27369697240891	0.9999825827970287	13.400133851897248	1.0	1935
k16_0d80a0c8	AATCGAAAGGAATAGA	12.272731290590517	0.9999335518738371	11.93220432571211	0.9982547993019197	49
k16_1a0e83a2	ACGGAATGGAATGGAG	12.272479617858375	0.9991754101623589	10.232752551203522	1.0	2635
k16_0402e83a	AACAAAAGTGGAATGG	12.27235304834022	1.0	13.2347251368986	0.912739965095986	1114
k16_0e8341dc	AATGGAATCAACTCTA	12.272230773291142	1.0	13.209804635048027	0.9947643979057592	1075
k16_558ba0e8	CCCCGAGTGGAATGGA	12.271074770821503	1.0	12.861565668357633	1.0	594
k16_28180e83	AGGAACGAAATGGAAT	12.269746630777291	1.0	13.08629953366051	0.9912739965095986	894
k16_a0e82415	GGAATGGAAGCAACCC	12.268718413525708	1.0	12.269946268019591	0.9912739965095986	1
k16_0d0de2e8	AATCAATCTGAGTGGA	12.26869947199394	1.0	13.143351501002748	0.9668411867364747	979
k16_8390e838	GAATGCAATGGAATGA	12.268448086394116	0.9998109283418416	12.23922303032627	1.0	6586
k16_4bb0283a	CAGTGTAAAGGAATGG	12.267851103744476	1.0	12.269078958238358	0.912739965095986	1
k16_0ba0e82a	AAGTGGAATGGAAGGG	12.265140596472852	1.0	13.304238121392755	0.9808027923211169	1239
k16_6bf8f5fd	CGGTTTGATTCCTTTC	12.264746431278233	0.9999542961608775	12.008469365984613	0.9930191972076788	18
k16_9f8f53d4	GCTTGATTCCATTCCA	12.264033839171194	1.0	13.134660624282352	0.9930191972076788	973
k16_3d4f6ab8	ATTCCATTCGGGGTGA	12.263525574733075	1.0	12.656757442385887	0.9930191972076788	368
k16_4753f4f5	CACTCCATTTCATTCC	12.262818579849784	0.9997645696642223	11.94755761435822	1.0	5893
k16_3e4d53d4	ATTGCATCCCATTCCA	12.262021024300394	1.0	13.129284839096455	0.9965095986038395	968
k16_0683a0e9	AACGGAATGGAATGGC	12.259732269805625	0.9995178399228544	10.5862340623789	0.9808027923211169	16
k16_53d4e5bd	CCATTCCATGCCGTTC	12.259482180520914	0.9998712729496194	11.904414032557852	0.9965095986038395	525
k16_158b20e4	ACCCGAGTAGAATGCA	12.259210532030057	1.0	12.293201502421056	0.9947643979057592	28
k16_0e83afe8	AATGGAATGGTTTGGA	12.25683331094717	0.999847994914739	11.894533866346938	1.0	808
k16_3f476af0	ATTTCACTCGGGTTAA	12.256393840260467	1.0	12.257621694754349	0.912739965095986	1
k16_53e4e53d	CCATTGCATGCCATTC	12.256343675409601	0.9999618357027001	13.03526144365988	0.9982547993019197	1698
k16_3d6b53d4	ATTCCGGTCCATTCCA	12.255068983119227	0.9996383935634054	10.868392605206976	0.9965095986038395	39
k16_e8341e80	TGGAATCAACTGGAAA	12.254692572929542	0.9991567003986507	10.181917559982137	0.9895287958115183	2044
k16_53c4f83d	CCATTACATTGAATTC	12.253493243984407	0.9999831873434322	12.583616060651325	0.9895287958115183	459
k16_53dcf7b1	CCATTCTATTCTGTAC	12.253264979055363	0.9998852594645844	12.611467824121508	0.9930191972076788	3373
k16_5714f53d	CCCTACCATTCCATTC	12.250616897859501	1.0	12.63258111851986	0.9912739965095986	356
k16_41187a0e	CAACACGACTGGAATG	12.249176488595776	1.0	12.598729351891556	0.9982547993019197	322
k16_4f57e4f5	CATTCCCTTGCATTCC	12.249071048699024	0.999912457322945	12.353416185600848	1.0	1028
k16_0e83f3d8	AATGGAATTTATTCGA	12.2477428182156	1.0	12.32545615490144	0.9982547993019197	65
k16_2d4f73f8	AGTCCATTCTATTTGA	12.246678067174786	1.0	12.70214919657886	0.9982547993019197	436
k16_432ce83a	CAATAGTATGGAATGG	12.24563664546492	1.0	12.69752003337141	0.9947643979057592	432
k16_4f53f4f9	CATTCCATTTCATTGC	12.245546679709953	1.0	14.39162162124441	1.0	4024
k16_afefd4f1	GGTTTGTTTCCATTAC	12.245195944570531	1.0	12.795987886728977	0.9895287958115183	546
k16_0c834118	AATAGAATCAACACGA	12.244946187256803	1.0	12.252297687858348	0.9895287958115183	6
k16_3a0e8ca0	ATGGAATGGATAGGAA	12.242298171064503	0.999562025726228	10.9902883587291	1.0	1731
k16_23d4f53c	AGATTCCATTCCATTA	12.241148039258379	0.9993981083404987	10.575809882314626	0.9930191972076788	1401
k16_313d4f53	ATACATTCCATTCCAT	12.24045459452663	0.9998384866848423	12.237565428023778	1.0	3114
k16_150b90e8	ACCCAAGTGCAATGGA	12.238067455135575	1.0	13.320735169931547	0.9947643979057592	1313
k16_058ba0ec	AACCGAGTGGAATGTA	12.237065863324991	1.0	12.799549940913044	0.9965095986038395	560
k16_0162e83b	AAACCGAGTGGAATGT	12.236904142425008	1.0	12.799388220013059	0.9965095986038395	560
k16_1d476bf8	ACTCCACTCGGTTTGA	12.236616766275823	1.0	12.23907143114499	0.912739965095986	2
k16_0a068320	AAGGAACGGAATAGAA	12.235774361197699	1.0	12.7072808230087	0.9703315881326352	454
k16_51d6bf3d	CCACTCCGGTTTATTC	12.23481865392328	1.0	12.243391770830657	0.9336823734729494	7
k16_cf5b14f4	TATTCCGTACCATTCA	12.234109092049026	1.0	12.685094148765376	0.9930191972076788	431
k16_a2e83414	GGAGTGGAATCAACCA	12.233966395870972	1.0	12.77297067044477	0.9773123909249564	532
k16_394f71da	ATGCCATTCTACTCGG	12.233267974457808	1.0	12.233267974457808	0.9930191972076788	0
k16_5bd4fe3d	CCGTTCCATTTGATTC	12.232614239527539	1.0	12.752041501916693	0.9982547993019197	509
k16_540e83b0	CCCAAATGGAATGTAA	12.231988412829974	1.0	12.39993677725687	0.9197207678883071	145
k16_0c4390e8	AATACAATGCAATGGA	12.231546299512258	0.9999943644827158	14.160418703322808	0.9703315881326352	3773
k16_562f83a0	CCCGAGTTGAATGGAA	12.231261107288843	1.0	12.251993829382151	0.9965095986038395	17
k16_3a2e83b0	ATGGAGTGGAATGTAA	12.230312267149397	0.9997093572435441	11.545803196650366	1.0	2665
k16_0d0520e8	AATCAACCAGAATGGA	12.229570929979515	1.0	13.127482315213625	1.0	1014
k16_4f53e4e5	CATTCCATTGCATGCC	12.22643603838055	1.0	13.250511440572462	0.9982547993019197	1214
k16_4078ba0e	CAAACTGAGTGGAATG	12.225074941817386	1.0	12.799157158704304	0.9965095986038395	574
k16_43a0e832	CAATGGAATGGAATAG	12.224533612708523	0.9996569659837896	11.590256501309236	1.0	51486
k16_cec3a0e8	TATGTAATGGAATGGA	12.224439769944174	0.9995042375882339	10.546085929635574	0.9982547993019197	12
k16_e83a0eb0	TGGAATGGAATGGTAA	12.223312515163558	0.9999400928560731	13.007919895892218	1.0	2570
k16_8f50d4f9	GATTCCAATCCATTGC	12.222694707386323	0.9999616850897527	12.262842773304579	0.9947643979057592	290
k16_4390683a	CAATGCAACGGAATGG	12.222070937802577	1.0	12.29044242212683	0.9965095986038395	57
k16_0281a0c8	AAAGGAACGGAATAGA	12.221413458479164	1.0	12.694690671647207	0.9703315881326352	456
k16_110ba0e8	ACACAAGTGGAATGGA	12.22067438856795	1.0	12.912740484028673	0.987783595113438	723
k16_0d0523e8	AATCAACCAGATTGGA	12.22026728556389	1.0	12.714625703691565	1.0	480
k16_af8f5bd8	GGTTGATTCCGTTCGA	12.220222004931705	0.9996439301212863	10.890656180460782	0.9895287958115183	88
k16_0168ba0e	AAACCGGAGTGGAATG	12.2200752728509	1.0	12.22620412185421	0.9284467713787086	5
k16_7f53d4fd	CTTTCCATTCCATTTC	12.218814447410487	0.9999783168283095	14.366803003317298	1.0	7906
k16_43d4353d	CAATTCCAATCCATTC	12.217455905416756	0.9995354268422837	10.846866042710332	1.0	1067
k16_53d6d53d	CCATTCCGTCCCATTC	12.217443605608905	0.9998172472872644	11.398843861111569	0.9982547993019197	58
k16_475afcf5	CACTCCGGTTTATTCC	12.217377268336017	1.0	12.217377268336017	0.9301919720767888	0
k16_2be3d6f6	AGGTTGATTCCGTTCG	12.215554731433024	0.9996416412829242	10.881410635310123	0.9895287958115183	84
k16_ce834158	TATGGAATCAACCCGA	12.21524106070857	1.0	13.108530477273916	0.9860383944153578	1007
k16_0d4f51da	AATCCATTCCACTCGG	12.214358308931478	1.0	12.765988553372248	0.9982547993019197	547
k16_4f53d445	CATTCCATTCCACACC	12.214259815347654	1.0	14.055543670470975	1.0	3034
k16_3e836af8	ATTGGAATCGGGTTGA	12.211427767655614	1.0	12.306495687937888	0.987783595113438	80
k16_43a0d006	CAATGGAATCAAAACG	12.209539673912673	1.0	12.209539673912673	0.912739965095986	0
k16_0ec3a0e9	AATGTAATGGAATGGC	12.208686812763482	0.9997118363230315	11.028196543652369	0.9825479930191972	5
k16_542e43a0	CCCAAGTGCAATGGAA	12.208378402386174	1.0	13.33446496402666	0.9947643979057592	1389
k16_04118ba0	AACAACACGAGTGGAA	12.206027940175076	1.0	12.220693670383543	0.9825479930191972	12
k16_0e82a3e8	AATGGAAGGGATTGGA	12.205430656371915	0.9998742567676804	11.831007691603133	1.0	406
k16_02804158	AAAGGAAACAACCCGA	12.205401935127938	1.0	12.713645274884389	0.9912739965095986	496
k16_0d07a028	AATCAACTGGAAAGGA	12.205096761748662	1.0	13.744324046962987	0.9912739965095986	2239
k16_b20e43a0	GTAGAATGCAATGGAA	12.20441310410109	1.0	13.207804111287519	0.9982547993019197	1180
k16_4f13d4b5	CATTACATTCCAGTCC	12.204018785092249	0.9999855179505004	12.798871889177944	0.9982547993019197	788
k16_1583a068	ACCCGAATGGAACGGA	12.203569741441637	1.0	12.219450912834446	0.9965095986038395	13
k16_8b90e839	GAGTGCAATGGAATGC	12.203075010922644	1.0	13.369123791415285	1.0	1461
k16_0e8b4118	AATGGAGTCAACACGA	12.202258818394002	1.0	12.44685830291622	0.9930191972076788	217
k16_8083a0e8	GAAAGAATGGAATGGA	12.198681317489232	0.9991726474624573	10.236527284024623	1.0	3166
k16_148fa0e8	ACCAGATTGGAATGGA	12.198013438068566	1.0	12.775392355155411	0.9982547993019197	578
k16_0560e83e	AACCCGAATGGAATTG	12.197242661180566	0.9999757886836307	12.057565055124197	0.9703315881326352	5
k16_3f3d8320	ATTTATTCGAATAGAA	12.19723383297844	0.9999535855186819	11.986213190848828	0.9982547993019197	56
k16_5bd4353d	CCGTTCCAATCCATTC	12.197228495926451	0.9994762648654995	10.783737491402379	1.0	1986
k16_3a0e73a0	ATGGAATGCTATGGAA	12.19548809670648	0.999952709285059	12.94402869107814	1.0	1848
k16_7fd3d4f5	CTTTTCATTCCATTCC	12.195388612010918	0.999993419364179	13.936750340683613	1.0	3170
k16_3a4e43a0	ATGGCATGCAATGGAA	12.194182163686275	0.9999911452706891	13.508554576332202	0.9982547993019197	2057
k16_6af9f53d	CGGGTTGCTTCCATTC	12.193913322433605	1.0	12.19514117692749	0.987783595113438	1
k16_60e83a4d	CGAATGGAATGGCATC	12.192112280503947	0.9999833920148807	12.601284416392307	0.9982547993019197	551
k16_890e83a0	GAGCAATGGAATGGAA	12.1918498824896	1.0	14.166315399326615	1.0	3441
k16_3d4f501a	ATTCCATTCCAAACGG	12.18955151012335	1.0	12.190779364617233	0.9319371727748691	1
k16_1df3ebd4	ACTCTTATTGGTTCCA	12.189427408350136	1.0	13.017096873624034	0.912739965095986	910
k16_3d7f57d4	ATTCCTTTCCCTTCCA	12.189155167549812	0.9998699088277702	12.533390652585291	1.0	4122
k16_0e824158	AATGGAAGCAACCCGA	12.188680289179374	1.0	12.198473988851982	0.9895287958115183	8
k16_6ef8fd3d	CGTGTTGATTTCATTC	12.187781456249946	0.9999505635752423	12.661930009574297	0.9982547993019197	1151
k16_010462e8	AAACAACACGAGTGGA	12.186643851080598	1.0	12.201309581289063	0.9825479930191972	12
k16_0fa2e83a	AATTGGAGTGGAATGG	12.185436032063736	0.9999756927564414	12.051861348570355	0.9930191972076788	10
k16_5314f5fd	CCATACCATTCCTTTC	12.18493135847002	0.9999837242232386	12.630431356400198	0.9965095986038395	595
k16_3d4753d5	ATTCCACTCCATTCCC	12.184366195398933	0.9999583489524762	13.425033265979302	1.0	3667
k16_41d8fa02	CAACTCGATTGGAAAG	12.18385055170174	1.0	12.191202052303286	0.9668411867364747	6
k16_10e83a0d	ACAATGGAATGGAATC	12.183325626937942	0.9994639191433167	10.810217288252057	1.0	3233
k16_371483a0	ATCTACCAGAATGGAA	12.182120720447726	1.0	13.393434701538643	0.9930191972076788	1545
k16_158be0e8	ACCCGAGTTGAATGGA	12.180401983930352	1.0	12.20113470602366	0.9965095986038395	17
k16_3d47ebf8	ATTCCACTTGGTTTGA	12.178634255907193	0.9999831678168658	12.581941675695541	0.9982547993019197	544
k16_0962e83a	AAGCCGAGTGGAATGG	12.178225110696344	1.0	12.220590148132915	0.9912739965095986	35
k16_1d8fa028	ACTCGATTGGAAAGGA	12.177477803404111	1.0	12.186050920311489	0.9703315881326352	7
k16_1d6bf3d4	ACTCCGGTTTATTCCA	12.177329795905296	1.0	12.177329795905296	0.9389179755671903	0
k16_e83a0ec0	TGGAATGGAATGTAAA	12.176128827906757	0.9999776204996224	13.805280147132137	1.0	4004
k16_34178ba1	ATCAACCTGAGTGGAC	12.175123445779183	1.0	12.175123445779183	0.912739965095986	0
k16_4f50d476	CATTCCAATCCACTCG	12.174392158049178	0.9999304557466735	11.866510111213698	1.0	77
k16_b3a0e8b4	GTATGGAATGGAGTCA	12.174156289806898	0.9996895020648112	11.361732405832178	0.9895287958115183	1628
k16_380e8ba0	ATGAAATGGAGTGGAA	12.173402572494163	0.9999556397695802	13.33412016897602	1.0	3406
k16_4158f50e	CAACCCGATTCCAATG	12.172738144249214	1.0	12.265504146500158	0.987783595113438	78
k16_3f4f91da	ATTTCATTGCACTCGG	12.171736188287047	1.0	12.171736188287047	0.9616055846422339	0
k16_53dabe3c	CCATTCGGGTTGATTA	12.170521971587421	1.0	12.170521971587421	0.9912739965095986	0
k16_51dbbefd	CCACTCGTGTTGTTTC	12.16991294840318	1.0	12.183362212579388	0.9825479930191972	11
k16_3e4f71da	ATTGCATTCTACTCGG	12.169637584021247	1.0	12.202428281313333	0.9947643979057592	27
k16_51dabe3c	CCACTCGGGTTGATTA	12.169288083439517	1.0	12.202078780731602	1.0	27
k16_158b90e0	ACCCGAGTGCAATGAA	12.168698728280855	1.0	12.168698728280855	0.9616055846422339	0
k16_0763e80a	AACTCGATTGGAAAGG	12.168152047705465	1.0	12.176725164612842	0.9668411867364747	7
k16_562e4380	CCCGAGTGCAATGAAA	12.165941615369256	1.0	12.165941615369256	0.9616055846422339	0
k16_2bf3d4f5	AGGTTTATTCCATTCC	12.165506470955991	0.9999638680461044	12.811073608422538	0.9930191972076788	1249
k16_3d47aefc	ATTCCACTGGTGTTTA	12.164927331889002	1.0	13.861369148261966	0.9895287958115183	2632
k16_0ebba0e8	AATGGTGTGGAATGGA	12.164111056437598	0.999818676337262	12.070632756227369	1.0	2853
k16_4f13e0f5	CATTACATTGAATTCC	12.163787703035847	1.0	12.740343151049123	0.9912739965095986	577
k16_a0783404	GGAACTGAATCAAACA	12.163509679853686	1.0	13.654169411721025	0.9930191972076788	2126
k16_4148fa0e	CAACCAGATTGGAATG	12.163509104352308	1.0	12.683793088082467	0.9982547993019197	510
k16_4f6af8fd	CATTCGGGTTGATTTC	12.163119185049137	1.0	12.622169155965393	0.9965095986038395	440
k16_4f51d4fd	CATTCCACTCCATTTC	12.162917152706209	0.9999724390351458	13.722937847075903	1.0	4130
k16_0c0560e8	AATAAACCCGAATGGA	12.160452638672734	0.9999503697453967	11.88958400914882	0.9912739965095986	6
k16_4357d4f5	CAATCCCTTCCATTCC	12.159320903509562	1.0	13.025911182514719	1.0	967
k16_0e83a0a0	AATGGAATGGAAGGAA	12.158973960973709	0.9998591909882233	12.616656699867722	1.0	7986
k16_53f4fdbd	CCATTTCATTTCGTTC	12.157061640905871	0.9998500112491563	11.445043913043525	0.9912739965095986	0
k16_7f93d6f5	CTTTGCATTCCGTTCC	12.156655984163026	1.0	12.629933197331068	0.9808027923211169	456
k16_763e80a0	CTCGATTGGAAAGGAA	12.155323339448131	1.0	12.16511703912074	0.9703315881326352	8
k16_34158aa0	ATCAACCCGAGGGGAA	12.152936438835379	1.0	12.677496414592621	0.9930191972076788	515
k16_3d4f9394	ATTCCATTGCATGCCA	12.152550650790706	0.9999462500447917	12.925498903403613	0.9982547993019197	2113
k16_4f535cf5	CATTCCATCCTATTCC	12.15250796078389	1.0	13.031174034152286	1.0	985
k16_0fcf60c8	AATTTATTCGAATAGA	12.152386284141093	0.9999520418195333	11.939018789211886	0.9947643979057592	54
k16_562c8390	CCCGAGTAGAATGCAA	12.15163575011137	1.0	12.185626720502368	0.9947643979057592	28
k16_474afcf5	CACTCAGGTTTATTCC	12.150788329222012	1.0	12.609838300138268	0.9860383944153578	440
k16_1d2bf3d4	ACTCAGGTTTATTCCA	12.150255152283847	1.0	13.188156646832486	0.9895287958115183	1237
k16_3dcf60c0	ATTCTATTCGAATAAA	12.149639521261188	0.9999277508850517	11.811468992305123	0.9982547993019197	51
k16_0e83a3c8	AATGGAATGGATTAGA	12.148147331255997	0.9999573578951857	13.259476434305483	1.0	2982
k16_028180e8	AAAGGAACGAAATGGA	12.14809992841962	1.0	13.115506569234926	0.9912739965095986	1122
k16_4f53f435	CATTCCATTTCAATCC	12.14579101826481	0.9990320796460177	10.024322359691084	1.0	3315
k16_1ba0e83a	ACGTGGAATGGAATGG	12.143749745176525	1.0	12.72112866226337	0.9982547993019197	578
k16_4f53d47d	CATTCCATTCCACTTC	12.142712200272108	1.0	14.194761109925633	1.0	3696
k16_0d4560e8	AATCCACCCGAATGGA	12.142511645473675	1.0	12.144966310342843	0.9633507853403142	2
k16_3d4f10da	ATTCCATTACAATCGG	12.142485449800404	1.0	12.146165882700503	0.9616055846422339	3
k16_0523e83a	AACCAGATTGGAATGG	12.142180796333124	1.0	12.718736244346397	0.9982547993019197	577
k16_3a0e4380	ATGGAATGCAATGAAA	12.142084970344944	0.9998625482035813	12.596109757468524	1.0	6594
k16_0e839078	AATGGAATGCAACTGA	12.14137179966465	1.0	12.596842929068726	0.9965095986038395	436
k16_4f53d4c1	CATTCCATTCCATAAC	12.139261785359556	0.9999403497888383	12.609071805425243	1.0	1317
k16_2ce83a0d	AGTATGGAATGGAATC	12.13847024534684	0.9992507994518045	10.185888485629182	0.9982547993019197	452
k16_4fd4f51d	CATTTCCATTCCACTC	12.13814975412924	0.9999004628477579	11.652355306501027	0.9947643979057592	21
k16_476afaf5	CACTCGGGTTGGTTCC	12.1381126815697	1.0	12.515355951973753	0.9755671902268761	351
k16_e83b0e40	TGGAATGTAATGCAAA	12.13790319552435	1.0	13.294615790608303	0.9406631762652705	1444
k16_18ba0e80	ACGAGTGGAATGGAAA	12.137483098428435	1.0	12.1521488286369	0.9947643979057592	12
k16_351583a0	ATCCACCCGAATGGAA	12.137009933503881	1.0	12.13946459837305	0.9616055846422339	2
k16_44fd3f45	CACATTTCATTTCACC	12.13648769014185	1.0	13.037691439246636	1.0	1019
k16_4f5394fd	CATTCCATGCCATTTC	12.13541156621099	1.0	13.33018542421413	1.0	1514
k16_3d4f5dd2	ATTCCATTCCTCTCAG	12.13406139252715	1.0	12.267710217156734	0.9755671902268761	114
k16_4f5fd4e5	CATTCCTTTCCATGCC	12.13305940860662	1.0	12.868563777158824	0.9982547993019197	781
k16_461e83a0	CACGACTGGAATGGAA	12.13038739883517	1.0	12.132842063704338	0.9965095986038395	2
k16_1583b0e8	ACCCGAATGTAATGGA	12.130178946049455	1.0	13.061969096246294	0.9965095986038395	1066
k16_0ec352e8	AATGTAATCCAGTGGA	12.130140216630087	0.9999186843121709	11.944025431023583	0.9912739965095986	297
k16_a0e03815	GGAATGAAATGAACCC	12.126420336594157	1.0	12.938082677738656	0.9720767888307156	887
k16_3d4353d5	ATTCCAATCCATTCCC	12.125214097113039	0.999980657266098	13.24886448058516	0.9982547993019197	1929
k16_4f47d4f5	CATTCACTTCCATTCC	12.124107559515313	0.9996252895489849	11.122102592118681	1.0	1470
k16_0e83a868	AATGGAATGGGACGGA	12.124097227374044	0.9999488978980002	12.311007706492832	0.9982547993019197	589
k16_a0e83454	GGAATGGAATCACCCA	12.121981891533487	0.9997613649922443	11.178847717638485	0.9703315881326352	86
k16_0de2e83a	AATCTGAGTGGAATGG	12.121511651127543	1.0	13.196619798341361	0.9598603839441536	1300
k16_2e834118	AGTGGAATCAACACGA	12.121212065466386	1.0	12.141944787559694	0.987783595113438	17
k16_4afcf53d	CAGGTTTATTCCATTC	12.121159963095858	1.0	13.242172507991121	0.9930191972076788	1380
k16_4f50d4c5	CATTCCAATCCATACC	12.120617146953455	1.0	12.537964482496765	0.9808027923211169	394
k16_51d4f5fd	CCACTCCATTCCTTTC	12.120520730455445	0.9997547312774558	11.871384614161734	1.0	5699
k16_320e83a4	ATAGAATGGAATGGCA	12.120488199509737	0.9993645668750429	10.394843322863203	1.0	578
k16_4350d4f5	CAATCCAATCCATTCC	12.120444419411916	1.0	12.521139456887774	1.0	376
k16_8390f834	GAATGCAATTGAATCA	12.119679456272436	0.9998826664878727	11.93087026963726	0.9755671902268761	623
k16_3d4153d4	ATTCCAACCCATTCCA	12.119117736980426	0.9998994772818657	11.638142428050246	0.9982547993019197	25
k16_560e81a0	CCCGAATGGAACGGAA	12.118097298196782	1.0	12.133978469589591	0.9947643979057592	13
k16_5f53d4f9	CCTTCCATTCCATTGC	12.118087402976135	1.0	13.336281523848655	1.0	1558
k16_3a0e83e1	ATGGAATGGAATTGAC	12.117733212103092	0.999904492817064	12.621478952990211	1.0	2616
k16_5fe4f5bd	CCTTTGCATTCCGTTC	12.11737948000776	1.0	12.129611251574055	0.9895287958115183	10
k16_53d4f2fd	CCATTCCATTAGTTTC	12.11725869253475	1.0	12.695460608939266	1.0	579
k16_3d456af8	ATTCCACCCGGGTTGA	12.116376775082736	1.0	12.141944787559694	0.9965095986038395	21
k16_4f5fd7f5	CATTCCTTTCCTTTCC	12.115441339137284	0.9994795709547668	10.964278762874828	1.0	15945
k16_3a0c0452	ATGGAATAAACACCAG	12.115286647066547	1.0	13.926083593842066	0.9895287958115183	2946
k16_0e8fa0e4	AATGGATTGGAATGCA	12.112152016972827	0.9999776394737823	13.503356599987582	1.0	2889
k16_5cd4f53d	CCTATCCATTCCATTC	12.111013818646342	0.9999665492172517	12.922301485402803	1.0	1544
k16_4f43d4e5	CATTCAATTCCATGCC	12.11097021402	0.9998977139057945	11.61305701809104	0.9947643979057592	11
k16_53dcf60c	CCATTCTATTCGAATA	12.109305622467993	1.0	12.171807580984199	0.9982547993019197	52
k16_08ba0e8f	AAGAGTGGAATGGATT	12.107764505779759	1.0	13.22595042232152	0.912739965095986	1375
k16_a0fcf60c	GGAATTTATTCGAATA	12.107097720584377	1.0	12.17195035578063	0.9982547993019197	54
k16_1dabefd7	ACTCGGGTTGTTTCCT	12.106131748323437	1.0	12.603103788716343	0.987783595113438	483
k16_0283add8	AAAGGAATGGTCTCGA	12.105678559712604	0.9999752713964243	12.027071592648774	0.9947643979057592	56
k16_4f5fd4b5	CATTCCTTTCCAGTCC	12.10479680498577	0.9999849544873242	12.743810715974298	1.0	849
k16_0e8341d0	AATGGAATCAACTCAA	12.103921140655359	1.0	13.415143077625777	0.9947643979057592	1740
k16_3a0e07a0	ATGGAATGAACTGGAA	12.102822755252854	0.9994935257298485	10.81325432715513	0.9982547993019197	2014
k16_4353d5f5	CAATCCATTCCCTTCC	12.102601378573343	1.0	13.351614867784042	0.9982547993019197	1617
k16_0d0522f8	AATCAACCAGAGTTGA	12.101155759800927	1.0	12.453597919722712	0.9755671902268761	325
k16_0283a2e8	AAAGGAATGGAGTGGA	12.100664709665345	0.9997616168595612	11.952081448500248	1.0	7660
k16_0e834190	AATGGAATCAACGCAA	12.100658991981815	0.9998355926883584	11.781375350077715	0.9895287958115183	868
k16_0e83b3e8	AATGGAATGTATTGGA	12.100627658254355	0.9991243125853795	10.128755066058984	1.0	2309
k16_4f50dabc	CATTCCAATCGGGTTA	12.100550448736556	1.0	12.10177830323044	0.912739965095986	1
k16_0243a2d0	AAAGCAATGGAGTCAA	12.09965638344916	1.0	13.169507682532979	0.9581151832460733	1291
k16_0ec2a0e8	AATGTAAGGGAATGGA	12.099611473277305	0.9998601094255161	11.873727601875517	0.9982547993019197	791
k16_0e87a0d0	AATGGACTGGAATCAA	12.099091247350385	0.9999056959637872	11.948317120519565	0.9965095986038395	446
k16_415aba0e	CAACCCGGGTGGAATG	12.09899900785725	1.0	12.124567020334208	0.9965095986038395	21
k16_1083a0e8	ACAAGAATGGAATGGA	12.09688654782462	1.0	14.6509415272324	1.0	5723
k16_53daba3d	CCATTCGGGTGGATTC	12.095346246816172	1.0	12.09780091168534	0.9598603839441536	2
k16_5f53d4fd	CCTTCCATTCCATTTC	12.094740837884196	1.0	13.88402027292368	0.9982547993019197	2885
k16_83b0e8f9	GAATGTAATGGATTGC	12.09468022966904	1.0	12.467187050656207	0.9982547993019197	346
k16_53d4350d	CCATTCCAATCCAATC	12.094651667818395	0.9997465466987707	11.091930812479568	1.0	35
k16_3415aba0	ATCAACCCGGGTGGAA	12.091990327674146	1.0	12.118764634826684	0.9965095986038395	22
k16_4158ba3e	CAACCCGAGTGGATTG	12.091731078353858	1.0	12.118505385506394	1.0	22
k16_3d436af0	ATTCCAATCGGGTTAA	12.090850423848794	1.0	12.092078278342676	0.912739965095986	1
k16_4f53d6d5	CATTCCATTCCGTCCC	12.090832581409046	1.0	12.438456027262461	0.9982547993019197	320
k16_3d7353d4	ATTCCTATCCATTCCA	12.090544037894102	0.9995998861898495	11.11533976589055	1.0	2282
k16_3c4f90d4	ATTACATTGCAATCCA	12.09018802529202	1.0	12.712148836975759	0.9982547993019197	633
k16_10462e83	ACAACACGAGTGGAAT	12.08864806192982	1.0	12.103313792138287	0.9825479930191972	12
k16_0e73a0e8	AATGCTATGGAATGGA	12.08781120116044	0.9998723412612683	12.252443271475656	1.0	1962
k16_8353d6f5	GAATCCATTCCGTTCC	12.087392943136427	0.9995279183823337	10.544253162991836	0.9930191972076788	0
k16_0d056ae8	AATCAACCCGGGTGGA	12.085994410597596	1.0	12.111562423074554	0.9965095986038395	21
k16_0e83a0da	AATGGAATGGAATCGG	12.08563477147191	0.9998389953308646	11.811548283879665	0.9982547993019197	933
k16_0d4f13d8	AATCCATTACATTCGA	12.085074275699437	0.9992159639849263	10.036050390829674	0.9912739965095986	45
k16_394f50da	ATGCCATTCCAATCGG	12.084248268532418	1.0	12.084248268532418	0.9930191972076788	0
k16_314f53e4	ATACCATTCCATTGCA	12.083497421458127	0.9993502226225901	10.542723907677823	0.9965095986038395	3007
k16_3dabe3cc	ATTCGGGTTGATTATA	12.082920143508913	1.0	12.082920143508913	0.9860383944153578	0
k16_0e432ce8	AATGCAATAGTATGGA	12.082661045710367	0.9997909012157601	11.584411740826516	0.9982547993019197	895
k16_341e80a0	ATCAACTGGAAAGGAA	12.081764315181118	1.0	13.715461488605122	0.9912739965095986	2470
k16_0e83a078	AATGGAATGGAACTGA	12.080668257811283	0.999067396170107	10.11802171414483	1.0	7779
k16_0e82b0e8	AATGGAAGGTAATGGA	12.07811624014203	0.9991455286736164	10.170078515478732	0.9982547993019197	2633
k16_0e8381e8	AATGGAATGAACTGGA	12.078037836224714	0.9995796077416851	11.077938341311581	0.9982547993019197	2660
k16_2fbf53d4	AGTTGTTTCCATTCCA	12.077302214933361	1.0	13.596527050176183	1.0	2192
k16_4f53f4e5	CATTCCATTTCATGCC	12.077167217265734	0.9999822307514615	12.503791799700972	0.9930191972076788	572
k16_b80e03b8	GTGAAATGAAATGTGA	12.07652221969002	1.0	13.173042836869623	1.0	1337
k16_028ba0e8	AAAGGAGTGGAATGGA	12.075843585424261	0.9990767999429438	10.124973258583255	1.0	6657
k16_4f73d830	CATTCTATTCGAATAA	12.074820068166435	1.0	12.134967513640806	0.9982547993019197	50
k16_477bf8f5	CACTCTGTTTGATTCC	12.072988445104196	1.0	12.374511476692481	0.9895287958115183	273
k16_0461e83a	AACACGACTGGAATGG	12.071278433351841	1.0	12.530328404268097	0.9965095986038395	440
k16_4f531cf5	CATTCCATACTATTCC	12.070574020884175	0.9999535747446611	12.449467544182623	1.0	840
k16_0e83acd8	AATGGAATGGTATCGA	12.070140577840402	0.9999476069473188	11.811441810805286	0.9982547993019197	16
k16_60e83f3d	CGAATGGAATTTATTC	12.068398398517017	1.0	12.198684223971464	0.9947643979057592	111
k16_43e0d076	CAATTGAATCAACTCG	12.065273333464171	1.0	12.065273333464171	0.9598603839441536	0
k16_3f4f51d4	ATTTCATTCCACTCCA	12.06459650598469	0.9991952091272753	10.28382550151049	1.0	4111
k16_5f5bd4f5	CCTTCCGTTCCATTCC	12.064499437729198	1.0	12.98724636142126	0.9982547993019197	1052
k16_0b83a0e8	AAGTGAATGGAATGGA	12.063242531917695	0.9999112609814536	12.333834524664121	0.9982547993019197	1297
k16_4f53d7b5	CATTCCATTCCTGTCC	12.062069900994752	0.9998380032399352	12.26275541761254	1.0	4051
k16_52d4f93d	CCAGTCCATTGCATTC	12.061799217709602	0.9998476161450695	11.661022465303352	0.9982547993019197	472
k16_4353d4c5	CAATCCATTCCATACC	12.06120640302914	1.0	12.516677532433214	0.9912739965095986	436
k16_2e834148	AGTGGAATCAACCAGA	12.060675589320365	1.0	12.065580749676771	0.9755671902268761	4
k16_6af4fd3d	CGGGTTCATTTCATTC	12.059974816042299	1.0	12.906211400671182	0.9738219895287958	937
k16_3a0e81a2	ATGGAATGGAACGGAG	12.059859472787346	0.9999335555530946	13.14495088413036	1.0	4497
k16_0e83a2f8	AATGGAATGGAGTTGA	12.058905813037914	0.9996686721642545	11.46060775764369	1.0	4799
k16_4148ba0c	CAACCAGAGTGGAATA	12.058784697424608	1.0	12.062465130324707	0.9598603839441536	3
k16_4f5b54f5	CATTCCGTCCCATTCC	12.055764921976557	1.0	12.357287953564843	1.0	273
k16_bf8f4bd4	GTTTGATTCAGTTCCA	12.055667636827483	1.0	13.671440291511027	0.9930191972076788	2425
k16_090e8b41	AAGCAATGGAGTCAAC	12.055271772725167	1.0	13.040782786154688	0.9546247818499127	1151
k16_63e83a0d	CGATTGGAATGGAATC	12.052681392598572	0.9999201872938172	11.667851411527991	0.9982547993019197	12
k16_4af8f5bd	CAGGTTGATTCCGTTC	12.051860361674734	1.0	12.671424632777684	0.9930191972076788	630
k16_760c83a0	CTCGAATAGAATGGAA	12.050566266142889	0.9999646759608138	12.843696324074632	0.9982547993019197	1510
k16_0eaba0e8	AATGGGGTGGAATGGA	12.050498320062477	0.9997410027901064	11.503415832586592	1.0	1510
k16_2e83a0c8	AGTGGAATGGAATAGA	12.049578319294271	0.9990765892284134	10.144504977000214	1.0	11145
k16_cfaf53d4	TATTGGTTCCATTCCA	12.047192095347816	1.0	13.192843027561185	0.912739965095986	1424
k16_40587a0e	CAAACCGACTGGAATG	12.046141229753818	1.0	12.047369084247702	0.9162303664921466	1
k16_05bfa0e8	AACCGTTTGGAATGGA	12.045617024279712	1.0	12.045617024279712	0.9075043630017452	0
k16_0c93a0e8	AATAGCATGGAATGGA	12.045212573909374	0.9999289700659564	12.65496955406047	1.0	1952
k16_16fe83a0	ACCGTTTGGAATGGAA	12.044915604084245	1.0	12.044915604084245	0.9075043630017452	0
k16_3a2e41a0	ATGGAGTGCAACGGAA	12.044019526264945	1.0	12.048924686621351	0.9493891797556719	4
k16_3d077af8	ATTCAACTCTGGTTGA	12.043960380678485	1.0	12.424981646353082	0.9685863874345549	355
k16_53d4e51d	CCATTCCATGCCACTC	12.042950081914995	0.9999882110226938	13.095668961291903	1.0	1521
k16_0ec3a0c8	AATGTAATGGAATAGA	12.042838755490688	0.999317057691379	10.486410143868888	1.0	3429
k16_be4753d4	GTTGCACTCCATTCCA	12.042230438796532	1.0	12.047135599152938	0.9354275741710296	4
k16_51d4fd3d	CCACTCCATTTCATTC	12.04181734407235	0.999650500850053	11.370913391651857	1.0	4192
k16_0d03a068	AATCAAATGGAACGGA	12.041616953582885	0.9997648460525491	11.454133301142615	0.9982547993019197	854
k16_3a0ea390	ATGGAATGGGATGCAA	12.041495409796003	1.0	13.103131125395919	0.9965095986038395	1277
k16_53d4f5f5	CCATTCCATTCCTTCC	12.04051657055789	0.9999757157774594	12.92066099399266	1.0	1447
k16_2e93a0e8	AGTGGCATGGAATGGA	12.040315987103511	0.9999891477747512	13.215106147903894	1.0	1759
k16_563e83a4	CCCGATTGGAATGGCA	12.039604933808388	1.0	12.039604933808388	0.9930191972076788	0
k16_320e83a1	ATAGAATGGAATGGAC	12.0387817600593	0.999612152553329	11.175937824952053	1.0	2768
k16_3c158fa0	ATTAACCCGATTGGAA	12.038690013418245	1.0	12.039917867912127	0.912739965095986	1
k16_f13d4f50	TTACATTCCATTCCAA	12.037638193139513	0.999916273617817	12.286100057990739	0.9947643979057592	1111
k16_6f53f8f5	CGTTCCATTTGATTCC	12.03744504501038	0.9996375083468473	10.95170253511631	0.9982547993019197	497
k16_158fa0e9	ACCCGATTGGAATGGC	12.036863861086172	1.0	12.036863861086172	0.9930191972076788	0
k16_0e8b9068	AATGGAGTGCAACGGA	12.033164580436132	1.0	12.034392434930016	0.9511343804537522	1
k16_563d4390	CCCGATTCCAATGCAA	12.03190047404	1.0	12.12120669793363	0.987783595113438	75
k16_2e834154	AGTGGAATCAACCCCA	12.031640738040473	1.0	12.419249782403483	0.9144851657940664	362
k16_318ba0e8	ATACGAGTGGAATGGA	12.029674910343978	1.0	12.15095422273528	0.9965095986038395	103
k16_34110ba0	ATCAACACAAGTGGAA	12.028819985609964	1.0	12.96895696193567	0.9895287958115183	1079
k16_353d5f53	ATCCATTCCCTTCCAT	12.027009642911006	1.0	13.557333919654209	0.9982547993019197	2218
k16_4f53d5fd	CATTCCATTCCCTTTC	12.02688679736688	0.9992325535272357	10.304014816269046	1.0	2549
k16_3a8e8341	ATGGGATGGAATCAAC	12.025910386588457	0.9999624673935481	12.292600403818359	0.9982547993019197	539
k16_0563d439	AACCCGATTCCAATGC	12.025264381256756	1.0	12.115724786739177	0.987783595113438	76
k16_71dabc3d	CTACTCGGGTTAATTC	12.02479717404755	1.0	12.049157882373875	0.9912739965095986	20
k16_4f5cd4f5	CATTCCTATCCATTCC	12.023167318202319	0.999825565549196	11.920250174400753	1.0	1780
k16_4f73dff5	CATTCTATTCTTTTCC	12.023035630370764	1.0	13.568588736966868	0.9947643979057592	2254
k16_06bfbf53	AACGGTTTGTTTCCAT	12.022406954190577	1.0	12.022406954190577	0.9075043630017452	0
k16_158f50e4	ACCCGATTCCAATGCA	12.022256199180926	1.0	12.111562423074554	0.987783595113438	75
k16_41debe3d	CAACTCTGGTTGATTC	12.021900947214352	1.0	12.399144217618405	0.9738219895287958	351
k16_0f0563e8	AATTAACCCGATTGGA	12.020505910154347	1.0	12.021733764648229	0.912739965095986	1
k16_73d8303d	CTATTCGAATAAATTC	12.019925556320924	1.0	12.083603331940864	0.9930191972076788	53
k16_53d43531	CCATTCCAATCCATAC	12.014999642739072	0.9999629183276165	12.310036376028503	0.9860383944153578	573
k16_0d4562e4	AATCCACCCGAGTGCA	12.014816751695552	1.0	14.348272546829516	0.9616055846422339	4745
k16_82a0e839	GAAGGGAATGGAATGC	12.01428230129368	0.9998020655046748	11.769647456804533	1.0	1609
k16_3d4b6bf8	ATTCCAGTCGGTTTGA	12.014273915215622	1.0	12.015501769709505	0.9162303664921466	1
k16_0e83ace0	AATGGAATGGTATGAA	12.011498425342547	0.9996301337436383	11.042019545013147	0.9982547993019197	1020
k16_53c4f13c	CCATTACATTACATTA	12.007203373073041	0.9999945906179678	14.219500423388952	1.0	4847
k16_3b0e83a2	ATGTAATGGAATGGAG	12.005469792329713	0.9991740997687479	10.213269115589737	1.0	2771
k16_4340e83a	CAATCAAATGGAATGG	12.004822435034159	0.9997932214222607	11.450550629955119	0.9947643979057592	561
k16_501afefd	CCAAACGGTTTGTTTC	12.004280033626847	1.0	12.004280033626847	0.9075043630017452	0
k16_4f53d431	CATTCCATTCCAATAC	12.002426923722581	0.9999570616423064	13.08331391046126	0.9982547993019197	2631
k16_4f53f5f5	CATTCCATTTCCTTCC	11.998418931922679	1.0	14.434405496662693	1.0	5181
k16_4ffbd4b5	CATTTTGTTCCAGTCC	11.998184660307055	1.0	12.915088004130887	0.9947643979057592	1043
k16_3b0e40a0	ATGTAATGCAAAGGAA	11.99669297784048	0.999988852597902	13.176392820415199	0.9458987783595113	1769
k16_4f53d8cd	CATTCCATTCGATATC	11.996359434874778	1.0	12.060037210494718	0.9912739965095986	53
k16_283ace83	AGGAATGGTATGGAAT	11.995998076899815	0.9995414675995089	10.810283696258177	0.9965095986038395	1044
k16_2e81a0e4	AGTGGAACGGAATGCA	11.995578523488517	1.0	12.025965674663507	0.9947643979057592	25
k16_01e2e83a	AAACTGAGTGGAATGG	11.994760406253928	1.0	12.581984463806917	0.9982547993019197	590
k16_51d23e3d	CCACTCAGATTGATTC	11.99456606939423	1.0	12.901677205495728	0.9633507853403142	1028
k16_30d0560e	ATAATCAACCCGAATG	11.992566207654404	1.0	11.992566207654404	0.9860383944153578	0
k16_0e83a1eb	AATGGAATGGACTGGT	11.991955696789937	0.999980536416365	12.372416071995854	0.9947643979057592	517
k16_0d0541e8	AATCAACCCAACTGGA	11.990824514319632	1.0	11.994504947219731	0.9144851657940664	3
k16_4f5fd436	CATTCCTTTCCAATCG	11.990298232596128	0.9999401448494643	12.386046908592458	0.9895287958115183	1028
k16_ab0f53d0	GGGTAATTCCATTCAA	11.989835727979237	1.0	13.08635634515884	0.912739965095986	1337
k16_1d00a0e8	ACTCAAAAGGAATGGA	11.987660838712186	0.9998920465279465	11.535267125007657	0.9965095986038395	49
k16_5bd4f57d	CCGTTCCATTCCCTTC	11.98692863755869	0.9999451684243232	12.20939373796338	0.9982547993019197	633
k16_083a0e80	AAGAATGGAATGGAAA	11.984895706252404	0.9999747888566747	14.017681973832126	0.9982547993019197	6698
k16_0e03a2e8	AATGAAATGGAGTGGA	11.983309880198734	0.9996623165087499	11.447025565431101	1.0	5492
k16_0282a0e8	AAAGGAAGGGAATGGA	11.982771126120753	0.9999878151311701	15.066644155897881	1.0	15138
k16_81a0e8f4	GAACGGAATGGATTCA	11.982614850541012	0.999493228976041	10.441929735265587	0.9930191972076788	2
k16_158f20e8	ACCCGATTAGAATGGA	11.982306402447055	1.0	11.995755666623264	0.9825479930191972	11
k16_0158b20e	AAACCCGAGTAGAATG	11.981977673537141	1.0	11.989329174138687	0.9598603839441536	6
k16_7b53d4f5	CTGTCCATTCCATTCC	11.981592695770338	0.9999802584822721	13.683070577798915	0.9982547993019197	3864
k16_0d0462c8	AATCAACACGAGTAGA	11.981051783671314	1.0	11.987180632674622	0.9825479930191972	5
k16_1e8fa0e8	ACTGGATTGGAATGGA	11.980793240204184	0.9997991036934013	11.598250063038854	1.0	972
k16_53d4f17d	CCATTCCATTACCTTC	11.9796153512535	0.9999567386727425	12.551290698748474	0.9982547993019197	1128
k16_3d076af8	ATTCAACTCGGGTTGA	11.978973694843308	1.0	12.357162391981788	0.9947643979057592	352
k16_53d4d4f5	CCATTCCATCCATTCC	11.978943373491393	0.9999930962588627	13.867602571206868	0.9947643979057592	3637
k16_563c83a0	CCCGATTAGAATGGAA	11.97830836575682	1.0	11.991757629933028	0.9825479930191972	11
k16_4140ba0e	CAACCAAAGTGGAATG	11.978179846348407	1.0	12.007363721169575	0.9947643979057592	24
k16_bfbf53c4	GTTTGTTTCCATTACA	11.97651190233337	1.0	12.879030496088747	0.9895287958115183	1021
k16_3a3e80a0	ATGGATTGGAAAGGAA	11.976049234469016	0.9993633676192163	10.605279796147263	1.0	4834
k16_7af8f51d	CTGGTTGATTCCACTC	11.97581226415857	1.0	11.97949269705867	0.9685863874345549	3
k16_0c0562c8	AATAAACCCGAGTAGA	11.974952653501832	1.0	11.982304154103378	0.9633507853403142	6
k16_283a4e83	AGGAATGGCATGGAAT	11.974223768210537	0.9999328723904142	12.843742670620614	0.9982547993019197	2797
k16_353c4f62	ATCCATTACATTCGAG	11.973773350561627	1.0	12.02327767462344	0.9912739965095986	41
k16_2c83a4e8	AGTAGAATGGCATGGA	11.972106568127568	1.0	12.814922776737781	0.9947643979057592	932
k16_0ed3a0e8	AATGTCATGGAATGGA	11.971227940020885	0.9995272761652643	10.687929199790922	1.0	591
k16_4394f53d	CAATGCCATTCCATTC	11.970971367222528	1.0	13.310136545675205	0.9982547993019197	1797
k16_22e83a3e	AGAGTGGAATGGATTG	11.96938926762844	1.0	13.543689138628407	0.9842931937172775	2323
k16_0d0f62e4	AATCAATTCGAGTGCA	11.968183373063917	1.0	12.03772590239943	0.9912739965095986	58
k16_1016fe83	ACAAACCGTTTGGAAT	11.967492783093226	1.0	11.967492783093226	0.9075043630017452	0
k16_3e4760f8	ATTGCACTCGAATTGA	11.966052610646607	1.0	12.04026983766206	0.9912739965095986	62
k16_150ba028	ACCCAAGTGGAAAGGA	11.965456458546116	1.0	11.969136891446215	0.9511343804537522	3
k16_4118fa0e	CAACACGATTGGAATG	11.96529149651341	1.0	12.491558326779005	1.0	517
k16_43d4f91d	CAATTCCATTGCACTC	11.964575041165858	1.0	12.034117570501369	0.9738219895287958	58
k16_2e81a028	AGTGGAACGGAAAGGA	11.96384496696566	1.0	11.966299631834827	0.9895287958115183	2
k16_0562e8fa	AACCCGAGTGGATTGG	11.962524560731602	1.0	12.356691438694199	0.9982547993019197	369
k16_3a3e43b0	ATGGATTGCAATGTAA	11.962408060366492	1.0	12.665834182645513	0.9982547993019197	738
k16_34118b20	ATCAACACGAGTAGAA	11.96181625069748	1.0	11.967945099700788	0.9825479930191972	5
k16_0e038158	AATGAAATGAACCCGA	11.959994518373657	1.0	11.973443782549866	0.9965095986038395	11
k16_06834118	AACGGAATCAACACGA	11.959783056686305	1.0	11.968356173593682	0.9685863874345549	7
k16_4f51e8f1	CATTCCACTGGATTAC	11.959697336499385	1.0	12.419640632339862	0.987783595113438	441
k16_1dabd3dc	ACTCGGGTTCATTCTA	11.95952101653373	1.0	11.991110441309058	0.9755671902268761	26
k16_4f53d5f1	CATTCCATTCCCTTAC	11.957181724950335	1.0	12.924588365765642	0.9982547993019197	1122
k16_3d7f6af8	ATTCCTTTCGGGTTGA	11.957105914130075	1.0	11.958333768623957	0.987783595113438	1
k16_2f4f53d4	AGTTCATTCCATTCCA	11.95596371903776	0.9999835566883171	13.946793464255821	0.9982547993019197	4983
k16_1deae3d4	ACTCTGGGTGATTCCA	11.955893832932123	1.0	12.333137103336176	0.9773123909249564	351
k16_07834048	AACTGAATCAAACAGA	11.955763346044927	0.9999306273369916	12.961244539432236	0.9930191972076788	3691
k16_3dc76afc	ATTCTACTCGGGTTTA	11.955651554554034	1.0	11.96300305515558	0.9598603839441536	6
k16_0e0fa0e8	AATGAATTGGAATGGA	11.955552176826902	0.9998064326308128	11.97635271974793	1.0	3185
k16_08258fa0	AAGAAGCCGATTGGAA	11.954977434653573	1.0	11.954977434653573	0.912739965095986	0
k16_3a0dc520	ATGGAATCTACCAGAA	11.954748574727764	1.0	13.69853923437999	0.9930191972076788	2759
k16_20963e83	AGAAGCCGATTGGAAT	11.953400163341847	1.0	11.953400163341847	0.912739965095986	0
k16_5314f51d	CCATACCATTCCACTC	11.951639876597016	0.999984572424752	13.57512577982156	1.0	3214
k16_515abe3d	CCACCCGGGTTGATTC	11.951611611700416	1.0	11.967492783093226	0.9965095986038395	13
k16_8fa0e838	GATTGGAATGGAATGA	11.95092944725076	0.9999368666940245	12.93224709265047	1.0	3117
k16_343c4f90	ATCAATTACATTGCAA	11.950598394737892	1.0	12.462292184829085	0.9930191972076788	500
k16_23e3d435	AGATTGATTCCAATCC	11.950295992485387	1.0	12.647674567367806	0.912739965095986	730
k16_50d4bb02	CCAATCCAGTGTAAAG	11.950073944887388	1.0	11.950073944887388	0.912739965095986	0
k16_59d4f53d	CCGCTCCATTCCATTC	11.949942448449594	0.9999759837650252	12.936668989144728	0.9982547993019197	1648
k16_0114ba0e	AAACACCAGTGGAATG	11.949647173942914	1.0	13.838143050584483	0.9895287958115183	3174
k16_13d7f53d	ACATTCCTTTCCATTC	11.949109121708936	0.9997494706954398	11.820574665948941	1.0	5727
k16_53d4e73d	CCATTCCATGCTATTC	11.948963317575416	0.9999667442633854	12.930737688556057	1.0	1885
k16_020963e8	AAAGAAGCCGATTGGA	11.948949613057582	1.0	11.948949613057582	0.912739965095986	0
k16_20e83a1d	AGAATGGAATGGACTC	11.948494720667075	0.9999222636815921	12.393189587888681	1.0	1444
k16_15abe3d4	ACCCGGGTTGATTCCA	11.948237168441795	1.0	13.252014771330598	0.9965095986038395	1725
k16_8f4be4f5	GATTCAGTTGCATTCC	11.94803284253115	1.0	11.94803284253115	0.9703315881326352	0
k16_41d4f53d	CAACTCCATTCCATTC	11.947721516989088	0.99962173910256	11.25678534739879	1.0	4118
k16_50c4f53d	CCAATACATTCCATTC	11.947590063420254	1.0	13.637193499761175	1.0	2614
k16_36af4f53	ATCGGGTTCATTCCAT	11.947327870706943	1.0	11.94978253557611	0.9616055846422339	2
k16_5394f71d	CCATGCCATTCTACTC	11.947222412535831	1.0	12.813138841156668	0.9947643979057592	966
k16_8343c4f9	GAATCAATTACATTGC	11.947124211280363	1.0	12.000184973724595	0.9912739965095986	44
k16_8753e7f5	GACTCCATTGCTTTCC	11.94674200394037	1.0	12.753497148527211	0.912739965095986	880
k16_43d8b90e	CAATTCGAGTGCAATG	11.94567039235396	1.0	12.018720364232912	0.9912739965095986	61
k16_0da3a0e8	AATCGGATGGAATGGA	11.944314284152732	0.9999440073910244	11.715598478089086	0.9947643979057592	41
k16_4f13d47a	CATTACATTCCACTGG	11.944236446345606	1.0	11.950365295348917	0.9144851657940664	5
k16_4d53d436	CATCCCATTCCAATCG	11.94398375657169	0.999971018692943	11.798177301512013	0.9703315881326352	0
k16_53d4f621	CCATTCCATTCGAGAC	11.940892162787913	0.9999288522082496	12.136722709196803	1.0	743
k16_078ba0e8	AACTGAGTGGAATGGA	11.940822460609533	0.9999846458566845	12.714519418540682	0.9982547993019197	1047
k16_343d8b90	ATCAATTCGAGTGCAA	11.940259442618661	1.0	12.009801971954174	0.9912739965095986	58
k16_3d4f515a	ATTCCATTCCACCCGG	11.93975225682151	0.9999725025435148	11.873985180310836	0.9965095986038395	67
k16_760ec3a0	CTCGAATGTAATGGAA	11.938335448182178	0.9999716062352707	11.827719238856147	0.9965095986038395	29
k16_3a0c05e2	ATGGAATAAACCTGAG	11.937627315876014	1.0	13.214282699245544	0.9930191972076788	1671
k16_3a0d4560	ATGGAATCCACCCGAA	11.936703883482318	1.0	11.940384316382417	0.9319371727748691	3
k16_0e83a0fa	AATGGAATGGAATTGG	11.936394351245506	0.9992791653493519	10.319141137154531	1.0	1529
k16_ba068390	GTGGAACGGAATGCAA	11.936225142053035	1.0	11.958168206884874	0.9912739965095986	18
k16_b53d4f60	GTCCATTCCATTCGAA	11.935845405611682	1.0	11.991272265685229	0.9965095986038395	46
k16_a0e03411	GGAATGAAATCAACAC	11.933671593930075	1.0	12.889725684716442	0.9982547993019197	1104
k16_0a3e83a0	AAGGATTGGAATGGAA	11.93315375981495	0.9998338628953544	12.180506375744766	1.0	3778
k16_3e4f5394	ATTGCATTCCATGCCA	11.929070837803641	0.9999604675372593	12.681320466311712	0.9982547993019197	1435
k16_ba0680a0	GTGGAACGGAAAGGAA	11.928638525088061	1.0	11.93109318995723	0.9860383944153578	2
k16_1e8100e8	ACTGGAACAAAATGGA	11.927750501984638	1.0	13.004024240966556	0.9965095986038395	1302
k16_0e87a040	AATGGACTGGAACAAA	11.927705263952669	1.0	12.910110998118578	0.9947643979057592	1146
k16_3a0d056a	ATGGAATCAACCCGGG	11.927665159099348	1.0	13.230447275466613	0.9965095986038395	1723
k16_6ef8f5bd	CGTGTTGATTCCGTTC	11.92753042127495	1.0	11.936103538182326	0.9703315881326352	7
k16_753d4f62	CTCCATTCCATTCGAG	11.927166794013957	0.9999601095657261	12.66831646113103	0.9982547993019197	1415
k16_5afcf53d	CCGGTTTATTCCATTC	11.927140051859896	1.0	12.344487387403206	0.9633507853403142	394
k16_13c4f51d	ACATTACATTCCACTC	11.926924390672754	1.0	12.916771596723814	1.0	1158
k16_60c0f53d	CGAATAAATTCCATTC	11.92691636462474	1.0	11.983524819904353	0.9982547993019197	47
k16_53d7fe2d	CCATTCCTTTTGAGTC	11.926228039167096	0.9998922274432038	11.755733297480447	0.9965095986038395	424
k16_0c83a0e9	AATAGAATGGAATGGC	11.925890544970864	0.9998939367155736	11.944943741630308	0.9982547993019197	775
k16_390e8343	ATGCAATGGAATCAAT	11.925458568443918	0.99997810330859	12.20250777400011	0.9895287958115183	400
k16_0b20e83a	AAGTAGAATGGAATGG	11.924921116924294	1.0	12.696130864855585	0.9965095986038395	830
k16_3e83a8e8	ATTGGAATGGGATGGA	11.924251001631907	0.999964254436918	12.362971994466914	0.9912739965095986	756
k16_2e83a1d8	AGTGGAATGGACTCGA	11.924131220154871	0.9991613287469765	10.136501802525544	1.0	1662
k16_3e8f4158	ATTGGATTCAACCCGA	11.920680168083758	1.0	11.920680168083758	0.9598603839441536	0
k16_3ccf51da	ATTATATTCCACTCGG	11.920070175369895	1.0	11.989612704705408	0.9895287958115183	58
k16_4fd3d7f5	CATTTCATTCCTTTCC	11.919481743161523	1.0	14.886508704519112	1.0	8009
k16_30158b20	ATAAACCCGAGTAGAA	11.91943321213513	1.0	11.926784712736676	0.9511343804537522	6
k16_4febd4f5	CATTTGGTTCCATTCC	11.91906269422203	0.9999817504927367	12.465322334623073	0.9982547993019197	723
k16_158be3d4	ACCCGAGTTGATTCCA	11.91742449751673	1.0	11.921104930416831	0.9930191972076788	3
k16_4522e83a	CACCAGAGTGGAATGG	11.917124953903826	1.0	12.806440863271577	0.9284467713787086	1001
k16_2e83b0ec	AGTGGAATGTAATGTA	11.916246857158148	1.0	13.097542385375178	1.0	1489
k16_0e43a0e9	AATGCAATGGAATGGC	11.915906578500964	0.9999795793342863	12.303174249311073	0.9930191972076788	525
k16_2d4f5fd8	AGTCCATTCCTTTCGA	11.915230373050425	1.0	11.96473469711224	0.9965095986038395	41
k16_50da7dfd	CCAATCGGCTTCTTTC	11.914762984373645	1.0	11.914762984373645	0.912739965095986	0
k16_8090e8b4	GAAAGCAATGGAGTCA	11.912787996173149	1.0	13.00470574308063	0.9144851657940664	1329
k16_0c4f53d4	AATACATTCCATTCCA	11.910640135437127	0.9998292198077698	12.157069192649809	1.0	3923
k16_1503a0ec	ACCCAAATGGAATGTA	11.910481319377968	1.0	12.368637411875417	0.9197207678883071	439
k16_71dbbe3d	CTACTCGTGTTGATTC	11.909145929609489	1.0	11.9152747786128	0.9825479930191972	5
k16_0fc1a0e8	AATTTAACGGAATGGA	11.908949333952418	0.9997202875444043	10.94970156974643	0.9895287958115183	72
k16_4f60d0f1	CATTCGAATCAATTAC	11.908942115639993	1.0	11.953690842919059	0.9912739965095986	37
k16_0e80a1d8	AATGGAAAGGACTCGA	11.90869994189953	1.0	13.044881312254105	1.0	1407
k16_1debb3d4	ACTCTGGTGTATTCCA	11.906770907281027	1.0	12.35505760932857	0.912739965095986	428
k16_161e83a0	ACCGACTGGAATGGAA	11.905579014170264	0.9998810585786501	11.395444408558978	0.9179755671902269	1
k16_1d0320e8	ACTCAAATAGAATGGA	11.905231204189983	0.9999859623510254	12.84383136857056	0.9982547993019197	1316
k16_a0283405	GGAAAGGAATCAAACC	11.904074918824922	1.0	12.83264184864579	0.9947643979057592	1061
k16_3dabe3f4	ATTCGGGTTGATTTCA	11.901663530927296	0.9999780045750484	12.196018299790111	0.9965095986038395	419
k16_3aee83a0	ATGGTGTGGAATGGAA	11.897501051084431	0.9998070704810119	11.981115188578704	1.0	3379
k16_369f7f53	ATCGGCTTCTTTCCAT	11.896691640631452	1.0	11.896691640631452	0.912739965095986	0
k16_13d4fd3d	ACATTCCATTTCATTC	11.896410527474222	0.999989371765031	13.245192509839386	1.0	2135
k16_43a06839	CAATGGAACGGAATGC	11.894919567047662	1.0	11.894919567047662	0.9616055846422339	0
k16_d83a0e84	TCGAATGGAATGGACA	11.894838484087018	0.9998558579335793	11.33627117056142	0.9965095986038395	47
k16_0e8fa028	AATGGATTGGAAAGGA	11.890806869376052	0.9993558216914442	10.588270189412201	1.0	5125
k16_3a0c4522	ATGGAATACACCAGAG	11.890384695337543	1.0	12.356565825181875	0.912739965095986	448
k16_60ec3a0d	CGAATGTAATGGAATC	11.890186512826997	0.9997171761122593	11.104758569136767	0.9965095986038395	449
k16_4f13fab5	CATTACATTTGGGTCC	11.889314999405698	1.0	12.412166098880446	0.9912739965095986	513
k16_3a0d076a	ATGGAATCAACTCGGG	11.885041396308672	1.0	11.888721829208771	0.9930191972076788	3
k16_2e838068	AGTGGAATGAAACGGA	11.88460699038996	0.9997891820262619	11.085521424090386	0.9790575916230366	3
k16_3d676af8	ATTCCGCTCGGGTTGA	11.882606347230263	1.0	11.923778061199467	0.9982547993019197	34
k16_3a0e8b20	ATGGAATGGAGTAGAA	11.882523365055286	0.9990259474108043	10.038991383094022	1.0	6183
k16_5f53d474	CCTTCCATTCCACTCA	11.881473291176807	1.0	12.980863262695369	0.9947643979057592	1342
k16_83a2e838	GAATGGAGTGGAATGA	11.88130048755659	0.9991898292409324	10.278776707910836	1.0	5094
k16_7f53d7f5	CTTTCCATTCCTTTCC	11.88109772162738	0.9999980648994038	15.702516754194301	1.0	17195
k16_53d43f3d	CCATTCCAATTTATTC	11.880367188931865	1.0	12.440353773639414	0.9860383944153578	557
k16_3a0e0162	ATGGAATGAAACCGAG	11.879080618531965	0.9999702920293515	11.762458038293456	0.9755671902268761	24
k16_0e81a0d8	AATGGAACGGAATCGA	11.879050733088658	0.9999101264969555	11.799677995518632	0.9842931937172775	410
k16_0f13e435	AATTACATTGCAATCC	11.878709105555089	1.0	12.495071783908438	0.9930191972076788	626
k16_4f53dfd4	CATTCCATTCTTTCCA	11.87785585417192	0.9999858069460806	13.695446044460624	1.0	3846
k16_12e83a0e	ACAGTGGAATGGAATG	11.877833326517921	0.9996114256108618	11.187198221609743	1.0	3500
k16_360d4f93	ATCGAATCCATTGCAT	11.877731792820276	1.0	11.878959647314158	0.912739965095986	1
k16_2d4f13fa	AGTCCATTACATTTGG	11.876301681629613	1.0	12.499060456316812	0.9947643979057592	634
k16_4752d4f5	CACTCCAGTCCATTCC	11.875249745492251	1.0	13.705521848799762	1.0	3002
k16_3b0a83a0	ATGTAAGGGAATGGAA	11.8735331890734	0.9998582319954634	11.854494320632785	0.9947643979057592	1094
k16_0e01a0c8	AATGAAACGGAATAGA	11.873124352431192	1.0	13.652776210483712	0.9930191972076788	2858
k16_0a0e87a0	AAGGAATGGACTGGAA	11.87247704443555	1.0	13.032491667059679	1.0	1450
k16_4f6ae8f5	CATTCGGGTGGATTCC	11.87186018115451	1.0	11.873088035648394	0.9301919720767888	1
k16_1e83a0e0	ACTGGAATGGAATGAA	11.871806509510897	0.9995735332127165	10.935390553218822	1.0	1593
k16_6af8350d	CGGGTTGAATCCAATC	11.871770215379467	1.0	11.871770215379467	0.9598603839441536	0
k16_e4f13d44	TGCATTACATTCCACA	11.869043053358178	1.0	13.155803251219416	0.912739965095986	1691
k16_0162e839	AAACCGAGTGGAATGC	11.869012383046414	1.0	11.872692815946515	0.93717277486911	3
k16_4f539cf5	CATTCCATGCTATTCC	11.868834726196857	0.9999764860797592	12.967161452366714	1.0	1875
k16_3d4beaf8	ATTCCAGTTGGGTTGA	11.86869749460385	1.0	12.246886191742329	0.9790575916230366	352
k16_4f7394f5	CATTCTATGCCATTCC	11.868589551607606	1.0	13.07512106518208	0.9982547993019197	1536
k16_41589a0e	CAACCCGAGCGGAATG	11.868415633990379	1.0	11.908393036618971	0.9982547993019197	33
k16_7bf8f4bd	CTGTTTGATTCAGTTC	11.867547792505954	1.0	13.599183855897184	0.9930191972076788	2726
k16_71dabf3d	CTACTCGGGTTTATTC	11.86621256962629	1.0	11.8723414186296	0.9301919720767888	5
k16_6753d4f5	CGCTCCATTCCATTCC	11.8659067757752	1.0	13.144588792005123	1.0	1675
k16_7cfaf53d	CTTATTGGTTCCATTC	11.863866623056442	1.0	13.048948793807028	0.912739965095986	1496
k16_4313d4f5	CAATACATTCCATTCC	11.86362645434462	1.0	13.591558998138975	1.0	2716
k16_3a050562	ATGGAACCAACCCGAG	11.86353189472142	1.0	12.666771651473429	0.9668411867364747	875
k16_3dce53d4	ATTCTATGCCATTCCA	11.863006828208526	0.9997136049122486	11.411094729679734	1.0	1967
k16_20e8341d	AGAATGGAATCAACTC	11.862920777182934	0.9999052850918735	12.347061194601492	0.9930191972076788	1866
k16_303d4f62	ATAAATTCCATTCGAG	11.862674378973097	1.0	12.468582538784789	0.9947643979057592	613
k16_0ec3a1e8	AATGTAATGGACTGGA	11.86094557239624	1.0	12.728209387192301	0.9982547993019197	968
k16_4c13d4f5	CATAACATTCCATTCC	11.85998142983549	0.9998987766434335	12.143937334059821	0.9982547993019197	1320
k16_af4fd3d4	GGTTCATTTCATTCCA	11.859398717485027	1.0	13.011144057272144	0.9808027923211169	1435
k16_3d4f51ba	ATTCCATTCCACGTGG	11.85930018400829	0.9996046469192872	10.621467919159963	0.9633507853403142	12
k16_0e83a8e4	AATGGAATGGGATGCA	11.857689619073698	1.0	13.14344251443479	0.9965095986038395	1689
k16_53d7f60d	CCATTCCTTTCGAATC	11.857493911067696	1.0	11.890284608359783	0.9982547993019197	27
k16_02e83a0a	AAAGTGGAATGGAAGG	11.856745885137853	1.0	12.952117160764418	0.9179755671902269	1335
k16_2e83b0e9	AGTGGAATGTAATGGC	11.855909020001286	1.0	11.859589452901387	0.9319371727748691	3
k16_583a2e80	CCGAATGGAGTGGAAA	11.855693385795405	1.0	12.696453469642194	0.9930191972076788	929
k16_5353d4f5	CCATCCATTCCATTCC	11.855521221970797	0.9999702879101506	13.093281017960543	1.0	2479
k16_3d4c93d4	ATTCCATAGCATTCCA	11.8550917832263	0.9999323030502312	12.724304659522438	1.0	2568
k16_0e03a3d0	AATGAAATGGATTCAA	11.854364027990274	0.9999813835728647	13.30407644165917	0.9930191972076788	2716
k16_3d476afa	ATTCCACTCGGGTTGG	11.853354842870335	1.0	11.864368093514939	0.987783595113438	9
k16_be4f53e4	GTTGCATTCCATTGCA	11.852538038318755	1.0	11.870847024433655	0.987783595113438	15
k16_8fd3e4f5	GATTTCATTGCATTCC	11.852331665983312	0.9993063347954708	10.242733634007486	0.9912739965095986	602
k16_2f8f53c4	AGTTGATTCCATTACA	11.849578216085291	1.0	12.770379908546687	0.9965095986038395	1049
k16_373d4f53	ATCTATTCCATTCCAT	11.849047978900026	0.9998504362276693	12.377971731381715	1.0	5386
k16_53d4f7f5	CCATTCCATTCTTTCC	11.84794931980358	0.9999837231635659	13.497820927294779	1.0	3295
k16_3a0e85a0	ATGGAATGGACCGGAA	11.846753160744813	0.999860914717541	11.553921214576558	0.9965095986038395	396
k16_53d43d3d	CCATTCCAATTCATTC	11.845915108458655	0.9998762917990979	12.29779628671451	1.0	2653
k16_0e83a328	AATGGAATGGATAGGA	11.84464517191809	0.9996001099697583	11.131809607685115	1.0	3200
k16_7f73d4f5	CTTTCTATTCCATTCC	11.844432807553309	0.9997414457320447	11.770593858978806	1.0	5875
k16_1e83a3e8	ACTGGAATGGATTGGA	11.843248914736355	0.9998703207400363	11.65493697751108	0.9982547993019197	514
k16_80e8f415	GAAATGGATTCAACCC	11.843164631083338	1.0	13.209265636471526	0.9930191972076788	1853
k16_8ba06839	GAGTGGAACGGAATGC	11.843078708550804	1.0	11.862600071641149	0.9930191972076788	16
k16_4f03dcf5	CATTAAATTCTATTCC	11.842650706575295	0.9999306316680309	12.391332398050967	0.9947643979057592	1457
k16_118ba0e0	ACACGAGTGGAATGAA	11.840534440924333	1.0	11.847885941525881	0.9773123909249564	6
k16_aba3d4f4	GGGTGGATTCCATTCA	11.839850534494078	1.0	11.841078388987961	0.912739965095986	1
k16_3d4f13f4	ATTCCATTACATTTCA	11.839737764469335	0.9994083240355682	10.642583570443493	1.0	3151
k16_43d4e53d	CAATTCCATGCCATTC	11.839323798358699	0.9999781573544188	12.20607245808622	0.9947643979057592	501
k16_53d47d3d	CCATTCCACTTCATTC	11.83835981731433	0.9997421572840567	11.592135658182944	1.0	2659
k16_2d03a0e8	AGTCAAATGGAATGGA	11.836899955353083	1.0	12.402707312223887	0.9982547993019197	564
k16_7a2e83a1	CTGGAGTGGAATGGAC	11.835937205843845	1.0	13.005266738491345	0.9982547993019197	1467
k16_4f50dabd	CATTCCAATCGGGTTC	11.835924938824881	1.0	11.843276439426427	0.9755671902268761	6
k16_a0e81430	GGAATGGAACCAATAA	11.835673361680449	1.0	13.197479169068753	0.912739965095986	1844
k16_83a0e828	GAATGGAATGGAAGGA	11.83529919886778	0.9993438649805985	10.61158688943183	1.0	10506
k16_476bf4f5	CACTCGGTTTCATTCC	11.835117965280379	0.9999694236355298	11.720900934996028	0.9703315881326352	26
k16_5324f53d	CCATAGCATTCCATTC	11.832570715214285	0.9999527371120013	12.726792902014093	1.0	1937
k16_2e43a0e4	AGTGCAATGGAATGCA	11.832465731406012	1.0	13.364914760778063	1.0	2223
k16_50dabc3c	CCAATCGGGTTAATTA	11.831476297677764	1.0	11.832704152171646	0.912739965095986	1
k16_058ba0e4	AACCGAGTGGAATGCA	11.82860579015807	1.0	11.83473463916138	0.93717277486911	5
k16_62d7f53d	CGAGTCCTTTCCATTC	11.828504259577976	1.0	12.95852497788793	1.0	1396
k16_2f8f73d4	AGTTGATTCTATTCCA	11.828352278127191	1.0	12.991661387895427	1.0	1456
k16_4773d4f9	CACTCTATTCCATTGC	11.828337622779538	1.0	12.343473630553065	0.987783595113438	504
k16_3d4bd3d4	ATTCCAGTTCATTCCA	11.828174189956941	0.9994831285352058	10.783925223371577	0.9982547993019197	2605
k16_5014f53d	CCAAACCATTCCATTC	11.827993599107147	0.9998601374149898	11.784720732434856	1.0	935
k16_2d8ba0e8	AGTCGAGTGGAATGGA	11.827675167355816	0.9997241463863177	10.894118241803094	1.0	29
k16_456af8f5	CACCCGGGTTGATTCC	11.825808169465484	1.0	13.12709576691875	0.9965095986038395	1720
k16_3a0e4b41	ATGGAATGCAGTCAAC	11.825704045662894	0.9999802597812784	12.352058557008775	0.9476439790575916	697
k16_4f53c4b5	CATTCCATTACAGTCC	11.825611247663257	0.9999752775099509	12.027428238456995	0.9982547993019197	320
k16_51debb3d	CCACTCTGGTGTATTC	11.824731902777879	1.0	12.484505638440071	0.912739965095986	681
k16_962e83a0	GCCGAGTGGAATGGAA	11.822593844766631	1.0	12.446150141343294	0.9947643979057592	635
k16_0ecfa0e8	AATGTATTGGAATGGA	11.822180267948553	0.9997955323825589	11.801974586187011	1.0	2447
k16_53d4f12d	CCATTCCATTACAGTC	11.820923823807204	1.0	12.720811528843937	0.9982547993019197	1017
k16_4fd1d4c5	CATTTCACTCCATACC	11.818227733624155	1.0	11.818227733624155	0.912739965095986	0
k16_0963e839	AAGCCGATTGGAATGC	11.817999670263845	1.0	11.817999670263845	0.912739965095986	0
k16_d4ba0e80	TCCAGTGGAATGGAAA	11.817889621792737	1.0	12.73349117169758	0.9930191972076788	1041
k16_0320e876	AAATAGAATGGACTCG	11.817553444176712	0.9999762667615997	12.086332255286838	0.9930191972076788	391
k16_4f77d4f5	CATTCTCTTCCATTCC	11.816763717729824	0.9999828097468735	13.419054916840565	1.0	3150
k16_4f53d4cd	CATTCCATTCCATATC	11.815853143996957	1.0	13.233443109831647	1.0	1963
k16_50d4f50d	CCAATCCATTCCAATC	11.814964726448322	0.9999548790759235	12.490577162383092	1.0	1300
k16_1d43a0e8	ACTCCAATGGAATGGA	11.81390696941655	0.9999099494591339	12.419917138118807	0.9982547993019197	2134
k16_b80e81a0	GTGAAATGGAACGGAA	11.812098884620845	1.0	11.818227733624155	0.9703315881326352	5
k16_762e8380	CTCGAGTGGAATGAAA	11.811902694745356	0.9999695863746959	11.728598198201885	0.9930191972076788	52
k16_762e83a4	CTCGAGTGGAATGGCA	11.811195868397252	1.0	11.812423722891136	0.9930191972076788	1
k16_2f8f53f4	AGTTGATTCCATTTCA	11.8095031620593	0.9999457735939092	12.74659760964793	0.9947643979057592	2270
k16_4f50da7d	CATTCCAATCGGCTTC	11.808801538625273	1.0	11.808801538625273	0.912739965095986	0
k16_0d1560e8	AATCACCCCGAATGGA	11.808755629854392	1.0	11.808755629854392	0.9895287958115183	0
k16_4366f835	CAATCGCGTTGAATCC	11.808755629854392	1.0	11.808755629854392	0.9267015706806283	0
k16_2f93d4f5	AGTTGCATTCCATTCC	11.806162414342072	0.9998274039395051	11.481335755872754	0.9947643979057592	561
k16_4f7314f5	CATTCTATACCATTCC	11.805899535803956	1.0	13.093666333348466	0.9965095986038395	1693
k16_5b54f53d	CCGTCCCATTCCATTC	11.805368077732684	1.0	12.676666517225602	0.9982547993019197	974
k16_4f52d435	CATTCCAGTCCAATCC	11.804625215133353	1.0	11.820506386526164	0.9947643979057592	13
k16_258fa0e4	AGCCGATTGGAATGCA	11.803988405731204	1.0	11.805216260225086	0.912739965095986	1
k16_3a0e87ac	ATGGAATGGACTGGTA	11.8028819924523	0.999979049255201	12.266208548619732	0.987783595113438	617
k16_3d4f13d2	ATTCCATTACATTCAG	11.800971428073026	0.9999636881904918	13.107043066651759	0.9912739965095986	2965
k16_62e83a00	CGAGTGGAATGGAAAA	11.800689105329793	1.0	11.803143770198961	0.9912739965095986	2
k16_07a2e83a	AACTGGAGTGGAATGG	11.800032701291876	1.0	12.866955231172227	0.9965095986038395	1286
k16_5ad4f53d	CCGGTCCATTCCATTC	11.799696120698895	1.0	12.356345975214715	1.0	553
k16_53d4d63d	CCATTCCATCCGATTC	11.79617144709596	0.9999688977357551	11.696304088944126	0.9947643979057592	38
k16_0d0512e8	AATCAACCACAGTGGA	11.795987813949617	1.0	12.990224949528281	0.9982547993019197	1513
k16_1503b0e8	ACCCAAATGTAATGGA	11.795983862440194	1.0	12.741233447213396	0.9982547993019197	1087
k16_3d4f5344	ATTCCATTCCATCACA	11.79549554912461	0.9993206344229312	10.385175498963308	1.0	1711
k16_4fd7d4f5	CATTTCCTTCCATTCC	11.794538196254411	1.0	14.503532594600367	1.0	6505
k16_53d4453d	CCATTCCACACCATTC	11.794350638343962	0.9998536513976292	12.260409432018987	1.0	3726
k16_3a0eb380	ATGGAATGGTATGAAA	11.794103402623763	0.9999119640813452	12.047537577590184	0.9982547993019197	970
k16_138ba0e8	ACATGAGTGGAATGGA	11.793378904445492	1.0	12.710282248269323	0.9930191972076788	1043
k16_f60e8390	TTCGAATGGAATGCAA	11.793354397175138	0.999225088886863	10.082855255564395	0.9947643979057592	482
k16_0e83aee8	AATGGAATGGTGTGGA	11.792788289460432	0.9995176292844531	10.883630020502796	1.0	2976
k16_53f5f53d	CCATTTCCTTCCATTC	11.792528398984173	0.9997241920684004	11.686184000545252	1.0	5950
k16_7f53d474	CTTTCCATTCCACTCA	11.790878199562307	0.999973107435794	13.237115969327752	1.0	3047
k16_b14f5bd4	GTACCATTCCGTTCCA	11.790831862268808	1.0	11.790831862268808	0.9895287958115183	0
k16_0562683a	AACCCGAGCGGAATGG	11.790524345303115	1.0	11.826912870280585	0.9982547993019197	30
k16_53d4f0fd	CCATTCCATTAATTTC	11.790186472428099	0.9999293785310734	12.147433956094561	0.9930191972076788	970
k16_51debefd	CCACTCTGGTTGTTTC	11.789965080641114	1.0	12.31110527726395	0.9965095986038395	511
k16_7e0e83a1	CTTGAATGGAATGGAC	11.789570611485804	1.0	11.837887505170235	0.9965095986038395	40
k16_e83a1e80	TGGAATGGACTGGAAA	11.789291000447637	0.9999886007409519	13.144163116604684	1.0	2149
k16_53d4f501	CCATTCCATTCCAAAC	11.788839667821337	0.9999206923557344	12.603190677548717	1.0	2648
k16_3dc353d4	ATTCTAATCCATTCCA	11.787761079761829	0.9992781340233247	10.371099232397507	1.0	2868
k16_3a0ebfa0	ATGGAATGGTTTGGAA	11.786482926798078	0.9998433093074272	11.850732592384402	1.0	1490
k16_0d9be0d4	AATCGCGTTGAATCCA	11.785554270743228	1.0	11.786782125237112	0.9267015706806283	1
k16_8f43e4f5	GATTCAATTGCATTCC	11.78535036849318	0.9998768082784837	11.860582210370438	0.9668411867364747	984
k16_af8353f4	GGTTGAATCCATTTCA	11.784958369144078	1.0	12.973817269637738	0.9930191972076788	1503
k16_3a0e8241	ATGGAATGGAAGCAAC	11.784738656030985	0.9999829220391085	12.561031005633543	0.9947643979057592	1051
k16_3a4e83e0	ATGGCATGGAATTGAA	11.784392729415732	0.9998280494357872	11.486741353119013	0.9947643979057592	594
k16_0380ee27	AAATGAAATGTGAGCT	11.784239256072311	1.0	13.153672152510294	1.0	1860
k16_53d4313d	CCATTCCAATACATTC	11.78359343427419	0.9999004545907024	12.364601226763133	0.9982547993019197	2264
k16_19abe3d4	ACGCGGGTTGATTCCA	11.783315057322145	1.0	11.784542911816029	0.9668411867364747	1
k16_2e83a0c0	AGTGGAATGGAATAAA	11.783213382330324	0.9999619169899189	13.55423723812318	0.9982547993019197	5818
k16_4af8f73d	CAGGTTGATTCTATTC	11.782385552680186	1.0	11.792179252352794	0.9947643979057592	8
k16_52d4f51d	CCAGTCCATTCCACTC	11.779084369589462	0.9999609340664707	13.001575529729289	1.0	2732
k16_3dc76ef8	ATTCTACTCGTGTTGA	11.778937283918193	1.0	11.783842444274601	0.9738219895287958	4
k16_53d8343c	CCATTCGAATCAATTA	11.778013492268844	1.0	11.819185206238048	0.9912739965095986	34
k16_3a0e8520	ATGGAATGGACCAGAA	11.77799778505283	0.9993719973623889	10.182732848467483	0.9965095986038395	41
k16_0e030158	AATGAAATAAACCCGA	11.775256190184248	1.0	11.79477755327459	0.9773123909249564	16
k16_03a0e439	AAATGGAATGCAATGC	11.774404373567718	0.9998996454137954	12.024758734263752	0.9546247818499127	1114
k16_1d4f57d4	ACTCCATTCCCTTCCA	11.773827639416469	0.9999395161290323	12.755216448928643	1.0	2624
k16_3d435314	ATTCCAATCCATACCA	11.772023774231474	1.0	12.511948004439377	0.9860383944153578	787
k16_4f6efcf5	CATTCGTGTTTATTCC	11.770796832418922	1.0	11.810774235047514	0.9947643979057592	33
k16_0e834159	AATGGAATCAACCCGC	11.770795597375521	1.0	11.772023451869405	0.9738219895287958	1
k16_0d0563c8	AATCAACCCGATTAGA	11.770648469279763	1.0	11.815397196558829	1.0	37
k16_00ba0e82	AAAAGTGGAATGGAAG	11.770507148333133	1.0	12.822695978739219	0.912739965095986	1261
k16_1d4f5fe4	ACTCCATTCCTTTGCA	11.770045203677192	1.0	12.801350748427739	0.9947643979057592	1226
k16_477aecf5	CACTCTGGTGTATTCC	11.769326655773904	1.0	12.478775080880261	0.912739965095986	746
k16_2a0e8390	AGGGAATGGAATGCAA	11.767303864814096	0.9996576241397807	11.220702525471768	1.0	2195
k16_51eebe3d	CCACTGTGGTTGATTC	11.766875307393938	1.0	12.970743028204792	0.9982547993019197	1531
k16_3d436af4	ATTCCAATCGGGTTCA	11.763862194566277	0.999901748870112	11.36804691618733	0.9511343804537522	3
k16_353d4c53	ATCCATTCCATACCAT	11.76327839182357	0.9999861513107784	12.86338115511311	0.9982547993019197	1611
k16_3b0d4ba0	ATGTAATCCAGTGGAA	11.763206690224472	0.9995125220888429	10.627249391148265	0.9912739965095986	724
k16_e83a3e40	TGGAATGGATTGCAAA	11.762594292721383	1.0	11.768723141724692	0.9808027923211169	5
k16_4f53d4e9	CATTCCATTCCATGGC	11.762332107807964	1.0	13.30451489504821	0.9965095986038395	2246
k16_366f8353	ATCGCGTTGAATCCAT	11.762104284141499	1.0	11.76333213863538	0.9267015706806283	1
k16_53d4f7ad	CCATTCCATTCTGGTC	11.761847540800353	1.0	11.806596268079419	0.9965095986038395	37
k16_6e83a0c8	CGTGGAATGGAATAGA	11.761219573723295	0.9995739660483712	10.513626739022909	0.9162303664921466	4
k16_1dcf53e4	ACTCTATTCCATTGCA	11.760651197055271	0.9997257441826122	11.149144356347456	0.9930191972076788	657
k16_4352ec0a	CAATCCAGTGTAAAGG	11.7591650221428	1.0	12.207451724190344	0.912739965095986	428
k16_7a0603a0	CTGGAACGAAATGGAA	11.7588717217715	1.0	11.7588717217715	0.9930191972076788	0
k16_4f53d4d1	CATTCCATTCCATCAC	11.756595102679256	0.9993734421183105	10.4734663410351	1.0	1669
k16_62c4f53d	CGAGTACATTCCATTC	11.755803532631539	1.0	12.55127915135622	0.9965095986038395	864
k16_be3d7f50	GTTGATTCCTTTCCAA	11.754741945694077	1.0	11.755969800187959	0.912739965095986	1
k16_352ec0a0	ATCCAGTGTAAAGGAA	11.752179839344349	1.0	12.226341613830444	0.912739965095986	457
k16_0e839ce8	AATGGAATGCTATGGA	11.75138558996074	0.9999323547317865	12.725406451115763	1.0	2850
k16_1e8180e8	ACTGGAACGAAATGGA	11.751104328093477	1.0	11.751104328093477	0.9930191972076788	0
k16_4118b20e	CAACACGAGTAGAATG	11.750207218572978	1.0	11.755112378929384	0.9685863874345549	4
k16_0e0563e8	AATGAACCCGATTGGA	11.748808885921342	0.999900718138796	11.352993607542395	0.9476439790575916	3
k16_0f43b0e8	AATTCAATGTAATGGA	11.747413848438514	0.9999838798078473	12.644287071660829	0.9895287958115183	1245
k16_3a0e8384	ATGGAATGGAATGACA	11.74634584685538	0.9998942949472985	12.081436840106631	1.0	1410
k16_38158fa0	ATGAACCCGATTGGAA	11.745989745631853	0.9999005239074209	11.350174467252906	0.9476439790575916	3
k16_53fef52d	CCATTTTGTTCCAGTC	11.745565842358866	1.0	12.825330716998485	0.9947643979057592	1308
k16_0480a0e8	AACAGAAAGGAATGGA	11.744955122646067	0.9999699058051702	13.89389663686985	0.9982547993019197	7912
k16_47a0e83a	CACTGGAATGGAATGG	11.744759306656288	0.9998490087423938	11.839204084529834	0.9965095986038395	1413
k16_aecf53d4	GGTGTATTCCATTCCA	11.743652962460734	0.9999828599832028	12.555798904398532	0.9406631762652705	1107
k16_8ba0e829	GAGTGGAATGGAAGGC	11.74297320718994	1.0	13.180655011140173	0.9982547993019197	2007
k16_050562e8	AACCAACCCGAGTGGA	11.742770097568917	1.0	11.751343214476295	0.9738219895287958	7
k16_0e53d4f5	AATGCCATTCCATTCC	11.742272093660826	0.9998772780266306	12.353249476434426	0.9982547993019197	3290
k16_383a0d45	ATGAATGGAATCCACC	11.740938977847131	1.0	11.740938977847131	0.912739965095986	0
k16_aa0283a0	GGGGAAAGGAATGGAA	11.740516047035907	1.0	13.982932125624886	1.0	4383
k16_0e03a0ec	AATGAAATGGAATGTA	11.738402551152594	0.9996806674051233	11.34291841691118	1.0	2757
k16_390f8341	ATGCAATTGAATCAAC	11.737194948519988	1.0	12.693249039306357	0.9755671902268761	1104
k16_a0eb80e0	GGAATGGTGAAATGAA	11.736601616124053	1.0	12.865499383963765	1.0	1394
k16_7353d4f5	CTATCCATTCCATTCC	11.736406351091622	1.0	13.222249757261674	1.0	2115
k16_53dbbf3d	CCATTCGTGTTTATTC	11.73627824169132	0.9997396172373388	10.888113370487064	0.9930191972076788	33
k16_4bf3d4f5	CAGTTTATTCCATTCC	11.734496378354919	1.0	12.884028547517605	0.9895287958115183	1431
k16_14158ba0	ACCAACCCGAGTGGAA	11.73282846412307	1.0	11.742622163795678	0.9755671902268761	8
k16_0d4f5314	AATCCATTCCATACCA	11.732769446592785	0.9999827604040962	12.54744258424668	0.9982547993019197	1111
k16_f53c4f50	TTCCATTACATTCCAA	11.731860757834465	0.9999411106530829	12.793759191807183	0.9965095986038395	2842
k16_0e4b4158	AATGCAGTCAACCCGA	11.73107199108966	1.0	11.732299845583542	0.9179755671902269	1
k16_34158f20	ATCAACCCGATTAGAA	11.72986253937183	1.0	11.774611266650895	1.0	37
k16_2b8f53e4	AGGTGATTCCATTGCA	11.729320064481625	1.0	12.833860536345028	0.9616055846422339	1351
k16_20562e83	AGAACCCGAGTGGAAT	11.728348753556551	1.0	11.75029181838839	0.9982547993019197	18
k16_4f5014f5	CATTCCAAACCATTCC	11.727543443054369	1.0	13.084082138425625	1.0	1833
k16_4f57d7f5	CATTCCCTTCCTTTCC	11.727261968766369	1.0	15.684083060618995	0.9982547993019197	17063
k16_53d7d53d	CCATTCCTTCCCATTC	11.727131586787497	0.9998783280055747	12.215665231729693	1.0	2401
k16_0e8ba0e0	AATGGAGTGGAATGAA	11.726148066203992	0.999170264122917	10.24432403737372	1.0	5641
k16_1d43eaf8	ACTCCAATTGGGTTGA	11.725020295477067	1.0	11.725020295477067	0.9703315881326352	0
k16_3d8343c4	ATTCGAATCAATTACA	11.724608809352386	1.0	11.76219461912817	0.9912739965095986	31
k16_2e83a1e8	AGTGGAATGGACTGGA	11.724544149357895	0.9999020297651386	12.528253929760902	1.0	3274
k16_c62e83a0	TACGAGTGGAATGGAA	11.723482800580213	1.0	12.20029500955573	0.9982547993019197	460
k16_7f51d4f5	CTTTCCACTCCATTCC	11.721967894951245	1.0	14.649660547804599	1.0	7762
k16_3ace83a2	ATGGTATGGAATGGAG	11.716580890260976	0.9997437823033087	11.627181981818934	0.9947643979057592	3334
k16_1d8ba0e9	ACTCGAGTGGAATGGC	11.716133630357609	1.0	11.717361484851493	0.9930191972076788	1
k16_3a0ea1a0	ATGGAATGGGACGGAA	11.714568270418033	0.9999480807171783	12.288122149858493	0.9965095986038395	1131
k16_750fabe0	CTCCAATTGGGTTGAA	11.714325752441875	1.0	11.714325752441875	0.9685863874345549	0
k16_0762e838	AACTCGAGTGGAATGA	11.713577183845054	0.9999673074408265	11.62437918406499	0.9895287958115183	47
k16_3f53d476	ATTTCCATTCCACTCG	11.713345119702895	1.0	11.713345119702895	0.9930191972076788	0
k16_83415fb8	GAATCAACCCTTGTGA	11.713099857332985	1.0	11.713099857332985	0.9057591623036649	0
k16_ba1e8380	GTGGACTGGAATGAAA	11.712482465264337	0.9999501892807332	11.88434850094752	0.9650959860383944	430
k16_4f5fd4c5	CATTCCTTTCCATACC	11.711632566083717	0.9999612290394495	12.245774444604073	1.0	888
k16_20d0560c	AGAATCAACCCGAATA	11.710367208168108	1.0	12.180100742546069	0.9912739965095986	452
k16_43a0e874	CAATGGAATGGACTCA	11.709389165304367	1.0	12.396886084918917	0.9982547993019197	717
k16_4f539476	CATTCCATGCCACTCG	11.709029917505514	0.999966036069694	11.569352311449146	0.9947643979057592	5
k16_150fa2e8	ACCCAATTGGAGTGGA	11.707745348489912	1.0	11.708973202983794	0.9720767888307156	1
k16_0543e8ba	AACCCAATTGGAGTGG	11.707302506043607	1.0	11.708530360537491	0.9720767888307156	1
k16_f4198fa0	TTCAACGCGATTGGAA	11.70725027381232	1.0	11.70725027381232	0.912739965095986	0
k16_ba0e01a0	GTGGAATGAAACGGAA	11.706912061760757	0.9997613446524155	10.90660072743025	0.9581151832460733	2
k16_31148ba0	ATACACCAGAGTGGAA	11.70676057042066	1.0	12.48944040975333	0.912739965095986	846
k16_3d0663e8	ATTCAACGCGATTGGA	11.706067646335347	1.0	11.706067646335347	0.912739965095986	0
k16_0a83a0e4	AAGGGAATGGAATGCA	11.705908553049365	0.9996796465064899	11.304822790129153	1.0	2458
k16_3a0ebba0	ATGGAATGGTGTGGAA	11.705895177886973	0.9994952332879361	10.818128591812313	1.0	3038
k16_243a2d05	AGCAATGGAGTCAACC	11.705892138926643	1.0	12.754522378216349	0.912739965095986	1255
k16_380d0560	ATGAAATCAACCCGAA	11.705865521745642	0.9999797509365191	12.315347042528302	0.9965095986038395	808
k16_50d9be0d	CCAATCGCGTTGAATC	11.705081382352626	1.0	11.705081382352626	0.912739965095986	0
k16_0e83a168	AATGGAATGGACCGGA	11.70313584538417	0.9999421463696847	12.132001548623137	1.0	911
k16_e03a4e80	TGAAATGGCATGGAAA	11.701288107849196	0.9999766799202453	12.97910286987359	0.9144851657940664	2279
k16_0a0a83a0	AAGGAAGGGAATGGAA	11.699462803529041	0.999987799447315	15.064788383483496	1.0	18652
k16_4ffbd4f5	CATTTTGTTCCATTCC	11.699066825874121	1.0	12.724953163502336	0.9965095986038395	1217
k16_22e83a4e	AGAGTGGAATGGCATG	11.696911817805612	1.0	13.403927102024484	0.9860383944153578	2660
k16_4f51d4b5	CATTCCACTCCAGTCC	11.69589178726322	1.0	13.946591098441925	1.0	4415
k16_53d5f5fd	CCATTCCCTTCCTTTC	11.695091591809398	0.9999978945418102	15.580793001330527	1.0	18032
k16_51dabebd	CCACTCGGGTTGGTTC	11.693961574315317	1.0	11.700090423318628	0.9738219895287958	5
k16_7a2e83a0	CTGGAGTGGAATGGAA	11.69160753408288	0.9993632237207328	10.554165449870402	1.0	3788
k16_51d2fe3d	CCACTCAGTTTGATTC	11.691249285841666	1.0	12.310813556944618	1.0	630
k16_287a0ec3	AGGACTGGAATGTAAT	11.688986392709527	1.0	12.28761217225657	0.9930191972076788	604
k16_0720e80a	AACTAGAATGGAAAGG	11.686541878385054	1.0	13.398065033725668	0.9179755671902269	2672
k16_562e8fa0	CCCGAGTGGATTGGAA	11.686263516529422	1.0	11.709415909539109	1.0	19
k16_1a0d05e2	ACGGAATCAACCTGAG	11.68511746530596	1.0	12.87181944530129	0.9930191972076788	1499
k16_3a0e8540	ATGGAATGGACCCAAA	11.683725644474656	0.9997430743421948	11.393278288898971	0.9982547993019197	1522
k16_3a0e8790	ATGGAATGGACTGCAA	11.682091023487802	0.9999680245571401	12.523753451404502	1.0	1378
k16_4f53d405	CATTCCATTCCAAACC	11.681967884164598	0.9999858854747421	12.835952957834184	0.9965095986038395	1717
k16_392d0562	ATGCAGTCAACCCGAG	11.681833110433145	1.0	11.683060964927027	0.9179755671902269	1
k16_3a0a8fa0	ATGGAAGGGATTGGAA	11.681610306668947	0.9998590698610832	11.666513777790891	1.0	853
k16_43d4443d	CAATTCCACACAATTC	11.681457232976381	1.0	11.681457232976381	0.9912739965095986	0
k16_50d4d53d	CCAATCCATCCCATTC	11.68141073150559	1.0	11.70335379633743	0.9912739965095986	18
k16_43a0e83e	CAATGGAATGGAATTG	11.681298983003812	0.9997092250848512	11.63295749759598	0.9982547993019197	6967
k16_3e83a1e8	ATTGGAATGGACTGGA	11.679813836903119	1.0	11.728130730587548	0.9965095986038395	40
k16_1187a0e8	ACACGACTGGAATGGA	11.679757392459564	1.0	12.13880736337582	0.9947643979057592	440
k16_1eee81a0	ACTGTGTGGAACGGAA	11.675528015922092	1.0	11.675528015922092	0.9092495636998255	0
k16_0d056028	AATCAACCCGAAAGGA	11.67467179492733	1.0	11.67467179492733	0.9860383944153578	0
k16_8353f4f5	GAATCCATTTCATTCC	11.674570704025037	0.9995767110448183	11.01638686337942	0.9965095986038395	2894
k16_1defe3d4	ACTCTGTTTGATTCCA	11.673655388911643	0.9999585045022615	12.147809393386684	0.9912739965095986	804
k16_4773d435	CACTCTATTCCAATCC	11.673500318057261	1.0	12.297853695896814	0.9912739965095986	636
k16_3d5f53d5	ATTCCCTTCCATTCCC	11.673275212662793	0.9999896384868047	13.281856843019023	1.0	2788
k16_1dabe1e4	ACTCGGGTTGACTGCA	11.672536799283332	1.0	11.673764653777216	0.9179755671902269	1
k16_53d5f51d	CCATTCCCTTCCACTC	11.672451566002165	0.9999605055292259	12.682707504019007	1.0	1946
k16_a0e03015	GGAATGAAATAAACCC	11.671077784118571	1.0	11.67965090102595	0.9703315881326352	7
k16_3dbbf3d4	ATTCGTGTTTATTCCA	11.669679121357877	1.0	11.706067646335347	0.9930191972076788	30
k16_77af8f51	CTCTGGTTGATTCCAC	11.66963491972416	1.0	11.950073944887388	0.9685863874345549	252
k16_0ec39028	AATGTAATGCAAAGGA	11.66900874171811	0.9999889762217102	13.192480187879665	0.9458987783595113	2561
k16_6af8793d	CGGGTTGACTGCATTC	11.667992517840736	1.0	11.669220372334618	0.9162303664921466	1
k16_4f50f4f5	CATTCCAATTCATTCC	11.667981099022676	0.9999501793543244	12.86884466899229	1.0	2961
k16_3d6f5112	ATTCCGTTCCACACAG	11.666929855987998	1.0	11.673058704991309	0.9092495636998255	5
k16_187a0e83	ACGACTGGAATGGAAT	11.666803733591536	1.0	12.010560586226509	0.9930191972076788	316
k16_4743d475	CACTCAATTCCACTCC	11.665859858043957	0.9999841722063945	12.670692581849265	0.9982547993019197	1433
k16_0f51d475	AATTCCACTCCACTCC	11.665785859858252	1.0	13.258936870357326	1.0	2369
k16_52f4f53d	CCAGTTCATTCCATTC	11.665474708380252	0.9995248494595163	10.901224056312813	0.9982547993019197	3341
k16_53d5fd3d	CCATTCCCTTTCATTC	11.66546677004777	1.0	14.082718173937579	0.9982547993019197	5099
k16_71dafe3d	CTACTCGGTTTGATTC	11.664474991827637	1.0	11.674268691500245	0.9162303664921466	8
k16_4341507a	CAATCAACCCAACTGG	11.664143945939069	1.0	11.665371800432952	0.9075043630017452	1
k16_0d0162c8	AATCAAACCGAGTAGA	11.663164127287093	1.0	11.672957826959703	0.9162303664921466	8
k16_53d4153d	CCATTCCAACCCATTC	11.66303284531755	0.9997235373397381	10.80166487863724	0.9982547993019197	22
k16_1d4c53d4	ACTCCATACCATTCCA	11.660821098318012	0.9999618252614969	12.731736264472021	0.9947643979057592	2080
k16_4be4f53d	CAGTTGCATTCCATTC	11.65991722286502	0.9998297836124173	11.50136502612114	0.9947643979057592	773
k16_7af8f73d	CTGGTTGATTCTATTC	11.659133560460704	1.0	12.130640022271706	0.9825479930191972	454
k16_34058b20	ATCAAACCGAGTAGAA	11.658870277555481	1.0	11.668663977228091	0.912739965095986	8
k16_253d4f53	AGCCATTCCATTCCAT	11.657243975506406	1.0	13.254460667903341	0.9808027923211169	2379
k16_4fdbd4b5	CATTTCGTTCCAGTCC	11.656674791982848	1.0	11.656674791982848	0.9930191972076788	0
k16_a0e80a1c	GGAATGGAAAGGACTA	11.6560600050689	1.0	12.147800057433422	0.9965095986038395	477
k16_53f6f52d	CCATTTCGTTCCAGTC	11.655347835963305	1.0	11.655347835963305	0.9930191972076788	0
k16_462e8380	CACGAGTGGAATGAAA	11.654727769715016	1.0	11.658408202615115	0.9685863874345549	3
k16_3e40a0e8	ATTGCAAAGGAATGGA	11.654271681397281	0.9999861346052522	12.86164208326683	0.9650959860383944	1826
k16_3d476bf9	ATTCCACTCGGTTTGC	11.653401134559846	1.0	11.658306294916253	0.9109947643979057	4
k16_0c834148	AATAGAATCAACCAGA	11.651711149791176	1.0	12.477302773854236	0.9860383944153578	907
k16_34100bb0	ATCAACAAAAGTGTAA	11.651673210446779	1.0	11.691650613075373	0.9109947643979057	33
k16_4353c4f5	CAATCCATTACATTCC	11.651382684191539	1.0	12.44685830291622	1.0	864
k16_8380e8f4	GAATGAAATGGATTCA	11.649892888859506	0.9995269683068766	10.862183225162433	0.9930191972076788	2617
k16_57d4f52d	CCCTTCCATTCCAGTC	11.64838637963133	1.0	12.620810064777984	0.9947643979057592	1130
k16_422e83a0	CAAGAGTGGAATGGAA	11.644741638423106	1.0	13.601279278530827	1.0	3384
k16_0e91a0e8	AATGGCACGGAATGGA	11.64427980265061	0.9993248945147679	10.216466696163709	0.9982547993019197	562
k16_3d47a3c4	ATTCCACTGGATTACA	11.644277168772375	0.9999377980510056	12.027461296825997	0.987783595113438	846
k16_4d53dcf5	CATCCCATTCTATTCC	11.642656211702235	1.0	11.826912870280585	0.9982547993019197	160
k16_1c83a028	ACTAGAATGGAAAGGA	11.642124733835042	1.0	13.548425892773464	0.9808027923211169	3228
k16_0f62e43b	AATTCGAGTGCAATGT	11.641439814566441	1.0	11.716823353079498	0.9842931937172775	63
k16_3b0e8f90	ATGTAATGGATTGCAA	11.640225633708484	1.0	12.874695034768264	0.9982547993019197	1589
k16_158ba3e8	ACCCGAGTGGATTGGA	11.639986585357525	1.0	11.663138978367213	0.9982547993019197	19
k16_04e2e83a	AACATGAGTGGAATGG	11.638828471195563	1.0	12.962863617872204	0.9930191972076788	1766
k16_341580a0	ATCAACCCGAAAGGAA	11.637158532849595	1.0	11.686662856911408	0.9860383944153578	41
k16_3fab53d4	ATTTGGGTCCATTCCA	11.63705498865737	0.999698568198945	11.19158425233652	0.9982547993019197	1339
k16_83a3a0e8	GAATGGATGGAATGGA	11.636787568467694	0.9997982086132375	11.994708580040514	1.0	5293
k16_3faf53d4	ATTTGGTTCCATTCCA	11.635926315014549	0.9999577041830563	12.120253119862324	1.0	818
k16_d0763e80	TCAACTCGATTGGAAA	11.635333064856212	1.0	12.1894752974425	0.9668411867364747	550
k16_50d4fd3d	CCAATCCATTTCATTC	11.634992656384918	1.0	13.131323756947905	0.9965095986038395	2139
k16_38ba0e83	ATGAGTGGAATGGAAT	11.634122554154512	0.9992574913815964	10.272734704158967	0.9965095986038395	2005
k16_5ef8f53d	CCTGTTGATTCCATTC	11.63375530287741	0.9998679083283799	11.86719023564245	0.9965095986038395	1381
k16_e03a0e80	TGAAATGGAATGGAAA	11.633234338532114	0.9995839049222748	11.230234276248673	1.0	11805
k16_1a0e8381	ACGGAATGGAATGAAC	11.63168590275097	1.0	12.22706323180841	0.9982547993019197	600
k16_1d83a2e8	ACTCGAATGGAGTGGA	11.630947755834299	1.0	11.676886852742143	0.9965095986038395	38
k16_2a3a0e83	AGGGATGGAATGGAAT	11.630465559659218	0.9999708059030464	12.655027545901023	0.9930191972076788	1723
k16_4e5394f5	CATGCCATGCCATTCC	11.63023190216827	1.0	13.073345082088489	0.9982547993019197	2019
k16_af8f5394	GGTTGATTCCATGCCA	11.629564452563566	1.0	12.551663257225801	0.9842931937172775	1051
k16_3e8392e8	ATTGGAATGCAGTGGA	11.629214330923771	0.9998370318059592	11.325316401429268	0.9703315881326352	384
k16_44aaf8f5	CACAGGGGTTGATTCC	11.6275191695279	1.0	11.631199602428001	0.9179755671902269	3
k16_3c1083a0	ATTAACAAGAATGGAA	11.627039843060816	0.9999638963102029	11.481233388001138	0.9092495636998255	0
k16_b20e93a0	GTAGAATGGCATGGAA	11.627032990317467	1.0	12.510368043351086	0.9930191972076788	992
k16_6af8f530	CGGGTTGATTCCATAA	11.626987770094745	1.0	11.626987770094745	0.9092495636998255	0
k16_1d83a068	ACTCGAATGGAACGGA	11.624807485297886	1.0	12.276002880925864	0.9982547993019197	670
k16_0f0420e8	AATTAACAAGAATGGA	11.624741385813605	0.9999639002202086	11.481389595623096	0.9092495636998255	2
k16_0ac3a0e8	AAGGTAATGGAATGGA	11.623644564081754	0.9999349161720296	12.483305837439177	0.9982547993019197	2090
k16_1d4f5fd8	ACTCCATTCCTTTCGA	11.623643082102651	0.9999643874643874	11.500989020052662	0.9930191972076788	19
k16_3d4d53c4	ATTCCATCCCATTACA	11.622689618024372	0.9999644532916252	11.503657470117231	0.9930191972076788	22
k16_4f53d774	CATTCCATTCCTCTCA	11.62231900309959	1.0	12.897452541341229	0.9895287958115183	1668
k16_4f53d3d4	CATTCCATTCATTCCA	11.619764813325077	0.9997331316995063	11.71544190434106	0.9982547993019197	6487
k16_83a0eb80	GAATGGAATGGTGAAA	11.619387797014584	1.0	12.921173739481686	0.9982547993019197	1721
k16_3e43b0f8	ATTGCAATGTAATTGA	11.618107025492225	1.0	12.504767837044305	0.9930191972076788	997
k16_341783a0	ATCAACCTGAATGGAA	11.617988292214136	1.0	12.098326856461897	1.0	464
k16_1d4b53d4	ACTCCAGTCCATTCCA	11.616543198275622	0.9999836684032598	13.492975668843307	1.0	4055
k16_3a0d05a1	ATGGAATCAACCGGAC	11.616430306060364	1.0	11.616430306060364	0.9389179755671903	0
k16_3d0ec3a0	ATTCAATGTAATGGAA	11.615778574094126	0.9999836569261947	12.624479156241375	0.9895287958115183	1440
k16_3a0c05a2	ATGGAATAAACCGGAG	11.614862917532095	1.0	12.165654859690541	0.9424083769633508	546
k16_0e93a0d8	AATGGCATGGAATCGA	11.614431244970616	1.0	11.701426331890493	0.9912739965095986	73
k16_476af879	CACTCGGGTTGACTGC	11.613732924920548	1.0	11.61496077941443	0.9144851657940664	1
k16_0570e83a	AACCCTAATGGAATGG	11.613610792010057	1.0	12.184388758155512	0.9912739965095986	570
k16_3d477aec	ATTCCACTCTGGTGTA	11.612652755269268	1.0	12.482607573160733	0.912739965095986	972
k16_d0663e80	TCAACGCGATTGGAAA	11.612069844032495	1.0	11.612069844032495	0.912739965095986	0
k16_4198fa02	CAACGCGATTGGAAAG	11.611964609874228	1.0	11.611964609874228	0.912739965095986	0
k16_018320e8	AAACGAATAGAATGGA	11.610464879918664	0.9999639093402627	11.481754014313601	0.9982547993019197	14
k16_be0c82a0	GTTGAATAGAAGGGAA	11.610299122304069	1.0	12.49230172228883	0.9912739965095986	990
k16_35314f53	ATCCATACCATTCCAT	11.610259425319093	1.0	12.096748446571725	1.0	471
k16_7f53f4f5	CTTTCCATTTCATTCC	11.609486005545499	0.9999803171885072	13.990517036532006	1.0	7546
k16_03d8ba0e	AAATTCGAGTGGAATG	11.609331258096969	1.0	11.609331258096969	0.912739965095986	0
k16_1d0be3d4	ACTCAAGTTGATTCCA	11.6093210581707	1.0	12.920047899490756	0.9982547993019197	1739
k16_3c4f5fe4	ATTACATTCCTTTGCA	11.609317761248104	1.0	13.077066407031566	0.9633507853403142	2074
k16_6214f5fd	CGAGACCATTCCTTTC	11.608729862940754	1.0	11.655858348111458	0.9912739965095986	39
k16_1dcf50d4	ACTCTATTCCAATCCA	11.60849948018787	1.0	12.23046029187161	0.9895287958115183	633
k16_2e43a028	AGTGCAATGGAAAGGA	11.607575967223285	0.9999710156129231	13.129053107868371	0.9912739965095986	3273
k16_3a0e8280	ATGGAATGGAAGGAAA	11.606802545810591	0.9999651961198646	13.684135407817973	1.0	7472
k16_53c4f42d	CCATTACATTCAAGTC	11.604904470466494	1.0	11.676786242041848	0.9912739965095986	60
k16_52d4f13d	CCAGTCCATTACATTC	11.60447236858338	1.0	12.112715708339831	0.9965095986038395	496
k16_13c4f13d	ACATTACATTACATTC	11.60172363540962	1.0	13.88357355151897	1.0	4537
k16_4c5fd4f5	CATACCTTTCCATTCC	11.601716904990532	1.0	12.79434267420132	1.0	1510
k16_2d6be3d4	AGTCCGGTTGATTCCA	11.601190201217863	1.0	11.601190201217863	0.93717277486911	0
k16_050ba0e8	AACCAAGTGGAATGGA	11.60084929277292	1.0	12.755356329979847	0.9930191972076788	1440
k16_4e83a0ec	CATGGAATGGAATGTA	11.600707904317513	0.9997720895118443	11.5344329422747	0.9982547993019197	1856
k16_8b43d4f5	GAGTCAATTCCATTCC	11.5992854716796	1.0	12.901569587078436	0.9965095986038395	1722
k16_4753d5f5	CACTCCATTCCCTTCC	11.599002571185729	1.0	13.429620067020036	1.0	3003
k16_90e83414	GCAATGGAATCAACCA	11.59864534567543	1.0	12.167768344173298	0.9633507853403142	568
k16_0e83a3ec	AATGGAATGGATTGTA	11.597873166875141	0.9998814142201291	11.915554829776557	1.0	1379
k16_0d0142e8	AATCAAACCAAGTGGA	11.597648878042039	0.9999822117864703	12.50225305504477	0.9773123909249564	1258
k16_7af8f5fd	CTGGTTGATTCCTTTC	11.59762182432106	1.0	11.600076489190227	0.9808027923211169	2
k16_7f5fd4f5	CTTTCCTTTCCATTCC	11.597430480843204	0.9999897421518914	15.315005483673792	1.0	24135
k16_43b0e804	CAATGTAATGGAAACA	11.597107603695145	1.0	12.512709153599989	0.9895287958115183	1041
k16_390d0541	ATGCAATCAACCCAAC	11.596038711045443	1.0	11.596038711045443	0.9075043630017452	0
k16_4f53dce5	CATTCCATTCTATGCC	11.595836488095786	0.9999623129781541	12.750285395370254	1.0	2274
k16_ba0e8b90	GTGGAATGGAGTGCAA	11.594644362931932	1.0	12.13364863750573	0.9703315881326352	532
k16_43a0d052	CAATGGAATCAACCAG	11.59458753806866	1.0	12.310781139934308	0.9703315881326352	755
k16_0f0562c8	AATTAACCCGAGTAGA	11.594362691164552	1.0	12.072939155202297	0.9912739965095986	462
k16_056ae83a	AACCCGGGTGGAATGG	11.593977201591475	1.0	11.63156301136726	0.9930191972076788	31
k16_4f50d4fd	CATTCCAATCCATTTC	11.593381131136017	0.9999695196293586	12.592830056675547	1.0	1673
k16_350d4bb0	ATCCAATCCAGTGTAA	11.593169932951392	1.0	12.012355714645482	0.912739965095986	396
k16_0e83b1e8	AATGGAATGTACTGGA	11.593144029390887	0.9998212583412774	11.717251752596518	0.9982547993019197	1739
k16_390e836c	ATGCAATGGAATCGTA	11.59288924526712	1.0	12.106305170824948	0.9930191972076788	502
k16_0d0562eb	AATCAACCCGAGTGGT	11.592201547567326	1.0	11.593429402061208	0.9912739965095986	1
k16_3e4353c4	ATTGCAATCCATTACA	11.591483843496112	1.0	12.811261040179648	0.9982547993019197	1561
k16_53d6f535	CCATTCCGTTCCATCC	11.591071483053572	0.9994478696972485	10.31822138572739	0.9982547993019197	242
k16_1d83a0a8	ACTCGAATGGAAGGGA	11.59049507066845	1.0	11.620882221843438	0.9930191972076788	25
k16_4b5af8f5	CAGTCCGGTTGATTCC	11.588784887132652	1.0	11.588784887132652	0.9354275741710296	0
k16_53d4f60c	CCATTCCATTCGAATA	11.588547460270542	0.9997809179537737	10.898472797240036	0.9982547993019197	18
k16_512e83a0	CCACAGTGGAATGGAA	11.588292245246588	1.0	12.68078615468143	0.9965095986038395	1330
k16_0403a0d8	AACAAAATGGAATCGA	11.588232013904596	0.9998215751347108	11.028483105172931	0.9912739965095986	46
k16_0142e83a	AAACCAAGTGGAATGG	11.588136899511031	1.0	12.708019457553194	0.9947643979057592	1378
k16_83ace838	GAATGGTATGGAATGA	11.588068105340422	0.9999848100496711	12.730028447825253	0.9965095986038395	1693
k16_51d4d53d	CCACTCCATCCCATTC	11.586444849459742	1.0	12.801996644259637	0.9982547993019197	1553
k16_5c53d4f5	CCTACCATTCCATTCC	11.585962917291347	1.0	12.914896077719686	0.9982547993019197	1776
k16_0ba0e80a	AAGTGGAATGGAAAGG	11.584967670871666	0.9999191273844785	12.574999551540774	1.0	3143
k16_3f6f52d4	ATTTCGTTCCAGTCCA	11.5848225781648	1.0	11.5848225781648	0.9930191972076788	0
k16_0d01e2e8	AATCAAACTGAGTGGA	11.584625890910408	1.0	12.173484293134203	0.9895287958115183	592
k16_2fabe3e4	AGTTGGGTTGATTGCA	11.584447201146986	1.0	11.584447201146986	0.9075043630017452	0
k16_52d4f5fd	CCAGTCCATTCCTTTC	11.58418426987955	1.0	12.861853325544542	0.9982547993019197	1673
k16_0a4e83a0	AAGGCATGGAATGGAA	11.581614924434769	0.9999625643425363	12.296331320814406	1.0	1163
k16_0eb3a0f8	AATGGTATGGAATTGA	11.580574084897401	0.9998748800934228	11.706570374868232	1.0	925
k16_3d4e5bc4	ATTCCATGCCGTTACA	11.580257640832375	1.0	11.632133897671219	0.987783595113438	43
k16_4f52d4f1	CATTCCAGTCCATTAC	11.580162200605427	0.9995279881567938	10.637344335566386	0.9982547993019197	866
k16_7314f53d	CTATACCATTCCATTC	11.579409768685265	0.9995660150316612	10.758555346871093	0.9965095986038395	1046
k16_3b0e87a0	ATGTAATGGACTGGAA	11.579295242888188	0.9995378927911276	10.667948400719528	0.9982547993019197	911
k16_522f83a0	CCAGAGTTGAATGGAA	11.57869228992901	1.0	12.862428467908684	0.9860383944153578	1685
k16_6337f53c	CGATATCTTTCCATTA	11.57700354832556	1.0	11.62532044200999	0.9912739965095986	40
k16_068390e0	AACGGAATGCAATGAA	11.57655878218049	1.0	11.594867768295387	0.9842931937172775	15
k16_73d4d53d	CTATTCCATCCCATTC	11.574814691024487	0.9999749849909946	12.877889884523148	0.9790575916230366	2340
k16_5fc4f13d	CCTTTACATTACATTC	11.574813574333685	1.0	11.59917428266001	0.9301919720767888	20
k16_4b4158ba	CAGTCAACCCGAGTGG	11.574194822548364	1.0	11.576649487417532	0.9092495636998255	2
k16_07a02838	AACTGGAAAGGAATGA	11.574140841643324	1.0	12.925393124899434	0.9895287958115183	1822
k16_0663e80a	AACGCGATTGGAAAGG	11.574004841313743	1.0	11.574004841313743	0.912739965095986	0
k16_198fa028	ACGCGATTGGAAAGGA	11.573032119824413	1.0	11.573032119824413	0.912739965095986	0
k16_663e80a0	CGCGATTGGAAAGGAA	11.57297806050679	1.0	11.57297806050679	0.912739965095986	0
k16_4150ba02	CAACCCAAGTGGAAAG	11.57289069439824	1.0	11.948241250630149	0.9616055846422339	349
k16_4f70353d	CATTCTAAATCCATTC	11.571735618824748	1.0	11.94803284253115	0.9912739965095986	350
k16_d4560e80	TCCACCCGAATGGAAA	11.570759882580667	1.0	11.570759882580667	0.912739965095986	0
k16_4fd3d475	CATTTCATTCCACTCC	11.570666999327285	0.9990969776536701	10.11324932966741	1.0	5166
k16_4f53c435	CATTCCATTACAATCC	11.570418508139158	1.0	12.822013797069163	0.9982547993019197	1622
k16_346f8f53	ATCACGTTGATTCCAT	11.570001674189182	1.0	11.570001674189182	0.912739965095986	0
k16_4369f7f5	CAATCGGCTTCTTTCC	11.569314411427808	1.0	11.928475845512986	0.912739965095986	332
k16_34158bac	ATCAACCCGAGTGGTA	11.569098814943045	1.0	11.570326669436929	0.9895287958115183	1
k16_353d4f62	ATCCATTCCATTCGAG	11.567837105894661	1.0	12.276534116510996	0.9965095986038395	745
k16_20d4352e	AGAATCCAATCCAGTG	11.56761613605162	1.0	11.56761613605162	0.912739965095986	0
k16_4f30d4f5	CATTATAATCCATTCC	11.56489078348526	0.9999724449588052	11.870967716332071	0.987783595113438	432
k16_142e83a0	ACCAAGTGGAATGGAA	11.564855540171491	1.0	12.744525174146075	0.9930191972076788	1486
k16_283a0d80	AGGAATGGAATCGAAA	11.564424178806327	0.9998887859128823	11.189289175853606	0.9947643979057592	20
k16_722e83a0	CTAGAGTGGAATGGAA	11.561421540874598	1.0	12.415154529915114	0.9982547993019197	948
k16_0522e83e	AACCAGAGTGGAATTG	11.560969337249269	1.0	12.719884123552015	0.9720767888307156	1448
k16_4f53d5f9	CATTCCATTCCCTTGC	11.560727783481692	1.0	13.70735766403717	0.9947643979057592	4026
k16_5394f5fd	CCATGCCATTCCTTTC	11.559769289483235	1.0	12.793716537277062	0.9982547993019197	1588
k16_4753d7f9	CACTCCATTCCTTTGC	11.558295687766341	1.0	12.723249224204633	0.9947643979057592	1459
k16_8f51d6f5	GATTCCACTCCGTTCC	11.55826536833358	0.9999630150159036	11.4464498836649	0.9965095986038395	28
k16_a0283414	GGAAAGGAATCAACCA	11.557188798471417	1.0	11.558416652965299	0.9790575916230366	1
k16_43b0f8f6	CAATGTAATTGATTCG	11.55630276547471	1.0	11.597474479443914	0.9912739965095986	34
k16_0d0722e8	AATCAACTAGAGTGGA	11.556247990449894	1.0	11.566041690122502	0.9947643979057592	8
k16_34100ba0	ATCAACAAAAGTGGAA	11.555313453313627	1.0	12.919984146418408	0.912739965095986	1850
k16_3ace8fa0	ATGGTATGGATTGGAA	11.554984598174645	0.9999608104400988	12.23028359215804	0.9842931937172775	1100
k16_58b20e80	CCGAGTAGAATGGAAA	11.554952279393582	1.0	11.57810467240327	0.9947643979057592	19
k16_0d0262e8	AATCAAAGCGAGTGGA	11.553270426483609	1.0	11.55939927548692	0.944153577661431	5
k16_394f53dc	ATGCCATTCCATTCTA	11.553198923777448	0.9993419008098277	10.336161933679373	0.9982547993019197	1265
k16_3a0d055e	ATGGAATCAACCCCTG	11.553087318756408	1.0	11.554315173250291	0.9144851657940664	1
k16_214f5fd8	AGACCATTCCTTTCGA	11.552300755276171	1.0	11.60299153318784	0.9912739965095986	42
k16_683a0e05	CGGAATGGAATGAACC	11.552139113512304	1.0	11.58492981080439	0.9930191972076788	27
k16_0d0f13e4	AATCAATTACATTGCA	11.550307318340211	1.0	12.50762722409361	0.9930191972076788	1106
k16_4f52d4f9	CATTCCAGTCCATTGC	11.550042704061125	0.9998410287208112	11.68925948450096	1.0	1357
k16_50d4f52d	CCAATCCATTCCAGTC	11.54931058668176	0.9999628156025732	11.438694377355729	0.9982547993019197	29
k16_0fc3c158	AATTTAATTAACCCGA	11.548113507752058	1.0	11.548113507752058	0.9197207678883071	0
k16_4c53d7f5	CATACCATTCCTTTCC	11.547943195691873	1.0	12.754474709266347	0.9982547993019197	1536
k16_6af0f03d	CGGGTTAATTAAATTC	11.546737848979895	1.0	11.546737848979895	0.9197207678883071	0
k16_662e8390	CGCGAGTGGAATGCAA	11.542593528174049	1.0	11.620306864859888	0.9773123909249564	65
k16_1c43a0e8	ACTACAATGGAATGGA	11.54153872768487	1.0	11.89686440937916	0.9947643979057592	328
k16_83a0eb38	GAATGGAATGGTATGA	11.541506863300604	0.9995726276561191	10.833475771518831	0.9982547993019197	1456
k16_34078ba0	ATCAAACTGAGTGGAA	11.540577066109837	1.0	12.128618527429879	0.9808027923211169	591
k16_3e4f53e0	ATTGCATTCCATTGAA	11.539825013775577	0.9996581196581197	10.584527106665416	0.9947643979057592	11
k16_357d4f53	ATCCCTTCCATTCCAT	11.538491474691767	0.9999555219499178	12.511278454664126	1.0	1866
k16_f5394f50	TTCCATGCCATTCCAA	11.538336099193875	0.9999650978133781	12.397414637032183	0.9947643979057592	1409
k16_3d4351da	ATTCCAATCCACTCGG	11.53821012199821	1.0	11.561362515007898	0.9982547993019197	19
k16_2d0462e8	AGTCAACACGAGTGGA	11.53769208226915	1.0	12.108470048414604	0.9965095986038395	570
k16_11e8fa3d	ACACTGGATTGGATTC	11.537168896819564	1.0	11.988153953535914	0.912739965095986	431
k16_3d7f50d9	ATTCCTTTCCAATCGC	11.536960483210649	1.0	11.536960483210649	0.912739965095986	0
k16_0da7dfd4	AATCGGCTTCTTTCCA	11.535714884451918	1.0	11.894876318537097	0.912739965095986	332
k16_0dabd3d4	AATCGGGTTCATTCCA	11.534768690741204	1.0	11.53967385109761	0.9511343804537522	4
k16_e83a0e84	TGGAATGGAATGGACA	11.534302118133208	0.9995819848975189	11.186919684651532	1.0	8879
k16_120283a0	ACAGAAAGGAATGGAA	11.533579697582887	0.9999313870115613	13.266450655702215	0.9965095986038395	9372
k16_4f53cc35	CATTCCATTATAATCC	11.531839899193328	0.9999743168276145	11.972439634531487	0.9895287958115183	589
k16_3d7f50d8	ATTCCTTTCCAATCGA	11.531780819694074	0.999896270940304	11.592849397083821	0.9703315881326352	572
k16_0503a0e8	AACCAAATGGAATGGA	11.529689553928955	0.9999726984820356	12.751713837018617	1.0	2148
k16_51d4353d	CCACTCCAATCCATTC	11.529529783559616	0.9998450004908318	12.364211293342006	1.0	7603
k16_3d0f6af8	ATTCAATTCGGGTTGA	11.52917976492088	1.0	11.52917976492088	0.9930191972076788	0
k16_4b53d475	CAGTCCATTCCACTCC	11.528551729046246	1.0	13.114355513706744	1.0	2351
k16_15c7a0e8	ACCCTACTGGAATGGA	11.527506994638903	1.0	11.527506994638903	0.912739965095986	0
k16_a4058ba0	GGCAAACCGAGTGGAA	11.525720565945036	1.0	11.525720565945036	0.9075043630017452	0
k16_016fe83a	AAACCGTTTGGAATGG	11.524527162174163	1.0	12.08451374688171	0.9075043630017452	557
k16_3f4c53d4	ATTTCATACCATTCCA	11.521521337129922	0.9999116919816319	12.043085695645507	0.9982547993019197	1408
k16_148be0e8	ACCAGAGTTGAATGGA	11.520712943836699	1.0	12.325359883794913	0.9860383944153578	877
k16_0512e83a	AACCACAGTGGAATGG	11.519400300949323	1.0	12.979579168654928	1.0	2057
k16_010762e8	AAACAACTCGAGTGGA	11.517871883028688	1.0	11.55426040800616	0.9930191972076788	30
k16_108ba0e8	ACAAGAGTGGAATGGA	11.517785967229317	1.0	13.594504600546893	1.0	3780
k16_83ae0380	GAATGGTGAAATGAAA	11.517715934865512	1.0	13.064951253169824	1.0	2258
k16_4f57dcf4	CATTCCCTTCTATTCA	11.517641289965493	1.0	12.544733656245544	0.9912739965095986	1219
k16_0e83a0e1	AATGGAATGGAATGAC	11.517398307950758	0.9998049499371505	11.819650216743367	0.9965095986038395	3046
k16_43f0e83a	CAATTTAATGGAATGG	11.517231882161637	0.9995885789516992	10.647017437204322	0.9982547993019197	493
k16_57f4f51d	CCCTTTCATTCCACTC	11.516805550950485	0.9999103514224241	11.500216399398512	0.9930191972076788	357
k16_3a050c22	ATGGAACCAATAAGAG	11.516667318994081	1.0	13.053779818254862	0.912739965095986	2234
k16_3d8b90ec	ATTCGAGTGCAATGTA	11.516306631199424	1.0	11.587019255772177	0.9842931937172775	59
k16_f13e4760	TTACATTGCACTCGAA	11.51614601205607	1.0	11.586858636628826	0.9842931937172775	59
k16_51dafe5d	CCACTCGGTTTGCCTC	11.514965039196902	1.0	11.516192893690786	0.9075043630017452	1
k16_b4118ba0	GTCAACACGAGTGGAA	11.514645621520645	1.0	12.085423587666101	0.9947643979057592	570
k16_476bf975	CACTCGGTTTGCCTCC	11.514392391361984	1.0	11.514392391361984	0.9075043630017452	0
k16_0e81a1d8	AATGGAACGGACTCGA	11.514067536188168	1.0	11.548058506579167	0.9965095986038395	28
k16_51d9fe3d	CCACTCGCTTTGATTC	11.513727435265878	1.0	11.51495528975976	0.9424083769633508	1
k16_13d4f539	ACATTCCATTCCATGC	11.513630741106299	0.9998830323854083	12.042618532645458	0.9982547993019197	1962
k16_183a0e87	ACGAATGGAATGGACT	11.513418178238528	1.0	11.548608423972174	0.9930191972076788	29
k16_34390bb0	ATCAATGCAAGTGTAA	11.512570020440254	1.0	12.300239490761875	0.912739965095986	853
k16_35fd4f51	ATCCTTTCCATTCCAC	11.512465676904714	1.0	11.983972138715716	0.9912739965095986	454
k16_2d4b6af8	AGTCCAGTCGGGTTGA	11.512138598927967	1.0	11.512138598927967	0.9075043630017452	0
k16_4f0fd4f5	CATTAATTTCCATTCC	11.512108312133849	0.9999811327874419	12.417305465476035	0.9895287958115183	1259
k16_4f71dabc	CATTCTACTCGGGTTA	11.511162238572668	1.0	11.530683601663013	0.9790575916230366	16
k16_1d03b0e8	ACTCAAATGTAATGGA	11.511009803919967	1.0	11.547398328897437	0.9982547993019197	30
k16_8bd3d4f5	GAGTTCATTCCATTCC	11.510105290043414	0.9999915170845917	13.570438443296407	0.9982547993019197	4245
k16_bd4f5110	GTTCCATTCCACACAA	11.509556777004754	1.0	11.510784631498638	0.9528795811518325	1
k16_3c4f91d8	ATTACATTGCACTCGA	11.509041420150625	1.0	11.569188865624996	0.9755671902268761	50
k16_0d31eee8	AATCATACTGTGTGGA	11.508920849036738	1.0	11.508920849036738	0.9022687609075044	0
k16_1dc3a0e8	ACTCTAATGGAATGGA	11.50883852051935	0.9999207135777998	12.603576779485733	1.0	3468
k16_8be3d0f9	GAGTTGATTCAATTGC	11.508682513915225	1.0	12.067001698194213	0.9598603839441536	555
k16_3d4f54d4	ATTCCATTCCCATCCA	11.50854769269169	0.9998817147974788	11.919216137471274	1.0	1549
k16_5f53d8b5	CCTTCCATTCGAGTCC	11.508069084334073	0.9996545901136015	10.569709064222693	0.9912739965095986	25
k16_0e83a150	AATGGAATGGACCCAA	11.5073730653006	1.0	12.88722780271106	0.9982547993019197	1882
k16_3d4653d4	ATTCCACGCCATTCCA	11.506689913305642	0.9999463000751799	11.775903636604639	0.9947643979057592	542
k16_4f5396f1	CATTCCATGCCGTTAC	11.504955872981775	1.0	11.556832129820618	0.987783595113438	43
k16_53d4f4f5	CCATTCCATTCATTCC	11.504911273044128	0.9997744239755089	11.924641778108075	1.0	7414
k16_4fd394f5	CATTTCATGCCATTCC	11.503679919472521	1.0	13.04754885057738	0.9965095986038395	2250
k16_2e83a018	AGTGGAATGGAAACGA	11.503286314850316	0.9999715787977832	11.826326112750934	0.987783595113438	451
k16_283a0f82	AGGAATGGAATTGAAG	11.503051887610324	1.0	12.752065376821022	0.9232111692844677	1617
k16_0e834548	AATGGAATCACCCAGA	11.502560641789225	1.0	12.446533772010671	0.9773123909249564	1085
k16_3a0e9320	ATGGAATGGCATAGAA	11.502203360017058	0.9996876210468444	11.285779866837919	1.0	2524
k16_041d8ba0	AACAACTCGAGTGGAA	11.501956967230486	1.0	11.538345492207958	0.9930191972076788	30
k16_0e8f90ec	AATGGATTGCAATGTA	11.50095696627074	1.0	12.739596804011375	0.9982547993019197	1597
k16_d3f453d4	TCATTTCACCATTCCA	11.50016765599283	1.0	12.83446949436368	1.0	1787
k16_0283a4e8	AAAGGAATGGCATGGA	11.499323843992949	0.9998822421102214	12.032904056156857	0.9982547993019197	1972
k16_2e87a0e0	AGTGGACTGGAATGAA	11.498553585630905	0.9999527186761229	11.959521981794069	0.9738219895287958	786
k16_341587a1	ATCAACCCGACTGGAC	11.497231581982433	1.0	11.497231581982433	0.9075043630017452	0
k16_0683a1d8	AACGGAATGGACTCGA	11.496448542152661	0.9999791157613349	12.2707947858591	0.9912739965095986	1048
k16_515a3e3d	CCACCCGGATTGATTC	11.496418779164252	0.9999626377732113	11.431813318750404	0.987783595113438	68
k16_420e83a0	CAAGAATGGAATGGAA	11.495294759002782	0.999995557747067	14.503661847693024	1.0	9281
k16_a0e80a01	GGAATGGAAAGGAAAC	11.495164476236559	0.9998121395427476	11.9241990017914	0.9982547993019197	3770
k16_0a83b0d4	AAGGGAATGTAATCCA	11.495162777296688	1.0	12.36242659209275	0.9912739965095986	968
k16_2e839068	AGTGGAATGCAACGGA	11.495033774621742	0.9994167962674961	10.14352996239892	0.9965095986038395	20
k16_83a1e818	GAATGGACTGGAACGA	11.495007862887302	1.0	11.495007862887302	0.9930191972076788	0
k16_1f43a0e8	ACTTCAATGGAATGGA	11.495003335339653	1.0	12.352130946620923	0.9808027923211169	953
k16_0ba0e839	AAGTGGAATGGAATGC	11.494444560097746	1.0	12.625587355486813	0.9982547993019197	1398
k16_7f52d4f5	CTTTCCAGTCCATTCC	11.493903700122683	0.999984394993914	12.691141326012849	1.0	1805
k16_0f83a0ec	AATTGAATGGAATGTA	11.493889853435139	0.9999174517350613	12.545413160023788	1.0	3331
k16_436af4f5	CAATCGGGTTCATTCC	11.493865036704205	1.0	11.496319701573373	0.9458987783595113	2
k16_ba2e8380	GTGGAGTGGAATGAAA	11.493545049133274	1.0	12.73114340737078	0.9982547993019197	1595
k16_2a0e8fa0	AGGGAATGGATTGGAA	11.492987795639399	0.9999393816932713	12.064663143134375	0.9982547993019197	1128
k16_7af4f53d	CTGGTTCATTCCATTC	11.49277596090492	1.0	11.967821754689252	0.9825479930191972	458
k16_87a0e839	GACTGGAATGGAATGC	11.492178021558386	0.9999839838557266	12.653627972774665	0.9982547993019197	1732
k16_1d2be3d6	ACTCAGGTTGATTCCG	11.491799114555233	1.0	12.904322093906003	0.9965095986038395	1952
k16_3d4b2af8	ATTCCAGTAGGGTTGA	11.490263892167304	1.0	11.490263892167304	0.9092495636998255	0
k16_4553d4f5	CACCCCATTCCATTCC	11.489799326904487	1.0	13.358923029793374	1.0	3116
k16_51dcbe3d	CCACTCTAGTTGATTC	11.489228097781599	1.0	11.497801214688977	0.9947643979057592	7
k16_4f53b4f5	CATTCCATGTCATTCC	11.487913187845912	1.0	13.001556114442762	1.0	2179
k16_01afefd4	AAACGGTTTGTTTCCA	11.48670085618232	1.0	12.024859457583721	0.9075043630017452	531
k16_6bf975dd	CGGTTTGCCTCCTCTC	11.485331941609425	1.0	11.485331941609425	0.9075043630017452	0
k16_4058b20e	CAAACCGAGTAGAATG	11.485007480111214	1.0	11.49358059701859	0.9144851657940664	7
k16_3d2f93d4	ATTCAGTTGCATTCCA	11.484635782908983	0.9998729916809551	11.68495997174995	0.9912739965095986	1036
k16_13c4f53c	ACATTACATTCCATTA	11.484295818159294	1.0	11.520684343136766	0.9895287958115183	30
k16_4f53d4ed	CATTCCATTCCATGTC	11.483341390028501	1.0	13.072006877044354	0.9982547993019197	2358
k16_3e3d4351	ATTGATTCCAATCCAC	11.482523413761943	1.0	12.377795487472078	0.912739965095986	1010
k16_53d47a3c	CCATTCCACTGGATTA	11.482309061397716	1.0	12.367640489401488	0.987783595113438	995
k16_1dafe5d7	ACTCGGTTTGCCTCCT	11.48228406523926	1.0	11.48228406523926	0.9075043630017452	0
k16_3a1e8180	ATGGACTGGAACGAAA	11.482168924865451	1.0	11.482168924865451	0.9930191972076788	0
k16_281a0e80	AGGAACGGAATGGAAA	11.482076869787008	0.9998810550417794	11.395401514942176	0.9895287958115183	402
k16_76bf975d	CTCGGTTTGCCTCCTC	11.479679784715803	1.0	11.484584945072209	0.9075043630017452	4
k16_415c3a0e	CAACCCTAATGGAATG	11.47900421680028	1.0	12.3245573746466	0.9965095986038395	936
k16_3d7f93c4	ATTCCTTTGCATTACA	11.478390616173314	0.9999887555800434	13.163892194031423	0.9458987783595113	3005
k16_2c4f53d4	AGTACATTCCATTCCA	11.476474077430186	0.9998692089946842	12.261375377372788	1.0	3862
k16_0d0346e8	AATCAAATCACGTGGA	11.474780761424002	1.0	11.474780761424002	0.9668411867364747	0
k16_51583a02	CCACCCGAATGGAAAG	11.47449139203537	1.0	11.47449139203537	0.9092495636998255	0
k16_3daba3d4	ATTCGGGTGGATTCCA	11.473071708573963	1.0	11.934799996517967	0.9319371727748691	443
k16_0d4751d4	AATCCACTCCACTCCA	11.472606498632677	0.9991896501361576	10.22068318636861	1.0	3829
k16_50d4353d	CCAATCCAATCCATTC	11.472167990511123	0.9993911596379429	10.389947236457257	1.0	1150
k16_3a0e40b0	ATGGAATGCAAAGTAA	11.471469811269527	0.9998812298647505	12.020555802381738	0.9633507853403142	2006
k16_5354f50d	CCATCCCATTCCAATC	11.47142724151934	0.9999806329162955	12.379585626183234	0.9912739965095986	1264
k16_101e2e83	ACAAACTGAGTGGAAT	11.471068280158793	1.0	11.48573401036726	0.9668411867364747	12
k16_3e8ba2e8	ATTGGAGTGGAGTGGA	11.470934158883551	1.0	13.774843017929207	0.9982547993019197	4625
k16_2f8f53d5	AGTTGATTCCATTCCC	11.468853621019594	1.0	12.381195537722908	0.9965095986038395	1036
k16_406bfbf5	CAAACGGTTTGTTTCC	11.468564895805665	1.0	12.006723497207066	0.9075043630017452	531
k16_3c4fead4	ATTACATTTGGGTCCA	11.467985582634299	0.9995490271872182	10.682732033896322	0.9912739965095986	1029
k16_ba0ec3a4	GTGGAATGTAATGGCA	11.467791404875461	1.0	11.843141961107369	0.9284467713787086	349
k16_4f43d6f9	CATTCAATTCCGTTGC	11.467086966451262	0.9994422088529423	10.168683047838101	0.9808027923211169	14
k16_4346f8f5	CAATCACGTTGATTCC	11.466656398248366	1.0	11.466656398248366	0.9144851657940664	0
k16_0fd4f53d	AATTTCCATTCCATTC	11.466455674266925	0.9995374821991504	10.860974925166575	0.9842931937172775	2717
k16_354f50da	ATCCCATTCCAATCGG	11.46630718676491	1.0	11.46630718676491	0.9022687609075044	0
k16_3a0eb320	ATGGAATGGTATAGAA	11.465946985867102	0.9995248402935432	10.710002588186315	0.9947643979057592	1518
k16_5a0e83a1	CCGGAATGGAATGGAC	11.4659159318497	1.0	11.4999069022407	0.9930191972076788	28
k16_57d4f62d	CCCTTCCATTCGAGTC	11.465305298110243	1.0	11.495692449285231	0.9912739965095986	25
k16_63d4ffbd	CGATTCCATTTTGTTC	11.464602145496013	1.0	11.515292923407682	0.9912739965095986	42
k16_0d0402e8	AATCAACAAAAGTGGA	11.463864812167476	1.0	12.902000012588955	0.912739965095986	2008
k16_bace83a0	GTGGTATGGAATGGAA	11.463811443161951	0.9992708181420447	10.218277157043087	1.0	1428
k16_0f53d4e5	AATTCCATTCCATGCC	11.463758542043854	0.999853599976576	11.883754141653789	1.0	2068
k16_51d8befd	CCACTCGAGTTGTTTC	11.463692651852572	1.0	11.49888289758622	0.9930191972076788	29
k16_0d0622e8	AATCAACGAGAGTGGA	11.46224449808592	1.0	11.481765861176264	0.9965095986038395	16
k16_310e43a0	ATACAATGCAATGGAA	11.462062312616691	1.0	14.285153590719052	0.9616055846422339	7137
k16_0e80a1f8	AATGGAAAGGACTTGA	11.46185025711616	1.0	13.431305837505946	0.9965095986038395	3425
k16_3a83a0e8	ATGGGAATGGAATGGA	11.46028769256928	0.9999114234255514	12.730165688529816	1.0	5272
k16_51d4f62d	CCACTCCATTCGAGTC	11.459474838527337	1.0	11.497060648303123	0.9930191972076788	31
k16_3a0eb343	ATGGAATGGTATCAAT	11.459418910461691	0.9996178381397537	10.670431989677933	0.9703315881326352	445
k16_460e83a1	CACGAATGGAATGGAC	11.458903450616813	1.0	11.49049287539214	0.9930191972076788	26
k16_477afbf5	CACTCTGGTTGTTTCC	11.458327618913144	1.0	12.384957154254796	0.9965095986038395	1058
k16_83a0e854	GAATGGAATGGACCCA	11.458226130106308	1.0	12.817640179240128	0.9982547993019197	1839
k16_3c158b20	ATTAACCCGAGTAGAA	11.45815294375291	1.0	12.03717739025485	0.9912739965095986	580
k16_3e4b53d4	ATTGCAGTCCATTCCA	11.457893747457858	0.9999663526244953	12.450231964391618	1.0	1659
k16_51ddbe3d	CCACTCTCGTTGATTC	11.457803349358143	1.0	11.477324712448485	0.9965095986038395	16
k16_7f93d4c5	CTTTGCATTCCATACC	11.455374530861961	1.0	11.867192429474445	0.9162303664921466	388
k16_4be1d4f5	CAGTTGACTCCATTCC	11.455335557967468	1.0	11.460240718323876	0.912739965095986	4
k16_2a0ec352	AGGGAATGTAATCCAG	11.453760863719223	1.0	12.34705028028457	0.9912739965095986	1007
k16_0e830178	AATGGAATAAACCTGA	11.453358134548075	1.0	13.308968525958386	0.9930191972076788	3076
k16_07b0e83a	AACTGTAATGGAATGG	11.453191755331536	0.9996360401164671	10.494238283717777	0.9703315881326352	8
k16_0a0e8381	AAGGAATGGAATGAAC	11.453102577585224	1.0	13.447127319681286	1.0	3504
k16_0541e83e	AACCCAACTGGAATTG	11.452974122992892	1.0	11.452974122992892	0.9057591623036649	0
k16_394f51d8	ATGCCATTCCACTCGA	11.452308083503846	0.9996897650675466	10.8652458156517	0.9947643979057592	522
k16_51d4f57d	CCACTCCATTCCCTTC	11.450614828504062	1.0	13.196970623734842	1.0	2766
k16_43a3e834	CAATGGATTGGAATCA	11.45045338231376	0.9999616432050937	12.261266729905563	0.9965095986038395	1324
k16_753d4f92	CTCCATTCCATTGCAG	11.449972186817687	1.0	13.03659418011301	0.9930191972076788	2353
k16_415c7a0e	CAACCCTACTGGAATG	11.448796873483612	1.0	11.448796873483612	0.9092495636998255	0
k16_34188ba0	ATCAACGAGAGTGGAA	11.445423158914409	1.0	11.468575551924097	0.9965095986038395	19
k16_8ba0e809	GAGTGGAATGGAAAGC	11.44446931090136	1.0	12.222142202455267	0.9842931937172775	839
k16_01183a0e	AAACACGAATGGAATG	11.443958448281961	1.0	12.028727512101543	0.9947643979057592	587
k16_2243a0e8	AGAGCAATGGAATGGA	11.443349772903174	1.0	13.3630244994431	1.0	3269
k16_3d1f53d4	ATTCACTTCCATTCCA	11.442907886145244	0.9995703442020337	11.012534492108909	1.0	3868
k16_3d4f5118	ATTCCATTCCACACGA	11.442875750620509	0.9998363539663707	10.935193723415438	0.9947643979057592	3
k16_563283a0	CCCGATAGGAATGGAA	11.442816738074029	1.0	11.44649717097413	0.9144851657940664	3
k16_10522e83	ACAACCAGAGTGGAAT	11.442628031324482	1.0	12.152076456430837	0.9895287958115183	746
k16_a0e83805	GGAATGGAATGAAACC	11.442394288501667	0.9999707221384551	12.650894456928123	0.9947643979057592	2117
k16_8b5bd4f5	GAGTCCGTTCCATTCC	11.442105795638003	1.0	11.474896492930089	0.9965095986038395	27
k16_3fef53d4	ATTTTGTTCCATTCCA	11.44179930846659	1.0	12.855244882750666	0.9947643979057592	1954
k16_3a1e8100	ATGGACTGGAACAAAA	11.441368439966945	1.0	12.899760396311724	0.9947643979057592	2053
k16_4f52dcf5	CATTCCAGTCTATTCC	11.44117080039724	0.9997174996147722	11.00036227388324	0.9982547993019197	703
k16_60283add	CGAAAGGAATGGTCTC	11.439803887428882	1.0	11.482168924865451	0.9912739965095986	35
k16_0d06e3ec	AATCAACGTGATTGTA	11.439220157341273	1.0	11.439220157341273	0.912739965095986	0
k16_3d4fd7d4	ATTCCATTTCCTTCCA	11.43822759075687	0.9996189181394965	11.28681671527022	1.0	8205
k16_405bfa0e	CAAACCGTTTGGAATG	11.437179882515508	1.0	11.997166467223055	0.9075043630017452	557
k16_341b8fb0	ATCAACGTGATTGTAA	11.436667476888289	1.0	11.436667476888289	0.912739965095986	0
k16_380e8fa0	ATGAAATGGATTGGAA	11.43506931996518	0.9998370760583267	11.850935209370393	0.9982547993019197	2392
k16_4f43f8f5	CATTCAATTTGATTCC	11.434443980027394	0.9997704608635772	11.159282752668027	0.9982547993019197	725
k16_52c4f53d	CCAGTACATTCCATTC	11.4342398144881	1.0	12.703779478995319	0.9982547993019197	1657
k16_53d4fe1d	CCATTCCATTTGACTC	11.433455659028654	1.0	12.657445918262416	1.0	1569
k16_2d6f73d4	AGTCCGTTCTATTCCA	11.432306558652067	1.0	11.462693709827056	0.9912739965095986	25
k16_5bd4fd1d	CCGTTCCATTTCACTC	11.431849608805122	1.0	11.819458653168132	0.9703315881326352	362
k16_4be0e83a	CAGTTGAATGGAATGG	11.431357966400787	1.0	12.263864121469283	0.9982547993019197	917
k16_3a0d01e2	ATGGAATCAAACTGAG	11.430696001465448	1.0	12.53466510270078	0.9965095986038395	1350
k16_7aecf53d	CTGGTGTATTCCATTC	11.430057476457128	1.0	12.320699104588622	0.912739965095986	1003
k16_4cd3d4f5	CATATCATTCCATTCC	11.429246701095137	1.0	13.604443164270043	1.0	4130
k16_683a3d05	CGGAATGGATTCAACC	11.428922487296688	1.0	11.428922487296688	0.9912739965095986	0
k16_7a0403a0	CTGGAACAAAATGGAA	11.428769546969257	1.0	13.00718849689609	0.9982547993019197	2333
k16_435314f9	CAATCCATACCATTGC	11.428702649291422	1.0	11.432383082191523	0.9109947643979057	3
k16_53d7f531	CCATTCCTTTCCATAC	11.4284671331296	0.9993676464952286	10.366874377472591	0.9947643979057592	1363
k16_52d4f50d	CCAGTCCATTCCAATC	11.427981817794455	1.0	11.458368968969445	0.9965095986038395	25
k16_3d4f92d6	ATTCCATTGCAGTCCG	11.42790079963948	0.9999172459450513	11.152135334383187	0.9144851657940664	2
k16_0542e80a	AACCCAAGTGGAAAGG	11.426917069126327	1.0	11.958292379970368	0.9511343804537522	523
k16_2d4f13d8	AGTCCATTACATTCGA	11.42684966547271	0.9999194457870146	11.19099457278382	0.9930191972076788	35
k16_4f5bd0c5	CATTCCGTTCAATACC	11.426770349205164	1.0	11.426770349205164	0.9109947643979057	0
k16_03d4f51d	AAATTCCATTCCACTC	11.426412073942492	1.0	13.17166908377838	0.9947643979057592	2763
k16_3d4357d4	ATTCCAATCCCTTCCA	11.425789548869433	0.9998466291273197	11.54447394400909	1.0	1050
k16_0d0160e8	AATCAAACCGAATGGA	11.425236984824476	1.0	11.438686249000684	0.9912739965095986	11
k16_bf8f4be4	GTTTGATTCAGTTGCA	11.423448671640532	1.0	11.884284739595671	0.9668411867364747	442
k16_3183a0e8	ATACGAATGGAATGGA	11.423016458327462	0.9999589693090432	11.296731366358129	0.9912739965095986	16
k16_0e83a2c8	AATGGAATGGAGTAGA	11.422600384135407	0.99916596141345	10.263699063348918	1.0	10763
k16_3d4f5cda	ATTCCATTCCTATCGG	11.422551379775157	1.0	11.426231812675256	0.912739965095986	3
k16_4f51f4f5	CATTCCACTTCATTCC	11.421755382926337	0.9998819641170916	12.31592581546826	1.0	3794
k16_0540e83b	AACCCAAATGGAATGT	11.421615070764947	1.0	12.312919101722825	0.912739965095986	1004
k16_ba0e87a0	GTGGAATGGACTGGAA	11.420954500018233	0.9991994318548647	10.184243592675818	1.0	2610
k16_4f52f4f5	CATTCCAGTTCATTCC	11.420478869909774	0.9999901220909558	13.350808549690967	0.9982547993019197	3778
k16_0e8280e8	AATGGAAGGAAATGGA	11.419870800188043	0.9996290197991625	11.323362788785964	1.0	8452
k16_2d4f13d4	AGTCCATTACATTCCA	11.418078043119422	0.9998603611990319	11.548191474492683	0.9982547993019197	931
k16_4f57c4f5	CATTCCCTTACATTCC	11.416864075146933	1.0	12.759423863238009	0.9912739965095986	1804
k16_a2e83a1c	GGAGTGGAATGGACTA	11.41551069511108	1.0	11.846589609415688	0.9895287958115183	409
k16_01016fe8	AAACAAACCGTTTGGA	11.415418168317961	1.0	12.01323252070906	0.9075043630017452	603
k16_63d4c53d	CGATTCCATACCATTC	11.415353744080688	1.0	11.428803008256898	0.9842931937172775	11
k16_62d6f53d	CGAGTCCGTTCCATTC	11.415202784795442	1.0	11.44679220957077	0.9965095986038395	26
k16_1e8f13d5	ACTGGATTACATTCCC	11.414386839108628	1.0	12.424502363181594	0.9912739965095986	1191
k16_d4352ec0	TCCAATCCAGTGTAAA	11.413401245896559	1.0	11.947324029716238	0.912739965095986	526
k16_0283a1e8	AAAGGAATGGACTGGA	11.412904786127699	1.0	13.093722855496642	1.0	2591
k16_010522e8	AAACAACCAGAGTGGA	11.412268569849632	1.0	12.323304568319607	0.9965095986038395	1034
k16_36af0f03	ATCGGGTTAATTAAAT	11.410042048525888	1.0	11.410042048525888	0.912739965095986	0
k16_0e83a090	AATGGAATGGAAGCAA	11.409795563658882	0.9999061630052861	12.449799422579838	1.0	3552
k16_a0e4b415	GGAATGCAGTCAACCC	11.409250484897987	1.0	11.97671661509452	0.9179755671902269	566
k16_03c3a0e8	AAATTAATGGAATGGA	11.408996393886403	0.9999677850619332	12.512989138445379	0.9965095986038395	1887
k16_4b53f4f5	CAGTCCATTTCATTCC	11.408766777980901	1.0	12.160411531787377	0.9982547993019197	803
k16_83a0c079	GAATGGAATAAACTGC	11.407800922254166	1.0	11.407800922254166	0.912739965095986	0
k16_4f4cd0f5	CATTCATATCAATTCC	11.404758575728989	1.0	11.866486863672991	0.9109947643979057	443
k16_53d4f131	CCATTCCATTACATAC	11.404739439821864	0.9999696251746553	11.730439446573186	0.987783595113438	454
k16_4fa3e8f5	CATTGGATTGGATTCC	11.404280784259715	0.9999578663520687	11.258474329200036	0.9092495636998255	0
k16_0563ec3a	AACCCGATTGTAATGG	11.402543558511402	1.0	11.406223991411503	0.956369982547993	3
k16_3d4f57dc	ATTCCATTCCCTTCTA	11.401995162355016	0.9998329416743699	11.947427842651445	1.0	3274
k16_ba0e8090	GTGGAATGGAAAGCAA	11.401750255334989	1.0	12.657981172445579	0.9930191972076788	1631
k16_51fafe3d	CCACTTGGTTTGATTC	11.401303492015295	0.9999815109270421	12.44650963802818	0.9720767888307156	1507
k16_52fcf53d	CCAGTTTATTCCATTC	11.400343640980669	0.9999079380423025	11.764972465984206	0.9947643979057592	981
k16_53d7f52d	CCATTCCTTTCCAGTC	11.40013749805094	0.9999325991130044	12.432839880471464	1.0	2506
k16_d0542e80	TCAACCCAAGTGGAAA	11.399098163225162	1.0	11.969876129370617	0.9633507853403142	570
k16_b53d4f50	GTCCATTCCATTCCAA	11.399010920583239	1.0	12.93400552936338	1.0	2229
k16_0ea3a3e8	AATGGGATGGATTGGA	11.397375548578005	1.0	11.7971397984468	0.9912739965095986	375
k16_0d4ba0e8	AATCCAGTGGAATGGA	11.394797437493535	1.0	12.501050664767293	0.9930191972076788	1354
k16_3a010522	ATGGAAACAACCAGAG	11.393705164062272	1.0	12.21374120305432	0.9860383944153578	899
k16_0dabc3c0	AATCGGGTTAATTAAA	11.39354213158141	1.0	11.394769986075294	0.912739965095986	1
k16_158fb0e8	ACCCGATTGTAATGGA	11.39341206882097	1.0	11.39709250172107	0.9528795811518325	3
k16_a0fc3c15	GGAATTTAATTAACCC	11.393301205336973	1.0	11.393301205336973	0.9144851657940664	0
k16_3d6f93e8	ATTCCGTTGCATTGGA	11.392926761995348	1.0	11.479921848915223	0.9842931937172775	73
k16_0d05a1e4	AATCAACCGGACTGCA	11.392566253835165	1.0	11.392566253835165	0.9144851657940664	0
k16_0a0eb3a0	AAGGAATGGTATGGAA	11.392482123028524	0.9995036759003629	10.706510225136798	0.9982547993019197	2040
k16_bf8753d4	GTTTGACTCCATTCCA	11.39197252966316	1.0	11.411493892753505	0.9947643979057592	16
k16_50d4751d	CCAATCCACTCCACTC	11.391960419549028	0.9990946415412149	10.060615789974188	1.0	3561
k16_228a4058	AGAGGAGGCAAACCGA	11.39129575144531	1.0	11.487513254881698	0.9075043630017452	81
k16_563ec3a0	CCCGATTGTAATGGAA	11.391150719933638	1.0	11.394831152833738	0.9528795811518325	3
k16_61e83a02	CGACTGGAATGGAAAG	11.390717784988583	1.0	11.398069285590129	0.9912739965095986	6
k16_5be4fa0d	CCGTTGCATTGGAATC	11.389233414956736	1.0	11.46927279350574	0.9860383944153578	67
k16_a0e8020c	GGAATGGAAAAGAATA	11.388231621005692	0.9997470295738239	11.679079048426495	0.9947643979057592	5152
k16_10d1be3d	ACAATCACGTTGATTC	11.388148664897994	1.0	11.388148664897994	0.912739965095986	0
k16_3d439068	ATTCCAATGCAACGGA	11.387726891197559	1.0	11.473565019766971	0.9860383944153578	72
k16_4148be0e	CAACCAGAGTTGAATG	11.387207869870586	1.0	12.405836786671404	0.9685863874345549	1205
k16_390e87a0	ATGCAATGGACTGGAA	11.38694908554298	0.9997924928525316	11.30486272580869	0.9982547993019197	997
k16_2d0161e8	AGTCAAACCGACTGGA	11.386925767380092	1.0	11.391830927736498	0.9075043630017452	4
k16_73d4fe1d	CTATTCCATTTGACTC	11.385995957138883	0.9999582184340269	11.270576653254194	0.9965095986038395	25
k16_6e3ec0a0	CGTGATTGTAAAGGAA	11.385934787491008	1.0	11.385934787491008	0.912739965095986	0
k16_06e3ec0a	AACGTGATTGTAAAGG	11.385873242374911	1.0	11.385873242374911	0.912739965095986	0
k16_1b8fb028	ACGTGATTGTAAAGGA	11.385750144265645	1.0	11.385750144265645	0.912739965095986	0
k16_7a0e82a0	CTGGAATGGAAGGGAA	11.385322639682217	0.9999241964827168	12.429512297713245	0.9947643979057592	2793
k16_0462c83a	AACACGAGTAGAATGG	11.382269245781634	1.0	11.844889202271192	0.9720767888307156	444
k16_f50e41a0	TTCCAATGCAACGGAA	11.382067184392218	1.0	11.473680848835784	0.9860383944153578	77
k16_028ba0d0	AAAGGAGTGGAATCAA	11.381439622004292	1.0	11.76810939486593	0.9912739965095986	361
k16_1f53d476	ACTTCCATTCCACTCG	11.381139560510142	1.0	11.38359422537931	0.9930191972076788	2
k16_6bfbf53c	CGGTTTGTTTCCATTA	11.37957448431265	1.0	12.807245345298915	0.9895287958115183	1985
k16_1d0ba0e8	ACTCAAGTGGAATGGA	11.379310346428177	1.0	11.807653380859072	0.9982547993019197	406
k16_0d0546e8	AATCAACCCACGTGGA	11.379178249919693	1.0	11.392627514095903	0.9406631762652705	11
k16_34151ba0	ATCAACCCACGTGGAA	11.37893319326766	1.0	11.392382457443869	0.9406631762652705	11
k16_5fd4353d	CCTTTCCAATCCATTC	11.37793867582894	0.9994736779148076	10.846883954248858	1.0	7245
k16_2eb3a0e8	AGTGGTATGGAATGGA	11.377810709008992	0.9993654419696681	10.418910395271654	1.0	2000
k16_3435aba0	ATCAATCCGGGTGGAA	11.377516922915529	0.9999589979088933	11.297737006659254	0.987783595113438	55
k16_83416879	GAATCAACCGGACTGC	11.376425772854846	1.0	11.376425772854846	0.9162303664921466	0
k16_7f93d4f9	CTTTGCATTCCATTGC	11.37601480648235	1.0	12.123275514730718	0.9982547993019197	797
k16_0e8fa0f8	AATGGATTGGAATTGA	11.3734527484435	0.9995673243336795	10.971604081913034	1.0	3496
k16_4f53c5f5	CATTCCATTACCTTCC	11.372008369546482	0.9999025924328235	12.199372411772142	0.9982547993019197	2461
k16_5be4f51d	CCGTTGCATTCCACTC	11.371951913564494	0.9993654017007234	10.021655405492305	0.9965095986038395	21
k16_3f475314	ATTTCACTCCATACCA	11.370512836838481	1.0	11.83134890479362	0.912739965095986	442
k16_a8e83415	GGGATGGAATCAACCC	11.368030614177094	1.0	11.931346229540623	0.9947643979057592	561
k16_0e83a06a	AATGGAATGGAACGGG	11.367312573941774	0.9997545861709307	10.9735287182366	0.9965095986038395	480
k16_3d0140e8	ATTCAAACCAAATGGA	11.366997150556188	1.0	11.368225005050071	0.9197207678883071	1
k16_0ba0e43a	AAGTGGAATGCAATGG	11.366122407950414	0.9997923444313699	11.303831189679272	0.987783595113438	1027
k16_0587a0e8	AACCGACTGGAATGGA	11.364949517909029	0.9998826118855466	11.41440662061785	0.9179755671902269	558
k16_068390eb	AACGGAATGCAATGGT	11.364190745469063	1.0	11.365418599962945	0.9179755671902269	1
k16_3a0a03a0	ATGGAAGGAAATGGAA	11.363991360944327	0.9996045930471641	11.235730612441595	1.0	8471
k16_0e8390e9	AATGGAATGCAATGGC	11.363823931041248	0.9992078083195074	10.167549493174398	1.0	2227
k16_000f62e8	AAAAAATTCGAGTGGA	11.363544625773047	1.0	11.363544625773047	0.9109947643979057	0
k16_83ace8b8	GAATGGTATGGAGTGA	11.362716741341817	1.0	11.81100344338936	0.912739965095986	428
k16_4742f8f5	CACTCAAGTTGATTCC	11.362508551036838	1.0	12.902580883402107	0.9982547993019197	2241
k16_3d4f51d1	ATTCCATTCCACTCAC	11.361014523912953	1.0	12.562213524432458	0.9895287958115183	1526
k16_83a0c835	GAATGGAATAGAATCC	11.3599735733118	0.9997949045166583	11.321728128088184	0.9825479930191972	1064
k16_4f5fc4f5	CATTCCTTTACATTCC	11.359562288765922	0.9999778587164698	13.053930987502785	0.9982547993019197	3435
k16_162e8390	ACCGAGTGGAATGCAA	11.35931104113249	0.9997193288841764	10.869140333883864	0.9406631762652705	462
k16_63e83a0c	CGATTGGAATGGAATA	11.357875197085432	0.9997023429859251	10.587899895177843	0.9947643979057592	27
k16_3ace8380	ATGGTATGGAATGAAA	11.357417354662475	0.9995714521180155	10.844749778891078	0.9965095986038395	1925
k16_3f5f53d4	ATTTCCTTCCATTCCA	11.357001150447779	0.9999769978515993	13.983790681472579	1.0	9937
k16_83afa0e8	GAATGGTTGGAATGGA	11.355466884568001	0.9999672206378863	11.620554691377697	0.912739965095986	387
k16_435bc4f5	CAATCCGTTACATTCC	11.35454508326916	1.0	11.355772937763042	0.9075043630017452	1
k16_b90e80a0	GTGCAATGGAAAGGAA	11.35392698846228	0.999934776937125	11.959047257444556	0.9895287958115183	1182
k16_22e83a0c	AGAGTGGAATGGAATA	11.35358377484991	0.9996111030090905	11.125551339744051	0.9982547993019197	4094
k16_4713d464	CACTACATTCCACGCA	11.353256984447613	1.0	11.353256984447613	0.912739965095986	0
k16_e42ec3e0	TGCAAGTGTAATTGAA	11.352995411489234	1.0	12.437981200360133	0.912739965095986	1317
k16_53d4f505	CCATTCCATTCCAACC	11.35293272196468	1.0	12.446002563919338	0.9982547993019197	1331
k16_0d4bb028	AATCCAGTGTAAAGGA	11.352428420447579	1.0	12.22641035490514	0.912739965095986	978
k16_3a2e8362	ATGGAGTGGAATCGAG	11.351941157633012	0.9998711340206186	10.976806154680292	0.9965095986038395	20
k16_2e83a0cc	AGTGGAATGGAATATA	11.351143411642505	1.0	11.983443474308197	0.9930191972076788	646
k16_3c7f93d4	ATTACTTTGCATTCCA	11.351017670227472	0.9998995623789368	12.155179506280511	0.9633507853403142	2403
k16_0f82a0e8	AATTGAAGGGAATGGA	11.350459974432312	0.9999334043686734	12.450179044783242	1.0	2681
k16_3a2d07a0	ATGGAGTCAACTGGAA	11.349920698313595	0.9999126484975541	11.074155233057303	0.912739965095986	2
k16_63d43906	CGATTCCAATGCAACG	11.349687194089752	1.0	11.428564020488691	0.9860383944153578	66
k16_4b6bf875	CAGTCGGTTTGACTCC	11.348057584656837	1.0	11.349285439150721	0.9092495636998255	1
k16_4757d4f5	CACTCCCTTCCATTCC	11.346889862586341	1.0	13.061410459101186	0.9982547993019197	2680
k16_8313d4f5	GAATACATTCCATTCC	11.346475265853888	0.9994451572632382	10.25060786538133	0.9947643979057592	310
k16_4763d475	CACTCGATTCCACTCC	11.346287663816895	0.9999441694271783	12.183348078886471	1.0	1593
k16_5af8f539	CCGGTTGATTCCATGC	11.345935809235048	1.0	11.345935809235048	0.9075043630017452	0
k16_4100ba0e	CAACAAAAGTGGAATG	11.34561965259675	1.0	12.912889985531125	0.912739965095986	2306
k16_4353d4e5	CAATCCATTCCATGCC	11.344594599707172	1.0	12.428421817116032	0.9947643979057592	1315
k16_0563283a	AACCCGATAGGAATGG	11.344380278794315	1.0	11.349285439150721	0.924956369982548	4
k16_3debe3d4	ATTCTGGTTGATTCCA	11.343848387683297	1.0	12.711854272951875	1.0	1857
k16_0e81a8e8	AATGGAACGGGATGGA	11.341680731024342	1.0	11.451622253468479	0.9965095986038395	93
k16_3a0d07e2	ATGGAATCAACTTGAG	11.340746161648976	1.0	12.913808012176602	0.9982547993019197	2320
k16_c7bba068	TACTGTGTGGAACGGA	11.340229881353803	1.0	11.340229881353803	0.900523560209424	0
k16_158ca0e8	ACCCGATAGGAATGGA	11.339764613729917	1.0	11.344669774086324	0.9232111692844677	4
k16_ba0e83f0	GTGGAATGGAATTTAA	11.339690089613152	0.9999843825646952	13.557480483323754	1.0	5451
k16_51d83ffd	CCACTCGAATTTTTTC	11.3394673830394	1.0	11.3394673830394	0.9057591623036649	0
k16_2a0e83a3	AGGGAATGGAATGGAT	11.339355084264968	0.9999874921826142	13.010285516486832	0.9982547993019197	2963
k16_0eb3a2e0	AATGGTATGGAGTGAA	11.338917645431158	1.0	11.874536248961299	0.9179755671902269	528
k16_18390e83	ACGAATGCAATGGAAT	11.33888591149914	0.999782011596983	10.739591314086738	0.9965095986038395	13
k16_52dafe1d	CCAGTCGGTTTGACTC	11.335249190506929	1.0	11.33647704500081	0.9075043630017452	1
k16_1587a1e8	ACCCGACTGGACTGGA	11.335075179780151	1.0	11.335075179780151	0.9075043630017452	0
k16_bd444b38	GTTCCACACAGTATGA	11.334756383983667	1.0	11.334756383983667	0.900523560209424	0
k16_340583a0	ATCAAACCGAATGGAA	11.334242639967655	1.0	11.344036339640265	0.9912739965095986	8
k16_ba0a83a0	GTGGAAGGGAATGGAA	11.334143201256484	0.9999299013010319	12.376222716186511	1.0	2530
k16_2a80a0e8	AGGGGAAAGGAATGGA	11.333747227452804	1.0	13.981140725884908	1.0	6184
k16_3d8390e8	ATTCGAATGCAATGGA	11.333515618611042	1.0	11.355458683442881	0.9982547993019197	18
k16_2d4f5bd4	AGTCCATTCCGTTCCA	11.33292279439647	1.0	12.61564955552446	0.9982547993019197	1683
k16_4c7bba06	CATACTGTGTGGAACG	11.332395103105389	1.0	11.332395103105389	0.900523560209424	0
k16_31eee81a	ATACTGTGTGGAACGG	11.332203478409077	1.0	11.332203478409077	0.900523560209424	0
k16_41587a1e	CAACCCGACTGGACTG	11.331500636682968	1.0	11.331500636682968	0.9075043630017452	0
k16_93a0e838	GCATGGAATGGAATGA	11.32923823508032	0.9998150294719708	11.800473554832562	1.0	3051
k16_380e83b0	ATGAAATGGAATGTAA	11.329088371519488	0.9995476513582363	10.893059970143359	1.0	3202
k16_35bc4f53	ATCCGTTACATTCCAT	11.32885422826604	1.0	11.331308893135208	0.9109947643979057	2
k16_3a0e8283	ATGGAATGGAAGGAAT	11.326819145597279	0.999657047176187	11.259338777858972	0.9982547993019197	3999
k16_0161e83a	AAACCGACTGGAATGG	11.326642128695193	1.0	11.887461691509184	0.9162303664921466	558
k16_82a0ec35	GAAGGGAATGTAATCC	11.325029649432395	1.0	12.362332756762589	0.9912739965095986	1236
k16_0d6f13d4	AATCCGTTACATTCCA	11.324501191754909	1.0	11.326955856624076	0.9092495636998255	2
k16_0783b0e8	AACTGAATGTAATGGA	11.324407371855242	1.0	11.778085745774439	0.9354275741710296	434
k16_5bf4f51d	CCGTTTCATTCCACTC	11.324208782089784	0.9999676825130078	11.641022283519664	0.9720767888307156	444
k16_2f83a0f8	AGTTGAATGGAATTGA	11.323363325182713	0.9999814595075646	12.442503540943628	0.9633507853403142	1648
k16_05a1e43a	AACCGGACTGCAATGG	11.322782551780978	1.0	11.322782551780978	0.900523560209424	0
k16_2c83a2e8	AGTAGAATGGAGTGGA	11.322542477218558	0.9999728894431492	11.894424279092563	0.9947643979057592	757
k16_0d8353e4	AATCGAATCCATTGCA	11.320879205083248	1.0	11.853104173490607	0.912739965095986	524
k16_4158bace	CAACCCGAGTGGTATG	11.319835566407844	1.0	11.33450129661631	0.9842931937172775	12
k16_3d47fef8	ATTCCACTTTTGTTGA	11.319258514055223	1.0	12.901784815885781	0.912739965095986	2343
k16_3d4772f8	ATTCCACTCTAGTTGA	11.318254510185318	1.0	11.326827627092694	0.9947643979057592	7
k16_76af8350	CTCGGGTTGAATCCAA	11.318081171891972	1.0	11.318081171891972	0.9075043630017452	0
k16_43e4fd3d	CAATTGCATTTCATTC	11.317923292133859	1.0	12.557603858077377	0.9755671902268761	1599
k16_5c7a0e82	CCTACTGGAATGGAAG	11.31769407488049	1.0	11.31769407488049	0.9075043630017452	0
k16_283a0d0d	AGGAATGGAATCAATC	11.317011982247616	0.9999733510992671	11.919197835472838	0.9808027923211169	798
k16_30e83a02	ATAATGGAATGGAAAG	11.316841093563214	0.9995915032679739	10.97703464443757	0.987783595113438	2813
k16_0561e87a	AACCCGACTGGACTGG	11.316725877702737	1.0	11.316725877702737	0.9075043630017452	0
k16_4f50fcf5	CATTCCAATTTATTCC	11.316504569832931	1.0	12.427883896816624	0.9808027923211169	1363
k16_4562f8f5	CACCCGAGTTGATTCC	11.314916835991887	1.0	11.314916835991887	0.9912739965095986	0
k16_90e83401	GCAATGGAATCAAAAC	11.314719859162173	1.0	12.212631244396283	0.912739965095986	1014
k16_3d8cdfd4	ATTCGATATCTTTCCA	11.314118110483529	1.0	11.801483631910125	0.9912739965095986	472
k16_0e83a148	AATGGAATGGACCAGA	11.313964615137305	1.0	11.919872774948997	0.9965095986038395	613
k16_7a3e83a0	CTGGATTGGAATGGAA	11.313584726401368	0.9997787836504101	11.459233525132387	0.9912739965095986	1921
k16_ba0e41a0	GTGGAATGCAACGGAA	11.313389578613789	1.0	11.337750286940114	0.9965095986038395	20
k16_1b8fe3d4	ACGTGATTTGATTCCA	11.312199013022175	1.0	11.312199013022175	0.9703315881326352	0
k16_3d0f5394	ATTCAATTCCATGCCA	11.311957187437828	0.9998082638289714	11.329615385855005	0.9947643979057592	1026
k16_748f8f50	CTCAGATTGATTCCAA	11.31195389386997	1.0	12.591142123795606	0.912739965095986	1676
k16_0d0562e9	AATCAACCCGAGTGGC	11.310528776208159	1.0	11.315433936564565	0.9808027923211169	4
k16_53dc751d	CCATTCTACTCCACTC	11.310043342080371	1.0	12.88722780271106	0.9965095986038395	2330
k16_0b53d4f6	AAGTCCATTCCATTCG	11.309922767042918	0.9999122075413722	11.066892882651107	0.9947643979057592	29
k16_0283ace8	AAAGGAATGGTATGGA	11.309006060401163	0.9995262039768299	10.763025483363199	0.9982547993019197	2282
k16_2e8b20e8	AGTGGAGTAGAATGGA	11.308735042272446	0.9999740465345636	12.82476124443561	0.9965095986038395	2899
k16_3d4353f4	ATTCCAATCCATTTCA	11.308442059876713	0.9996637022644047	11.208811402335632	1.0	3069
k16_068fb0d8	AACGGATTGTAATCGA	11.308248205919169	1.0	11.30947606041305	0.9075043630017452	1
k16_5f54f53d	CCTTCCCATTCCATTC	11.308067297719248	0.9999350637303104	12.784369979585557	1.0	4526
k16_0e8b4178	AATGGAGTCAACCTGA	11.30695122933112	1.0	12.10454848750843	0.9965095986038395	867
k16_6214f53d	CGAGACCATTCCATTC	11.306560608569718	1.0	11.708185833520956	0.9947643979057592	377
k16_22e83a02	AGAGTGGAATGGAAAG	11.306167215532508	1.0	13.339733053316435	1.0	3634
k16_13f4fd14	ACATTTCATTTCACCA	11.304718114725937	1.0	12.979008093120806	1.0	2574
k16_4f5f14f5	CATTCCTTACCATTCC	11.304368985077573	0.9999815664804881	12.450850355008106	1.0	1702
k16_4f63c435	CATTCGATTACAATCC	11.303568296959636	0.9999097187739809	11.026576021328058	0.9092495636998255	1
k16_4b53d4f4	CAGTCCATTCCATTCA	11.303423995204199	0.9994464150247063	10.489533837978911	0.9982547993019197	1412
k16_43e8ba0e	CAATTGGAGTGGAATG	11.303363933977135	0.9999716304008625	11.828947351594566	0.9930191972076788	696
k16_180e03a0	ACGAAATGAAATGGAA	11.303261402028292	0.9998571394557013	11.515285963084498	0.9912739965095986	1054
k16_39476af8	ATGCCACTCGGGTTGA	11.302362834701167	1.0	11.307267995057574	0.9808027923211169	4
k16_bf53c4f8	GTTTCCATTACATTGA	11.302006879959512	1.0	12.524945026427698	0.987783595113438	1567
k16_3d46e3f8	ATTCCACGTGATTTGA	11.301798242225642	1.0	11.301798242225642	0.9668411867364747	0
k16_53d4553d	CCATTCCACCCCATTC	11.301635924352912	0.9997332959011791	11.394484807838289	1.0	2609
k16_4f5384f5	CATTCCATGACATTCC	11.301509405696347	0.999982422218316	12.519419313813541	1.0	1848
k16_2e0ba0e8	AGTGAAGTGGAATGGA	11.30147512855468	1.0	12.888097121850004	0.9947643979057592	2353
k16_7ef0f53d	CTTGTTAATTCCATTC	11.300035719326043	1.0	12.224725254963412	0.9650959860383944	1055
k16_060380e8	AACGAAATGAAATGGA	11.299753599828545	0.9998567916557272	11.51177816088475	0.9912739965095986	1054
k16_4f53d7fd	CATTCCATTCCTTTTC	11.29957014803191	1.0	14.275992265169608	1.0	8069
k16_0522e839	AACCAGAGTGGAATGC	11.2993340351159	1.0	11.891455582786477	0.9947643979057592	596
k16_4751d435	CACTCCACTCCAATCC	11.29818461637087	1.0	13.564543303685257	0.9982547993019197	4476
k16_3383a0e8	ATATGAATGGAATGGA	11.29630835316457	1.0	12.12120669793363	0.9528795811518325	906
k16_0e808258	AATGGAAAGAAGCCGA	11.296221322975999	1.0	11.982955304388526	0.912739965095986	716
k16_2e83a0fc	AGTGGAATGGAATTTA	11.295962436711312	0.9999922739353483	13.705256396477624	1.0	5728
k16_077af8f5	AACTCTGGTTGATTCC	11.295718671895319	1.0	12.487806918788996	0.9825479930191972	1509
k16_0243a4e8	AAAGCAATGGCATGGA	11.293766866865555	1.0	11.765273328676557	0.912739965095986	454
k16_0562eb3a	AACCCGAGTGGTATGG	11.292862212717619	1.0	11.307527942926084	0.9860383944153578	12
k16_4f33c7f9	CATTATATTACTTTGC	11.29276693916921	1.0	12.41264949721137	0.912739965095986	1378
k16_4e63f8f5	CATGCGATTTGATTCC	11.29132194469499	1.0	11.29132194469499	0.9685863874345549	0
k16_4e8fa2e8	CATGGATTGGAGTGGA	11.289633239494698	1.0	11.294538399851104	0.9668411867364747	4
k16_353d4fd3	ATCCATTCCATTTCAT	11.287712949794146	0.9999232432294132	12.411483707385566	0.9982547993019197	3018
k16_0405bfa0	AACAAACCGTTTGGAA	11.287391762144875	1.0	11.8465448875262	0.9075043630017452	556
k16_0d01a0e8	AATCAAACGGAATGGA	11.286975687161728	0.9996502273522211	10.842102964205111	1.0	973
k16_3d4b53c4	ATTCCAGTCCATTACA	11.286936353077847	0.9995132204889922	10.592886123146183	0.9982547993019197	1250
k16_69f7f53d	CGGCTTCTTTCCATTC	11.286382109159064	1.0	11.973116090571589	0.912739965095986	716
k16_08158ba0	AAGAACCCGAGTGGAA	11.285866865303765	1.0	11.753825290817746	0.9982547993019197	450
k16_7a0c81a1	CTGGAATAGAACGGAC	11.285548481584016	1.0	11.318339178876103	0.9912739965095986	27
k16_4e53d4f9	CATGCCATTCCATTGC	11.285506937390888	1.0	12.272877915185557	0.987783595113438	1154
k16_5398fe3d	CCATGCGATTTGATTC	11.283414493357586	1.0	11.283414493357586	0.9685863874345549	0
k16_760283a1	CTCGAAAGGAATGGAC	11.28143459378097	1.0	11.31782311875844	0.9930191972076788	30
k16_93d4f535	GCATTCCATTCCATCC	11.28080819377766	0.9999847558651809	12.724891934052467	1.0	2361
k16_0e83a1dc	AATGGAATGGACTCTA	11.280746941839874	0.9999300709080992	12.37971742980252	1.0	2679
k16_314f93d6	ATACCATTGCATTCCG	11.280595602178071	1.0	11.316984127155543	0.9179755671902269	30
k16_3d80a0e8	ATTCGAAAGGAATGGA	11.27949792301246	1.0	11.807469590790541	0.9982547993019197	519
k16_6fdfd4f5	CGTTTCTTTCCATTCC	11.278018155892282	1.0	11.793154163665811	0.9860383944153578	504
k16_4f5397f5	CATTCCATGCCTTTCC	11.276638906570017	1.0	12.706591089408658	0.9982547993019197	1990
k16_3a2d0571	ATGGAGTCAACCCTAC	11.275795631411649	1.0	11.275795631411649	0.9022687609075044	0
k16_4053d4f5	CAAACCATTCCATTCC	11.275253410125803	1.0	12.698808778938997	1.0	1976
k16_3a0e432c	ATGGAATGCAATAGTA	11.274331869407796	1.0	12.519204844690908	0.9965095986038395	1609
k16_4150fa2e	CAACCCAATTGGAGTG	11.273775910835385	1.0	11.742622163795678	0.9773123909249564	451
k16_3dcf7314	ATTCTATTCTATACCA	11.273305126413707	1.0	11.274532980907589	0.9354275741710296	1
k16_82a0e838	GAAGGGAATGGAATGA	11.272981248746326	0.999325590108655	10.434815147475273	0.9982547993019197	3884
k16_87a0ec39	GACTGGAATGTAATGC	11.272676551399455	1.0	11.275131216268624	0.9406631762652705	2
k16_0d0364e8	AATCAAATCGCATGGA	11.27253706953908	0.9999076766837465	10.99431693941362	0.9685863874345549	0
k16_475314f5	CACTCCATACCATTCC	11.271406764439309	1.0	12.95030787149226	0.9947643979057592	2586
k16_2d474af8	AGTCCACTCAGGTTGA	11.27094624981447	1.0	12.163574174710567	0.912739965095986	1006
k16_570e83a0	CCCTAATGGAATGGAA	11.270666727908202	0.9999831831023813	12.583252229193302	0.9982547993019197	2053
k16_4f7ef8f5	CATTCTTGTTGATTCC	11.270552736303964	0.9999691462774983	11.7078763586133	0.9790575916230366	585
k16_63c435bc	CGATTACAATCCGTTA	11.270338373059616	1.0	11.270338373059616	0.9075043630017452	0
k16_4168790e	CAACCGGACTGCAATG	11.270138325303426	1.0	11.270138325303426	0.900523560209424	0
k16_3a0e83e8	ATGGAATGGAATTGGA	11.269774722450002	0.9991399329147673	10.074431637676353	1.0	2611
k16_ba0eb320	GTGGAATGGTATAGAA	11.268963996830433	1.0	11.72890729267091	0.9528795811518325	441
k16_068ba0d8	AACGGAGTGGAATCGA	11.2685376846744	1.0	11.29892483584939	0.9808027923211169	25
k16_753d4f50	CTCCATTCCATTCCAA	11.267824822506558	0.9998923667526024	12.749937474243392	1.0	9434
k16_340d93a0	ATCAAATCGCATGGAA	11.265529554238823	0.9999072270154931	10.987309424113363	0.9685863874345549	0
k16_3a0e47a0	ATGGAATGCACTGGAA	11.265335857151447	0.9999439063610187	12.176566987192455	0.9982547993019197	1739
k16_3d4f5054	ATTCCATTCCAACCCA	11.265086037674491	0.9997615767722793	11.104497771164066	1.0	882
k16_53dafe3d	CCATTCGGTTTGATTC	11.264669413535152	1.0	11.278118677711362	0.9912739965095986	11
k16_3a0d0364	ATGGAATCAAATCGCA	11.26378908959103	1.0	11.26378908959103	0.9685863874345549	0
k16_4f57d476	CATTCCCTTCCACTCG	11.263536742311672	0.9998980701277521	11.315026087748974	0.9860383944153578	431
k16_1e0ec3a0	ACTGAATGTAATGGAA	11.263291926085415	0.9998648328996722	11.210979436896501	0.9267015706806283	440
k16_4f53dc7d	CATTCCATTCTACTTC	11.262637351199613	1.0	11.678143894845372	0.9825479930191972	392
k16_3d83a028	ATTCGAATGGAAAGGA	11.262093221815212	1.0	11.290072815854987	0.9965095986038395	23
k16_3d7f11e8	ATTCCTTTACACTGGA	11.261894425446451	1.0	12.212874120833728	0.912739965095986	1096
k16_53d4f4cd	CCATTCCATTCATATC	11.261678346010326	0.9999738096485254	11.944233305468664	0.9511343804537522	911
k16_58ba0e81	CCGAGTGGAATGGAAC	11.26104515730965	1.0	12.252128885494875	0.9965095986038395	1160
k16_1d83ffd4	ACTCGAATTTTTTCCA	11.259764600947536	1.0	11.259764600947536	0.9092495636998255	0
k16_398fe3d4	ATGCGATTTGATTCCA	11.259092760013996	1.0	11.259092760013996	0.9685863874345549	0
k16_53d4362d	CCATTCCAATCGAGTC	11.257923356361223	1.0	11.938539263800672	0.9965095986038395	708
k16_53d5f43d	CCATTCCCTTCAATTC	11.257548764742735	0.9997252389697907	11.351541140149449	1.0	2612
k16_0e83435a	AATGGAATCAATCCGG	11.256643390275563	1.0	11.321496025471816	0.9860383944153578	54
k16_0e80405b	AATGGAAACAAACCGT	11.256327073919183	1.0	11.933874187382534	0.9075043630017452	704
k16_34168790	ATCAACCGGACTGCAA	11.254785553463494	1.0	11.254785553463494	0.900523560209424	0
k16_a0283425	GGAAAGGAATCAAGCC	11.253803761355787	1.0	11.948907954305943	0.9214659685863874	727
k16_390bb0f8	ATGCAAGTGTAATTGA	11.253692907487062	1.0	12.382028872144884	0.912739965095986	1393
k16_3d4b53e4	ATTCCAGTCCATTGCA	11.253580740446166	0.9998306519898391	11.598034191438536	0.9982547993019197	1744
k16_0d03a0e9	AATCAAATGGAATGGC	11.25221122964488	1.0	11.290993331422673	0.9912739965095986	32
k16_4b53c4f6	CAGTCCATTACATTCG	11.251392430968673	0.9999085714285715	11.00836254657686	0.9947643979057592	29
k16_0f92e83a	AATTGCAGTGGAATGG	11.251084090710796	1.0	11.581225671076078	0.912739965095986	302
k16_6bf8f52d	CGGTTTGATTCCAGTC	11.251061716459112	1.0	11.252289570952994	0.9057591623036649	1
k16_b53d4f61	GTCCATTCCATTCGAC	11.250985111661914	0.9997259147594902	10.575355908777041	0.9912739965095986	30
k16_4f50c4f5	CATTCCAATACATTCC	11.250616228934808	0.9999758652314524	12.929566573131622	1.0	3386
k16_5bd4f62d	CCGTTCCATTCGAGTC	11.250404757484182	1.0	11.902382113365247	0.9982547993019197	671
k16_3e4b5af8	ATTGCAGTCCGGTTGA	11.250397844729392	1.0	11.250397844729392	0.900523560209424	0
k16_43a0e82a	CAATGGAATGGAAGGG	11.250226786227621	0.9994674335623369	10.766323063837348	1.0	5024
k16_0d4f53f4	AATCCATTCCATTTCA	11.24908519686907	0.9999016619136591	12.292902934068062	0.9982547993019197	3307
k16_4f5f54f5	CATTCCTTCCCATTCC	11.248519296735859	1.0	13.33683878097152	1.0	3820
k16_4f50d435	CATTCCAATCCAATCC	11.248388316481895	1.0	12.096673241104401	0.9982547993019197	940
k16_2b0e83a0	AGGTAATGGAATGGAA	11.247475206217507	0.9993668130911394	10.468506222619377	0.9982547993019197	3004
k16_3d4568f8	ATTCCACCCGGATTGA	11.247307016806229	0.9999549772635181	11.162825744069531	0.987783595113438	51
k16_8ca0e838	GATAGGAATGGAATGA	11.246300227516851	1.0	11.632030116962804	0.9144851657940664	360
k16_740c83a1	CTCAAATAGAATGGAC	11.245832635221987	1.0	12.553089041497943	0.9947643979057592	1732
k16_0e834390	AATGGAATCAATGCAA	11.245582441458174	0.9997860104319914	11.17120049413723	0.9162303664921466	890
k16_0e8003d8	AATGGAAAAAATTCGA	11.245521985070761	1.0	11.245521985070761	0.9092495636998255	0
k16_53d4f30d	CCATTCCATTATAATC	11.245134496479931	0.9999350944375933	11.966086447301974	0.9965095986038395	1379
k16_0d0560f8	AATCAACCCGAATTGA	11.244911342308065	1.0	11.244911342308065	0.9912739965095986	0
k16_3a000f62	ATGGAAAAAATTCGAG	11.243009910245366	1.0	11.243009910245366	0.9092495636998255	0
k16_4793d436	CACTGCATTCCAATCG	11.242393503684365	0.9997174742195225	10.531603630315903	0.912739965095986	1
k16_4f53d535	CATTCCATTCCCATCC	11.242015848678326	1.0	13.035907969125974	1.0	2898
k16_76bf8f52	CTCGGTTTGATTCCAG	11.241917955466988	1.0	11.243145809960872	0.9057591623036649	1
k16_f5354f50	TTCCATCCCATTCCAA	11.241515034405152	0.9999656162428868	12.419002336864052	0.9965095986038395	2047
k16_53d4e5bc	CCATTCCATGCCGTTA	11.241091099651722	1.0	11.29178187756339	0.9860383944153578	42
k16_4f5f53d4	CATTCCTTCCATTCCA	11.240254489598476	0.9999822471551066	12.505124052152246	1.0	1948
k16_1eb3e028	ACTGGTATTGAAAGGA	11.239676362042069	1.0	11.239676362042069	0.9057591623036649	0
k16_3d4e63f8	ATTCCATGCGATTTGA	11.239131377081243	0.9999055132990031	10.960911246955783	0.9685863874345549	0
k16_0e8ba2f8	AATGGAGTGGAGTTGA	11.23800472314093	1.0	12.50499452992936	0.9930191972076788	1652
k16_474bf8f5	CACTCAGTTTGATTCC	11.237993760415417	1.0	12.655583726250107	0.9965095986038395	1963
k16_0e831148	AATGGAATACACCAGA	11.237606197072505	1.0	12.393767718713317	0.912739965095986	1443
k16_60e83a2c	CGAATGGAATGGAGTA	11.23755690596844	0.9995784345871	10.28225899885828	0.9930191972076788	11
k16_3a2e8321	ATGGAGTGGAATAGAC	11.237000381637463	1.0	11.408225186222445	0.9755671902268761	148
k16_83a0d435	GAATGGAATCCAATCC	11.236690632915069	1.0	11.79917471050312	0.912739965095986	560
k16_0ec3e3d8	AATGTAATTGATTCGA	11.236144648666139	1.0	11.815991156579985	0.9912739965095986	581
k16_1e83a0ec	ACTGGAATGGAATGTA	11.235971045127515	0.9995974802262161	10.824626689957357	0.9982547993019197	1587
k16_80a0d094	GAAAGGAATCAAGCCA	11.23551340911124	1.0	11.558798863476943	0.912739965095986	295
k16_1a0e43ac	ACGGAATGCAATGGTA	11.233274794527674	1.0	11.319112923097084	0.9179755671902269	72
k16_4f6bf8f5	CATTCGGTTTGATTCC	11.231661258088328	1.0	11.243893029654625	0.9930191972076788	10
k16_2cabe1d4	AGTAGGGTTGACTCCA	11.231041092499115	1.0	11.257815399651651	0.9022687609075044	22
k16_53d5f73d	CCATTCCCTTCTATTC	11.230960013283976	1.0	13.146733340666113	1.0	3257
k16_324e83a0	ATAGCATGGAATGGAA	11.230363680503144	0.9997029114676174	11.238808257006223	0.9982547993019197	2394
k16_0d6ae83a	AATCCGGGTGGAATGG	11.229811141439193	0.9999545020246599	11.147682461999453	0.987783595113438	53
k16_435aba0e	CAATCCGGGTGGAATG	11.229662258018323	0.9999543858048625	11.144003248433016	0.987783595113438	50
k16_4f53c475	CATTCCATTACACTCC	11.228643650332268	0.9999071259709558	12.605323703078852	1.0	5443
k16_4f7af8f5	CATTCTGGTTGATTCC	11.228497797632516	1.0	12.837037820419317	0.9965095986038395	2407
k16_63d475bd	CGATTCCACTCCGTTC	11.227681902104944	1.0	11.25566149614472	0.9808027923211169	23
k16_341583e0	ATCAACCCGAATTGAA	11.225370624935806	1.0	11.225370624935806	0.9825479930191972	0
k16_0e93a0eb	AATGGCATGGAATGGT	11.224388962646987	0.9998246756499524	11.35148004569229	0.9947643979057592	1063
k16_2d0571e8	AGTCAACCCTACTGGA	11.22406304165781	1.0	11.22406304165781	0.9075043630017452	0
k16_0d81a3e8	AATCGAACGGATTGGA	11.223566476452389	1.0	11.258756722186035	0.9912739965095986	29
k16_0eafa0e8	AATGGGTTGGAATGGA	11.223319769526462	0.9997433411281583	10.998169730949638	1.0	792
k16_ba0ec3b0	GTGGAATGTAATGTAA	11.223117173855123	1.0	12.95030787149226	1.0	2714
k16_0301583a	AAATAAACCCGAATGG	11.22178915542795	1.0	11.22178915542795	0.9092495636998255	0
k16_4158ba4e	CAACCCGAGTGGCATG	11.221290696448468	1.0	11.226195856804875	0.9808027923211169	4
k16_2e8fa2e8	AGTGGATTGGAGTGGA	11.22112311955239	0.9999288197121944	12.520296254989901	0.9930191972076788	3560
k16_4f10d4f5	CATTACAATCCATTCC	11.220376571781172	1.0	12.398961257391658	1.0	1484
k16_5356f53d	CCATCCCGTTCCATTC	11.219754937409213	1.0	11.328557764860186	0.9965095986038395	92
k16_4f53d079	CATTCCATTCAACTGC	11.21865742791584	1.0	12.047018842433856	0.9860383944153578	911
k16_7f6128dd	CTTTCGACAGGATCTC	11.218309956294567	1.0	12.416299962405212	0.9930191972076788	1520
k16_390e83a4	ATGCAATGGAATGGCA	11.217038250375849	0.9999770014489087	12.131690027645943	0.987783595113438	1275
k16_1a3ec360	ACGGATTGTAATCGAA	11.216141098069519	1.0	11.217368952563401	0.9040139616055847	1
k16_1c8ba0e8	ACTAGAGTGGAATGGA	11.215985842081208	1.0	12.529186464359945	0.9982547993019197	1744
k16_7a028340	CTGGAAAGGAATCAAA	11.215707341516428	0.9999641724737115	12.359668136444288	0.987783595113438	1973
k16_2e83a0a4	AGTGGAATGGAAGGCA	11.215673387688332	1.0	13.218919660241378	0.9982547993019197	3534
k16_60fff53d	CGAATTTTTTCCATTC	11.215361580818769	1.0	11.215361580818769	0.9092495636998255	0
k16_4f5fc47a	CATTCCTTTACACTGG	11.2143351189223	1.0	12.23538723472681	0.912739965095986	1209
k16_0e03a1e8	AATGAAATGGACTGGA	11.213823171838783	0.9999610030027688	12.237388984180425	1.0	1721
k16_4f53d415	CATTCCATTCCAACCC	11.213540559875831	1.0	12.019593311832107	1.0	879
k16_0e83a029	AATGGAATGGAAAGGC	11.212855084828231	0.9999617649307945	12.7294582207948	0.9982547993019197	3258
k16_1d8f51d6	ACTCGATTCCACTCCG	11.21237770982521	1.0	11.240357303864986	0.956369982547993	23
k16_5fd4c53d	CCTTTCCATACCATTC	11.212116172908107	0.9995394196687827	10.691618365102793	0.9982547993019197	1647
k16_0562e93a	AACCCGAGTGGCATGG	11.21188893663615	1.0	11.21556936953625	0.9808027923211169	3
k16_b415c7a0	GTCAACCCTACTGGAA	11.211199509311081	1.0	11.211199509311081	0.9075043630017452	0
k16_3a2d0161	ATGGAGTCAAACCGAC	11.211013298917509	1.0	11.212241153411393	0.9057591623036649	1
k16_0fc3a0f8	AATTTAATGGAATTGA	11.210852189364308	0.9996240318820964	10.777043997139247	0.9738219895287958	1082
k16_4b6af8c5	CAGTCGGGTTGATACC	11.210782640997223	1.0	11.210782640997223	0.93717277486911	0
k16_0e434150	AATGCAATCAACCCAA	11.208712214298357	1.0	12.586677662740573	0.9633507853403142	1878
k16_0d1be3d4	AATCACGTTGATTCCA	11.20754510450739	1.0	11.585733801645869	0.912739965095986	352
k16_18ba0e03	ACGAGTGGAATGAAAT	11.206905019199137	0.9999637339522739	11.47476196414718	0.9685863874345549	390
k16_4f53d834	CATTCCATTCGAATCA	11.206860633237637	0.999829687842145	11.393323181364833	0.9965095986038395	1157
k16_6afcfd3d	CGGGTTTATTTCATTC	11.206492839310362	1.0	11.72248811975152	0.9720767888307156	505
k16_4fd8d4f1	CATTTCGATCCATTAC	11.206285143949799	1.0	11.207512998443683	0.9092495636998255	1
k16_0a83a3e8	AAGGGAATGGATTGGA	11.205874978326028	0.9999392737136148	12.062095849306418	0.9982547993019197	1630
k16_4e2e83a0	CATGAGTGGAATGGAA	11.205817468692379	0.9999497091512581	12.33409219346619	0.9930191972076788	2212
k16_4f5fd835	CATTCCTTTCGAATCC	11.205701603444938	0.9994475676729601	10.288624821167598	0.9982547993019197	572
k16_d6ae83a0	TCCGGGTGGAATGGAA	11.205382108764452	0.9999536113559401	11.119723099179145	0.9860383944153578	50
k16_720e80a0	CTAGAATGGAAAGGAA	11.205368763777107	1.0	13.536873478536204	0.9790575916230366	4737
k16_a0e83c10	GGAATGGAATTAACAA	11.205173739569604	1.0	12.277363780701013	0.9650959860383944	1295
k16_a0280415	GGAAAGGAAACAACCC	11.204924150180762	1.0	12.756356436184298	0.9912739965095986	2268
k16_380c0560	ATGAAATAAACCCGAA	11.202769296894365	1.0	11.202769296894365	0.9075043630017452	0
k16_5be4753d	CCGTTGCACTCCATTC	11.202358466123098	1.0	11.997126177774232	0.9424083769633508	863
k16_a0203415	GGAAAGAAATCAACCC	11.20122973089857	1.0	11.23161688207356	0.9930191972076788	25
k16_4be3d4f9	CAGTTGATTCCATTGC	11.200565100487909	0.9999788998375287	12.255957645947735	1.0	1526
k16_583a0280	CCGAATGGAAAGGAAA	11.200175237228152	0.9997420760016048	10.991075798626346	0.9808027923211169	814
k16_83a3d044	GAATGGATTCAACACA	11.199946986746983	0.9998919619706137	11.534137684488133	0.9930191972076788	936
k16_2ec3a360	AGTGTAATGGATCGAA	11.199901568211923	1.0	11.199901568211923	0.9075043630017452	0
k16_78ba0e80	CTGAGTGGAATGGAAA	11.197770052132864	1.0	13.082279178840988	0.9947643979057592	3162
k16_3415c3a0	ATCAACCCTAATGGAA	11.19776803008151	1.0	11.226951904902679	0.9930191972076788	24
k16_0287a0ec	AAAGGACTGGAATGTA	11.197753755079896	1.0	12.530105657690713	0.9965095986038395	1783
k16_0d0402ec	AATCAACAAAAGTGTA	11.196374548090857	1.0	11.654530640588305	0.9109947643979057	439
k16_4fead4f5	CATTTGGGTCCATTCC	11.195764790672598	0.999664854397855	11.038602905872585	0.9982547993019197	1895
k16_2dafe1d4	AGTCGGTTTGACTCCA	11.194887986172962	1.0	11.196115840666845	0.9057591623036649	1
k16_1e80a0d0	ACTGGAAAGGAATCAA	11.194427708574548	0.9997342930988671	11.088784344604496	0.987783595113438	1194
k16_35aba0e8	ATCCGGGTGGAATGGA	11.193829073199252	0.9999532382511106	11.108170063613946	0.9860383944153578	50
k16_2e034158	AGTGAAATCAACCCGA	11.193524011997642	1.0	11.234695725966844	0.9825479930191972	34
k16_1d83a0ec	ACTCGAATGGAATGTA	11.192174070127301	0.999392766328893	10.120400777600084	0.9965095986038395	335
k16_e8ba0e84	TGGAGTGGAATGGACA	11.191684272117485	1.0	11.256536907313736	0.9982547993019197	54
k16_3d46eaf8	ATTCCACGTGGGTTGA	11.191554305947772	1.0	11.20500357012398	0.9389179755671903	11
k16_bb0e8d80	GTGTAATGGATCGAAA	11.191264020600416	1.0	11.191264020600416	0.9075043630017452	0
k16_4151ba0e	CAACCCACGTGGAATG	11.190856467189993	1.0	11.204305731366201	0.9389179755671903	11
k16_2e8fa068	AGTGGATTGGAACGGA	11.188850853809374	1.0	11.192531286709473	0.9092495636998255	3
k16_283a0e07	AGGAATGGAATGAACT	11.188710766969397	1.0	12.679807550372443	0.9947643979057592	2127
k16_0c83a1d0	AATAGAATGGACTCAA	11.188428207970581	0.9997200918098863	10.94869233238641	0.9930191972076788	878
k16_20e83a01	AGAATGGAATGGAAAC	11.18750525812619	0.9997396172373388	11.56373315100994	1.0	4565
k16_4f6337f5	CATTCGATATCTTTCC	11.187072348507618	1.0	11.913696162888753	0.9912739965095986	769
k16_a0e83814	GGAATGGAATGAACCA	11.185921595291905	1.0	12.013591060565803	0.9895287958115183	910
k16_6af8fdfd	CGGGTTGATTTCTTTC	11.185500286177092	1.0	11.20744335100893	0.9930191972076788	18
k16_83a0e8e8	GAATGGAATGGATGGA	11.185416187491521	0.9998521147589471	11.990661613223242	0.9982547993019197	3497
k16_6fd4f5fd	CGTTTCCATTCCTTTC	11.185191498309806	0.9999028229920801	10.920420632360555	0.9947643979057592	11
k16_3aae83a0	ATGGGGTGGAATGGAA	11.184987151474326	0.9997045472858639	11.313393478263627	1.0	3113
k16_4f5154f5	CATTCCACCCCATTCC	11.184591735175355	1.0	12.996788516824662	1.0	2950
k16_168790e8	ACCGGACTGCAATGGA	11.183849366259674	1.0	11.183849366259674	0.900523560209424	0
k16_144ba0e8	ACCACAGTGGAATGGA	11.183673579695592	1.0	12.749699842569337	0.9982547993019197	2303
k16_13d4f52d	ACATTCCATTCCAGTC	11.183279267364247	0.9999848787273937	12.73656526944236	0.9982547993019197	2639
k16_50d4e51d	CCAATCCATGCCACTC	11.181868469157061	1.0	11.189219969758607	0.9720767888307156	6
k16_4f6afcfd	CATTCGGGTTTATTTC	11.181582064621344	1.0	11.181582064621344	0.9075043630017452	0
k16_340d8ba0	ATCAAATCGAGTGGAA	11.181451080403463	0.9994585265152797	10.285804818721907	0.9947643979057592	531
k16_70dabe3d	CTAATCGGGTTGATTC	11.181115523932393	1.0	11.21390622122448	0.9947643979057592	27
k16_3f6353c4	ATTTCGATCCATTACA	11.180850486925928	1.0	11.182078341419812	0.9092495636998255	1
k16_0e83a4c8	AATGGAATGGCATAGA	11.180459630037731	0.9997144260534823	11.415237881688741	1.0	3882
k16_5fd4751d	CCTTTCCACTCCACTC	11.17885694794936	0.9990837023976454	10.00085733908061	1.0	2988
k16_43dabe3d	CAATTCGGGTTGATTC	11.178742917573055	1.0	11.178742917573055	0.9912739965095986	0
k16_4f5be4fa	CATTCCGTTGCATTGG	11.178681198467165	1.0	11.244707737270568	0.9842931937172775	55
k16_83a0d154	GAATGGAATCACCCCA	11.178458695325197	0.9998029265408681	10.667096235220027	0.9424083769633508	0
k16_753d4f60	CTCCATTCCATTCGAA	11.17798085282094	1.0	11.207164727642109	0.9965095986038395	24
k16_47baf8f5	CACTGTGGTTGATTCC	11.177323037590513	1.0	12.982858473333925	0.9982547993019197	2931
k16_31476af8	ATACCACTCGGGTTGA	11.17602037516808	1.0	11.182149224171388	0.9773123909249564	5
k16_5a1e43a0	CCGGACTGCAATGGAA	11.175684590015896	1.0	11.175684590015896	0.900523560209424	0
k16_318f53e4	ATACGATTCCATTGCA	11.175186108550834	1.0	11.175186108550834	0.9650959860383944	0
k16_4c63d4f9	CATACGATTCCATTGC	11.17376092600442	1.0	11.17376092600442	0.9650959860383944	0
k16_0502e83a	AACCAAAGTGGAATGG	11.173664085514961	1.0	12.082084695832851	0.9947643979057592	1030
k16_ba3e81a0	GTGGATTGGAACGGAA	11.173285176277696	1.0	11.176965609177795	0.9092495636998255	3
k16_04148ba0	AACAACCAGAGTGGAA	11.171871625334381	1.0	12.329685736217511	0.9965095986038395	1446
k16_5f53dcf5	CCTTCCATTCTATTCC	11.171864655799768	0.9999924407353653	13.736742383509407	1.0	6514
k16_5bd4351d	CCGTTCCAATCCACTC	11.171363220734124	1.0	11.175043653634225	0.9092495636998255	3
k16_2e83acc8	AGTGGAATGGTATAGA	11.171015189835511	1.0	11.730168315216835	0.9528795811518325	556
k16_c53d4790	TACCATTCCACTGCAA	11.170330515883764	1.0	11.546627739590166	0.9109947643979057	350
k16_3343d434	ATATCAATTCCAATCA	11.170254773624148	0.9997331808652563	10.745677471562951	0.9075043630017452	352
k16_3fef52d4	ATTTTGTTCCAGTCCA	11.170193347792146	1.0	12.851394504157051	0.9947643979057592	2592
k16_0f6af8f7	AATTCGGGTTGATTCT	11.169476911548006	1.0	11.169476911548006	0.9825479930191972	0
k16_6f91d4f5	CGTTGCACTCCATTCC	11.167810255968014	1.0	12.037765073859479	0.9406631762652705	972
k16_a0e40b0c	GGAATGCAAAGTAATA	11.167268228423165	0.9999604211192907	12.216024048249784	0.912739965095986	1772
k16_33c7f93d	ATATTACTTTGCATTC	11.164928165603984	1.0	12.459721564126346	0.912739965095986	1707
k16_0d4500e8	AATCCACCAAAATGGA	11.164704028243431	1.0	11.579289294413236	0.9109947643979057	391
k16_3b4e83a0	ATGTCATGGAATGGAA	11.16303602945244	0.9994905548876164	10.579965662038598	1.0	1694
k16_60e83a12	CGAATGGAATGGACAG	11.161440236239967	0.9999511790265098	11.04602093235528	0.9912739965095986	25
k16_8ba1e838	GAGTGGACTGGAATGA	11.16101433756821	0.9999527800731909	11.961396308621415	0.9808027923211169	1306
k16_1a2e8362	ACGGAGTGGAATCGAG	11.160534858562455	1.0	11.18851445260223	0.9738219895287958	23
k16_be83a0e8	GTTGGAATGGAATGGA	11.159237370289874	0.9999586372347613	12.61603073062202	0.9982547993019197	3078
k16_1e4f50da	ACTGCATTCCAATCGG	11.159143074560793	1.0	11.159143074560793	0.912739965095986	0
k16_a3e83411	GGATTGGAATCAACAC	11.156837477774733	1.0	12.05144896846954	0.9860383944153578	1009
k16_0f93f4f5	AATTGCATTTCATTCC	11.15640000365702	1.0	12.60852028307331	0.9755671902268761	2039
k16_34398b90	ATCAATGCGAGTGCAA	11.154959358283705	1.0	11.156187212777589	0.9406631762652705	1
k16_1d4f53cc	ACTCCATTCCATTATA	11.153434625173787	0.9998058930859117	10.906965289846204	0.9895287958115183	342
k16_3d4c1fd4	ATTCCATAACTTTCCA	11.153100641711314	0.9993838570548367	10.21024799142886	0.9354275741710296	736
k16_3a0c0460	ATGGAATAAACACGAA	11.153050841183862	1.0	11.644790893548384	0.9947643979057592	477
k16_0ca3a0e8	AATAGGATGGAATGGA	11.152524769444263	0.9998931411910178	12.065775755193961	0.9982547993019197	2684
k16_1e2e83a0	ACTGAGTGGAATGGAA	11.151953383656759	0.999984312248996	12.683512629742781	0.9982547993019197	2582
k16_53dfbe3d	CCATTCTTGTTGATTC	11.150249642186875	1.0	11.721854380772685	0.9825479930191972	571
k16_02034158	AAAGAAATCAACCCGA	11.15005266289727	1.0	11.178032256937048	0.9930191972076788	23
k16_0422e8fa	AACAAGAGTGGATTGG	11.149914020363068	1.0	11.15604286936638	0.9092495636998255	5
k16_3d4f50de	ATTCCATTCCAATCTG	11.148234008020026	1.0	12.205744320811831	1.0	1270
k16_60e8fa0d	CGAATGGATTGGAATC	11.148177260421745	0.9997522422080174	10.55494455644837	0.9930191972076788	18
k16_3a0e0381	ATGGAATGAAATGAAC	11.147244338017773	0.9999782464460131	13.079416834132479	0.9982547993019197	4261
k16_8e83a0e4	GATGGAATGGAATGCA	11.147170241616978	0.9996451024133036	11.028450542099876	1.0	2323
k16_3a0e81a8	ATGGAATGGAACGGGA	11.146151712511527	0.9997397273644142	10.88872366229025	0.9965095986038395	644
k16_0a93a0e8	AAGGGCATGGAATGGA	11.145420106477024	1.0	12.210582516691556	0.9842931937172775	1283
k16_7f13c4f5	CTTTACATTACATTCC	11.144609071668873	1.0	11.616115533479874	0.9389179755671903	454
k16_b20e80a0	GTAGAATGGAAAGGAA	11.144320481476166	1.0	13.081101294213669	1.0	3322
k16_4360d4f9	CAATCGAATCCATTGC	11.143806469651585	1.0	11.676031438058946	0.912739965095986	524
k16_00834158	AAAAGAATCAACCCGA	11.143293253853878	1.0	11.144521108347762	0.9790575916230366	1
k16_328e83a0	ATAGGATGGAATGGAA	11.143144983714953	0.9999021334899197	12.192591177619871	0.9982547993019197	3066
k16_53d4fe0d	CCATTCCATTTGAATC	11.142830475197893	0.9998825141962013	11.797390208539271	1.0	1854
k16_3a4e83ac	ATGGCATGGAATGGTA	11.141722713608411	0.9997995532901895	11.158296798608259	0.9930191972076788	898
k16_422e8fa0	CAAGAGTGGATTGGAA	11.140514076826088	1.0	11.140514076826088	0.9092495636998255	0
k16_3d4763f8	ATTCCACTCGATTTGA	11.140345351124456	0.9993388774835589	10.084500389498992	0.9947643979057592	532
k16_b53d4f41	GTCCATTCCATTCAAC	11.13941343988645	1.0	11.173404410277449	0.9773123909249564	28
k16_3d4b51d2	ATTCCAGTCCACTCAG	11.139118916365643	0.9995990871522852	10.60131831801392	0.9092495636998255	753
k16_2d4353d4	AGTCCAATCCATTCCA	11.137419574023113	1.0	11.828725144405718	0.9982547993019197	722
k16_6af8f7fd	CGGGTTGATTCTTTTC	11.136584307430134	1.0	11.137812161924016	0.9773123909249564	1
k16_345583a0	ATCACCCCGAATGGAA	11.135843931229592	1.0	11.810315709088382	0.9895287958115183	700
k16_40c83a1d	CAAATAGAATGGACTC	11.134831083566755	1.0	12.349324591393769	0.9912739965095986	1551
k16_4b73d4f5	CAGTCTATTCCATTCC	11.132418034548973	0.9998014184397163	11.171783194584902	0.9982547993019197	931
k16_3d4f5154	ATTCCATTCCACCCCA	11.13141662925039	0.9999752772043463	12.894840539091694	1.0	3661
k16_3d434af8	ATTCCAATCAGGTTGA	11.12915471903567	1.0	12.481369610054056	0.9947643979057592	1824
k16_6353c474	CGATCCATTACACTCA	11.127689879846969	1.0	11.127689879846969	0.9075043630017452	0
k16_1f83b0e8	ACTTGAATGTAATGGA	11.127534268362094	1.0	12.106828024992911	0.9982547993019197	1141
k16_8bb0e8d8	GAGTGTAATGGATCGA	11.127395418627266	1.0	11.127395418627266	0.9075043630017452	0
k16_2e03a068	AGTGAAATGGAACGGA	11.12683492571943	1.0	11.855684008698372	0.9755671902268761	772
k16_0283a2d0	AAAGGAATGGAGTCAA	11.126748235186994	0.999982312155087	12.510415278850097	0.9860383944153578	2216
k16_22e43a0e	AGAGTGCAATGGAATG	11.126570379586333	1.0	13.769250770836866	0.9982547993019197	6160
k16_483a0e81	CAGAATGGAATGGAAC	11.126176717315156	0.9995427209489233	10.834716452334295	0.9982547993019197	3153
k16_6fd3d475	CGTTTCATTCCACTCC	11.126004507962945	1.0	11.588624464452502	0.944153577661431	444
k16_2e80a068	AGTGGAAAGGAACGGA	11.125800142070643	1.0	11.159791112461642	0.9947643979057592	28
k16_178b20e4	ACCTGAGTAGAATGCA	11.12570248156805	1.0	11.599864256054143	0.9336823734729494	457
k16_05e2c839	AACCTGAGTAGAATGC	11.12490632912653	1.0	11.599068103612623	0.9389179755671903	457
k16_4562e438	CACCCGAGTGCAATGA	11.124521267667502	1.0	11.124521267667502	0.9092495636998255	0
k16_0d4563c8	AATCCACCCGATTAGA	11.12429994178237	1.0	11.12429994178237	0.9109947643979057	0
k16_4beaf8f9	CAGTTGGGTTGATTGC	11.124297847716159	1.0	11.673411722564184	0.9075043630017452	544
k16_35158f20	ATCCACCCGATTAGAA	11.124004787775085	1.0	11.124004787775085	0.9109947643979057	0
k16_0a83a2e8	AAGGGAATGGAGTGGA	11.123476385281467	0.999945318139067	12.734531319583821	1.0	4321
k16_2e8b22e8	AGTGGAGTAGAGTGGA	11.123076481149193	0.9999210110584518	12.501748895848536	0.9930191972076788	4153
k16_4160e83a	CAACCGAATGGAATGG	11.122456080660035	0.9999215932256547	11.229965839980528	0.9895287958115183	360
k16_13e8fa3d	ACATTGGATTGGATTC	11.121559127287304	0.9999495153473344	10.997695737059466	0.9092495636998255	18
k16_1589a0e8	ACCCGAGCGGAATGGA	11.11992878574296	1.0	11.158710887520753	0.9947643979057592	32
k16_90ec3acc	GCAATGTAATGGTATA	11.119578306035237	1.0	11.18794979035949	0.9703315881326352	57
k16_1e80a0e0	ACTGGAAAGGAATGAA	11.118227425360057	0.9999856797124487	12.81507540336947	0.9895287958115183	3038
k16_3a0d1522	ATGGAATCACCCAGAG	11.11808654722608	1.0	12.359326799154736	0.9773123909249564	1602
k16_4352d4f5	CAATCCAGTCCATTCC	11.118006983242521	1.0	11.14357499571948	0.9912739965095986	21
k16_151ba0e8	ACCCACGTGGAATGGA	11.117842896486204	1.0	11.131292160662412	0.9406631762652705	11
k16_53feba3d	CCATTTTGGTGGATTC	11.117430201102096	1.0	11.578266269057234	0.9109947643979057	442
k16_0e83acc8	AATGGAATGGTATAGA	11.116677249619633	0.9995431472081219	10.76670356555792	0.9947643979057592	2393
k16_73d4f519	CTATTCCATTCCACGC	11.11658837735061	1.0	11.121493537707016	0.9092495636998255	4
k16_53f4f91d	CCATTTCATTGCACTC	11.116382804321084	0.999957884983891	12.126432508331789	0.9650959860383944	1694
k16_3d4776f8	ATTCCACTCTCGTTGA	11.114847123561479	1.0	11.120975972564787	0.9581151832460733	5
k16_4762fbf5	CACTCGAGTTGTTTCC	11.114792795687366	1.0	11.573842766603622	0.9947643979057592	440
k16_4b53d7f6	CAGTCCATTCCTTTCG	11.114559666291823	1.0	11.14974991202547	0.9912739965095986	29
k16_1d4f53de	ACTCCATTCCATTCTG	11.114294823259087	1.0	11.786455789664645	0.9965095986038395	697
k16_0a83a0e0	AAGGGAATGGAATGAA	11.113485826794419	0.9991250470541555	10.109938899059175	0.9982547993019197	4769
k16_3d476af9	ATTCCACTCGGGTTGC	11.112656063722135	1.0	11.1273217939306	0.9965095986038395	12
k16_50d6f63d	CCAATCCGTTCGATTC	11.11227517902016	1.0	11.14626614941116	0.9912739965095986	28
k16_0d4f53d3	AATCCATTCCATTCAT	11.111663112262825	1.0	12.126041612418275	0.9703315881326352	1198
k16_0f83a0a8	AATTGAATGGAAGGGA	11.111643293080085	0.9999460295757925	12.232229258565724	1.0	2194
k16_bdcf52d4	GTTCTATTCCAGTCCA	11.110967792079357	0.9995714861867312	10.655167534880269	0.9912739965095986	1230
k16_71d4751d	CTACTCCACTCCACTC	11.109690628800239	1.0	12.797770013172089	0.9982547993019197	2610
k16_546e83a0	CCCACGTGGAATGGAA	11.109522008788755	1.0	11.122971272964964	0.9406631762652705	11
k16_0a0e93a0	AAGGAATGGCATGGAA	11.109367939200375	0.999858469703671	11.767620123004347	0.9947643979057592	2256
k16_53d7c53d	CCATTCCTTACCATTC	11.10918780704883	0.9998770955213608	11.566202079375026	1.0	1295
k16_4e03a0e4	CATGAAATGGAATGCA	11.108304773461805	1.0	11.775832983325287	0.912739965095986	691
k16_2d4f5394	AGTCCATTCCATGCCA	11.107644194768385	1.0	11.512984183749495	0.9738219895287958	381
k16_53d4f62c	CCATTCCATTCGAGTA	11.106919758913506	0.9996397279225271	11.079945383861697	0.9982547993019197	3043
k16_0f52fabe	AATTCCAGTTGGGTTG	11.10656240560326	1.0	11.48285962930966	0.9075043630017452	350
k16_3a028fac	ATGGAAAGGATTGGTA	11.105000336289311	1.0	11.132979930329087	0.9197207678883071	23
k16_3a028041	ATGGAAAGGAAACAAC	11.104823843944638	1.0	13.111436630202352	0.9965095986038395	3545
k16_1eebe3d4	ACTGTGGTTGATTCCA	11.104799953516048	1.0	13.083323272156605	1.0	3454
k16_0a0e8351	AAGGAATGGAATCCAC	11.103725614216554	1.0	11.632548945866011	0.9912739965095986	520
k16_2e82a0e8	AGTGGAAGGGAATGGA	11.103439847774371	0.999928213349924	12.508058847670837	1.0	3919
k16_0283afa0	AAAGGAATGGTTGGAA	11.103396912813876	1.0	11.571355338327857	0.912739965095986	450
k16_053d7f50	AACCATTCCTTTCCAA	11.10335507845774	1.0	11.56864673873008	0.912739965095986	447
k16_744fd3f4	CTCACATTTCATTTCA	11.10248172557547	1.0	13.126414453539175	1.0	3602
k16_12abe3d4	ACAGGGGTTGATTCCA	11.100616104411673	1.0	11.555191134542763	0.9144851657940664	435
k16_0e8323d0	AATGGAATAGATTCAA	11.10047020194922	1.0	12.483154241905723	0.9842931937172775	1888
k16_3e4f53ec	ATTGCATTCCATTGTA	11.099706057387987	0.9998219619789915	11.525839522133413	0.9965095986038395	1914
k16_1d5f53d4	ACTCCCTTCCATTCCA	11.099174416742287	0.99996161768657	12.723913443765015	0.9982547993019197	3603
k16_13d4b5fd	ACATTCCAGTCCTTTC	11.098593769299702	1.0	12.590127471877704	0.9965095986038395	2128
k16_5fd0c52d	CCTTTCAATACCAGTC	11.097748803702999	1.0	11.2190281160943	0.9057591623036649	103
k16_be83a038	GTTGGAATGGAAATGA	11.097679865781183	1.0	11.649310110221954	0.912739965095986	547
k16_bb0e82a0	GTGTAATGGAAGGGAA	11.096964556977317	1.0	12.33038946245432	0.9668411867364747	1587
k16_af9f53d4	GGTTGCTTCCATTCCA	11.095599894923778	1.0	12.049119019032632	0.9668411867364747	1100
k16_53e4f60d	CCATTGCATTCGAATC	11.095499608755214	1.0	11.112595198209828	0.987783595113438	14
k16_0472e83a	AACACTAGTGGAATGG	11.095310190103794	1.0	11.655296774811342	0.987783595113438	557
k16_158ba4e8	ACCCGAGTGGCATGGA	11.094937848155187	1.0	11.098618281055288	0.9808027923211169	3
k16_435bd8f5	CAATCCGTTCGATTCC	11.093360902294917	0.9995414713674343	10.161002255986018	0.9912739965095986	30
k16_4fd3d4b5	CATTTCATTCCAGTCC	11.091110346492602	0.9999820392621729	12.488329996939674	0.987783595113438	2248
k16_2a0e83f0	AGGGAATGGAATTTAA	11.090988761144404	0.9999609237622602	11.36712137178474	0.9982547993019197	399
k16_43f3d4f5	CAATTTATTCCATTCC	11.090616261599585	1.0	12.901763294449893	0.9511343804537522	2947
k16_3b0e93a0	ATGTAATGGCATGGAA	11.089797365397068	0.9995077629878787	10.6132287375044	0.9912739965095986	1824
k16_34179ba0	ATCAACCTGCGTGGAA	11.089180545968986	1.0	11.090408400462868	0.9144851657940664	1
k16_3e83a0e0	ATTGGAATGGAATGAA	11.088941368942628	0.9999565107092379	13.231095466670686	1.0	7318
k16_ba0e8120	GTGGAATGGAACAGAA	11.086955618312029	0.9998885470999955	11.70729299049294	0.9930191972076788	1591
k16_8b5bdcf5	GAGTCCGTTCTATTCC	11.086480717560686	1.0	11.108423782392526	0.9912739965095986	18
k16_4188ba0e	CAACGAGAGTGGAATG	11.086166684744406	1.0	11.092295533747714	0.956369982547993	5
k16_0f51e4f5	AATTCCACTGCATTCC	11.085067590545668	0.9999426419134657	12.144410770987104	0.9965095986038395	2054
k16_4e13d4f5	CATGACATTCCATTCC	11.08422237915095	0.9999806710994279	12.382432348686889	1.0	2021
k16_1148ba0e	ACACCAGAGTGGAATG	11.0834167281074	1.0	12.563547305226066	0.912739965095986	2102
k16_4f50d8b5	CATTCCAATCGAGTCC	11.082763608383669	1.0	11.763379515823118	0.9947643979057592	708
k16_46e3f8f5	CACGTGATTTGATTCC	11.082011764102791	1.0	11.475243631755605	0.9703315881326352	368
k16_2e8ba0e0	AGTGGAGTGGAATGAA	11.08151491267697	1.0	13.211403059144077	1.0	3966
k16_51b8fe3d	CCACGTGATTTGATTC	11.081433152980495	1.0	11.474665020633308	0.9668411867364747	368
k16_4d73d4f5	CATCCTATTCCATTCC	11.081177843478583	0.9999608817258983	12.232909896191764	1.0	1990
k16_0e43a1e8	AATGCAATGGACTGGA	11.081093354424553	0.9998615605586031	11.799475587304693	0.9982547993019197	2402
k16_574af8f5	CCCTCAGGTTGATTCC	11.08093552820131	1.0	11.08093552820131	0.9179755671902269	0
k16_f53d7f90	TTCCATTCCTTTGCAA	11.07897923339875	0.9999855992857246	12.80699639471367	0.9650959860383944	3130
k16_43b0eb32	CAATGTAATGGTATAG	11.076063198626247	1.0	11.135031945026888	0.9703315881326352	49
k16_bf8f93d4	GTTTGATTGCATTCCA	11.075338807308517	1.0	11.081467656311826	0.9738219895287958	5
k16_a2e03415	GGAGTGAAATCAACCC	11.074948256558287	1.0	11.110138502291933	0.9808027923211169	29
k16_3d4be1d4	ATTCCAGTTGACTCCA	11.074752288174656	0.9999194814606063	11.191633440734076	0.912739965095986	370
k16_3a1503b0	ATGGACCCAAATGTAA	11.07474223898194	0.9995475020053889	10.698272943673457	0.9930191972076788	1847
k16_3a2e87a0	ATGGAGTGGACTGGAA	11.073274556356127	0.9997887783709052	11.419878480296045	1.0	2066
k16_5192be3d	CCACGCAGGTTGATTC	11.073077650540915	1.0	11.074305505034799	0.9144851657940664	1
k16_2d8390e8	AGTCGAATGCAATGGA	11.072301886010406	0.9999719258843346	11.844049231503647	0.987783595113438	1044
k16_3a0e01b0	ATGGAATGAAACGTAA	11.072007898477533	0.9999469945934485	10.927429297911738	0.9825479930191972	1
k16_090e8340	AAGCAATGGAATCAAA	11.07072434159311	0.9999215275961287	11.692280746118573	0.9650959860383944	1209
k16_40e83a1d	CAAATGGAATGGACTC	11.070419343425145	0.9998809325363751	11.611956169703886	0.9982547993019197	1444
k16_3d5353d4	ATTCCCATCCATTCCA	11.06981553061465	0.9998854874417894	11.147132028311118	0.9947643979057592	460
k16_53d4d5fd	CCATTCCATCCCTTTC	11.068633345921446	0.9999851753020532	12.765138801493757	0.9930191972076788	3037
k16_bf4f51d4	GTTTCATTCCACTCCA	11.067113828679094	0.9998482434175583	11.043992857985707	0.9668411867364747	473
k16_80a0ebe8	GAAAGGAATGGTTGGA	11.066106727882143	1.0	11.516192893690786	0.912739965095986	430
k16_10abe3d4	ACAAGGGTTGATTCCA	11.065397714659124	1.0	11.94071952712207	0.9301919720767888	980
k16_a0e80405	GGAATGGAAACAAACC	11.064283682233201	1.0	12.71920039060407	0.9616055846422339	2524
k16_0e42ec3e	AATGCAAGTGTAATTG	11.063787187567355	1.0	12.389783535672393	0.912739965095986	1770
k16_4568f8f5	CACCCGGATTGATTCC	11.062154351519972	0.9999621556161066	11.413319936853199	0.987783595113438	483
k16_0283a0dc	AAAGGAATGGAATCTA	11.061510043093234	1.0	12.156881318719801	0.9947643979057592	1335
k16_e235ed80	TGAGATCCTGTCGAAA	11.059097578624804	1.0	11.941766558963375	0.9912739965095986	991
k16_02ec3a0a	AAAGTGTAATGGAAGG	11.058323417563022	1.0	11.608276570046245	0.9109947643979057	545
k16_8ba3e834	GAGTGGATTGGAATCA	11.058085653987169	0.9998533186651999	11.477210721513892	0.912739965095986	1398
k16_f43b0e80	TTCAATGTAATGGAAA	11.057154464439334	1.0	12.689663573583637	0.9895287958115183	2467
k16_2d4f53e8	AGTCCATTCCATTGGA	11.056446003354864	0.999963817931833	11.47810567849172	0.9982547993019197	566
k16_0e834157	AATGGAATCAACCCCT	11.055690828583606	1.0	11.586215981174027	0.9232111692844677	522
k16_1deb23d4	ACTCTGGTAGATTCCA	11.055631004779219	1.0	11.501214295812952	0.9790575916230366	425
k16_0e87a060	AATGGACTGGAACGAA	11.055398720169743	1.0	11.514448691085999	0.9930191972076788	440
k16_320d0762	ATAGAATCAACTCGAG	11.055271884186814	1.0	11.078424277196502	0.9912739965095986	19
k16_3e4764f8	ATTGCACTCGCATTGA	11.05500495891076	1.0	11.05500495891076	0.9179755671902269	0
k16_ba0e02a0	GTGGAATGAAAGGGAA	11.05409352943267	0.9999235064637039	11.729122816150833	0.9930191972076788	1299
k16_47d4f51d	CACTTCCATTCCACTC	11.053789283915137	1.0	12.364020859622473	0.9930191972076788	1738
k16_71d2be3d	CTACTCAGGTTGATTC	11.05222207145971	1.0	11.075374464469398	0.9895287958115183	19
k16_3d4753de	ATTCCACTCCATTCTG	11.052219489186745	0.9999765186559278	12.101723414953364	0.9912739965095986	1515
k16_4f70daba	CATTCTAATCGGGTGG	11.051607959257485	1.0	11.052835813751367	0.9057591623036649	1
k16_43d4f52d	CAATTCCATTCCAGTC	11.05152162389579	0.999712335573629	10.974226768026488	0.9982547993019197	1241
k16_0e83b0c8	AATGGAATGTAATAGA	11.051330448812559	0.999824099742482	12.1144474537867	1.0	7804
k16_3a0d057e	ATGGAATCAACCCTTG	11.051063189484786	1.0	11.943691114380883	0.9319371727748691	1006
k16_83907834	GAATGCAACTGAATCA	11.050172246017919	1.0	11.955972718267942	0.9703315881326352	1026
k16_47eef8f5	CACTTGTGTTGATTCC	11.048397784873567	1.0	12.485626049818626	0.9930191972076788	2006
k16_20e43a0a	AGAATGCAATGGAAGG	11.046533894132793	1.0	12.713105754902891	0.9458987783595113	2554
k16_3c4353d4	ATTACAATCCATTCCA	11.04644233690407	0.999873519119693	11.690963304412984	1.0	1833
k16_58f50e41	CCGATTCCAATGCAAC	11.044505255214615	1.0	11.50801632948765	0.987783595113438	445
k16_462c83a0	CACGAGTAGAATGGAA	11.042337829523248	1.0	11.047242989879654	0.9685863874345549	4
k16_4b53d7f5	CAGTCCATTCCTTTCC	11.042197157813082	1.0	12.48033235823456	0.9982547993019197	2008
k16_53e7f5fd	CCATTGCTTTCCTTTC	11.04141434371054	1.0	13.06383607092348	0.9773123909249564	3597
k16_52e83a02	CCAGTGGAATGGAAAG	11.041352086306846	1.0	12.538988804205431	0.9947643979057592	2142
k16_81a0e438	GAACGGAATGCAATGA	11.041277789328314	1.0	11.060799152418658	0.9825479930191972	16
k16_3a0e8fc8	ATGGAATGGATTTAGA	11.040529127187613	1.0	11.928518098443922	0.9912739965095986	999
k16_0e83add8	AATGGAATGGTCTCGA	11.038250202840702	0.9995447950155054	10.536235489954587	0.9947643979057592	1066
k16_0e8ba1d8	AATGGAGTGGACTCGA	11.037900357567146	0.9997384800460275	10.476968885086725	0.9965095986038395	45
k16_118390e8	ACACGAATGCAATGGA	11.036592918525235	1.0	11.046386618197843	0.9895287958115183	8
k16_1d8be3dc	ACTCGAGTTGATTCTA	11.035717946063274	1.0	11.05887033907296	0.9912739965095986	19
k16_4f52e4f5	CATTCCAGTGCATTCC	11.0353255000428	1.0	12.607148266802573	0.9982547993019197	2317
k16_4179ba0e	CAACCTGCGTGGAATG	11.03395770434481	1.0	11.037638137244908	0.912739965095986	3
k16_22e8fa06	AGAGTGGATTGGAACG	11.033165332119173	1.0	11.033165332119173	0.9075043630017452	0
k16_436af0f0	CAATCGGGTTAATTAA	11.03243346638819	1.0	11.879353154203168	0.912739965095986	938
k16_0a0e8b41	AAGGAATGGAGTCAAC	11.031858194103261	0.9999698213423467	11.7397847280841	0.9633507853403142	948
k16_4398b90e	CAATGCGAGTGCAATG	11.031671310184374	1.0	11.031671310184374	0.9144851657940664	0
k16_3d0c8341	ATTCAATAGAATCAAC	11.031240621389074	0.9999487481741537	11.843208368704783	0.9109947643979057	1326
k16_2c83a028	AGTAGAATGGAAAGGA	11.030655943053757	1.0	13.103000094265512	1.0	3765
k16_3d4e51da	ATTCCATGCCACTCGG	11.030506234034565	1.0	11.034186666934664	0.9773123909249564	3
k16_4f57d475	CATTCCCTTCCACTCC	11.030095507616021	1.0	12.828232441152748	0.9982547993019197	2910
k16_4f03d4f9	CATTAAATTCCATTGC	11.030081234528907	1.0	11.80632037209191	0.9965095986038395	837
k16_1debefd4	ACTCTGGTTGTTTCCA	11.029953950637834	1.0	12.166694077958631	0.9860383944153578	1408
k16_abe3d7f4	GGGTTGATTCCTTTCA	11.027969978533212	1.0	11.438864240402586	0.9825479930191972	387
k16_3dc76bf8	ATTCTACTCGGTTTGA	11.0250433994837	1.0	11.506262207410588	0.912739965095986	465
k16_6af8fd1d	CGGGTTGATTTCACTC	11.024338838515277	1.0	11.058329808906276	0.9790575916230366	28
k16_4ba0e80a	CAGTGGAATGGAAAGG	11.024264338782814	1.0	12.853154044491923	0.9947643979057592	2998
k16_118b20e8	ACACGAGTAGAATGGA	11.024246399861148	1.0	11.029151560217556	0.9668411867364747	4
k16_83a3d014	GAATGGATTCAAACCA	11.023915710076954	1.0	11.910576521629034	0.9790575916230366	997
k16_bfbf53d4	GTTTGTTTCCATTCCA	11.02255442034948	1.0	13.161674553187485	0.987783595113438	3999
k16_ce0e83a0	TATGAATGGAATGGAA	11.021874198431718	1.0	12.187922978924357	0.9685863874345549	1461
k16_3d4750fa	ATTCCACTCCAATTGG	11.021290210327455	1.0	11.832252544486456	0.9790575916230366	886
k16_02a3a0e8	AAAGGGATGGAATGGA	11.019511001918074	0.9999864393908574	12.893705376351598	0.9965095986038395	3589
k16_22d4f53d	AGAGTCCATTCCATTC	11.019415942778943	1.0	12.403041851901516	0.9982547993019197	1890
k16_235ed808	AGATCCTGTCGAAAGA	11.018504383675737	1.0	12.435634449047745	0.9930191972076788	1962
k16_0f43a2e8	AATTCAATGGAGTGGA	11.018305495541854	1.0	11.034186666934664	0.9947643979057592	13
k16_70daba3d	CTAATCGGGTGGATTC	11.01791676820294	1.0	11.01791676820294	0.9109947643979057	0
k16_18b20e83	ACGAGTAGAATGGAAT	11.015709605447967	1.0	11.020614765804373	0.9633507853403142	4
k16_7354f53d	CTATCCCATTCCATTC	11.0145744611559	0.9998762886597938	11.722903027414654	0.9860383944153578	1969
k16_43ace8fa	CAATGGTATGGATTGG	11.01434971312979	1.0	11.475185781084928	0.912739965095986	442
k16_5f53d7f5	CCTTCCATTCCTTTCC	11.013677957217107	1.0	14.268826350629999	1.0	10039
k16_0364e83a	AAATCGCATGGAATGG	11.013110258659621	1.0	11.014338113153505	0.9703315881326352	1
k16_3a0eb3a2	ATGGAATGGTATGGAG	11.012464193782273	0.999962598646071	12.761261900511654	0.9930191972076788	4032
k16_2c4f53d8	AGTACATTCCATTCGA	11.012226813758385	1.0	11.037794826235343	0.9912739965095986	21
k16_3a0f8740	ATGGAATTGACTCAAA	11.011353762805458	0.9998151776143126	10.977667220815714	0.9912739965095986	583
k16_3d0f5110	ATTCAATTCCACACAA	11.01131731875593	0.9995975180278384	10.54611633462181	0.9912739965095986	762
k16_0e814308	AATGGAACCAATAAGA	11.011295723158929	1.0	13.088305517543114	0.912739965095986	3781
k16_4f5bd444	CATTCCGTTCCACACA	11.010217677633149	1.0	11.8700552474423	0.9162303664921466	957
k16_41e80a0d	CAACTGGAAAGGAATC	11.01016103010522	1.0	12.042067454344583	0.9860383944153578	1227
k16_9380e839	GCATGAAATGGAATGC	11.00849863080962	1.0	11.419392892678994	0.9092495636998255	387
k16_13d4353d	ACATTCCAATCCATTC	11.00824922995005	1.0	13.203969275510493	0.9947643979057592	4206
k16_0e0e8351	AATGAATGGAATCCAC	11.006495076215685	0.9999089363768819	11.477626150047795	0.912739965095986	973
k16_53c4fe2d	CCATTACATTTGAGTC	11.006332201943442	1.0	11.488430716806434	0.9965095986038395	466
k16_354f51d4	ATCCCATTCCACTCCA	11.00630082844258	0.9998572570515016	11.350341607859784	0.9982547993019197	1109
k16_128320e8	ACAGGAATAGAATGGA	11.005024487639002	1.0	11.409436681952595	0.9947643979057592	380
k16_c43a0e80	TACAATGGAATGGAAA	11.00152463174894	1.0	12.501334756269614	1.0	2147
k16_5bd7f51d	CCGTTCCTTTCCACTC	10.998192485637308	1.0	11.029781910412636	0.9930191972076788	26
k16_460e43a0	CACGAATGCAATGGAA	10.998080378963774	1.0	11.007874078636384	0.9895287958115183	8
k16_8d7b6020	GATCCTGTCGAAAGAA	10.997851119119677	1.0	12.414521137375774	0.9930191972076788	1961
k16_2e8ba0f8	AGTGGAGTGGAATTGA	10.996760671018283	1.0	13.051473033512133	0.9982547993019197	3705
k16_00f62e83	AAAATTCGAGTGGAAT	10.996205795854834	1.0	11.373449066258887	0.9109947643979057	351
k16_a0e83114	GGAATGGAATACACCA	10.996093663523864	0.9999807262354483	12.38655292458625	0.912739965095986	2232
k16_57d4f13d	CCCTTCCATTACATTC	10.995971690862884	0.9999275397323801	11.807259357619346	0.9947643979057592	1544
k16_3d4f539c	ATTCCATTCCATGCTA	10.995896979877179	0.9995961227786753	10.862309788575265	0.9982547993019197	2401
k16_3d4b13d4	ATTCCAGTACATTCCA	10.994161276113202	0.9996648264984227	11.00966643673246	0.9965095986038395	2159
k16_83a4e838	GAATGGCATGGAATGA	10.993667306224438	0.9996425920325516	10.767055648795862	1.0	1217
k16_0e8fa1e8	AATGGATTGGACTGGA	10.993578601396678	0.9998024788899313	11.28673185578086	0.9965095986038395	1489
k16_476af7e5	CACTCGGGTTCTTGCC	10.993485800377641	1.0	10.993485800377641	0.9895287958115183	0
k16_3dc36ae8	ATTCTAATCGGGTGGA	10.993162629750396	1.0	10.993162629750396	0.9040139616055847	0
k16_1f8ba0e8	ACTTGAGTGGAATGGA	10.992828544186663	0.999949737377799	11.871321009145156	1.0	1444
k16_3d5f51d4	ATTCCCTTCCACTCCA	10.992079387884386	0.9996483258846802	11.098471537013843	0.9982547993019197	3317
k16_288a0e83	AGGAGAGGAATGGAAT	10.991730209078316	1.0	12.602282936091475	0.987783595113438	2412
k16_14f51e43	ACCATTCCACTGCAAT	10.991693914754698	1.0	11.547508379492186	0.9109947643979057	552
k16_5394f13d	CCATGCCATTACATTC	10.989804966018555	0.9998268023381685	11.4763159198421	0.9825479930191972	1871
k16_3d4f51ec	ATTCCATTCCACTGTA	10.98906576139019	1.0	12.712541495475213	0.9895287958115183	2704
k16_4e83a4e8	CATGGAATGGCATGGA	10.988076726380172	0.9996632996632997	10.606553612646792	0.9773123909249564	590
k16_34c7bba0	ATCATACTGTGTGGAA	10.988000629628136	1.0	11.549652689884159	0.9022687609075044	559
k16_73d4f511	CTATTCCATTCCACAC	10.987525610818464	1.0	11.26492732329071	0.9947643979057592	249
k16_51faba3d	CCACTTGGGTGGATTC	10.987287522934446	1.0	10.992192683290853	0.9057591623036649	4
k16_43d4751d	CAATTCCACTCCACTC	10.986433061019463	1.0	13.010365788983167	0.9982547993019197	3602
k16_20d0762e	AGAATCAACTCGAGTG	10.985210996683177	1.0	11.007154061515015	0.9912739965095986	18
k16_3a0e8fb0	ATGGAATGGATTGTAA	10.98490088995283	0.9998623104309684	11.70007350878256	1.0	2189
k16_62d4f5bd	CGAGTCCATTCCGTTC	10.981864974393462	1.0	12.284149089792297	0.9912739965095986	1722
k16_0abe3d4f	AAGGGTTGATTCCATT	10.981395558962559	1.0	12.06753898963899	0.9319371727748691	1319
k16_2ce83a0e	AGTATGGAATGGAATG	10.981251717214183	0.9995035813062904	10.734579575568237	1.0	3500
k16_7f93d0f5	CTTTGCATTCAATTCC	10.980001539468336	1.0	12.18120053998784	0.9581151832460733	1526
k16_d06e3ec0	TCAACGTGATTGTAAA	10.978143462799618	1.0	11.420114307559741	0.912739965095986	421
k16_5394f9fd	CCATGCCATTGCTTTC	10.977873274598993	1.0	11.787434575015562	0.912739965095986	884
k16_1507a0f8	ACCCAACTGGAATTGA	10.97782794841215	1.0	11.446674201372446	0.9057591623036649	451
k16_8310e839	GAATACAATGGAATGC	10.97782194353806	0.9999711066165848	11.802559825980467	0.9982547993019197	1127
k16_3d4d53dc	ATTCCATCCCATTCTA	10.977751565371138	0.9997527119258796	11.38153890287451	0.9982547993019197	2858
k16_320a83a0	ATAGAAGGGAATGGAA	10.976698506505128	0.9998045968588946	11.756467825364439	1.0	4273
k16_290162e8	AGGCAAACCGAGTGGA	10.97655082954115	1.0	11.525664704389175	0.9075043630017452	544
k16_0571e83a	AACCCTACTGGAATGG	10.97637622982704	1.0	11.497516426449877	0.9109947643979057	511
k16_3dfbc3d4	ATTCTTGTTAATTCCA	10.976193472427575	1.0	12.160735302362756	0.9650959860383944	1495
k16_51d2be1d	CCACTCAGGTTGACTC	10.975067476469999	1.0	11.354200981191696	0.9755671902268761	353
k16_2be1d4f5	AGGTTGACTCCATTCC	10.974382061656792	1.0	11.882802671974682	0.9930191972076788	1030
k16_303e4ba0	ATAAATTGCAGTGGAA	10.973811830584872	1.0	11.593376101687824	0.9109947643979057	630
k16_2f8320a8	AGTTGAATAGAAGGGA	10.9729053682322	1.0	12.49213020347502	0.9912739965095986	2192
k16_0c0422e8	AATAAACAAGAGTGGA	10.972251336624343	1.0	11.887852886529185	0.9947643979057592	1041
k16_14ba0e83	ACCAGTGGAATGGAAT	10.972043986783946	1.0	13.988789515393359	0.9982547993019197	8331
k16_3e4fb3d4	ATTGCATTGTATTCCA	10.971997755877727	0.9998948447645837	11.57315128677654	0.9703315881326352	1365
k16_0ec3a0a8	AATGTAATGGAAGGGA	10.970041611766609	0.9998761149653121	11.720878975638584	0.9965095986038395	2063
k16_0782e83a	AACTGAAGTGGAATGG	10.969428831615664	1.0	11.359852026951781	0.912739965095986	365
k16_3d4b50d4	ATTCCAGTCCAATCCA	10.969000712257456	0.9997477534289768	10.933911543468945	0.9912739965095986	947
k16_0a0d056e	AAGGAATCAACCCGTG	10.968798340255217	1.0	10.968798340255217	0.9336823734729494	0
k16_53f6353c	CCATTTCGATCCATTA	10.968305188719706	1.0	10.968305188719706	0.9075043630017452	0
k16_562e93a0	CCCGAGTGGCATGGAA	10.96790925304695	1.0	10.97158968594705	0.9755671902268761	3
k16_4178ba1e	CAACCTGAGTGGACTG	10.96724844045607	1.0	12.160411531787377	0.912739965095986	1511
k16_0e434058	AATGCAATCAAACCGA	10.966678442703623	0.999715440213989	10.35518310679851	0.9319371727748691	3
k16_3d4f2af8	ATTCCATTAGGGTTGA	10.96622621617913	1.0	11.54525066268107	0.9930191972076788	580
k16_0c834178	AATAGAATCAACCTGA	10.965775320038043	0.9999689479567756	11.698634938346762	0.9947643979057592	985
k16_43a0e40a	CAATGGAATGCAAAGG	10.964541769710419	1.0	12.016138110826805	0.9982547993019197	1260
k16_3d8fa0fc	ATTCGATTGGAATTTA	10.963694293861673	1.0	10.963694293861673	0.9057591623036649	0
k16_3a0e8082	ATGGAATGGAAAGAAG	10.961862704519607	1.0	12.950016509432652	0.9895287958115183	3485
k16_02e83a0e	AAAGTGGAATGGAATG	10.961692726139983	0.9999623579010766	12.752005988904097	1.0	4184
k16_3c4f41da	ATTACATTCAACTCGG	10.961014083314822	1.0	10.965919243671229	0.9092495636998255	4
k16_4f5054f5	CATTCCAACCCATTCC	10.960920033671194	1.0	11.782346975873441	0.9982547993019197	901
k16_2ec3a0a8	AGTGTAATGGAAGGGA	10.96089445546992	1.0	12.379403782644085	0.9685863874345549	1965
k16_41b8fb02	CAACGTGATTGTAAAG	10.960303262021355	1.0	11.40227410678148	0.912739965095986	421
k16_148ba0e4	ACCAGAGTGGAATGCA	10.960074531104643	1.0	11.880227229870759	0.9947643979057592	1048
k16_5f53d475	CCTTCCATTCCACTCC	10.960069051829693	1.0	13.66492451466686	1.0	6483
k16_0d0d6ae8	AATCAATCCGGGTGGA	10.959614124658476	0.9999601132782897	11.337513460235867	0.987783595113438	514
k16_20e83417	AGAATGGAATCAACCT	10.958086911586815	0.9998704985804652	12.231766791287422	0.9930191972076788	5591
k16_1dbbd3f4	ACTCGTGTTCATTTCA	10.957757054576534	1.0	10.988144205751523	0.9581151832460733	25
k16_4f54d4f5	CATTCCCATCCATTCC	10.95757077778142	1.0	11.755874556319888	0.9982547993019197	868
k16_4178fa0e	CAACCTGATTGGAATG	10.957002606069997	1.0	12.5025557126661	0.9947643979057592	2254
k16_4f53d736	CATTCCATTCCTATCG	10.955971974994954	1.0	11.628132941400514	0.9773123909249564	697
k16_0283415b	AAAGGAATCAACCCGT	10.955672528463216	1.0	10.955672528463216	0.9476439790575916	0
k16_6f73d4b5	CGTTCTATTCCAGTCC	10.954979662956148	1.0	11.51579922577014	0.9912739965095986	558
k16_0e838148	AATGGAATGAACCAGA	10.954770661742428	1.0	11.827411472649265	0.9860383944153578	976
k16_020e8390	AAAGAATGGAATGCAA	10.954660451745234	0.9993847941623801	10.43344463468468	0.9965095986038395	2777
k16_0d0362e8	AATCAAATCGAGTGGA	10.95275670370644	0.9994593498682165	10.288000757004811	0.9947643979057592	827
k16_4f92d4f5	CATTGCAGTCCATTCC	10.950623325062	0.999956306119328	12.073343679247813	1.0	1927
k16_80e83411	GAAATGGAATCAACAC	10.950455486830844	1.0	12.03717739025485	0.9930191972076788	1320
k16_6f52d4f5	CGTTCCAGTCCATTCC	10.949997614949918	1.0	11.883718246445177	0.9860383944153578	1069
k16_34150fa0	ATCAACCCAATTGGAA	10.947087250920559	1.0	11.443188609886128	0.9668411867364747	482
k16_39068341	ATGCAACGGAATCAAC	10.946529137736938	1.0	10.959978401913148	0.9895287958115183	11
k16_0fbba0f8	AATTGTGTGGAATTGA	10.945662074499706	1.0	11.739012929075178	0.9912739965095986	861
k16_214f53d4	AGACCATTCCATTCCA	10.945320288309592	0.9999744845886915	11.981892273877374	0.9965095986038395	1491
k16_2dcf5fd4	AGTCTATTCCTTTCCA	10.944733357431627	1.0	10.971507664584164	0.9895287958115183	22
k16_6be3d4e5	CGGTTGATTCCATGCC	10.942525804489327	1.0	11.386304003062204	0.9092495636998255	423
k16_73d4133d	CTATTCCAACATATTC	10.942405329762547	1.0	11.352375363182762	0.900523560209424	386
k16_a0cefa0c	GGAATATGTTGGAATA	10.942225774118903	1.0	11.335457641771717	0.9075043630017452	368
k16_476ef4fd	CACTCGTGTTCATTTC	10.94210446212995	1.0	10.97249161330494	0.9581151832460733	25
k16_3e4f5f94	ATTGCATTCCTTGCCA	10.94080823044275	1.0	10.943262895311918	0.9284467713787086	2
k16_4f13d076	CATTACATTCAACTCG	10.940640930024667	1.0	10.943095594893835	0.9092495636998255	2
k16_1c4f5192	ACTACATTCCACGCAG	10.93992098886779	1.0	11.261241550635246	0.9109947643979057	293
k16_442af8f5	CACAAGGGTTGATTCC	10.93763937252857	1.0	11.910063057675226	0.9284467713787086	1130
k16_6bf8f93d	CGGTTTGATTGCATTC	10.937406042250824	1.0	10.941086475150925	0.9319371727748691	3
k16_1d4f53d5	ACTCCATTCCATTCCC	10.93705433452211	0.9996499135724132	11.21023487355935	0.9982547993019197	5075
k16_4f40d0f5	CATTCAAATCAATTCC	10.93674767318863	1.0	12.534776128863534	0.9424083769633508	2381
k16_3b0e82a0	ATGTAATGGAAGGGAA	10.936663783212781	0.9997680156905752	11.284602723282461	0.9965095986038395	2069
k16_2dabe3f4	AGTCGGGTTGATTTCA	10.933782751374483	1.0	10.960557058527021	0.9842931937172775	22
k16_0e83a0c9	AATGGAATGGAATAGC	10.933566292062473	0.9995514275159639	10.589154088725468	0.9895287958115183	1423
k16_60e43a0d	CGAATGCAATGGAATC	10.932728858996425	0.999506294742039	10.419076694679587	1.0	1048
k16_0e83b0f8	AATGGAATGTAATTGA	10.931438031666806	0.999605468210601	11.104791510618956	1.0	5784
k16_1c8be3d4	ACTAGAGTTGATTCCA	10.930487745707973	1.0	11.05740271433646	0.9912739965095986	108
k16_571e83a0	CCCTACTGGAATGGAA	10.930329433966666	1.0	11.506884881979941	0.9109947643979057	577
k16_0d0162a8	AATCAAACCGAGGGGA	10.929808864196634	1.0	10.932263529065802	0.956369982547993	2
k16_0b53d4f4	AAGTCCATTCCATTCA	10.927538946759233	0.9997463323891261	10.687027680707889	0.9895287958115183	454
k16_4b53e4f5	CAGTCCATTGCATTCC	10.927473605319182	0.999801847769549	11.282129585056943	0.9982547993019197	1605
k16_b88d7b60	GTGAGATCCTGTCGAA	10.927258300995254	1.0	12.031798772858657	0.9930191972076788	1351
k16_504cf5fd	CCAACATATTCCTTTC	10.927160013453738	1.0	11.737422000813455	0.9109947643979057	885
k16_0f53f4f1	AATTCCATTTCATTAC	10.925266948814027	0.9996114146933819	10.764563996719566	0.9650959860383944	1664
k16_341c8ba0	ATCAACTAGAGTGGAA	10.92434793799536	1.0	11.574760949307347	0.9947643979057592	669
k16_34144ba0	ATCAACCACAGTGGAA	10.924038134622458	1.0	13.055889523906798	1.0	3973
k16_21e83a0e	AGACTGGAATGGAATG	10.923739445113505	0.9999552106777744	12.804341609113257	1.0	4990
k16_4760fff5	CACTCGAATTTTTTCC	10.923736918141133	1.0	11.29814018530649	0.9057591623036649	348
k16_0e83bcd0	AATGGAATGTTATCAA	10.922947990073764	0.9998009271108836	11.168218277318623	0.9860383944153578	1254
k16_293a0e83	AGGCATGGAATGGAAT	10.922824116510412	0.9999627678388592	12.304194060841864	0.9982547993019197	2536
k16_53d7d4f5	CCATTCCTTCCATTCC	10.91988538169843	0.9999820798164973	12.491590749550532	0.9982547993019197	2688
k16_0e03a2d0	AATGAAATGGAGTCAA	10.919748883135682	0.99991219790592	11.833314927428448	0.9179755671902269	1979
k16_40a0e8ba	CAAAGGAATGGAGTGG	10.919607629949342	1.0	12.279021679083161	0.9965095986038395	1839
k16_69f9f53d	CGGCTTGCTTCCATTC	10.9190547037554	1.0	10.9190547037554	0.900523560209424	0
k16_3a023360	ATGGAAAGATATCGAA	10.91898897575734	1.0	11.724338992948566	0.9912739965095986	878
k16_b90e8390	GTGCAATGGAATGCAA	10.917726201975665	1.0	12.045500144593303	1.0	1392
k16_03d4f93d	AAATTCCATTGCATTC	10.917350259546575	0.9998406437990518	11.596478318648101	1.0	2306
k16_51d8fe3d	CCACTCGATTTGATTC	10.917095731004876	0.9993489053471148	10.019756634384178	0.9912739965095986	529
k16_7a0ec390	CTGGAATGTAATGCAA	10.916770483481326	1.0	11.294013753885379	0.9406631762652705	351
k16_0e41e0d0	AATGCAACTGAATCAA	10.916291886046695	1.0	11.958375156090204	0.9703315881326352	1244
k16_e62e83a0	TGCGAGTGGAATGGAA	10.91407931289284	1.0	10.915307167386722	0.9860383944153578	1
k16_0662e839	AACGCGAGTGGAATGC	10.914071811503508	1.0	10.931167400958122	0.9773123909249564	14
k16_198ba0e4	ACGCGAGTGGAATGCA	10.91246827854543	1.0	10.929563868000045	0.9773123909249564	14
k16_2e8ba2c8	AGTGGAGTGGAGTAGA	10.91152575457241	0.9998690604358833	11.969125625585558	0.9982547993019197	3610
k16_0e83a3cc	AATGGAATGGATTATA	10.911453312651204	0.9999729758944979	11.899031192392401	0.987783595113438	1402
k16_a0d05e2c	GGAATCAACCTGAGTA	10.910585540352365	1.0	13.215737679297906	0.9965095986038395	4630
k16_53d4752d	CCATTCCACTCCAGTC	10.909375871124903	0.9999887105150264	14.025637262918991	1.0	11176
k16_30d4f53d	ATAATCCATTCCATTC	10.907672880809491	0.9998352779684283	11.309874462587818	0.987783595113438	1368
k16_0e03b89e	AATGAAATGTGAGCTG	10.906371054179514	1.0	12.951888525320847	1.0	3674
k16_0f53d8be	AATTCCATTCGAGTTG	10.905525807035612	0.9998810232004759	10.628533531404035	0.9162303664921466	1
k16_4252ba0d	CAAGCCAGGTGGAATC	10.904658270377835	1.0	11.370839400222167	0.912739965095986	448
k16_f52d4f50	TTCCAGTCCATTCCAA	10.9046378045219	1.0	11.467121882109952	0.9965095986038395	560
k16_5e6e83b2	CCTGCGTGGAATGTAG	10.903919839142056	1.0	10.903919839142056	0.9040139616055847	0
k16_522e83e2	CCAGAGTGGAATTGAG	10.902639072345728	1.0	11.414332862436922	0.912739965095986	500
k16_5114f53d	CCACACCATTCCATTC	10.902140906965315	0.9999236233101657	12.550266243758117	1.0	5247
k16_294f53d4	AGGCCATTCCATTCCA	10.900730557457265	1.0	10.943095594893835	0.9930191972076788	35
k16_53d4771d	CCATTCCACTCTACTC	10.899983714271004	1.0	12.965007456404017	1.0	3740
k16_4353f4f5	CAATCCATTTCATTCC	10.897990276213713	1.0	13.105992122790585	0.9982547993019197	4252
k16_3dc76af0	ATTCTACTCGGGTTAA	10.897878063178865	1.0	11.47443351119214	0.987783595113438	577
k16_3e834150	ATTGGAATCAACCCAA	10.896899905754902	0.9999837374575141	12.631604779931427	0.9982547993019197	3150
k16_0e8392d0	AATGGAATGCAGTCAA	10.895795723573666	0.9999797077922078	12.312276871479101	0.9668411867364747	2294
k16_8b53d6f5	GAGTCCATTCCGTTCC	10.895778323261988	1.0	12.015660881304148	0.9965095986038395	1378
k16_37af8f53	ATCTGGTTGATTCCAT	10.895522742090597	1.0	12.326386444545655	0.9825479930191972	1992
k16_34098ba0	ATCAAAGCGAGTGGAA	10.894721436881044	1.0	11.284207191687365	0.912739965095986	364
k16_53d4d73d	CCATTCCATCCTATTC	10.89465683933132	0.9999357140561216	12.283026583800634	0.9982547993019197	3208
k16_41e4f53d	CAACTGCATTCCATTC	10.893861463803269	0.999967540898468	11.634715820295671	0.9703315881326352	997
k16_6f53f475	CGTTCCATTTCACTCC	10.893699587968928	1.0	11.684212547102263	0.9511343804537522	857
k16_8320d435	GAATAGAATCCAATCC	10.891135202116882	1.0	11.725020295477067	0.912739965095986	919
k16_28ba2e83	AGGAGTGGAGTGGAAT	10.891081348410761	0.9999848782700741	12.736521643131539	1.0	3495
k16_62d4f13d	CGAGTCCATTACATTC	10.890934779020991	1.0	10.923725476313077	0.9930191972076788	27
k16_93d4f51c	GCATTCCATTCCACTA	10.890877520504906	0.999828833069451	10.870381267087224	0.9912739965095986	476
k16_014f53e4	AAACCATTCCATTGCA	10.890251435801902	1.0	11.301145697671277	0.9476439790575916	387
k16_7f5394f5	CTTTCCATGCCATTCC	10.88856412230177	1.0	12.314407324887753	0.9895287958115183	1981
k16_0a8e83a0	AAGGGATGGAATGGAA	10.8857721368144	0.999985975934704	12.845227931416595	0.9965095986038395	3879
k16_0fcf53d4	AATTTATTCCATTCCA	10.884749581303275	1.0	13.385976656964598	0.9685863874345549	5475
k16_4098ba0e	CAAAGCGAGTGGAATG	10.884668058594057	1.0	11.44632011885008	0.9354275741710296	559
k16_2d4c53d4	AGTCCATACCATTCCA	10.884630370859568	1.0	10.907782763869255	0.9947643979057592	19
k16_0d4b53d4	AATCCAGTCCATTCCA	10.884374800398339	1.0	11.367352486108594	0.9965095986038395	467
k16_3dc0d4f5	ATTCTAAATCCATTCC	10.88308190613217	1.0	11.905948753928287	0.9912739965095986	1212
k16_4d53d475	CATCCCATTCCACTCC	10.882131931461108	1.0	12.243459704305636	0.9982547993019197	1843
k16_3b0f8f60	ATGTAATTGATTCGAA	10.881783684921636	1.0	11.821280309385223	0.9912739965095986	1078
k16_53d4f22d	CCATTCCATTAGAGTC	10.878471910333971	0.9999385107298776	12.347190427887664	1.0	3459
k16_158be0ec	ACCCGAGTTGAATGTA	10.878067863664185	1.0	10.880522528533353	0.9092495636998255	2
k16_179ba0ec	ACCTGCGTGGAATGTA	10.877636658183176	1.0	10.877636658183176	0.9040139616055847	0
k16_340d1ba0	ATCAAATCACGTGGAA	10.876646570338709	1.0	11.345492823299002	0.9668411867364747	451
k16_6e8390e8	CGTGGAATGCAATGGA	10.871685088387888	0.9997574581615328	10.367674128884266	0.9773123909249564	6
k16_2d8f53d4	AGTCGATTCCATTCCA	10.869532581078243	0.999790889764054	10.965673757991842	0.9982547993019197	882
k16_428390e8	CAAGGAATGCAATGGA	10.867897970434283	1.0	10.870352635303451	0.9075043630017452	2
k16_0e8ba0ea	AATGGAGTGGAATGGG	10.867831967113451	0.9998859749144812	11.674378684304996	1.0	1972
k16_bf8f52d0	GTTTGATTCCAGTCAA	10.867310359050334	1.0	11.240765714740256	0.9057591623036649	347
k16_3a0a83a2	ATGGAAGGGAATGGAG	10.866420863097025	0.9999380357327274	12.720331405043432	1.0	5780
k16_b53d4751	GTCCATTCCACTCCAC	10.866066867610588	1.0	12.400637524948763	1.0	2228
k16_8f53e4e5	GATTCCATTGCATGCC	10.865853811998734	0.9997997997997998	11.028488113145196	0.9424083769633508	979
k16_e87a0c04	TGGACTGGAATAAACA	10.86576780174804	1.0	11.020535484908452	0.9633507853403142	133
k16_0bb0e82a	AAGTGTAATGGAAGGG	10.865146659315544	1.0	11.624068680174672	0.9109947643979057	813
k16_3a2e0341	ATGGAGTGAAATCAAC	10.86413892235034	1.0	11.361981119022225	0.987783595113438	484
k16_5fe4f43d	CCTTTGCATTCAATTC	10.863538414646396	1.0	12.018045451853322	0.9424083769633508	1440
k16_543e8ba0	CCCAATTGGAGTGGAA	10.863453774965429	1.0	11.706954707815754	0.9720767888307156	933
k16_4f52f875	CATTCCAGTTGACTCC	10.862970086625332	1.0	11.363419607569282	0.9162303664921466	487
k16_41a0e838	CAACGGAATGGAATGA	10.861956085479719	1.0	11.691700403657508	0.9528795811518325	913
k16_11abe3d7	ACACGGGTTGATTCCT	10.86117344789057	1.0	10.86117344789057	0.9424083769633508	0
k16_50d4f57d	CCAATCCATTCCCTTC	10.860988135194914	0.9999573806124405	12.109259823482748	0.9982547993019197	2209
k16_0e038118	AATGAAATGAACACGA	10.858330521233947	1.0	11.259025558709805	0.9738219895287958	376
k16_34158ba4	ATCAACCCGAGTGGCA	10.856649359023425	1.0	11.300427557596302	0.9808027923211169	423
k16_f03d4360	TTAAATTCCAATCGAA	10.85558443973884	1.0	10.85558443973884	0.9057591623036649	0
k16_03d4360d	AAATTCCAATCGAATC	10.855495550523237	0.9998150887573964	10.455999839244189	0.9057591623036649	0
k16_2e83a1c8	AGTGGAATGGACTAGA	10.855473362308532	1.0	11.98997716214768	0.9895287958115183	1404
k16_0eb3a0e0	AATGGTATGGAATGAA	10.854793408492863	0.9996199997076921	11.018252112464891	1.0	3778
k16_afe3d4b4	GGTTTGATTCCAGTCA	10.853717495628421	1.0	11.218613504062779	0.9057591623036649	338
k16_52d4fd3d	CCAGTCCATTTCATTC	10.853635498707014	1.0	12.37457350840262	1.0	2196
k16_f40503a0	TTCAAACCAAATGGAA	10.853196465698476	1.0	11.725166247026374	0.9598603839441536	975
k16_8b13d4f5	GAGTACATTCCATTCC	10.852104302279693	0.9996609184266615	10.886893826997216	0.9965095986038395	1820
k16_1e83b0e4	ACTGGAATGTAATGCA	10.851751519099727	1.0	11.312587587054866	0.9424083769633508	442
k16_34140ba0	ATCAACCAAAGTGGAA	10.851681513694485	1.0	11.32849372267	0.9895287958115183	460
k16_50d4ff3d	CCAATCCATTTTATTC	10.851600394827459	1.0	11.664661731819528	0.9790575916230366	889
k16_7d4f93dc	CTTCCATTGCATTCTA	10.851221773074485	1.0	12.684944086246583	0.9424083769633508	3012
k16_03d4f53e	AAATTCCATTCCATTG	10.850618207966047	0.999683700701789	11.061552191998766	0.9912739965095986	2498
k16_3a0d0346	ATGGAATCAAATCACG	10.850615662700111	1.0	11.261509924569484	0.9668411867364747	387
k16_ea0e83a0	TGGGAATGGAATGGAA	10.849467949461214	0.9999182302042758	12.789034152797239	1.0	8601
k16_2e83a038	AGTGGAATGGAAATGA	10.8470465011051	1.0	11.529959727795395	0.9912739965095986	711
k16_0d4352ec	AATCCAATCCAGTGTA	10.846169010227154	1.0	12.013312203933536	0.912739965095986	1463
k16_3c4f515a	ATTACATTCCACCCGG	10.845952619312984	1.0	10.845952619312984	0.9040139616055847	0
k16_83a0c439	GAATGGAATACAATGC	10.844467529464833	0.9999727898560583	11.889135551674745	0.956369982547993	1506
k16_42d4f51d	CAAGTCCATTCCACTC	10.843129336650565	1.0	10.873516487825553	0.9930191972076788	25
k16_53b4f53d	CCATGTCATTCCATTC	10.841719022130517	0.9996220255991753	10.957960536863132	0.9982547993019197	3077
k16_02b34158	AAAGGTATCAACCCGA	10.840663504175645	1.0	10.840663504175645	0.9022687609075044	0
k16_4e53d7f5	CATGCCATTCCTTTCC	10.840365989247974	1.0	12.915919390329199	1.0	3776
k16_562d8390	CCCGAGTCGAATGCAA	10.840117020649162	1.0	10.858426006764061	0.9598603839441536	15
k16_15a3e3d4	ACCCGGATTGATTCCA	10.839782195240794	1.0	11.32977402663891	0.9860383944153578	475
k16_3d83a0ec	ATTCGAATGGAATGTA	10.83876099962043	1.0	11.449503737389994	0.9790575916230366	619
k16_522e8320	CCAGAGTGGAATAGAA	10.837726773135799	1.0	11.883979732463201	0.9668411867364747	1251
k16_82e83acc	GAAGTGGAATGGTATA	10.837468836308506	1.0	11.380694056988057	0.9040139616055847	537
k16_0108ba3e	AAACAAGAGTGGATTG	10.834939815732616	1.0	11.164103942111044	0.9092495636998255	301
k16_0283a018	AAAGGAATGGAAACGA	10.833575427409563	0.9999569299681281	11.226773246923685	0.9965095986038395	532
k16_3d6f91d4	ATTCCGTTGCACTCCA	10.8329572444455	1.0	12.081970733656199	0.9511343804537522	1617
k16_0f8f53dc	AATTGATTCCATTCTA	10.831672323769732	0.9995230827928272	10.433854886840699	0.987783595113438	1139
k16_4c73e4f5	CATACTATTGCATTCC	10.831441473961597	1.0	12.67066701769608	0.9965095986038395	3028
k16_0ee3a0e8	AATGTGATGGAATGGA	10.831204840820599	0.9998278681470006	11.246398814506833	0.9982547993019197	1391
k16_3be8320e	ATGTTGGAATAGAATG	10.83098517547775	1.0	11.341817126333536	0.900523560209424	499
k16_72d4f51d	CTAGTCCATTCCACTC	10.830982761038724	1.0	11.910747635678343	0.9895287958115183	1308
k16_13d4f60d	ACATTCCATTCGAATC	10.830882598851998	0.9999178442326652	11.16260056773693	0.9650959860383944	618
k16_1d2fe3d4	ACTCAGTTTGATTCCA	10.830831549690954	1.0	12.662484727244522	0.9965095986038395	3006
k16_83a0d454	GAATGGAATCCACCCA	10.830236681184436	1.0	11.158422690882887	0.9406631762652705	300
k16_3a0d0d6a	ATGGAATCAATCCGGG	10.829507808250039	1.0	11.319499639648155	0.9860383944153578	475
k16_3c0f93d4	ATTAAATTGCATTCCA	10.829026460411075	1.0	11.910533739945368	0.9982547993019197	1311
k16_18320283	ACGAATAGAAAGGAAT	10.828246375951183	1.0	11.340801490738384	0.9930191972076788	501
k16_083a0e81	AAGAATGGAATGGAAC	10.827946150134778	0.9999787120808941	12.243178921962429	0.9930191972076788	2291
k16_40d93a0e	CAAATCGCATGGAATG	10.82730993311972	1.0	10.82730993311972	0.9685863874345549	0
k16_cd0561e8	TATCAACCCGACTGGA	10.826988250899122	1.0	10.828216105393006	0.9040139616055847	1
k16_158b60e4	ACCCGAGTCGAATGCA	10.826927600396626	1.0	10.845236586511524	0.9598603839441536	15
k16_05e6e83b	AACCTGCGTGGAATGT	10.826221774543484	1.0	10.826221774543484	0.9040139616055847	0
k16_2e4380e8	AGTGCAATGAAATGGA	10.82459255127009	0.9999593999309799	12.179277660433776	0.9703315881326352	2468
k16_4dd3d4f5	CATCTCATTCCATTCC	10.824574614469146	0.9999649921232278	11.525687847224447	0.9773123909249564	938
k16_53d4f54d	CCATTCCATTCCCATC	10.821973830847337	0.999987785662811	13.044536714684186	1.0	4890
k16_3a0e8f30	ATGGAATGGATTATAA	10.820359727145027	0.9999718373324321	11.83950680852364	0.987783595113438	1459
k16_1fe4f53d	ACTTTGCATTCCATTC	10.820189159898176	0.9998635892399192	11.415796769128471	0.9633507853403142	1544
k16_53c4fe3d	CCATTACATTTGATTC	10.820104609091631	1.0	10.83598578048444	0.9912739965095986	13
k16_0e82a1d8	AATGGAAGGGACTCGA	10.819284798500549	1.0	10.85567332347802	0.9895287958115183	30
k16_8b5fd4f5	GAGTCCTTTCCATTCC	10.818358181403145	1.0	12.863578065237817	1.0	3673
k16_583a0e89	CCGAATGGAATGGAGC	10.817332206877015	1.0	11.15040218200868	0.9790575916230366	305
k16_4f13d456	CATTACATTCCACCCG	10.816665213273165	1.0	10.816665213273165	0.900523560209424	0
k16_0e808cd8	AATGGAAAGATATCGA	10.81644650393644	1.0	11.729440936732981	0.9912739965095986	1037
k16_2d4f73d8	AGTCCATTCTATTCGA	10.81513478604755	1.0	10.839495494373876	0.9912739965095986	20
k16_0e83902c	AATGGAATGCAAAGTA	10.81487242054045	0.9997859932587877	11.17108472121098	0.9616055846422339	1608
k16_3a0ec7a0	ATGGAATGTACTGGAA	10.814739332757862	0.9996818921801613	11.085070631617391	0.9965095986038395	2803
k16_53d4f8fd	CCATTCCATTGATTTC	10.814286974878636	1.0	11.763995277724389	0.9912739965095986	1094
k16_4157ba0e	CAACCCCTGTGGAATG	10.814062712406317	1.0	11.559126391912878	0.9040139616055847	794
k16_3b4f53d4	ATGTCATTCCATTCCA	10.813009505019478	0.9998851479950122	11.961708454025947	1.0	3368
k16_0e0562c8	AATGAACCCGAGTAGA	10.812276616961293	1.0	10.833009339054602	0.9930191972076788	17
k16_0e82a0e0	AATGGAAGGGAATGAA	10.811873062390182	0.9999534277198212	12.748027986198482	1.0	5232
k16_11f93e3d	ACACTTGCATTGATTC	10.810661713866377	1.0	11.751438757954945	0.9075043630017452	1080
k16_3d44aaf8	ATTCCACAGGGGTTGA	10.809087191774212	1.0	11.554150871280772	0.9022687609075044	794
k16_01c3a0e8	AAACTAATGGAATGGA	10.804946249325464	0.9999659875514438	12.434664853891913	1.0	3233
k16_76af8fd1	CTCGGGTTGATTTCAC	10.804936867748271	1.0	10.8365262925236	0.9668411867364747	26
k16_390e8391	ATGCAATGGAATGCAC	10.801385180951002	1.0	11.428922487296688	0.9947643979057592	640
k16_0e0e83a3	AATGAATGGAATGGAT	10.79991946924464	1.0	12.138113290346379	0.9668411867364747	1795
k16_a2e83405	GGAGTGGAATCAAACC	10.798982871057191	1.0	10.813648601265658	0.9912739965095986	12
k16_7d13d4f5	CTTCACATTCCATTCC	10.797529422320322	1.0	11.167186891626706	0.9790575916230366	343
k16_41e0d012	CAACTGAATCAAACAG	10.796476762799557	1.0	11.908992753803542	0.9703315881326352	1365
k16_314f51e4	ATACCATTCCACTGCA	10.796443667294021	1.0	11.619260173027275	0.912739965095986	903
k16_14f51f4b	ACCATTCCACTTCAGT	10.795579905790852	1.0	11.262649957157414	0.900523560209424	449
k16_3ace8b80	ATGGTATGGAGTGAAA	10.795549458659188	1.0	11.875895368781443	0.9197207678883071	1309
k16_4f5fd5f5	CATTCCTTTCCCTTCC	10.79510628070164	1.0	13.665495029189621	1.0	7414
k16_a0e83e1c	GGAATGGAATTGACTA	10.794631591711731	1.0	10.821405898864269	0.9808027923211169	22
k16_380d0561	ATGAAATCAACCCGAC	10.792080850727508	1.0	10.818855157880046	0.9703315881326352	22
k16_3a090562	ATGGAAGCAACCCGAG	10.791541349409652	1.0	12.074772907246379	0.9895287958115183	1684
k16_53e4f61d	CCATTGCATTCGACTC	10.791419402430876	0.9999658900978954	11.563166747924116	0.9860383944153578	1044
k16_3a0683a1	ATGGAACGGAATGGAC	10.79109988304197	1.0	12.261953988521178	0.9982547993019197	2081
k16_43d4c53d	CAATTCCATACCATTC	10.790104208981043	0.9999140524280189	11.56102995858745	0.9842931937172775	1469
k16_0e8ba0a8	AATGGAGTGGAAGGGA	10.78859834300875	0.9993701328447091	10.372560724557564	1.0	2795
k16_350d43b0	ATCCAATCCAATGTAA	10.787833364846366	1.0	11.162236632011723	0.912739965095986	348
k16_a0e03811	GGAATGAAATGAACAC	10.787811011018116	1.0	11.218889925322722	0.9668411867364747	409
k16_2e83a0b8	AGTGGAATGGAAGTGA	10.78758084418423	1.0	12.38520347531465	0.9930191972076788	2380
k16_53d4fd39	CCATTCCATTTCATGC	10.786410492993463	0.9998833921231379	11.42402637850002	0.9930191972076788	1430
k16_20e83405	AGAATGGAATCAAACC	10.7858714997771	1.0	12.50300975837934	0.9808027923211169	2687
k16_7a0e8fa0	CTGGAATGGATTGGAA	10.785375102823435	0.9998406555884362	11.489352208022376	0.9965095986038395	2163
k16_475354f5	CACTCCATCCCATTCC	10.785284046140635	1.0	12.911800405389984	1.0	3954
k16_83ace034	GAATGGTATGAAATCA	10.784961962280601	0.9997443762781186	10.291908488290328	0.9860383944153578	15
k16_1d01a0e8	ACTCAAACGGAATGGA	10.784252631632215	1.0	10.800133803025027	0.9965095986038395	13
k16_60e83a16	CGAATGGAATGGACCG	10.784140363776393	1.0	10.809708376253353	0.9912739965095986	21
k16_4750d4e5	CACTCCAATCCATGCC	10.783986884958848	1.0	11.161230155362901	0.9650959860383944	351
k16_10e83a02	ACAATGGAATGGAAAG	10.783884835372309	1.0	12.657037972219463	1.0	3128
k16_0402ec3a	AACAAAAGTGTAATGG	10.783659260643436	1.0	11.60230305416043	0.9109947643979057	897
k16_3dcf504c	ATTCTATTCCAACATA	10.782113913125125	1.0	11.345429528488653	0.900523560209424	561
k16_4f4f53d4	CATTCATTCCATTCCA	10.780559382135701	0.9999804368452456	13.999314103031333	0.9982547993019197	14411
k16_50d43b02	CCAATCCAATGTAAAG	10.779697852114998	1.0	11.144593860549355	0.912739965095986	338
k16_1d4f93d6	ACTCCATTGCATTCCG	10.779522887340022	1.0	10.785651736343333	0.9703315881326352	5
k16_760ec3a1	CTCGAATGTAATGGAC	10.779443030022303	1.0	10.806217337174841	0.9895287958115183	22
k16_55dafe3d	CCCCTCGGTTTGATTC	10.779179528306415	1.0	10.781634193175583	0.944153577661431	2
k16_053d4f93	AACCATTCCATTGCAT	10.777335387935578	1.0	11.33482014877882	0.9511343804537522	554
k16_4760e83a	CACTCGAATGGAATGG	10.775968789586432	0.9998784982382245	11.06167997185769	0.9965095986038395	714
k16_0e4323e8	AATGCAATAGATTGGA	10.77527456495449	1.0	11.21453012654519	0.924956369982548	418
k16_3f4f57d4	ATTTCATTCCCTTCCA	10.77527075907979	0.9999436968639153	12.474300925214786	1.0	4261
k16_5fd4f60d	CCTTTCCATTCGAATC	10.775152327561518	0.9998071235694999	10.395177979372814	0.9895287958115183	16
k16_7ae8f53d	CTGGTGGATTCCATTC	10.774674957929468	1.0	11.152863655067948	0.9616055846422339	352
k16_2e8fa0d0	AGTGGATTGGAATCAA	10.774036529961613	1.0	12.21398389271878	0.9144851657940664	2012
k16_341507a0	ATCAACCCAACTGGAA	10.773849174293966	1.0	11.91727755974373	0.9144851657940664	1420
k16_ce93a0e8	TATGGCATGGAATGGA	10.773722044260237	1.0	11.741756770580885	0.9947643979057592	1123
k16_3e1ec3a1	ATTGACTGTAATGGAC	10.773638901988994	1.0	11.190066135175943	0.9040139616055847	393
k16_0140e83a	AAACCAAATGGAATGG	10.77202680042751	1.0	11.951696434402095	0.9633507853403142	1486
k16_2a0e8ba0	AGGGAATGGAGTGGAA	10.771934946850008	0.9999380728263562	12.555028917428952	0.9982547993019197	5017
k16_4d53d7f5	CATCCCATTCCTTTCC	10.771562490204474	1.0	12.601143560290312	1.0	3000
k16_0522f83a	AACCAGAGTTGAATGG	10.7709745948293	1.0	12.142782711028927	0.9685863874345549	1865
k16_4f93ecf5	CATTGCATTGTATTCC	10.770957839453871	1.0	12.248444076972195	0.9720767888307156	2096
k16_0d0e42ec	AATCAATGCAAGTGTA	10.770463991827015	1.0	11.77569206880584	0.9075043630017452	1183
k16_83a0c078	GAATGGAATAAACTGA	10.76918492196471	1.0	11.538954475193398	0.912739965095986	828
k16_0f4320d0	AATTCAATAGAATCAA	10.76905320874224	0.9999623359258771	12.287556461717545	0.9633507853403142	2906
k16_8fd314f5	GATTTCATACCATTCC	10.76892669946597	0.99974173553719	10.277085602451143	0.9842931937172775	16
k16_51babe3d	CCACGTGGGTTGATTC	10.7685733692028	1.0	11.2462679753953	0.93717277486911	461
k16_20e83ace	AGAATGGAATGGTATG	10.76830592583936	1.0	12.952179509597414	0.9965095986038395	4162
k16_1a0e43a2	ACGGAATGCAATGGAG	10.768188344406443	1.0	10.77553984500799	0.9668411867364747	6
k16_14f13e47	ACCATTACATTGCACT	10.767617401885996	1.0	10.817121725947809	0.9668411867364747	41
k16_4f5354f1	CATTCCATCCCATTAC	10.76538402475763	0.9999559044007408	11.192834433112843	0.9912739965095986	573
k16_148ba0c8	ACCAGAGTGGAATAGA	10.764990467939123	1.0	11.871814162121096	0.9668411867364747	1355
k16_b90ec3ac	GTGCAATGTAATGGTA	10.76423578242332	1.0	10.813740106485133	0.9668411867364747	41
k16_3a0e81bc	ATGGAATGGAACGTTA	10.763750182178462	1.0	10.764978036672344	0.9109947643979057	1
k16_14f5fd43	ACCATTCCTTTCCAAT	10.762817838293818	1.0	11.654121869251696	0.912739965095986	1004
k16_5357f43d	CCATCCCTTTCAATTC	10.761868677718695	1.0	11.749239655513362	0.912739965095986	1154
k16_835314f5	GAATCCATACCATTCC	10.76183211843167	1.0	10.781353481522014	0.9930191972076788	16
k16_ba0e8720	GTGGAATGGACTAGAA	10.760544602399726	0.999823562030549	11.342345766986838	0.9895287958115183	1892
k16_a0e83401	GGAATGGAATCAAAAC	10.759123131628638	1.0	12.592156062607152	1.0	3010
k16_460e83a2	CACGAATGGAATGGAG	10.758481800165894	1.0	10.781634193175583	0.9895287958115183	19
k16_8d4f11d0	GATCCATTACACTCAA	10.757223388794253	1.0	11.168117650663627	0.9075043630017452	387
k16_090562e8	AAGCAACCCGAGTGGA	10.757010939232018	1.0	10.931504759855837	0.9895287958115183	151
k16_0ec34150	AATGTAATCAACCCAA	10.756443824697632	1.0	10.757671679191516	0.9493891797556719	1
k16_7f5314f5	CTTTCCATACCATTCC	10.755579020762337	1.0	12.453157422410728	0.9982547993019197	2635
k16_2e93a3e8	AGTGGCATGGATTGGA	10.753442825376702	1.0	11.202629539862148	0.9720767888307156	429
k16_128ba0e8	ACAGGAGTGGAATGGA	10.753096346645124	0.9999645075421473	11.505860350946419	0.9982547993019197	1015
k16_4b53d4fa	CAGTCCATTCCATTGG	10.751353548957793	0.9999347939488784	10.628699486907802	0.9930191972076788	19
k16_83b0d054	GAATGTAATCAACCCA	10.749864985049447	1.0	10.751092839543329	0.9493891797556719	1
k16_4c53d479	CATACCATTCCACTGC	10.749172746054949	1.0	11.625164031163658	0.912739965095986	981
k16_0a0ebe83	AAGGAATGGTTGGAAT	10.74908119776793	1.0	11.5246029236556	0.912739965095986	836
k16_523e83a0	CCAGATTGGAATGGAA	10.74888630131591	1.0	12.75733206206173	0.9982547993019197	3551
k16_1d4ba0e8	ACTCCAGTGGAATGGA	10.748679980111753	1.0	11.670130374451086	0.9912739965095986	1050
k16_0e93a0e0	AATGGCATGGAATGAA	10.748043682622315	0.9999455189321711	11.755072532744718	1.0	1688
k16_5e2c8390	CCTGAGTAGAATGCAA	10.747644453829576	1.0	11.614908268625635	0.9424083769633508	968
k16_4350ec0a	CAATCCAATGTAAAGG	10.747485341359846	1.0	11.08055531649151	0.912739965095986	305
k16_3dcd53d4	ATTCTATCCCATTCCA	10.74743959460362	0.9998786348851886	11.584384105214697	0.9808027923211169	2039
k16_4f5388f5	CATTCCATGAGATTCC	10.745902243833653	0.9999606639918182	11.35756528990942	0.9022687609075044	811
k16_0e83b3d8	AATGGAATGTATTCGA	10.74431754031866	1.0	10.757766804494869	0.9947643979057592	11
k16_90783404	GCAACTGAATCAAACA	10.743981568996148	1.0	11.90014309063696	0.9668411867364747	1443
k16_483a0e80	CAGAATGGAATGGAAA	10.742068238806395	0.9998985639554261	12.14090923638379	0.9982547993019197	4228
k16_4ffae8f5	CATTTTGGTGGATTCC	10.741248268399739	1.0	11.108050747360227	0.9109947643979057	340
k16_bf3d4f50	GTTTATTCCATTCCAA	10.740963356521847	0.9999737615449202	11.94158648807675	0.9808027923211169	1812
k16_562683a0	CCCGAGCGGAATGGAA	10.740835004340532	1.0	11.198991096837982	0.9965095986038395	439
k16_6af8c5fd	CGGGTTGATACCTTTC	10.740831165896015	1.0	10.740831165896015	0.900523560209424	0
k16_3e4f61da	ATTGCATTCGACTCGG	10.739814861427682	1.0	10.756910450882296	0.9581151832460733	14
k16_51dabe7d	CCACTCGGGTTGCTTC	10.739256028743524	1.0	10.912661000179698	0.987783595113438	150
k16_4058fa0e	CAAACCGATTGGAATG	10.738999690281148	1.0	10.912404661717321	0.9895287958115183	150
k16_2f8f43e4	AGTTGATTCAATTGCA	10.73875789933245	1.0	11.842155403562176	0.9267015706806283	1349
k16_4f41e4f5	CATTCAACTGCATTCC	10.737090940963576	1.0	11.770798503536742	0.9720767888307156	1230
k16_0283a0e9	AAAGGAATGGAATGGC	10.735696773011297	1.0	12.481686399420013	0.9982547993019197	2765
k16_4f5350f5	CATTCCATCCAATTCC	10.73495310713531	0.9997200905040704	11.070127823659872	1.0	2198
k16_7e0283a0	CTTGAAAGGAATGGAA	10.734780581330547	0.9999230857977925	11.257686856273283	0.9982547993019197	872
k16_4cd0f50d	CATATCAATTCCAATC	10.734174221235346	1.0	11.540226973191622	0.9040139616055847	879
k16_53d4352d	CCATTCCAATCCAGTC	10.733648702313948	1.0	11.145466600926431	0.9912739965095986	388
k16_53d4f01d	CCATTCCATTAAACTC	10.732955928513455	1.0	11.680755039268746	0.9895287958115183	1091
k16_53e4fd1d	CCATTGCATTTCACTC	10.732690699158749	1.0	11.961930043805197	0.9790575916230366	1579
k16_01e0e83a	AAACTGAATGGAATGG	10.73214369401737	0.9999702194824146	11.758940080108943	0.9633507853403142	1473
k16_7f57d4f5	CTTTCCCTTCCATTCC	10.732042984010187	0.9999883978605655	13.986227596375409	0.9982547993019197	12415
k16_3a0d0512	ATGGAATCAACCACAG	10.731902971095781	1.0	12.411954561167889	1.0	2589
k16_2af8753d	AGGGTTGACTCCATTC	10.731768014315007	1.0	11.295914688449951	0.9057591623036649	562
k16_0ea3a2e8	AATGGGATGGAGTGGA	10.731193516597717	0.999984963988753	12.744721977333748	0.9982547993019197	4072
k16_3d4f5395	ATTCCATTCCATGCCC	10.72640133135135	1.0	12.161814013142308	0.9825479930191972	2002
k16_3a0e83a6	ATGGAATGGAATGGCG	10.726384505502608	0.9996874511642444	10.385924439877307	0.9930191972076788	345
k16_53d414f5	CCATTCCAACCATTCC	10.725995680152874	1.0	11.739157471960283	0.912739965095986	1196
k16_52d4353d	CCAGTCCAATCCATTC	10.724223333885991	0.9998622627475827	11.401836853018965	0.9965095986038395	1703
k16_4c53e4f5	CATACCATTGCATTCC	10.723793229277623	0.9999941445134091	14.105180143486157	1.0	12366
k16_3a1e8301	ATGGACTGGAATAAAC	10.72348618269269	1.0	10.872726174930134	0.9528795811518325	128
k16_62d4753d	CGAGTCCACTCCATTC	10.723160414443285	1.0	10.76790914172235	0.9947643979057592	37
k16_5384f53d	CCATGACATTCCATTC	10.722893386455617	0.9998850332445535	11.82865823666601	1.0	2966
k16_4fe337f5	CATTTGATATCTTTCC	10.722138654758039	1.0	11.56495486336825	0.9930191972076788	932
k16_0d4f5354	AATCCATTCCATCCCA	10.72210039805248	1.0	11.604102998037241	0.9842931937172775	990
k16_2c8ba0e8	AGTAGAGTGGAATGGA	10.721384234629118	1.0	13.1489472392075	1.0	5144
k16_40503a0e	CAAACCAAATGGAATG	10.72129458736885	1.0	11.879659140929082	0.9633507853403142	1447
k16_4f73c7f5	CATTCTATTACTTTCC	10.720937061207596	1.0	11.852079856596665	0.9930191972076788	1398
k16_0c8bb028	AATAGAGTGTAAAGGA	10.720769532248083	1.0	10.720769532248083	0.9720767888307156	0
k16_50d4f539	CCAATCCATTCCATGC	10.717108677478187	0.9999701554898976	11.755844052353691	0.9947643979057592	1495
k16_8ba2e838	GAGTGGAGTGGAATGA	10.717049081526625	1.0	13.072274617374239	1.0	4835
k16_73d0f511	CTATTCAATTCCACAC	10.716904083442314	0.9999657346491229	11.556608641812158	0.9895287958115183	1151
k16_4ed3d4f5	CATGTCATTCCATTCC	10.716716916261792	1.0	12.610180787432574	0.9982547993019197	3189
k16_4f93dc74	CATTGCATTCTACTCA	10.716534311318608	1.0	11.768723141724692	0.9546247818499127	1261
k16_22e83e2e	AGAGTGGAATTGAGTG	10.716430548271719	1.0	11.624851158589609	0.9633507853403142	1030
k16_0e8b41e8	AATGGAGTCAACTGGA	10.71411117656453	0.9998732412219546	11.00058610481906	0.912739965095986	715
k16_11d4f53c	ACACTCCATTCCATTA	10.713593353487365	0.9999073688110787	10.989515455948192	0.9982547993019197	550
k16_4f50d4d5	CATTCCAATCCATCCC	10.71315896982696	1.0	11.748665424899178	0.9947643979057592	1233
k16_0d4713d4	AATCCACTACATTCCA	10.712759783075683	1.0	11.861184092452335	0.9528795811518325	1429
k16_35314f93	ATCCATACCATTGCAT	10.711946676541496	1.0	11.397153570091803	0.9144851657940664	714
k16_4f9fd7f5	CATTGCTTTCCTTTCC	10.71139415739163	1.0	13.049959019741099	0.9720767888307156	4766
k16_83a0a838	GAATGGAAGGGAATGA	10.711374557489549	1.0	13.231783330158423	1.0	5564
k16_0e8392f8	AATGGAATGCAGTTGA	10.711312501774529	0.9999394599830488	11.602967971721098	0.9773123909249564	1468
k16_4b13d4f5	CAGTACATTCCATTCC	10.707962102275062	1.0	12.354271455336235	0.9982547993019197	2502
k16_3a3e8322	ATGGATTGGAATAGAG	10.707833112566298	1.0	12.224484365647657	0.9895287958115183	2186
k16_f43a0e80	TTCAATGGAATGGAAA	10.707446264810157	0.9999858848770573	12.835891874364162	0.9947643979057592	4507
k16_3d4fd3f6	ATTCCATTTCATTTCG	10.707063376430822	0.9998493408662901	11.438610521514493	0.9930191972076788	2020
k16_9f7f53d4	GCTTCTTTCCATTCCA	10.70592430027541	1.0	12.003718654327669	0.912739965095986	1713
k16_1fe4f531	ACTTTGCATTCCATAC	10.705658545552016	1.0	11.809627646787346	0.912739965095986	1350
k16_50e4f50d	CCAATGCATTCCAATC	10.705550086596343	1.0	11.122897422139653	0.9075043630017452	394
k16_52f8753d	CCAGTTGACTCCATTC	10.70541828971737	0.9999175971323802	11.158269084113698	0.912739965095986	775
k16_af0f03d4	GGTTAATTAAATTCCA	10.704475157604731	1.0	11.41692533310218	0.9197207678883071	750
k16_280a0e43	AGGAAAGGAATGCAAT	10.704112147940615	0.99957964353772	10.616014424935974	0.9982547993019197	1693
k16_0343d4f5	AAATCAATTCCATTCC	10.70277665717906	1.0	12.651698555141333	0.9214659685863874	3360
k16_7aaf8f51	CTGGGGTTGATTCCAC	10.702369754682813	1.0	12.213429113485708	0.9144851657940664	2173
k16_3a0e80a4	ATGGAATGGAAAGGCA	10.702140601684835	0.999937996031746	12.032059983103448	0.9982547993019197	2720
k16_4af8fd3d	CAGGTTGATTTCATTC	10.70139203579022	1.0	11.27712354443746	0.9930191972076788	576
k16_3a0d0e42	ATGGAATCAATGCAAG	10.699328048371266	1.0	11.842200261725715	0.9109947643979057	1419
k16_0e0390f8	AATGAAATGCAATTGA	10.69856861158583	1.0	12.590047337378092	0.9738219895287958	3183
k16_354f93d4	ATCCCATTGCATTCCA	10.696333287464551	1.0	12.579511045541098	0.9930191972076788	3158
k16_0b53d475	AAGTCCATTCCACTCC	10.69618975270442	1.0	10.727779177479748	0.9912739965095986	26
k16_1fbbe3d4	ACTTGTGTTGATTCCA	10.695858159140641	1.0	12.472645019495339	0.9930191972076788	2850
k16_e83a3f20	TGGAATGGATTTAGAA	10.69464801647305	1.0	11.91284213734557	0.9912739965095986	1558
k16_4f7354f5	CATTCTATCCCATTCC	10.694173688542556	1.0	12.180455607527135	0.9825479930191972	2116
k16_0e835148	AATGGAATCCACCAGA	10.693822742082814	1.0	11.2046546929386	0.9650959860383944	499
k16_eb3a0e40	TGGTATGGAATGCAAA	10.693037360834975	1.0	11.886200452166282	0.9162303664921466	1511
k16_4144ba0e	CAACCACAGTGGAATG	10.69249950184259	1.0	13.010764953371524	1.0	4683
k16_541e83e0	CCCAACTGGAATTGAA	10.692468129934644	1.0	11.4470281970132	0.9057591623036649	807
k16_51d43539	CCACTCCAATCCATGC	10.691665869062735	1.0	11.152501937017874	0.9650959860383944	442
k16_2e8ba028	AGTGGAGTGGAAAGGA	10.690504470242546	0.9990884103810721	10.00829498330822	0.9982547993019197	4695
k16_43dcf51d	CAATTCTATTCCACTC	10.688862506157475	0.9999209454919167	11.218099571447913	0.9476439790575916	881
k16_0f5110f5	AATTCCACACAATTCC	10.688560459399286	1.0	11.789669308238992	0.9912739965095986	1345
k16_83a0e878	GAATGGAATGGACTGA	10.688286357598406	1.0	12.657114470889729	0.9982547993019197	3423
k16_0e83a8d8	AATGGAATGGGATCGA	10.687184428529173	1.0	10.704280017983788	0.9790575916230366	14
k16_af8793d4	GGTTGACTGCATTCCA	10.686745701652224	1.0	12.041364305846942	0.9267015706806283	1829
k16_4f73dbf5	CATTCTATTCGTTTCC	10.684801868518727	0.999751688518077	10.551724614576509	0.9947643979057592	466
k16_5fdabe3d	CCTTTCGGGTTGATTC	10.682598048331462	1.0	10.682598048331462	0.9738219895287958	0
k16_4453d4f5	CACACCATTCCATTCC	10.682352265299071	1.0	13.18271122447942	1.0	5471
k16_3d7f51fa	ATTCCTTTCCACTTGG	10.681658291677387	1.0	11.867280600942209	0.9336823734729494	1497
k16_3a8e8fa0	ATGGGATGGATTGGAA	10.681193535808154	1.0	11.789157487534357	0.9947643979057592	1357
k16_0f53e4f4	AATTCCATTGCATTCA	10.68099734767224	1.0	12.072136155170124	0.9738219895287958	1906
k16_3d435354	ATTCCAATCCATCCCA	10.68017930886526	1.0	11.763426891455069	0.9947643979057592	1314
k16_04078ba0	AACAAACTGAGTGGAA	10.678518081391825	1.0	11.49785816559135	0.9703315881326352	898
k16_03a3d054	AAATGGATTCAACCCA	10.67836059005488	1.0	13.102494576968903	0.9930191972076788	5129
k16_2e83a1d0	AGTGGAATGGACTCAA	10.676413894824528	1.0	11.382854310909059	0.9965095986038395	742
k16_53d5353d	CCATTCCCATCCATTC	10.675142855743855	0.9997830881023824	10.912833430727263	1.0	1094
k16_5354f13d	CCATCCCATTACATTC	10.674987059891507	0.9997971396693377	10.62535288773034	0.9773123909249564	443
k16_2fc3a0e8	AGTTTAATGGAATGGA	10.673786421482836	0.9999685019528789	11.678065746615918	0.9965095986038395	1432
k16_4f53deb5	CATTCCATTCTGGTCC	10.673435895339397	0.9997629770087698	10.784928953402092	0.9912739965095986	904
k16_51d5f53d	CCACTCCCTTCCATTC	10.670601465186406	0.9999800331449793	12.335591956902247	0.9982547993019197	2946
k16_2d4753d8	AGTCCACTCCATTCGA	10.669965382246815	1.0	10.682197153813112	0.9930191972076788	10
k16_51d4750d	CCACTCCACTCCAATC	10.669756595678074	1.0	13.591625707264688	0.9982547993019197	7726
k16_0e8090e9	AATGGAAAGCAATGGC	10.669306092666362	1.0	11.798203860506073	0.912739965095986	1394
k16_390c8fa0	ATGCAATAGATTGGAA	10.668368360682898	0.9999491068247748	10.986072979896253	0.9162303664921466	445
k16_0e83a220	AATGGAATGGAGAGAA	10.667334074157953	1.0	12.809518454152329	0.9982547993019197	4010
k16_4f53dcb6	CATTCCATTCTAGTCG	10.667106641382762	1.0	10.674458141984308	0.9790575916230366	6
k16_3a0e8043	ATGGAATGGAAACAAT	10.666630105092775	1.0	12.66311969100976	0.9720767888307156	3512
k16_3a4e83a1	ATGGCATGGAATGGAC	10.666346040671527	1.0	11.552342313570913	0.9720767888307156	996
k16_42e8390e	CAAGTGGAATGCAATG	10.665632065068305	0.9996038348783773	10.44752335628889	0.9703315881326352	909
k16_3d4b93d4	ATTCCAGTGCATTCCA	10.665024339368141	0.9999464237878382	12.24280460749624	1.0	3450
k16_3b0693a0	ATGTAACGGCATGGAA	10.663480770038083	1.0	10.695070194813411	0.9738219895287958	26
k16_a0e8b405	GGAATGGAGTCAAACC	10.663454614750849	1.0	10.673248314423459	0.9825479930191972	8
k16_7d53d4f5	CTTCCCATTCCATTCC	10.662682290861392	0.9999906590070524	13.431432307407878	1.0	7681
k16_40a0e80a	CAAAGGAATGGAAAGG	10.65881596714261	1.0	12.37894003531361	0.9685863874345549	2695
k16_3dabf3f4	ATTCGGGTTTATTTCA	10.65867887393392	1.0	11.1926016577536	0.9075043630017452	526
k16_1d0f51de	ACTCAATTCCACTCTG	10.657610778289316	1.0	11.582300313926682	0.9197207678883071	1055
k16_cf43d444	TATTCAATTCCACACA	10.657462539380404	1.0	11.699545809423913	0.9895287958115183	1244
k16_6ef8f531	CGTGTTGATTCCATAC	10.657410933099097	1.0	11.035599630237577	0.9633507853403142	352
k16_0ec3a010	AATGTAATGGAAACAA	10.656677891773658	1.0	12.905052346664176	0.9965095986038395	4406
k16_0d4c53e4	AATCCATACCATTGCA	10.656327881267135	1.0	11.488144072624964	0.9179755671902269	916
k16_03e4f53d	AAATTGCATTCCATTC	10.656044584142007	0.9999289385792454	11.835379084593107	0.9982547993019197	2334
k16_52fbf53d	CCAGTTGTTTCCATTC	10.654812137703841	1.0	11.658815761441247	0.9912739965095986	1181
k16_163e83a0	ACCGATTGGAATGGAA	10.653911027512939	0.9998108687429076	10.42345665436384	0.9912739965095986	146
k16_058fa0e8	AACCGATTGGAATGGA	10.652819576009682	1.0	10.82186091413963	0.9912739965095986	146
k16_1e8fa3dc	ACTGGATTGGATTCTA	10.651216202806344	1.0	11.599651991692106	0.912739965095986	1092
k16_8853d4f5	GAGACCATTCCATTCC	10.651163730011262	0.9999678559948569	11.64878566040135	0.9965095986038395	1420
k16_53ddf43d	CCATTCTCTTCAATTC	10.649726584160105	0.9999203980099503	11.208145476268465	0.9144851657940664	923
k16_02833be8	AAAGGAATATGTTGGA	10.64966363815431	1.0	11.752489318821443	0.9109947643979057	1348
k16_517a7e3d	CCACCTGGCTTGATTC	10.64838446201579	1.0	11.32669938616301	0.912739965095986	705
k16_ba0e8310	GTGGAATGGAATACAA	10.644737785755906	0.9999169538678736	11.147053787628302	0.9912739965095986	843
k16_a0e83ae0	GGAATGGAATGGTGAA	10.643550850532703	0.9999834085479161	12.602721130998951	0.9982547993019197	3878
k16_0e83c108	AATGGAATTAACAAGA	10.643351758487478	1.0	12.268711862465702	0.9650959860383944	2449
k16_2dcf51d4	AGTCTATTCCACTCCA	10.643126927446865	1.0	11.591562716332627	0.9825479930191972	1092
k16_283a0e05	AGGAATGGAATGAACC	10.642880618099756	1.0	11.973279945864672	0.987783595113438	1779
k16_20e83a2d	AGAATGGAATGGAGTC	10.642212335637996	0.9994064778701034	10.07908696217072	0.9947643979057592	804
k16_1ea3a0e8	ACTGGGATGGAATGGA	10.641561860888446	1.0	11.45532218740035	0.987783595113438	890
k16_03d4f57d	AAATTCCATTCCCTTC	10.641362002401173	1.0	11.780334996027737	1.0	1412
k16_3e83e338	ATTGGAATTGATATGA	10.640663619606055	1.0	11.581440663694623	0.9040139616055847	1080
k16_0c0fa0e8	AATAAATTGGAATGGA	10.640605097288422	1.0	12.474671978065395	0.9895287958115183	3013
k16_e83a0d44	TGGAATGGAATCCACA	10.63953989722439	0.9994741748129735	10.481537406945154	0.987783595113438	2341
k16_62e80a02	CGAGTGGAAAGGAAAG	10.63907487476196	0.9994525047905831	10.26984523781801	0.9947643979057592	1282
k16_3a0e9081	ATGGAATGGCAAGAAC	10.637123878386248	1.0	11.142773953978082	0.987783595113438	493
k16_1d435394	ACTCCAATCCATGCCA	10.635045350877082	1.0	11.014178855598777	0.9598603839441536	353
k16_4f53d7d4	CATTCCATTCCTTCCA	10.634978689922349	1.0	12.259940586325367	0.9982547993019197	2448
k16_bf0e83a0	GTTTAATGGAATGGAA	10.63494288602915	0.9997063612824003	10.944569628990438	0.9947643979057592	1984
k16_6ef4fd3d	CGTGTTCATTTCATTC	10.634440413539405	1.0	11.393362434398533	0.9773123909249564	813
k16_4b43d4f5	CAGTCAATTCCATTCC	10.634046838851358	0.9998576512455516	11.520463277083625	0.9982547993019197	2382
k16_6f12d4f5	CGTTACAGTCCATTCC	10.633098510328242	1.0	10.65987281748078	0.9668411867364747	22
k16_7a028380	CTGGAAAGGAATGAAA	10.632458506749929	1.0	13.01078490869217	0.9895287958115183	4932
k16_0e834151	AATGGAATCAACCCAC	10.632409083162853	1.0	11.367913451715056	0.9755671902268761	781
k16_1d93a0e8	ACTCGCATGGAATGGA	10.630972965809088	1.0	10.651705687902396	0.9895287958115183	17
k16_47e4f8f5	CACTTGCATTGATTCC	10.630450720737272	1.0	11.839641117710485	0.9075043630017452	1541
k16_1dabdf94	ACTCGGGTTCTTGCCA	10.630362042223195	1.0	10.917863361407507	0.9895287958115183	259
k16_553d4f51	CCCCATTCCATTCCAC	10.630093935996147	1.0	12.569439271381215	0.9982547993019197	3330
k16_2e8380a8	AGTGGAATGAAAGGGA	10.62989803709752	0.9999235181644359	11.729343480556835	0.9930191972076788	2145
k16_0e80a3eb	AATGGAAAGGATTGGT	10.628894063749184	1.0	11.189713626563176	0.9232111692844677	558
k16_2e235ed8	AGTGAGATCCTGTCGA	10.62816903783556	1.0	12.018839433649386	0.9930191972076788	1905
k16_3a0dc522	ATGGAATCTACCAGAG	10.628005198490467	1.0	11.500646009397304	0.9790575916230366	976
k16_2e43a0e0	AGTGCAATGGAATGAA	10.627797260413885	1.0	12.29552947437287	0.987783595113438	2557
k16_4390e80a	CAATGCAATGGAAAGG	10.62773756989639	1.0	11.182716160844427	0.9738219895287958	551
k16_4f93d876	CATTGCATTCGACTCG	10.62691119518053	1.0	10.644006784635144	0.956369982547993	14
k16_0f5fe4f5	AATTCCTTTGCATTCC	10.626851532878295	0.9999572576508805	11.237787770319633	0.9790575916230366	810
k16_80b0e839	GAAAGTAATGGAATGC	10.624689632202955	1.0	11.444725671195002	0.9842931937172775	899
k16_090e93a0	AAGCAATGGCATGGAA	10.62412223572977	1.0	11.763095229356335	0.912739965095986	1412
k16_4af8753d	CAGGTTGACTCCATTC	10.623922411150104	1.0	11.878609773283987	0.9930191972076788	1628
k16_4f52d4b5	CATTCCAGTCCAGTCC	10.622689187316134	1.0	11.774987289678304	0.9965095986038395	1436
k16_51f4bf3d	CCACTTCAGTTTATTC	10.622185268546545	1.0	11.389070112084617	0.912739965095986	824
k16_51d4351d	CCACTCCAATCCACTC	10.62197883991136	1.0	13.048171215285256	0.9930191972076788	5138
k16_04a0e83a	AACAGGAATGGAATGG	10.617627425700126	0.9998946481247366	11.570456309977443	0.9982547993019197	2066
k16_0d477efc	AATCCACTCTTGTTTA	10.616508220309095	1.0	11.168976280205376	0.9092495636998255	548
k16_80e83415	GAAATGGAATCAACCC	10.61605172668648	1.0	14.223139131249663	0.9965095986038395	13137
k16_3a0d0442	ATGGAATCAACACAAG	10.61431156371147	1.0	12.3978935267115	0.987783595113438	2869
k16_4f13d44a	CATTACATTCCACAGG	10.613574479411183	1.0	11.508185970105988	0.9092495636998255	1009
k16_05e3e83a	AACCTGATTGGAATGG	10.613278467558112	1.0	12.443550570865625	0.9965095986038395	3002
k16_7af8f5bd	CTGGTTGATTCCGTTC	10.612440977793979	1.0	10.614895642663148	0.9685863874345549	2
k16_83a02804	GAATGGAAAGGAAACA	10.611439345645913	0.9995089027123681	10.781795644225248	0.9965095986038395	5629
k16_2f8f51d4	AGTTGATTCCACTCCA	10.611407518434115	0.9999515773672615	11.925116456650615	0.9947643979057592	2366
k16_4f71d475	CATTCTACTCCACTCC	10.610347276611225	0.9998226496147555	11.531422454140971	0.9930191972076788	3178
k16_0d0643e4	AATCAACGCAATTGCA	10.609529430201647	1.0	10.609529430201647	0.9040139616055847	0
k16_13d7f93d	ACATTCCTTTGCATTC	10.60807070735566	1.0	11.90035853234587	0.9581151832460733	1702
k16_3a0e83b8	ATGGAATGGAATGTGA	10.606936157427828	0.9999835769420266	12.617436620666886	1.0	4061
k16_7a0e80a1	CTGGAATGGAAAGGAC	10.605686358025569	1.0	11.06741464596957	0.9982547993019197	443
k16_ceb3a0e8	TATGGTATGGAATGGA	10.605441930089226	0.9997555477089388	11.068469405324135	0.9947643979057592	1994
k16_0793d4f5	AACTGCATTCCATTCC	10.60525179298318	0.9997794094475783	11.020151836457714	0.9668411867364747	1557
k16_11cba0e8	ACACTAGTGGAATGGA	10.605035460663045	1.0	11.015929722532418	0.9895287958115183	387
k16_303e83a0	ATAAATTGGAATGGAA	10.604011900800478	0.9999220409674716	12.00483719360389	0.9895287958115183	3246
k16_73e4f13d	CTATTGCATTACATTC	10.602638764013733	0.9999586793934135	11.286576627131844	0.9424083769633508	913
k16_2df8efd4	AGTCTTGATGTTTCCA	10.601303737587491	1.0	10.994535605240303	0.9092495636998255	368
k16_ce834118	TATGGAATCAACACGA	10.60119105579231	1.0	11.15365911568859	0.9703315881326352	548
k16_0e8b80d0	AATGGAGTGAAATCAA	10.600993990904374	1.0	11.431429264133147	0.9895287958115183	914
k16_2f53d4f6	AGTTCCATTCCATTCG	10.599718503629258	0.9999274415904803	10.47464477066289	0.987783595113438	17
k16_43c4f90d	CAATTACATTGCAATC	10.598160996984866	1.0	12.37745504131519	0.9930191972076788	2857
k16_53d4e531	CCATTCCATGCCATAC	10.59809104510427	1.0	11.53950787310842	0.9947643979057592	1081
k16_068fa0f8	AACGGATTGGAATTGA	10.597905073793985	1.0	10.6150006632486	0.9808027923211169	14
k16_0d0ba0e8	AATCAAGTGGAATGGA	10.597162657550138	0.999379652605459	10.242962205613923	0.9982547993019197	1894
k16_61d4f5fd	CGACTCCATTCCTTTC	10.596556174942032	1.0	10.62212418741899	0.9860383944153578	21
k16_d4350ec0	TCCAATCCAATGTAAA	10.596514949011132	1.0	11.158999026599183	0.912739965095986	560
k16_1e43f3d4	ACTGCAATTTATTCCA	10.596229216202294	1.0	11.704193167928498	0.912739965095986	1357
k16_3cc3a0e8	ATTATAATGGAATGGA	10.59514821864552	0.9993153096756524	10.270481664680052	0.9965095986038395	3254
k16_0e8ba0e9	AATGGAGTGGAATGGC	10.595128609255934	0.9993082714768404	10.153748375784746	1.0	2082
k16_3e83a010	ATTGGAATGGAAACAA	10.594985458098131	1.0	11.953441692581654	0.9668411867364747	1837
k16_34252ba0	ATCAAGCCAGGTGGAA	10.59230408866258	1.0	11.412340127654627	0.912739965095986	899
k16_00e2e835	AAAATGAGTGGAATCC	10.59147576636743	1.0	11.241105968840323	0.9109947643979057	668
k16_0e83a3a8	AATGGAATGGATGGGA	10.591031780167478	0.9996079130279808	10.527409199448481	1.0	1264
k16_0cefa0c8	AATATGTTGGAATAGA	10.590552682762041	1.0	11.352375363182762	0.900523560209424	817
k16_0e83a3f2	AATGGAATGGATTTAG	10.589006308263848	1.0	11.899237883971182	0.9912739965095986	1738
k16_3c7f5fd4	ATTACTTTCCTTTCCA	10.587990359502232	0.9999163984450111	11.137439694650672	0.9912739965095986	910
k16_8ec3a0e8	GATGTAATGGAATGGA	10.587656970317344	0.9995044887489798	10.445544567069996	1.0	1814
k16_4f73d4d5	CATTCTATTCCATCCC	10.58754728047117	0.9999711707556145	12.673169428422112	0.9720767888307156	4871
k16_3dcf51de	ATTCTATTCCACTCTG	10.586994365852012	1.0	11.725409466801521	0.9424083769633508	1411
k16_6efcf52d	CGTGTTTATTCCAGTC	10.586712319939723	1.0	10.617099471114713	0.9406631762652705	25
k16_a0d1522c	GGAATCACCCAGAGTA	10.585639576261492	1.0	11.002986911804802	0.9057591623036649	394
k16_3dc76af4	ATTCTACTCGGGTTCA	10.584727626279637	1.0	10.604248989369982	0.9650959860383944	16
k16_0e83a5d8	AATGGAATGGCCTCGA	10.584333271055378	1.0	11.114007764111436	0.9965095986038395	521
k16_0dd3a0e8	AATCTCATGGAATGGA	10.584309440863846	0.999920095884938	11.202681643765327	0.9022687609075044	1012
k16_4f5ff4f5	CATTCCTTTTCATTCC	10.583322954431798	0.9999839395269655	13.980778905321653	1.0	15150
k16_4f93d4b5	CATTGCATTCCAGTCC	10.582195845200257	0.9999321113374067	12.204365430166034	1.0	3979
k16_2e8bb0e8	AGTGGAGTGTAATGGA	10.582102532574819	0.9999166423540199	11.90824811061401	1.0	3023
k16_3d4b52da	ATTCCAGTCCAGTCGG	10.5814400048756	1.0	11.25821889880417	0.9075043630017452	703
k16_283a0d45	AGGAATGGAATCCACC	10.579436215791786	1.0	11.399472254783834	0.9825479930191972	899
k16_4f5be475	CATTCCGTTGCACTCC	10.577772757044453	1.0	11.830399473564619	0.9546247818499127	1624
k16_2833be83	AGGAATATGTTGGAAT	10.577438572696593	1.0	11.71417870001739	0.9109947643979057	1408
k16_e8322ec0	TGGAATAGAGTGTAAA	10.577013936681894	1.0	10.577013936681894	0.9616055846422339	0
k16_2e835140	AGTGGAATCCACCAAA	10.576679036067286	1.0	11.112297639597427	0.9109947643979057	528
k16_0c82a0e8	AATAGAAGGGAATGGA	10.575441176915191	0.9999756287775394	12.915502098928448	1.0	6037
k16_83a02808	GAATGGAAAGGAAAGA	10.573179537325567	0.9999668926793093	13.45841999727301	0.9965095986038395	12117
k16_0d0543e8	AATCAACCCAATTGGA	10.573165574070739	1.0	11.400142758066721	0.9650959860383944	909
k16_ba2ec3a0	GTGGAGTGTAATGGAA	10.572776395062307	0.9999034492746627	11.69629819509084	1.0	2473
k16_7a0c83a1	CTGGAATAGAATGGAC	10.571932312544098	1.0	12.26419897190412	0.9912739965095986	2621
k16_0d0570e8	AATCAACCCTAATGGA	10.570563357195285	1.0	11.140514076826088	0.9912739965095986	569
k16_72d4f5fd	CTAGTCCATTCCTTTC	10.57024907931424	1.0	10.73929041744419	0.9808027923211169	146
k16_af8c5fd4	GGTTGATACCTTTCCA	10.569825077930727	1.0	10.762704697118354	0.900523560209424	168
k16_9f8f5fd4	GCTTGATTCCTTTCCA	10.568499188585417	1.0	11.816995762952375	0.924956369982548	1616
k16_34190f90	ATCAACGCAATTGCAA	10.568037120975623	1.0	10.568037120975623	0.9040139616055847	0
k16_23d4c53d	AGATTCCATACCATTC	10.566134716053352	0.9999376733460065	11.561016496916386	0.9092495636998255	1664
k16_7394f53d	CTATGCCATTCCATTC	10.566051948600881	0.9999386377582328	12.047067566558036	1.0	3150
k16_0d0162e0	AATCAAACCGAGTGAA	10.564669955444314	1.0	10.564669955444314	0.9720767888307156	0
k16_0fc3a0c8	AATTTAATGGAATAGA	10.564166258727052	0.9998985183681753	11.321383142531957	0.9755671902268761	1444
k16_0e8fa1d8	AATGGATTGGACTCGA	10.562746715578271	1.0	11.251006170144649	0.9912739965095986	718
k16_0722e83a	AACTAGAGTGGAATGG	10.56209049556399	1.0	11.356149952612517	0.9930191972076788	862
k16_3d464af8	ATTCCACGCAGGTTGA	10.561622501044056	1.0	11.021565796884532	0.912739965095986	441
k16_4f52d0f5	CATTCCAGTCAATTCC	10.561153359685347	0.99970409198512	10.596401378318847	0.9965095986038395	925
k16_47ebf8f5	CACTTGGTTTGATTCC	10.56031539968579	1.0	12.638198324867398	0.9720767888307156	3784
k16_13421e83	ACATCAAGACTGGAAT	10.55971297055835	1.0	11.030333240996551	0.900523560209424	453
k16_e2e83514	TGAGTGGAATCCACCA	10.559559926062324	1.0	11.09433086890669	0.9109947643979057	527
k16_0a0d0522	AAGGAATCAACCAGAG	10.558188679774364	1.0	11.38655009429238	0.9616055846422339	911
k16_3d4f57d5	ATTCCATTCCCTTCCC	10.557811098328132	0.9995693415342484	10.971327941715355	0.9982547993019197	6878
k16_4763f8f5	CACTCGATTTGATTCC	10.557309281601919	1.0	11.08442878245026	0.9930191972076788	518
k16_62d5f53d	CGAGTCCCTTCCATTC	10.556619232184309	1.0	10.587006383359297	0.9895287958115183	25
k16_3a0d0420	ATGGAATCAACAAGAA	10.556301458836483	0.9995249140653383	10.506288174591084	0.9842931937172775	2011
k16_a0e82425	GGAATGGAAGCAAGCC	10.555037760455567	1.0	10.922792530760628	0.900523560209424	341
k16_53d4e5fd	CCATTCCATGCCTTTC	10.554996690160124	1.0	12.429825441938942	1.0	3133
k16_51d4771d	CCACTCCACTCTACTC	10.554913330784327	1.0	12.982247987570872	0.9982547993019197	5143
k16_ae83b0e8	GGTGGAATGTAATGGA	10.554403969269956	1.0	11.030333240996551	0.9109947643979057	459
k16_0bd4f53d	AAGTTCCATTCCATTC	10.553406247005467	1.0	11.416624122268361	0.956369982547993	962
k16_3d4f50d2	ATTCCATTCCAATCAG	10.552838581935168	1.0	12.151678344388882	0.9965095986038395	2383
k16_60e83a1c	CGAATGGAATGGACTA	10.552221889397684	1.0	10.576582597724009	0.9860383944153578	20
k16_003d8ba0	AAAAATTCGAGTGGAA	10.550379441025777	1.0	11.3697195252253	0.9109947643979057	898
k16_3a0d0362	ATGGAATCAAATCGAG	10.550009393624192	0.9998414292510175	10.677633183193485	0.9930191972076788	518
k16_0d05e6e8	AATCAACCTGCGTGGA	10.549536285687386	1.0	11.091918304517938	0.9144851657940664	536
k16_1d8fe3d4	ACTCGATTTGATTCCA	10.548712846742522	0.9999470899470899	10.930025892531184	0.9930191972076788	518
k16_a1e83011	GGACTGGAATAAACAC	10.548307270746765	1.0	11.279378195268553	0.9668411867364747	775
k16_53dfbc3d	CCATTCTTGTTAATTC	10.547143668340976	0.9999638493239824	11.47935757610398	0.9092495636998255	1305
k16_0341587a	AAATCAACCCGACTGG	10.545969236110492	1.0	10.56912162912018	0.9703315881326352	19
k16_3b0eb320	ATGTAATGGTATAGAA	10.545757605121945	1.0	11.14924238696481	0.9703315881326352	610
k16_4f53ddf4	CATTCCATTCTCTTCA	10.54547282969161	0.9999426013086902	12.143389936147328	0.9790575916230366	3515
k16_753d4750	CTCCATTCCACTCCAA	10.54540349245057	1.0	12.182264062420012	0.9965095986038395	2478
k16_090ba0e8	AAGCAAGTGGAATGGA	10.54455927998525	1.0	11.325095411983106	0.9109947643979057	843
k16_4058b80e	CAAACCGAGTGAAATG	10.54187178673624	1.0	10.54187178673624	0.9685863874345549	0
k16_0e2e8351	AATGAGTGGAATCCAC	10.541363421567935	1.0	11.203467879049008	0.9109947643979057	684
k16_22e80a0e	AGAGTGGAAAGGAATG	10.539303856312694	1.0	12.23384937179138	0.9982547993019197	2627
k16_4390e43a	CAATGCAATGCAATGG	10.539281841353327	0.9992659652556888	10.08231432258406	0.9982547993019197	2138
k16_43d4d53d	CAATTCCATCCCATTC	10.538357041391116	1.0	11.42700963426178	0.9965095986038395	1000
k16_0162e03a	AAACCGAGTGAAATGG	10.537002582716395	1.0	10.537002582716395	0.9616055846422339	0
k16_0fc3a028	AATTTAATGGAAAGGA	10.534190053208505	0.9997050147492625	10.937968618394004	0.9930191972076788	2197
k16_0e43a048	AATGCAATGGAACAGA	10.532427071406179	0.9998646155928991	11.831668608115036	1.0	4175
k16_53d4c5fd	CCATTCCATACCTTTC	10.52864109414628	1.0	12.440175965924023	0.9982547993019197	3244
k16_390e83f0	ATGCAATGGAATTTAA	10.528413152434519	0.9998743297587132	11.700239020543602	1.0	3160
k16_0ec3a4e8	AATGTAATGGCATGGA	10.52781889972326	0.9995248130242552	10.646562822828729	0.9860383944153578	3220
k16_7e2e8320	CTTGAGTGGAATAGAA	10.526211150850148	1.0	10.538442922416445	0.944153577661431	10
k16_24258ba0	AGCAAGCCGAGTGGAA	10.525866597939862	1.0	11.03928252349769	0.900523560209424	502
k16_1e830118	ACTGGAATAAACACGA	10.525665674009138	1.0	10.554849548830305	0.9406631762652705	24
k16_f30e83a0	TTATAATGGAATGGAA	10.523976145946657	0.9994691100711786	10.549947980110806	0.9965095986038395	3455
k16_3a0a8fa8	ATGGAAGGGATTGGGA	10.523867765240649	1.0	11.058638708085017	0.9075043630017452	527
k16_283a0e93	AGGAATGGAATGGCAT	10.523809832469313	1.0	12.371251060483361	0.9965095986038395	3052
k16_76efcf52	CTCGTGTTTATTCCAG	10.522487027294341	1.0	10.551670902115507	0.9406631762652705	24
k16_51e43f3d	CCACTGCAATTTATTC	10.522246677450902	1.0	11.592683017578617	0.9109947643979057	1292
k16_380e0462	ATGAAATGAACACGAG	10.519784370372788	1.0	10.988630623333082	0.9581151832460733	451
k16_320d4352	ATAGAATCCAATCCAG	10.51926306679111	1.0	11.674873304412063	0.912739965095986	1442
k16_8ba0e874	GAGTGGAATGGACTCA	10.519203288888207	0.9999472434713795	10.934216396642519	0.9965095986038395	558
k16_8f50d475	GATTCCAATCCACTCC	10.518569132506377	0.9998282573849324	11.24966458456425	0.9144851657940664	2019
k16_03e83a0e	AAATTGGAATGGAATG	10.518503459347915	0.9998157972295904	10.982511295597364	0.9912739965095986	1307
k16_4fd4f505	CATTTCCATTCCAACC	10.515609712182245	1.0	11.647873712616832	0.912739965095986	1400
k16_28fa0e80	AGGATTGGAATGGAAA	10.515355331529392	1.0	11.249383398676747	0.9720767888307156	779
k16_2a4e83a0	AGGGCATGGAATGGAA	10.510401955886959	1.0	12.114908126811104	0.9842931937172775	2397
k16_53f8cdfd	CCATTTGATATCTTTC	10.510400442064727	0.9999570815450644	11.23185780180111	0.9912739965095986	968
k16_3d47baf8	ATTCCACTGTGGTTGA	10.51002331572193	1.0	13.070131302173923	1.0	5752
k16_283a0f81	AGGAATGGAATTGAAC	10.509636338171891	0.9999641409975975	11.491041584660792	0.9930191972076788	1391
k16_d0643e40	TCAACGCAATTGCAAA	10.509246312454634	1.0	10.509246312454634	0.9022687609075044	0
k16_1f8ba0c8	ACTTGAGTGGAATAGA	10.508913858205048	1.0	10.518707557877658	0.9162303664921466	8
k16_243a0e87	AGCAATGGAATGGACT	10.507517823641471	1.0	10.53067021665116	0.9790575916230366	19
k16_2c80a0e8	AGTAGAAAGGAATGGA	10.507434291836233	1.0	12.392941139347325	0.9982547993019197	3165
k16_3a0d0722	ATGGAATCAACTAGAG	10.5073530366196	1.0	11.713884550194072	0.9947643979057592	1536
k16_4722f8f5	CACTAGAGTTGATTCC	10.506873209798622	1.0	11.076823929429425	0.9912739965095986	569
k16_100bb0e8	ACAAAAGTGTAATGGA	10.50638104672823	1.0	11.60405009055197	0.9109947643979057	1339
k16_0a0e8371	AAGGAATGGAATCTAC	10.506197803554343	1.0	10.964353896051792	0.9668411867364747	439
k16_53d4e62d	CCATTCCATGCGAGTC	10.50268229207222	1.0	10.52341501416553	0.987783595113438	17
k16_38ba0d45	ATGAGTGGAATCCACC	10.502572367297764	1.0	11.09387882028762	0.9109947643979057	595
k16_561e87a0	CCCGACTGGACTGGAA	10.50197684023518	1.0	11.256536907313736	0.9075043630017452	807
k16_b40587a0	GTCAAACCGACTGGAA	10.501301538171282	1.0	11.377292823279989	0.9075043630017452	981
k16_3a0d0772	ATGGAATCAACTCTAG	10.501263277778497	1.0	11.073694315273412	0.9912739965095986	572
k16_0a1e83b0	AAGGACTGGAATGTAA	10.500411914363086	1.0	12.311558947213394	0.9930191972076788	2947
k16_0e8b415c	AATGGAGTCAACCCTA	10.497901535812543	1.0	11.380570516151113	0.9109947643979057	991
k16_028090e8	AAAGGAAAGCAATGGA	10.49733752068682	0.9999731522001772	12.775888927918157	0.9720767888307156	5736
k16_3d4373e4	ATTCCAATCTATTGCA	10.49623647491512	1.0	11.171477701478103	0.9197207678883071	701
k16_3d4790fc	ATTCCACTGCAATTTA	10.496131323650589	1.0	11.568321364781998	0.9109947643979057	1295
k16_1d4f51d8	ACTCCATTCCACTCGA	10.494942527869137	0.9997522606218259	10.721139867438785	0.9982547993019197	1076
k16_0f53e7f5	AATTCCATTGCTTTCC	10.492336214829983	0.9999662481436479	11.578386502621438	0.93717277486911	1584
k16_53d4c531	CCATTCCATACCATAC	10.49122765503687	0.9999690708895212	11.704356421273287	0.9947643979057592	1838
k16_4542e83a	CACCCAAGTGGAATGG	10.491076950627363	1.0	11.219926033606303	0.9109947643979057	772
k16_8373d4f5	GAATCTATTCCATTCC	10.490949178956813	0.9995790212243466	10.481285792535077	0.9965095986038395	1481
k16_bc4b53d4	GTTACAGTCCATTCCA	10.490576194173588	1.0	11.08025107496174	0.9755671902268761	593
k16_51dfbf3d	CCACTCTTGTTTATTC	10.490366125332036	1.0	11.859323508196066	0.9947643979057592	1859
k16_3d47faf8	ATTCCACTTTGGTTGA	10.489411747882736	1.0	11.323296841242922	0.9895287958115183	919
k16_8760e031	GACTCGAATGAAATAC	10.487675108796358	1.0	10.510827501806045	0.9773123909249564	19
k16_1d8380c4	ACTCGAATGAAATACA	10.486319909766431	1.0	10.50947230277612	0.9773123909249564	19
k16_760e0310	CTCGAATGAAATACAA	10.486093919444947	1.0	10.509246312454634	0.9773123909249564	19
k16_3d4f5dde	ATTCCATTCCTCTCTG	10.484677863424183	1.0	11.660546603129207	0.9947643979057592	1479
k16_4f53e4f0	CATTCCATTGCATTAA	10.483902245313319	0.9999231271860707	11.258463191658672	0.9825479930191972	1262
k16_3d3343d4	ATTCATATCAATTCCA	10.483804613771811	1.0	11.865074696031499	0.9109947643979057	1885
k16_53d4e23d	CCATTCCATGAGATTC	10.482890175434783	1.0	11.468401188864304	0.9022687609075044	1151
k16_4f5353d4	CATTCCATCCATTCCA	10.482669383271585	0.9999874838855026	13.009328909016999	0.9947643979057592	6313
k16_0e8b4168	AATGGAGTCAACCGGA	10.481522797776961	1.0	10.485203230677062	0.9162303664921466	3
k16_ad4f53d0	GGTCCATTCCATTCAA	10.481218586719734	0.9999583437473964	11.274908756123644	0.9912739965095986	1078
k16_4f7ef0f5	CATTCTTGTTAATTCC	10.480190220226742	1.0	11.66689220022207	0.9092495636998255	1499
k16_4772f8f5	CACTCTAGTTGATTCC	10.476956067528969	1.0	11.681356940512105	0.9947643979057592	1532
k16_8f53c4f4	GATTCCATTACATTCA	10.476591215262417	0.9996252049660342	10.816702514014526	0.93717277486911	2842
k16_03a3e834	AAATGGATTGGAATCA	10.474362080021207	0.999633379395922	10.730335241037476	0.9825479930191972	2167
k16_53d3f5f1	CCATTCATTTCCTTAC	10.474139886340392	0.9999263541628309	11.320316961000572	0.9668411867364747	1386
k16_351403a0	ATCCACCAAAATGGAA	10.473976462816417	1.0	11.603997181126369	0.9109947643979057	1396
k16_4f53d334	CATTCCATTCATATCA	10.472999504727685	1.0	12.04026983766206	0.912739965095986	2306
k16_b51e4f50	GTCCACTGCATTCCAA	10.472740559322595	1.0	11.364044590280473	0.9109947643979057	1004
k16_57e4f5fd	CCCTTGCATTCCTTTC	10.47190509671055	0.9999418942475305	10.794944894611167	0.9389179755671903	451
k16_80e8b405	GAAATGGAGTCAAACC	10.470283347084534	1.0	11.351619258772383	0.900523560209424	989
k16_ba0e8740	GTGGAATGGACTCAAA	10.469145980340276	0.9999144714334588	11.104572504111703	0.9965095986038395	1038
k16_8e53d4f4	GATGCCATTCCATTCA	10.46741805815758	0.9998405485131149	10.206293517486735	0.9912739965095986	14
k16_4333d4f5	CAATATATTCCATTCC	10.467202496444992	1.0	11.269738146554424	0.9947643979057592	874
k16_3d4f5fd2	ATTCCATTCCTTTCAG	10.465308008018628	0.9996736596736596	10.455183912709025	0.9965095986038395	860
k16_140ba0e8	ACCAAAGTGGAATGGA	10.461426650030702	1.0	12.148743404243712	0.9947643979057592	2608
k16_7a0e8380	CTGGAATGGAATGAAA	10.460878150916187	0.9993869640879608	10.391175807505556	1.0	3634
k16_0ec3b028	AATGTAATGTAAAGGA	10.460022235799215	1.0	11.860962720110487	0.9790575916230366	1927
k16_38158b20	ATGAACCCGAGTAGAA	10.459232865723813	1.0	10.476328455178427	0.9685863874345549	14
k16_53d4f135	CCATTCCATTACATCC	10.45914205565815	1.0	11.634466992094065	0.9982547993019197	1478
k16_0e83a2c0	AATGGAATGGAGTAAA	10.454115364909471	0.9999527756133267	11.961260076021707	0.9947643979057592	2874
k16_ba0e83c0	GTGGAATGGAATTAAA	10.453824590237556	1.0	11.864500607851006	0.9912739965095986	1948
k16_283a0e40	AGGAATGGAATGCAAA	10.453766014014398	1.0	11.726867925002892	0.9947643979057592	1664
k16_3c0f50d8	ATTAAATTCCAATCGA	10.45221677546395	1.0	10.861261987970344	0.9057591623036649	385
k16_a0e83514	GGAATGGAATCCACCA	10.451476101044602	1.0	10.829664798183082	0.9546247818499127	352
k16_1c82a0e8	ACTAGAAGGGAATGGA	10.44840991968446	1.0	10.469142641777768	0.9755671902268761	17
k16_50ba0e80	CCAAGTGGAATGGAAA	10.446589863204919	1.0	12.51366706684452	0.9650959860383944	3747
k16_793d4369	CTGCATTCCAATCGGC	10.446448153864601	1.0	10.90906811035416	0.9092495636998255	444
k16_350ba0e8	ATCCAAGTGGAATGGA	10.443125143473578	1.0	10.449253992476889	0.9406631762652705	5
k16_0a0e83a4	AAGGAATGGAATGGCA	10.442618562698812	1.0	12.45685342638038	0.9982547993019197	3570
k16_1d83a0ea	ACTCGAATGGAATGGG	10.442548326490787	1.0	10.454780098057084	0.9825479930191972	10
k16_0283a3d8	AAAGGAATGGATTCGA	10.440246067495462	1.0	10.989359942343487	0.9930191972076788	544
k16_0f8bb0e8	AATTGAGTGTAATGGA	10.44001332887612	1.0	11.465899666504336	0.9267015706806283	1217
k16_0e83a2ac	AATGGAATGGAGGGTA	10.439232504998802	1.0	11.401604593557183	0.9965095986038395	1114
k16_51d2bf3d	CCACTCAGGTTTATTC	10.438018593179983	1.0	12.06138655925276	0.9860383944153578	2444
k16_3d5f57d4	ATTCCCTTCCCTTCCA	10.437471722215546	1.0	13.244855715497822	0.9982547993019197	7047
k16_477efcf5	CACTCTTGTTTATTCC	10.437144566159878	1.0	12.079917873605028	0.9947643979057592	2493
k16_3d4767f8	ATTCCACTCGCTTTGA	10.434471569300973	1.0	11.30375410684325	0.912739965095986	971
k16_1d8f51d4	ACTCGATTCCACTCCA	10.434063542709877	0.9998941164013694	11.260134822573034	0.9965095986038395	1572
k16_0a0d0142	AAGGAATCAAACCAAG	10.43326844198444	1.0	11.546352429343736	0.9092495636998255	1366
k16_3f53d414	ATTTCCATTCCAACCA	10.431611264862529	1.0	11.525832282568247	0.912739965095986	1333
k16_23d4f535	AGATTCCATTCCATCC	10.431528257743642	1.0	10.858958178059929	0.9057591623036649	405
k16_0c0f92e8	AATAAATTGCAGTGGA	10.431164318604973	1.0	11.593376101687824	0.9109947643979057	1454
k16_1f9fe3d4	ACTTGCTTTGATTCCA	10.42979943028629	1.0	11.260234703515062	0.9092495636998255	914
k16_be8320e8	GTTGGAATAGAATGGA	10.429567031637086	0.9997675319643549	10.812920579401307	0.9144851657940664	1335
k16_1e40a0e8	ACTGCAAAGGAATGGA	10.427493030572416	1.0	11.323425384967726	0.9162303664921466	1011
k16_5fdcf51d	CCTTTCTATTCCACTC	10.427329332996573	0.9995707847485514	10.681619884295044	0.9930191972076788	2908
k16_1dc753d4	ACTCTACTCCATTCCA	10.426446062328312	1.0	12.4452349178707	0.9930191972076788	3585
k16_0d42e83a	AATCCAAGTGGAATGG	10.426092267556488	1.0	10.430997427912894	0.93717277486911	4
k16_8e83a0e0	GATGGAATGGAATGAA	10.425691003758796	0.9998996865203762	11.64114817511423	0.9982547993019197	2713
k16_3c0f53e4	ATTAAATTCCATTGCA	10.425155589229558	0.9998911434294174	11.741295839064492	0.9982547993019197	3305
k16_4790fcf5	CACTGCAATTTATTCC	10.424824339167484	1.0	11.62922521215062	0.9109947643979057	1532
k16_0e83a0b8	AATGGAATGGAAGTGA	10.422961646393407	0.9999132675819001	12.36683106160294	1.0	6708
k16_0f43a0e4	AATTCAATGGAATGCA	10.422755258384859	1.0	11.353256984447613	0.9895287958115183	1064
k16_e8380d04	TGGAATGAAATCAACA	10.422575638088611	0.9996548803062153	10.71149990576472	0.9965095986038395	1939
k16_4e834168	CATGGAATCAACCGGA	10.422519522363235	1.0	11.387411083174593	0.9075043630017452	1118
k16_02834148	AAAGGAATCAACCAGA	10.42244849200563	1.0	12.042223663037108	0.9808027923211169	2435
k16_1a0e83b1	ACGGAATGGAATGTAC	10.422199696849093	1.0	10.89901190582461	0.9790575916230366	460
k16_0f839028	AATTGAATGCAAAGGA	10.420474648397452	1.0	12.06442760095981	0.9528795811518325	2496
k16_62d4353d	CGAGTCCAATCCATTC	10.42030029408216	1.0	11.209392209358532	0.9912739965095986	855
k16_7f93d435	CTTTGCATTCCAATCC	10.420257436411825	1.0	11.292898247318664	0.9895287958115183	976
k16_1dfbf3d4	ACTCTTGTTTATTCCA	10.418229638777161	1.0	12.085575172026903	0.9947643979057592	2556
k16_57d7f53d	CCCTTCCTTTCCATTC	10.417132608415804	0.9999356292243321	13.069206847517416	0.9982547993019197	14059
k16_3f476bf8	ATTTCACTCGGTTTGA	10.415984146422051	1.0	10.417212000915933	0.9616055846422339	1
k16_1deba3d4	ACTCTGGTGGATTCCA	10.415599629272966	1.0	10.826493891142341	0.9267015706806283	387
k16_3a0e80bc	ATGGAATGGAAAGTTA	10.415365988975493	1.0	11.22282318439139	0.9738219895287958	881
k16_34350ba0	ATCAATCCAAGTGGAA	10.411930026826775	1.0	10.425379291002985	0.9336823734729494	11
k16_53d5f50d	CCATTCCCTTCCAATC	10.411536424905833	0.9999136963838785	11.555066819133534	0.9982547993019197	2248
k16_4090e83a	CAAAGCAATGGAATGG	10.411223827045145	1.0	11.293226427029907	0.9947643979057592	990
k16_4353d4fd	CAATCCATTCCATTTC	10.409481058756205	1.0	12.234908964125767	0.9982547993019197	2988
k16_22ec3a0e	AGAGTGTAATGGAATG	10.408602675635555	1.0	11.49300929507581	0.9842931937172775	1316
k16_3dcf5fdc	ATTCTATTCCTTTCTA	10.408433068744703	0.9999317044853079	12.195745960415362	0.9912739965095986	4604
k16_0a0cefa0	AAGGAATATGTTGGAA	10.408355694932993	1.0	11.754302124014133	0.9109947643979057	1811
k16_53c4f41d	CCATTACATTCAACTC	10.40793806951526	1.0	10.875008120881823	0.9197207678883071	449
k16_3a2e8be2	ATGGAGTGGAGTTGAG	10.407710686811129	1.0	11.629069224093294	0.9930191972076788	1564
k16_3f5f14f5	ATTTCCTTACCATTCC	10.407687334659938	1.0	10.818581596529311	0.9546247818499127	387
k16_0f53d471	AATTCCATTCCACTAC	10.40709112241807	1.0	11.251276454682495	0.9755671902268761	934
k16_f4cd0f50	TTCATATCAATTCCAA	10.405647374750528	1.0	11.574976907398028	0.9022687609075044	1467
k16_383e8341	ATGAATTGGAATCAAC	10.404434933177207	1.0	11.705722530630473	0.987783595113438	1720
k16_3ba0e808	ATGTGGAATGGAAAGA	10.403095686423177	1.0	11.205631336532607	0.900523560209424	874
k16_dcf43d44	TCTATTCAATTCCACA	10.400524895003478	0.9999660372232033	11.569401297301113	0.9895287958115183	1747
k16_2d80a0e8	AGTCGAAAGGAATGGA	10.39939354346695	1.0	10.416489132921564	0.987783595113438	14
k16_0fc3a2e8	AATTTAATGGAGTGGA	10.39863075175047	0.9999537956845169	11.12546510759763	0.9965095986038395	976
k16_474af875	CACTCAGGTTGACTCC	10.397241501532122	1.0	11.550092154761787	0.987783595113438	1437
k16_6294f53d	CGAGGCCATTCCATTC	10.39709296897431	1.0	10.882704957217147	0.9965095986038395	470
k16_cd0f50d0	TATCAATTCCAATCAA	10.396695139102771	0.9997332825300057	10.746227242265268	0.9075043630017452	1436
k16_1d81a0e8	ACTCGAACGGAATGGA	10.395823038599389	0.9999471402896712	10.931398670602004	0.9912739965095986	709
k16_10e8390e	ACAATGGAATGCAATG	10.395681773477524	0.9998317135765072	11.517815909000607	0.9982547993019197	3557
k16_022e83a0	AAAGAGTGGAATGGAA	10.391863598406774	1.0	11.7825339942206	0.9965095986038395	1905
k16_0e80acd0	AATGGAAAGGTATCAA	10.39004329019719	0.9996949359365467	10.420888862219424	0.9162303664921466	791
k16_352d4f53	ATCCAGTCCATTCCAT	10.38899521576448	1.0	11.34947480847805	0.9965095986038395	1111
k16_283afa0e	AGGAATGGTTGGAATG	10.388020998048884	1.0	11.508468660149974	0.912739965095986	1379
k16_3d83a3e8	ATTCGAATGGATTGGA	10.386919298174115	1.0	10.39793254881872	0.987783595113438	9
k16_20e82a0e	AGAATGGAAGGGAATG	10.386663271490601	0.9999871531346352	13.839208143479736	1.0	14418
k16_4fd3c0f5	CATTTCATTAAATTCC	10.386610386419028	1.0	10.771399779737173	0.9860383944153578	359
k16_9390e834	GCATGCAATGGAATCA	10.385748642416912	0.9997474109623642	10.824742415996088	0.912739965095986	1603
k16_3a0eafa0	ATGGAATGGGTTGGAA	10.381882661440075	0.9998961659268489	11.591389757357522	0.9982547993019197	2697
k16_214f5ff8	AGACCATTCCTTTTGA	10.381249608304335	1.0	10.872989660668857	0.9912739965095986	477
k16_1a3a0e83	ACGGATGGAATGGAAT	10.37912802414244	1.0	10.7610922448028	0.987783595113438	356
k16_4f71dabd	CATTCTACTCGGGTTC	10.378620752844768	1.0	10.393286483053233	0.9616055846422339	12
k16_283a2d05	AGGAATGGAGTCAACC	10.375811285881612	1.0	11.76413733930952	0.9616055846422339	1900
k16_31cf93d4	ATACTATTGCATTCCA	10.37559657893045	1.0	12.518615534375437	0.9947643979057592	4013
k16_4f57d4fd	CATTCCCTTCCATTTC	10.375080421725379	1.0	13.390155456298272	0.9982547993019197	8320
k16_39078340	ATGCAACTGAATCAAA	10.374328418127485	1.0	11.929109509578087	0.9703315881326352	2276
k16_3ccf1fe4	ATTATATTACTTTGCA	10.373597742518854	1.0	12.392083445420655	0.912739965095986	3584
k16_0522e832	AACCAGAGTGGAATAG	10.37306112025741	1.0	11.904660624052706	0.9598603839441536	2221
k16_3abe83a0	ATGGGTTGGAATGGAA	10.372724035970679	0.9997517720715999	11.046356742646823	0.9982547993019197	2492
k16_0f03d4f5	AATTAAATTCCATTCC	10.369929986673604	0.9996559080586332	10.650840442003243	0.987783595113438	1770
k16_52cabe1d	CCAGTAGGGTTGACTC	10.369688250472963	1.0	11.179950237832681	0.9075043630017452	885
k16_0d0502e8	AATCAACCAAAGTGGA	10.36866399010198	1.0	11.151343829434651	0.9860383944153578	846
k16_1d4fd1d4	ACTCCATTTCACTCCA	10.36683789455704	0.9995785234270729	10.707874514129285	0.9930191972076788	3161
k16_3d775fd4	ATTCCTCTCCTTTCCA	10.366797384894648	0.9996344806579348	10.91342065826023	0.9773123909249564	3825
k16_5f44f53d	CCTTCACATTCCATTC	10.366652895315111	0.9999431301182894	10.825947259625016	0.9319371727748691	612
k16_4e5bc4b5	CATGCCGTTACAGTCC	10.365473013700363	1.0	10.38862540671005	0.9598603839441536	19
k16_513abe3d	CCACATGGGTTGATTC	10.364799399962209	1.0	10.369704560318615	0.9267015706806283	4
k16_2e83a024	AGTGGAATGGAAAGCA	10.364235067336551	1.0	12.374511476692481	0.9930191972076788	3557
k16_54ee83a0	CCCATGTGGAATGGAA	10.362754473242791	1.0	11.79361817569785	0.9808027923211169	1992
k16_0d03a0ec	AATCAAATGGAATGTA	10.36239195345734	0.9999117880561028	11.523519103539735	0.9965095986038395	2290
k16_60e83a11	CGAATGGAATGGACAC	10.362252650846344	0.99991452260877	10.238389260618504	0.9860383944153578	18
k16_5fc5753d	CCTTTACCCTCCATTC	10.360302150330314	1.0	10.80768827812472	0.9825479930191972	427
k16_24158ba0	AGCAACCCGAGTGGAA	10.359595471511383	1.0	10.920415034325375	0.9930191972076788	558
k16_0283a2d8	AAAGGAATGGAGTCGA	10.35677643729164	1.0	10.92838117587745	0.9912739965095986	571
k16_0ec3a8e8	AATGTAATGGGATGGA	10.356529136471206	0.9998141436669454	10.751622629381265	0.9930191972076788	1027
k16_2e8382e8	AGTGGAATGAAGTGGA	10.355082240322803	0.9999015675369737	11.66845432759569	1.0	2986
k16_3f0e83a1	ATTTAATGGAATGGAC	10.354849180013273	0.9996864712337357	10.785042199922005	0.9965095986038395	2091
k16_7f53dfbc	CTTTCCATTCTTGTTA	10.35450722509305	1.0	11.56794166907231	0.9075043630017452	1549
k16_542e80a0	CCCAAGTGGAAAGGAA	10.353704326276848	1.0	11.98977469715766	0.9511343804537522	2476
k16_53d4f629	CCATTCCATTCGAGGC	10.352308055465125	0.9998029944838456	10.36463024279856	0.9912739965095986	388
k16_3f8b43d4	ATTTGAGTCAATTCCA	10.35227615326841	0.9997954424579635	10.831321402168918	0.9755671902268761	1333
k16_4f12d0f5	CATTACAGTCAATTCC	10.35144529293459	0.9995515695067264	10.268731488717572	0.9092495636998255	1114
k16_8ba0e808	GAGTGGAATGGAAAGA	10.351359262133009	0.9999467471376586	12.251537225951056	1.0	4608
k16_8ba0d450	GAGTGGAATCCACCAA	10.35125482860088	1.0	11.111627908243143	0.9109947643979057	815
k16_0d094ae8	AATCAAGCCAGGTGGA	10.351146828344918	1.0	11.399777067634624	0.912739965095986	1255
k16_34153ba0	ATCAACCCATGTGGAA	10.350882851313932	1.0	10.354563284214032	0.9232111692844677	3
k16_353d4f71	ATCCATTCCATTCTAC	10.349805118707586	1.0	11.709219167841407	0.9930191972076788	1839
k16_5fd4f57d	CCTTTCCATTCCCTTC	10.349600937405178	0.9999756026153996	12.91395434577502	1.0	7250
k16_3a0e8880	ATGGAATGGAGAGAAA	10.349161857980004	1.0	12.482693903050949	0.9965095986038395	3979
k16_782e83ac	CTGAAGTGGAATGGTA	10.348062623717379	1.0	11.277919705962356	0.900523560209424	1063
k16_3a0d4522	ATGGAATCCACCAGAG	10.345641079947201	1.0	10.856473030802988	0.9267015706806283	499
k16_4f13f8b5	CATTACATTTGAGTCC	10.343694555246847	0.9998777904513606	11.053302152728781	0.9965095986038395	1359
k16_3f92fcf5	ATTTGCAGTTTATTCC	10.343600829379799	1.0	11.090861537628165	0.9057591623036649	797
k16_414f5fd4	CAACCATTCCTTTCCA	10.342884225569765	1.0	11.521468911180254	0.912739965095986	1484
k16_4ba0eb3a	CAGTGGAATGGTATGG	10.34201355848883	1.0	11.757302554541793	0.9232111692844677	1958
k16_3d4f51fe	ATTCCATTCCACTTTG	10.341875042984048	0.9999703782694985	11.766651205792748	0.9965095986038395	2314
k16_4e5fd4f5	CATGCCTTTCCATTCC	10.34180836933398	1.0	12.01609834772885	0.9912739965095986	2574
k16_396f12d4	ATGCCGTTACAGTCCA	10.341733863294097	1.0	10.362466585387406	0.9598603839441536	17
k16_0443a0e8	AACACAATGGAATGGA	10.341724821911173	0.9995489400090212	10.325246250308311	0.9965095986038395	1345
k16_53d7f03d	CCATTCCTTTAAATTC	10.340790350851206	0.9999593065841946	11.308635655971097	0.9825479930191972	1367
k16_2d03a0c8	AGTCAAATGGAATAGA	10.3399112532898	1.0	11.500475479812396	0.9965095986038395	1451
k16_0540e832	AACCCAAATGGAATAG	10.338922951493968	1.0	11.17004884901058	0.9633507853403142	915
k16_53d4d51d	CCATTCCATCCCACTC	10.337997019708258	0.9999529544599172	11.966733301893221	0.9965095986038395	3230
k16_0dbba0e8	AATCGTGTGGAATGGA	10.337041539483907	1.0	10.74793580135328	0.9773123909249564	387
k16_03e4ba0e	AAATTGCAGTGGAATG	10.336395001606752	1.0	11.605425054977701	0.9109947643979057	1656
k16_1d3fd3cc	ACTCATTTTCATTATA	10.336073652854274	1.0	11.746749670467723	0.912739965095986	1948
k16_53d7f71d	CCATTCCTTTCTACTC	10.335463749520164	1.0	12.307113318137372	0.9965095986038395	3432
k16_3c4f512a	ATTACATTCCACAGGG	10.33428404196593	1.0	11.483262387577657	0.9092495636998255	1430
k16_7f53d7f9	CTTTCCATTCCTTTGC	10.333582918769386	1.0	12.318637133706865	0.9633507853403142	3475
k16_3c47fef8	ATTACACTTTTGTTGA	10.333155093043645	1.0	11.654734982832036	0.9109947643979057	1761
k16_3d0f9fd4	ATTCAATTGCTTTCCA	10.332422385318264	0.9997893850042123	10.571244810243204	0.93717277486911	801
k16_7ba0ec39	CTGTGGAATGTAATGC	10.330577369593197	1.0	11.4999069022407	0.912739965095986	1467
k16_32028320	ATAGAAAGGAATAGAA	10.32910964896005	0.9999489396466623	12.312186704880443	0.9965095986038395	4950
k16_5112ce3c	CCACACAGTATGATTA	10.32794746755988	1.0	11.430773148227013	0.9022687609075044	1348
k16_0101e2e8	AAACAAACTGAGTGGA	10.327283493157191	1.0	11.560708398634196	0.9703315881326352	1587
k16_3cc353d4	ATTATAATCCATTCCA	10.32696486888361	0.9999710740215788	11.80093358485541	0.987783595113438	2435
k16_0e83a030	AATGGAATGGAAATAA	10.32614211720687	0.9999293248758768	12.769446913710501	0.9965095986038395	10648
k16_53d7f9fc	CCATTCCTTTGCTTTA	10.326050405067834	1.0	11.506262207410588	0.9075043630017452	1487
k16_63def53d	CGATTCTGTTCCATTC	10.325286002619666	1.0	10.341167174012478	0.9912739965095986	13
k16_03a2e8fa	AAATGGAGTGGATTGG	10.323991630308342	0.99981765134938	10.476126163470065	0.9476439790575916	547
k16_3dc751d4	ATTCTACTCCACTCCA	10.320019262189682	0.9998295583667904	11.588747403632988	0.9930191972076788	4364
k16_07e2e83a	AACTTGAGTGGAATGG	10.319961250829216	1.0	11.472811904058883	0.987783595113438	1437
k16_06f53d4f	AACGTTCCATTCCATT	10.318787573018465	1.0	10.778730868858942	0.9179755671902269	441
k16_80a0d054	GAAAGGAATCAACCCA	10.317917244114579	1.0	11.069561997921053	0.9581151832460733	803
k16_243a4e83	AGCAATGGCATGGAAT	10.317479942715453	1.0	11.805952428682772	0.9162303664921466	2121
k16_6e14f53d	CGTGACCATTCCATTC	10.31604446272292	1.0	10.340405171049245	0.9773123909249564	20
k16_3dfd4f51	ATTCTTTCCATTCCAC	10.313534427704907	1.0	12.243561598520646	0.9720767888307156	3301
k16_9353d4f5	GCATCCATTCCATTCC	10.312834798844642	0.9999569336778639	11.22689747389887	0.9965095986038395	1274
k16_3283a0e0	ATAGGAATGGAATGAA	10.308456207950405	1.0	11.648592090185343	0.9162303664921466	1799
k16_3d0793d4	ATTCAACTGCATTCCA	10.308326449052784	0.9999416399182959	11.655864520599238	0.9947643979057592	2450
k16_72d0f53d	CTAGTCAATTCCATTC	10.306186770446192	0.999933087989294	10.591459229691122	0.9790575916230366	409
k16_20e43a0d	AGAATGCAATGGAATC	10.305910663531565	0.9993624736024226	10.050147705756375	0.9947643979057592	1483
k16_4f7bdcf5	CATTCTGTTCTATTCC	10.30520648633853	0.9995038451997023	10.522820094698183	0.9965095986038395	3096
k16_477ae8f5	CACTCTGGTGGATTCC	10.304263732729396	1.0	10.831383233577737	0.9197207678883071	518
k16_3a013421	ATGGAAACATCAAGAC	10.302563255530826	1.0	10.996149199457827	0.9092495636998255	725
k16_0a83a1d8	AAGGGAATGGACTCGA	10.302119980599722	1.0	10.318001151992531	0.987783595113438	13
k16_3a0a8380	ATGGAAGGGAATGAAA	10.30049801798631	0.9999430240011395	12.457163050903457	1.0	6290
k16_3a0a80a0	ATGGAAGGGAAAGGAA	10.300363370508826	0.9998633790518506	12.445181886832657	1.0	16724
k16_53d4f4ed	CCATTCCATTCATGTC	10.299618435508313	1.0	11.429639153818266	0.9930191972076788	1396
k16_0e82a3ea	AATGGAAGGGATTGGG	10.299502986915442	1.0	11.095686165525493	0.9075043630017452	865
k16_8b50d4f5	GAGTCCAATCCATTCC	10.29823967362262	1.0	11.289941265671999	0.9947643979057592	1161
k16_0e8ea0e8	AATGGATGGGAATGGA	10.296085407009805	0.9997159987377722	10.8521234659489	1.0	2205
k16_3e83a0c0	ATTGGAATGGAATAAA	10.29582814089749	0.9999789358385642	12.258420867366878	0.9895287958115183	3890
k16_6ed4f5fd	CGTGTCCATTCCTTTC	10.295283746286248	1.0	10.317226811118088	0.9773123909249564	18
k16_52df8efd	CCAGTCTTGATGTTTC	10.294569776196171	1.0	10.977483002886466	0.900523560209424	711
k16_2e83a1f8	AGTGGAATGGACTTGA	10.294046867042585	1.0	11.083138782318956	0.9930191972076788	855
k16_0e8fa3e8	AATGGATTGGATTGGA	10.293419318850635	0.9991949102619487	10.082027397756663	1.0	4263
k16_5f53d4b2	CCTTCCATTCCAGTAG	10.291339869102133	0.999896960329727	10.835936244709927	0.9075043630017452	903
k16_53e4753d	CCATTGCACTCCATTC	10.28939629656561	0.9997245191926077	11.714341483765319	1.0	21766
k16_0d0420e8	AATCAACAAGAATGGA	10.28926156519617	1.0	11.932821409882798	0.9860383944153578	2495
k16_3def53e4	ATTCTGTTCCATTGCA	10.28881649586554	0.9997450150441124	11.337314817142033	0.9982547993019197	5130
k16_2d4f50d8	AGTCCATTCCAATCGA	10.288800893122106	1.0	10.777042382533887	0.9895287958115183	473
k16_8283a0f8	GAAGGAATGGAATTGA	10.286918319898172	1.0	11.941054659993474	0.9965095986038395	2522
k16_48ba0e80	CAGAGTGGAATGGAAA	10.284513123551477	1.0	12.423633256389483	0.987783595113438	3999
k16_3eee83e0	ATTGTGTGGAATTGAA	10.284153558918995	0.9996065831748738	10.578985372371415	0.9912739965095986	2105
k16_751d4750	CTCCACTCCACTCCAA	10.283365320880046	1.0	13.05071622523387	0.9982547993019197	6822
k16_40283add	CAAAAGGAATGGTCTC	10.282773891435815	1.0	10.66190739615751	0.9912739965095986	353
k16_2ea3a0e8	AGTGGGATGGAATGGA	10.282724146642009	0.9999589474116343	12.163288859811104	0.9947643979057592	4070
k16_1a3e83e0	ACGGATTGGAATTGAA	10.282580681958745	1.0	10.296029946134954	0.9598603839441536	11
k16_4f5fe4b5	CATTCCTTTGCAGTCC	10.28255571533662	1.0	11.080859493875089	0.9144851657940664	868
k16_0ba0eb32	AAGTGGAATGGTATAG	10.281139114639833	1.0	11.416202321421506	0.9057591623036649	1405
k16_4febf835	CATTTGGTTTGAATCC	10.279191527332811	1.0	11.368225005050071	0.9162303664921466	1324
k16_0e43a0fc	AATGCAATGGAATTTA	10.279151769312715	0.9999036088834053	11.916738710142832	1.0	4423
k16_3a0e8fa1	ATGGAATGGATTGGAC	10.27793873168571	1.0	11.87027522908726	1.0	2367
k16_a0283a1c	GGAAAGGAATGGACTA	10.277485569299724	0.9998697492673396	10.497977267609867	0.9790575916230366	485
k16_4f4fd7c5	CATTCATTTCCTTACC	10.274673960328514	1.0	11.598218389792907	0.9650959860383944	1765
k16_1f83a0f8	ACTTGAATGGAATTGA	10.27397781171306	0.9993928617893231	10.046356457184094	0.9912739965095986	1322
k16_af8fd1d4	GGTTGATTTCACTCCA	10.273560335025861	1.0	11.265261927075242	0.9825479930191972	1161
k16_1dcbe3d4	ACTCTAGTTGATTCCA	10.273281374221026	1.0	11.670029291445749	0.9947643979057592	1918
k16_3a3e87a0	ATGGATTGGACTGGAA	10.272752935783803	0.9997812354726681	11.139362791045937	0.9965095986038395	2789
k16_36ee83a0	ATCGTGTGGAATGGAA	10.272113123536304	0.9997335819901425	10.232257125242135	0.9808027923211169	454
k16_7a0e43a1	CTGGAATGCAATGGAC	10.270920202325987	1.0	11.434229312094223	0.9755671902268761	1456
k16_4b6af8fd	CAGTCGGGTTGATTTC	10.269760209477159	1.0	10.81803431816195	0.9825479930191972	543
k16_d14f53d4	TCACCATTCCATTCCA	10.269679452308777	0.9999836835922203	12.626834740320591	0.9982547993019197	5483
k16_4bb0e83a	CAGTGTAATGGAATGG	10.267434448668087	1.0	11.842559076830485	0.9965095986038395	2325
k16_3b0ea3a0	ATGTAATGGGATGGAA	10.267398998216406	0.9997833903738682	10.748743846590797	0.9965095986038395	1337
k16_314f51f4	ATACCATTCCACTTCA	10.266218994886813	1.0	11.405191988513378	0.9109947643979057	1412
k16_7f62d7f5	CTTTCGAGTCCTTTCC	10.265282929891281	1.0	10.28722599472312	0.9773123909249564	18
k16_4bf3d4f4	CAGTTTATTCCATTCA	10.265098714594991	0.9999214361472286	11.227079233115479	0.912739965095986	1600
k16_42e4f53d	CAAGTGCATTCCATTC	10.262439590467155	1.0	10.273452841111759	0.9773123909249564	9
k16_28ba0eb1	AGGAGTGGAATGGTAC	10.26204736159416	1.0	10.812000514077383	0.9703315881326352	545
k16_20e83a4d	AGAATGGAATGGCATC	10.261354427443072	0.9998977975369207	10.84770208021309	0.9930191972076788	964
k16_341083a0	ATCAACAAGAATGGAA	10.258943061770147	1.0	11.91151739784438	0.9860383944153578	2518
k16_0ec3acc8	AATGTAATGGTATAGA	10.258584431385199	1.0	11.14058703136996	0.9703315881326352	990
k16_0fa0eb3a	AATTGGAATGGTATGG	10.257842959224517	0.9998678035560843	10.476594869491963	0.9685863874345549	483
k16_108ba3e8	ACAAGAGTGGATTGGA	10.255361017318615	1.0	11.155248722355347	0.9092495636998255	1017
k16_3a0c0422	ATGGAATAAACAAGAG	10.255341052223319	1.0	11.996562007318692	0.9842931937172775	2752
k16_53dcf504	CCATTCTATTCCAACA	10.252649201039944	1.0	11.330669563862626	0.9022687609075044	1305
k16_0e8340d1	AATGGAATCAAATCAC	10.250210427112453	0.9999642295035055	11.49460580405007	0.9860383944153578	1904
k16_a0ec390c	GGAATGTAATGCAATA	10.249494503577425	0.9995910020449897	10.236674042207525	0.912739965095986	980
k16_0ccf53d4	AATATATTCCATTCCA	10.248978625506059	1.0	11.594441735190436	0.9965095986038395	1810
k16_720e83a1	CTAGAATGGAATGGAC	10.247484444613562	1.0	10.97707452170253	0.9930191972076788	773
k16_4fd3d7f1	CATTTCATTCCTTTAC	10.246939456087723	1.0	11.491294030591101	0.9162303664921466	1608
k16_363e83a1	ATCGATTGGAATGGAC	10.244740215011927	1.0	10.260621386404736	0.9790575916230366	13
k16_5f53f4f5	CCTTCCATTTCATTCC	10.241945889826383	1.0	12.144966310342843	1.0	3218
k16_0e87b069	AATGGACTGTAACGGC	10.238950308115841	1.0	10.258471671206186	0.9598603839441536	16
k16_51febe3d	CCACTTTGGTTGATTC	10.238091925495874	1.0	11.112743954504682	0.987783595113438	979
k16_1f83a0c8	ACTTGAATGGAATAGA	10.234974808343587	0.9999536113559401	11.987016384497375	0.9982547993019197	3623
k16_354f53d5	ATCCCATTCCATTCCC	10.23461781409045	1.0	11.764942090833655	0.9755671902268761	2218
k16_11d4753d	ACACTCCACTCCATTC	10.233967725212342	1.0	12.262725048301672	0.9982547993019197	3618
k16_502e83a0	CCAAAGTGGAATGGAA	10.23167668542492	1.0	12.161059000293633	0.9947643979057592	3299
k16_0e81a3d8	AATGGAACGGATTCGA	10.231636086615138	1.0	10.241429786287748	0.9720767888307156	8
k16_4bd7f53d	CAGTTCCTTTCCATTC	10.230889428578047	0.999861195935817	11.390707003057832	0.9616055846422339	2845
k16_ba0e8020	GTGGAATGGAAAAGAA	10.229404274084478	1.0	12.61315437245939	0.9947643979057592	4955
k16_3a428390	ATGGCAAGGAATGCAA	10.227601720790044	1.0	10.935546925345054	0.9284467713787086	744
k16_0293a0e8	AAAGGCATGGAATGGA	10.227230958505466	0.99996303347319	12.31452262414699	1.0	4878
k16_20283a1d	AGAAAGGAATGGACTC	10.22677380749547	1.0	10.585935241580648	0.9842931937172775	332
k16_02c3a0e4	AAAGTAATGGAATGCA	10.226043537958182	0.999804427755613	10.896116749400832	0.9895287958115183	1688
k16_0e90a0e4	AATGGCAAGGAATGCA	10.225360021027097	1.0	11.028599777779107	0.93717277486911	875
k16_5f50d4f5	CCTTCCAATCCATTCC	10.22412872517981	0.9999559820406726	11.195375982819947	0.9860383944153578	1373
k16_bd4fd1d4	GTTCCATTTCACTCCA	10.223656568396072	0.9993043132578017	10.057128816292296	0.9598603839441536	2209
k16_7d474ef8	CTTCCACTCATGTTGA	10.221633629333404	1.0	10.789099759529938	0.9075043630017452	566
k16_0f53ecf5	AATTCCATTGTATTCC	10.219801389721296	0.9996354157172285	10.967464744911894	0.9912739965095986	4992
k16_4133d7f4	CAACATATTCCTTTCA	10.218798023633328	1.0	11.31129193306817	0.9075043630017452	1330
k16_0e83a0f9	AATGGAATGGAATTGC	10.218376660305166	0.9997464561484384	11.156388328384383	0.9982547993019197	3708
k16_20e8fa0e	AGAATGGATTGGAATG	10.217931263960105	0.999966588706983	13.227141096669724	1.0	12304
k16_3a0e4be0	ATGGAATGCAGTTGAA	10.217119919162924	0.9999326848641917	11.449959147840358	0.9755671902268761	2173
k16_2d3f53d4	AGTCATTTCCATTCCA	10.215716659646645	0.9998730964467005	11.301976830671894	0.9947643979057592	2380
k16_0e40a0ec	AATGCAAAGGAATGTA	10.21267662857978	1.0	11.873044127694405	0.9581151832460733	2538
k16_53fafe0d	CCATTTGGTTTGAATC	10.212352260430832	1.0	11.363544625773047	0.9179755671902269	1434
k16_9f9f53d4	GCTTGCTTCCATTCCA	10.211089753473082	1.0	11.087081038581792	0.900523560209424	981
k16_20e8343d	AGAATGGAATCAATTC	10.209057872144266	1.0	11.499338100499717	0.987783595113438	1698
k16_5f51d4f5	CCTTCCACTCCATTCC	10.208109541103118	1.0	12.593036010659526	1.0	4960
k16_0120e83a	AAACAGAATGGAATGG	10.207701009110563	0.9999073301825595	11.755479101568827	0.9947643979057592	3720
k16_0f53d7f6	AATTCCATTCCTTTCG	10.207100882491291	0.9999517863169568	11.064072557819083	0.9912739965095986	1179
k16_2d4f51e4	AGTCCATTCCACTGCA	10.204454854553537	1.0	11.358409975043754	0.9965095986038395	1439
k16_444b38f1	CACACAGTATGATTAC	10.204393789339331	1.0	11.407194614357477	0.9022687609075044	1529
k16_4f40c0f5	CATTCAAATAAATTCC	10.203110561954832	1.0	11.135544492981785	0.9075043630017452	1067
k16_3a3a83a0	ATGGATGGGAATGGAA	10.202899990886793	0.9997249640925343	10.89840117043336	1.0	2548
k16_2e83a008	AGTGGAATGGAAAAGA	10.202355918747433	1.0	12.707699429013473	0.9947643979057592	5494
k16_bf8753f4	GTTTGACTCCATTTCA	10.200070954123547	0.9998762784559552	11.035566608256163	0.9075043630017452	1590
k16_73c7f53d	CTATTACTTTCCATTC	10.199559684990001	1.0	11.737518470665613	0.9895287958115183	2236
k16_03a0e936	AAATGGAATGGCATCG	10.19927857610091	1.0	10.541098239072824	0.9808027923211169	314
k16_3a028342	ATGGAAAGGAATCAAG	10.198770601126357	0.9999686805098813	11.6862654067625	0.9301919720767888	2469
k16_1cba0e83	ACTAGTGGAATGGAAT	10.198555633382025	0.9999463202533684	10.909198503851083	0.9895287958115183	952
k16_a0e87a01	GGAATGGACTGGAAAC	10.196616822937681	1.0	11.061184605833157	0.9965095986038395	964
k16_08ba3e81	AAGAGTGGATTGGAAC	10.196054041322219	1.0	11.027179938838831	0.9075043630017452	915
k16_b90e03a0	GTGCAATGAAATGGAA	10.193913938505434	0.999940001199976	11.615920765300313	0.9668411867364747	2642
k16_2e83a020	AGTGGAATGGAAAGAA	10.192094646704396	0.9999675118987671	12.500808863602359	1.0	5882
k16_0107a0e8	AAACAACTGGAATGGA	10.191357822877867	1.0	11.49911051699632	0.9755671902268761	1733
k16_2ce3c4fd	AGTATGATTACATTTC	10.19055720607937	1.0	11.253369444707507	0.9022687609075044	1279
k16_7efcf53d	CTTGTTTATTCCATTC	10.18679965635203	1.0	11.929489574466805	0.9808027923211169	2756
k16_0ec3a1d0	AATGTAATGGACTCAA	10.185355847297025	1.0	11.04451640454851	0.9912739965095986	956
k16_3e0b53d4	ATTGAAGTCCATTCCA	10.184434135436497	0.9998445756916382	10.243179283326748	0.9860383944153578	309
k16_0242e83a	AAAGCAAGTGGAATGG	10.184376544919868	1.0	11.316080051751172	0.9109947643979057	1399
k16_3a0e43f0	ATGGAATGCAATTTAA	10.183070074111557	1.0	12.034942006734422	0.9982547993019197	3065
k16_4f82d4f5	CATTGAAGTCCATTCC	10.18115023516071	0.9998450573287884	10.247654577933115	0.987783595113438	317
k16_47d2fcf5	CACTTCAGTTTATTCC	10.17968572386353	1.0	11.405252715005735	0.912739965095986	1572
k16_0f53d4d5	AATTCCATTCCATCCC	10.178605498868471	0.9996746746746746	10.902759408955149	0.9965095986038395	3448
k16_43d4f5f5	CAATTCCATTCCTTCC	10.176301449392183	1.0	11.908307342380995	0.9965095986038395	2727
k16_0c8350d4	AATAGAATCCAATCCA	10.175943040789159	1.0	11.75353911523319	0.912739965095986	2331
k16_02834252	AAAGGAATCAAGCCAG	10.175718620936266	1.0	11.35376052624403	0.912739965095986	1483
k16_ba0e8080	GTGGAATGGAAAGAAA	10.175503626160143	0.9999666444296198	12.462796809122494	1.0	5778
k16_4f53e7f9	CATTCCATTGCTTTGC	10.174277611773533	1.0	11.629537137676849	0.9965095986038395	2046
k16_3a0a83a1	ATGGAAGGGAATGGAC	10.17272610214062	1.0	11.005232257209116	0.9965095986038395	917
k16_e43a0e40	TGCAATGGAATGCAAA	10.172448206138684	1.0	12.250912925086762	0.9982547993019197	3786
k16_4f53e3f5	CATTCCATTGATTTCC	10.169930425611971	0.9999296047305621	11.385426611330628	0.9895287958115183	2133
k16_4762e8f5	CACTCGAGTGGATTCC	10.169532381380321	1.0	10.739483101011123	0.9424083769633508	569
k16_28090e83	AGGAAAGCAATGGAAT	10.168618092542602	0.9999458508190063	11.763886377977933	0.9720767888307156	3129
k16_0e83a1e0	AATGGAATGGACTGAA	10.168579118593504	1.0	12.959373071346219	0.9982547993019197	6953
k16_353c4743	ATCCATTACACTCAAT	10.167421613787907	1.0	11.189078893926	0.9075043630017452	1210
k16_ac0f53d4	GGTAAATTCCATTCCA	10.167408692427882	1.0	12.003197177881646	0.9947643979057592	3018
k16_53d4f20d	CCATTCCATTAGAATC	10.167345228400578	1.0	11.022437024982024	0.9912739965095986	950
k16_3dcf5354	ATTCTATTCCATCCCA	10.166457094643873	0.9999584406948716	12.609192380214342	0.9720767888307156	7248
k16_3d45e9f8	ATTCCACCTGGCTTGA	10.165818341390136	1.0	11.412763059038426	0.912739965095986	1613
k16_3e83a0d4	ATTGGAATGGAATCCA	10.162916568292653	0.9998073959938367	10.700184347477188	0.9458987783595113	1255
k16_0e8390fc	AATGGAATGCAATTTA	10.158300276570218	0.9999294300298747	11.845389857566405	0.9982547993019197	3814
k16_c3a02334	TAATGGAAAGATATCA	10.15762532183302	1.0	11.383717507572237	0.9912739965095986	1573
k16_472e83a0	CACTAGTGGAATGGAA	10.154419622091714	1.0	11.113636170314129	0.9895287958115183	1109
k16_8343d4f5	GAATCAATTCCATTCC	10.153336585161027	0.999951580884133	11.05794076216376	0.9947643979057592	1258
k16_51f9fe3d	CCACTTGCTTTGATTC	10.153131265928023	1.0	11.208278898396639	0.9092495636998255	1266
k16_14f5ff8b	ACCATTCCTTTTGAGT	10.152518549419364	0.9999242711094283	10.412979281728624	0.9912739965095986	382
k16_4f52c4f5	CATTCCAGTACATTCC	10.151669933391416	0.999825327510917	11.059143316783365	0.9965095986038395	2200
k16_3dabe3e4	ATTCGGGTTGATTGCA	10.151184595333337	1.0	10.876322988169703	0.9790575916230366	767
k16_354f53dc	ATCCCATTCCATTCTA	10.151122111667066	0.9999251777029555	11.760987775804669	0.9982547993019197	3554
k16_8ea3a0e8	GATGGGATGGAATGGA	10.15058404447165	1.0	12.545587904743181	0.9755671902268761	5003
k16_4e53f4f5	CATGCCATTTCATTCC	10.1504497161061	1.0	12.117393789023968	1.0	3417
k16_0e83a1f4	AATGGAATGGACTTCA	10.148962425191757	1.0	11.815534285961855	0.9825479930191972	2554
k16_1d8ba3d4	ACTCGAGTGGATTCCA	10.148209861938193	1.0	10.724765309951467	0.9336823734729494	577
k16_0e83a1da	AATGGAATGGACTCGG	10.147230596458613	1.0	10.169173661290452	0.9773123909249564	18
k16_301e0ba0	ATAAACTGAAGTGGAA	10.145473304961357	1.0	11.388271558531965	0.912739965095986	1605
k16_834150b9	GAATCAACCCAAGTGC	10.145383600291154	1.0	15.05849684756963	0.9930191972076788	34212
k16_5f5fd4f5	CCTTCCTTTCCATTCC	10.145002747829018	1.0	14.19026599641893	0.9982547993019197	18216
k16_041e83a0	AACAACTGGAATGGAA	10.14418007388449	0.9999215255434356	11.228721345309355	0.9755671902268761	1846
k16_83a0d0d4	GAATGGAATCAATCCA	10.144097715439544	0.999952595401754	11.088479137821036	0.9668411867364747	1326
k16_0d0d42e8	AATCAATCCAAGTGGA	10.142121068328418	1.0	10.510827501806045	0.9458987783595113	342
k16_0ebe83a0	AATGGTTGGAATGGAA	10.141079400567449	1.0	11.877515869737955	0.912739965095986	2739
k16_34090ba0	ATCAAAGCAAGTGGAA	10.140808472856664	1.0	11.186466499611678	0.9075043630017452	1250
k16_283b0ec3	AGGAATGTAATGTAAT	10.140611270798168	1.0	11.905519505082	0.9947643979057592	2817
k16_af8fdfd4	GGTTGATTTCTTTCCA	10.140564465357938	1.0	11.261577010253204	0.9930191972076788	1380
k16_8083a0e4	GAAAGAATGGAATGCA	10.139790514110398	0.9997298340409109	10.727694910724548	0.9668411867364747	1905
k16_3a0c0782	ATGGAATAAACTGAAG	10.139603288871761	1.0	11.51473015675519	0.912739965095986	1872
k16_3d4353fc	ATTCCAATCCATTTTA	10.138846395674198	0.9999274126229448	11.34119709509582	0.9790575916230366	2103
k16_3a0e8ab0	ATGGAATGGAGGGTAA	10.138409609549496	1.0	11.303363145987786	0.9965095986038395	1459
k16_0483a0e0	AACAGAATGGAATGAA	10.137812743508542	0.9999830220713073	12.569505152574978	0.9965095986038395	5836
k16_453d4f62	CACCATTCCATTCGAG	10.137760561683587	1.0	10.153641733076396	0.9773123909249564	13
k16_53d4f711	CCATTCCATTCTACAC	10.136980439925185	0.9997083591556998	10.724558814002716	0.9965095986038395	2092
k16_54d4f53d	CCCATCCATTCCATTC	10.135490561139854	0.9996774453673091	10.579212293899577	1.0	1782
k16_322ec0a0	ATAGAGTGTAAAGGAA	10.131330335009725	1.0	10.692982395265748	0.9703315881326352	559
k16_038ba0d4	AAATGAGTGGAATCCA	10.13002806832026	1.0	11.239131377081243	0.9109947643979057	1359
k16_3a0e93a4	ATGGAATGGCATGGCA	10.12810943792482	1.0	11.214252868601251	0.9947643979057592	1319
k16_1fafe3d7	ACTTGGTTTGATTCCT	10.128054472687857	1.0	11.67738980102465	0.9092495636998255	2263
k16_80a0e831	GAAAGGAATGGAATAC	10.127591743617446	0.9998485919047139	10.744297673200442	0.9825479930191972	1201
k16_0f03d436	AATTAAATTCCAATCG	10.126815847476037	1.0	10.68430060831928	0.9040139616055847	554
k16_53c4b43d	CCATTACAGTCAATTC	10.126563873965544	0.9996364627828774	10.406658377471796	0.9092495636998255	1465
k16_3a0e8bbc	ATGGAATGGAGTGTTA	10.12588430507692	0.9999263622974963	10.453355063185285	0.9860383944153578	456
k16_1d4fd3dc	ACTCCATTTCATTCTA	10.124648265547538	1.0	10.978381254588054	0.9528795811518325	948
k16_40483a0e	CAAACAGAATGGAATG	10.123702487131911	0.9998988911731994	11.326691783372501	0.9912739965095986	2392
k16_5d2be3d4	CCTCAGGTTGATTCCA	10.12359252966761	1.0	11.176965609177795	0.924956369982548	1263
k16_73f8303d	CTATTTGAATAAATTC	10.122656616417666	1.0	11.01130920928833	0.9825479930191972	1000
k16_3b0ec0a0	ATGTAATGTAAAGGAA	10.118386064594686	1.0	11.828408160726053	0.9720767888307156	2668
k16_13f4f51d	ACATTTCATTCCACTC	10.118054967282074	0.9999664542099966	11.587219329391527	0.987783595113438	2423
k16_bc3c0f50	GTTAATTAAATTCCAA	10.117180075349847	1.0	11.259495902116875	0.9109947643979057	1418
k16_5fd4f70d	CCTTTCCATTCTAATC	10.116787412396492	1.0	11.380199830153314	0.9685863874345549	1645
k16_5357f53d	CCATCCCTTTCCATTC	10.11605571718635	0.9992507636447467	10.038478376413085	0.9947643979057592	3016
k16_310e8390	ATACAATGGAATGCAA	10.115156830617437	0.9997427542445549	10.994874566051143	0.9982547993019197	3055
k16_790283a0	CTGCAAAGGAATGGAA	10.114979624340894	1.0	11.25673884986289	0.912739965095986	1417
k16_07a0f839	AACTGGAATTGAATGC	10.11177175778422	0.9998544395924308	11.104123322104005	0.9092495636998255	2156
k16_3e82a0e8	ATTGGAAGGGAATGGA	10.111070494439701	0.9998356569612972	11.313197392008552	0.9982547993019197	3252
k16_4771d4f5	CACTCTACTCCATTCC	10.110028468425144	1.0	12.443727963182948	0.9930191972076788	4746
k16_82d4f53d	GAAGTCCATTCCATTC	10.109846408707098	0.9997981157469717	11.016404262493209	0.9581151832460733	2432
k16_5053d7f5	CCAACCATTCCTTTCC	10.107565246007296	1.0	11.501043833391432	0.912739965095986	1911
k16_53d4f02d	CCATTCCATTAAAGTC	10.10353678956283	0.9998576005695977	10.369384589433503	0.9860383944153578	538
k16_4f5314c5	CATTCCATACCATACC	10.101689882414137	1.0	11.80116060528173	0.9930191972076788	2640
k16_3a2e83a8	ATGGAGTGGAATGGGA	10.101586028148276	0.9998411437648927	11.196056846516276	0.9947643979057592	2667
k16_8390e831	GAATGCAATGGAATAC	10.101177213777197	1.0	11.554643721065172	0.9825479930191972	2042
k16_4befd4f5	CAGTTGTTTCCATTCC	10.10007484186405	1.0	11.587233386817067	0.987783595113438	2118
k16_3d7b93d4	ATTCCTGTGCATTCCA	10.098755393120538	1.0	11.091691919625637	0.9773123909249564	1163
k16_53d4febd	CCATTCCATTTGGTTC	10.098632599020076	1.0	11.815397196558829	0.9860383944153578	2686
k16_4f50d4b5	CATTCCAATCCAGTCC	10.09826129725073	1.0	10.949272825778564	0.9930191972076788	944
k16_402ec3a0	CAAAAGTGTAATGGAA	10.098234900653527	1.0	11.659274127540854	0.9109947643979057	2291
k16_0a83a0fc	AAGGGAATGGAATTTA	10.098062072825282	0.9999670043224338	11.611067848408322	1.0	2534
k16_3a0243a4	ATGGAAAGCAATGGCA	10.09785602593832	1.0	11.79505566531126	0.912739965095986	2634
k16_0e83f3f8	AATGGAATTTATTTGA	10.097500524211199	1.0	11.83541083359616	0.9965095986038395	2743
k16_53d4befd	CCATTCCAGTTGTTTC	10.096265035770982	1.0	11.40500979369806	0.9650959860383944	1735
k16_bb53d4f4	GTGTCCATTCCATTCA	10.094784456617624	0.99978905920405	10.266066711484033	0.9790575916230366	570
k16_ba028390	GTGGAAAGGAATGCAA	10.093479683094852	1.0	11.495350196692435	0.9947643979057592	1929
k16_53d4f42c	CCATTCCATTCAAGTA	10.0932517941666	0.999938491819412	10.712885661890272	0.9930191972076788	822
k16_314c53d4	ATACCATACCATTCCA	10.092602143724033	0.9995722578673999	10.551737007814134	0.9947643979057592	2844
k16_51d2fefd	CCACTCAGTTTGTTTC	10.09250698836306	1.0	11.22757019514473	0.9616055846422339	1405
k16_3902c330	ATGCAAAGTAATATAA	10.090816357743464	1.0	12.4472417453458	0.912739965095986	4840
k16_2e83a2c8	AGTGGAATGGAGTAGA	10.089324975815382	0.9999695019671231	11.724600746915852	0.9947643979057592	2862
k16_af7e53d4	GGTTCTTGCCATTCCA	10.087329030303836	1.0	10.930829963154162	0.9860383944153578	933
k16_e83a0e44	TGGAATGGAATGCACA	10.086469744587713	1.0	10.663025192600989	0.987783595113438	577
k16_0e03415c	AATGAAATCAACCCTA	10.086349347378192	1.0	11.100119621624703	0.9825479930191972	1197
k16_0e83a3d4	AATGGAATGGATTCCA	10.08228885253865	0.9998869758505067	11.166002667808849	0.9965095986038395	2109
k16_3a0c0f92	ATGGAATAAATTGCAG	10.082120523837789	1.0	11.704291885428873	0.912739965095986	2441
k16_390e8381	ATGCAATGGAATGAAC	10.081810557698669	1.0	11.42485463864851	0.987783595113438	1805
k16_0383a0d4	AAATGAATGGAATCCA	10.081317663854097	0.9999089943879873	11.478545335675813	0.912739965095986	2906
k16_4f73dcc5	CATTCTATTCTATACC	10.080780110489123	1.0	11.334437517726538	0.9406631762652705	1626
k16_4b53d476	CAGTCCATTCCACTCG	10.079786452765681	0.9996452139359966	10.037041721455386	0.9860383944153578	572
k16_83a0c0f9	GAATGGAATAAATTGC	10.079481155711672	1.0	11.508977362683416	0.9109947643979057	1989
k16_1383a0e8	ACATGAATGGAATGGA	10.075488518230502	1.0	12.642660942568066	0.9982547993019197	5786
k16_30108ba3	ATAAACAAGAGTGGAT	10.074000441929703	1.0	11.17625407229759	0.9092495636998255	1347
k16_390e8322	ATGCAATGGAATAGAG	10.070735336799363	0.9998591152437306	10.848195357213003	0.987783595113438	1481
k16_8320d054	GAATAGAATCAACCCA	10.070605542447572	1.0	11.271804542967075	0.9895287958115183	1526
k16_3a0e87f0	ATGGAATGGACTTTAA	10.068064266057409	0.9997868258367086	10.250878440148455	0.9860383944153578	584
k16_3d4d51d4	ATTCCATCCCACTCCA	10.067795162615809	0.9999405769973557	11.629830098996603	0.9965095986038395	3031
k16_4fdfc4f5	CATTTCTTTACATTCC	10.067401205137521	1.0	11.64293803513764	0.9284467713787086	2326
k16_1fafe3d4	ACTTGGTTTGATTCCA	10.067210846149429	1.0	11.821234796001805	0.9720767888307156	2787
k16_3a0ea320	ATGGAATGGGATAGAA	10.065585429739796	0.999879741203069	11.597594267133411	0.9825479930191972	4028
k16_4350ba0e	CAATCCAAGTGGAATG	10.064513663186343	1.0	10.478177063194064	0.9389179755671903	390
k16_3fd3ccf1	ATTTTCATTATATTAC	10.06335343531459	1.0	12.090001983020802	0.912739965095986	3611
k16_0e83b150	AATGGAATGTACCCAA	10.063263260489508	1.0	10.614055202647954	0.9755671902268761	546
k16_0420e80a	AACAAGAATGGAAAGG	10.063118127262424	1.0	11.557706564687265	0.9075043630017452	2135
k16_83a0e8f5	GAATGGAATGGATTCC	10.062929619575247	0.9998047447037001	10.680464927309787	0.9947643979057592	1394
k16_4b7e3bf5	CAGTCTTGATGTTTCC	10.060598270290177	1.0	11.000094894753763	0.9092495636998255	1078
k16_3b0e8040	ATGTAATGGAAACAAA	10.05944888648022	1.0	12.644951373919023	0.9895287958115183	5875
k16_3d47e7f8	ATTCCACTTGCTTTGA	10.059293640787267	1.0	11.193797440626415	0.9075043630017452	1404
k16_3c83a028	ATTAGAATGGAAAGGA	10.059282479041332	1.0	11.977982844439811	0.9668411867364747	3266
k16_4b51e4f5	CAGTCCACTGCATTCC	10.057074325442164	1.0	11.641649926420628	0.9284467713787086	2348
k16_1280a0e8	ACAGGAAAGGAATGGA	10.055717481291897	0.9998925347470985	11.238748071843409	0.9738219895287958	2343
k16_43d4f9fd	CAATTCCATTGCTTTC	10.054846758474367	1.0	11.44129459128771	0.9214659685863874	1896
k16_17a7e3d7	ACCTGGCTTGATTCCT	10.05213546792433	1.0	11.434348342608766	0.912739965095986	1887
k16_03415c3a	AAATCAACCCTAATGG	10.051937109346515	1.0	10.515448183619549	0.9424083769633508	445
k16_1ffbe3d4	ACTTTTGTTGATTCCA	10.05158164842804	1.0	13.338541061944143	0.912739965095986	10289
k16_3a0f0420	ATGGAATTAACAAGAA	10.050109396646311	1.0	12.20724276292292	0.9650959860383944	4064
k16_4f5357f4	CATTCCATCCCTTTCA	10.049783977570204	0.9999658166404595	11.560063992410615	0.912739965095986	2527
k16_3a8e8320	ATGGGATGGAATAGAA	10.049027404252595	0.9999601704703868	12.670520680528767	0.9790575916230366	8359
k16_3a2e8fa1	ATGGAGTGGATTGGAC	10.048872565920718	1.0	10.062321830096927	0.956369982547993	11
k16_3d4fd4f5	ATTCCATTTCCATTCC	10.046838721147152	0.9997910447761194	11.098324794399462	0.9912739965095986	3072
k16_0e8301e8	AATGGAATAAACTGGA	10.044837250276112	0.9998909725250763	11.73903277570123	0.9930191972076788	4647
k16_2e8380ec	AGTGGAATGAAATGTA	10.043108458228314	0.9999675271959734	11.634107073572203	0.9895287958115183	2740
k16_4f53ccf1	CATTCCATTATATTAC	10.04281668319886	1.0	11.239199511460962	0.9982547993019197	1517
k16_4fd3d4f0	CATTTCATTCCATTAA	10.042334586676068	0.9991605540343373	10.028116837456226	0.9860383944153578	5183
k16_0f57d4f5	AATTCCCTTCCATTCC	10.042284184749661	0.9994024856596558	10.417049475241337	0.9982547993019197	5207
k16_a0e03a1c	GGAATGAAATGGACTA	10.040586640050718	1.0	10.41214430228776	0.9755671902268761	345
k16_62d4f57d	CGAGTCCATTCCCTTC	10.040375430441202	1.0	10.053824694617411	0.9773123909249564	11
k16_3b0f8fe0	ATGTAATTGATTTGAA	10.038977610349903	1.0	10.834453229074585	0.9511343804537522	864
k16_e83a2ac0	TGGAATGGAGGGTAAA	10.037000322918473	1.0	10.8542505261024	0.9842931937172775	895
k16_7a0e83ad	CTGGAATGGAATGGTC	10.034989511213098	1.0	10.817669350545769	0.9912739965095986	846
k16_2e83a0a0	AGTGGAATGGAAGGAA	10.033915195474293	1.0	11.981245407672171	0.9965095986038395	3355
k16_1fc3a0e8	ACTTTAATGGAATGGA	10.033229072118422	0.9999311626626282	11.41770620465318	0.9930191972076788	2544
k16_af8f50f4	GGTTGATTCCAATTCA	10.032327963318455	1.0	11.45725646771639	0.9720767888307156	1979
k16_3a2d05e2	ATGGAGTCAACCTGAG	10.03052068638474	1.0	11.628549142059644	0.9947643979057592	2381
k16_3dc7d3c4	ATTCTACTTCATTACA	10.030354477015216	1.0	11.0008988145173	0.9075043630017452	1127
k16_0e808cd0	AATGGAAAGATATCAA	10.028858383942898	1.0	11.488144072624964	0.9912739965095986	2055
k16_243a0d00	AGCAATGGAATCAAAA	10.027810791675913	1.0	11.44632011885008	0.9075043630017452	1965
k16_4fd3d4c5	CATTTCATTCCATACC	10.02753604017481	1.0	11.63808876718797	0.9930191972076788	2412
k16_51403a02	CCACCAAAATGGAAAG	10.024663086820256	1.0	11.503031309520965	0.9109947643979057	2098
k16_0b0cc380	AAGTAATATAATGAAA	10.02308651578472	1.0	12.0892840223621	0.912739965095986	3744
k16_4500e80a	CACCAAAATGGAAAGG	10.021785720577553	1.0	11.488201406017629	0.9109947643979057	2071
k16_ca0e8380	TAGGAATGGAATGAAA	10.020873273180294	1.0	11.515461710605136	0.9144851657940664	2135
k16_45e9f8f5	CACCTGGCTTGATTCC	10.020799582021784	1.0	11.438389547856474	0.912739965095986	1963
k16_4b2af875	CAGTAGGGTTGACTCC	10.020498565936279	1.0	11.169476911548006	0.900523560209424	1430
k16_133d7f43	ACATATTCCTTTCAAT	10.018775002091417	1.0	11.319564082329817	0.9075043630017452	1719
k16_0e80a02c	AATGGAAAGGAAAGTA	10.01440424199553	0.9994448409865969	10.17550844673613	0.9965095986038395	2094
k16_75fd4f51	CTCCTTTCCATTCCAC	10.01399377300508	1.0	12.690884628343822	0.9930191972076788	6336
k16_01e0ba0e	AAACTGAAGTGGAATG	10.012528048705207	1.0	11.379581808424971	0.912739965095986	1855
k16_53d0303d	CCATTCAAATAAATTC	10.011754471645476	0.9998977609651365	10.847186101699585	0.9075043630017452	1367
k16_0e8321d0	AATGGAATAGACTCAA	10.010981621726737	0.9998665599145984	10.463092182407744	0.9912739965095986	774
k16_8b73d475	GAGTCTATTCCACTCC	10.009621523508315	1.0	10.025502694901125	0.9755671902268761	13
k16_7f53d5f5	CTTTCCATTCCCTTCC	10.005312738098128	1.0	13.081671358474246	1.0	8732
k16_0e83a420	AATGGAATGGCAAGAA	10.004677600609815	1.0	11.338004800540435	0.9930191972076788	1785
k16_ba0e03b0	GTGGAATGAAATGTAA	10.004075695694949	0.9999664046227239	11.585088872095875	0.987783595113438	2713
k16_4f53e475	CATTCCATTGCACTCC	10.003284226557273	0.9999962523095143	14.748943803311148	1.0	33685
k16_3d47e8f8	ATTCCACTTGGATTGA	10.00290438449113	1.0	10.415645328897828	0.9336823734729494	389
k16_0753d4f7	AACTCCATTCCATTCT	10.00270757990115	1.0	11.665016809811618	0.9895287958115183	2543
k16_f4fd4f50	TTCATTTCCATTCCAA	10.00205105047271	0.9999247799814457	11.753340472303698	0.9808027923211169	4041
