kmer_id	canonical_kmer	family_background_E	family_count_fraction	other_family_E	count_ge10_hap_fraction	pooled_background_count
k16_4d01a0d0	CATCAAACGGAATCAA	15.619306081804774	1.0	16.684468492019306	0.9982547993019197	1283
k16_0d34d43a	AATCATCATCCAATGG	15.617274917891896	0.9997498713000584	11.81426087020175	1.0	1388
k16_183a0f34	ACGAATGGAATTATCA	15.587791740001784	1.0	17.403133192839398	1.0	2959
k16_340683cd	ATCAAACGGAATTATC	15.581959834645767	0.9997415638003478	11.745981920001679	0.9895287958115183	579
k16_3d6fe3be	ATTCCGTTTGATGTTG	15.57321729324764	0.9993708792348657	10.511962905190028	0.9895287958115183	1479
k16_060e83cd	AACGAATGGAATTATC	15.56972538622922	1.0	17.432446046004998	0.9912739965095986	3097
k16_40683cd8	CAAACGGAATTATCGA	15.553020076686154	0.9997314285886724	11.69047049007832	0.9895287958115183	547
k16_630f5bf8	CGATAATTCCGTTTGA	15.550013749318207	0.9997313365703755	11.689976150855891	0.9895287958115183	550
k16_30e3d4f6	ATAATGATTCCATTCG	15.549898675913422	0.9997121655146046	11.612891115233221	1.0	1222
k16_13406834	ACATCAAACGGAATCA	15.548261260244411	1.0	16.70000660003153	0.9895287958115183	1435
k16_60e834d0	CGAATGGAATCATCAA	15.514318078540864	0.9993719452377001	10.52635308525842	1.0	6155
k16_360e8045	ATCGAATGGAAACACC	15.501768690642788	0.9998941131248957	13.018721260846949	0.9982547993019197	2537
k16_0183a0f3	AAACGAATGGAATTAT	15.499992098667175	1.0	17.44221708346209	0.9912739965095986	3339
k16_8340683c	GAATCAAACGGAATTA	15.495427580367197	0.9997122083737876	11.592212807818987	0.9895287958115183	535
k16_d83a0114	TCGAATGGAAACACCA	15.493318869229409	1.0	17.16414080345311	0.9982547993019197	2565
k16_34d03a0d	ATCATCAAATGGAATC	15.49167349291945	0.9997357434883871	11.780302340582239	1.0	44639
k16_8760e834	GACTCGAATGGAATCA	15.490270583358758	0.9994932915287661	10.841968904093898	1.0	41266
k16_3aefd4f6	ATGGTGTTTCCATTCG	15.489643348922172	1.0	17.15272853999344	0.9982547993019197	2545
k16_c38f53d8	TAATGATTCCATTCGA	15.486499883569813	0.999659362005073	11.373654907360024	1.0	1133
k16_4f638e3d	CATTCGATGATGATTC	15.481931578520104	0.9994897509627639	10.832085402565166	1.0	46193
k16_63d4fe38	CGATTCCATTTGATGA	15.47698243154108	0.9997946768782395	12.141248974335056	1.0	26817
k16_3a0d34d8	ATGGAATCATCATCGA	15.4749159839191	0.9995332660221201	10.96055255136627	1.0	44550
k16_34d340e8	ATCATCATCAAATGGA	15.469844855472823	0.9997514839253374	11.868611017129915	1.0	43335
k16_0d34d03a	AATCATCATCAAATGG	15.462287233430322	0.9997586410429589	11.910557039911193	1.0	41836
k16_4d03a0d8	CATCAAATGGAATCGA	15.461317172090922	0.9994983587569212	10.85587255938192	1.0	30533
k16_3d8e38f5	ATTCGATGATGATTCC	15.45777089297073	0.9995944053914695	11.163188006324516	1.0	51596
k16_1d83a0d3	ACTCGAATGGAATCAT	15.451819508538579	0.999445308495584	10.711635976941253	1.0	46629
k16_3a0d340e	ATGGAATCATCAAATG	15.45104743665274	0.9997065308400781	11.625820944492341	1.0	18801
k16_3d4f63be	ATTCCATTCGATGTTG	15.450412271613187	0.9998372065627843	12.420035376338081	1.0	2235
k16_40683406	CAAACGGAATCAAACG	15.443869587056469	1.0	15.960723628684992	0.9895287958115183	506
k16_0b53d8e3	AAGTCCATTCGATGAT	15.443664505457317	0.9996928329829117	11.53703070410088	1.0	2766
k16_3f8e38f5	ATTTGATGATGATTCC	15.442974880751926	0.9997310227693569	11.754122610970667	1.0	36907
k16_b53d8e30	GTCCATTCGATGATAA	15.43778026029863	1.0	15.961486050935697	0.9982547993019197	514
k16_4fe38e3d	CATTTGATGATGATTC	15.43760671701807	0.9996816985597579	11.511670425220892	1.0	36967
k16_42d4f638	CAAGTCCATTCGATGA	15.436329587448881	0.9996903324076835	11.525263576804155	1.0	2745
k16_bf8f5bf8	GTTTGATTCCGTTTGA	15.433931143358327	0.9999801116399941	14.724704219937406	0.9895287958115183	528
k16_e834d360	TGGAATCATCATCGAA	15.433601076413593	0.9995469043961396	11.003381416334278	1.0	48030
k16_4d83a1f8	CATCGAATGGACTTGA	15.431191277300814	0.9996929707355625	11.537678037196848	1.0	2802
k16_3a0d34d0	ATGGAATCATCATCAA	15.428518501282845	0.9995692541173529	11.075369115940019	1.0	30478
k16_3d4fe38e	ATTCCATTTGATGATG	15.42733582672385	0.9997297962000736	11.747246206806468	1.0	33980
k16_1a0d01a0	ACGGAATCAAACGGAA	15.425341610882821	0.9993686622258051	10.492570342199345	0.9912739965095986	497
k16_3d6fe3d6	ATTCCGTTTGATTCCG	15.421366423972858	0.9993706691436052	10.497343932688485	0.9912739965095986	516
k16_341360e8	ATCAACATCGAATGGA	15.417835589375612	1.0	17.362296334418257	1.0	3346
k16_0e3d4f62	AATGATTCCATTCGAG	15.41624470096484	0.9997172941851348	11.665439607655497	1.0	5068
k16_04d83a0d	AACATCGAATGGAATC	15.415144708244366	0.9998912725752828	13.002436359144657	1.0	4057
k16_0e834d36	AATGGAATCATCATCG	15.414957704602253	0.9996297911660156	11.294941553233361	1.0	58507
k16_4fa38e3d	CATTGGATGATGATTC	15.405357070858255	0.999630610637841	11.25162331799501	1.0	835
k16_83a0d34d	GAATGGAATCATCATC	15.404106424658108	0.9996959400940694	11.579270462464521	1.0	85275
k16_38e3d4f6	ATGATGATTCCATTCG	15.403218186470884	0.9996475191360947	11.366208245968041	1.0	85834
k16_34d3e0e8	ATCATCATTGAATGGA	15.401926592961306	0.9992782195067761	10.330473752331299	1.0	20066
k16_3e8e38f5	ATTGGATGATGATTCC	15.401541429845302	0.9996308499823356	11.252188835328909	1.0	826
k16_d04d83a0	TCAACATCGAATGGAA	15.401335818733996	0.9998326052925328	12.379817676573452	1.0	2256
k16_1360e836	ACATCGAATGGAATCG	15.400495181143052	0.9997997419419692	12.134583413178834	1.0	2502
k16_0d34f83a	AATCATCATTGAATGG	15.39754192419748	0.9992780513844283	10.330078105593955	1.0	19605
k16_d83a0d34	TCGAATGGAATCATCA	15.397138522348543	0.999545312861096	10.998909524411454	1.0	78510
k16_2d4f638c	AGTCCATTCGATGATA	15.38405806272426	1.0	16.916507092096307	1.0	2223
k16_e834d340	TGGAATCATCATCAAA	15.382560950850605	0.999568270910004	11.071960229329282	1.0	30020
k16_3a0d360e	ATGGAATCATCGAATG	15.381463153640471	0.9997039409397288	11.6171657910108	1.0	62141
k16_0d360e83	AATCATCGAATGGAAT	15.381282523004321	0.9991474531702577	10.09061623125107	1.0	22573
k16_34f83a0d	ATCATTGAATGGAATC	15.38092317992704	0.9994133882790038	10.63029777628681	1.0	31990
k16_60e834f8	CGAATGGAATCATTGA	15.379407159080229	0.9996462482156038	11.35395110341357	1.0	11470
k16_a0d340e8	GGAATCATCAAATGGA	15.379400808066798	0.9997082662397595	11.634765917868323	1.0	21399
k16_0d34d83a	AATCATCATCGAATGG	15.378961771342544	0.9996014594425139	11.188715662536943	1.0	63699
k16_34d83a1d	ATCATCGAATGGACTC	15.378185063885374	0.9998379053481626	12.483926222669117	1.0	50093
k16_34d360e8	ATCATCATCGAATGGA	15.37771633732186	0.9996283139974986	11.289427024977082	1.0	69963
k16_760e834d	CTCGAATGGAATCATC	15.377663375074947	0.9995575641161718	11.03788377787516	1.0	56239
k16_d34d83a0	TCATCATCGAATGGAA	15.376761663794428	0.9996187913174645	11.252664383474803	1.0	57631
k16_a0d360e8	GGAATCATCGAATGGA	15.375768885841657	0.9997100206345404	11.647108083561227	1.0	63684
k16_3d0b53d8	ATTCAAGTCCATTCGA	15.373878465332087	0.9991962269237133	10.168918436496027	1.0	4190
k16_d03a0d34	TCAAATGGAATCATCA	15.371750390073336	0.999159108630009	10.10917298425379	1.0	12876
k16_4f83a0d8	CATTGAATGGAATCGA	15.371464200007766	0.999268514157029	10.311668295685513	1.0	25641
k16_0d340e83	AATCATCAAATGGAAT	15.367035057221463	0.9996225802470559	11.262421821678002	1.0	14458
k16_63d4f438	CGATTCCATTCAATGA	15.365268518708344	0.9993888433123622	10.570721111819388	1.0	25343
k16_0e3d4f63	AATGATTCCATTCGAT	15.364631995863363	0.9991907089816943	10.16265124347714	1.0	8095
k16_834d83a0	GAATCATCGAATGGAA	15.36235493202717	0.9992423038500062	10.26074677909911	1.0	23641
k16_0e834d34	AATGGAATCATCATCA	15.361070933462933	0.99958337250307	11.12346676897545	1.0	33096
k16_53d8e3d4	CCATTCGATGATTCCA	15.360104453323352	0.9997081866974933	11.637994218712466	1.0	63461
k16_438f53d8	CAATGATTCCATTCGA	15.358843531780929	0.9996514459368541	11.376300005304003	1.0	13616
k16_0d04d83a	AATCAACATCGAATGG	15.35659841388598	1.0	17.35647029863232	1.0	3523
k16_83a0d3e0	GAATGGAATCATTGAA	15.355416527255127	0.9997374277139396	11.786186905727359	1.0	22013
k16_4d83a1d8	CATCGAATGGACTCGA	15.354908200442914	0.9997788469346542	12.035726188105567	1.0	37833
k16_62d4f638	CGAGTCCATTCGATGA	15.353944133139228	0.999787286634795	12.091862336543972	1.0	39310
k16_0d360e87	AATCATCGAATGGACT	15.351070830134207	0.9999295601263207	13.680950916526363	1.0	52617
k16_183a0d34	ACGAATGGAATCATCA	15.345387151939814	0.9999861502471551	15.775571268285988	1.0	8357
k16_4f438e3d	CATTCAATGATGATTC	15.34496144333626	0.9993376560405023	10.454418567464495	1.0	21742
k16_0e834d83	AATGGAATCATCGAAT	15.344737456510838	0.9997030706929221	11.612958510440775	1.0	64533
k16_d340e834	TCATCAAATGGAATCA	15.343305536374755	0.9994149882249256	10.630671840685709	1.0	10662
k16_3d4f638e	ATTCCATTCGATGATG	15.342036390081176	0.9995571930796298	11.036521348695342	1.0	52052
k16_53d0e3d4	CCATTCAATGATTCCA	15.340583547440827	0.9996482860571868	11.366275195938186	1.0	24142
k16_d34f83a0	TCATCATTGAATGGAA	15.339580125872613	0.9995005907082103	10.860962228052232	1.0	20294
k16_834d83a1	GAATCATCGAATGGAC	15.33935921682046	0.9999618574497635	14.55758888857786	1.0	52930
k16_0d83a011	AATCGAATGGAAACAC	15.338585400569961	0.9998941775931925	13.019599987621097	0.9982547993019197	2984
k16_638f53d8	CGATGATTCCATTCGA	15.334575888511521	0.9997832352792452	12.066001051582562	1.0	57396
k16_0e834f83	AATGGAATCATTGAAT	15.329906603403412	0.9996195878662107	11.253386380210616	1.0	24278
k16_3d4f438e	ATTCCATTCAATGATG	15.32931570034705	0.9994743091080448	10.786874763150955	1.0	19037
k16_3a0d3e0e	ATGGAATCATTGAATG	15.328682650524502	0.999626601281236	11.280230371430683	1.0	24697
k16_340e834d	ATCAAATGGAATCATC	15.323072527181996	0.9994038353115183	10.605777946982265	1.0	19620
k16_a0d3e0e8	GGAATCATTGAATGGA	15.321485882783044	0.9995858375048451	11.131151942229831	1.0	25351
k16_53f8e3d4	CCATTTGATGATTCCA	15.320820091426015	0.999755283107207	11.886738614115837	1.0	20519
k16_4d83a118	CATCGAATGGACACGA	15.316604149145817	1.0	16.944748632859515	1.0	2456
k16_060e834d	AACGAATGGAATCATC	15.315667381842644	0.9996607841931583	11.410089247145006	1.0	7788
k16_0d340e87	AATCATCAAATGGACT	15.314222234803868	0.9998561104959087	12.639878732109556	1.0	11927
k16_83a0d360	GAATGGAATCATCGAA	15.313716706073576	0.9997345251017211	11.773861632781493	1.0	54296
k16_d360e874	TCATCGAATGGACTCA	15.312357559802352	0.9998712799067935	12.79186817389222	1.0	9055
k16_348e834d	ATCAGATGGAATCATC	15.311646918991395	0.9999996630382627	18.111835569570424	1.0	7940
k16_34d83a0d	ATCATCGAATGGAATC	15.310014700185642	0.9994758868938487	10.79368755887585	1.0	64566
k16_60e834d8	CGAATGGAATCATCGA	15.30919045653957	0.9997830357256902	12.06426966593751	1.0	51321
k16_4d83a1d0	CATCGAATGGACTCAA	15.308283551478773	0.9998716436228573	12.795950987764082	1.0	9113
k16_6ed4f638	CGTGTCCATTCGATGA	15.30666789458179	1.0	16.94826059156265	1.0	2490
k16_0e834d3e	AATGGAATCATCATTG	15.304118033912596	0.9992749914637117	10.32363908605748	1.0	18242
k16_3cd380f8	ATTATCATGAAATTGA	15.303350358213642	0.9999987413816106	17.069922898111496	0.9895287958115183	3734
k16_8320d360	GAATAGAATCATCGAA	15.301094467112726	0.9999997665865358	18.641531310482115	1.0	12080
k16_4d03a1d8	CATCAAATGGACTCGA	15.300350029963049	0.9996398056406378	11.325976606289293	1.0	9452
k16_34d83a3d	ATCATCGAATGGATTC	15.30034598047844	0.9998256656393292	12.353138753503789	1.0	6175
k16_34d83a11	ATCATCGAATGGACAC	15.29965462710652	0.9999615565903704	14.313118803419464	1.0	2531
k16_4d03a058	CATCAAATGGAACCGA	15.297976120035104	1.0	17.863696926402433	1.0	5779
k16_34d03a05	ATCATCAAATGGAACC	15.297707961780196	1.0	17.949799220375848	1.0	6208
k16_6bd4fe38	CGGTTCCATTTGATGA	15.297017547757132	1.0	17.895355897581158	1.0	5938
k16_3d0e38f5	ATTCAATGATGATTCC	15.29676978559177	0.9993223670933828	10.421499028621875	1.0	22228
k16_18e3d4f6	ACGATGATTCCATTCG	15.296575256779272	0.9998392001929598	12.46885722884934	1.0	6583
k16_62d4fe38	CGAGTCCATTTGATGA	15.296484357781118	0.9996008275141424	11.178621758091971	1.0	9419
k16_0f53d8e3	AATTCCATTCGATGAT	15.29637822071887	0.9994877992758224	10.821335903398806	1.0	10279
k16_38e3d4e6	ATGATGATTCCATGCG	15.295526454912439	0.999885356724093	12.94702011351867	1.0	7033
k16_1d34d83a	ACTCATCATCGAATGG	15.295278339136749	0.9999245252490173	13.51096060959096	1.0	5122
k16_0d8320d3	AATCGAATAGAATCAT	15.291947667618574	0.9999167893178591	13.419991965255464	1.0	14165
k16_0c834d83	AATAGAATCATCGAAT	15.290923711675356	0.999953337750693	14.223213951150194	1.0	12179
k16_460e834d	CACGAATGGAATCATC	15.290263545406203	0.9996259770866622	11.255968306746455	1.0	2866
k16_340e8160	ATCAAATGGAACCGAA	15.28877851126766	0.999718610316056	11.672713330369332	1.0	5865
k16_74d360e8	CTCATCATCGAATGGA	15.285768270459117	0.9999265358388342	13.548882504751507	1.0	5252
k16_834f83a0	GAATCATTGAATGGAA	15.281573851030666	0.9993254656305158	10.426846965079154	1.0	14510
k16_0183a0d3	AAACGAATGGAATCAT	15.280556132677782	0.9996396402681942	11.323312991746226	1.0	7818
k16_e834d3e0	TGGAATCATCATTGAA	15.276379437974839	0.9993092113623713	10.393523673880736	1.0	20233
k16_63d4f238	CGATTCCATTAGATGA	15.27625401130446	0.9996665804281741	11.435427007815308	1.0	8555
k16_320d360e	ATAGAATCATCGAATG	15.274481425491416	0.9999517404563133	14.174653333294668	1.0	11885
k16_4f6fd4d6	CATTCGTTTCCATCCG	15.27196360317245	0.9999991199685301	17.58613478295675	0.9895287958115183	6000
k16_60d4f638	CGAATCCATTCGATGA	15.270153672968446	0.999817007248817	12.283124627576155	1.0	5958
k16_0d01a0f3	AATCAAACGGAATTAT	15.26989692720287	0.9997210079450041	11.635537950601304	0.9895287958115183	842
k16_38c3d4f6	ATGATAATTCCATTCG	15.269752569373855	0.9999790959328103	15.34508905381128	1.0	17580
k16_360c834d	ATCGAATAGAATCATC	15.269621757688098	0.9999721213338244	14.936157523499928	1.0	13910
k16_d34c83a0	TCATCATAGAATGGAA	15.268393957979475	0.9992961970648219	10.358264645030205	1.0	3966
k16_608834d8	CGAAGAGAATCATCGA	15.265988612420093	0.9999996779284357	18.177038878059648	0.9895287958115183	8668
k16_834d03a1	GAATCATCAAATGGAC	15.264181398593822	0.9999279643216558	13.61744788412146	1.0	12175
k16_4d83a3d8	CATCGAATGGATTCGA	15.262913284092711	0.9992460295408827	10.262425903941782	1.0	5966
k16_8f5378f5	GATTCCATCTGATTCC	15.26194533948256	0.9993600944912624	10.499524371657099	1.0	7583
k16_3608834d	ATCGAAGAGAATCATC	15.260524209948626	0.9999996817822232	18.194405690079737	0.9930191972076788	8825
k16_3d8e3d4d	ATTCGATGATTCCATC	15.259822789792144	0.9999995502474763	17.695290339904727	1.0	5904
k16_638f73d8	CGATGATTCTATTCGA	15.259646820824281	1.0	18.866028404519692	1.0	13130
k16_0d3e0e83	AATCATTGAATGGAAT	15.254683343464773	0.999313879107107	10.402635158897844	1.0	16294
k16_638f77d8	CGATGATTCTCTTCGA	15.251473672330286	0.9999996780085991	18.17739800764547	0.9912739965095986	8770
k16_d93a0d34	TCGCATGGAATCATCA	15.250676919449276	0.9998821614882533	12.90695102465228	1.0	6981
k16_62d4f438	CGAGTCCATTCAATGA	15.248653271788877	0.9993674671121042	10.516787640060187	1.0	8492
k16_0d8220d3	AATCGAAGAGAATCAT	15.248480934631372	0.9999996879159495	18.222485419732735	0.9965095986038395	9107
k16_4dc3a0d9	CATCTAATGGAATCGC	15.24482388543984	1.0	18.01595856869954	0.9895287958115183	6843
k16_83a0d36d	GAATGGAATCATCGTC	15.24468192419394	0.9996969640567963	11.561475502894629	1.0	4355
k16_60c834d8	CGAATAGAATCATCGA	15.244485148773801	1.0	18.673819772690937	1.0	11478
k16_83a0d160	GAATGGAATCACCGAA	15.244404121479914	0.9999992921358773	17.90021652320823	1.0	7917
k16_638e2d4d	CGATGATGAGTCCATC	15.244298556101896	0.999999062691416	17.49516610907286	0.9895287958115183	5692
k16_370e8364	ATCTAATGGAATCGCA	15.244155998821823	0.9999971957105589	17.170869991211074	0.9895287958115183	6859
k16_0d80a0d3	AATCGAAAGGAATCAT	15.242464823048032	0.9998490056402581	12.549892158599047	1.0	5333
k16_8364e834	GAATCGCATGGAATCA	15.239690506041054	0.9995612305029041	11.039903776403774	1.0	6908
k16_638f53d0	CGATGATTCCATTCAA	15.239399664224699	0.9996117480199748	11.218187888449501	1.0	9608
k16_63d4f638	CGATTCCATTCGATGA	15.239359081389837	0.9995915344549977	11.152749192561817	1.0	51461
k16_0d93a0d3	AATCGCATGGAATCAT	15.239339645732331	0.9999588870771705	14.349976475231985	1.0	6915
k16_cd8390d8	TATCGAATGCAATCGA	15.239211473970032	0.9999948173907636	16.972090064237037	0.9912739965095986	12534
k16_8f5398f5	GATTCCATGCGATTCC	15.23895691422558	0.9995499585961909	11.003556693556478	1.0	6896
k16_0a0d34d0	AAGGAATCATCATCAA	15.238509319982443	0.9999996620877302	18.107771624030015	1.0	8387
k16_2e834d83	AGTGGAATCATCGAAT	15.23762099089283	0.9998869812192269	12.954804567307393	1.0	5404
k16_63e4f630	CGATTGCATTCGATAA	15.237545653451427	1.0	18.79697942473355	0.9912739965095986	12672
k16_3daf53f8	ATTCGGTTCCATTTGA	15.236948722556042	0.9996158694221869	11.228800206376436	1.0	6123
k16_364e834d	ATCGCATGGAATCATC	15.23615943495834	0.9999590846399766	14.356926128325732	1.0	6972
k16_53d8e3dd	CCATTCGATGATTCTC	15.234215893357113	0.9999996477440649	18.047796520433643	0.9895287958115183	8025
k16_3a1d34d8	ATGGACTCATCATCGA	15.232706397969647	0.999965387374547	14.55254337265717	1.0	5667
k16_a0d370e8	GGAATCATCTAATGGA	15.232572003479543	0.9998826583527386	12.93470766333337	1.0	16297
k16_8f53dbb5	GATTCCATTCGTGTCC	15.232117573329674	0.9996222483281375	11.239965698434796	1.0	2733
k16_40e834d8	CAAATGGAATCATCGA	15.231157979049748	0.9995255835111311	10.92997211966627	1.0	8801
k16_8460e834	GACACGAATGGAATCA	15.231056506712221	0.9996311250850692	11.27367272356939	1.0	2742
k16_4fd4f638	CATTTCCATTCGATGA	15.230903467760518	0.9999990551865534	17.483660747030672	1.0	5701
k16_53c8e3d4	CCATTAGATGATTCCA	15.230230114974816	0.9998085310509688	12.23581100405506	1.0	16252
k16_53d8e3dc	CCATTCGATGATTCTA	15.229935095182787	0.9999337449580412	13.7171084740681	1.0	8587
k16_34d360c8	ATCATCATCGAATAGA	15.229609621313875	0.9999972446629121	16.693574152731706	1.0	3545
k16_b53d8e38	GTCCATTCGATGATGA	15.229179793136177	0.9994220315229693	10.647546627609122	1.0	10488
k16_8f53daf5	GATTCCATTCGGTTCC	15.229113145754416	0.9991277499869889	10.054564048594294	1.0	8440
k16_3d02834d	ATTCAAAGGAATCATC	15.22853265770873	1.0	17.988104721707156	0.9982547993019197	6779
k16_83608834	GAATCGAAGAGAATCA	15.227300382252366	0.9999806329475525	15.357150446299226	0.9982547993019197	8913
k16_40e8160e	CAAATGGAACCGAATG	15.226726191852318	0.999861507451693	12.675750677399082	1.0	6210
k16_d34d8320	TCATCATCGAATAGAA	15.226640014856661	0.999997236057291	16.689075286553418	1.0	3540
k16_0e834583	AATGGAATCACCGAAT	15.225510973098446	0.9999996505129073	18.059181326243543	1.0	8154
k16_3a0d04d8	ATGGAATCAACATCGA	15.224933315860635	0.9998725020953144	12.802504477421001	1.0	8724
k16_8f60e834	GATTCGAATGGAATCA	15.224706231046127	0.9994969143513679	10.845409133364223	1.0	8417
k16_3dcf638e	ATTCTATTCGATGATG	15.224480774245496	0.9999979034804322	16.790514769240747	1.0	3494
k16_220d360e	AGAGAATCATCGAATG	15.222593682205083	0.9999996498430246	18.056418682076757	0.9947643979057592	8155
k16_0d34d832	AATCATCATCGAATAG	15.221778754603704	0.9999972337693144	16.68788152997115	1.0	3552
k16_e8341360	TGGAATCAACATCGAA	15.221229835426934	0.9998728002014107	12.805799337406466	1.0	8747
k16_0e834136	AATGGAATCAACATCG	15.22089253242136	0.9998712733296301	12.788665294605796	1.0	8657
k16_238f53d8	AGATGATTCCATTCGA	15.219980909299398	0.9994347353778402	10.682733164336481	1.0	23383
k16_6b8f53d8	CGGTGATTCCATTCGA	15.219505852775253	0.9999985403617349	17.61018957918188	1.0	7797
k16_4f638e2d	CATTCGATGATGAGTC	15.219344665131525	0.9999663336422623	14.585926397650706	1.0	5633
k16_34f83a1d	ATCATTGAATGGACTC	15.218710192548787	0.9993235228079778	10.421940345311825	1.0	12413
k16_834d03a0	GAATCATCAAATGGAA	15.218696109920659	0.9994493274901334	10.716966616019894	1.0	10365
k16_0d4e8760	AATCCATGGACTCGAA	15.218561815612599	1.0	18.67467032389234	0.9895287958115183	11715
k16_34d83a0e	ATCATCGAATGGAATG	15.218353456446533	0.9996015133757767	11.18171565586324	1.0	10825
k16_353a1d83	ATCCATGGACTCGAAT	15.21787269948177	1.0	18.670955977573016	0.9895287958115183	11688
k16_60e834dc	CGAATGGAATCATCTA	15.217665865015189	0.9999434827067892	13.974482777295208	1.0	20052
k16_34d83a03	ATCATCGAATGGAAAT	15.217333137794617	1.0	17.762997249010464	1.0	5683
k16_4f63be3d	CATTCGATGTTGATTC	15.215457589172253	1.0	18.486217401583875	1.0	10161
k16_4d83a038	CATCGAATGGAAATGA	15.215454223725075	0.9999990549115303	17.483240859478403	1.0	5773
k16_3d8e38b5	ATTCGATGATGAGTCC	15.215209039360252	0.9999658149452245	14.5661292713734	1.0	5645
k16_e874d360	TGGACTCATCATCGAA	15.21491045567894	0.999965407466414	14.551236007295653	1.0	5661
k16_20d360e8	AGAATCATCGAATGGA	15.214759758768961	0.9999324532822996	13.717906909893916	1.0	16962
k16_398f53c8	ATGCGATTCCATTAGA	15.21383235996717	1.0	17.97322302071506	0.9895287958115183	6778
k16_638f53f8	CGATGATTCCATTTGA	15.211740529031788	0.9995926326054961	11.149885999462299	1.0	10593
k16_3d8ef8f5	ATTCGATGTTGATTCC	15.211193223874952	0.9998634049949892	12.702977769406788	1.0	8129
k16_34d8ba0d	ATCATCGAGTGGAATC	15.207613587916656	0.9999553026679837	14.259571792038155	1.0	9164
k16_3a0d370e	ATGGAATCATCTAATG	15.204663390603416	0.9999123855214783	13.356192610431746	1.0	22645
k16_63d47638	CGATTCCACTCGATGA	15.202069074267245	1.0	18.299247684246563	1.0	8876
k16_360e83cd	ATCGAATGGAATTATC	15.202021451002857	0.9999180283338309	13.453722385900175	1.0	26393
k16_4e63d4f2	CATGCGATTCCATTAG	15.201158236532514	1.0	17.9903537280232	0.9895287958115183	6944
k16_8ba0d360	GAGTGGAATCATCGAA	15.200935222347336	0.9998801800813497	12.869314356958787	1.0	5052
k16_4d8ba0d8	CATCGAGTGGAATCGA	15.200646612682993	1.0	18.320470222302507	1.0	9035
k16_5398f53c	CCATGCGATTCCATTA	15.200605004539463	0.9996065647023713	11.195722905256916	0.9895287958115183	6958
k16_4d83a0dc	CATCGAATGGAATCTA	15.200220791569578	0.9998879157873949	12.94738537329603	1.0	3798
k16_0e834db6	AATGGAATCATCGTCG	15.197802388006098	0.9996549003103793	11.37248677185407	1.0	3562
k16_60e83458	CGAATGGAATCACCGA	15.197467876745872	1.0	18.056896371458205	1.0	7349
k16_51d8e3d4	CCACTCGATGATTCCA	15.1972007573929	1.0	18.36688291393905	1.0	9394
k16_38e3c4f6	ATGATGATTACATTCG	15.195471952202904	0.9999003131360961	13.146008403109802	1.0	8308
k16_4d360e80	CATCATCGAATGGAAA	15.192158126585383	0.9999403283657056	13.842084075906126	1.0	6597
k16_0e834d03	AATGGAATCATCAAAT	15.191905019563238	0.999666919074409	11.443340486251762	1.0	20769
k16_0d4f638e	AATCCATTCGATGATG	15.191494130379548	0.9999055599546859	13.211768513452673	1.0	6636
k16_3a0d362e	ATGGAATCATCGAGTG	15.191293538274044	1.0	18.371448806460776	1.0	9471
k16_0d362e83	AATCATCGAGTGGAAT	15.190581896530777	0.9999763266471768	15.076263902548638	0.9982547993019197	7714
k16_353d8e38	ATCCATTCGATGATGA	15.189425956234283	0.9999018159211428	13.156166300525106	1.0	6417
k16_8e38f539	GATGATGATTCCATGC	15.189398164032667	0.9999645273146434	14.56502261849091	1.0	8720
k16_a0d362e8	GGAATCATCGAGTGGA	15.189271001701325	1.0	18.378477785454667	1.0	9538
k16_0d3e0e87	AATCATTGAATGGACT	15.188744381782342	0.9996659989021942	11.436149922576972	1.0	12889
k16_638f51d8	CGATGATTCCACTCGA	15.188528480251442	0.9998780076420256	12.844563904703612	1.0	5131
k16_360ec34d	ATCGAATGTAATCATC	15.188159282035498	0.9996865227319329	11.52228526101677	1.0	8172
k16_0d03a0d3	AATCAAATGGAATCAT	15.188120056027149	0.9994890959552929	10.829184077596986	1.0	32207
k16_62e834d8	CGAGTGGAATCATCGA	15.18807165809111	0.9998707573006739	12.761490974856727	1.0	4805
k16_0e834d8b	AATGGAATCATCGAGT	15.187930158396325	1.0	18.381708618245035	1.0	9572
k16_834d8ba0	GAATCATCGAGTGGAA	15.187046313865338	1.0	18.06764564905305	0.9982547993019197	7475
k16_1183a0d3	ACACGAATGGAATCAT	15.186924031225002	0.9995513347790324	10.996937669733182	1.0	3033
k16_4f6214f6	CATTCGAGACCATTCG	15.186854319618975	0.9996923349250435	11.555426142723926	1.0	15506
k16_3cd83a0d	ATTATCGAATGGAATC	15.184878317893745	0.9999152492560388	13.39520215402609	1.0	15996
k16_8f93d8b5	GATTGCATTCGAGTCC	15.184114424606912	0.9997659502543214	11.946220976418001	1.0	13759
k16_0d74f83a	AATCCTCATTGAATGG	15.181275447125056	1.0	18.033067000383134	0.9982547993019197	7304
k16_4d03a0d0	CATCAAATGGAATCAA	15.181186905874364	0.9996306949639323	11.293849830455098	1.0	17171
k16_4f238e1d	CATTAGATGATGACTC	15.18117953493297	0.9999197957844522	13.44872612237694	0.9982547993019197	8298
k16_3a0d36d8	ATGGAATCATCGTCGA	15.18077760114257	0.9996647443982672	11.414252445228774	1.0	3759
k16_8348e834	GAATCAGATGGAATCA	15.180215243933732	0.9996253908930719	11.269050343405649	1.0	9616
k16_3be3d4f6	ATGTTGATTCCATTCG	15.180014991232484	0.9998288412691636	12.395415886323768	1.0	15925
k16_834f83a1	GAATCATTGAATGGAC	15.178497941698843	0.9996622890680016	11.41941973919808	1.0	11697
k16_d83a0f34	TCGAATGGAATTATCA	15.178175107151029	0.9998863452830301	12.97620329496998	1.0	14030
k16_7638f53d	CTCGATGATTCCATTC	15.175731705232199	0.9999463514223906	14.008693609195465	1.0	9141
k16_4360c834	CAATCGAATAGAATCA	15.174707801719947	0.9999313421710032	13.651426582334807	0.9982547993019197	6744
k16_d83a0380	TCGAATGGAAATGAAA	15.17466243002464	0.9999848373907987	15.547809365181628	0.9930191972076788	5730
k16_3c8e3875	ATTAGATGATGACTCC	15.17452201553329	0.9999195522262676	13.44435135542003	0.9982547993019197	8313
k16_0d364c83	AATCATCGCATAGAAT	15.173612259854666	0.9999997842511541	18.755066037824037	0.9895287958115183	14490
k16_0e834d93	AATGGAATCATCGCAT	15.172712958356815	0.9999997896099284	18.791352190067755	0.9982547993019197	14899
k16_a0f360e8	GGAATTATCGAATGGA	15.17267316614876	0.9998770856051485	12.864658291078655	1.0	13846
k16_83a0d370	GAATGGAATCATCTAA	15.172229736156988	0.9999043866639733	13.230107331731512	1.0	21113
k16_0d8ba0d3	AATCGAGTGGAATCAT	15.170124943770011	0.9999213365998202	13.463393210350217	1.0	6620
k16_4c8360e8	CATAGAATCGAATGGA	15.17004186744784	0.9997981135204724	12.158483936652189	0.9947643979057592	14899
k16_34d320e8	ATCATCATAGAATGGA	15.169470767095582	0.9992981064225411	10.362177023116207	1.0	4341
k16_38a3d4f6	ATGAGGATTCCATTCG	15.169051034483962	0.9997911487581984	12.102722973196235	1.0	9034
k16_40a0d34d	CAAAGGAATCATCATC	15.16728011619172	1.0	17.944699127987782	1.0	6878
k16_83a0d364	GAATGGAATCATCGCA	15.16701607552661	0.9999637657192526	14.578308165088597	0.9982547993019197	14941
k16_8220d360	GAAGAGAATCATCGAA	15.166847401177511	0.9999996821448358	18.19605058958256	0.9895287958115183	9508
k16_4dc3a0e8	CATCTAATGGAATGGA	15.165722542180728	0.9991486724292498	10.091225943199301	0.9965095986038395	14164
k16_3a0d364c	ATGGAATCATCGCATA	15.16456741818602	0.9999997888784102	18.78634470427421	0.9895287958115183	14934
k16_c353a1d8	TAATCCATGGACTCGA	15.163837092760135	1.0	18.601584969199344	0.9895287958115183	11552
k16_34d8320d	ATCATCGAATAGAATC	15.163333448831043	0.9999516542141235	13.982453593946447	1.0	2064
k16_362e834d	ATCGAGTGGAATCATC	15.162953046310003	0.9998815407975254	12.894662522481273	1.0	6556
k16_3d8f7398	ATTCGATTCTATGCGA	15.162530087178695	0.999987377337097	15.968423120576073	0.9895287958115183	14474
k16_834d9320	GAATCATCGCATAGAA	15.162029871962737	0.9999997865723259	18.770671596717676	0.9895287958115183	14788
k16_3cd8390d	ATTATCGAATGCAATC	15.1619795817845	1.0	18.732519068052675	0.9912739965095986	12779
k16_b4d370e8	GTCATCATCTAATGGA	15.1617473497331	0.9999521053983728	14.19305806688983	0.9982547993019197	15046
k16_63d4f738	CGATTCCATTCTATGA	15.161643106257449	0.9996977564742694	11.575453994290543	1.0	9060
k16_83cd83a0	GAATTATCGAATGGAA	15.161280934907964	0.9999217071108272	13.502315532103882	1.0	13888
k16_4f62d4e8	CATTCGAGTCCATGGA	15.160474318558672	0.9999997337924881	18.451868209250737	0.9895287958115183	11637
k16_53d8f739	CCATTCGATTCTATGC	15.160369737574051	0.9997908279357136	12.107354862548425	0.9895287958115183	14476
k16_0f360e83	AATTATCGAATGGAAT	15.160260189766342	0.9997945032437359	12.132233359786587	1.0	13944
k16_7398e3d4	CTATGCGATGATTCCA	15.159932563915268	0.9999997860607909	18.767217944912304	0.9895287958115183	14773
k16_a0d364c8	GGAATCATCGCATAGA	15.159923458830065	0.9999997862604818	18.768565183585004	0.9895287958115183	14788
k16_3a0f360e	ATGGAATTATCGAATG	15.15911367936201	0.9998933431598273	13.064810462071017	1.0	13387
k16_0d83a0f3	AATCGAATGGAATTAT	15.159087001938433	0.9998887158774452	13.020046118696747	1.0	33946
k16_0f360e43	AATTATCGAATGCAAT	15.158649356337905	1.0	18.74144047180077	0.9895287958115183	12898
k16_4f63dce6	CATTCGATTCTATGCG	15.158623049597917	0.9999843201067626	15.692804675046077	0.9895287958115183	14506
k16_834d83ad	GAATCATCGAATGGTC	15.158397389729085	0.9999971887809872	17.16730940386336	1.0	7330
k16_0d360eb7	AATCATCGAATGGTCT	15.15813551070794	0.9999988469304496	18.55691268362217	1.0	22526
k16_8360ec34	GAATCGAATGTAATCA	15.155855025568844	0.9992917978337302	10.353796913984597	1.0	8230
k16_63d4f630	CGATTCCATTCGATAA	15.15531502517774	0.9999103844404262	13.314672076542497	1.0	15400
k16_83cd8390	GAATTATCGAATGCAA	15.15478277269759	1.0	18.741055328333626	0.9895287958115183	12932
k16_0e83cd36	AATGGAATTATCATCG	15.153607395639618	0.9999613602291338	14.490140142378054	1.0	15143
k16_3a0f34d8	ATGGAATTATCATCGA	15.153416231475616	0.9999612910609279	14.487559819665636	1.0	15116
k16_8370e834	GAATCTAATGGAATCA	15.152559267366613	0.9990961306744742	10.003181682873054	1.0	8681
k16_360eb760	ATCGAATGGTCTCGAA	15.152451296657791	0.9999997942012497	18.82318453822781	1.0	15490
k16_0e83cd83	AATGGAATTATCGAAT	15.152358191768174	0.9998925272911456	13.05399392930343	1.0	13440
k16_434d83a1	CAATCATCGAATGGAC	15.15189312009552	0.9999699669997393	14.761426452352254	1.0	7393
k16_a0f360e4	GGAATTATCGAATGCA	15.15077952966893	1.0	18.739606618627366	0.9895287958115183	12957
k16_0d23a0d3	AATCAGATGGAATCAT	15.150543134148943	0.9999996838010653	18.20358759068795	1.0	9686
k16_53d8c3d6	CCATTCGATAATTCCG	15.150183293154422	0.9999579274744873	14.36551351436314	0.9895287958115183	13439
k16_dc3a0d34	TCTAATGGAATCATCA	15.150133991655652	0.9997710324256958	11.96405098345685	1.0	6070
k16_3d4f238e	ATTCCATTAGATGATG	15.148908347258908	0.9998894079483421	13.01888834982139	1.0	17258
k16_d83a0434	TCGAATGGAACAATCA	15.148833187321083	1.0	18.218769746496406	0.9982547993019197	8688
k16_4e8760e4	CATGGACTCGAATGCA	15.148053101736396	0.9998493809906503	12.572056926283041	0.9895287958115183	11682
k16_638f5378	CGATGATTCCATCTGA	15.14782171672141	0.9999995078216976	17.565241172776023	0.9982547993019197	5816
k16_0d3e0683	AATCATTGAACGGAAT	15.14724073394352	0.9999997127948735	19.201605231712925	0.9982547993019197	22794
k16_34d83add	ATCATCGAATGGTCTC	15.147208394784023	0.999999853146922	19.31004453975176	1.0	22264
k16_48e834d8	CAGATGGAATCATCGA	15.147025494766046	0.9999995072680428	17.56361919377392	0.9982547993019197	5812
k16_08834d83	AAGAGAATCATCGAAT	15.146570927145238	0.9999996515156109	18.063326459206355	0.9947643979057592	8707
k16_38f53d83	ATGATTCCATTCGAAT	15.146549906016777	0.9999171679992129	13.402917637379145	1.0	8345
k16_8f77d8f5	GATTCTCTTCGATTCC	15.146301703518267	0.9999861334279958	15.85335760021623	0.9982547993019197	14970
k16_23a0d360	AGATGGAATCATCGAA	15.14606347463153	0.9999995078551244	17.56533915776428	1.0	5825
k16_0d34c83a	AATCATCATAGAATGG	15.14596396163777	0.9992976552870028	10.361249396284972	1.0	4428
k16_03a0d360	AAATGGAATCATCGAA	15.145369743036584	0.9995400166590266	10.97457126058963	1.0	9752
k16_e83cd360	TGGAATTATCATCGAA	15.145078527324227	0.999961471132665	14.494287058701564	1.0	15287
k16_364c8360	ATCGCATAGAATCGAA	15.14450128668804	0.9999874653189147	15.978514232543388	0.9895287958115183	14782
k16_4d03a0dc	CATCAAATGGAATCTA	15.144338197302185	0.9997991265034188	12.153670728307333	1.0	7357
k16_53a1d839	CCATGGACTCGAATGC	15.143504676140735	1.0	18.60452963711616	0.9895287958115183	11759
k16_0e810d36	AATGGAACAATCATCG	15.142853276363077	1.0	17.9537425860273	0.9895287958115183	7067
k16_38f53d88	ATGATTCCATTCGAGA	15.142705082587469	0.9999995748986134	18.635880503961932	1.0	15070
k16_38e3d4f2	ATGATGATTCCATTAG	15.14216996044077	0.9998128215918685	12.237840821019796	1.0	4176
k16_6214f638	CGAGACCATTCGATGA	15.142119929015827	0.9999998511739768	19.29079125622206	1.0	22035
k16_8060e83c	GAAACGAATGGAATTA	15.142075068806857	0.9998204889812411	12.31162104585934	0.9912739965095986	6983
k16_3a0434d8	ATGGAACAATCATCGA	15.141306553217309	1.0	17.950619524386433	0.9895287958115183	7058
k16_4d9320d8	CATCGCATAGAATCGA	15.140524151402598	0.9999997854769619	18.763286275101464	0.9895287958115183	14945
k16_d04d01a0	TCAACATCAAACGGAA	15.140085888435417	0.999799963239799	12.16567438391851	0.9895287958115183	10115
k16_4d83add8	CATCGAATGGTCTCGA	15.140058857616685	0.9999998509933085	19.28904095010867	1.0	22040
k16_34c83a0d	ATCATAGAATGGAATC	15.1392992263226	0.999574340050088	11.082061439527493	1.0	6644
k16_63dce638	CGATTCTATGCGATGA	15.139157415207821	0.9999997846725159	18.757886400403866	0.9895287958115183	14900
k16_e810d360	TGGAACAATCATCGAA	15.138823073950663	1.0	17.95163668347356	0.9895287958115183	7078
k16_1a0f360e	ACGGAATTATCGAATG	15.13871622192103	0.9999545727682422	14.255203910041738	0.9895287958115183	12544
k16_3d8853d8	ATTCGAGACCATTCGA	15.138254397002182	0.9999511756607525	14.166465123741503	1.0	15353
k16_b760e834	GTCTCGAATGGAATCA	15.137862594412804	0.9999987275373224	18.183066684089734	1.0	15161
k16_34d9320d	ATCATCGCATAGAATC	15.137480534394479	0.999999785622379	18.764264553145633	0.9895287958115183	14990
k16_3d8e3ef5	ATTCGATGATTGTTCC	15.136967176409438	1.0	17.95030514983451	0.9895287958115183	7081
k16_4f638fbd	CATTCGATGATTGTTC	15.136715161395358	1.0	17.946728940097067	0.9895287958115183	7062
k16_0e434d36	AATGCAATCATCATCG	15.136174952283953	0.9999902410129374	16.275073209728717	1.0	14108
k16_0e3d4f23	AATGATTCCATTAGAT	15.136166146739233	0.9999974332306283	17.008919540911698	1.0	5582
k16_7d8f53d8	CTTCGATTCCATTCGA	15.136160718976749	0.9996993772197386	11.588450583329053	1.0	15700
k16_93d8c3d4	GCATTCGATAATTCCA	15.135531758965946	1.0	18.73868232822203	0.9895287958115183	13098
k16_53dbf535	CCATTCGTTTCCATCC	15.133488026508024	0.9996563154802159	11.38827859438366	0.9895287958115183	6972
k16_1d83a0c3	ACTCGAATGGAATAAT	15.13231900699328	0.9999542718519028	14.261652036507323	1.0	16773
k16_0683cd83	AACGGAATTATCGAAT	15.132281480193516	0.9999544129066179	14.250135658271523	0.9895287958115183	12557
k16_38f3d4f6	ATGATTATTCCATTCG	15.131504449088746	0.9998534097192842	12.617719251758045	1.0	17789
k16_70e834f8	CTAATGGAATCATTGA	15.131495032955721	1.0	17.683456866083695	1.0	5713
k16_34d03a1d	ATCATCAAATGGACTC	15.130812135913779	0.9996596985099362	11.407967217834331	1.0	11476
k16_34134068	ATCAACATCAAACGGA	15.130599534099058	0.9998015264530589	12.176995017433539	0.9895287958115183	10279
k16_8f53d885	GATTCCATTCGAGACC	15.130318653078842	0.999766144858173	11.948218802940996	1.0	15441
k16_0434d83a	AACAATCATCGAATGG	15.13026013526056	1.0	17.9367664670682	0.9895287958115183	7042
k16_83a0f360	GAATGGAATTATCGAA	15.130238092732935	0.9999115256734656	13.327963229202473	1.0	13271
k16_01a0f360	AAACGGAATTATCGAA	15.130121483766464	0.9999547202381058	14.259521180695291	0.9895287958115183	12594
k16_4d340e81	CATCATCAAATGGAAC	15.129760417807727	1.0	18.063735492386336	1.0	7801
k16_3a0c353a	ATGGAATAATCCATGG	15.12905102125503	1.0	18.72531156421023	0.9895287958115183	13030
k16_0a2d34dc	AAGGAGTCATCATCTA	15.128279167752503	1.0	18.161924153433088	0.9895287958115183	8443
k16_160e835d	ACCGAATGGAATCCTC	15.126934843196846	1.0	17.84939242195923	0.9895287958115183	6577
k16_0d04d01a	AATCAACATCAAACGG	15.126507505267972	0.9997698881155845	11.963561259571089	0.9895287958115183	8732
k16_10d360e8	ACAATCATCGAATGGA	15.126477863736804	1.0	17.95753175029833	0.9982547993019197	7183
k16_a0c353a1	GGAATAATCCATGGAC	15.12585221528599	1.0	18.721198372251767	0.9895287958115183	13021
k16_8160e835	GAACCGAATGGAATCC	15.12544131724938	0.999999098172085	17.55083784723921	0.9895287958115183	6575
k16_0583a0d7	AACCGAATGGAATCCT	15.124656701015766	1.0	17.853428482524063	0.9895287958115183	6611
k16_583a0d74	CCGAATGGAATCCTCA	15.12462053496862	1.0	17.85116692855113	0.9895287958115183	6599
k16_6fe3be3d	CGTTTGATGTTGATTC	15.123851352041783	0.9997686966374806	11.956079539663396	0.9947643979057592	8684
k16_0f53dbf4	AATTCCATTCGTTTCA	15.12362934447179	0.9996976993975226	11.570266869599592	0.9895287958115183	6566
k16_34dc3a0d	ATCATCTAATGGAATC	15.123123268066438	0.9996286208753742	11.282379292273628	1.0	11129
k16_1d8380d3	ACTCGAATGAAATCAT	15.12288348361496	1.0	17.865486703030385	1.0	6686
k16_83a0d04d	GAATGGAATCAACATC	15.120988290155271	0.9995166438686294	10.906571795844771	1.0	16772
k16_38fbd4f6	ATGATTGTTCCATTCG	15.120095970213908	1.0	17.955803175179106	0.9895287958115183	7210
k16_60e4360c	CGAATGCAATCGAATA	15.120020399375246	0.9999113596072549	13.29589660715829	0.9912739965095986	6541
k16_760e034d	CTCGAATGAAATCATC	15.119756357628432	1.0	17.84463145465201	1.0	6590
k16_3d8e38d1	ATTCGATGATGATCAC	15.116825985244434	0.9999995538124495	17.706771413442205	0.9895287958115183	6704
k16_30d4e876	ATAATCCATGGACTCG	15.116569748171836	1.0	18.53526090538857	0.9895287958115183	11385
k16_0d34d838	AATCATCATCGAATGA	15.116368743310847	0.9992494608348457	10.263713387037795	1.0	3451
k16_83a0434d	GAATGGAACAATCATC	15.116294608109436	1.0	17.95509570788777	0.9895287958115183	7228
k16_360e836d	ATCGAATGGAATCGTC	15.115653106174374	0.9999929512561743	15.338445174117844	1.0	822
k16_630f53d8	CGATAATTCCATTCGA	15.114596028400724	0.999905487900146	13.23289685193319	1.0	12570
k16_4fe28c3d	CATTTGAGGATAATTC	15.113987032153497	1.0	17.426081807653915	0.9930191972076788	4658
k16_4f638f51	CATTCGATGATTCCAC	15.113537781458952	0.9998854459877833	12.935105899893497	1.0	5868
k16_a3d3e0e8	GGATTCATTGAATGGA	15.113490987260995	1.0	17.99308920081166	0.9982547993019197	7469
k16_e834db60	TGGAATCATCGTCGAA	15.112382618949653	0.9996086682766261	11.190991058062064	1.0	3248
k16_60e83608	CGAATGGAATCGAAGA	15.111992720235756	0.9999993073535502	18.388315697340264	0.9912739965095986	14102
k16_53d8e38d	CCATTCGATGATGATC	15.111573146788306	0.9999995606064335	17.728907844593653	1.0	6855
k16_e830d3e0	TGGAATAATCATTGAA	15.110400797761105	0.9999995742362704	18.633634419133653	1.0	15412
k16_360e8345	ATCGAATGGAATCACC	15.109322574085223	0.9994981264326658	10.847298533513296	1.0	7594
k16_0d83b0d3	AATCGAATGTAATCAT	15.108416476604182	0.9995324372963107	10.950010979874655	1.0	8735
k16_60e83cd8	CGAATGGAATTATCGA	15.108185008196545	0.999906290511161	13.24501960448029	1.0	12674
k16_53d0e0d4	CCATTCAATGAATCCA	15.107402918679137	1.0	17.95561668377327	0.9982547993019197	7283
k16_e434d360	TGCAATCATCATCGAA	15.107220242370042	0.9999894326097866	16.160256490095243	1.0	13225
k16_8390d34d	GAATGCAATCATCATC	15.106663984786755	0.9999997899223658	18.79349623678014	1.0	15677
k16_390d34d8	ATGCAATCATCATCGA	15.106396223193745	0.9999894463610071	16.16213509022912	1.0	13252
k16_4f638e34	CATTCGATGATGATCA	15.106348364651963	0.9999995585174132	17.72206508097406	0.9895287958115183	6846
k16_23d4f638	AGATTCCATTCGATGA	15.1045278411351	0.9999002681678154	13.108867799535618	1.0	4264
k16_3d8e30f5	ATTCGATGATAATTCC	15.104511408313094	0.999956795209528	14.329029147009878	1.0	13924
k16_d34d03a0	TCATCATCAAATGGAA	15.104414320329974	0.9997923248287167	12.126734037859412	1.0	51536
k16_63dcf638	CGATTCTATTCGATGA	15.104353923298344	0.9999475233958194	13.859045636802827	1.0	1866
k16_4d83e018	CATCGAATTGAAACGA	15.104092336055562	0.9999990881399377	17.534877628747367	0.9895287958115183	6604
k16_4f63863d	CATTCGATGACGATTC	15.10340095647812	0.9999281357966955	13.624093167490505	1.0	15068
k16_5360f806	CCATCGAATTGAAACG	15.102683400367306	0.9999990821751531	17.525471237027542	0.9895287958115183	6561
k16_3a0d34f8	ATGGAATCATCATTGA	15.102671658639192	0.9993080002265957	10.390995286440605	1.0	22935
k16_38e3d4f4	ATGATGATTCCATTCA	15.101229611849964	0.9995681723934918	11.069556382941075	1.0	20376
k16_0d160c83	AATCACCGAATAGAAT	15.10100354484087	1.0	17.937226859920447	0.9912739965095986	7213
k16_73dae3d4	CTATTCGGTGATTCCA	15.100676853152107	1.0	17.92359454205514	0.9895287958115183	7136
k16_35d3e0e8	ATCCTCATTGAATGGA	15.100672528211083	1.0	18.034808331341416	0.9982547993019197	7802
k16_834d360c	GAATCATCATCGAATA	15.099888949384596	0.9999972435863422	16.693010572757718	1.0	3987
k16_3602834d	ATCGAAAGGAATCATC	15.099466907627933	0.9998110692314575	12.230627386137916	1.0	5227
k16_3458320d	ATCACCGAATAGAATC	15.098528030259633	1.0	17.9238740693148	0.9947643979057592	7150
k16_8e3d4f60	GATGATTCCATTCGAA	15.097992551135611	0.9998970345498761	13.088756521650023	1.0	6711
k16_77d8f53d	CTCTTCGATTCCATTC	15.097832007028408	0.9998566599403605	12.645912748307488	0.9982547993019197	14503
k16_4f638c3d	CATTCGATGATAATTC	15.097781663786076	0.9999567393304847	14.327164362224623	1.0	13975
k16_a0d160c8	GGAATCACCGAATAGA	15.096948900778544	1.0	17.924373134523755	0.9912739965095986	7162
k16_28b4d370	AGGAGTCATCATCTAA	15.096821561667053	0.9999996384840915	18.010361512670997	0.9895287958115183	8685
k16_4f81a0d8	CATTGAACGGAATCGA	15.095775094442562	0.9998412934437834	12.499548459074221	0.9982547993019197	13432
k16_d83a0c34	TCGAATGGAATAATCA	15.09545888462627	0.9998484712283086	12.569909909353273	1.0	17635
k16_53d8e3e4	CCATTCGATGATTGCA	15.09528506354922	0.9999749480495976	15.077394519248429	1.0	15347
k16_e83cd380	TGGAATTATCATGAAA	15.094923969765235	0.9999987857210509	17.12166370709616	0.9947643979057592	4704
k16_0d34d23a	AATCATCATCAGATGG	15.094675792137535	0.9999996271298808	17.965747596339007	1.0	8399
k16_60c83ce8	CGAATAGAATTATGGA	15.093537407360587	0.9999991319949274	17.60598636037713	0.9895287958115183	7057
k16_a0e830d4	GGAATGGAATAATCCA	15.092479520587107	0.9992078716628989	10.194801981506906	0.9947643979057592	13915
k16_4f6fd0f6	CATTCGTTTCAATTCG	15.091938788684775	0.9999995360373694	17.650413279392097	0.9895287958115183	6534
k16_530f73d8	CCATAATTCTATTCGA	15.091328899880683	0.9999995651739086	17.7439830253388	0.9895287958115183	7054
k16_a0c34f81	GGAATAATCATTGAAC	15.091008693456592	0.9999997718289529	18.674303292859467	0.9895287958115183	14510
k16_3d8e38f9	ATTCGATGATGATTGC	15.089340499413586	0.9999898759497772	16.222089544437768	1.0	14043
k16_3d0e28f5	ATTCAATGAGGATTCC	15.089274142552497	0.999889696852829	12.99906371693442	0.9982547993019197	7855
k16_34dc3a0e	ATCATCTAATGGAATG	15.08910093582931	0.9999496320488622	14.120411652986041	0.9912739965095986	15046
k16_3a0db4d8	ATGGAATCGTCATCGA	15.088648704936249	0.9999574917064082	14.354548752349713	1.0	14847
k16_360f8060	ATCGAATTGAAACGAA	15.088623397771523	1.0	17.806233752887707	0.9895287958115183	6551
k16_160c8360	ACCGAATAGAATCGAA	15.088447079446476	0.9998747297510362	12.81729745317607	0.9930191972076788	7124
k16_3dbf43d8	ATTCGTTTCAATTCGA	15.088335965807325	1.0	17.803142419673996	0.9895287958115183	6536
k16_de38e3d4	TCTGATGATGATTCCA	15.08828628936997	0.9999995988680055	17.860344086483586	1.0	7764
k16_834dc3a0	GAATCATCTAATGGAA	15.087502807171283	0.9998713952516359	12.802462892932425	1.0	16453
k16_458320d8	CACCGAATAGAATCGA	15.086948490711448	0.9999956794889354	16.810475960342785	0.9930191972076788	7132
k16_4de38e3d	CATCTGATGATGATTC	15.086844868355918	0.9999995982872576	17.858256909514754	1.0	7760
k16_6f438f3d	CGTTCAATGATTATTC	15.086680533584934	0.9999997667564499	18.64258190521737	0.9895287958115183	14215
k16_63dcf6b8	CGATTCTATTCGGTGA	15.086333531899704	1.0	17.907687977388196	0.9930191972076788	7127
k16_34db60e8	ATCATCGTCGAATGGA	15.084655710567242	0.9998338866489954	12.39409442369433	1.0	3369
k16_e836d360	TGGAATCGTCATCGAA	15.084470900159118	0.99992624682654	13.586658713220245	1.0	14861
k16_8760e034	GACTCGAATGAAATCA	15.08407937968876	1.0	17.50431726840165	1.0	5112
k16_4fe38e3c	CATTTGATGATGATTA	15.083990407263988	0.9999989743200511	17.821927142075662	1.0	9344
k16_0d36d83a	AATCATCGTCGAATGG	15.083898634973913	0.9998316240259807	12.375118029737203	1.0	3353
k16_8fd3d8b5	GATTTCATTCGAGTCC	15.083863228030784	0.9993588772058256	10.492700465480338	1.0	5110
k16_53d4f238	CCATTCCATTAGATGA	15.083672372028914	0.9999489814105191	14.10212687661895	0.9895287958115183	14970
k16_81d83a0d	GAACTCGAATGGAATC	15.083648032809494	0.999380061186005	10.54379173598924	1.0	7280
k16_83a0fb4d	GAATGGAATTGTCATC	15.08322238471551	1.0	17.948057102813674	0.9982547993019197	7381
k16_3d8638f5	ATTCGACGATGATTCC	15.08232093812993	0.9996016953147989	11.165449221775292	1.0	3253
k16_a0d3e068	GGAATCATTGAACGGA	15.082248032947115	0.9999996474711165	18.046679072124853	1.0	9039
k16_0d83acd3	AATCGAATGGTATCAT	15.081936473743975	0.9997885081943689	12.079833964935174	1.0	7457
k16_2d34dc3a	AGTCATCATCTAATGG	15.081364126887678	0.9999187883653422	13.430953508246654	0.9982547993019197	8895
k16_3d3d8e18	ATTCATTCGATGACGA	15.081328876791668	0.999999772325116	18.677443876008027	0.9895287958115183	14650
k16_834f81a0	GAATCATTGAACGGAA	15.08111622070404	0.9999996472289837	18.04568850708581	0.9982547993019197	9040
k16_34f81a0d	ATCATTGAACGGAATC	15.080199192553618	0.999928326321422	13.623190521620957	0.9982547993019197	13514
k16_3d8e18f5	ATTCGATGACGATTCC	15.080138694007129	0.9999023765270181	13.191312858943233	1.0	14928
k16_283a0d36	AGGAATGGAATCATCG	15.078970005950683	0.9997909307980942	12.092539956316312	0.9895287958115183	6367
k16_63d6f438	CGATTCCGTTCAATGA	15.07869971590389	0.9999266795161652	13.590415317269695	0.9912739965095986	13199
k16_8740e83c	GACTCAAATGGAATTA	15.078589758057499	0.9996690403344505	11.445559517842169	1.0	9576
k16_e8341340	TGGAATCAACATCAAA	15.078039001421521	0.999999616079143	18.7828783104387	1.0	17637
k16_8d03a0d8	GATCAAATGGAATCGA	15.077907737870449	1.0	17.89142045691901	0.9982547993019197	7082
k16_0d370e83	AATCATCTAATGGAAT	15.076164133025117	0.9998493533126478	12.577178073262363	1.0	16680
k16_63d4fe34	CGATTCCATTTGATCA	15.076022084242732	1.0	17.88410782248193	0.9982547993019197	7051
k16_3a0d3e06	ATGGAATCATTGAACG	15.075594527877437	0.9999996384429183	18.010197213294283	1.0	8830
k16_3cd360e8	ATTATCATCGAATGGA	15.07555172737588	0.9999441766073133	13.97406859687501	1.0	14182
k16_d3e0e834	TCATTGAATGGAATCA	15.07541898235721	0.9997687446908724	11.963780138930977	1.0	15435
k16_360e8b4d	ATCGAATGGAGTCATC	15.075416679257447	0.9994026661041103	10.582009731341813	1.0	1979
k16_4f83a0d2	CATTGAATGGAATCAG	15.075080147207395	0.9998348488845563	12.428550298188327	0.9982547993019197	7150
k16_434d360e	CAATCATCATCGAATG	15.075026646933999	0.9999905774696343	16.325690460280807	1.0	15339
k16_36d360e0	ATCGTCATCGAATGAA	15.074464542292045	0.9999997719885155	18.67531253668801	0.9912739965095986	14702
k16_0f4f6386	AATTCATTCGATGACG	15.074136218669056	0.9999997709700928	18.668883040290925	0.9895287958115183	14635
k16_14f638f5	ACCATTCGATGATTCC	15.073949441162515	0.9999969809758349	17.064423055866534	1.0	7222
k16_3d0eb8f5	ATTCAATGGTGATTCC	15.073160430498522	1.0	17.0922523749936	0.9982547993019197	3586
k16_5bd0e3d4	CCGTTCAATGATTCCA	15.072806198268095	0.999999635117463	17.996988581508912	1.0	8758
k16_d638e3d4	TCCGATGATGATTCCA	15.072723917330762	0.9999654097879696	14.627551273031838	0.9982547993019197	13180
k16_0db4d838	AATCGTCATCGAATGA	15.072490185997598	0.9999997720065543	18.67542667796411	0.9912739965095986	14725
k16_0f5bd0e3	AATTCCGTTCAATGAT	15.071682959183644	0.9999996534972523	18.0715536720563	0.9912739965095986	9293
k16_583a0d34	CCGAATGGAATCATCA	15.071234921616465	0.9997413118643212	11.79035039945758	1.0	6299
k16_a0d04d01	GGAATCAACATCAAAC	15.070276232187423	0.9999996481848803	18.04960304345605	0.9912739965095986	9145
k16_4f618e3d	CATTCGACGATGATTC	15.069643275790522	0.9998263475064895	12.330593918362661	1.0	3259
k16_cd03a0d8	TATCAAATGGAATCGA	15.06949913895584	0.999698618032005	11.576003889514597	1.0	7513
k16_83a0114d	GAATGGAAACACCATC	15.069456199626286	1.0	17.15921925313646	0.9982547993019197	3825
k16_e38f53d0	TGATGATTCCATTCAA	15.069433235722153	0.999507466091106	10.87995513991361	1.0	19216
k16_e8045360	TGGAAACACCATCGAA	15.068365943265583	1.0	17.780737933580856	1.0	6523
k16_0dc3a0d3	AATCTAATGGAATCAT	15.068320908180562	0.9997002095035337	11.58639444986283	1.0	9215
k16_2d4e8f3d	AGTCCATGGATTATTC	15.067911842677313	1.0	18.61236865155146	0.9895287958115183	12529
k16_ec34d340	TGTAATCATCATCAAA	15.067873378216085	0.9999989294129864	17.760105848151905	1.0	9016
k16_3863d4f4	ATGACGATTCCATTCA	15.067560796698478	0.9999694648971015	14.83217372391601	0.9982547993019197	21577
k16_8360eb34	GAATCGAATGGTATCA	15.067459256345723	0.9997820537618883	12.046875077388512	1.0	13510
k16_1a0d34d8	ACGGAATCATCATCGA	15.066796815121752	0.9998655262266122	12.6874753239079	0.9982547993019197	3561
k16_0e8e874d	AATGGATGGACTCATC	15.066709215305245	0.9999991399429008	17.619257348220085	0.9895287958115183	7289
k16_434d83ad	CAATCATCGAATGGTC	15.066289749426241	0.9999997766163815	18.70489558078923	0.9895287958115183	15123
k16_30d3e068	ATAATCATTGAACGGA	15.06587900411094	0.9999997626286878	18.61727355574299	0.9895287958115183	14167
k16_0c353a1d	AATAATCCATGGACTC	15.065702496531122	1.0	18.544245159774718	0.9895287958115183	11917
k16_0c34f81a	AATAATCATTGAACGG	15.065355632493093	0.9999997626353928	18.617314307161518	0.9895287958115183	14173
k16_8c53d8f5	GATACCATTCGATTCC	15.064846231508058	0.9996872543067844	11.529991493655391	0.9982547993019197	13468
k16_d8e3d4f4	TCGATGATTCCATTCA	15.063810599253477	0.9996809275584353	11.499156176954605	1.0	10857
k16_14f638f9	ACCATTCGATGATTGC	15.063703906007657	0.9999997770501189	18.707699537019693	0.9895287958115183	15184
k16_d0f4f638	TCAATTCATTCGATGA	15.061788046461134	0.9999993602201525	18.50285912466798	0.9982547993019197	15950
k16_34d23a03	ATCATCAGATGGAAAT	15.061249898753854	1.0	17.99136210633575	0.9895287958115183	7777
k16_8f53dab5	GATTCCATTCGGGTCC	15.061222083792918	0.9998641388232017	12.726523119621614	1.0	19179
k16_43d6f438	CAATTCCGTTCAATGA	15.060974278621154	0.9999996471742183	18.045464556330327	0.9930191972076788	9182
k16_83a0db4d	GAATGGAATCGTCATC	15.060653823615187	0.9999365689441988	13.799166345215657	1.0	15534
k16_8560e834	GACCCGAATGGAATCA	15.060014479455802	0.9999073785546172	13.271613282015364	1.0	19194
k16_c34f81a0	TAATCATTGAACGGAA	15.05919649322415	0.9999997643984362	18.628070005353376	0.9895287958115183	14354
k16_38e3d6f6	ATGATGATTCCGTTCG	15.05842668446532	0.9996284785903417	11.251911729645766	1.0	1928
k16_0e836d36	AATGGAATCGTCATCG	15.05804490284364	0.9999573470780504	14.349648322989253	1.0	15135
k16_1583a0d3	ACCCGAATGGAATCAT	15.055796985196043	0.9999483639058266	14.09525042647632	1.0	19065
k16_560e834d	CCCGAATGGAATCATC	15.055771029494814	0.9999486000933613	14.101252682607852	1.0	18873
k16_0e028b4d	AATGAAAGGAGTCATC	15.055260740272828	0.9999996397210432	18.015306242894784	0.9982547993019197	9008
k16_4f438a3d	CATTCAATGAGGATTC	15.054550949248426	1.0	18.033000644180948	0.9982547993019197	8082
k16_740e83cd	CTCAAATGGAATTATC	15.05417966920959	0.9999696052532929	14.76951955033613	1.0	9696
k16_3e03a3a1	ATTGAAATGGATGGAC	15.053947152543103	0.9999991412302649	17.621418436518056	0.9895287958115183	7377
k16_43d3d8e1	CAATTCATTCGATGAC	15.05369543381935	0.9999993382660453	18.45418343315753	0.9895287958115183	15475
k16_3a0d04d0	ATGGAATCAACATCAA	15.053601098011052	0.9999990464599061	18.43750565818091	1.0	18084
k16_d4e8f3d4	TCCATGGATTATTCCA	15.052577703568486	1.0	18.734409088003893	0.9895287958115183	13898
k16_2d4d4fd0	AGTCCATCCATTTCAA	15.051278945265263	0.9999991171338279	17.58149514785834	0.9895287958115183	7159
k16_ee34d360	TGTGATCATCATCGAA	15.049143637373946	0.9999995529235669	17.703900185760542	0.9895287958115183	7066
k16_81a0d34d	GAACGGAATCATCATC	15.049064327213832	0.9997922883180577	12.060117797077213	1.0	1929
k16_3e0e836d	ATTGAATGGAATCGTC	15.047654961969545	0.999921537227947	13.498771730877289	1.0	14899
k16_0e834134	AATGGAATCAACATCA	15.046218528231806	0.9995471856965291	11.000595404755742	1.0	18285
k16_760e830d	CTCGAATGGAATAATC	15.045931294530703	0.999954162376673	14.258202136243094	1.0	17835
k16_38e1d7f4	ATGATGACTCCTTTCA	15.045902533220284	1.0	18.14193232593418	0.9930191972076788	8868
k16_34f360e8	ATCATTATCGAATGGA	15.04578455503657	0.9999347003745894	13.658714760969993	1.0	3632
k16_38e2d4d4	ATGATGAGTCCATCCA	15.04561105930205	0.999999129535555	17.601904476556502	0.9895287958115183	7311
k16_8e38b535	GATGATGAGTCCATCC	15.043640201959045	0.999999129781362	17.602311929583138	0.9895287958115183	7325
k16_0e3cf53d	AATGATTATTCCATTC	15.042916576784087	0.9999991093597165	18.32288457661674	1.0	15443
k16_0d8320f3	AATCGAATAGAATTAT	15.04231607939205	0.9999995568792066	17.7167216095979	0.9982547993019197	7179
k16_20d83a04	AGAATCGAATGGAACA	15.040494248829923	0.9994186953775865	10.636466833378282	0.9982547993019197	7893
k16_4e30f53d	CATGATAATTCCATTC	15.04016819941912	0.9992777953206564	10.32125465362586	0.9982547993019197	4832
k16_360c83ce	ATCGAATAGAATTATG	15.038678650673635	0.9999995501600756	17.695010008052275	0.987783595113438	7075
k16_3d4f630e	ATTCCATTCGATAATG	15.038239370640396	0.9999340285943357	13.643947769777617	1.0	3608
k16_438f53c8	CAATGATTCCATTAGA	15.03179239041368	1.0	17.670927819315974	1.0	6142
k16_0114d83e	AAACACCATCGAATTG	15.031566034167163	0.9999990541387342	17.48206165815638	0.9982547993019197	6711
k16_1d03a0f3	ACTCAAATGGAATTAT	15.029643240480283	0.9999704982312349	14.809636070383908	1.0	9964
k16_3a0d160c	ATGGAATCACCGAATA	15.029363779202663	1.0	17.93361988158045	0.9912739965095986	7618
k16_08e3d4f6	AAGATGATTCCATTCG	15.02905110067052	0.9998287558426583	12.394129111814433	1.0	17082
k16_45360f80	CACCATCGAATTGAAA	15.028291848494804	0.9999990442324446	17.46703050829851	0.9895287958115183	6647
k16_0d34d038	AATCATCATCAAATGA	15.028230048690306	0.9999614380586243	14.428937629840478	1.0	7743
k16_3dab53d8	ATTCGGGTCCATTCGA	15.027995033977819	0.9999992101987561	18.19894549619	1.0	13026
k16_0e830d3e	AATGGAATAATCATTG	15.027870154542155	0.9999869433673911	15.92899572621361	1.0	16293
k16_4f6ad4f6	CATTCGGGTCCATTCG	15.027274547917436	0.9999989456634478	18.079464207296052	1.0	13016
k16_0d83a3d3	AATCGAATGGATTCAT	15.025412327771079	0.9997507116187861	11.84550393840062	1.0	7477
k16_770e834d	CTCTAATGGAATCATC	15.024492001376688	0.9999231224325399	13.433502996742464	1.0	3310
k16_3f8c38f5	ATTTGATAATGATTCC	15.0237108647735	0.9998866002514096	12.959741070267299	1.0	8149
k16_3a0c34f8	ATGGAATAATCATTGA	15.023134002177635	0.999999571922023	18.62581386879122	1.0	16351
k16_34d83a15	ATCATCGAATGGACCC	15.02134364091923	0.999981959293892	15.483674241728558	1.0	13190
k16_0d360e84	AATCATCGAATGGACA	15.021135424447067	0.9999718799529629	14.753816303330009	1.0	4703
k16_93d8e3d4	GCATTCGATGATTCCA	15.021090301629938	0.9997444117577362	11.79001913798851	1.0	3263
k16_4381d83a	CAATGAACTCGAATGG	15.021034317117874	0.9998047376517536	12.189909083573312	0.9930191972076788	6885
k16_a0d360e4	GGAATCATCGAATGCA	15.020539168041418	0.9997465411681766	11.802092149379826	1.0	3302
k16_0d04d03a	AATCAACATCAAATGG	15.01970811569263	0.9997816468501723	12.039279328921596	1.0	10085
k16_0e834f81	AATGGAATCATTGAAC	15.018156611079537	0.9999997512403158	18.549666589233965	1.0	13957
k16_3d4f6f8e	ATTCCATTCGTTGATG	15.01707651824819	0.9999271917030901	13.546212267882911	1.0	5344
k16_438353d8	CAATGAATCCATTCGA	15.01701722877042	0.9998889955136064	12.983995712337595	0.9982547993019197	7139
k16_60e8f4f8	CGAATGGATTCATTGA	15.017005575636729	1.0	17.841137950541874	0.9982547993019197	7143
k16_0f35d03a	AATTATCCTCAAATGG	15.016435714655445	1.0	17.424227503994228	0.9930191972076788	5058
k16_3a3d3e0e	ATGGATTCATTGAATG	15.015420093723867	1.0	17.951001648593795	0.9982547993019197	7811
k16_83458320	GAATCACCGAATAGAA	15.0148105906245	1.0	17.927084438304398	0.9895287958115183	7667
k16_38f3d4fa	ATGATTATTCCATTGG	15.014343644297973	0.9999690747610289	14.60526661255121	0.9982547993019197	3951
k16_8e38f53c	GATGATGATTCCATTA	15.014039625756341	0.999894532923198	13.032993598666971	1.0	4659
k16_04d01a0d	AACATCAAACGGAATC	15.013534665730761	1.0	16.671957817141408	0.9895287958115183	2533
k16_38e3f4f6	ATGATGATTTCATTCG	15.01341851749636	1.0	17.013597491115707	1.0	3524
k16_8e8060e8	GATGGAAACGAATGGA	15.010814111232428	0.9994413435666454	10.693320904874945	0.9965095986038395	7929
k16_a0d350e8	GGAATCATCCAATGGA	15.010607911029167	0.9999687981633003	14.598221398295582	1.0	4040
k16_3d8bd3e1	ATTCGAGTTCATTGAC	15.010419243455607	1.0	17.777950552964356	0.9895287958115183	6823
k16_d83a0134	TCGAATGGAAACATCA	15.010291502310169	0.9994322350242077	10.66583269218092	1.0	5028
k16_34d8381d	ATCATCGAATGAACTC	15.01006883411852	0.9993147351799069	10.393787769201108	1.0	3777
k16_d34dc3a0	TCATCATCTAATGGAA	15.0100541569592	0.9998911601683659	13.041931909561784	1.0	19447
k16_0eb8f53d	AATGGTGATTCCATTC	15.009733276147287	0.9999983883458062	16.713223486701715	0.9982547993019197	3524
k16_4d0facf8	CATCAATTGGTATTGA	15.008611759454903	1.0	17.83326440116311	0.9842931937172775	7146
k16_2d0e0760	AGTCAATGAACTCGAA	15.00836746491876	1.0	17.789365269202023	0.9895287958115183	6898
k16_0e8b4d83	AATGGAGTCATCGAAT	15.008358642278575	1.0	16.248559290924522	1.0	1600
k16_4e834d34	CATGGAATCATCATCA	15.007254203343875	0.9999986111916427	17.681952784174005	0.9982547993019197	9749
k16_38d03a0d	ATGATCAAATGGAATC	15.007233007242107	1.0	17.910504275696038	0.9982547993019197	7612
k16_a0d360e0	GGAATCATCGAATGAA	15.006773503330654	0.9998008498470736	12.06408779479451	1.0	635
k16_34d83a2d	ATCATCGAATGGAGTC	15.005827413080151	0.9999229032247011	13.426610687969369	1.0	3257
k16_3a0d34d2	ATGGAATCATCATCAG	15.004905465031433	0.9999991987667418	17.721467170677958	0.9982547993019197	8308
k16_e18f53d0	TGACGATTCCATTCAA	15.004847722328499	0.9999556562125994	14.293891493145276	0.9982547993019197	15188
k16_834d8380	GAATCATCGAATGAAA	15.004160413471599	1.0	15.447938612044474	1.0	423
k16_60e80e02	CGAATGGAAATGAAAG	15.002416804610244	0.999908808382644	13.25264895377155	0.9895287958115183	6670
k16_2834d83a	AGGAATCATCGAATGG	15.002392993758795	1.0	16.448214212959073	1.0	2025
k16_f53d0c50	TTCCATTCAATACCAA	15.002061170038157	0.9991474767661928	10.085927769167347	0.9895287958115183	7404
k16_740e8360	CTCAAATGGAATCGAA	15.00080884596366	0.9991199941332942	10.036076415036394	0.9982547993019197	3964
k16_0e834dc3	AATGGAATCATCTAAT	15.000537770484076	0.9999131662290116	13.369106780636562	1.0	26512
k16_0f34d83a	AATTATCATCGAATGG	14.99948113068333	0.9999444188427159	13.980342865923058	1.0	15084
k16_43eb3e0e	CAATTGGTATTGAATG	14.999261752948177	1.0	17.822700146801505	0.9895287958115183	7139
k16_38e1d4f6	ATGATGACTCCATTCG	14.998576258681952	0.9992598657690671	10.283236079472216	1.0	3673
k16_d83a2d34	TCGAATGGAGTCATCA	14.998572049394282	0.9992599331099457	10.283324923545397	1.0	3658
k16_3f8a30f5	ATTTGAGGATAATTCC	14.998378527750294	1.0	17.425941532328675	0.9930191972076788	5144
k16_8238f53d	GAAGATGATTCCATTC	14.996903557972391	0.9998716470473261	12.80607008717182	1.0	18406
k16_378e38f5	ATCTGATGATGATTCC	14.995976689743872	0.9999995988842565	17.86040253492764	1.0	8355
k16_34d350e8	ATCATCATCCAATGGA	14.994357321138457	0.9997535119766429	11.83541898623933	1.0	2830
k16_3a0d360c	ATGGAATCATCGAATA	14.991929920718398	0.9999576819374418	14.310448597964058	1.0	8336
k16_34e3d4f6	ATCATGATTCCATTCG	14.989968378676211	1.0	15.772648218008882	1.0	846
k16_143e38eb	ACCAATTGATGATGGT	14.989484507408301	1.0	17.769051859839433	0.987783595113438	6890
k16_38e3f434	ATGATGATTTCAATCA	14.98900727351351	1.0	17.87493422290388	0.9930191972076788	7507
k16_534d0fac	CCATCATCAATTGGTA	14.986392590367666	1.0	17.768283707356836	0.987783595113438	6903
k16_2a0d360e	AGGGAATCATCGAATG	14.9863553676612	1.0	17.049616670623973	1.0	3734
k16_4d43a01c	CATCCAATGGAAACTA	14.986161294728467	1.0	15.365294799450162	0.9912739965095986	353
k16_3b0d34d0	ATGTAATCATCATCAA	14.985315242321503	0.9999989332529243	17.765289738383867	1.0	9655
k16_c83ce838	TAGAATTATGGAATGA	14.985135162891925	0.9999995805406077	17.79589019864539	0.9930191972076788	8007
k16_e834d350	TGGAATCATCATCCAA	14.984249294365998	0.9999555924631528	14.235371408967287	1.0	7503
k16_53d8e3d5	CCATTCGATGATTCCC	14.981214343706677	1.0	16.99179563545153	1.0	3558
k16_3a0114d8	ATGGAAACACCATCGA	14.979360560513241	1.0	17.78217487253856	1.0	7021
k16_0f80e8e8	AATTGAAATGGATGGA	14.978990101002626	0.9999871783255577	15.779189141229466	0.9895287958115183	7875
k16_8e80e0e8	GATGGAAATGAATGGA	14.978785364947745	0.999100826452369	10.012322095441657	0.9947643979057592	15614
k16_8e38fd0d	GATGATGATTTCAATC	14.978356411349342	1.0	17.86926019412825	0.9930191972076788	7537
k16_4d8380d0	CATCGAATGAAATCAA	14.977416604722526	0.9998496283606447	12.521192759208526	1.0	3022
k16_114d83e0	ACACCATCGAATTGAA	14.976884213114436	0.9999990520999068	17.478955250866438	0.9982547993019197	6998
k16_d80a0d34	TCGAAAGGAATCATCA	14.976200611384268	0.9995936268119925	11.14185755412776	1.0	4745
k16_378f53d0	ATCTGATTCCATTCAA	14.97480688317124	0.999414587537035	10.625776515940496	0.9982547993019197	7719
k16_8390d360	GAATGCAATCATCGAA	14.973869002827735	0.9999997660862486	18.638442422785353	1.0	15419
k16_d74f83a0	TCCTCATTGAATGGAA	14.972682793787117	1.0	18.039983884273585	0.9982547993019197	8670
k16_20d360e0	AGAATCATCGAATGAA	14.971279976662958	1.0	16.924332057928368	1.0	3373
k16_045360f8	AACACCATCGAATTGA	14.97062060702424	0.9999990533041814	17.480789304430303	1.0	7044
k16_4f81a0f8	CATTGAACGGAATTGA	14.969336955029735	0.999999280848455	17.87739322106401	0.9947643979057592	9654
k16_83a0f34d	GAATGGAATTATCATC	14.969019166536544	0.9999572215290095	14.343336097529406	1.0	15576
k16_0e434d83	AATGCAATCATCGAAT	14.968680698807406	0.9999997644200823	18.62820256047218	1.0	15361
k16_0d82a0d3	AATCGAAGGGAATCAT	14.968130492132453	0.9994681454129155	10.751924002739296	1.0	3051
k16_0e804536	AATGGAAACACCATCG	14.96804051847634	1.0	17.793213239435865	1.0	7149
k16_e83ed340	TGGAATTGTCATCAAA	14.968030338128951	0.9999991477342942	17.632386469176055	0.9895287958115183	7971
k16_390d360e	ATGCAATCATCGAATG	14.967526071755335	0.999982066724997	15.507337891901365	1.0	15347
k16_8ef8f53c	GATGTTGATTCCATTA	14.967314089052328	0.9998317609960098	12.402325736392063	0.9982547993019197	7770
k16_c834d838	TAGAATCATCGAATGA	14.967237005796612	1.0	16.89694178466856	1.0	3300
k16_834d8381	GAATCATCGAATGAAC	14.967131631306088	0.9999246421114625	13.462309110226276	0.9982547993019197	3586
k16_83d4fe38	GAATTCCATTTGATGA	14.96697079735359	1.0	17.944485041226795	0.9895287958115183	8076
k16_380a2d34	ATGAAAGGAGTCATCA	14.9654246804442	1.0	18.154496783581354	0.9982547993019197	9537
k16_a0d00305	GGAATCAAAAATAACC	14.964691277989061	1.0	17.701224995344933	0.987783595113438	6653
k16_d34d43a0	TCATCATCCAATGGAA	14.964654343380223	0.9999139746301626	13.268507480608065	1.0	2912
k16_43e38ebc	CAATTGATGATGGTTA	14.964161175056024	1.0	17.72844173517757	0.9842931937172775	6805
k16_83b0d34d	GAATGTAATCATCATC	14.963955303395483	0.9998333369613722	12.422715348975482	1.0	10314
k16_34d43a0d	ATCATCCAATGGAATC	14.962908719955196	0.9996406953464199	11.282132066812622	1.0	1165
k16_63d4fe30	CGATTCCATTTGATAA	14.962491298863311	0.9998618691777859	12.680849885608419	1.0	8029
k16_d43a0c34	TCCAATGGAATAATCA	14.96148786021013	0.9999097566290359	13.234185692689726	0.9982547993019197	4161
k16_0583a0d3	AACCGAATGGAATCAT	14.960525952686632	0.9991499450495586	10.07763238918869	1.0	1860
k16_3d4f738e	ATTCCATTCTATGATG	14.959661355429784	0.9992927903493652	10.351312453589564	1.0	5173
k16_d38f53d8	TCATGATTCCATTCGA	14.957935029485535	0.999495143683445	10.807619207325772	1.0	1172
k16_3a3a1d34	ATGGATGGACTCATCA	14.95776564863037	0.9999991286917873	17.600506710262103	0.9895287958115183	7835
k16_34f340e8	ATCATTATCAAATGGA	14.957382079874286	0.9999942041777115	16.59324235794391	1.0	8309
k16_343eb3e0	ATCAATTGGTATTGAA	14.957132048287093	1.0	17.839065132590804	0.987783595113438	7483
k16_4d03a0d2	CATCAAATGGAATCAG	14.95653745038446	1.0	15.6853865333634	1.0	772
k16_0c50f8e3	AATACCAATTGATGAT	14.956229479420536	1.0	17.849284569656053	0.9842931937172775	7550
k16_34d348e8	ATCATCATCAGATGGA	14.955564586510857	1.0	18.119090708037128	1.0	9349
k16_3d8ebbf5	ATTCGATGGTGTTTCC	14.952638629588977	1.0	17.787485240521697	0.9982547993019197	7205
k16_8b5353f4	GAGTCCATCCATTTCA	14.952538018514405	0.9999991191739966	17.58483284244984	0.9895287958115183	7770
k16_40e83d02	CAAATGGAATTCAAAG	14.952486396230718	0.9998484987623872	12.551030723558519	0.9895287958115183	8133
k16_0f53dbe3	AATTCCATTCGTTGAT	14.952415492860757	1.0	16.879215497692822	0.9912739965095986	3291
k16_4383a0d8	CAATGAATGGAATCGA	14.951387383208374	0.9997597178571334	11.885980688821753	1.0	4780
k16_8360c83c	GAATCGAATAGAATTA	14.949808164857213	0.9996473531996938	11.350931964227216	0.9982547993019197	7731
k16_0534d0fa	AACCATCATCAATTGG	14.949408132312227	1.0	17.71151744972873	0.9842931937172775	6793
k16_04d03a0d	AACATCAAATGGAATC	14.947658580131357	0.9997981396227611	12.152666495590983	1.0	11668
k16_37d03a0e	ATCTTCAAATGGAATG	14.947513252390756	0.9999995970215053	17.85371829974413	0.9895287958115183	8635
k16_34d8380d	ATCATCGAATGAAATC	14.946395273811088	0.9995823330900279	11.082690343458133	1.0	1789
k16_4d80a1d8	CATCGAAAGGACTCGA	14.944020009843753	1.0	16.29044959645833	1.0	1812
k16_8f57d8f5	GATTCCCTTCGATTCC	14.9436844101925	0.9995012227093477	10.844188044628412	1.0	3321
k16_8f53d8e1	GATTCCATTCGATGAC	14.9435342994103	0.9999551290764904	14.010836246309436	1.0	1829
k16_3a0f34e0	ATGGAATTATCATGAA	14.9425309378384	0.9992686332998566	10.303054359371837	0.9947643979057592	5172
k16_03a0f35d	AAATGGAATTATCCTC	14.941534634849	1.0	17.88815241455055	0.9912739965095986	7880
k16_03e03a3a	AAATTGAAATGGATGG	14.93988164650585	0.9999991484473427	17.63359400208859	0.9895287958115183	8159
k16_0f53f8e1	AATTCCATTTGATGAC	14.939484598558431	0.9999814503977165	15.348478361560044	0.9982547993019197	8040
k16_0f63aefd	AATTCGATGGTGTTTC	14.937941709185433	0.9999990604254487	17.49168257846429	0.9982547993019197	7296
k16_38e3d7f6	ATGATGATTCCTTTCG	14.936099099108684	0.9996601103133906	11.39464419520452	1.0	4638
k16_d3cd83a0	TCATTATCGAATGGAA	14.934859636491716	0.9999343317990151	13.650594071454364	1.0	3987
k16_3a0f35d0	ATGGAATTATCCTCAA	14.932361800754034	1.0	17.415687233752976	0.9930191972076788	5393
k16_80e8e874	GAAATGGATGGACTCA	14.930969420456568	0.9999991401303734	17.619571855763287	0.9912739965095986	8126
k16_80d360e8	GAAATCATCGAATGGA	14.9307307142638	0.9996409876314448	11.307332003704177	1.0	2968
k16_80a2d34d	GAAAGGAGTCATCATC	14.93066132189409	1.0	18.158010943545253	1.0	9825
k16_83a3d3e0	GAATGGATTCATTGAA	14.93028639588438	1.0	17.84679653189036	0.9982547993019197	7693
k16_875fd3f5	GACTCCTTTCATTTCC	14.930245793590581	1.0	18.143227625759167	0.9895287958115183	9716
k16_3d4f638c	ATTCCATTCGATGATA	14.929886679148117	0.9999280882618524	13.613957057446706	1.0	13515
k16_60e834d4	CGAATGGAATCATCCA	14.92826058896365	0.9997643288462293	11.905987423407458	0.9965095986038395	3822
k16_3d0c50f8	ATTCAATACCAATTGA	14.927654197914741	1.0	17.83862206571631	0.9895287958115183	7659
k16_0d34d01a	AATCATCATCAAACGG	14.926938249339006	1.0	16.557465074594266	0.9982547993019197	2462
k16_4d348e80	CATCATCAGATGGAAA	14.92649047135134	1.0	18.000517103035353	0.9895287958115183	8716
k16_0e034d83	AATGAAATCATCGAAT	14.926272576760509	0.9996521807981178	11.35277400810617	1.0	3080
k16_3f8e38f1	ATTTGATGATGATTAC	14.925632800416814	0.9999989664566966	17.81090895571307	1.0	10475
k16_02834d34	AAAGGAATCATCATCA	14.924987131173982	1.0	18.26434441922407	1.0	10713
k16_0e0d4f63	AATGAATCCATTCGAT	14.924840738350088	1.0	17.842001508351903	0.9965095986038395	7697
k16_438f53f8	CAATGATTCCATTTGA	14.923135862509369	0.9995979291937737	11.166341387664522	1.0	10180
k16_8380d360	GAATGAAATCATCGAA	14.922979005150294	0.9996487450488758	11.338588195998307	1.0	3048
k16_83d02834	GAATTCAAAGGAATCA	14.922843417774493	0.9999537697307107	14.190765032740098	0.9982547993019197	8654
k16_34d34068	ATCATCATCAAACGGA	14.921975663375317	1.0	16.55488090266446	0.9982547993019197	2468
k16_760e804d	CTCGAATGGAAACATC	14.92011597272492	0.9997094239986405	11.601211749010657	1.0	2665
k16_3f8e10f5	ATTTGATGACAATTCC	14.919786549789606	0.9999995515799631	17.699570956758425	0.9895287958115183	7812
k16_38e3d4f5	ATGATGATTCCATTCC	14.91836364796628	0.999135835780396	10.065231297433522	1.0	6488
k16_d8e3e4f4	TCGATGATTGCATTCA	14.91697987597257	0.9999997504211643	18.544923691184355	0.9982547993019197	15003
k16_0d360287	AATCATCGAAAGGACT	14.916633495872501	1.0	16.313847856011037	1.0	1919
k16_360e0f83	ATCGAATGAATTGAAT	14.916358806751447	0.9998624767429254	12.703459660795376	0.9982547993019197	15477
k16_0d37d03a	AATCATCTTCAAATGG	14.915954443868896	0.9999088100570706	13.269648651816903	0.9982547993019197	10123
k16_350e834d	ATCCAATGGAATCATC	14.915827588653512	0.9991557579963678	10.096665521995005	1.0	4899
k16_4f03a1d8	CATTAAATGGACTCGA	14.915278800630642	1.0	16.85718410807714	0.9982547993019197	3338
k16_a3f4f530	GGATTTCATTCCATAA	14.915068036049632	0.9999995849365161	17.811089282650915	0.9895287958115183	8566
k16_4f62f4f8	CATTCGAGTTCATTGA	14.91487676647135	1.0	17.791969132379243	0.9895287958115183	7454
k16_f34d83a0	TTATCATCGAATGGAA	14.914352225043052	0.9999342872860039	13.738752174234836	0.9982547993019197	13413
k16_2834d340	AGGAATCATCATCAAA	14.913791212912825	1.0	18.196970132881614	1.0	10259
k16_a3d4f638	GGATTCCATTCGATGA	14.913520311777166	0.9999732011567779	14.619625565314978	1.0	2299
k16_3a0d34d4	ATGGAATCATCATCCA	14.913508402261808	0.9999613070989601	14.418356779705482	1.0	8030
k16_638f53e8	CGATGATTCCATTGGA	14.912799251294546	0.9999710893754611	14.542382411893666	1.0	2327
k16_62d4fc38	CGAGTCCATTTAATGA	14.910033779868973	1.0	16.850659669098455	0.9982547993019197	3334
k16_4fe38e35	CATTTGATGATGATCC	14.910003594447442	0.999999065705215	16.640549775660407	0.9965095986038395	3168
k16_03a0f360	AAATGGAATTATCGAA	14.908411468830966	0.9998920798466823	12.942755654371775	1.0	2250
k16_3a0d74f8	ATGGAATCCTCATTGA	14.908394676398816	0.9998878774557055	12.975458747505819	0.9982547993019197	8895
k16_1d83a2d3	ACTCGAATGGAGTCAT	14.908291529568416	0.9992498899243976	10.26154555381546	1.0	3149
k16_d83a0d14	TCGAATGGAATCACCA	14.905480793522829	0.9999701178396497	14.46250921086762	1.0	1958
k16_34df40e8	ATCATCTTCAAATGGA	14.905200199506831	0.9999088298471773	13.269961808008313	0.9982547993019197	10210
k16_40e834d0	CAAATGGAATCATCAA	14.90456108654216	0.999734791874023	11.748516240563665	1.0	5350
k16_4fd4de38	CATTTCCATCTGATGA	14.904147787134262	1.0	17.99427549023166	0.9895287958115183	8827
k16_1a0d34d0	ACGGAATCATCATCAA	14.903615662226512	1.0	16.35078899725709	1.0	2028
k16_834d80a1	GAATCATCGAAAGGAC	14.903335814251747	1.0	16.296346749134784	1.0	1910
k16_60e0f839	CGAATGAATTGAATGC	14.901008054099771	0.9999997551204918	18.572347180128858	0.9895287958115183	15497
k16_4d8383e0	CATCGAATGAATTGAA	14.900357528787733	0.9999992628639456	18.29850404944684	0.9982547993019197	15448
k16_d36d83a0	TCATCGTCGAATGGAA	14.900144853124097	0.9998292262751853	12.306334483946523	1.0	1552
k16_8f4f83a0	GATTCATTGAATGGAA	14.89945193928782	1.0	17.968217773374597	0.9982547993019197	8680
k16_63d4f4f8	CGATTCCATTCATTGA	14.89792398249263	0.9999955133259827	15.99015998778645	1.0	2473
k16_d81a0d34	TCGAACGGAATCATCA	14.897834441846502	0.9994770821453954	10.765836898364446	1.0	1852
k16_4d03a0f4	CATCAAATGGAATTCA	14.897465158440905	0.9999839865352046	15.528811402409548	0.9912739965095986	8537
k16_0d3cd83a	AATCATTATCGAATGG	14.896315331011584	0.9999344707666381	13.65365052867802	1.0	4138
k16_4fe3be3d	CATTTGATGTTGATTC	14.896025777194419	0.999779019936524	12.02202271797986	1.0	10947
k16_834f03a1	GAATCATTAAATGGAC	14.895779919917072	1.0	16.785933696299992	0.9982547993019197	3179
k16_53d8e3f4	CCATTCGATGATTTCA	14.895685889322639	0.999639726889739	11.30227280105405	1.0	3055
k16_4fe08e3d	CATTTGAAGATGATTC	14.895293316655296	0.9999073472201078	13.246687079038706	0.9982547993019197	10105
k16_3d4fe3be	ATTCCATTTGATGTTG	14.894970476042106	0.9997760580064383	12.002867755922953	1.0	10832
k16_3a0d34c8	ATGGAATCATCATAGA	14.894756553192344	0.9996033673874115	11.178506199442863	1.0	5811
k16_14d83e01	ACCATCGAATTGAAAC	14.89432413018354	0.999999037380906	17.456725299267962	0.9895287958115183	7347
k16_40e83cd8	CAAATGGAATTATCGA	14.893907718886956	0.9998889797113473	12.901892597330162	1.0	2188
k16_0f34e03e	AATTATCATGAAATTG	14.89379867464494	0.9999987393864216	17.0676377282418	0.9895287958115183	5335
k16_0d43a0d3	AATCCAATGGAATCAT	14.89370346701298	0.9992046792102021	10.182878630485039	1.0	5388
k16_1340e834	ACATCAAATGGAATCA	14.893015224884504	0.9996945616681846	11.555082311705396	0.9965095986038395	7680
k16_3a3cf53d	ATGGATTATTCCATTC	14.892881730554274	0.999961001833645	14.467019650534668	0.9895287958115183	15669
k16_8770e834	GACTCTAATGGAATCA	14.892692524767114	0.9999260700673219	13.472979647724625	1.0	3324
k16_0d360e03	AATCATCGAATGAAAT	14.89251151985492	0.9999974163144242	15.173088980641849	1.0	415
k16_4f738e3d	CATTCTATGATGATTC	14.892476901793579	0.9995732602599566	11.072855452752998	1.0	5309
k16_753d8e38	CTCCATTCGATGATGA	14.890714241635406	0.9999960176286306	15.864889108300423	1.0	1923
k16_028b4d37	AAAGGAGTCATCATCT	14.889419729081045	1.0	18.150858596126895	0.9895287958115183	10088
k16_8360a834	GAATCGAAGGGAATCA	14.8884178974866	0.9997548631348668	11.846603189223998	1.0	3478
k16_3f4f638e	ATTTCATTCGATGATG	14.8883895896081	0.9994290285209908	10.64101758521819	1.0	1810
k16_3d4e38f5	ATTCCATGATGATTCC	14.887880567112601	0.9998164961190814	12.266739092304375	1.0	5380
k16_3ce8380d	ATTATGGAATGAAATC	14.886367642117186	0.9999991733084445	17.676340463391032	0.9912739965095986	8803
k16_35d360e8	ATCCTCATCGAATGGA	14.886297005430986	0.9997457840093784	11.76858187268528	1.0	1664
k16_0e3d4fe3	AATGATTCCATTTGAT	14.88594414160557	0.9992695897090971	10.31035296004095	1.0	12162
k16_6834d340	CGGAATCATCATCAAA	14.884349331319106	1.0	16.174127223697717	1.0	1697
k16_3a0d3602	ATGGAATCATCGAAAG	14.884251823659476	0.9999556114908794	14.026431373335635	1.0	1989
k16_3f4e30f5	ATTTCATGATAATTCC	14.883883439692042	0.999998780524984	17.115503414964316	0.9947643979057592	5601
k16_61d4f638	CGACTCCATTCGATGA	14.881775706082976	1.0	16.753922539027958	1.0	3125
k16_8750e834	GACTCCAATGGAATCA	14.881572322589259	0.9994794655223007	10.782204194371552	1.0	3251
k16_4d83a2d8	CATCGAATGGAGTCGA	14.881280756945841	0.9999539251898666	14.06151554818379	1.0	3137
k16_4f43d3d8	CATTCAATTCATTCGA	14.88085077758177	0.9998640440003054	12.719762989796743	0.9982547993019197	15906
k16_d8320d34	TCGAATAGAATCATCA	14.880487022963706	0.9995146704600469	10.8750038226885	1.0	2288
k16_e83453e0	TGGAATCACCATTGAA	14.880109060726314	1.0	17.043837022442037	0.9982547993019197	4088
k16_a834d360	GGGAATCATCATCGAA	14.879851229080765	0.9998632669357573	12.612765030861912	1.0	1855
k16_a0d36028	GGAATCATCGAAAGGA	14.879657476273444	1.0	16.28987138376115	1.0	1947
k16_83ce8380	GAATTATGGAATGAAA	14.879266721064962	0.9999995839473577	17.80765522695143	0.9912739965095986	8787
k16_8f5fe0f5	GATTCCTTTGAATTCC	14.879143876357702	0.9999534467381681	14.181630788915061	0.9982547993019197	8975
k16_3e0e8348	ATTGAATGGAATCAGA	14.878149666971092	0.999413906602511	10.624174319230656	0.9982547993019197	8402
k16_3143e38e	ATACCAATTGATGATG	14.877602554149084	1.0	17.81959220112348	0.9842931937172775	7851
k16_80e028b4	GAAATGAAAGGAGTCA	14.876649639876494	1.0	18.1508417264308	0.9895287958115183	10188
k16_3be3d4f2	ATGTTGATTCCATTAG	14.87644660772244	0.9998317108422119	12.402305001264223	1.0	8472
k16_38e3e4f6	ATGATGATTGCATTCG	14.875549725847314	0.999999794516382	18.825395374395416	1.0	19047
k16_0d14f83a	AATCACCATTGAATGG	14.875261693654442	1.0	16.330521219557756	0.9982547993019197	2046
k16_0e28f53d	AATGAGGATTCCATTC	14.873638696832327	0.9998840142308434	12.927664622498721	0.9982547993019197	9048
k16_3f8d38f5	ATTTGATCATGATTCC	14.873616408640329	1.0	15.56796167679887	0.9982547993019197	726
k16_d34d8380	TCATCATCGAATGAAA	14.871769574134065	0.9994249201277955	10.630668127481986	1.0	1823
k16_1d83a013	ACTCGAATGGAAACAT	14.871435656513514	0.9996971681394644	11.541593221395823	0.9982547993019197	2636
k16_5d3e0e80	CCTCATTGAATGGAAA	14.871297318529912	1.0	17.99563575907649	0.9895287958115183	9067
k16_4f83a038	CATTGAATGGAAATGA	14.87103303858095	0.9999792324698445	15.27322882626342	1.0	12072
k16_0d360e85	AATCATCGAATGGACC	14.869624861790198	0.9999994946641588	17.527179883251993	1.0	7082
k16_5fd8e3d4	CCTTTCGATGATTCCA	14.8677160812558	0.9999553678672273	14.018534624381697	1.0	2008
k16_0fb4d03a	AATTGTCATCAAATGG	14.865352285766976	0.9999995507834786	17.69701072149926	0.9895287958115183	8141
k16_3dce38f5	ATTCTATGATGATTCC	14.864363771009653	0.999574776095991	11.078018785779808	1.0	5470
k16_3843d4f4	ATGACAATTCCATTCA	14.8640356454398	1.0	17.940394265815918	0.9895287958115183	8732
k16_0e834d35	AATGGAATCATCATCC	14.863346234418342	0.9999141028887996	13.340935405270574	1.0	8289
k16_c3a0d360	TAATGGAATCATCGAA	14.863236558366756	0.9997081363432488	11.594018488247828	1.0	2730
k16_4f638a3d	CATTCGATGAGGATTC	14.86232077844237	0.9997425224851435	11.750185750938094	1.0	1675
k16_5d03a0d8	CCTCAAATGGAATCGA	14.861870541520215	0.999998503859668	16.820519593015305	0.9982547993019197	4433
k16_0e835d36	AATGGAATCCTCATCG	14.860958436838981	0.999743896692316	11.757908190649287	1.0	1693
k16_3d4fe08e	ATTCCATTTGAAGATG	14.86047317274608	0.999998089437993	17.43487529954148	1.0	9814
k16_1340e836	ACATCAAATGGAATCG	14.859875739429846	0.9999970013433982	16.274197524647725	0.9982547993019197	3028
k16_3f8ef8f5	ATTTGATGTTGATTCC	14.859846590354772	0.9999995764380986	17.78184857158696	1.0	8743
k16_53e8e3d4	CCATTGGATGATTCCA	14.859483697397076	0.9999686364438687	14.590763024466817	1.0	4586
k16_3d4fe28c	ATTCCATTTGAGGATA	14.858667550494543	1.0	17.42956601372308	0.9947643979057592	5804
k16_2834d360	AGGAATCATCATCGAA	14.85789502607093	0.9993633217189539	10.494898869972825	1.0	3170
k16_3d8e28f5	ATTCGATGAGGATTCC	14.855946102191716	0.9997415639075538	11.744823324520597	1.0	1677
k16_630f53f8	CGATAATTCCATTTGA	14.85558863637411	0.9998888024018682	12.899590090974954	1.0	2273
k16_8760e8b4	GACTCGAATGGAGTCA	14.854125925385285	0.9993984114201029	10.573464882157518	1.0	2756
k16_8753d8b5	GACTCCATTCGAGTCC	14.852731104330486	0.9993960008223763	10.567926631092396	1.0	2786
k16_d74d83a0	TCCTCATCGAATGGAA	14.852225656232791	0.999877740462624	12.74720150318866	1.0	1623
k16_63d4fe28	CGATTCCATTTGAGGA	14.85222359571838	0.9999984870766084	16.804426246136906	0.9982547993019197	4408
k16_38e3d436	ATGATGATTCCAATCG	14.852069675941998	1.0	16.20187684220788	0.9982547993019197	1819
k16_0d81a0d3	AATCGAACGGAATCAT	14.85190078350495	0.9994386947362912	10.666709245816577	1.0	2052
k16_83a0d34c	GAATGGAATCATCATA	14.851606089381574	0.9994888003424922	10.816638045945092	1.0	6144
k16_35d03a0d	ATCCTCAAATGGAATC	14.851354014808624	0.9999987165352613	17.041720297323646	1.0	5410
k16_c3a0d3e0	TAATGGAATCATTGAA	14.850950055669015	1.0	17.697115379662897	1.0	7271
k16_638fd3d8	CGATGATTTCATTCGA	14.850881887800101	0.9998752256095084	12.771177999450487	1.0	3195
k16_06834d83	AACGGAATCATCGAAT	14.850442519778762	0.9999309568597616	13.49912608456523	1.0	2071
k16_0a834d83	AAGGGAATCATCGAAT	14.849913158276319	1.0	17.00677109449371	1.0	4063
k16_3a0fb4d0	ATGGAATTGTCATCAA	14.849685288771427	0.9999991515940275	17.638934952619447	0.9895287958115183	8798
k16_3400c14d	ATCAAAAATAACCATC	14.848398821391216	1.0	17.70358956272978	0.987783595113438	7324
k16_acd360e8	GGTATCATCGAATGGA	14.84706670838403	1.0	16.176977479242666	1.0	1778
k16_d83a0d74	TCGAATGGAATCCTCA	14.846912968342869	0.999185629917195	10.138715930006724	1.0	2107
k16_0f53c8e3	AATTCCATTAGATGAT	14.846269011977972	0.999999553477938	17.705690219058628	1.0	8322
k16_3cd03a0d	ATTATCAAATGGAATC	14.846244386479398	0.9998407314301456	12.483041411715805	1.0	9660
k16_0d74d83a	AATCCTCATCGAATGG	14.846006302641252	0.999735794420884	11.712962081293117	1.0	1634
k16_43d4f431	CAATTCCATTCAATAC	14.845439146489142	0.9990955312664925	10.000618748432386	0.9912739965095986	7974
k16_3ed340e8	ATTGTCATCAAATGGA	14.844256113835876	0.9999995520526069	17.701092382717828	0.9895287958115183	8305
k16_3a0d74d8	ATGGAATCCTCATCGA	14.843961003573668	0.9997399555992761	11.735870720967457	1.0	1683
k16_0eb34d83	AATGGTATCATCGAAT	14.843575507352979	1.0	16.189521936434115	1.0	1811
k16_e38f5fe0	TGATGATTCCTTTGAA	14.843457205435238	1.0	17.98237202555049	0.9982547993019197	9171
k16_e835d360	TGGAATCCTCATCGAA	14.843359579524794	0.999740210770713	11.737287424852555	1.0	1687
k16_e38fd0d0	TGATGATTTCAATCAA	14.843058733741632	1.0	17.871293309324862	0.9930191972076788	8407
k16_3d4fe30e	ATTCCATTTGATAATG	14.842977568893051	0.99999417201627	16.585258852550396	1.0	9035
k16_34d43a01	ATCATCCAATGGAAAC	14.842886700211587	1.0	15.661530493728579	0.9982547993019197	897
k16_3acd360e	ATGGTATCATCGAATG	14.842606987464261	1.0	16.198185956679783	1.0	1831
k16_53d8e3d6	CCATTCGATGATTCCG	14.84249541807003	0.9999351509819732	13.589544416512538	1.0	2300
k16_a30f53f8	GGATAATTCCATTTGA	14.842262492032349	1.0	17.88592314785109	0.9965095986038395	8510
k16_3d4fe384	ATTCCATTTGATGACA	14.841880209527103	0.9994240660322153	10.649097494616994	0.9912739965095986	8487
k16_0f8f80d3	AATTGATTGAAATCAT	14.839662117375365	1.0	17.874656541174225	0.9947643979057592	8452
k16_e0e834d0	TGAATGGAATCATCAA	14.835925582613234	0.9997830135957482	12.041973666060047	1.0	8468
k16_3d4f438c	ATTCCATTCAATGATA	14.835714167132949	0.9998680148932307	12.747975447286615	1.0	9763
k16_43d4f438	CAATTCCATTCAATGA	14.835398916738631	0.9997742948491241	11.97789775473507	1.0	6036
k16_63d4fa38	CGATTCCATTGGATGA	14.834200674299622	0.9999295142771689	13.38342139702986	1.0	1070
k16_83a0d74d	GAATGGAATCCTCATC	14.83172690541078	0.999527356752739	10.908470728954002	1.0	2005
k16_43143e38	CAATACCAATTGATGA	14.831499989172205	1.0	17.833447690304073	0.9842931937172775	8234
k16_0a834d36	AAGGGAATCATCATCG	14.831115318435105	0.9998528160951261	12.510968832442746	1.0	1853
k16_d34d23a0	TCATCATCAGATGGAA	14.830922727838958	1.0	18.120020031802465	1.0	10306
k16_3eb3e0e8	ATTGGTATTGAATGGA	14.829431087939218	0.999115249628946	10.03237048204287	0.9895287958115183	8171
k16_0e83ed34	AATGGAATTGTCATCA	14.827777587698506	0.9999991489387053	17.634426702985426	0.9895287958115183	8919
k16_20e834d8	AGAATGGAATCATCGA	14.827722752296653	0.9997546132705143	11.823312613824099	1.0	2063
k16_4d43a0d8	CATCCAATGGAATCGA	14.826661713841972	0.9995459662131908	10.944929648648916	1.0	879
k16_0facf83a	AATTGGTATTGAATGG	14.826517716462417	1.0	17.82385786820015	0.9895287958115183	8204
k16_1d4f638e	ACTCCATTCGATGATG	14.824701349471216	0.9999958392335313	15.801668104552197	1.0	1929
k16_02834d36	AAAGGAATCATCATCG	14.82287970394988	0.9993410583098988	10.445480313869675	1.0	3172
k16_53d8e314	CCATTCGATGATACCA	14.822625884127412	1.0	16.171951022874552	1.0	1818
k16_83acd360	GAATGGTATCATCGAA	14.822237897194304	1.0	16.159459706495745	1.0	1793
k16_4de3d4f4	CATCTGATTCCATTCA	14.8217925733297	0.9993929601897386	10.573638543708075	0.9982547993019197	8603
k16_d83a8d34	TCGAATGGGATCATCA	14.821395738087752	1.0	16.14983984476762	0.9982547993019197	1775
k16_e834e340	TGGAATCATGATCAAA	14.821308184617157	1.0	15.545703292757148	0.9982547993019197	766
k16_4c83a0d4	CATAGAATGGAATCCA	14.820961844654772	0.9996243005824775	11.243537063400185	1.0	3338
k16_1dc3a0d3	ACTCTAATGGAATCAT	14.820350784416345	0.9999342606863899	13.659323718661975	1.0	4867
k16_3606834d	ATCGAACGGAATCATC	14.819415502146608	0.9995433304011283	10.95685177643031	1.0	2031
k16_a0e834f8	GGAATGGAATCATTGA	14.819090712588402	0.9998918102648143	13.028059679228113	0.9982547993019197	10207
k16_34dbe0e8	ATCATCGTTGAATGGA	14.8176200642457	0.9998987942224599	13.026523655746658	0.9982547993019197	2458
k16_e834d3a0	TGGAATCATCATGGAA	14.817446678769102	0.9998890267941886	12.92828828777988	1.0	3269
k16_3a0d160e	ATGGAATCACCGAATG	14.81712712971618	0.9999980036812118	15.545170250483272	1.0	993
k16_4d83a3f8	CATCGAATGGATTTGA	14.817016589443359	0.9994552659773587	10.709487760507185	1.0	2176
k16_0d36f83a	AATCATCGTTGAATGG	14.816608217269259	0.9998961403609301	12.992278239741289	0.9982547993019197	2451
k16_0380a2d3	AAATGAAAGGAGTCAT	14.816301387935388	1.0	18.152256513707933	0.9895287958115183	10685
k16_34d8391d	ATCATCGAATGCACTC	14.816026694942124	1.0	16.265450744110627	1.0	2033
k16_23d4fe38	AGATTCCATTTGATGA	14.815127444705368	0.9998984337700562	13.119060298529725	1.0	10940
k16_e10f53d0	TGACAATTCCATTCAA	14.814941080475426	1.0	17.84618394405683	0.9895287958115183	8427
k16_e834d320	TGGAATCATCATAGAA	14.814756454303792	0.9996059650470566	11.18796226356216	1.0	6247
k16_0d3cd03a	AATCATTATCAAATGG	14.814701861625311	0.9999941992764012	16.592022837912474	1.0	9286
k16_0a0d34d8	AAGGAATCATCATCGA	14.814403571271441	0.9993361819698651	10.434864507703091	1.0	3172
k16_0e0f8390	AATGAATTGAATGCAA	14.813603345078329	0.9999195609987803	13.462347693107874	0.9912739965095986	16996
k16_38e3d7f8	ATGATGATTCCTTTGA	14.812832069646518	1.0	17.963136859656803	0.9982547993019197	9253
k16_3d4f4b8e	ATTCCATTCAGTGATG	14.81232932136722	0.9999772475016767	14.855774776009053	1.0	3214
k16_7f638e3d	CTTTCGATGATGATTC	14.812261956346209	0.9992896429628976	10.328147852213974	1.0	1580
k16_8320f3a0	GAATAGAATTATGGAA	14.810653543508103	0.9999991350060874	17.610999838282627	0.9895287958115183	8875
k16_3e0e83ed	ATTGAATGGAATTGTC	14.810477914741844	1.0	17.84427290033757	0.9912739965095986	8444
k16_0e835d3e	AATGGAATCCTCATTG	14.808701149206586	0.9998878522166533	12.975133994772394	0.9982547993019197	9613
k16_3f53d0e2	ATTTCCATTCAATGAG	14.80863374253012	1.0	17.99257864334575	0.9895287958115183	9499
k16_d36f83a0	TCATCGTTGAATGGAA	14.807926821068344	1.0	16.427302239789572	0.9965095986038395	2434
k16_0353d8e3	AAATCCATTCGATGAT	14.805726560909912	0.999919756785405	13.312241745232324	1.0	2195
k16_1a0d360e	ACGGAATCATCGAATG	14.80423958439949	0.9999275493074807	13.429620643666103	1.0	2019
k16_0f40a0d3	AATTCAAAGGAATCAT	14.80277162432784	1.0	17.99345906564092	0.9982547993019197	9549
k16_3a8d34d0	ATGGGATCATCATCAA	14.801373321350995	0.9999990760460313	16.65660648706408	0.9947643979057592	3560
k16_3a0d37d0	ATGGAATCATCTTCAA	14.799845217773251	0.9999081589102965	13.259382709708307	1.0	10983
k16_4d4fd0fd	CATCCATTTCAATTTC	14.796603289021393	0.9999991490643537	17.63463971368957	0.9895287958115183	9141
k16_760e434d	CTCGAATGCAATCATC	14.79546989308979	0.9999995628741115	18.59563870975623	1.0	18922
k16_4d03a1f8	CATCAAATGGACTTGA	14.793751465275383	0.9999985469466991	16.00341815985784	1.0	1852
k16_0f8e3af3	AATTGATGATGGTTAT	14.791674124205556	1.0	17.725166905661858	0.9842931937172775	7798
k16_3f8e38d5	ATTTGATGATGATCCC	14.79079838699414	0.9999990623165657	16.635326686547376	0.9947643979057592	3525
k16_1d8390d3	ACTCGAATGCAATCAT	14.790191148269438	0.9999540450517568	14.247580614017929	1.0	18778
k16_48e80e0e	CAGATGGAAATGAATG	14.78806269152173	1.0	17.975922102997707	0.9895287958115183	9528
k16_3f8238f5	ATTTGAAGATGATTCC	14.787592644112781	0.9999075125891688	13.24926456866253	0.9982547993019197	11001
k16_0e8f4f83	AATGGATTCATTGAAT	14.787027141402746	1.0	17.856817411885988	0.9982547993019197	8687
k16_34d060e8	ATCATCAACGAATGGA	14.786937062231575	0.9998620593377519	12.647024449522252	1.0	4142
k16_3a0d34e8	ATGGAATCATCATGGA	14.786071526318215	0.9998904657724925	12.946209212512315	1.0	3386
k16_34183a0d	ATCAACGAATGGAATC	14.785810833750599	0.9998081423766287	12.148191991022578	1.0	1729
k16_834d43a1	GAATCATCCAATGGAC	14.78573162853509	1.0	16.179210215919227	0.9982547993019197	1911
k16_e834f340	TGGAATCATTATCAAA	14.785108001129487	0.9998860219225919	12.952401342950612	1.0	9770
k16_06834d36	AACGGAATCATCATCG	14.785106596444331	0.9997321296002915	11.693082839695965	0.9982547993019197	1715
k16_0e83cd38	AATGGAATTATCATGA	14.782697615504016	0.9992698126455231	10.305384305075044	0.9947643979057592	5927
k16_380d360e	ATGAAATCATCGAATG	14.782493097194124	0.9996506788693671	11.346735846222453	1.0	3531
k16_a2d360e8	GGAGTCATCGAATGGA	14.779600276334172	0.9997827072302472	11.970019595734303	1.0	1441
k16_360e835d	ATCGAATGGAATCCTC	14.779086164005458	0.9991443070607965	10.064221125911903	1.0	1663
k16_4c638e3d	CATACGATGATGATTC	14.778748262502694	1.0	16.338954638139395	1.0	2289
k16_318e38f5	ATACGATGATGATTCC	14.778490887615188	1.0	16.341610141574517	1.0	2296
k16_d34e83e0	TCATCATGGAATTGAA	14.777898743609727	1.0	16.816257122493752	0.9895287958115183	3650
k16_8760ec34	GACTCGAATGTAATCA	14.777171826781345	0.9999778789814378	14.732031463525658	1.0	2043
k16_8760e434	GACTCGAATGCAATCA	14.77645715648039	0.9998333546206961	12.431565444331888	1.0	18719
k16_750e834d	CTCCAATGGAATCATC	14.773819040022783	0.9999822837644875	15.158248984867127	1.0	3859
k16_e834df40	TGGAATCATCTTCAAA	14.773259593432014	0.9999067424137696	13.237299412009513	1.0	11021
k16_c638e3d4	TACGATGATGATTCCA	14.77316932404664	1.0	16.33170855340647	1.0	2285
k16_341340e8	ATCAACATCAAATGGA	14.7727620345879	0.9997822325030975	12.043154865282093	1.0	12223
k16_d04d03a0	TCAACATCAAATGGAA	14.771937770580308	0.9997806454983433	12.032706037876332	1.0	12154
k16_0f53d0e3	AATTCCATTCAATGAT	14.771898872465998	0.9998108045433005	12.226224320119005	1.0	6352
k16_340e83d0	ATCAAATGGAATTCAA	14.771397426590426	0.9996307313829172	11.285944509617535	0.9895287958115183	9453
k16_1d83b0d3	ACTCGAATGTAATCAT	14.77083055459264	0.99999861088538	16.06833936429385	1.0	2042
k16_3d4c638e	ATTCCATACGATGATG	14.770509267598046	1.0	16.347281996944773	1.0	2329
k16_760ec34d	CTCGAATGTAATCATC	14.769773037663766	0.9999986311458131	16.089535987987375	1.0	2092
k16_73d4fe38	CTATTCCATTTGATGA	14.768035709310599	0.9994314654341638	10.656023064813681	1.0	3445
k16_8383e0e4	GAATGAATTGAATGCA	14.767698231424719	0.9999295179362468	13.6476652631091	0.9895287958115183	17502
k16_0d34db3a	AATCATCATCGTATGG	14.767421645061297	1.0	16.35567866482666	1.0	2357
k16_60e034d8	CGAATGAAATCATCGA	14.767117965690481	0.9998779350008611	12.802853898311547	1.0	3559
k16_4fe3843d	CATTTGATGACAATTC	14.766948710974146	0.9999995529547456	17.704000801086593	0.9895287958115183	8847
k16_0f360e87	AATTATCGAATGGACT	14.766901973831933	0.9996743477376746	11.425587462740026	1.0	1865
k16_0d360e07	AATCATCGAATGAACT	14.76674482385712	0.9999296171171171	13.560849488854092	1.0	4682
k16_03a3a1d3	AAATGGATGGACTCAT	14.766128251585991	0.9999991402331344	17.619744278531357	0.9895287958115183	9253
k16_3ae3d4f6	ATGGTGATTCCATTCG	14.764942504704358	1.0	16.078143126983097	1.0	1744
k16_34d36ce8	ATCATCATCGTATGGA	14.764615553654172	1.0	16.357766564153245	1.0	2369
k16_e83cd740	TGGAATTATCCTCAAA	14.764150592673806	1.0	17.413699130201984	0.9930191972076788	6195
k16_750e830d	CTCCAATGGAATAATC	14.763999959703925	0.9999388554615903	13.62179387900048	0.9982547993019197	1909
k16_0d30d83a	AATCATAATCGAATGG	14.76359667321599	1.0	16.183483944834016	1.0	1968
k16_0a0d360e	AAGGAATCATCGAATG	14.762717956610935	1.0	16.393244781866194	1.0	2462
k16_7d03a0e8	CTTCAAATGGAATGGA	14.762409095630092	0.9995996866554322	11.171126185429712	0.9895287958115183	10014
k16_34c360e8	ATCATAATCGAATGGA	14.762165248777226	1.0	16.182052520395253	1.0	1968
k16_34d83a0c	ATCATCGAATGGAATA	14.762144440659274	0.9994407762752745	10.67577123441474	1.0	2778
k16_53d4fe08	CCATTCCATTTGAAGA	14.761560658581615	0.9999866354503185	15.749310716748683	0.9895287958115183	9929
k16_ce8380d4	TATGGAATGAAATCCA	14.761087060554475	0.9996118408025326	11.214820771169798	0.9895287958115183	9680
k16_43f4f638	CAATTTCATTCGATGA	14.76096629235853	0.9996816783131982	11.398946042494027	1.0	309
k16_70e834d0	CTAATGGAATCATCAA	14.760542341563651	0.9997017925066048	11.544360031541228	1.0	1722
k16_44e8360e	CACATGGAATCGAATG	14.75930494563526	0.9997085437049924	11.578374681475239	0.9982547993019197	1838
k16_18e38f53	ACGATGATGATTCCAT	14.757108494369753	0.99999223734072	15.57414437022416	0.9982547993019197	2312
k16_d3cd03a0	TCATTATCAAATGGAA	14.756708099022944	0.9999942008430317	16.592412527178098	1.0	9718
k16_3d4f678e	ATTCCATTCGCTGATG	14.756528024381565	1.0	16.051822015852313	0.9982547993019197	1708
k16_3d8f53b8	ATTCGATTCCATGTGA	14.756516366382254	0.9998188378673774	12.227091845484752	0.9982547993019197	1839
k16_6834d360	CGGAATCATCATCGAA	14.754509109731234	0.9997847719381964	12.008823699906895	0.9982547993019197	2499
k16_d0e3d4f4	TCAATGATTCCATTCA	14.752700385594517	0.9997560589260257	11.844882300463846	1.0	3109
k16_0fd3d8e3	AATTTCATTCGATGAT	14.750770391908551	0.9997098168110878	11.52811315594441	1.0	402
k16_340e83cd	ATCAAATGGAATTATC	14.75018047502329	0.999642827378472	11.323751984434649	1.0	5295
k16_83a2d360	GAATGGAGTCATCGAA	14.749701223362214	1.0	15.410252284745614	1.0	682
k16_d43a0d34	TCCAATGGAATCATCA	14.749145417956434	0.999763403979205	11.905341755103715	1.0	5227
k16_d43b8d34	TCCAATGTGATCATCA	14.748846732331591	1.0	15.105132308635197	0.9895287958115183	329
k16_3406834d	ATCAAACGGAATCATC	14.748509765001376	0.9999104091532525	13.130707663798999	1.0	1611
k16_4f43ae3d	CATTCAATGGTGATTC	14.748342759399515	1.0	16.39032910056012	0.9982547993019197	2491
k16_83a0db60	GAATGGAATCGTCGAA	14.747713340153783	1.0	15.64496535003504	0.9982547993019197	1013
k16_0d01a0d3	AATCAAACGGAATCAT	14.747125182007423	0.9994696824233684	10.747048498526825	1.0	2301
k16_383e0e43	ATGAATTGAATGCAAT	14.747100960603559	0.9999204061437852	13.477148043245217	0.9912739965095986	17827
k16_3d0e30f5	ATTCAATGATAATTCC	14.745163585088997	0.9999958708341878	15.812666970738576	1.0	2130
k16_34d01a0d	ATCATCAAACGGAATC	14.74514566962574	1.0	16.427495477016855	1.0	2595
k16_344e8360	ATCACATGGAATCGAA	14.74432244910893	0.9998168239678331	12.211938185182452	0.9982547993019197	1856
k16_e835d3e0	TGGAATCCTCATTGAA	14.743184160024493	0.99988792979729	12.976132463547096	0.9982547993019197	10122
k16_38e3d474	ATGATGATTCCACTCA	14.742142108995216	0.9999982810308314	15.76096533951909	1.0	1477
k16_4d43a0d0	CATCCAATGGAATCAA	14.740595702203485	0.9997174396860723	11.617198260638297	1.0	1699
k16_3e3e034d	ATTGATTGAAATCATC	14.740513871151528	1.0	17.87117748273053	0.9930191972076788	9112
k16_3cd740e8	ATTATCCTCAAATGGA	14.739795725278945	1.0	17.427213095598283	0.9930191972076788	6391
k16_4fd0fd38	CATTTCAATTTCATGA	14.739107565611205	0.9999987548917192	17.085492541347822	0.9895287958115183	6162
k16_2e834d36	AGTGGAATCATCATCG	14.738565762298405	0.999476782005072	10.759842738648171	1.0	1732
k16_0ec34d34	AATGTAATCATCATCA	14.733884440771543	0.999998937309402	17.770786263705464	1.0	11766
k16_38e3d4fa	ATGATGATTCCATTGG	14.733787658631316	0.9998456035899942	12.470434636394115	1.0	2952
k16_3453e0e8	ATCACCATTGAATGGA	14.732078952986514	1.0	16.336181117692416	0.9982547993019197	2396
k16_ba0d34d8	GTGGAATCATCATCGA	14.732027474471295	0.9994724108921009	10.747833987012207	1.0	1721
k16_834d8391	GAATCATCGAATGCAC	14.731261038566819	1.0	16.1191177660311	1.0	1899
k16_34d0ba0d	ATCATCAAGTGGAATC	14.730898336468991	0.9997757627364567	11.939799105379727	1.0	1959
k16_3d8c38f5	ATTCGATAATGATTCC	14.729043299105117	0.9998605202594323	12.565278466470755	1.0	1661
k16_4f630e3d	CATTCGATAATGATTC	14.72878515266598	0.999860150094724	12.561454299943525	1.0	1654
k16_d34d0380	TCATCATCAAATGAAA	14.728034025042083	0.9999505154461732	14.069122896043414	1.0	7382
k16_0d34e83a	AATCATCATGGAATGG	14.727709928430976	0.99969187992423	11.518738610840416	1.0	3172
k16_0e830d4e	AATGGAATAATCCATG	14.726166020864756	1.0	18.740445190713135	0.9895287958115183	17804
k16_34d340e0	ATCATCATCAAATGAA	14.726016550001669	0.9999613675062935	14.426300417635762	1.0	9801
k16_4d13a0d8	CATCACATGGAATCGA	14.725660564831228	0.9999969644813969	15.799830299270555	0.9982547993019197	1863
k16_d34d01a0	TCATCATCAAACGGAA	14.725264061449398	1.0	16.55138499174328	0.9982547993019197	2990
k16_63d4ee38	CGATTCCATGTGATGA	14.724705754678363	0.9999969584663371	15.796974374477474	0.9982547993019197	1859
k16_d23a0d34	TCAGATGGAATCATCA	14.724393506233735	1.0	16.711308274167852	1.0	3481
k16_338e38f5	ATATGATGATGATTCC	14.723164785056428	1.0	16.954374847014705	1.0	4340
k16_d34183a0	TCATCAACGAATGGAA	14.722877319461135	0.9998950418083463	13.018529342475386	1.0	4370
k16_034d83a1	AAATCATCGAATGGAC	14.722456596705552	0.9999990397145263	16.600964551893934	1.0	3637
k16_d360e034	TCATCGAATGAAATCA	14.72096620117313	0.999727755267017	11.664655400537981	1.0	1594
k16_1d7f4fd4	ACTCCTTTCATTTCCA	14.720244139028253	0.9999838158062193	15.550843351901433	0.9895287958115183	11406
k16_d350e834	TCATCCAATGGAATCA	14.720152335107114	0.9997126084176672	11.592732701919747	1.0	1691
k16_0d360e8b	AATCATCGAATGGAGT	14.720007394940664	0.9998576588160029	12.54332228306295	1.0	1784
k16_0d34d33a	AATCATCATCATATGG	14.719977907331016	1.0	16.920783551143796	1.0	4225
k16_4f63ce3d	CATTCGATTATGATTC	14.718297018246501	1.0	16.031991888110607	1.0	1745
k16_0ba0d360	AAGTGGAATCATCGAA	14.71657532293914	1.0	16.124013456959588	0.9930191972076788	1941
k16_d03a0f40	TCAAATGGAATTCAAA	14.71593794527785	0.9998494118202863	12.559656555612262	0.9895287958115183	9827
k16_8f53e8b5	GATTCCATTGGAGTCC	14.71537956495526	0.9994749897422507	10.770083889185816	0.9982547993019197	3802
k16_83a8d34d	GAATGGGATCATCATC	14.714881962747915	1.0	16.807239806528482	1.0	3834
k16_d83a0db4	TCGAATGGAATCGTCA	14.713597912098503	0.999354627485803	10.44901668286836	1.0	798
k16_60c834d0	CGAATAGAATCATCAA	14.713241430823317	0.9998313024746629	12.326625937112054	1.0	2050
k16_3a0d3ed8	ATGGAATCATTGTCGA	14.713234132226233	0.9996928497222096	11.505425875595785	0.9982547993019197	1913
k16_0d360e8f	AATCATCGAATGGATT	14.713021253269904	0.9996829612168322	11.471622066468218	1.0	2565
k16_38f53d0e	ATGATTCCATTCAATG	14.712983166937565	0.9996266535222678	11.243692299436335	1.0	2636
k16_40e8f60c	CAAATGGATTCGAATA	14.712969370484963	0.9999981771683039	15.676328905443265	1.0	1377
k16_3d8a38f5	ATTCGAGGATGATTCC	14.71091271158627	0.9994577785683986	10.70648206054976	0.9982547993019197	1547
k16_4f628e3d	CATTCGAGGATGATTC	14.710852241811216	1.0	15.982937265300658	0.9982547993019197	1662
k16_0d35d83a	AATCATCCTCGAATGG	14.710786475732068	1.0	15.984904557968532	1.0	1666
k16_34783a0d	ATCACTGAATGGAATC	14.710758891891182	0.9996376182844543	11.292262780017257	1.0	3387
k16_34d760e8	ATCATCCTCGAATGGA	14.710694973216293	1.0	15.985320872797761	1.0	1667
k16_4d83a2f8	CATCGAATGGAGTTGA	14.71008072727102	0.9999823059217656	14.893362614362816	0.9982547993019197	1986
k16_a01360e8	GGAAACATCGAATGGA	14.709226355377004	0.99965342069031	11.335203240582965	1.0	1771
k16_0e836d83	AATGGAATCGTCGAAT	14.707844120154766	1.0	15.601133536720113	0.9982547993019197	1007
k16_0d360ea3	AATCATCGAATGGGAT	14.707760498202608	1.0	16.059494165624816	0.9965095986038395	1823
k16_0c14d343	AATAACCATCATCAAT	14.707670793293854	1.0	17.711457401814194	0.9842931937172775	8246
k16_34f3e0e8	ATCATTATTGAATGGA	14.707350339594276	1.0	17.414841043993192	1.0	6497
k16_10e3d4f6	ACAATGATTCCATTCG	14.707115497302214	0.9995860818183148	11.091547202195022	1.0	2017
k16_23a0383a	AGATGGAAATGAATGG	14.70696848051488	0.9994532865319097	10.72437360835912	0.9895287958115183	10138
k16_80d3e0e8	GAAATCATTGAATGGA	14.706310479657661	0.9994880335953651	10.789234740720111	1.0	1708
k16_0d34183a	AATCATCAACGAATGG	14.705988036301402	0.9998618423571358	12.644756578338189	1.0	4440
k16_e834fb60	TGGAATCATTGTCGAA	14.705448417550777	0.9996915875981931	11.499508046514745	0.9982547993019197	1917
k16_3d4f628e	ATTCCATTCGAGGATG	14.703324716876663	1.0	15.979980100246195	0.9982547993019197	1671
k16_d35d83a0	TCATCCTCGAATGGAA	14.701656405181199	1.0	15.987913039705807	0.9982547993019197	1690
k16_0e834e34	AATGGAATCATGATCA	14.700515768200846	1.0	15.541961552618432	0.9982547993019197	930
k16_34d33a0d	ATCATCATATGGAATC	14.70044358915041	0.9998861030146461	12.904870966591636	1.0	4262
k16_8f5bd8b5	GATTCCGTTCGAGTCC	14.700011621849594	0.999756066314864	11.810464389535268	1.0	1499
k16_3a0d35d8	ATGGAATCATCCTCGA	14.699635475804094	0.9994121293742919	10.591329616269942	0.9982547993019197	1459
k16_03e3e034	AAATTGATTGAAATCA	14.699289489549807	1.0	17.876324381111292	0.9895287958115183	9448
k16_03a3d832	AAATGGATTCGAATAG	14.699263680352619	0.999310605432208	10.365748153258725	0.9965095986038395	1371
k16_4fd4f438	CATTTCCATTCAATGA	14.699181505145813	0.9999795529841947	15.29307035824175	1.0	13752
k16_3a2d360e	ATGGAGTCATCGAATG	14.699034133948285	1.0	15.897559468384872	1.0	1521
k16_0e834d3a	AATGGAATCATCATGG	14.697568853589544	0.9999209837933601	13.41832148348073	1.0	5607
k16_03a0f40a	AAATGGAATTCAAAGG	14.697110507422003	0.9993818589674999	10.547936609392718	0.9895287958115183	9849
k16_360a834d	ATCGAAGGGAATCATC	14.696645853041556	0.9996149204079704	11.18240882973282	1.0	1463
k16_d34d33a0	TCATCATCATATGGAA	14.695892963696624	1.0	17.459269236440843	1.0	6800
k16_353d8e3d	ATCCATTCGATGATTC	14.69575992080714	0.999754048326318	11.822699486230963	1.0	2518
k16_63bf53d8	CGATGTTTCCATTCGA	14.69543330975326	1.0	16.10009031936706	0.9982547993019197	1935
k16_40e834f8	CAAATGGAATCATTGA	14.693890683528105	0.9995920457167132	11.145384771303293	1.0	11955
k16_e38f5390	TGATGATTCCATGCAA	14.692985131155044	0.9999995560198601	17.713926503364355	0.9982547993019197	9447
k16_20f3a0e0	AGAATTATGGAATGAA	14.692598002840525	0.9999995821412171	17.801405869965983	0.9930191972076788	10114
k16_40e83400	CAAATGGAATCAAAAA	14.69102143895183	0.9999882607698407	15.857129405213254	0.9895287958115183	9284
k16_a3d4f738	GGATTCCATTCTATGA	14.688250049333202	0.9999990646889202	16.638981325139646	1.0	3884
k16_834783a1	GAATCACTGAATGGAC	14.687892796131454	0.9999750006249843	14.52192510473778	1.0	1665
k16_50e834d8	CCAATGGAATCATCGA	14.687485053494683	0.9999695622346939	14.482587544334663	1.0	2869
k16_d360e8b4	TCATCGAATGGAGTCA	14.686652676783845	0.9998428084883416	12.398726306714897	1.0	1537
k16_53d8e1d4	CCATTCGATGACTCCA	14.68613646782047	1.0	15.840091588310687	1.0	1439
k16_34f83a0e	ATCATTGAATGGAATG	14.685957808008931	0.9996739683315948	11.440532150518498	1.0	3417
k16_4fe30e3d	CATTTGATAATGATTC	14.684936793358688	0.9999940849612505	16.601367881370663	1.0	10851
k16_34d83b0d	ATCATCGAATGTAATC	14.684568028308743	1.0	16.052573913577323	1.0	1857
k16_d3cf83a0	TCATTATTGAATGGAA	14.684167622099457	0.9999927530717917	16.18119097587781	1.0	6682
k16_34d362e8	ATCATCATCGAGTGGA	14.683984906142316	0.9998323086423934	12.32275349541004	1.0	1768
k16_4f538e3d	CATTCCATGATGATTC	14.683452890030003	0.9996931528805142	11.524713033415692	1.0	3326
k16_8f57f8f5	GATTCCCTTTGATTCC	14.682038741720216	0.9999876418974983	15.031124646140016	1.0	1517
k16_d37d03a0	TCATCTTCAAATGGAA	14.681671663739401	0.9999090154941261	13.272902776117352	1.0	12145
k16_0e034d36	AATGAAATCATCATCG	14.680711768696519	1.0	16.13372967292513	1.0	2041
k16_0d34d8ba	AATCATCATCGAGTGG	14.68040602682293	0.9998333384572319	12.330554472403358	1.0	1765
k16_2a0d34d8	AGGGAATCATCATCGA	14.679955596053436	0.9998530936743865	12.511497119928897	1.0	2129
k16_28c3d4fe	AGGATAATTCCATTTG	14.678098789887585	1.0	17.89940238266383	0.9912739965095986	9779
k16_3d8438f5	ATTCGACAATGATTCC	14.67809135470431	0.9996752900503459	11.42519479896062	1.0	1818
k16_3d47638e	ATTCCACTCGATGATG	14.674943829609399	0.9998248878187589	12.260272649058944	0.9982547993019197	1661
k16_0e804d83	AATGGAAACATCGAAT	14.67463085971389	1.0	16.00160680966597	0.9982547993019197	1772
k16_a0d320e8	GGAATCATAGAATGGA	14.674513799771383	0.9991064697522091	10.007284635189931	1.0	2687
k16_3a0d350e	ATGGAATCATCCAATG	14.673652168197535	0.9999680617492654	14.564566226007205	1.0	5260
k16_0e83453e	AATGGAATCACCATTG	14.673388741256627	1.0	17.04958726439277	0.9982547993019197	4923
k16_80d340e8	GAAATCATCAAATGGA	14.671947602672093	0.9997950426649719	12.093006304542453	1.0	3914
k16_0d13a0d3	AATCACATGGAATCAT	14.671589643356103	1.0	16.33583799418904	1.0	2548
k16_38d03a1d	ATGATCAAATGGACTC	14.670934808457183	1.0	16.059730035221015	0.9773123909249564	1901
k16_0e0e834d	AATGAATGGAATCATC	14.670061583113071	0.9998594276597166	12.659254317322866	1.0	11094
k16_4f610e3d	CATTCGACAATGATTC	14.669383235122378	0.9996743040244208	11.420819140089279	1.0	1827
k16_90d340e8	GCAATCATCAAATGGA	14.669229623052336	0.9998638944229038	12.590646138313115	1.0	1643
k16_3a01360e	ATGGAAACATCGAATG	14.668501972660682	0.9996423368202759	11.289517459395114	0.9982547993019197	1748
k16_53f0e3d4	CCATTTAATGATTCCA	14.668174929526705	0.9999897756973903	15.630324323920906	0.9982547993019197	3987
k16_02834d83	AAAGGAATCATCGAAT	14.666406775967358	1.0	16.45994459758625	1.0	2897
k16_3d6fe38e	ATTCCGTTTGATGATG	14.666014139416886	1.0	15.93402443015888	0.9982547993019197	1654
k16_344e834d	ATCACATGGAATCATC	14.664617042020986	1.0	16.318753382116288	1.0	2522
k16_34d03a0c	ATCATCAAATGGAATA	14.66117242375457	0.9999990690529942	16.645728505498354	1.0	4004
k16_bcffe3d4	GTTATTTTTGATTCCA	14.660233762928922	1.0	17.726655292901338	0.987783595113438	8664
k16_43d4f238	CAATTCCATTAGATGA	14.660205354253653	0.9999982127162558	17.318032404314387	1.0	9622
k16_4d83b0d8	CATCGAATGTAATCGA	14.657557306430556	0.9999919274764484	15.355860463981283	0.9947643979057592	1819
k16_34fb60e8	ATCATTGTCGAATGGA	14.656354577188974	0.9999919503238385	15.359949435090229	0.9982547993019197	1830
k16_1360e834	ACATCGAATGGAATCA	14.654885068104793	0.9993548124802245	10.460608468391836	0.9982547993019197	1563
k16_34d120e8	ATCATCACAGAATGGA	14.651210176672956	0.9995530762442212	10.979720447302391	0.9982547993019197	1822
k16_d3d8e3d4	TCATTCGATGATTCCA	14.647236755558515	0.9997862988307172	11.962330662133558	1.0	989
k16_c34d03a0	TAATCATCAAATGGAA	14.647202701629038	0.9998867914979083	12.864817594862458	1.0	2480
k16_83a01360	GAATGGAAACATCGAA	14.645085512374367	1.0	15.955812353694423	0.9982547993019197	1739
k16_d83b0d34	TCGAATGTAATCATCA	14.64327376619683	0.9999158074614819	13.389588535889173	1.0	15231
k16_83a0d3cd	GAATGGAATCATTATC	14.641516631398195	0.9995441350173788	10.949976319851968	1.0	1708
k16_8e3d4f40	GATGATTCCATTCAAA	14.637282221862032	0.999674009220882	11.429484222625916	0.9982547993019197	2508
k16_34f03a1d	ATCATTAAATGGACTC	14.634514734270606	1.0	16.740918475769565	0.9982547993019197	3883
k16_8f53d0e0	GATTCCATTCAATGAA	14.634196409520783	1.0	17.981420780393744	1.0	10778
k16_3a0d14f8	ATGGAATCACCATTGA	14.632739228277124	1.0	17.04837996058679	0.9982547993019197	5092
k16_638f53dc	CGATGATTCCATTCTA	14.632210633875758	0.9992427608321904	10.242290082920881	1.0	2642
k16_d3ed83a0	TCATTGTCGAATGGAA	14.63114916544783	1.0	15.946325762944651	0.9982547993019197	1748
k16_4fe38f3d	CATTTGATGATTATTC	14.631134852202909	0.9995309083298652	10.922872675952025	1.0	2916
k16_a0d370e0	GGAATCATCTAATGAA	14.630370238166932	1.0	16.354217899377034	0.9982547993019197	2705
k16_03a0d003	AAATGGAATCAAAAAT	14.629937962771727	0.9999964023034252	16.915319321076993	0.9895287958115183	9780
k16_353f43f4	ATCCATTTCAATTTCA	14.628555352195319	0.9999991529856198	17.64130325896794	0.9895287958115183	10469
k16_0e835d83	AATGGAATCCTCGAAT	14.628224480579306	0.9993540189251159	10.458741165131002	1.0	1603
k16_8f73d835	GATTCTATTCGAATCC	14.627724471598352	0.9993228844370631	10.390410838707393	0.9947643979057592	1447
k16_3a0d37d8	ATGGAATCATCTTCGA	14.62683076345328	0.9993987020601929	10.56202871698035	1.0	1796
k16_3d4f610e	ATTCCATTCGACAATG	14.62653360119415	1.0	15.940228471058257	0.9947643979057592	1745
k16_34d34ce8	ATCATCATCATATGGA	14.626292392122838	1.0	16.93516795509334	1.0	4645
k16_2e4f638c	AGTGCATTCGATGATA	14.625801830463162	0.9999496479552874	13.805686284048278	0.9738219895287958	1769
k16_40e8750e	CAAATGGACTCCAATG	14.623809620413954	0.9993421052631579	10.43217238148242	0.9912739965095986	1546
k16_14f638e3	ACCATTCGATGATGAT	14.623427447531045	1.0	16.06518469923076	0.9982547993019197	2016
k16_83a0c34d	GAATGGAATAATCATC	14.6232951812686	0.9992008451941644	10.1700242532718	1.0	3745
k16_320f3a0e	ATAGAATTATGGAATG	14.623106449666745	0.9999991575943084	17.64917451365608	0.9982547993019197	10577
k16_c53d8e38	TACCATTCGATGATGA	14.623073607280459	1.0	16.049373941575833	0.9982547993019197	1982
k16_3e834d36	ATTGGAATCATCATCG	14.622297387817891	1.0	16.12947269922231	0.9982547993019197	2164
k16_8150e834	GAACCCAATGGAATCA	14.621676073114106	0.9997965226885474	12.061059726155868	0.9947643979057592	1820
k16_8f93d0f4	GATTGCATTCAATTCA	14.61875032226392	0.9996729494216041	11.466243869169707	0.9912739965095986	19555
k16_3d3e0e83	ATTCATTGAATGGAAT	14.61787566232419	1.0	17.97400449274944	0.9982547993019197	10852
k16_3f8e3cf5	ATTTGATGATTATTCC	14.613656402609646	0.9995708872712494	11.048709444804048	1.0	2992
k16_7e38e3d4	CTTGATGATGATTCCA	14.613504200178472	1.0	15.867676676776048	1.0	1627
k16_43a0d360	CAATGGAATCATCGAA	14.6126644680638	0.9999639159482154	14.250611364463694	1.0	2556
k16_80a0d34d	GAAAGGAATCATCATC	14.610023053511394	0.9995302819269007	10.92737368599441	1.0	4023
k16_d03a0d14	TCAAATGGAATCACCA	14.609437041850322	0.9997178907732466	11.623782536957613	0.9947643979057592	2190
k16_753d8e3d	CTCCATTCGATGATTC	14.608417724607756	0.9998421046239053	12.393686377566068	1.0	1707
k16_80a0d360	GAAAGGAATCATCGAA	14.606758077689644	1.0	16.06425574769742	1.0	2051
k16_3d4ce38e	ATTCCATATGATGATG	14.604229731667179	1.0	17.450736664555563	1.0	7273
k16_340e8348	ATCAAATGGAATCAGA	14.602268778391887	0.9999979964537231	15.53995662545562	1.0	1332
k16_a0db60e8	GGAATCGTCGAATGGA	14.600083435809502	0.999861195935817	12.479340215215535	0.9982547993019197	637
k16_38e354f6	ATGATGATCCCATTCG	14.599877772419944	1.0	15.894671170942306	0.9982547993019197	1707
k16_a0d1e0e8	GGAATCACTGAATGGA	14.598576329599393	0.9995969810214699	11.134954511239826	1.0	2809
k16_d0ba0d34	TCAAGTGGAATCATCA	14.594028158822704	1.0	15.897308104313773	0.9912739965095986	1724
k16_40d4f638	CAAATCCATTCGATGA	14.593828887758432	0.9999183771829245	13.290484317822362	1.0	2724
k16_60e8b4f8	CGAATGGAGTCATTGA	14.593071840762411	1.0	15.805446442877619	1.0	1547
k16_d03a0d00	TCAAATGGAATCAAAA	14.591695947865928	0.9998034800653759	12.183338934510692	1.0	10690
k16_0e834d80	AATGGAATCATCGAAA	14.589260458563754	0.9999377086112654	13.626442219183641	1.0	2730
k16_0d370ec7	AATCATCTAATGTACT	14.589019459558683	1.0	15.771397900186141	0.9930191972076788	1491
k16_0d3c0e87	AATCATTAAATGGACT	14.584443444673273	1.0	16.773983157335383	0.9982547993019197	4183
k16_83e4e834	GAATTGCATGGAATCA	14.583708138422189	0.9993206487872063	10.411910240372396	0.9982547993019197	10042
k16_3a0db60e	ATGGAATCGTCGAATG	14.583129250136674	1.0	15.246785432922769	0.9982547993019197	686
k16_23a0d34d	AGATGGAATCATCATC	14.582628597870508	1.0	15.844505129204741	1.0	1642
k16_4b638e3d	CAGTCGATGATGATTC	14.582344295686761	0.9997175771939768	11.604253671080096	0.9930191972076788	1493
k16_01a0d360	AAACGGAATCATCGAA	14.581989472780007	0.9998991214045346	12.952038195462459	0.9930191972076788	1501
k16_370ec760	ATCTAATGTACTCGAA	14.581748575054126	1.0	15.75217003593958	0.9912739965095986	1469
k16_340c834d	ATCAAATAGAATCATC	14.581150188035295	0.999639970116648	11.306544807867612	1.0	4669
k16_d0030534	TCAAAAATAACCATCA	14.580869508070258	1.0	17.702528972109526	0.987783595113438	9048
k16_2d8e38f5	AGTCGATGATGATTCC	14.580716137352068	0.9997166211281926	11.599376774293829	0.9912739965095986	1487
k16_3d4b638e	ATTCCAGTCGATGATG	14.579601446280362	0.9997173576762217	11.603132451629953	1.0	1496
k16_d34d87a0	TCATCATCGACTGGAA	14.578183702891033	0.9997176084488499	11.604413380826097	1.0	1501
k16_4dc3b1d8	CATCTAATGTACTCGA	14.578027542581754	1.0	15.748994657825822	0.9912739965095986	1470
k16_62c4f238	CGAGTACATTAGATGA	14.577654818854738	1.0	15.749167382158715	0.9912739965095986	1471
k16_3d0e38f1	ATTCAATGATGATTAC	14.576979641219774	0.9996739866121893	11.412973902732398	0.9965095986038395	1709
k16_d03a0f34	TCAAATGGAATTATCA	14.576940598977142	0.9992627849116139	10.289352423182423	1.0	5552
k16_42e8362e	CAAGTGGAATCGAGTG	14.57662652219659	1.0	15.842595122685667	0.9808027923211169	1650
k16_53d863d4	CCATTCGACGATTCCA	14.57585746605793	0.9998595434600626	12.462264289167168	0.9982547993019197	646
k16_10f53d0c	ACAATTCCATTCAATA	14.575295665920315	1.0	17.823091891402687	0.9912739965095986	9982
k16_0d360e47	AATCATCGAATGCACT	14.575161748480596	1.0	16.252143342689394	1.0	2581
k16_0e834df4	AATGGAATCATCTTCA	14.574571431180187	0.9996871466305084	11.525127665031468	1.0	13122
k16_3d8b13c8	ATTCGAGTACATTAGA	14.574318746918184	1.0	15.740914837793982	0.9895287958115183	1462
k16_1d8f51f8	ACTCGATTCCACTTGA	14.57345535209316	1.0	15.839934646089045	0.9790575916230366	1651
k16_34d361e8	ATCATCATCGACTGGA	14.5732078831317	0.9997166330647091	11.599437561066763	1.0	1501
k16_3ed83a0e	ATTGTCGAATGGAATG	14.573185819110996	1.0	15.78767932693801	0.9808027923211169	1551
k16_2fd4fa38	AGTTTCCATTGGATGA	14.572879101367594	1.0	15.364102057879753	0.9912739965095986	858
k16_c34f83a0	TAATCATTGAATGGAA	14.572459147754966	0.9999409390911662	13.720503063703742	1.0	3339
k16_0d34d87a	AATCATCATCGACTGG	14.571897757182558	0.9997166932745281	11.59974421891169	1.0	1504
k16_638f5bf8	CGATGATTCCGTTTGA	14.57150968637796	0.9998988020453443	12.94747777912865	0.9912739965095986	1512
k16_60e83478	CGAATGGAATCACTGA	14.571446218772646	0.9993694539177651	10.486579462251264	0.9982547993019197	1273
k16_ea34d340	TGGGATCATCATCAAA	14.570597020191006	0.9999990655725144	16.64034488154702	0.9947643979057592	4319
k16_4f62c4f2	CATTCGAGTACATTAG	14.569992822903128	1.0	15.737136016609512	0.9895287958115183	1463
k16_a0d3c0e8	GGAATCATTAAATGGA	14.568123550845659	0.9999898406083814	15.639512768250823	0.9982547993019197	4393
k16_1d43a0d3	ACTCCAATGGAATCAT	14.568068626797315	0.9999814512022867	15.091994751524524	1.0	4370
k16_f34e03e0	TTATCATGAAATTGAA	14.567657859225498	0.9999987488669426	17.078528557685075	0.9895287958115183	7048
k16_4d23a038	CATCAGATGGAAATGA	14.567210650058925	1.0	17.997912922556015	0.9895287958115183	11490
k16_8e3dcf60	GATGATTCTATTCGAA	14.565638146430976	1.0	15.71683051177319	0.9930191972076788	1434
k16_20e834d3	AGAATGGAATCATCAT	14.564544373461352	0.9992315162185009	10.21954718323535	1.0	2512
k16_43a0d34d	CAATGGAATCATCATC	14.562006865931018	0.9995448777447459	10.967756951237568	1.0	3430
k16_d34db3a0	TCATCATCGTATGGAA	14.561915314412888	1.0	16.361111502615355	1.0	2913
k16_2d360e83	AGTCATCGAATGGAAT	14.561367637352285	0.9993675499950744	10.484769528000129	0.9982547993019197	1446
k16_34d8390d	ATCATCGAATGCAATC	14.560791927062159	0.9999018822901459	12.979852223943997	1.0	1459
k16_034d360e	AAATCATCATCGAATG	14.559523340629653	0.9997881508334446	12.055715586528706	1.0	5368
k16_3d4f638a	ATTCCATTCGATGAGG	14.55909274666406	0.9998727826411914	12.688088099926283	1.0	2079
k16_53d023d4	CCATTCAAAGATTCCA	14.557982006569343	1.0	16.136400956496175	0.9947643979057592	2333
k16_3a0380a2	ATGGAAATGAAAGGAG	14.556653847219575	0.9999838815203829	15.556713258185221	0.9912739965095986	12974
k16_2834d3e0	AGGAATCATCATTGAA	14.555729293603568	0.9999917336470874	15.483444790780064	1.0	2590
k16_8b4d83a0	GAGTCATCGAATGGAA	14.555421470029946	0.9995652966499796	11.007724785063921	0.9982547993019197	1414
k16_320d34f8	ATAGAATCATCATTGA	14.55358939155402	0.9996556255675274	11.342583575406067	1.0	2022
k16_8f60c834	GATTCGAATAGAATCA	14.552640269697513	0.999996037634547	15.415416315903343	0.9947643979057592	1449
k16_602834d8	CGAAAGGAATCATCGA	14.551716239412059	1.0	15.93204291273498	1.0	1883
k16_0e834f34	AATGGAATCATTATCA	14.549839195911488	0.9994797741368139	10.761298281293909	1.0	1637
k16_0e83cd74	AATGGAATTATCCTCA	14.548908634556394	1.0	17.41778476674401	0.9930191972076788	7405
k16_0983a0d3	AAGCGAATGGAATCAT	14.546337761305287	0.9999981345754574	15.643006780238682	1.0	1624
k16_74d83a0d	CTCATCGAATGGAATC	14.545656404234606	0.9998759878693588	12.719370748443897	1.0	2068
k16_260e834d	AGCGAATGGAATCATC	14.544805257495653	0.9999981365880928	15.64456414216832	0.9965095986038395	1630
k16_342e834d	ATCAAGTGGAATCATC	14.544671760498831	1.0	16.106543358118724	0.9982547993019197	2293
k16_60d4fe38	CGAATCCATTTGATGA	14.542970220745945	0.9999987356416302	16.204098058259575	1.0	2964
k16_4d83a078	CATCGAATGGAACTGA	14.541330019510529	0.9993922577318322	10.539204543712554	0.9930191972076788	1384
k16_0e834503	AATGGAATCACCAAAT	14.541193103862277	0.9996101544938109	11.177245419386404	1.0	2560
k16_34d03a3d	ATCATCAAATGGATTC	14.540981315666446	0.999999332136522	17.124871137981454	1.0	6671
k16_47e38e3d	CACTTGATGATGATTC	14.540888911074871	1.0	16.206686684246215	1.0	2552
k16_3d8e38fd	ATTCGATGATGATTTC	14.535769521300336	0.9997886120851021	12.05903049901036	1.0	5516
k16_638753d8	CGATGACTCCATTCGA	14.532403341830742	0.9995839742293027	11.016710653780258	1.0	206
k16_d34d8ba0	TCATCATCGAGTGGAA	14.531411729009301	0.9998256332530799	12.266428138846416	0.9982547993019197	1971
k16_34c03a0d	ATCATAAAATGGAATC	14.530593901564746	0.9999490831758454	14.041413126009992	0.9982547993019197	9501
k16_3d4f430e	ATTCCATTCAATAATG	14.529897651595645	0.9999921476673438	16.113042114222978	1.0	7567
k16_8340c834	GAATCAAATAGAATCA	14.528881134618297	0.9991608162596967	10.102475759055544	1.0	5016
k16_03a0d0ba	AAATGGAATCAAGTGG	14.528288191965688	0.99993341885728	13.604340827301607	0.987783595113438	4462
k16_34d3a0f8	ATCATCATGGAATTGA	14.52800538885198	1.0	16.788992306807994	0.9895287958115183	4455
k16_0e834d32	AATGGAATCATCATAG	14.52547394463099	0.9996045618123705	11.182859005998935	1.0	7876
k16_0d0320d3	AATCAAATAGAATCAT	14.52535906827355	0.9996560792366791	11.372607968353314	1.0	5184
k16_42e834d8	CAAGTGGAATCATCGA	14.525059424818641	1.0	16.120244708461545	0.9895287958115183	2374
k16_4bd4f638	CAGTTCCATTCGATGA	14.524306171270549	0.9993848078612028	10.521616696007417	0.9947643979057592	1383
k16_3cd3e0e8	ATTATCATTGAATGGA	14.521248055599969	1.0	16.234270709988472	1.0	2676
k16_2f53d8e3	AGTTCCATTCGATGAT	14.519436374495092	0.9993877640267634	10.528148681690755	0.9930191972076788	1378
k16_0e30f53d	AATGATAATTCCATTC	14.51854476102095	0.9998314271813391	12.332602248911165	1.0	2708
k16_0d362e87	AATCATCGAGTGGACT	14.518282535470483	1.0	16.088037794771093	0.9912739965095986	2312
k16_834dc3a1	GAATCATCTAATGGAC	14.517737991691728	1.0	15.5717028314153	1.0	1264
k16_638f51f8	CGATGATTCCACTTGA	14.513717086850734	1.0	16.06933416649343	0.987783595113438	2278
k16_38e3d4de	ATGATGATTCCATCTG	14.50915093866879	1.0	15.648123932295354	1.0	1412
k16_34d83a01	ATCATCGAATGGAAAC	14.5085988725148	0.9998892068038102	12.751771457000531	1.0	760
k16_0e834df6	AATGGAATCATCTTCG	14.507777565683762	0.999493014950457	10.808298130211826	1.0	2652
k16_83400c14	GAATCAAAAATAACCA	14.507289995037672	1.0	17.707498022140143	0.987783595113438	9620
k16_73d4f438	CTATTCCATTCAATGA	14.506200225262564	0.9997972805251399	12.082185098595767	1.0	2717
k16_560e434d	CCCGAATGCAATCATC	14.505282268054037	1.0	15.358335373098374	0.9895287958115183	947
k16_3e4f6ad4	ATTGCATTCGGGTCCA	14.503010818283839	0.9991751462318558	10.088658963451929	0.9895287958115183	396
k16_60e8b4d8	CGAATGGAGTCATCGA	14.501607067393447	1.0	14.729521449901869	1.0	201
k16_8380d34d	GAATGAAATCATCATC	14.49929429795822	1.0	17.027177115288275	1.0	5599
k16_0f638e3d	AATTCGATGATGATTC	14.499016328778847	0.9999820313283789	14.871145377799667	1.0	2428
k16_158390d3	ACCCGAATGCAATCAT	14.498420772330778	1.0	15.35622635061713	0.9895287958115183	954
k16_43a0c34d	CAATGGAATAATCATC	14.497412882262148	0.9998713875821396	12.697519184730941	0.9895287958115183	2898
k16_13d8e3d4	ACATTCGATGATTCCA	14.496779968955831	1.0	15.022193624389976	0.9982547993019197	516
k16_350e8340	ATCCAATGGAATCAAA	14.495556917220485	0.9993591362545776	10.473731527154973	0.9982547993019197	2249
k16_8f53eaf4	GATTCCATTGGGTTCA	14.494525342198344	1.0	15.964049354821226	0.9860383944153578	2078
k16_8560e434	GACCCGAATGCAATCA	14.491236221009279	1.0	15.361863006120439	0.9895287958115183	973
k16_a0dfe0e8	GGAATCTTTGAATGGA	14.48981798881168	1.0	16.229200634289803	0.9947643979057592	2747
k16_8f93dab5	GATTGCATTCGGGTCC	14.489177459408983	1.0	15.340869834499607	0.9895287958115183	945
k16_06834d34	AACGGAATCATCATCA	14.488482329416996	1.0	16.04618726263747	0.9982547993019197	2283
k16_4e38f53d	CATGATGATTCCATTC	14.486169706392952	0.9998916208898728	12.993241596716304	1.0	6960
k16_0d3ed83a	AATCATTGTCGAATGG	14.485866729686114	0.9999919696130156	15.36341064246602	1.0	2215
k16_f35d03a0	TTATCCTCAAATGGAA	14.485770100254213	1.0	17.42728012639468	0.9930191972076788	7848
k16_60e034d0	CGAATGAAATCATCAA	14.484621895550035	1.0	16.01919255288821	0.9790575916230366	2228
k16_4e03e03a	CATGAAATTGAAATGG	14.484396737895628	0.9999991332783832	17.608121140142373	0.9895287958115183	11400
k16_3d4f618e	ATTCCATTCGACGATG	14.483908973477833	0.9994296565763587	10.6262520215375	0.9982547993019197	1376
k16_638f5fd8	CGATGATTCCTTTCGA	14.483682081153983	1.0	15.878095519014366	1.0	1913
k16_3f4fe38e	ATTTCATTTGATGATG	14.482979790785096	0.9999989198163471	17.290486252100074	1.0	8925
k16_0e834d76	AATGGAATCATCCTCG	14.480885757993368	0.9994181700212985	10.606239146738945	0.9982547993019197	1922
k16_0fd38c3d	AATTTCATGATAATTC	14.47806097223329	0.9999987279546592	17.0546138019575	0.9895287958115183	7431
k16_0e834536	AATGGAATCACCATCG	14.477445371455223	0.9995058748875215	10.814869166454567	1.0	930
k16_3a0d38d0	ATGGAATCATGATCAA	14.47206779437227	1.0	15.539576553934518	0.9982547993019197	1287
k16_434d360c	CAATCATCATCGAATA	14.471564692373564	1.0	14.750991990303373	0.9895287958115183	251
k16_383a0d34	ATGAATGGAATCATCA	14.47153237150203	0.9999181138878228	13.426726498005182	1.0	16617
k16_f34f83a0	TTATCATTGAATGGAA	14.47068202263259	1.0	16.12442802024211	1.0	2521
k16_0d03a0f3	AATCAAATGGAATTAT	14.470209746933138	0.9996479758267602	11.344895791333991	1.0	6858
k16_0d34d0ba	AATCATCATCAAGTGG	14.469132426429788	1.0	16.234402059768488	1.0	2818
k16_53d2e3d4	CCATTCAGTGATTCCA	14.469105973075706	0.9996153052818332	11.2002135195767	1.0	3176
k16_f53f8e10	TTCCATTTGATGACAA	14.46902875320145	0.9999995530406643	17.704278101880842	0.9895287958115183	11148
k16_314f638e	ATACCATTCGATGATG	14.46882809886987	1.0	16.041477039709	0.9982547993019197	2319
k16_380d34d8	ATGAAATCATCATCGA	14.466298831334262	1.0	16.040598702334226	1.0	2323
k16_ce38e3d4	TATGATGATGATTCCA	14.465658113075854	1.0	16.95358931511712	1.0	5414
k16_18e3d4fe	ACGATGATTCCATTTG	14.462053131596406	1.0	15.975696058193256	1.0	2179
k16_63d4ce38	CGATTCCATATGATGA	14.46203905162437	0.9997663141905708	11.867869865579928	0.9930191972076788	1951
k16_30d3e0e8	ATAATCATTGAATGGA	14.457656568767739	0.9999863424516438	15.266931950697154	1.0	3703
k16_63dcf438	CGATTCTATTCAATGA	14.456874916970273	0.9993838531105815	10.528849834125651	1.0	2294
k16_03a0d340	AAATGGAATCATCAAA	14.455782029277321	0.9997409250799119	11.782348887478262	1.0	7963
k16_8e3d4f61	GATGATTCCATTCGAC	14.455093879445265	0.9999333795884808	13.62490115818694	1.0	5670
k16_03a0e34d	AAATGGAATGATCATC	14.45305331711735	1.0	15.872022105354981	0.9930191972076788	1966
k16_e834d760	TGGAATCATCCTCGAA	14.450622838994978	0.9994125723794747	10.592304517003578	0.9982547993019197	1948
k16_34d3a0e8	ATCATCATGGAATGGA	14.448330733934359	0.9995367525407705	10.944635553938953	1.0	4142
k16_d1e0e834	TCACTGAATGGAATCA	14.447846226406526	0.9995610972568578	11.010475031953604	0.9982547993019197	2746
k16_38e3dcfe	ATGATGATTCTATTTG	14.447324203068117	0.9998600525130056	12.642492955672875	0.9965095986038395	7374
k16_0e830d83	AATGGAATAATCGAAT	14.446766920528905	0.999719235334972	11.588913498387035	1.0	1096
k16_3a0d14d8	ATGGAATCACCATCGA	14.444351062175183	0.9994838737718234	10.751991413901441	1.0	887
k16_a1d4fe38	GGACTCCATTTGATGA	14.441371384478582	0.9999760587613761	14.584319908834674	0.9965095986038395	2343
k16_83a0d38d	GAATGGAATCATGATC	14.44047062719802	1.0	15.59883518075825	1.0	1447
k16_720e834d	CTAGAATGGAATCATC	14.438558996923664	0.9999439396262751	13.689624082421696	1.0	2237
k16_42d4fe38	CAAGTCCATTTGATGA	14.437803822288437	0.9999985367902152	15.993369280042284	1.0	2672
k16_2d83a0d3	AGTCGAATGGAATCAT	14.43608111998978	0.9999307766271502	13.569602861701108	1.0	5500
k16_ec34d3e0	TGTAATCATCATTGAA	14.43486347783411	0.999676665174352	11.424159874830965	0.9965095986038395	1999
k16_34ce8362	ATCATATGGAATCGAG	14.434672450181466	1.0	15.823936697752758	0.9895287958115183	1902
k16_53d8efd4	CCATTCGATGTTTCCA	14.433533778989212	0.9996439996799263	11.29624282256363	0.9982547993019197	2281
k16_38d3d4fe	ATGATCATTCCATTTG	14.432073987803523	1.0	16.771852632610294	0.9930191972076788	4771
k16_0d003053	AATCAAAAATAACCAT	14.431270332895977	1.0	17.713944437734565	0.987783595113438	10255
k16_38c3d4fe	ATGATAATTCCATTTG	14.430875474093597	1.0	17.038917444874286	0.9982547993019197	5986
k16_6fe38e3d	CGTTTGATGATGATTC	14.430299218909571	1.0	15.232130418569703	0.9982547993019197	873
k16_30d340e8	ATAATCATCAAATGGA	14.42605880861758	0.9995447195683754	10.96584329146399	1.0	3659
k16_0f3a0e03	AATTATGGAATGAAAT	14.424757833142007	0.9999995883235382	17.822910292224485	0.9912739965095986	12621
k16_3a0f34f8	ATGGAATTATCATTGA	14.421438961656099	0.9998333800681922	12.349415788063132	1.0	3027
k16_353f8e38	ATCCATTTGATGATGA	14.421245457348148	0.9999988432017861	16.33236496340098	1.0	3747
k16_0b53f8e3	AAGTCCATTTGATGAT	14.421151574923268	0.9999985499617915	16.006414832431872	1.0	2752
k16_34e03e03	ATCATGAAATTGAAAT	14.420544801929118	0.9999987399137975	17.06824140118614	0.9895287958115183	7866
k16_0e83cd3e	AATGGAATTATCATTG	14.420437639394908	0.9998333437211231	12.349101059280535	1.0	3029
k16_a0d34d80	GGAATCATCATCGAAA	14.42030887430493	0.99926170629334	10.27245782873367	1.0	2303
k16_638f53c8	CGATGATTCCATTAGA	14.419884975335597	0.9993809895519229	10.508893446110678	1.0	1328
k16_8340a834	GAATCAAAGGGAATCA	14.41953577830419	0.9999912483678206	15.239328966986692	1.0	2082
k16_70e834d8	CTAATGGAATCATCGA	14.419021489670788	0.9993811134951388	10.509182515691919	1.0	1330
k16_0ea34d34	AATGGGATCATCATCA	14.41792365911461	0.9999990825166202	16.666745363214712	0.9947643979057592	5045
k16_350e8070	ATCCAATGGAAACTAA	14.417102236071308	1.0	15.357239212397015	0.9912739965095986	1079
k16_53f8e3e4	CCATTTGATGATTGCA	14.41681101993203	0.9998614366707851	12.571618442706306	1.0	2287
k16_34583a0d	ATCACCGAATGGAATC	14.4106945855175	1.0	15.260343456231553	0.9982547993019197	942
k16_0d0ba0d3	AATCAAGTGGAATCAT	14.41064303285346	1.0	16.13374674390578	1.0	2703
k16_e034d360	TGAAATCATCATCGAA	14.410445892674321	1.0	17.006348104896347	1.0	5926
k16_3d3f5378	ATTCATTTCCATCTGA	14.4089192314312	1.0	17.97759643753434	0.9895287958115183	12761
k16_d0320d34	TCAAATAGAATCATCA	14.406850788614408	0.9997945214029004	12.088300005548719	1.0	4813
k16_cd380f80	TATCATGAAATTGAAA	14.406818487355368	0.9999987499906249	17.079824864102893	0.9895287958115183	8026
k16_0d8e38f5	AATCGATGATGATTCC	14.404439163829368	1.0	15.168433518059464	0.9965095986038395	820
k16_0383a0d3	AAATGAATGGAATCAT	14.403889238318829	0.9997513210285387	11.85494037700415	1.0	17172
k16_3a0c360e	ATGGAATAATCGAATG	14.403048119652684	0.9999974916031416	15.21575296057029	1.0	1124
k16_348e80e0	ATCAGATGGAAATGAA	14.400346612523046	1.0	18.000461519775744	0.9895287958115183	13068
k16_d8e3dcf4	TCGATGATTCTATTCA	14.399258954581349	0.9999958664021164	14.495140229952167	0.9982547993019197	224
k16_53d0d3d4	CCATTCAATCATTCCA	14.39653698585923	0.9998977008260659	12.955931356491385	1.0	2222
k16_03a0d3e0	AAATGGAATCATTGAA	14.395467386141801	0.9995957134315024	11.158486696383672	1.0	15219
k16_4ce38e3d	CATATGATGATGATTC	14.394084639308137	1.0	16.92324484261632	1.0	5605
k16_0c83ce83	AATAGAATTATGGAAT	14.3914563774369	0.999999159674811	17.652741956296737	0.9982547993019197	12658
k16_2e834d3e	AGTGGAATCATCATTG	14.389935850551767	0.9999539598919828	13.88554439921013	0.9912739965095986	2111
k16_82a0d360	GAAGGGAATCATCGAA	14.386521951545989	1.0	15.892400253293241	0.9982547993019197	2161
k16_4d03a0d4	CATCAAATGGAATCCA	14.384759993079555	0.9999837325964199	14.73848394579471	1.0	1697
k16_a0d370ec	GGAATCATCTAATGTA	14.384458359021043	1.0	15.815777605407554	0.9965095986038395	1993
k16_e834d1e0	TGGAATCATCACTGAA	14.383280792868765	0.9996059490176378	11.13445632485266	1.0	1361
k16_0d43b8d3	AATCCAATGTGATCAT	14.382271090627441	1.0	15.119987082600945	0.9895287958115183	784
k16_3b0d34f8	ATGTAATCATCATTGA	14.3814858998546	0.9996805761763362	11.440612745104568	0.9965095986038395	2104
k16_83a0d320	GAATGGAATCATAGAA	14.379471986203987	0.9994377853591175	10.67605627429134	1.0	6316
k16_340e838d	ATCAAATGGAATGATC	14.378908284660639	1.0	16.78484704147506	0.9947643979057592	5050
k16_638f93d0	CGATGATTGCATTCAA	14.378307148101154	0.9999997489200423	18.53627243743476	0.9982547993019197	22185
k16_4d350e80	CATCATCCAATGGAAA	14.37675411810267	1.0	15.683017436229976	0.9982547993019197	1730
k16_4d8380f8	CATCGAATGAAATTGA	14.37672094456975	0.9996130323450543	11.137219913942863	1.0	767
k16_350ee34d	ATCCAATGTGATCATC	14.374659260722607	1.0	15.11237525269611	0.9895287958115183	784
k16_0f34d03a	AATTATCATCAAATGG	14.367439339430904	1.0	16.2155631006161	1.0	3054
k16_3a0dfe0e	ATGGAATCTTTGAATG	14.365863764176158	1.0	16.034369028770254	0.9965095986038395	2559
k16_ba0d34f8	GTGGAATCATCATTGA	14.365254583326792	0.9999540740714572	13.88912683219584	0.9912739965095986	2176
k16_38e3d7fe	ATGATGATTCCTTTTG	14.357160900197037	0.9993792331141395	10.519499277818507	1.0	2687
k16_38e344fa	ATGATGATCACATTGG	14.35686976666249	1.0	15.101200359119646	0.9895287958115183	793
k16_0d360ec7	AATCATCGAATGTACT	14.356628116374097	0.9998245312608526	12.132201525510203	0.9982547993019197	454
k16_834d83b1	GAATCATCGAATGTAC	14.355650326120296	1.0	14.825383860498256	0.9982547993019197	452
k16_1d43a0c3	ACTCCAATGGAATAAT	14.35495676028094	0.9999387540830611	13.61940373703768	0.9982547993019197	2913
k16_0e38f51d	AATGATGATTCCACTC	14.35478515298924	0.999950865337007	13.791691606813322	0.9912739965095986	1980
k16_80f8f80d	GAAATTGATTGAAATC	14.353475933738206	1.0	15.240136745290286	0.9895287958115183	997
k16_43638e3d	CAATCGATGATGATTC	14.352953210192938	1.0	15.073626139809177	0.9982547993019197	761
k16_7f4fd4f4	CTTTCATTTCCATTCA	14.352421153732868	0.9991736845712179	10.13155726679841	0.9895287958115183	13974
k16_34dfe0e8	ATCATCTTTGAATGGA	14.352285658192747	1.0	15.39734850693834	1.0	1249
k16_3d0c38f5	ATTCAATAATGATTCC	14.352258052850889	1.0	15.540578025463327	1.0	1502
k16_638753f8	CGATGACTCCATTTGA	14.351838341653375	1.0	15.401062289360429	0.9825479930191972	1256
k16_834503a1	GAATCACCAAATGGAC	14.350596830241177	1.0	15.721455327745423	0.9773123909249564	1863
k16_4d83a1dc	CATCGAATGGACTCTA	14.350524173878476	0.9999981998297038	15.694376600812383	1.0	2147
k16_d03a0e34	TCAAATGGAATGATCA	14.346390808405998	1.0	16.787362759172094	0.9930191972076788	5203
k16_a3d4fe38	GGATTCCATTTGATGA	14.342952472505786	0.9999829151459367	14.667750230754496	1.0	1640
k16_3dcf438e	ATTCTATTCAATGATG	14.34276567169353	0.9996486111932112	11.342655516106806	1.0	6145
k16_30d4e856	ATAATCCATGGACCCG	14.340145560291692	1.0	14.739909810160489	0.987783595113438	375
k16_0ee34d36	AATGTGATCATCATCG	14.3367459422862	1.0	14.624247261470513	0.9895287958115183	259
k16_3b8d34d8	ATGTGATCATCATCGA	14.336350991177266	1.0	14.62385231036158	0.9895287958115183	259
k16_34d342e8	ATCATCATCAAGTGGA	14.335465658702887	1.0	16.23519786327737	1.0	3208
k16_983a0d34	GCGAATGGAATCATCA	14.331690880587558	1.0	15.851344200202934	1.0	2193
k16_3a0d3406	ATGGAATCATCAAACG	14.327394792393319	1.0	15.024773367275738	1.0	730
k16_d8e38f50	TCGATGATGATTCCAA	14.325546680430687	1.0	15.980853414705503	1.0	2525
k16_38f73d83	ATGATTCTATTCGAAT	14.324906802822367	1.0	15.719787438854162	0.9965095986038395	1914
k16_c353a158	TAATCCATGGACCCGA	14.321828779751167	1.0	14.722523817227025	0.987783595113438	376
k16_60e434d8	CGAATGCAATCATCGA	14.321472603022228	1.0	14.878957363865469	1.0	554
k16_4f4b8e3d	CATTCAGTGATGATTC	14.319751683324952	0.9996099969258582	11.148945350469232	1.0	1487
k16_0d1e0e87	AATCACTGAATGGACT	14.31761547107654	1.0	15.982638741084303	1.0	2550
k16_0c34d03a	AATAATCATCAAATGG	14.317320150370554	0.9995442120199141	10.964316991939071	1.0	4045
k16_0f8390d3	AATTGAATGCAATCAT	14.314690683247187	0.9999349386074083	13.7632687895059	1.0	26616
k16_38ebcffe	ATGATGGTTATTTTTG	14.314158258096391	1.0	17.69985209990159	0.987783595113438	11101
k16_4d33a0d8	CATCATATGGAATCGA	14.313663674184284	0.9997720481561523	11.901632751047588	0.9930191972076788	2296
k16_60e804d0	CGAATGGAAACATCAA	14.31289114718521	0.9999859974963523	14.561274843506789	0.9912739965095986	1017
k16_34dc3b1d	ATCATCTAATGTACTC	14.311301515094764	1.0	15.760275702250873	0.9912739965095986	2032
k16_3d4fa38e	ATTCCATTGGATGATG	14.307185380608965	0.9998277834970666	12.267006808235669	1.0	2045
k16_340e8b4d	ATCAAATGGAGTCATC	14.300058029487227	0.9999980537060357	15.58178213585069	0.9965095986038395	2007
k16_8340e835	GAATCAAATGGAATCC	14.299794990992398	0.9994148080686729	10.614934367144237	0.9930191972076788	5214
k16_030534d0	AAATAACCATCATCAA	14.298505994477935	1.0	17.74754573898536	0.9842931937172775	11652
k16_34f83a0c	ATCATTGAATGGAATA	14.29836635270487	0.9995598502136419	11.008467359799583	1.0	3401
k16_4783a0d8	CACTGAATGGAATCGA	14.296801352305877	0.9998265683887536	12.166276466245836	1.0	686
k16_4f8320d8	CATTGAATAGAATCGA	14.294856899997265	0.9993839492514267	10.529240857334795	1.0	2727
k16_3a0d3c0e	ATGGAATCATTAAATG	14.29408555795548	0.9999898139093846	15.63572631690996	0.9982547993019197	5540
k16_83a0d3ed	GAATGGAATCATTGTC	14.293399207469056	0.9996961685966415	11.521104141049456	1.0	3001
k16_8e38f50d	GATGATGATTCCAATC	14.292710336035443	1.0	16.17188660050868	0.9982547993019197	3146
k16_6834d350	CGGAATCATCATCCAA	14.29157062019427	1.0	14.4919532818896	0.9965095986038395	175
k16_1a0d34d4	ACGGAATCATCATCCA	14.291001711629889	1.0	14.49884859646535	0.9965095986038395	182
k16_3e0eb34d	ATTGAATGGTATCATC	14.290475468937544	0.9992037173130104	10.164950197719563	0.9842931937172775	2580
k16_34d370e8	ATCATCATCTAATGGA	14.289534808871407	0.999478281502149	10.767229052346998	1.0	3187
k16_e83cd3e0	TGGAATTATCATTGAA	14.288484499887073	0.9998338273479656	12.35329440742601	1.0	3445
k16_3a0d36d0	ATGGAATCATCGTCAA	14.28793432470179	0.9999160719350338	13.05735201924923	0.9982547993019197	983
k16_4f6f8e3d	CATTCGTTGATGATTC	14.286529368470553	0.9997853391834871	12.008908945875039	1.0	3658
k16_d83a0534	TCGAATGGAACCATCA	14.28545462619217	0.9999162816157648	13.02285644881754	1.0	768
k16_4183a0d8	CAACGAATGGAATCGA	14.285044189015418	0.9995649453958838	10.974252337027357	1.0	795
k16_62c4f638	CGAGTACATTCGATGA	14.283524014061026	0.9991871443756644	10.101816782180142	0.9982547993019197	427
k16_34d360e4	ATCATCATCGAATGCA	14.280925576569992	0.9998286297923679	12.175235552076565	1.0	656
k16_6fd4f638	CGTTTCCATTCGATGA	14.280689593906537	0.9998545332882387	12.358913429212182	1.0	551
k16_438f5fd8	CAATGATTCCTTTCGA	14.27886596832175	1.0	14.483518628001047	0.9982547993019197	179
k16_e034d340	TGAAATCATCATCAAA	14.277809661196828	1.0	17.36345872361284	1.0	8796
k16_06834d35	AACGGAATCATCATCC	14.27760626272471	1.0	14.481192607142631	0.9965095986038395	178
k16_63d4f6f8	CGATTCCATTCGTTGA	14.276651742861942	0.9995938183013868	11.065816636052359	0.9982547993019197	777
k16_618f53d8	CGACGATTCCATTCGA	14.267626400070704	0.9999957821568363	14.466033850479478	0.9982547993019197	327
k16_3be3d4fe	ATGTTGATTCCATTTG	14.263689034101086	0.9997842667247766	11.953602272169018	1.0	1739
k16_20e834d0	AGAATGGAATCATCAA	14.254857730836036	0.9999185381397642	13.284554539775284	1.0	3531
k16_00c14d34	AAAATAACCATCATCA	14.252893878287304	1.0	17.74678278883764	0.987783595113438	12057
k16_343f4f63	ATCAATTTCATTCGAT	14.249797789367852	0.9999898788839783	14.51923929900979	0.9895287958115183	726
k16_3a2d3e0e	ATGGAGTCATTGAATG	14.249125712812663	1.0	15.964020551968808	1.0	2681
k16_53dae3d4	CCATTCGGTGATTCCA	14.246767459132023	0.9999968726055887	14.897564906132095	1.0	880
k16_0e834fb6	AATGGAATCATTGTCG	14.246632369101981	0.9996932842788647	11.507469046084504	0.9982547993019197	3098
k16_0d34483a	AATCATCACAGAATGG	14.24415401187607	0.9995537742453369	10.98197636864591	0.9982547993019197	2805
k16_740e830d	CTCAAATGGAATAATC	14.242751592601689	0.9999850564269319	15.020223782983066	1.0	3137
k16_0f8150e8	AATTGAACCCAATGGA	14.241369536055785	0.9999950180181676	15.541800189161496	0.9860383944153578	2709
k16_0c834d3e	AATAGAATCATCATTG	14.240594654027442	0.9996585095552892	11.354720378172296	1.0	2830
k16_0d38d03a	AATCATGATCAAATGG	14.239418076166013	1.0	15.49513465842545	0.9982547993019197	1630
k16_378f53f8	ATCTGATTCCATTTGA	14.238451151321637	0.9999979764253554	15.525606633655089	1.0	2019
k16_3e034d34	ATTGAAATCATCATCA	14.237813974197625	1.0	16.510287434430463	0.9895287958115183	4500
k16_83a0d350	GAATGGAATCATCCAA	14.235724259899285	0.9991439781238853	10.075295771692334	1.0	7259
k16_4d03a2d4	CATCAAATGGAGTCCA	14.23461381949439	0.9999759341944613	14.576832920780213	0.987783595113438	2864
k16_a0d34068	GGAATCATCAAACGGA	14.234178153997986	1.0	14.936094764362695	1.0	736
k16_0d34d839	AATCATCATCGAATGC	14.233992929968226	0.9998216979349055	12.118020340322209	1.0	643
k16_5bf8e3d4	CCGTTTGATGATTCCA	14.23326829264578	1.0	14.9306468675282	1.0	730
k16_38e3d4ce	ATGATGATTCCATATG	14.233099540083476	1.0	15.834370489005776	0.9860383944153578	2389
k16_60e836d8	CGAATGGAATCGTCGA	14.22929546082323	1.0	14.581737620745017	0.9982547993019197	325
k16_d370e834	TCATCTAATGGAATCA	14.228861912705609	0.9992770090668418	10.29958064081891	1.0	2467
k16_87402834	GACTCAAAAGGAATCA	14.224139740353465	0.9999777863215003	14.612781261542128	0.9842931937172775	2645
k16_63d4f4b8	CGATTCCATTCAGTGA	14.222892776402794	0.9998165661896212	12.085371945312062	1.0	677
k16_4fe3ce3d	CATTTGATTATGATTC	14.218649568530301	1.0	14.988419121758987	0.9982547993019197	828
k16_0d3a0e87	AATCATGGAATGGACT	14.21663591504508	1.0	15.012111533769762	1.0	864
k16_38e38f53	ATGATGATGATTCCAT	14.21541104352699	1.0	16.958564771766543	1.0	6689
k16_340e87e0	ATCAAATGGACTTGAA	14.215015807537013	0.9999884961109665	15.238345078471442	1.0	3393
k16_0e834dfe	AATGGAATCATCTTTG	14.214347700861486	1.0	15.900519753419871	0.9982547993019197	2605
k16_3a0d36f8	ATGGAATCATCGTTGA	14.214082159041833	0.9997184651659295	11.565792665670152	0.9982547993019197	1066
k16_4e0e834d	CATGAATGGAATCATC	14.212731208002452	0.9999269826361845	13.41037843622268	0.9965095986038395	3420
k16_2834d03a	AGGAATCATCAAATGG	14.211755201516954	1.0	16.053381823214714	1.0	3035
k16_53f8e38d	CCATTTGATGATGATC	14.20442272817879	0.9999983015035091	15.778250522590302	1.0	2721
k16_834d83a5	GAATCATCGAATGGCC	14.201484677930337	1.0	14.529670687628785	0.9982547993019197	300
k16_4f2fd4fa	CATTAGTTTCCATTGG	14.200385604311872	1.0	15.338242596762798	0.9912739965095986	1410
k16_3e0543a0	ATTGAACCCAATGGAA	14.200113623476385	0.9999950134553596	15.540479498298485	0.9860383944153578	2818
k16_034d340e	AAATCATCATCAAATG	14.198381417369493	0.9999392870763564	13.737458155796936	1.0	6595
k16_34f8320d	ATCATTGAATAGAATC	14.19292152731213	0.9993781273987545	10.518924138695073	1.0	3445
k16_0f53d0c3	AATTCCATTCAATAAT	14.192920533043267	0.9999926545977628	16.16171905194072	0.9982547993019197	9721
k16_4e834d36	CATGGAATCATCATCG	14.191564347052566	0.9995201467115796	10.802235471119717	1.0	230
k16_34db3a0d	ATCATCGTATGGAATC	14.190527978574451	1.0	14.91937706155339	1.0	772
k16_0e3d7f63	AATGATTCCTTTCGAT	14.18952402681782	1.0	14.329875422783005	0.9947643979057592	120
k16_0e830d34	AATGGAATAATCATCA	14.188554284776492	0.999881632772736	12.8305063412252	1.0	4985
k16_63cf53d8	CGATTATTCCATTCGA	14.18823051554922	1.0	14.60189391555694	1.0	390
k16_c834d3e0	TAGAATCATCATTGAA	14.187435213299544	0.9996614981262644	11.367405891028048	1.0	3017
k16_3e0e434d	ATTGAATGCAATCATC	14.186622810039982	0.9999292299576024	13.64061523860298	1.0	25894
k16_d13a0d34	TCACATGGAATCATCA	14.185127313725538	0.999938406779972	13.637975162880815	0.9982547993019197	3942
k16_3638e3d4	ATCGATGATGATTCCA	14.184560923757234	1.0	15.207427771553352	0.9982547993019197	1212
k16_0d3e0e80	AATCATTGAATGGAAA	14.181578740768318	0.9997333546041911	11.717136856205547	0.9982547993019197	4723
k16_4fe38c3d	CATTTGATGATAATTC	14.181019849814263	1.0	16.20465050420453	1.0	3601
k16_0340e834	AAATCAAATGGAATCA	14.180273901454507	0.9997769448991068	11.98391145904323	1.0	7390
k16_8390d3e0	GAATGCAATCATTGAA	14.17813134486775	1.0	15.81814839017829	0.9982547993019197	2486
k16_0d4fe38e	AATCCATTTGATGATG	14.178057098707876	0.9999988358854605	16.323269267097565	1.0	4614
k16_36d83a1d	ATCGTCGAATGGACTC	14.175628951317766	1.0	14.467150399305684	0.9982547993019197	263
k16_0ec34d3e	AATGTAATCATCATTG	14.172442320773055	0.9996808973380776	11.442064458384705	0.9965095986038395	2619
k16_a0d360ec	GGAATCATCGAATGTA	14.170281301276212	1.0	15.010355358489628	0.9982547993019197	928
k16_5340e836	CCATCAAATGGAATCG	14.16911142257184	0.9996321813063223	11.189304347275824	0.9982547993019197	742
k16_0db60e87	AATCGTCGAATGGACT	14.167987324049017	1.0	14.407393413042705	0.9982547993019197	212
k16_83a0d1e0	GAATGGAATCACTGAA	14.166324758133788	0.9994656522316097	10.725671821930757	1.0	2663
k16_4f438c3d	CATTCAATGATAATTC	14.165836432197654	1.0	16.232033938775036	1.0	3744
k16_d34e83a0	TCATCATGGAATGGAA	14.16511957315418	0.9996833702033479	11.480823184663528	1.0	5287
k16_40e8348e	CAAATGGAATCAGATG	14.164764930135947	1.0	15.67883800191119	1.0	2180
k16_45a3a018	CACCGGATGGAAACGA	14.161828854584284	1.0	14.34175462830149	0.9825479930191972	156
k16_3dbf535a	ATTCGTTTCCATCCGG	14.161390522760158	1.0	14.329338887187053	0.9842931937172775	145
k16_168e8060	ACCGGATGGAAACGAA	14.159514115812001	1.0	14.339439889529206	0.9842931937172775	156
k16_836d83a1	GAATCGTCGAATGGAC	14.159475383488495	1.0	14.394713253437997	0.9982547993019197	208
k16_6fd4d6b8	CGTTTCCATCCGGTGA	14.159384482398497	1.0	14.336053539124036	0.9825479930191972	153
k16_0e834db4	AATGGAATCATCGTCA	14.159192865681115	0.9999205392371767	13.136267049971472	0.9982547993019197	1317
k16_a0d140e8	GGAATCACCAAATGGA	14.156405710988862	0.9994943627793011	10.80204166152542	0.9930191972076788	2598
k16_22d4f638	AGAGTCCATTCGATGA	14.15599209605629	0.9999981833573736	15.681235554834426	1.0	2592
k16_8f51f8f5	GATTCCACTTGATTCC	14.155900296307582	0.9991410373588933	10.046866477159126	1.0	1683
k16_83a0c360	GAATGGAATAATCGAA	14.15577458164621	0.9999966576087865	14.801648083719572	1.0	873
k16_6d83a1d8	CGTCGAATGGACTCGA	14.15564167292112	1.0	14.377249054938273	0.9982547993019197	195
k16_0f34f83a	AATTATCATTGAATGG	14.155635649739876	1.0	16.227979800951633	1.0	3765
k16_3a0d3cd0	ATGGAATCATTATCAA	14.154837985353142	0.9994761596932747	10.751458867820734	1.0	2510
k16_3d4fabd0	ATTCCATTGGGTTCAA	14.153964446764803	0.9999950052444933	15.538105929230355	0.9860383944153578	2941
k16_4db3a0d8	CATCGTATGGAATCGA	14.15318566681411	1.0	14.893109897022011	1.0	787
k16_a740e834	GGCTCAAATGGAATCA	14.153151434909322	1.0	15.494257368236749	0.9738219895287958	1801
k16_53d0e3e4	CCATTCAATGATTGCA	14.152937814990928	1.0	15.819122683879378	1.0	2553
k16_834dc3b1	GAATCATCTAATGTAC	14.148779329174886	1.0	15.788796374485424	0.9912739965095986	2486
k16_c38f53f8	TAATGATTCCATTTGA	14.148352850847182	0.999977504238406	14.492670985057789	0.9965095986038395	2189
k16_36d83a01	ATCGTCGAATGGAAAC	14.147310942657828	1.0	14.342338272984415	0.9860383944153578	170
k16_60e830d8	CGAATGGAATAATCGA	14.144067166166622	1.0	14.520364389873023	1.0	350
k16_4d33a0f8	CATCATATGGAATTGA	14.143459967429033	1.0	15.814281901652738	0.9738219895287958	2565
k16_d00a0d34	TCAAAAGGAATCATCA	14.143382893763505	0.9995002147281034	10.826090033181492	1.0	3436
k16_0d37f83a	AATCATCTTTGAATGG	14.140850046848733	1.0	15.398109083892106	0.9982547993019197	1633
k16_63d4c638	CGATTCCATACGATGA	14.139911721632004	1.0	14.853860433466686	1.0	752
k16_d34d8390	TCATCATCGAATGCAA	14.138380514771907	0.9998068259965847	12.002425374225844	1.0	618
k16_34f83a03	ATCATTGAATGGAAAT	14.13816047618855	0.9999108515596177	13.168666319079817	1.0	3876
k16_380d43b8	ATGAAATCCAATGTGA	14.138091291205347	1.0	15.105497932020654	0.9895287958115183	1122
k16_0a0d34f8	AAGGAATCATCATTGA	14.137684884728868	0.9999917479266666	15.48593909459029	1.0	3864
k16_83a2d3e0	GAATGGAGTCATTGAA	14.134616188080132	1.0	15.829541163192294	1.0	2628
k16_62d4f618	CGAGTCCATTCGACGA	14.131967640987021	1.0	14.350411152963954	0.9982547993019197	192
k16_1f8e38f5	ACTTGATGATGATTCC	14.130668238950417	1.0	16.1918706379685	1.0	3727
k16_6fd4f618	CGTTTCCATTCGACGA	14.127007267351432	1.0	14.31558184863362	0.9842931937172775	164
k16_3d47e38e	ATTCCACTTGATGATG	14.126250197700296	1.0	16.179187471431835	1.0	3699
k16_d3c8e3d4	TCATTAGATGATTCCA	14.122560985579844	1.0	16.34984140390376	0.9982547993019197	4325
k16_62d4f238	CGAGTCCATTAGATGA	14.122494255179596	1.0	14.763485409528572	1.0	657
k16_0a0d340e	AAGGAATCATCAAATG	14.121884651113456	1.0	16.07588817479475	1.0	3376
k16_53f8e3f4	CCATTTGATGATTTCA	14.119871600113385	0.9996338276381548	11.255838805640426	0.9930191972076788	3020
k16_4dc3a1d8	CATCTAATGGACTCGA	14.119468096909456	1.0	14.760459251258432	1.0	657
k16_40e87e0e	CAAATGGACTTGAATG	14.118462633526978	0.99999853189459	15.988550409808969	1.0	3609
k16_3f8e38fd	ATTTGATGATGATTTC	14.117750099064773	1.0	16.936147121914754	1.0	7110
k16_0030534d	AAAAATAACCATCATC	14.116416967220674	1.0	17.703098552271314	0.987783595113438	12936
k16_90d360e8	GCAATCATCGAATGGA	14.116175465698703	0.9994871497567306	10.720324860695126	1.0	402
k16_db4d83a0	TCGTCATCGAATGGAA	14.112655755533174	1.0	14.583276025971378	1.0	453
k16_3d8b53c8	ATTCGAGTCCATTAGA	14.110461036173172	0.9999728467470403	13.895464174996562	1.0	646
k16_e834db40	TGGAATCATCGTCAAA	14.098117302937226	0.9998936759168618	12.716086993142104	0.9982547993019197	768
k16_0d14d83a	AATCACCATCGAATGG	14.09693315261947	1.0	14.438752815591384	1.0	314
k16_3cd340e8	ATTATCATCAAATGGA	14.09530659544411	1.0	16.20995925214984	1.0	3912
k16_345360e8	ATCACCATCGAATGGA	14.08950000717467	1.0	14.481796258144733	1.0	367
k16_183a0d36	ACGAATGGAATCATCG	14.086642409131553	1.0	14.751848650020289	1.0	688
k16_0e837f83	AATGGAATCTTTGAAT	14.083898050654646	1.0	16.148040842333536	0.9965095986038395	3737
k16_3a0d37f8	ATGGAATCATCTTTGA	14.081438931271704	1.0	15.893635712921013	0.9982547993019197	2950
k16_d14d83a0	TCACCATCGAATGGAA	14.07662294600622	1.0	14.397943507773675	1.0	293
k16_13c8e3d4	ACATTAGATGATTCCA	14.07628474477324	1.0	15.821175306763902	0.9982547993019197	2762
k16_02834d03	AAAGGAATCATCAAAT	14.073348732038118	1.0	16.070146127544454	1.0	3513
k16_0238f53d	AAAGATGATTCCATTC	14.070841945332678	0.9994965222099227	10.810174621145254	0.9982547993019197	3033
k16_e834d0e0	TGGAATCATCAATGAA	14.067983231839124	0.9994200752264	10.579102836004436	1.0	1044
k16_d8380d34	TCGAATGAAATCATCA	14.06664109862903	1.0	17.233590482063477	1.0	9374
k16_434d340e	CAATCATCATCAAATG	14.06236194615154	1.0	15.417940915367062	1.0	1831
k16_0e360e87	AATGATCGAATGGACT	14.05975212869486	1.0	14.777440385628543	0.9965095986038395	757
k16_4d360e81	CATCATCGAATGGAAC	14.059290236536272	0.9999797822140093	14.03134252439778	1.0	635
k16_34d83b1d	ATCATCGAATGTACTC	14.05918768215053	0.9992483892765386	10.214914688523447	1.0	849
k16_360ea34d	ATCGAATGGGATCATC	14.057987292304361	0.9999728457147823	13.605796468163462	1.0	174
k16_380f80e8	ATGAAATTGAAATGGA	14.055889464753662	0.9999991507539182	17.637507077120375	0.9895287958115183	16097
k16_0d83a8d3	AATCGAATGGGATCAT	14.052964961805554	0.9999724651408683	13.585717611668754	0.9982547993019197	160
k16_38c3d4f4	ATGATAATTCCATTCA	14.047458223291999	0.9997311776621858	11.690972303689243	0.9947643979057592	3846
k16_8f53f895	GATTCCATTTGAGCCC	14.046037060541284	1.0	14.783753052514786	0.9738219895287958	784
k16_d0380d34	TCAAATGAAATCATCA	14.040050802074775	0.9996745680936407	11.425807869044684	1.0	3791
k16_4d3e0e81	CATCATTGAATGGAAC	14.03262983834484	1.0	15.552283157960218	0.9912739965095986	2193
k16_3d4f6386	ATTCCATTCGATGACG	14.028165062010753	0.9998276183376817	12.093108398904437	1.0	430
k16_8f53b8f5	GATTCCATGTGATTCC	14.024670559107255	0.9998715801527126	12.375585669461381	1.0	226
k16_2834d3a0	AGGAATCATCATGGAA	14.022548761898525	0.9998774548980744	12.71955890184406	0.9860383944153578	3051
k16_0d340e8f	AATCATCAAATGGATT	14.016786213483662	0.9999988212051056	16.305189742958632	1.0	5218
k16_638f73d0	CGATGATTCTATTCAA	14.016700232239272	0.9999958717262789	14.496999585240923	0.9982547993019197	651
k16_3c8e38f5	ATTAGATGATGATTCC	14.013432942333793	1.0	14.820890137749691	1.0	881
k16_7402834d	CTCAAAAGGAATCATC	14.007659620799947	0.999983124071824	14.844781907510047	0.9912739965095986	3319
k16_4fe34e3d	CATTTGATCATGATTC	14.006552350155417	1.0	15.5709181824014	0.9982547993019197	2299
k16_43d4ce38	CAATTCCATATGATGA	14.004726879771692	1.0	15.815173655499501	0.9738219895287958	2945
k16_3dbe38f5	ATTCGTTGATGATTCC	14.004590184127931	0.9992426523591835	10.189273210704327	1.0	490
k16_3c4fe38e	ATTACATTTGATGATG	13.999326286132835	1.0	15.867104339555308	1.0	3112
k16_8344e834	GAATCACATGGAATCA	13.997020663438287	0.9999179462493231	12.807217137931522	0.9982547993019197	222
k16_37f83a0d	ATCTTTGAATGGAATC	13.9964027782083	0.9998756863151352	12.654439048938503	0.9982547993019197	2145
k16_43d4f430	CAATTCCATTCAATAA	13.993999631421884	0.9999860392286506	15.592616988402874	0.9982547993019197	12534
k16_0d03a0e3	AATCAAATGGAATGAT	13.99213248047015	0.9996024365096745	11.164131476203128	0.9965095986038395	6978
k16_0f8380d3	AATTGAATGAAATCAT	13.990002203604384	0.9992222720946711	10.202324385820724	0.9982547993019197	4260
k16_4f430e3d	CATTCAATAATGATTC	13.989555219104421	1.0	15.476275517656337	1.0	2117
k16_53d0e3f4	CCATTCAATGATTTCA	13.989422486715554	0.9994794947452177	10.765111507347063	1.0	3456
k16_340a834d	ATCAAAGGGAATCATC	13.987182802176736	0.9999961010149058	15.438679285695406	0.9982547993019197	2771
k16_34dc3a1d	ATCATCTAATGGACTC	13.983960107846597	0.9999965836143311	14.770058738583913	1.0	1082
k16_0f5338e3	AATTCCATATGATGAT	13.982008212955702	1.0	15.828083405151931	0.9738219895287958	3048
k16_40e8b4d8	CAAATGGAGTCATCGA	13.980149067597216	1.0	15.127464665797515	0.9825479930191972	1427
k16_34d13a0d	ATCATCACATGGAATC	13.978459179849517	0.9999969074476392	15.772975596569003	1.0	3830
k16_0e8b4d34	AATGGAGTCATCATCA	13.975078118050034	0.9997598150286341	11.846787188201766	1.0	4185
k16_34d0380d	ATCATCAAATGAAATC	13.972269039898189	0.9999974895943686	16.073850016217424	1.0	5017
k16_390d340e	ATGCAATCATCAAATG	13.970786587513714	0.9998616705585546	12.574055994947535	0.9982547993019197	3549
k16_602834f8	CGAAAGGAATCATTGA	13.970717359827521	1.0	14.442223821638521	0.9982547993019197	454
k16_0e8b4f83	AATGGAGTCATTGAAT	13.963597262922349	1.0	15.996262724146366	1.0	3631
k16_0e434f83	AATGCAATCATTGAAT	13.962532387322382	1.0	15.828626611959708	1.0	3107
k16_0d34dc3a	AATCATCATCTAATGG	13.960524100817633	1.0	14.704121233527179	1.0	792
k16_390d3e0e	ATGCAATCATTGAATG	13.958336683102079	1.0	15.82375682556527	1.0	3105
k16_3cbf53e8	ATTAGTTTCCATTGGA	13.95409007783411	1.0	15.346165252697608	0.9912739965095986	1908
k16_3a0d3ef8	ATGGAATCATTGTTGA	13.95340672431385	0.9998835596550418	12.814005469538612	0.9947643979057592	4167
k16_0d8fa0d3	AATCGATTGGAATCAT	13.950754418663525	0.9995548844389853	10.878998708385012	1.0	225
k16_0d3cf83a	AATCATTATTGAATGG	13.945898770006549	1.0	15.485548640668803	1.0	2240
k16_e834d060	TGGAATCATCAACGAA	13.944304956372495	0.9998121124819941	11.983057750718338	1.0	470
k16_0e834d06	AATGGAATCATCAACG	13.941455417498126	0.9998129917956144	11.989826375356756	1.0	481
k16_e834dfe0	TGGAATCATCTTTGAA	13.93909848042862	1.0	15.884516348803551	0.9982547993019197	3349
k16_03a0d23a	AAATGGAATCAGATGG	13.929491120547187	0.9992103113594243	10.164097025192486	1.0	2067
k16_3d0638f5	ATTCAACGATGATTCC	13.926931231996118	0.9996005696224515	11.05577565895192	0.9982547993019197	672
k16_3d4f408e	ATTCCATTCAAAGATG	13.924696365126726	1.0	15.384428712441956	0.9982547993019197	2056
k16_3a0d3418	ATGGAATCATCAACGA	13.922908549408092	0.9998090734186139	11.959905676632753	1.0	468
k16_d34f8320	TCATCATTGAATAGAA	13.918342196993892	0.9993655636819143	10.489983311041348	1.0	4290
k16_38f53dba	ATGATTCCATTCGTGG	13.917880859553636	1.0	14.110760478741263	0.9895287958115183	168
k16_03a0d04d	AAATGGAATCAACATC	13.917289088976583	0.9997515636125212	11.747516496902293	1.0	1977
k16_8342e834	GAATCAAGTGGAATCA	13.917182560088838	0.9991349273674474	10.036822212074823	1.0	2192
k16_834d83e1	GAATCATCGAATTGAC	13.916948069039352	1.0	14.437232052769511	1.0	510
k16_0d360f87	AATCATCGAATTGACT	13.91388598680826	1.0	14.419536062400095	1.0	493
k16_0e834d0f	AATGGAATCATCAATT	13.91177786500991	1.0	16.002406367260015	0.9947643979057592	3828
k16_e834f3e0	TGGAATCATTATTGAA	13.908974927948663	1.0	15.194727823309755	1.0	1689
k16_0d34383a	AATCATCAATGAATGG	13.908127009806842	0.9994672460489895	10.702323554701913	1.0	1554
k16_9460e834	GCCACGAATGGAATCA	13.906639733955597	1.0	14.096291779657395	0.9895287958115183	165
k16_4f418e3d	CATTCAACGATGATTC	13.905436131977146	0.9996017836591268	11.0587919151711	0.9982547993019197	685
k16_0e434d03	AATGCAATCATCAAAT	13.903765424927451	0.9998620716833165	12.578246082578735	1.0	3788
k16_183a0d37	ACGAATGGAATCATCT	13.893099588566177	0.999505066774042	10.77424924719682	0.9982547993019197	782
k16_402834d8	CAAAAGGAATCATCGA	13.890619126394066	1.0	14.349669097310322	0.9965095986038395	440
k16_e834dbe0	TGGAATCATCGTTGAA	13.890347079340895	0.9995941558441559	11.035455297953995	0.9982547993019197	730
k16_02a0d360	AAAGGGAATCATCGAA	13.888278437828616	1.0	14.518992661440185	0.9825479930191972	644
k16_8f53dba5	GATTCCATTCGTGGCC	13.884819770955039	1.0	14.065829485346537	0.987783595113438	157
k16_4db60e80	CATCGTCGAATGGAAA	13.884298321335702	1.0	14.401152362964226	0.9895287958115183	506
k16_4d0380d0	CATCAAATGAAATCAA	13.884139563826928	0.9999966118463405	15.641275891882842	1.0	3702
k16_20d360e9	AGAATCATCGAATGGC	13.875397715194367	1.0	14.055323488911572	0.9947643979057592	156
k16_d34783a0	TCATCACTGAATGGAA	13.871852487690209	0.9999421845565315	13.526988996409598	1.0	2284
k16_f80d34d0	TTGAAATCATCATCAA	13.870346589374059	1.0	16.51361696174141	0.9895287958115183	6163
k16_3d2e38f5	ATTCAGTGATGATTCC	13.870297244149361	0.9996058790855473	11.134200217604588	1.0	2443
k16_a0e360e8	GGAATGATCGAATGGA	13.869231100112998	1.0	14.452361177482011	0.9982547993019197	585
k16_81a0d360	GAACGGAATCATCGAA	13.869082044609057	1.0	14.429068629316605	1.0	557
k16_344fa3f4	ATCACATTGGATTTCA	13.868245455917018	1.0	15.095387457626986	0.9895287958115183	1575
k16_0d02a0d3	AATCAAAGGGAATCAT	13.86591378716747	0.9999963358353471	15.528292337225304	1.0	3392
k16_38f53d8c	ATGATTCCATTCGATA	13.8616864929975	0.9994181710471335	10.53354505810165	1.0	411
k16_e834d370	TGGAATCATCATCTAA	13.861266662926433	1.0	14.324777737199467	1.0	445
k16_3ae3d4f4	ATGGTGATTCCATTCA	13.861223877137611	0.9996887217850077	11.489462756119654	0.9930191972076788	4648
k16_0e834d02	AATGGAATCATCAAAG	13.858515186796957	0.9999879682843976	14.941928363344939	0.9947643979057592	3019
k16_53d8d3d4	CCATTCGATCATTCCA	13.858435822910748	1.0	14.437460269412687	0.9982547993019197	580
k16_34d0e0e8	ATCATCAATGAATGGA	13.856103618475707	0.9994565516062258	10.673257430387	1.0	1583
k16_3f8638f5	ATTTGACGATGATTCC	13.84241175046604	0.9998975760850755	12.770006600957718	0.9982547993019197	1233
k16_0d34783a	AATCATCACTGAATGG	13.84104510171432	0.9996028235204582	11.121372037308838	1.0	2403
k16_34d3e0c8	ATCATCATTGAATAGA	13.828575612506576	0.9993533289061979	10.463442183328974	1.0	4743
k16_638f57f8	CGATGATTCCCTTTGA	13.818291076539582	1.0	14.520207686904289	0.987783595113438	736
k16_58390d34	CCGAATGCAATCATCA	13.817545044248012	1.0	15.309952188414192	0.9895287958115183	2130
k16_34e340e8	ATCATGATCAAATGGA	13.817424941319814	1.0	15.499774748710928	0.9982547993019197	2595
k16_40a834d8	CAAAGGGAATCATCGA	13.812605626995136	1.0	14.514522237359845	0.9825479930191972	736
k16_380d340e	ATGAAATCATCAAATG	13.811138235124636	0.9996338046372595	11.256250168814196	0.9912739965095986	4068
k16_0d360e94	AATCATCGAATGGCCA	13.808493409869877	1.0	13.962157247896714	0.9808027923211169	132
k16_02834d3e	AAAGGAATCATCATTG	13.806968403134704	0.9999917242863231	15.481812024266883	1.0	5144
k16_3f8e38f9	ATTTGATGATGATTGC	13.793926824795658	1.0	15.128715735584864	1.0	1788
k16_38f53f83	ATGATTCCATTTGAAT	13.793573315179104	1.0	16.201827991000172	0.9982547993019197	5060
k16_380d34d0	ATGAAATCATCATCAA	13.791781857424247	1.0	16.19772061423867	1.0	5050
k16_3d0e3cf5	ATTCAATGATTATTCC	13.790216541820046	0.9999965060131514	14.737656348463002	1.0	1349
k16_80a0d3e0	GAAAGGAATCATTGAA	13.78750152951207	1.0	14.791505153249474	1.0	1181
k16_f34d03a0	TTATCATCAAATGGAA	13.784618900814785	1.0	16.186612043098215	1.0	5033
k16_638e3d4d	CGATGATGATTCCATC	13.784147586697356	1.0	14.318070370517036	0.9982547993019197	526
k16_3d0b53f8	ATTCAAGTCCATTTGA	13.781959074541698	0.9999912686505262	15.404491481968345	1.0	4919
k16_34d83a51	ATCATCGAATGGCCAC	13.780485671614155	1.0	13.9396603088268	0.987783595113438	137
k16_34d83a05	ATCATCGAATGGAACC	13.777168601910846	0.9999718887920614	13.555832123891255	1.0	408
k16_43b8d34d	CAATGTGATCATCATC	13.77670159051863	1.0	14.59325449340185	0.9895287958115183	894
k16_13e8fd3d	ACATTGGATTTCATTC	13.775680834337086	1.0	15.130299438531804	0.9930191972076788	1829
k16_340e8345	ATCAAATGGAATCACC	13.775174267875089	1.0	14.211709426248783	0.9982547993019197	415
k16_4f438f3d	CATTCAATGATTATTC	13.771565403310928	0.9999573592589039	13.624388920183609	1.0	1339
k16_73d8e3d4	CTATTCGATGATTCCA	13.766831837373497	0.9994403967696629	10.581448665560934	1.0	458
k16_1d03a0c3	ACTCAAATGGAATAAT	13.766663709574813	0.9999850148427982	15.016214704407073	1.0	4806
k16_e834d120	TGGAATCATCACAGAA	13.766551117731204	0.9995560664314875	10.990043358798967	0.9982547993019197	4476
k16_360e84e0	ATCGAATGGACATGAA	13.761655527264123	0.999981230878958	13.62827321673544	1.0	263
k16_3a0d1e0e	ATGGAATCACTGAATG	13.759476076806015	0.99951626403073	10.869569199649344	1.0	4483
k16_4d83a518	CATCGAATGGCCACGA	13.757166021310647	1.0	13.916340658523293	0.987783595113438	137
k16_834d3e0c	GAATCATCATTGAATA	13.756645090035054	0.999394363798096	10.558204831619909	1.0	5497
k16_6e94f638	CGTGGCCATTCGATGA	13.755758716883834	1.0	13.916032992414232	0.987783595113438	138
k16_d02a0d34	TCAAAGGGAATCATCA	13.75439899482282	0.9999874972129204	14.886521388357302	0.9965095986038395	3163
k16_00a0d34d	AAAAGGAATCATCATC	13.747405378873072	0.9994628558379047	10.722036674461538	0.9982547993019197	4470
k16_3d4f63ae	ATTCCATTCGATGGTG	13.745658656305926	1.0	14.334517058529721	1.0	592
k16_0fd3f8e3	AATTTCATTTGATGAT	13.745484958205852	1.0	15.871157137904813	0.9965095986038395	3951
k16_4d0ba0d8	CATCAAGTGGAATCGA	13.742827292523513	1.0	14.08076475513391	1.0	310
k16_d38d03a0	TCATGATCAAATGGAA	13.740445306413399	1.0	15.52224218517369	0.9982547993019197	2864
k16_03a2d360	AAATGGAGTCATCGAA	13.738127785264863	1.0	15.068527113029779	0.9825479930191972	1779
k16_0c353a15	AATAATCCATGGACCC	13.730014157349569	1.0	14.740739449765181	0.987783595113438	1192
k16_3d0e38f4	ATTCAATGATGATTCA	13.72655676025717	1.0	16.03245435318165	0.9982547993019197	4633
k16_94f638f5	GCCATTCGATGATTCC	13.724038587132076	1.0	13.97277936944523	0.9982547993019197	221
k16_3a0cb438	ATGGAATAGTCAATGA	13.722906828375137	1.0	14.361532872672125	0.9895287958115183	654
k16_0e3d4f42	AATGATTCCATTCAAG	13.717467292324017	0.999321694943996	10.369106374265153	1.0	1995
k16_0e3d4f6e	AATGATTCCATTCGTG	13.715173870440402	0.9995525781174422	10.861848023846388	1.0	361
k16_4f8380d8	CATTGAATGAAATCGA	13.711921479405667	0.9994762088548271	10.668530573767608	1.0	513
k16_438f53dc	CAATGATTCCATTCTA	13.703446613978823	1.0	14.678997115060799	1.0	1135
k16_14d03a0d	ACCATCAAATGGAATC	13.689580261675902	0.9999244387937803	13.124108970905915	0.9982547993019197	1703
k16_340e034d	ATCAAATGAAATCATC	13.688544291946098	0.9996687780883966	11.404171711280249	1.0	5507
k16_3f8e30f5	ATTTGATGATAATTCC	13.685979490862177	1.0	16.214714024500687	1.0	5603
k16_834e83a1	GAATCATGGAATGGAC	13.68544258789543	1.0	14.866196354934678	1.0	1488
k16_4d0380f8	CATCAAATGAAATTGA	13.680651314579286	0.9993431269072438	10.438555411821433	0.9965095986038395	4788
k16_8e834d34	GATGGAATCATCATCA	13.679141455983274	1.0	15.621686047307088	1.0	3340
k16_30d03a0d	ATAATCAAATGGAATC	13.673861929717049	0.9999929346846926	14.581040887462983	1.0	1531
k16_8380f8f8	GAATGAAATTGATTGA	13.673707672983923	0.9999745750502143	14.18053398795617	0.9895287958115183	2209
k16_34d360f8	ATCATCATCGAATTGA	13.668841774449765	0.9999514093318378	13.43594030397122	1.0	1194
k16_4f4ed4f6	CATTCATGTCCATTCG	13.667847368154803	0.9999800944848453	13.543469597254317	1.0	272
k16_0e834d43	AATGGAATCATCCAAT	13.667044068055695	0.9999775126125481	15.07074611666099	1.0	17187
k16_380d3e0e	ATGAAATCATTGAATG	13.666523900925293	0.999486686652541	10.785069514204938	1.0	4680
k16_34f80a0d	ATCATTGAAAGGAATC	13.66607695423813	0.9999349225578439	13.062054920781915	1.0	745
k16_d34383a0	TCATCAATGAATGGAA	13.664011706134652	0.9999814854815318	14.320119011022728	1.0	1944
k16_3d3b53d8	ATTCATGTCCATTCGA	13.660387318140263	0.9999799774412504	13.535011813735732	1.0	271
k16_0d8e3d4f	AATCGATGATTCCATT	13.659369485239548	1.0	14.12377112721394	1.0	446
k16_4f408e3d	CATTCAAAGATGATTC	13.657077070250024	1.0	15.375335731719384	0.9982547993019197	2690
k16_0e834dbe	AATGGAATCATCGTTG	13.65371290236831	0.9997182577765256	11.564730042202838	0.9982547993019197	2127
k16_e30f53d0	TGATAATTCCATTCAA	13.650121598772879	0.999566826485184	11.022632387645702	0.9982547993019197	4722
k16_34d1e0e8	ATCATCACTGAATGGA	13.648808308766176	0.9996017211336723	11.117799653267785	1.0	2926
k16_3a0f34d0	ATGGAATTATCATCAA	13.648133482160494	1.0	16.228099732139615	0.9982547993019197	5848
k16_0e83cd34	AATGGAATTATCATCA	13.636084048835826	1.0	16.237866566956505	1.0	5955
k16_43f4fe38	CAATTTCATTTGATGA	13.635573942748945	0.9992625975894817	10.271604344399918	0.9965095986038395	4305
k16_3a0d363e	ATGGAATCATCGATTG	13.626047193230388	1.0	14.101092987014718	1.0	458
k16_34d83acd	ATCATCGAATGGTATC	13.624016175976596	1.0	14.158787118820964	0.9982547993019197	527
k16_38d83a1d	ATGATCGAATGGACTC	13.62226328702808	1.0	14.080419379525528	0.9930191972076788	439
k16_38f53f89	ATGATTCCATTTGAGC	13.61749038465458	1.0	15.39427724500928	0.9738219895287958	2850
k16_50d8e3d4	CCAATCGATGATTCCA	13.617285250330317	1.0	14.08435530169688	0.9965095986038395	449
k16_d34d0ba0	TCATCATCAAGTGGAA	13.611470477814537	1.0	16.23574074724439	1.0	6067
k16_20e834f8	AGAATGGAATCATTGA	13.610446470117086	1.0	14.682636511248495	1.0	1295
k16_34183a1d	ATCAACGAATGGACTC	13.609903158548464	1.0	13.829402064999256	0.9982547993019197	193
k16_4183a1d8	CAACGAATGGACTCGA	13.609509599916807	1.0	13.770882676246643	0.9982547993019197	139
k16_a0d363e8	GGAATCATCGATTGGA	13.607963181484386	1.0	14.075033232850949	0.9965095986038395	449
k16_4f63ae3d	CATTCGATGGTGATTC	13.602843125708755	0.9991344766789549	10.005327183611152	1.0	1016
k16_34d23a0d	ATCATCAGATGGAATC	13.601852553625749	1.0	14.698373170805352	0.9982547993019197	1337
k16_3ce3d4f6	ATTATGATTCCATTCG	13.599603719777537	0.9999820577381985	13.693269993256532	1.0	508
k16_0350ee34	AAATCCAATGTGATCA	13.599185074296987	1.0	15.108519480632756	0.9895287958115183	2169
k16_3a0df4d8	ATGGAATCTTCATCGA	13.595812005392522	1.0	14.070857799176855	0.9982547993019197	458
k16_60e83450	CGAATGGAATCACCAA	13.594123416539476	1.0	13.96568107877652	1.0	345
k16_d83a0d30	TCGAATGGAATCATAA	13.590109935628789	0.9999734058467246	13.422812237020814	1.0	349
k16_830d4e85	GAATAATCCATGGACC	13.589458628720047	1.0	14.716107869999904	0.987783595113438	1390
k16_34383a0d	ATCAATGAATGGAATC	13.583198943244406	0.9999868146937053	14.434964126264907	1.0	1913
k16_3a0d3450	ATGGAATCATCACCAA	13.58215037383925	0.9995453366950863	10.948721312666	1.0	4244
k16_c3a0d340	TAATGGAATCATCAAA	13.581214560638184	0.99994224054987	13.677994563690886	1.0	5530
k16_40e8460e	CAAATGGACACGAATG	13.580621357407374	0.9995294794212597	10.784963874801747	0.9965095986038395	385
k16_434d3e0e	CAATCATCATTGAATG	13.577648699197189	1.0	14.164872756750178	1.0	590
k16_3823d4f6	ATGAAGATTCCATTCG	13.575862195097844	0.9996921008149903	11.325353066548791	1.0	453
k16_0e814d03	AATGGAACCATCAAAT	13.574855139665322	0.9999251316706054	13.13739973158051	0.9808027923211169	1970
k16_3a05340e	ATGGAACCATCAAATG	13.563276060167533	0.9999140925559332	12.938962729253188	0.9808027923211169	1588
k16_53d8f3d4	CCATTCGATTATTCCA	13.563155196917256	0.9999941379229489	13.991147302672902	1.0	586
k16_390d34f8	ATGCAATCATCATTGA	13.562511156641484	1.0	14.484609961303718	1.0	1051
k16_62d4f6f8	CGAGTCCATTCGTTGA	13.562117473918308	1.0	13.726781940269914	0.9982547993019197	142
k16_363e834d	ATCGATTGGAATCATC	13.555433812803058	0.9994104301620944	10.473332245302908	0.9982547993019197	215
k16_0d360283	AATCATCGAAAGGAAT	13.553517487779365	1.0	13.799153411755686	0.9982547993019197	218
k16_3a0d3478	ATGGAATCATCACTGA	13.550951820804931	0.999604804285678	11.13026975961395	1.0	3327
k16_0e834f03	AATGGAATCATTAAAT	13.54797851188083	0.999989755281618	15.627446434731405	0.9982547993019197	10023
k16_0d370e87	AATCATCTAATGGACT	13.546050874087676	1.0	15.003995756556838	1.0	2052
k16_40e834dc	CAAATGGAATCATCTA	13.54252242411611	1.0	15.15669095786858	1.0	2421
k16_d14f83a0	TCACCATTGAATGGAA	13.541688643568513	1.0	13.86104163298293	0.9982547993019197	291
k16_3d4f43ae	ATTCCATTCAATGGTG	13.54125092354855	0.9999928549483056	13.705630336978825	0.9965095986038395	292
k16_0d360e80	AATCATCGAATGGAAA	13.540638885908516	1.0	13.912196548145559	1.0	345
k16_e83cd340	TGGAATTATCATCAAA	13.53455310561944	1.0	16.223114190317826	1.0	6397
k16_0e38f5fd	AATGATGATTCCTTTC	13.524366890337337	0.9999909952635087	15.360012293802587	1.0	5889
k16_34f83a15	ATCATTGAATGGACCC	13.52375537205724	1.0	13.966630176746788	0.9982547993019197	422
k16_cb4381d8	TAGTCAATGAACTCGA	13.52008290146546	1.0	14.26294620135004	0.9895287958115183	791
k16_a0c360e8	GGAATAATCGAATGGA	13.517310821574304	0.9999929094609064	13.716678805681825	1.0	328
k16_0e834783	AATGGAATCACTGAAT	13.51552654100699	0.9995320615323591	10.91722485331428	1.0	5706
k16_83a01340	GAATGGAAACATCAAA	13.515286877298845	0.9999603698063216	13.81971157665871	0.9895287958115183	2594
k16_3438f53d	ATCAATGATTCCATTC	13.513092556769644	0.9999964603899942	14.71894066657118	0.9947643979057592	1844
k16_4dc380c8	CATCTAATGAAATAGA	13.510223989850548	1.0	14.412742583605926	0.9755671902268761	1021
k16_4f238e3d	CATTAGATGATGATTC	13.509557780042027	1.0	14.582331914771828	1.0	1296
k16_0e034d34	AATGAAATCATCATCA	13.50928640057048	1.0	16.130764795791716	0.9982547993019197	6053
k16_380f8f80	ATGAAATTGATTGAAA	13.508430429466767	0.9999750246977989	14.206276748937501	0.9895287958115183	2688
k16_a0d360c8	GGAATCATCGAATAGA	13.506804873752715	0.9992626861356079	10.183341186171532	1.0	309
k16_0e834d0e	AATGGAATCATCAATG	13.50677360930767	0.9993148132113048	10.340196137737697	1.0	1674
k16_0753d8e3	AACTCCATTCGATGAT	13.505682630134148	0.9999726643385795	13.38313850227548	0.9982547993019197	397
k16_14f83a0d	ACCATTGAATGGAATC	13.50069695965324	0.9994071878473508	10.467215668189136	0.9982547993019197	279
k16_3a0d3448	ATGGAATCATCACAGA	13.499299086788314	0.9995560512895051	10.990149806957602	0.9982547993019197	5650
k16_4e3d4f62	CATGATTCCATTCGAG	13.498201081064304	0.9999516688070481	13.063645101628698	1.0	389
k16_73f4f238	CTATTTCATTAGATGA	13.496592230050329	1.0	14.412193779955171	0.9755671902268761	1041
k16_a0d34d01	GGAATCATCATCAAAC	13.49605069351344	1.0	15.234329227813102	1.0	2744
k16_3a0d3438	ATGGAATCATCAATGA	13.494888999900729	0.9993274079365864	10.365110186882653	1.0	1671
k16_b34d83a0	GTATCATCGAATGGAA	13.490714452449538	1.0	13.604066677266827	1.0	96
k16_0d0e3d4f	AATCAATGATTCCATT	13.488946926499981	0.9999964558361746	14.717085842130505	0.9912739965095986	1891
k16_d37f83a0	TCATCTTTGAATGGAA	13.486924123249597	1.0	15.388630156599604	0.9982547993019197	3214
k16_34d83a4d	ATCATCGAATGGCATC	13.478698121314403	1.0	13.563378362974671	1.0	71
k16_80d43b8d	GAAATCCAATGTGATC	13.474445457295696	1.0	15.091420033267577	0.9895287958115183	2428
k16_4d83a138	CATCGAATGGACATGA	13.474085172418462	1.0	13.763597956285814	1.0	261
k16_0d34f832	AATCATCATTGAATAG	13.473160980142703	0.9993517031931881	10.459879667617027	1.0	6394
k16_13a0d34d	ACATGGAATCATCATC	13.471402055971913	1.0	13.668573904935036	0.9965095986038395	172
k16_cd03a0d0	TATCAAATGGAATCAA	13.469538649516402	0.9994385512782162	10.595510822178	0.9982547993019197	1217
k16_0d3e0e85	AATCATTGAATGGACC	13.468756524627148	1.0	13.885183757814097	0.9982547993019197	393
k16_8380d3e0	GAATGAAATCATTGAA	13.464389347369048	0.9994594032643725	10.710192486662688	0.9982547993019197	5200
k16_63d47e38	CGATTCCACTTGATGA	13.4632561348531	1.0	13.797300922154601	1.0	306
k16_3d0e38f9	ATTCAATGATGATTGC	13.46275191181561	1.0	14.175202087313059	1.0	750
k16_834d43a0	GAATCATCCAATGGAA	13.460205429177384	0.9997072440087146	11.367930698581892	1.0	453
k16_0e834d14	AATGGAATCATCACCA	13.458964424629823	0.99953090614262	10.903830554975176	1.0	4569
k16_a01340e8	GGAAACATCAAATGGA	13.4468671758125	1.0	15.280934056589473	0.9965095986038395	3013
k16_34d360ec	ATCATCATCGAATGTA	13.444535514348807	0.9996213900593857	11.047408828913525	1.0	423
k16_4d0380d8	CATCAAATGAAATCGA	13.43501974871573	0.9998708823576882	12.186771396391267	1.0	223
k16_38e3dcf4	ATGATGATTCTATTCA	13.424478749752613	1.0	14.29510553486377	0.9982547993019197	973
k16_4d03a2d8	CATCAAATGGAGTCGA	13.42103351652534	0.9999729409775072	13.397812524074613	1.0	509
k16_a0d360f8	GGAATCATCGAATTGA	13.419553569688828	1.0	13.669327821656534	0.9982547993019197	222
k16_0c34f83a	AATAATCATTGAATGG	13.41769908413363	0.9999574823906234	13.62856098976693	1.0	2047
k16_3f0e38f5	ATTTAATGATGATTCC	13.416701452714177	0.9997439585514079	11.498091228896222	1.0	342
k16_4d0320d8	CATCAAATAGAATCGA	13.416135858668346	1.0	14.018002790746888	1.0	608
k16_d01a0d34	TCAAACGGAATCATCA	13.413706015225516	1.0	14.042832654678739	1.0	642
k16_34d03a11	ATCATCAAATGGACAC	13.412377178014994	0.9995850355642055	10.964102529318447	0.9947643979057592	785
k16_183a0d3e	ACGAATGGAATCATTG	13.406438752388468	0.9994585537531737	10.58654725991403	0.9982547993019197	397
k16_3d4f638d	ATTCCATTCGATGATC	13.39326581723485	0.9999921685331663	13.573300557504194	1.0	308
k16_a0d36068	GGAATCATCGAACGGA	13.391617629360944	1.0	13.648605513830312	0.9982547993019197	229
k16_d34d03b0	TCATCATCAAATGTAA	13.389992653167623	1.0	15.880330545469922	1.0	5425
k16_0e034f83	AATGAAATCATTGAAT	13.388508812119587	0.9994881654669178	10.789108063780953	1.0	5922
k16_d34d83e0	TCATCATCGAATTGAA	13.372050452480371	0.9993311146809363	10.34276307262491	1.0	973
k16_834d8fa1	GAATCATCGATTGGAC	13.369819786726666	1.0	13.805447002899145	0.9895287958115183	414
k16_8340e034	GAATCAAATGAAATCA	13.369682652570498	0.9995012023692054	10.845305598340268	1.0	12966
k16_5bd8e3d4	CCGTTCGATGATTCCA	13.366515825327077	1.0	13.612151749303399	0.9982547993019197	218
k16_0d360e93	AATCATCGAATGGCAT	13.365057823128932	1.0	13.402643632904718	0.9982547993019197	31
k16_d34983a0	TCATCAGCGAATGGAA	13.364150446691555	1.0	13.506729131080224	1.0	122
k16_3d3e38f5	ATTCATTGATGATTCC	13.362443295305113	0.9993994154310195	10.529706484784471	1.0	2378
k16_08e3d4f4	AAGATGATTCCATTCA	13.360415942897395	0.9999624105113879	13.75199174551688	0.9965095986038395	2301
k16_60e834d2	CGAATGGAATCATCAG	13.356056236260095	0.999734862294104	11.429369556417466	1.0	263
k16_4d83a0d1	CATCGAATGGAATCAC	13.348519875705978	1.0	13.401580638150211	0.9965095986038395	44
k16_30d83a1d	ATAATCGAATGGACTC	13.345211294880892	1.0	13.73375899962723	1.0	363
k16_4d83a058	CATCGAATGGAACCGA	13.338417827428035	1.0	13.729777854555376	1.0	366
k16_34d340ec	ATCATCATCAAATGTA	13.331802673060787	0.9994934616094906	10.800843727759323	1.0	5710
k16_0f4f638e	AATTCATTCGATGATG	13.329890238206035	1.0	13.583790981439066	0.9982547993019197	226
k16_0c38f53d	AATAATGATTCCATTC	13.326073714745618	1.0	15.209251472822164	1.0	3158
k16_460e434d	CACGAATGCAATCATC	13.324631501495535	1.0	13.708479785174369	1.0	358
k16_608f53d8	CGAAGATTCCATTCGA	13.323256019738468	0.9999918614493131	13.517814927401025	1.0	323
k16_0e838d83	AATGGAATGATCGAAT	13.322644806576397	1.0	13.634100562191783	1.0	283
k16_0d34d83e	AATCATCATCGAATTG	13.321236826327086	0.9999516614367027	13.44344505909579	1.0	1855
k16_03a0d34f	AAATGGAATCATCATT	13.318477039088382	0.9992286434857266	10.21514295217769	1.0	7933
k16_4d03a118	CATCAAATGGACACGA	13.316228704095852	0.999552714464096	10.858054746008289	0.9947643979057592	796
k16_6bd4f638	CGGTTCCATTCGATGA	13.315024975495	1.0	13.70263401985801	1.0	362
k16_638c53d8	CGATGATACCATTCGA	13.3096305758708	1.0	13.408144501191467	1.0	83
k16_760e838d	CTCGAATGGAATGATC	13.306564693215169	0.9996658675331835	11.158974063951206	0.9965095986038395	301
k16_3fae38f5	ATTTGGTGATGATTCC	13.305296887864172	0.9993007457748575	10.327363470653232	1.0	3093
k16_6ed4fe38	CGTGTCCATTTGATGA	13.304217974635263	0.9995485185765794	10.8445789590298	0.9947643979057592	794
k16_63f4fe38	CGATTTCATTTGATGA	13.302178843463876	1.0	14.164045546823258	1.0	960
k16_d360f834	TCATCGAATTGAATCA	13.299818666075767	0.999975908839047	13.268146775211978	0.9895287958115183	368
k16_0e38f93d	AATGATGATTGCATTC	13.298299700044149	0.9999790720549149	13.471210293918647	0.9982547993019197	603
k16_4d83a1d4	CATCGAATGGACTCCA	13.29737909736801	0.9998358435589116	11.946209666355267	0.9982547993019197	337
k16_60eb34d8	CGAATGGTATCATCGA	13.296722159565995	1.0	13.386028383459623	1.0	75
k16_60e837d8	CGAATGGAATCTTCGA	13.292407031374822	1.0	13.644849191296608	1.0	325
k16_e832d0e0	TGGAATAGTCAATGAA	13.288183066402903	1.0	14.367366671457564	0.9895287958115183	1307
k16_0e837d36	AATGGAATCTTCATCG	13.287112151645118	1.0	14.107148190637167	0.9982547993019197	899
k16_0e0350ee	AATGAAATCCAATGTG	13.286835453821631	1.0	15.107750564333873	0.9895287958115183	2975
k16_0cb4381d	AATAGTCAATGAACTC	13.28607457287988	1.0	14.257245631653904	0.9895287958115183	1128
k16_638f5ff8	CGATGATTCCTTTTGA	13.272590620750847	1.0	14.38055457247705	0.9947643979057592	1357
k16_3a0e360e	ATGGAATGATCGAATG	13.27077215251466	1.0	13.590125141929077	1.0	291
k16_3d4de38e	ATTCCATCTGATGATG	13.27065627877884	1.0	14.49096078160873	0.9982547993019197	1562
k16_0c360e87	AATAATCGAATGGACT	13.26759918571589	1.0	13.63344874432997	1.0	339
k16_0e834d1e	AATGGAATCATCACTG	13.26742906755899	0.9996037520739292	11.12643224198721	1.0	4290
k16_7638e3d4	CTCGATGATGATTCCA	13.263747685725948	0.9993431174264032	10.31160528548047	0.9982547993019197	294
k16_d8e1d4f4	TCGATGACTCCATTCA	13.262936104318726	1.0	13.626877931906916	0.9965095986038395	337
k16_a0d360a8	GGAATCATCGAAGGGA	13.261830713688102	0.9998242677824267	11.86896552551605	0.9965095986038395	345
k16_30d83a0d	ATAATCGAATGGAATC	13.261682212691978	0.9995809932664883	10.911731105149682	1.0	555
k16_34f83a3d	ATCATTGAATGGATTC	13.25166633045268	1.0	13.420707668582631	1.0	146
k16_6394f638	CGATGCCATTCGATGA	13.246340139614764	1.0	13.30884209813097	0.9982547993019197	52
k16_53f8e3dc	CCATTTGATGATTCTA	13.24601216614152	0.9998641696521046	12.294641505006053	1.0	1097
k16_8f93dbb5	GATTGCATTCGTGTCC	13.243487535468418	1.0	13.602648969553597	0.9982547993019197	332
k16_0e834d01	AATGGAATCATCAAAC	13.242724342875972	1.0	15.042626269032574	1.0	2915
k16_8460e434	GACACGAATGCAATCA	13.238255198113647	1.0	13.601242213354444	0.9982547993019197	336
k16_e434d340	TGCAATCATCATCAAA	13.236639751800698	1.0	15.111803393155657	1.0	3134
k16_834d8321	GAATCATCGAATAGAC	13.224345019400253	1.0	13.449109348183475	0.9982547993019197	198
k16_360e4760	ATCGAATGCACTCGAA	13.221991577980356	0.9999251637043967	12.536744620146624	0.9982547993019197	223
k16_0e34d83a	AATGATCATCGAATGG	13.21889407356154	1.0	13.522409128306213	1.0	275
k16_4f62e4f6	CATTCGAGTGCATTCG	13.215330875658271	0.9998476843257651	11.948379325023348	0.9982547993019197	205
k16_38d360e8	ATGATCATCGAATGGA	13.2139688913122	1.0	13.518478927140002	1.0	276
k16_6314f638	CGATACCATTCGATGA	13.211046929269532	1.0	13.727042209710689	0.9930191972076788	505
k16_53f8efd4	CCATTTGATGTTTCCA	13.197344988435454	1.0	15.1153954139587	0.9930191972076788	3264
k16_8f53dfb5	GATTCCATTCTTGTCC	13.19462887107711	0.9999911320001773	15.007206152084843	0.9912739965095986	4835
k16_34f8380d	ATCATTGAATGAAATC	13.188101443471528	0.9992225776410091	10.09976185226753	1.0	477
k16_d83a0e34	TCGAATGGAATGATCA	13.187274122805904	0.9999412840342902	12.78285200365315	0.9982547993019197	422
k16_4f638d3d	CATTCGATGATCATTC	13.18427346059159	1.0	13.486792847572582	1.0	274
k16_82a0d34d	GAAGGGAATCATCATC	13.175381942625027	0.999175697626494	10.022332413229329	1.0	495
k16_4d8391d8	CATCGAATGCACTCGA	13.17442712057661	1.0	13.424201372544315	0.9982547993019197	222
k16_3e4f638e	ATTGCATTCGATGATG	13.17185424056294	0.9994729518910486	10.554000463915866	1.0	109
k16_e34d83a0	TGATCATCGAATGGAA	13.166333161487557	0.9999905867291707	13.30790617858961	0.9982547993019197	269
k16_62e4f638	CGAGTGCATTCGATGA	13.166081646933753	1.0	13.41792061989134	0.9982547993019197	224
k16_320d340e	ATAGAATCATCAAATG	13.165929291930382	0.9999147633439761	12.966945851580764	1.0	2652
k16_32d0e076	ATAGTCAATGAACTCG	13.158484376073924	1.0	14.239991655608216	0.9895287958115183	1311
k16_0e838d36	AATGGAATGATCATCG	13.149028438124104	1.0	13.447558268245865	0.9982547993019197	270
k16_3d8e34f5	ATTCGATGATCATTCC	13.14703406924131	1.0	13.450549123985983	1.0	275
k16_57d8e3d4	CCCTTCGATGATTCCA	13.141496756377805	0.9998064355568664	11.729516065890493	0.9895287958115183	325
k16_54f638f5	CCCATTCGATGATTCC	13.134201751998997	1.0	13.378801236521216	1.0	217
k16_1d83a0e3	ACTCGAATGGAATGAT	13.133095469682713	0.9995663977075635	10.81710097768053	0.9965095986038395	300
k16_a3d4f438	GGATTCCATTCAATGA	13.130876419581803	1.0	14.14647060282922	1.0	1200
k16_a0c340e8	GGAATAATCAAATGGA	13.127217570651354	1.0	13.646644833040508	1.0	509
k16_0e434d3e	AATGCAATCATCATTG	13.122461829610375	1.0	14.492845283265302	1.0	1862
k16_38e3d7f4	ATGATGATTCCTTTCA	13.120458628321787	1.0	16.30169766483509	1.0	9479
k16_830d83a1	GAATAATCGAATGGAC	13.118422171752876	1.0	13.39176416135159	1.0	245
k16_834dc380	GAATCATCTAATGAAA	13.114190981761903	1.0	14.513269606943522	0.9982547993019197	1923
k16_e838d360	TGGAATGATCATCGAA	13.113003331013498	1.0	13.40251611488085	0.9982547993019197	261
k16_0e834f3e	AATGGAATCATTATTG	13.111521797902165	1.0	15.222198107890762	1.0	3898
k16_3a0e34d8	ATGGAATGATCATCGA	13.104818643986647	1.0	13.394331427853999	0.9982547993019197	261
k16_0d360c83	AATCATCGAATAGAAT	13.09915187790965	0.9995296090642288	10.699570860731237	0.9982547993019197	217
k16_2d4f438c	AGTCCATTCAATGATA	13.098772834275143	1.0	13.501327647343453	0.9982547993019197	378
k16_83a0d344	GAATGGAATCATCACA	13.097998280911533	0.9995785417544705	11.067113353926187	0.9982547993019197	8759
k16_3d4f4f8e	ATTCCATTCATTGATG	13.091447206559387	0.9999812296458973	14.300320381394783	1.0	3400
k16_d340e034	TCATCAAATGAAATCA	13.08990938968202	0.9999965642822786	15.621163941617016	1.0	7165
k16_34f83a11	ATCATTGAATGGACAC	13.082830767745184	1.0	13.390321636194384	0.9982547993019197	279
k16_0e834d81	AATGGAATCATCGAAC	13.07888793142919	1.0	14.09326643158464	1.0	1198
k16_40e0340e	CAAATGAAATCAAATG	13.078118267431172	0.9993461985353426	10.441737741828481	1.0	6950
k16_d03a0c34	TCAAATGGAATAATCA	13.073470807630287	0.999682577064657	11.327996347344731	1.0	1655
k16_e834d140	TGGAATCATCACCAAA	13.072613386738773	0.9992685462810716	10.262369272876914	1.0	3619
k16_38e3d4ee	ATGATGATTCCATGTG	13.070999839117919	0.9996472636666567	11.119892380178557	0.9982547993019197	759
k16_00a0d360	AAAAGGAATCATCGAA	13.06125404513979	1.0	14.358548673229711	0.9982547993019197	1712
k16_1d8e38f5	ACTCGATGATGATTCC	13.057415586853296	0.9993315618346564	10.295657667966557	0.9982547993019197	600
k16_0e434d34	AATGCAATCATCATCA	13.056306081727598	1.0	15.355231079106034	1.0	4605
k16_0e804d03	AATGGAAACATCAAAT	13.053667383312236	1.0	15.25687575190498	0.9947643979057592	4234
k16_0d34e03a	AATCATCATGAAATGG	13.0508100129262	1.0	14.039419636120874	1.0	1156
k16_7d83a0d8	CTTCGAATGGAATCGA	13.047603000114522	1.0	13.425791697253	1.0	352
k16_3a01340e	ATGGAAACATCAAATG	13.045726765772146	1.0	15.131154770886665	0.9947643979057592	3810
k16_38e3d6fe	ATGATGATTCCGTTTG	13.04571424911754	1.0	13.604867374498863	1.0	556
k16_3d4f63ce	ATTCCATTCGATTATG	13.045675249501919	0.9997998688028819	11.612306645265951	1.0	154
k16_0d34f03a	AATCATCATTAAATGG	13.042478542460413	1.0	13.688188316731944	1.0	663
k16_8340e434	GAATCAAATGCAATCA	13.040744436797832	0.9995538137767432	10.830661413289555	0.9982547993019197	818
k16_34d380e8	ATCATCATGAAATGGA	13.036993770688754	1.0	14.709743425250263	1.0	2570
k16_d30d83a0	TCATAATCGAATGGAA	13.035124415418366	1.0	13.251454819418198	1.0	190
k16_3a0d34dc	ATGGAATCATCATCTA	13.034129989956824	1.0	14.365993996549395	1.0	1782
k16_0d34d00a	AATCATCATCAAAAGG	13.03290434043297	0.9992944918547689	10.296134208465704	1.0	2562
k16_38e1e4f6	ATGATGACTGCATTCG	13.029319095909669	1.0	13.31883187977702	1.0	261
k16_63dcfe38	CGATTCTATTTGATGA	13.02286716057848	1.0	13.591990159076348	0.9982547993019197	568
k16_4f83a0d4	CATTGAATGGAATCCA	13.009748060326325	0.9999390195564283	12.991398316917111	1.0	1309
k16_a0cb4381	GGAATAGTCAATGAAC	13.009474345933912	1.0	14.269300481905393	0.9895287958115183	1638
k16_83a0df4d	GAATGGAATCTTCATC	13.008187507241667	0.999763946430292	11.708780594251168	0.9982547993019197	1972
k16_390d34d0	ATGCAATCATCATCAA	13.007347320698472	1.0	15.116600846648874	1.0	3893
k16_38e3d4c6	ATGATGATTCCATACG	13.000675767127847	1.0	13.334720554429348	0.9965095986038395	306
k16_118390d3	ACACGAATGCAATCAT	12.998630704729878	1.0	13.706575909284888	0.9982547993019197	744
k16_3a0d3606	ATGGAATCATCGAACG	12.99565266546257	1.0	13.688478885297416	0.9982547993019197	724
k16_834d83a4	GAATCATCGAATGGCA	12.99520655319931	1.0	13.077568229394883	0.9982547993019197	69
k16_0d34d83b	AATCATCATCGAATGT	12.994048629946038	0.9996063640202401	10.994905093289919	1.0	964
k16_34d83a5d	ATCATCGAATGGCCTC	12.993749613832263	1.0	13.20796381025613	1.0	188
k16_034d3e0e	AAATCATCATTGAATG	12.990960327408068	1.0	13.308343057395277	1.0	289
k16_7d83a1d8	CTTCGAATGGACTCGA	12.988719948970097	1.0	13.357426382447725	0.9965095986038395	342
k16_3d0f638e	ATTCAATTCGATGATG	12.987108663793167	0.9992242612300308	10.102891738946523	0.9982547993019197	728
k16_0e834d38	AATGGAATCATCATGA	12.986743087005713	0.9993155500799562	10.299059687942753	0.9982547993019197	1297
k16_3f8eb8f5	ATTTGATGGTGATTCC	12.985186389198972	1.0	13.684079229186146	0.9982547993019197	732
k16_38ebd4f6	ATGATGGTTCCATTCG	12.985105264321161	1.0	13.217209047840424	1.0	205
k16_63d4f608	CGATTCCATTCGAAGA	12.9838917104271	1.0	13.35449958904498	1.0	344
k16_e8345340	TGGAATCACCATCAAA	12.982485722908327	1.0	13.672269039331296	1.0	720
k16_62d4f608	CGAGTCCATTCGAAGA	12.977062919118177	1.0	13.330466893473977	0.9965095986038395	326
k16_3e0e834e	ATTGAATGGAATCATG	12.97090807606654	0.9993890036118394	10.421803865268286	1.0	836
k16_0da3a0d3	AATCGGATGGAATCAT	12.96741952258325	0.9999034324402623	12.255244887591404	0.9965095986038395	279
k16_38e3e4fe	ATGATGATTGCATTTG	12.96677874763395	0.9996627818033771	11.152040941421983	0.9982547993019197	722
k16_0d30d03a	AATCATAATCAAATGG	12.965796553595009	1.0	14.83155377651488	1.0	3106
k16_00d360e8	AAAATCATCGAATGGA	12.965756051384897	1.0	13.19681362461332	0.9982547993019197	204
k16_b60e8060	GTCGAATGGAAACGAA	12.960977963114068	0.9998788921049763	12.001518770542216	0.9842931937172775	119
k16_8320d340	GAATAGAATCATCAAA	12.951003936214224	0.9994474532618524	10.617782445825599	1.0	2278
k16_0e834534	AATGGAATCACCATCA	12.948416243242452	1.0	13.675040057623587	1.0	769
k16_4fe3ae3d	CATTTGATGGTGATTC	12.93819213119152	1.0	13.715865022745428	0.9982547993019197	839
k16_d360c834	TCATCGAATAGAATCA	12.930733904737236	1.0	13.156549015834996	1.0	199
k16_3d8f38f5	ATTCGATTATGATTCC	12.926723490519901	1.0	13.15358861915525	1.0	200
k16_340e0340	ATCAAATGAAATCAAA	12.92665872552113	0.9993790716954027	10.516391093475237	1.0	8379
k16_d8f3d4f4	TCGATTATTCCATTCA	12.925605947429634	1.0	13.199963939249049	0.9895287958115183	246
k16_63cf53d0	CGATTATTCCATTCAA	12.924135568066992	1.0	13.203562865996801	0.9895287958115183	251
k16_0d0380d3	AATCAAATGAAATCAT	12.922668365136627	0.9996665270070372	11.394396782644934	1.0	10110
k16_b4d3e0e8	GTCATCATTGAATGGA	12.919688680984315	0.9999817478279915	13.211858320143191	1.0	592
k16_37d03a02	ATCTTCAAATGGAAAG	12.917349741295762	1.0	15.1023043047823	0.9895287958115183	4166
k16_0d3e0e84	AATCATTGAATGGACA	12.913243756063103	1.0	13.497193559405517	1.0	586
k16_34d0320d	ATCATCAAATAGAATC	12.909168817826027	1.0	13.908878652746772	1.0	1174
k16_63d7f438	CGATTCCTTTCAATGA	12.906544608132071	0.9998727984344423	12.09514314700859	1.0	488
k16_0e834d37	AATGGAATCATCATCT	12.903520489344974	1.0	14.606391148125928	1.0	2649
k16_0134d03a	AAACATCATCAAATGG	12.896939982944966	0.999360410548306	10.434526424950972	0.9982547993019197	3150
k16_3f8fd3f8	ATTTGATTTCATTTGA	12.894653546958258	0.9993433718923915	10.435509867359256	1.0	8012
k16_0d360e97	AATCATCGAATGGCCT	12.891458719023841	1.0	13.105672915447709	0.9965095986038395	188
k16_4d8320d0	CATCGAATAGAATCAA	12.887426894698116	0.9999518837511427	12.567439105219675	1.0	196
k16_0d34f80a	AATCATCATTGAAAGG	12.88625433281621	0.9999006910249514	12.404679631986674	1.0	819
k16_38d3d4f6	ATGATCATTCCATTCG	12.879874219069896	0.9999647685735676	13.017075284931371	0.9982547993019197	707
k16_38f3d4fe	ATGATTATTCCATTTG	12.87726242214576	0.9996632078648983	11.245357036058124	1.0	1930
k16_04d340e8	AACATCATCAAATGGA	12.859205572043402	0.9993572849281415	10.427489005195866	0.9982547993019197	3243
k16_3b0d360e	ATGTAATCATCGAATG	12.858724761603694	0.9999869274210417	12.834174760458628	0.9982547993019197	112
k16_0d3d0e87	AATCATTCAATGGACT	12.85216515835961	1.0	13.47651853619916	0.9982547993019197	636
k16_3d3d8e38	ATTCATTCGATGATGA	12.847206519884422	0.9997386023941339	11.506600553261185	1.0	1354
k16_353f8e3d	ATCCATTTGATGATTC	12.844636256956766	1.0	14.6364012781183	1.0	2892
k16_0ec34d83	AATGTAATCATCGAAT	12.840234379770425	0.9999868202546327	12.822397345833815	0.9982547993019197	118
k16_01a0d34d	AAACGGAATCATCATC	12.838791357805716	1.0	13.409569323951171	0.9982547993019197	570
k16_2d34f83a	AGTCATCATTGAATGG	12.835884556001018	0.9999805570407816	13.120685019751567	0.9965095986038395	583
k16_34d83e0d	ATCATCGAATTGAATC	12.835593785745438	0.9998095141340513	11.592115996385322	0.9982547993019197	171
k16_638753d0	CGATGACTCCATTCAA	12.834478578480322	1.0	13.627120482370394	0.9965095986038395	860
k16_34f83a2d	ATCATTGAATGGAGTC	12.831900734003879	1.0	13.815549382052358	1.0	1148
k16_0a834d03	AAGGGAATCATCAAAT	12.831880667101144	1.0	12.973346137099782	0.9947643979057592	121
k16_d360e8f4	TCATCGAATGGATTCA	12.827446266162191	1.0	12.892298901358444	1.0	54
k16_0e034d03	AATGAAATCATCAAAT	12.825825787195066	0.9996351000572229	11.26111466770866	0.9912739965095986	9194
k16_4fd38e3d	CATTTCATGATGATTC	12.824769189807391	1.0	14.43532191682055	0.9982547993019197	2412
k16_4f63823d	CATTCGATGAAGATTC	12.824266018417045	1.0	13.000935075142584	1.0	153
k16_753d0e38	CTCCATTCAATGATGA	12.81862879149293	1.0	13.521300355242703	0.9930191972076788	737
k16_e38f5fd0	TGATGATTCCTTTCAA	12.81065429621423	0.9997774389260146	11.984706552736702	1.0	19834
k16_53d8e3c4	CCATTCGATGATTACA	12.80628879984419	0.9999864645370872	12.783979926887007	0.9982547993019197	114
k16_34d34028	ATCATCATCAAAAGGA	12.805612027255323	0.9992979282934897	10.303183256502022	1.0	3221
k16_a0d3e0e0	GGAATCATTGAATGAA	12.79955625829383	1.0	12.890016663776251	1.0	76
k16_4d03a3f8	CATCAAATGGATTTGA	12.799330533045238	0.9999442688067445	13.183832190824733	0.9965095986038395	2284
k16_4fc38e3d	CATTTAATGATGATTC	12.790428044282207	0.9997412717255654	11.483028076373538	1.0	1142
k16_0e8f4d83	AATGGATTCATCGAAT	12.788393778209672	1.0	13.556721697600295	0.9965095986038395	826
k16_a2d340e8	GGAGTCATCAAATGGA	12.787876068330341	1.0	13.375917529650385	0.9947643979057592	591
k16_d30d03a0	TCATAATCAAATGGAA	12.786269574106571	1.0	14.83000059995289	1.0	3668
k16_2f4f873d	AGTTCATTGACTATTC	12.786080345356488	1.0	14.254273037712087	0.9895287958115183	2075
k16_0380d03a	AAATGAAATCAAATGG	12.781955353082944	0.999383413340896	10.527985628958543	1.0	9950
k16_3d0238f5	ATTCAAAGATGATTCC	12.779640240830094	1.0	15.405901403473086	0.9982547993019197	6077
k16_0e03e3e0	AATGAAATTGATTGAA	12.776346803606378	0.9999750510068305	14.207797285993783	0.9895287958115183	5248
k16_3f8e3875	ATTTGATGATGACTCC	12.775291604369533	1.0	14.30519055481703	1.0	2217
k16_34ce834d	ATCATATGGAATCATC	12.771003733506035	1.0	13.529199677304728	0.9982547993019197	812
k16_a0d340ec	GGAATCATCAAATGTA	12.770911477855046	1.0	13.367913946455532	0.9930191972076788	602
k16_d3602834	TCATCGAAAGGAATCA	12.76977260772368	0.9995075817921126	10.554337722003451	0.9912739965095986	60
k16_804d83a1	GAAACATCGAATGGAC	12.760764976266048	1.0	12.96435132068397	0.9982547993019197	178
k16_8360ebb4	GAATCGAATGGTGTCA	12.753205084998038	1.0	13.053731072614154	0.9965095986038395	272
k16_34d8321d	ATCATCGAATAGACTC	12.752860626011051	1.0	12.991225788709984	0.9965095986038395	211
k16_20d340e8	AGAATCATCAAATGGA	12.74385800112901	0.9998984079682017	12.713690148447577	1.0	3127
k16_34d03b0d	ATCATCAAATGTAATC	12.742213264353811	1.0	12.876981348888114	1.0	115
k16_0e834d82	AATGGAATCATCGAAG	12.735353854127583	0.9997853213471085	11.634199420908812	0.9965095986038395	873
k16_d360e830	TCATCGAATGGAATAA	12.732567859442334	0.9999395496448542	12.238236498286883	0.9982547993019197	40
k16_3d8e08f5	ATTCGATGAAGATTCC	12.723954000387588	1.0	12.902795018420516	1.0	155
k16_34d3c0e8	ATCATCATTAAATGGA	12.716332117810964	1.0	13.71358260925587	1.0	1170
k16_7fe38e3d	CTTTTGATGATGATTC	12.71073190366893	0.9992994510387518	10.306317842712128	1.0	3530
k16_3a0d360a	ATGGAATCATCGAAGG	12.709908375627869	0.9997831958734948	11.619984079741034	0.987783595113438	889
k16_0d360c87	AATCATCGAATAGACT	12.709105161311214	1.0	13.375859796678904	0.9982547993019197	690
k16_34f43a1d	ATCATTCAATGGACTC	12.705783172364468	1.0	13.463252673499914	0.9982547993019197	811
k16_0d350e83	AATCATCCAATGGAAT	12.697496228037203	0.9991756925141378	10.046381197617821	1.0	1766
k16_3f4e38f5	ATTTCATGATGATTCC	12.696568624115093	1.0	14.478365502875384	1.0	2864
k16_0c834d03	AATAGAATCATCAAAT	12.694774672851526	0.9999171551063522	13.008009169188652	1.0	4283
k16_8453d8f5	GACACCATTCGATTCC	12.68580593806889	1.0	13.005158927483308	0.9965095986038395	291
k16_7f438e3d	CTTTCAATGATGATTC	12.683990264534525	0.9999090929751596	12.532214579538126	1.0	1331
k16_0d340e84	AATCATCAAATGGACA	12.682424448651924	0.9996203614586675	11.092507992360654	1.0	2378
k16_2434d83a	AGCAATCATCGAATGG	12.680087423060943	1.0	12.874041297474818	0.9982547993019197	169
k16_d060e834	TCAACGAATGGAATCA	12.679316829312041	1.0	12.732377591756276	0.9982547993019197	44
k16_e837d360	TGGAATCTTCATCGAA	12.677636059005765	1.0	12.852129879629585	1.0	151
k16_0d83aed3	AATCGAATGGTGTCAT	12.670316393151824	1.0	12.96083385866228	0.9965095986038395	262
k16_8392d34d	GAATGCAGTCATCATC	12.66755608504715	1.0	13.46515334322446	1.0	867
k16_38f53d8a	ATGATTCCATTCGAGG	12.667135314543302	0.9996074637955447	10.819553547049182	0.9965095986038395	195
k16_8368e834	GAATCGGATGGAATCA	12.666227199709557	0.9997290435236384	11.341762619280404	0.9982547993019197	740
k16_e434d3e0	TGCAATCATCATTGAA	12.66309079470352	1.0	14.151563280670837	1.0	2121
k16_40d4fe38	CAAATCCATTTGATGA	12.658212583591746	0.9999948939212132	14.190334270376827	0.9965095986038395	2610
k16_0e834e83	AATGGAATCATGGAAT	12.656994795120474	0.999168821355624	10.093659770444898	1.0	7009
k16_8f53d8e0	GATTCCATTCGATGAA	12.656986438728154	0.9996773625857922	11.011736480582972	1.0	144
k16_340e804d	ATCAAATGGAAACATC	12.651317040306365	1.0	14.808174976523755	0.9982547993019197	4063
k16_3d4fe34e	ATTCCATTTGATCATG	12.650131203320496	1.0	15.523037460023424	0.9982547993019197	7429
k16_20e830d4	AGAATGGAATAATCCA	12.646138266961412	0.9999909503490902	14.22394328834395	0.9895287958115183	3132
k16_0e804d3e	AATGGAAACATCATTG	12.640104352794163	0.9999964393170611	14.71037735831496	0.9982547993019197	4321
k16_2d340e83	AGTCATCAAATGGAAT	12.63993325539834	0.9996823191776912	11.31777524944336	0.9982547993019197	2459
k16_3d8e3d4c	ATTCGATGATTCCATA	12.637338498583908	1.0	12.693946953863522	0.9965095986038395	47
k16_93d0e3d4	GCATTCAATGATTCCA	12.626395869795482	0.9999531286618233	12.308014848932922	0.9982547993019197	90
k16_2d360e87	AGTCATCGAATGGACT	12.616857470876411	1.0	12.710774891251313	0.9982547993019197	79
k16_0d370e84	AATCATCTAATGGACA	12.615175270227768	1.0	12.634696633318113	0.9912739965095986	16
k16_0d350e87	AATCATCCAATGGACT	12.611794823819107	1.0	13.176772078272949	0.9982547993019197	563
k16_60e83418	CGAATGGAATCAACGA	12.606329443424391	0.9999067193184291	11.987258884607776	0.9912739965095986	114
k16_e3d4fe30	TGATTCCATTTGATAA	12.59851418842831	0.9999303922397291	13.007049238538821	0.9982547993019197	2876
k16_20d34d03	AGAATCATCATCAAAT	12.596260364934725	0.9997477027673023	11.550787859315724	1.0	1863
k16_0f638f53	AATTCGATGATTCCAT	12.595651664063043	1.0	12.715801198608643	1.0	102
k16_7d03a028	CTTCAAATGGAAAGGA	12.593354351963226	1.0	15.146363137838438	0.9895287958115183	5718
k16_4f638e7d	CATTCGATGATGCTTC	12.592392839531724	1.0	12.805547766973785	0.9982547993019197	187
k16_94f438f5	GCCATTCAATGATTCC	12.58512025362257	1.0	12.779074128036447	0.9982547993019197	169
k16_63bf53f8	CGATGTTTCCATTTGA	12.583799015153906	1.0	13.292496025770243	0.9825479930191972	745
k16_01360e87	AAACATCGAATGGACT	12.58192977397251	1.0	12.775883648386385	1.0	169
k16_8f5fc8f5	GATTCCTTTAGATTCC	12.581783114183583	0.9996756133310907	11.082058970389792	0.9947643979057592	521
k16_34dc380c	ATCATCTAATGAAATA	12.580757100441652	1.0	14.414134763694042	0.9755671902268761	3011
k16_13f8e3d4	ACATTTGATGATTCCA	12.572787449349457	0.999743573963526	11.393306539388051	0.9930191972076788	824
k16_0d4fa0d3	AATCCATTGGAATCAT	12.565972745549816	0.999988291494942	12.993145125332061	0.9912739965095986	585
k16_0e832d0e	AATGGAATAGTCAATG	12.563913350443153	1.0	14.362050283979878	0.9895287958115183	2910
k16_4f80a0d8	CATTGAAAGGAATCGA	12.557632459051128	0.9997231054204501	11.335052282474358	1.0	995
k16_03a0d370	AAATGGAATCATCTAA	12.557589484261985	1.0	15.141043989675309	1.0	5865
k16_b4d340e8	GTCATCATCAAATGGA	12.55321235355243	1.0	14.035103134874388	1.0	2106
k16_834d83a8	GAATCATCGAATGGGA	12.540854734467187	1.0	12.745507394146484	0.9965095986038395	179
k16_0d060e87	AATCAACGAATGGACT	12.525414940561323	1.0	12.694456278691272	0.9965095986038395	146
k16_2d34d03a	AGTCATCATCAAATGG	12.524860856230083	1.0	13.95981928499988	1.0	2001
k16_34d03a4d	ATCATCAAATGGCATC	12.524006157113384	1.0	12.581795240641588	1.0	48
k16_53f8e3c4	CCATTTGATGATTACA	12.512167520395668	1.0	12.706121394809543	0.9965095986038395	169
k16_34c340e8	ATCATAATCAAATGGA	12.51216380785322	1.0	14.828704128852225	1.0	4676
k16_a0e832d0	GGAATGGAATAGTCAA	12.511675124462572	1.0	14.384828261309728	0.9895287958115183	3128
k16_4fe38f51	CATTTGATGATTCCAC	12.509214233782714	1.0	13.452548712964642	0.9947643979057592	1084
k16_db3a0d34	TCGTATGGAATCATCA	12.506425575257902	0.9992639315116582	10.122309196886622	0.9965095986038395	720
k16_3e1cf53d	ATTGACTATTCCATTC	12.505802837706959	1.0	14.374253872754114	0.9895287958115183	3114
k16_5fd0e3d4	CCTTTCAATGATTCCA	12.50410682035012	1.0	13.032078488128201	1.0	519
k16_8e3d4fe0	GATGATTCCATTTGAA	12.49665423797105	1.0	13.58164002684195	0.9982547993019197	1317
k16_0353f8e3	AAATCCATTTGATGAT	12.49562999747184	0.999994926922316	14.199688416396079	0.9965095986038395	3089
k16_1d00a0d3	ACTCAAAAGGAATCAT	12.494923949935727	0.9999832719133753	14.85747633490467	0.9912739965095986	11761
k16_3a0d14d0	ATGGAATCACCATCAA	12.494563690467587	1.0	13.662800467806685	0.9982547993019197	1465
k16_e834c360	TGGAATCATAATCGAA	12.494242879135214	1.0	12.600765616789253	1.0	90
k16_0d8120d3	AATCGAACAGAATCAT	12.49174286743094	0.9999831009716941	12.463824632753552	0.9982547993019197	109
k16_0e834c36	AATGGAATCATAATCG	12.488694343675883	1.0	12.61110254987347	1.0	104
k16_d34d83b0	TCATCATCGAATGTAA	12.488263446887967	1.0	13.208936376504205	1.0	761
k16_4fe38e1d	CATTTGATGATGACTC	12.482110444081899	1.0	14.305804329270945	1.0	2983
k16_0d38d83a	AATCATGATCGAATGG	12.479745854348833	1.0	12.615632331125857	0.9982547993019197	116
k16_370e0320	ATCTAATGAAATAGAA	12.467985279298011	0.9999951292454714	14.25840193885763	0.9755671902268761	3352
k16_0f638e3c	AATTCGATGATGATTA	12.463429162275455	1.0	12.673401608284157	0.9860383944153578	184
k16_6d83a018	CGTCGAATGGAAACGA	12.461354867333137	1.0	13.064839649176001	0.9842931937172775	610
k16_0e3d7f62	AATGATTCCTTTCGAG	12.458553114613025	1.0	12.672767311036893	0.987783595113438	188
k16_3a0d30d8	ATGGAATCATAATCGA	12.451324148841232	1.0	12.557846886495271	1.0	90
k16_62dcf638	CGAGTCTATTCGATGA	12.443155602398576	1.0	12.629572837747299	0.9930191972076788	162
k16_d38d83a0	TCATGATCGAATGGAA	12.441315300083037	1.0	12.567104897271026	0.9982547993019197	107
k16_40e83478	CAAATGGAATCACTGA	12.438742453625046	1.0	13.294513174353936	0.9895287958115183	951
k16_2e834d03	AGTGGAATCATCAAAT	12.422564274137383	1.0	13.498838013119299	0.9965095986038395	1302
k16_9760e834	GCCTCGAATGGAATCA	12.422292201772539	0.9995265872009468	10.54920304037562	0.9912739965095986	171
k16_b53d0e30	GTCCATTCAATGATAA	12.4199200460277	1.0	12.554688130562004	0.987783595113438	115
k16_8f53d8a5	GATTCCATTCGAGGCC	12.415474872606266	0.9995246986929214	10.543457572058117	0.9930191972076788	172
k16_30d03a1d	ATAATCAAATGGACTC	12.409329526850941	1.0	12.449306929479535	0.9930191972076788	33
k16_d34e03a0	TCATCATGAAATGGAA	12.408638350760954	1.0	14.695027845142274	1.0	4555
k16_4fe28e3d	CATTTGAGGATGATTC	12.405399199688919	1.0	13.261848525217655	1.0	952
k16_43a0d3e0	CAATGGAATCATTGAA	12.403002577775993	0.9998758586443764	12.209851861204422	0.9982547993019197	1612
k16_0a2d34d8	AAGGAGTCATCATCGA	12.399030593633244	1.0	12.602616938051167	0.9965095986038395	178
k16_24d360e8	AGCATCATCGAATGGA	12.395869326559563	1.0	13.050190023413183	1.0	674
k16_4d8321d8	CATCGAATAGACTCGA	12.395609001570175	1.0	12.564650339700124	0.9912739965095986	146
k16_e08f53d0	TGAAGATTCCATTCAA	12.3934522369591	0.999969873166029	13.242879156982717	0.9982547993019197	1908
k16_d33a0d34	TCATATGGAATCATCA	12.392788895529671	1.0	13.595055976635658	0.9860383944153578	1528
k16_53f8e3d5	CCATTTGATGATTCCC	12.385056135780617	1.0	13.050262376669354	0.9947643979057592	688
k16_5fd4fe08	CCTTTCCATTTGAAGA	12.38159182715821	1.0	15.102932260470068	0.9895287958115183	6571
k16_4d83e0d8	CATCGAATTGAATCGA	12.368516809000974	0.9997540673477109	11.143948883128195	0.9895287958115183	74
k16_0d370e85	AATCATCTAATGGACC	12.366054115060132	1.0	12.95817566273071	1.0	596
k16_c834d038	TAGAATCATCAAATGA	12.365218571339003	1.0	13.426265665432044	0.9930191972076788	1276
k16_4d83a0f0	CATCGAATGGAATTAA	12.360145533416427	0.9995547164434312	10.596954935519387	0.987783595113438	159
k16_837f83a1	GAATCTTTGAATGGAC	12.358401084051016	1.0	13.360566077170333	0.9947643979057592	1178
k16_20f834d3	AGAATTGAATCATCAT	12.356508398872268	0.9999902677346206	13.259830488534487	0.9930191972076788	1273
k16_43d8e3d4	CAATTCGATGATTCCA	12.350688286876979	1.0	12.450349053837035	0.9982547993019197	84
k16_80a0d340	GAAAGGAATCATCAAA	12.342758686773331	0.9999935686975648	15.470699210506861	1.0	13781
k16_d360e814	TCATCGAATGGAACCA	12.340756768185107	0.9999004479840716	11.731617796906523	0.9930191972076788	35
k16_3d8e3879	ATTCGATGATGACTGC	12.334172246984856	1.0	12.437268079034684	1.0	87
k16_4fe38efd	CATTTGATGATGTTTC	12.333955246239693	1.0	14.765850005870924	0.9982547993019197	5163
k16_0934d83a	AAGCATCATCGAATGG	12.333943932605717	1.0	12.976509675682788	1.0	659
k16_0d03a053	AATCAAATGGAACCAT	12.331068513622297	1.0	13.281412652792573	0.9895287958115183	1095
k16_020d34d8	AAAGAATCATCATCGA	12.3201395840969	1.0	12.502232425376473	0.9825479930191972	158
k16_0834d360	AAGAATCATCATCGAA	12.31902601812326	1.0	12.500035732514759	0.9825479930191972	157
k16_83a0534d	GAATGGAACCATCATC	12.316395057736978	1.0	12.559957357686393	0.9965095986038395	216
k16_a0d34f80	GGAATCATCATTGAAA	12.315913597150871	0.9998778973931094	12.106574525272029	1.0	1233
k16_3dcfe38e	ATTCTATTTGATGATG	12.31381902236136	1.0	13.843717972808856	1.0	2217
k16_4d83e054	CATCGAATTGAACCCA	12.309787092996674	1.0	12.4886281110296	0.9755671902268761	155
k16_360f8150	ATCGAATTGAACCCAA	12.309626904501815	1.0	12.488467922534744	0.9755671902268761	155
k16_34dc380d	ATCATCTAATGAAATC	12.309416856054881	1.0	12.363661152379672	0.9965095986038395	45
k16_0d03a2d3	AATCAAATGGAGTCAT	12.302388999075982	0.9999927996428623	13.694506990659077	1.0	2260
k16_abd0f638	GGGTTCAATTCGATGA	12.298243449631924	1.0	12.47599889574406	0.9755671902268761	154
k16_4f8ba0d8	CATTGAGTGGAATCGA	12.296278052380657	1.0	12.382116180950067	0.9947643979057592	72
k16_4f83a018	CATTGAATGGAAACGA	12.293685080360623	0.9999607388940146	12.106937839739839	0.9982547993019197	93
k16_3604834d	ATCGAACAGAATCATC	12.292731023791866	1.0	12.40721835990492	0.9982547993019197	97
k16_4df40e80	CATCTTCAAATGGAAA	12.287238423625622	1.0	14.766604317650154	0.9895287958115183	5375
k16_3a0d3410	ATGGAATCATCAACAA	12.287176730268742	0.9999890980845334	13.09611059349333	1.0	1118
k16_090d360e	AAGCAATCATCGAATG	12.282973204133437	1.0	12.813498356723859	0.9982547993019197	522
k16_1383a0d3	ACATGAATGGAATCAT	12.274051068783745	0.999925464967073	13.38069755366098	1.0	16080
k16_03a0d350	AAATGGAATCATCCAA	12.273067920851346	0.9999983614562067	15.830093801100976	0.9982547993019197	14227
k16_3dbb53c8	ATTCGTGTCCATTAGA	12.267630539543875	1.0	12.281079803720084	0.9773123909249564	11
k16_0dfe0e87	AATCTTTGAATGGACT	12.263539087738101	1.0	12.741233693930601	0.9895287958115183	461
k16_134d03a0	ACATCATCAAATGGAA	12.263358636056898	0.9993632972911879	10.441056603845267	0.9982547993019197	5565
k16_3d8d38f5	ATTCGATCATGATTCC	12.258466345067552	1.0	12.371818569884843	0.9930191972076788	96
k16_3c4f638e	ATTACATTCGATGATG	12.254291016483577	1.0	12.929532243046562	1.0	701
k16_0d370e03	AATCATCTAATGAAAT	12.249887801223926	1.0	14.525408956391884	0.9982547993019197	4512
k16_0d3e0e8b	AATCATTGAATGGAGT	12.243568235327709	1.0	12.680103393701405	0.9982547993019197	415
k16_0e8b4d03	AATGGAGTCATCAAAT	12.241008926936248	1.0	12.657436160123197	0.9965095986038395	393
k16_38efd4fe	ATGATGTTTCCATTTG	12.240043116746568	0.9999878766326135	14.258823366718579	0.9982547993019197	5215
k16_3d4fd38e	ATTCCATTTCATGATG	12.229786484396348	1.0	14.280353570559054	0.9982547993019197	3691
k16_83a0d14d	GAATGGAATCACCATC	12.227996687147185	1.0	13.597904940481062	1.0	1861
k16_3f8e08f5	ATTTGATGAAGATTCC	12.226355515093314	1.0	12.352145112281304	0.9947643979057592	107
k16_02434d83	AAAGCAATCATCGAAT	12.221044944968392	1.0	12.826145764337976	0.9982547993019197	612
k16_50e834f8	CCAATGGAATCATTGA	12.21737524883232	0.9998606142266413	12.042744142178444	0.9982547993019197	1648
k16_6fd4f438	CGTTTCCATTCAATGA	12.217261796896352	1.0	12.323784534550391	0.9982547993019197	90
k16_0e834e36	AATGGAATCATGATCG	12.216082838569672	1.0	12.339619055916552	0.9930191972076788	105
k16_0df4d83a	AATCTTCATCGAATGG	12.21550146294838	1.0	12.288551434827331	0.9982547993019197	61
k16_34f83a4d	ATCATTGAATGGCATC	12.211782911293062	1.0	12.817691071104754	0.9982547993019197	613
k16_b0d360e8	GTAATCATCGAATGGA	12.209630058659648	0.9999788574569749	12.140667447992756	1.0	73
k16_d34d00a0	TCATCATCAAAAGGAA	12.208870211858699	0.9992818961169945	10.270969102726161	1.0	5361
k16_0d03a0c3	AATCAAATGGAATAAT	12.208678703331875	0.9993154935404405	10.341630247776843	1.0	5837
k16_14d360e8	ACCATCATCGAATGGA	12.205870744313899	1.0	12.318086964027477	0.9982547993019197	95
k16_a0f3e0e8	GGAATTATTGAATGGA	12.203319474816944	0.9999910286544776	13.377272548088811	1.0	1778
k16_7e02834d	CTTGAAAGGAATCATC	12.198580179199197	1.0	16.191030057589273	0.9982547993019197	17519
k16_38e3f4fe	ATGATGATTTCATTTG	12.194137446382653	1.0	13.573520093449963	1.0	1881
k16_d40a0d34	TCCAAAGGAATCATCA	12.189814680087657	1.0	13.262004721219066	0.9947643979057592	1295
k16_753d0e3d	CTCCATTCAATGATTC	12.186871414034291	1.0	12.598689312646774	0.9982547993019197	388
k16_c3d4f638	TAATTCCATTCGATGA	12.185197929255281	0.9999527060047609	12.295065113583048	0.9947643979057592	527
k16_e834e360	TGGAATCATGATCGAA	12.178491205787505	1.0	12.266642323987275	0.9895287958115183	74
k16_0e834f80	AATGGAATCATTGAAA	12.17519241092424	0.9999598913858729	13.595834641536705	1.0	5559
k16_3a0d38d8	ATGGAATCATGATCGA	12.1589172881499	1.0	12.245912375069775	0.9912739965095986	73
k16_3a0534f8	ATGGAACCATCATTGA	12.157988177829244	1.0	12.183556190306202	0.9790575916230366	21
k16_0d34d032	AATCATCATCAAATAG	12.150792902317548	1.0	14.088535945346578	1.0	3325
k16_0e814d3e	AATGGAACCATCATTG	12.148680267462872	1.0	12.17183266047256	0.9773123909249564	19
k16_83702834	GAATCTAAAGGAATCA	12.13752994666819	0.9997178606476939	11.223242498181465	0.9947643979057592	1085
k16_3f8e3bf5	ATTTGATGATGTTTCC	12.129569820419864	1.0	14.077218510286672	0.9982547993019197	3356
k16_e834d3c0	TGGAATCATCATTAAA	12.12758424565006	0.9997170533604074	11.353910514951327	0.9982547993019197	2179
k16_d3d0e3d4	TCATTCAATGATTCCA	12.127320387865508	1.0	13.01464543210936	1.0	998
k16_34d3e028	ATCATCATTGAAAGGA	12.126572558766195	0.9999020632018804	12.424753137321883	1.0	2248
k16_4834d360	CAGAATCATCATCGAA	12.124126147180275	1.0	12.835076228182839	1.0	748
k16_df4d83a0	TCTTCATCGAATGGAA	12.114888585801959	1.0	12.180915124605361	0.9982547993019197	55
k16_0e834f36	AATGGAATCATTATCG	12.114665679199485	0.9991943682504364	10.03118839525432	1.0	1760
k16_1f80a0d3	ACTTGAAAGGAATCAT	12.113157057123878	1.0	16.20043503575973	0.9982547993019197	18789
k16_7fd4fe38	CTTTTCCATTTGATGA	12.110087301584628	1.0	13.818982577498506	0.9965095986038395	2665
k16_28b4d360	AGGAGTCATCATCGAA	12.10952542186283	1.0	12.603011579308003	0.9965095986038395	479
k16_4dc3a0c8	CATCTAATGGAATAGA	12.108738617807337	0.999977031031077	12.021152404544821	1.0	57
k16_834f8380	GAATCATTGAATGAAA	12.108146763639487	1.0	13.237606115973179	1.0	1395
k16_34f83a01	ATCATTGAATGGAAAC	12.10329058328739	1.0	12.624430779910227	1.0	511
k16_38d83a0d	ATGATCGAATGGAATC	12.096817430677557	1.0	12.75659116633975	1.0	681
k16_0534d83a	AACCATCATCGAATGG	12.094604962825693	1.0	12.201127700479734	0.9982547993019197	90
k16_34e360e8	ATCATGATCGAATGGA	12.093433479936902	1.0	12.661728282138634	0.9982547993019197	567
k16_0fe38e3d	AATTTGATGATGATTC	12.085710479359195	1.0	12.802651602319663	0.9982547993019197	756
k16_028b4d36	AAAGGAGTCATCATCG	12.0850271819797	1.0	12.622339614204643	0.9965095986038395	530
k16_a0d3e0e4	GGAATCATTGAATGCA	12.083542529812375	0.9999622047244094	12.618486979984361	1.0	1110
k16_e02834d0	TGAAAGGAATCATCAA	12.082129777367905	0.9999893508452766	15.118030682061228	0.9982547993019197	15056
k16_63c4fe38	CGATTACATTTGATGA	12.074658282026695	1.0	12.146540053602049	0.9965095986038395	60
k16_4d03b0d8	CATCAAATGTAATCGA	12.07406665726407	1.0	12.144779281836822	0.9965095986038395	59
k16_3d8e3af5	ATTCGATGATGGTTCC	12.071821203494967	1.0	12.20434989921051	0.9947643979057592	113
k16_34d83a1c	ATCATCGAATGGACTA	12.062487480804736	1.0	12.158704984241123	1.0	81
k16_0e814d36	AATGGAACCATCATCG	12.049395494802695	1.0	12.17405884202106	0.9912739965095986	106
k16_4d03e0d8	CATCAAATTGAATCGA	12.04753525510395	1.0	12.213295184900577	0.9912739965095986	143
k16_4f638ebd	CATTCGATGATGGTTC	12.042695456149394	1.0	12.170734919058773	0.9965095986038395	109
k16_0d03a013	AATCAAATGGAAACAT	12.042091876800992	1.0	14.996496025440798	1.0	7929
k16_4f4f8e3d	CATTCATTGATGATTC	12.036777523458857	0.999420207235425	10.580191280731116	1.0	7998
k16_83a0d30d	GAATGGAATCATAATC	12.036695571615754	1.0	13.301642242436346	1.0	1648
k16_d3f8e3d4	TCATTTGATGATTCCA	12.03559253684198	1.0	12.468492492955194	1.0	411
k16_4d03a050	CATCAAATGGAACCAA	12.03535451769312	1.0	13.090502150161736	0.9982547993019197	1266
k16_4b8f53f8	CAGTGATTCCATTTGA	12.023901870750473	1.0	13.258893236162137	0.9912739965095986	1590
k16_34d040e8	ATCATCAACAAATGGA	12.020672045210176	0.9999858154016369	12.71640672271403	0.9982547993019197	945
k16_0d3e0283	AATCATTGAAAGGAAT	12.013811229452989	0.9999907753332411	13.337103200881023	1.0	2100
k16_63d4f430	CGATTCCATTCAATAA	12.007667102626833	0.9999354046896195	12.142565961250302	0.9982547993019197	704
k16_4d360f81	CATCATCGAATTGAAC	11.997664121803803	0.9995556011349264	10.614285469013337	0.9825479930191972	612
k16_360cc34d	ATCGAATATAATCATC	11.986668960925208	0.999976365484153	11.979951255575882	0.9947643979057592	128
k16_34d83a13	ATCATCGAATGGACAT	11.984569720060291	1.0	12.371239492921928	1.0	361
k16_1503a0d3	ACCCAAATGGAATCAT	11.977772630774789	0.9999038954382368	11.944234612446278	0.9965095986038395	759
k16_0e4b4d36	AATGCAGTCATCATCG	11.970422364822175	1.0	12.401501279126782	1.0	409
k16_3d4f6382	ATTCCATTCGATGAAG	11.969613840982838	1.0	12.017930734667267	0.9982547993019197	40
k16_538f53d0	CCATGATTCCATTCAA	11.968127319253119	1.0	13.03211512223244	0.9982547993019197	1281
k16_038f53d8	AAATGATTCCATTCGA	11.958354930575888	0.999701915194873	10.818890743627508	0.9982547993019197	89
k16_0d34103a	AATCATCAACAAATGG	11.953915185021337	0.999985539311382	12.688599115566063	0.9982547993019197	1003
k16_8ba0d3e0	GAGTGGAATCATTGAA	11.948478157716194	0.9999750018748594	11.899043197783465	0.9930191972076788	90
k16_392d34d8	ATGCAGTCATCATCGA	11.94808150618468	1.0	12.377337077165272	1.0	407
k16_d2e3d4f4	TCAGTGATTCCATTCA	11.9469191664525	1.0	12.804046777733769	0.9947643979057592	953
k16_34f03a0d	ATCATTAAATGGAATC	11.944033832363932	0.9998529303625266	11.838161299039434	0.9982547993019197	1412
k16_0534d03a	AACCATCATCAAATGG	11.940037378655457	1.0	12.764242110818728	0.9842931937172775	905
k16_37d360e8	ATCTTCATCGAATGGA	11.924042994125715	1.0	12.399088787910047	0.9982547993019197	458
k16_438e3d4d	CAATGATGATTCCATC	11.923584666777707	1.0	12.587240849563804	0.987783595113438	686
k16_34d83e05	ATCATCGAATTGAACC	11.922304763459069	1.0	12.52498084720347	0.9790575916230366	609
k16_3a0d3e0c	ATGGAATCATTGAATA	11.916652452435887	1.0	13.351610881205684	1.0	2001
k16_50e834d0	CCAATGGAATCATCAA	11.914426524897973	1.0	13.097346117063152	1.0	1492
k16_4b4d360e	CAGTCATCATCGAATG	11.91139060317867	1.0	12.427385883619827	1.0	505
k16_0503a0d3	AACCAAATGGAATCAT	11.907962440546838	0.9999389118987404	12.436128065806269	1.0	1486
k16_0e3d4fa3	AATGATTCCATTGGAT	11.907140980298461	0.9999901545732007	13.24315377218405	0.9982547993019197	2129
k16_3bf3d4f6	ATGTTTATTCCATTCG	11.905050984736967	0.9998979279371236	11.482552264442688	0.9895287958115183	102
k16_4d83a050	CATCGAATGGAACCAA	11.898430968264988	0.9998938631683967	11.639223210519898	0.9930191972076788	367
k16_370e8460	ATCTAATGGACACGAA	11.89801171626665	1.0	12.250453876188436	0.9738219895287958	325
k16_13e06836	ACATTGAACGGAATCG	11.894442749374008	1.0	11.979122991034275	0.9808027923211169	71
k16_370e8560	ATCTAATGGACCCGAA	11.89209307156573	1.0	12.02909707426768	0.9982547993019197	117
k16_83a053e0	GAATGGAACCATTGAA	11.885912050939178	1.0	12.500671264634494	0.9860383944153578	624
k16_4dc3a158	CATCTAATGGACCCGA	11.879903359106375	1.0	12.014671443640678	0.9982547993019197	115
k16_0d34f838	AATCATCATTGAATGA	11.878988983521138	0.9999529328705066	12.599241365953223	1.0	1644
k16_e1cf53d4	TGACTATTCCATTCCA	11.878579340885098	0.9999922913856234	13.59611005885912	0.9895287958115183	3129
k16_4f6ad4f2	CATTCGGGTCCATTAG	11.876979501561689	1.0	12.009508197277231	0.9965095986038395	113
k16_3d4f634e	ATTCCATTCGATCATG	11.873758339525557	1.0	12.508433897081702	1.0	649
k16_3dab53c8	ATTCGGGTCCATTAGA	11.871648188705755	1.0	12.006416273240058	0.9965095986038395	115
k16_83602804	GAATCGAAAGGAAACA	11.870096200012167	0.9994737862464342	10.24243036878581	0.9965095986038395	30
k16_1d4f438e	ACTCCATTCAATGATG	11.861101326709615	1.0	13.169846084636694	0.9982547993019197	1735
k16_6f43bf3d	CGTTCAATGTTTATTC	11.859467957807851	1.0	12.010921568586276	0.9842931937172775	130
k16_340ea34d	ATCAAATGGGATCATC	11.857488601640915	0.9999717186572018	11.72105226714449	0.9895287958115183	16
k16_6ad4f238	CGGGTCCATTAGATGA	11.852033967401056	1.0	11.98568279203064	0.9982547993019197	114
k16_3502834d	ATCCAAAGGAATCATC	11.84527109025481	1.0	12.849887070516132	0.9982547993019197	1182
k16_830d83a0	GAATAATCGAATGGAA	11.843624658902206	0.9999061350153938	11.816474028026605	1.0	636
k16_d34d81a0	TCATCATCGAACGGAA	11.840844991886879	1.0	11.89508928821167	0.9965095986038395	45
k16_d03a0134	TCAAATGGAAACATCA	11.840824599805913	0.9999884392618084	14.327378590097153	0.9982547993019197	7662
k16_034d03a1	AAATCATCAAATGGAC	11.840554619198754	0.9999418139501055	12.293309593012982	0.9773123909249564	1167
k16_0df4d03a	AATCTTCATCAAATGG	11.837678171469314	1.0	12.422447235288896	1.0	587
k16_4f83a4d8	CATTGAATGGCATCGA	11.834234013660806	0.9999819409831329	12.368059632497006	0.9947643979057592	720
k16_a013e0e8	GGAAACATTGAATGGA	11.831592238260777	1.0	12.975576581479064	0.9982547993019197	1421
k16_140e834d	ACCAAATGGAATCATC	11.821786417055606	0.9999304173566945	12.248302771163134	1.0	1305
k16_4d83a1c8	CATCGAATGGACTAGA	11.805412334895596	1.0	11.873783819219849	0.9982547993019197	57
k16_3cf83a0d	ATTATTGAATGGAATC	11.794076449584251	0.999951356544369	12.551718585447826	0.9982547993019197	1718
k16_72d4f638	CTAGTCCATTCGATGA	11.79279859326677	1.0	11.858825132070173	0.9982547993019197	55
k16_6394f438	CGATGCCATTCAATGA	11.786230498096023	1.0	12.4744899526624	0.9930191972076788	718
k16_e834c340	TGGAATCATAATCAAA	11.784518477726008	1.0	11.873824701619638	0.9982547993019197	75
k16_34dc3a15	ATCATCTAATGGACCC	11.783543091487084	1.0	12.36092200857393	0.9982547993019197	578
k16_e3cf53d0	TGATTATTCCATTCAA	11.782260730284024	1.0	13.104332005843025	1.0	1762
k16_1083a0d3	ACAAGAATGGAATCAT	11.777477300891396	1.0	12.79671239912054	0.9808027923211169	1206
k16_0d3e0e93	AATCATTGAATGGCAT	11.773913132837606	1.0	12.618782539998163	0.9947643979057592	935
k16_834f83a4	GAATCATTGAATGGCA	11.756068383794199	1.0	12.546581342927531	0.9947643979057592	857
k16_4ee38e3d	CATGTGATGATGATTC	11.751327961986258	1.0	12.63066195827535	1.0	986
k16_3d0f38f5	ATTCAATTATGATTCC	11.746139159131275	0.9999094175548778	11.357623925592145	0.9965095986038395	30
k16_8120d34d	GAACAGAATCATCATC	11.739159880534821	1.0	11.804012515731072	0.9982547993019197	54
k16_a0c3e0e8	GGAATAATTGAATGGA	11.737246568426617	0.9999764139817916	11.982914095791084	1.0	377
k16_37f83a1d	ATCTTTGAATGGACTC	11.724951474514086	1.0	12.738721748760595	0.9860383944153578	1197
k16_3a2d340e	ATGGAGTCATCAAATG	11.723061310160679	1.0	12.571346234783185	0.9947643979057592	940
k16_3d4fc38e	ATTCCATTTAATGATG	11.717097837079045	1.0	13.62699921223595	0.9982547993019197	3239
k16_e834c3e0	TGGAATCATAATTGAA	11.715767362274834	0.9999074131226467	11.32605384949188	0.9965095986038395	29
k16_8793daf5	GACTGCATTCGGTTCC	11.71185745703919	0.9997219991351084	10.72977776337393	1.0	31
k16_4d3e0e80	CATCATTGAATGGAAA	11.70881865972826	0.9994802577921351	10.624620071138027	1.0	3490
k16_34d340f8	ATCATCATCAAATTGA	11.70522075204046	1.0	13.016442689010878	0.9982547993019197	1740
k16_340e434d	ATCAAATGCAATCATC	11.694555473945734	0.9995217487664617	10.647797786033227	0.9947643979057592	2055
k16_34d0390d	ATCATCAAATGCAATC	11.691330716992246	0.9999401743916484	12.253222934015767	1.0	1351
k16_e814d3e0	TGGAACCATCATTGAA	11.690002465293936	1.0	12.200834416149723	0.9860383944153578	499
k16_3f4f438e	ATTTCATTCAATGATG	11.689758253856892	1.0	13.096733239292657	1.0	1940
k16_0d14d03a	AATCACCATCAAATGG	11.68827669023905	1.0	12.284466817900018	0.9982547993019197	601
k16_34d3e068	ATCATCATTGAACGGA	11.686139276842011	1.0	11.81192887403	0.987783595113438	107
k16_3d6f638e	ATTCCGTTCGATGATG	11.685382837027177	1.0	11.73488716108899	0.9965095986038395	41
k16_834d0380	GAATCATCAAATGAAA	11.683330416555165	1.0	13.661853735195722	1.0	3454
k16_e814d360	TGGAACCATCATCGAA	11.682988355852599	1.0	12.093882617721972	0.9912739965095986	387
k16_353f8e3e	ATCCATTTGATGATTG	11.678914004104502	1.0	12.651963594824009	1.0	1131
k16_53f8f3d4	CCATTTGATTATTCCA	11.677378354342414	1.0	13.01993814243349	1.0	1804
k16_1c83a0d3	ACTAGAATGGAATCAT	11.676513501953249	0.9994876817599638	10.497160796383868	1.0	1357
k16_3e04834d	ATTGAACAGAATCATC	11.672682260236517	0.9999642959154528	12.243930533458752	0.9842931937172775	969
k16_43a0d340	CAATGGAATCATCAAA	11.668369787076864	0.9999628657721443	12.64394127330393	1.0	1926
k16_8420e834	GACAAGAATGGAATCA	11.666361718751716	0.999947703531319	12.447257893376227	0.9912739965095986	1765
k16_0d34d13a	AATCATCATCACATGG	11.66296752682045	1.0	12.599258121641887	1.0	1073
k16_83502834	GAATCCAAAGGAATCA	11.655221092984148	0.999952119891791	12.574536406693207	0.9982547993019197	2061
k16_e4b4d360	TGCAGTCATCATCGAA	11.64237032963767	1.0	12.360805333823716	1.0	758
k16_d3e0e8b4	TCATTGAATGGAGTCA	11.639683538658081	1.0	12.85734958133229	0.9912739965095986	1557
k16_34d140e8	ATCATCACCAAATGGA	11.635169664025163	0.9999883723634334	13.00314314494052	0.9965095986038395	2203
k16_0c04f81a	AATAAACATTGAACGG	11.629183821593065	1.0	12.21313362493548	0.9860383944153578	586
k16_60e830d0	CGAATGGAATAATCAA	11.628077000302458	1.0	12.128526521246407	1.0	487
k16_4d03a008	CATCAAATGGAAAAGA	11.62459704223032	1.0	13.822460577740477	0.9965095986038395	4214
k16_34d03a00	ATCATCAAATGGAAAA	11.621989194345677	1.0	13.832381820585844	0.9947643979057592	4261
k16_d34d0320	TCATCATCAAATAGAA	11.619525728905685	1.0	14.028011792286149	1.0	5061
k16_4d0390d8	CATCAAATGCAATCGA	11.618258088903866	1.0	11.67486654418348	0.9965095986038395	47
k16_3f8f53b8	ATTTGATTCCATGTGA	11.609586323727788	0.9998931090999786	12.108717043858169	0.9965095986038395	2191
k16_83a0c340	GAATGGAATAATCAAA	11.600963109347106	0.999956936150666	12.430231827428083	1.0	1627
k16_34d3e0e0	ATCATCATTGAATGAA	11.598673146772196	0.9999520866273777	12.573534515939572	1.0	2188
k16_2a0d340e	AGGGAATCATCAAATG	11.593650227096413	1.0	12.942493177217868	0.9947643979057592	1817
k16_04f81a0d	AACATTGAACGGAATC	11.592396789755076	1.0	12.037077816873639	0.9825479930191972	424
k16_3a0d3e02	ATGGAATCATTGAAAG	11.58947087696749	0.9999055088349239	12.359562631608622	1.0	3115
k16_3d0b53d2	ATTCAAGTCCATTCAG	11.586596219133982	1.0	12.151573473587826	0.9598603839441536	563
k16_e034d3e0	TGAAATCATCATTGAA	11.575700147720221	0.9999855257063456	12.687242589128015	1.0	1653
k16_a0d3e028	GGAATCATTGAAAGGA	11.559331182721513	1.0	13.10824675352528	1.0	2262
k16_34d340c8	ATCATCATCAAATAGA	11.558841321171673	1.0	13.718451194588333	1.0	4073
k16_3b8e38f5	ATGTGATGATGATTCC	11.553368590593792	1.0	12.621463341724098	1.0	1288
k16_4f438f51	CATTCAATGATTCCAC	11.548605858577591	0.9999825327510917	12.416119412536505	1.0	1213
k16_df4d03a0	TCTTCATCAAATGGAA	11.545584664091047	1.0	12.389769996355472	0.9982547993019197	934
k16_160e4b4d	ACCGAATGCAGTCATC	11.540706855717445	1.0	11.573497553009531	1.0	27
k16_18320d34	ACGAATAGAATCATCA	11.535252345185913	1.0	11.58238083035662	1.0	39
k16_36883a0d	ATCGGAGAATGGAATC	11.529169255103733	1.0	12.068173529677532	0.987783595113438	532
k16_c83e0d34	TAGAATTGAATCATCA	11.52704740849222	0.9998457290075747	11.652342014194511	0.9930191972076788	1569
k16_3d0e3af5	ATTCAATGATGGTTCC	11.521016744037663	1.0	12.228209750551724	0.9895287958115183	743
k16_3a0534d8	ATGGAACCATCATCGA	11.52026600929112	1.0	11.919098870646295	0.9912739965095986	374
k16_8fa0d360	GATTGGAATCATCGAA	11.512075365165707	1.0	11.633354677557008	0.987783595113438	103
k16_63e4fe38	CGATTGCATTTGATGA	11.506820809836006	1.0	11.564609893364208	0.9947643979057592	48
k16_83402434	GAATCAAAAGCAATCA	11.502651346086605	0.9999509017708095	12.241056697338237	0.9912739965095986	1456
k16_c04f81a0	TAAACATTGAACGGAA	11.500671828965972	1.0	12.072276567551782	0.9842931937172775	571
k16_40c834d0	CAAATAGAATCATCAA	11.49938712141505	1.0	12.828320281843386	0.9965095986038395	1776
k16_3d0e38fd	ATTCAATGATGATTTC	11.496426884284896	1.0	12.788213071964204	1.0	1701
k16_8f53fab5	GATTCCATTTGGGTCC	11.492771676560642	0.9998668153894817	11.705142046273838	0.9982547993019197	1429
k16_2a0d34d0	AGGGAATCATCATCAA	11.492571316178172	1.0	12.780841150314336	0.9895287958115183	1694
k16_58392d34	CCGAATGCAGTCATCA	11.492057769079972	1.0	11.529643578855758	1.0	31
k16_38f3d4f4	ATGATTATTCCATTCA	11.482288964064383	1.0	13.114401834265943	0.9982547993019197	2466
k16_a0d340f8	GGAATCATCAAATTGA	11.480715154494684	1.0	11.589517981945658	0.9895287958115183	92
k16_3013e068	ATAAACATTGAACGGA	11.477247071477722	1.0	12.048025037623177	0.9825479930191972	570
k16_3a0c340e	ATGGAATAATCAAATG	11.473980873375288	1.0	13.090554920166385	1.0	2427
k16_0f3e0e87	AATTATTGAATGGACT	11.468795780811632	1.0	12.81377540912744	0.9982547993019197	1809
k16_540e834d	CCCAAATGGAATCATC	11.462674332229708	0.9999040122864273	11.945989676703167	0.9965095986038395	1592
k16_20d340e0	AGAATCATCAAATGAA	11.452239691702841	1.0	13.447805454614858	0.9930191972076788	3509
k16_0dc0a0d3	AATCTAAAGGAATCAT	11.440764601157687	0.999977662865631	12.920504173361092	0.9982547993019197	2849
k16_53d0f3d4	CCATTCAATTATTCCA	11.436894155260955	0.9999758179575847	11.946917103532142	1.0	689
k16_4fe3823d	CATTTGATGAAGATTC	11.434800014434616	1.0	12.303409958206247	0.9947643979057592	970
k16_3a8d360e	ATGGGATCATCGAATG	11.425133819693881	0.9999250543356066	11.174384153536806	0.9930191972076788	38
k16_c834d340	TAGAATCATCATCAAA	11.42384835422524	0.9994777206630199	10.500797408374162	1.0	2132
k16_4f634e3d	CATTCGATCATGATTC	11.421571780796972	1.0	12.442018478314328	0.9947643979057592	1208
k16_4dc3a0f8	CATCTAATGGAATTGA	11.42140657009077	0.9999176581991848	11.792404969147777	0.9982547993019197	1038
k16_3d4fe3ae	ATTCCATTTGATGGTG	11.42080565508598	1.0	12.121966916796339	0.9965095986038395	735
k16_34d03e0d	ATCATCAAATTGAATC	11.418355414485877	1.0	12.982721246731861	1.0	2299
k16_4d03a0da	CATCAAATGGAATCGG	11.418218642250253	1.0	11.468909420161921	0.9982547993019197	42
k16_0d40a0d3	AATCCAAAGGAATCAT	11.415828384742369	1.0	12.942746534959106	0.9982547993019197	2210
k16_0e830d03	AATGGAATAATCAAAT	11.412287796363467	0.9999881122206372	12.971224937932842	1.0	2681
k16_060e834f	AACGAATGGAATCATT	11.409128084633956	1.0	12.343491636279152	0.9947643979057592	1070
k16_120d34d8	ACAGAATCATCATCGA	11.402269919234548	1.0	11.46359510155753	0.9965095986038395	51
k16_3d8e38d5	ATTCGATGATGATCCC	11.40071533138215	1.0	11.446654428289996	0.9947643979057592	38
k16_34dc3a0c	ATCATCTAATGGAATA	11.391410565535455	1.0	12.916195795760919	1.0	2205
k16_0d34d03e	AATCATCATCAAATTG	11.391310238605474	1.0	13.031327283916013	0.9982547993019197	2486
k16_53d0c3d4	CCATTCAATAATTCCA	11.38291532699579	0.9999876531015409	12.91656106574994	1.0	2614
k16_1e0e87e0	ACTGAATGGACTTGAA	11.38150606057876	1.0	12.200149854095752	0.9633507853403142	897
k16_0380d34d	AAATGAAATCATCATC	11.374719902519884	1.0	13.431205172394481	0.9982547993019197	3711
k16_638f93d8	CGATGATTGCATTCGA	11.364477592853957	1.0	15.125457260963001	1.0	14748
k16_0d80a013	AATCGAAAGGAAACAT	11.361026427479851	1.0	11.39021030230102	0.9912739965095986	24
k16_0ea34d36	AATGGGATCATCATCG	11.359482208665332	1.0	11.388666083486498	0.9930191972076788	24
k16_0d340e03	AATCATCAAATGAAAT	11.357537470786077	1.0	13.82162365487606	1.0	5306
k16_0ea34d83	AATGGGATCATCGAAT	11.353268608053888	0.9999210951986428	11.100137219652545	0.9930191972076788	36
k16_d34f8380	TCATCATTGAATGAAA	11.351585880351326	1.0	13.050678337489117	1.0	2639
k16_0e034d3e	AATGAAATCATCATTG	11.350787264472638	0.9999817747726403	12.354844189509999	1.0	1450
k16_0d34503a	AATCATCACCAAATGG	11.342816375777872	0.9999880377051533	12.962210903306307	0.9965095986038395	2846
k16_63d0f638	CGATTCAATTCGATGA	11.331908370857608	0.9996330611870471	10.51905256644169	0.9895287958115183	410
k16_8f53e835	GATTCCATTGGAATCC	11.331268095224395	0.9995558426875555	10.189237036180923	0.9912739965095986	26
k16_345340e8	ATCACCATCAAATGGA	11.327749113512134	1.0	12.29641165201651	0.9982547993019197	1124
k16_a0d340e0	GGAATCATCAAATGAA	11.325244972980483	1.0	12.498392644230435	1.0	1474
k16_090d340e	AAGCAATCATCAAATG	11.324294720972418	1.0	11.352274315012194	0.9912739965095986	23
k16_3a0f3e0e	ATGGAATTATTGAATG	11.319502704881153	0.9999875485606136	12.904398487811294	1.0	2751
k16_3a0d34d1	ATGGAATCATCATCAC	11.305935171001579	1.0	12.461545408622532	1.0	1442
k16_d34f03a0	TCATCATTAAATGGAA	11.305756556211914	1.0	13.713548345550699	1.0	5058
k16_8540e834	GACCCAAATGGAATCA	11.299894456396322	0.9998861622025987	11.827724400437447	0.9982547993019197	1872
k16_20d04d03	AGAATCAACATCAAAT	11.28264326957785	1.0	12.541443114053534	0.9947643979057592	1636
k16_503a0d34	CCAAATGGAATCATCA	11.26429460333244	0.9998763311576778	11.898375097500914	1.0	2521
k16_013e0683	AAACATTGAACGGAAT	11.25697053129711	1.0	12.326236551995201	0.987783595113438	1290
k16_83a3d34d	GAATGGATTCATCATC	11.253985713383198	0.9994936464687869	10.341935763469277	0.9982547993019197	946
k16_3a8d34d8	ATGGGATCATCATCGA	11.252551446713944	1.0	11.284140871489273	0.9930191972076788	26
k16_0c340e87	AATAATCAAATGGACT	11.252259098452337	0.9999809083793123	12.287851925096305	0.9930191972076788	1508
k16_f8e38f50	TTGATGATGATTCCAA	11.251836672295195	1.0	12.00712464813753	0.9982547993019197	808
k16_0e3d4fe2	AATGATTCCATTTGAG	11.246817982158746	1.0	13.017497765585818	1.0	2833
k16_3d7f438e	ATTCCTTTCAATGATG	11.241621306623022	0.99989715196654	12.354160330718095	1.0	4844
k16_3d4f778e	ATTCCATTCTCTGATG	11.240878790012072	1.0	11.812483528597882	0.9947643979057592	571
k16_a20360e8	GGAGAAATCGAATGGA	11.237751203402716	1.0	11.266935078223884	0.9895287958115183	24
k16_8e3d4fa1	GATGATTCCATTGGAC	11.2358197929573	1.0	11.265003667778466	0.9912739965095986	24
k16_0d3e0e8f	AATCATTGAATGGATT	11.235579760874039	1.0	12.358849627759476	0.9982547993019197	1384
k16_37d340e8	ATCTTCATCAAATGGA	11.23409190716045	1.0	12.441687562204459	1.0	1538
k16_34d03acd	ATCATCAAATGGTATC	11.234001734790425	1.0	12.113335731079518	0.9982547993019197	986
k16_03a0c34d	AAATGGAATAATCATC	11.226721638846817	0.9998808388941849	11.634016878024743	1.0	1450
k16_0d0390d3	AATCAAATGCAATCAT	11.21654738771038	0.9996008256094712	10.908635259084091	0.9982547993019197	4215
k16_34d8380c	ATCATCGAATGAAATA	11.21618203709181	1.0	11.26687281500348	0.9895287958115183	42
k16_53d8fdd4	CCATTCGATTTCTCCA	11.180544152108066	1.0	11.207318459260604	0.9895287958115183	22
k16_34d344e8	ATCATCATCACATGGA	11.167850345681472	1.0	12.59871404813653	1.0	1992
k16_d34503a0	TCATCACCAAATGGAA	11.166695248441844	0.999987048142056	12.847558013848465	0.9947643979057592	3021
k16_0d3f0e87	AATCATTTAATGGACT	11.163195569496342	1.0	11.659296928461911	0.9947643979057592	482
k16_d3e0e034	TCATTGAATGAAATCA	11.155745760581729	1.0	12.81494696555435	1.0	2535
k16_1d0e38f5	ACTCAATGATGATTCC	11.14846529741796	1.0	11.188442700046553	0.9912739965095986	33
k16_3d4fe382	ATTCCATTTGATGAAG	11.14298969119147	1.0	12.207564917330476	0.9965095986038395	1282
k16_d360e804	TCATCGAATGGAAACA	11.142695870746728	1.0	11.165848263756416	0.987783595113438	19
k16_38e1d7f6	ATGATGACTCCTTTCG	11.125982945098139	1.0	11.16237147007561	0.9982547993019197	30
k16_8f53f8e0	GATTCCATTTGATGAA	11.115564171789737	1.0	12.427775790640133	1.0	1742
k16_02804d83	AAAGGAAACATCGAAT	11.11269231936899	0.9999529168039927	10.985918496603388	0.9895287958115183	24
k16_058392d3	AACCGAATGCAGTCAT	11.106299018690123	1.0	11.700863090964047	1.0	599
k16_0d0090d3	AATCAAAAGCAATCAT	11.103900203443752	1.0	12.928981471470967	1.0	2987
k16_43cf53d8	CAATTATTCCATTCGA	11.089999830073689	1.0	11.452031400629425	0.9947643979057592	335
k16_0e880d83	AATGGAGAAATCGAAT	11.084102533267414	1.0	11.576715902337822	0.9912739965095986	478
k16_34f8391d	ATCATTGAATGCACTC	11.082358582770635	1.0	11.450113353075695	0.9895287958115183	341
k16_353e834d	ATCCATTGGAATCATC	11.070487931620486	0.9999028796192881	10.800573475708102	0.9912739965095986	22
k16_04834d36	AACAGAATCATCATCG	11.067977522570434	1.0	11.1127262498495	0.9842931937172775	37
k16_d34103a0	TCATCAACAAATGGAA	11.06670601752664	0.9999850990910446	12.645340368984243	0.9982547993019197	2734
k16_0d3e0e47	AATCATTGAATGCACT	11.060855184466092	1.0	11.554341341911265	0.9965095986038395	479
k16_d360ec34	TCATCGAATGTAATCA	11.057965720894822	1.0	11.102714448173888	0.9930191972076788	37
k16_2804d83a	AGGAAACATCGAATGG	11.055134515126577	0.9999509996079968	10.928360692360975	0.9860383944153578	24
k16_3a0d30d0	ATGGAATCATAATCAA	11.051984163303967	1.0	11.828223300866972	0.9982547993019197	837
k16_380d34f8	ATGAAATCATCATTGA	11.046081735359213	0.9999809324053771	12.28966835304819	1.0	1924
k16_3a20360e	ATGGAGAAATCGAATG	11.04137641663067	1.0	11.53311646899519	0.9912739965095986	477
k16_340e834e	ATCAAATGGAATCATG	11.032847098020541	0.9996048769473922	10.810074770940023	0.9982547993019197	3049
k16_834f8391	GAATCATTGAATGCAC	11.030138009302137	1.0	11.493649083575171	0.9947643979057592	445
k16_03a0d1e0	AAATGGAATCACTGAA	11.029157414703846	1.0	13.325333931628874	0.9947643979057592	4594
k16_3d8e3d43	ATTCGATGATTCCAAT	11.013647171896416	1.0	11.87754015886158	0.9912739965095986	963
k16_834d00a0	GAATCATCAAAAGGAA	11.011846118316411	1.0	12.578287190420788	0.9982547993019197	2304
k16_38cfd4f6	ATGATATTTCCATTCG	10.994843200885402	1.0	11.570574709532643	0.9947643979057592	576
k16_3702834d	ATCTAAAGGAATCATC	10.99151386218508	1.0	12.514163014382241	0.9703315881326352	2200
k16_0d340687	AATCATCAAACGGACT	10.990355504101988	1.0	11.033912878765564	0.987783595113438	36
k16_34c3e0e8	ATCATAATTGAATGGA	10.986573142260577	0.9999153283847478	11.454958800309322	0.9982547993019197	1007
k16_0e83cf83	AATGGAATTATTGAAT	10.978713258495425	0.9999875009374297	12.898891695749528	1.0	3778
k16_03a0d343	AAATGGAATCATCAAT	10.975501264716154	1.0	12.827032856587724	0.9982547993019197	3064
k16_0d360f83	AATCATCGAATTGAAT	10.973744611073737	0.9998456393105223	10.588818255185728	0.9860383944153578	33
k16_460c834d	CACGAATAGAATCATC	10.97362543700994	1.0	10.996777830019626	0.9790575916230366	19
k16_3a0c3e0e	ATGGAATAATTGAATG	10.973371693488824	0.9999770415777027	12.02181486888519	1.0	1532
k16_d760e834	TCCTCGAATGGAATCA	10.97325713803244	1.0	10.99520020286428	0.9860383944153578	18
k16_0a834d34	AAGGGAATCATCATCA	10.972807522731534	1.0	12.82229538231117	0.9895287958115183	3058
k16_340e8353	ATCAAATGGAATCCAT	10.964462028664565	1.0	12.335795413649407	0.987783595113438	1864
k16_2e834f83	AGTGGAATCATTGAAT	10.960079700978358	0.999981888979444	12.363911773035266	1.0	2288
k16_7438e3d4	CTCAATGATGATTCCA	10.958162118516155	1.0	11.000527155952724	0.9912739965095986	35
k16_e834d040	TGGAATCATCAACAAA	10.95661536810756	1.0	12.207694666585741	0.9982547993019197	1621
k16_3d8b93f8	ATTCGAGTGCATTTGA	10.956016641374545	1.0	10.977959706206384	0.9720767888307156	18
k16_40e4760e	CAAATGCACTCGAATG	10.955255742424482	1.0	10.977198807256322	0.9720767888307156	18
k16_03a0d341	AAATGGAATCATCAAC	10.949046988756159	1.0	11.559789726525723	0.9930191972076788	619
k16_2434d03a	AGCAATCATCAAATGG	10.920695334136958	1.0	11.352685056672101	0.9912739965095986	410
k16_34d01a1d	ATCATCAAACGGACTC	10.91117383982783	1.0	10.948759649603616	0.9825479930191972	31
k16_53e0e3d4	CCATTGAATGATTCCA	10.905509432938093	0.9999394544849091	11.482132198393254	0.9965095986038395	977
k16_0e3dcfe3	AATGATTCTATTTGAT	10.901171610766877	1.0	12.709515573464522	0.9895287958115183	2939
k16_d14d03a0	TCACCATCAAATGGAA	10.898348077093479	1.0	12.239454010420905	0.9982547993019197	1801
k16_cd83a1d0	TATCGAATGGACTCAA	10.893638446225937	0.9999448245420437	10.757202111729512	0.9703315881326352	16
k16_3d4ee38e	ATTCCATGTGATGATG	10.877784724694413	0.9999497689371107	11.751517422514947	1.0	1469
k16_3402434d	ATCAAAAGCAATCATC	10.876150515001795	1.0	11.785225416989205	0.9965095986038395	1031
k16_60e830f8	CGAATGGAATAATTGA	10.871300087555015	1.0	11.405222871374695	0.9947643979057592	526
k16_d4e3d4f4	TCCATGATTCCATTCA	10.870599834374705	1.0	13.05852292255502	0.9982547993019197	4177
k16_83a2d340	GAATGGAGTCATCAAA	10.870176532751245	1.0	11.72662585827998	0.9965095986038395	952
k16_0d340e80	AATCATCAAATGGAAA	10.86514472066076	1.0	12.812474932858638	0.9947643979057592	3355
k16_e837d340	TGGAATCTTCATCAAA	10.864635379231949	1.0	12.163428666217781	0.9930191972076788	1715
k16_8140e834	GAACCAAATGGAATCA	10.860875475621533	0.999840552750465	11.721577655975278	1.0	3880
k16_60f834d0	CGAATTGAATCATCAA	10.85612199096715	1.0	10.894904092744943	0.9930191972076788	32
k16_18390d34	ACGAATGCAATCATCA	10.85045788084667	1.0	13.756353880609119	1.0	7628
k16_d3e0c834	TCATTGAATAGAATCA	10.83143890274337	0.999781031031031	10.884029683937799	0.9982547993019197	1017
k16_4fe10e3d	CATTTGACAATGATTC	10.830814082694344	1.0	10.85999795751551	0.9738219895287958	24
k16_e834d344	TGGAATCATCATCACA	10.830557865066853	1.0	12.422894362468405	1.0	2367
k16_353d0e3d	ATCCATTCAATGATTC	10.81973369262309	1.0	12.069780456224084	0.9982547993019197	1619
k16_40e838d8	CAAATGGAATGATCGA	10.814664453401129	1.0	10.828113717577338	0.9912739965095986	11
k16_340f834d	ATCAAATTGAATCATC	10.810186470584398	0.9998746081504702	11.185742179892296	0.9930191972076788	1045
k16_4f43ce3d	CATTCAATTATGATTC	10.809402969781239	0.9999033318296062	11.263833207553732	0.9947643979057592	986
k16_834f80a0	GAATCATTGAAAGGAA	10.809169310166139	0.9999797098508674	12.200026561810859	1.0	2257
k16_ea34d360	TGGGATCATCATCGAA	10.799913680674779	1.0	11.33128899151882	0.9947643979057592	523
k16_4fef8e3d	CATTTGTTGATGATTC	10.79542422554993	0.9999816304787097	12.343468720492446	0.9982547993019197	2652
k16_0f8fa0d3	AATTGATTGGAATCAT	10.788428588778164	0.9996365288505225	10.256786843428303	0.9947643979057592	380
k16_0d34883a	AATCATCAGAGAATGG	10.780466140584586	1.0	11.718681208016578	0.9947643979057592	1076
k16_3fbe38f5	ATTTGTTGATGATTCC	10.777295190201988	0.9999813884235995	12.324585427930197	0.9982547993019197	2650
k16_0e835be8	AATGGAATCCGTTGGA	10.777255501141296	0.9998809807188764	10.507341045228914	0.987783595113438	22
k16_3d4fef8e	ATTCCATTTGTTGATG	10.776461085323888	0.9999826482275165	12.425687372871046	0.9982547993019197	2930
k16_c38f53d0	TAATGATTCCATTCAA	10.743076141095115	0.9995052537341563	10.375401207910738	0.9982547993019197	1918
k16_3a0d6fa0	ATGGAATCCGTTGGAA	10.73605189766921	0.9998774284488571	10.464931147081248	0.987783595113438	21
k16_5068f53d	CCAACGGATTCCATTC	10.731040395866838	1.0	10.757814703019374	0.987783595113438	22
k16_38f53f8c	ATGATTCCATTTGATA	10.71145914521838	1.0	11.993680932948237	0.9982547993019197	1682
k16_634f53f8	CGATCATTCCATTTGA	10.711243688954966	0.9997497967098268	10.189328156208392	0.987783595113438	17
k16_34103a0d	ATCAACAAATGGAATC	10.710531976087722	0.9999825796111769	12.419994420964146	0.9982547993019197	3105
k16_e2d4f630	TGAGTCCATTCGATAA	10.70902373101325	1.0	10.72247299518946	0.9616055846422339	11
k16_0f3e0e83	AATTATTGAATGGAAT	10.707322599197996	0.9999674765017725	12.378520236787756	0.9965095986038395	3420
k16_8160e4b4	GAACCGAATGCAGTCA	10.704208068944673	1.0	11.632774998765544	1.0	1061
k16_47438e3d	CACTCAATGATGATTC	10.702186777831667	1.0	11.090734482578004	0.9912739965095986	363
k16_3d41a3d4	ATTCCAACGGATTCCA	10.690464222174285	0.9998100905235171	10.28992117198401	0.987783595113438	20
k16_8f5068f5	GATTCCAACGGATTCC	10.686350305449183	0.9999365079365079	10.55475331618874	0.987783595113438	20
k16_c82a0d34	TAGAAGGGAATCATCA	10.660581423116257	0.99994982186763	10.894109480335809	0.9860383944153578	364
k16_e38f53f0	TGATGATTCCATTTAA	10.660290172301993	0.9998336553594963	11.708068563716719	0.9842931937172775	4857
k16_3f8e3d4e	ATTTGATGATTCCATG	10.657247588545816	1.0	12.193089726644779	0.9703315881326352	2231
k16_d6fa0d34	TCCGTTGGAATCATCA	10.647248872012668	1.0	11.136365797866723	0.9947643979057592	474
k16_3a0d3cf8	ATGGAATCATTATTGA	10.631565246666472	1.0	15.198405111609986	1.0	26661
k16_830d03a1	GAATAATCAAATGGAC	10.62558983099473	1.0	12.527295864344737	0.9965095986038395	3214
k16_d34883a0	TCATCAGAGAATGGAA	10.603350162634072	1.0	11.834160515965651	0.9947643979057592	1582
k16_3a0134d0	ATGGAAACATCATCAA	10.600462245656757	1.0	12.327281877117361	0.9982547993019197	2713
k16_d340e434	TCATCAAATGCAATCA	10.600003297268985	0.9998748474703545	11.188497837818172	0.9982547993019197	1398
k16_0d370ea4	AATCATCTAATGGGCA	10.582568613132258	1.0	10.597234343340725	0.9738219895287958	12
k16_2e3d4fe3	AGTGATTCCATTTGAT	10.572909387272961	1.0	11.641589892050844	0.9912739965095986	1289
k16_4f8391d8	CATTGAATGCACTCGA	10.568945000674868	1.0	11.020828388581357	0.9860383944153578	432
k16_38e3d41a	ATGATGATTCCAACGG	10.566892515068204	1.0	11.0542580364948	0.9947643979057592	472
k16_438f73f8	CAATGATTCTATTTGA	10.559231155105333	1.0	11.31451913094767	0.9895287958115183	808
k16_740e838d	CTCAAATGGAATGATC	10.55261803549758	1.0	10.962588068917796	0.9912739965095986	386
k16_d0390d34	TCAAATGCAATCATCA	10.549804565539297	0.9996193118850829	10.999807745993392	0.9982547993019197	8672
k16_e83013e0	TGGAATAAACATTGAA	10.546753471012597	1.0	12.689494288280402	0.987783595113438	4012
k16_34d220e8	ATCATCAGAGAATGGA	10.538525055326957	1.0	11.737585519523527	0.9947643979057592	1522
k16_0d6fa0d3	AATCCGTTGGAATCAT	10.526143005667459	1.0	10.99587654004542	0.9912739965095986	452
k16_0e804d34	AATGGAAACATCATCA	10.491841009666777	1.0	12.194334293227005	0.9982547993019197	2648
k16_3cf83a1d	ATTATTGAATGGACTC	10.48833325831035	1.0	11.607084943746559	0.9982547993019197	1376
k16_4fe254f6	CATTTGAGCCCATTCG	10.487762525224483	1.0	10.51814967639947	0.9319371727748691	25
k16_a0c04f81	GGAATAAACATTGAAC	10.47929467770514	1.0	12.036164832041946	0.9842931937172775	2281
k16_370ea460	ATCTAATGGGCACGAA	10.471789981950892	1.0	10.4852392461271	0.9528795811518325	11
k16_e804d340	TGGAAACATCATCAAA	10.468332312861452	1.0	12.300675532072214	0.9982547993019197	3008
k16_34883a0d	ATCAGAGAATGGAATC	10.463230435543279	1.0	11.501131930091917	0.9947643979057592	1237
k16_35be834d	ATCCGTTGGAATCATC	10.452734684755852	1.0	10.940976174167632	0.9912739965095986	473
k16_4d340e80	CATCATCAAATGGAAA	10.449783374993943	0.9991418842224744	10.017737729620404	1.0	18479
k16_3f8953d8	ATTTGAGCCCATTCGA	10.43861024076645	1.0	10.467794115587616	0.9319371727748691	24
k16_3db953c8	ATTCGTGCCCATTAGA	10.42235618250197	1.0	10.434587954068267	0.9511343804537522	10
k16_360ea740	ATCGAATGGGCTCAAA	10.41181980265367	1.0	10.441003677474836	0.93717277486911	24
k16_01a0d34f	AAACGGAATCATCATT	10.386941409611756	1.0	10.396735109284364	0.9424083769633508	8
k16_120d34d0	ACAGAATCATCATCAA	10.384077833906257	1.0	11.182381612444726	0.9947643979057592	868
k16_340e834c	ATCAAATGGAATCATA	10.368126188325377	0.9999854082764256	12.67558665450991	1.0	5303
k16_0b53d8f3	AAGTCCATTCGATTAT	10.363378077876416	1.0	10.369506926879724	0.9406631762652705	5
k16_70ea460c	CTAATGGGCACGAATA	10.351041858829415	1.0	10.359614975736793	0.9214659685863874	7
k16_4d03b0d0	CATCAAATGTAATCAA	10.333716168856938	1.0	11.133431950967216	0.9895287958115183	870
k16_340e4760	ATCAAATGCACTCGAA	10.33357603188619	1.0	10.902699030384058	0.9720767888307156	568
k16_0a01360e	AAGGAAACATCGAATG	10.330980643554064	0.9999493799038218	10.881463362051825	0.9860383944153578	742
k16_0e38f53e	AATGATGATTCCATTG	10.325771608071323	1.0	11.961841978952137	1.0	2476
k16_34d03a3c	ATCATCAAATGGATTA	10.313794531459324	1.0	10.887876748346242	0.9790575916230366	574
k16_1d0380d3	ACTCAAATGAAATCAT	10.310075295067954	1.0	11.281246353841977	0.987783595113438	1128
k16_34d43a0c	ATCATCCAATGGAATA	10.300952101919359	1.0	10.849226210604147	0.987783595113438	543
k16_3a918320	ATGGGCACGAATAGAA	10.30076832824763	1.0	10.310562027920238	0.9162303664921466	8
k16_0d30f83a	AATCATAATTGAATGG	10.299539352962178	0.9999059059686981	11.302763008488434	0.9982547993019197	1986
k16_534d83a0	CCATCATCGAATGGAA	10.29694413079323	1.0	12.31269858955147	0.9965095986038395	3575
k16_3dcf6e54	ATTCTATTCGTGCCCA	10.296395927638802	1.0	10.308627699205097	0.9162303664921466	10
k16_8380d340	GAATGAAATCATCAAA	10.294869185814168	0.9999042329055736	11.574526097849507	0.9808027923211169	2979
k16_4d0390d0	CATCAAATGCAATCAA	10.280987601317157	0.9998855606099619	11.317580702807819	0.9930191972076788	2335
k16_040e834d	AACAAATGGAATCATC	10.280683185164817	1.0	12.423145810622646	1.0	4011
k16_34dc3a91	ATCATCTAATGGGCAC	10.274170297757951	1.0	10.33784807337789	0.9598603839441536	53
k16_40c834f8	CAAATAGAATCATTGA	10.24223653355197	1.0	11.286108289157008	0.9895287958115183	1247
k16_30e3d4f4	ATAATGATTCCATTCA	10.228690712780221	0.9998971616618676	11.471763610584889	0.9982547993019197	2875
k16_0e834fbe	AATGGAATCATTGTTG	10.22361803411909	0.9998835617145022	12.814030989081365	0.9947643979057592	69693
k16_d34d13a0	TCATCATCACATGGAA	10.222249159481954	0.9999668726086164	12.351981300438771	1.0	5139
k16_4dc3a918	CATCTAATGGGCACGA	10.218939636264702	1.0	10.227512753172078	0.924956369982548	7
k16_03a0d34c	AAATGGAATCATCATA	10.216497452063413	1.0	12.987452180226255	1.0	6842
k16_6e54f238	CGTGCCCATTAGATGA	10.215095318665071	1.0	10.223668435572447	0.9232111692844677	7
k16_0d3e0c83	AATCATTGAATAGAAT	10.214881384439353	0.9999750989815483	11.904657167897078	1.0	3047
k16_04d03a2d	AACATCAAATGGAGTC	10.209276107084898	1.0	11.283217720056465	0.9842931937172775	1298
k16_70d4fe38	CTAATCCATTTGATGA	10.199088364332376	1.0	10.742313585011926	0.9790575916230366	537
k16_0d34b83a	AATCATCAGTGAATGG	10.182275982444217	1.0	10.583901207395455	0.9633507853403142	377
k16_20e83cd3	AGAATGGAATTATCAT	10.136581665685505	1.0	11.638128161141392	0.9947643979057592	2151
k16_d340c834	TCATCAAATAGAATCA	10.104190663296515	1.0	11.123425761525658	0.9947643979057592	1206
k16_7d83a0d0	CTTCGAATGGAATCAA	10.097955289628766	1.0	11.01290550181374	0.9895287958115183	1040
k16_43f4f438	CAATTTCATTCAATGA	10.097138157076555	1.0	11.028928307273393	0.9965095986038395	1066
k16_0320d340	AAATAGAATCATCAAA	10.092365972579978	1.0	12.76983298621059	0.9965095986038395	6339
k16_8f50e834	GATTCCAATGGAATCA	10.085765590248066	0.9997736788502886	10.70864655946614	0.9947643979057592	1873
k16_03a0134d	AAATGGAAACATCATC	10.07909205607059	0.9999069478908189	11.318824160003674	0.9982547993019197	2549
k16_e38f7bd0	TGATGATTCTGTTCAA	10.054077933414998	0.9999779176327702	12.077932916597469	0.9930191972076788	4147
k16_a2d140e8	GGAGTCACCAAATGGA	10.036199333012885	1.0	10.048431104579182	0.9197207678883071	10
k16_34d2e0e8	ATCATCAGTGAATGGA	10.031710073169608	1.0	10.600004875371338	0.9650959860383944	567
k16_30e3d4fe	ATAATGATTCCATTTG	10.029448043097158	1.0	11.46076728948367	1.0	1993
k16_738f53f8	CTATGATTCCATTTGA	10.023764930031756	1.0	11.653498078469854	0.9912739965095986	2460
k16_0e834c34	AATGGAATCATAATCA	10.010715832176771	1.0	11.89987509735713	0.9982547993019197	3176
